scenario,protocol,wall_time_s,cpu_time_s,ip_tx_cb_calls,ip_rx_cb_calls,frame_apply_calls,routing_tx,routing_rx,pdr,goodput_mbps,eed_mean_s,app_tx_pkts,app_rx_pkts,ip_drop_no_route,ip_drop_route_err,phy_tx_drop,phy_rx_drop,routing_efficiency,control_packets,control_bytes,control_packets_per_delivered,control_bytes_per_delivered,oracle_uptime_ratio,oracle_mean_up_run_s,oracle_median_up_run_s,oracle_p90_up_run_s,oracle_up_runs_s,oracle_transition_count,oracle_path_identity_retention,oracle_has_alternative_paths,oracle_outage_durations_s,reestablishment_times_s,reestablishment_outage_durations_s,olsr_hello_packets,olsr_hello_bytes,olsr_tc_packets,olsr_tc_bytes,olsr_mid_packets,olsr_mid_bytes,olsr_hna_packets,olsr_hna_bytes,olsr_other_packets,olsr_other_bytes,aodv_hello_packets,aodv_hello_bytes,aodv_rreq_packets,aodv_rreq_bytes,aodv_rrep_packets,aodv_rrep_bytes,aodv_rerr_packets,aodv_rerr_bytes,aodv_rrep_ack_packets,aodv_rrep_ack_bytes,aodv_other_packets,aodv_other_bytes,dsdv_update_packets,dsdv_update_bytes,dsdv_other_packets,dsdv_other_bytes,static_other_packets,static_other_bytes,label,param_name,param_value,realization_id,replay_epoch
trace,olsr,0.452379,0.452133,1739,1948,105,333,558,0.955556,0.047961,74.501168,360,344,0,0,0,89,1.061728,333,22136,0.968023,64.348837,0.900000,7.714286,8.000000,8.000000,8.000000;8.000000;8.000000;8.000000;8.000000;7.000000;7.000000,12,nan,0,1.000000;1.000000;1.000000;1.000000;1.000000;1.000000,0.112293;0.123493;0.134693;0.145893;0.157093;0.021413,1.000000;1.000000;1.000000;1.000000;1.000000;1.000000,225,13504,108,8632,0,0,0,0,0,0,0,0,0,0,0,0,0,0,0,0,0,0,0,0,0,0,0,0,graph_0005__path_life_0.9000,path_life,0.9,graph_0005,epoch_0001
trace,aodv,0.491702,0.491628,2017,2308,105,565,862,0.983333,0.049543,74.529294,360,354,0,0,0,101,1.092593,565,27190,1.596045,76.807910,0.900000,7.714286,8.000000,8.000000,8.000000;8.000000;8.000000;8.000000;8.000000;7.000000;7.000000,12,nan,0,1.000000;1.000000;1.000000;1.000000;1.000000;1.000000,0.112293;0.123493;0.134693;0.145893;0.157093;0.021413,1.000000;1.000000;1.000000;1.000000;1.000000;1.000000,0,0,0,0,0,0,0,0,0,0,511,24528,22,1144,28,1344,3,144,1,30,0,0,0,0,0,0,0,0,graph_0005__path_life_0.9000,path_life,0.9,graph_0005,epoch_0001
trace,static,0.334397,0.334359,1305,1258,105,0,0,0.869444,0.043639,74.397414,360,313,0,0,0,50,0.966049,0,0,0.000000,0.000000,0.900000,7.714286,8.000000,8.000000,8.000000;8.000000;8.000000;8.000000;8.000000;7.000000;7.000000,12,nan,0,1.000000;1.000000;1.000000;1.000000;1.000000;1.000000,0.121269;0.132469;0.143669;0.154869;0.166069;0.030389,1.000000;1.000000;1.000000;1.000000;1.000000;1.000000,0,0,0,0,0,0,0,0,0,0,0,0,0,0,0,0,0,0,0,0,0,0,0,0,0,0,0,0,graph_0005__path_life_0.9000,path_life,0.9,graph_0005,epoch_0001
trace,olsr,0.445299,0.445274,1734,1937,105,333,554,0.950000,0.047683,74.467606,360,342,0,0,0,96,1.055556,333,22088,0.973684,64.584795,0.900000,7.714286,8.000000,8.000000,8.000000;8.000000;8.000000;8.000000;8.000000;7.000000;7.000000,12,nan,0,1.000000;1.000000;1.000000;1.000000;1.000000;1.000000,0.112293;0.123493;0.134693;0.145893;0.157093;0.021413,1.000000;1.000000;1.000000;1.000000;1.000000;1.000000,229,13760,104,8328,0,0,0,0,0,0,0,0,0,0,0,0,0,0,0,0,0,0,0,0,0,0,0,0,graph_0005__path_life_0.9000,path_life,0.9,graph_0005,epoch_0003
trace,aodv,0.485041,0.484913,2017,2301,105,565,855,0.983333,0.049556,74.529279,360,354,0,0,0,105,1.092593,565,27190,1.596045,76.807910,0.900000,7.714286,8.000000,8.000000,8.000000;8.000000;8.000000;8.000000;8.000000;7.000000;7.000000,12,nan,0,1.000000;1.000000;1.000000;1.000000;1.000000;1.000000,0.112293;0.123493;0.134693;0.145893;0.157093;0.021413,1.000000;1.000000;1.000000;1.000000;1.000000;1.000000,0,0,0,0,0,0,0,0,0,0,511,24528,22,1144,28,1344,3,144,1,30,0,0,0,0,0,0,0,0,graph_0005__path_life_0.9000,path_life,0.9,graph_0005,epoch_0003
trace,static,0.338314,0.338296,1305,1258,105,0,0,0.869444,0.043640,74.397417,360,313,0,0,0,51,0.966049,0,0,0.000000,0.000000,0.900000,7.714286,8.000000,8.000000,8.000000;8.000000;8.000000;8.000000;8.000000;7.000000;7.000000,12,nan,0,1.000000;1.000000;1.000000;1.000000;1.000000;1.000000,0.121269;0.132469;0.143669;0.154869;0.166069;0.030389,1.000000;1.000000;1.000000;1.000000;1.000000;1.000000,0,0,0,0,0,0,0,0,0,0,0,0,0,0,0,0,0,0,0,0,0,0,0,0,0,0,0,0,graph_0005__path_life_0.9000,path_life,0.9,graph_0005,epoch_0003
trace,olsr,0.437312,0.436920,1739,1948,105,336,563,0.950000,0.047676,74.467578,360,342,0,0,0,86,1.055556,336,22280,0.982456,65.146199,0.900000,7.714286,8.000000,8.000000,8.000000;8.000000;8.000000;8.000000;8.000000;7.000000;7.000000,12,nan,0,1.000000;1.000000;1.000000;1.000000;1.000000;1.000000,0.112293;0.123493;0.134693;0.145893;0.157093;0.021413,1.000000;1.000000;1.000000;1.000000;1.000000;1.000000,229,13760,107,8520,0,0,0,0,0,0,0,0,0,0,0,0,0,0,0,0,0,0,0,0,0,0,0,0,graph_0005__path_life_0.9000,path_life,0.9,graph_0005,epoch_0004
trace,aodv,0.487190,0.486971,2016,2302,105,565,857,0.983333,0.049546,74.529221,360,354,0,0,0,102,1.092593,565,27190,1.596045,76.807910,0.900000,7.714286,8.000000,8.000000,8.000000;8.000000;8.000000;8.000000;8.000000;7.000000;7.000000,12,nan,0,1.000000;1.000000;1.000000;1.000000;1.000000;1.000000,0.112293;0.123493;0.134693;0.145893;0.157093;0.021413,1.000000;1.000000;1.000000;1.000000;1.000000;1.000000,0,0,0,0,0,0,0,0,0,0,511,24528,22,1144,28,1344,3,144,1,30,0,0,0,0,0,0,0,0,graph_0005__path_life_0.9000,path_life,0.9,graph_0005,epoch_0004
trace,static,0.334531,0.334301,1305,1258,105,0,0,0.869444,0.043633,74.397389,360,313,0,0,0,51,0.966049,0,0,0.000000,0.000000,0.900000,7.714286,8.000000,8.000000,8.000000;8.000000;8.000000;8.000000;8.000000;7.000000;7.000000,12,nan,0,1.000000;1.000000;1.000000;1.000000;1.000000;1.000000,0.121269;0.132469;0.143669;0.154869;0.166069;0.030389,1.000000;1.000000;1.000000;1.000000;1.000000;1.000000,0,0,0,0,0,0,0,0,0,0,0,0,0,0,0,0,0,0,0,0,0,0,0,0,0,0,0,0,graph_0005__path_life_0.9000,path_life,0.9,graph_0005,epoch_0004
trace,olsr,0.451200,0.450964,1740,1952,105,337,566,0.952778,0.047825,74.458197,360,343,0,0,0,94,1.058642,337,22312,0.982507,65.049563,0.900000,7.714286,8.000000,8.000000,8.000000;8.000000;8.000000;8.000000;8.000000;7.000000;7.000000,12,nan,0,1.000000;1.000000;1.000000;1.000000;1.000000;1.000000,0.112293;0.123493;0.134693;0.145893;0.157093;0.021413,1.000000;1.000000;1.000000;1.000000;1.000000;1.000000,228,13696,109,8616,0,0,0,0,0,0,0,0,0,0,0,0,0,0,0,0,0,0,0,0,0,0,0,0,graph_0005__path_life_0.9000,path_life,0.9,graph_0005,epoch_0005
trace,aodv,0.499555,0.499342,2016,2296,105,565,851,0.983333,0.049556,74.529432,360,354,0,0,0,112,1.092593,565,27190,1.596045,76.807910,0.900000,7.714286,8.000000,8.000000,8.000000;8.000000;8.000000;8.000000;8.000000;7.000000;7.000000,12,nan,0,1.000000;1.000000;1.000000;1.000000;1.000000;1.000000,0.112293;0.123493;0.134693;0.145893;0.157093;0.021413,1.000000;1.000000;1.000000;1.000000;1.000000;1.000000,0,0,0,0,0,0,0,0,0,0,511,24528,22,1144,28,1344,3,144,1,30,0,0,0,0,0,0,0,0,graph_0005__path_life_0.9000,path_life,0.9,graph_0005,epoch_0005
trace,static,0.340919,0.340645,1305,1258,105,0,0,0.869444,0.043642,74.397428,360,313,0,0,0,49,0.966049,0,0,0.000000,0.000000,0.900000,7.714286,8.000000,8.000000,8.000000;8.000000;8.000000;8.000000;8.000000;7.000000;7.000000,12,nan,0,1.000000;1.000000;1.000000;1.000000;1.000000;1.000000,0.121269;0.132469;0.143669;0.154869;0.166069;0.030389,1.000000;1.000000;1.000000;1.000000;1.000000;1.000000,0,0,0,0,0,0,0,0,0,0,0,0,0,0,0,0,0,0,0,0,0,0,0,0,0,0,0,0,graph_0005__path_life_0.9000,path_life,0.9,graph_0005,epoch_0005
trace,olsr,0.445208,0.444902,1737,1950,105,334,563,0.955556,0.047953,74.448828,360,344,0,0,0,86,1.061728,334,22216,0.970930,64.581395,0.900000,7.714286,8.000000,8.000000,8.000000;8.000000;8.000000;8.000000;8.000000;7.000000;7.000000,12,nan,0,1.000000;1.000000;1.000000;1.000000;1.000000;1.000000,0.112293;0.123493;0.134693;0.145893;0.157093;0.021413,1.000000;1.000000;1.000000;1.000000;1.000000;1.000000,230,13824,104,8392,0,0,0,0,0,0,0,0,0,0,0,0,0,0,0,0,0,0,0,0,0,0,0,0,graph_0005__path_life_0.9000,path_life,0.9,graph_0005,epoch_0002
trace,aodv,0.496691,0.496172,2016,2307,105,565,862,0.983333,0.049546,74.529030,360,354,0,0,0,92,1.092593,565,27190,1.596045,76.807910,0.900000,7.714286,8.000000,8.000000,8.000000;8.000000;8.000000;8.000000;8.000000;7.000000;7.000000,12,nan,0,1.000000;1.000000;1.000000;1.000000;1.000000;1.000000,0.112293;0.123493;0.134693;0.145893;0.157093;0.021413,1.000000;1.000000;1.000000;1.000000;1.000000;1.000000,0,0,0,0,0,0,0,0,0,0,511,24528,22,1144,28,1344,3,144,1,30,0,0,0,0,0,0,0,0,graph_0005__path_life_0.9000,path_life,0.9,graph_0005,epoch_0002
trace,static,0.323413,0.323276,1305,1258,105,0,0,0.869444,0.043632,74.397383,360,313,0,0,0,51,0.966049,0,0,0.000000,0.000000,0.900000,7.714286,8.000000,8.000000,8.000000;8.000000;8.000000;8.000000;8.000000;7.000000;7.000000,12,nan,0,1.000000;1.000000;1.000000;1.000000;1.000000;1.000000,0.121269;0.132469;0.143669;0.154869;0.166069;0.030389,1.000000;1.000000;1.000000;1.000000;1.000000;1.000000,0,0,0,0,0,0,0,0,0,0,0,0,0,0,0,0,0,0,0,0,0,0,0,0,0,0,0,0,graph_0005__path_life_0.9000,path_life,0.9,graph_0005,epoch_0002
trace,olsr,0.302548,0.302503,873,841,105,324,446,0.141667,0.007110,75.193085,360,51,41,0,0,236,1.416667,324,21136,6.352941,414.431373,0.100000,3.000000,3.000000,3.000000,3.000000;3.000000,2,nan,0,54.000000,0.117413,54.000000,229,13760,95,7376,0,0,0,0,0,0,0,0,0,0,0,0,0,0,0,0,0,0,0,0,0,0,0,0,graph_0002__path_life_0.1000,path_life,0.1,graph_0002,epoch_0001
trace,aodv,0.267894,0.267891,1428,1528,105,682,827,0.172222,0.013289,67.434798,360,62,16,175,0,213,1.722222,682,32576,11.000000,525.419355,0.100000,3.000000,3.000000,3.000000,3.000000;3.000000,2,nan,0,54.000000,nan,54.000000,0,0,0,0,0,0,0,0,0,0,470,22560,96,4992,40,1920,72,2984,4,120,0,0,0,0,0,0,0,0,graph_0002__path_life_0.1000,path_life,0.1,graph_0002,epoch_0001
trace,static,0.040707,0.040702,450,119,105,0,0,0.080556,0.004043,69.837596,360,29,0,0,0,8,0.805556,0,0,0.000000,0.000000,0.100000,3.000000,3.000000,3.000000,3.000000;3.000000,2,nan,0,54.000000,0.126119,54.000000,0,0,0,0,0,0,0,0,0,0,0,0,0,0,0,0,0,0,0,0,0,0,0,0,0,0,0,0,graph_0002__path_life_0.1000,path_life,0.1,graph_0002,epoch_0001
trace,olsr,0.189503,0.189483,681,681,105,320,427,0.091667,0.010739,53.365858,360,33,32,0,0,184,0.916667,320,20792,9.696970,630.060606,0.100000,3.000000,3.000000,3.000000,3.000000;3.000000,2,nan,0,54.000000,nan,54.000000,230,13824,90,6968,0,0,0,0,0,0,0,0,0,0,0,0,0,0,0,0,0,0,0,0,0,0,0,0,graph_0002__path_life_0.1000,path_life,0.1,graph_0002,epoch_0003
trace,aodv,0.273390,0.273237,1433,1566,105,677,819,0.263889,0.013295,83.534861,360,95,25,231,0,238,2.638889,677,32342,7.126316,340.442105,0.100000,3.000000,3.000000,3.000000,3.000000;3.000000,2,nan,0,54.000000,0.117413,54.000000,0,0,0,0,0,0,0,0,0,0,471,22608,93,4836,38,1824,72,2984,3,90,0,0,0,0,0,0,0,0,graph_0002__path_life_0.1000,path_life,0.1,graph_0002,epoch_0003
trace,static,0.041176,0.041172,450,119,105,0,0,0.080556,0.004042,69.837293,360,29,0,0,0,8,0.805556,0,0,0.000000,0.000000,0.100000,3.000000,3.000000,3.000000,3.000000;3.000000,2,nan,0,54.000000,0.126119,54.000000,0,0,0,0,0,0,0,0,0,0,0,0,0,0,0,0,0,0,0,0,0,0,0,0,0,0,0,0,graph_0002__path_life_0.1000,path_life,0.1,graph_0002,epoch_0003
trace,olsr,0.245536,0.245529,774,792,105,325,456,0.147222,0.007389,74.656573,360,53,9,0,0,203,1.472222,325,21284,6.132075,401.584906,0.100000,3.000000,3.000000,3.000000,3.000000;3.000000,2,nan,0,54.000000,0.117413,54.000000,228,13696,97,7588,0,0,0,0,0,0,0,0,0,0,0,0,0,0,0,0,0,0,0,0,0,0,0,0,graph_0002__path_life_0.1000,path_life,0.1,graph_0002,epoch_0004
trace,aodv,0.276676,0.276673,1397,1510,105,671,811,0.200000,0.010079,79.891090,360,72,23,238,0,188,2.000000,671,31904,9.319444,443.111111,0.100000,3.000000,3.000000,3.000000,3.000000;3.000000,2,nan,0,54.000000,0.767365,54.000000,0,0,0,0,0,0,0,0,0,0,477,22896,82,4264,26,1248,82,3376,4,120,0,0,0,0,0,0,0,0,graph_0002__path_life_0.1000,path_life,0.1,graph_0002,epoch_0004
trace,static,0.044189,0.044186,450,119,105,0,0,0.080556,0.004043,69.837705,360,29,0,0,0,8,0.805556,0,0,0.000000,0.000000,0.100000,3.000000,3.000000,3.000000,3.000000;3.000000,2,nan,0,54.000000,0.126119,54.000000,0,0,0,0,0,0,0,0,0,0,0,0,0,0,0,0,0,0,0,0,0,0,0,0,0,0,0,0,graph_0002__path_life_0.1000,path_life,0.1,graph_0002,epoch_0004
trace,olsr,0.266994,0.266979,842,799,105,324,451,0.127778,0.013248,57.023128,360,46,9,0,0,261,1.277778,324,21188,7.043478,460.608696,0.100000,3.000000,3.000000,3.000000,3.000000;3.000000,2,nan,0,54.000000,nan,54.000000,230,13824,94,7364,0,0,0,0,0,0,0,0,0,0,0,0,0,0,0,0,0,0,0,0,0,0,0,0,graph_0002__path_life_0.1000,path_life,0.1,graph_0002,epoch_0005
trace,aodv,0.349872,0.349837,1653,1767,105,695,852,0.336111,0.016941,83.110483,360,121,21,175,0,258,3.361111,695,33240,5.743802,274.710744,0.100000,3.000000,3.000000,3.000000,3.000000;3.000000,2,nan,0,54.000000,0.117413,54.000000,0,0,0,0,0,0,0,0,0,0,465,22320,102,5304,50,2400,74,3096,4,120,0,0,0,0,0,0,0,0,graph_0002__path_life_0.1000,path_life,0.1,graph_0002,epoch_0005
trace,static,0.041320,0.041317,450,119,105,0,0,0.080556,0.004043,69.837738,360,29,0,0,0,8,0.805556,0,0,0.000000,0.000000,0.100000,3.000000,3.000000,3.000000,3.000000;3.000000,2,nan,0,54.000000,0.126119,54.000000,0,0,0,0,0,0,0,0,0,0,0,0,0,0,0,0,0,0,0,0,0,0,0,0,0,0,0,0,graph_0002__path_life_0.1000,path_life,0.1,graph_0002,epoch_0005
trace,olsr,0.220855,0.220853,686,728,105,324,448,0.138889,0.006971,75.320939,360,50,12,0,0,155,1.388889,324,21176,6.480000,423.520000,0.100000,3.000000,3.000000,3.000000,3.000000;3.000000,2,nan,0,54.000000,0.117413,54.000000,227,13632,97,7544,0,0,0,0,0,0,0,0,0,0,0,0,0,0,0,0,0,0,0,0,0,0,0,0,graph_0002__path_life_0.1000,path_life,0.1,graph_0002,epoch_0002
trace,aodv,0.255187,0.254741,1384,1507,105,664,814,0.197222,0.009937,79.631413,360,71,24,238,0,205,1.972222,664,31632,9.352113,445.521127,0.100000,3.000000,3.000000,3.000000,3.000000;3.000000,2,nan,0,54.000000,0.921593,54.000000,0,0,0,0,0,0,0,0,0,0,478,22944,82,4264,26,1248,74,3056,4,120,0,0,0,0,0,0,0,0,graph_0002__path_life_0.1000,path_life,0.1,graph_0002,epoch_0002
trace,static,0.040773,0.040770,450,119,105,0,0,0.080556,0.004043,69.837639,360,29,0,0,0,8,0.805556,0,0,0.000000,0.000000,0.100000,3.000000,3.000000,3.000000,3.000000;3.000000,2,nan,0,54.000000,0.126119,54.000000,0,0,0,0,0,0,0,0,0,0,0,0,0,0,0,0,0,0,0,0,0,0,0,0,0,0,0,0,graph_0002__path_life_0.1000,path_life,0.1,graph_0002,epoch_0002
trace,olsr,0.233540,0.232867,762,791,105,321,437,0.138889,0.006970,70.270440,360,50,14,0,0,165,1.388889,321,20708,6.420000,414.160000,0.100000,3.000000,3.000000,3.000000,3.000000;3.000000,2,nan,0,54.000000,0.117413,54.000000,230,13776,91,6932,0,0,0,0,0,0,0,0,0,0,0,0,0,0,0,0,0,0,0,0,0,0,0,0,graph_0001__path_life_0.1000,path_life,0.1,graph_0001,epoch_0001
trace,aodv,0.373667,0.366358,1454,1617,105,671,845,0.247222,0.012458,88.061607,360,89,22,238,0,163,2.472222,671,31938,7.539326,358.853933,0.100000,3.000000,3.000000,3.000000,3.000000;3.000000,2,nan,0,54.000000,0.117413,54.000000,0,0,0,0,0,0,0,0,0,0,470,22560,92,4784,29,1392,73,2992,7,210,0,0,0,0,0,0,0,0,graph_0001__path_life_0.1000,path_life,0.1,graph_0001,epoch_0001
trace,static,0.059896,0.057654,449,118,105,0,0,0.080556,0.004043,69.837476,360,29,0,0,0,9,0.805556,0,0,0.000000,0.000000,0.100000,3.000000,3.000000,3.000000,3.000000;3.000000,2,nan,0,54.000000,0.126389,54.000000,0,0,0,0,0,0,0,0,0,0,0,0,0,0,0,0,0,0,0,0,0,0,0,0,0,0,0,0,graph_0001__path_life_0.1000,path_life,0.1,graph_0001,epoch_0001
trace,olsr,0.175248,0.175245,630,674,105,317,433,0.091667,0.015842,50.417812,360,33,0,0,0,148,0.916667,317,20596,9.606061,624.121212,0.100000,3.000000,3.000000,3.000000,3.000000;3.000000,2,nan,0,54.000000,nan,54.000000,230,13824,87,6772,0,0,0,0,0,0,0,0,0,0,0,0,0,0,0,0,0,0,0,0,0,0,0,0,graph_0001__path_life_0.1000,path_life,0.1,graph_0001,epoch_0003
trace,aodv,0.275873,0.275849,1427,1542,105,658,827,0.141667,0.007140,83.713949,360,51,10,245,0,237,1.416667,658,31596,12.901961,619.529412,0.100000,3.000000,3.000000,3.000000,3.000000;3.000000,2,nan,0,54.000000,0.000714,54.000000,0,0,0,0,0,0,0,0,0,0,467,22416,104,5408,35,1680,46,1912,6,180,0,0,0,0,0,0,0,0,graph_0001__path_life_0.1000,path_life,0.1,graph_0001,epoch_0003
trace,static,0.040536,0.040534,449,118,105,0,0,0.080556,0.004044,69.837886,360,29,0,0,0,9,0.805556,0,0,0.000000,0.000000,0.100000,3.000000,3.000000,3.000000,3.000000;3.000000,2,nan,0,54.000000,0.126389,54.000000,0,0,0,0,0,0,0,0,0,0,0,0,0,0,0,0,0,0,0,0,0,0,0,0,0,0,0,0,graph_0001__path_life_0.1000,path_life,0.1,graph_0001,epoch_0003
trace,olsr,0.208109,0.208106,697,727,105,320,445,0.100000,0.016876,51.422086,360,36,0,0,0,151,1.000000,320,20820,8.888889,578.333333,0.100000,3.000000,3.000000,3.000000,3.000000;3.000000,2,nan,0,54.000000,nan,54.000000,229,13760,91,7060,0,0,0,0,0,0,0,0,0,0,0,0,0,0,0,0,0,0,0,0,0,0,0,0,graph_0001__path_life_0.1000,path_life,0.1,graph_0001,epoch_0004
trace,aodv,0.285831,0.285804,1450,1554,105,653,812,0.191667,0.009657,78.884393,360,69,5,231,0,177,1.916667,653,31348,9.463768,454.318841,0.100000,3.000000,3.000000,3.000000,3.000000;3.000000,2,nan,0,54.000000,0.319285,54.000000,0,0,0,0,0,0,0,0,0,0,470,22560,91,4732,40,1920,44,1896,8,240,0,0,0,0,0,0,0,0,graph_0001__path_life_0.1000,path_life,0.1,graph_0001,epoch_0004
trace,static,0.040758,0.040753,449,118,105,0,0,0.080556,0.004043,69.837540,360,29,0,0,0,9,0.805556,0,0,0.000000,0.000000,0.100000,3.000000,3.000000,3.000000,3.000000;3.000000,2,nan,0,54.000000,0.126389,54.000000,0,0,0,0,0,0,0,0,0,0,0,0,0,0,0,0,0,0,0,0,0,0,0,0,0,0,0,0,graph_0001__path_life_0.1000,path_life,0.1,graph_0001,epoch_0004
trace,olsr,0.209646,0.209636,687,704,105,313,423,0.100000,0.016878,51.421905,360,36,2,0,0,170,1.000000,313,20196,8.694444,561.000000,0.100000,3.000000,3.000000,3.000000,3.000000;3.000000,2,nan,0,54.000000,nan,54.000000,229,13736,84,6460,0,0,0,0,0,0,0,0,0,0,0,0,0,0,0,0,0,0,0,0,0,0,0,0,graph_0001__path_life_0.1000,path_life,0.1,graph_0001,epoch_0005
trace,aodv,0.275354,0.275119,1437,1533,105,678,841,0.147222,0.007544,78.046532,360,53,9,231,0,198,1.472222,678,32484,12.792453,612.905660,0.100000,3.000000,3.000000,3.000000,3.000000;3.000000,2,nan,0,54.000000,0.117413,54.000000,0,0,0,0,0,0,0,0,0,0,469,22512,101,5252,44,2112,56,2368,8,240,0,0,0,0,0,0,0,0,graph_0001__path_life_0.1000,path_life,0.1,graph_0001,epoch_0005
trace,static,0.039727,0.039723,449,118,105,0,0,0.080556,0.004043,69.837573,360,29,0,0,0,9,0.805556,0,0,0.000000,0.000000,0.100000,3.000000,3.000000,3.000000,3.000000;3.000000,2,nan,0,54.000000,0.126389,54.000000,0,0,0,0,0,0,0,0,0,0,0,0,0,0,0,0,0,0,0,0,0,0,0,0,0,0,0,0,graph_0001__path_life_0.1000,path_life,0.1,graph_0001,epoch_0005
trace,olsr,0.183698,0.183691,648,689,105,323,440,0.091667,0.015479,51.148189,360,33,0,0,0,145,0.916667,323,20736,9.787879,628.363636,0.100000,3.000000,3.000000,3.000000,3.000000;3.000000,2,nan,0,54.000000,nan,54.000000,232,13920,91,6816,0,0,0,0,0,0,0,0,0,0,0,0,0,0,0,0,0,0,0,0,0,0,0,0,graph_0001__path_life_0.1000,path_life,0.1,graph_0001,epoch_0002
trace,aodv,0.268875,0.268509,1422,1520,105,659,817,0.163889,0.008259,74.741440,360,59,10,231,0,206,1.638889,659,31536,11.169492,534.508475,0.100000,3.000000,3.000000,3.000000,3.000000;3.000000,2,nan,0,54.000000,0.117413,54.000000,0,0,0,0,0,0,0,0,0,0,469,22512,90,4680,38,1824,54,2280,8,240,0,0,0,0,0,0,0,0,graph_0001__path_life_0.1000,path_life,0.1,graph_0001,epoch_0002
trace,static,0.039580,0.039578,449,118,105,0,0,0.080556,0.004043,69.837842,360,29,0,0,0,9,0.805556,0,0,0.000000,0.000000,0.100000,3.000000,3.000000,3.000000,3.000000;3.000000,2,nan,0,54.000000,0.126389,54.000000,0,0,0,0,0,0,0,0,0,0,0,0,0,0,0,0,0,0,0,0,0,0,0,0,0,0,0,0,graph_0001__path_life_0.1000,path_life,0.1,graph_0001,epoch_0002
trace,olsr,0.264244,0.264214,859,867,105,327,474,0.150000,0.007767,66.026111,360,54,43,0,0,185,0.500000,327,21172,6.055556,392.074074,0.300000,4.500000,4.500000,5.000000,5.000000;5.000000;4.000000;4.000000,6,nan,0,14.000000;14.000000;14.000000,nan;2.414439;0.134373,14.000000;14.000000;14.000000,229,13760,98,7412,0,0,0,0,0,0,0,0,0,0,0,0,0,0,0,0,0,0,0,0,0,0,0,0,graph_0003__path_life_0.3000,path_life,0.3,graph_0003,epoch_0001
trace,aodv,0.346074,0.346058,1637,1815,105,617,802,0.513889,0.025898,76.266833,360,185,0,168,0,222,1.712963,617,29702,3.335135,160.551351,0.300000,4.500000,4.500000,5.000000,5.000000;5.000000;4.000000;4.000000,6,nan,0,14.000000;14.000000;14.000000,0.923486;0.111973;1.462569,14.000000;14.000000;14.000000,0,0,0,0,0,0,0,0,0,0,476,22848,78,4056,33,1584,25,1064,5,150,0,0,0,0,0,0,0,0,graph_0003__path_life_0.3000,path_life,0.3,graph_0003,epoch_0001
trace,static,0.111935,0.111909,660,399,105,0,0,0.275000,0.013803,71.703661,360,99,0,0,0,22,0.916667,0,0,0.000000,0.000000,0.300000,4.500000,4.500000,5.000000,5.000000;5.000000;4.000000;4.000000,6,nan,0,14.000000;14.000000;14.000000,0.115239;0.120949;0.143349,14.000000;14.000000;14.000000,0,0,0,0,0,0,0,0,0,0,0,0,0,0,0,0,0,0,0,0,0,0,0,0,0,0,0,0,graph_0003__path_life_0.3000,path_life,0.3,graph_0003,epoch_0001
trace,olsr,0.205232,0.205116,722,749,105,321,466,0.091667,0.049009,47.765056,360,33,19,0,0,137,0.305556,321,20916,9.727273,633.818182,0.300000,4.500000,4.500000,5.000000,5.000000;5.000000;4.000000;4.000000,6,nan,0,14.000000;14.000000;14.000000,nan;nan;nan,14.000000;14.000000;14.000000,230,13808,91,7108,0,0,0,0,0,0,0,0,0,0,0,0,0,0,0,0,0,0,0,0,0,0,0,0,graph_0003__path_life_0.3000,path_life,0.3,graph_0003,epoch_0003
trace,aodv,0.327688,0.327467,1636,1823,105,616,810,0.513889,0.025892,76.269831,360,185,0,168,0,199,1.712963,616,29654,3.329730,160.291892,0.300000,4.500000,4.500000,5.000000,5.000000;5.000000;4.000000;4.000000,6,nan,0,14.000000;14.000000;14.000000,0.929604;0.111973;1.477049,14.000000;14.000000;14.000000,0,0,0,0,0,0,0,0,0,0,475,22800,78,4056,33,1584,25,1064,5,150,0,0,0,0,0,0,0,0,graph_0003__path_life_0.3000,path_life,0.3,graph_0003,epoch_0003
trace,static,0.109569,0.109551,660,399,105,0,0,0.275000,0.013801,71.703572,360,99,0,0,0,22,0.916667,0,0,0.000000,0.000000,0.300000,4.500000,4.500000,5.000000,5.000000;5.000000;4.000000;4.000000,6,nan,0,14.000000;14.000000;14.000000,0.115239;0.120949;0.143349,14.000000;14.000000;14.000000,0,0,0,0,0,0,0,0,0,0,0,0,0,0,0,0,0,0,0,0,0,0,0,0,0,0,0,0,graph_0003__path_life_0.3000,path_life,0.3,graph_0003,epoch_0003
trace,olsr,0.257090,0.256990,929,928,105,320,464,0.169444,0.012027,64.629420,360,61,58,0,0,199,0.564815,320,20828,5.245902,341.442623,0.300000,4.500000,4.500000,5.000000,5.000000;5.000000;4.000000;4.000000,6,nan,0,14.000000;14.000000;14.000000,nan;0.111973;nan,14.000000;14.000000;14.000000,229,13760,91,7068,0,0,0,0,0,0,0,0,0,0,0,0,0,0,0,0,0,0,0,0,0,0,0,0,graph_0003__path_life_0.3000,path_life,0.3,graph_0003,epoch_0004
trace,aodv,0.329270,0.329152,1634,1816,105,613,802,0.513889,0.025898,76.268843,360,185,0,168,0,190,1.712963,613,29534,3.313514,159.643243,0.300000,4.500000,4.500000,5.000000,5.000000;5.000000;4.000000;4.000000,6,nan,0,14.000000;14.000000;14.000000,0.931045;0.111973;1.463301,14.000000;14.000000;14.000000,0,0,0,0,0,0,0,0,0,0,475,22800,78,4056,33,1584,22,944,5,150,0,0,0,0,0,0,0,0,graph_0003__path_life_0.3000,path_life,0.3,graph_0003,epoch_0004
trace,static,0.109752,0.109591,660,399,105,0,0,0.275000,0.013804,71.703682,360,99,0,0,0,22,0.916667,0,0,0.000000,0.000000,0.300000,4.500000,4.500000,5.000000,5.000000;5.000000;4.000000;4.000000,6,nan,0,14.000000;14.000000;14.000000,0.115239;0.120949;0.143349,14.000000;14.000000;14.000000,0,0,0,0,0,0,0,0,0,0,0,0,0,0,0,0,0,0,0,0,0,0,0,0,0,0,0,0,graph_0003__path_life_0.3000,path_life,0.3,graph_0003,epoch_0004
trace,olsr,0.247492,0.247457,900,919,105,327,482,0.111111,0.007885,54.495566,360,40,101,0,0,224,0.370370,327,21216,8.175000,530.400000,0.300000,4.500000,4.500000,5.000000,5.000000;5.000000;4.000000;4.000000,6,nan,0,14.000000;14.000000;14.000000,nan;2.742119;nan,14.000000;14.000000;14.000000,230,13824,97,7392,0,0,0,0,0,0,0,0,0,0,0,0,0,0,0,0,0,0,0,0,0,0,0,0,graph_0003__path_life_0.3000,path_life,0.3,graph_0003,epoch_0005
trace,aodv,0.330039,0.330003,1636,1809,105,616,796,0.513889,0.025894,76.268212,360,185,0,168,0,224,1.712963,616,29654,3.329730,160.291892,0.300000,4.500000,4.500000,5.000000,5.000000;5.000000;4.000000;4.000000,6,nan,0,14.000000;14.000000;14.000000,0.922569;0.111973;1.468685,14.000000;14.000000;14.000000,0,0,0,0,0,0,0,0,0,0,475,22800,78,4056,33,1584,25,1064,5,150,0,0,0,0,0,0,0,0,graph_0003__path_life_0.3000,path_life,0.3,graph_0003,epoch_0005
trace,static,0.111546,0.111535,660,399,105,0,0,0.275000,0.013801,71.703578,360,99,0,0,0,22,0.916667,0,0,0.000000,0.000000,0.300000,4.500000,4.500000,5.000000,5.000000;5.000000;4.000000;4.000000,6,nan,0,14.000000;14.000000;14.000000,0.115239;0.120949;0.143349,14.000000;14.000000;14.000000,0,0,0,0,0,0,0,0,0,0,0,0,0,0,0,0,0,0,0,0,0,0,0,0,0,0,0,0,graph_0003__path_life_0.3000,path_life,0.3,graph_0003,epoch_0005
trace,olsr,0.202064,0.202034,753,805,105,319,455,0.091667,0.048992,47.764819,360,33,66,0,0,162,0.305556,319,20700,9.666667,627.272727,0.300000,4.500000,4.500000,5.000000,5.000000;5.000000;4.000000;4.000000,6,nan,0,14.000000;14.000000;14.000000,nan;nan;nan,14.000000;14.000000;14.000000,229,13744,90,6956,0,0,0,0,0,0,0,0,0,0,0,0,0,0,0,0,0,0,0,0,0,0,0,0,graph_0003__path_life_0.3000,path_life,0.3,graph_0003,epoch_0002
trace,aodv,0.334473,0.334289,1634,1815,105,615,803,0.513889,0.025892,76.265649,360,185,0,168,0,195,1.712963,615,29622,3.324324,160.118919,0.300000,4.500000,4.500000,5.000000,5.000000;5.000000;4.000000;4.000000,6,nan,0,14.000000;14.000000;14.000000,0.924345;0.111973;1.459915,14.000000;14.000000;14.000000,0,0,0,0,0,0,0,0,0,0,475,22800,78,4056,33,1584,24,1032,5,150,0,0,0,0,0,0,0,0,graph_0003__path_life_0.3000,path_life,0.3,graph_0003,epoch_0002
trace,static,0.113343,0.113316,660,399,105,0,0,0.275000,0.013801,71.703552,360,99,0,0,0,22,0.916667,0,0,0.000000,0.000000,0.300000,4.500000,4.500000,5.000000,5.000000;5.000000;4.000000;4.000000,6,nan,0,14.000000;14.000000;14.000000,0.115239;0.120949;0.143349,14.000000;14.000000;14.000000,0,0,0,0,0,0,0,0,0,0,0,0,0,0,0,0,0,0,0,0,0,0,0,0,0,0,0,0,graph_0003__path_life_0.3000,path_life,0.3,graph_0003,epoch_0002
trace,olsr,0.435577,0.435536,1599,1734,105,333,539,0.802778,0.040291,75.305423,360,289,0,0,0,187,1.146825,333,21992,1.152249,76.096886,0.700000,4.666667,5.000000,5.000000,5.000000;5.000000;5.000000;5.000000;5.000000;5.000000;4.000000;4.000000;4.000000,16,nan,0,3.000000;3.000000;2.000000;2.000000;2.000000;2.000000;2.000000;2.000000,0.129253;0.157413;0.038693;0.083813;0.128933;0.010213;0.072863;0.134373,3.000000;3.000000;2.000000;2.000000;2.000000;2.000000;2.000000;2.000000,228,13696,105,8296,0,0,0,0,0,0,0,0,0,0,0,0,0,0,0,0,0,0,0,0,0,0,0,0,graph_0002__path_life_0.7000,path_life,0.7,graph_0002,epoch_0001
trace,aodv,0.535745,0.535501,2121,2369,105,605,868,0.952778,0.048010,74.978498,360,343,2,0,0,218,1.361111,605,29126,1.763848,84.915452,0.700000,4.666667,5.000000,5.000000,5.000000;5.000000;5.000000;5.000000;5.000000;5.000000;4.000000;4.000000;4.000000,16,nan,0,3.000000;3.000000;2.000000;2.000000;2.000000;2.000000;2.000000;2.000000,0.490489;0.519345;0.038693;1.424728;0.128933;0.010213;1.410625;0.134373,3.000000;3.000000;2.000000;2.000000;2.000000;2.000000;2.000000;2.000000,0,0,0,0,0,0,0,0,0,0,495,23760,48,2496,50,2400,7,320,5,150,0,0,0,0,0,0,0,0,graph_0002__path_life_0.7000,path_life,0.7,graph_0002,epoch_0001
trace,static,0.251973,0.251950,1078,956,105,0,0,0.661111,0.033181,74.437261,360,238,0,0,0,54,0.944444,0,0,0.000000,0.000000,0.700000,4.666667,5.000000,5.000000,5.000000;5.000000;5.000000;5.000000;5.000000;5.000000;4.000000;4.000000;4.000000,16,nan,0,3.000000;3.000000;2.000000;2.000000;2.000000;2.000000;2.000000;2.000000,0.138229;0.166389;0.047689;0.092789;0.137909;0.019189;0.081269;0.143349,3.000000;3.000000;2.000000;2.000000;2.000000;2.000000;2.000000;2.000000,0,0,0,0,0,0,0,0,0,0,0,0,0,0,0,0,0,0,0,0,0,0,0,0,0,0,0,0,graph_0002__path_life_0.7000,path_life,0.7,graph_0002,epoch_0001
trace,olsr,0.451332,0.450610,1599,1734,105,332,537,0.805556,0.040431,75.267244,360,290,0,0,0,185,1.150794,332,21936,1.144828,75.641379,0.700000,4.666667,5.000000,5.000000,5.000000;5.000000;5.000000;5.000000;5.000000;5.000000;4.000000;4.000000;4.000000,16,nan,0,3.000000;3.000000;2.000000;2.000000;2.000000;2.000000;2.000000;2.000000,0.129253;0.157413;0.038693;0.083813;0.128933;0.010213;0.072293;0.134373,3.000000;3.000000;2.000000;2.000000;2.000000;2.000000;2.000000;2.000000,229,13760,103,8176,0,0,0,0,0,0,0,0,0,0,0,0,0,0,0,0,0,0,0,0,0,0,0,0,graph_0002__path_life_0.7000,path_life,0.7,graph_0002,epoch_0003
trace,aodv,0.530073,0.529733,2121,2346,105,605,845,0.952778,0.048002,74.978075,360,343,2,0,0,246,1.361111,605,29126,1.763848,84.915452,0.700000,4.666667,5.000000,5.000000,5.000000;5.000000;5.000000;5.000000;5.000000;5.000000;4.000000;4.000000;4.000000,16,nan,0,3.000000;3.000000;2.000000;2.000000;2.000000;2.000000;2.000000;2.000000,0.476549;0.516473;0.038693;1.429893;0.128933;0.010213;1.413245;0.134373,3.000000;3.000000;2.000000;2.000000;2.000000;2.000000;2.000000;2.000000,0,0,0,0,0,0,0,0,0,0,495,23760,48,2496,50,2400,7,320,5,150,0,0,0,0,0,0,0,0,graph_0002__path_life_0.7000,path_life,0.7,graph_0002,epoch_0003
trace,static,0.280501,0.280486,1078,956,105,0,0,0.661111,0.033176,74.437224,360,238,0,0,0,53,0.944444,0,0,0.000000,0.000000,0.700000,4.666667,5.000000,5.000000,5.000000;5.000000;5.000000;5.000000;5.000000;5.000000;4.000000;4.000000;4.000000,16,nan,0,3.000000;3.000000;2.000000;2.000000;2.000000;2.000000;2.000000;2.000000,0.138229;0.166389;0.047689;0.092789;0.137909;0.019189;0.081269;0.143349,3.000000;3.000000;2.000000;2.000000;2.000000;2.000000;2.000000;2.000000,0,0,0,0,0,0,0,0,0,0,0,0,0,0,0,0,0,0,0,0,0,0,0,0,0,0,0,0,graph_0002__path_life_0.7000,path_life,0.7,graph_0002,epoch_0003
trace,olsr,0.413075,0.412803,1595,1724,105,330,530,0.802778,0.040293,75.308854,360,289,0,0,0,185,1.146825,330,21872,1.141869,75.681661,0.700000,4.666667,5.000000,5.000000,5.000000;5.000000;5.000000;5.000000;5.000000;5.000000;4.000000;4.000000;4.000000,16,nan,0,3.000000;3.000000;2.000000;2.000000;2.000000;2.000000;2.000000;2.000000,0.129253;0.157413;0.038693;0.083813;0.128933;0.010213;0.072293;0.134373,3.000000;3.000000;2.000000;2.000000;2.000000;2.000000;2.000000;2.000000,226,13568,104,8304,0,0,0,0,0,0,0,0,0,0,0,0,0,0,0,0,0,0,0,0,0,0,0,0,graph_0002__path_life_0.7000,path_life,0.7,graph_0002,epoch_0004
trace,aodv,0.493562,0.493120,2119,2370,105,605,872,0.950000,0.047876,75.001273,360,342,2,0,0,223,1.357143,605,29126,1.769006,85.163743,0.700000,4.666667,5.000000,5.000000,5.000000;5.000000;5.000000;5.000000;5.000000;5.000000;4.000000;4.000000;4.000000,16,nan,0,3.000000;3.000000;2.000000;2.000000;2.000000;2.000000;2.000000;2.000000,0.486326;0.514144;0.038693;1.427592;0.128933;0.010213;1.420624;0.134373,3.000000;3.000000;2.000000;2.000000;2.000000;2.000000;2.000000;2.000000,0,0,0,0,0,0,0,0,0,0,495,23760,48,2496,50,2400,7,320,5,150,0,0,0,0,0,0,0,0,graph_0002__path_life_0.7000,path_life,0.7,graph_0002,epoch_0004
trace,static,0.253554,0.253340,1078,956,105,0,0,0.661111,0.033182,74.437274,360,238,0,0,0,53,0.944444,0,0,0.000000,0.000000,0.700000,4.666667,5.000000,5.000000,5.000000;5.000000;5.000000;5.000000;5.000000;5.000000;4.000000;4.000000;4.000000,16,nan,0,3.000000;3.000000;2.000000;2.000000;2.000000;2.000000;2.000000;2.000000,0.138229;0.166389;0.047689;0.092789;0.137909;0.019189;0.081269;0.143349,3.000000;3.000000;2.000000;2.000000;2.000000;2.000000;2.000000;2.000000,0,0,0,0,0,0,0,0,0,0,0,0,0,0,0,0,0,0,0,0,0,0,0,0,0,0,0,0,graph_0002__path_life_0.7000,path_life,0.7,graph_0002,epoch_0004
trace,olsr,0.418874,0.418860,1594,1727,105,333,538,0.797222,0.040015,75.337114,360,287,0,0,0,187,1.138889,333,21992,1.160279,76.627178,0.700000,4.666667,5.000000,5.000000,5.000000;5.000000;5.000000;5.000000;5.000000;5.000000;4.000000;4.000000;4.000000,16,nan,0,3.000000;3.000000;2.000000;2.000000;2.000000;2.000000;2.000000;2.000000,0.129253;0.157413;0.038693;0.083813;0.128933;0.010213;0.072293;0.134373,3.000000;3.000000;2.000000;2.000000;2.000000;2.000000;2.000000;2.000000,230,13824,103,8168,0,0,0,0,0,0,0,0,0,0,0,0,0,0,0,0,0,0,0,0,0,0,0,0,graph_0002__path_life_0.7000,path_life,0.7,graph_0002,epoch_0005
trace,aodv,0.497378,0.497319,2121,2372,105,605,871,0.952778,0.048023,74.979407,360,343,2,0,0,200,1.361111,605,29126,1.763848,84.915452,0.700000,4.666667,5.000000,5.000000,5.000000;5.000000;5.000000;5.000000;5.000000;5.000000;4.000000;4.000000;4.000000,16,nan,0,3.000000;3.000000;2.000000;2.000000;2.000000;2.000000;2.000000;2.000000,0.486589;0.516185;0.038693;1.434889;0.128933;0.010213;1.416258;0.134373,3.000000;3.000000;2.000000;2.000000;2.000000;2.000000;2.000000;2.000000,0,0,0,0,0,0,0,0,0,0,495,23760,48,2496,50,2400,7,320,5,150,0,0,0,0,0,0,0,0,graph_0002__path_life_0.7000,path_life,0.7,graph_0002,epoch_0005
trace,static,0.250143,0.249988,1078,956,105,0,0,0.661111,0.033183,74.437278,360,238,0,0,0,53,0.944444,0,0,0.000000,0.000000,0.700000,4.666667,5.000000,5.000000,5.000000;5.000000;5.000000;5.000000;5.000000;5.000000;4.000000;4.000000;4.000000,16,nan,0,3.000000;3.000000;2.000000;2.000000;2.000000;2.000000;2.000000;2.000000,0.138229;0.166389;0.047689;0.092789;0.137909;0.019189;0.081269;0.143349,3.000000;3.000000;2.000000;2.000000;2.000000;2.000000;2.000000;2.000000,0,0,0,0,0,0,0,0,0,0,0,0,0,0,0,0,0,0,0,0,0,0,0,0,0,0,0,0,graph_0002__path_life_0.7000,path_life,0.7,graph_0002,epoch_0005
trace,olsr,0.415981,0.415964,1597,1722,105,331,527,0.802778,0.040292,75.281196,360,289,0,0,0,197,1.146825,331,21904,1.145329,75.792388,0.700000,4.666667,5.000000,5.000000,5.000000;5.000000;5.000000;5.000000;5.000000;5.000000;4.000000;4.000000;4.000000,16,nan,0,3.000000;3.000000;2.000000;2.000000;2.000000;2.000000;2.000000;2.000000,0.129253;0.157413;0.038693;0.083813;0.128933;0.010213;0.072293;0.134373,3.000000;3.000000;2.000000;2.000000;2.000000;2.000000;2.000000;2.000000,226,13568,105,8336,0,0,0,0,0,0,0,0,0,0,0,0,0,0,0,0,0,0,0,0,0,0,0,0,graph_0002__path_life_0.7000,path_life,0.7,graph_0002,epoch_0002
trace,aodv,0.491659,0.491523,2131,2363,105,612,860,0.950000,0.047865,75.006233,360,342,2,0,0,256,1.357143,612,29462,1.789474,86.146199,0.700000,4.666667,5.000000,5.000000,5.000000;5.000000;5.000000;5.000000;5.000000;5.000000;4.000000;4.000000;4.000000,16,nan,0,3.000000;3.000000;2.000000;2.000000;2.000000;2.000000;2.000000;2.000000,0.495502;0.518184;0.038693;1.421594;0.128933;0.010213;1.408048;0.134373,3.000000;3.000000;2.000000;2.000000;2.000000;2.000000;2.000000;2.000000,0,0,0,0,0,0,0,0,0,0,495,23760,50,2600,53,2544,9,408,5,150,0,0,0,0,0,0,0,0,graph_0002__path_life_0.7000,path_life,0.7,graph_0002,epoch_0002
trace,static,0.259158,0.259138,1078,956,105,0,0,0.661111,0.033181,74.437266,360,238,0,0,0,52,0.944444,0,0,0.000000,0.000000,0.700000,4.666667,5.000000,5.000000,5.000000;5.000000;5.000000;5.000000;5.000000;5.000000;4.000000;4.000000;4.000000,16,nan,0,3.000000;3.000000;2.000000;2.000000;2.000000;2.000000;2.000000;2.000000,0.138229;0.166389;0.047689;0.092789;0.137909;0.019189;0.081269;0.143349,3.000000;3.000000;2.000000;2.000000;2.000000;2.000000;2.000000;2.000000,0,0,0,0,0,0,0,0,0,0,0,0,0,0,0,0,0,0,0,0,0,0,0,0,0,0,0,0,graph_0002__path_life_0.7000,path_life,0.7,graph_0002,epoch_0002
trace,olsr,0.316454,0.316417,1068,1053,105,322,479,0.250000,0.012548,71.770534,360,90,41,0,0,244,0.833333,322,21052,3.577778,233.911111,0.300000,4.500000,4.500000,5.000000,5.000000;5.000000;4.000000;4.000000,6,nan,0,14.000000;14.000000;14.000000,0.106533;2.578549;0.134373,14.000000;14.000000;14.000000,228,13696,94,7356,0,0,0,0,0,0,0,0,0,0,0,0,0,0,0,0,0,0,0,0,0,0,0,0,graph_0005__path_life_0.3000,path_life,0.3,graph_0005,epoch_0001
trace,aodv,0.334738,0.334681,1638,1842,105,617,829,0.511111,0.025751,76.399566,360,184,0,168,0,210,1.703704,617,29714,3.353261,161.489130,0.300000,4.500000,4.500000,5.000000,5.000000;5.000000;4.000000;4.000000,6,nan,0,14.000000;14.000000;14.000000,1.443784;0.464189;1.480108,14.000000;14.000000;14.000000,0,0,0,0,0,0,0,0,0,0,481,23088,72,3744,37,1776,20,896,7,210,0,0,0,0,0,0,0,0,graph_0005__path_life_0.3000,path_life,0.3,graph_0005,epoch_0001
trace,static,0.112648,0.112624,659,398,105,0,0,0.275000,0.013803,71.703644,360,99,0,0,0,23,0.916667,0,0,0.000000,0.000000,0.300000,4.500000,4.500000,5.000000,5.000000;5.000000;4.000000;4.000000,6,nan,0,14.000000;14.000000;14.000000,0.115509;0.120949;0.143349,14.000000;14.000000;14.000000,0,0,0,0,0,0,0,0,0,0,0,0,0,0,0,0,0,0,0,0,0,0,0,0,0,0,0,0,graph_0005__path_life_0.3000,path_life,0.3,graph_0005,epoch_0001
trace,olsr,0.302531,0.302397,1014,988,105,322,470,0.197222,0.010183,70.245380,360,71,49,0,0,257,0.657407,322,21000,4.535211,295.774648,0.300000,4.500000,4.500000,5.000000,5.000000;5.000000;4.000000;4.000000,6,nan,0,14.000000;14.000000;14.000000,4.366373;2.578629;0.134373,14.000000;14.000000;14.000000,229,13760,93,7240,0,0,0,0,0,0,0,0,0,0,0,0,0,0,0,0,0,0,0,0,0,0,0,0,graph_0005__path_life_0.3000,path_life,0.3,graph_0005,epoch_0003
trace,aodv,0.330620,0.330582,1634,1833,105,614,821,0.511111,0.025758,76.397009,360,184,0,168,0,194,1.703704,614,29576,3.336957,160.739130,0.300000,4.500000,4.500000,5.000000,5.000000;5.000000;4.000000;4.000000,6,nan,0,14.000000;14.000000;14.000000,1.441644;0.455945;1.470328,14.000000;14.000000;14.000000,0,0,0,0,0,0,0,0,0,0,481,23088,71,3692,36,1728,20,888,6,180,0,0,0,0,0,0,0,0,graph_0005__path_life_0.3000,path_life,0.3,graph_0005,epoch_0003
trace,static,0.112030,0.112019,659,398,105,0,0,0.275000,0.013803,71.703654,360,99,0,0,0,23,0.916667,0,0,0.000000,0.000000,0.300000,4.500000,4.500000,5.000000,5.000000;5.000000;4.000000;4.000000,6,nan,0,14.000000;14.000000;14.000000,0.115509;0.120949;0.143349,14.000000;14.000000;14.000000,0,0,0,0,0,0,0,0,0,0,0,0,0,0,0,0,0,0,0,0,0,0,0,0,0,0,0,0,graph_0005__path_life_0.3000,path_life,0.3,graph_0005,epoch_0003
trace,olsr,0.289274,0.289050,962,966,105,321,472,0.238889,0.011989,75.018506,360,86,17,0,0,207,0.796296,321,20756,3.732558,241.348837,0.300000,4.500000,4.500000,5.000000,5.000000;5.000000;4.000000;4.000000,6,nan,0,14.000000;14.000000;14.000000,2.245159;2.580029;0.134373,14.000000;14.000000;14.000000,229,13760,92,6996,0,0,0,0,0,0,0,0,0,0,0,0,0,0,0,0,0,0,0,0,0,0,0,0,graph_0005__path_life_0.3000,path_life,0.3,graph_0005,epoch_0004
trace,aodv,0.332607,0.332373,1634,1834,105,613,821,0.511111,0.025752,76.398144,360,184,0,168,0,189,1.703704,613,29528,3.331522,160.478261,0.300000,4.500000,4.500000,5.000000,5.000000;5.000000;4.000000;4.000000,6,nan,0,14.000000;14.000000;14.000000,1.438234;0.465584;1.472688,14.000000;14.000000;14.000000,0,0,0,0,0,0,0,0,0,0,481,23088,71,3692,36,1728,19,840,6,180,0,0,0,0,0,0,0,0,graph_0005__path_life_0.3000,path_life,0.3,graph_0005,epoch_0004
trace,static,0.111940,0.111850,659,398,105,0,0,0.275000,0.013801,71.703565,360,99,0,0,0,23,0.916667,0,0,0.000000,0.000000,0.300000,4.500000,4.500000,5.000000,5.000000;5.000000;4.000000;4.000000,6,nan,0,14.000000;14.000000;14.000000,0.115509;0.120949;0.143349,14.000000;14.000000;14.000000,0,0,0,0,0,0,0,0,0,0,0,0,0,0,0,0,0,0,0,0,0,0,0,0,0,0,0,0,graph_0005__path_life_0.3000,path_life,0.3,graph_0005,epoch_0004
trace,olsr,0.277017,0.276653,971,959,105,322,466,0.247222,0.012409,73.190723,360,89,17,0,0,207,0.824074,322,20884,3.617978,234.651685,0.300000,4.500000,4.500000,5.000000,5.000000;5.000000;4.000000;4.000000,6,nan,0,14.000000;14.000000;14.000000,1.417533;2.250869;0.134373,14.000000;14.000000;14.000000,229,13760,93,7124,0,0,0,0,0,0,0,0,0,0,0,0,0,0,0,0,0,0,0,0,0,0,0,0,graph_0005__path_life_0.3000,path_life,0.3,graph_0005,epoch_0005
trace,aodv,0.333224,0.333178,1633,1828,105,612,815,0.511111,0.025758,76.396048,360,184,0,168,0,206,1.703704,612,29488,3.326087,160.260870,0.300000,4.500000,4.500000,5.000000,5.000000;5.000000;4.000000;4.000000,6,nan,0,14.000000;14.000000;14.000000,1.431852;0.458309;1.470228,14.000000;14.000000;14.000000,0,0,0,0,0,0,0,0,0,0,481,23088,71,3692,36,1728,18,800,6,180,0,0,0,0,0,0,0,0,graph_0005__path_life_0.3000,path_life,0.3,graph_0005,epoch_0005
trace,static,0.115400,0.115380,659,398,105,0,0,0.275000,0.013804,71.703686,360,99,0,0,0,23,0.916667,0,0,0.000000,0.000000,0.300000,4.500000,4.500000,5.000000,5.000000;5.000000;4.000000;4.000000,6,nan,0,14.000000;14.000000;14.000000,0.115509;0.120949;0.143349,14.000000;14.000000;14.000000,0,0,0,0,0,0,0,0,0,0,0,0,0,0,0,0,0,0,0,0,0,0,0,0,0,0,0,0,graph_0005__path_life_0.3000,path_life,0.3,graph_0005,epoch_0005
trace,olsr,0.258857,0.258796,882,868,105,324,477,0.163889,0.009199,62.408989,360,59,17,0,0,214,0.546296,324,21052,5.491525,356.813559,0.300000,4.500000,4.500000,5.000000,5.000000;5.000000;4.000000;4.000000,6,nan,0,14.000000;14.000000;14.000000,1.935431;3.070149;nan,14.000000;14.000000;14.000000,230,13824,94,7228,0,0,0,0,0,0,0,0,0,0,0,0,0,0,0,0,0,0,0,0,0,0,0,0,graph_0005__path_life_0.3000,path_life,0.3,graph_0005,epoch_0002
trace,aodv,0.260022,0.259479,1398,1595,105,605,808,0.341667,0.017215,79.028917,360,123,0,231,0,142,1.138889,605,29142,4.918699,236.926829,0.300000,4.500000,4.500000,5.000000,5.000000;5.000000;4.000000;4.000000,6,nan,0,14.000000;14.000000;14.000000,nan;0.111973;1.467708,14.000000;14.000000;14.000000,0,0,0,0,0,0,0,0,0,0,482,23136,70,3640,28,1344,20,872,5,150,0,0,0,0,0,0,0,0,graph_0005__path_life_0.3000,path_life,0.3,graph_0005,epoch_0002
trace,static,0.112545,0.112528,659,398,105,0,0,0.275000,0.013800,71.703546,360,99,0,0,0,23,0.916667,0,0,0.000000,0.000000,0.300000,4.500000,4.500000,5.000000,5.000000;5.000000;4.000000;4.000000,6,nan,0,14.000000;14.000000;14.000000,0.115509;0.120949;0.143349,14.000000;14.000000;14.000000,0,0,0,0,0,0,0,0,0,0,0,0,0,0,0,0,0,0,0,0,0,0,0,0,0,0,0,0,graph_0005__path_life_0.3000,path_life,0.3,graph_0005,epoch_0002
trace,olsr,0.436177,0.436019,1737,1948,105,335,562,0.955556,0.047963,74.474823,360,344,0,0,0,85,1.061728,335,22200,0.973837,64.534884,0.900000,7.714286,8.000000,8.000000,8.000000;8.000000;8.000000;8.000000;8.000000;7.000000;7.000000,12,nan,0,1.000000;1.000000;1.000000;1.000000;1.000000;1.000000,0.112293;0.123493;0.134693;0.145893;0.157093;0.021413,1.000000;1.000000;1.000000;1.000000;1.000000;1.000000,229,13760,106,8440,0,0,0,0,0,0,0,0,0,0,0,0,0,0,0,0,0,0,0,0,0,0,0,0,graph_0003__path_life_0.9000,path_life,0.9,graph_0003,epoch_0001
trace,aodv,0.492910,0.492400,2015,2298,105,563,852,0.983333,0.049556,74.529522,360,354,0,0,0,83,1.092593,563,27086,1.590395,76.514124,0.900000,7.714286,8.000000,8.000000,8.000000;8.000000;8.000000;8.000000;8.000000;7.000000;7.000000,12,nan,0,1.000000;1.000000;1.000000;1.000000;1.000000;1.000000,0.112293;0.123493;0.134693;0.145893;0.157093;0.021413,1.000000;1.000000;1.000000;1.000000;1.000000;1.000000,0,0,0,0,0,0,0,0,0,0,512,24576,20,1040,28,1344,2,96,1,30,0,0,0,0,0,0,0,0,graph_0003__path_life_0.9000,path_life,0.9,graph_0003,epoch_0001
trace,static,0.332745,0.332529,1302,1255,105,0,0,0.869444,0.043640,74.397420,360,313,0,0,0,49,0.966049,0,0,0.000000,0.000000,0.900000,7.714286,8.000000,8.000000,8.000000;8.000000;8.000000;8.000000;8.000000;7.000000;7.000000,12,nan,0,1.000000;1.000000;1.000000;1.000000;1.000000;1.000000,0.121269;0.132469;0.143669;0.154869;0.166069;0.030389,1.000000;1.000000;1.000000;1.000000;1.000000;1.000000,0,0,0,0,0,0,0,0,0,0,0,0,0,0,0,0,0,0,0,0,0,0,0,0,0,0,0,0,graph_0003__path_life_0.9000,path_life,0.9,graph_0003,epoch_0001
trace,olsr,0.455824,0.455757,1739,1947,105,335,559,0.955556,0.047955,74.474794,360,344,0,0,0,89,1.061728,335,22200,0.973837,64.534884,0.900000,7.714286,8.000000,8.000000,8.000000;8.000000;8.000000;8.000000;8.000000;7.000000;7.000000,12,nan,0,1.000000;1.000000;1.000000;1.000000;1.000000;1.000000,0.112293;0.123493;0.134693;0.145893;0.157093;0.021413,1.000000;1.000000;1.000000;1.000000;1.000000;1.000000,228,13696,107,8504,0,0,0,0,0,0,0,0,0,0,0,0,0,0,0,0,0,0,0,0,0,0,0,0,graph_0003__path_life_0.9000,path_life,0.9,graph_0003,epoch_0003
trace,aodv,0.495954,0.495662,2014,2309,105,563,864,0.983333,0.049544,74.528954,360,354,0,0,0,81,1.092593,563,27086,1.590395,76.514124,0.900000,7.714286,8.000000,8.000000,8.000000;8.000000;8.000000;8.000000;8.000000;7.000000;7.000000,12,nan,0,1.000000;1.000000;1.000000;1.000000;1.000000;1.000000,0.112293;0.123493;0.134693;0.145893;0.157093;0.021413,1.000000;1.000000;1.000000;1.000000;1.000000;1.000000,0,0,0,0,0,0,0,0,0,0,512,24576,20,1040,28,1344,2,96,1,30,0,0,0,0,0,0,0,0,graph_0003__path_life_0.9000,path_life,0.9,graph_0003,epoch_0003
trace,static,0.326957,0.326950,1302,1255,105,0,0,0.869444,0.043634,74.397392,360,313,0,0,0,49,0.966049,0,0,0.000000,0.000000,0.900000,7.714286,8.000000,8.000000,8.000000;8.000000;8.000000;8.000000;8.000000;7.000000;7.000000,12,nan,0,1.000000;1.000000;1.000000;1.000000;1.000000;1.000000,0.121269;0.132469;0.143669;0.154869;0.166069;0.030389,1.000000;1.000000;1.000000;1.000000;1.000000;1.000000,0,0,0,0,0,0,0,0,0,0,0,0,0,0,0,0,0,0,0,0,0,0,0,0,0,0,0,0,graph_0003__path_life_0.9000,path_life,0.9,graph_0003,epoch_0003
trace,olsr,0.448273,0.448063,1734,1938,105,332,552,0.955556,0.047965,74.474825,360,344,0,0,0,91,1.061728,332,22080,0.965116,64.186047,0.900000,7.714286,8.000000,8.000000,8.000000;8.000000;8.000000;8.000000;8.000000;7.000000;7.000000,12,nan,0,1.000000;1.000000;1.000000;1.000000;1.000000;1.000000,0.112293;0.123493;0.134693;0.145893;0.157093;0.021413,1.000000;1.000000;1.000000;1.000000;1.000000;1.000000,228,13696,104,8384,0,0,0,0,0,0,0,0,0,0,0,0,0,0,0,0,0,0,0,0,0,0,0,0,graph_0003__path_life_0.9000,path_life,0.9,graph_0003,epoch_0004
trace,aodv,0.481257,0.481193,2014,2301,105,563,856,0.983333,0.049556,74.529582,360,354,0,0,0,95,1.092593,563,27086,1.590395,76.514124,0.900000,7.714286,8.000000,8.000000,8.000000;8.000000;8.000000;8.000000;8.000000;7.000000;7.000000,12,nan,0,1.000000;1.000000;1.000000;1.000000;1.000000;1.000000,0.112293;0.123493;0.134693;0.145893;0.157093;0.021413,1.000000;1.000000;1.000000;1.000000;1.000000;1.000000,0,0,0,0,0,0,0,0,0,0,512,24576,20,1040,28,1344,2,96,1,30,0,0,0,0,0,0,0,0,graph_0003__path_life_0.9000,path_life,0.9,graph_0003,epoch_0004
trace,static,0.331958,0.331660,1302,1255,105,0,0,0.869444,0.043642,74.397427,360,313,0,0,0,49,0.966049,0,0,0.000000,0.000000,0.900000,7.714286,8.000000,8.000000,8.000000;8.000000;8.000000;8.000000;8.000000;7.000000;7.000000,12,nan,0,1.000000;1.000000;1.000000;1.000000;1.000000;1.000000,0.121269;0.132469;0.143669;0.154869;0.166069;0.030389,1.000000;1.000000;1.000000;1.000000;1.000000;1.000000,0,0,0,0,0,0,0,0,0,0,0,0,0,0,0,0,0,0,0,0,0,0,0,0,0,0,0,0,graph_0003__path_life_0.9000,path_life,0.9,graph_0003,epoch_0004
trace,olsr,0.438533,0.438330,1738,1949,105,336,563,0.955556,0.047956,74.474770,360,344,0,0,0,88,1.061728,336,22232,0.976744,64.627907,0.900000,7.714286,8.000000,8.000000,8.000000;8.000000;8.000000;8.000000;8.000000;7.000000;7.000000,12,nan,0,1.000000;1.000000;1.000000;1.000000;1.000000;1.000000,0.112293;0.123493;0.134693;0.145893;0.157093;0.021413,1.000000;1.000000;1.000000;1.000000;1.000000;1.000000,230,13824,106,8408,0,0,0,0,0,0,0,0,0,0,0,0,0,0,0,0,0,0,0,0,0,0,0,0,graph_0003__path_life_0.9000,path_life,0.9,graph_0003,epoch_0005
trace,aodv,0.493594,0.493565,2014,2293,105,563,848,0.983333,0.049549,74.529202,360,354,0,0,0,106,1.092593,563,27086,1.590395,76.514124,0.900000,7.714286,8.000000,8.000000,8.000000;8.000000;8.000000;8.000000;8.000000;7.000000;7.000000,12,nan,0,1.000000;1.000000;1.000000;1.000000;1.000000;1.000000,0.112293;0.123493;0.134693;0.145893;0.157093;0.021413,1.000000;1.000000;1.000000;1.000000;1.000000;1.000000,0,0,0,0,0,0,0,0,0,0,512,24576,20,1040,28,1344,2,96,1,30,0,0,0,0,0,0,0,0,graph_0003__path_life_0.9000,path_life,0.9,graph_0003,epoch_0005
trace,static,0.335136,0.334889,1302,1255,105,0,0,0.869444,0.043634,74.397394,360,313,0,0,0,50,0.966049,0,0,0.000000,0.000000,0.900000,7.714286,8.000000,8.000000,8.000000;8.000000;8.000000;8.000000;8.000000;7.000000;7.000000,12,nan,0,1.000000;1.000000;1.000000;1.000000;1.000000;1.000000,0.121269;0.132469;0.143669;0.154869;0.166069;0.030389,1.000000;1.000000;1.000000;1.000000;1.000000;1.000000,0,0,0,0,0,0,0,0,0,0,0,0,0,0,0,0,0,0,0,0,0,0,0,0,0,0,0,0,graph_0003__path_life_0.9000,path_life,0.9,graph_0003,epoch_0005
trace,olsr,0.440263,0.440230,1737,1944,105,333,556,0.955556,0.047954,74.474780,360,344,0,0,0,91,1.061728,333,22088,0.968023,64.209302,0.900000,7.714286,8.000000,8.000000,8.000000;8.000000;8.000000;8.000000;8.000000;7.000000;7.000000,12,nan,0,1.000000;1.000000;1.000000;1.000000;1.000000;1.000000,0.112293;0.123493;0.134693;0.145893;0.157093;0.021413,1.000000;1.000000;1.000000;1.000000;1.000000;1.000000,226,13568,107,8520,0,0,0,0,0,0,0,0,0,0,0,0,0,0,0,0,0,0,0,0,0,0,0,0,graph_0003__path_life_0.9000,path_life,0.9,graph_0003,epoch_0002
trace,aodv,0.486051,0.486013,2014,2303,105,563,858,0.983333,0.049545,74.529644,360,354,0,0,0,96,1.092593,563,27086,1.590395,76.514124,0.900000,7.714286,8.000000,8.000000,8.000000;8.000000;8.000000;8.000000;8.000000;7.000000;7.000000,12,nan,0,1.000000;1.000000;1.000000;1.000000;1.000000;1.000000,0.112293;0.123493;0.134693;0.145893;0.157093;0.021413,1.000000;1.000000;1.000000;1.000000;1.000000;1.000000,0,0,0,0,0,0,0,0,0,0,512,24576,20,1040,28,1344,2,96,1,30,0,0,0,0,0,0,0,0,graph_0003__path_life_0.9000,path_life,0.9,graph_0003,epoch_0002
trace,static,0.328869,0.328839,1302,1255,105,0,0,0.869444,0.043632,74.397386,360,313,0,0,0,50,0.966049,0,0,0.000000,0.000000,0.900000,7.714286,8.000000,8.000000,8.000000;8.000000;8.000000;8.000000;8.000000;7.000000;7.000000,12,nan,0,1.000000;1.000000;1.000000;1.000000;1.000000;1.000000,0.121269;0.132469;0.143669;0.154869;0.166069;0.030389,1.000000;1.000000;1.000000;1.000000;1.000000;1.000000,0,0,0,0,0,0,0,0,0,0,0,0,0,0,0,0,0,0,0,0,0,0,0,0,0,0,0,0,graph_0003__path_life_0.9000,path_life,0.9,graph_0003,epoch_0002
trace,olsr,0.442714,0.442706,1621,1748,105,334,532,0.802778,0.040288,74.488797,360,289,0,0,0,181,1.146825,334,21976,1.155709,76.041522,0.700000,4.666667,5.000000,5.000000,5.000000;5.000000;5.000000;5.000000;5.000000;5.000000;4.000000;4.000000;4.000000,16,nan,0,3.000000;3.000000;2.000000;2.000000;2.000000;2.000000;2.000000;2.000000,0.129253;0.157413;0.038693;0.083813;0.128933;0.010213;0.072293;0.134373,3.000000;3.000000;2.000000;2.000000;2.000000;2.000000;2.000000;2.000000,228,13696,106,8280,0,0,0,0,0,0,0,0,0,0,0,0,0,0,0,0,0,0,0,0,0,0,0,0,graph_0001__path_life_0.7000,path_life,0.7,graph_0001,epoch_0001
trace,aodv,0.525993,0.525459,2180,2440,105,609,880,0.969444,0.048851,75.269753,360,349,0,0,0,271,1.384921,609,29354,1.744986,84.108883,0.700000,4.666667,5.000000,5.000000,5.000000;5.000000;5.000000;5.000000;5.000000;5.000000;4.000000;4.000000;4.000000,16,nan,0,3.000000;3.000000;2.000000;2.000000;2.000000;2.000000;2.000000;2.000000,0.129253;0.516465;1.535170;1.420548;1.455748;0.010213;1.403568;1.467328,3.000000;3.000000;2.000000;2.000000;2.000000;2.000000;2.000000;2.000000,0,0,0,0,0,0,0,0,0,0,488,23424,59,3068,48,2304,9,408,5,150,0,0,0,0,0,0,0,0,graph_0001__path_life_0.7000,path_life,0.7,graph_0001,epoch_0001
trace,static,0.267266,0.267254,1081,959,105,0,0,0.661111,0.033178,74.437245,360,238,0,0,0,53,0.944444,0,0,0.000000,0.000000,0.700000,4.666667,5.000000,5.000000,5.000000;5.000000;5.000000;5.000000;5.000000;5.000000;4.000000;4.000000;4.000000,16,nan,0,3.000000;3.000000;2.000000;2.000000;2.000000;2.000000;2.000000;2.000000,0.138229;0.166389;0.047689;0.092789;0.137909;0.019189;0.081269;0.143349,3.000000;3.000000;2.000000;2.000000;2.000000;2.000000;2.000000;2.000000,0,0,0,0,0,0,0,0,0,0,0,0,0,0,0,0,0,0,0,0,0,0,0,0,0,0,0,0,graph_0001__path_life_0.7000,path_life,0.7,graph_0001,epoch_0001
trace,olsr,0.482849,0.482785,1618,1746,105,331,529,0.802778,0.040296,74.554821,360,289,1,0,0,170,1.146825,331,21904,1.145329,75.792388,0.700000,4.666667,5.000000,5.000000,5.000000;5.000000;5.000000;5.000000;5.000000;5.000000;4.000000;4.000000;4.000000,16,nan,0,3.000000;3.000000;2.000000;2.000000;2.000000;2.000000;2.000000;2.000000,0.129253;0.157413;0.038693;0.083813;0.128933;0.010213;0.072293;0.134373,3.000000;3.000000;2.000000;2.000000;2.000000;2.000000;2.000000;2.000000,229,13760,102,8144,0,0,0,0,0,0,0,0,0,0,0,0,0,0,0,0,0,0,0,0,0,0,0,0,graph_0001__path_life_0.7000,path_life,0.7,graph_0001,epoch_0003
trace,aodv,0.542420,0.542411,2180,2444,105,609,884,0.969444,0.048857,75.271490,360,349,0,0,0,262,1.384921,609,29354,1.744986,84.108883,0.700000,4.666667,5.000000,5.000000,5.000000;5.000000;5.000000;5.000000;5.000000;5.000000;4.000000;4.000000;4.000000,16,nan,0,3.000000;3.000000;2.000000;2.000000;2.000000;2.000000;2.000000;2.000000,0.129253;0.514988;1.533484;1.421614;1.462433;0.010213;1.405388;1.475609,3.000000;3.000000;2.000000;2.000000;2.000000;2.000000;2.000000;2.000000,0,0,0,0,0,0,0,0,0,0,488,23424,59,3068,48,2304,9,408,5,150,0,0,0,0,0,0,0,0,graph_0001__path_life_0.7000,path_life,0.7,graph_0001,epoch_0003
trace,static,0.270372,0.270369,1081,959,105,0,0,0.661111,0.033185,74.437295,360,238,0,0,0,53,0.944444,0,0,0.000000,0.000000,0.700000,4.666667,5.000000,5.000000,5.000000;5.000000;5.000000;5.000000;5.000000;5.000000;4.000000;4.000000;4.000000,16,nan,0,3.000000;3.000000;2.000000;2.000000;2.000000;2.000000;2.000000;2.000000,0.138229;0.166389;0.047689;0.092789;0.137909;0.019189;0.081269;0.143349,3.000000;3.000000;2.000000;2.000000;2.000000;2.000000;2.000000;2.000000,0,0,0,0,0,0,0,0,0,0,0,0,0,0,0,0,0,0,0,0,0,0,0,0,0,0,0,0,graph_0001__path_life_0.7000,path_life,0.7,graph_0001,epoch_0003
trace,olsr,0.448928,0.448912,1615,1750,105,332,536,0.802778,0.040289,74.585801,360,289,2,0,0,168,1.146825,332,21864,1.148789,75.653979,0.700000,4.666667,5.000000,5.000000,5.000000;5.000000;5.000000;5.000000;5.000000;5.000000;4.000000;4.000000;4.000000,16,nan,0,3.000000;3.000000;2.000000;2.000000;2.000000;2.000000;2.000000;2.000000,0.129253;0.157413;0.038693;0.083813;0.128933;0.010213;0.072293;0.134373,3.000000;3.000000;2.000000;2.000000;2.000000;2.000000;2.000000;2.000000,228,13696,104,8168,0,0,0,0,0,0,0,0,0,0,0,0,0,0,0,0,0,0,0,0,0,0,0,0,graph_0001__path_life_0.7000,path_life,0.7,graph_0001,epoch_0004
trace,aodv,0.555243,0.554938,2181,2437,105,609,876,0.969444,0.048847,75.270347,360,349,0,0,0,277,1.384921,609,29354,1.744986,84.108883,0.700000,4.666667,5.000000,5.000000,5.000000;5.000000;5.000000;5.000000;5.000000;5.000000;4.000000;4.000000;4.000000,16,nan,0,3.000000;3.000000;2.000000;2.000000;2.000000;2.000000;2.000000;2.000000,0.129253;0.511709;1.527264;1.420625;1.465309;0.010213;1.404608;1.475944,3.000000;3.000000;2.000000;2.000000;2.000000;2.000000;2.000000;2.000000,0,0,0,0,0,0,0,0,0,0,488,23424,59,3068,48,2304,9,408,5,150,0,0,0,0,0,0,0,0,graph_0001__path_life_0.7000,path_life,0.7,graph_0001,epoch_0004
trace,static,0.271734,0.271727,1081,959,105,0,0,0.661111,0.033179,74.437253,360,238,0,0,0,54,0.944444,0,0,0.000000,0.000000,0.700000,4.666667,5.000000,5.000000,5.000000;5.000000;5.000000;5.000000;5.000000;5.000000;4.000000;4.000000;4.000000,16,nan,0,3.000000;3.000000;2.000000;2.000000;2.000000;2.000000;2.000000;2.000000,0.138229;0.166389;0.047689;0.092789;0.137909;0.019189;0.081269;0.143349,3.000000;3.000000;2.000000;2.000000;2.000000;2.000000;2.000000;2.000000,0,0,0,0,0,0,0,0,0,0,0,0,0,0,0,0,0,0,0,0,0,0,0,0,0,0,0,0,graph_0001__path_life_0.7000,path_life,0.7,graph_0001,epoch_0004
trace,olsr,0.474824,0.474712,1617,1746,105,330,530,0.802778,0.040290,74.488786,360,289,0,0,0,172,1.146825,330,21800,1.141869,75.432526,0.700000,4.666667,5.000000,5.000000,5.000000;5.000000;5.000000;5.000000;5.000000;5.000000;4.000000;4.000000;4.000000,16,nan,0,3.000000;3.000000;2.000000;2.000000;2.000000;2.000000;2.000000;2.000000,0.129253;0.157413;0.038693;0.083813;0.128933;0.010213;0.072293;0.134373,3.000000;3.000000;2.000000;2.000000;2.000000;2.000000;2.000000;2.000000,225,13504,105,8296,0,0,0,0,0,0,0,0,0,0,0,0,0,0,0,0,0,0,0,0,0,0,0,0,graph_0001__path_life_0.7000,path_life,0.7,graph_0001,epoch_0005
trace,aodv,0.524304,0.522527,2174,2424,105,609,876,0.952778,0.048825,75.791132,360,343,0,0,0,278,1.361111,609,29354,1.775510,85.580175,0.700000,4.666667,5.000000,5.000000,5.000000;5.000000;5.000000;5.000000;5.000000;5.000000;4.000000;4.000000;4.000000,16,nan,0,3.000000;3.000000;2.000000;2.000000;2.000000;2.000000;2.000000;2.000000,0.129253;0.505308;1.531458;1.421189;1.457004;0.010213;1.408668;1.478013,3.000000;3.000000;2.000000;2.000000;2.000000;2.000000;2.000000;2.000000,0,0,0,0,0,0,0,0,0,0,488,23424,59,3068,48,2304,9,408,5,150,0,0,0,0,0,0,0,0,graph_0001__path_life_0.7000,path_life,0.7,graph_0001,epoch_0005
trace,static,0.279255,0.279221,1081,959,105,0,0,0.661111,0.033180,74.437258,360,238,0,0,0,53,0.944444,0,0,0.000000,0.000000,0.700000,4.666667,5.000000,5.000000,5.000000;5.000000;5.000000;5.000000;5.000000;5.000000;4.000000;4.000000;4.000000,16,nan,0,3.000000;3.000000;2.000000;2.000000;2.000000;2.000000;2.000000;2.000000,0.138229;0.166389;0.047689;0.092789;0.137909;0.019189;0.081269;0.143349,3.000000;3.000000;2.000000;2.000000;2.000000;2.000000;2.000000;2.000000,0,0,0,0,0,0,0,0,0,0,0,0,0,0,0,0,0,0,0,0,0,0,0,0,0,0,0,0,graph_0001__path_life_0.7000,path_life,0.7,graph_0001,epoch_0005
trace,olsr,0.472184,0.471940,1621,1753,105,333,534,0.808333,0.040575,74.435510,360,291,0,0,0,168,1.154762,333,21944,1.144330,75.408935,0.700000,4.666667,5.000000,5.000000,5.000000;5.000000;5.000000;5.000000;5.000000;5.000000;4.000000;4.000000;4.000000,16,nan,0,3.000000;3.000000;2.000000;2.000000;2.000000;2.000000;2.000000;2.000000,0.129253;0.157413;0.038693;0.083813;0.128933;0.010213;0.072293;0.134373,3.000000;3.000000;2.000000;2.000000;2.000000;2.000000;2.000000;2.000000,230,13824,103,8120,0,0,0,0,0,0,0,0,0,0,0,0,0,0,0,0,0,0,0,0,0,0,0,0,graph_0001__path_life_0.7000,path_life,0.7,graph_0001,epoch_0002
trace,aodv,0.560444,0.560224,2181,2433,105,609,872,0.969444,0.048856,75.273034,360,349,0,0,0,275,1.384921,609,29354,1.744986,84.108883,0.700000,4.666667,5.000000,5.000000,5.000000;5.000000;5.000000;5.000000;5.000000;5.000000;4.000000;4.000000;4.000000,16,nan,0,3.000000;3.000000;2.000000;2.000000;2.000000;2.000000;2.000000;2.000000,0.129253;0.521233;1.529478;1.421654;1.470489;0.010213;1.412248;1.479965,3.000000;3.000000;2.000000;2.000000;2.000000;2.000000;2.000000;2.000000,0,0,0,0,0,0,0,0,0,0,488,23424,59,3068,48,2304,9,408,5,150,0,0,0,0,0,0,0,0,graph_0001__path_life_0.7000,path_life,0.7,graph_0001,epoch_0002
trace,static,0.281597,0.281582,1081,959,105,0,0,0.661111,0.033184,74.437290,360,238,0,0,0,53,0.944444,0,0,0.000000,0.000000,0.700000,4.666667,5.000000,5.000000,5.000000;5.000000;5.000000;5.000000;5.000000;5.000000;4.000000;4.000000;4.000000,16,nan,0,3.000000;3.000000;2.000000;2.000000;2.000000;2.000000;2.000000;2.000000,0.138229;0.166389;0.047689;0.092789;0.137909;0.019189;0.081269;0.143349,3.000000;3.000000;2.000000;2.000000;2.000000;2.000000;2.000000;2.000000,0,0,0,0,0,0,0,0,0,0,0,0,0,0,0,0,0,0,0,0,0,0,0,0,0,0,0,0,graph_0001__path_life_0.7000,path_life,0.7,graph_0001,epoch_0002
trace,olsr,0.394162,0.393557,1364,1390,105,327,499,0.500000,0.025816,74.190564,360,180,10,0,0,266,1.000000,327,21548,1.816667,119.711111,0.500000,4.285714,4.000000,5.000000,5.000000;5.000000;4.000000;4.000000;4.000000;4.000000;4.000000,12,nan,0,5.000000;5.000000;5.000000;5.000000;5.000000;5.000000,0.095333;0.089573;0.100773;0.111973;0.123173;0.134373,5.000000;5.000000;5.000000;5.000000;5.000000;5.000000,228,13696,99,7852,0,0,0,0,0,0,0,0,0,0,0,0,0,0,0,0,0,0,0,0,0,0,0,0,graph_0005__path_life_0.5000,path_life,0.5,graph_0005,epoch_0001
trace,aodv,0.450409,0.450213,1965,2171,105,640,868,0.738889,0.037227,78.749398,360,266,16,56,0,257,1.477778,640,30672,2.406015,115.308271,0.500000,4.285714,4.000000,5.000000,5.000000;5.000000;4.000000;4.000000;4.000000;4.000000;4.000000,12,nan,0,5.000000;5.000000;5.000000;5.000000;5.000000;5.000000,4.476148;0.089573;0.100773;0.111973;0.479878;0.134373,5.000000;5.000000;5.000000;5.000000;5.000000;5.000000,0,0,0,0,0,0,0,0,0,0,483,23184,68,3536,44,2112,41,1720,4,120,0,0,0,0,0,0,0,0,graph_0005__path_life_0.5000,path_life,0.5,graph_0005,epoch_0001
trace,static,0.184886,0.184654,866,674,105,0,0,0.466667,0.023423,73.106717,360,168,0,0,0,44,0.933333,0,0,0.000000,0.000000,0.500000,4.285714,4.000000,5.000000,5.000000;5.000000;4.000000;4.000000;4.000000;4.000000;4.000000,12,nan,0,5.000000;5.000000;5.000000;5.000000;5.000000;5.000000,0.104309;0.098549;0.109749;0.120949;0.132149;0.143349,5.000000;5.000000;5.000000;5.000000;5.000000;5.000000,0,0,0,0,0,0,0,0,0,0,0,0,0,0,0,0,0,0,0,0,0,0,0,0,0,0,0,0,graph_0005__path_life_0.5000,path_life,0.5,graph_0005,epoch_0001
trace,olsr,0.399481,0.399274,1405,1430,105,324,494,0.530556,0.026630,75.241193,360,191,11,0,0,275,1.061111,324,21380,1.696335,111.937173,0.500000,4.285714,4.000000,5.000000,5.000000;5.000000;4.000000;4.000000;4.000000;4.000000;4.000000,12,nan,0,5.000000;5.000000;5.000000;5.000000;5.000000;5.000000,0.095333;0.089573;0.100773;0.111973;0.123173;0.134373,5.000000;5.000000;5.000000;5.000000;5.000000;5.000000,228,13696,96,7684,0,0,0,0,0,0,0,0,0,0,0,0,0,0,0,0,0,0,0,0,0,0,0,0,graph_0005__path_life_0.5000,path_life,0.5,graph_0005,epoch_0003
trace,aodv,0.441449,0.441339,1950,2138,105,624,841,0.741667,0.037377,78.725943,360,267,8,56,0,283,1.483333,624,30024,2.337079,112.449438,0.500000,4.285714,4.000000,5.000000,5.000000;5.000000;4.000000;4.000000;4.000000;4.000000;4.000000,12,nan,0,5.000000;5.000000;5.000000;5.000000;5.000000;5.000000,4.455713;0.089573;0.100773;0.111973;0.001163;0.134373,5.000000;5.000000;5.000000;5.000000;5.000000;5.000000,0,0,0,0,0,0,0,0,0,0,488,23424,64,3328,44,2112,24,1040,4,120,0,0,0,0,0,0,0,0,graph_0005__path_life_0.5000,path_life,0.5,graph_0005,epoch_0003
trace,static,0.175563,0.175548,866,674,105,0,0,0.466667,0.023423,73.106722,360,168,0,0,0,44,0.933333,0,0,0.000000,0.000000,0.500000,4.285714,4.000000,5.000000,5.000000;5.000000;4.000000;4.000000;4.000000;4.000000;4.000000,12,nan,0,5.000000;5.000000;5.000000;5.000000;5.000000;5.000000,0.104309;0.098549;0.109749;0.120949;0.132149;0.143349,5.000000;5.000000;5.000000;5.000000;5.000000;5.000000,0,0,0,0,0,0,0,0,0,0,0,0,0,0,0,0,0,0,0,0,0,0,0,0,0,0,0,0,graph_0005__path_life_0.5000,path_life,0.5,graph_0005,epoch_0003
trace,olsr,0.413732,0.413729,1475,1497,105,328,501,0.566667,0.028438,73.397073,360,204,5,0,0,288,1.133333,328,21616,1.607843,105.960784,0.500000,4.285714,4.000000,5.000000,5.000000;5.000000;4.000000;4.000000;4.000000;4.000000;4.000000,12,nan,0,5.000000;5.000000;5.000000;5.000000;5.000000;5.000000,0.095333;0.089573;0.100773;0.111973;0.123173;0.134373,5.000000;5.000000;5.000000;5.000000;5.000000;5.000000,229,13760,99,7856,0,0,0,0,0,0,0,0,0,0,0,0,0,0,0,0,0,0,0,0,0,0,0,0,graph_0005__path_life_0.5000,path_life,0.5,graph_0005,epoch_0004
trace,aodv,0.429547,0.429406,1956,2155,105,633,855,0.738889,0.037229,79.158457,360,266,15,56,0,259,1.477778,633,30366,2.379699,114.157895,0.500000,4.285714,4.000000,5.000000,5.000000;5.000000;4.000000;4.000000;4.000000;4.000000;4.000000,12,nan,0,5.000000;5.000000;5.000000;5.000000;5.000000;5.000000,4.457881;0.282278;0.100773;0.111973;0.123173;0.134373,5.000000;5.000000;5.000000;5.000000;5.000000;5.000000,0,0,0,0,0,0,0,0,0,0,482,23136,68,3536,44,2112,34,1432,5,150,0,0,0,0,0,0,0,0,graph_0005__path_life_0.5000,path_life,0.5,graph_0005,epoch_0004
trace,static,0.181906,0.181894,866,674,105,0,0,0.466667,0.023420,73.106670,360,168,0,0,0,44,0.933333,0,0,0.000000,0.000000,0.500000,4.285714,4.000000,5.000000,5.000000;5.000000;4.000000;4.000000;4.000000;4.000000;4.000000,12,nan,0,5.000000;5.000000;5.000000;5.000000;5.000000;5.000000,0.104309;0.098549;0.109749;0.120949;0.132149;0.143349,5.000000;5.000000;5.000000;5.000000;5.000000;5.000000,0,0,0,0,0,0,0,0,0,0,0,0,0,0,0,0,0,0,0,0,0,0,0,0,0,0,0,0,graph_0005__path_life_0.5000,path_life,0.5,graph_0005,epoch_0004
trace,olsr,0.410372,0.410184,1427,1448,105,328,500,0.536111,0.027842,72.306175,360,193,4,0,0,286,1.072222,328,21640,1.699482,112.124352,0.500000,4.285714,4.000000,5.000000,5.000000;5.000000;4.000000;4.000000;4.000000;4.000000;4.000000,12,nan,0,5.000000;5.000000;5.000000;5.000000;5.000000;5.000000,0.095333;0.089573;0.100773;0.111973;0.287013;0.134373,5.000000;5.000000;5.000000;5.000000;5.000000;5.000000,229,13760,99,7880,0,0,0,0,0,0,0,0,0,0,0,0,0,0,0,0,0,0,0,0,0,0,0,0,graph_0005__path_life_0.5000,path_life,0.5,graph_0005,epoch_0005
trace,aodv,0.438812,0.438651,1973,2164,105,664,879,0.722222,0.036397,79.169264,360,260,20,56,0,298,1.444444,664,31792,2.553846,122.276923,0.500000,4.285714,4.000000,5.000000,5.000000;5.000000;4.000000;4.000000;4.000000;4.000000;4.000000,12,nan,0,5.000000;5.000000;5.000000;5.000000;5.000000;5.000000,4.460140;0.277337;0.100773;1.277341;0.123173;0.134373,5.000000;5.000000;5.000000;5.000000;5.000000;5.000000,0,0,0,0,0,0,0,0,0,0,477,22896,77,4004,58,2784,46,1928,6,180,0,0,0,0,0,0,0,0,graph_0005__path_life_0.5000,path_life,0.5,graph_0005,epoch_0005
trace,static,0.183232,0.183206,866,674,105,0,0,0.466667,0.023424,73.106741,360,168,0,0,0,44,0.933333,0,0,0.000000,0.000000,0.500000,4.285714,4.000000,5.000000,5.000000;5.000000;4.000000;4.000000;4.000000;4.000000;4.000000,12,nan,0,5.000000;5.000000;5.000000;5.000000;5.000000;5.000000,0.104309;0.098549;0.109749;0.120949;0.132149;0.143349,5.000000;5.000000;5.000000;5.000000;5.000000;5.000000,0,0,0,0,0,0,0,0,0,0,0,0,0,0,0,0,0,0,0,0,0,0,0,0,0,0,0,0,graph_0005__path_life_0.5000,path_life,0.5,graph_0005,epoch_0005
trace,olsr,0.379541,0.379440,1353,1405,105,328,505,0.511111,0.025650,75.528491,360,184,14,0,0,245,1.022222,328,21520,1.782609,116.956522,0.500000,4.285714,4.000000,5.000000,5.000000;5.000000;4.000000;4.000000;4.000000;4.000000;4.000000,12,nan,0,5.000000;5.000000;5.000000;5.000000;5.000000;5.000000,0.095333;0.089573;0.100773;0.111973;0.123173;0.134373,5.000000;5.000000;5.000000;5.000000;5.000000;5.000000,229,13760,99,7760,0,0,0,0,0,0,0,0,0,0,0,0,0,0,0,0,0,0,0,0,0,0,0,0,graph_0005__path_life_0.5000,path_life,0.5,graph_0005,epoch_0002
trace,aodv,0.440670,0.440491,1961,2155,105,639,862,0.730556,0.036809,78.633089,360,263,12,56,0,299,1.461111,639,30736,2.429658,116.866920,0.500000,4.285714,4.000000,5.000000,5.000000;5.000000;4.000000;4.000000;4.000000;4.000000;4.000000,12,nan,0,5.000000;5.000000;5.000000;5.000000;5.000000;5.000000,4.462658;0.089573;0.100773;0.111973;0.968285;0.134373,5.000000;5.000000;5.000000;5.000000;5.000000;5.000000,0,0,0,0,0,0,0,0,0,0,481,23088,76,3952,49,2352,29,1224,4,120,0,0,0,0,0,0,0,0,graph_0005__path_life_0.5000,path_life,0.5,graph_0005,epoch_0002
trace,static,0.181586,0.181405,866,674,105,0,0,0.466667,0.023419,73.106659,360,168,0,0,0,44,0.933333,0,0,0.000000,0.000000,0.500000,4.285714,4.000000,5.000000,5.000000;5.000000;4.000000;4.000000;4.000000;4.000000;4.000000,12,nan,0,5.000000;5.000000;5.000000;5.000000;5.000000;5.000000,0.104309;0.098549;0.109749;0.120949;0.132149;0.143349,5.000000;5.000000;5.000000;5.000000;5.000000;5.000000,0,0,0,0,0,0,0,0,0,0,0,0,0,0,0,0,0,0,0,0,0,0,0,0,0,0,0,0,graph_0005__path_life_0.5000,path_life,0.5,graph_0005,epoch_0002
trace,olsr,0.462074,0.461958,1746,1951,105,335,554,0.961111,0.048237,74.557233,360,346,0,0,0,103,1.067901,335,22176,0.968208,64.092486,0.900000,7.714286,8.000000,8.000000,8.000000;8.000000;8.000000;8.000000;8.000000;7.000000;7.000000,12,nan,0,1.000000;1.000000;1.000000;1.000000;1.000000;1.000000,0.112293;0.123493;0.134693;0.145893;0.157093;0.021413,1.000000;1.000000;1.000000;1.000000;1.000000;1.000000,227,13632,108,8544,0,0,0,0,0,0,0,0,0,0,0,0,0,0,0,0,0,0,0,0,0,0,0,0,graph_0002__path_life_0.9000,path_life,0.9,graph_0002,epoch_0001
trace,aodv,0.508743,0.508546,2027,2319,105,573,871,0.983333,0.049550,74.529189,360,354,0,0,0,105,1.092593,573,27550,1.618644,77.824859,0.900000,7.714286,8.000000,8.000000,8.000000;8.000000;8.000000;8.000000;8.000000;7.000000;7.000000,12,nan,0,1.000000;1.000000;1.000000;1.000000;1.000000;1.000000,0.112293;0.123493;0.134693;0.145893;0.157093;0.021413,1.000000;1.000000;1.000000;1.000000;1.000000;1.000000,0,0,0,0,0,0,0,0,0,0,509,24432,27,1404,29,1392,5,232,3,90,0,0,0,0,0,0,0,0,graph_0002__path_life_0.9000,path_life,0.9,graph_0002,epoch_0001
trace,static,0.330884,0.330882,1307,1260,105,0,0,0.869444,0.043637,74.397404,360,313,0,0,0,52,0.966049,0,0,0.000000,0.000000,0.900000,7.714286,8.000000,8.000000,8.000000;8.000000;8.000000;8.000000;8.000000;7.000000;7.000000,12,nan,0,1.000000;1.000000;1.000000;1.000000;1.000000;1.000000,0.121269;0.132469;0.143669;0.154869;0.166069;0.030389,1.000000;1.000000;1.000000;1.000000;1.000000;1.000000,0,0,0,0,0,0,0,0,0,0,0,0,0,0,0,0,0,0,0,0,0,0,0,0,0,0,0,0,graph_0002__path_life_0.9000,path_life,0.9,graph_0002,epoch_0001
trace,olsr,0.486372,0.486289,1744,1953,105,334,558,0.958333,0.048099,74.592932,360,345,0,0,0,93,1.064815,334,22048,0.968116,63.907246,0.900000,7.714286,8.000000,8.000000,8.000000;8.000000;8.000000;8.000000;8.000000;7.000000;7.000000,12,nan,0,1.000000;1.000000;1.000000;1.000000;1.000000;1.000000,0.112293;0.123493;0.134693;0.145893;0.157093;0.021413,1.000000;1.000000;1.000000;1.000000;1.000000;1.000000,230,13824,104,8224,0,0,0,0,0,0,0,0,0,0,0,0,0,0,0,0,0,0,0,0,0,0,0,0,graph_0002__path_life_0.9000,path_life,0.9,graph_0002,epoch_0003
trace,aodv,0.488945,0.488900,2029,2303,105,575,855,0.983333,0.049541,74.529192,360,354,0,0,0,129,1.092593,575,27654,1.624294,78.118644,0.900000,7.714286,8.000000,8.000000,8.000000;8.000000;8.000000;8.000000;8.000000;7.000000;7.000000,12,nan,0,1.000000;1.000000;1.000000;1.000000;1.000000;1.000000,0.112293;0.123493;0.134693;0.145893;0.157093;0.021413,1.000000;1.000000;1.000000;1.000000;1.000000;1.000000,0,0,0,0,0,0,0,0,0,0,509,24432,29,1508,29,1392,5,232,3,90,0,0,0,0,0,0,0,0,graph_0002__path_life_0.9000,path_life,0.9,graph_0002,epoch_0003
trace,static,0.329137,0.329113,1307,1260,105,0,0,0.869444,0.043630,74.397376,360,313,0,0,0,51,0.966049,0,0,0.000000,0.000000,0.900000,7.714286,8.000000,8.000000,8.000000;8.000000;8.000000;8.000000;8.000000;7.000000;7.000000,12,nan,0,1.000000;1.000000;1.000000;1.000000;1.000000;1.000000,0.121269;0.132469;0.143669;0.154869;0.166069;0.030389,1.000000;1.000000;1.000000;1.000000;1.000000;1.000000,0,0,0,0,0,0,0,0,0,0,0,0,0,0,0,0,0,0,0,0,0,0,0,0,0,0,0,0,graph_0002__path_life_0.9000,path_life,0.9,graph_0002,epoch_0003
trace,olsr,0.456182,0.456023,1737,1945,105,330,554,0.955556,0.047961,74.550380,360,344,0,0,0,92,1.061728,330,22088,0.959302,64.209302,0.900000,7.714286,8.000000,8.000000,8.000000;8.000000;8.000000;8.000000;8.000000;7.000000;7.000000,12,nan,0,1.000000;1.000000;1.000000;1.000000;1.000000;1.000000,0.112293;0.123493;0.134693;0.145893;0.157093;0.021413,1.000000;1.000000;1.000000;1.000000;1.000000;1.000000,226,13568,104,8520,0,0,0,0,0,0,0,0,0,0,0,0,0,0,0,0,0,0,0,0,0,0,0,0,graph_0002__path_life_0.9000,path_life,0.9,graph_0002,epoch_0004
trace,aodv,0.481904,0.481873,2029,2329,105,575,881,0.983333,0.049556,74.529146,360,354,0,0,0,86,1.092593,575,27654,1.624294,78.118644,0.900000,7.714286,8.000000,8.000000,8.000000;8.000000;8.000000;8.000000;8.000000;7.000000;7.000000,12,nan,0,1.000000;1.000000;1.000000;1.000000;1.000000;1.000000,0.112293;0.123493;0.134693;0.145893;0.157093;0.021413,1.000000;1.000000;1.000000;1.000000;1.000000;1.000000,0,0,0,0,0,0,0,0,0,0,509,24432,29,1508,29,1392,5,232,3,90,0,0,0,0,0,0,0,0,graph_0002__path_life_0.9000,path_life,0.9,graph_0002,epoch_0004
trace,static,0.332589,0.332288,1307,1260,105,0,0,0.869444,0.043639,74.397414,360,313,0,0,0,51,0.966049,0,0,0.000000,0.000000,0.900000,7.714286,8.000000,8.000000,8.000000;8.000000;8.000000;8.000000;8.000000;7.000000;7.000000,12,nan,0,1.000000;1.000000;1.000000;1.000000;1.000000;1.000000,0.121269;0.132469;0.143669;0.154869;0.166069;0.030389,1.000000;1.000000;1.000000;1.000000;1.000000;1.000000,0,0,0,0,0,0,0,0,0,0,0,0,0,0,0,0,0,0,0,0,0,0,0,0,0,0,0,0,graph_0002__path_life_0.9000,path_life,0.9,graph_0002,epoch_0004
trace,olsr,0.456598,0.455932,1741,1948,105,334,557,0.955556,0.047962,74.550379,360,344,0,0,0,97,1.061728,334,22144,0.970930,64.372093,0.900000,7.714286,8.000000,8.000000,8.000000;8.000000;8.000000;8.000000;8.000000;7.000000;7.000000,12,nan,0,1.000000;1.000000;1.000000;1.000000;1.000000;1.000000,0.112293;0.123493;0.134693;0.145893;0.157093;0.021413,1.000000;1.000000;1.000000;1.000000;1.000000;1.000000,228,13696,106,8448,0,0,0,0,0,0,0,0,0,0,0,0,0,0,0,0,0,0,0,0,0,0,0,0,graph_0002__path_life_0.9000,path_life,0.9,graph_0002,epoch_0005
trace,aodv,0.503756,0.503735,2028,2325,105,573,876,0.983333,0.049564,74.529492,360,354,0,0,0,94,1.092593,573,27550,1.618644,77.824859,0.900000,7.714286,8.000000,8.000000,8.000000;8.000000;8.000000;8.000000;8.000000;7.000000;7.000000,12,nan,0,1.000000;1.000000;1.000000;1.000000;1.000000;1.000000,0.112293;0.123493;0.134693;0.145893;0.157093;0.023963,1.000000;1.000000;1.000000;1.000000;1.000000;1.000000,0,0,0,0,0,0,0,0,0,0,509,24432,27,1404,29,1392,5,232,3,90,0,0,0,0,0,0,0,0,graph_0002__path_life_0.9000,path_life,0.9,graph_0002,epoch_0005
trace,static,0.336244,0.336171,1307,1260,105,0,0,0.869444,0.043640,74.397417,360,313,0,0,0,51,0.966049,0,0,0.000000,0.000000,0.900000,7.714286,8.000000,8.000000,8.000000;8.000000;8.000000;8.000000;8.000000;7.000000;7.000000,12,nan,0,1.000000;1.000000;1.000000;1.000000;1.000000;1.000000,0.121269;0.132469;0.143669;0.154869;0.166069;0.030389,1.000000;1.000000;1.000000;1.000000;1.000000;1.000000,0,0,0,0,0,0,0,0,0,0,0,0,0,0,0,0,0,0,0,0,0,0,0,0,0,0,0,0,graph_0002__path_life_0.9000,path_life,0.9,graph_0002,epoch_0005
trace,olsr,0.450983,0.450769,1742,1950,105,335,559,0.955556,0.047960,74.550355,360,344,0,0,0,93,1.061728,335,22248,0.973837,64.674419,0.900000,7.714286,8.000000,8.000000,8.000000;8.000000;8.000000;8.000000;8.000000;7.000000;7.000000,12,nan,0,1.000000;1.000000;1.000000;1.000000;1.000000;1.000000,0.112293;0.123493;0.134693;0.145893;0.157093;0.021413,1.000000;1.000000;1.000000;1.000000;1.000000;1.000000,225,13504,110,8744,0,0,0,0,0,0,0,0,0,0,0,0,0,0,0,0,0,0,0,0,0,0,0,0,graph_0002__path_life_0.9000,path_life,0.9,graph_0002,epoch_0002
trace,aodv,0.506474,0.506439,2030,2307,105,575,858,0.983333,0.049545,74.529133,360,354,0,0,0,115,1.092593,575,27654,1.624294,78.118644,0.900000,7.714286,8.000000,8.000000,8.000000;8.000000;8.000000;8.000000;8.000000;7.000000;7.000000,12,nan,0,1.000000;1.000000;1.000000;1.000000;1.000000;1.000000,0.112293;0.123493;0.134693;0.145893;0.157093;0.021413,1.000000;1.000000;1.000000;1.000000;1.000000;1.000000,0,0,0,0,0,0,0,0,0,0,509,24432,29,1508,29,1392,5,232,3,90,0,0,0,0,0,0,0,0,graph_0002__path_life_0.9000,path_life,0.9,graph_0002,epoch_0002
trace,static,0.353107,0.352853,1307,1260,105,0,0,0.869444,0.043638,74.397408,360,313,0,0,0,50,0.966049,0,0,0.000000,0.000000,0.900000,7.714286,8.000000,8.000000,8.000000;8.000000;8.000000;8.000000;8.000000;7.000000;7.000000,12,nan,0,1.000000;1.000000;1.000000;1.000000;1.000000;1.000000,0.121269;0.132469;0.143669;0.154869;0.166069;0.030389,1.000000;1.000000;1.000000;1.000000;1.000000;1.000000,0,0,0,0,0,0,0,0,0,0,0,0,0,0,0,0,0,0,0,0,0,0,0,0,0,0,0,0,graph_0002__path_life_0.9000,path_life,0.9,graph_0002,epoch_0002
trace,olsr,0.434723,0.434699,1618,1748,105,333,536,0.797222,0.040014,75.073074,360,287,0,0,0,183,1.138889,333,21944,1.160279,76.459930,0.700000,4.666667,5.000000,5.000000,5.000000;5.000000;5.000000;5.000000;5.000000;5.000000;4.000000;4.000000;4.000000,16,nan,0,3.000000;3.000000;2.000000;2.000000;2.000000;2.000000;2.000000;2.000000,0.129253;0.157413;0.038693;0.083813;0.128933;0.010213;0.072293;0.134373,3.000000;3.000000;2.000000;2.000000;2.000000;2.000000;2.000000;2.000000,228,13696,105,8248,0,0,0,0,0,0,0,0,0,0,0,0,0,0,0,0,0,0,0,0,0,0,0,0,graph_0005__path_life_0.7000,path_life,0.7,graph_0005,epoch_0001
trace,aodv,0.498577,0.498421,2129,2380,105,627,899,0.919444,0.046324,74.947147,360,331,8,0,0,234,1.313492,627,30100,1.894260,90.936556,0.700000,4.666667,5.000000,5.000000,5.000000;5.000000;5.000000;5.000000;5.000000;5.000000;4.000000;4.000000;4.000000,16,nan,0,3.000000;3.000000;2.000000;2.000000;2.000000;2.000000;2.000000;2.000000,0.480886;1.506131;0.038693;0.083813;1.473826;0.010213;1.410444;0.134373,3.000000;3.000000;2.000000;2.000000;2.000000;2.000000;2.000000;2.000000,0,0,0,0,0,0,0,0,0,0,489,23472,57,2964,52,2496,25,1048,4,120,0,0,0,0,0,0,0,0,graph_0005__path_life_0.7000,path_life,0.7,graph_0005,epoch_0001
trace,static,0.254773,0.254741,1078,956,105,0,0,0.661111,0.033182,74.437274,360,238,0,0,0,50,0.944444,0,0,0.000000,0.000000,0.700000,4.666667,5.000000,5.000000,5.000000;5.000000;5.000000;5.000000;5.000000;5.000000;4.000000;4.000000;4.000000,16,nan,0,3.000000;3.000000;2.000000;2.000000;2.000000;2.000000;2.000000;2.000000,0.138229;0.166389;0.047709;0.092789;0.137909;0.019189;0.081269;0.143349,3.000000;3.000000;2.000000;2.000000;2.000000;2.000000;2.000000;2.000000,0,0,0,0,0,0,0,0,0,0,0,0,0,0,0,0,0,0,0,0,0,0,0,0,0,0,0,0,graph_0005__path_life_0.7000,path_life,0.7,graph_0005,epoch_0001
trace,olsr,0.495306,0.494983,1613,1738,105,328,526,0.797222,0.040015,75.101024,360,287,0,0,0,182,1.138889,328,21760,1.142857,75.818815,0.700000,4.666667,5.000000,5.000000,5.000000;5.000000;5.000000;5.000000;5.000000;5.000000;4.000000;4.000000;4.000000,16,nan,0,3.000000;3.000000;2.000000;2.000000;2.000000;2.000000;2.000000;2.000000,0.129253;0.157413;0.038693;0.083813;0.128933;0.010213;0.072293;0.134373,3.000000;3.000000;2.000000;2.000000;2.000000;2.000000;2.000000;2.000000,228,13696,100,8064,0,0,0,0,0,0,0,0,0,0,0,0,0,0,0,0,0,0,0,0,0,0,0,0,graph_0005__path_life_0.7000,path_life,0.7,graph_0005,epoch_0003
trace,aodv,0.541430,0.541374,2129,2371,105,621,884,0.922222,0.046476,74.864223,360,332,7,0,0,245,1.317460,621,29884,1.870482,90.012048,0.700000,4.666667,5.000000,5.000000,5.000000;5.000000;5.000000;5.000000;5.000000;5.000000;4.000000;4.000000;4.000000,16,nan,0,3.000000;3.000000;2.000000;2.000000;2.000000;2.000000;2.000000;2.000000,0.484185;1.492909;0.038693;0.083813;1.466025;0.010213;1.407950;0.134373,3.000000;3.000000;2.000000;2.000000;2.000000;2.000000;2.000000;2.000000,0,0,0,0,0,0,0,0,0,0,491,23568,57,2964,52,2496,17,736,4,120,0,0,0,0,0,0,0,0,graph_0005__path_life_0.7000,path_life,0.7,graph_0005,epoch_0003
trace,static,0.264255,0.264234,1078,956,105,0,0,0.661111,0.033183,74.437282,360,238,0,0,0,51,0.944444,0,0,0.000000,0.000000,0.700000,4.666667,5.000000,5.000000,5.000000;5.000000;5.000000;5.000000;5.000000;5.000000;4.000000;4.000000;4.000000,16,nan,0,3.000000;3.000000;2.000000;2.000000;2.000000;2.000000;2.000000;2.000000,0.138229;0.166389;0.047709;0.092789;0.137909;0.019189;0.081269;0.143349,3.000000;3.000000;2.000000;2.000000;2.000000;2.000000;2.000000;2.000000,0,0,0,0,0,0,0,0,0,0,0,0,0,0,0,0,0,0,0,0,0,0,0,0,0,0,0,0,graph_0005__path_life_0.7000,path_life,0.7,graph_0005,epoch_0003
trace,olsr,0.426223,0.426211,1612,1737,105,331,529,0.791667,0.039730,75.191426,360,285,2,0,0,184,1.130952,331,21856,1.161404,76.687719,0.700000,4.666667,5.000000,5.000000,5.000000;5.000000;5.000000;5.000000;5.000000;5.000000;4.000000;4.000000;4.000000,16,nan,0,3.000000;3.000000;2.000000;2.000000;2.000000;2.000000;2.000000;2.000000,0.129253;0.157413;0.038693;0.083813;0.128933;0.010213;0.072293;0.134373,3.000000;3.000000;2.000000;2.000000;2.000000;2.000000;2.000000;2.000000,227,13632,104,8224,0,0,0,0,0,0,0,0,0,0,0,0,0,0,0,0,0,0,0,0,0,0,0,0,graph_0005__path_life_0.7000,path_life,0.7,graph_0005,epoch_0004
trace,aodv,0.493845,0.493821,2132,2380,105,630,898,0.919444,0.046326,74.946040,360,331,9,0,0,228,1.313492,630,30220,1.903323,91.299094,0.700000,4.666667,5.000000,5.000000,5.000000;5.000000;5.000000;5.000000;5.000000;5.000000;4.000000;4.000000;4.000000,16,nan,0,3.000000;3.000000;2.000000;2.000000;2.000000;2.000000;2.000000;2.000000,0.486926;1.492415;0.038693;0.083813;1.473688;0.010213;1.397579;0.134373,3.000000;3.000000;2.000000;2.000000;2.000000;2.000000;2.000000;2.000000,0,0,0,0,0,0,0,0,0,0,489,23472,57,2964,52,2496,28,1168,4,120,0,0,0,0,0,0,0,0,graph_0005__path_life_0.7000,path_life,0.7,graph_0005,epoch_0004
trace,static,0.254750,0.254715,1078,956,105,0,0,0.661111,0.033178,74.437241,360,238,0,0,0,51,0.944444,0,0,0.000000,0.000000,0.700000,4.666667,5.000000,5.000000,5.000000;5.000000;5.000000;5.000000;5.000000;5.000000;4.000000;4.000000;4.000000,16,nan,0,3.000000;3.000000;2.000000;2.000000;2.000000;2.000000;2.000000;2.000000,0.138229;0.166389;0.047709;0.092789;0.137909;0.019189;0.081269;0.143349,3.000000;3.000000;2.000000;2.000000;2.000000;2.000000;2.000000;2.000000,0,0,0,0,0,0,0,0,0,0,0,0,0,0,0,0,0,0,0,0,0,0,0,0,0,0,0,0,graph_0005__path_life_0.7000,path_life,0.7,graph_0005,epoch_0004
trace,olsr,0.428808,0.428444,1609,1734,105,330,527,0.794444,0.039877,75.159162,360,286,2,0,0,188,1.134921,330,21848,1.153846,76.391608,0.700000,4.666667,5.000000,5.000000,5.000000;5.000000;5.000000;5.000000;5.000000;5.000000;4.000000;4.000000;4.000000,16,nan,0,3.000000;3.000000;2.000000;2.000000;2.000000;2.000000;2.000000;2.000000,0.129253;0.157413;0.038693;0.083813;0.128933;0.010213;0.072293;0.134373,3.000000;3.000000;2.000000;2.000000;2.000000;2.000000;2.000000;2.000000,228,13696,102,8152,0,0,0,0,0,0,0,0,0,0,0,0,0,0,0,0,0,0,0,0,0,0,0,0,graph_0005__path_life_0.7000,path_life,0.7,graph_0005,epoch_0005
trace,aodv,0.509863,0.509553,2128,2373,105,631,895,0.919444,0.046336,74.921860,360,331,10,0,0,251,1.313492,631,30252,1.906344,91.395770,0.700000,4.666667,5.000000,5.000000,5.000000;5.000000;5.000000;5.000000;5.000000;5.000000;4.000000;4.000000;4.000000,16,nan,0,3.000000;3.000000;2.000000;2.000000;2.000000;2.000000;2.000000;2.000000,0.488305;1.501465;0.038693;0.083813;1.474785;0.010213;1.403103;0.134373,3.000000;3.000000;2.000000;2.000000;2.000000;2.000000;2.000000;2.000000,0,0,0,0,0,0,0,0,0,0,491,23568,55,2860,52,2496,29,1208,4,120,0,0,0,0,0,0,0,0,graph_0005__path_life_0.7000,path_life,0.7,graph_0005,epoch_0005
trace,static,0.267021,0.266985,1078,956,105,0,0,0.661111,0.033185,74.437291,360,238,0,0,0,51,0.944444,0,0,0.000000,0.000000,0.700000,4.666667,5.000000,5.000000,5.000000;5.000000;5.000000;5.000000;5.000000;5.000000;4.000000;4.000000;4.000000,16,nan,0,3.000000;3.000000;2.000000;2.000000;2.000000;2.000000;2.000000;2.000000,0.138229;0.166389;0.047709;0.092789;0.137909;0.019189;0.081269;0.143349,3.000000;3.000000;2.000000;2.000000;2.000000;2.000000;2.000000;2.000000,0,0,0,0,0,0,0,0,0,0,0,0,0,0,0,0,0,0,0,0,0,0,0,0,0,0,0,0,graph_0005__path_life_0.7000,path_life,0.7,graph_0005,epoch_0005
trace,olsr,0.430660,0.430522,1610,1730,105,329,522,0.794444,0.039868,75.146245,360,286,0,0,0,185,1.134921,329,21768,1.150350,76.111888,0.700000,4.666667,5.000000,5.000000,5.000000;5.000000;5.000000;5.000000;5.000000;5.000000;4.000000;4.000000;4.000000,16,nan,0,3.000000;3.000000;2.000000;2.000000;2.000000;2.000000;2.000000;2.000000,0.129253;0.157413;0.038693;0.083813;0.128933;0.010213;0.072293;0.134373,3.000000;3.000000;2.000000;2.000000;2.000000;2.000000;2.000000;2.000000,226,13568,103,8200,0,0,0,0,0,0,0,0,0,0,0,0,0,0,0,0,0,0,0,0,0,0,0,0,graph_0005__path_life_0.7000,path_life,0.7,graph_0005,epoch_0002
trace,aodv,0.501573,0.501385,2113,2360,105,619,891,0.911111,0.045907,74.859554,360,328,7,0,0,247,1.301587,619,29732,1.887195,90.646341,0.700000,4.666667,5.000000,5.000000,5.000000;5.000000;5.000000;5.000000;5.000000;5.000000;4.000000;4.000000;4.000000,16,nan,0,3.000000;3.000000;2.000000;2.000000;2.000000;2.000000;2.000000;2.000000,0.482324;1.494228;0.038693;0.083813;1.470904;0.010213;1.404124;0.134373,3.000000;3.000000;2.000000;2.000000;2.000000;2.000000;2.000000;2.000000,0,0,0,0,0,0,0,0,0,0,492,23616,51,2652,52,2496,20,848,4,120,0,0,0,0,0,0,0,0,graph_0005__path_life_0.7000,path_life,0.7,graph_0005,epoch_0002
trace,static,0.253501,0.253478,1078,956,105,0,0,0.661111,0.033177,74.437233,360,238,0,0,0,51,0.944444,0,0,0.000000,0.000000,0.700000,4.666667,5.000000,5.000000,5.000000;5.000000;5.000000;5.000000;5.000000;5.000000;4.000000;4.000000;4.000000,16,nan,0,3.000000;3.000000;2.000000;2.000000;2.000000;2.000000;2.000000;2.000000,0.138229;0.166389;0.047709;0.092789;0.137909;0.019189;0.081269;0.143349,3.000000;3.000000;2.000000;2.000000;2.000000;2.000000;2.000000;2.000000,0,0,0,0,0,0,0,0,0,0,0,0,0,0,0,0,0,0,0,0,0,0,0,0,0,0,0,0,graph_0005__path_life_0.7000,path_life,0.7,graph_0005,epoch_0002
trace,olsr,0.424586,0.424413,1436,1458,105,326,493,0.588889,0.029556,74.143759,360,212,2,0,0,229,1.177778,326,21432,1.537736,101.094340,0.500000,4.285714,4.000000,5.000000,5.000000;5.000000;4.000000;4.000000;4.000000;4.000000;4.000000,12,nan,0,5.000000;5.000000;5.000000;5.000000;5.000000;5.000000,0.095333;0.089573;0.100773;0.111973;0.123173;0.134373,5.000000;5.000000;5.000000;5.000000;5.000000;5.000000,228,13696,98,7736,0,0,0,0,0,0,0,0,0,0,0,0,0,0,0,0,0,0,0,0,0,0,0,0,graph_0002__path_life_0.5000,path_life,0.5,graph_0002,epoch_0001
trace,aodv,0.441470,0.441420,1806,2004,105,637,855,0.625000,0.031493,81.194761,360,225,3,112,0,285,1.250000,637,30610,2.831111,136.044444,0.500000,4.285714,4.000000,5.000000,5.000000;5.000000;4.000000;4.000000;4.000000;4.000000;4.000000,12,nan,0,5.000000;5.000000;5.000000;5.000000;5.000000;5.000000,4.464721;0.089573;nan;0.111973;0.123173;0.134373,5.000000;5.000000;5.000000;5.000000;5.000000;5.000000,0,0,0,0,0,0,0,0,0,0,484,23232,72,3744,48,2304,26,1120,7,210,0,0,0,0,0,0,0,0,graph_0002__path_life_0.5000,path_life,0.5,graph_0002,epoch_0001
trace,static,0.208388,0.208237,867,675,105,0,0,0.466667,0.023422,73.106698,360,168,0,0,0,45,0.933333,0,0,0.000000,0.000000,0.500000,4.285714,4.000000,5.000000,5.000000;5.000000;4.000000;4.000000;4.000000;4.000000;4.000000,12,nan,0,5.000000;5.000000;5.000000;5.000000;5.000000;5.000000,0.104309;0.098549;0.109749;0.120949;0.132149;0.143349,5.000000;5.000000;5.000000;5.000000;5.000000;5.000000,0,0,0,0,0,0,0,0,0,0,0,0,0,0,0,0,0,0,0,0,0,0,0,0,0,0,0,0,graph_0002__path_life_0.5000,path_life,0.5,graph_0002,epoch_0001
trace,olsr,0.412447,0.412257,1435,1458,105,325,493,0.588889,0.029556,74.115065,360,212,1,0,0,236,1.177778,325,21448,1.533019,101.169811,0.500000,4.285714,4.000000,5.000000,5.000000;5.000000;4.000000;4.000000;4.000000;4.000000;4.000000,12,nan,0,5.000000;5.000000;5.000000;5.000000;5.000000;5.000000,0.095333;0.089573;0.100773;0.111973;0.123173;0.134373,5.000000;5.000000;5.000000;5.000000;5.000000;5.000000,229,13760,96,7688,0,0,0,0,0,0,0,0,0,0,0,0,0,0,0,0,0,0,0,0,0,0,0,0,graph_0002__path_life_0.5000,path_life,0.5,graph_0002,epoch_0003
trace,aodv,0.428133,0.428063,1815,1977,105,644,829,0.616667,0.031068,81.451027,360,222,3,112,0,339,1.233333,644,30920,2.900901,139.279279,0.500000,4.285714,4.000000,5.000000,5.000000;5.000000;4.000000;4.000000;4.000000;4.000000;4.000000,12,nan,0,5.000000;5.000000;5.000000;5.000000;5.000000;5.000000,4.451701;0.089573;nan;0.111973;0.123173;0.134373,5.000000;5.000000;5.000000;5.000000;5.000000;5.000000,0,0,0,0,0,0,0,0,0,0,485,23280,69,3588,52,2496,32,1376,6,180,0,0,0,0,0,0,0,0,graph_0002__path_life_0.5000,path_life,0.5,graph_0002,epoch_0003
trace,static,0.194228,0.194221,867,675,105,0,0,0.466667,0.023418,73.106646,360,168,0,0,0,45,0.933333,0,0,0.000000,0.000000,0.500000,4.285714,4.000000,5.000000,5.000000;5.000000;4.000000;4.000000;4.000000;4.000000;4.000000,12,nan,0,5.000000;5.000000;5.000000;5.000000;5.000000;5.000000,0.104309;0.098549;0.109749;0.120949;0.132149;0.143349,5.000000;5.000000;5.000000;5.000000;5.000000;5.000000,0,0,0,0,0,0,0,0,0,0,0,0,0,0,0,0,0,0,0,0,0,0,0,0,0,0,0,0,graph_0002__path_life_0.5000,path_life,0.5,graph_0002,epoch_0003
trace,olsr,0.417666,0.417148,1434,1458,105,324,494,0.588889,0.029557,74.011684,360,212,2,0,0,236,1.177778,324,21464,1.528302,101.245283,0.500000,4.285714,4.000000,5.000000,5.000000;5.000000;4.000000;4.000000;4.000000;4.000000;4.000000,12,nan,0,5.000000;5.000000;5.000000;5.000000;5.000000;5.000000,0.095333;0.089573;0.100773;0.111973;0.123173;0.134373,5.000000;5.000000;5.000000;5.000000;5.000000;5.000000,227,13632,97,7832,0,0,0,0,0,0,0,0,0,0,0,0,0,0,0,0,0,0,0,0,0,0,0,0,graph_0002__path_life_0.5000,path_life,0.5,graph_0002,epoch_0004
trace,aodv,0.427521,0.426830,1808,2011,105,642,863,0.616667,0.031077,81.461174,360,222,8,112,0,264,1.233333,642,30766,2.891892,138.585586,0.500000,4.285714,4.000000,5.000000,5.000000;5.000000;4.000000;4.000000;4.000000;4.000000;4.000000,12,nan,0,5.000000;5.000000;5.000000;5.000000;5.000000;5.000000,4.462901;0.089573;nan;0.111973;0.123173;0.134373,5.000000;5.000000;5.000000;5.000000;5.000000;5.000000,0,0,0,0,0,0,0,0,0,0,484,23232,68,3536,46,2208,39,1640,5,150,0,0,0,0,0,0,0,0,graph_0002__path_life_0.5000,path_life,0.5,graph_0002,epoch_0004
trace,static,0.202206,0.202037,867,675,105,0,0,0.466667,0.023423,73.106717,360,168,0,0,0,45,0.933333,0,0,0.000000,0.000000,0.500000,4.285714,4.000000,5.000000,5.000000;5.000000;4.000000;4.000000;4.000000;4.000000;4.000000,12,nan,0,5.000000;5.000000;5.000000;5.000000;5.000000;5.000000,0.104309;0.098549;0.109749;0.120949;0.132149;0.143349,5.000000;5.000000;5.000000;5.000000;5.000000;5.000000,0,0,0,0,0,0,0,0,0,0,0,0,0,0,0,0,0,0,0,0,0,0,0,0,0,0,0,0,graph_0002__path_life_0.5000,path_life,0.5,graph_0002,epoch_0004
trace,olsr,0.408629,0.407495,1385,1409,105,328,497,0.555556,0.027885,73.414433,360,200,0,0,0,238,1.111111,328,21520,1.640000,107.600000,0.500000,4.285714,4.000000,5.000000,5.000000;5.000000;4.000000;4.000000;4.000000;4.000000;4.000000,12,nan,0,5.000000;5.000000;5.000000;5.000000;5.000000;5.000000,0.095333;0.089573;0.100773;0.111973;0.123173;0.134373,5.000000;5.000000;5.000000;5.000000;5.000000;5.000000,230,13824,98,7696,0,0,0,0,0,0,0,0,0,0,0,0,0,0,0,0,0,0,0,0,0,0,0,0,graph_0002__path_life_0.5000,path_life,0.5,graph_0002,epoch_0005
trace,aodv,0.432653,0.431172,1813,2013,105,622,840,0.638889,0.032202,80.957634,360,230,0,112,0,253,1.277778,622,29950,2.704348,130.217391,0.500000,4.285714,4.000000,5.000000,5.000000;5.000000;4.000000;4.000000;4.000000;4.000000;4.000000,12,nan,0,5.000000;5.000000;5.000000;5.000000;5.000000;5.000000,4.467901;1.918141;nan;0.111973;0.123173;0.134373,5.000000;5.000000;5.000000;5.000000;5.000000;5.000000,0,0,0,0,0,0,0,0,0,0,484,23232,70,3640,43,2064,20,864,5,150,0,0,0,0,0,0,0,0,graph_0002__path_life_0.5000,path_life,0.5,graph_0002,epoch_0005
trace,static,0.194912,0.194749,867,675,105,0,0,0.466667,0.023423,73.106722,360,168,0,0,0,45,0.933333,0,0,0.000000,0.000000,0.500000,4.285714,4.000000,5.000000,5.000000;5.000000;4.000000;4.000000;4.000000;4.000000;4.000000,12,nan,0,5.000000;5.000000;5.000000;5.000000;5.000000;5.000000,0.104309;0.098549;0.109749;0.120949;0.132149;0.143349,5.000000;5.000000;5.000000;5.000000;5.000000;5.000000,0,0,0,0,0,0,0,0,0,0,0,0,0,0,0,0,0,0,0,0,0,0,0,0,0,0,0,0,graph_0002__path_life_0.5000,path_life,0.5,graph_0002,epoch_0005
trace,olsr,0.454936,0.454831,1440,1465,105,327,497,0.591667,0.029696,74.220782,360,213,2,0,0,241,1.183333,327,21584,1.535211,101.333333,0.500000,4.285714,4.000000,5.000000,5.000000;5.000000;4.000000;4.000000;4.000000;4.000000;4.000000,12,nan,0,5.000000;5.000000;5.000000;5.000000;5.000000;5.000000,0.095333;0.089573;0.428453;0.111973;0.123173;0.134373,5.000000;5.000000;5.000000;5.000000;5.000000;5.000000,225,13504,102,8080,0,0,0,0,0,0,0,0,0,0,0,0,0,0,0,0,0,0,0,0,0,0,0,0,graph_0002__path_life_0.5000,path_life,0.5,graph_0002,epoch_0002
trace,aodv,0.438744,0.438695,1805,1987,105,634,838,0.616667,0.031070,81.453390,360,222,4,112,0,324,1.233333,634,30442,2.855856,137.126126,0.500000,4.285714,4.000000,5.000000,5.000000;5.000000;4.000000;4.000000;4.000000;4.000000;4.000000,12,nan,0,5.000000;5.000000;5.000000;5.000000;5.000000;5.000000,4.463297;0.089573;nan;0.111973;0.123173;0.134373,5.000000;5.000000;5.000000;5.000000;5.000000;5.000000,0,0,0,0,0,0,0,0,0,0,485,23280,67,3484,46,2208,31,1320,5,150,0,0,0,0,0,0,0,0,graph_0002__path_life_0.5000,path_life,0.5,graph_0002,epoch_0002
trace,static,0.192468,0.191851,867,675,105,0,0,0.466667,0.023422,73.106705,360,168,0,0,0,45,0.933333,0,0,0.000000,0.000000,0.500000,4.285714,4.000000,5.000000,5.000000;5.000000;4.000000;4.000000;4.000000;4.000000;4.000000,12,nan,0,5.000000;5.000000;5.000000;5.000000;5.000000;5.000000,0.104309;0.098549;0.109749;0.120949;0.132149;0.143349,5.000000;5.000000;5.000000;5.000000;5.000000;5.000000,0,0,0,0,0,0,0,0,0,0,0,0,0,0,0,0,0,0,0,0,0,0,0,0,0,0,0,0,graph_0002__path_life_0.5000,path_life,0.5,graph_0002,epoch_0002
trace,olsr,0.431972,0.431951,1737,1943,105,332,554,0.955556,0.047958,74.448629,360,344,0,0,0,88,1.061728,332,22008,0.965116,63.976744,0.900000,7.714286,8.000000,8.000000,8.000000;8.000000;8.000000;8.000000;8.000000;7.000000;7.000000,12,nan,0,1.000000;1.000000;1.000000;1.000000;1.000000;1.000000,0.112293;0.123493;0.134693;0.145893;0.157093;0.021413,1.000000;1.000000;1.000000;1.000000;1.000000;1.000000,227,13632,105,8376,0,0,0,0,0,0,0,0,0,0,0,0,0,0,0,0,0,0,0,0,0,0,0,0,graph_0004__path_life_0.9000,path_life,0.9,graph_0004,epoch_0001
trace,aodv,0.485051,0.484870,2022,2301,105,571,856,0.983333,0.049549,74.529032,360,354,0,0,0,106,1.092593,571,27446,1.612994,77.531073,0.900000,7.714286,8.000000,8.000000,8.000000;8.000000;8.000000;8.000000;8.000000;7.000000;7.000000,12,nan,0,1.000000;1.000000;1.000000;1.000000;1.000000;1.000000,0.112293;0.123493;0.134693;0.145893;0.157093;0.021413,1.000000;1.000000;1.000000;1.000000;1.000000;1.000000,0,0,0,0,0,0,0,0,0,0,511,24528,25,1300,29,1392,3,136,3,90,0,0,0,0,0,0,0,0,graph_0004__path_life_0.9000,path_life,0.9,graph_0004,epoch_0001
trace,static,0.329683,0.329478,1305,1258,105,0,0,0.869444,0.043635,74.397398,360,313,0,0,0,49,0.966049,0,0,0.000000,0.000000,0.900000,7.714286,8.000000,8.000000,8.000000;8.000000;8.000000;8.000000;8.000000;7.000000;7.000000,12,nan,0,1.000000;1.000000;1.000000;1.000000;1.000000;1.000000,0.121269;0.132469;0.143669;0.154869;0.166069;0.030389,1.000000;1.000000;1.000000;1.000000;1.000000;1.000000,0,0,0,0,0,0,0,0,0,0,0,0,0,0,0,0,0,0,0,0,0,0,0,0,0,0,0,0,graph_0004__path_life_0.9000,path_life,0.9,graph_0004,epoch_0001
trace,olsr,0.440490,0.440430,1737,1941,105,333,554,0.952778,0.047821,74.510558,360,343,0,0,0,88,1.058642,333,22088,0.970845,64.396501,0.900000,7.714286,8.000000,8.000000,8.000000;8.000000;8.000000;8.000000;8.000000;7.000000;7.000000,12,nan,0,1.000000;1.000000;1.000000;1.000000;1.000000;1.000000,0.112293;0.123493;0.134693;0.145893;0.157093;0.021413,1.000000;1.000000;1.000000;1.000000;1.000000;1.000000,229,13760,104,8328,0,0,0,0,0,0,0,0,0,0,0,0,0,0,0,0,0,0,0,0,0,0,0,0,graph_0004__path_life_0.9000,path_life,0.9,graph_0004,epoch_0003
trace,aodv,0.490052,0.490004,2042,2335,105,572,871,0.983333,0.049562,74.634470,360,354,0,0,0,114,1.092593,572,27488,1.615819,77.649718,0.900000,7.714286,8.000000,8.000000,8.000000;8.000000;8.000000;8.000000;8.000000;7.000000;7.000000,12,nan,0,1.000000;1.000000;1.000000;1.000000;1.000000;1.000000,0.112293;2.450188;0.134693;0.145893;0.157093;0.021413,1.000000;1.000000;1.000000;1.000000;1.000000;1.000000,0,0,0,0,0,0,0,0,0,0,508,24384,28,1456,29,1392,3,136,4,120,0,0,0,0,0,0,0,0,graph_0004__path_life_0.9000,path_life,0.9,graph_0004,epoch_0003
trace,static,0.321707,0.321693,1305,1258,105,0,0,0.869444,0.043638,74.397409,360,313,0,0,0,50,0.966049,0,0,0.000000,0.000000,0.900000,7.714286,8.000000,8.000000,8.000000;8.000000;8.000000;8.000000;8.000000;7.000000;7.000000,12,nan,0,1.000000;1.000000;1.000000;1.000000;1.000000;1.000000,0.121269;0.132469;0.143669;0.154869;0.166069;0.030389,1.000000;1.000000;1.000000;1.000000;1.000000;1.000000,0,0,0,0,0,0,0,0,0,0,0,0,0,0,0,0,0,0,0,0,0,0,0,0,0,0,0,0,graph_0004__path_life_0.9000,path_life,0.9,graph_0004,epoch_0003
trace,olsr,0.442952,0.442535,1737,1941,105,332,552,0.955556,0.047958,74.448645,360,344,0,0,0,100,1.061728,332,22056,0.965116,64.116279,0.900000,7.714286,8.000000,8.000000,8.000000;8.000000;8.000000;8.000000;8.000000;7.000000;7.000000,12,nan,0,1.000000;1.000000;1.000000;1.000000;1.000000;1.000000,0.112293;0.123493;0.134693;0.145893;0.157093;0.021413,1.000000;1.000000;1.000000;1.000000;1.000000;1.000000,230,13824,102,8232,0,0,0,0,0,0,0,0,0,0,0,0,0,0,0,0,0,0,0,0,0,0,0,0,graph_0004__path_life_0.9000,path_life,0.9,graph_0004,epoch_0004
trace,aodv,0.483132,0.482734,2021,2309,105,569,863,0.983333,0.049545,74.529125,360,354,0,0,0,102,1.092593,569,27342,1.607345,77.237288,0.900000,7.714286,8.000000,8.000000,8.000000;8.000000;8.000000;8.000000;8.000000;7.000000;7.000000,12,nan,0,1.000000;1.000000;1.000000;1.000000;1.000000;1.000000,0.112293;0.123493;0.134693;0.145893;0.157093;0.021413,1.000000;1.000000;1.000000;1.000000;1.000000;1.000000,0,0,0,0,0,0,0,0,0,0,511,24528,23,1196,29,1392,3,136,3,90,0,0,0,0,0,0,0,0,graph_0004__path_life_0.9000,path_life,0.9,graph_0004,epoch_0004
trace,static,0.329232,0.329115,1305,1258,105,0,0,0.869444,0.043637,74.397404,360,313,0,0,0,50,0.966049,0,0,0.000000,0.000000,0.900000,7.714286,8.000000,8.000000,8.000000;8.000000;8.000000;8.000000;8.000000;7.000000;7.000000,12,nan,0,1.000000;1.000000;1.000000;1.000000;1.000000;1.000000,0.121269;0.132469;0.143669;0.154869;0.166069;0.030389,1.000000;1.000000;1.000000;1.000000;1.000000;1.000000,0,0,0,0,0,0,0,0,0,0,0,0,0,0,0,0,0,0,0,0,0,0,0,0,0,0,0,0,graph_0004__path_life_0.9000,path_life,0.9,graph_0004,epoch_0004
trace,olsr,0.443752,0.443507,1739,1944,105,334,555,0.955556,0.047951,74.448602,360,344,0,0,0,95,1.061728,334,22120,0.970930,64.302326,0.900000,7.714286,8.000000,8.000000,8.000000;8.000000;8.000000;8.000000;8.000000;7.000000;7.000000,12,nan,0,1.000000;1.000000;1.000000;1.000000;1.000000;1.000000,0.112293;0.123493;0.134693;0.145893;0.158939;0.021413,1.000000;1.000000;1.000000;1.000000;1.000000;1.000000,229,13760,105,8360,0,0,0,0,0,0,0,0,0,0,0,0,0,0,0,0,0,0,0,0,0,0,0,0,graph_0004__path_life_0.9000,path_life,0.9,graph_0004,epoch_0005
trace,aodv,0.485694,0.485624,2022,2317,105,569,870,0.983333,0.049542,74.529566,360,354,0,0,0,93,1.092593,569,27342,1.607345,77.237288,0.900000,7.714286,8.000000,8.000000,8.000000;8.000000;8.000000;8.000000;8.000000;7.000000;7.000000,12,nan,0,1.000000;1.000000;1.000000;1.000000;1.000000;1.000000,0.112293;0.123493;0.134693;0.145893;0.157093;0.021413,1.000000;1.000000;1.000000;1.000000;1.000000;1.000000,0,0,0,0,0,0,0,0,0,0,511,24528,23,1196,29,1392,3,136,3,90,0,0,0,0,0,0,0,0,graph_0004__path_life_0.9000,path_life,0.9,graph_0004,epoch_0005
trace,static,0.328638,0.328612,1305,1258,105,0,0,0.869444,0.043630,74.397376,360,313,0,0,0,49,0.966049,0,0,0.000000,0.000000,0.900000,7.714286,8.000000,8.000000,8.000000;8.000000;8.000000;8.000000;8.000000;7.000000;7.000000,12,nan,0,1.000000;1.000000;1.000000;1.000000;1.000000;1.000000,0.121269;0.132469;0.143669;0.154869;0.166069;0.030389,1.000000;1.000000;1.000000;1.000000;1.000000;1.000000,0,0,0,0,0,0,0,0,0,0,0,0,0,0,0,0,0,0,0,0,0,0,0,0,0,0,0,0,graph_0004__path_life_0.9000,path_life,0.9,graph_0004,epoch_0005
trace,olsr,0.442093,0.441703,1738,1945,105,333,556,0.955556,0.047959,74.501069,360,344,0,0,0,84,1.061728,333,22088,0.968023,64.209302,0.900000,7.714286,8.000000,8.000000,8.000000;8.000000;8.000000;8.000000;8.000000;7.000000;7.000000,12,nan,0,1.000000;1.000000;1.000000;1.000000;1.000000;1.000000,0.112293;0.123493;0.134693;0.145893;0.157093;0.021413,1.000000;1.000000;1.000000;1.000000;1.000000;1.000000,228,13696,105,8392,0,0,0,0,0,0,0,0,0,0,0,0,0,0,0,0,0,0,0,0,0,0,0,0,graph_0004__path_life_0.9000,path_life,0.9,graph_0004,epoch_0002
trace,aodv,0.491588,0.491130,2017,2301,105,571,867,0.966667,0.049528,75.029396,360,348,0,0,0,105,1.074074,571,27446,1.640805,78.867816,0.900000,7.714286,8.000000,8.000000,8.000000;8.000000;8.000000;8.000000;8.000000;7.000000;7.000000,12,nan,0,1.000000;1.000000;1.000000;1.000000;1.000000;1.000000,0.112293;0.123493;0.134693;0.145893;0.157093;0.021413,1.000000;1.000000;1.000000;1.000000;1.000000;1.000000,0,0,0,0,0,0,0,0,0,0,511,24528,25,1300,29,1392,3,136,3,90,0,0,0,0,0,0,0,0,graph_0004__path_life_0.9000,path_life,0.9,graph_0004,epoch_0002
trace,static,0.331728,0.331713,1305,1258,105,0,0,0.869444,0.043637,74.397404,360,313,0,0,0,49,0.966049,0,0,0.000000,0.000000,0.900000,7.714286,8.000000,8.000000,8.000000;8.000000;8.000000;8.000000;8.000000;7.000000;7.000000,12,nan,0,1.000000;1.000000;1.000000;1.000000;1.000000;1.000000,0.121269;0.132469;0.143669;0.154869;0.166069;0.030389,1.000000;1.000000;1.000000;1.000000;1.000000;1.000000,0,0,0,0,0,0,0,0,0,0,0,0,0,0,0,0,0,0,0,0,0,0,0,0,0,0,0,0,graph_0004__path_life_0.9000,path_life,0.9,graph_0004,epoch_0002
trace,olsr,0.483401,0.483076,1754,1968,105,337,566,0.958333,0.048095,74.540667,360,345,0,0,0,95,1.064815,337,22288,0.976812,64.602899,0.900000,7.714286,8.000000,8.000000,8.000000;8.000000;8.000000;8.000000;8.000000;7.000000;7.000000,12,nan,0,1.000000;1.000000;1.000000;1.000000;1.000000;1.000000,0.112293;0.123493;0.134693;0.145893;0.157093;0.021413,1.000000;1.000000;1.000000;1.000000;1.000000;1.000000,228,13696,109,8592,0,0,0,0,0,0,0,0,0,0,0,0,0,0,0,0,0,0,0,0,0,0,0,0,graph_0001__path_life_0.9000,path_life,0.9,graph_0001,epoch_0001
trace,aodv,0.513880,0.513663,2030,2325,105,573,874,0.983333,0.049551,74.528932,360,354,0,0,0,108,1.092593,573,27582,1.618644,77.915254,0.900000,7.714286,8.000000,8.000000,8.000000;8.000000;8.000000;8.000000;8.000000;7.000000;7.000000,12,nan,0,1.000000;1.000000;1.000000;1.000000;1.000000;1.000000,0.112293;0.123493;0.134693;0.145893;0.157093;0.021413,1.000000;1.000000;1.000000;1.000000;1.000000;1.000000,0,0,0,0,0,0,0,0,0,0,507,24336,30,1560,28,1344,7,312,1,30,0,0,0,0,0,0,0,0,graph_0001__path_life_0.9000,path_life,0.9,graph_0001,epoch_0001
trace,static,0.384305,0.384131,1311,1264,105,0,0,0.869444,0.043634,74.397391,360,313,0,0,0,51,0.966049,0,0,0.000000,0.000000,0.900000,7.714286,8.000000,8.000000,8.000000;8.000000;8.000000;8.000000;8.000000;7.000000;7.000000,12,nan,0,1.000000;1.000000;1.000000;1.000000;1.000000;1.000000,0.120999;0.132469;0.143669;0.154869;0.166069;0.030389,1.000000;1.000000;1.000000;1.000000;1.000000;1.000000,0,0,0,0,0,0,0,0,0,0,0,0,0,0,0,0,0,0,0,0,0,0,0,0,0,0,0,0,graph_0001__path_life_0.9000,path_life,0.9,graph_0001,epoch_0001
trace,olsr,0.492749,0.491831,1748,1956,105,331,553,0.961111,0.048244,74.479011,360,346,0,0,0,94,1.067901,331,22096,0.956647,63.861272,0.900000,7.714286,8.000000,8.000000,8.000000;8.000000;8.000000;8.000000;8.000000;7.000000;7.000000,12,nan,0,1.000000;1.000000;1.000000;1.000000;1.000000;1.000000,0.112293;0.123493;0.134693;0.145893;0.157093;0.021413,1.000000;1.000000;1.000000;1.000000;1.000000;1.000000,229,13760,102,8336,0,0,0,0,0,0,0,0,0,0,0,0,0,0,0,0,0,0,0,0,0,0,0,0,graph_0001__path_life_0.9000,path_life,0.9,graph_0001,epoch_0003
trace,aodv,0.526444,0.526203,2031,2333,105,573,881,0.983333,0.049557,74.529329,360,354,0,0,0,90,1.092593,573,27582,1.618644,77.915254,0.900000,7.714286,8.000000,8.000000,8.000000;8.000000;8.000000;8.000000;8.000000;7.000000;7.000000,12,nan,0,1.000000;1.000000;1.000000;1.000000;1.000000;1.000000,0.112293;0.123493;0.134693;0.145893;0.157093;0.021413,1.000000;1.000000;1.000000;1.000000;1.000000;1.000000,0,0,0,0,0,0,0,0,0,0,507,24336,30,1560,28,1344,7,312,1,30,0,0,0,0,0,0,0,0,graph_0001__path_life_0.9000,path_life,0.9,graph_0001,epoch_0003
trace,static,0.399281,0.398220,1311,1264,105,0,0,0.869444,0.043643,74.397429,360,313,0,0,0,52,0.966049,0,0,0.000000,0.000000,0.900000,7.714286,8.000000,8.000000,8.000000;8.000000;8.000000;8.000000;8.000000;7.000000;7.000000,12,nan,0,1.000000;1.000000;1.000000;1.000000;1.000000;1.000000,0.120999;0.132469;0.143669;0.154869;0.166069;0.030389,1.000000;1.000000;1.000000;1.000000;1.000000;1.000000,0,0,0,0,0,0,0,0,0,0,0,0,0,0,0,0,0,0,0,0,0,0,0,0,0,0,0,0,graph_0001__path_life_0.9000,path_life,0.9,graph_0001,epoch_0003
trace,olsr,0.473908,0.473573,1749,1958,105,333,556,0.961111,0.048235,74.479032,360,346,0,0,0,100,1.067901,333,22184,0.962428,64.115607,0.900000,7.714286,8.000000,8.000000,8.000000;8.000000;8.000000;8.000000;8.000000;7.000000;7.000000,12,nan,0,1.000000;1.000000;1.000000;1.000000;1.000000;1.000000,0.112293;0.123493;0.134693;0.145893;0.157093;0.021413,1.000000;1.000000;1.000000;1.000000;1.000000;1.000000,226,13568,107,8616,0,0,0,0,0,0,0,0,0,0,0,0,0,0,0,0,0,0,0,0,0,0,0,0,graph_0001__path_life_0.9000,path_life,0.9,graph_0001,epoch_0004
trace,aodv,0.520868,0.520691,2031,2325,105,573,873,0.983333,0.049546,74.529333,360,354,0,0,0,105,1.092593,573,27582,1.618644,77.915254,0.900000,7.714286,8.000000,8.000000,8.000000;8.000000;8.000000;8.000000;8.000000;7.000000;7.000000,12,nan,0,1.000000;1.000000;1.000000;1.000000;1.000000;1.000000,0.112293;0.123493;0.134693;0.145893;0.157093;0.021413,1.000000;1.000000;1.000000;1.000000;1.000000;1.000000,0,0,0,0,0,0,0,0,0,0,507,24336,30,1560,28,1344,7,312,1,30,0,0,0,0,0,0,0,0,graph_0001__path_life_0.9000,path_life,0.9,graph_0001,epoch_0004
trace,static,0.355230,0.355155,1311,1264,105,0,0,0.869444,0.043635,74.397397,360,313,0,0,0,52,0.966049,0,0,0.000000,0.000000,0.900000,7.714286,8.000000,8.000000,8.000000;8.000000;8.000000;8.000000;8.000000;7.000000;7.000000,12,nan,0,1.000000;1.000000;1.000000;1.000000;1.000000;1.000000,0.120999;0.132469;0.143669;0.154869;0.166069;0.030389,1.000000;1.000000;1.000000;1.000000;1.000000;1.000000,0,0,0,0,0,0,0,0,0,0,0,0,0,0,0,0,0,0,0,0,0,0,0,0,0,0,0,0,graph_0001__path_life_0.9000,path_life,0.9,graph_0001,epoch_0004
trace,olsr,0.517091,0.514144,1750,1960,105,333,557,0.961111,0.048237,74.478999,360,346,0,0,0,92,1.067901,333,22136,0.962428,63.976879,0.900000,7.714286,8.000000,8.000000,8.000000;8.000000;8.000000;8.000000;8.000000;7.000000;7.000000,12,nan,0,1.000000;1.000000;1.000000;1.000000;1.000000;1.000000,0.112293;0.123493;0.134693;0.145893;0.157093;0.021413,1.000000;1.000000;1.000000;1.000000;1.000000;1.000000,226,13568,107,8568,0,0,0,0,0,0,0,0,0,0,0,0,0,0,0,0,0,0,0,0,0,0,0,0,graph_0001__path_life_0.9000,path_life,0.9,graph_0001,epoch_0005
trace,aodv,0.534336,0.533864,2023,2310,105,573,872,0.966667,0.049536,75.029446,360,348,0,0,0,109,1.074074,573,27582,1.646552,79.258621,0.900000,7.714286,8.000000,8.000000,8.000000;8.000000;8.000000;8.000000;8.000000;7.000000;7.000000,12,nan,0,1.000000;1.000000;1.000000;1.000000;1.000000;1.000000,0.112293;0.123493;0.134693;0.145893;0.157093;0.021413,1.000000;1.000000;1.000000;1.000000;1.000000;1.000000,0,0,0,0,0,0,0,0,0,0,507,24336,30,1560,28,1344,7,312,1,30,0,0,0,0,0,0,0,0,graph_0001__path_life_0.9000,path_life,0.9,graph_0001,epoch_0005
trace,static,0.381038,0.380954,1311,1264,105,0,0,0.869444,0.043636,74.397400,360,313,0,0,0,53,0.966049,0,0,0.000000,0.000000,0.900000,7.714286,8.000000,8.000000,8.000000;8.000000;8.000000;8.000000;8.000000;7.000000;7.000000,12,nan,0,1.000000;1.000000;1.000000;1.000000;1.000000;1.000000,0.120999;0.132469;0.143669;0.154869;0.166069;0.030389,1.000000;1.000000;1.000000;1.000000;1.000000;1.000000,0,0,0,0,0,0,0,0,0,0,0,0,0,0,0,0,0,0,0,0,0,0,0,0,0,0,0,0,graph_0001__path_life_0.9000,path_life,0.9,graph_0001,epoch_0005
trace,olsr,0.489942,0.489793,1751,1965,105,334,563,0.958333,0.048105,74.540700,360,345,0,0,0,93,1.064815,334,22216,0.968116,64.394203,0.900000,7.714286,8.000000,8.000000,8.000000;8.000000;8.000000;8.000000;8.000000;7.000000;7.000000,12,nan,0,1.000000;1.000000;1.000000;1.000000;1.000000;1.000000,0.112293;0.123493;0.134693;0.145893;0.157093;0.021413,1.000000;1.000000;1.000000;1.000000;1.000000;1.000000,229,13760,105,8456,0,0,0,0,0,0,0,0,0,0,0,0,0,0,0,0,0,0,0,0,0,0,0,0,graph_0001__path_life_0.9000,path_life,0.9,graph_0001,epoch_0002
trace,aodv,0.539249,0.539015,2030,2325,105,573,874,0.983333,0.049556,74.529427,360,354,0,0,0,95,1.092593,573,27582,1.618644,77.915254,0.900000,7.714286,8.000000,8.000000,8.000000;8.000000;8.000000;8.000000;8.000000;7.000000;7.000000,12,nan,0,1.000000;1.000000;1.000000;1.000000;1.000000;1.000000,0.112293;0.123493;0.134693;0.145893;0.157093;0.021413,1.000000;1.000000;1.000000;1.000000;1.000000;1.000000,0,0,0,0,0,0,0,0,0,0,507,24336,30,1560,28,1344,7,312,1,30,0,0,0,0,0,0,0,0,graph_0001__path_life_0.9000,path_life,0.9,graph_0001,epoch_0002
trace,static,0.350885,0.350872,1311,1264,105,0,0,0.869444,0.043642,74.397425,360,313,0,0,0,52,0.966049,0,0,0.000000,0.000000,0.900000,7.714286,8.000000,8.000000,8.000000;8.000000;8.000000;8.000000;8.000000;7.000000;7.000000,12,nan,0,1.000000;1.000000;1.000000;1.000000;1.000000;1.000000,0.120999;0.132469;0.143669;0.154869;0.166069;0.030389,1.000000;1.000000;1.000000;1.000000;1.000000;1.000000,0,0,0,0,0,0,0,0,0,0,0,0,0,0,0,0,0,0,0,0,0,0,0,0,0,0,0,0,graph_0001__path_life_0.9000,path_life,0.9,graph_0001,epoch_0002
trace,olsr,0.389719,0.389712,1294,1354,105,330,505,0.425000,0.021329,77.802432,360,153,33,0,0,231,0.850000,330,21668,2.156863,141.620915,0.500000,4.285714,4.000000,5.000000,5.000000;5.000000;4.000000;4.000000;4.000000;4.000000;4.000000,12,nan,0,5.000000;5.000000;5.000000;5.000000;5.000000;5.000000,1.087079;nan;1.739173;0.111973;0.123173;0.134373,5.000000;5.000000;5.000000;5.000000;5.000000;5.000000,226,13568,104,8100,0,0,0,0,0,0,0,0,0,0,0,0,0,0,0,0,0,0,0,0,0,0,0,0,graph_0001__path_life_0.5000,path_life,0.5,graph_0001,epoch_0001
trace,aodv,0.448602,0.448521,1844,2047,105,622,840,0.666667,0.039061,73.122945,360,240,0,56,0,281,1.333333,622,29908,2.591667,124.616667,0.500000,4.285714,4.000000,5.000000,5.000000;5.000000;4.000000;4.000000;4.000000;4.000000;4.000000,12,nan,0,5.000000;5.000000;5.000000;5.000000;5.000000;5.000000,1.419237;nan;0.100773;0.111973;0.123173;nan,5.000000;5.000000;5.000000;5.000000;5.000000;5.000000,0,0,0,0,0,0,0,0,0,0,485,23280,68,3536,41,1968,22,944,6,180,0,0,0,0,0,0,0,0,graph_0001__path_life_0.5000,path_life,0.5,graph_0001,epoch_0001
trace,static,0.188360,0.188356,866,674,105,0,0,0.466667,0.023420,73.106676,360,168,0,0,0,44,0.933333,0,0,0.000000,0.000000,0.500000,4.285714,4.000000,5.000000,5.000000;5.000000;4.000000;4.000000;4.000000;4.000000;4.000000,12,nan,0,5.000000;5.000000;5.000000;5.000000;5.000000;5.000000,0.104309;0.098549;0.109749;0.120949;0.132149;0.143349,5.000000;5.000000;5.000000;5.000000;5.000000;5.000000,0,0,0,0,0,0,0,0,0,0,0,0,0,0,0,0,0,0,0,0,0,0,0,0,0,0,0,0,graph_0001__path_life_0.5000,path_life,0.5,graph_0001,epoch_0001
trace,olsr,0.384322,0.383835,1323,1351,105,323,486,0.436111,0.021891,77.459088,360,157,35,0,0,250,0.872222,323,21328,2.057325,135.847134,0.500000,4.285714,4.000000,5.000000,5.000000;5.000000;4.000000;4.000000;4.000000;4.000000;4.000000,12,nan,0,5.000000;5.000000;5.000000;5.000000;5.000000;5.000000,0.095333;3.375349;1.748149;0.111973;0.123173;0.134373,5.000000;5.000000;5.000000;5.000000;5.000000;5.000000,229,13760,94,7568,0,0,0,0,0,0,0,0,0,0,0,0,0,0,0,0,0,0,0,0,0,0,0,0,graph_0001__path_life_0.5000,path_life,0.5,graph_0001,epoch_0003
trace,aodv,0.448189,0.447744,1849,2070,105,631,861,0.669444,0.039230,73.040214,360,241,5,56,0,229,1.338889,631,30204,2.618257,125.327801,0.500000,4.285714,4.000000,5.000000,5.000000;5.000000;4.000000;4.000000;4.000000;4.000000;4.000000,12,nan,0,5.000000;5.000000;5.000000;5.000000;5.000000;5.000000,1.260159;nan;0.100773;0.111973;0.123173;nan,5.000000;5.000000;5.000000;5.000000;5.000000;5.000000,0,0,0,0,0,0,0,0,0,0,485,23280,64,3328,40,1920,36,1496,6,180,0,0,0,0,0,0,0,0,graph_0001__path_life_0.5000,path_life,0.5,graph_0001,epoch_0003
trace,static,0.188080,0.187688,866,674,105,0,0,0.466667,0.023425,73.106746,360,168,0,0,0,44,0.933333,0,0,0.000000,0.000000,0.500000,4.285714,4.000000,5.000000,5.000000;5.000000;4.000000;4.000000;4.000000;4.000000;4.000000,12,nan,0,5.000000;5.000000;5.000000;5.000000;5.000000;5.000000,0.104309;0.098549;0.109749;0.120949;0.132149;0.143349,5.000000;5.000000;5.000000;5.000000;5.000000;5.000000,0,0,0,0,0,0,0,0,0,0,0,0,0,0,0,0,0,0,0,0,0,0,0,0,0,0,0,0,graph_0001__path_life_0.5000,path_life,0.5,graph_0001,epoch_0003
trace,olsr,0.380392,0.380326,1276,1331,105,324,491,0.441667,0.022166,73.996401,360,159,32,0,0,225,0.883333,324,21248,2.037736,133.635220,0.500000,4.285714,4.000000,5.000000,5.000000;5.000000;4.000000;4.000000;4.000000;4.000000;4.000000,12,nan,0,5.000000;5.000000;5.000000;5.000000;5.000000;5.000000,0.095333;nan;1.748149;0.111973;0.123173;0.134373,5.000000;5.000000;5.000000;5.000000;5.000000;5.000000,228,13696,96,7552,0,0,0,0,0,0,0,0,0,0,0,0,0,0,0,0,0,0,0,0,0,0,0,0,graph_0001__path_life_0.5000,path_life,0.5,graph_0001,epoch_0004
trace,aodv,0.427210,0.427044,1844,2047,105,620,838,0.666667,0.039057,73.126770,360,240,0,56,0,254,1.333333,620,29804,2.583333,124.183333,0.500000,4.285714,4.000000,5.000000,5.000000;5.000000;4.000000;4.000000;4.000000;4.000000;4.000000,12,nan,0,5.000000;5.000000;5.000000;5.000000;5.000000;5.000000,1.430532;nan;0.100773;0.111973;0.123173;nan,5.000000;5.000000;5.000000;5.000000;5.000000;5.000000,0,0,0,0,0,0,0,0,0,0,485,23280,66,3432,41,1968,22,944,6,180,0,0,0,0,0,0,0,0,graph_0001__path_life_0.5000,path_life,0.5,graph_0001,epoch_0004
trace,static,0.194066,0.193909,866,674,105,0,0,0.466667,0.023421,73.106687,360,168,0,0,0,44,0.933333,0,0,0.000000,0.000000,0.500000,4.285714,4.000000,5.000000,5.000000;5.000000;4.000000;4.000000;4.000000;4.000000;4.000000,12,nan,0,5.000000;5.000000;5.000000;5.000000;5.000000;5.000000,0.104309;0.098549;0.109749;0.120949;0.132149;0.143349,5.000000;5.000000;5.000000;5.000000;5.000000;5.000000,0,0,0,0,0,0,0,0,0,0,0,0,0,0,0,0,0,0,0,0,0,0,0,0,0,0,0,0,graph_0001__path_life_0.5000,path_life,0.5,graph_0001,epoch_0004
trace,olsr,0.407120,0.406777,1283,1319,105,327,498,0.366667,0.018402,76.261468,360,132,58,0,0,258,0.733333,327,21496,2.477273,162.848485,0.500000,4.285714,4.000000,5.000000,5.000000;5.000000;4.000000;4.000000;4.000000;4.000000;4.000000,12,nan,0,5.000000;5.000000;5.000000;5.000000;5.000000;5.000000,0.095333;1.073043;2.239669;1.258853;0.123173;0.134373,5.000000;5.000000;5.000000;5.000000;5.000000;5.000000,226,13568,101,7928,0,0,0,0,0,0,0,0,0,0,0,0,0,0,0,0,0,0,0,0,0,0,0,0,graph_0001__path_life_0.5000,path_life,0.5,graph_0001,epoch_0005
trace,aodv,0.426861,0.426402,1836,2039,105,620,844,0.650000,0.038837,73.833754,360,234,0,56,0,272,1.300000,620,29806,2.649573,127.376068,0.500000,4.285714,4.000000,5.000000,5.000000;5.000000;4.000000;4.000000;4.000000;4.000000;4.000000,12,nan,0,5.000000;5.000000;5.000000;5.000000;5.000000;5.000000,1.432853;nan;0.100773;0.111973;0.123173;nan,5.000000;5.000000;5.000000;5.000000;5.000000;5.000000,0,0,0,0,0,0,0,0,0,0,485,23280,67,3484,41,1968,20,864,7,210,0,0,0,0,0,0,0,0,graph_0001__path_life_0.5000,path_life,0.5,graph_0001,epoch_0005
trace,static,0.185172,0.184995,866,674,105,0,0,0.466667,0.023421,73.106692,360,168,0,0,0,44,0.933333,0,0,0.000000,0.000000,0.500000,4.285714,4.000000,5.000000,5.000000;5.000000;4.000000;4.000000;4.000000;4.000000;4.000000,12,nan,0,5.000000;5.000000;5.000000;5.000000;5.000000;5.000000,0.104309;0.098549;0.109749;0.120949;0.132149;0.143349,5.000000;5.000000;5.000000;5.000000;5.000000;5.000000,0,0,0,0,0,0,0,0,0,0,0,0,0,0,0,0,0,0,0,0,0,0,0,0,0,0,0,0,graph_0001__path_life_0.5000,path_life,0.5,graph_0001,epoch_0005
trace,olsr,0.453906,0.453854,1474,1511,105,332,510,0.527778,0.026492,72.661546,360,190,29,0,0,255,1.055556,332,21816,1.747368,114.821053,0.500000,4.285714,4.000000,5.000000,5.000000;5.000000;4.000000;4.000000;4.000000;4.000000;4.000000,12,nan,0,5.000000;5.000000;5.000000;5.000000;5.000000;5.000000,0.095333;0.089573;0.100773;3.552613;0.123173;0.134373,5.000000;5.000000;5.000000;5.000000;5.000000;5.000000,230,13824,102,7992,0,0,0,0,0,0,0,0,0,0,0,0,0,0,0,0,0,0,0,0,0,0,0,0,graph_0001__path_life_0.5000,path_life,0.5,graph_0001,epoch_0002
trace,aodv,0.449159,0.448635,1856,2067,105,637,857,0.669444,0.039229,73.041595,360,241,5,56,0,247,1.338889,637,30500,2.643154,126.556017,0.500000,4.285714,4.000000,5.000000,5.000000;5.000000;4.000000;4.000000;4.000000;4.000000;4.000000,12,nan,0,5.000000;5.000000;5.000000;5.000000;5.000000;5.000000,1.262781;nan;0.100773;0.111973;0.123173;nan,5.000000;5.000000;5.000000;5.000000;5.000000;5.000000,0,0,0,0,0,0,0,0,0,0,485,23280,68,3536,41,1968,37,1536,6,180,0,0,0,0,0,0,0,0,graph_0001__path_life_0.5000,path_life,0.5,graph_0001,epoch_0002
trace,static,0.206889,0.206852,866,674,105,0,0,0.466667,0.023424,73.106739,360,168,0,0,0,44,0.933333,0,0,0.000000,0.000000,0.500000,4.285714,4.000000,5.000000,5.000000;5.000000;4.000000;4.000000;4.000000;4.000000;4.000000,12,nan,0,5.000000;5.000000;5.000000;5.000000;5.000000;5.000000,0.104309;0.098549;0.109749;0.120949;0.132149;0.143349,5.000000;5.000000;5.000000;5.000000;5.000000;5.000000,0,0,0,0,0,0,0,0,0,0,0,0,0,0,0,0,0,0,0,0,0,0,0,0,0,0,0,0,graph_0001__path_life_0.5000,path_life,0.5,graph_0001,epoch_0002
trace,olsr,0.409812,0.409736,1494,1524,105,324,491,0.616667,0.030950,74.052122,360,222,1,0,0,303,1.233333,324,21272,1.459459,95.819820,0.500000,4.285714,4.000000,5.000000,5.000000;5.000000;4.000000;4.000000;4.000000;4.000000;4.000000,12,nan,0,5.000000;5.000000;5.000000;5.000000;5.000000;5.000000,0.095333;0.090043;0.100773;0.111973;0.124475;0.134373,5.000000;5.000000;5.000000;5.000000;5.000000;5.000000,228,13696,96,7576,0,0,0,0,0,0,0,0,0,0,0,0,0,0,0,0,0,0,0,0,0,0,0,0,graph_0004__path_life_0.5000,path_life,0.5,graph_0004,epoch_0001
trace,aodv,0.459675,0.459430,2020,2194,105,664,866,0.727778,0.036672,77.522527,360,262,14,56,0,326,1.455556,664,31708,2.534351,121.022901,0.500000,4.285714,4.000000,5.000000,5.000000;5.000000;4.000000;4.000000;4.000000;4.000000;4.000000,12,nan,0,5.000000;5.000000;5.000000;5.000000;5.000000;5.000000,1.433685;nan;0.100773;0.111973;0.309613;0.134373,5.000000;5.000000;5.000000;5.000000;5.000000;5.000000,0,0,0,0,0,0,0,0,0,0,477,22896,78,4056,48,2304,55,2272,6,180,0,0,0,0,0,0,0,0,graph_0004__path_life_0.5000,path_life,0.5,graph_0004,epoch_0001
trace,static,0.185207,0.185025,866,674,105,0,0,0.466667,0.023421,73.106687,360,168,0,0,0,44,0.933333,0,0,0.000000,0.000000,0.500000,4.285714,4.000000,5.000000,5.000000;5.000000;4.000000;4.000000;4.000000;4.000000;4.000000,12,nan,0,5.000000;5.000000;5.000000;5.000000;5.000000;5.000000,0.104309;0.098549;0.109749;0.120949;0.132149;0.143349,5.000000;5.000000;5.000000;5.000000;5.000000;5.000000,0,0,0,0,0,0,0,0,0,0,0,0,0,0,0,0,0,0,0,0,0,0,0,0,0,0,0,0,graph_0004__path_life_0.5000,path_life,0.5,graph_0004,epoch_0001
trace,olsr,0.424425,0.424052,1496,1541,105,331,514,0.613889,0.030811,74.087475,360,221,0,0,0,305,1.227778,331,21664,1.497738,98.027149,0.500000,4.285714,4.000000,5.000000,5.000000;5.000000;4.000000;4.000000;4.000000;4.000000;4.000000,12,nan,0,5.000000;5.000000;5.000000;5.000000;5.000000;5.000000,0.095333;0.089573;0.100773;0.111973;0.123173;0.134373,5.000000;5.000000;5.000000;5.000000;5.000000;5.000000,229,13760,102,7904,0,0,0,0,0,0,0,0,0,0,0,0,0,0,0,0,0,0,0,0,0,0,0,0,graph_0004__path_life_0.5000,path_life,0.5,graph_0004,epoch_0003
trace,aodv,0.462500,0.461953,1999,2184,105,636,851,0.741667,0.037381,76.896803,360,267,7,56,0,331,1.483333,636,30576,2.382022,114.516854,0.500000,4.285714,4.000000,5.000000,5.000000;5.000000;4.000000;4.000000;4.000000;4.000000;4.000000,12,nan,0,5.000000;5.000000;5.000000;5.000000;5.000000;5.000000,1.429945;nan;0.100773;0.111973;0.493428;0.134373,5.000000;5.000000;5.000000;5.000000;5.000000;5.000000,0,0,0,0,0,0,0,0,0,0,477,22896,77,4004,48,2304,28,1192,6,180,0,0,0,0,0,0,0,0,graph_0004__path_life_0.5000,path_life,0.5,graph_0004,epoch_0003
trace,static,0.190067,0.190056,866,674,105,0,0,0.466667,0.023422,73.106706,360,168,0,0,0,44,0.933333,0,0,0.000000,0.000000,0.500000,4.285714,4.000000,5.000000,5.000000;5.000000;4.000000;4.000000;4.000000;4.000000;4.000000,12,nan,0,5.000000;5.000000;5.000000;5.000000;5.000000;5.000000,0.104309;0.098549;0.109749;0.120949;0.132149;0.143349,5.000000;5.000000;5.000000;5.000000;5.000000;5.000000,0,0,0,0,0,0,0,0,0,0,0,0,0,0,0,0,0,0,0,0,0,0,0,0,0,0,0,0,graph_0004__path_life_0.5000,path_life,0.5,graph_0004,epoch_0003
trace,olsr,0.422402,0.421947,1497,1536,105,329,505,0.608333,0.030532,73.766331,360,219,4,0,0,304,1.216667,329,21696,1.502283,99.068493,0.500000,4.285714,4.000000,5.000000,5.000000;5.000000;4.000000;4.000000;4.000000;4.000000;4.000000,12,nan,0,5.000000;5.000000;5.000000;5.000000;5.000000;5.000000,0.095333;0.089573;0.100773;0.111973;0.450853;0.134373,5.000000;5.000000;5.000000;5.000000;5.000000;5.000000,230,13824,99,7872,0,0,0,0,0,0,0,0,0,0,0,0,0,0,0,0,0,0,0,0,0,0,0,0,graph_0004__path_life_0.5000,path_life,0.5,graph_0004,epoch_0004
trace,aodv,0.465698,0.465125,2003,2187,105,639,854,0.741667,0.037368,76.896716,360,267,6,56,0,334,1.483333,639,30720,2.393258,115.056180,0.500000,4.285714,4.000000,5.000000,5.000000;5.000000;4.000000;4.000000;4.000000;4.000000;4.000000,12,nan,0,5.000000;5.000000;5.000000;5.000000;5.000000;5.000000,1.425970;nan;0.100773;0.111973;0.495233;0.134373,5.000000;5.000000;5.000000;5.000000;5.000000;5.000000,0,0,0,0,0,0,0,0,0,0,477,22896,79,4108,48,2304,29,1232,6,180,0,0,0,0,0,0,0,0,graph_0004__path_life_0.5000,path_life,0.5,graph_0004,epoch_0004
trace,static,0.178652,0.178576,866,674,105,0,0,0.466667,0.023422,73.106698,360,168,0,0,0,44,0.933333,0,0,0.000000,0.000000,0.500000,4.285714,4.000000,5.000000,5.000000;5.000000;4.000000;4.000000;4.000000;4.000000;4.000000,12,nan,0,5.000000;5.000000;5.000000;5.000000;5.000000;5.000000,0.104309;0.098549;0.109749;0.120949;0.132149;0.143349,5.000000;5.000000;5.000000;5.000000;5.000000;5.000000,0,0,0,0,0,0,0,0,0,0,0,0,0,0,0,0,0,0,0,0,0,0,0,0,0,0,0,0,graph_0004__path_life_0.5000,path_life,0.5,graph_0004,epoch_0004
trace,olsr,0.415696,0.414696,1501,1539,105,329,503,0.616667,0.030945,74.132571,360,222,2,0,0,311,1.233333,329,21624,1.481982,97.405405,0.500000,4.285714,4.000000,5.000000,5.000000;5.000000;4.000000;4.000000;4.000000;4.000000;4.000000,12,nan,0,5.000000;5.000000;5.000000;5.000000;5.000000;5.000000,0.095333;0.089573;0.100773;0.111973;0.123173;0.134373,5.000000;5.000000;5.000000;5.000000;5.000000;5.000000,229,13760,100,7864,0,0,0,0,0,0,0,0,0,0,0,0,0,0,0,0,0,0,0,0,0,0,0,0,graph_0004__path_life_0.5000,path_life,0.5,graph_0004,epoch_0005
trace,aodv,0.448216,0.448135,2003,2185,105,651,866,0.722222,0.036387,77.572581,360,260,11,56,0,335,1.444444,651,31160,2.503846,119.846154,0.500000,4.285714,4.000000,5.000000,5.000000;5.000000;4.000000;4.000000;4.000000;4.000000;4.000000,12,nan,0,5.000000;5.000000;5.000000;5.000000;5.000000;5.000000,1.423441;nan;0.100773;0.111973;0.498913;0.134373,5.000000;5.000000;5.000000;5.000000;5.000000;5.000000,0,0,0,0,0,0,0,0,0,0,478,22944,75,3900,48,2304,44,1832,6,180,0,0,0,0,0,0,0,0,graph_0004__path_life_0.5000,path_life,0.5,graph_0004,epoch_0005
trace,static,0.181021,0.180839,866,674,105,0,0,0.466667,0.023418,73.106646,360,168,0,0,0,44,0.933333,0,0,0.000000,0.000000,0.500000,4.285714,4.000000,5.000000,5.000000;5.000000;4.000000;4.000000;4.000000;4.000000;4.000000,12,nan,0,5.000000;5.000000;5.000000;5.000000;5.000000;5.000000,0.104309;0.098549;0.109749;0.120949;0.132149;0.143349,5.000000;5.000000;5.000000;5.000000;5.000000;5.000000,0,0,0,0,0,0,0,0,0,0,0,0,0,0,0,0,0,0,0,0,0,0,0,0,0,0,0,0,graph_0004__path_life_0.5000,path_life,0.5,graph_0004,epoch_0005
trace,olsr,0.407818,0.407509,1499,1548,105,328,512,0.619444,0.031089,74.123958,360,223,1,0,0,298,1.238889,328,21640,1.470852,97.040359,0.500000,4.285714,4.000000,5.000000,5.000000;5.000000;4.000000;4.000000;4.000000;4.000000;4.000000,12,nan,0,5.000000;5.000000;5.000000;5.000000;5.000000;5.000000,0.095333;0.089573;0.100773;0.111973;0.123173;0.134373,5.000000;5.000000;5.000000;5.000000;5.000000;5.000000,230,13824,98,7816,0,0,0,0,0,0,0,0,0,0,0,0,0,0,0,0,0,0,0,0,0,0,0,0,graph_0004__path_life_0.5000,path_life,0.5,graph_0004,epoch_0002
trace,aodv,0.448286,0.447592,1999,2172,105,652,860,0.716667,0.036719,77.921661,360,258,11,56,0,310,1.433333,652,31216,2.527132,120.992248,0.500000,4.285714,4.000000,5.000000,5.000000;5.000000;4.000000;4.000000;4.000000;4.000000;4.000000,12,nan,0,5.000000;5.000000;5.000000;5.000000;5.000000;5.000000,1.423334;nan;0.100773;0.111973;0.505158;0.134373,5.000000;5.000000;5.000000;5.000000;5.000000;5.000000,0,0,0,0,0,0,0,0,0,0,477,22896,77,4004,48,2304,44,1832,6,180,0,0,0,0,0,0,0,0,graph_0004__path_life_0.5000,path_life,0.5,graph_0004,epoch_0002
trace,static,0.177817,0.177814,866,674,105,0,0,0.466667,0.023422,73.106698,360,168,0,0,0,44,0.933333,0,0,0.000000,0.000000,0.500000,4.285714,4.000000,5.000000,5.000000;5.000000;4.000000;4.000000;4.000000;4.000000;4.000000,12,nan,0,5.000000;5.000000;5.000000;5.000000;5.000000;5.000000,0.104309;0.098549;0.109749;0.120949;0.132149;0.143349,5.000000;5.000000;5.000000;5.000000;5.000000;5.000000,0,0,0,0,0,0,0,0,0,0,0,0,0,0,0,0,0,0,0,0,0,0,0,0,0,0,0,0,graph_0004__path_life_0.5000,path_life,0.5,graph_0004,epoch_0002
trace,olsr,0.192125,0.192052,694,675,105,311,411,0.080556,0.008970,51.380936,360,29,17,0,0,174,0.805556,311,20196,10.724138,696.413793,0.100000,3.000000,3.000000,3.000000,3.000000;3.000000,2,nan,0,54.000000,nan,54.000000,228,13696,83,6500,0,0,0,0,0,0,0,0,0,0,0,0,0,0,0,0,0,0,0,0,0,0,0,0,graph_0004__path_life_0.1000,path_life,0.1,graph_0004,epoch_0001
trace,aodv,0.253685,0.253657,1433,1568,105,629,773,0.313889,0.015816,79.883382,360,113,0,238,0,227,3.138889,629,30344,5.566372,268.530973,0.100000,3.000000,3.000000,3.000000,3.000000;3.000000,2,nan,0,54.000000,1.450484,54.000000,0,0,0,0,0,0,0,0,0,0,468,22464,94,4888,32,1536,31,1336,4,120,0,0,0,0,0,0,0,0,graph_0004__path_life_0.1000,path_life,0.1,graph_0004,epoch_0001
trace,static,0.038038,0.038036,448,117,105,0,0,0.080556,0.004043,69.837540,360,29,0,0,0,9,0.805556,0,0,0.000000,0.000000,0.100000,3.000000,3.000000,3.000000,3.000000;3.000000,2,nan,0,54.000000,0.126389,54.000000,0,0,0,0,0,0,0,0,0,0,0,0,0,0,0,0,0,0,0,0,0,0,0,0,0,0,0,0,graph_0004__path_life_0.1000,path_life,0.1,graph_0004,epoch_0001
trace,olsr,0.191456,0.190879,692,677,105,313,414,0.080556,0.008971,51.381393,360,29,20,0,0,174,0.805556,313,20220,10.793103,697.241379,0.100000,3.000000,3.000000,3.000000,3.000000;3.000000,2,nan,0,54.000000,nan,54.000000,230,13816,83,6404,0,0,0,0,0,0,0,0,0,0,0,0,0,0,0,0,0,0,0,0,0,0,0,0,graph_0004__path_life_0.1000,path_life,0.1,graph_0004,epoch_0003
trace,aodv,0.255398,0.255388,1436,1586,105,631,789,0.313889,0.015821,79.881238,360,113,1,238,0,234,3.138889,631,30418,5.584071,269.185841,0.100000,3.000000,3.000000,3.000000,3.000000;3.000000,2,nan,0,54.000000,1.452009,54.000000,0,0,0,0,0,0,0,0,0,0,468,22464,95,4940,32,1536,31,1328,5,150,0,0,0,0,0,0,0,0,graph_0004__path_life_0.1000,path_life,0.1,graph_0004,epoch_0003
trace,static,0.037519,0.037489,448,117,105,0,0,0.080556,0.004043,69.837654,360,29,0,0,0,9,0.805556,0,0,0.000000,0.000000,0.100000,3.000000,3.000000,3.000000,3.000000;3.000000,2,nan,0,54.000000,0.126389,54.000000,0,0,0,0,0,0,0,0,0,0,0,0,0,0,0,0,0,0,0,0,0,0,0,0,0,0,0,0,graph_0004__path_life_0.1000,path_life,0.1,graph_0004,epoch_0003
trace,olsr,0.194325,0.194170,695,683,105,314,417,0.080556,0.008970,51.381166,360,29,21,0,0,174,0.805556,314,20352,10.827586,701.793103,0.100000,3.000000,3.000000,3.000000,3.000000;3.000000,2,nan,0,54.000000,nan,54.000000,231,13888,83,6464,0,0,0,0,0,0,0,0,0,0,0,0,0,0,0,0,0,0,0,0,0,0,0,0,graph_0004__path_life_0.1000,path_life,0.1,graph_0004,epoch_0004
trace,aodv,0.259148,0.259086,1431,1580,105,628,785,0.311111,0.015675,79.765032,360,112,2,238,0,189,3.111111,628,30274,5.607143,270.303571,0.100000,3.000000,3.000000,3.000000,3.000000;3.000000,2,nan,0,54.000000,1.449385,54.000000,0,0,0,0,0,0,0,0,0,0,468,22464,93,4836,32,1536,30,1288,5,150,0,0,0,0,0,0,0,0,graph_0004__path_life_0.1000,path_life,0.1,graph_0004,epoch_0004
trace,static,0.036855,0.036853,448,117,105,0,0,0.080556,0.004043,69.837604,360,29,0,0,0,9,0.805556,0,0,0.000000,0.000000,0.100000,3.000000,3.000000,3.000000,3.000000;3.000000,2,nan,0,54.000000,0.126389,54.000000,0,0,0,0,0,0,0,0,0,0,0,0,0,0,0,0,0,0,0,0,0,0,0,0,0,0,0,0,graph_0004__path_life_0.1000,path_life,0.1,graph_0004,epoch_0004
trace,olsr,0.163533,0.163467,601,636,105,315,423,0.069444,0.027353,48.175331,360,25,8,0,0,126,0.694444,315,20392,12.600000,815.680000,0.100000,3.000000,3.000000,3.000000,3.000000;3.000000,2,nan,0,54.000000,nan,54.000000,229,13760,86,6632,0,0,0,0,0,0,0,0,0,0,0,0,0,0,0,0,0,0,0,0,0,0,0,0,graph_0004__path_life_0.1000,path_life,0.1,graph_0004,epoch_0005
trace,aodv,0.262473,0.262460,1437,1586,105,631,788,0.313889,0.015814,79.882695,360,113,1,238,0,208,3.138889,631,30416,5.584071,269.168142,0.100000,3.000000,3.000000,3.000000,3.000000;3.000000,2,nan,0,54.000000,1.447170,54.000000,0,0,0,0,0,0,0,0,0,0,468,22464,94,4888,32,1536,33,1408,4,120,0,0,0,0,0,0,0,0,graph_0004__path_life_0.1000,path_life,0.1,graph_0004,epoch_0005
trace,static,0.038142,0.038138,448,117,105,0,0,0.080556,0.004042,69.837303,360,29,0,0,0,9,0.805556,0,0,0.000000,0.000000,0.100000,3.000000,3.000000,3.000000,3.000000;3.000000,2,nan,0,54.000000,0.126389,54.000000,0,0,0,0,0,0,0,0,0,0,0,0,0,0,0,0,0,0,0,0,0,0,0,0,0,0,0,0,graph_0004__path_life_0.1000,path_life,0.1,graph_0004,epoch_0005
trace,olsr,0.193285,0.192779,691,682,105,313,418,0.077778,0.008661,51.348076,360,28,25,0,0,175,0.777778,313,20308,11.178571,725.285714,0.100000,3.000000,3.000000,3.000000,3.000000;3.000000,2,nan,0,54.000000,nan,54.000000,232,13952,81,6356,0,0,0,0,0,0,0,0,0,0,0,0,0,0,0,0,0,0,0,0,0,0,0,0,graph_0004__path_life_0.1000,path_life,0.1,graph_0004,epoch_0002
trace,aodv,0.257170,0.256897,1427,1566,105,628,781,0.297222,0.015229,81.808131,360,107,1,238,0,221,2.972222,628,30290,5.869159,283.084112,0.100000,3.000000,3.000000,3.000000,3.000000;3.000000,2,nan,0,54.000000,1.455095,54.000000,0,0,0,0,0,0,0,0,0,0,467,22416,95,4940,32,1536,29,1248,5,150,0,0,0,0,0,0,0,0,graph_0004__path_life_0.1000,path_life,0.1,graph_0004,epoch_0002
trace,static,0.038250,0.038247,448,117,105,0,0,0.080556,0.004043,69.837606,360,29,0,0,0,9,0.805556,0,0,0.000000,0.000000,0.100000,3.000000,3.000000,3.000000,3.000000;3.000000,2,nan,0,54.000000,0.126389,54.000000,0,0,0,0,0,0,0,0,0,0,0,0,0,0,0,0,0,0,0,0,0,0,0,0,0,0,0,0,graph_0004__path_life_0.1000,path_life,0.1,graph_0004,epoch_0002
trace,olsr,0.220659,0.220472,786,822,105,318,455,0.130556,0.008846,56.738429,360,47,41,0,0,178,0.435185,318,20684,6.765957,440.085106,0.300000,4.500000,4.500000,5.000000,5.000000;5.000000;4.000000;4.000000,6,nan,0,14.000000;14.000000;14.000000,nan;3.561319;nan,14.000000;14.000000;14.000000,229,13760,89,6924,0,0,0,0,0,0,0,0,0,0,0,0,0,0,0,0,0,0,0,0,0,0,0,0,graph_0004__path_life_0.3000,path_life,0.3,graph_0004,epoch_0001
trace,aodv,0.327061,0.327018,1624,1780,105,637,807,0.475000,0.023935,77.008256,360,171,7,168,0,212,1.583333,637,30560,3.725146,178.713450,0.300000,4.500000,4.500000,5.000000,5.000000;5.000000;4.000000;4.000000,6,nan,0,14.000000;14.000000;14.000000,0.106533;0.111973;1.926501,14.000000;14.000000;14.000000,0,0,0,0,0,0,0,0,0,0,484,23232,72,3744,38,1824,39,1640,4,120,0,0,0,0,0,0,0,0,graph_0004__path_life_0.3000,path_life,0.3,graph_0004,epoch_0001
trace,static,0.109798,0.109777,658,397,105,0,0,0.275000,0.013802,71.703593,360,99,0,0,0,22,0.916667,0,0,0.000000,0.000000,0.300000,4.500000,4.500000,5.000000,5.000000;5.000000;4.000000;4.000000,6,nan,0,14.000000;14.000000;14.000000,0.115509;0.120949;0.143349,14.000000;14.000000;14.000000,0,0,0,0,0,0,0,0,0,0,0,0,0,0,0,0,0,0,0,0,0,0,0,0,0,0,0,0,graph_0004__path_life_0.3000,path_life,0.3,graph_0004,epoch_0001
trace,olsr,0.176522,0.176512,664,730,105,319,449,0.102778,0.040541,48.373923,360,37,25,0,0,138,0.342593,319,20684,8.621622,559.027027,0.300000,4.500000,4.500000,5.000000,5.000000;5.000000;4.000000;4.000000,6,nan,0,14.000000;14.000000;14.000000,nan;nan;nan,14.000000;14.000000;14.000000,230,13824,89,6860,0,0,0,0,0,0,0,0,0,0,0,0,0,0,0,0,0,0,0,0,0,0,0,0,graph_0004__path_life_0.3000,path_life,0.3,graph_0004,epoch_0003
trace,aodv,0.331932,0.331893,1624,1800,105,629,814,0.491667,0.024781,76.148745,360,177,6,168,0,203,1.638889,629,30240,3.553672,170.847458,0.300000,4.500000,4.500000,5.000000,5.000000;5.000000;4.000000;4.000000,6,nan,0,14.000000;14.000000;14.000000,0.106533;0.111973;1.943117,14.000000;14.000000;14.000000,0,0,0,0,0,0,0,0,0,0,484,23232,72,3744,38,1824,31,1320,4,120,0,0,0,0,0,0,0,0,graph_0004__path_life_0.3000,path_life,0.3,graph_0004,epoch_0003
trace,static,0.112196,0.112175,658,397,105,0,0,0.275000,0.013802,71.703627,360,99,0,0,0,22,0.916667,0,0,0.000000,0.000000,0.300000,4.500000,4.500000,5.000000,5.000000;5.000000;4.000000;4.000000,6,nan,0,14.000000;14.000000;14.000000,0.115509;0.120949;0.143349,14.000000;14.000000;14.000000,0,0,0,0,0,0,0,0,0,0,0,0,0,0,0,0,0,0,0,0,0,0,0,0,0,0,0,0,graph_0004__path_life_0.3000,path_life,0.3,graph_0004,epoch_0003
trace,olsr,0.217946,0.217920,772,807,105,317,444,0.144444,0.018100,53.904850,360,52,34,0,0,157,0.481481,317,20504,6.096154,394.307692,0.300000,4.500000,4.500000,5.000000,5.000000;5.000000;4.000000;4.000000,6,nan,0,14.000000;14.000000;14.000000,2.408999;nan;nan,14.000000;14.000000;14.000000,231,13888,86,6616,0,0,0,0,0,0,0,0,0,0,0,0,0,0,0,0,0,0,0,0,0,0,0,0,graph_0004__path_life_0.3000,path_life,0.3,graph_0004,epoch_0004
trace,aodv,0.327458,0.327211,1619,1788,105,626,805,0.488889,0.024632,76.226197,360,176,6,168,0,202,1.629630,626,30096,3.556818,171.000000,0.300000,4.500000,4.500000,5.000000,5.000000;5.000000;4.000000;4.000000,6,nan,0,14.000000;14.000000;14.000000,0.106533;0.111973;1.946641,14.000000;14.000000;14.000000,0,0,0,0,0,0,0,0,0,0,483,23184,70,3640,38,1824,31,1328,4,120,0,0,0,0,0,0,0,0,graph_0004__path_life_0.3000,path_life,0.3,graph_0004,epoch_0004
trace,static,0.111765,0.111740,658,397,105,0,0,0.275000,0.013802,71.703612,360,99,0,0,0,22,0.916667,0,0,0.000000,0.000000,0.300000,4.500000,4.500000,5.000000,5.000000;5.000000;4.000000;4.000000,6,nan,0,14.000000;14.000000;14.000000,0.115509;0.120949;0.143349,14.000000;14.000000;14.000000,0,0,0,0,0,0,0,0,0,0,0,0,0,0,0,0,0,0,0,0,0,0,0,0,0,0,0,0,graph_0004__path_life_0.3000,path_life,0.3,graph_0004,epoch_0004
trace,olsr,0.168971,0.168908,630,704,105,320,455,0.102778,0.040483,48.373591,360,37,8,0,0,124,0.342593,320,20808,8.648649,562.378378,0.300000,4.500000,4.500000,5.000000,5.000000;5.000000;4.000000;4.000000,6,nan,0,14.000000;14.000000;14.000000,nan;nan;nan,14.000000;14.000000;14.000000,230,13824,90,6984,0,0,0,0,0,0,0,0,0,0,0,0,0,0,0,0,0,0,0,0,0,0,0,0,graph_0004__path_life_0.3000,path_life,0.3,graph_0004,epoch_0005
trace,aodv,0.333855,0.333716,1614,1778,105,628,810,0.472222,0.023792,77.146917,360,170,4,168,0,232,1.574074,628,30168,3.694118,177.458824,0.300000,4.500000,4.500000,5.000000,5.000000;5.000000;4.000000;4.000000,6,nan,0,14.000000;14.000000;14.000000,0.106533;0.111973;1.934477,14.000000;14.000000;14.000000,0,0,0,0,0,0,0,0,0,0,485,23280,68,3536,38,1824,33,1408,4,120,0,0,0,0,0,0,0,0,graph_0004__path_life_0.3000,path_life,0.3,graph_0004,epoch_0005
trace,static,0.109108,0.108912,658,397,105,0,0,0.275000,0.013800,71.703524,360,99,0,0,0,22,0.916667,0,0,0.000000,0.000000,0.300000,4.500000,4.500000,5.000000,5.000000;5.000000;4.000000;4.000000,6,nan,0,14.000000;14.000000;14.000000,0.115509;0.120949;0.143349,14.000000;14.000000;14.000000,0,0,0,0,0,0,0,0,0,0,0,0,0,0,0,0,0,0,0,0,0,0,0,0,0,0,0,0,graph_0004__path_life_0.3000,path_life,0.3,graph_0004,epoch_0005
trace,olsr,0.206972,0.206746,770,813,105,317,452,0.144444,0.018100,53.904742,360,52,33,0,0,146,0.481481,317,20596,6.096154,396.076923,0.300000,4.500000,4.500000,5.000000,5.000000;5.000000;4.000000;4.000000,6,nan,0,14.000000;14.000000;14.000000,2.408999;nan;nan,14.000000;14.000000;14.000000,230,13824,87,6772,0,0,0,0,0,0,0,0,0,0,0,0,0,0,0,0,0,0,0,0,0,0,0,0,graph_0004__path_life_0.3000,path_life,0.3,graph_0004,epoch_0002
trace,aodv,0.324186,0.324170,1605,1763,105,623,801,0.466667,0.023910,77.680346,360,168,4,168,0,211,1.555556,623,29968,3.708333,178.380952,0.300000,4.500000,4.500000,5.000000,5.000000;5.000000;4.000000;4.000000,6,nan,0,14.000000;14.000000;14.000000,0.106533;0.111973;1.929130,14.000000;14.000000;14.000000,0,0,0,0,0,0,0,0,0,0,484,23232,70,3640,38,1824,27,1152,4,120,0,0,0,0,0,0,0,0,graph_0004__path_life_0.3000,path_life,0.3,graph_0004,epoch_0002
trace,static,0.111188,0.111186,658,397,105,0,0,0.275000,0.013802,71.703613,360,99,0,0,0,22,0.916667,0,0,0.000000,0.000000,0.300000,4.500000,4.500000,5.000000,5.000000;5.000000;4.000000;4.000000,6,nan,0,14.000000;14.000000;14.000000,0.115509;0.120949;0.143349,14.000000;14.000000;14.000000,0,0,0,0,0,0,0,0,0,0,0,0,0,0,0,0,0,0,0,0,0,0,0,0,0,0,0,0,graph_0004__path_life_0.3000,path_life,0.3,graph_0004,epoch_0002
trace,olsr,0.396904,0.396828,1454,1500,105,335,516,0.558333,0.032565,70.637080,360,201,24,0,0,289,1.116667,335,22056,1.666667,109.731343,0.500000,4.285714,4.000000,5.000000,5.000000;5.000000;4.000000;4.000000;4.000000;4.000000;4.000000,12,nan,0,5.000000;5.000000;5.000000;5.000000;5.000000;5.000000,0.095333;0.089573;0.100773;0.111973;0.123173;nan,5.000000;5.000000;5.000000;5.000000;5.000000;5.000000,229,13760,106,8296,0,0,0,0,0,0,0,0,0,0,0,0,0,0,0,0,0,0,0,0,0,0,0,0,graph_0003__path_life_0.5000,path_life,0.5,graph_0003,epoch_0001
trace,aodv,0.401844,0.401787,1846,2081,105,643,888,0.666667,0.039066,68.123367,360,240,5,56,0,253,1.333333,643,30820,2.679167,128.416667,0.500000,4.285714,4.000000,5.000000,5.000000;5.000000;4.000000;4.000000;4.000000;4.000000;4.000000,12,nan,0,5.000000;5.000000;5.000000;5.000000;5.000000;5.000000,0.095333;0.089573;0.100773;nan;0.123173;nan,5.000000;5.000000;5.000000;5.000000;5.000000;5.000000,0,0,0,0,0,0,0,0,0,0,478,22944,78,4056,45,2160,36,1480,6,180,0,0,0,0,0,0,0,0,graph_0003__path_life_0.5000,path_life,0.5,graph_0003,epoch_0001
trace,static,0.181171,0.181162,872,680,105,0,0,0.466667,0.023424,73.106725,360,168,0,0,0,46,0.933333,0,0,0.000000,0.000000,0.500000,4.285714,4.000000,5.000000,5.000000;5.000000;4.000000;4.000000;4.000000;4.000000;4.000000,12,nan,0,5.000000;5.000000;5.000000;5.000000;5.000000;5.000000,0.104039;0.098549;0.109749;0.120679;0.132149;0.143349,5.000000;5.000000;5.000000;5.000000;5.000000;5.000000,0,0,0,0,0,0,0,0,0,0,0,0,0,0,0,0,0,0,0,0,0,0,0,0,0,0,0,0,graph_0003__path_life_0.5000,path_life,0.5,graph_0003,epoch_0001
trace,olsr,0.398053,0.397701,1460,1504,105,330,509,0.563889,0.030144,70.884766,360,203,22,0,0,284,1.127778,330,21896,1.625616,107.862069,0.500000,4.285714,4.000000,5.000000,5.000000;5.000000;4.000000;4.000000;4.000000;4.000000;4.000000,12,nan,0,5.000000;5.000000;5.000000;5.000000;5.000000;5.000000,0.095333;0.089573;0.100773;0.111973;0.123173;nan,5.000000;5.000000;5.000000;5.000000;5.000000;5.000000,229,13760,101,8136,0,0,0,0,0,0,0,0,0,0,0,0,0,0,0,0,0,0,0,0,0,0,0,0,graph_0003__path_life_0.5000,path_life,0.5,graph_0003,epoch_0003
trace,aodv,0.398580,0.398542,1839,2083,105,639,893,0.666667,0.039055,68.124619,360,240,5,56,0,250,1.333333,639,30660,2.662500,127.750000,0.500000,4.285714,4.000000,5.000000,5.000000;5.000000;4.000000;4.000000;4.000000;4.000000;4.000000,12,nan,0,5.000000;5.000000;5.000000;5.000000;5.000000;5.000000,0.095333;0.089573;0.100773;nan;0.123173;nan,5.000000;5.000000;5.000000;5.000000;5.000000;5.000000,0,0,0,0,0,0,0,0,0,0,477,22896,78,4056,45,2160,33,1368,6,180,0,0,0,0,0,0,0,0,graph_0003__path_life_0.5000,path_life,0.5,graph_0003,epoch_0003
trace,static,0.190981,0.190964,872,680,105,0,0,0.466667,0.023420,73.106673,360,168,0,0,0,46,0.933333,0,0,0.000000,0.000000,0.500000,4.285714,4.000000,5.000000,5.000000;5.000000;4.000000;4.000000;4.000000;4.000000;4.000000,12,nan,0,5.000000;5.000000;5.000000;5.000000;5.000000;5.000000,0.104039;0.098549;0.109749;0.120679;0.132149;0.143349,5.000000;5.000000;5.000000;5.000000;5.000000;5.000000,0,0,0,0,0,0,0,0,0,0,0,0,0,0,0,0,0,0,0,0,0,0,0,0,0,0,0,0,graph_0003__path_life_0.5000,path_life,0.5,graph_0003,epoch_0003
trace,olsr,0.400885,0.400287,1457,1501,105,331,510,0.561111,0.032729,70.689608,360,202,23,0,0,294,1.122222,331,21904,1.638614,108.435644,0.500000,4.285714,4.000000,5.000000,5.000000;5.000000;4.000000;4.000000;4.000000;4.000000;4.000000,12,nan,0,5.000000;5.000000;5.000000;5.000000;5.000000;5.000000,0.095333;0.089573;0.100773;0.111973;0.123173;nan,5.000000;5.000000;5.000000;5.000000;5.000000;5.000000,229,13760,102,8144,0,0,0,0,0,0,0,0,0,0,0,0,0,0,0,0,0,0,0,0,0,0,0,0,graph_0003__path_life_0.5000,path_life,0.5,graph_0003,epoch_0004
trace,aodv,0.402083,0.401696,1837,2068,105,630,877,0.663889,0.038904,68.117598,360,239,0,56,0,242,1.327778,630,30284,2.635983,126.711297,0.500000,4.285714,4.000000,5.000000,5.000000;5.000000;4.000000;4.000000;4.000000;4.000000;4.000000,12,nan,0,5.000000;5.000000;5.000000;5.000000;5.000000;5.000000,0.095333;0.089573;0.100773;nan;0.123173;nan,5.000000;5.000000;5.000000;5.000000;5.000000;5.000000,0,0,0,0,0,0,0,0,0,0,478,22944,76,3952,45,2160,25,1048,6,180,0,0,0,0,0,0,0,0,graph_0003__path_life_0.5000,path_life,0.5,graph_0003,epoch_0004
trace,static,0.180775,0.180723,872,680,105,0,0,0.466667,0.023424,73.106738,360,168,0,0,0,46,0.933333,0,0,0.000000,0.000000,0.500000,4.285714,4.000000,5.000000,5.000000;5.000000;4.000000;4.000000;4.000000;4.000000;4.000000,12,nan,0,5.000000;5.000000;5.000000;5.000000;5.000000;5.000000,0.104039;0.098549;0.109749;0.120679;0.132149;0.143349,5.000000;5.000000;5.000000;5.000000;5.000000;5.000000,0,0,0,0,0,0,0,0,0,0,0,0,0,0,0,0,0,0,0,0,0,0,0,0,0,0,0,0,graph_0003__path_life_0.5000,path_life,0.5,graph_0003,epoch_0004
trace,olsr,0.429511,0.429121,1487,1538,105,329,516,0.594444,0.030689,72.499664,360,214,10,0,0,278,1.188889,329,21768,1.537383,101.719626,0.500000,4.285714,4.000000,5.000000,5.000000;5.000000;4.000000;4.000000;4.000000;4.000000;4.000000,12,nan,0,5.000000;5.000000;5.000000;5.000000;5.000000;5.000000,0.095333;0.089573;0.100773;0.111973;0.123173;0.134373,5.000000;5.000000;5.000000;5.000000;5.000000;5.000000,227,13632,102,8136,0,0,0,0,0,0,0,0,0,0,0,0,0,0,0,0,0,0,0,0,0,0,0,0,graph_0003__path_life_0.5000,path_life,0.5,graph_0003,epoch_0005
trace,aodv,0.401997,0.400727,1840,2065,105,632,873,0.663889,0.038897,68.117260,360,239,0,56,0,252,1.327778,632,30388,2.644351,127.146444,0.500000,4.285714,4.000000,5.000000,5.000000;5.000000;4.000000;4.000000;4.000000;4.000000;4.000000,12,nan,0,5.000000;5.000000;5.000000;5.000000;5.000000;5.000000,0.095333;0.089573;0.100773;nan;0.123173;nan,5.000000;5.000000;5.000000;5.000000;5.000000;5.000000,0,0,0,0,0,0,0,0,0,0,478,22944,78,4056,45,2160,25,1048,6,180,0,0,0,0,0,0,0,0,graph_0003__path_life_0.5000,path_life,0.5,graph_0003,epoch_0005
trace,static,0.179680,0.179292,872,680,105,0,0,0.466667,0.023420,73.106676,360,168,0,0,0,46,0.933333,0,0,0.000000,0.000000,0.500000,4.285714,4.000000,5.000000,5.000000;5.000000;4.000000;4.000000;4.000000;4.000000;4.000000,12,nan,0,5.000000;5.000000;5.000000;5.000000;5.000000;5.000000,0.104039;0.098549;0.109749;0.120679;0.132149;0.143349,5.000000;5.000000;5.000000;5.000000;5.000000;5.000000,0,0,0,0,0,0,0,0,0,0,0,0,0,0,0,0,0,0,0,0,0,0,0,0,0,0,0,0,graph_0003__path_life_0.5000,path_life,0.5,graph_0003,epoch_0005
trace,olsr,0.401150,0.401016,1463,1509,105,331,512,0.569444,0.029313,71.098954,360,205,20,0,0,297,1.138889,331,21880,1.614634,106.731707,0.500000,4.285714,4.000000,5.000000,5.000000;5.000000;4.000000;4.000000;4.000000;4.000000;4.000000,12,nan,0,5.000000;5.000000;5.000000;5.000000;5.000000;5.000000,0.095333;0.089573;0.100773;0.111973;0.123173;1.281253,5.000000;5.000000;5.000000;5.000000;5.000000;5.000000,225,13504,106,8376,0,0,0,0,0,0,0,0,0,0,0,0,0,0,0,0,0,0,0,0,0,0,0,0,graph_0003__path_life_0.5000,path_life,0.5,graph_0003,epoch_0002
trace,aodv,0.402779,0.402685,1837,2071,105,630,880,0.663889,0.038893,68.118463,360,239,0,56,0,235,1.327778,630,30284,2.635983,126.711297,0.500000,4.285714,4.000000,5.000000,5.000000;5.000000;4.000000;4.000000;4.000000;4.000000;4.000000,12,nan,0,5.000000;5.000000;5.000000;5.000000;5.000000;5.000000,0.095333;0.089573;0.100773;nan;0.123173;nan,5.000000;5.000000;5.000000;5.000000;5.000000;5.000000,0,0,0,0,0,0,0,0,0,0,478,22944,76,3952,45,2160,25,1048,6,180,0,0,0,0,0,0,0,0,graph_0003__path_life_0.5000,path_life,0.5,graph_0003,epoch_0002
trace,static,0.183570,0.183550,872,680,105,0,0,0.466667,0.023419,73.106661,360,168,0,0,0,46,0.933333,0,0,0.000000,0.000000,0.500000,4.285714,4.000000,5.000000,5.000000;5.000000;4.000000;4.000000;4.000000;4.000000;4.000000,12,nan,0,5.000000;5.000000;5.000000;5.000000;5.000000;5.000000,0.104039;0.098549;0.109749;0.120679;0.132149;0.143349,5.000000;5.000000;5.000000;5.000000;5.000000;5.000000,0,0,0,0,0,0,0,0,0,0,0,0,0,0,0,0,0,0,0,0,0,0,0,0,0,0,0,0,graph_0003__path_life_0.5000,path_life,0.5,graph_0003,epoch_0002
trace,olsr,0.442052,0.442027,1639,1777,105,331,537,0.811111,0.040713,74.673908,360,292,0,0,0,222,1.158730,331,21880,1.133562,74.931507,0.700000,4.666667,5.000000,5.000000,5.000000;5.000000;5.000000;5.000000;5.000000;5.000000;4.000000;4.000000;4.000000,16,nan,0,3.000000;3.000000;2.000000;2.000000;2.000000;2.000000;2.000000;2.000000,0.129253;0.157413;0.038693;0.083813;0.128933;0.010213;0.073733;0.134373,3.000000;3.000000;2.000000;2.000000;2.000000;2.000000;2.000000;2.000000,229,13760,102,8120,0,0,0,0,0,0,0,0,0,0,0,0,0,0,0,0,0,0,0,0,0,0,0,0,graph_0003__path_life_0.7000,path_life,0.7,graph_0003,epoch_0001
trace,aodv,0.512225,0.512024,2163,2421,105,655,935,0.919444,0.046336,74.245140,360,331,7,0,0,290,1.313492,655,31462,1.978852,95.051360,0.700000,4.666667,5.000000,5.000000,5.000000;5.000000;5.000000;5.000000;5.000000;5.000000;4.000000;4.000000;4.000000,16,nan,0,3.000000;3.000000;2.000000;2.000000;2.000000;2.000000;2.000000;2.000000,1.465808;0.509164;0.038693;0.083813;1.460864;0.010213;0.072293;0.134373,3.000000;3.000000;2.000000;2.000000;2.000000;2.000000;2.000000;2.000000,0,0,0,0,0,0,0,0,0,0,485,23280,75,3900,58,2784,34,1408,3,90,0,0,0,0,0,0,0,0,graph_0003__path_life_0.7000,path_life,0.7,graph_0003,epoch_0001
trace,static,0.259328,0.259312,1082,960,105,0,0,0.661111,0.033183,74.437281,360,238,0,0,0,54,0.944444,0,0,0.000000,0.000000,0.700000,4.666667,5.000000,5.000000,5.000000;5.000000;5.000000;5.000000;5.000000;5.000000;4.000000;4.000000;4.000000,16,nan,0,3.000000;3.000000;2.000000;2.000000;2.000000;2.000000;2.000000;2.000000,0.137959;0.166389;0.047689;0.092789;0.137909;0.019189;0.081269;0.143349,3.000000;3.000000;2.000000;2.000000;2.000000;2.000000;2.000000;2.000000,0,0,0,0,0,0,0,0,0,0,0,0,0,0,0,0,0,0,0,0,0,0,0,0,0,0,0,0,graph_0003__path_life_0.7000,path_life,0.7,graph_0003,epoch_0001
trace,olsr,0.433363,0.433174,1636,1767,105,330,530,0.808333,0.040567,74.750969,360,291,0,0,0,219,1.154762,330,21800,1.134021,74.914089,0.700000,4.666667,5.000000,5.000000,5.000000;5.000000;5.000000;5.000000;5.000000;5.000000;4.000000;4.000000;4.000000,16,nan,0,3.000000;3.000000;2.000000;2.000000;2.000000;2.000000;2.000000;2.000000,0.129253;0.157413;0.038693;0.083813;0.128933;0.010213;0.072293;0.134373,3.000000;3.000000;2.000000;2.000000;2.000000;2.000000;2.000000;2.000000,228,13696,102,8104,0,0,0,0,0,0,0,0,0,0,0,0,0,0,0,0,0,0,0,0,0,0,0,0,graph_0003__path_life_0.7000,path_life,0.7,graph_0003,epoch_0003
trace,aodv,0.520682,0.520306,2144,2401,105,639,924,0.913889,0.046045,74.101442,360,329,3,0,0,321,1.305556,639,30762,1.942249,93.501520,0.700000,4.666667,5.000000,5.000000,5.000000;5.000000;5.000000;5.000000;5.000000;5.000000;4.000000;4.000000;4.000000,16,nan,0,3.000000;3.000000;2.000000;2.000000;2.000000;2.000000;2.000000;2.000000,1.464408;0.502488;0.038693;0.083813;1.459684;0.010213;0.072293;0.134373,3.000000;3.000000;2.000000;2.000000;2.000000;2.000000;2.000000;2.000000,0,0,0,0,0,0,0,0,0,0,484,23232,70,3640,58,2784,24,1016,3,90,0,0,0,0,0,0,0,0,graph_0003__path_life_0.7000,path_life,0.7,graph_0003,epoch_0003
trace,static,0.259758,0.259681,1082,960,105,0,0,0.661111,0.033178,74.437244,360,238,0,0,0,53,0.944444,0,0,0.000000,0.000000,0.700000,4.666667,5.000000,5.000000,5.000000;5.000000;5.000000;5.000000;5.000000;5.000000;4.000000;4.000000;4.000000,16,nan,0,3.000000;3.000000;2.000000;2.000000;2.000000;2.000000;2.000000;2.000000,0.137959;0.166389;0.047689;0.092789;0.137909;0.019189;0.081269;0.143349,3.000000;3.000000;2.000000;2.000000;2.000000;2.000000;2.000000;2.000000,0,0,0,0,0,0,0,0,0,0,0,0,0,0,0,0,0,0,0,0,0,0,0,0,0,0,0,0,graph_0003__path_life_0.7000,path_life,0.7,graph_0003,epoch_0003
trace,olsr,0.435534,0.435497,1636,1772,105,329,533,0.811111,0.040715,74.773248,360,292,0,0,0,215,1.158730,329,21768,1.126712,74.547945,0.700000,4.666667,5.000000,5.000000,5.000000;5.000000;5.000000;5.000000;5.000000;5.000000;4.000000;4.000000;4.000000,16,nan,0,3.000000;3.000000;2.000000;2.000000;2.000000;2.000000;2.000000;2.000000,0.129253;0.157413;0.038693;0.083813;0.128933;0.010213;0.072293;0.134373,3.000000;3.000000;2.000000;2.000000;2.000000;2.000000;2.000000;2.000000,228,13696,101,8072,0,0,0,0,0,0,0,0,0,0,0,0,0,0,0,0,0,0,0,0,0,0,0,0,graph_0003__path_life_0.7000,path_life,0.7,graph_0003,epoch_0004
trace,aodv,0.523390,0.523185,2169,2428,105,665,942,0.919444,0.046337,74.243255,360,331,11,0,0,282,1.313492,665,31854,2.009063,96.235650,0.700000,4.666667,5.000000,5.000000,5.000000;5.000000;5.000000;5.000000;5.000000;5.000000;4.000000;4.000000;4.000000,16,nan,0,3.000000;3.000000;2.000000;2.000000;2.000000;2.000000;2.000000;2.000000,1.458708;0.498494;0.038693;0.083813;1.460104;0.010213;0.072293;0.134373,3.000000;3.000000;2.000000;2.000000;2.000000;2.000000;2.000000;2.000000,0,0,0,0,0,0,0,0,0,0,484,23232,75,3900,58,2784,45,1848,3,90,0,0,0,0,0,0,0,0,graph_0003__path_life_0.7000,path_life,0.7,graph_0003,epoch_0004
trace,static,0.254148,0.254134,1082,960,105,0,0,0.661111,0.033185,74.437290,360,238,0,0,0,53,0.944444,0,0,0.000000,0.000000,0.700000,4.666667,5.000000,5.000000,5.000000;5.000000;5.000000;5.000000;5.000000;5.000000;4.000000;4.000000;4.000000,16,nan,0,3.000000;3.000000;2.000000;2.000000;2.000000;2.000000;2.000000;2.000000,0.137959;0.166389;0.047689;0.092789;0.137909;0.019189;0.081269;0.143349,3.000000;3.000000;2.000000;2.000000;2.000000;2.000000;2.000000;2.000000,0,0,0,0,0,0,0,0,0,0,0,0,0,0,0,0,0,0,0,0,0,0,0,0,0,0,0,0,graph_0003__path_life_0.7000,path_life,0.7,graph_0003,epoch_0004
trace,olsr,0.432940,0.432370,1639,1780,105,333,543,0.808333,0.040568,74.751068,360,291,0,0,0,215,1.154762,333,21944,1.144330,75.408935,0.700000,4.666667,5.000000,5.000000,5.000000;5.000000;5.000000;5.000000;5.000000;5.000000;4.000000;4.000000;4.000000,16,nan,0,3.000000;3.000000;2.000000;2.000000;2.000000;2.000000;2.000000;2.000000,0.129253;0.157413;0.038693;0.083813;0.128933;0.010213;0.072293;0.134373,3.000000;3.000000;2.000000;2.000000;2.000000;2.000000;2.000000;2.000000,228,13696,105,8248,0,0,0,0,0,0,0,0,0,0,0,0,0,0,0,0,0,0,0,0,0,0,0,0,graph_0003__path_life_0.7000,path_life,0.7,graph_0003,epoch_0005
trace,aodv,0.510790,0.510743,2162,2403,105,654,921,0.913889,0.046050,74.125761,360,329,5,0,0,333,1.305556,654,31444,1.987842,95.574468,0.700000,4.666667,5.000000,5.000000,5.000000;5.000000;5.000000;5.000000;5.000000;5.000000;4.000000;4.000000;4.000000,16,nan,0,3.000000;3.000000;2.000000;2.000000;2.000000;2.000000;2.000000;2.000000,1.458008;0.505124;0.038693;0.083813;1.466004;0.010213;0.072293;0.134373,3.000000;3.000000;2.000000;2.000000;2.000000;2.000000;2.000000;2.000000,0,0,0,0,0,0,0,0,0,0,485,23280,74,3848,60,2880,33,1376,2,60,0,0,0,0,0,0,0,0,graph_0003__path_life_0.7000,path_life,0.7,graph_0003,epoch_0005
trace,static,0.256305,0.256288,1082,960,105,0,0,0.661111,0.033179,74.437246,360,238,0,0,0,54,0.944444,0,0,0.000000,0.000000,0.700000,4.666667,5.000000,5.000000,5.000000;5.000000;5.000000;5.000000;5.000000;5.000000;4.000000;4.000000;4.000000,16,nan,0,3.000000;3.000000;2.000000;2.000000;2.000000;2.000000;2.000000;2.000000,0.137959;0.166389;0.047689;0.092789;0.137909;0.019189;0.081269;0.143349,3.000000;3.000000;2.000000;2.000000;2.000000;2.000000;2.000000;2.000000,0,0,0,0,0,0,0,0,0,0,0,0,0,0,0,0,0,0,0,0,0,0,0,0,0,0,0,0,graph_0003__path_life_0.7000,path_life,0.7,graph_0003,epoch_0005
trace,olsr,0.440872,0.440510,1631,1766,105,331,535,0.802778,0.040287,74.837692,360,289,2,0,0,225,1.146825,331,21952,1.145329,75.958478,0.700000,4.666667,5.000000,5.000000,5.000000;5.000000;5.000000;5.000000;5.000000;5.000000;4.000000;4.000000;4.000000,16,nan,0,3.000000;3.000000;2.000000;2.000000;2.000000;2.000000;2.000000;2.000000,0.129253;0.157413;0.038693;0.083813;0.128933;0.010213;0.072293;0.134373,3.000000;3.000000;2.000000;2.000000;2.000000;2.000000;2.000000;2.000000,226,13568,105,8384,0,0,0,0,0,0,0,0,0,0,0,0,0,0,0,0,0,0,0,0,0,0,0,0,graph_0003__path_life_0.7000,path_life,0.7,graph_0003,epoch_0002
trace,aodv,0.525240,0.525040,2155,2407,105,654,929,0.913889,0.046046,74.101755,360,329,8,0,0,324,1.305556,654,31362,1.987842,95.325228,0.700000,4.666667,5.000000,5.000000,5.000000;5.000000;5.000000;5.000000;5.000000;5.000000;4.000000;4.000000;4.000000,16,nan,0,3.000000;3.000000;2.000000;2.000000;2.000000;2.000000;2.000000;2.000000,1.460568;0.506210;0.038693;0.083813;1.463764;0.010213;0.072293;0.134373,3.000000;3.000000;2.000000;2.000000;2.000000;2.000000;2.000000;2.000000,0,0,0,0,0,0,0,0,0,0,484,23232,70,3640,58,2784,39,1616,3,90,0,0,0,0,0,0,0,0,graph_0003__path_life_0.7000,path_life,0.7,graph_0003,epoch_0002
trace,static,0.266761,0.266604,1082,960,105,0,0,0.661111,0.033177,74.437239,360,238,0,0,0,54,0.944444,0,0,0.000000,0.000000,0.700000,4.666667,5.000000,5.000000,5.000000;5.000000;5.000000;5.000000;5.000000;5.000000;4.000000;4.000000;4.000000,16,nan,0,3.000000;3.000000;2.000000;2.000000;2.000000;2.000000;2.000000;2.000000,0.137959;0.166389;0.047689;0.092789;0.137909;0.019189;0.081269;0.143349,3.000000;3.000000;2.000000;2.000000;2.000000;2.000000;2.000000;2.000000,0,0,0,0,0,0,0,0,0,0,0,0,0,0,0,0,0,0,0,0,0,0,0,0,0,0,0,0,graph_0003__path_life_0.7000,path_life,0.7,graph_0003,epoch_0002
trace,olsr,0.255168,0.255165,922,976,105,319,470,0.258333,0.012965,65.490279,360,93,17,0,0,165,0.861111,319,20704,3.430108,222.623656,0.300000,4.500000,4.500000,5.000000,5.000000;5.000000;4.000000;4.000000,6,nan,0,14.000000;14.000000;14.000000,0.106533;nan;0.307189,14.000000;14.000000;14.000000,227,13632,92,7072,0,0,0,0,0,0,0,0,0,0,0,0,0,0,0,0,0,0,0,0,0,0,0,0,graph_0001__path_life_0.3000,path_life,0.3,graph_0001,epoch_0001
trace,aodv,0.333121,0.332941,1625,1776,105,643,848,0.366667,0.026169,67.804323,360,132,6,168,0,231,1.222222,643,30966,4.871212,234.590909,0.300000,4.500000,4.500000,5.000000,5.000000;5.000000;4.000000;4.000000,6,nan,0,14.000000;14.000000;14.000000,0.106533;0.111973;nan,14.000000;14.000000;14.000000,0,0,0,0,0,0,0,0,0,0,478,22944,86,4472,42,2016,32,1384,5,150,0,0,0,0,0,0,0,0,graph_0001__path_life_0.3000,path_life,0.3,graph_0001,epoch_0001
trace,static,0.113477,0.113254,659,398,105,0,0,0.275000,0.013801,71.703575,360,99,0,0,0,23,0.916667,0,0,0.000000,0.000000,0.300000,4.500000,4.500000,5.000000,5.000000;5.000000;4.000000;4.000000,6,nan,0,14.000000;14.000000;14.000000,0.115509;0.120949;0.143349,14.000000;14.000000;14.000000,0,0,0,0,0,0,0,0,0,0,0,0,0,0,0,0,0,0,0,0,0,0,0,0,0,0,0,0,graph_0001__path_life_0.3000,path_life,0.3,graph_0001,epoch_0001
trace,olsr,0.224457,0.224448,789,842,105,319,468,0.177778,0.022285,55.498076,360,64,12,0,0,152,0.592593,319,20756,4.984375,324.312500,0.300000,4.500000,4.500000,5.000000,5.000000;5.000000;4.000000;4.000000,6,nan,0,14.000000;14.000000;14.000000,1.253493;nan;nan,14.000000;14.000000;14.000000,230,13824,89,6932,0,0,0,0,0,0,0,0,0,0,0,0,0,0,0,0,0,0,0,0,0,0,0,0,graph_0001__path_life_0.3000,path_life,0.3,graph_0001,epoch_0003
trace,aodv,0.408055,0.408047,1854,2014,105,689,907,0.483333,0.024359,75.668258,360,174,16,112,0,263,1.611111,689,32972,3.959770,189.494253,0.300000,4.500000,4.500000,5.000000,5.000000;5.000000;4.000000;4.000000,6,nan,0,14.000000;14.000000;14.000000,0.106533;0.111973;1.625605,14.000000;14.000000;14.000000,0,0,0,0,0,0,0,0,0,0,471,22608,98,5096,53,2544,61,2544,6,180,0,0,0,0,0,0,0,0,graph_0001__path_life_0.3000,path_life,0.3,graph_0001,epoch_0003
trace,static,0.118063,0.118058,659,398,105,0,0,0.275000,0.013804,71.703695,360,99,0,0,0,23,0.916667,0,0,0.000000,0.000000,0.300000,4.500000,4.500000,5.000000,5.000000;5.000000;4.000000;4.000000,6,nan,0,14.000000;14.000000;14.000000,0.115509;0.120949;0.143349,14.000000;14.000000;14.000000,0,0,0,0,0,0,0,0,0,0,0,0,0,0,0,0,0,0,0,0,0,0,0,0,0,0,0,0,graph_0001__path_life_0.3000,path_life,0.3,graph_0001,epoch_0003
trace,olsr,0.294837,0.294829,943,1005,105,321,479,0.280556,0.014080,66.112715,360,101,15,0,0,153,0.935185,321,20916,3.178218,207.089109,0.300000,4.500000,4.500000,5.000000,5.000000;5.000000;4.000000;4.000000,6,nan,0,14.000000;14.000000;14.000000,0.106533;nan;0.134373,14.000000;14.000000;14.000000,228,13696,93,7220,0,0,0,0,0,0,0,0,0,0,0,0,0,0,0,0,0,0,0,0,0,0,0,0,graph_0001__path_life_0.3000,path_life,0.3,graph_0001,epoch_0004
trace,aodv,0.442187,0.442000,1840,1981,105,684,891,0.475000,0.023933,75.495058,360,171,11,112,0,319,1.583333,684,32870,4.000000,192.222222,0.300000,4.500000,4.500000,5.000000,5.000000;5.000000;4.000000;4.000000,6,nan,0,14.000000;14.000000;14.000000,0.106533;0.111973;1.628016,14.000000;14.000000;14.000000,0,0,0,0,0,0,0,0,0,0,471,22608,101,5252,61,2928,44,1872,7,210,0,0,0,0,0,0,0,0,graph_0001__path_life_0.3000,path_life,0.3,graph_0001,epoch_0004
trace,static,0.116017,0.116014,659,398,105,0,0,0.275000,0.013802,71.703593,360,99,0,0,0,23,0.916667,0,0,0.000000,0.000000,0.300000,4.500000,4.500000,5.000000,5.000000;5.000000;4.000000;4.000000,6,nan,0,14.000000;14.000000;14.000000,0.115509;0.120949;0.143349,14.000000;14.000000;14.000000,0,0,0,0,0,0,0,0,0,0,0,0,0,0,0,0,0,0,0,0,0,0,0,0,0,0,0,0,graph_0001__path_life_0.3000,path_life,0.3,graph_0001,epoch_0004
trace,olsr,0.282848,0.282674,950,1006,105,321,473,0.286111,0.014359,66.781657,360,103,13,0,0,170,0.953704,321,20820,3.116505,202.135922,0.300000,4.500000,4.500000,5.000000,5.000000;5.000000;4.000000;4.000000,6,nan,0,14.000000;14.000000;14.000000,0.106533;nan;0.134373,14.000000;14.000000;14.000000,228,13696,93,7124,0,0,0,0,0,0,0,0,0,0,0,0,0,0,0,0,0,0,0,0,0,0,0,0,graph_0001__path_life_0.3000,path_life,0.3,graph_0001,epoch_0005
trace,aodv,0.395069,0.394813,1805,1938,105,667,869,0.461111,0.023629,76.305383,360,166,13,112,0,320,1.537037,667,32028,4.018072,192.939759,0.300000,4.500000,4.500000,5.000000,5.000000;5.000000;4.000000;4.000000,6,nan,0,14.000000;14.000000;14.000000,0.106533;0.111973;0.134373,14.000000;14.000000;14.000000,0,0,0,0,0,0,0,0,0,0,471,22608,92,4784,53,2544,45,1912,6,180,0,0,0,0,0,0,0,0,graph_0001__path_life_0.3000,path_life,0.3,graph_0001,epoch_0005
trace,static,0.112308,0.112253,659,398,105,0,0,0.275000,0.013802,71.703603,360,99,0,0,0,23,0.916667,0,0,0.000000,0.000000,0.300000,4.500000,4.500000,5.000000,5.000000;5.000000;4.000000;4.000000,6,nan,0,14.000000;14.000000;14.000000,0.115509;0.120949;0.143349,14.000000;14.000000;14.000000,0,0,0,0,0,0,0,0,0,0,0,0,0,0,0,0,0,0,0,0,0,0,0,0,0,0,0,0,graph_0001__path_life_0.3000,path_life,0.3,graph_0001,epoch_0005
trace,olsr,0.273595,0.273577,905,954,105,322,470,0.244444,0.012695,60.686178,360,88,21,0,0,161,0.814815,322,20948,3.659091,238.045455,0.300000,4.500000,4.500000,5.000000,5.000000;5.000000;4.000000;4.000000,6,nan,0,14.000000;14.000000;14.000000,0.106533;nan;0.134373,14.000000;14.000000;14.000000,230,13824,92,7124,0,0,0,0,0,0,0,0,0,0,0,0,0,0,0,0,0,0,0,0,0,0,0,0,graph_0001__path_life_0.3000,path_life,0.3,graph_0001,epoch_0002
trace,aodv,0.358696,0.358679,1610,1760,105,629,831,0.369444,0.026371,67.762025,360,133,6,168,0,193,1.231481,629,30180,4.729323,226.917293,0.300000,4.500000,4.500000,5.000000,5.000000;5.000000;4.000000;4.000000,6,nan,0,14.000000;14.000000;14.000000,0.106533;0.111973;nan,14.000000;14.000000;14.000000,0,0,0,0,0,0,0,0,0,0,482,23136,69,3588,35,1680,39,1656,4,120,0,0,0,0,0,0,0,0,graph_0001__path_life_0.3000,path_life,0.3,graph_0001,epoch_0002
trace,static,0.132492,0.132472,659,398,105,0,0,0.275000,0.013804,71.703682,360,99,0,0,0,23,0.916667,0,0,0.000000,0.000000,0.300000,4.500000,4.500000,5.000000,5.000000;5.000000;4.000000;4.000000,6,nan,0,14.000000;14.000000;14.000000,0.115509;0.120949;0.143349,14.000000;14.000000;14.000000,0,0,0,0,0,0,0,0,0,0,0,0,0,0,0,0,0,0,0,0,0,0,0,0,0,0,0,0,graph_0001__path_life_0.3000,path_life,0.3,graph_0001,epoch_0002
trace,olsr,0.364086,0.363921,1110,1071,105,325,478,0.280556,0.014081,74.829194,360,101,11,0,0,289,0.935185,325,21208,3.217822,209.980198,0.300000,4.500000,4.500000,5.000000,5.000000;5.000000;4.000000;4.000000,6,nan,0,14.000000;14.000000;14.000000,2.400313;3.242615;0.134373,14.000000;14.000000;14.000000,228,13696,97,7512,0,0,0,0,0,0,0,0,0,0,0,0,0,0,0,0,0,0,0,0,0,0,0,0,graph_0002__path_life_0.3000,path_life,0.3,graph_0002,epoch_0001
trace,aodv,0.451420,0.451407,1840,2027,105,634,836,0.633333,0.031913,79.862804,360,228,5,112,0,265,2.111111,634,30510,2.780702,133.815789,0.300000,4.500000,4.500000,5.000000,5.000000;5.000000;4.000000;4.000000,6,nan,0,14.000000;14.000000;14.000000,0.467128;0.770501;1.466668,14.000000;14.000000;14.000000,0,0,0,0,0,0,0,0,0,0,483,23184,71,3692,45,2160,32,1384,3,90,0,0,0,0,0,0,0,0,graph_0002__path_life_0.3000,path_life,0.3,graph_0002,epoch_0001
trace,static,0.120905,0.120890,658,397,105,0,0,0.275000,0.013802,71.703613,360,99,0,0,0,22,0.916667,0,0,0.000000,0.000000,0.300000,4.500000,4.500000,5.000000,5.000000;5.000000;4.000000;4.000000,6,nan,0,14.000000;14.000000;14.000000,0.115509;0.120949;0.143349,14.000000;14.000000;14.000000,0,0,0,0,0,0,0,0,0,0,0,0,0,0,0,0,0,0,0,0,0,0,0,0,0,0,0,0,graph_0002__path_life_0.3000,path_life,0.3,graph_0002,epoch_0001
trace,olsr,0.316240,0.316234,1016,981,105,319,458,0.258333,0.013415,71.209269,360,93,3,0,0,269,0.861111,319,20752,3.430108,223.139785,0.300000,4.500000,4.500000,5.000000,5.000000;5.000000;4.000000;4.000000,6,nan,0,14.000000;14.000000;14.000000,1.426309;3.242615;0.134373,14.000000;14.000000;14.000000,230,13824,89,6928,0,0,0,0,0,0,0,0,0,0,0,0,0,0,0,0,0,0,0,0,0,0,0,0,graph_0002__path_life_0.3000,path_life,0.3,graph_0002,epoch_0003
trace,aodv,0.403409,0.403244,1828,1982,105,626,800,0.625000,0.031488,79.871568,360,225,3,112,0,297,2.083333,626,30142,2.782222,133.964444,0.300000,4.500000,4.500000,5.000000,5.000000;5.000000;4.000000;4.000000,6,nan,0,14.000000;14.000000;14.000000,0.456388;1.261763;1.473384,14.000000;14.000000;14.000000,0,0,0,0,0,0,0,0,0,0,478,22944,72,3744,45,2160,26,1144,5,150,0,0,0,0,0,0,0,0,graph_0002__path_life_0.3000,path_life,0.3,graph_0002,epoch_0003
trace,static,0.116662,0.116647,658,397,105,0,0,0.275000,0.013800,71.703524,360,99,0,0,0,22,0.916667,0,0,0.000000,0.000000,0.300000,4.500000,4.500000,5.000000,5.000000;5.000000;4.000000;4.000000,6,nan,0,14.000000;14.000000;14.000000,0.115509;0.120949;0.143349,14.000000;14.000000;14.000000,0,0,0,0,0,0,0,0,0,0,0,0,0,0,0,0,0,0,0,0,0,0,0,0,0,0,0,0,graph_0002__path_life_0.3000,path_life,0.3,graph_0002,epoch_0003
trace,olsr,0.408638,0.408626,1213,1173,105,323,480,0.358333,0.017985,76.237303,360,129,1,0,0,290,1.194444,323,21168,2.503876,164.093023,0.300000,4.500000,4.500000,5.000000,5.000000;5.000000;4.000000;4.000000,6,nan,0,14.000000;14.000000;14.000000,1.744933;0.111973;0.134373,14.000000;14.000000;14.000000,227,13632,96,7536,0,0,0,0,0,0,0,0,0,0,0,0,0,0,0,0,0,0,0,0,0,0,0,0,graph_0002__path_life_0.3000,path_life,0.3,graph_0002,epoch_0004
trace,aodv,0.440085,0.440016,1837,2014,105,631,828,0.627778,0.031637,79.868081,360,226,2,112,0,274,2.092593,631,30410,2.792035,134.557522,0.300000,4.500000,4.500000,5.000000,5.000000;5.000000;4.000000;4.000000,6,nan,0,14.000000;14.000000;14.000000,0.459668;1.092697;1.459588,14.000000;14.000000;14.000000,0,0,0,0,0,0,0,0,0,0,480,23040,74,3848,45,2160,29,1272,3,90,0,0,0,0,0,0,0,0,graph_0002__path_life_0.3000,path_life,0.3,graph_0002,epoch_0004
trace,static,0.113894,0.113675,658,397,105,0,0,0.275000,0.013803,71.703644,360,99,0,0,0,22,0.916667,0,0,0.000000,0.000000,0.300000,4.500000,4.500000,5.000000,5.000000;5.000000;4.000000;4.000000,6,nan,0,14.000000;14.000000;14.000000,0.115509;0.120949;0.143349,14.000000;14.000000;14.000000,0,0,0,0,0,0,0,0,0,0,0,0,0,0,0,0,0,0,0,0,0,0,0,0,0,0,0,0,graph_0002__path_life_0.3000,path_life,0.3,graph_0002,epoch_0004
trace,olsr,0.352203,0.352034,1143,1089,105,325,479,0.291667,0.015594,67.622472,360,105,6,0,0,322,0.972222,325,21136,3.095238,201.295238,0.300000,4.500000,4.500000,5.000000,5.000000;5.000000;4.000000;4.000000,6,nan,0,14.000000;14.000000;14.000000,0.106533;2.423415;nan,14.000000;14.000000;14.000000,229,13760,96,7376,0,0,0,0,0,0,0,0,0,0,0,0,0,0,0,0,0,0,0,0,0,0,0,0,graph_0002__path_life_0.3000,path_life,0.3,graph_0002,epoch_0005
trace,aodv,0.428805,0.428787,1834,2007,105,629,822,0.627778,0.031642,79.870243,360,226,2,112,0,275,2.092593,629,30262,2.783186,133.902655,0.300000,4.500000,4.500000,5.000000,5.000000;5.000000;4.000000;4.000000,6,nan,0,14.000000;14.000000;14.000000,0.447789;1.103737;1.477324,14.000000;14.000000;14.000000,0,0,0,0,0,0,0,0,0,0,478,22944,72,3744,45,2160,29,1264,5,150,0,0,0,0,0,0,0,0,graph_0002__path_life_0.3000,path_life,0.3,graph_0002,epoch_0005
trace,static,0.117908,0.117730,658,397,105,0,0,0.275000,0.013803,71.703654,360,99,0,0,0,22,0.916667,0,0,0.000000,0.000000,0.300000,4.500000,4.500000,5.000000,5.000000;5.000000;4.000000;4.000000,6,nan,0,14.000000;14.000000;14.000000,0.115509;0.120949;0.143349,14.000000;14.000000;14.000000,0,0,0,0,0,0,0,0,0,0,0,0,0,0,0,0,0,0,0,0,0,0,0,0,0,0,0,0,graph_0002__path_life_0.3000,path_life,0.3,graph_0002,epoch_0005
trace,olsr,0.231883,0.231799,750,778,105,320,461,0.144444,0.007960,64.688993,360,52,26,0,0,192,0.481481,320,20884,6.153846,401.615385,0.300000,4.500000,4.500000,5.000000,5.000000;5.000000;4.000000;4.000000,6,nan,0,14.000000;14.000000;14.000000,nan;3.397749;nan,14.000000;14.000000;14.000000,225,13504,95,7380,0,0,0,0,0,0,0,0,0,0,0,0,0,0,0,0,0,0,0,0,0,0,0,0,graph_0002__path_life_0.3000,path_life,0.3,graph_0002,epoch_0002
trace,aodv,0.452037,0.451860,1836,1998,105,633,815,0.625000,0.031490,79.871141,360,225,3,112,0,284,2.083333,633,30454,2.813333,135.351111,0.300000,4.500000,4.500000,5.000000,5.000000;5.000000;4.000000;4.000000,6,nan,0,14.000000;14.000000;14.000000,0.455188;1.264156;1.471328,14.000000;14.000000;14.000000,0,0,0,0,0,0,0,0,0,0,481,23088,71,3692,45,2160,33,1424,3,90,0,0,0,0,0,0,0,0,graph_0002__path_life_0.3000,path_life,0.3,graph_0002,epoch_0002
trace,static,0.116754,0.116491,658,397,105,0,0,0.275000,0.013802,71.703625,360,99,0,0,0,22,0.916667,0,0,0.000000,0.000000,0.300000,4.500000,4.500000,5.000000,5.000000;5.000000;4.000000;4.000000,6,nan,0,14.000000;14.000000;14.000000,0.115509;0.120949;0.143349,14.000000;14.000000;14.000000,0,0,0,0,0,0,0,0,0,0,0,0,0,0,0,0,0,0,0,0,0,0,0,0,0,0,0,0,graph_0002__path_life_0.3000,path_life,0.3,graph_0002,epoch_0002
trace,olsr,0.219820,0.219140,731,700,105,316,426,0.069444,0.008032,50.259387,360,25,17,0,0,200,0.694444,316,20424,12.640000,816.960000,0.100000,3.000000,3.000000,3.000000,3.000000;3.000000,2,nan,0,54.000000,nan,54.000000,229,13736,87,6688,0,0,0,0,0,0,0,0,0,0,0,0,0,0,0,0,0,0,0,0,0,0,0,0,graph_0005__path_life_0.1000,path_life,0.1,graph_0005,epoch_0001
trace,aodv,0.202929,0.202759,1204,1346,105,624,774,0.155556,0.007837,77.463441,360,56,2,294,0,92,1.555556,624,29956,11.142857,534.928571,0.100000,3.000000,3.000000,3.000000,3.000000;3.000000,2,nan,0,54.000000,0.117413,54.000000,0,0,0,0,0,0,0,0,0,0,489,23472,68,3536,23,1104,38,1664,6,180,0,0,0,0,0,0,0,0,graph_0005__path_life_0.1000,path_life,0.1,graph_0005,epoch_0001
trace,static,0.038126,0.038124,449,118,105,0,0,0.080556,0.004043,69.837714,360,29,0,0,0,8,0.805556,0,0,0.000000,0.000000,0.100000,3.000000,3.000000,3.000000,3.000000;3.000000,2,nan,0,54.000000,0.126389,54.000000,0,0,0,0,0,0,0,0,0,0,0,0,0,0,0,0,0,0,0,0,0,0,0,0,0,0,0,0,graph_0005__path_life_0.1000,path_life,0.1,graph_0005,epoch_0001
trace,olsr,0.152264,0.152251,577,616,105,318,425,0.058333,0.026502,47.369034,360,21,4,0,0,124,0.583333,318,20536,15.142857,977.904762,0.100000,3.000000,3.000000,3.000000,3.000000;3.000000,2,nan,0,54.000000,nan,54.000000,230,13824,88,6712,0,0,0,0,0,0,0,0,0,0,0,0,0,0,0,0,0,0,0,0,0,0,0,0,graph_0005__path_life_0.1000,path_life,0.1,graph_0005,epoch_0003
trace,aodv,0.257696,0.257639,1454,1568,105,646,792,0.247222,0.012459,73.279300,360,89,8,231,0,201,2.472222,646,30916,7.258427,347.370787,0.100000,3.000000,3.000000,3.000000,3.000000;3.000000,2,nan,0,54.000000,0.117413,54.000000,0,0,0,0,0,0,0,0,0,0,480,23040,77,4004,34,1632,47,2000,8,240,0,0,0,0,0,0,0,0,graph_0005__path_life_0.1000,path_life,0.1,graph_0005,epoch_0003
trace,static,0.037550,0.037548,449,118,105,0,0,0.080556,0.004043,69.837746,360,29,0,0,0,8,0.805556,0,0,0.000000,0.000000,0.100000,3.000000,3.000000,3.000000,3.000000;3.000000,2,nan,0,54.000000,0.126389,54.000000,0,0,0,0,0,0,0,0,0,0,0,0,0,0,0,0,0,0,0,0,0,0,0,0,0,0,0,0,graph_0005__path_life_0.1000,path_life,0.1,graph_0005,epoch_0003
trace,olsr,0.211761,0.211735,722,693,105,321,434,0.058333,0.026466,47.368638,360,21,16,0,0,185,0.583333,321,20768,15.285714,988.952381,0.100000,3.000000,3.000000,3.000000,3.000000;3.000000,2,nan,0,54.000000,nan,54.000000,230,13824,91,6944,0,0,0,0,0,0,0,0,0,0,0,0,0,0,0,0,0,0,0,0,0,0,0,0,graph_0005__path_life_0.1000,path_life,0.1,graph_0005,epoch_0004
trace,aodv,0.259082,0.259064,1420,1563,105,675,827,0.250000,0.012596,73.574391,360,90,30,231,0,176,2.500000,675,32098,7.500000,356.644444,0.100000,3.000000,3.000000,3.000000,3.000000;3.000000,2,nan,0,54.000000,0.117413,54.000000,0,0,0,0,0,0,0,0,0,0,480,23040,81,4212,34,1632,71,2944,9,270,0,0,0,0,0,0,0,0,graph_0005__path_life_0.1000,path_life,0.1,graph_0005,epoch_0004
trace,static,0.036028,0.036026,449,118,105,0,0,0.080556,0.004043,69.837444,360,29,0,0,0,8,0.805556,0,0,0.000000,0.000000,0.100000,3.000000,3.000000,3.000000,3.000000;3.000000,2,nan,0,54.000000,0.126389,54.000000,0,0,0,0,0,0,0,0,0,0,0,0,0,0,0,0,0,0,0,0,0,0,0,0,0,0,0,0,graph_0005__path_life_0.1000,path_life,0.1,graph_0005,epoch_0004
trace,olsr,0.163100,0.163074,587,633,105,321,438,0.058333,0.026516,47.369385,360,21,2,0,0,122,0.583333,321,20796,15.285714,990.285714,0.100000,3.000000,3.000000,3.000000,3.000000;3.000000,2,nan,0,54.000000,nan,54.000000,230,13824,91,6972,0,0,0,0,0,0,0,0,0,0,0,0,0,0,0,0,0,0,0,0,0,0,0,0,graph_0005__path_life_0.1000,path_life,0.1,graph_0005,epoch_0005
trace,aodv,0.278752,0.278505,1445,1543,105,718,848,0.183333,0.009239,74.551970,360,66,31,231,0,259,1.833333,718,34044,10.878788,515.818182,0.100000,3.000000,3.000000,3.000000,3.000000;3.000000,2,nan,0,54.000000,0.117413,54.000000,0,0,0,0,0,0,0,0,0,0,468,22464,101,5252,40,1920,101,4168,8,240,0,0,0,0,0,0,0,0,graph_0005__path_life_0.1000,path_life,0.1,graph_0005,epoch_0005
trace,static,0.038522,0.038519,449,118,105,0,0,0.080556,0.004044,69.837856,360,29,0,0,0,8,0.805556,0,0,0.000000,0.000000,0.100000,3.000000,3.000000,3.000000,3.000000;3.000000,2,nan,0,54.000000,0.126389,54.000000,0,0,0,0,0,0,0,0,0,0,0,0,0,0,0,0,0,0,0,0,0,0,0,0,0,0,0,0,graph_0005__path_life_0.1000,path_life,0.1,graph_0005,epoch_0005
trace,olsr,0.190617,0.190594,685,666,105,317,422,0.058333,0.026461,47.368717,360,21,30,0,0,190,0.583333,317,20628,15.095238,982.285714,0.100000,3.000000,3.000000,3.000000,3.000000;3.000000,2,nan,0,54.000000,nan,54.000000,229,13760,88,6868,0,0,0,0,0,0,0,0,0,0,0,0,0,0,0,0,0,0,0,0,0,0,0,0,graph_0005__path_life_0.1000,path_life,0.1,graph_0005,epoch_0002
trace,aodv,0.265207,0.265159,1468,1574,105,679,802,0.233333,0.011757,72.486590,360,84,28,231,0,243,2.333333,679,32420,8.083333,385.952381,0.100000,3.000000,3.000000,3.000000,3.000000;3.000000,2,nan,0,54.000000,0.117413,54.000000,0,0,0,0,0,0,0,0,0,0,472,22656,93,4836,41,1968,65,2720,8,240,0,0,0,0,0,0,0,0,graph_0005__path_life_0.1000,path_life,0.1,graph_0005,epoch_0002
trace,static,0.038165,0.038163,449,118,105,0,0,0.080556,0.004043,69.837379,360,29,0,0,0,8,0.805556,0,0,0.000000,0.000000,0.100000,3.000000,3.000000,3.000000,3.000000;3.000000,2,nan,0,54.000000,0.126389,54.000000,0,0,0,0,0,0,0,0,0,0,0,0,0,0,0,0,0,0,0,0,0,0,0,0,0,0,0,0,graph_0005__path_life_0.1000,path_life,0.1,graph_0005,epoch_0002
trace,olsr,0.213300,0.213287,766,729,105,325,449,0.069444,0.031556,47.859914,360,25,54,0,0,200,0.694444,325,21160,13.000000,846.400000,0.100000,3.000000,3.000000,3.000000,3.000000;3.000000,2,nan,0,54.000000,nan,54.000000,230,13816,95,7344,0,0,0,0,0,0,0,0,0,0,0,0,0,0,0,0,0,0,0,0,0,0,0,0,graph_0003__path_life_0.1000,path_life,0.1,graph_0003,epoch_0001
trace,aodv,0.260582,0.260505,1462,1584,105,645,786,0.266667,0.013439,76.249729,360,96,14,231,0,177,2.666667,645,30840,6.718750,321.250000,0.100000,3.000000,3.000000,3.000000,3.000000;3.000000,2,nan,0,54.000000,0.117413,54.000000,0,0,0,0,0,0,0,0,0,0,473,22704,84,4368,28,1344,56,2304,4,120,0,0,0,0,0,0,0,0,graph_0003__path_life_0.1000,path_life,0.1,graph_0003,epoch_0001
trace,static,0.037287,0.037285,448,117,105,0,0,0.080556,0.004043,69.837780,360,29,0,0,0,9,0.805556,0,0,0.000000,0.000000,0.100000,3.000000,3.000000,3.000000,3.000000;3.000000,2,nan,0,54.000000,0.126389,54.000000,0,0,0,0,0,0,0,0,0,0,0,0,0,0,0,0,0,0,0,0,0,0,0,0,0,0,0,0,graph_0003__path_life_0.1000,path_life,0.1,graph_0003,epoch_0001
trace,olsr,0.205332,0.205322,697,695,105,322,441,0.072222,0.004727,49.488340,360,26,44,0,0,177,0.722222,322,20928,12.384615,804.923077,0.100000,3.000000,3.000000,3.000000,3.000000;3.000000,2,nan,0,54.000000,nan,54.000000,231,13888,91,7040,0,0,0,0,0,0,0,0,0,0,0,0,0,0,0,0,0,0,0,0,0,0,0,0,graph_0003__path_life_0.1000,path_life,0.1,graph_0003,epoch_0003
trace,aodv,0.213741,0.213739,1257,1400,105,640,796,0.111111,0.052280,49.362907,360,40,26,231,0,161,1.111111,640,30456,16.000000,761.400000,0.100000,3.000000,3.000000,3.000000,3.000000;3.000000,2,nan,0,54.000000,nan,54.000000,0,0,0,0,0,0,0,0,0,0,483,23184,70,3640,16,768,67,2744,4,120,0,0,0,0,0,0,0,0,graph_0003__path_life_0.1000,path_life,0.1,graph_0003,epoch_0003
trace,static,0.039240,0.039238,448,117,105,0,0,0.080556,0.004043,69.837477,360,29,0,0,0,9,0.805556,0,0,0.000000,0.000000,0.100000,3.000000,3.000000,3.000000,3.000000;3.000000,2,nan,0,54.000000,0.126389,54.000000,0,0,0,0,0,0,0,0,0,0,0,0,0,0,0,0,0,0,0,0,0,0,0,0,0,0,0,0,graph_0003__path_life_0.1000,path_life,0.1,graph_0003,epoch_0003
trace,olsr,0.218093,0.218085,757,730,105,323,444,0.088889,0.005785,57.038885,360,32,24,0,0,223,0.888889,323,21168,10.093750,661.500000,0.100000,3.000000,3.000000,3.000000,3.000000;3.000000,2,nan,0,54.000000,nan,54.000000,228,13696,95,7472,0,0,0,0,0,0,0,0,0,0,0,0,0,0,0,0,0,0,0,0,0,0,0,0,graph_0003__path_life_0.1000,path_life,0.1,graph_0003,epoch_0004
trace,aodv,0.252628,0.252615,1405,1546,105,655,799,0.266667,0.013439,76.250611,360,96,30,231,0,158,2.666667,655,31272,6.822917,325.750000,0.100000,3.000000,3.000000,3.000000,3.000000;3.000000,2,nan,0,54.000000,0.117413,54.000000,0,0,0,0,0,0,0,0,0,0,472,22656,86,4472,28,1344,65,2680,4,120,0,0,0,0,0,0,0,0,graph_0003__path_life_0.1000,path_life,0.1,graph_0003,epoch_0004
trace,static,0.036625,0.036623,448,117,105,0,0,0.080556,0.004044,69.837853,360,29,0,0,0,9,0.805556,0,0,0.000000,0.000000,0.100000,3.000000,3.000000,3.000000,3.000000;3.000000,2,nan,0,54.000000,0.126389,54.000000,0,0,0,0,0,0,0,0,0,0,0,0,0,0,0,0,0,0,0,0,0,0,0,0,0,0,0,0,graph_0003__path_life_0.1000,path_life,0.1,graph_0003,epoch_0004
trace,olsr,0.212168,0.211949,756,717,105,326,449,0.069444,0.031518,47.859822,360,25,49,0,0,194,0.694444,326,21200,13.040000,848.000000,0.100000,3.000000,3.000000,3.000000,3.000000;3.000000,2,nan,0,54.000000,nan,54.000000,230,13816,96,7384,0,0,0,0,0,0,0,0,0,0,0,0,0,0,0,0,0,0,0,0,0,0,0,0,graph_0003__path_life_0.1000,path_life,0.1,graph_0003,epoch_0005
trace,aodv,0.206290,0.206262,1258,1364,105,632,759,0.111111,0.052329,49.364764,360,40,17,231,0,145,1.111111,632,30132,15.800000,753.300000,0.100000,3.000000,3.000000,3.000000,3.000000;3.000000,2,nan,0,54.000000,nan,54.000000,0,0,0,0,0,0,0,0,0,0,484,23232,67,3484,17,816,60,2480,4,120,0,0,0,0,0,0,0,0,graph_0003__path_life_0.1000,path_life,0.1,graph_0003,epoch_0005
trace,static,0.037460,0.037410,448,117,105,0,0,0.080556,0.004043,69.837496,360,29,0,0,0,9,0.805556,0,0,0.000000,0.000000,0.100000,3.000000,3.000000,3.000000,3.000000;3.000000,2,nan,0,54.000000,0.126389,54.000000,0,0,0,0,0,0,0,0,0,0,0,0,0,0,0,0,0,0,0,0,0,0,0,0,0,0,0,0,graph_0003__path_life_0.1000,path_life,0.1,graph_0003,epoch_0005
trace,olsr,0.205370,0.205356,739,707,105,318,434,0.069444,0.031503,47.859978,360,25,52,0,0,207,0.694444,318,20700,12.720000,828.000000,0.100000,3.000000,3.000000,3.000000,3.000000;3.000000,2,nan,0,54.000000,nan,54.000000,228,13648,90,7052,0,0,0,0,0,0,0,0,0,0,0,0,0,0,0,0,0,0,0,0,0,0,0,0,graph_0003__path_life_0.1000,path_life,0.1,graph_0003,epoch_0002
trace,aodv,0.210806,0.210797,1260,1387,105,637,784,0.111111,0.052282,49.372737,360,40,19,231,0,176,1.111111,637,30352,15.925000,758.800000,0.100000,3.000000,3.000000,3.000000,3.000000;3.000000,2,nan,0,54.000000,nan,54.000000,0,0,0,0,0,0,0,0,0,0,482,23136,70,3640,17,816,64,2640,4,120,0,0,0,0,0,0,0,0,graph_0003__path_life_0.1000,path_life,0.1,graph_0003,epoch_0002
trace,static,0.037703,0.037700,448,117,105,0,0,0.080556,0.004043,69.837409,360,29,0,0,0,9,0.805556,0,0,0.000000,0.000000,0.100000,3.000000,3.000000,3.000000,3.000000;3.000000,2,nan,0,54.000000,0.126389,54.000000,0,0,0,0,0,0,0,0,0,0,0,0,0,0,0,0,0,0,0,0,0,0,0,0,0,0,0,0,graph_0003__path_life_0.1000,path_life,0.1,graph_0003,epoch_0002
trace,olsr,0.466811,0.465684,1649,1773,105,327,521,0.805556,0.040430,74.625642,360,290,0,0,0,195,1.150794,327,21632,1.127586,74.593103,0.700000,4.666667,5.000000,5.000000,5.000000;5.000000;5.000000;5.000000;5.000000;5.000000;4.000000;4.000000;4.000000,16,nan,0,3.000000;3.000000;2.000000;2.000000;2.000000;2.000000;2.000000;2.000000,0.129253;0.157413;0.038693;0.083813;0.128933;0.010213;0.072293;0.134373,3.000000;3.000000;2.000000;2.000000;2.000000;2.000000;2.000000;2.000000,226,13568,101,8064,0,0,0,0,0,0,0,0,0,0,0,0,0,0,0,0,0,0,0,0,0,0,0,0,graph_0004__path_life_0.7000,path_life,0.7,graph_0004,epoch_0001
trace,aodv,0.504171,0.503901,2176,2421,105,657,921,0.913889,0.046049,75.342661,360,329,12,0,0,269,1.305556,657,31418,1.996960,95.495441,0.700000,4.666667,5.000000,5.000000,5.000000;5.000000;5.000000;5.000000;5.000000;5.000000;4.000000;4.000000;4.000000,16,nan,0,3.000000;3.000000;2.000000;2.000000;2.000000;2.000000;2.000000;2.000000,0.129253;0.513468;1.528560;1.414925;0.128933;0.010213;0.072293;1.465494,3.000000;3.000000;2.000000;2.000000;2.000000;2.000000;2.000000;2.000000,0,0,0,0,0,0,0,0,0,0,484,23232,68,3536,54,2592,48,1968,3,90,0,0,0,0,0,0,0,0,graph_0004__path_life_0.7000,path_life,0.7,graph_0004,epoch_0001
trace,static,0.254890,0.254643,1082,960,105,0,0,0.661111,0.033179,74.437253,360,238,0,0,0,55,0.944444,0,0,0.000000,0.000000,0.700000,4.666667,5.000000,5.000000,5.000000;5.000000;5.000000;5.000000;5.000000;5.000000;4.000000;4.000000;4.000000,16,nan,0,3.000000;3.000000;2.000000;2.000000;2.000000;2.000000;2.000000;2.000000,0.138229;0.166389;0.047689;0.092789;0.137909;0.019189;0.081269;0.143349,3.000000;3.000000;2.000000;2.000000;2.000000;2.000000;2.000000;2.000000,0,0,0,0,0,0,0,0,0,0,0,0,0,0,0,0,0,0,0,0,0,0,0,0,0,0,0,0,graph_0004__path_life_0.7000,path_life,0.7,graph_0004,epoch_0001
trace,olsr,0.439838,0.439826,1654,1788,105,332,536,0.805556,0.040431,74.625665,360,290,0,0,0,195,1.150794,332,21936,1.144828,75.641379,0.700000,4.666667,5.000000,5.000000,5.000000;5.000000;5.000000;5.000000;5.000000;5.000000;4.000000;4.000000;4.000000,16,nan,0,3.000000;3.000000;2.000000;2.000000;2.000000;2.000000;2.000000;2.000000,0.129253;0.157413;0.038693;0.083813;0.128933;0.010213;0.072293;0.134373,3.000000;3.000000;2.000000;2.000000;2.000000;2.000000;2.000000;2.000000,229,13760,103,8176,0,0,0,0,0,0,0,0,0,0,0,0,0,0,0,0,0,0,0,0,0,0,0,0,graph_0004__path_life_0.7000,path_life,0.7,graph_0004,epoch_0003
trace,aodv,0.511906,0.511547,2164,2414,105,641,913,0.919444,0.046342,74.699555,360,331,7,0,0,286,1.313492,641,30814,1.936556,93.093656,0.700000,4.666667,5.000000,5.000000,5.000000;5.000000;5.000000;5.000000;5.000000;5.000000;4.000000;4.000000;4.000000,16,nan,0,3.000000;3.000000;2.000000;2.000000;2.000000;2.000000;2.000000;2.000000,0.129253;0.503928;1.527965;1.421745;0.128933;0.010213;0.072293;1.470310,3.000000;3.000000;2.000000;2.000000;2.000000;2.000000;2.000000;2.000000,0,0,0,0,0,0,0,0,0,0,484,23232,67,3484,59,2832,28,1176,3,90,0,0,0,0,0,0,0,0,graph_0004__path_life_0.7000,path_life,0.7,graph_0004,epoch_0003
trace,static,0.259267,0.259078,1082,960,105,0,0,0.661111,0.033181,74.437267,360,238,0,0,0,54,0.944444,0,0,0.000000,0.000000,0.700000,4.666667,5.000000,5.000000,5.000000;5.000000;5.000000;5.000000;5.000000;5.000000;4.000000;4.000000;4.000000,16,nan,0,3.000000;3.000000;2.000000;2.000000;2.000000;2.000000;2.000000;2.000000,0.138229;0.166389;0.047689;0.092789;0.137909;0.019189;0.081269;0.143349,3.000000;3.000000;2.000000;2.000000;2.000000;2.000000;2.000000;2.000000,0,0,0,0,0,0,0,0,0,0,0,0,0,0,0,0,0,0,0,0,0,0,0,0,0,0,0,0,graph_0004__path_life_0.7000,path_life,0.7,graph_0004,epoch_0003
trace,olsr,0.436897,0.436850,1654,1786,105,332,534,0.805556,0.040430,74.625616,360,290,0,0,0,200,1.150794,332,21984,1.144828,75.806897,0.700000,4.666667,5.000000,5.000000,5.000000;5.000000;5.000000;5.000000;5.000000;5.000000;4.000000;4.000000;4.000000,16,nan,0,3.000000;3.000000;2.000000;2.000000;2.000000;2.000000;2.000000;2.000000,0.129253;0.157413;0.038693;0.083813;0.128933;0.010213;0.072293;0.134373,3.000000;3.000000;2.000000;2.000000;2.000000;2.000000;2.000000;2.000000,228,13696,104,8288,0,0,0,0,0,0,0,0,0,0,0,0,0,0,0,0,0,0,0,0,0,0,0,0,graph_0004__path_life_0.7000,path_life,0.7,graph_0004,epoch_0004
trace,aodv,0.510355,0.510153,2169,2420,105,640,912,0.922222,0.046466,74.762036,360,332,7,0,0,271,1.317460,640,30738,1.927711,92.584337,0.700000,4.666667,5.000000,5.000000,5.000000;5.000000;5.000000;5.000000;5.000000;5.000000;4.000000;4.000000;4.000000,16,nan,0,3.000000;3.000000;2.000000;2.000000;2.000000;2.000000;2.000000;2.000000,0.129253;0.506388;1.530561;1.416409;0.128933;0.010213;0.072293;1.462152,3.000000;3.000000;2.000000;2.000000;2.000000;2.000000;2.000000;2.000000,0,0,0,0,0,0,0,0,0,0,484,23232,68,3536,54,2592,31,1288,3,90,0,0,0,0,0,0,0,0,graph_0004__path_life_0.7000,path_life,0.7,graph_0004,epoch_0004
trace,static,0.250516,0.250507,1082,960,105,0,0,0.661111,0.033181,74.437260,360,238,0,0,0,56,0.944444,0,0,0.000000,0.000000,0.700000,4.666667,5.000000,5.000000,5.000000;5.000000;5.000000;5.000000;5.000000;5.000000;4.000000;4.000000;4.000000,16,nan,0,3.000000;3.000000;2.000000;2.000000;2.000000;2.000000;2.000000;2.000000,0.138229;0.166389;0.047689;0.092789;0.137909;0.019189;0.081269;0.143349,3.000000;3.000000;2.000000;2.000000;2.000000;2.000000;2.000000;2.000000,0,0,0,0,0,0,0,0,0,0,0,0,0,0,0,0,0,0,0,0,0,0,0,0,0,0,0,0,graph_0004__path_life_0.7000,path_life,0.7,graph_0004,epoch_0004
trace,olsr,0.443334,0.443230,1656,1793,105,333,540,0.805556,0.040424,74.625564,360,290,0,0,0,199,1.150794,333,22088,1.148276,76.165517,0.700000,4.666667,5.000000,5.000000,5.000000;5.000000;5.000000;5.000000;5.000000;5.000000;4.000000;4.000000;4.000000,16,nan,0,3.000000;3.000000;2.000000;2.000000;2.000000;2.000000;2.000000;2.000000,0.129253;0.157413;0.038693;0.083813;0.128933;0.010213;0.072293;0.134373,3.000000;3.000000;2.000000;2.000000;2.000000;2.000000;2.000000;2.000000,229,13760,104,8328,0,0,0,0,0,0,0,0,0,0,0,0,0,0,0,0,0,0,0,0,0,0,0,0,graph_0004__path_life_0.7000,path_life,0.7,graph_0004,epoch_0005
trace,aodv,0.513188,0.513157,2157,2403,105,636,912,0.902778,0.045484,75.257572,360,325,5,0,0,321,1.289683,636,30546,1.956923,93.987692,0.700000,4.666667,5.000000,5.000000,5.000000;5.000000;5.000000;5.000000;5.000000;5.000000;4.000000;4.000000;4.000000,16,nan,0,3.000000;3.000000;2.000000;2.000000;2.000000;2.000000;2.000000;2.000000,0.129253;0.515588;1.527541;1.430705;0.128933;0.010213;0.072293;1.466564,3.000000;3.000000;2.000000;2.000000;2.000000;2.000000;2.000000;2.000000,0,0,0,0,0,0,0,0,0,0,485,23280,64,3328,54,2592,30,1256,3,90,0,0,0,0,0,0,0,0,graph_0004__path_life_0.7000,path_life,0.7,graph_0004,epoch_0005
trace,static,0.262964,0.262719,1082,960,105,0,0,0.661111,0.033176,74.437224,360,238,0,0,0,55,0.944444,0,0,0.000000,0.000000,0.700000,4.666667,5.000000,5.000000,5.000000;5.000000;5.000000;5.000000;5.000000;5.000000;4.000000;4.000000;4.000000,16,nan,0,3.000000;3.000000;2.000000;2.000000;2.000000;2.000000;2.000000;2.000000,0.138229;0.166389;0.047689;0.092789;0.137909;0.019189;0.081269;0.143349,3.000000;3.000000;2.000000;2.000000;2.000000;2.000000;2.000000;2.000000,0,0,0,0,0,0,0,0,0,0,0,0,0,0,0,0,0,0,0,0,0,0,0,0,0,0,0,0,graph_0004__path_life_0.7000,path_life,0.7,graph_0004,epoch_0005
trace,olsr,0.437598,0.437555,1653,1789,105,331,537,0.805556,0.040430,74.625555,360,290,0,0,0,190,1.150794,331,21928,1.141379,75.613793,0.700000,4.666667,5.000000,5.000000,5.000000;5.000000;5.000000;5.000000;5.000000;5.000000;4.000000;4.000000;4.000000,16,nan,0,3.000000;3.000000;2.000000;2.000000;2.000000;2.000000;2.000000;2.000000,0.129253;0.157413;0.038693;0.083813;0.128933;0.010213;0.072293;0.134373,3.000000;3.000000;2.000000;2.000000;2.000000;2.000000;2.000000;2.000000,228,13696,103,8232,0,0,0,0,0,0,0,0,0,0,0,0,0,0,0,0,0,0,0,0,0,0,0,0,graph_0004__path_life_0.7000,path_life,0.7,graph_0004,epoch_0002
trace,aodv,0.503387,0.503296,2150,2387,105,634,903,0.897222,0.045970,75.521386,360,323,5,0,0,281,1.281746,634,30474,1.962848,94.346749,0.700000,4.666667,5.000000,5.000000,5.000000;5.000000;5.000000;5.000000;5.000000;5.000000;4.000000;4.000000;4.000000,16,nan,0,3.000000;3.000000;2.000000;2.000000;2.000000;2.000000;2.000000;2.000000,0.129253;0.521428;1.526421;1.411634;0.128933;0.010213;0.072293;1.468304,3.000000;3.000000;2.000000;2.000000;2.000000;2.000000;2.000000;2.000000,0,0,0,0,0,0,0,0,0,0,484,23232,66,3432,54,2592,27,1128,3,90,0,0,0,0,0,0,0,0,graph_0004__path_life_0.7000,path_life,0.7,graph_0004,epoch_0002
trace,static,0.254617,0.254606,1082,960,105,0,0,0.661111,0.033181,74.437261,360,238,0,0,0,55,0.944444,0,0,0.000000,0.000000,0.700000,4.666667,5.000000,5.000000,5.000000;5.000000;5.000000;5.000000;5.000000;5.000000;4.000000;4.000000;4.000000,16,nan,0,3.000000;3.000000;2.000000;2.000000;2.000000;2.000000;2.000000;2.000000,0.138229;0.166389;0.047689;0.092789;0.137909;0.019189;0.081269;0.143349,3.000000;3.000000;2.000000;2.000000;2.000000;2.000000;2.000000;2.000000,0,0,0,0,0,0,0,0,0,0,0,0,0,0,0,0,0,0,0,0,0,0,0,0,0,0,0,0,graph_0004__path_life_0.7000,path_life,0.7,graph_0004,epoch_0002
