scenario,protocol,wall_time_s,cpu_time_s,ip_tx_cb_calls,ip_rx_cb_calls,frame_apply_calls,routing_tx,routing_rx,pdr,goodput_mbps,eed_mean_s,app_tx_pkts,app_rx_pkts,ip_drop_no_route,ip_drop_route_err,phy_tx_drop,phy_rx_drop,label,param_name,param_value
trace,olsr,2.656710,2.655963,5914,8396,60,1530,4012,1.000000,0.050468,36.560244,274,274,0,0,0,84,graph_0008__pathPersistency_1.0000,pathPersistency,1.0
trace,aodv,3.403561,3.402427,7327,9596,60,1956,4253,0.922222,0.050518,31.809689,360,332,0,0,0,312,graph_0008__pathPersistency_1.0000,pathPersistency,1.0
trace,dsdv,1.650122,1.648930,4406,5113,60,1333,2044,0.978022,0.051006,44.427401,182,178,0,0,0,1326,graph_0008__pathPersistency_1.0000,pathPersistency,1.0
trace,olsr,2.565178,2.564954,5905,8379,60,1521,3995,1.000000,0.050465,36.560207,274,274,0,0,0,55,graph_0008__pathPersistency_1.0000,pathPersistency,1.0
trace,aodv,3.035909,3.034997,7547,9851,60,1936,4251,0.969444,0.050481,30.416812,360,349,0,0,0,246,graph_0008__pathPersistency_1.0000,pathPersistency,1.0
trace,dsdv,0.329667,0.329522,1663,2328,60,1303,1968,0.000000,0.000000,0.000000,0,0,0,0,0,1271,graph_0008__pathPersistency_1.0000,pathPersistency,1.0
trace,olsr,2.410194,2.409860,5943,8410,60,1527,3994,1.000000,0.050435,36.396166,276,276,0,0,0,62,graph_0008__pathPersistency_1.0000,pathPersistency,1.0
trace,aodv,2.822117,2.821685,7543,9796,60,1932,4202,0.952778,0.050331,30.907201,360,343,0,0,0,303,graph_0008__pathPersistency_1.0000,pathPersistency,1.0
trace,dsdv,0.336652,0.336583,1791,2631,60,1431,2271,0.000000,0.000000,0.000000,0,0,0,0,0,1284,graph_0008__pathPersistency_1.0000,pathPersistency,1.0
trace,olsr,2.528505,2.528231,6078,8583,60,1566,4071,1.000000,0.050461,35.904896,282,282,0,0,0,80,graph_0008__pathPersistency_1.0000,pathPersistency,1.0
trace,aodv,2.870111,2.869478,7326,9533,60,1955,4190,0.922222,0.050527,31.809759,360,332,0,0,0,339,graph_0008__pathPersistency_1.0000,pathPersistency,1.0
trace,dsdv,0.288478,0.288450,1604,2166,60,1244,1806,0.000000,0.000000,0.000000,0,0,0,0,0,1269,graph_0008__pathPersistency_1.0000,pathPersistency,1.0
trace,olsr,2.285072,2.284108,5666,8205,60,1570,4109,1.000000,0.050482,38.034778,256,256,0,0,0,80,graph_0008__pathPersistency_1.0000,pathPersistency,1.0
trace,aodv,2.863411,2.861690,7545,9815,60,1934,4215,0.969444,0.050511,30.417094,360,349,0,0,0,270,graph_0008__pathPersistency_1.0000,pathPersistency,1.0
trace,dsdv,0.300572,0.299965,1618,2273,60,1258,1913,0.000000,0.000000,0.000000,0,0,0,0,0,1188,graph_0008__pathPersistency_1.0000,pathPersistency,1.0
trace,olsr,2.705505,2.705305,6118,8609,60,1558,4049,1.000000,0.050466,35.659138,285,285,0,0,0,76,graph_0008__pathPersistency_1.0000,pathPersistency,1.0
trace,aodv,2.964923,2.964570,7319,9543,60,1948,4200,0.922222,0.050552,31.809987,360,332,0,0,0,319,graph_0008__pathPersistency_1.0000,pathPersistency,1.0
trace,dsdv,0.359834,0.359769,1645,2243,60,1285,1883,0.000000,0.000000,0.000000,0,0,0,0,0,1282,graph_0008__pathPersistency_1.0000,pathPersistency,1.0
trace,olsr,2.636015,2.635153,5990,8381,60,1510,3901,1.000000,0.050452,36.068605,280,280,0,0,0,62,graph_0008__pathPersistency_1.0000,pathPersistency,1.0
trace,aodv,3.145490,3.144465,7542,9751,60,1933,4153,0.969444,0.050496,30.416953,360,349,0,0,0,319,graph_0008__pathPersistency_1.0000,pathPersistency,1.0
trace,dsdv,0.350578,0.350517,1680,2354,60,1320,1994,0.000000,0.000000,0.000000,0,0,0,0,0,1283,graph_0008__pathPersistency_1.0000,pathPersistency,1.0
trace,olsr,2.833212,2.828652,5982,8515,60,1566,4099,1.000000,0.050451,36.396286,276,276,0,0,0,95,graph_0008__pathPersistency_1.0000,pathPersistency,1.0
trace,aodv,3.153508,3.150068,7539,9697,60,1931,4100,0.969444,0.050508,30.417079,360,349,0,0,0,370,graph_0008__pathPersistency_1.0000,pathPersistency,1.0
trace,dsdv,0.316421,0.315856,1687,2434,60,1327,2074,0.000000,0.000000,0.000000,0,0,0,0,0,1246,graph_0008__pathPersistency_1.0000,pathPersistency,1.0
trace,olsr,3.221786,3.219902,6027,8494,60,1531,3998,1.000000,0.050435,35.986607,281,281,0,0,0,92,graph_0008__pathPersistency_1.0000,pathPersistency,1.0
trace,aodv,3.035022,3.034467,7324,9640,60,1953,4297,0.922222,0.050550,31.809970,360,332,0,0,0,238,graph_0008__pathPersistency_1.0000,pathPersistency,1.0
trace,dsdv,1.637141,1.636766,4361,4991,60,1298,1932,0.978022,0.050985,44.427389,182,178,0,0,0,1294,graph_0008__pathPersistency_1.0000,pathPersistency,1.0
trace,olsr,2.474927,2.474271,5612,8079,60,1532,3999,1.000000,0.050485,38.116640,255,255,0,0,0,58,graph_0008__pathPersistency_1.0000,pathPersistency,1.0
trace,aodv,3.088277,3.086636,7546,9736,60,1929,4130,0.969444,0.050452,30.416548,360,349,0,0,0,352,graph_0008__pathPersistency_1.0000,pathPersistency,1.0
trace,dsdv,0.352748,0.352661,1761,2521,60,1401,2161,0.000000,0.000000,0.000000,0,0,0,0,0,1299,graph_0008__pathPersistency_1.0000,pathPersistency,1.0
trace,olsr,0.892555,0.892509,2501,4312,60,1561,3411,0.014925,0.000139,48.171201,67,1,16,0,0,21,graph_0008__pathPersistency_0.8000,pathPersistency,0.8
trace,aodv,3.022041,3.017773,8277,10505,60,3043,5319,0.733333,0.038233,31.840785,360,264,48,0,0,1112,graph_0008__pathPersistency_0.8000,pathPersistency,0.8
trace,dsdv,0.382036,0.381846,1978,2982,60,1618,2622,0.000000,0.000000,0.000000,0,0,0,0,0,933,graph_0008__pathPersistency_0.8000,pathPersistency,0.8
trace,olsr,0.538630,0.538597,1762,3482,60,1582,3446,0.000000,0.000000,0.000000,153,0,9,0,0,7,graph_0008__pathPersistency_0.8000,pathPersistency,0.8
trace,aodv,2.995764,2.994734,7913,10017,60,2771,4942,0.727778,0.037920,31.203098,360,262,31,0,0,762,graph_0008__pathPersistency_0.8000,pathPersistency,0.8
trace,dsdv,1.674509,1.674321,4600,5385,60,1649,2633,0.183150,0.053969,18.880736,273,50,0,0,0,1036,graph_0008__pathPersistency_0.8000,pathPersistency,0.8
trace,olsr,1.100481,1.100396,2976,4722,60,1560,3357,0.151515,0.055955,33.784855,132,20,50,0,0,35,graph_0008__pathPersistency_0.8000,pathPersistency,0.8
trace,aodv,2.191622,2.190747,6251,8442,60,2886,5139,0.668067,0.028428,22.383255,238,159,17,62,0,569,graph_0008__pathPersistency_0.8000,pathPersistency,0.8
trace,dsdv,0.743624,0.743398,2736,3868,60,1871,3128,0.083333,0.062428,25.624966,216,18,0,0,0,1056,graph_0008__pathPersistency_0.8000,pathPersistency,0.8
trace,olsr,0.502912,0.502674,1535,3327,60,1535,3327,0.000000,0.000000,0.000000,0,0,0,0,0,6,graph_0008__pathPersistency_0.8000,pathPersistency,0.8
trace,aodv,2.858486,2.857078,7872,9692,60,2858,4996,0.000000,0.000000,0.000000,360,0,42,0,0,669,graph_0008__pathPersistency_0.8000,pathPersistency,0.8
trace,dsdv,1.951397,1.950273,5394,6417,60,1877,3134,0.350000,0.021262,21.555492,360,126,0,0,0,1073,graph_0008__pathPersistency_0.8000,pathPersistency,0.8
trace,olsr,0.693455,0.693269,1973,3743,60,1542,3323,0.487179,0.056892,33.869971,39,19,9,0,0,28,graph_0008__pathPersistency_0.8000,pathPersistency,0.8
trace,aodv,2.881888,2.881370,7898,9813,60,2932,5155,0.052778,0.057618,47.471779,360,19,33,0,0,696,graph_0008__pathPersistency_0.8000,pathPersistency,0.8
trace,dsdv,2.561878,2.561312,6897,7807,60,1763,2863,0.405556,0.028820,20.997879,360,146,0,0,0,961,graph_0008__pathPersistency_0.8000,pathPersistency,0.8
trace,olsr,0.501863,0.501546,1562,3364,60,1562,3364,0.000000,0.000000,0.000000,0,0,0,0,0,14,graph_0008__pathPersistency_0.8000,pathPersistency,0.8
trace,aodv,2.907338,2.903565,7944,10038,60,2840,4998,0.738889,0.038559,30.775741,360,266,30,0,0,755,graph_0008__pathPersistency_0.8000,pathPersistency,0.8
trace,dsdv,0.981824,0.981019,3118,4224,60,1921,3225,0.083333,0.062791,25.627251,216,18,0,0,0,1096,graph_0008__pathPersistency_0.8000,pathPersistency,0.8
trace,olsr,0.545653,0.545598,1672,3470,60,1556,3363,0.000000,0.000000,0.000000,20,0,11,0,0,18,graph_0008__pathPersistency_0.8000,pathPersistency,0.8
trace,aodv,2.273317,2.272138,6246,8307,60,2714,4826,0.700422,0.029215,26.469655,237,166,21,63,0,559,graph_0008__pathPersistency_0.8000,pathPersistency,0.8
trace,dsdv,0.563526,0.563442,2327,3475,60,1744,2912,0.000000,0.000000,0.000000,20,0,0,0,0,1004,graph_0008__pathPersistency_0.8000,pathPersistency,0.8
trace,olsr,0.606745,0.606530,1724,3543,60,1571,3392,0.000000,0.000000,0.000000,32,0,30,0,0,17,graph_0008__pathPersistency_0.8000,pathPersistency,0.8
trace,aodv,2.937218,2.936998,7984,10150,60,3096,5335,0.669444,0.035382,31.028444,360,241,46,0,0,690,graph_0008__pathPersistency_0.8000,pathPersistency,0.8
trace,dsdv,0.713199,0.713148,2589,3708,60,1803,2987,0.277778,0.057071,46.984387,90,25,0,0,0,1086,graph_0008__pathPersistency_0.8000,pathPersistency,0.8
trace,olsr,0.515736,0.513814,1535,3315,60,1535,3315,0.000000,0.000000,0.000000,0,0,0,0,0,7,graph_0008__pathPersistency_0.8000,pathPersistency,0.8
trace,aodv,2.947795,2.946025,7621,9715,60,2716,4889,0.688889,0.035906,30.418232,360,248,33,0,0,806,graph_0008__pathPersistency_0.8000,pathPersistency,0.8
trace,dsdv,0.621586,0.621364,2278,3249,60,1684,2745,0.000000,0.000000,0.000000,90,0,0,0,0,1019,graph_0008__pathPersistency_0.8000,pathPersistency,0.8
trace,olsr,1.098381,1.098007,2946,4788,60,1743,3619,0.000000,0.000000,0.000000,89,0,43,0,0,34,graph_0008__pathPersistency_0.8000,pathPersistency,0.8
trace,aodv,2.471719,2.470958,6589,8627,60,2555,4682,0.664430,0.028657,29.655090,298,198,11,62,0,409,graph_0008__pathPersistency_0.8000,pathPersistency,0.8
trace,dsdv,0.432007,0.431999,2078,3222,60,1718,2862,0.000000,0.000000,0.000000,0,0,0,0,0,928,graph_0008__pathPersistency_0.8000,pathPersistency,0.8
trace,olsr,0.389146,0.388955,1268,2563,60,1268,2563,0.000000,0.000000,0.000000,0,0,0,0,0,5,graph_0003__pathPersistency_0.7000,pathPersistency,0.7
trace,aodv,2.505432,2.504550,6235,8206,60,2965,5035,0.545139,0.024796,29.183510,288,157,32,63,0,612,graph_0003__pathPersistency_0.7000,pathPersistency,0.7
trace,dsdv,1.020478,1.020400,2871,3891,60,1882,3175,0.000000,0.000000,0.000000,273,0,0,0,0,1191,graph_0003__pathPersistency_0.7000,pathPersistency,0.7
trace,olsr,0.397032,0.397016,1257,2562,60,1257,2562,0.000000,0.000000,0.000000,0,0,0,0,0,0,graph_0003__pathPersistency_0.7000,pathPersistency,0.7
trace,aodv,2.355354,2.354093,6460,8536,60,3343,5536,0.447811,0.026228,38.572499,297,133,47,63,0,793,graph_0003__pathPersistency_0.7000,pathPersistency,0.7
trace,dsdv,1.099647,1.099225,3114,4085,60,1789,3000,0.120879,0.019819,22.592497,273,33,0,0,0,1083,graph_0003__pathPersistency_0.7000,pathPersistency,0.7
trace,olsr,0.431362,0.431353,1292,2637,60,1292,2637,0.000000,0.000000,0.000000,0,0,0,0,0,5,graph_0003__pathPersistency_0.7000,pathPersistency,0.7
trace,aodv,2.588179,2.587934,6425,8505,60,3256,5422,0.512111,0.023745,30.823906,289,148,55,62,0,653,graph_0003__pathPersistency_0.7000,pathPersistency,0.7
trace,dsdv,1.197170,1.197095,3164,4173,60,1875,3124,0.120879,0.019794,22.591135,273,33,0,0,0,1202,graph_0003__pathPersistency_0.7000,pathPersistency,0.7
trace,olsr,0.370365,0.370362,1273,2588,60,1273,2588,0.000000,0.000000,0.000000,0,0,0,0,0,8,graph_0003__pathPersistency_0.7000,pathPersistency,0.7
trace,aodv,2.371955,2.371517,6344,8300,60,3039,5102,0.522648,0.024068,30.980710,287,150,31,63,0,804,graph_0003__pathPersistency_0.7000,pathPersistency,0.7
trace,dsdv,0.518632,0.518571,2472,3899,60,2112,3539,0.000000,0.000000,0.000000,0,0,0,0,0,1261,graph_0003__pathPersistency_0.7000,pathPersistency,0.7
trace,olsr,0.395444,0.395416,1290,2621,60,1290,2621,0.000000,0.000000,0.000000,0,0,0,0,0,3,graph_0003__pathPersistency_0.7000,pathPersistency,0.7
trace,aodv,2.547952,2.547196,6299,8266,60,3005,5056,0.540984,0.031558,26.864932,305,165,58,0,0,675,graph_0003__pathPersistency_0.7000,pathPersistency,0.7
trace,dsdv,0.677954,0.677890,2591,3974,60,2146,3684,0.000000,0.000000,0.000000,155,0,0,0,0,1200,graph_0003__pathPersistency_0.7000,pathPersistency,0.7
trace,olsr,0.348526,0.348499,1257,2540,60,1257,2540,0.000000,0.000000,0.000000,0,0,0,0,0,10,graph_0003__pathPersistency_0.7000,pathPersistency,0.7
trace,aodv,2.401316,2.400355,6571,8582,60,3104,5198,0.578397,0.026215,30.494496,287,166,38,63,0,582,graph_0003__pathPersistency_0.7000,pathPersistency,0.7
trace,dsdv,0.544196,0.544148,2414,3794,60,2054,3434,0.000000,0.000000,0.000000,0,0,0,0,0,1228,graph_0003__pathPersistency_0.7000,pathPersistency,0.7
trace,olsr,0.347869,0.346368,1268,2590,60,1268,2590,0.000000,0.000000,0.000000,0,0,0,0,0,3,graph_0003__pathPersistency_0.7000,pathPersistency,0.7
trace,aodv,2.173046,2.169306,5955,7889,60,2826,4859,0.541667,0.024657,29.623487,288,156,33,63,0,406,graph_0003__pathPersistency_0.7000,pathPersistency,0.7
trace,dsdv,1.123112,1.120950,3108,4049,60,1822,3003,0.120879,0.019868,22.595593,273,33,0,0,0,1127,graph_0003__pathPersistency_0.7000,pathPersistency,0.7
trace,olsr,0.398770,0.398767,1280,2594,60,1280,2594,0.000000,0.000000,0.000000,0,0,0,0,0,9,graph_0003__pathPersistency_0.7000,pathPersistency,0.7
trace,aodv,2.061059,2.060805,5534,7421,60,2942,4940,0.428016,0.030320,19.261949,257,110,36,62,0,619,graph_0003__pathPersistency_0.7000,pathPersistency,0.7
trace,dsdv,1.664320,1.664181,4667,5843,60,2104,3463,0.013889,17.268322,26.618036,216,3,0,0,0,1268,graph_0003__pathPersistency_0.7000,pathPersistency,0.7
trace,olsr,0.389290,0.389283,1273,2594,60,1273,2594,0.000000,0.000000,0.000000,0,0,0,0,0,9,graph_0003__pathPersistency_0.7000,pathPersistency,0.7
trace,aodv,2.427228,2.427136,6140,8009,60,2768,4732,0.571429,0.025912,29.425406,287,164,28,63,0,687,graph_0003__pathPersistency_0.7000,pathPersistency,0.7
trace,dsdv,0.645030,0.644791,2432,3647,60,1964,3269,0.000000,0.000000,0.000000,90,0,0,0,0,1167,graph_0003__pathPersistency_0.7000,pathPersistency,0.7
trace,olsr,0.381972,0.381790,1261,2550,60,1261,2550,0.000000,0.000000,0.000000,0,0,0,0,0,15,graph_0003__pathPersistency_0.7000,pathPersistency,0.7
trace,aodv,2.515345,2.514573,6798,9011,60,3639,5941,0.468013,0.025680,35.996274,297,139,69,63,0,811,graph_0003__pathPersistency_0.7000,pathPersistency,0.7
trace,dsdv,1.340360,1.339864,3911,4935,60,1998,3282,0.000000,0.000000,0.000000,273,0,0,0,0,1203,graph_0003__pathPersistency_0.7000,pathPersistency,0.7
trace,olsr,1.955747,1.954805,4938,7044,60,1994,4159,0.665072,0.027749,28.971047,209,139,4,0,0,67,graph_0002__pathPersistency_0.9000,pathPersistency,0.9
trace,aodv,2.889388,2.889003,7649,9925,60,2446,4788,0.783333,0.041391,28.910130,360,282,12,0,0,627,graph_0002__pathPersistency_0.9000,pathPersistency,0.9
trace,dsdv,0.452693,0.452611,2056,2979,60,1504,2448,0.000000,0.000000,0.000000,21,0,0,0,0,1212,graph_0002__pathPersistency_0.9000,pathPersistency,0.9
trace,olsr,1.906769,1.906091,4621,6715,60,1785,3937,0.637755,0.025775,29.062490,196,125,4,0,0,127,graph_0002__pathPersistency_0.9000,pathPersistency,0.9
trace,aodv,1.518637,1.518388,4634,7085,60,2447,4923,0.714286,0.043801,44.186424,154,110,19,189,0,352,graph_0002__pathPersistency_0.9000,pathPersistency,0.9
trace,dsdv,0.371765,0.371706,1898,2887,60,1538,2527,0.000000,0.000000,0.000000,0,0,0,0,0,1146,graph_0002__pathPersistency_0.9000,pathPersistency,0.9
trace,olsr,2.375220,2.373852,5098,7226,60,1942,4128,0.558952,0.026396,29.516375,229,128,30,0,0,70,graph_0002__pathPersistency_0.9000,pathPersistency,0.9
trace,aodv,2.936362,2.934217,7000,9172,60,2637,5091,0.000000,0.000000,0.000000,298,0,16,62,0,483,graph_0002__pathPersistency_0.9000,pathPersistency,0.9
trace,dsdv,1.373635,1.371300,3530,4619,60,1773,3000,0.241758,0.054168,33.461475,182,44,0,0,0,1291,graph_0002__pathPersistency_0.9000,pathPersistency,0.9
trace,olsr,1.294154,1.293711,3200,5372,60,1542,3733,0.833333,0.051233,20.833385,120,100,1,0,0,73,graph_0002__pathPersistency_0.9000,pathPersistency,0.9
trace,aodv,3.646683,3.646043,7772,10150,60,2597,5007,0.822222,0.043457,29.306292,360,296,32,0,0,381,graph_0002__pathPersistency_0.9000,pathPersistency,0.9
trace,dsdv,0.500732,0.500718,1905,2887,60,1545,2527,0.000000,0.000000,0.000000,0,0,0,0,0,1195,graph_0002__pathPersistency_0.9000,pathPersistency,0.9
trace,olsr,1.877587,1.877379,4102,6284,60,1888,4132,0.561111,0.020644,23.156839,180,101,12,0,0,131,graph_0002__pathPersistency_0.9000,pathPersistency,0.9
trace,aodv,3.465690,3.464471,7856,10318,60,2637,5142,0.816667,0.043143,29.121664,360,294,23,2,0,437,graph_0002__pathPersistency_0.9000,pathPersistency,0.9
trace,dsdv,2.357217,2.356017,5662,6680,60,1762,2912,0.293617,0.017479,32.930012,235,69,0,0,0,1298,graph_0002__pathPersistency_0.9000,pathPersistency,0.9
trace,olsr,1.339201,1.338869,3433,5482,60,1487,3598,0.561404,0.051332,21.161436,171,96,11,0,0,53,graph_0002__pathPersistency_0.9000,pathPersistency,0.9
trace,aodv,3.060770,3.059019,7787,10105,60,2582,4934,0.827778,0.043727,29.402549,360,298,29,0,0,450,graph_0002__pathPersistency_0.9000,pathPersistency,0.9
trace,dsdv,3.134943,3.133695,8117,8975,60,1721,2683,0.138249,0.056948,26.592496,217,30,0,0,0,1280,graph_0002__pathPersistency_0.9000,pathPersistency,0.9
trace,olsr,2.261126,2.260790,5513,7651,60,2268,4465,0.573840,0.027697,29.835457,237,136,30,0,0,52,graph_0002__pathPersistency_0.9000,pathPersistency,0.9
trace,aodv,3.011630,3.010041,7712,10075,60,2650,5067,0.775000,0.044332,27.080476,360,279,27,0,0,618,graph_0002__pathPersistency_0.9000,pathPersistency,0.9
trace,dsdv,1.869814,1.869213,4622,5632,60,1764,2960,0.318681,0.052263,21.905252,273,87,0,0,0,1332,graph_0002__pathPersistency_0.9000,pathPersistency,0.9
trace,olsr,1.676046,1.675718,3945,6041,60,1540,3684,0.422594,0.051218,20.751331,239,101,37,0,0,58,graph_0002__pathPersistency_0.9000,pathPersistency,0.9
trace,aodv,3.140592,3.139589,7404,9720,60,2456,4847,0.758333,0.042189,30.614504,360,273,12,0,0,422,graph_0002__pathPersistency_0.9000,pathPersistency,0.9
trace,dsdv,0.759165,0.759083,2501,3507,60,1573,2613,0.484848,0.056292,51.328854,66,32,0,0,0,1220,graph_0002__pathPersistency_0.9000,pathPersistency,0.9
trace,olsr,1.565959,1.564553,3690,5827,60,1528,3722,0.591623,0.023582,27.840171,191,113,12,0,0,36,graph_0002__pathPersistency_0.9000,pathPersistency,0.9
trace,aodv,2.931707,2.926566,7480,9705,60,2568,5038,0.244898,0.050988,47.045907,343,84,14,1,0,342,graph_0002__pathPersistency_0.9000,pathPersistency,0.9
trace,dsdv,0.959541,0.959075,2776,3531,60,1489,2382,0.241758,0.054146,33.461307,182,44,0,0,0,1215,graph_0002__pathPersistency_0.9000,pathPersistency,0.9
trace,olsr,1.798231,1.797954,3808,6024,60,1581,3856,0.500000,0.023593,27.402680,228,114,44,0,0,50,graph_0002__pathPersistency_0.9000,pathPersistency,0.9
trace,aodv,1.579750,1.578995,4676,7078,60,2408,4837,0.709677,0.043834,44.187065,155,110,18,189,0,379,graph_0002__pathPersistency_0.9000,pathPersistency,0.9
trace,dsdv,1.587489,1.586400,4370,5270,60,1532,2541,0.558704,0.033072,37.356348,247,138,0,0,0,1203,graph_0002__pathPersistency_0.9000,pathPersistency,0.9
trace,olsr,0.450659,0.450632,1428,2560,60,1288,2459,0.042857,0.279235,47.887300,70,3,28,0,0,11,graph_0001__pathPersistency_0.5000,pathPersistency,0.5
trace,aodv,1.245031,1.244218,4021,5569,60,2610,4204,0.442623,0.017697,39.427907,122,54,22,189,0,342,graph_0001__pathPersistency_0.5000,pathPersistency,0.5
trace,dsdv,0.345444,0.345206,1802,2687,60,1442,2327,0.000000,0.000000,0.000000,0,0,0,0,0,789,graph_0001__pathPersistency_0.5000,pathPersistency,0.5
trace,olsr,0.345189,0.345171,1284,2433,60,1284,2433,0.000000,0.000000,0.000000,0,0,0,0,0,6,graph_0001__pathPersistency_0.5000,pathPersistency,0.5
trace,aodv,1.610091,1.608992,4873,6451,60,2697,4367,0.436464,0.014182,28.778752,181,79,10,125,0,577,graph_0001__pathPersistency_0.5000,pathPersistency,0.5
trace,dsdv,0.550837,0.550794,2153,2967,60,1430,2314,0.222222,0.062230,46.436832,90,20,0,0,0,829,graph_0001__pathPersistency_0.5000,pathPersistency,0.5
trace,olsr,0.350488,0.350253,1266,2398,60,1266,2398,0.000000,0.000000,0.000000,0,0,0,0,0,8,graph_0001__pathPersistency_0.5000,pathPersistency,0.5
trace,aodv,1.634019,1.633538,4896,6414,60,2696,4298,0.451087,0.014898,30.009472,184,83,18,126,0,537,graph_0001__pathPersistency_0.5000,pathPersistency,0.5
trace,dsdv,1.469733,1.468840,4477,5301,60,2803,3697,0.000000,0.000000,0.000000,90,0,0,0,0,838,graph_0001__pathPersistency_0.5000,pathPersistency,0.5
trace,olsr,0.426087,0.425747,1370,2456,60,1270,2398,0.000000,0.000000,0.000000,68,0,26,0,0,15,graph_0001__pathPersistency_0.5000,pathPersistency,0.5
trace,aodv,2.008332,2.007402,5820,7392,60,2883,4555,0.476596,0.016435,38.330783,235,112,24,126,0,732,graph_0001__pathPersistency_0.5000,pathPersistency,0.5
trace,dsdv,0.302485,0.302404,1659,2392,60,1299,2032,0.000000,0.000000,0.000000,0,0,0,0,0,705,graph_0001__pathPersistency_0.5000,pathPersistency,0.5
trace,olsr,0.351730,0.351563,1274,2415,60,1274,2415,0.000000,0.000000,0.000000,0,0,0,0,0,14,graph_0001__pathPersistency_0.5000,pathPersistency,0.5
trace,aodv,1.936136,1.935335,5600,7319,60,3084,4883,0.469194,0.016024,30.767795,211,99,33,125,0,666,graph_0001__pathPersistency_0.5000,pathPersistency,0.5
trace,dsdv,0.351953,0.351610,1827,2703,60,1467,2343,0.000000,0.000000,0.000000,0,0,0,0,0,764,graph_0001__pathPersistency_0.5000,pathPersistency,0.5
trace,olsr,0.440401,0.440322,1422,2529,60,1282,2428,0.042857,0.295087,47.890539,70,3,28,0,0,14,graph_0001__pathPersistency_0.5000,pathPersistency,0.5
trace,aodv,1.405735,1.405207,4436,6032,60,2763,4421,0.418750,0.010864,38.885680,160,67,32,187,0,376,graph_0001__pathPersistency_0.5000,pathPersistency,0.5
trace,dsdv,0.356597,0.356504,1908,2859,60,1548,2499,0.000000,0.000000,0.000000,0,0,0,0,0,900,graph_0001__pathPersistency_0.5000,pathPersistency,0.5
trace,olsr,0.348583,0.348558,1283,2442,60,1283,2442,0.000000,0.000000,0.000000,0,0,0,0,0,13,graph_0001__pathPersistency_0.5000,pathPersistency,0.5
trace,aodv,1.610777,1.610354,4900,6400,60,2636,4225,0.467391,0.015433,24.935924,184,86,9,127,0,739,graph_0001__pathPersistency_0.5000,pathPersistency,0.5
trace,dsdv,0.332740,0.332720,1772,2600,60,1412,2240,0.000000,0.000000,0.000000,0,0,0,0,0,805,graph_0001__pathPersistency_0.5000,pathPersistency,0.5
trace,olsr,0.450822,0.450717,1436,2550,60,1279,2434,0.056338,0.127722,47.776688,71,4,26,0,0,43,graph_0001__pathPersistency_0.5000,pathPersistency,0.5
trace,aodv,1.592367,1.591640,4849,6458,60,2800,4484,0.442529,0.019306,22.155357,174,77,22,125,0,635,graph_0001__pathPersistency_0.5000,pathPersistency,0.5
trace,dsdv,0.333535,0.333281,1792,2585,60,1432,2225,0.000000,0.000000,0.000000,0,0,0,0,0,766,graph_0001__pathPersistency_0.5000,pathPersistency,0.5
trace,olsr,0.357874,0.357763,1287,2441,60,1287,2441,0.000000,0.000000,0.000000,0,0,0,0,0,9,graph_0001__pathPersistency_0.5000,pathPersistency,0.5
trace,aodv,1.181238,1.180614,3964,5611,60,2539,4240,0.436508,0.009867,32.034551,126,55,17,187,0,275,graph_0001__pathPersistency_0.5000,pathPersistency,0.5
trace,dsdv,0.314796,0.314762,1689,2445,60,1329,2085,0.000000,0.000000,0.000000,0,0,0,0,0,737,graph_0001__pathPersistency_0.5000,pathPersistency,0.5
trace,olsr,0.358459,0.358210,1284,2440,60,1284,2440,0.000000,0.000000,0.000000,0,0,0,0,0,5,graph_0001__pathPersistency_0.5000,pathPersistency,0.5
trace,aodv,1.383645,1.382713,4377,6020,60,2836,4533,0.483871,0.013914,32.539944,124,60,10,188,0,680,graph_0001__pathPersistency_0.5000,pathPersistency,0.5
trace,dsdv,0.522471,0.521930,2111,2932,60,1486,2383,0.155556,0.069132,46.946777,90,14,0,0,0,827,graph_0001__pathPersistency_0.5000,pathPersistency,0.5
trace,olsr,3.021920,3.018492,7230,9889,60,1790,4449,1.000000,0.050534,36.725640,272,272,0,0,0,100,graph_0002__pathPersistency_1.0000,pathPersistency,1.0
trace,aodv,3.574502,3.573757,8937,11197,60,1938,4215,0.952778,0.050351,30.908452,360,343,0,0,0,281,graph_0002__pathPersistency_1.0000,pathPersistency,1.0
trace,dsdv,1.101602,1.101076,3277,3918,60,1240,1885,0.955556,0.051977,51.968312,90,86,0,0,0,1134,graph_0002__pathPersistency_1.0000,pathPersistency,1.0
trace,olsr,2.882103,2.881439,7244,9924,60,1784,4464,1.000000,0.050541,36.643766,273,273,0,0,0,93,graph_0002__pathPersistency_1.0000,pathPersistency,1.0
trace,aodv,3.370122,3.368523,8988,11308,60,1984,4316,0.966667,0.050439,30.499513,360,348,0,0,0,269,graph_0002__pathPersistency_1.0000,pathPersistency,1.0
trace,dsdv,0.293990,0.293909,1601,2238,60,1241,1878,0.000000,0.000000,0.000000,0,0,0,0,0,1070,graph_0002__pathPersistency_1.0000,pathPersistency,1.0
trace,olsr,2.970701,2.970087,7304,10009,60,1804,4509,1.000000,0.050524,36.479772,275,275,0,0,0,60,graph_0002__pathPersistency_1.0000,pathPersistency,1.0
trace,aodv,3.456143,3.454819,9008,11313,60,2004,4321,0.966667,0.050438,30.499502,360,348,0,0,0,273,graph_0002__pathPersistency_1.0000,pathPersistency,1.0
trace,dsdv,0.316253,0.316178,1627,2386,60,1267,2026,0.000000,0.000000,0.000000,0,0,0,0,0,1017,graph_0002__pathPersistency_1.0000,pathPersistency,1.0
trace,olsr,2.972701,2.972058,6588,9323,60,1808,4543,1.000000,0.049536,39.274839,239,239,0,0,0,63,graph_0002__pathPersistency_1.0000,pathPersistency,1.0
trace,aodv,3.596943,3.595417,8948,11220,60,1943,4226,0.969444,0.050571,30.418850,360,349,0,0,0,274,graph_0002__pathPersistency_1.0000,pathPersistency,1.0
trace,dsdv,1.050057,1.049973,3152,3794,60,1240,1892,0.888889,0.052192,52.460893,90,80,0,0,0,1112,graph_0002__pathPersistency_1.0000,pathPersistency,1.0
trace,olsr,3.164758,3.163709,7347,10060,60,1807,4520,1.000000,0.050504,36.315917,277,277,0,0,0,92,graph_0002__pathPersistency_1.0000,pathPersistency,1.0
trace,aodv,3.495099,3.494318,9015,11349,60,2009,4354,0.969444,0.050526,30.418383,360,349,0,0,0,245,graph_0002__pathPersistency_1.0000,pathPersistency,1.0
trace,dsdv,1.089024,1.088901,3329,4048,60,1294,2017,0.955556,0.051971,51.968230,90,86,0,0,0,1124,graph_0002__pathPersistency_1.0000,pathPersistency,1.0
trace,olsr,3.081063,3.078152,7357,10077,60,1817,4537,1.000000,0.050530,36.316018,277,277,0,0,0,84,graph_0002__pathPersistency_1.0000,pathPersistency,1.0
trace,aodv,3.386452,3.381819,8655,10907,60,1956,4236,0.922222,0.050605,31.811649,360,332,0,0,0,303,graph_0002__pathPersistency_1.0000,pathPersistency,1.0
trace,dsdv,1.049049,1.048481,3145,3686,60,1105,1650,0.955556,0.052018,51.968656,90,86,0,0,0,1074,graph_0002__pathPersistency_1.0000,pathPersistency,1.0
trace,olsr,3.006461,3.005755,7352,9988,60,1792,4428,1.000000,0.050518,36.234056,278,278,0,0,0,75,graph_0002__pathPersistency_1.0000,pathPersistency,1.0
trace,aodv,3.544268,3.542061,8942,11173,60,1937,4179,0.969444,0.050540,30.418527,360,349,0,0,0,318,graph_0002__pathPersistency_1.0000,pathPersistency,1.0
trace,dsdv,0.280840,0.280818,1475,2033,60,1115,1673,0.000000,0.000000,0.000000,0,0,0,0,0,985,graph_0002__pathPersistency_1.0000,pathPersistency,1.0
trace,olsr,3.105075,3.104145,7489,10197,60,1829,4537,1.000000,0.050490,35.824290,283,283,0,0,0,77,graph_0002__pathPersistency_1.0000,pathPersistency,1.0
trace,aodv,3.540972,3.540453,8961,11264,60,1961,4281,0.952778,0.050364,30.908550,360,343,0,0,0,254,graph_0002__pathPersistency_1.0000,pathPersistency,1.0
trace,dsdv,1.100194,1.099920,3302,3975,60,1271,1948,0.955556,0.052174,51.970071,90,86,0,0,0,1122,graph_0002__pathPersistency_1.0000,pathPersistency,1.0
trace,olsr,3.063775,3.062539,7425,10166,60,1845,4586,1.000000,0.050501,36.152002,279,279,0,0,0,74,graph_0002__pathPersistency_1.0000,pathPersistency,1.0
trace,aodv,3.688530,3.686763,8992,11353,60,1986,4358,0.969444,0.050563,30.418753,360,349,0,0,0,200,graph_0002__pathPersistency_1.0000,pathPersistency,1.0
trace,dsdv,0.349059,0.349032,1586,2213,60,1226,1853,0.000000,0.000000,0.000000,0,0,0,0,0,1096,graph_0002__pathPersistency_1.0000,pathPersistency,1.0
trace,olsr,3.020122,3.019630,7288,9972,60,1808,4492,1.000000,0.050513,36.561646,274,274,0,0,0,70,graph_0002__pathPersistency_1.0000,pathPersistency,1.0
trace,aodv,3.673391,3.672787,8939,11237,60,1941,4256,0.952778,0.050382,30.908657,360,343,0,0,0,245,graph_0002__pathPersistency_1.0000,pathPersistency,1.0
trace,dsdv,1.863785,1.863448,5098,5799,60,1313,2018,0.978022,0.051054,44.429351,182,178,0,0,0,1211,graph_0002__pathPersistency_1.0000,pathPersistency,1.0
trace,olsr,0.298637,0.297801,1200,1951,60,1200,1951,0.000000,0.000000,0.000000,0,0,0,0,0,0,graph_0009__pathPersistency_0.4000,pathPersistency,0.4
trace,aodv,0.664784,0.663558,2834,4002,60,1983,3163,0.700000,0.057438,55.757502,40,28,0,315,0,75,graph_0009__pathPersistency_0.4000,pathPersistency,0.4
trace,dsdv,0.280688,0.280248,1569,2143,60,1209,1783,0.000000,0.000000,0.000000,0,0,0,0,0,579,graph_0009__pathPersistency_0.4000,pathPersistency,0.4
trace,olsr,0.297891,0.297767,1208,1955,60,1208,1955,0.000000,0.000000,0.000000,0,0,0,0,0,7,graph_0009__pathPersistency_0.4000,pathPersistency,0.4
trace,aodv,0.681919,0.681718,2835,4022,60,1984,3183,0.700000,0.057225,55.755836,40,28,0,315,0,60,graph_0009__pathPersistency_0.4000,pathPersistency,0.4
trace,dsdv,0.231528,0.231497,1347,1765,60,987,1405,0.000000,0.000000,0.000000,0,0,0,0,0,506,graph_0009__pathPersistency_0.4000,pathPersistency,0.4
trace,olsr,0.297979,0.297933,1209,1960,60,1209,1960,0.000000,0.000000,0.000000,0,0,0,0,0,2,graph_0009__pathPersistency_0.4000,pathPersistency,0.4
trace,aodv,0.666179,0.666045,2834,3984,60,1983,3145,0.700000,0.057425,55.757326,40,28,0,315,0,90,graph_0009__pathPersistency_0.4000,pathPersistency,0.4
trace,dsdv,0.281113,0.281089,1574,2169,60,1214,1809,0.000000,0.000000,0.000000,0,0,0,0,0,589,graph_0009__pathPersistency_0.4000,pathPersistency,0.4
trace,olsr,0.301828,0.301789,1218,1981,60,1218,1981,0.000000,0.000000,0.000000,0,0,0,0,0,2,graph_0009__pathPersistency_0.4000,pathPersistency,0.4
trace,aodv,0.664621,0.663603,2828,3964,60,1983,3137,0.550000,0.055965,56.232896,40,22,0,315,0,98,graph_0009__pathPersistency_0.4000,pathPersistency,0.4
trace,dsdv,0.294288,0.294210,1638,2293,60,1278,1933,0.000000,0.000000,0.000000,0,0,0,0,0,589,graph_0009__pathPersistency_0.4000,pathPersistency,0.4
trace,olsr,0.307806,0.306807,1214,1986,60,1214,1986,0.000000,0.000000,0.000000,0,0,0,0,0,1,graph_0009__pathPersistency_0.4000,pathPersistency,0.4
trace,aodv,0.669835,0.668686,2836,4011,60,1983,3170,0.700000,0.057219,55.755752,40,28,0,315,0,69,graph_0009__pathPersistency_0.4000,pathPersistency,0.4
trace,dsdv,0.241758,0.240833,1397,1859,60,1037,1499,0.000000,0.000000,0.000000,0,0,0,0,0,516,graph_0009__pathPersistency_0.4000,pathPersistency,0.4
trace,olsr,0.298721,0.298259,1215,1981,60,1215,1981,0.000000,0.000000,0.000000,0,0,0,0,0,6,graph_0009__pathPersistency_0.4000,pathPersistency,0.4
trace,aodv,0.662224,0.661674,2834,3979,60,1983,3140,0.700000,0.057585,55.758658,40,28,0,315,0,99,graph_0009__pathPersistency_0.4000,pathPersistency,0.4
trace,dsdv,0.280658,0.280585,1594,2233,60,1234,1873,0.000000,0.000000,0.000000,0,0,0,0,0,661,graph_0009__pathPersistency_0.4000,pathPersistency,0.4
trace,olsr,0.299891,0.299828,1207,1958,60,1207,1958,0.000000,0.000000,0.000000,0,0,0,0,0,4,graph_0009__pathPersistency_0.4000,pathPersistency,0.4
trace,aodv,0.655937,0.655867,2833,4028,60,1983,3190,0.700000,0.057393,55.757106,40,28,0,315,0,50,graph_0009__pathPersistency_0.4000,pathPersistency,0.4
trace,dsdv,0.476449,0.476315,1719,2087,60,1085,1578,0.053030,0.113706,38.578289,132,7,0,0,0,562,graph_0009__pathPersistency_0.4000,pathPersistency,0.4
trace,olsr,0.296693,0.296664,1200,1946,60,1200,1946,0.000000,0.000000,0.000000,0,0,0,0,0,4,graph_0009__pathPersistency_0.4000,pathPersistency,0.4
trace,aodv,0.697132,0.696979,2892,4064,60,1985,3169,0.700000,0.057983,55.762025,40,28,0,315,0,75,graph_0009__pathPersistency_0.4000,pathPersistency,0.4
trace,dsdv,0.312361,0.312313,1516,1961,60,1112,1647,0.000000,0.000000,0.000000,90,0,0,0,0,545,graph_0009__pathPersistency_0.4000,pathPersistency,0.4
trace,olsr,0.297032,0.296984,1212,1981,60,1212,1981,0.000000,0.000000,0.000000,0,0,0,0,0,5,graph_0009__pathPersistency_0.4000,pathPersistency,0.4
trace,aodv,0.682023,0.680560,2834,4027,60,1983,3188,0.700000,0.057376,55.757000,40,28,0,315,0,47,graph_0009__pathPersistency_0.4000,pathPersistency,0.4
trace,dsdv,0.299353,0.299113,1637,2281,60,1277,1921,0.000000,0.000000,0.000000,0,0,0,0,0,608,graph_0009__pathPersistency_0.4000,pathPersistency,0.4
trace,olsr,0.303229,0.303188,1210,1987,60,1210,1987,0.000000,0.000000,0.000000,0,0,0,0,0,5,graph_0009__pathPersistency_0.4000,pathPersistency,0.4
trace,aodv,0.546274,0.546187,2562,3714,60,1983,3164,0.275000,0.074730,57.195034,40,11,0,315,0,72,graph_0009__pathPersistency_0.4000,pathPersistency,0.4
trace,dsdv,0.242167,0.242113,1406,1880,60,1046,1520,0.000000,0.000000,0.000000,0,0,0,0,0,514,graph_0009__pathPersistency_0.4000,pathPersistency,0.4
trace,olsr,0.267015,0.266856,1118,1502,60,1118,1502,0.000000,0.000000,0.000000,0,0,0,0,0,3,graph_0001__pathPersistency_0.1000,pathPersistency,0.1
trace,aodv,0.415995,0.415910,2310,3014,60,1950,2654,0.000000,0.000000,0.000000,0,0,0,315,0,45,graph_0001__pathPersistency_0.1000,pathPersistency,0.1
trace,dsdv,0.565359,0.565150,1890,2018,60,1021,1338,0.063415,0.072466,27.052122,205,13,0,0,0,388,graph_0001__pathPersistency_0.1000,pathPersistency,0.1
trace,olsr,0.264021,0.263983,1128,1526,60,1128,1526,0.000000,0.000000,0.000000,0,0,0,0,0,2,graph_0001__pathPersistency_0.1000,pathPersistency,0.1
trace,aodv,0.573702,0.573670,2643,3397,60,2172,2938,0.294118,0.205820,12.733851,17,5,0,316,0,58,graph_0001__pathPersistency_0.1000,pathPersistency,0.1
trace,dsdv,0.242337,0.242165,1419,1809,60,1059,1449,0.000000,0.000000,0.000000,0,0,0,0,0,418,graph_0001__pathPersistency_0.1000,pathPersistency,0.1
trace,olsr,0.261737,0.261706,1124,1517,60,1124,1517,0.000000,0.000000,0.000000,0,0,0,0,0,4,graph_0001__pathPersistency_0.1000,pathPersistency,0.1
trace,aodv,0.583761,0.583478,2661,3397,60,2190,2938,0.294118,0.235834,12.748862,17,5,0,316,0,63,graph_0001__pathPersistency_0.1000,pathPersistency,0.1
trace,dsdv,0.230063,0.230046,1401,1741,60,1041,1381,0.000000,0.000000,0.000000,0,0,0,0,0,366,graph_0001__pathPersistency_0.1000,pathPersistency,0.1
trace,olsr,0.256266,0.256211,1118,1493,60,1118,1493,0.000000,0.000000,0.000000,0,0,0,0,0,1,graph_0001__pathPersistency_0.1000,pathPersistency,0.1
trace,aodv,0.590779,0.590696,2690,3440,60,2219,2981,0.294118,0.198297,12.729072,17,5,0,316,0,76,graph_0001__pathPersistency_0.1000,pathPersistency,0.1
trace,dsdv,0.202421,0.202298,1260,1561,60,900,1201,0.000000,0.000000,0.000000,0,0,0,0,0,325,graph_0001__pathPersistency_0.1000,pathPersistency,0.1
trace,olsr,0.259203,0.259170,1123,1511,60,1123,1511,0.000000,0.000000,0.000000,0,0,0,0,0,5,graph_0001__pathPersistency_0.1000,pathPersistency,0.1
trace,aodv,0.588954,0.588692,2677,3437,60,2206,2978,0.294118,0.213174,12.737713,17,5,0,317,0,55,graph_0001__pathPersistency_0.1000,pathPersistency,0.1
trace,dsdv,0.233152,0.232942,1394,1776,60,1034,1416,0.000000,0.000000,0.000000,0,0,0,0,0,376,graph_0001__pathPersistency_0.1000,pathPersistency,0.1
trace,olsr,0.258364,0.258329,1122,1509,60,1122,1509,0.000000,0.000000,0.000000,0,0,0,0,0,5,graph_0001__pathPersistency_0.1000,pathPersistency,0.1
trace,aodv,0.607424,0.607356,2698,3418,60,2227,2959,0.294118,0.238206,12.749935,17,5,0,316,0,100,graph_0001__pathPersistency_0.1000,pathPersistency,0.1
trace,dsdv,0.222596,0.222577,1331,1693,60,971,1333,0.000000,0.000000,0.000000,0,0,0,0,0,354,graph_0001__pathPersistency_0.1000,pathPersistency,0.1
trace,olsr,0.259051,0.259024,1125,1513,60,1125,1513,0.000000,0.000000,0.000000,0,0,0,0,0,0,graph_0001__pathPersistency_0.1000,pathPersistency,0.1
trace,aodv,0.581675,0.581513,2627,3362,60,2156,2903,0.294118,0.195301,12.727270,17,5,0,316,0,58,graph_0001__pathPersistency_0.1000,pathPersistency,0.1
trace,dsdv,0.233763,0.233732,1345,1673,60,985,1313,0.000000,0.000000,0.000000,0,0,0,0,0,361,graph_0001__pathPersistency_0.1000,pathPersistency,0.1
trace,olsr,0.255225,0.255208,1123,1516,60,1123,1516,0.000000,0.000000,0.000000,0,0,0,0,0,0,graph_0001__pathPersistency_0.1000,pathPersistency,0.1
trace,aodv,0.613471,0.613410,2688,3420,60,2225,2970,0.235294,0.227993,12.778260,17,4,1,316,0,105,graph_0001__pathPersistency_0.1000,pathPersistency,0.1
trace,dsdv,0.232303,0.232266,1365,1729,60,1005,1369,0.000000,0.000000,0.000000,0,0,0,0,0,360,graph_0001__pathPersistency_0.1000,pathPersistency,0.1
trace,olsr,0.277522,0.276903,1122,1516,60,1122,1516,0.000000,0.000000,0.000000,0,0,0,0,0,3,graph_0001__pathPersistency_0.1000,pathPersistency,0.1
trace,aodv,0.580260,0.579992,2670,3400,60,2199,2941,0.294118,0.196166,12.727829,17,5,0,316,0,73,graph_0001__pathPersistency_0.1000,pathPersistency,0.1
trace,dsdv,0.205911,0.205744,1280,1565,60,920,1205,0.000000,0.000000,0.000000,0,0,0,0,0,298,graph_0001__pathPersistency_0.1000,pathPersistency,0.1
trace,olsr,0.269270,0.268939,1127,1524,60,1127,1524,0.000000,0.000000,0.000000,0,0,0,0,0,1,graph_0001__pathPersistency_0.1000,pathPersistency,0.1
trace,aodv,0.598531,0.598451,2644,3397,60,2173,2938,0.294118,0.250136,12.755290,17,5,0,316,0,60,graph_0001__pathPersistency_0.1000,pathPersistency,0.1
trace,dsdv,0.202273,0.202254,1271,1588,60,911,1228,0.000000,0.000000,0.000000,0,0,0,0,0,317,graph_0001__pathPersistency_0.1000,pathPersistency,0.1
trace,olsr,1.325723,1.325434,3150,4877,60,1473,3291,0.415094,0.024792,23.799796,212,88,33,0,0,37,graph_0008__pathPersistency_0.9000,pathPersistency,0.9
trace,aodv,2.105483,2.105304,5737,7491,60,2368,4343,0.358333,0.051329,12.397707,360,129,10,4,0,373,graph_0008__pathPersistency_0.9000,pathPersistency,0.9
trace,dsdv,0.399240,0.399116,1945,3004,60,1585,2644,0.000000,0.000000,0.000000,0,0,0,0,0,1045,graph_0008__pathPersistency_0.9000,pathPersistency,0.9
trace,olsr,1.339078,1.338837,3224,4979,60,1490,3320,0.432692,0.026226,25.727890,208,90,43,0,0,42,graph_0008__pathPersistency_0.9000,pathPersistency,0.9
trace,aodv,2.869965,2.869628,7531,9555,60,2576,4656,0.783333,0.040786,28.911412,360,282,22,0,0,531,graph_0008__pathPersistency_0.9000,pathPersistency,0.9
trace,dsdv,1.287612,1.287468,3972,4964,60,1894,2949,0.000000,0.000000,0.000000,90,0,0,0,0,1170,graph_0008__pathPersistency_0.9000,pathPersistency,0.9
trace,olsr,0.998175,0.998132,2491,4324,60,1503,3366,0.542857,0.052162,18.295739,105,57,18,0,0,33,graph_0008__pathPersistency_0.9000,pathPersistency,0.9
trace,aodv,2.961686,2.960747,7512,9484,60,2562,4594,0.783333,0.040789,29.010836,360,282,18,0,0,562,graph_0008__pathPersistency_0.9000,pathPersistency,0.9
trace,dsdv,0.693454,0.693210,2551,3441,60,1515,2451,0.000000,0.000000,0.000000,46,0,0,0,0,1056,graph_0008__pathPersistency_0.9000,pathPersistency,0.9
trace,olsr,1.220531,1.220244,2962,4694,60,1493,3311,0.389744,0.022681,24.802861,195,76,32,0,0,43,graph_0008__pathPersistency_0.9000,pathPersistency,0.9
trace,aodv,2.874228,2.873025,7561,9560,60,2685,4738,0.786111,0.040937,28.831778,360,283,23,1,0,395,graph_0008__pathPersistency_0.9000,pathPersistency,0.9
trace,dsdv,0.645761,0.645671,2370,3356,60,1590,2640,0.288889,0.059150,46.919386,90,26,0,0,0,1106,graph_0008__pathPersistency_0.9000,pathPersistency,0.9
trace,olsr,1.147329,1.145942,2659,4457,60,1518,3403,0.306818,0.016154,19.057350,176,54,33,0,0,54,graph_0008__pathPersistency_0.9000,pathPersistency,0.9
trace,aodv,2.973199,2.970197,7139,9006,60,2299,4230,0.772222,0.040243,29.200304,360,278,18,0,0,476,graph_0008__pathPersistency_0.9000,pathPersistency,0.9
trace,dsdv,1.095829,1.094452,3277,4204,60,1624,2659,0.406593,0.052433,35.913106,182,74,0,0,0,1135,graph_0008__pathPersistency_0.9000,pathPersistency,0.9
trace,olsr,1.091103,1.090843,2902,4635,60,1474,3283,0.417112,0.022878,24.208275,187,78,21,0,0,56,graph_0008__pathPersistency_0.9000,pathPersistency,0.9
trace,aodv,2.494858,2.494261,6697,8614,60,2544,4524,0.744479,0.044127,25.997051,317,236,18,1,0,533,graph_0008__pathPersistency_0.9000,pathPersistency,0.9
trace,dsdv,1.946738,1.946260,5323,6254,60,1738,2797,0.000000,0.000000,0.000000,205,0,0,0,0,1052,graph_0008__pathPersistency_0.9000,pathPersistency,0.9
trace,olsr,1.146678,1.146591,2866,4652,60,1511,3370,0.394286,0.021755,26.490052,175,69,33,0,0,51,graph_0008__pathPersistency_0.9000,pathPersistency,0.9
trace,aodv,2.477572,2.477035,6871,8670,60,2381,4362,0.466667,0.024316,22.481130,360,168,10,0,0,241,graph_0008__pathPersistency_0.9000,pathPersistency,0.9
trace,dsdv,1.738786,1.738057,4645,5600,60,1724,2900,0.386111,0.050532,11.468381,360,139,0,0,0,1091,graph_0008__pathPersistency_0.9000,pathPersistency,0.9
trace,olsr,1.153589,1.153484,2915,4716,60,1513,3389,0.402116,0.022157,23.491528,189,76,37,0,0,31,graph_0008__pathPersistency_0.9000,pathPersistency,0.9
trace,aodv,2.884376,2.883247,7410,9439,60,2710,4804,0.744444,0.040784,31.011046,360,268,27,0,0,728,graph_0008__pathPersistency_0.9000,pathPersistency,0.9
trace,dsdv,0.423416,0.423319,2111,3249,60,1751,2889,0.000000,0.000000,0.000000,0,0,0,0,0,1200,graph_0008__pathPersistency_0.9000,pathPersistency,0.9
trace,olsr,1.244968,1.244586,3020,4783,60,1495,3335,0.423280,0.022787,22.974523,189,80,32,0,0,44,graph_0008__pathPersistency_0.9000,pathPersistency,0.9
trace,aodv,2.832395,2.829141,7088,9215,60,2836,5008,0.757188,0.041615,24.327712,313,237,31,1,0,468,graph_0008__pathPersistency_0.9000,pathPersistency,0.9
trace,dsdv,0.442289,0.441918,2021,3132,60,1661,2772,0.000000,0.000000,0.000000,0,0,0,0,0,1079,graph_0008__pathPersistency_0.9000,pathPersistency,0.9
trace,olsr,0.984041,0.983948,2557,4327,60,1499,3359,0.314286,0.019574,30.391136,175,55,30,0,0,37,graph_0008__pathPersistency_0.9000,pathPersistency,0.9
trace,aodv,2.586070,2.584102,6990,9018,60,2744,4822,0.761905,0.042146,24.142648,315,240,27,0,0,481,graph_0008__pathPersistency_0.9000,pathPersistency,0.9
trace,dsdv,0.544521,0.543889,2246,3236,60,1677,2757,0.000000,0.000000,0.000000,90,0,0,0,0,1140,graph_0008__pathPersistency_0.9000,pathPersistency,0.9
trace,olsr,0.330423,0.330357,1261,2454,60,1261,2454,0.000000,0.000000,0.000000,0,0,0,0,0,8,graph_0005__pathPersistency_0.7000,pathPersistency,0.7
trace,aodv,1.939227,1.938397,5637,7469,60,3054,4951,0.495370,0.021614,29.177560,216,107,44,125,0,663,graph_0005__pathPersistency_0.7000,pathPersistency,0.7
trace,dsdv,2.147394,2.147148,6215,7155,60,3727,4725,0.000000,0.000000,0.000000,90,0,0,0,0,890,graph_0005__pathPersistency_0.7000,pathPersistency,0.7
trace,olsr,0.336863,0.336361,1249,2423,60,1249,2423,0.000000,0.000000,0.000000,0,0,0,0,0,8,graph_0005__pathPersistency_0.7000,pathPersistency,0.7
trace,aodv,1.622706,1.621270,5015,6630,60,2580,4308,0.395745,0.014678,28.097250,235,93,29,125,0,617,graph_0005__pathPersistency_0.7000,pathPersistency,0.7
trace,dsdv,0.572997,0.572945,2383,3348,60,1665,2720,0.000000,0.000000,0.000000,90,0,0,0,0,842,graph_0005__pathPersistency_0.7000,pathPersistency,0.7
trace,olsr,0.344578,0.344549,1256,2434,60,1256,2434,0.000000,0.000000,0.000000,0,0,0,0,0,9,graph_0005__pathPersistency_0.7000,pathPersistency,0.7
trace,aodv,1.946672,1.945051,5680,7480,60,2874,4762,0.495763,0.016933,34.301675,236,117,31,124,0,715,graph_0005__pathPersistency_0.7000,pathPersistency,0.7
trace,dsdv,1.382480,1.381370,4496,5571,60,1849,2988,0.000000,0.000000,0.000000,182,0,0,0,0,872,graph_0005__pathPersistency_0.7000,pathPersistency,0.7
trace,olsr,0.332604,0.332412,1245,2408,60,1245,2408,0.000000,0.000000,0.000000,0,0,0,0,0,7,graph_0005__pathPersistency_0.7000,pathPersistency,0.7
trace,aodv,1.929332,1.926775,5693,7523,60,3123,5049,0.381356,0.018153,27.568812,236,90,50,125,0,560,graph_0005__pathPersistency_0.7000,pathPersistency,0.7
trace,dsdv,0.476161,0.475497,2205,3209,60,1713,2732,0.318182,0.118578,56.611917,22,7,0,0,0,916,graph_0005__pathPersistency_0.7000,pathPersistency,0.7
trace,olsr,0.325116,0.325097,1248,2409,60,1248,2409,0.000000,0.000000,0.000000,0,0,0,0,0,12,graph_0005__pathPersistency_0.7000,pathPersistency,0.7
trace,aodv,1.878596,1.878137,5578,7281,60,2833,4636,0.466102,0.015924,33.821980,236,110,26,124,0,653,graph_0005__pathPersistency_0.7000,pathPersistency,0.7
trace,dsdv,0.359272,0.359237,1891,2810,60,1531,2450,0.000000,0.000000,0.000000,0,0,0,0,0,810,graph_0005__pathPersistency_0.7000,pathPersistency,0.7
trace,olsr,0.329888,0.329367,1257,2449,60,1257,2449,0.000000,0.000000,0.000000,0,0,0,0,0,5,graph_0005__pathPersistency_0.7000,pathPersistency,0.7
trace,aodv,2.019956,2.018085,5939,7850,60,3185,5175,0.453390,0.015485,34.656407,236,107,50,124,0,835,graph_0005__pathPersistency_0.7000,pathPersistency,0.7
trace,dsdv,1.536526,1.535141,4747,5589,60,1704,2703,0.000000,0.000000,0.000000,204,0,0,0,0,890,graph_0005__pathPersistency_0.7000,pathPersistency,0.7
trace,olsr,0.329230,0.328715,1238,2392,60,1238,2392,0.000000,0.000000,0.000000,0,0,0,0,0,8,graph_0005__pathPersistency_0.7000,pathPersistency,0.7
trace,aodv,2.059898,2.058337,6004,7669,60,2732,4507,0.525362,0.031446,25.328053,276,145,21,62,0,609,graph_0005__pathPersistency_0.7000,pathPersistency,0.7
trace,dsdv,0.340131,0.339869,1782,2569,60,1422,2209,0.000000,0.000000,0.000000,0,0,0,0,0,784,graph_0005__pathPersistency_0.7000,pathPersistency,0.7
trace,olsr,0.322333,0.322302,1258,2441,60,1258,2441,0.000000,0.000000,0.000000,0,0,0,0,0,12,graph_0005__pathPersistency_0.7000,pathPersistency,0.7
trace,aodv,2.040341,2.039162,6042,7775,60,3065,4927,0.391304,0.021816,26.700230,276,108,39,62,0,668,graph_0005__pathPersistency_0.7000,pathPersistency,0.7
trace,dsdv,1.583848,1.582164,4658,5206,60,1542,2300,0.120879,0.019815,24.200417,273,33,0,0,0,863,graph_0005__pathPersistency_0.7000,pathPersistency,0.7
trace,olsr,0.337469,0.337094,1262,2441,60,1262,2441,0.000000,0.000000,0.000000,0,0,0,0,0,9,graph_0005__pathPersistency_0.7000,pathPersistency,0.7
trace,aodv,2.134839,2.132879,6187,7926,60,2902,4729,0.512635,0.030825,25.066001,277,142,48,62,0,590,graph_0005__pathPersistency_0.7000,pathPersistency,0.7
trace,dsdv,0.363420,0.363288,1909,2809,60,1549,2449,0.000000,0.000000,0.000000,0,0,0,0,0,834,graph_0005__pathPersistency_0.7000,pathPersistency,0.7
trace,olsr,0.328779,0.328610,1253,2428,60,1253,2428,0.000000,0.000000,0.000000,0,0,0,0,0,11,graph_0005__pathPersistency_0.7000,pathPersistency,0.7
trace,aodv,1.934843,1.932667,5778,7648,60,3176,5143,0.411017,0.014039,30.929370,236,97,42,125,0,643,graph_0005__pathPersistency_0.7000,pathPersistency,0.7
trace,dsdv,0.806693,0.806327,2696,3482,60,1569,2506,0.170330,0.056362,32.405558,182,31,0,0,0,868,graph_0005__pathPersistency_0.7000,pathPersistency,0.7
trace,olsr,1.684450,1.682785,4641,6500,60,1649,3508,1.000000,0.050640,43.687568,187,187,0,0,0,87,graph_0005__pathPersistency_0.9000,pathPersistency,0.9
trace,aodv,2.677337,2.674269,7441,9296,60,2433,4341,0.794444,0.041375,33.796627,360,286,21,0,0,409,graph_0005__pathPersistency_0.9000,pathPersistency,0.9
trace,dsdv,1.580989,1.578114,4609,5508,60,1484,2456,0.708000,0.050473,44.505767,250,177,0,0,0,886,graph_0005__pathPersistency_0.9000,pathPersistency,0.9
trace,olsr,1.342677,1.342154,3808,5752,60,1696,3640,1.000000,0.050968,48.194098,132,132,0,0,0,40,graph_0005__pathPersistency_0.9000,pathPersistency,0.9
trace,aodv,2.321705,2.320709,6700,8515,60,2168,4009,0.899329,0.039355,35.910563,298,268,4,62,0,270,graph_0005__pathPersistency_0.9000,pathPersistency,0.9
trace,dsdv,0.843365,0.843312,2966,3659,60,1278,1974,0.966667,0.052366,51.888882,90,87,0,0,0,887,graph_0005__pathPersistency_0.9000,pathPersistency,0.9
trace,olsr,1.505754,1.505119,4275,6202,60,1683,3610,1.000000,0.050785,45.736089,162,162,0,0,0,57,graph_0005__pathPersistency_0.9000,pathPersistency,0.9
trace,aodv,2.602075,2.600907,7432,9286,60,2277,4165,0.855556,0.044569,32.992943,360,308,18,1,0,319,graph_0005__pathPersistency_0.9000,pathPersistency,0.9
trace,dsdv,0.587874,0.587827,2392,2992,60,1332,2114,0.000000,0.000000,0.000000,182,0,0,0,0,843,graph_0005__pathPersistency_0.9000,pathPersistency,0.9
trace,olsr,1.484688,1.482100,4140,6007,60,1644,3511,1.000000,0.050780,46.227751,156,156,0,0,0,54,graph_0005__pathPersistency_0.9000,pathPersistency,0.9
trace,aodv,2.326531,2.323523,6760,8547,60,2059,3858,0.959732,0.041368,34.679355,298,286,0,62,0,253,graph_0005__pathPersistency_0.9000,pathPersistency,0.9
trace,dsdv,1.814149,1.812300,5258,6129,60,1389,2263,0.987234,0.050814,40.003425,235,232,0,0,0,852,graph_0005__pathPersistency_0.9000,pathPersistency,0.9
trace,olsr,1.316145,1.315483,3723,5561,60,1611,3449,1.000000,0.050980,48.194230,132,132,0,0,0,42,graph_0005__pathPersistency_0.9000,pathPersistency,0.9
trace,aodv,2.494767,2.493127,7117,8955,60,2242,4114,0.865772,0.038031,36.479623,298,258,6,62,0,316,graph_0005__pathPersistency_0.9000,pathPersistency,0.9
trace,dsdv,1.831054,1.830487,5182,5937,60,1307,2065,0.987234,0.050844,40.003492,235,232,0,0,0,847,graph_0005__pathPersistency_0.9000,pathPersistency,0.9
trace,olsr,1.513168,1.511623,4236,6108,60,1642,3519,0.969512,0.051142,45.984670,164,159,0,0,0,63,graph_0005__pathPersistency_0.9000,pathPersistency,0.9
trace,aodv,2.338879,2.336609,6764,8705,60,2276,4239,0.892617,0.038481,34.416883,298,266,10,62,0,272,graph_0005__pathPersistency_0.9000,pathPersistency,0.9
trace,dsdv,1.582668,1.581615,4802,5670,60,1402,2274,0.980392,0.050866,42.624702,204,200,0,0,0,857,graph_0005__pathPersistency_0.9000,pathPersistency,0.9
trace,olsr,1.517684,1.514247,4233,6147,60,1673,3587,1.000000,0.050792,45.899952,160,160,0,0,0,67,graph_0005__pathPersistency_0.9000,pathPersistency,0.9
trace,aodv,2.219411,2.215944,6428,8253,60,2137,3999,0.862416,0.039116,37.293139,298,257,4,62,0,259,graph_0005__pathPersistency_0.9000,pathPersistency,0.9
trace,dsdv,3.490953,3.482650,9357,10168,60,1610,2514,0.322344,0.018652,50.961808,273,88,0,0,0,894,graph_0005__pathPersistency_0.9000,pathPersistency,0.9
trace,olsr,1.484358,1.484040,4261,6142,60,1653,3534,1.000000,0.050791,45.654164,163,163,0,0,0,46,graph_0005__pathPersistency_0.9000,pathPersistency,0.9
trace,aodv,2.315514,2.314698,6676,8527,60,2171,4043,0.916107,0.039520,34.140346,298,273,4,62,0,265,graph_0005__pathPersistency_0.9000,pathPersistency,0.9
trace,dsdv,1.485457,1.484477,4352,5128,60,1422,2313,0.578755,0.029695,45.139903,273,158,0,0,0,944,graph_0005__pathPersistency_0.9000,pathPersistency,0.9
trace,olsr,1.528560,1.527320,4250,6144,60,1658,3552,1.000000,0.050830,45.736321,162,162,0,0,0,28,graph_0005__pathPersistency_0.9000,pathPersistency,0.9
trace,aodv,2.767592,2.766423,7561,9386,60,2240,4109,0.869444,0.045961,32.926768,360,313,3,0,0,351,graph_0005__pathPersistency_0.9000,pathPersistency,0.9
trace,dsdv,1.962681,1.962482,5521,6336,60,1364,2182,0.987234,0.050924,40.005200,235,232,0,0,0,899,graph_0005__pathPersistency_0.9000,pathPersistency,0.9
trace,olsr,1.558770,1.558313,4298,6149,60,1626,3477,1.000000,0.050757,45.326374,167,167,0,0,0,40,graph_0005__pathPersistency_0.9000,pathPersistency,0.9
trace,aodv,2.721947,2.719268,7603,9458,60,2280,4167,0.875000,0.045571,32.416673,360,315,13,0,0,345,graph_0005__pathPersistency_0.9000,pathPersistency,0.9
trace,dsdv,1.834251,1.833256,5333,6224,60,1394,2289,0.983333,0.050688,39.674677,240,236,0,0,0,868,graph_0005__pathPersistency_0.9000,pathPersistency,0.9
trace,olsr,0.292149,0.292128,1196,1911,60,1196,1911,0.000000,0.000000,0.000000,0,0,0,0,0,6,graph_0009__pathPersistency_0.3000,pathPersistency,0.3
trace,aodv,0.808161,0.807533,3099,4313,60,2434,3684,0.071429,0.091596,37.739795,56,4,16,253,0,228,graph_0009__pathPersistency_0.3000,pathPersistency,0.3
trace,dsdv,0.268413,0.268139,1512,2074,60,1152,1714,0.000000,0.000000,0.000000,0,0,0,0,0,479,graph_0009__pathPersistency_0.3000,pathPersistency,0.3
trace,olsr,0.298744,0.298727,1195,1912,60,1195,1912,0.000000,0.000000,0.000000,0,0,0,0,0,9,graph_0009__pathPersistency_0.3000,pathPersistency,0.3
trace,aodv,0.658179,0.658010,2774,3997,60,2179,3427,0.325000,0.026244,56.445936,40,13,2,315,0,95,graph_0009__pathPersistency_0.3000,pathPersistency,0.3
trace,dsdv,0.291778,0.291383,1595,2256,60,1235,1896,0.000000,0.000000,0.000000,0,0,0,0,0,516,graph_0009__pathPersistency_0.3000,pathPersistency,0.3
trace,olsr,0.292753,0.292706,1199,1936,60,1199,1936,0.000000,0.000000,0.000000,0,0,0,0,0,4,graph_0009__pathPersistency_0.3000,pathPersistency,0.3
trace,aodv,1.091896,1.091135,3782,5097,60,2653,4030,0.288462,0.009961,44.097447,104,30,12,252,0,360,graph_0009__pathPersistency_0.3000,pathPersistency,0.3
trace,dsdv,0.272999,0.272841,1554,2148,60,1194,1788,0.000000,0.000000,0.000000,0,0,0,0,0,476,graph_0009__pathPersistency_0.3000,pathPersistency,0.3
trace,olsr,0.304875,0.303188,1190,1914,60,1190,1914,0.000000,0.000000,0.000000,0,0,0,0,0,3,graph_0009__pathPersistency_0.3000,pathPersistency,0.3
trace,aodv,1.038545,1.037789,3637,4913,60,2649,3990,0.163462,0.008301,46.992628,104,17,22,251,0,234,graph_0009__pathPersistency_0.3000,pathPersistency,0.3
trace,dsdv,0.563346,0.561970,1982,2499,60,1252,1888,0.090278,0.069773,37.032910,144,13,0,0,0,561,graph_0009__pathPersistency_0.3000,pathPersistency,0.3
trace,olsr,0.290779,0.290746,1198,1927,60,1198,1927,0.000000,0.000000,0.000000,0,0,0,0,0,5,graph_0009__pathPersistency_0.3000,pathPersistency,0.3
trace,aodv,0.688941,0.688712,2816,4076,60,2261,3548,0.200000,0.016185,56.230097,40,8,5,315,0,105,graph_0009__pathPersistency_0.3000,pathPersistency,0.3
trace,dsdv,0.316112,0.315931,1731,2442,60,1371,2082,0.000000,0.000000,0.000000,0,0,0,0,0,630,graph_0009__pathPersistency_0.3000,pathPersistency,0.3
trace,olsr,0.289402,0.289363,1196,1925,60,1196,1925,0.000000,0.000000,0.000000,0,0,0,0,0,5,graph_0009__pathPersistency_0.3000,pathPersistency,0.3
trace,aodv,0.845711,0.845237,3171,4429,60,2441,3727,0.258621,0.026510,35.569536,58,15,15,252,0,138,graph_0009__pathPersistency_0.3000,pathPersistency,0.3
trace,dsdv,0.307042,0.307030,1677,2314,60,1317,1954,0.000000,0.000000,0.000000,0,0,0,0,0,524,graph_0009__pathPersistency_0.3000,pathPersistency,0.3
trace,olsr,0.294754,0.294540,1193,1918,60,1193,1918,0.000000,0.000000,0.000000,0,0,0,0,0,3,graph_0009__pathPersistency_0.3000,pathPersistency,0.3
trace,aodv,0.983805,0.983597,3577,4858,60,2642,3985,0.125000,0.022783,35.357253,104,13,29,252,0,229,graph_0009__pathPersistency_0.3000,pathPersistency,0.3
trace,dsdv,0.307235,0.307028,1684,2362,60,1324,2002,0.000000,0.000000,0.000000,0,0,0,0,0,546,graph_0009__pathPersistency_0.3000,pathPersistency,0.3
trace,olsr,0.295419,0.295371,1189,1908,60,1189,1908,0.000000,0.000000,0.000000,0,0,0,0,0,4,graph_0009__pathPersistency_0.3000,pathPersistency,0.3
trace,aodv,1.149349,1.149008,3883,5119,60,2478,3753,0.490385,0.019592,52.734744,104,51,14,251,0,408,graph_0009__pathPersistency_0.3000,pathPersistency,0.3
trace,dsdv,0.644187,0.643897,2104,2663,60,1320,2066,0.050761,0.072285,28.256494,197,10,0,0,0,685,graph_0009__pathPersistency_0.3000,pathPersistency,0.3
trace,olsr,0.293655,0.293559,1190,1914,60,1190,1914,0.000000,0.000000,0.000000,0,0,0,0,0,6,graph_0009__pathPersistency_0.3000,pathPersistency,0.3
trace,aodv,1.034704,1.034515,3614,4922,60,2613,3970,0.247619,0.010344,43.223437,105,26,30,251,0,301,graph_0009__pathPersistency_0.3000,pathPersistency,0.3
trace,dsdv,0.296894,0.296843,1666,2328,60,1306,1968,0.000000,0.000000,0.000000,0,0,0,0,0,541,graph_0009__pathPersistency_0.3000,pathPersistency,0.3
trace,olsr,0.294137,0.294097,1198,1936,60,1198,1936,0.000000,0.000000,0.000000,0,0,0,0,0,3,graph_0009__pathPersistency_0.3000,pathPersistency,0.3
trace,aodv,0.679794,0.679468,2830,4061,60,2288,3542,0.194444,0.091736,33.447719,36,7,6,316,0,107,graph_0009__pathPersistency_0.3000,pathPersistency,0.3
trace,dsdv,0.891960,0.891359,2784,3404,60,1385,2181,0.055838,0.079633,28.216446,197,11,0,0,0,607,graph_0009__pathPersistency_0.3000,pathPersistency,0.3
trace,olsr,0.291680,0.291068,1187,1892,60,1187,1892,0.000000,0.000000,0.000000,0,0,0,0,0,5,graph_0008__pathPersistency_0.2000,pathPersistency,0.2
trace,aodv,0.732630,0.732475,2952,3915,60,2317,3356,0.043478,0.213282,51.763773,92,4,12,251,0,171,graph_0008__pathPersistency_0.2000,pathPersistency,0.2
trace,dsdv,0.283106,0.282979,1592,2200,60,1232,1840,0.000000,0.000000,0.000000,0,0,0,0,0,712,graph_0008__pathPersistency_0.2000,pathPersistency,0.2
trace,olsr,0.293053,0.293041,1193,1905,60,1193,1905,0.000000,0.000000,0.000000,0,0,0,0,0,3,graph_0008__pathPersistency_0.2000,pathPersistency,0.2
trace,aodv,0.812207,0.812123,3122,4162,60,2346,3410,0.510204,0.004392,34.949784,49,25,0,252,0,151,graph_0008__pathPersistency_0.2000,pathPersistency,0.2
trace,dsdv,1.239722,1.239565,3614,4174,60,1496,2201,0.038462,0.095926,30.510192,182,7,0,0,0,770,graph_0008__pathPersistency_0.2000,pathPersistency,0.2
trace,olsr,0.295842,0.295799,1194,1909,60,1194,1909,0.000000,0.000000,0.000000,0,0,0,0,0,3,graph_0008__pathPersistency_0.2000,pathPersistency,0.2
trace,aodv,0.911107,0.910912,3372,4414,60,2471,3582,0.163636,0.002643,49.499380,110,18,23,250,0,174,graph_0008__pathPersistency_0.2000,pathPersistency,0.2
trace,dsdv,0.346216,0.346147,1833,2586,60,1473,2226,0.000000,0.000000,0.000000,0,0,0,0,0,806,graph_0008__pathPersistency_0.2000,pathPersistency,0.2
trace,olsr,0.283260,0.283237,1188,1894,60,1188,1894,0.000000,0.000000,0.000000,0,0,0,0,0,4,graph_0008__pathPersistency_0.2000,pathPersistency,0.2
trace,aodv,0.428671,0.428634,2338,3321,60,1978,2961,0.000000,0.000000,0.000000,0,0,0,315,0,84,graph_0008__pathPersistency_0.2000,pathPersistency,0.2
trace,dsdv,0.923233,0.923042,2511,2913,60,1435,2189,0.016667,0.090913,0.580309,360,6,2,0,0,695,graph_0008__pathPersistency_0.2000,pathPersistency,0.2
trace,olsr,0.285900,0.285879,1190,1893,60,1190,1893,0.000000,0.000000,0.000000,0,0,0,0,0,1,graph_0008__pathPersistency_0.2000,pathPersistency,0.2
trace,aodv,0.842662,0.842386,3218,4200,60,2400,3409,0.384615,0.004392,34.953807,65,25,13,252,0,178,graph_0008__pathPersistency_0.2000,pathPersistency,0.2
trace,dsdv,0.830547,0.830399,2128,2212,60,1091,1529,0.016667,0.091117,0.580736,360,6,0,0,0,709,graph_0008__pathPersistency_0.2000,pathPersistency,0.2
trace,olsr,0.293221,0.293196,1188,1891,60,1188,1891,0.000000,0.000000,0.000000,0,0,0,0,0,8,graph_0008__pathPersistency_0.2000,pathPersistency,0.2
trace,aodv,0.561649,0.561610,2624,3616,60,2144,3148,0.368421,0.100849,2.506086,19,7,0,314,0,86,graph_0008__pathPersistency_0.2000,pathPersistency,0.2
trace,dsdv,0.311669,0.311616,1703,2303,60,1343,1943,0.000000,0.000000,0.000000,0,0,0,0,0,762,graph_0008__pathPersistency_0.2000,pathPersistency,0.2
trace,olsr,0.293109,0.293095,1204,1925,60,1204,1925,0.000000,0.000000,0.000000,0,0,0,0,0,5,graph_0008__pathPersistency_0.2000,pathPersistency,0.2
trace,aodv,0.801798,0.801674,3158,4116,60,2311,3369,0.000000,0.000000,0.000000,109,0,9,251,0,196,graph_0008__pathPersistency_0.2000,pathPersistency,0.2
trace,dsdv,0.493817,0.493726,1918,2463,60,1216,1825,0.219512,0.061937,47.576391,82,18,0,0,0,799,graph_0008__pathPersistency_0.2000,pathPersistency,0.2
trace,olsr,0.293879,0.293860,1181,1873,60,1181,1873,0.000000,0.000000,0.000000,0,0,0,0,0,4,graph_0008__pathPersistency_0.2000,pathPersistency,0.2
trace,aodv,0.933808,0.933734,3379,4354,60,2371,3423,0.245455,0.003907,41.164386,110,27,6,250,0,236,graph_0008__pathPersistency_0.2000,pathPersistency,0.2
trace,dsdv,0.545740,0.545618,2194,2944,60,1486,2285,0.057692,22.777827,54.539903,52,3,0,0,0,808,graph_0008__pathPersistency_0.2000,pathPersistency,0.2
trace,olsr,0.291205,0.290607,1179,1875,60,1179,1875,0.000000,0.000000,0.000000,0,0,0,0,0,1,graph_0008__pathPersistency_0.2000,pathPersistency,0.2
trace,aodv,0.611962,0.611352,2681,3697,60,2200,3228,0.368421,0.100594,2.505539,19,7,0,314,0,70,graph_0008__pathPersistency_0.2000,pathPersistency,0.2
trace,dsdv,0.279848,0.279816,1554,2093,60,1194,1733,0.000000,0.000000,0.000000,0,0,0,0,0,716,graph_0008__pathPersistency_0.2000,pathPersistency,0.2
trace,olsr,0.303478,0.303279,1178,1871,60,1178,1871,0.000000,0.000000,0.000000,0,0,0,0,0,3,graph_0008__pathPersistency_0.2000,pathPersistency,0.2
trace,aodv,1.027336,1.027014,3630,4746,60,2665,3832,0.247706,0.003906,36.724645,109,27,31,252,0,260,graph_0008__pathPersistency_0.2000,pathPersistency,0.2
trace,dsdv,0.343605,0.343510,1839,2659,60,1479,2299,0.000000,0.000000,0.000000,0,0,0,0,0,786,graph_0008__pathPersistency_0.2000,pathPersistency,0.2
trace,olsr,2.903466,2.899968,6763,9103,60,1883,4223,1.000000,0.050584,39.019529,244,244,0,0,0,93,graph_0003__pathPersistency_1.0000,pathPersistency,1.0
trace,aodv,3.503335,3.503138,8653,10521,60,1954,3850,0.922222,0.050587,31.811475,360,332,0,0,0,206,graph_0003__pathPersistency_1.0000,pathPersistency,1.0
trace,dsdv,0.285493,0.285326,1517,2065,60,1157,1705,0.000000,0.000000,0.000000,0,0,0,0,0,694,graph_0003__pathPersistency_1.0000,pathPersistency,1.0
trace,olsr,3.128805,3.127466,7376,9733,60,1896,4253,1.000000,0.050530,36.561763,274,274,0,0,0,60,graph_0003__pathPersistency_1.0000,pathPersistency,1.0
trace,aodv,3.636037,3.635050,8944,10806,60,1939,3812,0.969444,0.050568,30.418786,360,349,0,0,0,195,graph_0003__pathPersistency_1.0000,pathPersistency,1.0
trace,dsdv,1.891650,1.891472,4982,5539,60,1213,1774,0.978022,0.051080,44.429238,182,178,0,0,0,769,graph_0003__pathPersistency_1.0000,pathPersistency,1.0
trace,olsr,2.881792,2.881021,7275,9554,60,1835,4114,1.000000,0.050542,36.725674,272,272,0,0,0,81,graph_0003__pathPersistency_1.0000,pathPersistency,1.0
trace,aodv,3.379592,3.378514,8945,10819,60,1940,3825,0.969444,0.050546,30.418616,360,349,0,0,0,196,graph_0003__pathPersistency_1.0000,pathPersistency,1.0
trace,dsdv,0.279060,0.279033,1495,1994,60,1135,1634,0.000000,0.000000,0.000000,0,0,0,0,0,732,graph_0003__pathPersistency_1.0000,pathPersistency,1.0
trace,olsr,3.179966,3.177257,7363,9763,60,1923,4323,1.000000,0.050553,36.725756,272,272,0,0,0,71,graph_0003__pathPersistency_1.0000,pathPersistency,1.0
trace,aodv,3.719447,3.713969,8946,10818,60,1943,3827,0.966667,0.050436,30.499431,360,348,0,0,0,174,graph_0003__pathPersistency_1.0000,pathPersistency,1.0
trace,dsdv,0.339581,0.339437,1580,2127,60,1220,1767,0.000000,0.000000,0.000000,0,0,0,0,0,776,graph_0003__pathPersistency_1.0000,pathPersistency,1.0
trace,olsr,3.111924,3.107139,7366,9783,60,1926,4343,1.000000,0.050513,36.725483,272,272,0,0,0,56,graph_0003__pathPersistency_1.0000,pathPersistency,1.0
trace,aodv,2.985050,2.979230,7775,9612,60,1967,3815,0.962963,0.050677,35.580199,297,286,0,63,0,253,graph_0003__pathPersistency_1.0000,pathPersistency,1.0
trace,dsdv,0.853090,0.852692,2507,2965,60,1070,1530,0.000000,0.000000,0.000000,90,0,88,0,0,767,graph_0003__pathPersistency_1.0000,pathPersistency,1.0
trace,olsr,3.150926,3.149881,7567,9910,60,1887,4230,1.000000,0.050508,35.742529,284,284,0,0,0,69,graph_0003__pathPersistency_1.0000,pathPersistency,1.0
trace,aodv,3.592934,3.592242,8946,10837,60,1941,3843,0.969444,0.050554,30.418652,360,349,0,0,0,156,graph_0003__pathPersistency_1.0000,pathPersistency,1.0
trace,dsdv,0.293535,0.293492,1479,1972,60,1119,1612,0.000000,0.000000,0.000000,0,0,0,0,0,716,graph_0003__pathPersistency_1.0000,pathPersistency,1.0
trace,olsr,3.098685,3.097920,7412,9758,60,1892,4238,1.000000,0.050546,36.398093,276,276,0,0,0,94,graph_0003__pathPersistency_1.0000,pathPersistency,1.0
trace,aodv,3.611702,3.611112,8942,10819,60,1939,3828,0.966667,0.050437,30.499447,360,348,0,0,0,176,graph_0003__pathPersistency_1.0000,pathPersistency,1.0
trace,dsdv,0.275854,0.275820,1442,1854,60,1082,1494,0.000000,0.000000,0.000000,0,0,0,0,0,738,graph_0003__pathPersistency_1.0000,pathPersistency,1.0
trace,olsr,2.811101,2.810295,7189,9511,60,1869,4191,1.000000,0.050563,37.217289,266,266,0,0,0,61,graph_0003__pathPersistency_1.0000,pathPersistency,1.0
trace,aodv,3.347101,3.346429,8938,10813,60,1939,3831,0.952778,0.050362,30.908550,360,343,0,0,0,193,graph_0003__pathPersistency_1.0000,pathPersistency,1.0
trace,dsdv,0.275748,0.275700,1528,2033,60,1168,1673,0.000000,0.000000,0.000000,0,0,0,0,0,747,graph_0003__pathPersistency_1.0000,pathPersistency,1.0
trace,olsr,2.916388,2.914502,6976,9353,60,1896,4273,1.000000,0.050550,38.200148,254,254,0,0,0,40,graph_0003__pathPersistency_1.0000,pathPersistency,1.0
trace,aodv,3.323450,3.320282,7765,9659,60,1957,3862,0.962963,0.050679,35.580204,297,286,0,63,0,172,graph_0003__pathPersistency_1.0000,pathPersistency,1.0
trace,dsdv,0.307327,0.307317,1479,1918,60,1119,1558,0.000000,0.000000,0.000000,0,0,0,0,0,785,graph_0003__pathPersistency_1.0000,pathPersistency,1.0
trace,olsr,3.226491,3.225450,7420,9784,60,1900,4264,1.000000,0.050550,36.398112,276,276,0,0,0,69,graph_0003__pathPersistency_1.0000,pathPersistency,1.0
trace,aodv,3.793113,3.791229,8948,10826,60,1943,3832,0.969444,0.050581,30.418938,360,349,0,0,0,185,graph_0003__pathPersistency_1.0000,pathPersistency,1.0
trace,dsdv,1.189177,1.188653,3260,3788,60,1222,1754,0.955556,0.052215,51.970445,90,86,0,0,0,824,graph_0003__pathPersistency_1.0000,pathPersistency,1.0
trace,olsr,0.307218,0.307190,1152,1583,60,1152,1583,0.000000,0.000000,0.000000,0,0,0,0,0,4,graph_0009__pathPersistency_0.0000,pathPersistency,0.0
trace,aodv,0.489366,0.488868,2323,2952,60,1963,2592,0.000000,0.000000,0.000000,0,0,0,315,0,52,graph_0009__pathPersistency_0.0000,pathPersistency,0.0
trace,dsdv,0.305075,0.304845,1506,1974,60,1146,1614,0.000000,0.000000,0.000000,0,0,0,0,0,592,graph_0009__pathPersistency_0.0000,pathPersistency,0.0
trace,olsr,0.300255,0.299977,1150,1592,60,1150,1592,0.000000,0.000000,0.000000,0,0,0,0,0,3,graph_0009__pathPersistency_0.0000,pathPersistency,0.0
trace,aodv,0.457516,0.457484,2325,2969,60,1965,2609,0.000000,0.000000,0.000000,0,0,0,315,0,41,graph_0009__pathPersistency_0.0000,pathPersistency,0.0
trace,dsdv,0.278075,0.278055,1438,1886,60,1078,1526,0.000000,0.000000,0.000000,0,0,0,0,0,538,graph_0009__pathPersistency_0.0000,pathPersistency,0.0
trace,olsr,0.268133,0.268096,1155,1603,60,1155,1603,0.000000,0.000000,0.000000,0,0,0,0,0,3,graph_0009__pathPersistency_0.0000,pathPersistency,0.0
trace,aodv,0.413489,0.413453,2326,2974,60,1966,2614,0.000000,0.000000,0.000000,0,0,0,315,0,39,graph_0009__pathPersistency_0.0000,pathPersistency,0.0
trace,dsdv,0.240512,0.240485,1416,1838,60,1056,1478,0.000000,0.000000,0.000000,0,0,0,0,0,561,graph_0009__pathPersistency_0.0000,pathPersistency,0.0
trace,olsr,0.276195,0.276182,1151,1579,60,1151,1579,0.000000,0.000000,0.000000,0,0,0,0,0,3,graph_0009__pathPersistency_0.0000,pathPersistency,0.0
trace,aodv,0.409586,0.409339,2327,2944,60,1967,2584,0.000000,0.000000,0.000000,0,0,0,315,0,66,graph_0009__pathPersistency_0.0000,pathPersistency,0.0
trace,dsdv,0.215369,0.215335,1299,1610,60,939,1250,0.000000,0.000000,0.000000,0,0,0,0,0,496,graph_0009__pathPersistency_0.0000,pathPersistency,0.0
trace,olsr,0.277755,0.277734,1151,1598,60,1151,1598,0.000000,0.000000,0.000000,0,0,0,0,0,2,graph_0009__pathPersistency_0.0000,pathPersistency,0.0
trace,aodv,0.425279,0.425206,2326,2971,60,1966,2611,0.000000,0.000000,0.000000,0,0,0,315,0,45,graph_0009__pathPersistency_0.0000,pathPersistency,0.0
trace,dsdv,0.237445,0.237418,1405,1782,60,1045,1422,0.000000,0.000000,0.000000,0,0,0,0,0,535,graph_0009__pathPersistency_0.0000,pathPersistency,0.0
trace,olsr,0.304951,0.304909,1152,1592,60,1152,1592,0.000000,0.000000,0.000000,0,0,0,0,0,5,graph_0009__pathPersistency_0.0000,pathPersistency,0.0
trace,aodv,0.504331,0.504008,2324,2939,60,1964,2579,0.000000,0.000000,0.000000,0,0,0,315,0,65,graph_0009__pathPersistency_0.0000,pathPersistency,0.0
trace,dsdv,0.314342,0.313786,1564,2067,60,1204,1707,0.000000,0.000000,0.000000,0,0,0,0,0,646,graph_0009__pathPersistency_0.0000,pathPersistency,0.0
trace,olsr,0.276199,0.276172,1151,1590,60,1151,1590,0.000000,0.000000,0.000000,0,0,0,0,0,1,graph_0009__pathPersistency_0.0000,pathPersistency,0.0
trace,aodv,0.435360,0.435171,2326,2956,60,1966,2596,0.000000,0.000000,0.000000,0,0,0,315,0,55,graph_0009__pathPersistency_0.0000,pathPersistency,0.0
trace,dsdv,0.230115,0.230088,1318,1649,60,958,1289,0.000000,0.000000,0.000000,0,0,0,0,0,465,graph_0009__pathPersistency_0.0000,pathPersistency,0.0
trace,olsr,0.271397,0.271389,1150,1576,60,1150,1576,0.000000,0.000000,0.000000,0,0,0,0,0,7,graph_0009__pathPersistency_0.0000,pathPersistency,0.0
trace,aodv,0.425802,0.425788,2323,2983,60,1963,2623,0.000000,0.000000,0.000000,0,0,0,315,0,25,graph_0009__pathPersistency_0.0000,pathPersistency,0.0
trace,dsdv,0.242230,0.242209,1404,1839,60,1044,1479,0.000000,0.000000,0.000000,0,0,0,0,0,579,graph_0009__pathPersistency_0.0000,pathPersistency,0.0
trace,olsr,0.276607,0.276406,1155,1590,60,1155,1590,0.000000,0.000000,0.000000,0,0,0,0,0,8,graph_0009__pathPersistency_0.0000,pathPersistency,0.0
trace,aodv,0.446657,0.446377,2327,2971,60,1967,2611,0.000000,0.000000,0.000000,0,0,0,315,0,37,graph_0009__pathPersistency_0.0000,pathPersistency,0.0
trace,dsdv,0.225790,0.225787,1293,1598,60,933,1238,0.000000,0.000000,0.000000,0,0,0,0,0,446,graph_0009__pathPersistency_0.0000,pathPersistency,0.0
trace,olsr,0.266359,0.266350,1156,1600,60,1156,1600,0.000000,0.000000,0.000000,0,0,0,0,0,5,graph_0009__pathPersistency_0.0000,pathPersistency,0.0
trace,aodv,0.412023,0.411946,2326,2981,60,1966,2621,0.000000,0.000000,0.000000,0,0,0,315,0,30,graph_0009__pathPersistency_0.0000,pathPersistency,0.0
trace,dsdv,0.271108,0.271091,1562,1969,60,1202,1609,0.000000,0.000000,0.000000,0,0,0,0,0,622,graph_0009__pathPersistency_0.0000,pathPersistency,0.0
trace,olsr,0.746912,0.745895,2268,4010,60,1548,3290,1.000000,0.053628,55.738709,40,40,0,0,0,27,graph_0006__pathPersistency_0.8000,pathPersistency,0.8
trace,aodv,1.695461,1.694592,5168,7099,60,2488,4452,0.760234,0.018823,32.780206,171,130,8,191,0,314,graph_0006__pathPersistency_0.8000,pathPersistency,0.8
trace,dsdv,0.748105,0.747843,2569,3518,60,1599,2692,0.208791,0.054703,33.953897,182,38,0,0,0,779,graph_0006__pathPersistency_0.8000,pathPersistency,0.8
trace,olsr,0.759695,0.759268,2268,3953,60,1530,3215,1.000000,0.053457,55.656079,41,41,0,0,0,20,graph_0006__pathPersistency_0.8000,pathPersistency,0.8
trace,aodv,2.109823,2.108340,6096,8023,60,2553,4531,0.754237,0.025763,30.835776,236,178,7,124,0,605,graph_0006__pathPersistency_0.8000,pathPersistency,0.8
trace,dsdv,0.838924,0.838446,2815,3919,60,1732,2974,0.241758,0.054189,33.461637,182,44,0,0,0,865,graph_0006__pathPersistency_0.8000,pathPersistency,0.8
trace,olsr,0.746272,0.745061,2275,4028,60,1555,3308,1.000000,0.053549,55.738265,40,40,0,0,0,19,graph_0006__pathPersistency_0.8000,pathPersistency,0.8
trace,aodv,2.145158,2.139060,6237,8134,60,2448,4380,0.817021,0.027787,36.036884,235,192,8,127,0,391,graph_0006__pathPersistency_0.8000,pathPersistency,0.8
trace,dsdv,0.416240,0.415851,2094,3267,60,1734,2907,0.000000,0.000000,0.000000,0,0,0,0,0,830,graph_0006__pathPersistency_0.8000,pathPersistency,0.8
trace,olsr,0.729583,0.729495,2203,3962,60,1573,3332,1.000000,0.054153,56.149653,35,35,0,0,0,57,graph_0006__pathPersistency_0.8000,pathPersistency,0.8
trace,aodv,1.934113,1.933638,5701,7542,60,2388,4296,0.690678,0.023598,30.790661,236,163,6,126,0,462,graph_0006__pathPersistency_0.8000,pathPersistency,0.8
trace,dsdv,0.832123,0.831879,2789,3698,60,1659,2772,0.000000,0.000000,0.000000,204,0,0,0,0,879,graph_0006__pathPersistency_0.8000,pathPersistency,0.8
trace,olsr,0.750943,0.750758,2278,3965,60,1504,3191,1.000000,0.053510,55.493181,43,43,0,0,0,29,graph_0006__pathPersistency_0.8000,pathPersistency,0.8
trace,aodv,2.181700,2.180571,6338,8261,60,2484,4438,0.842553,0.028675,35.879895,235,198,6,126,0,338,graph_0006__pathPersistency_0.8000,pathPersistency,0.8
trace,dsdv,0.410341,0.410258,2061,3227,60,1701,2867,0.000000,0.000000,0.000000,0,0,0,0,0,817,graph_0006__pathPersistency_0.8000,pathPersistency,0.8
trace,olsr,0.806292,0.806068,2395,4141,60,1567,3313,1.000000,0.053116,55.245868,46,46,0,0,0,24,graph_0006__pathPersistency_0.8000,pathPersistency,0.8
trace,aodv,2.349422,2.348352,6752,8631,60,2358,4298,0.773649,0.033151,35.718782,296,229,6,65,0,450,graph_0006__pathPersistency_0.8000,pathPersistency,0.8
trace,dsdv,0.387954,0.387786,1899,2927,60,1539,2567,0.000000,0.000000,0.000000,0,0,0,0,0,771,graph_0006__pathPersistency_0.8000,pathPersistency,0.8
trace,olsr,0.709135,0.708940,2172,3852,60,1506,3186,1.000000,0.053667,55.983747,37,37,0,0,0,27,graph_0006__pathPersistency_0.8000,pathPersistency,0.8
trace,aodv,1.999566,1.999268,5974,7971,60,2645,4691,0.668085,0.023048,33.857756,235,157,30,125,0,299,graph_0006__pathPersistency_0.8000,pathPersistency,0.8
trace,dsdv,0.750443,0.750074,2902,4037,60,1684,2822,0.942308,0.054568,55.013016,52,49,0,0,0,903,graph_0006__pathPersistency_0.8000,pathPersistency,0.8
trace,olsr,0.748166,0.748001,2278,4007,60,1558,3287,1.000000,0.053683,55.739072,40,40,0,0,0,20,graph_0006__pathPersistency_0.8000,pathPersistency,0.8
trace,aodv,2.049059,2.048542,6076,7928,60,2312,4208,0.781116,0.026353,35.785017,233,182,7,127,0,351,graph_0006__pathPersistency_0.8000,pathPersistency,0.8
trace,dsdv,0.942167,0.941922,3486,4939,60,2518,4115,0.208791,0.054983,33.956178,182,38,0,0,0,916,graph_0006__pathPersistency_0.8000,pathPersistency,0.8
trace,olsr,0.792694,0.792467,2324,4021,60,1532,3229,1.000000,0.053194,55.409792,44,44,0,0,0,33,graph_0006__pathPersistency_0.8000,pathPersistency,0.8
trace,aodv,2.140233,2.139515,6340,8261,60,2499,4453,0.825532,0.028081,36.124705,235,194,9,127,0,509,graph_0006__pathPersistency_0.8000,pathPersistency,0.8
trace,dsdv,0.384367,0.384299,1972,3032,60,1612,2672,0.000000,0.000000,0.000000,0,0,0,0,0,827,graph_0006__pathPersistency_0.8000,pathPersistency,0.8
trace,olsr,0.748650,0.748573,2263,3988,60,1543,3268,1.000000,0.053561,55.738353,40,40,0,0,0,21,graph_0006__pathPersistency_0.8000,pathPersistency,0.8
trace,aodv,2.482130,2.481563,7036,8940,60,2554,4512,0.785235,0.033879,34.023947,298,234,10,64,0,605,graph_0006__pathPersistency_0.8000,pathPersistency,0.8
trace,dsdv,0.394811,0.394727,1969,3042,60,1609,2682,0.000000,0.000000,0.000000,0,0,0,0,0,801,graph_0006__pathPersistency_0.8000,pathPersistency,0.8
trace,olsr,0.635649,0.635431,1902,3540,60,1480,3151,0.372881,0.056408,51.155965,59,22,4,0,0,35,graph_0007__pathPersistency_0.8000,pathPersistency,0.8
trace,aodv,2.464201,2.462498,6819,8810,60,2915,4966,0.687919,0.029658,37.635833,298,205,33,63,0,664,graph_0007__pathPersistency_0.8000,pathPersistency,0.8
trace,dsdv,0.376505,0.376191,1932,2836,60,1572,2476,0.000000,0.000000,0.000000,0,0,0,0,0,1126,graph_0007__pathPersistency_0.8000,pathPersistency,0.8
trace,olsr,0.661745,0.661174,1923,3573,60,1481,3163,0.383333,0.055670,51.071112,60,23,5,0,0,32,graph_0007__pathPersistency_0.8000,pathPersistency,0.8
trace,aodv,2.767185,2.765877,7432,9364,60,2664,4678,0.686111,0.035715,32.123671,360,247,31,0,0,769,graph_0007__pathPersistency_0.8000,pathPersistency,0.8
trace,dsdv,0.350077,0.349110,1870,2731,60,1510,2371,0.000000,0.000000,0.000000,0,0,0,0,0,1060,graph_0007__pathPersistency_0.8000,pathPersistency,0.8
trace,olsr,0.666906,0.666846,1962,3537,60,1444,3052,0.430769,0.055068,50.661837,65,28,4,0,0,32,graph_0007__pathPersistency_0.8000,pathPersistency,0.8
trace,aodv,2.026506,2.024593,5821,7853,60,2793,4888,0.648069,0.021845,37.981777,233,151,19,128,0,411,graph_0007__pathPersistency_0.8000,pathPersistency,0.8
trace,dsdv,1.269515,1.268529,3677,4527,60,1667,2674,0.364372,0.022222,36.711974,247,90,0,0,0,1197,graph_0007__pathPersistency_0.8000,pathPersistency,0.8
trace,olsr,0.722248,0.722112,2118,3716,60,1456,3087,0.500000,0.053589,49.920546,74,37,4,0,0,24,graph_0007__pathPersistency_0.8000,pathPersistency,0.8
trace,aodv,2.208008,2.207099,6365,8379,60,2827,4904,0.677656,0.029963,34.705539,273,185,25,64,0,495,graph_0007__pathPersistency_0.8000,pathPersistency,0.8
trace,dsdv,0.341023,0.340888,1850,2713,60,1490,2353,0.000000,0.000000,0.000000,0,0,0,0,0,1027,graph_0007__pathPersistency_0.8000,pathPersistency,0.8
trace,olsr,0.670557,0.670528,2009,3639,60,1472,3133,0.439394,0.054466,50.577241,66,29,6,0,0,22,graph_0007__pathPersistency_0.8000,pathPersistency,0.8
trace,aodv,1.916953,1.916100,5620,7505,60,2473,4418,0.665254,0.023043,39.398070,236,157,19,124,0,465,graph_0007__pathPersistency_0.8000,pathPersistency,0.8
trace,dsdv,0.868090,0.867577,3046,3928,60,1618,2540,0.600000,0.053044,48.040869,100,60,0,0,0,1169,graph_0007__pathPersistency_0.8000,pathPersistency,0.8
trace,olsr,0.695624,0.695371,2027,3624,60,1442,3071,0.463768,0.054187,50.331469,69,32,5,0,0,18,graph_0007__pathPersistency_0.8000,pathPersistency,0.8
trace,aodv,2.639665,2.637457,7271,9149,60,2694,4666,0.691667,0.036019,33.247694,360,249,17,0,0,728,graph_0007__pathPersistency_0.8000,pathPersistency,0.8
trace,dsdv,0.874570,0.874148,3119,4104,60,1711,2749,0.475248,0.051614,49.013022,101,48,0,0,0,1209,graph_0007__pathPersistency_0.8000,pathPersistency,0.8
trace,olsr,0.563939,0.563705,1701,3307,60,1457,3094,0.229167,0.064881,52.072396,48,11,6,0,0,22,graph_0007__pathPersistency_0.8000,pathPersistency,0.8
trace,aodv,1.949453,1.948905,5708,7623,60,2605,4594,0.632479,0.021412,39.137988,234,148,12,128,0,693,graph_0007__pathPersistency_0.8000,pathPersistency,0.8
trace,dsdv,0.364325,0.364277,1949,2847,60,1589,2487,0.000000,0.000000,0.000000,0,0,0,0,0,1156,graph_0007__pathPersistency_0.8000,pathPersistency,0.8
trace,olsr,0.695438,0.694010,2007,3591,60,1442,3058,0.455882,0.054325,50.413863,68,31,5,0,0,35,graph_0007__pathPersistency_0.8000,pathPersistency,0.8
trace,aodv,1.898752,1.896110,5564,7595,60,2737,4826,0.630631,0.022692,34.330386,222,140,24,128,0,570,graph_0007__pathPersistency_0.8000,pathPersistency,0.8
trace,dsdv,0.976917,0.976072,3128,4064,60,1658,2659,0.276498,0.017388,44.242989,217,60,0,0,0,1222,graph_0007__pathPersistency_0.8000,pathPersistency,0.8
trace,olsr,0.683094,0.682950,1972,3539,60,1438,3038,0.439394,0.054563,50.577703,66,29,4,0,0,30,graph_0007__pathPersistency_0.8000,pathPersistency,0.8
trace,aodv,2.001315,2.001093,5780,7650,60,2467,4387,0.736170,0.025036,39.391448,235,173,12,126,0,662,graph_0007__pathPersistency_0.8000,pathPersistency,0.8
trace,dsdv,0.983859,0.983436,3073,3738,60,1567,2437,0.000000,0.000000,0.000000,217,0,0,0,0,1123,graph_0007__pathPersistency_0.8000,pathPersistency,0.8
trace,olsr,0.661729,0.661502,1978,3619,60,1473,3147,0.421875,0.054954,50.742558,64,27,4,0,0,24,graph_0007__pathPersistency_0.8000,pathPersistency,0.8
trace,aodv,2.687070,2.685736,7457,9381,60,2600,4588,0.741667,0.038629,31.837981,360,267,29,0,0,651,graph_0007__pathPersistency_0.8000,pathPersistency,0.8
trace,dsdv,0.356651,0.356470,1908,2754,60,1548,2394,0.000000,0.000000,0.000000,0,0,0,0,0,1111,graph_0007__pathPersistency_0.8000,pathPersistency,0.8
trace,olsr,0.334750,0.334713,1279,2387,60,1279,2387,0.000000,0.000000,0.000000,0,0,0,0,0,9,graph_0001__pathPersistency_0.6000,pathPersistency,0.6
trace,aodv,1.481923,1.481690,4703,6291,60,2735,4460,0.185000,0.005994,23.432972,200,37,26,124,0,370,graph_0001__pathPersistency_0.6000,pathPersistency,0.6
trace,dsdv,0.366771,0.366742,1971,2879,60,1611,2519,0.000000,0.000000,0.000000,0,0,0,0,0,904,graph_0001__pathPersistency_0.6000,pathPersistency,0.6
trace,olsr,0.338293,0.338281,1288,2422,60,1288,2422,0.000000,0.000000,0.000000,0,0,0,0,0,5,graph_0001__pathPersistency_0.6000,pathPersistency,0.6
trace,aodv,2.313473,2.313070,6679,8383,60,3051,4839,0.605364,0.025599,28.449011,261,158,20,65,0,645,graph_0001__pathPersistency_0.6000,pathPersistency,0.6
trace,dsdv,0.360712,0.360354,1849,2628,60,1489,2268,0.000000,0.000000,0.000000,0,0,0,0,0,874,graph_0001__pathPersistency_0.6000,pathPersistency,0.6
trace,olsr,0.361703,0.360206,1291,2422,60,1291,2422,0.000000,0.000000,0.000000,0,0,0,0,0,6,graph_0001__pathPersistency_0.6000,pathPersistency,0.6
trace,aodv,1.243762,1.242157,4088,5638,60,2530,4223,0.185000,0.008992,20.607708,200,37,20,124,0,350,graph_0001__pathPersistency_0.6000,pathPersistency,0.6
trace,dsdv,0.685154,0.683552,2394,3210,60,1600,2560,0.082803,0.068277,35.058518,157,13,0,0,0,887,graph_0001__pathPersistency_0.6000,pathPersistency,0.6
trace,olsr,0.342233,0.342182,1284,2407,60,1284,2407,0.000000,0.000000,0.000000,0,0,0,0,0,6,graph_0001__pathPersistency_0.6000,pathPersistency,0.6
trace,aodv,0.956855,0.956293,3441,5077,60,2469,4164,0.178082,0.067118,2.939764,73,13,1,252,0,238,graph_0001__pathPersistency_0.6000,pathPersistency,0.6
trace,dsdv,0.358295,0.358118,1943,2880,60,1583,2520,0.000000,0.000000,0.000000,0,0,0,0,0,865,graph_0001__pathPersistency_0.6000,pathPersistency,0.6
trace,olsr,0.365570,0.365562,1280,2391,60,1280,2391,0.000000,0.000000,0.000000,0,0,0,0,0,10,graph_0001__pathPersistency_0.6000,pathPersistency,0.6
trace,aodv,1.600786,1.600341,4970,6543,60,2608,4272,0.494949,0.015871,25.909744,198,98,9,127,0,337,graph_0001__pathPersistency_0.6000,pathPersistency,0.6
trace,dsdv,0.580391,0.580318,2264,3029,60,1483,2318,0.222222,0.062121,46.436129,90,20,0,0,0,883,graph_0001__pathPersistency_0.6000,pathPersistency,0.6
trace,olsr,0.342721,0.342714,1275,2384,60,1275,2384,0.000000,0.000000,0.000000,0,0,0,0,0,7,graph_0001__pathPersistency_0.6000,pathPersistency,0.6
trace,aodv,1.256619,1.255571,4054,5642,60,2569,4218,0.437037,0.012042,39.333845,135,59,15,189,0,241,graph_0001__pathPersistency_0.6000,pathPersistency,0.6
trace,dsdv,0.348939,0.348600,1913,2786,60,1553,2426,0.000000,0.000000,0.000000,0,0,0,0,0,939,graph_0001__pathPersistency_0.6000,pathPersistency,0.6
trace,olsr,0.343344,0.343292,1284,2388,60,1284,2388,0.000000,0.000000,0.000000,0,0,0,0,0,9,graph_0001__pathPersistency_0.6000,pathPersistency,0.6
trace,aodv,2.193015,2.192636,6404,8138,60,2999,4860,0.457516,0.025126,24.566523,306,140,39,0,0,730,graph_0001__pathPersistency_0.6000,pathPersistency,0.6
trace,dsdv,0.385710,0.385589,1895,2775,60,1535,2415,0.000000,0.000000,0.000000,0,0,0,0,0,880,graph_0001__pathPersistency_0.6000,pathPersistency,0.6
trace,olsr,0.348387,0.348308,1294,2421,60,1294,2421,0.000000,0.000000,0.000000,0,0,0,0,0,8,graph_0001__pathPersistency_0.6000,pathPersistency,0.6
trace,aodv,1.735852,1.735172,5207,6796,60,2610,4279,0.560000,0.018143,34.308222,200,112,8,124,0,770,graph_0001__pathPersistency_0.6000,pathPersistency,0.6
trace,dsdv,0.636292,0.636209,2326,3145,60,1572,2516,0.000000,0.000000,0.000000,125,0,0,0,0,904,graph_0001__pathPersistency_0.6000,pathPersistency,0.6
trace,olsr,0.361776,0.361730,1281,2396,60,1281,2396,0.000000,0.000000,0.000000,0,0,0,0,0,3,graph_0001__pathPersistency_0.6000,pathPersistency,0.6
trace,aodv,1.397153,1.396105,4375,5955,60,2495,4116,0.635036,0.014089,35.972874,137,87,9,187,0,457,graph_0001__pathPersistency_0.6000,pathPersistency,0.6
trace,dsdv,0.985248,0.984578,2878,3607,60,1605,2565,0.139194,0.009534,30.712957,273,38,0,0,0,884,graph_0001__pathPersistency_0.6000,pathPersistency,0.6
trace,olsr,0.331056,0.331015,1284,2399,60,1284,2399,0.000000,0.000000,0.000000,0,0,0,0,0,6,graph_0001__pathPersistency_0.6000,pathPersistency,0.6
trace,aodv,1.835400,1.833715,5538,7184,60,2818,4533,0.555556,0.019727,27.782910,198,110,19,127,0,544,graph_0001__pathPersistency_0.6000,pathPersistency,0.6
trace,dsdv,0.865144,0.864393,2612,3367,60,1626,2622,0.020325,0.166816,19.749413,246,5,0,0,0,896,graph_0001__pathPersistency_0.6000,pathPersistency,0.6
trace,olsr,0.268557,0.268130,1135,1556,60,1135,1556,0.000000,0.000000,0.000000,0,0,0,0,0,2,graph_0010__pathPersistency_0.1000,pathPersistency,0.1
trace,aodv,0.418044,0.417663,2322,2997,60,1962,2637,0.000000,0.000000,0.000000,0,0,0,315,0,27,graph_0010__pathPersistency_0.1000,pathPersistency,0.1
trace,dsdv,0.198411,0.198359,1240,1549,60,880,1189,0.000000,0.000000,0.000000,0,0,0,0,0,336,graph_0010__pathPersistency_0.1000,pathPersistency,0.1
trace,olsr,0.276172,0.276047,1126,1530,60,1126,1530,0.000000,0.000000,0.000000,0,0,0,0,0,5,graph_0010__pathPersistency_0.1000,pathPersistency,0.1
trace,aodv,0.411689,0.411512,2322,2982,60,1962,2622,0.000000,0.000000,0.000000,0,0,0,315,0,44,graph_0010__pathPersistency_0.1000,pathPersistency,0.1
trace,dsdv,0.199482,0.199454,1231,1548,60,871,1188,0.000000,0.000000,0.000000,0,0,0,0,0,331,graph_0010__pathPersistency_0.1000,pathPersistency,0.1
trace,olsr,0.260092,0.259758,1131,1537,60,1131,1537,0.000000,0.000000,0.000000,0,0,0,0,0,3,graph_0010__pathPersistency_0.1000,pathPersistency,0.1
trace,aodv,0.416121,0.415631,2322,3004,60,1962,2644,0.000000,0.000000,0.000000,0,0,0,315,0,34,graph_0010__pathPersistency_0.1000,pathPersistency,0.1
trace,dsdv,0.193620,0.193573,1207,1504,60,847,1144,0.000000,0.000000,0.000000,0,0,0,0,0,360,graph_0010__pathPersistency_0.1000,pathPersistency,0.1
trace,olsr,0.261004,0.260807,1139,1557,60,1139,1557,0.000000,0.000000,0.000000,0,0,0,0,0,1,graph_0010__pathPersistency_0.1000,pathPersistency,0.1
trace,aodv,0.421829,0.421050,2321,2984,60,1961,2624,0.000000,0.000000,0.000000,0,0,0,315,0,40,graph_0010__pathPersistency_0.1000,pathPersistency,0.1
trace,dsdv,0.198369,0.198333,1216,1534,60,856,1174,0.000000,0.000000,0.000000,0,0,0,0,0,337,graph_0010__pathPersistency_0.1000,pathPersistency,0.1
trace,olsr,0.260338,0.260304,1137,1557,60,1137,1557,0.000000,0.000000,0.000000,0,0,0,0,0,3,graph_0010__pathPersistency_0.1000,pathPersistency,0.1
trace,aodv,0.414995,0.414508,2322,2967,60,1962,2607,0.000000,0.000000,0.000000,0,0,0,315,0,58,graph_0010__pathPersistency_0.1000,pathPersistency,0.1
trace,dsdv,0.205442,0.205297,1269,1597,60,909,1237,0.000000,0.000000,0.000000,0,0,0,0,0,322,graph_0010__pathPersistency_0.1000,pathPersistency,0.1
trace,olsr,0.262313,0.262039,1132,1533,60,1132,1533,0.000000,0.000000,0.000000,0,0,0,0,0,8,graph_0010__pathPersistency_0.1000,pathPersistency,0.1
trace,aodv,0.404734,0.404527,2323,2975,60,1963,2615,0.000000,0.000000,0.000000,0,0,0,315,0,53,graph_0010__pathPersistency_0.1000,pathPersistency,0.1
trace,dsdv,0.196785,0.196772,1220,1544,60,860,1184,0.000000,0.000000,0.000000,0,0,0,0,0,315,graph_0010__pathPersistency_0.1000,pathPersistency,0.1
trace,olsr,0.261138,0.261022,1140,1568,60,1140,1568,0.000000,0.000000,0.000000,0,0,0,0,0,2,graph_0010__pathPersistency_0.1000,pathPersistency,0.1
trace,aodv,0.413427,0.413059,2322,2986,60,1962,2626,0.000000,0.000000,0.000000,0,0,0,315,0,43,graph_0010__pathPersistency_0.1000,pathPersistency,0.1
trace,dsdv,0.192609,0.192605,1173,1491,60,813,1131,0.000000,0.000000,0.000000,0,0,0,0,0,280,graph_0010__pathPersistency_0.1000,pathPersistency,0.1
trace,olsr,0.270742,0.270541,1133,1555,60,1133,1555,0.000000,0.000000,0.000000,0,0,0,0,0,0,graph_0010__pathPersistency_0.1000,pathPersistency,0.1
trace,aodv,0.418593,0.417788,2323,2978,60,1963,2618,0.000000,0.000000,0.000000,0,0,0,315,0,65,graph_0010__pathPersistency_0.1000,pathPersistency,0.1
trace,dsdv,0.188438,0.188387,1196,1472,60,836,1112,0.000000,0.000000,0.000000,0,0,0,0,0,310,graph_0010__pathPersistency_0.1000,pathPersistency,0.1
trace,olsr,0.261870,0.261465,1129,1532,60,1129,1532,0.000000,0.000000,0.000000,0,0,0,0,0,2,graph_0010__pathPersistency_0.1000,pathPersistency,0.1
trace,aodv,0.403921,0.402132,2323,2968,60,1963,2608,0.000000,0.000000,0.000000,0,0,0,315,0,61,graph_0010__pathPersistency_0.1000,pathPersistency,0.1
trace,dsdv,0.182323,0.182262,1140,1394,60,780,1034,0.000000,0.000000,0.000000,0,0,0,0,0,254,graph_0010__pathPersistency_0.1000,pathPersistency,0.1
trace,olsr,0.257697,0.257426,1134,1546,60,1134,1546,0.000000,0.000000,0.000000,0,0,0,0,0,8,graph_0010__pathPersistency_0.1000,pathPersistency,0.1
trace,aodv,0.416138,0.414242,2321,2968,60,1961,2608,0.000000,0.000000,0.000000,0,0,0,315,0,56,graph_0010__pathPersistency_0.1000,pathPersistency,0.1
trace,dsdv,0.171612,0.171279,1077,1316,60,717,956,0.000000,0.000000,0.000000,0,0,0,0,0,234,graph_0010__pathPersistency_0.1000,pathPersistency,0.1
trace,olsr,0.297993,0.297978,1211,2009,60,1211,2009,0.000000,0.000000,0.000000,0,0,0,0,0,3,graph_0006__pathPersistency_0.5000,pathPersistency,0.5
trace,aodv,1.677721,1.676552,5187,6730,60,3261,4883,0.294416,0.010413,30.037205,197,58,64,128,0,541,graph_0006__pathPersistency_0.5000,pathPersistency,0.5
trace,dsdv,1.383397,1.382957,4100,4797,60,1618,2514,0.051064,0.073775,22.053793,235,12,0,0,0,911,graph_0006__pathPersistency_0.5000,pathPersistency,0.5
trace,olsr,0.301368,0.301228,1214,2026,60,1214,2026,0.000000,0.000000,0.000000,0,0,0,0,0,4,graph_0006__pathPersistency_0.5000,pathPersistency,0.5
trace,aodv,0.944485,0.943684,3457,4600,60,2271,3485,0.287037,0.008036,20.103035,108,31,6,251,0,248,graph_0006__pathPersistency_0.5000,pathPersistency,0.5
trace,dsdv,0.769725,0.768791,2385,2962,60,1467,2285,0.020325,0.192635,19.769660,246,5,0,0,0,822,graph_0006__pathPersistency_0.5000,pathPersistency,0.5
trace,olsr,0.293845,0.293238,1215,2016,60,1215,2016,0.000000,0.000000,0.000000,0,0,0,0,0,7,graph_0006__pathPersistency_0.5000,pathPersistency,0.5
trace,aodv,0.722463,0.719168,2871,4154,60,2313,3620,0.272727,0.003151,22.986967,33,9,1,314,0,120,graph_0006__pathPersistency_0.5000,pathPersistency,0.5
trace,dsdv,0.764653,0.762829,2562,3338,60,1624,2563,0.104396,0.061278,32.420349,182,19,0,0,0,872,graph_0006__pathPersistency_0.5000,pathPersistency,0.5
trace,olsr,0.303948,0.303930,1233,2063,60,1233,2063,0.000000,0.000000,0.000000,0,0,0,0,0,11,graph_0006__pathPersistency_0.5000,pathPersistency,0.5
trace,aodv,1.398501,1.397783,4452,5782,60,2796,4199,0.385135,0.008863,26.854959,148,57,19,189,0,582,graph_0006__pathPersistency_0.5000,pathPersistency,0.5
trace,dsdv,0.828938,0.828282,2781,3669,60,1730,2775,0.137363,0.058075,31.919493,182,25,0,0,0,914,graph_0006__pathPersistency_0.5000,pathPersistency,0.5
trace,olsr,0.301628,0.301505,1219,2030,60,1219,2030,0.000000,0.000000,0.000000,0,0,0,0,0,4,graph_0006__pathPersistency_0.5000,pathPersistency,0.5
trace,aodv,1.582720,1.580052,4774,6002,60,2937,4270,0.373737,0.012742,26.770671,198,74,21,126,0,515,graph_0006__pathPersistency_0.5000,pathPersistency,0.5
trace,dsdv,0.596577,0.595448,2318,3093,60,1528,2374,0.211111,0.060772,46.507265,90,19,0,0,0,823,graph_0006__pathPersistency_0.5000,pathPersistency,0.5
trace,olsr,0.319757,0.318039,1229,2056,60,1229,2056,0.000000,0.000000,0.000000,0,0,0,0,0,2,graph_0006__pathPersistency_0.5000,pathPersistency,0.5
trace,aodv,1.135772,1.134058,3862,5183,60,2711,4100,0.233333,0.007274,19.024149,120,28,24,189,0,313,graph_0006__pathPersistency_0.5000,pathPersistency,0.5
trace,dsdv,0.432998,0.431386,2174,3243,60,1814,2883,0.000000,0.000000,0.000000,0,0,0,0,0,932,graph_0006__pathPersistency_0.5000,pathPersistency,0.5
trace,olsr,0.304071,0.303919,1204,2001,60,1204,2001,0.000000,0.000000,0.000000,0,0,0,0,0,0,graph_0006__pathPersistency_0.5000,pathPersistency,0.5
trace,aodv,1.361865,1.357838,4326,5642,60,2741,4108,0.445312,0.010415,24.558507,128,57,20,189,0,623,graph_0006__pathPersistency_0.5000,pathPersistency,0.5
trace,dsdv,0.831158,0.828796,2596,3404,60,1714,2763,0.020325,0.212880,19.781925,246,5,0,0,0,947,graph_0006__pathPersistency_0.5000,pathPersistency,0.5
trace,olsr,0.305099,0.305088,1229,2053,60,1229,2053,0.000000,0.000000,0.000000,0,0,0,0,0,5,graph_0006__pathPersistency_0.5000,pathPersistency,0.5
trace,aodv,1.428352,1.427526,4499,5777,60,2813,4230,0.273585,0.018527,20.766178,212,58,17,128,0,503,graph_0006__pathPersistency_0.5000,pathPersistency,0.5
trace,dsdv,1.098442,1.098272,3409,4059,60,1531,2343,0.000000,0.000000,0.000000,182,0,0,0,0,854,graph_0006__pathPersistency_0.5000,pathPersistency,0.5
trace,olsr,0.323596,0.320489,1213,2013,60,1213,2013,0.000000,0.000000,0.000000,0,0,0,0,0,3,graph_0006__pathPersistency_0.5000,pathPersistency,0.5
trace,aodv,1.572025,1.570721,4758,6094,60,2836,4303,0.317536,0.012955,34.676740,211,67,13,126,0,924,graph_0006__pathPersistency_0.5000,pathPersistency,0.5
trace,dsdv,0.802492,0.802187,2525,3178,60,1580,2473,0.024390,0.002834,22.653858,246,6,0,0,0,858,graph_0006__pathPersistency_0.5000,pathPersistency,0.5
trace,olsr,0.293132,0.293089,1211,2012,60,1211,2012,0.000000,0.000000,0.000000,0,0,0,0,0,4,graph_0006__pathPersistency_0.5000,pathPersistency,0.5
trace,aodv,1.556954,1.556604,4901,6180,60,2844,4236,0.254717,0.010436,32.869801,212,54,45,126,0,642,graph_0006__pathPersistency_0.5000,pathPersistency,0.5
trace,dsdv,0.464158,0.463960,2015,2788,60,1509,2340,0.079365,0.200491,49.756915,63,5,0,0,0,837,graph_0006__pathPersistency_0.5000,pathPersistency,0.5
trace,olsr,0.275281,0.274784,1142,1552,60,1142,1552,0.000000,0.000000,0.000000,0,0,0,0,0,0,graph_0006__pathPersistency_0.0000,pathPersistency,0.0
trace,aodv,0.403650,0.403584,2316,2852,60,1956,2492,0.000000,0.000000,0.000000,0,0,0,315,0,45,graph_0006__pathPersistency_0.0000,pathPersistency,0.0
trace,dsdv,0.150381,0.150362,1001,1141,60,641,781,0.000000,0.000000,0.000000,0,0,0,0,0,178,graph_0006__pathPersistency_0.0000,pathPersistency,0.0
trace,olsr,0.258303,0.258282,1135,1536,60,1135,1536,0.000000,0.000000,0.000000,0,0,0,0,0,4,graph_0006__pathPersistency_0.0000,pathPersistency,0.0
trace,aodv,0.845530,0.844802,3304,3815,60,2346,2880,0.557692,0.008936,22.501855,52,29,1,254,0,310,graph_0006__pathPersistency_0.0000,pathPersistency,0.0
trace,dsdv,0.156505,0.156378,1055,1238,60,695,878,0.000000,0.000000,0.000000,0,0,0,0,0,198,graph_0006__pathPersistency_0.0000,pathPersistency,0.0
trace,olsr,0.266054,0.266032,1141,1560,60,1141,1560,0.000000,0.000000,0.000000,0,0,0,0,0,2,graph_0006__pathPersistency_0.0000,pathPersistency,0.0
trace,aodv,0.808862,0.808089,3184,3686,60,2280,2818,0.307692,2.220414,28.894316,52,16,0,253,0,280,graph_0006__pathPersistency_0.0000,pathPersistency,0.0
trace,dsdv,0.138333,0.138303,977,1101,60,617,741,0.000000,0.000000,0.000000,0,0,0,0,0,207,graph_0006__pathPersistency_0.0000,pathPersistency,0.0
trace,olsr,0.262405,0.261361,1133,1540,60,1133,1540,0.000000,0.000000,0.000000,0,0,0,0,0,1,graph_0006__pathPersistency_0.0000,pathPersistency,0.0
trace,aodv,0.866065,0.862654,3329,3865,60,2359,2917,0.576923,0.009232,22.710184,52,30,1,254,0,245,graph_0006__pathPersistency_0.0000,pathPersistency,0.0
trace,dsdv,0.155407,0.155219,1074,1259,60,714,899,0.000000,0.000000,0.000000,0,0,0,0,0,217,graph_0006__pathPersistency_0.0000,pathPersistency,0.0
trace,olsr,0.265186,0.264851,1133,1537,60,1133,1537,0.000000,0.000000,0.000000,0,0,0,0,0,2,graph_0006__pathPersistency_0.0000,pathPersistency,0.0
trace,aodv,0.832341,0.830545,3254,3799,60,2290,2860,0.519231,0.008572,26.951050,52,27,1,253,0,284,graph_0006__pathPersistency_0.0000,pathPersistency,0.0
trace,dsdv,0.157113,0.157088,1046,1198,60,686,838,0.000000,0.000000,0.000000,0,0,0,0,0,208,graph_0006__pathPersistency_0.0000,pathPersistency,0.0
trace,olsr,0.277542,0.277540,1136,1548,60,1136,1548,0.000000,0.000000,0.000000,0,0,0,0,0,1,graph_0006__pathPersistency_0.0000,pathPersistency,0.0
trace,aodv,0.782966,0.782706,3134,3645,60,2369,2921,0.211538,0.003389,12.097998,52,11,0,252,0,157,graph_0006__pathPersistency_0.0000,pathPersistency,0.0
trace,dsdv,0.164238,0.164184,1089,1266,60,729,906,0.000000,0.000000,0.000000,0,0,0,0,0,215,graph_0006__pathPersistency_0.0000,pathPersistency,0.0
trace,olsr,0.257506,0.257489,1128,1532,60,1128,1532,0.000000,0.000000,0.000000,0,0,0,0,0,2,graph_0006__pathPersistency_0.0000,pathPersistency,0.0
trace,aodv,0.429096,0.428961,2382,2920,60,2022,2560,0.000000,0.000000,0.000000,0,0,0,315,0,40,graph_0006__pathPersistency_0.0000,pathPersistency,0.0
trace,dsdv,0.164289,0.164269,1087,1265,60,727,905,0.000000,0.000000,0.000000,0,0,0,0,0,225,graph_0006__pathPersistency_0.0000,pathPersistency,0.0
trace,olsr,0.258389,0.258356,1140,1559,60,1140,1559,0.000000,0.000000,0.000000,0,0,0,0,0,3,graph_0006__pathPersistency_0.0000,pathPersistency,0.0
trace,aodv,0.401760,0.401719,2319,2845,60,1959,2485,0.000000,0.000000,0.000000,0,0,0,315,0,56,graph_0006__pathPersistency_0.0000,pathPersistency,0.0
trace,dsdv,0.172236,0.172221,1112,1333,60,752,973,0.000000,0.000000,0.000000,0,0,0,0,0,215,graph_0006__pathPersistency_0.0000,pathPersistency,0.0
trace,olsr,0.259376,0.259337,1141,1558,60,1141,1558,0.000000,0.000000,0.000000,0,0,0,0,0,3,graph_0006__pathPersistency_0.0000,pathPersistency,0.0
trace,aodv,0.840537,0.839960,3211,3743,60,2326,2889,0.403846,0.006467,20.065748,52,21,1,252,0,221,graph_0006__pathPersistency_0.0000,pathPersistency,0.0
trace,dsdv,0.136558,0.136546,961,1086,60,601,726,0.000000,0.000000,0.000000,0,0,0,0,0,207,graph_0006__pathPersistency_0.0000,pathPersistency,0.0
trace,olsr,0.258557,0.258534,1136,1543,60,1136,1543,0.000000,0.000000,0.000000,0,0,0,0,0,3,graph_0006__pathPersistency_0.0000,pathPersistency,0.0
trace,aodv,0.782761,0.782413,3124,3645,60,2343,2912,0.076923,0.379629,28.877055,52,4,1,252,0,163,graph_0006__pathPersistency_0.0000,pathPersistency,0.0
trace,dsdv,0.141777,0.141593,984,1123,60,624,763,0.000000,0.000000,0.000000,0,0,0,0,0,197,graph_0006__pathPersistency_0.0000,pathPersistency,0.0
trace,olsr,0.282860,0.282370,1179,1763,60,1179,1763,0.000000,0.000000,0.000000,0,0,0,0,0,1,graph_0010__pathPersistency_0.2000,pathPersistency,0.2
trace,aodv,0.687997,0.687209,2860,3599,60,2159,2948,0.180328,0.003224,43.091283,61,11,0,251,0,191,graph_0010__pathPersistency_0.2000,pathPersistency,0.2
trace,dsdv,0.261283,0.261107,1526,2034,60,1166,1674,0.000000,0.000000,0.000000,0,0,0,0,0,456,graph_0010__pathPersistency_0.2000,pathPersistency,0.2
trace,olsr,0.278269,0.278194,1172,1754,60,1172,1754,0.000000,0.000000,0.000000,0,0,0,0,0,3,graph_0010__pathPersistency_0.2000,pathPersistency,0.2
trace,aodv,0.751063,0.750488,2960,3768,60,2357,3196,0.166667,0.002290,37.213574,42,7,6,314,0,179,graph_0010__pathPersistency_0.2000,pathPersistency,0.2
trace,dsdv,0.387681,0.387639,1643,2074,60,1163,1664,0.054054,1.310666,47.927506,74,4,0,0,0,572,graph_0010__pathPersistency_0.2000,pathPersistency,0.2
trace,olsr,0.284545,0.284523,1184,1775,60,1184,1775,0.000000,0.000000,0.000000,0,0,0,0,0,2,graph_0010__pathPersistency_0.2000,pathPersistency,0.2
trace,aodv,0.622070,0.621829,2662,3410,60,2154,2928,0.205882,0.109212,2.525864,34,7,2,315,0,74,graph_0010__pathPersistency_0.2000,pathPersistency,0.2
trace,dsdv,0.261392,0.261335,1505,2043,60,1145,1683,0.000000,0.000000,0.000000,0,0,0,0,0,471,graph_0010__pathPersistency_0.2000,pathPersistency,0.2
trace,olsr,0.284380,0.283773,1173,1754,60,1173,1754,0.000000,0.000000,0.000000,0,0,0,0,0,4,graph_0010__pathPersistency_0.2000,pathPersistency,0.2
trace,aodv,0.828139,0.827325,3199,4007,60,2380,3222,0.366667,0.006444,46.950083,60,22,5,253,0,271,graph_0010__pathPersistency_0.2000,pathPersistency,0.2
trace,dsdv,0.432074,0.431818,1723,2094,60,1067,1508,0.156627,0.070655,47.031510,83,13,0,0,0,458,graph_0010__pathPersistency_0.2000,pathPersistency,0.2
trace,olsr,0.278212,0.278154,1183,1769,60,1183,1769,0.000000,0.000000,0.000000,0,0,0,0,0,3,graph_0010__pathPersistency_0.2000,pathPersistency,0.2
trace,aodv,1.089705,1.088613,3731,4492,60,2554,3391,0.256881,0.004052,36.338926,109,28,5,252,0,350,graph_0010__pathPersistency_0.2000,pathPersistency,0.2
trace,dsdv,0.271992,0.271734,1553,2060,60,1193,1700,0.000000,0.000000,0.000000,0,0,0,0,0,508,graph_0010__pathPersistency_0.2000,pathPersistency,0.2
trace,olsr,0.279666,0.279411,1175,1748,60,1175,1748,0.000000,0.000000,0.000000,0,0,0,0,0,4,graph_0010__pathPersistency_0.2000,pathPersistency,0.2
trace,aodv,0.869296,0.869142,3233,4077,60,2526,3419,0.138462,0.002970,23.124045,65,9,7,251,0,157,graph_0010__pathPersistency_0.2000,pathPersistency,0.2
trace,dsdv,0.422855,0.422499,1691,2077,60,1060,1517,0.144578,0.071790,47.112664,83,12,0,0,0,433,graph_0010__pathPersistency_0.2000,pathPersistency,0.2
trace,olsr,0.283157,0.283129,1170,1751,60,1170,1751,0.000000,0.000000,0.000000,0,0,0,0,0,3,graph_0010__pathPersistency_0.2000,pathPersistency,0.2
trace,aodv,0.592470,0.592113,2629,3373,60,2121,2890,0.212121,0.108683,2.524934,33,7,1,315,0,71,graph_0010__pathPersistency_0.2000,pathPersistency,0.2
trace,dsdv,0.350353,0.350295,1523,1846,60,972,1347,0.118644,0.114948,50.540956,59,7,0,0,0,372,graph_0010__pathPersistency_0.2000,pathPersistency,0.2
trace,olsr,0.272354,0.272159,1168,1730,60,1168,1730,0.000000,0.000000,0.000000,0,0,0,0,0,7,graph_0010__pathPersistency_0.2000,pathPersistency,0.2
trace,aodv,0.634014,0.633048,2705,3421,60,2197,2944,0.058824,28.032138,3.143920,34,2,1,315,0,114,graph_0010__pathPersistency_0.2000,pathPersistency,0.2
trace,dsdv,0.260255,0.260143,1527,2075,60,1167,1715,0.000000,0.000000,0.000000,0,0,0,0,0,499,graph_0010__pathPersistency_0.2000,pathPersistency,0.2
trace,olsr,0.293790,0.293350,1181,1759,60,1181,1759,0.000000,0.000000,0.000000,0,0,0,0,0,8,graph_0010__pathPersistency_0.2000,pathPersistency,0.2
trace,aodv,0.834540,0.834223,3173,3973,60,2461,3305,0.212121,0.004316,15.535076,66,14,8,251,0,155,graph_0010__pathPersistency_0.2000,pathPersistency,0.2
trace,dsdv,0.421226,0.420577,1650,2000,60,989,1410,0.154762,0.067741,47.016570,84,13,0,0,0,491,graph_0010__pathPersistency_0.2000,pathPersistency,0.2
trace,olsr,0.280805,0.280438,1172,1751,60,1172,1751,0.000000,0.000000,0.000000,0,0,0,0,0,4,graph_0010__pathPersistency_0.2000,pathPersistency,0.2
trace,aodv,0.838757,0.837146,3139,3915,60,2431,3246,0.215385,0.004317,15.533596,65,14,12,251,0,163,graph_0010__pathPersistency_0.2000,pathPersistency,0.2
trace,dsdv,0.246416,0.246068,1452,1889,60,1092,1529,0.000000,0.000000,0.000000,0,0,0,0,0,447,graph_0010__pathPersistency_0.2000,pathPersistency,0.2
trace,olsr,0.343593,0.343577,1282,2515,60,1282,2515,0.000000,0.000000,0.000000,0,0,0,0,0,7,graph_0010__pathPersistency_0.8000,pathPersistency,0.8
trace,aodv,2.013485,2.012526,5820,7687,60,2983,4943,0.506726,0.017871,42.097758,223,113,18,126,0,941,graph_0010__pathPersistency_0.8000,pathPersistency,0.8
trace,dsdv,0.560481,0.560115,2141,3050,60,1634,2662,0.048000,0.191435,39.720654,125,6,0,0,0,1117,graph_0010__pathPersistency_0.8000,pathPersistency,0.8
trace,olsr,0.345834,0.343587,1269,2468,60,1269,2468,0.000000,0.000000,0.000000,0,0,0,0,0,14,graph_0010__pathPersistency_0.8000,pathPersistency,0.8
trace,aodv,1.631728,1.627591,4864,6589,60,2640,4476,0.390135,0.013749,41.276990,223,87,25,126,0,553,graph_0010__pathPersistency_0.8000,pathPersistency,0.8
trace,dsdv,0.432713,0.432111,2128,3265,60,1768,2905,0.000000,0.000000,0.000000,0,0,0,0,0,1108,graph_0010__pathPersistency_0.8000,pathPersistency,0.8
trace,olsr,0.348954,0.348672,1275,2495,60,1275,2495,0.000000,0.000000,0.000000,0,0,0,0,0,7,graph_0010__pathPersistency_0.8000,pathPersistency,0.8
trace,aodv,1.463871,1.462785,4557,6237,60,2803,4642,0.212389,0.013731,15.996729,226,48,20,125,0,541,graph_0010__pathPersistency_0.8000,pathPersistency,0.8
trace,dsdv,0.756299,0.756035,2552,3548,60,1796,2996,0.055556,0.070650,25.151984,216,12,0,0,0,1152,graph_0010__pathPersistency_0.8000,pathPersistency,0.8
trace,olsr,0.357370,0.355839,1284,2541,60,1284,2541,0.000000,0.000000,0.000000,0,0,0,0,0,4,graph_0010__pathPersistency_0.8000,pathPersistency,0.8
trace,aodv,1.820936,1.819215,5290,7030,60,2953,4850,0.290323,0.014727,36.288550,248,72,19,63,0,669,graph_0010__pathPersistency_0.8000,pathPersistency,0.8
trace,dsdv,0.718931,0.717859,2514,3608,60,1963,3232,0.038462,0.095006,30.507663,182,7,0,0,0,1256,graph_0010__pathPersistency_0.8000,pathPersistency,0.8
trace,olsr,0.349027,0.347684,1265,2486,60,1265,2486,0.000000,0.000000,0.000000,0,0,0,0,0,4,graph_0010__pathPersistency_0.8000,pathPersistency,0.8
trace,aodv,1.785919,1.783700,5292,6876,60,2557,4277,0.339367,0.015038,34.828550,221,75,10,128,0,552,graph_0010__pathPersistency_0.8000,pathPersistency,0.8
trace,dsdv,0.906365,0.905317,2705,3648,60,1797,3005,0.029304,0.092163,15.525773,273,8,0,0,0,1164,graph_0010__pathPersistency_0.8000,pathPersistency,0.8
trace,olsr,0.344221,0.344171,1267,2482,60,1267,2482,0.000000,0.000000,0.000000,0,0,0,0,0,13,graph_0010__pathPersistency_0.8000,pathPersistency,0.8
trace,aodv,2.072123,2.070478,5947,7745,60,3153,5052,0.392241,0.017063,32.738952,232,91,41,124,0,1086,graph_0010__pathPersistency_0.8000,pathPersistency,0.8
trace,dsdv,0.590746,0.590565,2321,3282,60,1630,2673,0.088889,0.100059,45.529972,90,8,0,0,0,1062,graph_0010__pathPersistency_0.8000,pathPersistency,0.8
trace,olsr,0.345900,0.345105,1283,2509,60,1283,2509,0.000000,0.000000,0.000000,0,0,0,0,0,5,graph_0010__pathPersistency_0.8000,pathPersistency,0.8
trace,aodv,1.839040,1.833396,5419,7067,60,2747,4526,0.291480,0.013036,32.499002,223,65,27,126,0,673,graph_0010__pathPersistency_0.8000,pathPersistency,0.8
trace,dsdv,1.240565,1.238653,3627,4698,60,2044,3389,0.094156,0.056957,11.600641,308,29,0,0,0,1220,graph_0010__pathPersistency_0.8000,pathPersistency,0.8
trace,olsr,0.344872,0.344624,1269,2486,60,1269,2486,0.000000,0.000000,0.000000,0,0,0,0,0,7,graph_0010__pathPersistency_0.8000,pathPersistency,0.8
trace,aodv,1.371609,1.370435,4345,5940,60,2642,4424,0.000000,0.000000,0.000000,234,0,47,126,0,462,graph_0010__pathPersistency_0.8000,pathPersistency,0.8
trace,dsdv,0.944803,0.944088,2952,3915,60,1803,2963,0.059908,0.075302,25.102846,217,13,0,0,0,1167,graph_0010__pathPersistency_0.8000,pathPersistency,0.8
trace,olsr,0.344606,0.344211,1281,2507,60,1281,2507,0.000000,0.000000,0.000000,0,0,0,0,0,11,graph_0010__pathPersistency_0.8000,pathPersistency,0.8
trace,aodv,2.136401,2.135449,6035,7861,60,3220,5116,0.508929,0.017087,34.699768,224,114,40,125,0,804,graph_0010__pathPersistency_0.8000,pathPersistency,0.8
trace,dsdv,0.630084,0.629807,2211,3099,60,1642,2705,0.038462,0.096208,30.510840,182,7,0,0,0,1099,graph_0010__pathPersistency_0.8000,pathPersistency,0.8
trace,olsr,0.350031,0.349097,1274,2504,60,1274,2504,0.000000,0.000000,0.000000,0,0,0,0,0,8,graph_0010__pathPersistency_0.8000,pathPersistency,0.8
trace,aodv,1.599335,1.598125,4849,6617,60,2906,4770,0.318681,0.011621,32.237468,182,58,28,126,0,629,graph_0010__pathPersistency_0.8000,pathPersistency,0.8
trace,dsdv,0.425042,0.423435,2123,3280,60,1763,2920,0.000000,0.000000,0.000000,0,0,0,0,0,980,graph_0010__pathPersistency_0.8000,pathPersistency,0.8
trace,olsr,0.264656,0.264621,1127,1477,60,1127,1477,0.000000,0.000000,0.000000,0,0,0,0,0,2,graph_0002__pathPersistency_0.0000,pathPersistency,0.0
trace,aodv,0.396845,0.396829,2301,2852,60,1941,2492,0.000000,0.000000,0.000000,0,0,0,315,0,21,graph_0002__pathPersistency_0.0000,pathPersistency,0.0
trace,dsdv,0.164050,0.163850,1081,1297,60,721,937,0.000000,0.000000,0.000000,0,0,0,0,0,250,graph_0002__pathPersistency_0.0000,pathPersistency,0.0
trace,olsr,0.267549,0.267514,1123,1459,60,1123,1459,0.000000,0.000000,0.000000,0,0,0,0,0,2,graph_0002__pathPersistency_0.0000,pathPersistency,0.0
trace,aodv,0.400497,0.400339,2298,2848,60,1938,2488,0.000000,0.000000,0.000000,0,0,0,315,0,22,graph_0002__pathPersistency_0.0000,pathPersistency,0.0
trace,dsdv,0.175414,0.175400,1133,1360,60,773,1000,0.000000,0.000000,0.000000,0,0,0,0,0,284,graph_0002__pathPersistency_0.0000,pathPersistency,0.0
trace,olsr,0.252959,0.252788,1127,1474,60,1127,1474,0.000000,0.000000,0.000000,0,0,0,0,0,1,graph_0002__pathPersistency_0.0000,pathPersistency,0.0
trace,aodv,0.394827,0.394791,2298,2844,60,1938,2484,0.000000,0.000000,0.000000,0,0,0,315,0,37,graph_0002__pathPersistency_0.0000,pathPersistency,0.0
trace,dsdv,0.173696,0.173661,1154,1388,60,794,1028,0.000000,0.000000,0.000000,0,0,0,0,0,287,graph_0002__pathPersistency_0.0000,pathPersistency,0.0
trace,olsr,0.268176,0.268174,1129,1479,60,1129,1479,0.000000,0.000000,0.000000,0,0,0,0,0,1,graph_0002__pathPersistency_0.0000,pathPersistency,0.0
trace,aodv,0.419882,0.419851,2298,2837,60,1938,2477,0.000000,0.000000,0.000000,0,0,0,315,0,36,graph_0002__pathPersistency_0.0000,pathPersistency,0.0
trace,dsdv,0.190564,0.190556,1131,1370,60,771,1010,0.000000,0.000000,0.000000,0,0,0,0,0,260,graph_0002__pathPersistency_0.0000,pathPersistency,0.0
trace,olsr,0.255632,0.255439,1127,1473,60,1127,1473,0.000000,0.000000,0.000000,0,0,0,0,0,3,graph_0002__pathPersistency_0.0000,pathPersistency,0.0
trace,aodv,0.395862,0.395573,2301,2815,60,1941,2455,0.000000,0.000000,0.000000,0,0,0,315,0,60,graph_0002__pathPersistency_0.0000,pathPersistency,0.0
trace,dsdv,0.171244,0.171052,1110,1323,60,750,963,0.000000,0.000000,0.000000,0,0,0,0,0,283,graph_0002__pathPersistency_0.0000,pathPersistency,0.0
trace,olsr,0.248099,0.248087,1129,1480,60,1129,1480,0.000000,0.000000,0.000000,0,0,0,0,0,3,graph_0002__pathPersistency_0.0000,pathPersistency,0.0
trace,aodv,0.403133,0.402791,2298,2843,60,1938,2483,0.000000,0.000000,0.000000,0,0,0,315,0,26,graph_0002__pathPersistency_0.0000,pathPersistency,0.0
trace,dsdv,0.176150,0.176070,1137,1357,60,777,997,0.000000,0.000000,0.000000,0,0,0,0,0,296,graph_0002__pathPersistency_0.0000,pathPersistency,0.0
trace,olsr,0.255307,0.255014,1129,1479,60,1129,1479,0.000000,0.000000,0.000000,0,0,0,0,0,2,graph_0002__pathPersistency_0.0000,pathPersistency,0.0
trace,aodv,0.409533,0.409017,2301,2862,60,1941,2502,0.000000,0.000000,0.000000,0,0,0,315,0,15,graph_0002__pathPersistency_0.0000,pathPersistency,0.0
trace,dsdv,0.181438,0.181112,1148,1397,60,788,1037,0.000000,0.000000,0.000000,0,0,0,0,0,294,graph_0002__pathPersistency_0.0000,pathPersistency,0.0
trace,olsr,0.259057,0.258896,1125,1464,60,1125,1464,0.000000,0.000000,0.000000,0,0,0,0,0,1,graph_0002__pathPersistency_0.0000,pathPersistency,0.0
trace,aodv,0.402562,0.402234,2301,2847,60,1941,2487,0.000000,0.000000,0.000000,0,0,0,315,0,29,graph_0002__pathPersistency_0.0000,pathPersistency,0.0
trace,dsdv,0.542901,0.542361,1761,1899,60,833,1115,0.032258,0.363918,34.749914,155,5,0,0,0,322,graph_0002__pathPersistency_0.0000,pathPersistency,0.0
trace,olsr,0.254330,0.254327,1129,1480,60,1129,1480,0.000000,0.000000,0.000000,0,0,0,0,0,2,graph_0002__pathPersistency_0.0000,pathPersistency,0.0
trace,aodv,0.401741,0.401577,2301,2834,60,1941,2474,0.000000,0.000000,0.000000,0,0,0,315,0,41,graph_0002__pathPersistency_0.0000,pathPersistency,0.0
trace,dsdv,0.173476,0.173458,1127,1354,60,767,994,0.000000,0.000000,0.000000,0,0,0,0,0,293,graph_0002__pathPersistency_0.0000,pathPersistency,0.0
trace,olsr,0.260951,0.260402,1125,1475,60,1125,1475,0.000000,0.000000,0.000000,0,0,0,0,0,1,graph_0002__pathPersistency_0.0000,pathPersistency,0.0
trace,aodv,0.409019,0.407732,2298,2833,60,1938,2473,0.000000,0.000000,0.000000,0,0,0,315,0,39,graph_0002__pathPersistency_0.0000,pathPersistency,0.0
trace,dsdv,0.196018,0.195636,1205,1477,60,845,1117,0.000000,0.000000,0.000000,0,0,0,0,0,273,graph_0002__pathPersistency_0.0000,pathPersistency,0.0
trace,olsr,0.273087,0.273066,1170,1686,60,1170,1686,0.000000,0.000000,0.000000,0,0,0,0,0,5,graph_0008__pathPersistency_0.1000,pathPersistency,0.1
trace,aodv,0.456909,0.456807,2409,3196,60,2049,2836,0.000000,0.000000,0.000000,0,0,1,315,0,70,graph_0008__pathPersistency_0.1000,pathPersistency,0.1
trace,dsdv,0.396519,0.396467,1887,2484,60,1377,1984,0.411765,0.089123,57.524079,17,7,0,0,0,914,graph_0008__pathPersistency_0.1000,pathPersistency,0.1
trace,olsr,0.279827,0.279818,1173,1711,60,1173,1711,0.000000,0.000000,0.000000,0,0,0,0,0,2,graph_0008__pathPersistency_0.1000,pathPersistency,0.1
trace,aodv,0.648183,0.648029,2796,3588,60,2266,3104,0.089286,0.155783,12.694130,56,5,5,251,0,127,graph_0008__pathPersistency_0.1000,pathPersistency,0.1
trace,dsdv,0.273435,0.273394,1555,2015,60,1195,1655,0.000000,0.000000,0.000000,0,0,0,0,0,805,graph_0008__pathPersistency_0.1000,pathPersistency,0.1
trace,olsr,0.272643,0.272594,1174,1701,60,1174,1701,0.000000,0.000000,0.000000,0,0,0,0,0,1,graph_0008__pathPersistency_0.1000,pathPersistency,0.1
trace,aodv,0.712572,0.711461,2905,3638,60,2298,3093,0.074627,0.161481,12.699838,67,5,0,252,0,144,graph_0008__pathPersistency_0.1000,pathPersistency,0.1
trace,dsdv,0.290918,0.290815,1607,2110,60,1247,1750,0.000000,0.000000,0.000000,0,0,0,0,0,779,graph_0008__pathPersistency_0.1000,pathPersistency,0.1
trace,olsr,0.274363,0.274348,1167,1688,60,1167,1688,0.000000,0.000000,0.000000,0,0,0,0,0,5,graph_0008__pathPersistency_0.1000,pathPersistency,0.1
trace,aodv,0.684826,0.684706,2850,3608,60,2301,3112,0.075758,0.181670,12.716752,66,5,8,252,0,104,graph_0008__pathPersistency_0.1000,pathPersistency,0.1
trace,dsdv,0.380266,0.380242,1682,2081,60,1172,1623,0.000000,0.000000,0.000000,52,0,0,0,0,802,graph_0008__pathPersistency_0.1000,pathPersistency,0.1
trace,olsr,0.277955,0.277914,1175,1700,60,1175,1700,0.000000,0.000000,0.000000,0,0,0,0,0,7,graph_0008__pathPersistency_0.1000,pathPersistency,0.1
trace,aodv,0.645592,0.645489,2778,3513,60,2231,3031,0.029851,40.502724,14.434786,67,2,0,251,0,63,graph_0008__pathPersistency_0.1000,pathPersistency,0.1
trace,dsdv,0.252703,0.252632,1477,1905,60,1117,1545,0.000000,0.000000,0.000000,0,0,0,0,0,708,graph_0008__pathPersistency_0.1000,pathPersistency,0.1
trace,olsr,0.275291,0.275174,1168,1688,60,1168,1688,0.000000,0.000000,0.000000,0,0,0,0,0,6,graph_0008__pathPersistency_0.1000,pathPersistency,0.1
trace,aodv,0.546754,0.546681,2541,3299,60,2090,2860,0.294118,0.183517,12.718002,17,5,0,314,0,60,graph_0008__pathPersistency_0.1000,pathPersistency,0.1
trace,dsdv,0.258163,0.258125,1463,1895,60,1103,1535,0.000000,0.000000,0.000000,0,0,0,0,0,770,graph_0008__pathPersistency_0.1000,pathPersistency,0.1
trace,olsr,0.270772,0.270651,1165,1679,60,1165,1679,0.000000,0.000000,0.000000,0,0,0,0,0,8,graph_0008__pathPersistency_0.1000,pathPersistency,0.1
trace,aodv,0.518330,0.518300,2524,3280,60,2074,2842,0.294118,0.171463,12.708733,17,5,0,314,0,86,graph_0008__pathPersistency_0.1000,pathPersistency,0.1
trace,dsdv,0.746556,0.746472,2355,2804,60,1415,2041,0.000000,0.000000,0.000000,183,0,0,0,0,950,graph_0008__pathPersistency_0.1000,pathPersistency,0.1
trace,olsr,0.282220,0.281160,1177,1701,60,1177,1701,0.000000,0.000000,0.000000,0,0,0,0,0,3,graph_0008__pathPersistency_0.1000,pathPersistency,0.1
trace,aodv,0.659339,0.658063,2820,3580,60,2270,3088,0.075758,0.174196,12.710868,66,5,3,253,0,91,graph_0008__pathPersistency_0.1000,pathPersistency,0.1
trace,dsdv,0.725538,0.725464,2173,2396,60,1435,1927,0.021429,0.084889,0.566978,280,6,4,0,0,822,graph_0008__pathPersistency_0.1000,pathPersistency,0.1
trace,olsr,0.284137,0.284105,1171,1690,60,1171,1690,0.000000,0.000000,0.000000,0,0,0,0,0,3,graph_0008__pathPersistency_0.1000,pathPersistency,0.1
trace,aodv,0.701403,0.701352,2924,3664,60,2331,3133,0.029851,32.474689,14.422997,67,2,3,253,0,96,graph_0008__pathPersistency_0.1000,pathPersistency,0.1
trace,dsdv,0.551151,0.551005,1884,2175,60,1233,1699,0.038462,0.096478,30.511537,182,7,0,0,0,787,graph_0008__pathPersistency_0.1000,pathPersistency,0.1
trace,olsr,0.280660,0.280635,1183,1727,60,1183,1727,0.000000,0.000000,0.000000,0,0,0,0,0,6,graph_0008__pathPersistency_0.1000,pathPersistency,0.1
trace,aodv,0.653886,0.653846,2829,3607,60,2276,3109,0.075758,0.161947,12.700111,66,5,7,252,0,67,graph_0008__pathPersistency_0.1000,pathPersistency,0.1
trace,dsdv,0.632717,0.632690,2271,2667,60,1618,2189,0.038462,0.096445,30.511433,182,7,0,0,0,852,graph_0008__pathPersistency_0.1000,pathPersistency,0.1
trace,olsr,0.392755,0.392741,1276,2542,60,1276,2542,0.000000,0.000000,0.000000,0,0,0,0,0,9,graph_0008__pathPersistency_0.6000,pathPersistency,0.6
trace,aodv,2.111634,2.111348,5478,7251,60,2856,4752,0.421053,0.023921,26.482427,247,104,20,63,0,665,graph_0008__pathPersistency_0.6000,pathPersistency,0.6
trace,dsdv,1.203602,1.202780,3399,4527,60,1947,3279,0.113553,0.055572,17.489794,273,31,0,0,0,1140,graph_0008__pathPersistency_0.6000,pathPersistency,0.6
trace,olsr,0.375359,0.375164,1264,2528,60,1264,2528,0.000000,0.000000,0.000000,0,0,0,0,0,2,graph_0008__pathPersistency_0.6000,pathPersistency,0.6
trace,aodv,1.949656,1.949081,4999,6849,60,2834,4747,0.551724,0.013888,34.369116,174,96,15,187,0,612,graph_0008__pathPersistency_0.6000,pathPersistency,0.6
trace,dsdv,0.484803,0.484777,2114,3217,60,1754,2857,0.000000,0.000000,0.000000,0,0,0,0,0,994,graph_0008__pathPersistency_0.6000,pathPersistency,0.6
trace,olsr,0.377420,0.377379,1266,2528,60,1266,2528,0.000000,0.000000,0.000000,0,0,0,0,0,8,graph_0008__pathPersistency_0.6000,pathPersistency,0.6
trace,aodv,2.423489,2.422876,6750,8853,60,3626,5889,0.226950,0.020984,45.478213,282,64,58,63,0,915,graph_0008__pathPersistency_0.6000,pathPersistency,0.6
trace,dsdv,1.127191,1.126983,3384,4456,60,1927,3202,0.117216,0.056738,17.417936,273,32,0,0,0,1189,graph_0008__pathPersistency_0.6000,pathPersistency,0.6
trace,olsr,0.347706,0.347693,1276,2554,60,1276,2554,0.000000,0.000000,0.000000,0,0,0,0,0,9,graph_0008__pathPersistency_0.6000,pathPersistency,0.6
trace,aodv,1.685479,1.684811,5116,7062,60,3130,5183,0.294444,0.010971,16.932826,180,53,21,125,0,485,graph_0008__pathPersistency_0.6000,pathPersistency,0.6
trace,dsdv,0.647678,0.647602,2441,3402,60,1681,2756,0.000000,0.000000,0.000000,144,0,0,0,0,1022,graph_0008__pathPersistency_0.6000,pathPersistency,0.6
trace,olsr,0.350084,0.349949,1279,2553,60,1279,2553,0.000000,0.000000,0.000000,0,0,0,0,0,7,graph_0008__pathPersistency_0.6000,pathPersistency,0.6
trace,aodv,1.477256,1.475687,4605,6290,60,2694,4503,0.224719,0.009763,11.701491,178,40,14,124,0,407,graph_0008__pathPersistency_0.6000,pathPersistency,0.6
trace,dsdv,0.442635,0.442374,2150,3278,60,1790,2918,0.000000,0.000000,0.000000,0,0,0,0,0,1038,graph_0008__pathPersistency_0.6000,pathPersistency,0.6
trace,olsr,0.395161,0.395143,1255,2499,60,1255,2499,0.000000,0.000000,0.000000,0,0,0,0,0,3,graph_0008__pathPersistency_0.6000,pathPersistency,0.6
trace,aodv,2.174836,2.174388,5546,7318,60,2974,4867,0.443580,0.018845,33.924897,257,114,23,63,0,663,graph_0008__pathPersistency_0.6000,pathPersistency,0.6
trace,dsdv,0.698925,0.698877,2493,3659,60,1847,3090,0.077586,0.096337,41.362041,116,9,0,0,0,1119,graph_0008__pathPersistency_0.6000,pathPersistency,0.6
trace,olsr,0.398008,0.397986,1252,2469,60,1252,2469,0.000000,0.000000,0.000000,0,0,0,0,0,9,graph_0008__pathPersistency_0.6000,pathPersistency,0.6
trace,aodv,2.416498,2.415997,6212,8155,60,3179,5196,0.555085,0.018955,38.234421,236,131,32,125,0,792,graph_0008__pathPersistency_0.6000,pathPersistency,0.6
trace,dsdv,0.545868,0.545817,2317,3427,60,1776,2900,0.000000,0.000000,0.000000,14,0,0,0,0,1097,graph_0008__pathPersistency_0.6000,pathPersistency,0.6
trace,olsr,0.374959,0.374945,1273,2541,60,1273,2541,0.000000,0.000000,0.000000,0,0,0,0,0,4,graph_0008__pathPersistency_0.6000,pathPersistency,0.6
trace,aodv,2.007462,2.006511,5657,7595,60,3229,5251,0.389831,0.013317,29.486749,236,92,61,125,0,545,graph_0008__pathPersistency_0.6000,pathPersistency,0.6
trace,dsdv,1.317346,1.315199,4185,5256,60,1897,3032,0.000000,0.000000,0.000000,90,0,0,0,0,1126,graph_0008__pathPersistency_0.6000,pathPersistency,0.6
trace,olsr,0.386984,0.386526,1267,2521,60,1267,2521,0.000000,0.000000,0.000000,0,0,0,0,0,5,graph_0008__pathPersistency_0.6000,pathPersistency,0.6
trace,aodv,2.321897,2.320094,6222,8173,60,3264,5287,0.555085,0.018949,38.034533,236,131,34,124,0,922,graph_0008__pathPersistency_0.6000,pathPersistency,0.6
trace,dsdv,1.027552,1.026780,3115,4197,60,1900,3148,0.000000,0.000000,0.000000,273,0,0,0,0,1132,graph_0008__pathPersistency_0.6000,pathPersistency,0.6
trace,olsr,0.322559,0.322528,1226,2426,60,1226,2426,0.000000,0.000000,0.000000,0,0,0,0,0,13,graph_0008__pathPersistency_0.6000,pathPersistency,0.6
trace,aodv,1.394741,1.394351,4453,6073,60,2529,4312,0.000000,0.000000,0.000000,171,0,8,190,0,413,graph_0008__pathPersistency_0.6000,pathPersistency,0.6
trace,dsdv,0.425013,0.424744,2187,3395,60,1827,3035,0.000000,0.000000,0.000000,0,0,0,0,0,1011,graph_0008__pathPersistency_0.6000,pathPersistency,0.6
trace,olsr,0.342503,0.342443,1263,2389,60,1263,2389,0.000000,0.000000,0.000000,0,0,0,0,0,6,graph_0006__pathPersistency_0.6000,pathPersistency,0.6
trace,aodv,2.430441,2.429096,7021,8735,60,3335,5162,0.547619,0.031576,32.235961,336,184,39,1,0,675,graph_0006__pathPersistency_0.6000,pathPersistency,0.6
trace,dsdv,0.832792,0.831833,2630,3489,60,1599,2602,0.208791,0.054937,32.972826,182,38,0,0,0,1012,graph_0006__pathPersistency_0.6000,pathPersistency,0.6
trace,olsr,0.350940,0.350126,1277,2423,60,1277,2423,0.000000,0.000000,0.000000,0,0,0,0,0,11,graph_0006__pathPersistency_0.6000,pathPersistency,0.6
trace,aodv,1.396362,1.396127,4503,5979,60,2365,3965,0.353774,0.012151,17.819187,212,75,14,125,0,296,graph_0006__pathPersistency_0.6000,pathPersistency,0.6
trace,dsdv,0.374578,0.374526,1979,2903,60,1619,2543,0.000000,0.000000,0.000000,0,0,0,0,0,967,graph_0006__pathPersistency_0.6000,pathPersistency,0.6
trace,olsr,0.333392,0.333381,1239,2334,60,1239,2334,0.000000,0.000000,0.000000,0,0,0,0,0,5,graph_0006__pathPersistency_0.6000,pathPersistency,0.6
trace,aodv,2.215307,2.214920,6407,8024,60,2990,4731,0.470238,0.025596,25.877199,336,158,55,1,0,567,graph_0006__pathPersistency_0.6000,pathPersistency,0.6
trace,dsdv,0.387423,0.387336,1916,2818,60,1556,2458,0.000000,0.000000,0.000000,0,0,0,0,0,983,graph_0006__pathPersistency_0.6000,pathPersistency,0.6
trace,olsr,0.343322,0.343011,1262,2373,60,1262,2373,0.000000,0.000000,0.000000,0,0,0,0,0,11,graph_0006__pathPersistency_0.6000,pathPersistency,0.6
trace,aodv,1.513083,1.512282,4822,6470,60,2539,4276,0.516746,0.018910,33.009370,209,108,13,127,0,412,graph_0006__pathPersistency_0.6000,pathPersistency,0.6
trace,dsdv,0.778604,0.777783,2577,3337,60,1555,2459,0.208791,0.054892,32.972414,182,38,0,0,0,1003,graph_0006__pathPersistency_0.6000,pathPersistency,0.6
trace,olsr,0.337507,0.336082,1251,2359,60,1251,2359,0.000000,0.000000,0.000000,0,0,0,0,0,4,graph_0006__pathPersistency_0.6000,pathPersistency,0.6
trace,aodv,2.487295,2.481420,6936,8658,60,3067,4874,0.605970,0.035582,33.153167,335,203,47,1,0,810,graph_0006__pathPersistency_0.6000,pathPersistency,0.6
trace,dsdv,0.520815,0.519422,2011,2764,60,1438,2273,0.088889,0.099957,45.529415,90,8,0,0,0,908,graph_0006__pathPersistency_0.6000,pathPersistency,0.6
trace,olsr,0.336960,0.336649,1267,2402,60,1267,2402,0.000000,0.000000,0.000000,0,0,0,0,0,4,graph_0006__pathPersistency_0.6000,pathPersistency,0.6
trace,aodv,1.577520,1.576666,4877,6436,60,2695,4339,0.480952,0.016368,23.199474,210,101,24,127,0,343,graph_0006__pathPersistency_0.6000,pathPersistency,0.6
trace,dsdv,0.792218,0.791887,2682,3574,60,1670,2700,0.208791,0.054982,32.973170,182,38,0,0,0,1013,graph_0006__pathPersistency_0.6000,pathPersistency,0.6
trace,olsr,0.330891,0.330719,1267,2396,60,1267,2396,0.000000,0.000000,0.000000,0,0,0,0,0,6,graph_0006__pathPersistency_0.6000,pathPersistency,0.6
trace,aodv,2.450224,2.446100,6905,8453,60,2777,4443,0.587537,0.032052,30.816819,337,198,21,0,0,810,graph_0006__pathPersistency_0.6000,pathPersistency,0.6
trace,dsdv,0.387283,0.387023,1949,2938,60,1589,2578,0.000000,0.000000,0.000000,0,0,0,0,0,869,graph_0006__pathPersistency_0.6000,pathPersistency,0.6
trace,olsr,0.333417,0.333381,1257,2371,60,1257,2371,0.000000,0.000000,0.000000,0,0,0,0,0,7,graph_0006__pathPersistency_0.6000,pathPersistency,0.6
trace,aodv,1.730384,1.729573,5246,6918,60,2826,4569,0.507177,0.017517,23.403897,209,106,32,128,0,496,graph_0006__pathPersistency_0.6000,pathPersistency,0.6
trace,dsdv,0.851696,0.851153,2794,3646,60,1650,2640,0.241758,0.023034,34.696381,182,44,0,0,0,1040,graph_0006__pathPersistency_0.6000,pathPersistency,0.6
trace,olsr,0.337229,0.336731,1255,2388,60,1255,2388,0.000000,0.000000,0.000000,0,0,0,0,0,7,graph_0006__pathPersistency_0.6000,pathPersistency,0.6
trace,aodv,1.708400,1.706628,5144,6866,60,2945,4742,0.483412,0.017497,25.284000,211,102,34,126,0,362,graph_0006__pathPersistency_0.6000,pathPersistency,0.6
trace,dsdv,0.524706,0.523513,2208,3141,60,1641,2623,0.057692,21.577883,56.544182,52,3,0,0,0,1001,graph_0006__pathPersistency_0.6000,pathPersistency,0.6
trace,olsr,0.344853,0.343598,1263,2379,60,1263,2379,0.000000,0.000000,0.000000,0,0,0,0,0,10,graph_0006__pathPersistency_0.6000,pathPersistency,0.6
trace,aodv,1.823474,1.822706,5378,6934,60,2721,4341,0.600000,0.020417,21.999571,210,126,20,126,0,599,graph_0006__pathPersistency_0.6000,pathPersistency,0.6
trace,dsdv,0.373071,0.372891,1933,2835,60,1573,2475,0.000000,0.000000,0.000000,0,0,0,0,0,964,graph_0006__pathPersistency_0.6000,pathPersistency,0.6
trace,olsr,0.260671,0.260608,1145,1552,60,1145,1552,0.000000,0.000000,0.000000,0,0,0,0,0,2,graph_0006__pathPersistency_0.1000,pathPersistency,0.1
trace,aodv,0.563804,0.563297,2610,3165,60,2113,2697,0.194444,0.104685,15.622351,36,7,0,314,0,72,graph_0006__pathPersistency_0.1000,pathPersistency,0.1
trace,dsdv,0.232796,0.232430,1373,1749,60,1013,1389,0.000000,0.000000,0.000000,0,0,0,0,0,587,graph_0006__pathPersistency_0.1000,pathPersistency,0.1
trace,olsr,0.263516,0.263487,1144,1544,60,1144,1544,0.000000,0.000000,0.000000,0,0,0,0,0,1,graph_0006__pathPersistency_0.1000,pathPersistency,0.1
trace,aodv,0.529456,0.529428,2586,3153,60,2089,2685,0.194444,0.100530,15.612572,36,7,0,315,0,48,graph_0006__pathPersistency_0.1000,pathPersistency,0.1
trace,dsdv,0.451821,0.451613,1764,2151,60,1275,1844,0.000000,0.000000,0.000000,182,0,0,0,0,714,graph_0006__pathPersistency_0.1000,pathPersistency,0.1
trace,olsr,0.260693,0.260279,1144,1542,60,1144,1542,0.000000,0.000000,0.000000,0,0,0,0,0,1,graph_0006__pathPersistency_0.1000,pathPersistency,0.1
trace,aodv,0.600038,0.599759,2712,3299,60,2215,2831,0.194444,0.099884,15.611187,36,7,0,315,0,57,graph_0006__pathPersistency_0.1000,pathPersistency,0.1
trace,dsdv,0.258152,0.257913,1522,1947,60,1162,1587,0.000000,0.000000,0.000000,0,0,0,0,0,690,graph_0006__pathPersistency_0.1000,pathPersistency,0.1
trace,olsr,0.266859,0.266623,1152,1563,60,1152,1563,0.000000,0.000000,0.000000,0,0,0,0,0,4,graph_0006__pathPersistency_0.1000,pathPersistency,0.1
trace,aodv,0.633160,0.632728,2840,3361,60,2244,2853,0.071429,0.092402,15.591053,98,7,3,253,0,79,graph_0006__pathPersistency_0.1000,pathPersistency,0.1
trace,dsdv,0.255615,0.255576,1471,1900,60,1111,1540,0.000000,0.000000,0.000000,0,0,0,0,0,620,graph_0006__pathPersistency_0.1000,pathPersistency,0.1
trace,olsr,0.263597,0.263574,1143,1539,60,1143,1539,0.000000,0.000000,0.000000,0,0,0,0,0,3,graph_0006__pathPersistency_0.1000,pathPersistency,0.1
trace,aodv,0.592426,0.592177,2665,3192,60,2154,2710,0.194444,0.110725,15.635745,36,7,0,317,0,83,graph_0006__pathPersistency_0.1000,pathPersistency,0.1
trace,dsdv,0.292394,0.292223,1595,2142,60,1235,1782,0.000000,0.000000,0.000000,0,0,0,0,0,664,graph_0006__pathPersistency_0.1000,pathPersistency,0.1
trace,olsr,0.267896,0.267744,1147,1556,60,1147,1556,0.000000,0.000000,0.000000,0,0,0,0,0,5,graph_0006__pathPersistency_0.1000,pathPersistency,0.1
trace,aodv,0.580149,0.579722,2641,3218,60,2145,2751,0.194444,0.099382,15.609790,36,7,0,316,0,50,graph_0006__pathPersistency_0.1000,pathPersistency,0.1
trace,dsdv,0.272429,0.272203,1528,2008,60,1168,1648,0.000000,0.000000,0.000000,0,0,0,0,0,654,graph_0006__pathPersistency_0.1000,pathPersistency,0.1
trace,olsr,0.264851,0.264496,1140,1539,60,1140,1539,0.000000,0.000000,0.000000,0,0,0,0,0,3,graph_0006__pathPersistency_0.1000,pathPersistency,0.1
trace,aodv,0.616865,0.615756,2706,3199,60,2168,2750,0.072165,0.102189,15.616541,97,7,1,251,0,85,graph_0006__pathPersistency_0.1000,pathPersistency,0.1
trace,dsdv,0.533305,0.531843,1767,2053,60,1118,1579,0.038462,0.095463,30.510150,182,7,0,0,0,699,graph_0006__pathPersistency_0.1000,pathPersistency,0.1
trace,olsr,0.268268,0.268248,1146,1547,60,1146,1547,0.000000,0.000000,0.000000,0,0,0,0,0,6,graph_0006__pathPersistency_0.1000,pathPersistency,0.1
trace,aodv,0.622232,0.620078,2761,3293,60,2183,2794,0.072165,0.101965,15.616091,97,7,11,253,0,54,graph_0006__pathPersistency_0.1000,pathPersistency,0.1
trace,dsdv,0.273206,0.271630,1542,1991,60,1182,1631,0.000000,0.000000,0.000000,0,0,0,0,0,720,graph_0006__pathPersistency_0.1000,pathPersistency,0.1
trace,olsr,0.259312,0.259289,1140,1532,60,1140,1532,0.000000,0.000000,0.000000,0,0,0,0,0,5,graph_0006__pathPersistency_0.1000,pathPersistency,0.1
trace,aodv,0.585151,0.584916,2662,3247,60,2165,2779,0.194444,0.096060,15.601211,36,7,0,315,0,55,graph_0006__pathPersistency_0.1000,pathPersistency,0.1
trace,dsdv,0.279254,0.279067,1602,2131,60,1242,1771,0.000000,0.000000,0.000000,0,0,0,0,0,681,graph_0006__pathPersistency_0.1000,pathPersistency,0.1
trace,olsr,0.263436,0.263400,1149,1562,60,1149,1562,0.000000,0.000000,0.000000,0,0,0,0,0,2,graph_0006__pathPersistency_0.1000,pathPersistency,0.1
trace,aodv,0.568244,0.568142,2651,3237,60,2154,2769,0.194444,0.099018,15.608940,36,7,0,315,0,58,graph_0006__pathPersistency_0.1000,pathPersistency,0.1
trace,dsdv,0.280292,0.280259,1626,2193,60,1266,1833,0.000000,0.000000,0.000000,0,0,0,0,0,685,graph_0006__pathPersistency_0.1000,pathPersistency,0.1
trace,olsr,0.247730,0.247691,1104,1455,60,1104,1455,0.000000,0.000000,0.000000,0,0,0,0,0,0,graph_0001__pathPersistency_0.0000,pathPersistency,0.0
trace,aodv,0.389744,0.389674,2293,2822,60,1933,2462,0.000000,0.000000,0.000000,0,0,0,315,0,49,graph_0001__pathPersistency_0.0000,pathPersistency,0.0
trace,dsdv,0.181418,0.181264,1167,1404,60,807,1044,0.000000,0.000000,0.000000,0,0,0,0,0,279,graph_0001__pathPersistency_0.0000,pathPersistency,0.0
trace,olsr,0.249426,0.249417,1115,1477,60,1115,1477,0.000000,0.000000,0.000000,0,0,0,0,0,1,graph_0001__pathPersistency_0.0000,pathPersistency,0.0
trace,aodv,0.399403,0.399167,2294,2842,60,1934,2482,0.000000,0.000000,0.000000,0,0,0,315,0,26,graph_0001__pathPersistency_0.0000,pathPersistency,0.0
trace,dsdv,0.195649,0.195589,1225,1487,60,865,1127,0.000000,0.000000,0.000000,0,0,0,0,0,297,graph_0001__pathPersistency_0.0000,pathPersistency,0.0
trace,olsr,0.254397,0.254106,1106,1459,60,1106,1459,0.000000,0.000000,0.000000,0,0,0,0,0,2,graph_0001__pathPersistency_0.0000,pathPersistency,0.0
trace,aodv,0.406251,0.405838,2294,2845,60,1934,2485,0.000000,0.000000,0.000000,0,0,0,315,0,23,graph_0001__pathPersistency_0.0000,pathPersistency,0.0
trace,dsdv,0.206265,0.205416,1265,1553,60,905,1193,0.000000,0.000000,0.000000,0,0,0,0,0,292,graph_0001__pathPersistency_0.0000,pathPersistency,0.0
trace,olsr,0.258268,0.258256,1108,1466,60,1108,1466,0.000000,0.000000,0.000000,0,0,0,0,0,1,graph_0001__pathPersistency_0.0000,pathPersistency,0.0
trace,aodv,0.405031,0.405015,2294,2836,60,1934,2476,0.000000,0.000000,0.000000,0,0,0,315,0,31,graph_0001__pathPersistency_0.0000,pathPersistency,0.0
trace,dsdv,0.193217,0.193189,1188,1427,60,828,1067,0.000000,0.000000,0.000000,0,0,0,0,0,309,graph_0001__pathPersistency_0.0000,pathPersistency,0.0
trace,olsr,0.256428,0.255234,1102,1443,60,1102,1443,0.000000,0.000000,0.000000,0,0,0,0,0,4,graph_0001__pathPersistency_0.0000,pathPersistency,0.0
trace,aodv,0.401678,0.401132,2293,2847,60,1933,2487,0.000000,0.000000,0.000000,0,0,0,315,0,26,graph_0001__pathPersistency_0.0000,pathPersistency,0.0
trace,dsdv,0.196693,0.195863,1229,1466,60,869,1106,0.000000,0.000000,0.000000,0,0,0,0,0,294,graph_0001__pathPersistency_0.0000,pathPersistency,0.0
trace,olsr,0.257457,0.257454,1109,1459,60,1109,1459,0.000000,0.000000,0.000000,0,0,0,0,0,2,graph_0001__pathPersistency_0.0000,pathPersistency,0.0
trace,aodv,0.397856,0.397815,2294,2822,60,1934,2462,0.000000,0.000000,0.000000,0,0,0,315,0,46,graph_0001__pathPersistency_0.0000,pathPersistency,0.0
trace,dsdv,0.184028,0.183903,1174,1394,60,814,1034,0.000000,0.000000,0.000000,0,0,0,0,0,283,graph_0001__pathPersistency_0.0000,pathPersistency,0.0
trace,olsr,0.260190,0.260183,1109,1457,60,1109,1457,0.000000,0.000000,0.000000,0,0,0,0,0,4,graph_0001__pathPersistency_0.0000,pathPersistency,0.0
trace,aodv,0.398475,0.398325,2294,2820,60,1934,2460,0.000000,0.000000,0.000000,0,0,0,315,0,46,graph_0001__pathPersistency_0.0000,pathPersistency,0.0
trace,dsdv,0.179513,0.179503,1145,1358,60,785,998,0.000000,0.000000,0.000000,0,0,0,0,0,281,graph_0001__pathPersistency_0.0000,pathPersistency,0.0
trace,olsr,0.252047,0.251958,1102,1446,60,1102,1446,0.000000,0.000000,0.000000,0,0,0,0,0,1,graph_0001__pathPersistency_0.0000,pathPersistency,0.0
trace,aodv,0.396787,0.396656,2294,2837,60,1934,2477,0.000000,0.000000,0.000000,0,0,0,315,0,31,graph_0001__pathPersistency_0.0000,pathPersistency,0.0
trace,dsdv,0.206866,0.206837,1282,1598,60,922,1238,0.000000,0.000000,0.000000,0,0,0,0,0,302,graph_0001__pathPersistency_0.0000,pathPersistency,0.0
trace,olsr,0.248020,0.248007,1110,1469,60,1110,1469,0.000000,0.000000,0.000000,0,0,0,0,0,5,graph_0001__pathPersistency_0.0000,pathPersistency,0.0
trace,aodv,0.413062,0.412828,2294,2814,60,1934,2454,0.000000,0.000000,0.000000,0,0,0,315,0,52,graph_0001__pathPersistency_0.0000,pathPersistency,0.0
trace,dsdv,0.183477,0.183455,1183,1401,60,823,1041,0.000000,0.000000,0.000000,0,0,0,0,0,296,graph_0001__pathPersistency_0.0000,pathPersistency,0.0
trace,olsr,0.251276,0.251232,1112,1474,60,1112,1474,0.000000,0.000000,0.000000,0,0,0,0,0,3,graph_0001__pathPersistency_0.0000,pathPersistency,0.0
trace,aodv,0.391812,0.391249,2293,2830,60,1933,2470,0.000000,0.000000,0.000000,0,0,0,315,0,43,graph_0001__pathPersistency_0.0000,pathPersistency,0.0
trace,dsdv,0.202172,0.202157,1271,1571,60,911,1211,0.000000,0.000000,0.000000,0,0,0,0,0,315,graph_0001__pathPersistency_0.0000,pathPersistency,0.0
trace,olsr,0.303782,0.303653,1218,2075,60,1218,2075,0.000000,0.000000,0.000000,0,0,0,0,0,4,graph_0008__pathPersistency_0.3000,pathPersistency,0.3
trace,aodv,1.276286,1.276140,4149,5363,60,2639,3907,0.492308,0.010571,27.653165,130,64,12,189,0,433,graph_0008__pathPersistency_0.3000,pathPersistency,0.3
trace,dsdv,0.311143,0.311070,1713,2399,60,1353,2039,0.000000,0.000000,0.000000,0,0,0,0,0,746,graph_0008__pathPersistency_0.3000,pathPersistency,0.3
trace,olsr,0.313180,0.313144,1219,2083,60,1219,2083,0.000000,0.000000,0.000000,0,0,0,0,0,10,graph_0008__pathPersistency_0.3000,pathPersistency,0.3
trace,aodv,1.149318,1.149136,3918,5270,60,2838,4247,0.319588,0.011769,9.512753,97,31,9,252,0,260,graph_0008__pathPersistency_0.3000,pathPersistency,0.3
trace,dsdv,0.330816,0.330788,1791,2500,60,1431,2140,0.000000,0.000000,0.000000,0,0,0,0,0,812,graph_0008__pathPersistency_0.3000,pathPersistency,0.3
trace,olsr,0.352300,0.352292,1228,2100,60,1228,2100,0.000000,0.000000,0.000000,0,0,0,0,0,7,graph_0008__pathPersistency_0.3000,pathPersistency,0.3
trace,aodv,0.939183,0.938858,3395,4539,60,2480,3692,0.185567,0.007102,12.784922,97,18,12,251,0,262,graph_0008__pathPersistency_0.3000,pathPersistency,0.3
trace,dsdv,0.342301,0.342261,1695,2383,60,1335,2023,0.000000,0.000000,0.000000,0,0,0,0,0,755,graph_0008__pathPersistency_0.3000,pathPersistency,0.3
trace,olsr,0.313493,0.313331,1221,2100,60,1221,2100,0.000000,0.000000,0.000000,0,0,0,0,0,3,graph_0008__pathPersistency_0.3000,pathPersistency,0.3
trace,aodv,0.561045,0.560832,2621,3784,60,2092,3284,0.236842,0.083942,36.403030,38,9,0,315,0,109,graph_0008__pathPersistency_0.3000,pathPersistency,0.3
trace,dsdv,0.294990,0.294790,1650,2246,60,1290,1886,0.000000,0.000000,0.000000,0,0,0,0,0,771,graph_0008__pathPersistency_0.3000,pathPersistency,0.3
trace,olsr,0.309406,0.309289,1218,2093,60,1218,2093,0.000000,0.000000,0.000000,0,0,0,0,0,9,graph_0008__pathPersistency_0.3000,pathPersistency,0.3
trace,aodv,1.224926,1.224288,4071,5313,60,2840,4158,0.216000,0.012276,11.572998,125,27,23,188,0,290,graph_0008__pathPersistency_0.3000,pathPersistency,0.3
trace,dsdv,0.329010,0.328983,1829,2555,60,1469,2195,0.000000,0.000000,0.000000,0,0,0,0,0,783,graph_0008__pathPersistency_0.3000,pathPersistency,0.3
trace,olsr,0.308505,0.308346,1215,2073,60,1215,2073,0.000000,0.000000,0.000000,0,0,0,0,0,11,graph_0008__pathPersistency_0.3000,pathPersistency,0.3
trace,aodv,0.463530,0.463097,2414,3603,60,2054,3243,0.000000,0.000000,0.000000,0,0,0,315,0,103,graph_0008__pathPersistency_0.3000,pathPersistency,0.3
trace,dsdv,0.425477,0.424451,1903,2516,60,1443,2146,0.000000,0.000000,0.000000,90,0,0,0,0,842,graph_0008__pathPersistency_0.3000,pathPersistency,0.3
trace,olsr,0.313543,0.313502,1211,2065,60,1211,2065,0.000000,0.000000,0.000000,0,0,0,0,0,4,graph_0008__pathPersistency_0.3000,pathPersistency,0.3
trace,aodv,0.609087,0.608865,2685,3912,60,2156,3412,0.236842,0.082890,36.399292,38,9,0,314,0,100,graph_0008__pathPersistency_0.3000,pathPersistency,0.3
trace,dsdv,0.348017,0.347978,1838,2621,60,1478,2261,0.000000,0.000000,0.000000,0,0,0,0,0,877,graph_0008__pathPersistency_0.3000,pathPersistency,0.3
trace,olsr,0.304267,0.304199,1205,2040,60,1205,2040,0.000000,0.000000,0.000000,0,0,0,0,0,6,graph_0008__pathPersistency_0.3000,pathPersistency,0.3
trace,aodv,0.974345,0.974113,3549,4742,60,2512,3777,0.218182,0.009127,11.036760,110,24,14,189,0,239,graph_0008__pathPersistency_0.3000,pathPersistency,0.3
trace,dsdv,0.678281,0.678175,2309,2961,60,1552,2373,0.071429,0.067812,30.960039,182,13,0,0,0,892,graph_0008__pathPersistency_0.3000,pathPersistency,0.3
trace,olsr,0.309558,0.309500,1235,2118,60,1235,2118,0.000000,0.000000,0.000000,0,0,0,0,0,4,graph_0008__pathPersistency_0.3000,pathPersistency,0.3
trace,aodv,0.804855,0.804642,3126,4339,60,2374,3647,0.233333,0.031267,47.905440,90,21,9,252,0,157,graph_0008__pathPersistency_0.3000,pathPersistency,0.3
trace,dsdv,0.382871,0.382820,1934,2728,60,1496,2294,0.428571,22.361496,58.988225,7,3,0,0,0,837,graph_0008__pathPersistency_0.3000,pathPersistency,0.3
trace,olsr,0.315634,0.315451,1228,2112,60,1228,2112,0.000000,0.000000,0.000000,0,0,0,0,0,1,graph_0008__pathPersistency_0.3000,pathPersistency,0.3
trace,aodv,0.976770,0.976086,3507,4727,60,2386,3671,0.333333,0.008034,21.210898,102,34,3,250,0,315,graph_0008__pathPersistency_0.3000,pathPersistency,0.3
trace,dsdv,0.364061,0.364034,1934,2771,60,1574,2411,0.000000,0.000000,0.000000,0,0,0,0,0,918,graph_0008__pathPersistency_0.3000,pathPersistency,0.3
trace,olsr,0.287257,0.286901,1170,1872,60,1170,1872,0.000000,0.000000,0.000000,0,0,0,0,0,4,graph_0003__pathPersistency_0.3000,pathPersistency,0.3
trace,aodv,1.309880,1.308728,4245,5338,60,2516,3704,0.339506,0.009628,26.474397,162,55,12,188,0,366,graph_0003__pathPersistency_0.3000,pathPersistency,0.3
trace,dsdv,0.352508,0.352455,1900,2690,60,1540,2330,0.000000,0.000000,0.000000,0,0,0,0,0,671,graph_0003__pathPersistency_0.3000,pathPersistency,0.3
trace,olsr,0.292589,0.292429,1165,1855,60,1165,1855,0.000000,0.000000,0.000000,0,0,0,0,0,5,graph_0003__pathPersistency_0.3000,pathPersistency,0.3
trace,aodv,0.672490,0.672416,2803,3863,60,2192,3275,0.378378,0.008379,40.036136,37,14,1,313,0,179,graph_0003__pathPersistency_0.3000,pathPersistency,0.3
trace,dsdv,0.336576,0.336550,1749,2467,60,1389,2107,0.000000,0.000000,0.000000,0,0,0,0,0,624,graph_0003__pathPersistency_0.3000,pathPersistency,0.3
trace,olsr,0.286001,0.285992,1187,1907,60,1187,1907,0.000000,0.000000,0.000000,0,0,0,0,0,6,graph_0003__pathPersistency_0.3000,pathPersistency,0.3
trace,aodv,1.238007,1.237638,4153,5351,60,2778,4078,0.255034,0.007433,15.094752,149,38,11,188,0,386,graph_0003__pathPersistency_0.3000,pathPersistency,0.3
trace,dsdv,0.313777,0.313735,1704,2350,60,1344,1990,0.000000,0.000000,0.000000,0,0,0,0,0,577,graph_0003__pathPersistency_0.3000,pathPersistency,0.3
trace,olsr,0.303557,0.303535,1170,1855,60,1170,1855,0.000000,0.000000,0.000000,0,0,0,0,0,5,graph_0003__pathPersistency_0.3000,pathPersistency,0.3
trace,aodv,1.415553,1.415334,4506,5614,60,2628,3818,0.456790,0.011692,34.118981,162,74,7,188,0,475,graph_0003__pathPersistency_0.3000,pathPersistency,0.3
trace,dsdv,1.283581,1.283217,3637,4154,60,1469,2161,0.024510,0.175713,26.801977,204,5,0,0,0,654,graph_0003__pathPersistency_0.3000,pathPersistency,0.3
trace,olsr,0.284514,0.284496,1178,1883,60,1178,1883,0.000000,0.000000,0.000000,0,0,0,0,0,3,graph_0003__pathPersistency_0.3000,pathPersistency,0.3
trace,aodv,1.331118,1.330560,4353,5455,60,2571,3772,0.387283,0.010585,31.554784,173,67,7,188,0,414,graph_0003__pathPersistency_0.3000,pathPersistency,0.3
trace,dsdv,0.717934,0.717389,2381,2936,60,1417,2129,0.137363,0.057632,31.915305,182,25,0,0,0,708,graph_0003__pathPersistency_0.3000,pathPersistency,0.3
trace,olsr,0.291631,0.291441,1170,1872,60,1170,1872,0.000000,0.000000,0.000000,0,0,0,0,0,3,graph_0003__pathPersistency_0.3000,pathPersistency,0.3
trace,aodv,0.969213,0.968905,3501,4639,60,2411,3608,0.376238,0.007436,15.094215,101,38,4,250,0,176,graph_0003__pathPersistency_0.3000,pathPersistency,0.3
trace,dsdv,0.321103,0.320970,1723,2411,60,1363,2051,0.000000,0.000000,0.000000,0,0,0,0,0,569,graph_0003__pathPersistency_0.3000,pathPersistency,0.3
trace,olsr,0.287705,0.287677,1173,1876,60,1173,1876,0.000000,0.000000,0.000000,0,0,0,0,0,6,graph_0003__pathPersistency_0.3000,pathPersistency,0.3
trace,aodv,1.028827,1.028274,3639,4702,60,2368,3489,0.425743,0.012262,16.464985,101,43,0,249,0,223,graph_0003__pathPersistency_0.3000,pathPersistency,0.3
trace,dsdv,0.321485,0.321431,1773,2499,60,1413,2139,0.000000,0.000000,0.000000,0,0,0,0,0,654,graph_0003__pathPersistency_0.3000,pathPersistency,0.3
trace,olsr,0.289720,0.289702,1166,1863,60,1166,1863,0.000000,0.000000,0.000000,0,0,0,0,0,3,graph_0003__pathPersistency_0.3000,pathPersistency,0.3
trace,aodv,0.948636,0.948262,3503,4642,60,2495,3686,0.255102,0.008647,46.697059,98,25,22,251,0,236,graph_0003__pathPersistency_0.3000,pathPersistency,0.3
trace,dsdv,0.312318,0.311843,1731,2369,60,1371,2009,0.000000,0.000000,0.000000,0,0,0,0,0,596,graph_0003__pathPersistency_0.3000,pathPersistency,0.3
trace,olsr,0.292077,0.291214,1171,1878,60,1171,1878,0.000000,0.000000,0.000000,0,0,0,0,0,2,graph_0003__pathPersistency_0.3000,pathPersistency,0.3
trace,aodv,1.354749,1.351113,4332,5488,60,2626,3867,0.382716,0.009788,32.178615,162,62,15,189,0,387,graph_0003__pathPersistency_0.3000,pathPersistency,0.3
trace,dsdv,0.447080,0.446719,1868,2395,60,1305,1877,0.150943,0.113693,51.467820,53,8,0,0,0,686,graph_0003__pathPersistency_0.3000,pathPersistency,0.3
trace,olsr,0.290487,0.290113,1168,1865,60,1168,1865,0.000000,0.000000,0.000000,0,0,0,0,0,5,graph_0003__pathPersistency_0.3000,pathPersistency,0.3
trace,aodv,0.941958,0.941171,3470,4554,60,2373,3534,0.128440,0.008364,40.032285,109,14,18,252,0,385,graph_0003__pathPersistency_0.3000,pathPersistency,0.3
trace,dsdv,0.698001,0.697582,2305,2837,60,1348,2037,0.137363,0.057955,31.917690,182,25,0,0,0,636,graph_0003__pathPersistency_0.3000,pathPersistency,0.3
trace,olsr,0.382121,0.382087,1358,2795,60,1358,2795,0.000000,0.000000,0.000000,0,0,0,0,0,15,graph_0010__pathPersistency_0.9000,pathPersistency,0.9
trace,aodv,2.664043,2.663434,7381,9446,60,2934,5104,0.599440,0.032674,31.537318,357,214,39,1,0,880,graph_0010__pathPersistency_0.9000,pathPersistency,0.9
trace,dsdv,0.895049,0.894333,2690,3723,60,1776,3077,0.018315,0.089703,45.698883,273,5,0,0,0,1171,graph_0010__pathPersistency_0.9000,pathPersistency,0.9
trace,olsr,0.390174,0.389967,1368,2821,60,1368,2821,0.000000,0.000000,0.000000,0,0,0,0,0,5,graph_0010__pathPersistency_0.9000,pathPersistency,0.9
trace,aodv,2.715832,2.714281,7439,9489,60,2905,5024,0.692958,0.037533,30.950092,355,246,41,0,0,741,graph_0010__pathPersistency_0.9000,pathPersistency,0.9
trace,dsdv,1.062758,1.061842,3334,4392,60,1752,2948,0.241758,0.041796,35.830000,182,44,0,0,0,1177,graph_0010__pathPersistency_0.9000,pathPersistency,0.9
trace,olsr,0.392321,0.391976,1368,2807,60,1368,2807,0.000000,0.000000,0.000000,0,0,0,0,0,14,graph_0010__pathPersistency_0.9000,pathPersistency,0.9
trace,aodv,2.372686,2.371624,6646,8725,60,2862,5023,0.627517,0.027455,32.411995,298,187,29,62,0,641,graph_0010__pathPersistency_0.9000,pathPersistency,0.9
trace,dsdv,1.951207,1.950159,5628,6623,60,1839,3050,0.029304,0.095210,15.534267,273,8,0,0,0,1189,graph_0010__pathPersistency_0.9000,pathPersistency,0.9
trace,olsr,0.390941,0.390897,1381,2843,60,1381,2843,0.000000,0.000000,0.000000,0,0,0,0,0,13,graph_0010__pathPersistency_0.9000,pathPersistency,0.9
trace,aodv,1.434529,1.433530,4506,6581,60,2831,4965,0.331325,0.010048,30.834976,166,55,52,191,0,610,graph_0010__pathPersistency_0.9000,pathPersistency,0.9
trace,dsdv,0.479226,0.478383,2395,3836,60,2035,3476,0.000000,0.000000,0.000000,0,0,0,0,0,1290,graph_0010__pathPersistency_0.9000,pathPersistency,0.9
trace,olsr,0.380735,0.380672,1354,2759,60,1354,2759,0.000000,0.000000,0.000000,0,0,0,0,0,14,graph_0010__pathPersistency_0.9000,pathPersistency,0.9
trace,aodv,2.808344,2.800330,7617,9701,60,2852,5087,0.477778,0.030605,38.471835,360,172,37,2,0,899,graph_0010__pathPersistency_0.9000,pathPersistency,0.9
trace,dsdv,0.984536,0.983910,3214,4372,60,1842,3119,0.195946,0.057455,37.653858,148,29,0,0,0,1279,graph_0010__pathPersistency_0.9000,pathPersistency,0.9
trace,olsr,0.396729,0.396702,1379,2814,60,1379,2814,0.000000,0.000000,0.000000,0,0,0,0,0,18,graph_0010__pathPersistency_0.9000,pathPersistency,0.9
trace,aodv,2.743019,2.742687,7473,9477,60,2951,5036,0.681690,0.036950,31.294747,355,242,32,0,0,927,graph_0010__pathPersistency_0.9000,pathPersistency,0.9
trace,dsdv,2.212164,2.211452,6531,7679,60,2275,3548,0.000000,0.000000,0.000000,182,0,0,0,0,1291,graph_0010__pathPersistency_0.9000,pathPersistency,0.9
trace,olsr,0.380802,0.380770,1368,2804,60,1368,2804,0.000000,0.000000,0.000000,0,0,0,0,0,5,graph_0010__pathPersistency_0.9000,pathPersistency,0.9
trace,aodv,2.350162,2.348248,6554,8639,60,2891,5052,0.607383,0.027628,31.398115,298,181,41,62,0,684,graph_0010__pathPersistency_0.9000,pathPersistency,0.9
trace,dsdv,0.704835,0.703909,2611,3732,60,1791,3002,0.000000,0.000000,0.000000,90,0,0,0,0,1315,graph_0010__pathPersistency_0.9000,pathPersistency,0.9
trace,olsr,0.372464,0.372424,1357,2782,60,1357,2782,0.000000,0.000000,0.000000,0,0,0,0,0,17,graph_0010__pathPersistency_0.9000,pathPersistency,0.9
trace,aodv,1.557175,1.555963,4892,6745,60,2550,4570,0.000000,0.000000,0.000000,174,0,8,187,0,511,graph_0010__pathPersistency_0.9000,pathPersistency,0.9
trace,dsdv,0.426895,0.426824,2162,3420,60,1802,3060,0.000000,0.000000,0.000000,0,0,0,0,0,1211,graph_0010__pathPersistency_0.9000,pathPersistency,0.9
trace,olsr,0.391334,0.391271,1345,2752,60,1345,2752,0.000000,0.000000,0.000000,0,0,0,0,0,6,graph_0010__pathPersistency_0.9000,pathPersistency,0.9
trace,aodv,1.987394,1.984485,5767,7791,60,2858,5062,0.348993,0.016068,34.353062,298,104,14,63,0,637,graph_0010__pathPersistency_0.9000,pathPersistency,0.9
trace,dsdv,0.432276,0.432205,2186,3461,60,1826,3101,0.000000,0.000000,0.000000,0,0,0,0,0,1147,graph_0010__pathPersistency_0.9000,pathPersistency,0.9
trace,olsr,0.415781,0.414963,1399,2902,60,1399,2902,0.000000,0.000000,0.000000,0,0,0,0,0,9,graph_0010__pathPersistency_0.9000,pathPersistency,0.9
trace,aodv,2.300565,2.297448,6326,8343,60,2701,4784,0.617747,0.027612,28.515449,293,181,46,63,0,822,graph_0010__pathPersistency_0.9000,pathPersistency,0.9
trace,dsdv,1.099961,1.098909,3410,4452,60,1724,2898,0.274725,0.042569,35.169471,182,50,0,0,0,1178,graph_0010__pathPersistency_0.9000,pathPersistency,0.9
trace,olsr,0.463191,0.462850,1498,3173,60,1466,3141,1.000000,21.714583,58.988867,2,2,0,0,0,20,graph_0009__pathPersistency_0.8000,pathPersistency,0.8
trace,aodv,2.439985,2.438818,7071,8918,60,2967,5049,0.058333,0.054799,9.286091,360,21,104,2,0,699,graph_0009__pathPersistency_0.8000,pathPersistency,0.8
trace,dsdv,0.433330,0.432631,2179,3343,60,1819,2983,0.000000,0.000000,0.000000,0,0,0,0,0,975,graph_0009__pathPersistency_0.8000,pathPersistency,0.8
trace,olsr,0.520197,0.520001,1643,3351,60,1483,3191,1.000000,0.065104,58.212799,10,10,0,0,0,23,graph_0009__pathPersistency_0.8000,pathPersistency,0.8
trace,aodv,2.669951,2.667000,7293,9330,60,3058,5156,0.544444,0.028353,26.385320,360,196,103,1,0,656,graph_0009__pathPersistency_0.8000,pathPersistency,0.8
trace,dsdv,2.526075,2.525134,6999,8031,60,2187,3488,0.100000,0.006324,9.837443,360,36,0,0,0,1128,graph_0009__pathPersistency_0.8000,pathPersistency,0.8
trace,olsr,0.484782,0.482963,1561,3225,60,1465,3129,1.000000,0.084303,58.565020,6,6,0,0,0,22,graph_0009__pathPersistency_0.8000,pathPersistency,0.8
trace,aodv,0.877809,0.875927,3294,4971,60,2476,4450,0.000000,0.000000,0.000000,298,0,2,64,0,180,graph_0009__pathPersistency_0.8000,pathPersistency,0.8
trace,dsdv,2.908183,2.900583,8389,9618,60,2308,3702,0.109091,0.054733,2.492723,275,30,0,0,0,1225,graph_0009__pathPersistency_0.8000,pathPersistency,0.8
trace,olsr,0.491560,0.491186,1578,3278,60,1482,3182,1.000000,0.084771,58.566092,6,6,0,0,0,9,graph_0009__pathPersistency_0.8000,pathPersistency,0.8
trace,aodv,0.694203,0.693610,2820,4641,60,2337,4219,0.000000,0.000000,0.000000,70,0,9,252,0,201,graph_0009__pathPersistency_0.8000,pathPersistency,0.8
trace,dsdv,0.764869,0.761892,2835,3699,60,1610,2477,0.949153,0.053806,54.434710,59,56,0,0,0,1051,graph_0009__pathPersistency_0.8000,pathPersistency,0.8
trace,olsr,0.524054,0.523940,1647,3370,60,1503,3226,1.000000,0.067457,58.297957,9,9,0,0,0,21,graph_0009__pathPersistency_0.8000,pathPersistency,0.8
trace,aodv,2.131019,2.130056,6109,7940,60,2677,4601,0.569444,0.030075,23.877678,288,164,31,62,0,828,graph_0009__pathPersistency_0.8000,pathPersistency,0.8
trace,dsdv,1.980800,1.980294,5514,6283,60,1846,2918,0.083333,0.054389,2.490263,360,30,0,0,0,1030,graph_0009__pathPersistency_0.8000,pathPersistency,0.8
trace,olsr,0.445131,0.444484,1487,3181,60,1487,3181,0.000000,0.000000,0.000000,0,0,0,0,0,15,graph_0009__pathPersistency_0.8000,pathPersistency,0.8
trace,aodv,2.471223,2.469699,6854,8840,60,2926,4959,0.661074,0.028501,27.530303,298,197,54,62,0,766,graph_0009__pathPersistency_0.8000,pathPersistency,0.8
trace,dsdv,0.800078,0.799491,2739,3827,60,1973,3243,0.000000,0.000000,0.000000,182,0,0,0,0,1168,graph_0009__pathPersistency_0.8000,pathPersistency,0.8
trace,olsr,0.447340,0.446181,1491,3190,60,1485,3185,0.000000,0.000000,0.000000,1,0,0,0,0,9,graph_0009__pathPersistency_0.8000,pathPersistency,0.8
trace,aodv,1.494955,1.492401,4626,6555,60,2745,4763,0.264901,0.122763,26.857295,151,40,22,187,0,554,graph_0009__pathPersistency_0.8000,pathPersistency,0.8
trace,dsdv,0.552738,0.552003,2173,3153,60,1627,2684,0.049383,0.233014,46.857726,81,4,0,0,0,957,graph_0009__pathPersistency_0.8000,pathPersistency,0.8
trace,olsr,0.521654,0.519857,1648,3307,60,1472,3131,1.000000,0.064651,58.133601,11,11,0,0,0,24,graph_0009__pathPersistency_0.8000,pathPersistency,0.8
trace,aodv,2.641361,2.639381,7506,9288,60,2904,4957,0.047222,0.065109,9.663736,360,17,72,1,0,937,graph_0009__pathPersistency_0.8000,pathPersistency,0.8
trace,dsdv,0.474111,0.471499,2325,3666,60,1965,3306,0.000000,0.000000,0.000000,0,0,0,0,0,981,graph_0009__pathPersistency_0.8000,pathPersistency,0.8
trace,olsr,0.443069,0.443010,1500,3214,60,1494,3209,0.000000,0.000000,0.000000,1,0,0,0,0,19,graph_0009__pathPersistency_0.8000,pathPersistency,0.8
trace,aodv,2.690967,2.689966,7436,9465,60,3095,5201,0.611111,0.032287,31.311636,360,220,63,3,0,772,graph_0009__pathPersistency_0.8000,pathPersistency,0.8
trace,dsdv,0.474017,0.473993,2408,3720,60,2048,3360,0.000000,0.000000,0.000000,0,0,0,0,0,1147,graph_0009__pathPersistency_0.8000,pathPersistency,0.8
trace,olsr,0.503619,0.503180,1577,3280,60,1481,3184,1.000000,0.083422,58.562926,6,6,0,0,0,8,graph_0009__pathPersistency_0.8000,pathPersistency,0.8
trace,aodv,0.929662,0.928973,3364,4863,60,2441,4298,0.000000,0.000000,0.000000,360,0,3,2,0,216,graph_0009__pathPersistency_0.8000,pathPersistency,0.8
trace,dsdv,0.461047,0.460988,2320,3660,60,1960,3300,0.000000,0.000000,0.000000,0,0,0,0,0,1072,graph_0009__pathPersistency_0.8000,pathPersistency,0.8
trace,olsr,0.297055,0.296864,1210,1951,60,1210,1951,0.000000,0.000000,0.000000,0,0,0,0,0,2,graph_0002__pathPersistency_0.2000,pathPersistency,0.2
trace,aodv,0.619802,0.619527,2690,3651,60,2206,3191,0.225806,0.097241,2.497115,31,7,0,314,0,106,graph_0002__pathPersistency_0.2000,pathPersistency,0.2
trace,dsdv,0.382354,0.382338,2018,2915,60,1658,2555,0.000000,0.000000,0.000000,0,0,0,0,0,775,graph_0002__pathPersistency_0.2000,pathPersistency,0.2
trace,olsr,0.301457,0.300745,1203,1947,60,1203,1947,0.000000,0.000000,0.000000,0,0,0,0,0,5,graph_0002__pathPersistency_0.2000,pathPersistency,0.2
trace,aodv,0.617178,0.615036,2703,3695,60,2195,3216,0.194444,0.105233,15.623518,36,7,0,314,0,88,graph_0002__pathPersistency_0.2000,pathPersistency,0.2
trace,dsdv,0.312004,0.310889,1682,2322,60,1322,1962,0.000000,0.000000,0.000000,0,0,0,0,0,673,graph_0002__pathPersistency_0.2000,pathPersistency,0.2
trace,olsr,0.314506,0.314317,1213,1963,60,1213,1963,0.000000,0.000000,0.000000,0,0,0,0,0,3,graph_0002__pathPersistency_0.2000,pathPersistency,0.2
trace,aodv,0.679445,0.679019,2777,3715,60,2297,3259,0.225806,0.099808,2.503525,31,7,0,314,0,162,graph_0002__pathPersistency_0.2000,pathPersistency,0.2
trace,dsdv,0.336864,0.336747,1828,2571,60,1468,2211,0.000000,0.000000,0.000000,0,0,0,0,0,763,graph_0002__pathPersistency_0.2000,pathPersistency,0.2
trace,olsr,0.303283,0.302805,1210,1961,60,1210,1961,0.000000,0.000000,0.000000,0,0,0,0,0,5,graph_0002__pathPersistency_0.2000,pathPersistency,0.2
trace,aodv,0.973400,0.971868,3440,4504,60,2573,3673,0.290909,0.004919,16.053246,55,16,3,250,0,257,graph_0002__pathPersistency_0.2000,pathPersistency,0.2
trace,dsdv,1.145095,1.143404,3261,3783,60,1505,2285,0.040293,0.002846,24.068046,273,11,0,0,0,815,graph_0002__pathPersistency_0.2000,pathPersistency,0.2
trace,olsr,0.302651,0.302627,1223,1980,60,1223,1980,0.000000,0.000000,0.000000,0,0,0,0,0,6,graph_0002__pathPersistency_0.2000,pathPersistency,0.2
trace,aodv,0.634706,0.634464,2700,3700,60,2216,3240,0.225806,0.092771,2.485048,31,7,0,314,0,89,graph_0002__pathPersistency_0.2000,pathPersistency,0.2
trace,dsdv,0.473922,0.473753,1991,2639,60,1440,2146,0.079365,0.202492,49.758113,63,5,0,0,0,789,graph_0002__pathPersistency_0.2000,pathPersistency,0.2
trace,olsr,0.305663,0.305621,1215,1963,60,1215,1963,0.000000,0.000000,0.000000,0,0,0,0,0,4,graph_0002__pathPersistency_0.2000,pathPersistency,0.2
trace,aodv,0.688166,0.687814,2907,3965,60,2351,3429,0.233333,0.098043,2.499208,30,7,5,315,0,121,graph_0002__pathPersistency_0.2000,pathPersistency,0.2
trace,dsdv,0.326426,0.326398,1802,2509,60,1442,2149,0.000000,0.000000,0.000000,0,0,0,0,0,781,graph_0002__pathPersistency_0.2000,pathPersistency,0.2
trace,olsr,0.307627,0.307392,1210,1962,60,1210,1962,0.000000,0.000000,0.000000,0,0,0,0,0,3,graph_0002__pathPersistency_0.2000,pathPersistency,0.2
trace,aodv,0.952049,0.950477,3460,4561,60,2576,3708,0.428571,0.004128,21.679570,56,24,1,250,0,239,graph_0002__pathPersistency_0.2000,pathPersistency,0.2
trace,dsdv,0.934175,0.932671,2679,3161,60,1510,2258,0.018315,0.068951,39.602205,273,5,2,0,0,788,graph_0002__pathPersistency_0.2000,pathPersistency,0.2
trace,olsr,0.309377,0.308231,1222,1990,60,1222,1990,0.000000,0.000000,0.000000,0,0,0,0,0,4,graph_0002__pathPersistency_0.2000,pathPersistency,0.2
trace,aodv,1.434969,1.431459,4447,5561,60,2852,4016,0.420168,0.009170,38.833602,119,50,19,187,0,701,graph_0002__pathPersistency_0.2000,pathPersistency,0.2
trace,dsdv,0.330597,0.329699,1764,2432,60,1404,2072,0.000000,0.000000,0.000000,0,0,0,0,0,692,graph_0002__pathPersistency_0.2000,pathPersistency,0.2
trace,olsr,0.290007,0.289929,1200,1926,60,1200,1926,0.000000,0.000000,0.000000,0,0,0,0,0,8,graph_0002__pathPersistency_0.2000,pathPersistency,0.2
trace,aodv,0.761503,0.761111,3037,4040,60,2373,3411,0.339623,0.005535,18.207148,53,18,0,250,0,126,graph_0002__pathPersistency_0.2000,pathPersistency,0.2
trace,dsdv,0.908337,0.907789,2671,3220,60,1462,2262,0.080586,0.007323,26.312184,273,22,0,0,0,786,graph_0002__pathPersistency_0.2000,pathPersistency,0.2
trace,olsr,0.303554,0.302469,1220,1974,60,1220,1974,0.000000,0.000000,0.000000,0,0,0,0,0,4,graph_0002__pathPersistency_0.2000,pathPersistency,0.2
trace,aodv,0.816035,0.815355,3163,4203,60,2430,3506,0.301887,0.009693,23.007628,53,16,3,250,0,241,graph_0002__pathPersistency_0.2000,pathPersistency,0.2
trace,dsdv,0.790043,0.789296,2455,3117,60,1548,2414,0.028571,0.158882,25.758778,210,6,0,0,0,828,graph_0002__pathPersistency_0.2000,pathPersistency,0.2
trace,olsr,2.746873,2.745592,7210,9685,60,1750,4225,1.000000,0.050529,36.643685,273,273,0,0,0,75,graph_0010__pathPersistency_1.0000,pathPersistency,1.0
trace,aodv,3.133856,3.132419,8668,10899,60,1975,4240,0.905556,0.050407,32.301355,360,326,0,0,0,202,graph_0010__pathPersistency_1.0000,pathPersistency,1.0
trace,dsdv,2.369501,2.368616,6726,7314,60,1206,1797,0.989011,0.050778,36.891811,273,270,0,0,0,968,graph_0010__pathPersistency_1.0000,pathPersistency,1.0
trace,olsr,2.791236,2.787279,7163,9549,60,1703,4089,1.000000,0.050499,36.643540,273,273,0,0,0,94,graph_0010__pathPersistency_1.0000,pathPersistency,1.0
trace,aodv,3.323635,3.318496,8966,11191,60,1961,4197,0.969444,0.050548,30.418590,360,349,0,0,0,199,graph_0010__pathPersistency_1.0000,pathPersistency,1.0
trace,dsdv,1.003834,1.001852,3230,3778,60,1183,1735,0.955556,0.052009,51.968584,90,86,0,0,0,982,graph_0010__pathPersistency_1.0000,pathPersistency,1.0
trace,olsr,2.765316,2.764484,7057,9480,60,1717,4140,1.000000,0.050541,37.135272,267,267,0,0,0,90,graph_0010__pathPersistency_1.0000,pathPersistency,1.0
trace,aodv,3.318756,3.318089,9008,11184,60,2002,4189,0.969444,0.050541,30.418548,360,349,0,0,0,251,graph_0010__pathPersistency_1.0000,pathPersistency,1.0
trace,dsdv,1.103739,1.103080,3611,4210,60,1234,1837,0.955556,0.052348,51.972774,90,86,0,0,0,1008,graph_0010__pathPersistency_1.0000,pathPersistency,1.0
trace,olsr,2.677910,2.677502,7079,9555,60,1759,4235,1.000000,0.050531,37.217061,266,266,0,0,0,60,graph_0010__pathPersistency_1.0000,pathPersistency,1.0
trace,aodv,3.021500,3.020531,8654,10535,60,1955,4196,0.000000,0.000000,0.000000,360,0,0,0,0,222,graph_0010__pathPersistency_1.0000,pathPersistency,1.0
trace,dsdv,0.694580,0.694487,2620,3265,60,1301,1950,0.923077,0.053590,55.086444,52,48,0,0,0,1031,graph_0010__pathPersistency_1.0000,pathPersistency,1.0
trace,olsr,2.525698,2.522944,6406,8832,60,1726,4152,1.000000,0.050599,39.838739,234,234,0,0,0,73,graph_0010__pathPersistency_1.0000,pathPersistency,1.0
trace,aodv,3.232145,3.222005,8988,10857,60,1982,4211,0.000000,0.000000,0.000000,360,0,0,0,0,211,graph_0010__pathPersistency_1.0000,pathPersistency,1.0
trace,dsdv,1.725455,1.722999,4985,5568,60,1209,1796,0.978022,0.051073,44.429187,182,178,0,0,0,964,graph_0010__pathPersistency_1.0000,pathPersistency,1.0
trace,olsr,2.747696,2.746735,7173,9673,60,1773,4273,1.000000,0.050536,36.889447,270,270,0,0,0,73,graph_0010__pathPersistency_1.0000,pathPersistency,1.0
trace,aodv,2.836944,2.835523,7831,10043,60,2022,4245,0.962963,0.050653,35.580042,297,286,0,63,0,246,graph_0010__pathPersistency_1.0000,pathPersistency,1.0
trace,dsdv,0.298992,0.298961,1668,2291,60,1308,1931,0.000000,0.000000,0.000000,0,0,0,0,0,1024,graph_0010__pathPersistency_1.0000,pathPersistency,1.0
trace,olsr,2.846088,2.840254,7340,9782,60,1740,4182,1.000000,0.050515,36.070203,280,280,0,0,0,83,graph_0010__pathPersistency_1.0000,pathPersistency,1.0
trace,aodv,3.325154,3.319350,8969,11167,60,1964,4173,0.969444,0.050567,30.418812,360,349,0,0,0,240,graph_0010__pathPersistency_1.0000,pathPersistency,1.0
trace,dsdv,4.890384,4.887868,12839,13414,60,1899,2474,0.763889,0.050527,22.553452,360,275,0,0,0,1017,graph_0010__pathPersistency_1.0000,pathPersistency,1.0
trace,olsr,2.780294,2.779649,7204,9662,60,1744,4202,1.000000,0.050537,36.643779,273,273,0,0,0,86,graph_0010__pathPersistency_1.0000,pathPersistency,1.0
trace,aodv,3.187797,3.186373,8970,10794,60,1964,4148,0.000000,0.000000,0.000000,360,0,0,0,0,262,graph_0010__pathPersistency_1.0000,pathPersistency,1.0
trace,dsdv,0.274760,0.274648,1536,2089,60,1176,1729,0.000000,0.000000,0.000000,0,0,0,0,0,924,graph_0010__pathPersistency_1.0000,pathPersistency,1.0
trace,olsr,2.760906,2.756231,7105,9554,60,1745,4194,1.000000,0.050511,37.053106,268,268,0,0,0,49,graph_0010__pathPersistency_1.0000,pathPersistency,1.0
trace,aodv,3.341096,3.338840,9005,11235,60,1999,4240,0.969444,0.050551,30.418672,360,349,0,0,0,195,graph_0010__pathPersistency_1.0000,pathPersistency,1.0
trace,dsdv,0.288080,0.287828,1604,2196,60,1244,1836,0.000000,0.000000,0.000000,0,0,0,0,0,980,graph_0010__pathPersistency_1.0000,pathPersistency,1.0
trace,olsr,2.718977,2.718318,7144,9636,60,1764,4256,1.000000,0.050515,36.971257,269,269,0,0,0,83,graph_0010__pathPersistency_1.0000,pathPersistency,1.0
trace,aodv,3.312742,3.310751,9007,11156,60,2001,4161,0.969444,0.050535,30.418528,360,349,0,0,0,296,graph_0010__pathPersistency_1.0000,pathPersistency,1.0
trace,dsdv,1.014474,1.012841,3388,4044,60,1344,2004,0.955556,0.051996,51.968477,90,86,0,0,0,1125,graph_0010__pathPersistency_1.0000,pathPersistency,1.0
trace,olsr,0.376169,0.375695,1285,2527,60,1285,2527,0.000000,0.000000,0.000000,0,0,0,0,0,3,graph_0003__pathPersistency_0.8000,pathPersistency,0.8
trace,aodv,2.489195,2.488671,6425,8402,60,2906,4987,0.577181,0.026176,32.129635,298,172,22,63,0,700,graph_0003__pathPersistency_0.8000,pathPersistency,0.8
trace,dsdv,0.900664,0.900599,2959,4143,60,1916,3152,0.422222,0.055887,47.889958,90,38,0,0,0,1088,graph_0003__pathPersistency_0.8000,pathPersistency,0.8
trace,olsr,0.380588,0.380425,1289,2530,60,1289,2530,0.000000,0.000000,0.000000,0,0,0,0,0,8,graph_0003__pathPersistency_0.8000,pathPersistency,0.8
trace,aodv,2.780116,2.780004,6620,8709,60,3263,5429,0.528620,0.027778,37.367477,297,157,63,63,0,596,graph_0003__pathPersistency_0.8000,pathPersistency,0.8
trace,dsdv,1.701607,1.701318,4858,6142,60,2376,3718,0.000000,0.000000,0.000000,90,0,0,0,0,1138,graph_0003__pathPersistency_0.8000,pathPersistency,0.8
trace,olsr,0.361527,0.361388,1293,2547,60,1293,2547,0.000000,0.000000,0.000000,0,0,0,0,0,8,graph_0003__pathPersistency_0.8000,pathPersistency,0.8
trace,aodv,2.732787,2.729947,6921,8822,60,3042,5107,0.441667,0.024567,34.512070,360,159,37,1,0,748,graph_0003__pathPersistency_0.8000,pathPersistency,0.8
trace,dsdv,0.879670,0.878603,2490,3381,60,1765,2866,0.027778,0.210280,24.662860,216,6,0,0,0,1160,graph_0003__pathPersistency_0.8000,pathPersistency,0.8
trace,olsr,0.374635,0.374632,1278,2512,60,1278,2512,0.000000,0.000000,0.000000,0,0,0,0,0,10,graph_0003__pathPersistency_0.8000,pathPersistency,0.8
trace,aodv,2.204987,2.204889,5734,7629,60,2721,4714,0.537879,0.025859,28.748813,264,142,25,62,0,557,graph_0003__pathPersistency_0.8000,pathPersistency,0.8
trace,dsdv,1.852468,1.851953,5225,6464,60,2363,3654,0.000000,0.000000,0.000000,90,0,0,0,0,1150,graph_0003__pathPersistency_0.8000,pathPersistency,0.8
trace,olsr,0.393588,0.391872,1301,2559,60,1301,2559,0.000000,0.000000,0.000000,0,0,0,0,0,6,graph_0003__pathPersistency_0.8000,pathPersistency,0.8
trace,aodv,2.760042,2.759235,6733,8791,60,3310,5450,0.557047,0.025276,29.781578,298,166,50,62,0,563,graph_0003__pathPersistency_0.8000,pathPersistency,0.8
trace,dsdv,2.002696,2.002496,4715,5804,60,2027,3407,0.106509,0.056252,7.095163,338,36,3,0,0,1084,graph_0003__pathPersistency_0.8000,pathPersistency,0.8
trace,olsr,0.386504,0.386317,1286,2540,60,1286,2540,0.000000,0.000000,0.000000,0,0,0,0,0,7,graph_0003__pathPersistency_0.8000,pathPersistency,0.8
trace,aodv,2.548566,2.547814,6335,8271,60,2864,4891,0.590604,0.026787,32.636405,298,176,32,63,0,588,graph_0003__pathPersistency_0.8000,pathPersistency,0.8
trace,dsdv,0.539707,0.539605,2348,3728,60,1988,3368,0.000000,0.000000,0.000000,0,0,0,0,0,1022,graph_0003__pathPersistency_0.8000,pathPersistency,0.8
trace,olsr,0.388932,0.388774,1297,2550,60,1297,2550,0.000000,0.000000,0.000000,0,0,0,0,0,7,graph_0003__pathPersistency_0.8000,pathPersistency,0.8
trace,aodv,2.743058,2.742247,6846,8954,60,3219,5400,0.614094,0.027868,32.259036,298,183,42,62,0,571,graph_0003__pathPersistency_0.8000,pathPersistency,0.8
trace,dsdv,0.913597,0.913536,2694,3597,60,1636,2690,0.170330,0.056570,32.406978,182,31,0,0,0,918,graph_0003__pathPersistency_0.8000,pathPersistency,0.8
trace,olsr,0.376652,0.376636,1282,2525,60,1282,2525,0.000000,0.000000,0.000000,0,0,0,0,0,8,graph_0003__pathPersistency_0.8000,pathPersistency,0.8
trace,aodv,2.333398,2.332847,6355,8261,60,2767,4764,0.614094,0.027861,31.961788,298,183,24,62,0,584,graph_0003__pathPersistency_0.8000,pathPersistency,0.8
trace,dsdv,0.450170,0.450093,2131,3276,60,1771,2916,0.000000,0.000000,0.000000,0,0,0,0,0,955,graph_0003__pathPersistency_0.8000,pathPersistency,0.8
trace,olsr,0.370577,0.370553,1277,2503,60,1277,2503,0.000000,0.000000,0.000000,0,0,0,0,0,9,graph_0003__pathPersistency_0.8000,pathPersistency,0.8
trace,aodv,2.347081,2.346435,6205,8088,60,2908,4907,0.510067,0.023142,34.322161,298,152,30,62,0,660,graph_0003__pathPersistency_0.8000,pathPersistency,0.8
trace,dsdv,0.931762,0.931456,2636,3509,60,1631,2677,0.023148,0.179450,24.674994,216,5,0,0,0,978,graph_0003__pathPersistency_0.8000,pathPersistency,0.8
trace,olsr,0.373775,0.373749,1281,2537,60,1281,2537,0.000000,0.000000,0.000000,0,0,0,0,0,7,graph_0003__pathPersistency_0.8000,pathPersistency,0.8
trace,aodv,2.402209,2.402035,6178,8274,60,3196,5343,0.634043,0.026346,37.668743,235,149,35,125,0,555,graph_0003__pathPersistency_0.8000,pathPersistency,0.8
trace,dsdv,2.844160,2.843833,6920,7858,60,1949,3168,0.033333,0.063051,1.032559,360,12,0,0,0,1035,graph_0003__pathPersistency_0.8000,pathPersistency,0.8
trace,olsr,0.310510,0.310492,1207,2098,60,1207,2098,0.000000,0.000000,0.000000,0,0,0,0,0,7,graph_0005__pathPersistency_0.5000,pathPersistency,0.5
trace,aodv,0.990259,0.990199,3550,4803,60,2586,3940,0.000000,0.000000,0.000000,118,0,17,186,0,380,graph_0005__pathPersistency_0.5000,pathPersistency,0.5
trace,dsdv,1.150020,1.149682,3640,4416,60,1594,2507,0.053922,0.070917,27.194008,204,11,0,0,0,843,graph_0005__pathPersistency_0.5000,pathPersistency,0.5
trace,olsr,0.318712,0.317343,1198,2094,60,1198,2094,0.000000,0.000000,0.000000,0,0,0,0,0,6,graph_0005__pathPersistency_0.5000,pathPersistency,0.5
trace,aodv,0.930213,0.927062,3284,4696,60,2471,3926,0.318841,0.009524,32.802873,69,22,5,250,0,204,graph_0005__pathPersistency_0.5000,pathPersistency,0.5
trace,dsdv,0.843178,0.841542,2739,3627,60,1696,2735,0.170330,0.056716,32.408107,182,31,0,0,0,750,graph_0005__pathPersistency_0.5000,pathPersistency,0.5
trace,olsr,0.308851,0.308798,1204,2099,60,1204,2099,0.000000,0.000000,0.000000,0,0,0,0,0,8,graph_0005__pathPersistency_0.5000,pathPersistency,0.5
trace,aodv,1.368880,1.367844,4329,5724,60,2939,4484,0.148718,0.007679,34.616160,195,29,16,126,0,473,graph_0005__pathPersistency_0.5000,pathPersistency,0.5
trace,dsdv,1.205716,1.204510,3722,4431,60,1630,2465,0.102941,0.015306,31.972522,204,21,0,0,0,789,graph_0005__pathPersistency_0.5000,pathPersistency,0.5
trace,olsr,0.303815,0.303590,1196,2078,60,1196,2078,0.000000,0.000000,0.000000,0,0,0,0,0,8,graph_0005__pathPersistency_0.5000,pathPersistency,0.5
trace,aodv,1.043960,1.042835,3600,5045,60,2749,4241,0.275362,0.028560,38.438543,69,19,3,251,0,267,graph_0005__pathPersistency_0.5000,pathPersistency,0.5
trace,dsdv,0.983757,0.983045,3441,4254,60,1601,2483,0.000000,0.000000,0.000000,90,0,0,0,0,783,graph_0005__pathPersistency_0.5000,pathPersistency,0.5
trace,olsr,0.296575,0.296556,1191,2075,60,1191,2075,0.000000,0.000000,0.000000,0,0,0,0,0,6,graph_0005__pathPersistency_0.5000,pathPersistency,0.5
trace,aodv,1.424628,1.422459,4533,5939,60,3220,4847,0.036885,0.007032,29.890675,244,9,16,62,0,525,graph_0005__pathPersistency_0.5000,pathPersistency,0.5
trace,dsdv,0.560240,0.560194,2161,2941,60,1574,2461,0.036036,2.379957,41.873923,111,4,0,0,0,744,graph_0005__pathPersistency_0.5000,pathPersistency,0.5
trace,olsr,0.319135,0.319081,1211,2101,60,1211,2101,0.000000,0.000000,0.000000,0,0,0,0,0,10,graph_0005__pathPersistency_0.5000,pathPersistency,0.5
trace,aodv,1.052981,1.050290,3646,4973,60,2283,3669,0.443396,0.016594,43.398851,106,47,0,251,0,286,graph_0005__pathPersistency_0.5000,pathPersistency,0.5
trace,dsdv,0.948368,0.945210,2923,3582,60,1641,2502,0.000000,0.000000,0.000000,204,0,0,0,0,758,graph_0005__pathPersistency_0.5000,pathPersistency,0.5
trace,olsr,0.305491,0.305398,1206,2107,60,1206,2107,0.000000,0.000000,0.000000,0,0,0,0,0,3,graph_0005__pathPersistency_0.5000,pathPersistency,0.5
trace,aodv,1.023274,1.022613,3618,4928,60,2261,3622,0.518868,0.018014,40.841772,106,55,0,251,0,357,graph_0005__pathPersistency_0.5000,pathPersistency,0.5
trace,dsdv,0.795336,0.794395,2706,3491,60,1654,2621,0.000000,0.000000,0.000000,182,0,0,0,0,908,graph_0005__pathPersistency_0.5000,pathPersistency,0.5
trace,olsr,0.303389,0.303366,1206,2112,60,1206,2112,0.000000,0.000000,0.000000,0,0,0,0,0,4,graph_0005__pathPersistency_0.5000,pathPersistency,0.5
trace,aodv,0.965841,0.965662,3380,4822,60,2709,4170,0.281250,1.366655,53.799775,32,9,6,316,0,347,graph_0005__pathPersistency_0.5000,pathPersistency,0.5
trace,dsdv,0.622699,0.622006,2422,3381,60,1652,2682,0.211111,0.060741,46.507056,90,19,0,0,0,739,graph_0005__pathPersistency_0.5000,pathPersistency,0.5
trace,olsr,0.305158,0.304808,1217,2135,60,1217,2135,0.000000,0.000000,0.000000,0,0,0,0,0,5,graph_0005__pathPersistency_0.5000,pathPersistency,0.5
trace,aodv,0.877896,0.876480,3218,4601,60,2368,3799,0.304348,0.011481,31.180456,69,21,0,250,0,230,graph_0005__pathPersistency_0.5000,pathPersistency,0.5
trace,dsdv,1.251036,1.249440,3993,4892,60,1604,2584,0.114754,0.066621,40.871270,122,14,0,0,0,766,graph_0005__pathPersistency_0.5000,pathPersistency,0.5
trace,olsr,0.301945,0.301927,1205,2099,60,1205,2099,0.000000,0.000000,0.000000,0,0,0,0,0,9,graph_0005__pathPersistency_0.5000,pathPersistency,0.5
trace,aodv,1.553405,1.551899,4808,6265,60,2719,4255,0.491124,0.019776,41.604748,169,83,7,188,0,462,graph_0005__pathPersistency_0.5000,pathPersistency,0.5
trace,dsdv,0.670190,0.669664,2412,3250,60,1621,2566,0.144000,0.064363,40.546598,125,18,0,0,0,757,graph_0005__pathPersistency_0.5000,pathPersistency,0.5
trace,olsr,0.251461,0.250763,1114,1445,60,1114,1445,0.000000,0.000000,0.000000,0,0,0,0,0,2,graph_0007__pathPersistency_0.1000,pathPersistency,0.1
trace,aodv,0.589427,0.588608,2710,3195,60,2119,2617,0.481481,0.068163,33.911262,27,13,1,314,0,80,graph_0007__pathPersistency_0.1000,pathPersistency,0.1
trace,dsdv,0.207530,0.207415,1315,1673,60,955,1313,0.000000,0.000000,0.000000,0,0,0,0,0,432,graph_0007__pathPersistency_0.1000,pathPersistency,0.1
trace,olsr,0.253307,0.253082,1117,1453,60,1117,1453,0.000000,0.000000,0.000000,0,0,0,0,0,3,graph_0007__pathPersistency_0.1000,pathPersistency,0.1
trace,aodv,0.392241,0.391895,2333,2837,60,1973,2477,0.000000,0.000000,0.000000,0,0,0,315,0,64,graph_0007__pathPersistency_0.1000,pathPersistency,0.1
trace,dsdv,0.211705,0.211245,1306,1625,60,946,1265,0.000000,0.000000,0.000000,0,0,0,0,0,426,graph_0007__pathPersistency_0.1000,pathPersistency,0.1
trace,olsr,0.253892,0.253866,1117,1452,60,1117,1452,0.000000,0.000000,0.000000,0,0,0,0,0,1,graph_0007__pathPersistency_0.1000,pathPersistency,0.1
trace,aodv,0.591369,0.591227,2721,3214,60,2130,2636,0.481481,0.067940,33.910047,27,13,1,314,0,67,graph_0007__pathPersistency_0.1000,pathPersistency,0.1
trace,dsdv,0.508294,0.508274,1617,1725,60,928,1211,0.038462,0.098371,30.516385,182,7,0,0,0,513,graph_0007__pathPersistency_0.1000,pathPersistency,0.1
trace,olsr,0.257338,0.255235,1118,1444,60,1118,1444,0.000000,0.000000,0.000000,0,0,0,0,0,6,graph_0007__pathPersistency_0.1000,pathPersistency,0.1
trace,aodv,0.595063,0.594032,2678,3173,60,2090,2598,0.500000,0.067709,33.908744,26,13,0,314,0,70,graph_0007__pathPersistency_0.1000,pathPersistency,0.1
trace,dsdv,0.208268,0.207874,1262,1551,60,902,1191,0.000000,0.000000,0.000000,0,0,0,0,0,423,graph_0007__pathPersistency_0.1000,pathPersistency,0.1
trace,olsr,0.253962,0.253897,1113,1441,60,1113,1441,0.000000,0.000000,0.000000,0,0,0,0,0,0,graph_0007__pathPersistency_0.1000,pathPersistency,0.1
trace,aodv,0.585511,0.585195,2687,3191,60,2092,2609,0.481481,0.067550,33.907886,27,13,1,314,0,60,graph_0007__pathPersistency_0.1000,pathPersistency,0.1
trace,dsdv,0.233540,0.233508,1405,1786,60,1045,1426,0.000000,0.000000,0.000000,0,0,0,0,0,470,graph_0007__pathPersistency_0.1000,pathPersistency,0.1
trace,olsr,0.258342,0.258144,1118,1452,60,1118,1452,0.000000,0.000000,0.000000,0,0,0,0,0,2,graph_0007__pathPersistency_0.1000,pathPersistency,0.1
trace,aodv,0.612549,0.612487,2740,3248,60,2149,2670,0.481481,0.067239,33.906246,27,13,1,314,0,67,graph_0007__pathPersistency_0.1000,pathPersistency,0.1
trace,dsdv,0.220387,0.220353,1317,1616,60,957,1256,0.000000,0.000000,0.000000,0,0,0,0,0,503,graph_0007__pathPersistency_0.1000,pathPersistency,0.1
trace,olsr,0.242786,0.242609,1116,1440,60,1116,1440,0.000000,0.000000,0.000000,0,0,0,0,0,4,graph_0007__pathPersistency_0.1000,pathPersistency,0.1
trace,aodv,0.407097,0.405312,2327,2834,60,1967,2474,0.000000,0.000000,0.000000,0,0,0,315,0,54,graph_0007__pathPersistency_0.1000,pathPersistency,0.1
trace,dsdv,0.212698,0.212677,1277,1599,60,917,1239,0.000000,0.000000,0.000000,0,0,0,0,0,432,graph_0007__pathPersistency_0.1000,pathPersistency,0.1
trace,olsr,0.255049,0.254850,1113,1435,60,1113,1435,0.000000,0.000000,0.000000,0,0,0,0,0,4,graph_0007__pathPersistency_0.1000,pathPersistency,0.1
trace,aodv,0.583758,0.583069,2667,3157,60,2080,2583,0.500000,0.068593,33.913432,26,13,0,314,0,77,graph_0007__pathPersistency_0.1000,pathPersistency,0.1
trace,dsdv,0.217046,0.216312,1317,1660,60,957,1300,0.000000,0.000000,0.000000,0,0,0,0,0,393,graph_0007__pathPersistency_0.1000,pathPersistency,0.1
trace,olsr,0.253829,0.253621,1112,1440,60,1112,1440,0.000000,0.000000,0.000000,0,0,0,0,0,4,graph_0007__pathPersistency_0.1000,pathPersistency,0.1
trace,aodv,0.404593,0.404384,2333,2866,60,1973,2506,0.000000,0.000000,0.000000,0,0,0,315,0,30,graph_0007__pathPersistency_0.1000,pathPersistency,0.1
trace,dsdv,0.202404,0.202366,1278,1565,60,918,1205,0.000000,0.000000,0.000000,0,0,0,0,0,429,graph_0007__pathPersistency_0.1000,pathPersistency,0.1
trace,olsr,0.248491,0.248477,1111,1427,60,1111,1427,0.000000,0.000000,0.000000,0,0,0,0,0,7,graph_0007__pathPersistency_0.1000,pathPersistency,0.1
trace,aodv,0.596569,0.596542,2730,3273,60,2136,2692,0.481481,0.067458,33.907582,27,13,1,314,0,72,graph_0007__pathPersistency_0.1000,pathPersistency,0.1
trace,dsdv,0.209913,0.209781,1292,1575,60,932,1215,0.000000,0.000000,0.000000,0,0,0,0,0,456,graph_0007__pathPersistency_0.1000,pathPersistency,0.1
trace,olsr,0.304308,0.304295,1206,2117,60,1206,2117,0.000000,0.000000,0.000000,0,0,0,0,0,7,graph_0004__pathPersistency_0.4000,pathPersistency,0.4
trace,aodv,1.467040,1.466177,4726,5954,60,2729,4075,0.019868,8.427602,23.876113,151,3,30,187,0,446,graph_0004__pathPersistency_0.4000,pathPersistency,0.4
trace,dsdv,0.416455,0.415852,1959,2661,60,1452,2170,0.304348,0.091383,56.547850,23,7,0,0,0,984,graph_0004__pathPersistency_0.4000,pathPersistency,0.4
trace,olsr,0.313360,0.313025,1209,2119,60,1209,2119,0.000000,0.000000,0.000000,0,0,0,0,0,7,graph_0004__pathPersistency_0.4000,pathPersistency,0.4
trace,aodv,1.278943,1.278011,4216,5432,60,2608,3901,0.384106,0.012597,23.409107,151,58,16,187,0,347,graph_0004__pathPersistency_0.4000,pathPersistency,0.4
trace,dsdv,0.353716,0.352756,1872,2606,60,1512,2246,0.000000,0.000000,0.000000,0,0,0,0,0,984,graph_0004__pathPersistency_0.4000,pathPersistency,0.4
trace,olsr,0.318395,0.317153,1201,2111,60,1201,2111,0.000000,0.000000,0.000000,0,0,0,0,0,8,graph_0004__pathPersistency_0.4000,pathPersistency,0.4
trace,aodv,1.282349,1.280891,4122,5311,60,2675,3956,0.271523,0.016333,7.257941,151,41,18,187,0,299,graph_0004__pathPersistency_0.4000,pathPersistency,0.4
trace,dsdv,0.379593,0.379036,1950,2774,60,1590,2414,0.000000,0.000000,0.000000,0,0,0,0,0,1030,graph_0004__pathPersistency_0.4000,pathPersistency,0.4
trace,olsr,0.325094,0.324834,1200,2101,60,1200,2101,0.000000,0.000000,0.000000,0,0,0,0,0,5,graph_0004__pathPersistency_0.4000,pathPersistency,0.4
trace,aodv,1.170362,1.169546,3917,5156,60,2646,3962,0.314685,0.007731,26.232946,143,45,21,188,0,305,graph_0004__pathPersistency_0.4000,pathPersistency,0.4
trace,dsdv,0.347247,0.347214,1892,2670,60,1532,2310,0.000000,0.000000,0.000000,0,0,0,0,0,984,graph_0004__pathPersistency_0.4000,pathPersistency,0.4
trace,olsr,0.312684,0.312664,1215,2133,60,1215,2133,0.000000,0.000000,0.000000,0,0,0,0,0,6,graph_0004__pathPersistency_0.4000,pathPersistency,0.4
trace,aodv,1.541425,1.540511,4781,5945,60,2628,3860,0.427184,0.014007,26.150569,206,88,51,126,0,511,graph_0004__pathPersistency_0.4000,pathPersistency,0.4
trace,dsdv,0.621329,0.620959,2086,2555,60,1363,2025,0.053922,0.073003,27.203760,204,11,0,0,0,963,graph_0004__pathPersistency_0.4000,pathPersistency,0.4
trace,olsr,0.300333,0.300325,1208,2111,60,1208,2111,0.000000,0.000000,0.000000,0,0,0,0,0,6,graph_0004__pathPersistency_0.4000,pathPersistency,0.4
trace,aodv,1.425383,1.424449,4552,5774,60,2679,3972,0.476821,0.014158,22.131790,151,72,8,187,0,531,graph_0004__pathPersistency_0.4000,pathPersistency,0.4
trace,dsdv,0.312654,0.312599,1735,2419,60,1375,2059,0.000000,0.000000,0.000000,0,0,0,0,0,948,graph_0004__pathPersistency_0.4000,pathPersistency,0.4
trace,olsr,0.324899,0.324848,1215,2129,60,1215,2129,0.000000,0.000000,0.000000,0,0,0,0,0,6,graph_0004__pathPersistency_0.4000,pathPersistency,0.4
trace,aodv,1.096114,1.094860,3739,4960,60,2470,3724,0.559524,0.017907,6.625433,84,47,5,251,0,190,graph_0004__pathPersistency_0.4000,pathPersistency,0.4
trace,dsdv,0.362798,0.362296,1896,2670,60,1536,2310,0.000000,0.000000,0.000000,0,0,0,0,0,961,graph_0004__pathPersistency_0.4000,pathPersistency,0.4
trace,olsr,0.316763,0.316711,1213,2141,60,1213,2141,0.000000,0.000000,0.000000,0,0,0,0,0,3,graph_0004__pathPersistency_0.4000,pathPersistency,0.4
trace,aodv,1.332008,1.331544,4369,5531,60,2608,3887,0.104167,0.316528,53.508016,144,15,13,188,0,444,graph_0004__pathPersistency_0.4000,pathPersistency,0.4
trace,dsdv,0.395906,0.395173,2090,2840,60,1730,2480,0.000000,0.000000,0.000000,0,0,0,0,0,983,graph_0004__pathPersistency_0.4000,pathPersistency,0.4
trace,olsr,0.310840,0.310803,1213,2135,60,1213,2135,0.000000,0.000000,0.000000,0,0,0,0,0,4,graph_0004__pathPersistency_0.4000,pathPersistency,0.4
trace,aodv,1.482079,1.481535,4719,5935,60,2744,4056,0.245033,0.018917,38.057853,151,37,18,187,0,352,graph_0004__pathPersistency_0.4000,pathPersistency,0.4
trace,dsdv,0.367886,0.367846,1951,2734,60,1591,2374,0.000000,0.000000,0.000000,0,0,0,0,0,1039,graph_0004__pathPersistency_0.4000,pathPersistency,0.4
trace,olsr,0.307575,0.307245,1206,2114,60,1206,2114,0.000000,0.000000,0.000000,0,0,0,0,0,9,graph_0004__pathPersistency_0.4000,pathPersistency,0.4
trace,aodv,1.485333,1.485039,4704,5945,60,2751,4094,0.291925,0.017884,6.627904,161,47,12,188,0,413,graph_0004__pathPersistency_0.4000,pathPersistency,0.4
trace,dsdv,0.313066,0.313043,1718,2376,60,1358,2016,0.000000,0.000000,0.000000,0,0,0,0,0,859,graph_0004__pathPersistency_0.4000,pathPersistency,0.4
trace,olsr,0.714514,0.714412,2089,3894,60,1449,3254,1.000000,0.053386,55.737574,40,40,0,0,0,16,graph_0006__pathPersistency_0.9000,pathPersistency,0.9
trace,aodv,2.443930,2.442908,6791,8806,60,2720,4879,0.541667,0.028231,26.393800,360,195,21,0,0,440,graph_0006__pathPersistency_0.9000,pathPersistency,0.9
trace,dsdv,0.824092,0.823242,3036,4397,60,1911,3278,0.886792,0.052388,55.159236,53,47,0,0,0,1306,graph_0006__pathPersistency_0.9000,pathPersistency,0.9
trace,olsr,0.745336,0.744480,2150,4076,60,1526,3452,1.000000,0.053240,55.818457,39,39,0,0,0,37,graph_0006__pathPersistency_0.9000,pathPersistency,0.9
trace,aodv,2.735673,2.734066,7503,9633,60,2629,4846,0.711111,0.037053,33.306887,360,256,18,0,0,685,graph_0006__pathPersistency_0.9000,pathPersistency,0.9
trace,dsdv,0.430805,0.430332,2090,3318,60,1730,2958,0.000000,0.000000,0.000000,0,0,0,0,0,1083,graph_0006__pathPersistency_0.9000,pathPersistency,0.9
trace,olsr,0.683110,0.682627,2003,3879,60,1491,3367,1.000000,0.054105,56.394175,32,32,0,0,0,19,graph_0006__pathPersistency_0.9000,pathPersistency,0.9
trace,aodv,2.761126,2.758382,7469,9549,60,2532,4680,0.747222,0.038935,33.129996,360,269,23,0,0,566,graph_0006__pathPersistency_0.9000,pathPersistency,0.9
trace,dsdv,0.452152,0.451665,2207,3522,60,1847,3162,0.000000,0.000000,0.000000,0,0,0,0,0,1142,graph_0006__pathPersistency_0.9000,pathPersistency,0.9
trace,olsr,0.692411,0.691324,2021,3865,60,1477,3321,1.000000,0.053690,56.228765,34,34,0,0,0,33,graph_0006__pathPersistency_0.9000,pathPersistency,0.9
trace,aodv,2.744665,2.736646,7357,9532,60,2789,5023,0.661111,0.034450,33.007160,360,238,63,2,0,396,graph_0006__pathPersistency_0.9000,pathPersistency,0.9
trace,dsdv,3.577517,3.566181,9142,10107,60,4950,6047,0.000000,0.000000,0.000000,182,0,0,0,0,1187,graph_0006__pathPersistency_0.9000,pathPersistency,0.9
trace,olsr,0.664337,0.662463,1921,3821,60,1521,3421,1.000000,0.055646,56.971469,25,25,0,0,0,21,graph_0006__pathPersistency_0.9000,pathPersistency,0.9
trace,aodv,2.514211,2.505581,6823,8999,60,2640,4859,0.751678,0.032434,34.557671,298,224,31,62,0,337,graph_0006__pathPersistency_0.9000,pathPersistency,0.9
trace,dsdv,1.048358,1.046573,3385,4483,60,1585,2686,0.966667,0.052326,51.889531,90,87,0,0,0,1060,graph_0006__pathPersistency_0.9000,pathPersistency,0.9
trace,olsr,0.716254,0.715998,2094,4004,60,1518,3428,1.000000,0.053578,56.065003,36,36,0,0,0,27,graph_0006__pathPersistency_0.9000,pathPersistency,0.9
trace,aodv,1.934479,1.933442,5649,7803,60,2522,4732,0.702128,0.025133,38.910956,235,165,14,125,0,338,graph_0006__pathPersistency_0.9000,pathPersistency,0.9
trace,dsdv,0.749711,0.749376,2917,4174,60,1835,3161,0.241758,0.054569,57.209015,91,22,0,0,0,1168,graph_0006__pathPersistency_0.9000,pathPersistency,0.9
trace,olsr,0.705339,0.705278,2057,3893,60,1481,3317,1.000000,0.053698,56.065606,36,36,0,0,0,19,graph_0006__pathPersistency_0.9000,pathPersistency,0.9
trace,aodv,2.100265,2.096502,5967,8165,60,2750,5026,0.625000,0.035606,20.557645,248,155,16,62,0,445,graph_0006__pathPersistency_0.9000,pathPersistency,0.9
trace,dsdv,1.916912,1.908668,5720,6946,60,2094,3363,0.000000,0.000000,0.000000,90,0,0,0,0,1141,graph_0006__pathPersistency_0.9000,pathPersistency,0.9
trace,olsr,0.755420,0.754856,2140,4057,60,1516,3433,1.000000,0.053493,55.819757,39,39,0,0,0,17,graph_0006__pathPersistency_0.9000,pathPersistency,0.9
trace,aodv,2.611757,2.610711,7216,9318,60,2512,4700,0.702778,0.036625,32.320216,360,253,22,0,0,402,graph_0006__pathPersistency_0.9000,pathPersistency,0.9
trace,dsdv,0.446625,0.446432,2171,3397,60,1811,3037,0.000000,0.000000,0.000000,0,0,0,0,0,1127,graph_0006__pathPersistency_0.9000,pathPersistency,0.9
trace,olsr,0.690002,0.689780,1987,3848,60,1491,3352,1.000000,0.054318,56.476830,31,31,0,0,0,36,graph_0006__pathPersistency_0.9000,pathPersistency,0.9
trace,aodv,2.640691,2.633300,7127,9309,60,2648,4864,0.808725,0.034898,34.854154,298,241,23,63,0,604,graph_0006__pathPersistency_0.9000,pathPersistency,0.9
trace,dsdv,1.952039,1.946429,5293,6479,60,1900,3278,0.197802,0.019517,25.084232,273,54,0,0,0,1179,graph_0006__pathPersistency_0.9000,pathPersistency,0.9
trace,olsr,0.681924,0.681289,1987,3833,60,1491,3337,1.000000,0.054424,56.477192,31,31,0,0,0,42,graph_0006__pathPersistency_0.9000,pathPersistency,0.9
trace,aodv,2.782759,2.781071,7523,9617,60,2587,4731,0.747222,0.038950,32.123549,360,269,41,0,0,423,graph_0006__pathPersistency_0.9000,pathPersistency,0.9
trace,dsdv,0.438818,0.438320,2124,3397,60,1764,3037,0.000000,0.000000,0.000000,0,0,0,0,0,1102,graph_0006__pathPersistency_0.9000,pathPersistency,0.9
trace,olsr,0.309715,0.309663,1233,2098,60,1233,2098,0.000000,0.000000,0.000000,0,0,0,0,0,4,graph_0003__pathPersistency_0.5000,pathPersistency,0.5
trace,aodv,1.209454,1.206793,4069,5401,60,2473,3915,0.317919,0.009834,27.526777,173,55,8,188,0,398,graph_0003__pathPersistency_0.5000,pathPersistency,0.5
trace,dsdv,0.366537,0.366347,1960,2861,60,1600,2501,0.000000,0.000000,0.000000,0,0,0,0,0,898,graph_0003__pathPersistency_0.5000,pathPersistency,0.5
trace,olsr,0.473534,0.466434,1240,2117,60,1240,2117,0.000000,0.000000,0.000000,0,0,0,0,0,5,graph_0003__pathPersistency_0.5000,pathPersistency,0.5
trace,aodv,2.316990,2.311534,5487,6860,60,3109,4593,0.431034,0.019587,27.496009,232,100,21,124,0,681,graph_0003__pathPersistency_0.5000,pathPersistency,0.5
trace,dsdv,0.381882,0.381440,1761,2474,60,1401,2114,0.000000,0.000000,0.000000,0,0,0,0,0,877,graph_0003__pathPersistency_0.5000,pathPersistency,0.5
trace,olsr,0.326322,0.326308,1238,2109,60,1238,2109,0.000000,0.000000,0.000000,0,0,0,0,0,3,graph_0003__pathPersistency_0.5000,pathPersistency,0.5
trace,aodv,2.045884,2.045612,5701,7085,60,3089,4564,0.465812,0.017214,24.203798,234,109,34,126,0,741,graph_0003__pathPersistency_0.5000,pathPersistency,0.5
trace,dsdv,1.121439,1.121064,2831,3477,60,1613,2473,0.004545,0.000139,26.060444,220,1,0,0,0,853,graph_0003__pathPersistency_0.5000,pathPersistency,0.5
trace,olsr,0.373938,0.373918,1232,2089,60,1232,2089,0.000000,0.000000,0.000000,0,0,0,0,0,7,graph_0003__pathPersistency_0.5000,pathPersistency,0.5
trace,aodv,1.804348,1.803325,5176,6539,60,2969,4458,0.341880,0.012639,21.961412,234,80,28,126,0,562,graph_0003__pathPersistency_0.5000,pathPersistency,0.5
trace,dsdv,1.422127,1.421954,3687,4422,60,1713,2741,0.186111,0.016390,14.822071,360,67,0,0,0,1053,graph_0003__pathPersistency_0.5000,pathPersistency,0.5
trace,olsr,0.360003,0.359996,1229,2081,60,1229,2081,0.000000,0.000000,0.000000,0,0,0,0,0,8,graph_0003__pathPersistency_0.5000,pathPersistency,0.5
trace,aodv,1.853077,1.852735,5520,6917,60,3021,4532,0.434043,0.016119,22.415423,235,102,19,125,0,598,graph_0003__pathPersistency_0.5000,pathPersistency,0.5
trace,dsdv,0.626955,0.626897,2267,3086,60,1638,2548,0.000000,0.000000,0.000000,91,0,0,0,0,964,graph_0003__pathPersistency_0.5000,pathPersistency,0.5
trace,olsr,0.358069,0.357731,1234,2096,60,1234,2096,0.000000,0.000000,0.000000,0,0,0,0,0,5,graph_0003__pathPersistency_0.5000,pathPersistency,0.5
trace,aodv,1.514985,1.512912,3903,5089,60,2503,3808,0.296512,0.008055,21.262585,172,51,4,189,0,268,graph_0003__pathPersistency_0.5000,pathPersistency,0.5
trace,dsdv,1.917483,1.917399,4380,5022,60,1694,2636,0.119444,0.040922,5.244437,360,43,0,0,0,1019,graph_0003__pathPersistency_0.5000,pathPersistency,0.5
trace,olsr,0.339955,0.339791,1239,2100,60,1239,2100,0.000000,0.000000,0.000000,0,0,0,0,0,11,graph_0003__pathPersistency_0.5000,pathPersistency,0.5
trace,aodv,1.159186,1.159098,3844,5088,60,2442,3765,0.250000,0.057828,6.852206,108,27,2,252,0,386,graph_0003__pathPersistency_0.5000,pathPersistency,0.5
trace,dsdv,0.377698,0.377695,1895,2692,60,1535,2332,0.000000,0.000000,0.000000,0,0,0,0,0,874,graph_0003__pathPersistency_0.5000,pathPersistency,0.5
trace,olsr,0.312379,0.312358,1235,2105,60,1235,2105,0.000000,0.000000,0.000000,0,0,0,0,0,3,graph_0003__pathPersistency_0.5000,pathPersistency,0.5
trace,aodv,1.153890,1.153779,3592,4830,60,2417,3706,0.452830,0.009180,22.160301,106,48,7,251,0,201,graph_0003__pathPersistency_0.5000,pathPersistency,0.5
trace,dsdv,0.379391,0.379319,1892,2705,60,1532,2345,0.000000,0.000000,0.000000,0,0,0,0,0,934,graph_0003__pathPersistency_0.5000,pathPersistency,0.5
trace,olsr,0.381446,0.381400,1240,2128,60,1240,2128,0.000000,0.000000,0.000000,0,0,0,0,0,4,graph_0003__pathPersistency_0.5000,pathPersistency,0.5
trace,aodv,1.454451,1.451872,4423,5547,60,2629,3951,0.116379,0.057084,6.846650,232,27,7,124,0,353,graph_0003__pathPersistency_0.5000,pathPersistency,0.5
trace,dsdv,0.448392,0.447672,2007,2914,60,1647,2554,0.000000,0.000000,0.000000,0,0,0,0,0,999,graph_0003__pathPersistency_0.5000,pathPersistency,0.5
trace,olsr,0.330502,0.330490,1235,2103,60,1235,2103,0.000000,0.000000,0.000000,0,0,0,0,0,1,graph_0003__pathPersistency_0.5000,pathPersistency,0.5
trace,aodv,1.086987,1.086513,3571,4885,60,2447,3821,0.429907,0.008799,20.957666,107,46,1,250,0,265,graph_0003__pathPersistency_0.5000,pathPersistency,0.5
trace,dsdv,0.495599,0.495545,2097,2878,60,1621,2492,0.000000,0.000000,0.000000,90,0,0,0,0,958,graph_0003__pathPersistency_0.5000,pathPersistency,0.5
trace,olsr,0.306694,0.306402,1201,1987,60,1201,1987,0.000000,0.000000,0.000000,0,0,0,0,0,2,graph_0006__pathPersistency_0.4000,pathPersistency,0.4
trace,aodv,0.758807,0.758502,2980,4196,60,2235,3492,0.349206,0.010042,29.078056,63,22,0,250,0,89,graph_0006__pathPersistency_0.4000,pathPersistency,0.4
trace,dsdv,0.799292,0.799005,2736,3524,60,1741,2692,0.104396,0.060892,32.417244,182,19,0,0,0,989,graph_0006__pathPersistency_0.4000,pathPersistency,0.4
trace,olsr,0.318580,0.317970,1205,1989,60,1205,1989,0.000000,0.000000,0.000000,0,0,0,0,0,4,graph_0006__pathPersistency_0.4000,pathPersistency,0.4
trace,aodv,0.748474,0.747781,2976,4172,60,2224,3461,0.349206,0.010017,29.067297,63,22,0,250,0,100,graph_0006__pathPersistency_0.4000,pathPersistency,0.4
trace,dsdv,0.583372,0.582462,2348,3276,60,1780,2798,0.000000,0.000000,0.000000,90,0,0,0,0,1027,graph_0006__pathPersistency_0.4000,pathPersistency,0.4
trace,olsr,0.301209,0.301087,1200,1967,60,1200,1967,0.000000,0.000000,0.000000,0,0,0,0,0,7,graph_0006__pathPersistency_0.4000,pathPersistency,0.4
trace,aodv,0.867927,0.867876,3257,4463,60,2392,3670,0.221053,0.009563,28.529431,95,21,3,251,0,129,graph_0006__pathPersistency_0.4000,pathPersistency,0.4
trace,dsdv,0.890932,0.890722,2636,3367,60,1782,2803,0.058442,0.004051,21.931032,308,18,0,0,0,1038,graph_0006__pathPersistency_0.4000,pathPersistency,0.4
trace,olsr,0.297849,0.297726,1203,1976,60,1203,1976,0.000000,0.000000,0.000000,0,0,0,0,0,7,graph_0006__pathPersistency_0.4000,pathPersistency,0.4
trace,aodv,0.635096,0.634735,2725,3938,60,2119,3344,0.555556,0.063961,23.739528,27,15,0,315,0,83,graph_0006__pathPersistency_0.4000,pathPersistency,0.4
trace,dsdv,0.349051,0.348972,1858,2653,60,1498,2293,0.000000,0.000000,0.000000,0,0,0,0,0,871,graph_0006__pathPersistency_0.4000,pathPersistency,0.4
trace,olsr,0.303293,0.303008,1206,1989,60,1206,1989,0.000000,0.000000,0.000000,0,0,0,0,0,1,graph_0006__pathPersistency_0.4000,pathPersistency,0.4
trace,aodv,0.723545,0.722206,2889,4084,60,2187,3430,0.238095,0.065147,23.746400,63,15,0,251,0,90,graph_0006__pathPersistency_0.4000,pathPersistency,0.4
trace,dsdv,0.547990,0.546842,2247,3090,60,1673,2606,0.000000,0.000000,0.000000,90,0,0,0,0,920,graph_0006__pathPersistency_0.4000,pathPersistency,0.4
trace,olsr,0.310495,0.309599,1213,2014,60,1213,2014,0.000000,0.000000,0.000000,0,0,0,0,0,4,graph_0006__pathPersistency_0.4000,pathPersistency,0.4
trace,aodv,0.752390,0.751897,2897,4073,60,2205,3405,0.441860,0.006218,28.826466,43,19,0,316,0,141,graph_0006__pathPersistency_0.4000,pathPersistency,0.4
trace,dsdv,1.042896,1.040449,3324,4267,60,1882,2976,0.137363,0.057818,31.916672,182,25,0,0,0,1047,graph_0006__pathPersistency_0.4000,pathPersistency,0.4
trace,olsr,0.302319,0.301878,1207,1984,60,1207,1984,0.000000,0.000000,0.000000,0,0,0,0,0,4,graph_0006__pathPersistency_0.4000,pathPersistency,0.4
trace,aodv,1.122522,1.119835,3786,5015,60,2542,3868,0.151079,0.007108,35.257606,139,21,21,188,0,366,graph_0006__pathPersistency_0.4000,pathPersistency,0.4
trace,dsdv,0.817533,0.815139,2765,3545,60,1692,2648,0.032967,0.076689,45.603544,182,6,0,0,0,982,graph_0006__pathPersistency_0.4000,pathPersistency,0.4
trace,olsr,0.298691,0.298663,1196,1970,60,1196,1970,0.000000,0.000000,0.000000,0,0,0,0,0,10,graph_0006__pathPersistency_0.4000,pathPersistency,0.4
trace,aodv,0.762818,0.762761,3002,4202,60,2254,3495,0.349206,0.010029,29.073073,63,22,0,252,0,134,graph_0006__pathPersistency_0.4000,pathPersistency,0.4
trace,dsdv,0.784663,0.783632,2636,3440,60,1679,2664,0.005495,0.000139,55.031139,182,1,0,0,0,905,graph_0006__pathPersistency_0.4000,pathPersistency,0.4
trace,olsr,0.305107,0.305086,1206,1991,60,1206,1991,0.000000,0.000000,0.000000,0,0,0,0,0,3,graph_0006__pathPersistency_0.4000,pathPersistency,0.4
trace,aodv,0.913257,0.913120,3359,4661,60,2475,3830,0.226415,0.007346,30.788406,106,24,29,253,0,144,graph_0006__pathPersistency_0.4000,pathPersistency,0.4
trace,dsdv,0.920555,0.920013,2910,3634,60,1632,2507,0.153846,0.011692,33.826495,182,28,0,0,0,982,graph_0006__pathPersistency_0.4000,pathPersistency,0.4
trace,olsr,0.301325,0.301154,1199,1968,60,1199,1968,0.000000,0.000000,0.000000,0,0,0,0,0,7,graph_0006__pathPersistency_0.4000,pathPersistency,0.4
trace,aodv,1.028140,1.027646,3614,4811,60,2516,3797,0.174497,0.008525,31.964397,149,26,39,188,0,308,graph_0006__pathPersistency_0.4000,pathPersistency,0.4
trace,dsdv,0.364961,0.364783,1944,2767,60,1584,2407,0.000000,0.000000,0.000000,0,0,0,0,0,922,graph_0006__pathPersistency_0.4000,pathPersistency,0.4
trace,olsr,0.293583,0.293443,1198,1977,60,1198,1977,0.000000,0.000000,0.000000,0,0,0,0,0,4,graph_0001__pathPersistency_0.3000,pathPersistency,0.3
trace,aodv,0.931619,0.930097,3420,4581,60,2357,3599,0.250000,0.004778,35.113832,108,27,0,254,0,284,graph_0001__pathPersistency_0.3000,pathPersistency,0.3
trace,dsdv,0.966760,0.965903,2794,3464,60,1592,2533,0.097403,0.006411,31.977018,308,30,7,0,0,812,graph_0001__pathPersistency_0.3000,pathPersistency,0.3
trace,olsr,0.300540,0.300216,1188,1954,60,1188,1954,0.000000,0.000000,0.000000,0,0,0,0,0,7,graph_0001__pathPersistency_0.3000,pathPersistency,0.3
trace,aodv,1.315168,1.312635,4294,5514,60,2538,3825,0.473333,0.011498,35.014036,150,71,12,187,0,500,graph_0001__pathPersistency_0.3000,pathPersistency,0.3
trace,dsdv,0.294322,0.294111,1607,2272,60,1247,1912,0.000000,0.000000,0.000000,0,0,0,0,0,586,graph_0001__pathPersistency_0.3000,pathPersistency,0.3
trace,olsr,0.295864,0.295510,1197,1977,60,1197,1977,0.000000,0.000000,0.000000,0,0,0,0,0,4,graph_0001__pathPersistency_0.3000,pathPersistency,0.3
trace,aodv,0.793679,0.793610,3112,4294,60,2225,3445,0.410959,0.056758,45.596013,73,30,5,252,0,194,graph_0001__pathPersistency_0.3000,pathPersistency,0.3
trace,dsdv,0.413822,0.413786,1774,2300,60,1222,1838,0.000000,0.000000,0.000000,90,0,0,0,0,630,graph_0001__pathPersistency_0.3000,pathPersistency,0.3
trace,olsr,0.288300,0.288098,1176,1923,60,1176,1923,0.000000,0.000000,0.000000,0,0,0,0,0,2,graph_0001__pathPersistency_0.3000,pathPersistency,0.3
trace,aodv,0.713399,0.712963,2934,4140,60,2247,3508,0.232877,0.021350,48.384008,73,17,1,252,0,162,graph_0001__pathPersistency_0.3000,pathPersistency,0.3
trace,dsdv,0.412121,0.412014,1753,2293,60,1221,1851,0.000000,0.000000,0.000000,90,0,0,0,0,641,graph_0001__pathPersistency_0.3000,pathPersistency,0.3
trace,olsr,0.302580,0.302521,1193,1966,60,1193,1966,0.000000,0.000000,0.000000,0,0,0,0,0,2,graph_0001__pathPersistency_0.3000,pathPersistency,0.3
trace,aodv,0.769690,0.769349,2971,4126,60,2282,3461,0.441860,0.010581,7.273083,43,19,1,313,0,175,graph_0001__pathPersistency_0.3000,pathPersistency,0.3
trace,dsdv,0.253949,0.253918,1464,1986,60,1104,1626,0.000000,0.000000,0.000000,0,0,0,0,0,544,graph_0001__pathPersistency_0.3000,pathPersistency,0.3
trace,olsr,0.300202,0.299937,1194,1962,60,1194,1962,0.000000,0.000000,0.000000,0,0,0,0,0,6,graph_0001__pathPersistency_0.3000,pathPersistency,0.3
trace,aodv,1.050988,1.050115,3704,4849,60,2396,3610,0.355140,0.060810,44.999540,107,38,0,251,0,241,graph_0001__pathPersistency_0.3000,pathPersistency,0.3
trace,dsdv,0.288112,0.288077,1643,2311,60,1283,1951,0.000000,0.000000,0.000000,0,0,0,0,0,655,graph_0001__pathPersistency_0.3000,pathPersistency,0.3
trace,olsr,0.297726,0.297717,1174,1913,60,1174,1913,0.000000,0.000000,0.000000,0,0,0,0,0,3,graph_0001__pathPersistency_0.3000,pathPersistency,0.3
trace,aodv,1.210227,1.209945,3981,5150,60,2335,3530,0.757009,0.014531,35.448818,107,81,0,250,0,332,graph_0001__pathPersistency_0.3000,pathPersistency,0.3
trace,dsdv,0.683346,0.683079,2067,2507,60,1281,1961,0.020325,0.168365,19.750753,246,5,0,0,0,638,graph_0001__pathPersistency_0.3000,pathPersistency,0.3
trace,olsr,0.290751,0.289925,1179,1931,60,1179,1931,0.000000,0.000000,0.000000,0,0,0,0,0,2,graph_0001__pathPersistency_0.3000,pathPersistency,0.3
trace,aodv,1.277068,1.273267,4150,5367,60,2446,3703,0.565217,0.012636,35.703393,138,78,20,189,0,402,graph_0001__pathPersistency_0.3000,pathPersistency,0.3
trace,dsdv,0.448170,0.446898,1866,2472,60,1270,1966,0.000000,0.000000,0.000000,90,0,0,0,0,621,graph_0001__pathPersistency_0.3000,pathPersistency,0.3
trace,olsr,0.311785,0.311752,1188,1943,60,1188,1943,0.000000,0.000000,0.000000,0,0,0,0,0,4,graph_0001__pathPersistency_0.3000,pathPersistency,0.3
trace,aodv,1.384244,1.382394,4414,5590,60,2428,3666,0.500000,0.012757,43.719487,152,76,14,187,0,555,graph_0001__pathPersistency_0.3000,pathPersistency,0.3
trace,dsdv,0.453971,0.453705,1919,2529,60,1327,2027,0.000000,0.000000,0.000000,90,0,0,0,0,724,graph_0001__pathPersistency_0.3000,pathPersistency,0.3
trace,olsr,0.297320,0.296840,1204,1986,60,1204,1986,0.000000,0.000000,0.000000,0,0,0,0,0,7,graph_0001__pathPersistency_0.3000,pathPersistency,0.3
trace,aodv,1.456511,1.455875,4650,5946,60,2609,3960,0.601307,0.014895,38.754251,153,92,6,188,0,619,graph_0001__pathPersistency_0.3000,pathPersistency,0.3
trace,dsdv,0.300071,0.299903,1652,2338,60,1292,1978,0.000000,0.000000,0.000000,0,0,0,0,0,642,graph_0001__pathPersistency_0.3000,pathPersistency,0.3
trace,olsr,0.830042,0.829545,2327,3973,60,1473,3163,0.361905,0.012781,45.939016,105,38,23,0,0,42,graph_0005__pathPersistency_0.8000,pathPersistency,0.8
trace,aodv,2.397487,2.395388,6752,8556,60,2661,4531,0.704698,0.031469,38.061305,298,210,22,63,0,609,graph_0005__pathPersistency_0.8000,pathPersistency,0.8
trace,dsdv,0.330808,0.330770,1818,2629,60,1458,2269,0.000000,0.000000,0.000000,0,0,0,0,0,927,graph_0005__pathPersistency_0.8000,pathPersistency,0.8
trace,olsr,1.081042,1.080793,2978,4651,60,1473,3189,0.577465,0.026368,46.834671,142,82,17,0,0,17,graph_0005__pathPersistency_0.8000,pathPersistency,0.8
trace,aodv,2.047076,2.046485,5962,7858,60,2690,4638,0.602564,0.021137,35.572405,234,141,41,127,0,676,graph_0005__pathPersistency_0.8000,pathPersistency,0.8
trace,dsdv,1.029018,1.028750,3205,4078,60,1675,2704,0.290909,0.053248,29.693238,220,64,0,0,0,954,graph_0005__pathPersistency_0.8000,pathPersistency,0.8
trace,olsr,0.857112,0.856130,2476,4154,60,1460,3150,0.837838,0.052073,51.965204,74,62,0,0,0,26,graph_0005__pathPersistency_0.8000,pathPersistency,0.8
trace,aodv,2.095582,2.094909,6133,7952,60,2573,4541,0.441077,0.019639,43.863758,297,131,17,63,0,299,graph_0005__pathPersistency_0.8000,pathPersistency,0.8
trace,dsdv,0.385349,0.385289,2003,3059,60,1643,2699,0.000000,0.000000,0.000000,0,0,0,0,0,926,graph_0005__pathPersistency_0.8000,pathPersistency,0.8
trace,olsr,1.707595,1.707025,4615,6274,60,2139,3843,0.625000,0.030276,43.898981,168,105,8,0,0,39,graph_0005__pathPersistency_0.8000,pathPersistency,0.8
trace,aodv,2.692903,2.692253,7430,9324,60,2874,4857,0.686111,0.039030,33.828626,360,247,24,0,0,519,graph_0005__pathPersistency_0.8000,pathPersistency,0.8
trace,dsdv,0.827054,0.826304,2961,4012,60,1630,2742,0.322222,0.052979,54.666785,90,29,0,0,0,943,graph_0005__pathPersistency_0.8000,pathPersistency,0.8
trace,olsr,1.025930,1.024955,2818,4493,60,1481,3200,0.500000,0.023409,48.049090,140,70,26,0,0,76,graph_0005__pathPersistency_0.8000,pathPersistency,0.8
trace,aodv,1.758140,1.756756,5277,7113,60,2746,4679,0.434043,0.016125,40.075433,235,102,36,126,0,659,graph_0005__pathPersistency_0.8000,pathPersistency,0.8
trace,dsdv,0.793832,0.793552,2540,3345,60,1503,2459,0.170330,0.056181,32.403413,182,31,0,0,0,871,graph_0005__pathPersistency_0.8000,pathPersistency,0.8
trace,olsr,1.272172,1.271394,3406,5095,60,1496,3230,0.624242,0.030377,44.549740,165,103,16,0,0,65,graph_0005__pathPersistency_0.8000,pathPersistency,0.8
trace,aodv,2.418294,2.416428,6784,8729,60,2746,4739,0.735192,0.031627,37.893603,287,211,28,62,0,349,graph_0005__pathPersistency_0.8000,pathPersistency,0.8
trace,dsdv,1.102048,1.100845,2987,3758,60,1645,2681,0.029304,0.098094,15.541905,273,8,0,0,0,1000,graph_0005__pathPersistency_0.8000,pathPersistency,0.8
trace,olsr,1.164137,1.163830,3173,4834,60,1479,3186,0.618421,0.027405,43.905922,152,94,12,0,0,40,graph_0005__pathPersistency_0.8000,pathPersistency,0.8
trace,aodv,2.364699,2.364394,6700,8532,60,2725,4623,0.701342,0.031307,37.885059,298,209,23,62,0,456,graph_0005__pathPersistency_0.8000,pathPersistency,0.8
trace,dsdv,1.421077,1.420601,4175,4951,60,1580,2506,0.000000,0.000000,0.000000,182,0,0,0,0,968,graph_0005__pathPersistency_0.8000,pathPersistency,0.8
trace,olsr,1.307734,1.302955,3472,5113,60,1483,3168,0.672956,0.031214,43.771598,159,107,6,0,0,43,graph_0005__pathPersistency_0.8000,pathPersistency,0.8
trace,aodv,1.946585,1.942314,5542,7204,60,2346,4155,0.461279,0.021665,42.539991,297,137,13,63,0,377,graph_0005__pathPersistency_0.8000,pathPersistency,0.8
trace,dsdv,0.912730,0.911878,3152,4190,60,1620,2674,0.822222,0.052185,50.984153,90,74,0,0,0,995,graph_0005__pathPersistency_0.8000,pathPersistency,0.8
trace,olsr,0.592895,0.592671,1749,3379,60,1445,3109,0.131148,0.072778,34.306338,61,8,19,0,0,33,graph_0005__pathPersistency_0.8000,pathPersistency,0.8
trace,aodv,2.415898,2.414104,6657,8601,60,2792,4779,0.664430,0.029684,36.498456,298,198,57,62,0,664,graph_0005__pathPersistency_0.8000,pathPersistency,0.8
trace,dsdv,0.536599,0.536385,2288,3168,60,1561,2531,0.000000,0.000000,0.000000,90,0,0,0,0,895,graph_0005__pathPersistency_0.8000,pathPersistency,0.8
trace,olsr,0.970845,0.970632,2733,4384,60,1469,3166,0.515385,0.022868,48.750025,130,67,17,0,0,21,graph_0005__pathPersistency_0.8000,pathPersistency,0.8
trace,aodv,2.670743,2.670210,7410,9306,60,2777,4759,0.691667,0.039356,34.100361,360,249,25,0,0,437,graph_0005__pathPersistency_0.8000,pathPersistency,0.8
trace,dsdv,2.443275,2.441988,6804,7785,60,1809,2867,0.480851,0.026152,34.605015,235,113,0,0,0,946,graph_0005__pathPersistency_0.8000,pathPersistency,0.8
trace,olsr,0.295119,0.294795,1193,1912,60,1193,1912,0.000000,0.000000,0.000000,0,0,0,0,0,5,graph_0007__pathPersistency_0.2000,pathPersistency,0.2
trace,aodv,0.960140,0.959300,3425,4311,60,2401,3371,0.180952,0.024008,19.042361,105,19,2,252,0,241,graph_0007__pathPersistency_0.2000,pathPersistency,0.2
trace,dsdv,0.283396,0.283079,1584,2038,60,1224,1678,0.000000,0.000000,0.000000,0,0,0,0,0,760,graph_0007__pathPersistency_0.2000,pathPersistency,0.2
trace,olsr,0.304055,0.303996,1199,1907,60,1199,1907,0.000000,0.000000,0.000000,0,0,0,0,0,4,graph_0007__pathPersistency_0.2000,pathPersistency,0.2
trace,aodv,1.117969,1.117637,3851,4759,60,2332,3304,0.380952,0.010057,26.925678,105,40,1,252,0,561,graph_0007__pathPersistency_0.2000,pathPersistency,0.2
trace,dsdv,0.490173,0.489760,1949,2407,60,1320,1860,0.088889,0.098023,45.524470,90,8,0,0,0,850,graph_0007__pathPersistency_0.2000,pathPersistency,0.2
trace,olsr,0.298911,0.298879,1179,1875,60,1179,1875,0.000000,0.000000,0.000000,0,0,0,0,0,1,graph_0007__pathPersistency_0.2000,pathPersistency,0.2
trace,aodv,1.015855,1.015023,3572,4558,60,2605,3673,0.112150,0.003219,28.215877,107,12,14,250,0,230,graph_0007__pathPersistency_0.2000,pathPersistency,0.2
trace,dsdv,0.567029,0.566111,2089,2474,60,1252,1745,0.000000,0.000000,0.000000,108,0,0,0,0,851,graph_0007__pathPersistency_0.2000,pathPersistency,0.2
trace,olsr,0.299858,0.299775,1197,1907,60,1197,1907,0.000000,0.000000,0.000000,0,0,0,0,0,3,graph_0007__pathPersistency_0.2000,pathPersistency,0.2
trace,aodv,0.608895,0.608633,2715,3671,60,2122,3107,0.279070,0.069556,45.135069,43,12,2,314,0,96,graph_0007__pathPersistency_0.2000,pathPersistency,0.2
trace,dsdv,0.280759,0.280685,1601,2120,60,1241,1760,0.000000,0.000000,0.000000,0,0,0,0,0,841,graph_0007__pathPersistency_0.2000,pathPersistency,0.2
trace,olsr,0.307520,0.307420,1179,1878,60,1179,1878,0.000000,0.000000,0.000000,0,0,0,0,0,1,graph_0007__pathPersistency_0.2000,pathPersistency,0.2
trace,aodv,0.918375,0.918009,3453,4394,60,2431,3452,0.186916,0.005503,32.842834,107,20,9,252,0,173,graph_0007__pathPersistency_0.2000,pathPersistency,0.2
trace,dsdv,0.348298,0.348248,1658,2077,60,1257,1766,0.000000,0.000000,0.000000,90,0,0,0,0,774,graph_0007__pathPersistency_0.2000,pathPersistency,0.2
trace,olsr,0.292000,0.291691,1184,1871,60,1184,1871,0.000000,0.000000,0.000000,0,0,0,0,0,6,graph_0007__pathPersistency_0.2000,pathPersistency,0.2
trace,aodv,1.381982,1.381518,4390,5419,60,2766,3863,0.315789,0.014462,38.444167,171,54,49,188,0,480,graph_0007__pathPersistency_0.2000,pathPersistency,0.2
trace,dsdv,0.477219,0.476831,1908,2382,60,1342,1899,0.077778,0.091872,45.572582,90,7,0,0,0,836,graph_0007__pathPersistency_0.2000,pathPersistency,0.2
trace,olsr,0.294018,0.293992,1198,1920,60,1198,1920,0.000000,0.000000,0.000000,0,0,0,0,0,5,graph_0007__pathPersistency_0.2000,pathPersistency,0.2
trace,aodv,1.003519,1.002705,3564,4499,60,2455,3460,0.261682,0.007506,31.883242,107,28,9,251,0,274,graph_0007__pathPersistency_0.2000,pathPersistency,0.2
trace,dsdv,0.301855,0.301841,1705,2253,60,1345,1893,0.000000,0.000000,0.000000,0,0,0,0,0,805,graph_0007__pathPersistency_0.2000,pathPersistency,0.2
trace,olsr,0.297474,0.297441,1199,1920,60,1199,1920,0.000000,0.000000,0.000000,0,0,0,0,0,1,graph_0007__pathPersistency_0.2000,pathPersistency,0.2
trace,aodv,0.977688,0.977191,3463,4380,60,2263,3239,0.379630,0.011000,39.863967,108,41,8,250,0,321,graph_0007__pathPersistency_0.2000,pathPersistency,0.2
trace,dsdv,0.255300,0.254891,1473,1924,60,1113,1564,0.000000,0.000000,0.000000,0,0,0,0,0,703,graph_0007__pathPersistency_0.2000,pathPersistency,0.2
trace,olsr,0.290236,0.290164,1185,1880,60,1185,1880,0.000000,0.000000,0.000000,0,0,0,0,0,5,graph_0007__pathPersistency_0.2000,pathPersistency,0.2
trace,aodv,0.614340,0.614200,2726,3675,60,2071,3040,0.439024,0.062224,44.629194,41,18,4,314,0,79,graph_0007__pathPersistency_0.2000,pathPersistency,0.2
trace,dsdv,0.291140,0.291111,1672,2191,60,1312,1831,0.000000,0.000000,0.000000,0,0,0,0,0,784,graph_0007__pathPersistency_0.2000,pathPersistency,0.2
trace,olsr,0.294097,0.293596,1194,1904,60,1194,1904,0.000000,0.000000,0.000000,0,0,0,0,0,0,graph_0007__pathPersistency_0.2000,pathPersistency,0.2
trace,aodv,0.819023,0.818844,3194,4132,60,2258,3278,0.175926,0.005235,41.706856,108,19,8,250,0,147,graph_0007__pathPersistency_0.2000,pathPersistency,0.2
trace,dsdv,0.927998,0.926696,2745,3196,60,1474,2126,0.000000,0.000000,0.000000,250,0,0,0,0,975,graph_0007__pathPersistency_0.2000,pathPersistency,0.2
trace,olsr,1.111170,1.108412,2875,4860,60,1570,3622,0.431138,0.012972,27.817281,167,72,28,0,0,32,graph_0004__pathPersistency_0.9000,pathPersistency,0.9
trace,aodv,3.170804,3.165871,7789,10040,60,2577,4856,0.858333,0.044716,31.170877,360,309,23,0,0,622,graph_0004__pathPersistency_0.9000,pathPersistency,0.9
trace,dsdv,1.109701,1.108610,3345,4556,60,1655,2869,0.966667,0.052386,51.889094,90,87,0,0,0,1079,graph_0004__pathPersistency_0.9000,pathPersistency,0.9
trace,olsr,1.149746,1.149260,2857,4869,60,1590,3683,0.333333,0.011808,24.065633,198,66,51,0,0,37,graph_0004__pathPersistency_0.9000,pathPersistency,0.9
trace,aodv,2.881075,2.880276,7519,9713,60,2414,4639,0.836111,0.043539,31.112713,360,301,28,0,0,465,graph_0004__pathPersistency_0.9000,pathPersistency,0.9
trace,dsdv,4.894568,4.893540,13068,14263,60,2802,4086,0.139194,0.055362,17.902936,273,38,0,0,0,1202,graph_0004__pathPersistency_0.9000,pathPersistency,0.9
trace,olsr,1.064433,1.064275,2756,4753,60,1585,3665,0.313131,0.011289,24.520941,198,62,53,0,0,53,graph_0004__pathPersistency_0.9000,pathPersistency,0.9
trace,aodv,2.977136,2.976607,7428,9582,60,2266,4458,0.858333,0.044693,31.212632,360,309,13,0,0,485,graph_0004__pathPersistency_0.9000,pathPersistency,0.9
trace,dsdv,0.437382,0.437345,2074,3267,60,1714,2907,0.000000,0.000000,0.000000,0,0,0,0,0,1114,graph_0004__pathPersistency_0.9000,pathPersistency,0.9
trace,olsr,1.326102,1.325533,3293,5330,60,1870,3989,0.323077,0.011227,21.709775,195,63,46,0,0,45,graph_0004__pathPersistency_0.9000,pathPersistency,0.9
trace,aodv,2.882827,2.879293,7506,9676,60,2355,4574,0.841667,0.043817,31.093412,360,303,8,0,0,490,graph_0004__pathPersistency_0.9000,pathPersistency,0.9
trace,dsdv,1.329157,1.328220,3748,4835,60,1686,2899,0.311475,0.053400,35.344438,183,57,0,0,0,1132,graph_0004__pathPersistency_0.9000,pathPersistency,0.9
trace,olsr,1.098194,1.097671,2682,4700,60,1592,3676,0.397260,0.010720,25.251807,146,58,22,0,0,45,graph_0004__pathPersistency_0.9000,pathPersistency,0.9
trace,aodv,2.869773,2.868229,7506,9679,60,2340,4555,0.844444,0.044002,31.248095,360,304,14,0,0,422,graph_0004__pathPersistency_0.9000,pathPersistency,0.9
trace,dsdv,1.733957,1.732800,4644,5785,60,1874,3115,0.246835,0.055350,36.827077,158,39,0,0,0,1151,graph_0004__pathPersistency_0.9000,pathPersistency,0.9
trace,olsr,1.128978,1.128752,2893,4864,60,1586,3649,0.351759,0.012612,26.147849,199,70,37,0,0,40,graph_0004__pathPersistency_0.9000,pathPersistency,0.9
trace,aodv,2.891399,2.890754,7513,9735,60,2378,4629,0.850000,0.044271,31.134116,360,306,25,0,0,563,graph_0004__pathPersistency_0.9000,pathPersistency,0.9
trace,dsdv,3.318436,3.317694,8321,9441,60,1873,3126,0.525000,0.039128,18.416791,360,189,0,0,0,1060,graph_0004__pathPersistency_0.9000,pathPersistency,0.9
trace,olsr,1.084382,1.084215,2739,4765,60,1584,3691,0.329730,0.011029,23.158411,185,61,43,0,0,17,graph_0004__pathPersistency_0.9000,pathPersistency,0.9
trace,aodv,2.843709,2.842298,7400,9637,60,2343,4620,0.830556,0.044052,31.543902,360,299,21,0,0,440,graph_0004__pathPersistency_0.9000,pathPersistency,0.9
trace,dsdv,2.302409,2.301941,6161,7164,60,1638,2675,0.593407,0.039312,49.078010,182,108,0,0,0,1155,graph_0004__pathPersistency_0.9000,pathPersistency,0.9
trace,olsr,0.905061,0.904677,2339,4413,60,1617,3749,0.213235,0.011116,27.652438,136,29,49,0,0,37,graph_0004__pathPersistency_0.9000,pathPersistency,0.9
trace,aodv,2.609872,2.608844,6928,9050,60,2333,4569,0.644444,0.033572,30.620607,360,232,14,0,0,348,graph_0004__pathPersistency_0.9000,pathPersistency,0.9
trace,dsdv,0.473177,0.472923,2172,3486,60,1812,3126,0.000000,0.000000,0.000000,0,0,0,0,0,1100,graph_0004__pathPersistency_0.9000,pathPersistency,0.9
trace,olsr,1.150464,1.150209,2765,4751,60,1574,3632,0.312821,0.011027,24.133916,195,61,52,0,0,49,graph_0004__pathPersistency_0.9000,pathPersistency,0.9
trace,aodv,2.827117,2.826378,7384,9598,60,2253,4492,0.861111,0.044844,31.311142,360,310,25,0,0,309,graph_0004__pathPersistency_0.9000,pathPersistency,0.9
trace,dsdv,0.394362,0.394327,1910,2965,60,1550,2605,0.000000,0.000000,0.000000,0,0,0,0,0,995,graph_0004__pathPersistency_0.9000,pathPersistency,0.9
trace,olsr,1.100264,1.098882,2867,4918,60,1632,3766,0.287234,0.017464,22.773027,188,54,49,0,0,67,graph_0004__pathPersistency_0.9000,pathPersistency,0.9
trace,aodv,2.169822,2.162957,6019,8239,60,2411,4654,0.791837,0.042292,20.174967,245,194,28,62,0,389,graph_0004__pathPersistency_0.9000,pathPersistency,0.9
trace,dsdv,0.993349,0.992538,3292,4521,60,1778,3039,0.644444,0.051538,54.255694,90,58,0,0,0,1127,graph_0004__pathPersistency_0.9000,pathPersistency,0.9
trace,olsr,0.613980,0.613423,1690,3228,60,1366,2962,0.181818,0.060918,14.955702,77,14,5,0,0,13,graph_0004__pathPersistency_0.8000,pathPersistency,0.8
trace,aodv,2.166071,2.165549,6187,8425,60,3132,5414,0.646809,0.021997,24.333414,235,152,39,125,0,581,graph_0004__pathPersistency_0.8000,pathPersistency,0.8
trace,dsdv,1.314134,1.313063,3931,4677,60,1565,2469,0.000000,0.000000,0.000000,182,0,0,0,0,1058,graph_0004__pathPersistency_0.8000,pathPersistency,0.8
trace,olsr,0.623480,0.623113,1801,3291,60,1356,2915,0.208333,0.057287,14.457640,96,20,7,0,0,25,graph_0004__pathPersistency_0.8000,pathPersistency,0.8
trace,aodv,1.991152,1.990558,5784,7821,60,2651,4741,0.677824,0.028466,22.151327,239,162,24,63,0,477,graph_0004__pathPersistency_0.8000,pathPersistency,0.8
trace,dsdv,0.733683,0.733586,2332,3040,60,1636,2579,0.044715,0.076539,20.174756,246,11,0,0,0,1154,graph_0004__pathPersistency_0.8000,pathPersistency,0.8
trace,olsr,0.422978,0.422957,1317,2834,60,1317,2834,0.000000,0.000000,0.000000,0,0,0,0,0,13,graph_0004__pathPersistency_0.8000,pathPersistency,0.8
trace,aodv,2.432153,2.428858,6451,8555,60,3026,5215,0.583893,0.027483,27.990476,298,174,39,62,0,493,graph_0004__pathPersistency_0.8000,pathPersistency,0.8
trace,dsdv,0.787600,0.787386,2496,3206,60,1569,2460,0.000000,0.000000,0.000000,182,0,0,0,0,1156,graph_0004__pathPersistency_0.8000,pathPersistency,0.8
trace,olsr,0.632466,0.632015,1717,3184,60,1335,2872,0.179775,0.059385,14.789295,89,16,3,0,0,14,graph_0004__pathPersistency_0.8000,pathPersistency,0.8
trace,aodv,1.863525,1.862876,5494,7517,60,2785,4889,0.557447,0.021108,25.364722,235,131,23,125,0,581,graph_0004__pathPersistency_0.8000,pathPersistency,0.8
trace,dsdv,0.839305,0.838827,2611,3213,60,1454,2231,0.043716,0.087425,30.421857,183,8,0,0,0,1137,graph_0004__pathPersistency_0.8000,pathPersistency,0.8
trace,olsr,0.657813,0.657611,1750,3266,60,1362,2936,0.222222,0.058301,14.626235,81,18,5,0,0,34,graph_0004__pathPersistency_0.8000,pathPersistency,0.8
trace,aodv,2.134263,2.133930,5656,7688,60,2762,4860,0.627615,0.028047,24.662161,239,150,24,64,0,489,graph_0004__pathPersistency_0.8000,pathPersistency,0.8
trace,dsdv,0.903424,0.903221,2852,3619,60,1610,2528,0.170330,0.013627,43.318762,182,31,0,0,0,1206,graph_0004__pathPersistency_0.8000,pathPersistency,0.8
trace,olsr,0.596176,0.595983,1713,3183,60,1325,2854,0.222222,0.058232,14.623395,81,18,4,0,0,26,graph_0004__pathPersistency_0.8000,pathPersistency,0.8
trace,aodv,1.623408,1.622303,5070,6862,60,2429,4408,0.250896,0.052768,10.356315,279,70,22,62,0,384,graph_0004__pathPersistency_0.8000,pathPersistency,0.8
trace,dsdv,0.391360,0.391174,2020,3007,60,1660,2647,0.000000,0.000000,0.000000,0,0,0,0,0,1167,graph_0004__pathPersistency_0.8000,pathPersistency,0.8
trace,olsr,0.618138,0.617774,1772,3284,60,1357,2927,0.193548,0.058368,14.624048,93,18,6,0,0,24,graph_0004__pathPersistency_0.8000,pathPersistency,0.8
trace,aodv,2.225477,2.224344,6306,8322,60,2762,4881,0.580537,0.027344,30.316126,298,173,22,63,0,640,graph_0004__pathPersistency_0.8000,pathPersistency,0.8
trace,dsdv,0.409642,0.409565,2003,2891,60,1643,2531,0.000000,0.000000,0.000000,0,0,0,0,0,1149,graph_0004__pathPersistency_0.8000,pathPersistency,0.8
trace,olsr,0.579770,0.579126,1663,3147,60,1353,2906,0.141176,0.064377,15.128961,85,12,4,0,0,37,graph_0004__pathPersistency_0.8000,pathPersistency,0.8
trace,aodv,2.475039,2.474324,6805,8953,60,2999,5214,0.629630,0.027031,25.146639,297,187,44,63,0,753,graph_0004__pathPersistency_0.8000,pathPersistency,0.8
trace,dsdv,0.964810,0.964434,2856,3685,60,1704,2708,0.043716,0.090868,30.431356,183,8,0,0,0,1214,graph_0004__pathPersistency_0.8000,pathPersistency,0.8
trace,olsr,0.592342,0.591868,1730,3187,60,1333,2849,0.197802,0.057649,14.620557,91,18,14,0,0,23,graph_0004__pathPersistency_0.8000,pathPersistency,0.8
trace,aodv,2.000917,1.999494,5845,7892,60,2723,4821,0.694561,0.029149,21.772489,239,166,22,62,0,368,graph_0004__pathPersistency_0.8000,pathPersistency,0.8
trace,dsdv,0.564733,0.564389,2303,3169,60,1590,2546,0.000000,0.000000,0.000000,90,0,0,0,0,1141,graph_0004__pathPersistency_0.8000,pathPersistency,0.8
trace,olsr,0.725597,0.720711,1802,3323,60,1361,2940,0.250000,0.056528,14.373107,84,21,5,0,0,22,graph_0004__pathPersistency_0.8000,pathPersistency,0.8
trace,aodv,2.039780,2.038575,5787,7833,60,2595,4691,0.702929,0.029510,21.825131,239,168,21,62,0,467,graph_0004__pathPersistency_0.8000,pathPersistency,0.8
trace,dsdv,0.934315,0.933716,2790,3589,60,1644,2618,0.038462,0.095941,30.510150,182,7,0,0,0,1169,graph_0004__pathPersistency_0.8000,pathPersistency,0.8
trace,olsr,0.417023,0.417008,1322,2555,60,1322,2555,0.000000,0.000000,0.000000,0,0,0,0,0,8,graph_0008__pathPersistency_0.5000,pathPersistency,0.5
trace,aodv,1.376511,1.376460,3690,5207,60,2476,4047,0.403670,0.010109,24.173843,109,44,11,249,0,287,graph_0008__pathPersistency_0.5000,pathPersistency,0.5
trace,dsdv,0.485416,0.485221,1968,2908,60,1608,2548,0.000000,0.000000,0.000000,0,0,0,0,0,1094,graph_0008__pathPersistency_0.5000,pathPersistency,0.5
trace,olsr,0.370767,0.370763,1293,2457,60,1293,2457,0.000000,0.000000,0.000000,0,0,0,0,0,8,graph_0008__pathPersistency_0.5000,pathPersistency,0.5
trace,aodv,1.729469,1.729228,4749,6308,60,3020,4685,0.241935,0.010582,27.808780,186,45,35,125,0,577,graph_0008__pathPersistency_0.5000,pathPersistency,0.5
trace,dsdv,0.531235,0.531027,2068,3013,60,1619,2610,0.061224,18.083459,53.988055,49,3,0,0,0,1159,graph_0008__pathPersistency_0.5000,pathPersistency,0.5
trace,olsr,0.389985,0.389814,1309,2501,60,1309,2501,0.000000,0.000000,0.000000,0,0,0,0,0,13,graph_0008__pathPersistency_0.5000,pathPersistency,0.5
trace,aodv,2.094659,2.093980,5262,6988,60,3211,5001,0.476744,0.011870,40.753160,172,82,26,190,0,672,graph_0008__pathPersistency_0.5000,pathPersistency,0.5
trace,dsdv,1.103099,1.103064,2729,3570,60,1616,2698,0.117216,0.056670,17.416864,273,32,0,0,0,1106,graph_0008__pathPersistency_0.5000,pathPersistency,0.5
trace,olsr,0.434864,0.434849,1293,2465,60,1293,2465,0.000000,0.000000,0.000000,0,0,0,0,0,8,graph_0008__pathPersistency_0.5000,pathPersistency,0.5
trace,aodv,1.365218,1.363839,3893,5557,60,2799,4558,0.139344,0.003907,23.046671,122,17,12,186,0,371,graph_0008__pathPersistency_0.5000,pathPersistency,0.5
trace,dsdv,0.426862,0.426257,1876,2832,60,1516,2472,0.000000,0.000000,0.000000,0,0,0,0,0,1014,graph_0008__pathPersistency_0.5000,pathPersistency,0.5
trace,olsr,0.425640,0.425608,1309,2514,60,1309,2514,0.000000,0.000000,0.000000,0,0,0,0,0,9,graph_0008__pathPersistency_0.5000,pathPersistency,0.5
trace,aodv,2.075491,2.075203,4971,6661,60,2899,4642,0.543353,0.014313,42.645720,173,94,26,188,0,534,graph_0008__pathPersistency_0.5000,pathPersistency,0.5
trace,dsdv,0.455030,0.454785,1969,2949,60,1609,2589,0.000000,0.000000,0.000000,0,0,0,0,0,1131,graph_0008__pathPersistency_0.5000,pathPersistency,0.5
trace,olsr,0.371476,0.371282,1303,2484,60,1303,2484,0.000000,0.000000,0.000000,0,0,0,0,0,14,graph_0008__pathPersistency_0.5000,pathPersistency,0.5
trace,aodv,1.834607,1.833699,4954,6567,60,2885,4580,0.453488,0.011288,45.209998,172,78,12,188,0,640,graph_0008__pathPersistency_0.5000,pathPersistency,0.5
trace,dsdv,0.403070,0.402680,1910,2868,60,1550,2508,0.000000,0.000000,0.000000,0,0,0,0,0,1017,graph_0008__pathPersistency_0.5000,pathPersistency,0.5
trace,olsr,0.381895,0.381889,1300,2499,60,1300,2499,0.000000,0.000000,0.000000,0,0,0,0,0,6,graph_0008__pathPersistency_0.5000,pathPersistency,0.5
trace,aodv,1.641011,1.640639,4628,6257,60,2754,4460,0.468208,0.011721,38.594894,173,81,16,187,0,393,graph_0008__pathPersistency_0.5000,pathPersistency,0.5
trace,dsdv,0.692562,0.692533,2176,2903,60,1491,2400,0.000000,0.000000,0.000000,182,0,0,0,0,1033,graph_0008__pathPersistency_0.5000,pathPersistency,0.5
trace,olsr,0.410880,0.410826,1307,2498,60,1307,2498,0.000000,0.000000,0.000000,0,0,0,0,0,4,graph_0008__pathPersistency_0.5000,pathPersistency,0.5
trace,aodv,1.266504,1.263738,3887,5392,60,2467,4024,0.433071,0.020020,25.618007,127,55,20,188,0,241,graph_0008__pathPersistency_0.5000,pathPersistency,0.5
trace,dsdv,1.125805,1.125459,2923,3849,60,1793,2960,0.117216,0.057124,17.420278,273,32,0,0,0,1278,graph_0008__pathPersistency_0.5000,pathPersistency,0.5
trace,olsr,0.414236,0.413719,1313,2519,60,1313,2519,0.000000,0.000000,0.000000,0,0,0,0,0,5,graph_0008__pathPersistency_0.5000,pathPersistency,0.5
trace,aodv,1.252327,1.252089,3569,5119,60,2529,4137,0.308511,0.007685,48.309549,94,29,8,251,0,384,graph_0008__pathPersistency_0.5000,pathPersistency,0.5
trace,dsdv,1.067283,1.067207,2814,3728,60,1698,2853,0.117216,0.056584,17.416161,273,32,0,0,0,1113,graph_0008__pathPersistency_0.5000,pathPersistency,0.5
trace,olsr,0.385467,0.385353,1328,2557,60,1328,2557,0.000000,0.000000,0.000000,0,0,0,0,0,6,graph_0008__pathPersistency_0.5000,pathPersistency,0.5
trace,aodv,1.568250,1.568079,4205,5768,60,2828,4496,0.248555,0.007687,33.314154,173,43,25,187,0,402,graph_0008__pathPersistency_0.5000,pathPersistency,0.5
trace,dsdv,0.717128,0.717074,2267,3267,60,1668,2795,0.000000,0.000000,0.000000,144,0,17,0,0,1099,graph_0008__pathPersistency_0.5000,pathPersistency,0.5
trace,olsr,0.304272,0.303596,1226,2054,60,1226,2054,0.000000,0.000000,0.000000,0,0,0,0,0,4,graph_0002__pathPersistency_0.4000,pathPersistency,0.4
trace,aodv,1.215262,1.214641,4111,5307,60,2789,4080,0.147239,0.005343,33.628733,163,24,46,188,0,357,graph_0002__pathPersistency_0.4000,pathPersistency,0.4
trace,dsdv,0.784965,0.784585,2439,2999,60,1556,2374,0.054945,0.003866,30.041714,273,15,0,0,0,903,graph_0002__pathPersistency_0.4000,pathPersistency,0.4
trace,olsr,0.302977,0.302901,1231,2066,60,1231,2066,0.000000,0.000000,0.000000,0,0,0,0,0,4,graph_0002__pathPersistency_0.4000,pathPersistency,0.4
trace,aodv,1.804469,1.804113,5525,6873,60,3160,4618,0.388393,0.013553,40.027754,224,87,27,125,0,758,graph_0002__pathPersistency_0.4000,pathPersistency,0.4
trace,dsdv,0.484261,0.484192,2099,2753,60,1474,2180,0.000000,0.000000,0.000000,52,0,0,0,0,914,graph_0002__pathPersistency_0.4000,pathPersistency,0.4
trace,olsr,0.305580,0.305550,1216,2030,60,1216,2030,0.000000,0.000000,0.000000,0,0,0,0,0,8,graph_0002__pathPersistency_0.4000,pathPersistency,0.4
trace,aodv,1.508130,1.507850,4603,5806,60,2764,4028,0.467626,0.010553,19.391048,139,65,13,189,0,489,graph_0002__pathPersistency_0.4000,pathPersistency,0.4
trace,dsdv,0.490091,0.489887,2163,3021,60,1642,2545,0.000000,0.000000,0.000000,45,0,0,0,0,874,graph_0002__pathPersistency_0.4000,pathPersistency,0.4
trace,olsr,0.311034,0.310700,1225,2056,60,1225,2056,0.000000,0.000000,0.000000,0,0,0,0,0,4,graph_0002__pathPersistency_0.4000,pathPersistency,0.4
trace,aodv,1.147902,1.147089,3810,5018,60,2658,3902,0.480000,0.005843,35.948867,75,36,3,254,0,397,graph_0002__pathPersistency_0.4000,pathPersistency,0.4
trace,dsdv,0.334000,0.333976,1815,2518,60,1455,2158,0.000000,0.000000,0.000000,0,0,0,0,0,688,graph_0002__pathPersistency_0.4000,pathPersistency,0.4
trace,olsr,0.316059,0.315836,1239,2072,60,1239,2072,0.000000,0.000000,0.000000,0,0,0,0,0,10,graph_0002__pathPersistency_0.4000,pathPersistency,0.4
trace,aodv,1.247508,1.247277,4145,5401,60,2959,4287,0.150327,0.005798,14.909192,153,23,59,187,0,436,graph_0002__pathPersistency_0.4000,pathPersistency,0.4
trace,dsdv,0.380452,0.380153,2002,2928,60,1642,2568,0.000000,0.000000,0.000000,0,0,0,0,0,911,graph_0002__pathPersistency_0.4000,pathPersistency,0.4
trace,olsr,0.311669,0.311638,1221,2035,60,1221,2035,0.000000,0.000000,0.000000,0,0,0,0,0,5,graph_0002__pathPersistency_0.4000,pathPersistency,0.4
trace,aodv,0.891624,0.891328,3358,4578,60,2376,3642,0.378378,0.006127,37.963954,74,28,0,251,0,244,graph_0002__pathPersistency_0.4000,pathPersistency,0.4
trace,dsdv,0.346780,0.346714,1898,2674,60,1538,2314,0.000000,0.000000,0.000000,0,0,0,0,0,844,graph_0002__pathPersistency_0.4000,pathPersistency,0.4
trace,olsr,0.302118,0.302093,1222,2025,60,1222,2025,0.000000,0.000000,0.000000,0,0,0,0,0,6,graph_0002__pathPersistency_0.4000,pathPersistency,0.4
trace,aodv,1.241532,1.241234,4131,5352,60,2774,4085,0.321168,0.012204,22.509449,137,44,3,188,0,416,graph_0002__pathPersistency_0.4000,pathPersistency,0.4
trace,dsdv,0.944191,0.943986,2917,3694,60,1986,3037,0.016667,0.086500,0.570585,360,6,80,0,0,945,graph_0002__pathPersistency_0.4000,pathPersistency,0.4
trace,olsr,0.303042,0.302829,1233,2063,60,1233,2063,0.000000,0.000000,0.000000,0,0,0,0,0,3,graph_0002__pathPersistency_0.4000,pathPersistency,0.4
trace,aodv,1.504759,1.504071,4638,5803,60,2564,3768,0.666667,0.015154,26.038521,138,92,7,187,0,519,graph_0002__pathPersistency_0.4000,pathPersistency,0.4
trace,dsdv,0.534436,0.534381,2159,2976,60,1700,2636,0.024590,22.361496,42.042367,122,3,0,0,0,982,graph_0002__pathPersistency_0.4000,pathPersistency,0.4
trace,olsr,0.325731,0.324750,1225,2051,60,1225,2051,0.000000,0.000000,0.000000,0,0,0,0,0,5,graph_0002__pathPersistency_0.4000,pathPersistency,0.4
trace,aodv,1.571270,1.568646,4751,5964,60,2729,4006,0.407407,0.009907,24.277247,162,66,32,187,0,756,graph_0002__pathPersistency_0.4000,pathPersistency,0.4
trace,dsdv,0.372921,0.372900,1944,2751,60,1584,2391,0.000000,0.000000,0.000000,0,0,0,0,0,947,graph_0002__pathPersistency_0.4000,pathPersistency,0.4
trace,olsr,0.313612,0.313571,1227,2051,60,1227,2051,0.000000,0.000000,0.000000,0,0,0,0,0,4,graph_0002__pathPersistency_0.4000,pathPersistency,0.4
trace,aodv,1.338596,1.338357,4358,5473,60,2620,3825,0.320988,0.007917,27.487746,162,52,20,187,0,607,graph_0002__pathPersistency_0.4000,pathPersistency,0.4
trace,dsdv,0.805492,0.805379,2528,3242,60,1696,2675,0.029304,0.095159,15.534840,273,8,0,0,0,949,graph_0002__pathPersistency_0.4000,pathPersistency,0.4
trace,olsr,0.339212,0.338976,1255,2369,60,1255,2369,0.000000,0.000000,0.000000,0,0,0,0,0,9,graph_0005__pathPersistency_0.6000,pathPersistency,0.6
trace,aodv,1.670249,1.668853,5028,6623,60,3084,4736,0.404624,0.010486,37.937543,173,70,47,187,0,742,graph_0005__pathPersistency_0.6000,pathPersistency,0.6
trace,dsdv,0.731024,0.730538,2586,3447,60,1533,2467,0.348214,0.028319,53.446203,112,39,0,0,0,843,graph_0005__pathPersistency_0.6000,pathPersistency,0.6
trace,olsr,0.341400,0.338847,1262,2373,60,1262,2373,0.000000,0.000000,0.000000,0,0,0,0,0,11,graph_0005__pathPersistency_0.6000,pathPersistency,0.6
trace,aodv,2.183875,2.178313,6257,7840,60,3105,4816,0.338403,0.016696,36.273605,263,89,46,65,0,857,graph_0005__pathPersistency_0.6000,pathPersistency,0.6
trace,dsdv,0.734154,0.732825,2662,3600,60,1638,2684,0.136000,0.061382,40.606410,125,17,0,0,0,822,graph_0005__pathPersistency_0.6000,pathPersistency,0.6
trace,olsr,0.342346,0.342328,1262,2376,60,1262,2376,0.000000,0.000000,0.000000,0,0,0,0,0,11,graph_0005__pathPersistency_0.6000,pathPersistency,0.6
trace,aodv,1.423836,1.421082,4537,5949,60,2703,4316,0.050847,0.056841,6.090729,236,12,24,125,0,531,graph_0005__pathPersistency_0.6000,pathPersistency,0.6
trace,dsdv,0.357706,0.357549,1835,2749,60,1475,2389,0.000000,0.000000,0.000000,0,0,0,0,0,701,graph_0005__pathPersistency_0.6000,pathPersistency,0.6
trace,olsr,0.335300,0.335284,1258,2371,60,1258,2371,0.000000,0.000000,0.000000,0,0,0,0,0,6,graph_0005__pathPersistency_0.6000,pathPersistency,0.6
trace,aodv,1.456735,1.456363,4570,6294,60,3187,4947,0.283582,0.011679,17.722543,134,38,61,187,0,570,graph_0005__pathPersistency_0.6000,pathPersistency,0.6
trace,dsdv,0.674284,0.674212,2446,3196,60,1569,2501,0.000000,0.000000,0.000000,182,0,0,0,0,848,graph_0005__pathPersistency_0.6000,pathPersistency,0.6
trace,olsr,0.332008,0.331964,1272,2404,60,1272,2404,0.000000,0.000000,0.000000,0,0,0,0,0,3,graph_0005__pathPersistency_0.6000,pathPersistency,0.6
trace,aodv,1.637004,1.633301,5015,6679,60,2997,4749,0.366279,0.009444,39.514442,172,63,23,189,0,745,graph_0005__pathPersistency_0.6000,pathPersistency,0.6
trace,dsdv,0.354018,0.353967,1900,2826,60,1540,2466,0.000000,0.000000,0.000000,0,0,0,0,0,797,graph_0005__pathPersistency_0.6000,pathPersistency,0.6
trace,olsr,0.339477,0.339082,1269,2408,60,1269,2408,0.000000,0.000000,0.000000,0,0,0,0,0,4,graph_0005__pathPersistency_0.6000,pathPersistency,0.6
trace,aodv,1.039546,1.038289,3638,5128,60,2605,4174,0.138889,0.067199,5.899348,108,15,14,251,0,311,graph_0005__pathPersistency_0.6000,pathPersistency,0.6
trace,dsdv,1.280800,1.279039,3938,4719,60,1576,2456,0.132867,0.011708,40.795310,143,19,0,0,0,902,graph_0005__pathPersistency_0.6000,pathPersistency,0.6
trace,olsr,0.331041,0.331022,1248,2331,60,1248,2331,0.000000,0.000000,0.000000,0,0,0,0,0,6,graph_0005__pathPersistency_0.6000,pathPersistency,0.6
trace,aodv,2.660827,2.658787,7349,9261,60,3801,5834,0.416667,0.025418,33.994477,324,135,69,0,0,1313,graph_0005__pathPersistency_0.6000,pathPersistency,0.6
trace,dsdv,0.383680,0.383550,1934,2944,60,1574,2584,0.000000,0.000000,0.000000,0,0,0,0,0,757,graph_0005__pathPersistency_0.6000,pathPersistency,0.6
trace,olsr,0.350537,0.350423,1264,2379,60,1264,2379,0.000000,0.000000,0.000000,0,0,0,0,0,12,graph_0005__pathPersistency_0.6000,pathPersistency,0.6
trace,aodv,1.302080,1.301407,4217,5672,60,2732,4335,0.036082,0.104802,15.623061,194,7,41,126,0,498,graph_0005__pathPersistency_0.6000,pathPersistency,0.6
trace,dsdv,0.988270,0.987459,3168,3924,60,1502,2390,0.274725,0.035373,35.446737,182,50,0,0,0,805,graph_0005__pathPersistency_0.6000,pathPersistency,0.6
trace,olsr,0.337269,0.337028,1260,2380,60,1260,2380,0.000000,0.000000,0.000000,0,0,0,0,0,7,graph_0005__pathPersistency_0.6000,pathPersistency,0.6
trace,aodv,2.621176,2.619136,7328,8931,60,3585,5397,0.173375,0.019293,21.547735,323,56,58,0,0,1328,graph_0005__pathPersistency_0.6000,pathPersistency,0.6
trace,dsdv,0.807098,0.806059,2719,3557,60,1596,2565,0.154839,0.027314,39.228015,155,24,0,0,0,856,graph_0005__pathPersistency_0.6000,pathPersistency,0.6
trace,olsr,0.335583,0.335504,1256,2346,60,1256,2346,0.000000,0.000000,0.000000,0,0,0,0,0,9,graph_0005__pathPersistency_0.6000,pathPersistency,0.6
trace,aodv,2.417417,2.416684,6812,8400,60,3280,5035,0.281879,0.056359,51.791923,298,84,47,62,0,946,graph_0005__pathPersistency_0.6000,pathPersistency,0.6
trace,dsdv,0.969109,0.968497,3104,3829,60,1496,2353,0.274725,0.035411,35.447697,182,50,0,0,0,797,graph_0005__pathPersistency_0.6000,pathPersistency,0.6
trace,olsr,1.294720,1.294512,3511,5226,60,1497,3271,0.490323,0.017154,31.728571,155,76,20,0,0,43,graph_0001__pathPersistency_0.9000,pathPersistency,0.9
trace,aodv,2.781516,2.781118,7708,9506,60,2310,4157,0.816667,0.043157,29.781773,360,294,17,0,0,270,graph_0001__pathPersistency_0.9000,pathPersistency,0.9
trace,dsdv,0.474171,0.473610,2111,3129,60,1640,2698,0.111111,0.215963,52.714824,45,5,0,0,0,957,graph_0001__pathPersistency_0.9000,pathPersistency,0.9
trace,olsr,1.366406,1.366086,3744,5517,60,1539,3370,0.526946,0.018832,29.481919,167,88,21,0,0,38,graph_0001__pathPersistency_0.9000,pathPersistency,0.9
trace,aodv,2.651174,2.650522,7444,9225,60,2262,4083,0.844444,0.043973,29.288728,360,304,16,0,0,327,graph_0001__pathPersistency_0.9000,pathPersistency,0.9
trace,dsdv,2.029592,2.029299,5711,6440,60,1568,2476,0.205128,0.053616,19.371389,273,56,0,0,0,965,graph_0001__pathPersistency_0.9000,pathPersistency,0.9
trace,olsr,1.409946,1.408578,3822,5583,60,1531,3351,0.562874,0.020208,30.993880,167,94,14,0,0,56,graph_0001__pathPersistency_0.9000,pathPersistency,0.9
trace,aodv,2.652369,2.650269,7347,9064,60,2201,3976,0.811111,0.042865,29.912299,360,292,10,0,0,365,graph_0001__pathPersistency_0.9000,pathPersistency,0.9
trace,dsdv,0.786815,0.786691,2562,3433,60,1614,2648,0.104396,0.061578,31.439276,182,19,0,0,0,935,graph_0001__pathPersistency_0.9000,pathPersistency,0.9
trace,olsr,1.396982,1.396087,3779,5562,60,1530,3371,0.520958,0.018382,28.073784,167,87,22,0,0,46,graph_0001__pathPersistency_0.9000,pathPersistency,0.9
trace,aodv,2.618372,2.616925,7386,9176,60,2243,4080,0.836111,0.043523,29.223265,360,301,12,1,0,280,graph_0001__pathPersistency_0.9000,pathPersistency,0.9
trace,dsdv,0.778301,0.778198,2805,3725,60,1674,2634,0.555556,0.054262,48.865874,90,50,0,0,0,1002,graph_0001__pathPersistency_0.9000,pathPersistency,0.9
trace,olsr,1.338694,1.337588,3567,5296,60,1519,3307,0.503226,0.017598,32.145390,155,78,18,0,0,57,graph_0001__pathPersistency_0.9000,pathPersistency,0.9
trace,aodv,2.722206,2.713942,7412,9175,60,2238,4044,0.841667,0.043837,29.299718,360,303,14,0,0,314,graph_0001__pathPersistency_0.9000,pathPersistency,0.9
trace,dsdv,0.354618,0.354557,1765,2614,60,1405,2254,0.000000,0.000000,0.000000,0,0,0,0,0,793,graph_0001__pathPersistency_0.9000,pathPersistency,0.9
trace,olsr,1.227755,1.226233,3334,5061,60,1509,3297,0.449275,0.013276,20.743828,138,62,15,0,0,46,graph_0001__pathPersistency_0.9000,pathPersistency,0.9
trace,aodv,2.265413,2.264477,6465,8237,60,2213,4032,0.795302,0.034297,25.912621,298,237,14,62,0,322,graph_0001__pathPersistency_0.9000,pathPersistency,0.9
trace,dsdv,0.366440,0.366245,1905,2854,60,1545,2494,0.000000,0.000000,0.000000,0,0,0,0,0,930,graph_0001__pathPersistency_0.9000,pathPersistency,0.9
trace,olsr,1.323433,1.322924,3512,5232,60,1498,3276,0.374269,0.014781,31.042556,171,64,49,0,0,34,graph_0001__pathPersistency_0.9000,pathPersistency,0.9
trace,aodv,2.688257,2.680464,7366,9119,60,2280,4090,0.808333,0.042117,29.012390,360,291,12,0,0,354,graph_0001__pathPersistency_0.9000,pathPersistency,0.9
trace,dsdv,1.123596,1.122060,3504,4309,60,1665,2633,0.000000,0.000000,0.000000,182,0,0,0,0,987,graph_0001__pathPersistency_0.9000,pathPersistency,0.9
trace,olsr,1.473178,1.472419,3991,5774,60,1543,3385,0.565714,0.020487,28.760097,175,99,17,0,0,33,graph_0001__pathPersistency_0.9000,pathPersistency,0.9
trace,aodv,2.563085,2.560761,7153,8885,60,2121,3918,0.802778,0.041813,28.030073,360,289,6,0,0,312,graph_0001__pathPersistency_0.9000,pathPersistency,0.9
trace,dsdv,0.568032,0.567921,2273,3045,60,1487,2349,0.000000,0.000000,0.000000,90,0,0,0,0,926,graph_0001__pathPersistency_0.9000,pathPersistency,0.9
trace,olsr,1.251167,1.250673,3411,5182,60,1536,3366,0.479730,0.014878,22.026852,148,71,18,0,0,47,graph_0001__pathPersistency_0.9000,pathPersistency,0.9
trace,aodv,2.652301,2.651590,7324,9064,60,2165,3953,0.838889,0.043680,29.310068,360,302,10,0,0,277,graph_0001__pathPersistency_0.9000,pathPersistency,0.9
trace,dsdv,0.999515,0.999357,3395,4179,60,1547,2438,0.309677,0.051548,49.012368,155,48,0,0,0,1003,graph_0001__pathPersistency_0.9000,pathPersistency,0.9
trace,olsr,1.378207,1.377039,3747,5546,60,1553,3416,0.500000,0.017218,28.597874,158,79,15,0,0,47,graph_0001__pathPersistency_0.9000,pathPersistency,0.9
trace,aodv,2.822079,2.819722,7584,9438,60,2430,4330,0.841667,0.043838,29.365255,360,303,11,1,0,320,graph_0001__pathPersistency_0.9000,pathPersistency,0.9
trace,dsdv,2.846401,2.845018,8462,9300,60,4930,5808,0.000000,0.000000,0.000000,90,0,0,0,0,1124,graph_0001__pathPersistency_0.9000,pathPersistency,0.9
trace,olsr,0.319558,0.319368,1246,2169,60,1246,2169,0.000000,0.000000,0.000000,0,0,0,0,0,11,graph_0010__pathPersistency_0.5000,pathPersistency,0.5
trace,aodv,1.335491,1.335293,4434,5469,60,2495,3683,0.000000,0.000000,0.000000,153,0,2,190,0,465,graph_0010__pathPersistency_0.5000,pathPersistency,0.5
trace,dsdv,0.332649,0.332608,1797,2507,60,1437,2147,0.000000,0.000000,0.000000,0,0,0,0,0,902,graph_0010__pathPersistency_0.5000,pathPersistency,0.5
trace,olsr,0.313823,0.313796,1251,2177,60,1251,2177,0.000000,0.000000,0.000000,0,0,0,0,0,7,graph_0010__pathPersistency_0.5000,pathPersistency,0.5
trace,aodv,1.011209,1.011112,3697,4818,60,2732,3989,0.023810,0.293534,22.796389,168,4,28,189,0,299,graph_0010__pathPersistency_0.5000,pathPersistency,0.5
trace,dsdv,0.875022,0.874634,2789,3441,60,1595,2424,0.109890,0.009519,20.570636,273,30,0,0,0,1024,graph_0010__pathPersistency_0.5000,pathPersistency,0.5
trace,olsr,0.314884,0.314832,1237,2170,60,1237,2170,0.000000,0.000000,0.000000,0,0,0,0,0,3,graph_0010__pathPersistency_0.5000,pathPersistency,0.5
trace,aodv,1.426223,1.426141,4528,5731,60,2753,4034,0.346154,0.008590,44.296255,156,54,24,190,0,635,graph_0010__pathPersistency_0.5000,pathPersistency,0.5
trace,dsdv,0.386589,0.386528,2017,2921,60,1657,2561,0.000000,0.000000,0.000000,0,0,0,0,0,962,graph_0010__pathPersistency_0.5000,pathPersistency,0.5
trace,olsr,0.332743,0.332441,1253,2209,60,1253,2209,0.000000,0.000000,0.000000,0,0,0,0,0,4,graph_0010__pathPersistency_0.5000,pathPersistency,0.5
trace,aodv,0.821544,0.821033,3116,4239,60,2446,3652,0.000000,0.000000,0.000000,89,0,7,252,0,179,graph_0010__pathPersistency_0.5000,pathPersistency,0.5
trace,dsdv,0.612421,0.612335,2319,3071,60,1546,2385,0.000000,0.000000,0.000000,90,0,0,0,0,906,graph_0010__pathPersistency_0.5000,pathPersistency,0.5
trace,olsr,0.333470,0.333418,1246,2179,60,1246,2179,0.000000,0.000000,0.000000,0,0,0,0,0,8,graph_0010__pathPersistency_0.5000,pathPersistency,0.5
trace,aodv,0.864294,0.863894,3244,4332,60,2227,3381,0.233333,0.070643,52.330347,90,21,3,251,0,232,graph_0010__pathPersistency_0.5000,pathPersistency,0.5
trace,dsdv,0.682813,0.682707,2348,3032,60,1584,2387,0.023148,0.169989,24.667427,216,5,0,0,0,1026,graph_0010__pathPersistency_0.5000,pathPersistency,0.5
trace,olsr,0.330359,0.330065,1252,2196,60,1252,2196,0.000000,0.000000,0.000000,0,0,0,0,0,6,graph_0010__pathPersistency_0.5000,pathPersistency,0.5
trace,aodv,1.395903,1.395151,4453,5651,60,2635,3896,0.487013,0.011925,43.828184,154,75,16,187,0,505,graph_0010__pathPersistency_0.5000,pathPersistency,0.5
trace,dsdv,0.409485,0.409254,2010,2762,60,1573,2415,0.000000,0.000000,0.000000,90,0,0,0,0,964,graph_0010__pathPersistency_0.5000,pathPersistency,0.5
trace,olsr,0.333412,0.332265,1269,2237,60,1269,2237,0.000000,0.000000,0.000000,0,0,0,0,0,10,graph_0010__pathPersistency_0.5000,pathPersistency,0.5
trace,aodv,1.375534,1.373647,4330,5574,60,2854,4168,0.272727,0.006785,41.577443,154,42,42,189,0,568,graph_0010__pathPersistency_0.5000,pathPersistency,0.5
trace,dsdv,0.851015,0.847858,2652,3319,60,1716,2616,0.056680,0.005361,24.651108,247,14,0,0,0,1011,graph_0010__pathPersistency_0.5000,pathPersistency,0.5
trace,olsr,0.343092,0.342598,1256,2205,60,1256,2205,0.000000,0.000000,0.000000,0,0,0,0,0,4,graph_0010__pathPersistency_0.5000,pathPersistency,0.5
trace,aodv,0.717644,0.717449,2925,4107,60,2380,3626,0.000000,0.000000,0.000000,67,0,4,251,0,131,graph_0010__pathPersistency_0.5000,pathPersistency,0.5
trace,dsdv,0.510961,0.510574,2167,2893,60,1492,2253,0.326923,0.061111,52.565156,52,17,0,0,0,911,graph_0010__pathPersistency_0.5000,pathPersistency,0.5
trace,olsr,0.320397,0.320295,1244,2178,60,1244,2178,0.000000,0.000000,0.000000,0,0,0,0,0,5,graph_0010__pathPersistency_0.5000,pathPersistency,0.5
trace,aodv,0.916482,0.915974,3397,4584,60,2483,3753,0.021505,20.260478,3.133651,93,2,8,251,0,222,graph_0010__pathPersistency_0.5000,pathPersistency,0.5
trace,dsdv,0.350610,0.350498,1863,2625,60,1503,2265,0.000000,0.000000,0.000000,0,0,0,0,0,894,graph_0010__pathPersistency_0.5000,pathPersistency,0.5
trace,olsr,0.335270,0.334852,1258,2206,60,1258,2206,0.000000,0.000000,0.000000,0,0,0,0,0,4,graph_0010__pathPersistency_0.5000,pathPersistency,0.5
trace,aodv,1.192597,1.189444,3962,5082,60,2659,3857,0.230263,0.005567,38.084643,152,35,39,190,0,452,graph_0010__pathPersistency_0.5000,pathPersistency,0.5
trace,dsdv,0.661122,0.660837,2479,3236,60,1559,2374,0.355556,0.030691,50.351426,90,32,0,0,0,916,graph_0010__pathPersistency_0.5000,pathPersistency,0.5
trace,olsr,0.247904,0.247869,1111,1474,60,1111,1474,0.000000,0.000000,0.000000,0,0,0,0,0,4,graph_0007__pathPersistency_0.0000,pathPersistency,0.0
trace,aodv,0.399025,0.398716,2323,2833,60,1963,2473,0.000000,0.000000,0.000000,0,0,0,315,0,32,graph_0007__pathPersistency_0.0000,pathPersistency,0.0
trace,dsdv,0.197886,0.197868,1226,1570,60,866,1210,0.000000,0.000000,0.000000,0,0,0,0,0,313,graph_0007__pathPersistency_0.0000,pathPersistency,0.0
trace,olsr,0.251780,0.251749,1111,1467,60,1111,1467,0.000000,0.000000,0.000000,0,0,0,0,0,2,graph_0007__pathPersistency_0.0000,pathPersistency,0.0
trace,aodv,0.405733,0.405230,2320,2829,60,1960,2469,0.000000,0.000000,0.000000,0,0,0,315,0,34,graph_0007__pathPersistency_0.0000,pathPersistency,0.0
trace,dsdv,0.206846,0.206383,1272,1626,60,912,1266,0.000000,0.000000,0.000000,0,0,0,0,0,320,graph_0007__pathPersistency_0.0000,pathPersistency,0.0
trace,olsr,0.259104,0.258507,1112,1470,60,1112,1470,0.000000,0.000000,0.000000,0,0,0,0,0,7,graph_0007__pathPersistency_0.0000,pathPersistency,0.0
trace,aodv,0.408678,0.406512,2321,2837,60,1961,2477,0.000000,0.000000,0.000000,0,0,0,315,0,28,graph_0007__pathPersistency_0.0000,pathPersistency,0.0
trace,dsdv,0.193082,0.191673,1193,1508,60,833,1148,0.000000,0.000000,0.000000,0,0,0,0,0,298,graph_0007__pathPersistency_0.0000,pathPersistency,0.0
trace,olsr,0.261322,0.261293,1115,1476,60,1115,1476,0.000000,0.000000,0.000000,0,0,0,0,0,2,graph_0007__pathPersistency_0.0000,pathPersistency,0.0
trace,aodv,0.407012,0.406662,2320,2831,60,1960,2471,0.000000,0.000000,0.000000,0,0,0,315,0,30,graph_0007__pathPersistency_0.0000,pathPersistency,0.0
trace,dsdv,0.163469,0.163316,1068,1279,60,708,919,0.000000,0.000000,0.000000,0,0,0,0,0,268,graph_0007__pathPersistency_0.0000,pathPersistency,0.0
trace,olsr,0.260999,0.260143,1114,1479,60,1114,1479,0.000000,0.000000,0.000000,0,0,0,0,0,0,graph_0007__pathPersistency_0.0000,pathPersistency,0.0
trace,aodv,0.413519,0.412596,2321,2817,60,1961,2457,0.000000,0.000000,0.000000,0,0,0,315,0,46,graph_0007__pathPersistency_0.0000,pathPersistency,0.0
trace,dsdv,0.157926,0.156823,1032,1225,60,672,865,0.000000,0.000000,0.000000,0,0,0,0,0,226,graph_0007__pathPersistency_0.0000,pathPersistency,0.0
trace,olsr,0.266357,0.265545,1116,1478,60,1116,1478,0.000000,0.000000,0.000000,0,0,0,0,0,2,graph_0007__pathPersistency_0.0000,pathPersistency,0.0
trace,aodv,0.406456,0.404553,2322,2825,60,1962,2465,0.000000,0.000000,0.000000,0,0,0,315,0,48,graph_0007__pathPersistency_0.0000,pathPersistency,0.0
trace,dsdv,0.158535,0.158214,1045,1211,60,685,851,0.000000,0.000000,0.000000,0,0,0,0,0,243,graph_0007__pathPersistency_0.0000,pathPersistency,0.0
trace,olsr,0.256685,0.256023,1117,1486,60,1117,1486,0.000000,0.000000,0.000000,0,0,0,0,0,5,graph_0007__pathPersistency_0.0000,pathPersistency,0.0
trace,aodv,0.407847,0.406967,2321,2830,60,1961,2470,0.000000,0.000000,0.000000,0,0,0,315,0,35,graph_0007__pathPersistency_0.0000,pathPersistency,0.0
trace,dsdv,0.163458,0.163070,1062,1278,60,702,918,0.000000,0.000000,0.000000,0,0,0,0,0,245,graph_0007__pathPersistency_0.0000,pathPersistency,0.0
trace,olsr,0.258484,0.258455,1113,1474,60,1113,1474,0.000000,0.000000,0.000000,0,0,0,0,0,2,graph_0007__pathPersistency_0.0000,pathPersistency,0.0
trace,aodv,0.405924,0.405906,2321,2834,60,1961,2474,0.000000,0.000000,0.000000,0,0,0,315,0,31,graph_0007__pathPersistency_0.0000,pathPersistency,0.0
trace,dsdv,0.203634,0.203243,1258,1601,60,898,1241,0.000000,0.000000,0.000000,0,0,0,0,0,285,graph_0007__pathPersistency_0.0000,pathPersistency,0.0
trace,olsr,0.259267,0.259124,1112,1475,60,1112,1475,0.000000,0.000000,0.000000,0,0,0,0,0,1,graph_0007__pathPersistency_0.0000,pathPersistency,0.0
trace,aodv,0.403897,0.403852,2322,2824,60,1962,2464,0.000000,0.000000,0.000000,0,0,0,315,0,44,graph_0007__pathPersistency_0.0000,pathPersistency,0.0
trace,dsdv,0.190708,0.190685,1192,1483,60,832,1123,0.000000,0.000000,0.000000,0,0,0,0,0,267,graph_0007__pathPersistency_0.0000,pathPersistency,0.0
trace,olsr,0.255151,0.255124,1114,1471,60,1114,1471,0.000000,0.000000,0.000000,0,0,0,0,0,7,graph_0007__pathPersistency_0.0000,pathPersistency,0.0
trace,aodv,0.403225,0.402959,2318,2814,60,1958,2454,0.000000,0.000000,0.000000,0,0,0,315,0,43,graph_0007__pathPersistency_0.0000,pathPersistency,0.0
trace,dsdv,0.167965,0.167774,1101,1281,60,741,921,0.000000,0.000000,0.000000,0,0,0,0,0,262,graph_0007__pathPersistency_0.0000,pathPersistency,0.0
trace,olsr,0.401904,0.401867,1395,2943,60,1395,2943,0.000000,0.000000,0.000000,0,0,0,0,0,8,graph_0009__pathPersistency_0.7000,pathPersistency,0.7
trace,aodv,2.539206,2.537963,6904,8890,60,2766,4819,0.741611,0.031988,36.799361,298,221,11,62,0,883,graph_0009__pathPersistency_0.7000,pathPersistency,0.7
trace,dsdv,0.629126,0.628885,2466,3719,60,1899,3228,0.073171,0.160294,46.733033,82,6,0,0,0,1070,graph_0009__pathPersistency_0.7000,pathPersistency,0.7
trace,olsr,0.414266,0.413369,1385,2901,60,1385,2901,0.000000,0.000000,0.000000,0,0,0,0,0,13,graph_0009__pathPersistency_0.7000,pathPersistency,0.7
trace,aodv,1.781049,1.780176,5294,7240,60,2497,4524,0.628319,0.026039,27.466703,226,142,3,124,0,496,graph_0009__pathPersistency_0.7000,pathPersistency,0.7
trace,dsdv,0.440614,0.440581,2193,3455,60,1833,3095,0.000000,0.000000,0.000000,0,0,0,0,0,983,graph_0009__pathPersistency_0.7000,pathPersistency,0.7
trace,olsr,0.392742,0.392461,1401,2952,60,1401,2952,0.000000,0.000000,0.000000,0,0,0,0,0,14,graph_0009__pathPersistency_0.7000,pathPersistency,0.7
trace,aodv,1.481484,1.481237,4736,6455,60,2552,4576,0.152778,0.055905,37.502490,360,55,1,0,0,314,graph_0009__pathPersistency_0.7000,pathPersistency,0.7
trace,dsdv,0.452717,0.452418,2321,3719,60,1961,3359,0.000000,0.000000,0.000000,0,0,0,0,0,1019,graph_0009__pathPersistency_0.7000,pathPersistency,0.7
trace,olsr,0.408575,0.407999,1378,2895,60,1378,2895,0.000000,0.000000,0.000000,0,0,0,0,0,7,graph_0009__pathPersistency_0.7000,pathPersistency,0.7
trace,aodv,1.729713,1.725535,5052,7075,60,2923,4976,0.391489,0.016877,25.692911,235,92,113,125,0,512,graph_0009__pathPersistency_0.7000,pathPersistency,0.7
trace,dsdv,0.467650,0.467203,2280,3675,60,1920,3315,0.000000,0.000000,0.000000,0,0,0,0,0,998,graph_0009__pathPersistency_0.7000,pathPersistency,0.7
trace,olsr,0.423326,0.422860,1431,3009,60,1431,3009,0.000000,0.000000,0.000000,0,0,0,0,0,14,graph_0009__pathPersistency_0.7000,pathPersistency,0.7
trace,aodv,1.893313,1.892501,5552,7517,60,2678,4710,0.672566,0.027871,29.208594,226,152,7,124,0,628,graph_0009__pathPersistency_0.7000,pathPersistency,0.7
trace,dsdv,0.364493,0.364456,1939,2984,60,1579,2624,0.000000,0.000000,0.000000,0,0,0,0,0,851,graph_0009__pathPersistency_0.7000,pathPersistency,0.7
trace,olsr,0.420297,0.419500,1428,3027,60,1428,3027,0.000000,0.000000,0.000000,0,0,0,0,0,16,graph_0009__pathPersistency_0.7000,pathPersistency,0.7
trace,aodv,1.088905,1.087861,3727,5502,60,2178,4018,0.503817,0.028567,35.461177,131,66,0,188,0,262,graph_0009__pathPersistency_0.7000,pathPersistency,0.7
trace,dsdv,0.439327,0.438973,2220,3531,60,1860,3171,0.000000,0.000000,0.000000,0,0,0,0,0,975,graph_0009__pathPersistency_0.7000,pathPersistency,0.7
trace,olsr,0.409227,0.409066,1387,2930,60,1387,2930,0.000000,0.000000,0.000000,0,0,0,0,0,7,graph_0009__pathPersistency_0.7000,pathPersistency,0.7
trace,aodv,2.517683,2.517000,6784,8768,60,2660,4701,0.771812,0.033263,36.204512,298,230,12,62,0,1046,graph_0009__pathPersistency_0.7000,pathPersistency,0.7
trace,dsdv,0.445546,0.445521,2214,3459,60,1854,3099,0.000000,0.000000,0.000000,0,0,0,0,0,1061,graph_0009__pathPersistency_0.7000,pathPersistency,0.7
trace,olsr,0.411801,0.411694,1419,3005,60,1419,3005,0.000000,0.000000,0.000000,0,0,0,0,0,9,graph_0009__pathPersistency_0.7000,pathPersistency,0.7
trace,aodv,1.966664,1.966023,5726,7652,60,2598,4582,0.690678,0.023587,33.306621,236,163,15,124,0,616,graph_0009__pathPersistency_0.7000,pathPersistency,0.7
trace,dsdv,0.421714,0.421456,2179,3404,60,1819,3044,0.000000,0.000000,0.000000,0,0,0,0,0,1002,graph_0009__pathPersistency_0.7000,pathPersistency,0.7
trace,olsr,0.420335,0.419576,1389,2925,60,1389,2925,0.000000,0.000000,0.000000,0,0,0,0,0,14,graph_0009__pathPersistency_0.7000,pathPersistency,0.7
trace,aodv,1.741444,1.740136,5187,7010,60,2354,4266,0.576271,0.019678,28.444104,236,136,11,124,0,533,graph_0009__pathPersistency_0.7000,pathPersistency,0.7
trace,dsdv,0.392443,0.392226,2031,3178,60,1671,2818,0.000000,0.000000,0.000000,0,0,0,0,0,884,graph_0009__pathPersistency_0.7000,pathPersistency,0.7
trace,olsr,0.411941,0.411923,1380,2913,60,1380,2913,0.000000,0.000000,0.000000,0,0,0,0,0,8,graph_0009__pathPersistency_0.7000,pathPersistency,0.7
trace,aodv,1.972381,1.971528,5542,7442,60,2753,4769,0.355705,0.019441,24.387584,298,106,78,62,0,759,graph_0009__pathPersistency_0.7000,pathPersistency,0.7
trace,dsdv,0.385582,0.385539,1986,3056,60,1626,2696,0.000000,0.000000,0.000000,0,0,0,0,0,860,graph_0009__pathPersistency_0.7000,pathPersistency,0.7
trace,olsr,0.308442,0.308424,1212,2091,60,1212,2091,0.000000,0.000000,0.000000,0,0,0,0,0,7,graph_0009__pathPersistency_0.5000,pathPersistency,0.5
trace,aodv,0.839501,0.838948,3146,4458,60,2338,3724,0.145631,0.065341,36.854859,103,15,14,252,0,169,graph_0009__pathPersistency_0.5000,pathPersistency,0.5
trace,dsdv,0.344662,0.344605,1853,2707,60,1493,2347,0.000000,0.000000,0.000000,0,0,0,0,0,675,graph_0009__pathPersistency_0.5000,pathPersistency,0.5
trace,olsr,0.303576,0.303488,1202,2060,60,1202,2060,0.000000,0.000000,0.000000,0,0,0,0,0,8,graph_0009__pathPersistency_0.5000,pathPersistency,0.5
trace,aodv,0.872708,0.872198,3177,4546,60,2429,3872,0.173469,0.016140,51.139395,98,17,7,252,0,232,graph_0009__pathPersistency_0.5000,pathPersistency,0.5
trace,dsdv,0.714870,0.714112,2336,3094,60,1549,2493,0.083744,0.062304,27.669024,203,17,0,0,0,723,graph_0009__pathPersistency_0.5000,pathPersistency,0.5
trace,olsr,0.299588,0.299565,1212,2085,60,1212,2085,0.000000,0.000000,0.000000,0,0,0,0,0,8,graph_0009__pathPersistency_0.5000,pathPersistency,0.5
trace,aodv,0.908911,0.908124,3338,4667,60,2430,3835,0.147059,0.065161,36.853791,102,15,12,251,0,262,graph_0009__pathPersistency_0.5000,pathPersistency,0.5
trace,dsdv,0.589380,0.588982,2139,2804,60,1441,2250,0.000000,0.000000,0.000000,144,0,0,0,0,724,graph_0009__pathPersistency_0.5000,pathPersistency,0.5
trace,olsr,0.305480,0.305389,1205,2061,60,1205,2061,0.000000,0.000000,0.000000,0,0,0,0,0,12,graph_0009__pathPersistency_0.5000,pathPersistency,0.5
trace,aodv,0.880556,0.880153,3344,4520,60,2407,3750,0.000000,0.000000,0.000000,171,0,4,189,0,239,graph_0009__pathPersistency_0.5000,pathPersistency,0.5
trace,dsdv,0.828092,0.827705,2745,3374,60,1762,2575,0.083333,0.062194,27.668262,204,17,0,0,0,797,graph_0009__pathPersistency_0.5000,pathPersistency,0.5
trace,olsr,0.318528,0.318503,1218,2111,60,1218,2111,0.000000,0.000000,0.000000,0,0,0,0,0,4,graph_0009__pathPersistency_0.5000,pathPersistency,0.5
trace,aodv,0.654078,0.653514,2663,3988,60,2303,3628,0.000000,0.000000,0.000000,0,0,0,315,0,126,graph_0009__pathPersistency_0.5000,pathPersistency,0.5
trace,dsdv,0.339347,0.339177,1821,2637,60,1461,2277,0.000000,0.000000,0.000000,0,0,0,0,0,684,graph_0009__pathPersistency_0.5000,pathPersistency,0.5
trace,olsr,0.302656,0.302616,1207,2070,60,1207,2070,0.000000,0.000000,0.000000,0,0,0,0,0,8,graph_0009__pathPersistency_0.5000,pathPersistency,0.5
trace,aodv,0.818964,0.817658,3082,4438,60,2461,3855,0.250000,0.064752,36.928639,56,14,4,251,0,184,graph_0009__pathPersistency_0.5000,pathPersistency,0.5
trace,dsdv,0.471874,0.471826,2156,3033,60,1605,2522,0.000000,0.000000,0.000000,40,0,0,0,0,787,graph_0009__pathPersistency_0.5000,pathPersistency,0.5
trace,olsr,0.304177,0.303428,1207,2080,60,1207,2080,0.000000,0.000000,0.000000,0,0,0,0,0,6,graph_0009__pathPersistency_0.5000,pathPersistency,0.5
trace,aodv,0.650542,0.650389,2747,4074,60,2185,3536,0.294118,0.073536,54.313638,34,10,0,315,0,108,graph_0009__pathPersistency_0.5000,pathPersistency,0.5
trace,dsdv,0.388635,0.388600,2059,3052,60,1699,2692,0.000000,0.000000,0.000000,0,0,0,0,0,799,graph_0009__pathPersistency_0.5000,pathPersistency,0.5
trace,olsr,0.305854,0.305829,1221,2116,60,1221,2116,0.000000,0.000000,0.000000,0,0,0,0,0,5,graph_0009__pathPersistency_0.5000,pathPersistency,0.5
trace,aodv,0.641638,0.641377,2745,4122,60,2385,3762,0.000000,0.000000,0.000000,0,0,0,315,0,125,graph_0009__pathPersistency_0.5000,pathPersistency,0.5
trace,dsdv,0.388384,0.388203,1917,2870,60,1557,2510,0.000000,0.000000,0.000000,0,0,0,0,0,680,graph_0009__pathPersistency_0.5000,pathPersistency,0.5
trace,olsr,0.325968,0.325951,1208,2086,60,1208,2086,0.000000,0.000000,0.000000,0,0,0,0,0,6,graph_0009__pathPersistency_0.5000,pathPersistency,0.5
trace,aodv,1.079506,1.079071,3606,4999,60,2610,4065,0.276190,0.012528,45.125195,105,29,14,251,0,253,graph_0009__pathPersistency_0.5000,pathPersistency,0.5
trace,dsdv,0.728703,0.728181,2427,3123,60,1595,2477,0.031250,0.131654,28.672088,192,6,0,0,0,757,graph_0009__pathPersistency_0.5000,pathPersistency,0.5
trace,olsr,0.300330,0.300119,1218,2099,60,1218,2099,0.000000,0.000000,0.000000,0,0,0,0,0,8,graph_0009__pathPersistency_0.5000,pathPersistency,0.5
trace,aodv,0.698714,0.697858,2855,4195,60,2218,3595,0.272727,0.063585,36.844439,55,15,4,251,0,140,graph_0009__pathPersistency_0.5000,pathPersistency,0.5
trace,dsdv,0.858811,0.858109,2740,3407,60,1526,2373,0.083333,0.062142,27.667943,204,17,0,0,0,743,graph_0009__pathPersistency_0.5000,pathPersistency,0.5
trace,olsr,0.360281,0.360203,1302,2512,60,1302,2512,0.000000,0.000000,0.000000,0,0,0,0,0,12,graph_0004__pathPersistency_0.6000,pathPersistency,0.6
trace,aodv,1.926115,1.924856,5622,7250,60,2638,4344,0.591304,0.021636,31.425551,230,136,17,125,0,772,graph_0004__pathPersistency_0.6000,pathPersistency,0.6
trace,dsdv,0.678609,0.678493,2478,3371,60,1858,3024,0.000000,0.000000,0.000000,273,0,0,0,0,953,graph_0004__pathPersistency_0.6000,pathPersistency,0.6
trace,olsr,0.350968,0.350945,1299,2494,60,1299,2494,0.000000,0.000000,0.000000,0,0,0,0,0,6,graph_0004__pathPersistency_0.6000,pathPersistency,0.6
trace,aodv,1.201142,1.200678,4003,5557,60,2490,4130,0.314103,0.008241,18.053581,156,49,22,189,0,331,graph_0004__pathPersistency_0.6000,pathPersistency,0.6
trace,dsdv,0.709016,0.708652,2430,3342,60,1718,2812,0.000000,0.000000,0.000000,182,0,0,0,0,995,graph_0004__pathPersistency_0.6000,pathPersistency,0.6
trace,olsr,0.351067,0.350862,1279,2438,60,1279,2438,0.000000,0.000000,0.000000,0,0,0,0,0,11,graph_0004__pathPersistency_0.6000,pathPersistency,0.6
trace,aodv,1.760960,1.760494,4905,6700,60,2956,4819,0.452830,0.011439,22.343841,159,72,20,188,0,486,graph_0004__pathPersistency_0.6000,pathPersistency,0.6
trace,dsdv,0.520970,0.520781,2290,3456,60,1847,3103,0.000000,0.000000,0.000000,90,0,0,0,0,986,graph_0004__pathPersistency_0.6000,pathPersistency,0.6
trace,olsr,0.347961,0.347643,1273,2431,60,1273,2431,0.000000,0.000000,0.000000,0,0,0,0,0,4,graph_0004__pathPersistency_0.6000,pathPersistency,0.6
trace,aodv,1.233390,1.233218,4048,5602,60,2560,4219,0.318750,0.010311,10.535060,160,51,4,189,0,388,graph_0004__pathPersistency_0.6000,pathPersistency,0.6
trace,dsdv,1.028596,1.028053,3082,4105,60,1886,3151,0.113553,0.007560,32.114533,273,31,0,0,0,1018,graph_0004__pathPersistency_0.6000,pathPersistency,0.6
trace,olsr,0.348432,0.348392,1290,2488,60,1290,2488,0.000000,0.000000,0.000000,0,0,0,0,0,10,graph_0004__pathPersistency_0.6000,pathPersistency,0.6
trace,aodv,0.962620,0.962130,3497,4942,60,2261,3803,0.312057,0.054744,5.450210,141,44,0,190,0,136,graph_0004__pathPersistency_0.6000,pathPersistency,0.6
trace,dsdv,0.636900,0.636630,2496,3580,60,1817,2988,0.033333,21.577883,50.314816,90,3,0,0,0,958,graph_0004__pathPersistency_0.6000,pathPersistency,0.6
trace,olsr,0.368401,0.368389,1292,2484,60,1292,2484,0.000000,0.000000,0.000000,0,0,0,0,0,6,graph_0004__pathPersistency_0.6000,pathPersistency,0.6
trace,aodv,0.937853,0.937584,3396,4923,60,2236,3787,0.619718,0.054709,5.449939,71,44,3,252,0,172,graph_0004__pathPersistency_0.6000,pathPersistency,0.6
trace,dsdv,0.763572,0.763359,2505,3364,60,1743,2777,0.038462,0.104710,30.532130,182,7,0,0,0,1043,graph_0004__pathPersistency_0.6000,pathPersistency,0.6
trace,olsr,0.347492,0.347307,1277,2447,60,1277,2447,0.000000,0.000000,0.000000,0,0,0,0,0,4,graph_0004__pathPersistency_0.6000,pathPersistency,0.6
trace,aodv,1.030465,1.029505,3623,5172,60,2335,3916,0.564706,0.018306,6.977997,85,48,6,251,0,184,graph_0004__pathPersistency_0.6000,pathPersistency,0.6
trace,dsdv,0.944005,0.943436,2797,3610,60,1749,2814,0.076923,0.011052,24.451181,273,21,0,0,0,993,graph_0004__pathPersistency_0.6000,pathPersistency,0.6
trace,olsr,0.337697,0.337655,1283,2459,60,1283,2459,0.000000,0.000000,0.000000,0,0,0,0,0,7,graph_0004__pathPersistency_0.6000,pathPersistency,0.6
trace,aodv,1.072944,1.072563,3601,5144,60,2344,3920,0.564706,0.018281,6.974101,85,48,4,251,0,172,graph_0004__pathPersistency_0.6000,pathPersistency,0.6
trace,dsdv,0.438420,0.438071,2070,3058,60,1710,2698,0.000000,0.000000,0.000000,0,0,0,0,0,946,graph_0004__pathPersistency_0.6000,pathPersistency,0.6
trace,olsr,0.355403,0.355363,1295,2499,60,1295,2499,0.000000,0.000000,0.000000,0,0,0,0,0,6,graph_0004__pathPersistency_0.6000,pathPersistency,0.6
trace,aodv,1.561434,1.559800,4748,6428,60,2802,4524,0.424419,0.011609,22.936164,172,73,57,188,0,496,graph_0004__pathPersistency_0.6000,pathPersistency,0.6
trace,dsdv,0.490176,0.489990,2291,3411,60,1846,2985,0.000000,0.000000,0.000000,19,0,0,0,0,1106,graph_0004__pathPersistency_0.6000,pathPersistency,0.6
trace,olsr,0.351592,0.351373,1290,2467,60,1290,2467,0.000000,0.000000,0.000000,0,0,0,0,0,14,graph_0004__pathPersistency_0.6000,pathPersistency,0.6
trace,aodv,0.997192,0.996245,3547,5072,60,2267,3823,0.576471,0.018661,7.314194,85,49,5,251,0,176,graph_0004__pathPersistency_0.6000,pathPersistency,0.6
trace,dsdv,1.471498,1.470828,4580,5574,60,2053,3104,0.000000,0.000000,0.000000,90,0,0,0,0,996,graph_0004__pathPersistency_0.6000,pathPersistency,0.6
trace,olsr,0.243877,0.243861,1101,1367,60,1101,1367,0.000000,0.000000,0.000000,0,0,0,0,0,3,graph_0008__pathPersistency_0.0000,pathPersistency,0.0
trace,aodv,0.634470,0.634378,2779,3272,60,2251,2765,0.066667,35.271121,44.399415,30,2,7,318,0,92,graph_0008__pathPersistency_0.0000,pathPersistency,0.0
trace,dsdv,0.163603,0.163564,1059,1269,60,699,909,0.000000,0.000000,0.000000,0,0,0,0,0,241,graph_0008__pathPersistency_0.0000,pathPersistency,0.0
trace,olsr,0.246987,0.246570,1103,1368,60,1103,1368,0.000000,0.000000,0.000000,0,0,0,0,0,0,graph_0008__pathPersistency_0.0000,pathPersistency,0.0
trace,aodv,0.869138,0.868970,3234,3666,60,2407,2909,0.150000,0.006779,37.586642,100,15,15,253,0,226,graph_0008__pathPersistency_0.0000,pathPersistency,0.0
trace,dsdv,0.192569,0.192558,1232,1535,60,872,1175,0.000000,0.000000,0.000000,0,0,0,0,0,320,graph_0008__pathPersistency_0.0000,pathPersistency,0.0
trace,olsr,0.261598,0.261563,1104,1367,60,1104,1367,0.000000,0.000000,0.000000,0,0,0,0,0,2,graph_0008__pathPersistency_0.0000,pathPersistency,0.0
trace,aodv,0.819749,0.819653,3172,3580,60,2390,2881,0.112245,0.004979,35.488252,98,11,4,256,0,166,graph_0008__pathPersistency_0.0000,pathPersistency,0.0
trace,dsdv,0.185696,0.185442,1178,1426,60,818,1066,0.000000,0.000000,0.000000,0,0,0,0,0,307,graph_0008__pathPersistency_0.0000,pathPersistency,0.0
trace,olsr,0.244984,0.244976,1104,1365,60,1104,1365,0.000000,0.000000,0.000000,0,0,0,0,0,7,graph_0008__pathPersistency_0.0000,pathPersistency,0.0
trace,aodv,0.574648,0.574605,2672,3104,60,2192,2664,0.044444,57.585514,27.555886,45,2,3,314,0,73,graph_0008__pathPersistency_0.0000,pathPersistency,0.0
trace,dsdv,0.186898,0.186883,1193,1446,60,833,1086,0.000000,0.000000,0.000000,0,0,0,0,0,302,graph_0008__pathPersistency_0.0000,pathPersistency,0.0
trace,olsr,0.256932,0.256789,1102,1368,60,1102,1368,0.000000,0.000000,0.000000,0,0,0,0,0,2,graph_0008__pathPersistency_0.0000,pathPersistency,0.0
trace,aodv,0.557873,0.557663,2551,2986,60,2085,2532,0.294118,0.220273,43.706717,17,5,0,315,0,59,graph_0008__pathPersistency_0.0000,pathPersistency,0.0
trace,dsdv,0.204023,0.204009,1250,1600,60,890,1240,0.000000,0.000000,0.000000,0,0,0,0,0,305,graph_0008__pathPersistency_0.0000,pathPersistency,0.0
trace,olsr,0.249851,0.249819,1102,1365,60,1102,1365,0.000000,0.000000,0.000000,0,0,0,0,0,3,graph_0008__pathPersistency_0.0000,pathPersistency,0.0
trace,aodv,0.776158,0.775927,3076,3495,60,2366,2848,0.172840,0.006354,37.177866,81,14,4,253,0,162,graph_0008__pathPersistency_0.0000,pathPersistency,0.0
trace,dsdv,0.194836,0.194781,1213,1489,60,853,1129,0.000000,0.000000,0.000000,0,0,0,0,0,310,graph_0008__pathPersistency_0.0000,pathPersistency,0.0
trace,olsr,0.242602,0.242585,1105,1368,60,1105,1368,0.000000,0.000000,0.000000,0,0,0,0,0,6,graph_0008__pathPersistency_0.0000,pathPersistency,0.0
trace,aodv,0.561350,0.561202,2651,3082,60,2170,2637,0.111111,0.162324,25.807877,45,5,4,314,0,55,graph_0008__pathPersistency_0.0000,pathPersistency,0.0
trace,dsdv,0.150007,0.149993,1027,1192,60,667,832,0.000000,0.000000,0.000000,0,0,0,0,0,244,graph_0008__pathPersistency_0.0000,pathPersistency,0.0
trace,olsr,0.249400,0.248867,1097,1349,60,1097,1349,0.000000,0.000000,0.000000,0,0,0,0,0,5,graph_0008__pathPersistency_0.0000,pathPersistency,0.0
trace,aodv,0.890926,0.890782,3422,3852,60,2442,2945,0.070000,0.003124,31.031641,100,7,21,252,0,309,graph_0008__pathPersistency_0.0000,pathPersistency,0.0
trace,dsdv,0.168046,0.168027,1096,1316,60,736,956,0.000000,0.000000,0.000000,0,0,0,0,0,257,graph_0008__pathPersistency_0.0000,pathPersistency,0.0
trace,olsr,0.254482,0.254466,1105,1367,60,1105,1367,0.000000,0.000000,0.000000,0,0,0,0,0,3,graph_0008__pathPersistency_0.0000,pathPersistency,0.0
trace,aodv,0.566146,0.566031,2654,3084,60,2171,2641,0.111111,0.157123,25.802893,45,5,0,315,0,54,graph_0008__pathPersistency_0.0000,pathPersistency,0.0
trace,dsdv,0.160190,0.160069,1066,1258,60,706,898,0.000000,0.000000,0.000000,0,0,0,0,0,239,graph_0008__pathPersistency_0.0000,pathPersistency,0.0
trace,olsr,0.243035,0.242889,1102,1369,60,1102,1369,0.000000,0.000000,0.000000,0,0,0,0,0,1,graph_0008__pathPersistency_0.0000,pathPersistency,0.0
trace,aodv,0.560813,0.560800,2634,3045,60,2154,2601,0.111111,0.155989,25.801472,45,5,4,316,0,73,graph_0008__pathPersistency_0.0000,pathPersistency,0.0
trace,dsdv,0.169547,0.169538,1107,1342,60,747,982,0.000000,0.000000,0.000000,0,0,0,0,0,239,graph_0008__pathPersistency_0.0000,pathPersistency,0.0
trace,olsr,0.733492,0.733242,2131,3441,60,1401,2748,0.202899,0.060365,48.868118,69,14,13,0,0,28,graph_0007__pathPersistency_0.7000,pathPersistency,0.7
trace,aodv,2.358529,2.358085,6782,8448,60,2628,4354,0.760943,0.040019,39.214937,297,226,11,63,0,548,graph_0007__pathPersistency_0.7000,pathPersistency,0.7
trace,dsdv,0.915335,0.914834,2949,3542,60,1419,2155,0.077419,0.074788,35.165498,155,12,0,0,0,868,graph_0007__pathPersistency_0.7000,pathPersistency,0.7
trace,olsr,0.533874,0.533683,1597,2910,60,1381,2745,0.098361,0.083952,49.552984,61,6,4,0,0,19,graph_0007__pathPersistency_0.7000,pathPersistency,0.7
trace,aodv,2.229720,2.229081,6426,7988,60,2584,4303,0.427609,0.022474,35.403250,297,127,13,63,0,749,graph_0007__pathPersistency_0.7000,pathPersistency,0.7
trace,dsdv,1.463499,1.462636,4498,5265,60,1822,2644,0.000000,0.000000,0.000000,90,0,0,0,0,1109,graph_0007__pathPersistency_0.7000,pathPersistency,0.7
trace,olsr,0.558563,0.558484,1666,2998,60,1398,2780,0.140625,0.070278,49.296512,64,9,5,0,0,20,graph_0007__pathPersistency_0.7000,pathPersistency,0.7
trace,aodv,2.196999,2.196330,6314,7912,60,2392,4059,0.700337,0.036843,37.342476,297,208,20,63,0,469,graph_0007__pathPersistency_0.7000,pathPersistency,0.7
trace,dsdv,0.715035,0.714808,2629,3516,60,1575,2521,0.344444,0.055755,47.473361,90,31,0,0,0,926,graph_0007__pathPersistency_0.7000,pathPersistency,0.7
trace,olsr,0.570031,0.569782,1724,3005,60,1380,2712,0.202899,0.060746,48.869804,69,14,4,0,0,13,graph_0007__pathPersistency_0.7000,pathPersistency,0.7
trace,aodv,1.399938,1.398637,4468,6063,60,2309,3972,0.590643,0.018191,47.082614,171,101,3,189,0,292,graph_0007__pathPersistency_0.7000,pathPersistency,0.7
trace,dsdv,1.779213,1.778228,5123,5814,60,1676,2481,0.208791,0.054998,32.975477,182,38,0,0,0,953,graph_0007__pathPersistency_0.7000,pathPersistency,0.7
trace,olsr,0.581403,0.581161,1716,3036,60,1412,2781,0.166667,0.064520,49.121789,66,11,6,0,0,24,graph_0007__pathPersistency_0.7000,pathPersistency,0.7
trace,aodv,1.358415,1.358066,4367,5964,60,2308,3971,0.602339,0.018238,44.782027,171,103,3,189,0,256,graph_0007__pathPersistency_0.7000,pathPersistency,0.7
trace,dsdv,0.366803,0.366738,1882,2740,60,1522,2380,0.000000,0.000000,0.000000,0,0,0,0,0,900,graph_0007__pathPersistency_0.7000,pathPersistency,0.7
trace,olsr,0.395075,0.394574,1383,2737,60,1383,2737,0.000000,0.000000,0.000000,0,0,0,0,0,5,graph_0007__pathPersistency_0.7000,pathPersistency,0.7
trace,aodv,2.188154,2.187295,6394,8045,60,2657,4438,0.474747,0.024969,35.880207,297,141,26,64,0,556,graph_0007__pathPersistency_0.7000,pathPersistency,0.7
trace,dsdv,1.351442,1.350639,3840,4688,60,1682,2734,0.252747,0.052868,20.433105,273,69,0,0,0,916,graph_0007__pathPersistency_0.7000,pathPersistency,0.7
trace,olsr,0.580966,0.580393,1694,2998,60,1398,2753,0.166667,0.064958,49.123508,66,11,4,0,0,26,graph_0007__pathPersistency_0.7000,pathPersistency,0.7
trace,aodv,2.380288,2.379052,6691,8332,60,2525,4206,0.764310,0.040229,37.783684,297,227,30,63,0,638,graph_0007__pathPersistency_0.7000,pathPersistency,0.7
trace,dsdv,0.484159,0.484023,2028,2786,60,1513,2329,0.079365,0.198560,49.755679,63,5,0,0,0,898,graph_0007__pathPersistency_0.7000,pathPersistency,0.7
trace,olsr,0.543834,0.543751,1643,3018,60,1427,2853,0.098361,0.086730,49.559234,61,6,4,0,0,21,graph_0007__pathPersistency_0.7000,pathPersistency,0.7
trace,aodv,2.300285,2.297431,6669,8313,60,2766,4520,0.531987,0.027977,35.030580,297,158,29,63,0,475,graph_0007__pathPersistency_0.7000,pathPersistency,0.7
trace,dsdv,1.860793,1.859118,5284,6090,60,1701,2621,0.208791,0.054740,32.971164,182,38,0,0,0,958,graph_0007__pathPersistency_0.7000,pathPersistency,0.7
trace,olsr,0.676484,0.675223,1933,3213,60,1389,2720,0.179104,0.062595,49.035787,67,12,0,0,0,36,graph_0007__pathPersistency_0.7000,pathPersistency,0.7
trace,aodv,2.470720,2.465056,6896,8657,60,2690,4500,0.771044,0.040559,38.200140,297,229,19,63,0,566,graph_0007__pathPersistency_0.7000,pathPersistency,0.7
trace,dsdv,0.376174,0.376156,1986,2920,60,1626,2560,0.000000,0.000000,0.000000,0,0,0,0,0,936,graph_0007__pathPersistency_0.7000,pathPersistency,0.7
trace,olsr,0.522161,0.521981,1590,2861,60,1374,2696,0.098361,0.085077,49.555553,61,6,4,0,0,31,graph_0007__pathPersistency_0.7000,pathPersistency,0.7
trace,aodv,2.351693,2.347766,6609,8264,60,2604,4326,0.663300,0.035481,38.878573,297,197,33,63,0,574,graph_0007__pathPersistency_0.7000,pathPersistency,0.7
trace,dsdv,1.285184,1.284976,3613,4177,60,1431,2199,0.252747,0.052793,20.432472,273,69,0,0,0,950,graph_0007__pathPersistency_0.7000,pathPersistency,0.7
trace,olsr,0.310817,0.310725,1209,2169,60,1209,2169,0.000000,0.000000,0.000000,0,0,0,0,0,7,graph_0001__pathPersistency_0.4000,pathPersistency,0.4
trace,aodv,1.422653,1.421628,4421,5738,60,2509,3947,0.395000,0.014176,35.123429,200,79,0,124,0,499,graph_0001__pathPersistency_0.4000,pathPersistency,0.4
trace,dsdv,0.336326,0.336276,1816,2636,60,1456,2276,0.000000,0.000000,0.000000,0,0,0,0,0,777,graph_0001__pathPersistency_0.4000,pathPersistency,0.4
trace,olsr,0.309767,0.309732,1203,2157,60,1203,2157,0.000000,0.000000,0.000000,0,0,0,0,0,8,graph_0001__pathPersistency_0.4000,pathPersistency,0.4
trace,aodv,1.877529,1.876879,5522,7208,60,3216,4971,0.441315,0.016873,33.758129,213,94,50,124,0,566,graph_0001__pathPersistency_0.4000,pathPersistency,0.4
trace,dsdv,0.281366,0.281336,1615,2286,60,1255,1926,0.000000,0.000000,0.000000,0,0,0,0,0,649,graph_0001__pathPersistency_0.4000,pathPersistency,0.4
trace,olsr,0.326216,0.325661,1197,2129,60,1197,2129,0.000000,0.000000,0.000000,0,0,0,0,0,8,graph_0001__pathPersistency_0.4000,pathPersistency,0.4
trace,aodv,1.703108,1.701043,5073,6637,60,2808,4474,0.355000,0.012743,34.259982,200,71,28,124,0,816,graph_0001__pathPersistency_0.4000,pathPersistency,0.4
trace,dsdv,0.986346,0.985168,3278,4049,60,1579,2419,0.000000,0.000000,0.000000,90,0,0,0,0,872,graph_0001__pathPersistency_0.4000,pathPersistency,0.4
trace,olsr,0.320492,0.320277,1210,2180,60,1210,2180,0.000000,0.000000,0.000000,0,0,0,0,0,7,graph_0001__pathPersistency_0.4000,pathPersistency,0.4
trace,aodv,1.759485,1.758416,5178,6758,60,2971,4642,0.408451,0.014088,34.718579,213,87,35,124,0,644,graph_0001__pathPersistency_0.4000,pathPersistency,0.4
trace,dsdv,0.332533,0.332361,1807,2637,60,1447,2277,0.000000,0.000000,0.000000,0,0,0,0,0,738,graph_0001__pathPersistency_0.4000,pathPersistency,0.4
trace,olsr,0.310716,0.310412,1210,2171,60,1210,2171,0.000000,0.000000,0.000000,0,0,0,0,0,8,graph_0001__pathPersistency_0.4000,pathPersistency,0.4
trace,aodv,1.892081,1.891012,5558,7156,60,3053,4712,0.575000,0.018623,34.440042,200,115,24,124,0,737,graph_0001__pathPersistency_0.4000,pathPersistency,0.4
trace,dsdv,0.295710,0.295531,1665,2371,60,1305,2011,0.000000,0.000000,0.000000,0,0,0,0,0,702,graph_0001__pathPersistency_0.4000,pathPersistency,0.4
trace,olsr,0.323014,0.322999,1203,2150,60,1203,2150,0.000000,0.000000,0.000000,0,0,0,0,0,6,graph_0001__pathPersistency_0.4000,pathPersistency,0.4
trace,aodv,1.362282,1.361872,4276,5759,60,2701,4360,0.225532,0.007671,37.297053,235,53,6,125,0,475,graph_0001__pathPersistency_0.4000,pathPersistency,0.4
trace,dsdv,0.318467,0.318432,1741,2481,60,1381,2121,0.000000,0.000000,0.000000,0,0,0,0,0,720,graph_0001__pathPersistency_0.4000,pathPersistency,0.4
trace,olsr,0.311351,0.311213,1210,2175,60,1210,2175,0.000000,0.000000,0.000000,0,0,0,0,0,4,graph_0001__pathPersistency_0.4000,pathPersistency,0.4
trace,aodv,1.348550,1.348291,4394,5891,60,2798,4418,0.177914,0.004697,22.741630,163,29,14,188,0,312,graph_0001__pathPersistency_0.4000,pathPersistency,0.4
trace,dsdv,0.296554,0.296511,1643,2314,60,1283,1954,0.000000,0.000000,0.000000,0,0,0,0,0,638,graph_0001__pathPersistency_0.4000,pathPersistency,0.4
trace,olsr,0.323447,0.323411,1206,2164,60,1206,2164,0.000000,0.000000,0.000000,0,0,0,0,0,9,graph_0001__pathPersistency_0.4000,pathPersistency,0.4
trace,aodv,1.477384,1.476521,4680,6215,60,2892,4547,0.213873,0.006639,22.701229,173,37,16,187,0,565,graph_0001__pathPersistency_0.4000,pathPersistency,0.4
trace,dsdv,0.328913,0.328891,1763,2590,60,1403,2230,0.000000,0.000000,0.000000,0,0,0,0,0,734,graph_0001__pathPersistency_0.4000,pathPersistency,0.4
trace,olsr,0.315062,0.315040,1196,2131,60,1196,2131,0.000000,0.000000,0.000000,0,0,0,0,0,13,graph_0001__pathPersistency_0.4000,pathPersistency,0.4
trace,aodv,1.686632,1.685974,5114,6691,60,2853,4520,0.446009,0.015384,31.689318,213,95,28,124,0,678,graph_0001__pathPersistency_0.4000,pathPersistency,0.4
trace,dsdv,0.591156,0.590788,2065,2786,60,1486,2389,0.000000,0.000000,0.000000,182,0,0,0,0,751,graph_0001__pathPersistency_0.4000,pathPersistency,0.4
trace,olsr,0.302343,0.302323,1202,2153,60,1202,2153,0.000000,0.000000,0.000000,0,0,0,0,0,12,graph_0001__pathPersistency_0.4000,pathPersistency,0.4
trace,aodv,1.243148,1.242425,4018,5409,60,2578,4131,0.029240,0.195262,13.709601,171,5,5,189,0,348,graph_0001__pathPersistency_0.4000,pathPersistency,0.4
trace,dsdv,0.503529,0.503483,1997,2640,60,1297,2010,0.222222,0.062390,46.437847,90,20,0,0,0,681,graph_0001__pathPersistency_0.4000,pathPersistency,0.4
trace,olsr,0.251148,0.251108,1099,1411,60,1099,1411,0.000000,0.000000,0.000000,0,0,0,0,0,2,graph_0005__pathPersistency_0.1000,pathPersistency,0.1
trace,aodv,0.613286,0.613124,2720,3241,60,2145,2690,0.314286,0.003799,41.966074,35,11,0,314,0,93,graph_0005__pathPersistency_0.1000,pathPersistency,0.1
trace,dsdv,0.176755,0.176681,1132,1339,60,772,979,0.000000,0.000000,0.000000,0,0,0,0,0,414,graph_0005__pathPersistency_0.1000,pathPersistency,0.1
trace,olsr,0.259512,0.258413,1095,1402,60,1095,1402,0.000000,0.000000,0.000000,0,0,0,0,0,4,graph_0005__pathPersistency_0.1000,pathPersistency,0.1
trace,aodv,0.590831,0.589906,2679,3209,60,2115,2669,0.314286,0.003806,41.987802,35,11,0,314,0,86,graph_0005__pathPersistency_0.1000,pathPersistency,0.1
trace,dsdv,0.161019,0.160662,1054,1240,60,694,880,0.000000,0.000000,0.000000,0,0,0,0,0,395,graph_0005__pathPersistency_0.1000,pathPersistency,0.1
trace,olsr,0.249266,0.249076,1095,1401,60,1095,1401,0.000000,0.000000,0.000000,0,0,0,0,0,3,graph_0005__pathPersistency_0.1000,pathPersistency,0.1
trace,aodv,0.577410,0.577373,2682,3213,60,2115,2670,0.314286,0.003812,41.991229,35,11,1,314,0,76,graph_0005__pathPersistency_0.1000,pathPersistency,0.1
trace,dsdv,0.192711,0.192703,1207,1482,60,847,1122,0.000000,0.000000,0.000000,0,0,0,0,0,440,graph_0005__pathPersistency_0.1000,pathPersistency,0.1
trace,olsr,0.247035,0.246998,1097,1406,60,1097,1406,0.000000,0.000000,0.000000,0,0,0,0,0,2,graph_0005__pathPersistency_0.1000,pathPersistency,0.1
trace,aodv,0.470195,0.469642,2461,2992,60,1983,2543,0.147059,0.189540,56.795782,34,5,0,315,0,42,graph_0005__pathPersistency_0.1000,pathPersistency,0.1
trace,dsdv,0.181090,0.180905,1163,1383,60,803,1023,0.000000,0.000000,0.000000,0,0,0,0,0,383,graph_0005__pathPersistency_0.1000,pathPersistency,0.1
trace,olsr,0.246376,0.246284,1092,1397,60,1092,1397,0.000000,0.000000,0.000000,0,0,0,0,0,6,graph_0005__pathPersistency_0.1000,pathPersistency,0.1
trace,aodv,0.479441,0.478206,2448,2960,60,1970,2511,0.147059,0.193749,56.798642,34,5,0,315,0,36,graph_0005__pathPersistency_0.1000,pathPersistency,0.1
trace,dsdv,0.190440,0.190156,1185,1429,60,825,1069,0.000000,0.000000,0.000000,0,0,0,0,0,416,graph_0005__pathPersistency_0.1000,pathPersistency,0.1
trace,olsr,0.244319,0.244300,1097,1406,60,1097,1406,0.000000,0.000000,0.000000,0,0,0,0,0,7,graph_0005__pathPersistency_0.1000,pathPersistency,0.1
trace,aodv,0.592225,0.591954,2688,3213,60,2120,2669,0.314286,0.003808,41.987398,35,11,0,314,0,79,graph_0005__pathPersistency_0.1000,pathPersistency,0.1
trace,dsdv,0.166113,0.166069,1098,1286,60,738,926,0.000000,0.000000,0.000000,0,0,0,0,0,388,graph_0005__pathPersistency_0.1000,pathPersistency,0.1
trace,olsr,0.249180,0.248998,1101,1422,60,1101,1422,0.000000,0.000000,0.000000,0,0,0,0,0,0,graph_0005__pathPersistency_0.1000,pathPersistency,0.1
trace,aodv,0.635985,0.634647,2748,3280,60,2182,2743,0.171429,0.002146,49.274950,35,6,0,314,0,71,graph_0005__pathPersistency_0.1000,pathPersistency,0.1
trace,dsdv,0.172077,0.171454,1115,1304,60,755,944,0.000000,0.000000,0.000000,0,0,0,0,0,410,graph_0005__pathPersistency_0.1000,pathPersistency,0.1
trace,olsr,0.252529,0.252304,1097,1407,60,1097,1407,0.000000,0.000000,0.000000,0,0,0,0,0,2,graph_0005__pathPersistency_0.1000,pathPersistency,0.1
trace,aodv,0.606184,0.606101,2681,3216,60,2118,2677,0.314286,0.003805,41.990923,35,11,0,314,0,49,graph_0005__pathPersistency_0.1000,pathPersistency,0.1
trace,dsdv,0.161306,0.161293,1093,1264,60,733,904,0.000000,0.000000,0.000000,0,0,0,0,0,413,graph_0005__pathPersistency_0.1000,pathPersistency,0.1
trace,olsr,0.252334,0.252322,1097,1413,60,1097,1413,0.000000,0.000000,0.000000,0,0,0,0,0,2,graph_0005__pathPersistency_0.1000,pathPersistency,0.1
trace,aodv,0.611678,0.610615,2681,3201,60,2115,2664,0.171429,0.002148,49.284748,35,6,0,315,0,65,graph_0005__pathPersistency_0.1000,pathPersistency,0.1
trace,dsdv,0.372654,0.372612,1445,1594,60,817,1048,0.088889,0.108797,45.556802,90,8,0,0,0,466,graph_0005__pathPersistency_0.1000,pathPersistency,0.1
trace,olsr,0.245059,0.245035,1096,1399,60,1096,1399,0.000000,0.000000,0.000000,0,0,0,0,0,5,graph_0005__pathPersistency_0.1000,pathPersistency,0.1
trace,aodv,0.468050,0.467853,2448,2972,60,1970,2523,0.147059,0.213575,56.810354,34,5,0,315,0,29,graph_0005__pathPersistency_0.1000,pathPersistency,0.1
trace,dsdv,0.177866,0.177850,1141,1383,60,781,1023,0.000000,0.000000,0.000000,0,0,0,0,0,402,graph_0005__pathPersistency_0.1000,pathPersistency,0.1
trace,olsr,0.282398,0.281932,1169,1843,60,1169,1843,0.000000,0.000000,0.000000,0,0,0,0,0,7,graph_0005__pathPersistency_0.2000,pathPersistency,0.2
trace,aodv,1.100606,1.100087,3830,4946,60,2538,3714,0.389831,0.010661,36.438262,118,46,12,188,0,333,graph_0005__pathPersistency_0.2000,pathPersistency,0.2
trace,dsdv,0.363188,0.363171,1503,1798,60,964,1349,0.000000,0.000000,0.000000,90,0,0,0,0,458,graph_0005__pathPersistency_0.2000,pathPersistency,0.2
trace,olsr,0.285550,0.285517,1169,1850,60,1169,1850,0.000000,0.000000,0.000000,0,0,0,0,0,4,graph_0005__pathPersistency_0.2000,pathPersistency,0.2
trace,aodv,1.144219,1.143945,3859,4976,60,2597,3754,0.490196,0.016824,29.807950,102,50,12,250,0,372,graph_0005__pathPersistency_0.2000,pathPersistency,0.2
trace,dsdv,0.255618,0.255405,1480,1961,60,1120,1601,0.000000,0.000000,0.000000,0,0,0,0,0,427,graph_0005__pathPersistency_0.2000,pathPersistency,0.2
trace,olsr,0.293539,0.291339,1175,1863,60,1175,1863,0.000000,0.000000,0.000000,0,0,0,0,0,4,graph_0005__pathPersistency_0.2000,pathPersistency,0.2
trace,aodv,1.005063,1.003013,3506,4611,60,2546,3697,0.288660,0.020428,18.823112,97,28,24,252,0,197,graph_0005__pathPersistency_0.2000,pathPersistency,0.2
trace,dsdv,0.434228,0.433999,1625,1945,60,1009,1466,0.041958,0.127313,36.693862,143,6,0,0,0,484,graph_0005__pathPersistency_0.2000,pathPersistency,0.2
trace,olsr,0.290006,0.289326,1164,1832,60,1164,1832,0.000000,0.000000,0.000000,0,0,0,0,0,5,graph_0005__pathPersistency_0.2000,pathPersistency,0.2
trace,aodv,1.174840,1.172504,3894,5035,60,2834,4022,0.224299,0.005889,26.393699,107,24,36,251,0,470,graph_0005__pathPersistency_0.2000,pathPersistency,0.2
trace,dsdv,0.918601,0.916016,2757,3047,60,1029,1438,0.041667,0.115468,36.674006,144,6,0,0,0,411,graph_0005__pathPersistency_0.2000,pathPersistency,0.2
trace,olsr,0.292356,0.291374,1168,1839,60,1168,1839,0.000000,0.000000,0.000000,0,0,0,0,0,3,graph_0005__pathPersistency_0.2000,pathPersistency,0.2
trace,aodv,1.088542,1.087655,3679,4732,60,2482,3589,0.431373,0.014792,28.952118,102,44,4,250,0,364,graph_0005__pathPersistency_0.2000,pathPersistency,0.2
trace,dsdv,0.386651,0.386601,1514,1817,60,986,1427,0.041667,0.114698,36.672604,144,6,0,0,0,432,graph_0005__pathPersistency_0.2000,pathPersistency,0.2
trace,olsr,0.284706,0.284690,1176,1853,60,1176,1853,0.000000,0.000000,0.000000,0,0,0,0,0,5,graph_0005__pathPersistency_0.2000,pathPersistency,0.2
trace,aodv,1.061285,1.060971,3724,4813,60,2507,3645,0.480392,0.016506,29.783163,102,49,5,251,0,418,graph_0005__pathPersistency_0.2000,pathPersistency,0.2
trace,dsdv,0.229223,0.229169,1364,1834,60,1004,1474,0.000000,0.000000,0.000000,0,0,0,0,0,434,graph_0005__pathPersistency_0.2000,pathPersistency,0.2
trace,olsr,0.304903,0.304582,1177,1880,60,1177,1880,0.000000,0.000000,0.000000,0,0,0,0,0,2,graph_0005__pathPersistency_0.2000,pathPersistency,0.2
trace,aodv,0.822400,0.822305,3137,4220,60,2391,3492,0.538462,0.007064,24.395451,39,21,0,314,0,244,graph_0005__pathPersistency_0.2000,pathPersistency,0.2
trace,dsdv,0.950129,0.949626,2773,3062,60,1039,1446,0.041958,0.121332,36.684377,143,6,0,0,0,389,graph_0005__pathPersistency_0.2000,pathPersistency,0.2
trace,olsr,0.286530,0.286523,1168,1857,60,1168,1857,0.000000,0.000000,0.000000,0,0,0,0,0,3,graph_0005__pathPersistency_0.2000,pathPersistency,0.2
trace,aodv,1.166851,1.166608,3929,5049,60,2720,3935,0.152047,0.004802,27.658774,171,26,50,189,0,398,graph_0005__pathPersistency_0.2000,pathPersistency,0.2
trace,dsdv,0.223806,0.223609,1311,1700,60,951,1340,0.000000,0.000000,0.000000,0,0,0,0,0,390,graph_0005__pathPersistency_0.2000,pathPersistency,0.2
trace,olsr,0.286743,0.286528,1164,1841,60,1164,1841,0.000000,0.000000,0.000000,0,0,0,0,0,3,graph_0005__pathPersistency_0.2000,pathPersistency,0.2
trace,aodv,1.107123,1.104792,3716,4762,60,2454,3561,0.440367,0.008872,30.032039,109,48,0,252,0,404,graph_0005__pathPersistency_0.2000,pathPersistency,0.2
trace,dsdv,0.234752,0.234184,1368,1831,60,1008,1471,0.000000,0.000000,0.000000,0,0,0,0,0,378,graph_0005__pathPersistency_0.2000,pathPersistency,0.2
trace,olsr,0.290835,0.290645,1170,1857,60,1170,1857,0.000000,0.000000,0.000000,0,0,0,0,0,5,graph_0005__pathPersistency_0.2000,pathPersistency,0.2
trace,aodv,1.312339,1.311901,4234,5307,60,2931,4096,0.106145,0.007337,18.653000,179,19,68,128,0,468,graph_0005__pathPersistency_0.2000,pathPersistency,0.2
trace,dsdv,0.413769,0.413505,1693,2104,60,1161,1662,0.000000,0.000000,0.000000,90,0,0,0,0,559,graph_0005__pathPersistency_0.2000,pathPersistency,0.2
trace,olsr,0.294956,0.294468,1182,1744,60,1182,1744,0.000000,0.000000,0.000000,0,0,0,0,0,2,graph_0003__pathPersistency_0.0000,pathPersistency,0.0
trace,aodv,0.629668,0.629608,2651,3394,60,2164,2932,0.218750,0.089590,2.475517,32,7,0,315,0,82,graph_0003__pathPersistency_0.0000,pathPersistency,0.0
trace,dsdv,0.288369,0.288080,1621,2222,60,1261,1862,0.000000,0.000000,0.000000,0,0,0,0,0,475,graph_0003__pathPersistency_0.0000,pathPersistency,0.0
trace,olsr,0.283990,0.283848,1189,1767,60,1189,1767,0.000000,0.000000,0.000000,0,0,0,0,0,5,graph_0003__pathPersistency_0.0000,pathPersistency,0.0
trace,aodv,0.620842,0.620832,2661,3424,60,2182,2974,0.189189,0.101388,2.507408,37,7,2,315,0,66,graph_0003__pathPersistency_0.0000,pathPersistency,0.0
trace,dsdv,0.291814,0.291618,1556,2069,60,1196,1709,0.000000,0.000000,0.000000,0,0,0,0,0,511,graph_0003__pathPersistency_0.0000,pathPersistency,0.0
trace,olsr,0.294998,0.294378,1186,1750,60,1186,1750,0.000000,0.000000,0.000000,0,0,0,0,0,1,graph_0003__pathPersistency_0.0000,pathPersistency,0.0
trace,aodv,0.562587,0.561979,2603,3352,60,2148,2957,0.000000,0.000000,0.000000,60,0,0,251,0,63,graph_0003__pathPersistency_0.0000,pathPersistency,0.0
trace,dsdv,0.292926,0.292161,1609,2198,60,1249,1838,0.000000,0.000000,0.000000,0,0,0,0,0,532,graph_0003__pathPersistency_0.0000,pathPersistency,0.0
trace,olsr,0.302149,0.301780,1181,1740,60,1181,1740,0.000000,0.000000,0.000000,0,0,0,0,0,1,graph_0003__pathPersistency_0.0000,pathPersistency,0.0
trace,aodv,0.642780,0.642600,2720,3462,60,2241,3013,0.062500,33.815189,4.121946,32,2,0,315,0,113,graph_0003__pathPersistency_0.0000,pathPersistency,0.0
trace,dsdv,0.278304,0.277976,1614,2162,60,1254,1802,0.000000,0.000000,0.000000,0,0,0,0,0,556,graph_0003__pathPersistency_0.0000,pathPersistency,0.0
trace,olsr,0.278590,0.278416,1181,1734,60,1181,1734,0.000000,0.000000,0.000000,0,0,0,0,0,4,graph_0003__pathPersistency_0.0000,pathPersistency,0.0
trace,aodv,0.569144,0.569106,2661,3416,60,2109,2908,0.000000,0.000000,0.000000,44,0,0,315,0,71,graph_0003__pathPersistency_0.0000,pathPersistency,0.0
trace,dsdv,0.275075,0.275064,1576,2074,60,1216,1714,0.000000,0.000000,0.000000,0,0,0,0,0,470,graph_0003__pathPersistency_0.0000,pathPersistency,0.0
trace,olsr,0.285011,0.284828,1191,1753,60,1191,1753,0.000000,0.000000,0.000000,0,0,0,0,0,5,graph_0003__pathPersistency_0.0000,pathPersistency,0.0
trace,aodv,0.890248,0.889953,3375,4102,60,2317,3134,0.115385,0.066554,57.035386,104,12,2,251,0,193,graph_0003__pathPersistency_0.0000,pathPersistency,0.0
trace,dsdv,0.556482,0.556287,1839,2208,60,1202,1753,0.000000,0.000000,0.000000,182,0,0,0,0,537,graph_0003__pathPersistency_0.0000,pathPersistency,0.0
trace,olsr,0.296385,0.296121,1184,1750,60,1184,1750,0.000000,0.000000,0.000000,0,0,0,0,0,5,graph_0003__pathPersistency_0.0000,pathPersistency,0.0
trace,aodv,0.652341,0.652266,2657,3389,60,2178,2940,0.062500,12.064215,4.110283,32,2,0,315,0,63,graph_0003__pathPersistency_0.0000,pathPersistency,0.0
trace,dsdv,0.295776,0.295167,1528,2047,60,1168,1687,0.000000,0.000000,0.000000,0,0,0,0,0,430,graph_0003__pathPersistency_0.0000,pathPersistency,0.0
trace,olsr,0.298329,0.298277,1189,1749,60,1189,1749,0.000000,0.000000,0.000000,0,0,0,0,0,4,graph_0003__pathPersistency_0.0000,pathPersistency,0.0
trace,aodv,0.643061,0.643043,2740,3484,60,2177,2975,0.000000,0.000000,0.000000,56,0,2,252,0,63,graph_0003__pathPersistency_0.0000,pathPersistency,0.0
trace,dsdv,0.294471,0.294187,1625,2189,60,1265,1829,0.000000,0.000000,0.000000,0,0,0,0,0,574,graph_0003__pathPersistency_0.0000,pathPersistency,0.0
trace,olsr,0.295740,0.295419,1194,1766,60,1194,1766,0.000000,0.000000,0.000000,0,0,0,0,0,5,graph_0003__pathPersistency_0.0000,pathPersistency,0.0
trace,aodv,0.618216,0.618178,2682,3446,60,2197,2990,0.189189,0.097251,2.497031,37,7,1,315,0,102,graph_0003__pathPersistency_0.0000,pathPersistency,0.0
trace,dsdv,0.291473,0.291136,1561,2104,60,1201,1744,0.000000,0.000000,0.000000,0,0,0,0,0,502,graph_0003__pathPersistency_0.0000,pathPersistency,0.0
trace,olsr,0.293525,0.293504,1175,1721,60,1175,1721,0.000000,0.000000,0.000000,0,0,0,0,0,2,graph_0003__pathPersistency_0.0000,pathPersistency,0.0
trace,aodv,0.635301,0.635192,2684,3476,60,2205,3026,0.189189,0.099832,2.503542,37,7,2,314,0,49,graph_0003__pathPersistency_0.0000,pathPersistency,0.0
trace,dsdv,0.282274,0.282245,1565,2120,60,1205,1760,0.000000,0.000000,0.000000,0,0,0,0,0,454,graph_0003__pathPersistency_0.0000,pathPersistency,0.0
trace,olsr,0.382166,0.382163,1291,2555,60,1291,2555,0.000000,0.000000,0.000000,0,0,0,0,0,16,graph_0004__pathPersistency_0.7000,pathPersistency,0.7
trace,aodv,2.066963,2.066028,5843,7860,60,3106,5179,0.578475,0.020521,28.547710,223,129,38,124,0,403,graph_0004__pathPersistency_0.7000,pathPersistency,0.7
trace,dsdv,0.933030,0.932654,2892,3730,60,1759,2864,0.000000,0.000000,0.000000,273,0,0,0,0,1130,graph_0004__pathPersistency_0.7000,pathPersistency,0.7
trace,olsr,0.360403,0.360338,1289,2569,60,1289,2569,0.000000,0.000000,0.000000,0,0,0,0,0,10,graph_0004__pathPersistency_0.7000,pathPersistency,0.7
trace,aodv,1.788033,1.786792,5258,7179,60,2882,4910,0.401826,0.016455,28.153366,219,88,25,124,0,382,graph_0004__pathPersistency_0.7000,pathPersistency,0.7
trace,dsdv,2.302124,2.299796,6061,6910,60,1781,2893,0.152778,0.052671,4.536446,360,55,0,0,0,1059,graph_0004__pathPersistency_0.7000,pathPersistency,0.7
trace,olsr,0.361379,0.361353,1307,2594,60,1307,2594,0.000000,0.000000,0.000000,0,0,0,0,0,5,graph_0004__pathPersistency_0.7000,pathPersistency,0.7
trace,aodv,1.662245,1.661565,5023,6889,60,2718,4684,0.444444,0.015907,20.554656,225,100,25,124,0,486,graph_0004__pathPersistency_0.7000,pathPersistency,0.7
trace,dsdv,0.680349,0.679851,2484,3545,60,1819,2983,0.043956,0.108192,30.481745,182,8,0,0,0,1160,graph_0004__pathPersistency_0.7000,pathPersistency,0.7
trace,olsr,0.355708,0.355649,1295,2589,60,1295,2589,0.000000,0.000000,0.000000,0,0,0,0,0,5,graph_0004__pathPersistency_0.7000,pathPersistency,0.7
trace,aodv,1.461700,1.461090,4668,6409,60,2556,4462,0.195556,0.054479,5.448040,225,44,16,124,0,452,graph_0004__pathPersistency_0.7000,pathPersistency,0.7
trace,dsdv,1.264544,1.264259,3719,4565,60,1743,2803,0.200000,0.052558,4.535773,275,55,0,0,0,1115,graph_0004__pathPersistency_0.7000,pathPersistency,0.7
trace,olsr,0.357868,0.357686,1298,2589,60,1298,2589,0.000000,0.000000,0.000000,0,0,0,0,0,7,graph_0004__pathPersistency_0.7000,pathPersistency,0.7
trace,aodv,2.146863,2.146451,6157,8209,60,3198,5317,0.583691,0.021645,29.039990,233,136,30,125,0,717,graph_0004__pathPersistency_0.7000,pathPersistency,0.7
trace,dsdv,1.398942,1.398213,4259,5215,60,1817,2886,0.143750,0.055119,52.050879,160,23,0,0,0,1114,graph_0004__pathPersistency_0.7000,pathPersistency,0.7
trace,olsr,0.381071,0.380038,1287,2574,60,1287,2574,0.000000,0.000000,0.000000,0,0,0,0,0,7,graph_0004__pathPersistency_0.7000,pathPersistency,0.7
trace,aodv,2.094498,2.092044,5971,7901,60,3266,5313,0.326271,0.022072,14.554112,236,77,42,124,0,586,graph_0004__pathPersistency_0.7000,pathPersistency,0.7
trace,dsdv,0.445562,0.444992,2215,3371,60,1850,3015,0.000000,0.000000,0.000000,9,0,0,0,0,1175,graph_0004__pathPersistency_0.7000,pathPersistency,0.7
trace,olsr,0.373426,0.373413,1290,2563,60,1290,2563,0.000000,0.000000,0.000000,0,0,0,0,0,9,graph_0004__pathPersistency_0.7000,pathPersistency,0.7
trace,aodv,2.030529,2.030369,5736,7614,60,2859,4808,0.611607,0.021794,27.923751,224,137,16,125,0,613,graph_0004__pathPersistency_0.7000,pathPersistency,0.7
trace,dsdv,1.221907,1.221632,4102,5112,60,1985,3059,0.000000,0.000000,0.000000,90,0,0,0,0,1240,graph_0004__pathPersistency_0.7000,pathPersistency,0.7
trace,olsr,0.369274,0.369159,1291,2562,60,1291,2562,0.000000,0.000000,0.000000,0,0,0,0,0,6,graph_0004__pathPersistency_0.7000,pathPersistency,0.7
trace,aodv,1.888476,1.885358,5351,7173,60,2954,4855,0.486239,0.017844,33.011101,218,106,34,124,0,505,graph_0004__pathPersistency_0.7000,pathPersistency,0.7
trace,dsdv,0.640987,0.639093,2286,3123,60,1677,2696,0.000000,0.000000,0.000000,182,0,0,0,0,1122,graph_0004__pathPersistency_0.7000,pathPersistency,0.7
trace,olsr,0.355371,0.355233,1289,2556,60,1289,2556,0.000000,0.000000,0.000000,0,0,0,0,0,14,graph_0004__pathPersistency_0.7000,pathPersistency,0.7
trace,aodv,1.652962,1.652445,4936,6706,60,2677,4565,0.427273,0.015179,21.499427,220,94,8,124,0,439,graph_0004__pathPersistency_0.7000,pathPersistency,0.7
trace,dsdv,0.718657,0.718497,2617,3534,60,1936,3035,0.000000,0.000000,0.000000,182,0,0,0,0,1168,graph_0004__pathPersistency_0.7000,pathPersistency,0.7
trace,olsr,0.353310,0.352903,1294,2584,60,1294,2584,0.000000,0.000000,0.000000,0,0,0,0,0,10,graph_0004__pathPersistency_0.7000,pathPersistency,0.7
trace,aodv,2.103823,2.102876,6057,8098,60,3383,5491,0.522936,0.018132,25.494370,218,114,38,124,0,660,graph_0004__pathPersistency_0.7000,pathPersistency,0.7
trace,dsdv,0.473123,0.472842,2139,3058,60,1658,2667,0.000000,0.000000,0.000000,90,0,0,0,0,1105,graph_0004__pathPersistency_0.7000,pathPersistency,0.7
trace,olsr,0.261619,0.261384,1132,1559,60,1132,1559,0.000000,0.000000,0.000000,0,0,0,0,0,4,graph_0010__pathPersistency_0.0000,pathPersistency,0.0
trace,aodv,0.528626,0.528211,2561,3250,60,2105,2806,0.277778,0.183300,43.683624,18,5,1,315,0,50,graph_0010__pathPersistency_0.0000,pathPersistency,0.0
trace,dsdv,0.154731,0.154717,1048,1212,60,688,852,0.000000,0.000000,0.000000,0,0,0,0,0,269,graph_0010__pathPersistency_0.0000,pathPersistency,0.0
trace,olsr,0.258585,0.258397,1131,1559,60,1131,1559,0.000000,0.000000,0.000000,0,0,0,0,0,3,graph_0010__pathPersistency_0.0000,pathPersistency,0.0
trace,aodv,0.528688,0.528084,2530,3205,60,2072,2759,0.277778,0.149419,43.653278,18,5,1,315,0,44,graph_0010__pathPersistency_0.0000,pathPersistency,0.0
trace,dsdv,0.223552,0.223480,1361,1762,60,1001,1402,0.000000,0.000000,0.000000,0,0,0,0,0,317,graph_0010__pathPersistency_0.0000,pathPersistency,0.0
trace,olsr,0.263919,0.263601,1133,1567,60,1133,1567,0.000000,0.000000,0.000000,0,0,0,0,0,4,graph_0010__pathPersistency_0.0000,pathPersistency,0.0
trace,aodv,0.539772,0.539725,2519,3182,60,2064,2762,0.121951,0.136786,43.637980,41,5,1,314,0,49,graph_0010__pathPersistency_0.0000,pathPersistency,0.0
trace,dsdv,0.180579,0.180563,1168,1457,60,808,1097,0.000000,0.000000,0.000000,0,0,0,0,0,244,graph_0010__pathPersistency_0.0000,pathPersistency,0.0
trace,olsr,0.262765,0.262597,1142,1580,60,1142,1580,0.000000,0.000000,0.000000,0,0,0,0,0,4,graph_0010__pathPersistency_0.0000,pathPersistency,0.0
trace,aodv,0.539265,0.538227,2550,3236,60,2086,2784,0.263158,0.136656,43.637808,19,5,2,315,0,53,graph_0010__pathPersistency_0.0000,pathPersistency,0.0
trace,dsdv,0.214419,0.214231,1291,1641,60,931,1281,0.000000,0.000000,0.000000,0,0,0,0,0,292,graph_0010__pathPersistency_0.0000,pathPersistency,0.0
trace,olsr,0.267870,0.267750,1139,1581,60,1139,1581,0.000000,0.000000,0.000000,0,0,0,0,0,2,graph_0010__pathPersistency_0.0000,pathPersistency,0.0
trace,aodv,0.539808,0.539445,2541,3235,60,2083,2789,0.277778,0.154160,43.658308,18,5,1,315,0,55,graph_0010__pathPersistency_0.0000,pathPersistency,0.0
trace,dsdv,0.201283,0.200925,1227,1551,60,867,1191,0.000000,0.000000,0.000000,0,0,0,0,0,303,graph_0010__pathPersistency_0.0000,pathPersistency,0.0
trace,olsr,0.272848,0.272666,1130,1559,60,1130,1559,0.000000,0.000000,0.000000,0,0,0,0,0,4,graph_0010__pathPersistency_0.0000,pathPersistency,0.0
trace,aodv,0.532910,0.532791,2549,3192,60,2093,2748,0.277778,0.178945,43.680441,18,5,1,315,0,75,graph_0010__pathPersistency_0.0000,pathPersistency,0.0
trace,dsdv,0.196124,0.196104,1237,1539,60,877,1179,0.000000,0.000000,0.000000,0,0,0,0,0,278,graph_0010__pathPersistency_0.0000,pathPersistency,0.0
trace,olsr,0.274115,0.274097,1128,1550,60,1128,1550,0.000000,0.000000,0.000000,0,0,0,0,0,1,graph_0010__pathPersistency_0.0000,pathPersistency,0.0
trace,aodv,0.523510,0.523318,2486,3115,60,2038,2702,0.121951,0.166380,43.670105,41,5,1,314,0,48,graph_0010__pathPersistency_0.0000,pathPersistency,0.0
trace,dsdv,0.211372,0.211344,1289,1603,60,929,1243,0.000000,0.000000,0.000000,0,0,0,0,0,295,graph_0010__pathPersistency_0.0000,pathPersistency,0.0
trace,olsr,0.263330,0.263213,1138,1575,60,1138,1575,0.000000,0.000000,0.000000,0,0,0,0,0,1,graph_0010__pathPersistency_0.0000,pathPersistency,0.0
trace,aodv,0.539384,0.539067,2543,3236,60,2086,2791,0.263158,0.170196,43.673466,19,5,2,315,0,45,graph_0010__pathPersistency_0.0000,pathPersistency,0.0
trace,dsdv,0.192064,0.191788,1197,1498,60,837,1138,0.000000,0.000000,0.000000,0,0,0,0,0,297,graph_0010__pathPersistency_0.0000,pathPersistency,0.0
trace,olsr,0.260405,0.260104,1135,1562,60,1135,1562,0.000000,0.000000,0.000000,0,0,0,0,0,2,graph_0010__pathPersistency_0.0000,pathPersistency,0.0
trace,aodv,0.525181,0.524900,2539,3212,60,2080,2765,0.277778,0.147779,43.651285,18,5,1,315,0,57,graph_0010__pathPersistency_0.0000,pathPersistency,0.0
trace,dsdv,0.183146,0.182966,1174,1443,60,814,1083,0.000000,0.000000,0.000000,0,0,0,0,0,277,graph_0010__pathPersistency_0.0000,pathPersistency,0.0
trace,olsr,0.263451,0.263440,1134,1568,60,1134,1568,0.000000,0.000000,0.000000,0,0,0,0,0,4,graph_0010__pathPersistency_0.0000,pathPersistency,0.0
trace,aodv,0.546363,0.545987,2522,3173,60,2072,2763,0.000000,0.000000,0.000000,41,0,1,314,0,47,graph_0010__pathPersistency_0.0000,pathPersistency,0.0
trace,dsdv,0.206742,0.205570,1259,1580,60,899,1220,0.000000,0.000000,0.000000,0,0,0,0,0,308,graph_0010__pathPersistency_0.0000,pathPersistency,0.0
trace,olsr,1.859527,1.859079,4960,6814,60,1622,3506,0.750000,0.032480,44.778742,184,138,3,0,0,60,graph_0007__pathPersistency_0.9000,pathPersistency,0.9
trace,aodv,2.455225,2.453464,7011,8840,60,2176,4026,0.912458,0.047970,35.874351,297,271,5,63,0,241,graph_0007__pathPersistency_0.9000,pathPersistency,0.9
trace,dsdv,0.306751,0.306658,1706,2494,60,1346,2134,0.000000,0.000000,0.000000,0,0,0,0,0,874,graph_0007__pathPersistency_0.9000,pathPersistency,0.9
trace,olsr,1.568191,1.567778,4143,5991,60,1579,3459,0.700000,0.029511,44.825236,180,126,18,0,0,61,graph_0007__pathPersistency_0.9000,pathPersistency,0.9
trace,aodv,2.352180,2.351710,6723,8524,60,2119,3964,0.841751,0.036197,36.839112,297,250,3,63,0,280,graph_0007__pathPersistency_0.9000,pathPersistency,0.9
trace,dsdv,0.963291,0.962975,3260,4050,60,1392,2186,0.955556,0.051853,51.966612,90,86,0,0,0,949,graph_0007__pathPersistency_0.9000,pathPersistency,0.9
trace,olsr,1.799426,1.798941,4770,6618,60,1613,3491,0.680851,0.029155,43.831411,188,128,17,0,0,57,graph_0007__pathPersistency_0.9000,pathPersistency,0.9
trace,aodv,2.434147,2.433236,6918,8762,60,2113,3986,0.888889,0.046705,35.977873,297,264,4,63,0,237,graph_0007__pathPersistency_0.9000,pathPersistency,0.9
trace,dsdv,1.371772,1.371276,4235,4998,60,1389,2156,0.972973,0.051210,47.213869,148,144,0,0,0,925,graph_0007__pathPersistency_0.9000,pathPersistency,0.9
trace,olsr,1.842777,1.842579,4964,6806,60,1612,3485,0.748691,0.032411,43.609260,191,143,5,0,0,48,graph_0007__pathPersistency_0.9000,pathPersistency,0.9
trace,aodv,2.756146,2.755562,7654,9518,60,2285,4189,0.838889,0.043732,31.780151,360,302,18,0,0,342,graph_0007__pathPersistency_0.9000,pathPersistency,0.9
trace,dsdv,1.095688,1.095164,3694,4373,60,1407,2257,0.060440,0.057681,58.111355,182,11,0,0,0,909,graph_0007__pathPersistency_0.9000,pathPersistency,0.9
trace,olsr,1.733430,1.732773,4636,6449,60,1601,3447,0.739884,0.029983,44.806276,173,128,1,0,0,36,graph_0007__pathPersistency_0.9000,pathPersistency,0.9
trace,aodv,2.529637,2.529125,7040,8872,60,2287,4157,0.855219,0.037288,37.095154,297,254,5,63,0,279,graph_0007__pathPersistency_0.9000,pathPersistency,0.9
trace,dsdv,0.342130,0.342116,1760,2571,60,1400,2211,0.000000,0.000000,0.000000,0,0,0,0,0,866,graph_0007__pathPersistency_0.9000,pathPersistency,0.9
trace,olsr,1.596494,1.596010,4309,6142,60,1611,3476,0.695946,0.023568,43.439980,148,103,0,0,0,62,graph_0007__pathPersistency_0.9000,pathPersistency,0.9
trace,aodv,2.041610,2.041231,6067,7744,60,2172,4040,0.469444,0.024452,42.900179,360,169,0,1,0,419,graph_0007__pathPersistency_0.9000,pathPersistency,0.9
trace,dsdv,2.474016,2.473226,6883,7590,60,1826,2565,0.598901,0.036789,46.072165,182,109,0,0,0,1009,graph_0007__pathPersistency_0.9000,pathPersistency,0.9
trace,olsr,1.818247,1.815421,4864,6719,60,1626,3513,0.748603,0.030524,43.836055,179,134,1,0,0,50,graph_0007__pathPersistency_0.9000,pathPersistency,0.9
trace,aodv,2.432621,2.427926,6917,8751,60,2124,3987,0.885522,0.046543,35.990741,297,263,5,63,0,272,graph_0007__pathPersistency_0.9000,pathPersistency,0.9
trace,dsdv,0.839380,0.838710,3010,3737,60,1391,2161,0.522222,0.051845,55.157676,90,47,0,0,0,920,graph_0007__pathPersistency_0.9000,pathPersistency,0.9
trace,olsr,1.741018,1.740320,4742,6574,60,1605,3470,0.732240,0.030661,43.989652,183,134,5,0,0,45,graph_0007__pathPersistency_0.9000,pathPersistency,0.9
trace,aodv,2.812637,2.811935,7803,9738,60,2494,4479,0.791667,0.042030,33.432763,360,285,25,0,0,414,graph_0007__pathPersistency_0.9000,pathPersistency,0.9
trace,dsdv,2.670786,2.670164,7430,8151,60,1452,2174,0.000000,0.000000,0.000000,90,0,0,0,0,1201,graph_0007__pathPersistency_0.9000,pathPersistency,0.9
trace,olsr,1.833608,1.832376,4726,6598,60,1627,3532,0.721925,0.030889,43.983624,187,135,9,0,0,24,graph_0007__pathPersistency_0.9000,pathPersistency,0.9
trace,aodv,2.388253,2.386378,6732,8574,60,2199,4090,0.831650,0.035773,36.573505,297,247,1,63,0,315,graph_0007__pathPersistency_0.9000,pathPersistency,0.9
trace,dsdv,1.116044,1.115479,3346,3927,60,1457,2345,0.147222,0.015201,15.492775,360,53,0,0,0,893,graph_0007__pathPersistency_0.9000,pathPersistency,0.9
trace,olsr,1.769692,1.769164,4798,6663,60,1628,3525,0.737430,0.030757,44.608207,179,132,3,0,0,36,graph_0007__pathPersistency_0.9000,pathPersistency,0.9
trace,aodv,2.465343,2.464680,7014,8863,60,2265,4153,0.848485,0.036990,37.200307,297,252,6,63,0,344,graph_0007__pathPersistency_0.9000,pathPersistency,0.9
trace,dsdv,1.248895,1.248413,3263,3936,60,1608,2617,0.066667,0.055963,2.003702,360,24,0,0,0,956,graph_0007__pathPersistency_0.9000,pathPersistency,0.9
trace,olsr,0.366443,0.366400,1316,2355,60,1316,2355,0.000000,0.000000,0.000000,0,0,0,0,0,2,graph_0007__pathPersistency_0.5000,pathPersistency,0.5
trace,aodv,1.047567,1.044834,3608,4904,60,2267,3616,0.486486,0.053794,21.666008,111,54,4,189,0,130,graph_0007__pathPersistency_0.5000,pathPersistency,0.5
trace,dsdv,0.294544,0.294517,1649,2255,60,1289,1895,0.000000,0.000000,0.000000,0,0,0,0,0,568,graph_0007__pathPersistency_0.5000,pathPersistency,0.5
trace,olsr,0.367512,0.367435,1351,2425,60,1351,2425,0.000000,0.000000,0.000000,0,0,0,0,0,8,graph_0007__pathPersistency_0.5000,pathPersistency,0.5
trace,aodv,1.223391,1.223198,4033,5424,60,2588,4041,0.378151,0.009886,32.428455,119,45,12,188,0,510,graph_0007__pathPersistency_0.5000,pathPersistency,0.5
trace,dsdv,0.600372,0.600302,2088,2652,60,1427,2140,0.038710,0.151168,35.742716,155,6,0,0,0,641,graph_0007__pathPersistency_0.5000,pathPersistency,0.5
trace,olsr,0.359010,0.358974,1337,2405,60,1337,2405,0.000000,0.000000,0.000000,0,0,0,0,0,11,graph_0007__pathPersistency_0.5000,pathPersistency,0.5
trace,aodv,1.486664,1.486051,4691,6049,60,2505,3923,0.591160,0.023513,31.494484,181,107,14,126,0,263,graph_0007__pathPersistency_0.5000,pathPersistency,0.5
trace,dsdv,0.295370,0.295354,1648,2256,60,1288,1896,0.000000,0.000000,0.000000,0,0,0,0,0,599,graph_0007__pathPersistency_0.5000,pathPersistency,0.5
trace,olsr,0.365986,0.365901,1331,2398,60,1331,2398,0.000000,0.000000,0.000000,0,0,0,0,0,8,graph_0007__pathPersistency_0.5000,pathPersistency,0.5
trace,aodv,2.042888,2.042130,6088,7434,60,2858,4400,0.198653,0.015063,24.567169,297,59,42,66,0,505,graph_0007__pathPersistency_0.5000,pathPersistency,0.5
trace,dsdv,0.721548,0.721438,2436,3101,60,1503,2304,0.122581,0.010218,40.427230,155,19,0,0,0,699,graph_0007__pathPersistency_0.5000,pathPersistency,0.5
trace,olsr,0.367344,0.367325,1350,2433,60,1350,2433,0.000000,0.000000,0.000000,0,0,0,0,0,10,graph_0007__pathPersistency_0.5000,pathPersistency,0.5
trace,aodv,1.302839,1.302379,4314,5632,60,2231,3605,0.631902,0.024546,30.560441,163,103,4,188,0,217,graph_0007__pathPersistency_0.5000,pathPersistency,0.5
trace,dsdv,0.241253,0.241191,1420,1847,60,1060,1487,0.000000,0.000000,0.000000,0,0,0,0,0,476,graph_0007__pathPersistency_0.5000,pathPersistency,0.5
trace,olsr,0.377485,0.377382,1416,2470,60,1339,2424,0.000000,0.000000,0.000000,45,0,14,0,0,8,graph_0007__pathPersistency_0.5000,pathPersistency,0.5
trace,aodv,1.691275,1.690454,5304,6523,60,2335,3724,0.246809,0.035515,20.962460,235,58,8,125,0,374,graph_0007__pathPersistency_0.5000,pathPersistency,0.5
trace,dsdv,0.580031,0.579612,2076,2619,60,1414,2100,0.033784,0.220805,35.841671,148,5,0,0,0,651,graph_0007__pathPersistency_0.5000,pathPersistency,0.5
trace,olsr,0.365174,0.364630,1342,2412,60,1342,2412,0.000000,0.000000,0.000000,0,0,0,0,0,7,graph_0007__pathPersistency_0.5000,pathPersistency,0.5
trace,aodv,2.130178,2.127765,6327,7676,60,2988,4557,0.195286,0.026141,22.942599,297,58,21,66,0,652,graph_0007__pathPersistency_0.5000,pathPersistency,0.5
trace,dsdv,0.511371,0.510980,1996,2535,60,1313,1928,0.155556,0.070588,45.972373,90,14,0,0,0,564,graph_0007__pathPersistency_0.5000,pathPersistency,0.5
trace,olsr,0.351512,0.351439,1342,2407,60,1342,2407,0.000000,0.000000,0.000000,0,0,0,0,0,8,graph_0007__pathPersistency_0.5000,pathPersistency,0.5
trace,aodv,1.376605,1.376182,4502,5848,60,2345,3748,0.585635,0.027529,28.917446,181,106,18,126,0,210,graph_0007__pathPersistency_0.5000,pathPersistency,0.5
trace,dsdv,0.507094,0.506889,2024,2542,60,1352,1946,0.155556,0.070244,45.970063,90,14,0,0,0,652,graph_0007__pathPersistency_0.5000,pathPersistency,0.5
trace,olsr,0.367402,0.367078,1334,2387,60,1334,2387,0.000000,0.000000,0.000000,0,0,0,0,0,14,graph_0007__pathPersistency_0.5000,pathPersistency,0.5
trace,aodv,1.253730,1.253448,4163,5517,60,2630,4075,0.100840,0.002852,31.971961,119,12,16,189,0,276,graph_0007__pathPersistency_0.5000,pathPersistency,0.5
trace,dsdv,0.322202,0.322063,1772,2473,60,1412,2113,0.000000,0.000000,0.000000,0,0,0,0,0,636,graph_0007__pathPersistency_0.5000,pathPersistency,0.5
trace,olsr,0.367080,0.366497,1342,2420,60,1342,2420,0.000000,0.000000,0.000000,0,0,0,0,0,9,graph_0007__pathPersistency_0.5000,pathPersistency,0.5
trace,aodv,1.531429,1.530874,4841,6206,60,2686,4176,0.281407,0.014286,22.673885,199,56,18,125,0,257,graph_0007__pathPersistency_0.5000,pathPersistency,0.5
trace,dsdv,0.512050,0.511747,2020,2555,60,1329,1940,0.155556,0.070225,45.969792,90,14,0,0,0,628,graph_0007__pathPersistency_0.5000,pathPersistency,0.5
trace,olsr,2.540640,2.535655,6166,8846,60,1606,4286,1.000000,0.050412,35.658807,285,285,0,0,0,58,graph_0005__pathPersistency_1.0000,pathPersistency,1.0
trace,aodv,2.926304,2.925408,7547,9993,60,1933,4390,0.969444,0.050483,30.416850,360,349,0,0,0,336,graph_0005__pathPersistency_1.0000,pathPersistency,1.0
trace,dsdv,0.291929,0.291578,1585,2152,60,1225,1792,0.000000,0.000000,0.000000,0,0,0,0,0,1328,graph_0005__pathPersistency_1.0000,pathPersistency,1.0
trace,olsr,2.472823,2.472454,6148,8720,60,1572,4144,1.000000,0.050437,35.577033,286,286,0,0,0,79,graph_0005__pathPersistency_1.0000,pathPersistency,1.0
trace,aodv,2.908581,2.907812,7583,10048,60,1972,4448,0.969444,0.050500,30.417060,360,349,0,0,0,343,graph_0005__pathPersistency_1.0000,pathPersistency,1.0
trace,dsdv,0.273415,0.273087,1520,2015,60,1160,1655,0.000000,0.000000,0.000000,0,0,0,0,0,1261,graph_0005__pathPersistency_1.0000,pathPersistency,1.0
trace,olsr,2.434445,2.429388,6060,8702,60,1612,4254,1.000000,0.050475,36.232621,278,278,0,0,0,93,graph_0005__pathPersistency_1.0000,pathPersistency,1.0
trace,aodv,2.914047,2.910194,7542,9899,60,1933,4301,0.969444,0.050504,30.417057,360,349,0,0,0,426,graph_0005__pathPersistency_1.0000,pathPersistency,1.0
trace,dsdv,1.892799,1.888222,5213,5818,60,1273,1882,0.983333,0.050691,39.674941,240,236,0,0,0,1389,graph_0005__pathPersistency_1.0000,pathPersistency,1.0
trace,olsr,2.236730,2.235206,5542,8194,60,1590,4242,1.000000,0.050493,38.771999,247,247,0,0,0,54,graph_0005__pathPersistency_1.0000,pathPersistency,1.0
trace,aodv,2.777981,2.775815,7323,9808,60,1952,4465,0.922222,0.050524,31.809754,360,332,0,0,0,328,graph_0005__pathPersistency_1.0000,pathPersistency,1.0
trace,dsdv,2.084363,2.080281,5567,6058,60,1139,1633,0.989011,0.050667,36.889422,273,270,0,0,0,1280,graph_0005__pathPersistency_1.0000,pathPersistency,1.0
trace,olsr,2.473482,2.466551,6059,8705,60,1595,4241,1.000000,0.050444,36.150496,279,279,0,0,0,90,graph_0005__pathPersistency_1.0000,pathPersistency,1.0
trace,aodv,2.832544,2.828736,7355,9768,60,1983,4424,0.922222,0.050536,31.809888,360,332,0,0,0,386,graph_0005__pathPersistency_1.0000,pathPersistency,1.0
trace,dsdv,0.287108,0.286776,1524,2021,60,1164,1661,0.000000,0.000000,0.000000,0,0,0,0,0,1291,graph_0005__pathPersistency_1.0000,pathPersistency,1.0
trace,olsr,2.401865,2.401237,6074,8691,60,1594,4211,1.000000,0.050437,36.068604,280,280,0,0,0,84,graph_0005__pathPersistency_1.0000,pathPersistency,1.0
trace,aodv,2.824415,2.823656,7566,9951,60,1955,4351,0.969444,0.050496,30.416995,360,349,0,0,0,403,graph_0005__pathPersistency_1.0000,pathPersistency,1.0
trace,dsdv,1.421564,1.421422,4171,4599,60,1112,1544,0.978022,0.050961,44.426988,182,178,0,0,0,1312,graph_0005__pathPersistency_1.0000,pathPersistency,1.0
trace,olsr,2.410415,2.409217,5999,8654,60,1615,4270,1.000000,0.049724,36.371186,274,274,0,0,0,67,graph_0005__pathPersistency_1.0000,pathPersistency,1.0
trace,aodv,2.915777,2.914043,7574,9959,60,1959,4355,0.969444,0.050467,30.416720,360,349,0,0,0,397,graph_0005__pathPersistency_1.0000,pathPersistency,1.0
trace,dsdv,0.304560,0.304519,1636,2196,60,1276,1836,0.000000,0.000000,0.000000,0,0,0,0,0,1426,graph_0005__pathPersistency_1.0000,pathPersistency,1.0
trace,olsr,2.185193,2.184733,5524,8163,60,1588,4227,1.000000,0.050528,38.854158,246,246,0,0,0,56,graph_0005__pathPersistency_1.0000,pathPersistency,1.0
trace,aodv,2.449613,2.449357,6659,9174,60,1992,4518,0.962963,0.050589,35.578231,297,286,0,63,0,323,graph_0005__pathPersistency_1.0000,pathPersistency,1.0
trace,dsdv,0.313964,0.313884,1706,2340,60,1346,1980,0.000000,0.000000,0.000000,0,0,0,0,0,1436,graph_0005__pathPersistency_1.0000,pathPersistency,1.0
trace,olsr,2.411927,2.411413,6061,8684,60,1597,4220,1.000000,0.050461,36.150633,279,279,0,0,0,94,graph_0005__pathPersistency_1.0000,pathPersistency,1.0
trace,aodv,2.860921,2.860340,7581,10008,60,1969,4407,0.969444,0.050504,30.417063,360,349,0,0,0,360,graph_0005__pathPersistency_1.0000,pathPersistency,1.0
trace,dsdv,0.925848,0.924698,2928,3484,60,1241,1801,0.955556,0.051907,51.966509,90,86,0,0,0,1382,graph_0005__pathPersistency_1.0000,pathPersistency,1.0
trace,olsr,2.434126,2.431992,6149,8825,60,1621,4297,1.000000,0.050430,35.822750,283,283,0,0,0,96,graph_0005__pathPersistency_1.0000,pathPersistency,1.0
trace,aodv,2.713108,2.711483,7325,9774,60,1953,4430,0.922222,0.050534,31.809835,360,332,0,0,0,348,graph_0005__pathPersistency_1.0000,pathPersistency,1.0
trace,dsdv,0.285825,0.285772,1567,2140,60,1207,1780,0.000000,0.000000,0.000000,0,0,0,0,0,1268,graph_0005__pathPersistency_1.0000,pathPersistency,1.0
trace,olsr,0.319741,0.319720,1131,1465,60,1131,1465,0.000000,0.000000,0.000000,0,0,0,0,0,2,graph_0005__pathPersistency_0.0000,pathPersistency,0.0
trace,aodv,0.458657,0.458623,2297,2818,60,1937,2458,0.000000,0.000000,0.000000,0,0,0,315,0,15,graph_0005__pathPersistency_0.0000,pathPersistency,0.0
trace,dsdv,0.171720,0.171717,1053,1252,60,693,892,0.000000,0.000000,0.000000,0,0,0,0,0,228,graph_0005__pathPersistency_0.0000,pathPersistency,0.0
trace,olsr,0.295330,0.295327,1139,1482,60,1139,1482,0.000000,0.000000,0.000000,0,0,0,0,0,1,graph_0005__pathPersistency_0.0000,pathPersistency,0.0
trace,aodv,0.432766,0.432571,2300,2795,60,1940,2435,0.000000,0.000000,0.000000,0,0,0,315,0,43,graph_0005__pathPersistency_0.0000,pathPersistency,0.0
trace,dsdv,0.230627,0.230607,1291,1617,60,931,1257,0.000000,0.000000,0.000000,0,0,0,0,0,286,graph_0005__pathPersistency_0.0000,pathPersistency,0.0
trace,olsr,0.275214,0.275212,1133,1464,60,1133,1464,0.000000,0.000000,0.000000,0,0,0,0,0,2,graph_0005__pathPersistency_0.0000,pathPersistency,0.0
trace,aodv,0.402985,0.402961,2301,2813,60,1941,2453,0.000000,0.000000,0.000000,0,0,0,315,0,28,graph_0005__pathPersistency_0.0000,pathPersistency,0.0
trace,dsdv,0.169735,0.169718,1106,1297,60,746,937,0.000000,0.000000,0.000000,0,0,0,0,0,266,graph_0005__pathPersistency_0.0000,pathPersistency,0.0
trace,olsr,0.252829,0.252668,1134,1468,60,1134,1468,0.000000,0.000000,0.000000,0,0,0,0,0,2,graph_0005__pathPersistency_0.0000,pathPersistency,0.0
trace,aodv,0.413861,0.413671,2299,2817,60,1939,2457,0.000000,0.000000,0.000000,0,0,0,315,0,18,graph_0005__pathPersistency_0.0000,pathPersistency,0.0
trace,dsdv,0.173098,0.172918,1105,1276,60,745,916,0.000000,0.000000,0.000000,0,0,0,0,0,277,graph_0005__pathPersistency_0.0000,pathPersistency,0.0
trace,olsr,0.257879,0.257729,1138,1483,60,1138,1483,0.000000,0.000000,0.000000,0,0,0,0,0,3,graph_0005__pathPersistency_0.0000,pathPersistency,0.0
trace,aodv,0.414734,0.414304,2302,2810,60,1942,2450,0.000000,0.000000,0.000000,0,0,0,315,0,32,graph_0005__pathPersistency_0.0000,pathPersistency,0.0
trace,dsdv,0.185439,0.185419,1199,1435,60,839,1075,0.000000,0.000000,0.000000,0,0,0,0,0,280,graph_0005__pathPersistency_0.0000,pathPersistency,0.0
trace,olsr,0.277615,0.277569,1136,1471,60,1136,1471,0.000000,0.000000,0.000000,0,0,0,0,0,2,graph_0005__pathPersistency_0.0000,pathPersistency,0.0
trace,aodv,0.411088,0.411067,2302,2801,60,1942,2441,0.000000,0.000000,0.000000,0,0,0,315,0,41,graph_0005__pathPersistency_0.0000,pathPersistency,0.0
trace,dsdv,0.166191,0.165998,1102,1272,60,742,912,0.000000,0.000000,0.000000,0,0,0,0,0,288,graph_0005__pathPersistency_0.0000,pathPersistency,0.0
trace,olsr,0.256814,0.256795,1137,1473,60,1137,1473,0.000000,0.000000,0.000000,0,0,0,0,0,2,graph_0005__pathPersistency_0.0000,pathPersistency,0.0
trace,aodv,0.401242,0.401159,2296,2814,60,1936,2454,0.000000,0.000000,0.000000,0,0,0,315,0,17,graph_0005__pathPersistency_0.0000,pathPersistency,0.0
trace,dsdv,0.187479,0.187431,1190,1424,60,830,1064,0.000000,0.000000,0.000000,0,0,0,0,0,267,graph_0005__pathPersistency_0.0000,pathPersistency,0.0
trace,olsr,0.268844,0.268825,1133,1465,60,1133,1465,0.000000,0.000000,0.000000,0,0,0,0,0,1,graph_0005__pathPersistency_0.0000,pathPersistency,0.0
trace,aodv,0.413042,0.412684,2302,2805,60,1942,2445,0.000000,0.000000,0.000000,0,0,0,315,0,36,graph_0005__pathPersistency_0.0000,pathPersistency,0.0
trace,dsdv,0.162782,0.162753,1047,1207,60,687,847,0.000000,0.000000,0.000000,0,0,0,0,0,256,graph_0005__pathPersistency_0.0000,pathPersistency,0.0
trace,olsr,0.265579,0.264874,1130,1461,60,1130,1461,0.000000,0.000000,0.000000,0,0,0,0,0,3,graph_0005__pathPersistency_0.0000,pathPersistency,0.0
trace,aodv,0.429395,0.426562,2301,2808,60,1941,2448,0.000000,0.000000,0.000000,0,0,0,315,0,33,graph_0005__pathPersistency_0.0000,pathPersistency,0.0
trace,dsdv,0.211006,0.210983,1234,1472,60,874,1112,0.000000,0.000000,0.000000,0,0,0,0,0,301,graph_0005__pathPersistency_0.0000,pathPersistency,0.0
trace,olsr,0.257256,0.256941,1132,1467,60,1132,1467,0.000000,0.000000,0.000000,0,0,0,0,0,6,graph_0005__pathPersistency_0.0000,pathPersistency,0.0
trace,aodv,0.404605,0.404197,2300,2823,60,1940,2463,0.000000,0.000000,0.000000,0,0,0,315,0,16,graph_0005__pathPersistency_0.0000,pathPersistency,0.0
trace,dsdv,0.174618,0.174540,1116,1312,60,756,952,0.000000,0.000000,0.000000,0,0,0,0,0,256,graph_0005__pathPersistency_0.0000,pathPersistency,0.0
trace,olsr,0.273064,0.273037,1154,1643,60,1154,1643,0.000000,0.000000,0.000000,0,0,0,0,0,3,graph_0002__pathPersistency_0.1000,pathPersistency,0.1
trace,aodv,0.419483,0.419379,2325,3113,60,1965,2753,0.000000,0.000000,0.000000,0,0,0,315,0,48,graph_0002__pathPersistency_0.1000,pathPersistency,0.1
trace,dsdv,0.290964,0.290939,1671,2216,60,1311,1856,0.000000,0.000000,0.000000,0,0,0,0,0,557,graph_0002__pathPersistency_0.1000,pathPersistency,0.1
trace,olsr,0.266873,0.266848,1164,1665,60,1164,1665,0.000000,0.000000,0.000000,0,0,0,0,0,3,graph_0002__pathPersistency_0.1000,pathPersistency,0.1
trace,aodv,0.410514,0.410443,2325,3095,60,1965,2735,0.000000,0.000000,0.000000,0,0,0,315,0,66,graph_0002__pathPersistency_0.1000,pathPersistency,0.1
trace,dsdv,0.271594,0.271551,1566,2022,60,1206,1662,0.000000,0.000000,0.000000,0,0,0,0,0,561,graph_0002__pathPersistency_0.1000,pathPersistency,0.1
trace,olsr,0.271451,0.271435,1150,1634,60,1150,1634,0.000000,0.000000,0.000000,0,0,0,0,0,3,graph_0002__pathPersistency_0.1000,pathPersistency,0.1
trace,aodv,0.421955,0.421728,2324,3097,60,1964,2737,0.000000,0.000000,0.000000,0,0,0,315,0,65,graph_0002__pathPersistency_0.1000,pathPersistency,0.1
trace,dsdv,0.357489,0.357205,1690,2121,60,1176,1640,0.000000,0.000000,0.000000,33,0,0,0,0,517,graph_0002__pathPersistency_0.1000,pathPersistency,0.1
trace,olsr,0.265746,0.265520,1150,1634,60,1150,1634,0.000000,0.000000,0.000000,0,0,0,0,0,5,graph_0002__pathPersistency_0.1000,pathPersistency,0.1
trace,aodv,0.407788,0.407667,2325,3119,60,1965,2759,0.000000,0.000000,0.000000,0,0,0,315,0,43,graph_0002__pathPersistency_0.1000,pathPersistency,0.1
trace,dsdv,0.283614,0.283601,1669,2215,60,1309,1855,0.000000,0.000000,0.000000,0,0,0,0,0,565,graph_0002__pathPersistency_0.1000,pathPersistency,0.1
trace,olsr,0.281818,0.281568,1156,1652,60,1156,1652,0.000000,0.000000,0.000000,0,0,0,0,0,3,graph_0002__pathPersistency_0.1000,pathPersistency,0.1
trace,aodv,0.414765,0.414726,2325,3091,60,1965,2731,0.000000,0.000000,0.000000,0,0,0,315,0,69,graph_0002__pathPersistency_0.1000,pathPersistency,0.1
trace,dsdv,0.270302,0.269474,1541,1996,60,1181,1636,0.000000,0.000000,0.000000,0,0,0,0,0,512,graph_0002__pathPersistency_0.1000,pathPersistency,0.1
trace,olsr,0.267764,0.267426,1157,1648,60,1157,1648,0.000000,0.000000,0.000000,0,0,0,0,0,5,graph_0002__pathPersistency_0.1000,pathPersistency,0.1
trace,aodv,0.419993,0.419864,2325,3119,60,1965,2759,0.000000,0.000000,0.000000,0,0,0,315,0,42,graph_0002__pathPersistency_0.1000,pathPersistency,0.1
trace,dsdv,0.249669,0.249655,1454,1844,60,1094,1484,0.000000,0.000000,0.000000,0,0,0,0,0,525,graph_0002__pathPersistency_0.1000,pathPersistency,0.1
trace,olsr,0.276803,0.276765,1158,1657,60,1158,1657,0.000000,0.000000,0.000000,0,0,0,0,0,3,graph_0002__pathPersistency_0.1000,pathPersistency,0.1
trace,aodv,0.419565,0.419486,2325,3118,60,1965,2758,0.000000,0.000000,0.000000,0,0,0,315,0,42,graph_0002__pathPersistency_0.1000,pathPersistency,0.1
trace,dsdv,0.231153,0.230962,1384,1751,60,1024,1391,0.000000,0.000000,0.000000,0,0,0,0,0,435,graph_0002__pathPersistency_0.1000,pathPersistency,0.1
trace,olsr,0.270858,0.270837,1157,1648,60,1157,1648,0.000000,0.000000,0.000000,0,0,0,0,0,3,graph_0002__pathPersistency_0.1000,pathPersistency,0.1
trace,aodv,0.418208,0.418147,2325,3100,60,1965,2740,0.000000,0.000000,0.000000,0,0,0,315,0,60,graph_0002__pathPersistency_0.1000,pathPersistency,0.1
trace,dsdv,0.222718,0.222688,1345,1647,60,985,1287,0.000000,0.000000,0.000000,0,0,0,0,0,486,graph_0002__pathPersistency_0.1000,pathPersistency,0.1
trace,olsr,0.274142,0.274131,1150,1637,60,1150,1637,0.000000,0.000000,0.000000,0,0,0,0,0,4,graph_0002__pathPersistency_0.1000,pathPersistency,0.1
trace,aodv,0.415253,0.415207,2325,3118,60,1965,2758,0.000000,0.000000,0.000000,0,0,0,315,0,43,graph_0002__pathPersistency_0.1000,pathPersistency,0.1
trace,dsdv,0.291838,0.291820,1620,2112,60,1260,1752,0.000000,0.000000,0.000000,0,0,0,0,0,543,graph_0002__pathPersistency_0.1000,pathPersistency,0.1
trace,olsr,0.267969,0.267955,1153,1639,60,1153,1639,0.000000,0.000000,0.000000,0,0,0,0,0,2,graph_0002__pathPersistency_0.1000,pathPersistency,0.1
trace,aodv,0.415046,0.415014,2325,3100,60,1965,2740,0.000000,0.000000,0.000000,0,0,0,315,0,60,graph_0002__pathPersistency_0.1000,pathPersistency,0.1
trace,dsdv,0.843050,0.842966,2544,2840,60,1311,1857,0.021818,0.084084,0.565126,275,6,0,0,0,588,graph_0002__pathPersistency_0.1000,pathPersistency,0.1
trace,olsr,0.365984,0.365931,1330,2653,60,1330,2653,0.000000,0.000000,0.000000,0,0,0,0,0,5,graph_0002__pathPersistency_0.6000,pathPersistency,0.6
trace,aodv,2.220171,2.218631,6450,8135,60,2935,4840,0.180887,0.016352,16.766525,293,53,20,62,0,885,graph_0002__pathPersistency_0.6000,pathPersistency,0.6
trace,dsdv,0.694300,0.693639,2488,3521,60,1763,2897,0.000000,0.000000,0.000000,101,0,0,0,0,968,graph_0002__pathPersistency_0.6000,pathPersistency,0.6
trace,olsr,0.374921,0.374346,1331,2650,60,1331,2650,0.000000,0.000000,0.000000,0,0,0,0,0,6,graph_0002__pathPersistency_0.6000,pathPersistency,0.6
trace,aodv,1.498281,1.495539,4638,6354,60,2849,4662,0.314607,0.034017,22.448351,178,56,25,126,0,470,graph_0002__pathPersistency_0.6000,pathPersistency,0.6
trace,dsdv,1.177600,1.175760,3409,4292,60,1873,3102,0.016667,0.083674,0.564175,360,6,0,0,0,1007,graph_0002__pathPersistency_0.6000,pathPersistency,0.6
trace,olsr,0.404673,0.404349,1324,2627,60,1324,2627,0.000000,0.000000,0.000000,0,0,0,0,0,8,graph_0002__pathPersistency_0.6000,pathPersistency,0.6
trace,aodv,2.518515,2.517417,6720,8409,60,3252,5153,0.149153,0.008447,18.603878,295,44,39,63,0,663,graph_0002__pathPersistency_0.6000,pathPersistency,0.6
trace,dsdv,0.521772,0.521651,2383,3733,60,2023,3373,0.000000,0.000000,0.000000,0,0,0,0,0,1097,graph_0002__pathPersistency_0.6000,pathPersistency,0.6
trace,olsr,0.395838,0.395769,1312,2593,60,1312,2593,0.000000,0.000000,0.000000,0,0,0,0,0,14,graph_0002__pathPersistency_0.6000,pathPersistency,0.6
trace,aodv,1.487965,1.487660,4601,6170,60,2797,4646,0.053691,0.062424,9.725726,298,16,2,62,0,466,graph_0002__pathPersistency_0.6000,pathPersistency,0.6
trace,dsdv,0.406382,0.405966,2094,3190,60,1734,2830,0.000000,0.000000,0.000000,0,0,0,0,0,964,graph_0002__pathPersistency_0.6000,pathPersistency,0.6
trace,olsr,0.387644,0.387578,1309,2591,60,1309,2591,0.000000,0.000000,0.000000,0,0,0,0,0,3,graph_0002__pathPersistency_0.6000,pathPersistency,0.6
trace,aodv,2.039044,2.032995,5920,7495,60,2896,4697,0.184564,0.022332,17.628006,298,55,18,62,0,869,graph_0002__pathPersistency_0.6000,pathPersistency,0.6
trace,dsdv,0.487811,0.487158,2316,3598,60,1956,3238,0.000000,0.000000,0.000000,0,0,0,0,0,1075,graph_0002__pathPersistency_0.6000,pathPersistency,0.6
trace,olsr,0.360052,0.359893,1297,2556,60,1297,2556,0.000000,0.000000,0.000000,0,0,0,0,0,11,graph_0002__pathPersistency_0.6000,pathPersistency,0.6
trace,aodv,1.038426,1.038283,3619,5424,60,2753,4616,0.178218,0.020862,30.494394,101,18,26,251,0,326,graph_0002__pathPersistency_0.6000,pathPersistency,0.6
trace,dsdv,0.410236,0.409965,2104,3225,60,1744,2865,0.000000,0.000000,0.000000,0,0,0,0,0,958,graph_0002__pathPersistency_0.6000,pathPersistency,0.6
trace,olsr,0.364197,0.363923,1317,2622,60,1317,2622,0.000000,0.000000,0.000000,0,0,0,0,0,9,graph_0002__pathPersistency_0.6000,pathPersistency,0.6
trace,aodv,1.417749,1.416349,4405,5955,60,2529,4218,0.171598,0.027566,6.685137,169,29,1,188,0,451,graph_0002__pathPersistency_0.6000,pathPersistency,0.6
trace,dsdv,0.526903,0.526667,2338,3485,60,1851,3019,0.000000,0.000000,0.000000,21,0,0,0,0,985,graph_0002__pathPersistency_0.6000,pathPersistency,0.6
trace,olsr,0.366524,0.366460,1311,2599,60,1311,2599,0.000000,0.000000,0.000000,0,0,0,0,0,10,graph_0002__pathPersistency_0.6000,pathPersistency,0.6
trace,aodv,1.501370,1.500921,4590,6262,60,2789,4630,0.174468,0.013800,24.774743,235,41,26,125,0,612,graph_0002__pathPersistency_0.6000,pathPersistency,0.6
trace,dsdv,0.458791,0.458582,2232,3429,60,1872,3069,0.000000,0.000000,0.000000,0,0,0,0,0,1025,graph_0002__pathPersistency_0.6000,pathPersistency,0.6
trace,olsr,0.361270,0.361005,1312,2592,60,1312,2592,0.000000,0.000000,0.000000,0,0,0,0,0,10,graph_0002__pathPersistency_0.6000,pathPersistency,0.6
trace,aodv,2.266583,2.265943,6502,8459,60,3410,5423,0.599138,0.025111,36.452122,232,139,37,126,0,891,graph_0002__pathPersistency_0.6000,pathPersistency,0.6
trace,dsdv,0.612284,0.612160,2514,3624,60,1848,3010,0.000000,0.000000,0.000000,52,0,0,0,0,1046,graph_0002__pathPersistency_0.6000,pathPersistency,0.6
trace,olsr,0.528430,0.528422,1327,2636,60,1327,2636,0.000000,0.000000,0.000000,0,0,0,0,0,2,graph_0002__pathPersistency_0.6000,pathPersistency,0.6
trace,aodv,1.904395,1.902601,5309,6978,60,2775,4614,0.147186,0.006652,19.576443,231,34,28,124,0,651,graph_0002__pathPersistency_0.6000,pathPersistency,0.6
trace,dsdv,0.419157,0.418381,2125,3263,60,1765,2903,0.000000,0.000000,0.000000,0,0,0,0,0,931,graph_0002__pathPersistency_0.6000,pathPersistency,0.6
trace,olsr,0.314971,0.314959,1216,1909,60,1216,1909,0.000000,0.000000,0.000000,0,0,0,0,0,5,graph_0004__pathPersistency_0.1000,pathPersistency,0.1
trace,aodv,1.645746,1.645656,4648,5650,60,2977,4049,0.414474,0.012101,28.783543,152,63,20,186,0,434,graph_0004__pathPersistency_0.1000,pathPersistency,0.1
trace,dsdv,1.099106,1.098785,2965,3384,60,1243,1850,0.014706,22.361496,29.688203,204,3,0,0,0,579,graph_0004__pathPersistency_0.1000,pathPersistency,0.1
trace,olsr,0.299238,0.299224,1229,1936,60,1229,1936,0.000000,0.000000,0.000000,0,0,0,0,0,9,graph_0004__pathPersistency_0.1000,pathPersistency,0.1
trace,aodv,1.181236,1.180909,3701,4641,60,2636,3636,0.218391,0.003650,20.260638,87,19,9,251,0,267,graph_0004__pathPersistency_0.1000,pathPersistency,0.1
trace,dsdv,0.411246,0.411062,1417,1739,60,966,1379,0.000000,0.000000,0.000000,91,0,0,0,0,379,graph_0004__pathPersistency_0.1000,pathPersistency,0.1
trace,olsr,0.309285,0.309240,1231,1939,60,1231,1939,0.000000,0.000000,0.000000,0,0,0,0,0,3,graph_0004__pathPersistency_0.1000,pathPersistency,0.1
trace,aodv,1.553156,1.552866,4781,5838,60,2993,4104,0.433824,0.018879,20.241969,136,59,23,188,0,515,graph_0004__pathPersistency_0.1000,pathPersistency,0.1
trace,dsdv,0.231563,0.231545,1364,1774,60,1004,1414,0.000000,0.000000,0.000000,0,0,0,0,0,386,graph_0004__pathPersistency_0.1000,pathPersistency,0.1
trace,olsr,0.318279,0.318271,1229,1936,60,1229,1936,0.000000,0.000000,0.000000,0,0,0,0,0,4,graph_0004__pathPersistency_0.1000,pathPersistency,0.1
trace,aodv,1.673610,1.672823,4841,5855,60,2948,4038,0.475904,0.012824,20.443868,166,79,11,188,0,549,graph_0004__pathPersistency_0.1000,pathPersistency,0.1
trace,dsdv,0.285980,0.285789,1497,1991,60,1137,1631,0.000000,0.000000,0.000000,0,0,0,0,0,436,graph_0004__pathPersistency_0.1000,pathPersistency,0.1
trace,olsr,0.315266,0.314965,1225,1930,60,1225,1930,0.000000,0.000000,0.000000,0,0,0,0,0,6,graph_0004__pathPersistency_0.1000,pathPersistency,0.1
trace,aodv,1.512589,1.511782,4560,5516,60,2893,3908,0.402985,0.017286,21.384141,134,54,21,189,0,613,graph_0004__pathPersistency_0.1000,pathPersistency,0.1
trace,dsdv,0.240199,0.240057,1392,1829,60,1032,1469,0.000000,0.000000,0.000000,0,0,0,0,0,427,graph_0004__pathPersistency_0.1000,pathPersistency,0.1
trace,olsr,0.318788,0.318755,1217,1912,60,1217,1912,0.000000,0.000000,0.000000,0,0,0,0,0,3,graph_0004__pathPersistency_0.1000,pathPersistency,0.1
trace,aodv,1.537841,1.537140,4561,5489,60,2796,3829,0.331325,0.017579,19.086870,166,55,7,189,0,665,graph_0004__pathPersistency_0.1000,pathPersistency,0.1
trace,dsdv,1.419777,1.419430,4104,4528,60,1207,1776,0.000000,0.000000,0.000000,182,0,0,0,0,407,graph_0004__pathPersistency_0.1000,pathPersistency,0.1
trace,olsr,0.308606,0.308346,1213,1897,60,1213,1897,0.000000,0.000000,0.000000,0,0,0,0,0,7,graph_0004__pathPersistency_0.1000,pathPersistency,0.1
trace,aodv,0.514829,0.514303,2466,3338,60,1997,2898,0.147059,0.177445,56.786281,34,5,0,315,0,73,graph_0004__pathPersistency_0.1000,pathPersistency,0.1
trace,dsdv,1.412529,1.411500,4083,4470,60,1185,1717,0.000000,0.000000,0.000000,182,0,0,0,0,440,graph_0004__pathPersistency_0.1000,pathPersistency,0.1
trace,olsr,0.300972,0.300944,1220,1917,60,1220,1917,0.000000,0.000000,0.000000,0,0,0,0,0,4,graph_0004__pathPersistency_0.1000,pathPersistency,0.1
trace,aodv,0.800653,0.800377,2926,3777,60,2306,3258,0.113043,0.007712,10.510229,115,13,1,188,0,112,graph_0004__pathPersistency_0.1000,pathPersistency,0.1
trace,dsdv,0.929988,0.929694,2703,3005,60,1161,1643,0.020305,0.229838,27.850938,197,4,0,0,0,418,graph_0004__pathPersistency_0.1000,pathPersistency,0.1
trace,olsr,0.333780,0.333778,1240,1968,60,1240,1968,0.000000,0.000000,0.000000,0,0,0,0,0,6,graph_0004__pathPersistency_0.1000,pathPersistency,0.1
trace,aodv,1.562601,1.561781,4698,5685,60,2872,3943,0.433735,0.011675,26.907860,166,72,10,188,0,631,graph_0004__pathPersistency_0.1000,pathPersistency,0.1
trace,dsdv,0.228089,0.228081,1364,1783,60,1004,1423,0.000000,0.000000,0.000000,0,0,0,0,0,373,graph_0004__pathPersistency_0.1000,pathPersistency,0.1
trace,olsr,0.300481,0.300471,1233,1958,60,1233,1958,0.000000,0.000000,0.000000,0,0,0,0,0,2,graph_0004__pathPersistency_0.1000,pathPersistency,0.1
trace,aodv,0.797407,0.796985,2886,3688,60,2260,3162,0.121739,0.008291,11.073113,115,14,1,187,0,113,graph_0004__pathPersistency_0.1000,pathPersistency,0.1
trace,dsdv,0.458819,0.458675,1666,2067,60,1084,1605,0.040000,0.154045,39.725635,125,5,0,0,0,477,graph_0004__pathPersistency_0.1000,pathPersistency,0.1
trace,olsr,0.281013,0.279783,1162,1677,60,1162,1677,0.000000,0.000000,0.000000,0,0,0,0,0,7,graph_0006__pathPersistency_0.2000,pathPersistency,0.2
trace,aodv,0.418799,0.418165,2306,3013,60,1946,2653,0.000000,0.000000,0.000000,0,0,0,315,0,70,graph_0006__pathPersistency_0.2000,pathPersistency,0.2
trace,dsdv,0.230039,0.229793,1381,1817,60,1021,1457,0.000000,0.000000,0.000000,0,0,0,0,0,503,graph_0006__pathPersistency_0.2000,pathPersistency,0.2
trace,olsr,0.271794,0.271576,1162,1676,60,1162,1676,0.000000,0.000000,0.000000,0,0,0,0,0,4,graph_0006__pathPersistency_0.2000,pathPersistency,0.2
trace,aodv,0.399209,0.399010,2305,3053,60,1945,2693,0.000000,0.000000,0.000000,0,0,0,315,0,38,graph_0006__pathPersistency_0.2000,pathPersistency,0.2
trace,dsdv,0.234287,0.234269,1409,1840,60,1049,1480,0.000000,0.000000,0.000000,0,0,0,0,0,509,graph_0006__pathPersistency_0.2000,pathPersistency,0.2
trace,olsr,0.273041,0.273014,1156,1668,60,1156,1668,0.000000,0.000000,0.000000,0,0,0,0,0,6,graph_0006__pathPersistency_0.2000,pathPersistency,0.2
trace,aodv,0.411489,0.411444,2308,3061,60,1948,2701,0.000000,0.000000,0.000000,0,0,0,315,0,29,graph_0006__pathPersistency_0.2000,pathPersistency,0.2
trace,dsdv,0.201550,0.201438,1282,1592,60,922,1232,0.000000,0.000000,0.000000,0,0,0,0,0,475,graph_0006__pathPersistency_0.2000,pathPersistency,0.2
trace,olsr,0.278306,0.278274,1154,1656,60,1154,1656,0.000000,0.000000,0.000000,0,0,0,0,0,3,graph_0006__pathPersistency_0.2000,pathPersistency,0.2
trace,aodv,0.414710,0.414686,2308,3042,60,1948,2682,0.000000,0.000000,0.000000,0,0,0,315,0,47,graph_0006__pathPersistency_0.2000,pathPersistency,0.2
trace,dsdv,0.477732,0.477548,1567,1757,60,946,1310,0.043956,0.108428,30.481787,182,8,0,0,0,522,graph_0006__pathPersistency_0.2000,pathPersistency,0.2
trace,olsr,0.280637,0.280271,1158,1668,60,1158,1668,0.000000,0.000000,0.000000,0,0,0,0,0,5,graph_0006__pathPersistency_0.2000,pathPersistency,0.2
trace,aodv,0.418283,0.417932,2305,3058,60,1945,2698,0.000000,0.000000,0.000000,0,0,0,315,0,26,graph_0006__pathPersistency_0.2000,pathPersistency,0.2
trace,dsdv,0.202186,0.201990,1233,1529,60,873,1169,0.000000,0.000000,0.000000,0,0,0,0,0,416,graph_0006__pathPersistency_0.2000,pathPersistency,0.2
trace,olsr,0.276058,0.276027,1164,1685,60,1164,1685,0.000000,0.000000,0.000000,0,0,0,0,0,2,graph_0006__pathPersistency_0.2000,pathPersistency,0.2
trace,aodv,0.408708,0.408679,2305,3048,60,1945,2688,0.000000,0.000000,0.000000,0,0,0,315,0,36,graph_0006__pathPersistency_0.2000,pathPersistency,0.2
trace,dsdv,0.218616,0.218599,1307,1674,60,947,1314,0.000000,0.000000,0.000000,0,0,0,0,0,422,graph_0006__pathPersistency_0.2000,pathPersistency,0.2
trace,olsr,0.271262,0.271228,1168,1686,60,1168,1686,0.000000,0.000000,0.000000,0,0,0,0,0,3,graph_0006__pathPersistency_0.2000,pathPersistency,0.2
trace,aodv,0.412160,0.411757,2305,3068,60,1945,2708,0.000000,0.000000,0.000000,0,0,0,315,0,22,graph_0006__pathPersistency_0.2000,pathPersistency,0.2
trace,dsdv,0.199294,0.199276,1249,1510,60,889,1150,0.000000,0.000000,0.000000,0,0,0,0,0,469,graph_0006__pathPersistency_0.2000,pathPersistency,0.2
trace,olsr,0.273867,0.273797,1161,1675,60,1161,1675,0.000000,0.000000,0.000000,0,0,0,0,0,2,graph_0006__pathPersistency_0.2000,pathPersistency,0.2
trace,aodv,0.410100,0.410043,2305,3038,60,1945,2678,0.000000,0.000000,0.000000,0,0,0,315,0,46,graph_0006__pathPersistency_0.2000,pathPersistency,0.2
trace,dsdv,0.200609,0.200505,1236,1573,60,876,1213,0.000000,0.000000,0.000000,0,0,0,0,0,430,graph_0006__pathPersistency_0.2000,pathPersistency,0.2
trace,olsr,0.302069,0.301837,1157,1668,60,1157,1668,0.000000,0.000000,0.000000,0,0,0,0,0,4,graph_0006__pathPersistency_0.2000,pathPersistency,0.2
trace,aodv,0.406044,0.405664,2305,3043,60,1945,2683,0.000000,0.000000,0.000000,0,0,0,315,0,42,graph_0006__pathPersistency_0.2000,pathPersistency,0.2
trace,dsdv,0.213196,0.212849,1303,1646,60,943,1286,0.000000,0.000000,0.000000,0,0,0,0,0,455,graph_0006__pathPersistency_0.2000,pathPersistency,0.2
trace,olsr,0.270720,0.270696,1150,1646,60,1150,1646,0.000000,0.000000,0.000000,0,0,0,0,0,1,graph_0006__pathPersistency_0.2000,pathPersistency,0.2
trace,aodv,0.423308,0.422841,2308,3046,60,1948,2686,0.000000,0.000000,0.000000,0,0,0,315,0,45,graph_0006__pathPersistency_0.2000,pathPersistency,0.2
trace,dsdv,0.224005,0.223993,1313,1674,60,953,1314,0.000000,0.000000,0.000000,0,0,0,0,0,495,graph_0006__pathPersistency_0.2000,pathPersistency,0.2
trace,olsr,0.283255,0.283230,1140,1671,60,1140,1671,0.000000,0.000000,0.000000,0,0,0,0,0,1,graph_0001__pathPersistency_0.2000,pathPersistency,0.2
trace,aodv,0.801174,0.799441,3091,3985,60,2464,3389,0.229167,0.071252,13.105462,48,11,6,250,0,135,graph_0001__pathPersistency_0.2000,pathPersistency,0.2
trace,dsdv,0.232109,0.232009,1408,1839,60,1048,1479,0.000000,0.000000,0.000000,0,0,0,0,0,379,graph_0001__pathPersistency_0.2000,pathPersistency,0.2
trace,olsr,0.267895,0.267880,1134,1658,60,1134,1658,0.000000,0.000000,0.000000,0,0,0,0,0,1,graph_0001__pathPersistency_0.2000,pathPersistency,0.2
trace,aodv,1.029031,1.028817,3585,4469,60,2489,3436,0.275510,0.004986,34.553911,98,27,8,251,0,343,graph_0001__pathPersistency_0.2000,pathPersistency,0.2
trace,dsdv,0.257628,0.257463,1500,1984,60,1140,1624,0.000000,0.000000,0.000000,0,0,0,0,0,440,graph_0001__pathPersistency_0.2000,pathPersistency,0.2
trace,olsr,0.267214,0.267055,1143,1667,60,1143,1667,0.000000,0.000000,0.000000,0,0,0,0,0,3,graph_0001__pathPersistency_0.2000,pathPersistency,0.2
trace,aodv,0.701341,0.701124,2918,3783,60,2324,3223,0.224490,0.070836,13.103471,49,11,4,250,0,118,graph_0001__pathPersistency_0.2000,pathPersistency,0.2
trace,dsdv,0.261051,0.260981,1507,2031,60,1147,1671,0.000000,0.000000,0.000000,0,0,0,0,0,465,graph_0001__pathPersistency_0.2000,pathPersistency,0.2
trace,olsr,0.278310,0.278236,1143,1670,60,1143,1670,0.000000,0.000000,0.000000,0,0,0,0,0,2,graph_0001__pathPersistency_0.2000,pathPersistency,0.2
trace,aodv,0.788802,0.788510,3095,4048,60,2502,3485,0.234043,0.072040,13.109262,47,11,6,250,0,90,graph_0001__pathPersistency_0.2000,pathPersistency,0.2
trace,dsdv,0.277290,0.277236,1587,2169,60,1227,1809,0.000000,0.000000,0.000000,0,0,0,0,0,490,graph_0001__pathPersistency_0.2000,pathPersistency,0.2
trace,olsr,0.276276,0.276231,1138,1655,60,1138,1655,0.000000,0.000000,0.000000,0,0,0,0,0,5,graph_0001__pathPersistency_0.2000,pathPersistency,0.2
trace,aodv,1.058688,1.058256,3780,4676,60,2514,3457,0.265487,0.007157,34.236191,113,30,36,191,0,349,graph_0001__pathPersistency_0.2000,pathPersistency,0.2
trace,dsdv,0.439569,0.439385,1645,1956,60,1022,1438,0.070796,0.167011,41.580871,113,8,0,0,0,452,graph_0001__pathPersistency_0.2000,pathPersistency,0.2
trace,olsr,0.265735,0.265697,1142,1657,60,1142,1657,0.000000,0.000000,0.000000,0,0,0,0,0,10,graph_0001__pathPersistency_0.2000,pathPersistency,0.2
trace,aodv,0.770176,0.769653,3054,3962,60,2360,3298,0.224490,0.072130,13.109633,49,11,8,250,0,148,graph_0001__pathPersistency_0.2000,pathPersistency,0.2
trace,dsdv,0.224262,0.224224,1323,1665,60,927,1275,0.000000,0.000000,0.000000,6,0,0,0,0,363,graph_0001__pathPersistency_0.2000,pathPersistency,0.2
trace,olsr,0.274936,0.274922,1136,1661,60,1136,1661,0.000000,0.000000,0.000000,0,0,0,0,0,4,graph_0001__pathPersistency_0.2000,pathPersistency,0.2
trace,aodv,0.926118,0.926062,3474,4419,60,2539,3560,0.132743,0.003577,22.118356,113,15,22,189,0,191,graph_0001__pathPersistency_0.2000,pathPersistency,0.2
trace,dsdv,0.232975,0.232907,1386,1809,60,1026,1449,0.000000,0.000000,0.000000,0,0,0,0,0,404,graph_0001__pathPersistency_0.2000,pathPersistency,0.2
trace,olsr,0.272842,0.272610,1136,1657,60,1136,1657,0.000000,0.000000,0.000000,0,0,0,0,0,5,graph_0001__pathPersistency_0.2000,pathPersistency,0.2
trace,aodv,0.817738,0.817090,3154,4028,60,2465,3398,0.130952,0.073614,13.116714,84,11,14,251,0,167,graph_0001__pathPersistency_0.2000,pathPersistency,0.2
trace,dsdv,0.248401,0.248381,1474,1941,60,1114,1581,0.000000,0.000000,0.000000,0,0,0,0,0,398,graph_0001__pathPersistency_0.2000,pathPersistency,0.2
trace,olsr,0.274905,0.274480,1140,1672,60,1140,1672,0.000000,0.000000,0.000000,0,0,0,0,0,1,graph_0001__pathPersistency_0.2000,pathPersistency,0.2
trace,aodv,0.771962,0.770977,3035,3931,60,2455,3381,0.234043,0.073971,13.118002,47,11,6,250,0,124,graph_0001__pathPersistency_0.2000,pathPersistency,0.2
trace,dsdv,0.272894,0.272221,1534,2048,60,1174,1688,0.000000,0.000000,0.000000,0,0,0,0,0,443,graph_0001__pathPersistency_0.2000,pathPersistency,0.2
trace,olsr,0.266562,0.266531,1136,1652,60,1136,1652,0.000000,0.000000,0.000000,0,0,0,0,0,7,graph_0001__pathPersistency_0.2000,pathPersistency,0.2
trace,aodv,0.747934,0.747378,2968,3861,60,2385,3307,0.234043,0.072893,13.113363,47,11,8,251,0,90,graph_0001__pathPersistency_0.2000,pathPersistency,0.2
trace,dsdv,0.258913,0.258860,1503,1999,60,1143,1639,0.000000,0.000000,0.000000,0,0,0,0,0,444,graph_0001__pathPersistency_0.2000,pathPersistency,0.2
trace,olsr,0.279503,0.279484,1110,1406,60,1110,1406,0.000000,0.000000,0.000000,0,0,0,0,0,3,graph_0004__pathPersistency_0.0000,pathPersistency,0.0
trace,aodv,0.584961,0.584908,2690,2959,60,2139,2556,0.000000,0.000000,0.000000,148,0,1,189,0,67,graph_0004__pathPersistency_0.0000,pathPersistency,0.0
trace,dsdv,0.171952,0.171939,1120,1323,60,760,963,0.000000,0.000000,0.000000,0,0,0,0,0,325,graph_0004__pathPersistency_0.0000,pathPersistency,0.0
trace,olsr,0.253281,0.253232,1109,1396,60,1109,1396,0.000000,0.000000,0.000000,0,0,0,0,0,8,graph_0004__pathPersistency_0.0000,pathPersistency,0.0
trace,aodv,0.544279,0.544229,2673,2940,60,2104,2519,0.000000,0.000000,0.000000,148,0,0,189,0,60,graph_0004__pathPersistency_0.0000,pathPersistency,0.0
trace,dsdv,0.160901,0.160769,1042,1238,60,682,878,0.000000,0.000000,0.000000,0,0,0,0,0,264,graph_0004__pathPersistency_0.0000,pathPersistency,0.0
trace,olsr,0.263617,0.263608,1107,1403,60,1107,1403,0.000000,0.000000,0.000000,0,0,0,0,0,1,graph_0004__pathPersistency_0.0000,pathPersistency,0.0
trace,aodv,0.508317,0.508139,2489,2893,60,2067,2514,0.000000,0.000000,0.000000,43,0,0,314,0,44,graph_0004__pathPersistency_0.0000,pathPersistency,0.0
trace,dsdv,0.150588,0.150431,1002,1143,60,642,783,0.000000,0.000000,0.000000,0,0,0,0,0,209,graph_0004__pathPersistency_0.0000,pathPersistency,0.0
trace,olsr,0.260976,0.260952,1105,1400,60,1105,1400,0.000000,0.000000,0.000000,0,0,0,0,0,0,graph_0004__pathPersistency_0.0000,pathPersistency,0.0
trace,aodv,0.549413,0.549379,2461,2885,60,2101,2525,0.000000,0.000000,0.000000,0,0,0,316,0,70,graph_0004__pathPersistency_0.0000,pathPersistency,0.0
trace,dsdv,0.142893,0.142885,950,1085,60,590,725,0.000000,0.000000,0.000000,0,0,0,0,0,193,graph_0004__pathPersistency_0.0000,pathPersistency,0.0
trace,olsr,0.260613,0.260610,1114,1411,60,1114,1411,0.000000,0.000000,0.000000,0,0,0,0,0,4,graph_0004__pathPersistency_0.0000,pathPersistency,0.0
trace,aodv,0.547323,0.547280,2543,2882,60,2119,2520,0.000000,0.000000,0.000000,62,0,0,251,0,65,graph_0004__pathPersistency_0.0000,pathPersistency,0.0
trace,dsdv,0.210211,0.210177,1147,1392,60,787,1032,0.000000,0.000000,0.000000,0,0,0,0,0,283,graph_0004__pathPersistency_0.0000,pathPersistency,0.0
trace,olsr,0.256747,0.256667,1106,1395,60,1106,1395,0.000000,0.000000,0.000000,0,0,0,0,0,1,graph_0004__pathPersistency_0.0000,pathPersistency,0.0
trace,aodv,0.534241,0.534192,2664,2938,60,2112,2534,0.000000,0.000000,0.000000,148,0,0,189,0,61,graph_0004__pathPersistency_0.0000,pathPersistency,0.0
trace,dsdv,0.173872,0.173646,1087,1300,60,727,940,0.000000,0.000000,0.000000,0,0,0,0,0,270,graph_0004__pathPersistency_0.0000,pathPersistency,0.0
trace,olsr,0.275694,0.275682,1111,1406,60,1111,1406,0.000000,0.000000,0.000000,0,0,0,0,0,2,graph_0004__pathPersistency_0.0000,pathPersistency,0.0
trace,aodv,0.494585,0.494440,2462,2823,60,2064,2468,0.000000,0.000000,0.000000,43,0,0,314,0,50,graph_0004__pathPersistency_0.0000,pathPersistency,0.0
trace,dsdv,0.172992,0.172990,1082,1288,60,722,928,0.000000,0.000000,0.000000,0,0,0,0,0,306,graph_0004__pathPersistency_0.0000,pathPersistency,0.0
trace,olsr,0.272683,0.272514,1120,1418,60,1120,1418,0.000000,0.000000,0.000000,0,0,0,0,0,4,graph_0004__pathPersistency_0.0000,pathPersistency,0.0
trace,aodv,0.445632,0.445456,2319,2744,60,1959,2384,0.000000,0.000000,0.000000,0,0,0,315,0,47,graph_0004__pathPersistency_0.0000,pathPersistency,0.0
trace,dsdv,0.148971,0.148962,932,1026,60,572,666,0.000000,0.000000,0.000000,0,0,0,0,0,214,graph_0004__pathPersistency_0.0000,pathPersistency,0.0
trace,olsr,0.272488,0.272315,1113,1411,60,1113,1411,0.000000,0.000000,0.000000,0,0,0,0,0,4,graph_0004__pathPersistency_0.0000,pathPersistency,0.0
trace,aodv,0.514624,0.514415,2467,2836,60,2069,2481,0.000000,0.000000,0.000000,43,0,0,314,0,45,graph_0004__pathPersistency_0.0000,pathPersistency,0.0
trace,dsdv,0.174787,0.174778,1120,1336,60,760,976,0.000000,0.000000,0.000000,0,0,0,0,0,336,graph_0004__pathPersistency_0.0000,pathPersistency,0.0
trace,olsr,0.278373,0.278370,1107,1399,60,1107,1399,0.000000,0.000000,0.000000,0,0,0,0,0,2,graph_0004__pathPersistency_0.0000,pathPersistency,0.0
trace,aodv,0.606122,0.605715,2606,2988,60,2192,2615,0.000000,0.000000,0.000000,43,0,3,315,0,111,graph_0004__pathPersistency_0.0000,pathPersistency,0.0
trace,dsdv,0.198789,0.198764,1144,1376,60,784,1016,0.000000,0.000000,0.000000,0,0,0,0,0,316,graph_0004__pathPersistency_0.0000,pathPersistency,0.0
trace,olsr,1.254889,1.250655,3332,4787,60,2030,3575,0.000000,0.000000,0.000000,125,0,19,0,0,33,graph_0001__pathPersistency_0.7000,pathPersistency,0.7
trace,aodv,0.926604,0.922566,3272,5201,60,2319,4260,0.590164,0.055064,15.113941,61,36,14,252,0,219,graph_0001__pathPersistency_0.7000,pathPersistency,0.7
trace,dsdv,0.933891,0.933712,3267,4342,60,1795,2978,0.000000,0.000000,0.000000,108,0,0,0,0,1144,graph_0001__pathPersistency_0.7000,pathPersistency,0.7
trace,olsr,0.733825,0.732956,2140,3694,60,1709,3295,0.000000,0.000000,0.000000,38,0,0,0,0,21,graph_0001__pathPersistency_0.7000,pathPersistency,0.7
trace,aodv,1.953762,1.953112,5694,7708,60,2759,4810,0.651786,0.021877,27.495681,224,146,42,125,0,893,graph_0001__pathPersistency_0.7000,pathPersistency,0.7
trace,dsdv,0.402752,0.402717,2086,3213,60,1726,2853,0.000000,0.000000,0.000000,0,0,0,0,0,1042,graph_0001__pathPersistency_0.7000,pathPersistency,0.7
trace,olsr,0.892871,0.892610,2471,3897,60,1440,2961,0.000000,0.000000,0.000000,124,0,22,0,0,47,graph_0001__pathPersistency_0.7000,pathPersistency,0.7
trace,aodv,1.537503,1.537259,4775,6816,60,2763,4870,0.439189,0.013201,28.384032,148,65,17,188,0,729,graph_0001__pathPersistency_0.7000,pathPersistency,0.7
trace,dsdv,0.416683,0.416636,2082,3244,60,1722,2884,0.000000,0.000000,0.000000,0,0,0,0,0,1012,graph_0001__pathPersistency_0.7000,pathPersistency,0.7
trace,olsr,1.016751,1.015963,2830,4305,60,2004,3541,0.000000,0.000000,0.000000,90,0,17,0,0,18,graph_0001__pathPersistency_0.7000,pathPersistency,0.7
trace,aodv,1.175187,1.174384,3919,5973,60,2655,4773,0.327273,0.054839,15.112254,110,36,10,188,0,342,graph_0001__pathPersistency_0.7000,pathPersistency,0.7
trace,dsdv,1.202473,1.201756,3393,4207,60,1751,2901,0.066667,0.056087,2.004348,360,24,0,0,0,1016,graph_0001__pathPersistency_0.7000,pathPersistency,0.7
trace,olsr,0.734511,0.733272,2101,3645,60,1455,3029,0.139535,0.086133,52.507585,43,6,0,0,0,41,graph_0001__pathPersistency_0.7000,pathPersistency,0.7
trace,aodv,2.037311,2.035942,5800,7866,60,2909,5052,0.565421,0.019593,25.545659,214,121,16,126,0,677,graph_0001__pathPersistency_0.7000,pathPersistency,0.7
trace,dsdv,0.961521,0.961141,3253,4375,60,1734,2916,0.444444,0.051629,49.013076,108,48,0,0,0,1076,graph_0001__pathPersistency_0.7000,pathPersistency,0.7
trace,olsr,1.099449,1.098920,3045,4502,60,2028,3579,0.023810,0.282749,17.905323,126,3,18,0,0,43,graph_0001__pathPersistency_0.7000,pathPersistency,0.7
trace,aodv,1.901814,1.900964,5645,7535,60,2743,4760,0.352679,0.014368,19.663704,224,79,19,125,0,677,graph_0001__pathPersistency_0.7000,pathPersistency,0.7
trace,dsdv,0.390651,0.390330,2006,3108,60,1646,2748,0.000000,0.000000,0.000000,0,0,0,0,0,993,graph_0001__pathPersistency_0.7000,pathPersistency,0.7
trace,olsr,1.099139,1.098660,3124,4652,60,2163,3749,0.000000,0.000000,0.000000,88,0,18,0,0,15,graph_0001__pathPersistency_0.7000,pathPersistency,0.7
trace,aodv,1.316532,1.316088,4281,6174,60,2521,4493,0.458824,0.040743,11.096887,170,78,13,189,0,337,graph_0001__pathPersistency_0.7000,pathPersistency,0.7
trace,dsdv,0.782538,0.782221,2937,4143,60,1899,3198,0.000000,0.000000,0.000000,93,0,0,0,0,1148,graph_0001__pathPersistency_0.7000,pathPersistency,0.7
trace,olsr,1.018380,1.018157,2929,4467,60,2117,3715,0.000000,0.000000,0.000000,86,0,16,0,0,20,graph_0001__pathPersistency_0.7000,pathPersistency,0.7
trace,aodv,2.115035,2.114180,6070,8196,60,3162,5354,0.629464,0.021132,24.907429,224,141,19,126,0,536,graph_0001__pathPersistency_0.7000,pathPersistency,0.7
trace,dsdv,0.377720,0.377506,1914,2869,60,1554,2509,0.000000,0.000000,0.000000,0,0,0,0,0,996,graph_0001__pathPersistency_0.7000,pathPersistency,0.7
trace,olsr,1.083509,1.083110,3093,4572,60,2140,3676,0.000000,0.000000,0.000000,87,0,18,0,0,30,graph_0001__pathPersistency_0.7000,pathPersistency,0.7
trace,aodv,1.832368,1.832030,5538,7434,60,2994,5142,0.180516,0.040143,12.797734,349,63,34,0,0,512,graph_0001__pathPersistency_0.7000,pathPersistency,0.7
trace,dsdv,0.603699,0.603146,2456,3621,60,1787,2993,0.211538,0.071992,52.103275,52,11,0,0,0,1108,graph_0001__pathPersistency_0.7000,pathPersistency,0.7
trace,olsr,1.090435,1.090000,3088,4589,60,2093,3653,0.063830,0.084071,17.604441,94,6,19,0,0,16,graph_0001__pathPersistency_0.7000,pathPersistency,0.7
trace,aodv,0.951925,0.951160,3354,5228,60,2462,4484,0.080745,0.067135,2.940229,161,13,1,188,0,297,graph_0001__pathPersistency_0.7000,pathPersistency,0.7
trace,dsdv,1.053844,1.053713,3593,4760,60,1907,3191,0.000000,0.000000,0.000000,133,0,0,0,0,1018,graph_0001__pathPersistency_0.7000,pathPersistency,0.7
trace,olsr,0.311435,0.311088,1225,2022,60,1225,2022,0.000000,0.000000,0.000000,0,0,0,0,0,6,graph_0002__pathPersistency_0.5000,pathPersistency,0.5
trace,aodv,1.644880,1.643447,5098,6519,60,3075,4666,0.214765,0.016519,16.791297,298,64,64,63,0,619,graph_0002__pathPersistency_0.5000,pathPersistency,0.5
trace,dsdv,0.498904,0.497994,1825,2284,60,1159,1719,0.000000,0.000000,0.000000,101,0,0,0,0,690,graph_0002__pathPersistency_0.5000,pathPersistency,0.5
trace,olsr,0.311988,0.311726,1229,2039,60,1229,2039,0.000000,0.000000,0.000000,0,0,0,0,0,5,graph_0002__pathPersistency_0.5000,pathPersistency,0.5
trace,aodv,1.477136,1.476631,4601,5849,60,2849,4203,0.371585,0.012475,17.185429,183,68,9,124,0,536,graph_0002__pathPersistency_0.5000,pathPersistency,0.5
trace,dsdv,0.664284,0.664246,2157,2703,60,1348,2092,0.029412,0.066961,31.494623,204,6,0,0,0,677,graph_0002__pathPersistency_0.5000,pathPersistency,0.5
trace,olsr,0.308103,0.308029,1223,2030,60,1223,2030,0.000000,0.000000,0.000000,0,0,0,0,0,2,graph_0002__pathPersistency_0.5000,pathPersistency,0.5
trace,aodv,1.990041,1.989106,5910,7453,60,3352,5008,0.341297,0.014730,22.756331,293,100,80,62,0,889,graph_0002__pathPersistency_0.5000,pathPersistency,0.5
trace,dsdv,1.085434,1.085035,3021,3538,60,1497,2311,0.086111,0.011795,13.774277,360,31,0,0,0,783,graph_0002__pathPersistency_0.5000,pathPersistency,0.5
trace,olsr,0.303655,0.303143,1211,2006,60,1211,2006,0.000000,0.000000,0.000000,0,0,0,0,0,7,graph_0002__pathPersistency_0.5000,pathPersistency,0.5
trace,aodv,1.253990,1.253409,4121,5457,60,2731,4132,0.318841,0.007113,10.535557,138,44,30,190,0,420,graph_0002__pathPersistency_0.5000,pathPersistency,0.5
trace,dsdv,0.911522,0.911135,2819,3304,60,1381,2101,0.000000,0.000000,0.000000,247,0,0,0,0,737,graph_0002__pathPersistency_0.5000,pathPersistency,0.5
trace,olsr,0.312023,0.312016,1239,2061,60,1239,2061,0.000000,0.000000,0.000000,0,0,0,0,0,6,graph_0002__pathPersistency_0.5000,pathPersistency,0.5
trace,aodv,1.145451,1.145348,3890,5163,60,2571,3910,0.387097,0.022287,10.434969,124,48,11,189,0,299,graph_0002__pathPersistency_0.5000,pathPersistency,0.5
trace,dsdv,0.511617,0.511246,2029,2854,60,1513,2428,0.000000,0.000000,0.000000,90,0,0,0,0,717,graph_0002__pathPersistency_0.5000,pathPersistency,0.5
trace,olsr,0.320321,0.319932,1228,2038,60,1228,2038,0.000000,0.000000,0.000000,0,0,0,0,0,8,graph_0002__pathPersistency_0.5000,pathPersistency,0.5
trace,aodv,0.914019,0.913660,3299,4596,60,2546,3875,0.222222,0.014128,47.726587,72,16,24,252,0,231,graph_0002__pathPersistency_0.5000,pathPersistency,0.5
trace,dsdv,0.471248,0.471043,2063,2916,60,1526,2423,0.000000,0.000000,0.000000,44,0,0,0,0,782,graph_0002__pathPersistency_0.5000,pathPersistency,0.5
trace,olsr,0.308725,0.308712,1238,2062,60,1238,2062,0.000000,0.000000,0.000000,0,0,0,0,0,4,graph_0002__pathPersistency_0.5000,pathPersistency,0.5
trace,aodv,1.171775,1.170767,3910,5142,60,2576,3870,0.403226,0.023237,10.798194,124,50,14,188,0,295,graph_0002__pathPersistency_0.5000,pathPersistency,0.5
trace,dsdv,0.286039,0.285884,1598,2263,60,1238,1903,0.000000,0.000000,0.000000,0,0,0,0,0,574,graph_0002__pathPersistency_0.5000,pathPersistency,0.5
trace,olsr,0.303641,0.303603,1243,2072,60,1243,2072,0.000000,0.000000,0.000000,0,0,0,0,0,6,graph_0002__pathPersistency_0.5000,pathPersistency,0.5
trace,aodv,0.889699,0.889469,3332,4467,60,2422,3640,0.127451,0.067213,16.047545,102,13,6,250,0,308,graph_0002__pathPersistency_0.5000,pathPersistency,0.5
trace,dsdv,0.556237,0.556102,2095,2750,60,1420,2176,0.000000,0.000000,0.000000,101,0,0,0,0,800,graph_0002__pathPersistency_0.5000,pathPersistency,0.5
trace,olsr,0.321450,0.321254,1241,2063,60,1241,2063,0.000000,0.000000,0.000000,0,0,0,0,0,5,graph_0002__pathPersistency_0.5000,pathPersistency,0.5
trace,aodv,1.795826,1.795383,5381,6703,60,2950,4373,0.419214,0.015553,27.338387,229,96,32,125,0,772,graph_0002__pathPersistency_0.5000,pathPersistency,0.5
trace,dsdv,0.348886,0.348578,1852,2725,60,1492,2365,0.000000,0.000000,0.000000,0,0,0,0,0,707,graph_0002__pathPersistency_0.5000,pathPersistency,0.5
trace,olsr,0.314435,0.314200,1226,2031,60,1226,2031,0.000000,0.000000,0.000000,0,0,0,0,0,8,graph_0002__pathPersistency_0.5000,pathPersistency,0.5
trace,aodv,1.085241,1.084421,3753,5009,60,2562,3903,0.276423,0.007569,16.872678,123,34,4,188,0,309,graph_0002__pathPersistency_0.5000,pathPersistency,0.5
trace,dsdv,0.708586,0.708147,2270,2925,60,1436,2271,0.113300,0.036657,28.669321,203,23,0,0,0,762,graph_0002__pathPersistency_0.5000,pathPersistency,0.5
trace,olsr,0.339864,0.339673,1274,2361,60,1274,2361,0.000000,0.000000,0.000000,0,0,0,0,0,7,graph_0010__pathPersistency_0.6000,pathPersistency,0.6
trace,aodv,1.316127,1.313545,4214,5689,60,2776,4355,0.196203,0.004928,40.798594,158,31,23,188,0,355,graph_0010__pathPersistency_0.6000,pathPersistency,0.6
trace,dsdv,0.971939,0.969525,2854,3553,60,1663,2621,0.029304,0.093480,15.529562,273,8,0,0,0,1079,graph_0010__pathPersistency_0.6000,pathPersistency,0.6
trace,olsr,0.335321,0.334904,1281,2374,60,1281,2374,0.000000,0.000000,0.000000,0,0,0,0,0,8,graph_0010__pathPersistency_0.6000,pathPersistency,0.6
trace,aodv,1.669666,1.668712,5224,6970,60,3176,4997,0.384615,0.016317,27.340443,195,75,45,124,0,540,graph_0010__pathPersistency_0.6000,pathPersistency,0.6
trace,dsdv,0.706377,0.705993,2447,3256,60,1768,2752,0.038462,0.096007,30.510287,182,7,0,0,0,1169,graph_0010__pathPersistency_0.6000,pathPersistency,0.6
trace,olsr,0.339227,0.339072,1290,2410,60,1290,2410,0.000000,0.000000,0.000000,0,0,0,0,0,5,graph_0010__pathPersistency_0.6000,pathPersistency,0.6
trace,aodv,1.423803,1.423153,4588,6138,60,2804,4438,0.420118,0.013305,28.875620,169,71,14,187,0,432,graph_0010__pathPersistency_0.6000,pathPersistency,0.6
trace,dsdv,0.816588,0.816158,2576,3401,60,1793,2883,0.029304,0.094755,15.533027,273,8,0,0,0,1159,graph_0010__pathPersistency_0.6000,pathPersistency,0.6
trace,olsr,0.331996,0.331940,1280,2376,60,1280,2376,0.000000,0.000000,0.000000,0,0,0,0,0,7,graph_0010__pathPersistency_0.6000,pathPersistency,0.6
trace,aodv,0.908097,0.907733,3280,4755,60,2645,4184,0.108108,0.087747,5.355197,74,8,3,254,0,207,graph_0010__pathPersistency_0.6000,pathPersistency,0.6
trace,dsdv,0.801139,0.800592,2585,3499,60,1859,3033,0.000000,0.000000,0.000000,273,0,0,0,0,1121,graph_0010__pathPersistency_0.6000,pathPersistency,0.6
trace,olsr,0.339721,0.339502,1262,2316,60,1262,2316,0.000000,0.000000,0.000000,0,0,0,0,0,8,graph_0010__pathPersistency_0.6000,pathPersistency,0.6
trace,aodv,1.276989,1.276624,4104,5538,60,2575,4070,0.303226,0.009418,36.850676,155,47,50,189,0,403,graph_0010__pathPersistency_0.6000,pathPersistency,0.6
trace,dsdv,1.147851,1.146926,3171,4043,60,1925,3133,0.050000,0.057671,1.513466,360,18,0,0,0,1123,graph_0010__pathPersistency_0.6000,pathPersistency,0.6
trace,olsr,0.344799,0.344322,1286,2399,60,1286,2399,0.000000,0.000000,0.000000,0,0,0,0,0,6,graph_0010__pathPersistency_0.6000,pathPersistency,0.6
trace,aodv,1.323908,1.322381,4238,5626,60,2575,4073,0.195266,0.005546,40.606459,169,33,27,189,0,327,graph_0010__pathPersistency_0.6000,pathPersistency,0.6
trace,dsdv,0.373564,0.373224,1917,2588,60,1552,2405,0.000000,0.000000,0.000000,182,0,0,0,0,1035,graph_0010__pathPersistency_0.6000,pathPersistency,0.6
trace,olsr,0.340457,0.340094,1272,2374,60,1272,2374,0.000000,0.000000,0.000000,0,0,0,0,0,5,graph_0010__pathPersistency_0.6000,pathPersistency,0.6
trace,aodv,1.443153,1.442748,4603,6123,60,2951,4598,0.204545,0.008445,33.720001,220,45,48,126,0,338,graph_0010__pathPersistency_0.6000,pathPersistency,0.6
trace,dsdv,0.413061,0.413024,2106,3153,60,1746,2793,0.000000,0.000000,0.000000,0,0,0,0,0,1043,graph_0010__pathPersistency_0.6000,pathPersistency,0.6
trace,olsr,0.340064,0.340040,1267,2339,60,1267,2339,0.000000,0.000000,0.000000,0,0,0,0,0,8,graph_0010__pathPersistency_0.6000,pathPersistency,0.6
trace,aodv,0.986344,0.986118,3421,4933,60,2616,4205,0.161905,0.003051,22.548465,105,17,11,251,0,274,graph_0010__pathPersistency_0.6000,pathPersistency,0.6
trace,dsdv,0.904249,0.904157,2888,3569,60,1696,2552,0.000000,0.000000,0.000000,182,0,0,0,0,1085,graph_0010__pathPersistency_0.6000,pathPersistency,0.6
trace,olsr,0.346365,0.346014,1279,2372,60,1279,2372,0.000000,0.000000,0.000000,0,0,0,0,0,10,graph_0010__pathPersistency_0.6000,pathPersistency,0.6
trace,aodv,1.497748,1.495699,4799,6406,60,3082,4846,0.090498,0.008807,11.100445,221,20,44,126,0,384,graph_0010__pathPersistency_0.6000,pathPersistency,0.6
trace,dsdv,0.493998,0.493737,2164,2967,60,1569,2427,0.000000,0.000000,0.000000,55,0,0,0,0,1032,graph_0010__pathPersistency_0.6000,pathPersistency,0.6
trace,olsr,0.332220,0.332183,1277,2375,60,1277,2375,0.000000,0.000000,0.000000,0,0,0,0,0,10,graph_0010__pathPersistency_0.6000,pathPersistency,0.6
trace,aodv,0.995444,0.995205,3499,4884,60,2573,4147,0.078049,0.003057,19.665060,205,16,0,125,0,250,graph_0010__pathPersistency_0.6000,pathPersistency,0.6
trace,dsdv,1.007383,1.007067,3332,4138,60,1734,2706,0.000000,0.000000,0.000000,182,0,0,0,0,1169,graph_0010__pathPersistency_0.6000,pathPersistency,0.6
trace,olsr,0.512548,0.512499,1569,3275,60,1467,3179,0.200000,0.123636,44.823399,20,4,10,0,0,21,graph_0009__pathPersistency_0.9000,pathPersistency,0.9
trace,aodv,2.239947,2.234766,6265,8277,60,2435,4518,0.654362,0.028202,37.841663,298,195,33,62,0,634,graph_0009__pathPersistency_0.9000,pathPersistency,0.9
trace,dsdv,0.557713,0.557000,2362,3533,60,1705,2878,0.900000,0.066460,57.601988,20,18,0,0,0,901,graph_0009__pathPersistency_0.9000,pathPersistency,0.9
trace,olsr,0.696119,0.694607,1998,3718,60,1480,3206,0.842105,0.016552,51.596869,38,32,0,0,0,33,graph_0009__pathPersistency_0.9000,pathPersistency,0.9
trace,aodv,2.295845,2.292978,6344,8409,60,2598,4764,0.599327,0.025759,37.509894,297,178,18,63,0,552,graph_0009__pathPersistency_0.9000,pathPersistency,0.9
trace,dsdv,0.389895,0.389129,2003,3146,60,1643,2786,0.000000,0.000000,0.000000,0,0,0,0,0,818,graph_0009__pathPersistency_0.9000,pathPersistency,0.9
trace,olsr,0.670248,0.670169,1967,3695,60,1474,3210,0.666667,0.014800,51.745154,42,28,6,0,0,22,graph_0009__pathPersistency_0.9000,pathPersistency,0.9
trace,aodv,2.326464,2.322845,6489,8470,60,2569,4623,0.676768,0.029092,38.089185,297,201,23,63,0,669,graph_0009__pathPersistency_0.9000,pathPersistency,0.9
trace,dsdv,0.385553,0.383534,1959,2995,60,1599,2635,0.000000,0.000000,0.000000,0,0,0,0,0,818,graph_0009__pathPersistency_0.9000,pathPersistency,0.9
trace,olsr,0.614583,0.613749,1837,3485,60,1436,3095,0.527778,0.010616,52.386318,36,19,6,0,0,18,graph_0009__pathPersistency_0.9000,pathPersistency,0.9
trace,aodv,1.779859,1.778209,5261,7334,60,2499,4632,0.574468,0.019544,36.110323,235,135,40,125,0,446,graph_0009__pathPersistency_0.9000,pathPersistency,0.9
trace,dsdv,0.790683,0.789489,2800,3734,60,1637,2715,0.000000,0.000000,0.000000,144,0,0,0,0,897,graph_0009__pathPersistency_0.9000,pathPersistency,0.9
trace,olsr,0.673594,0.673382,1943,3638,60,1457,3159,0.743590,0.015014,50.958180,39,29,3,0,0,36,graph_0009__pathPersistency_0.9000,pathPersistency,0.9
trace,aodv,2.813948,2.812527,7608,9635,60,2531,4643,0.722222,0.037616,33.071487,360,260,15,0,0,770,graph_0009__pathPersistency_0.9000,pathPersistency,0.9
trace,dsdv,0.421546,0.421494,2118,3395,60,1758,3035,0.000000,0.000000,0.000000,0,0,0,0,0,824,graph_0009__pathPersistency_0.9000,pathPersistency,0.9
trace,olsr,0.686424,0.686300,2045,3712,60,1459,3146,0.596491,0.017432,51.460134,57,34,3,0,0,39,graph_0009__pathPersistency_0.9000,pathPersistency,0.9
trace,aodv,2.409080,2.407536,6729,8877,60,2771,4988,0.649832,0.027917,31.986104,297,193,35,63,0,885,graph_0009__pathPersistency_0.9000,pathPersistency,0.9
trace,dsdv,0.801602,0.801261,2561,3527,60,1656,2791,0.071429,0.068251,30.962367,182,13,0,0,0,903,graph_0009__pathPersistency_0.9000,pathPersistency,0.9
trace,olsr,0.599378,0.598207,1755,3463,60,1471,3187,0.444444,0.008295,45.827055,36,16,12,0,0,13,graph_0009__pathPersistency_0.9000,pathPersistency,0.9
trace,aodv,2.884706,2.878344,7687,9796,60,2951,5116,0.705556,0.037393,33.496089,360,254,50,1,0,707,graph_0009__pathPersistency_0.9000,pathPersistency,0.9
trace,dsdv,0.845427,0.844988,2679,3726,60,1776,2992,0.071429,0.068115,30.961645,182,13,0,0,0,904,graph_0009__pathPersistency_0.9000,pathPersistency,0.9
trace,olsr,0.620462,0.620023,1852,3537,60,1456,3148,0.666667,0.012174,48.364335,36,24,5,0,0,37,graph_0009__pathPersistency_0.9000,pathPersistency,0.9
trace,aodv,2.325083,2.322928,6611,8670,60,2637,4766,0.738255,0.031810,35.116960,298,220,8,62,0,541,graph_0009__pathPersistency_0.9000,pathPersistency,0.9
trace,dsdv,0.856493,0.856386,2894,4184,60,1997,3456,0.071429,0.067932,30.960696,182,13,0,0,0,1025,graph_0009__pathPersistency_0.9000,pathPersistency,0.9
trace,olsr,0.593270,0.592073,1733,3441,60,1469,3184,0.378378,0.007478,47.331798,37,14,16,0,0,17,graph_0009__pathPersistency_0.9000,pathPersistency,0.9
trace,aodv,1.112418,1.112179,3668,5745,60,2450,4555,0.493827,0.054441,25.761667,81,40,13,251,0,289,graph_0009__pathPersistency_0.9000,pathPersistency,0.9
trace,dsdv,0.563000,0.562921,2360,3571,60,1720,2934,0.000000,0.000000,0.000000,7,0,0,0,0,875,graph_0009__pathPersistency_0.9000,pathPersistency,0.9
trace,olsr,0.664632,0.664388,1953,3669,60,1480,3205,0.700000,0.014491,50.836714,40,28,3,0,0,22,graph_0009__pathPersistency_0.9000,pathPersistency,0.9
trace,aodv,2.381115,2.380700,6682,8825,60,2725,4924,0.700337,0.030086,32.869197,297,208,33,63,0,643,graph_0009__pathPersistency_0.9000,pathPersistency,0.9
trace,dsdv,0.788657,0.788566,2566,3520,60,1661,2797,0.000000,0.000000,0.000000,182,0,0,0,0,883,graph_0009__pathPersistency_0.9000,pathPersistency,0.9
trace,olsr,2.304766,2.299145,5959,7917,60,1607,3565,1.000000,0.050461,36.723985,272,272,0,0,0,37,graph_0004__pathPersistency_1.0000,pathPersistency,1.0
trace,aodv,2.935501,2.935014,7320,9109,60,1949,3766,0.922222,0.050539,31.809856,360,332,0,0,0,139,graph_0004__pathPersistency_1.0000,pathPersistency,1.0
trace,dsdv,0.916418,0.915052,2825,3291,60,1072,1547,0.900000,0.052620,52.382516,90,81,0,0,0,775,graph_0004__pathPersistency_1.0000,pathPersistency,1.0
trace,olsr,2.321755,2.321054,5653,7599,60,1589,3535,1.000000,0.050490,38.198606,254,254,0,0,0,41,graph_0004__pathPersistency_1.0000,pathPersistency,1.0
trace,aodv,2.824024,2.823028,7543,9242,60,1929,3639,0.969444,0.050491,30.416919,360,349,0,0,0,236,graph_0004__pathPersistency_1.0000,pathPersistency,1.0
trace,dsdv,0.245357,0.245271,1386,1813,60,1026,1453,0.000000,0.000000,0.000000,0,0,0,0,0,730,graph_0004__pathPersistency_1.0000,pathPersistency,1.0
trace,olsr,2.550505,2.545972,6029,7972,60,1597,3540,1.000000,0.050254,36.268158,277,277,0,0,0,83,graph_0004__pathPersistency_1.0000,pathPersistency,1.0
trace,aodv,3.028979,3.027449,7543,9281,60,1932,3681,0.969444,0.050493,30.416943,360,349,0,0,0,198,graph_0004__pathPersistency_1.0000,pathPersistency,1.0
trace,dsdv,0.272180,0.271405,1388,1813,60,1028,1453,0.000000,0.000000,0.000000,0,0,0,0,0,727,graph_0004__pathPersistency_1.0000,pathPersistency,1.0
trace,olsr,2.428008,2.427688,5986,7897,60,1570,3481,1.000000,0.050462,36.396358,276,276,0,0,0,55,graph_0004__pathPersistency_1.0000,pathPersistency,1.0
trace,aodv,2.860106,2.859224,7542,9289,60,1931,3689,0.969444,0.050500,30.416997,360,349,0,0,0,187,graph_0004__pathPersistency_1.0000,pathPersistency,1.0
trace,dsdv,0.254726,0.254672,1388,1802,60,1028,1442,0.000000,0.000000,0.000000,0,0,0,0,0,743,graph_0004__pathPersistency_1.0000,pathPersistency,1.0
trace,olsr,2.335057,2.334383,5997,7901,60,1565,3469,1.000000,0.050472,36.314486,277,277,0,0,0,52,graph_0004__pathPersistency_1.0000,pathPersistency,1.0
trace,aodv,2.804526,2.802883,7541,9293,60,1932,3695,0.969444,0.050517,30.417161,360,349,0,0,0,189,graph_0004__pathPersistency_1.0000,pathPersistency,1.0
trace,dsdv,1.408655,1.408162,4006,4402,60,1051,1457,0.945055,0.051068,44.919501,182,172,0,0,0,798,graph_0004__pathPersistency_1.0000,pathPersistency,1.0
trace,olsr,2.554796,2.554156,6001,7879,60,1553,3431,1.000000,0.050462,36.232525,278,278,0,0,0,54,graph_0004__pathPersistency_1.0000,pathPersistency,1.0
trace,aodv,2.901944,2.901247,7542,9265,60,1933,3667,0.969444,0.050506,30.417078,360,349,0,0,0,212,graph_0004__pathPersistency_1.0000,pathPersistency,1.0
trace,dsdv,0.273953,0.273914,1471,1961,60,1111,1601,0.000000,0.000000,0.000000,0,0,0,0,0,775,graph_0004__pathPersistency_1.0000,pathPersistency,1.0
trace,olsr,2.404303,2.403798,6094,7993,60,1566,3465,1.000000,0.050456,35.822942,283,283,0,0,0,52,graph_0004__pathPersistency_1.0000,pathPersistency,1.0
trace,aodv,2.998985,2.998405,7544,9288,60,1935,3690,0.969444,0.050536,30.417356,360,349,0,0,0,198,graph_0004__pathPersistency_1.0000,pathPersistency,1.0
trace,dsdv,2.160935,2.160070,5458,5868,60,1023,1436,0.989011,0.050708,36.889811,273,270,0,0,0,760,graph_0004__pathPersistency_1.0000,pathPersistency,1.0
trace,olsr,2.189445,2.189066,5601,7519,60,1585,3503,1.000000,0.050506,38.444420,251,251,0,0,0,43,graph_0004__pathPersistency_1.0000,pathPersistency,1.0
trace,aodv,3.012222,3.011165,7542,9277,60,1931,3677,0.969444,0.050506,30.417062,360,349,0,0,0,196,graph_0004__pathPersistency_1.0000,pathPersistency,1.0
trace,dsdv,1.503796,1.503641,4043,4515,60,1083,1565,0.945055,0.050986,44.918542,182,172,0,0,0,757,graph_0004__pathPersistency_1.0000,pathPersistency,1.0
trace,olsr,2.262576,2.262304,6002,7961,60,1602,3561,1.000000,0.050434,36.478125,275,275,0,0,0,57,graph_0004__pathPersistency_1.0000,pathPersistency,1.0
trace,aodv,2.729994,2.728550,7541,9302,60,1932,3704,0.969444,0.050501,30.416995,360,349,0,0,0,160,graph_0004__pathPersistency_1.0000,pathPersistency,1.0
trace,dsdv,0.259825,0.259765,1444,1894,60,1084,1534,0.000000,0.000000,0.000000,0,0,0,0,0,763,graph_0004__pathPersistency_1.0000,pathPersistency,1.0
trace,olsr,2.405507,2.405237,5997,7937,60,1581,3521,1.000000,0.050431,36.396131,276,276,0,0,0,41,graph_0004__pathPersistency_1.0000,pathPersistency,1.0
trace,aodv,2.895195,2.894339,7545,9298,60,1935,3699,0.969444,0.050488,30.416878,360,349,0,0,0,180,graph_0004__pathPersistency_1.0000,pathPersistency,1.0
trace,dsdv,0.887942,0.887723,2722,3115,60,1028,1424,0.966667,0.052218,51.887534,90,87,0,0,0,803,graph_0004__pathPersistency_1.0000,pathPersistency,1.0
trace,olsr,0.294926,0.294909,1201,1926,60,1201,1926,0.000000,0.000000,0.000000,0,0,0,0,0,5,graph_0007__pathPersistency_0.3000,pathPersistency,0.3
trace,aodv,1.148995,1.148618,3850,4991,60,2539,3721,0.505376,0.011559,38.043959,93,47,5,251,0,464,graph_0007__pathPersistency_0.3000,pathPersistency,0.3
trace,dsdv,0.317490,0.317409,1782,2435,60,1422,2075,0.000000,0.000000,0.000000,0,0,0,0,0,801,graph_0007__pathPersistency_0.3000,pathPersistency,0.3
trace,olsr,0.292583,0.292534,1187,1905,60,1187,1905,0.000000,0.000000,0.000000,0,0,0,0,0,6,graph_0007__pathPersistency_0.3000,pathPersistency,0.3
trace,aodv,1.155273,1.154704,3931,5225,60,2885,4231,0.322581,0.007375,35.482029,93,30,11,251,0,472,graph_0007__pathPersistency_0.3000,pathPersistency,0.3
trace,dsdv,0.332576,0.332531,1838,2585,60,1478,2225,0.000000,0.000000,0.000000,0,0,0,0,0,777,graph_0007__pathPersistency_0.3000,pathPersistency,0.3
trace,olsr,0.295702,0.295494,1198,1935,60,1198,1935,0.000000,0.000000,0.000000,0,0,0,0,0,3,graph_0007__pathPersistency_0.3000,pathPersistency,0.3
trace,aodv,0.600430,0.599830,2656,3766,60,2192,3314,0.294118,0.209743,12.735750,17,5,0,315,0,110,graph_0007__pathPersistency_0.3000,pathPersistency,0.3
trace,dsdv,0.400245,0.400217,1781,2275,60,1293,1877,0.000000,0.000000,0.000000,90,0,0,0,0,743,graph_0007__pathPersistency_0.3000,pathPersistency,0.3
trace,olsr,0.290101,0.290074,1197,1938,60,1197,1938,0.000000,0.000000,0.000000,0,0,0,0,0,4,graph_0007__pathPersistency_0.3000,pathPersistency,0.3
trace,aodv,0.995394,0.994731,3543,4664,60,2558,3744,0.225806,0.005160,36.184542,93,21,8,252,0,269,graph_0007__pathPersistency_0.3000,pathPersistency,0.3
trace,dsdv,0.299144,0.299060,1673,2264,60,1313,1904,0.000000,0.000000,0.000000,0,0,0,0,0,743,graph_0007__pathPersistency_0.3000,pathPersistency,0.3
trace,olsr,0.295014,0.294821,1196,1916,60,1196,1916,0.000000,0.000000,0.000000,0,0,0,0,0,4,graph_0007__pathPersistency_0.3000,pathPersistency,0.3
trace,aodv,1.112948,1.112655,3813,4979,60,2577,3789,0.451613,0.011265,39.518960,93,42,5,252,0,352,graph_0007__pathPersistency_0.3000,pathPersistency,0.3
trace,dsdv,0.414497,0.414471,1890,2499,60,1493,2192,0.000000,0.000000,0.000000,90,0,0,0,0,821,graph_0007__pathPersistency_0.3000,pathPersistency,0.3
trace,olsr,0.291484,0.290873,1182,1882,60,1182,1882,0.000000,0.000000,0.000000,0,0,0,0,0,4,graph_0007__pathPersistency_0.3000,pathPersistency,0.3
trace,aodv,1.049883,1.049136,3706,4935,60,2722,4012,0.258065,0.005900,36.403373,93,24,9,252,0,369,graph_0007__pathPersistency_0.3000,pathPersistency,0.3
trace,dsdv,0.288202,0.287906,1622,2160,60,1262,1800,0.000000,0.000000,0.000000,0,0,0,0,0,706,graph_0007__pathPersistency_0.3000,pathPersistency,0.3
trace,olsr,0.298597,0.298427,1196,1915,60,1196,1915,0.000000,0.000000,0.000000,0,0,0,0,0,7,graph_0007__pathPersistency_0.3000,pathPersistency,0.3
trace,aodv,0.562962,0.562911,2554,3634,60,2093,3188,0.117647,26.061451,15.469420,17,2,0,315,0,119,graph_0007__pathPersistency_0.3000,pathPersistency,0.3
trace,dsdv,0.438763,0.438709,1805,2298,60,1281,1856,0.088889,0.100324,45.530795,90,8,0,0,0,764,graph_0007__pathPersistency_0.3000,pathPersistency,0.3
trace,olsr,0.286790,0.286754,1187,1902,60,1187,1902,0.000000,0.000000,0.000000,0,0,0,0,0,5,graph_0007__pathPersistency_0.3000,pathPersistency,0.3
trace,aodv,0.851641,0.851362,3253,4399,60,2364,3552,0.361446,0.037968,17.773373,83,30,11,252,0,170,graph_0007__pathPersistency_0.3000,pathPersistency,0.3
trace,dsdv,0.302991,0.302942,1706,2291,60,1346,1931,0.000000,0.000000,0.000000,0,0,0,0,0,737,graph_0007__pathPersistency_0.3000,pathPersistency,0.3
trace,olsr,0.298055,0.297855,1191,1895,60,1191,1895,0.000000,0.000000,0.000000,0,0,0,0,0,6,graph_0007__pathPersistency_0.3000,pathPersistency,0.3
trace,aodv,1.035386,1.034676,3621,4767,60,2399,3571,0.537634,0.012295,38.194546,93,50,17,251,0,306,graph_0007__pathPersistency_0.3000,pathPersistency,0.3
trace,dsdv,0.484799,0.484450,1994,2635,60,1463,2186,0.088889,0.106967,45.552074,90,8,0,0,0,831,graph_0007__pathPersistency_0.3000,pathPersistency,0.3
trace,olsr,0.293177,0.293124,1197,1925,60,1197,1925,0.000000,0.000000,0.000000,0,0,0,0,0,3,graph_0007__pathPersistency_0.3000,pathPersistency,0.3
trace,aodv,0.722612,0.722257,2929,3962,60,2322,3443,0.053763,0.198685,12.728885,93,5,1,251,0,187,graph_0007__pathPersistency_0.3000,pathPersistency,0.3
trace,dsdv,0.352863,0.352809,1870,2619,60,1510,2259,0.000000,0.000000,0.000000,0,0,0,0,0,795,graph_0007__pathPersistency_0.3000,pathPersistency,0.3
trace,olsr,0.312995,0.312956,1261,2010,60,1261,2010,0.000000,0.000000,0.000000,0,0,0,0,0,10,graph_0003__pathPersistency_0.2000,pathPersistency,0.2
trace,aodv,0.916745,0.916401,3408,4324,60,2357,3344,0.244898,0.004731,24.573052,98,24,3,252,0,293,graph_0003__pathPersistency_0.2000,pathPersistency,0.2
trace,dsdv,0.893799,0.893424,2627,3018,60,1473,2123,0.051282,0.068803,15.979874,273,14,0,0,0,785,graph_0003__pathPersistency_0.2000,pathPersistency,0.2
trace,olsr,0.313030,0.312851,1251,2001,60,1251,2001,0.000000,0.000000,0.000000,0,0,0,0,0,5,graph_0003__pathPersistency_0.2000,pathPersistency,0.2
trace,aodv,0.546622,0.546485,2618,3567,60,2049,3024,0.256410,0.076859,54.327559,39,10,3,315,0,93,graph_0003__pathPersistency_0.2000,pathPersistency,0.2
trace,dsdv,1.039573,1.039009,3140,3466,60,1359,1932,0.051282,0.068296,15.976658,273,14,0,0,0,814,graph_0003__pathPersistency_0.2000,pathPersistency,0.2
trace,olsr,0.344714,0.344693,1263,2027,60,1263,2027,0.000000,0.000000,0.000000,0,0,0,0,0,4,graph_0003__pathPersistency_0.2000,pathPersistency,0.2
trace,aodv,0.997060,0.996813,3357,4328,60,2452,3498,0.204082,0.003943,25.116371,98,20,4,252,0,153,graph_0003__pathPersistency_0.2000,pathPersistency,0.2
trace,dsdv,0.948367,0.948230,2542,2869,60,1255,1790,0.000000,0.000000,0.000000,220,0,0,0,0,779,graph_0003__pathPersistency_0.2000,pathPersistency,0.2
trace,olsr,0.313619,0.313375,1251,1981,60,1251,1981,0.000000,0.000000,0.000000,0,0,0,0,0,7,graph_0003__pathPersistency_0.2000,pathPersistency,0.2
trace,aodv,0.558149,0.557935,2627,3604,60,2070,3067,0.303030,0.074629,54.318014,33,10,3,315,0,79,graph_0003__pathPersistency_0.2000,pathPersistency,0.2
trace,dsdv,0.642630,0.642465,2173,2640,60,1405,2047,0.038462,0.109440,30.542852,182,7,0,0,0,823,graph_0003__pathPersistency_0.2000,pathPersistency,0.2
trace,olsr,0.318071,0.317890,1253,2007,60,1253,2007,0.000000,0.000000,0.000000,0,0,0,0,0,5,graph_0003__pathPersistency_0.2000,pathPersistency,0.2
trace,aodv,0.965412,0.964989,3485,4476,60,2331,3383,0.346939,0.006707,27.933536,98,34,3,251,0,356,graph_0003__pathPersistency_0.2000,pathPersistency,0.2
trace,dsdv,0.663536,0.663319,2094,2556,60,1354,1991,0.038462,0.095854,30.509857,182,7,0,0,0,802,graph_0003__pathPersistency_0.2000,pathPersistency,0.2
trace,olsr,0.319823,0.319346,1257,2020,60,1257,2020,0.000000,0.000000,0.000000,0,0,0,0,0,3,graph_0003__pathPersistency_0.2000,pathPersistency,0.2
trace,aodv,0.819060,0.814651,3177,4199,60,2401,3493,0.166667,0.020091,17.157633,96,16,10,252,0,194,graph_0003__pathPersistency_0.2000,pathPersistency,0.2
trace,dsdv,0.274094,0.274064,1557,2056,60,1197,1696,0.000000,0.000000,0.000000,0,0,0,0,0,739,graph_0003__pathPersistency_0.2000,pathPersistency,0.2
trace,olsr,0.319457,0.319322,1253,2002,60,1253,2002,0.000000,0.000000,0.000000,0,0,0,0,0,13,graph_0003__pathPersistency_0.2000,pathPersistency,0.2
trace,aodv,0.952753,0.952705,3490,4458,60,2296,3320,0.397959,0.007691,32.546273,98,39,3,251,0,356,graph_0003__pathPersistency_0.2000,pathPersistency,0.2
trace,dsdv,0.299461,0.299329,1625,2175,60,1265,1815,0.000000,0.000000,0.000000,0,0,0,0,0,708,graph_0003__pathPersistency_0.2000,pathPersistency,0.2
trace,olsr,0.329951,0.329680,1253,1996,60,1253,1996,0.000000,0.000000,0.000000,0,0,0,0,0,5,graph_0003__pathPersistency_0.2000,pathPersistency,0.2
trace,aodv,1.051668,1.050523,3401,4319,60,2403,3395,0.214286,0.004141,26.627453,98,21,3,251,0,294,graph_0003__pathPersistency_0.2000,pathPersistency,0.2
trace,dsdv,0.356260,0.356242,1708,2299,60,1348,1939,0.000000,0.000000,0.000000,0,0,0,0,0,799,graph_0003__pathPersistency_0.2000,pathPersistency,0.2
trace,olsr,0.307997,0.307767,1254,2024,60,1254,2024,0.000000,0.000000,0.000000,0,0,0,0,0,2,graph_0003__pathPersistency_0.2000,pathPersistency,0.2
trace,aodv,1.010494,1.010387,3661,4561,60,2483,3504,0.173913,0.005948,41.266369,161,28,12,188,0,330,graph_0003__pathPersistency_0.2000,pathPersistency,0.2
trace,dsdv,0.269785,0.269713,1568,2061,60,1208,1701,0.000000,0.000000,0.000000,0,0,0,0,0,739,graph_0003__pathPersistency_0.2000,pathPersistency,0.2
trace,olsr,0.311018,0.310985,1253,2002,60,1253,2002,0.000000,0.000000,0.000000,0,0,0,0,0,6,graph_0003__pathPersistency_0.2000,pathPersistency,0.2
trace,aodv,1.016753,1.015347,3569,4534,60,2448,3468,0.346939,0.006704,27.539837,98,34,11,252,0,249,graph_0003__pathPersistency_0.2000,pathPersistency,0.2
trace,dsdv,0.318873,0.318555,1748,2404,60,1388,2044,0.000000,0.000000,0.000000,0,0,0,0,0,756,graph_0003__pathPersistency_0.2000,pathPersistency,0.2
trace,olsr,0.484192,0.484093,1477,2792,60,1364,2722,0.000000,0.000000,0.000000,43,0,0,0,0,7,graph_0002__pathPersistency_0.8000,pathPersistency,0.8
trace,aodv,2.399587,2.398384,6648,8393,60,3284,5207,0.355556,0.027035,19.351353,360,128,54,0,0,562,graph_0002__pathPersistency_0.8000,pathPersistency,0.8
trace,dsdv,0.864390,0.864144,2528,3415,60,1708,2833,0.029304,0.093680,15.530191,273,8,0,0,0,906,graph_0002__pathPersistency_0.8000,pathPersistency,0.8
trace,olsr,0.411172,0.410617,1351,2670,60,1351,2670,0.000000,0.000000,0.000000,0,0,0,0,0,9,graph_0002__pathPersistency_0.8000,pathPersistency,0.8
trace,aodv,2.927314,2.925030,7380,9312,60,3348,5371,0.511111,0.026616,25.596420,360,184,86,0,0,937,graph_0002__pathPersistency_0.8000,pathPersistency,0.8
trace,dsdv,0.464472,0.463631,2103,3283,60,1743,2923,0.000000,0.000000,0.000000,0,0,0,0,0,950,graph_0002__pathPersistency_0.8000,pathPersistency,0.8
trace,olsr,0.446840,0.446806,1496,2802,60,1364,2717,0.000000,0.000000,0.000000,47,0,0,0,0,14,graph_0002__pathPersistency_0.8000,pathPersistency,0.8
trace,aodv,2.402221,2.401370,6608,8365,60,3095,4941,0.600671,0.037071,21.587354,298,179,30,62,0,558,graph_0002__pathPersistency_0.8000,pathPersistency,0.8
trace,dsdv,0.671782,0.671500,2340,3341,60,1626,2704,0.144444,0.066823,46.029087,90,13,0,0,0,982,graph_0002__pathPersistency_0.8000,pathPersistency,0.8
trace,olsr,0.501505,0.501360,1537,2879,60,1382,2770,0.021277,0.000139,29.002445,47,1,0,0,0,22,graph_0002__pathPersistency_0.8000,pathPersistency,0.8
trace,aodv,1.720120,1.719832,5015,6615,60,2540,4238,0.514894,0.020001,18.049494,235,121,16,125,0,344,graph_0002__pathPersistency_0.8000,pathPersistency,0.8
trace,dsdv,0.414440,0.414381,2011,3074,60,1651,2714,0.000000,0.000000,0.000000,0,0,0,0,0,897,graph_0002__pathPersistency_0.8000,pathPersistency,0.8
trace,olsr,0.609215,0.609193,1590,2880,60,1355,2690,0.134615,0.075641,28.489904,52,7,0,0,0,27,graph_0002__pathPersistency_0.8000,pathPersistency,0.8
trace,aodv,2.513434,2.512290,6630,8377,60,2778,4598,0.647651,0.027907,31.942972,298,193,32,62,0,667,graph_0002__pathPersistency_0.8000,pathPersistency,0.8
trace,dsdv,0.739173,0.738257,2432,3523,60,1738,2906,0.144444,0.066224,46.025788,90,13,0,0,0,934,graph_0002__pathPersistency_0.8000,pathPersistency,0.8
trace,olsr,0.473879,0.473507,1488,2801,60,1357,2716,0.000000,0.000000,0.000000,46,0,0,0,0,14,graph_0002__pathPersistency_0.8000,pathPersistency,0.8
trace,aodv,2.071235,2.070477,5666,7435,60,3009,4863,0.512500,0.022553,21.494200,240,123,33,62,0,497,graph_0002__pathPersistency_0.8000,pathPersistency,0.8
trace,dsdv,0.895120,0.894857,2986,4135,60,1866,3136,0.234177,0.015383,47.838707,158,37,0,0,0,1051,graph_0002__pathPersistency_0.8000,pathPersistency,0.8
trace,olsr,0.484027,0.483841,1496,2814,60,1370,2734,0.000000,0.000000,0.000000,46,0,0,0,0,10,graph_0002__pathPersistency_0.8000,pathPersistency,0.8
trace,aodv,2.696683,2.695757,6954,8832,60,3096,5040,0.681208,0.029370,26.600771,298,203,29,62,0,913,graph_0002__pathPersistency_0.8000,pathPersistency,0.8
trace,dsdv,0.649752,0.649029,2432,3446,60,1733,2824,0.144444,0.068182,46.036432,90,13,0,0,0,1063,graph_0002__pathPersistency_0.8000,pathPersistency,0.8
trace,olsr,0.506863,0.506800,1535,2797,60,1332,2639,0.100000,0.098891,28.676489,50,5,0,0,0,14,graph_0002__pathPersistency_0.8000,pathPersistency,0.8
trace,aodv,1.918500,1.917808,5639,7295,60,2816,4693,0.336111,0.018695,25.698318,360,121,18,1,0,441,graph_0002__pathPersistency_0.8000,pathPersistency,0.8
trace,dsdv,0.941675,0.941430,2653,3486,60,1657,2743,0.073260,0.005174,33.855554,273,20,0,0,0,1002,graph_0002__pathPersistency_0.8000,pathPersistency,0.8
trace,olsr,0.493429,0.490700,1487,2793,60,1360,2710,0.000000,0.000000,0.000000,44,0,0,0,0,14,graph_0002__pathPersistency_0.8000,pathPersistency,0.8
trace,aodv,2.278754,2.278290,6161,7997,60,3017,4911,0.595745,0.020256,28.153260,235,140,37,125,0,791,graph_0002__pathPersistency_0.8000,pathPersistency,0.8
trace,dsdv,0.485726,0.485627,2158,3402,60,1798,3042,0.000000,0.000000,0.000000,0,0,0,0,0,906,graph_0002__pathPersistency_0.8000,pathPersistency,0.8
trace,olsr,0.456640,0.456496,1486,2815,60,1367,2738,0.000000,0.000000,0.000000,44,0,2,0,0,6,graph_0002__pathPersistency_0.8000,pathPersistency,0.8
trace,aodv,2.064990,2.063773,5859,7632,60,2899,4744,0.536885,0.024478,25.195257,244,131,41,62,0,570,graph_0002__pathPersistency_0.8000,pathPersistency,0.8
trace,dsdv,0.626537,0.626268,2410,3482,60,1713,2862,0.144444,0.067458,46.032758,90,13,0,0,0,1000,graph_0002__pathPersistency_0.8000,pathPersistency,0.8
trace,olsr,0.420799,0.420232,1439,2712,60,1343,2616,1.000000,0.084632,58.565725,6,6,0,0,0,13,graph_0009__pathPersistency_0.6000,pathPersistency,0.6
trace,aodv,1.183853,1.183209,3990,5604,60,2332,3970,0.740741,0.014162,46.000328,108,80,4,252,0,219,graph_0009__pathPersistency_0.6000,pathPersistency,0.6
trace,dsdv,1.659121,1.658419,5338,6533,60,2063,3335,0.000000,0.000000,0.000000,121,0,0,0,0,958,graph_0009__pathPersistency_0.6000,pathPersistency,0.6
trace,olsr,0.417264,0.416069,1443,2720,60,1331,2608,1.000000,0.075752,58.472947,7,7,0,0,0,13,graph_0009__pathPersistency_0.6000,pathPersistency,0.6
trace,aodv,1.639761,1.638949,4852,6381,60,2544,4221,0.329060,0.043918,53.431935,234,77,9,126,0,584,graph_0009__pathPersistency_0.6000,pathPersistency,0.6
trace,dsdv,1.839378,1.837853,5590,6547,60,1710,2743,0.265432,0.054263,36.492776,162,43,0,0,0,876,graph_0009__pathPersistency_0.6000,pathPersistency,0.6
trace,olsr,0.424902,0.424216,1406,2657,60,1326,2577,1.000000,0.096841,58.655721,5,5,0,0,0,13,graph_0009__pathPersistency_0.6000,pathPersistency,0.6
trace,aodv,1.468037,1.465755,4597,6157,60,2520,4192,0.309942,0.013405,33.495260,171,53,7,189,0,532,graph_0009__pathPersistency_0.6000,pathPersistency,0.6
trace,dsdv,0.870629,0.868511,2848,3803,60,1601,2676,0.263804,0.054093,36.491390,163,43,0,0,0,800,graph_0009__pathPersistency_0.6000,pathPersistency,0.6
trace,olsr,0.420309,0.419990,1460,2758,60,1371,2670,0.833333,0.071527,58.614296,6,5,0,0,0,18,graph_0009__pathPersistency_0.6000,pathPersistency,0.6
trace,aodv,1.543740,1.543229,4836,6319,60,2487,4129,0.289362,0.016735,43.490131,235,68,9,125,0,477,graph_0009__pathPersistency_0.6000,pathPersistency,0.6
trace,dsdv,0.402263,0.402138,2068,3116,60,1708,2756,0.000000,0.000000,0.000000,0,0,0,0,0,873,graph_0009__pathPersistency_0.6000,pathPersistency,0.6
trace,olsr,0.363817,0.363751,1345,2627,60,1345,2627,0.000000,0.000000,0.000000,0,0,0,0,0,9,graph_0009__pathPersistency_0.6000,pathPersistency,0.6
trace,aodv,1.115462,1.114593,3697,5240,60,2478,4095,0.220183,0.059706,27.095259,109,24,11,251,0,278,graph_0009__pathPersistency_0.6000,pathPersistency,0.6
trace,dsdv,0.734118,0.733680,2488,3286,60,1443,2361,0.166667,0.058095,38.061072,144,24,0,0,0,730,graph_0009__pathPersistency_0.6000,pathPersistency,0.6
trace,olsr,0.404364,0.404127,1400,2671,60,1336,2607,1.000000,0.142212,58.767063,4,4,0,0,0,33,graph_0009__pathPersistency_0.6000,pathPersistency,0.6
trace,aodv,1.120637,1.120413,3839,5446,60,2469,4154,0.247706,0.008108,23.316177,109,27,4,251,0,311,graph_0009__pathPersistency_0.6000,pathPersistency,0.6
trace,dsdv,0.380516,0.380079,1966,3030,60,1606,2670,0.000000,0.000000,0.000000,0,0,0,0,0,785,graph_0009__pathPersistency_0.6000,pathPersistency,0.6
trace,olsr,0.374618,0.374563,1348,2627,60,1348,2627,0.000000,0.000000,0.000000,0,0,0,0,0,8,graph_0009__pathPersistency_0.6000,pathPersistency,0.6
trace,aodv,1.196058,1.195456,4023,5524,60,2510,4171,0.058511,0.076622,28.202874,188,11,17,125,0,314,graph_0009__pathPersistency_0.6000,pathPersistency,0.6
trace,dsdv,0.961600,0.961095,3227,4384,60,1906,3186,0.193548,0.052708,37.544994,155,30,0,0,0,1007,graph_0009__pathPersistency_0.6000,pathPersistency,0.6
trace,olsr,0.402385,0.402318,1426,2699,60,1346,2619,1.000000,0.100204,58.661371,5,5,0,0,0,17,graph_0009__pathPersistency_0.6000,pathPersistency,0.6
trace,aodv,1.130899,1.129998,3852,5467,60,2546,4241,0.256198,0.009189,23.664510,121,31,10,189,0,345,graph_0009__pathPersistency_0.6000,pathPersistency,0.6
trace,dsdv,0.815924,0.815378,2595,3538,60,1621,2741,0.092683,0.063459,27.518803,205,19,0,0,0,791,graph_0009__pathPersistency_0.6000,pathPersistency,0.6
trace,olsr,0.422447,0.422371,1461,2753,60,1349,2641,1.000000,0.077544,58.477817,7,7,0,0,0,17,graph_0009__pathPersistency_0.6000,pathPersistency,0.6
trace,aodv,1.760282,1.758714,5359,6787,60,2559,4222,0.114094,0.141974,27.363648,298,34,29,63,0,750,graph_0009__pathPersistency_0.6000,pathPersistency,0.6
trace,dsdv,0.387418,0.387102,1986,3080,60,1626,2720,0.000000,0.000000,0.000000,0,0,0,0,0,793,graph_0009__pathPersistency_0.6000,pathPersistency,0.6
trace,olsr,0.410818,0.410654,1413,2663,60,1333,2583,1.000000,0.098874,58.659209,5,5,0,0,0,17,graph_0009__pathPersistency_0.6000,pathPersistency,0.6
trace,aodv,1.019685,1.019166,3498,5093,60,2426,4097,0.155963,0.061350,13.573219,109,17,16,251,0,232,graph_0009__pathPersistency_0.6000,pathPersistency,0.6
trace,dsdv,0.824007,0.823436,2614,3523,60,1633,2719,0.092683,0.063153,27.516513,205,19,0,0,0,881,graph_0009__pathPersistency_0.6000,pathPersistency,0.6
trace,olsr,0.314999,0.314867,1222,2057,60,1222,2057,0.000000,0.000000,0.000000,0,0,0,0,0,2,graph_0003__pathPersistency_0.6000,pathPersistency,0.6
trace,aodv,1.114538,1.113365,3675,4871,60,2401,3638,0.581633,0.009001,27.443608,98,57,2,252,0,179,graph_0003__pathPersistency_0.6000,pathPersistency,0.6
trace,dsdv,0.848699,0.848152,2426,3056,60,1621,2478,0.051282,0.067318,15.971544,273,14,0,0,0,1033,graph_0003__pathPersistency_0.6000,pathPersistency,0.6
trace,olsr,0.337963,0.337746,1203,2008,60,1203,2008,0.000000,0.000000,0.000000,0,0,0,0,0,6,graph_0003__pathPersistency_0.6000,pathPersistency,0.6
trace,aodv,1.202696,1.202585,3515,4641,60,2307,3490,0.467290,0.009792,25.738763,107,50,1,249,0,261,graph_0003__pathPersistency_0.6000,pathPersistency,0.6
trace,dsdv,0.871462,0.871367,2644,3247,60,1681,2489,0.000000,0.000000,0.000000,205,0,0,0,0,1073,graph_0003__pathPersistency_0.6000,pathPersistency,0.6
trace,olsr,0.319597,0.319523,1221,2051,60,1221,2051,0.000000,0.000000,0.000000,0,0,0,0,0,0,graph_0003__pathPersistency_0.6000,pathPersistency,0.6
trace,aodv,1.049756,1.047819,3661,4832,60,2242,3455,0.607477,0.012422,24.869676,107,65,0,249,0,155,graph_0003__pathPersistency_0.6000,pathPersistency,0.6
trace,dsdv,1.028182,1.027726,3177,3967,60,2052,3109,0.000000,0.000000,0.000000,273,0,0,0,0,1043,graph_0003__pathPersistency_0.6000,pathPersistency,0.6
trace,olsr,0.333136,0.332917,1226,2075,60,1226,2075,0.000000,0.000000,0.000000,0,0,0,0,0,4,graph_0003__pathPersistency_0.6000,pathPersistency,0.6
trace,aodv,1.172821,1.172338,3707,4893,60,2287,3515,0.607477,0.012432,24.869462,107,65,0,249,0,219,graph_0003__pathPersistency_0.6000,pathPersistency,0.6
trace,dsdv,1.205098,1.204733,3235,3833,60,1750,2696,0.033333,0.063558,1.034623,360,12,0,0,0,1034,graph_0003__pathPersistency_0.6000,pathPersistency,0.6
trace,olsr,0.314357,0.314350,1210,2026,60,1210,2026,0.000000,0.000000,0.000000,0,0,0,0,0,5,graph_0003__pathPersistency_0.6000,pathPersistency,0.6
trace,aodv,1.085483,1.084745,3627,4760,60,2404,3611,0.308411,0.056012,7.336518,107,33,0,249,0,213,graph_0003__pathPersistency_0.6000,pathPersistency,0.6
trace,dsdv,0.398754,0.398671,2052,2929,60,1692,2569,0.000000,0.000000,0.000000,0,0,0,0,0,997,graph_0003__pathPersistency_0.6000,pathPersistency,0.6
trace,olsr,0.324265,0.324224,1214,2027,60,1214,2027,0.000000,0.000000,0.000000,0,0,0,0,0,5,graph_0003__pathPersistency_0.6000,pathPersistency,0.6
trace,aodv,1.213085,1.212718,3948,5035,60,2351,3545,0.320988,0.009940,21.040155,162,52,3,187,0,250,graph_0003__pathPersistency_0.6000,pathPersistency,0.6
trace,dsdv,0.819787,0.819729,2497,3100,60,1672,2534,0.051282,0.068757,15.979076,273,14,0,0,0,1022,graph_0003__pathPersistency_0.6000,pathPersistency,0.6
trace,olsr,0.311460,0.311399,1225,2061,60,1225,2061,0.000000,0.000000,0.000000,0,0,0,0,0,4,graph_0003__pathPersistency_0.6000,pathPersistency,0.6
trace,aodv,1.009615,1.008719,3508,4662,60,2364,3582,0.336735,0.055983,7.336312,98,33,3,251,0,134,graph_0003__pathPersistency_0.6000,pathPersistency,0.6
trace,dsdv,0.414491,0.414457,2130,3037,60,1770,2677,0.000000,0.000000,0.000000,0,0,0,0,0,1080,graph_0003__pathPersistency_0.6000,pathPersistency,0.6
trace,olsr,0.328819,0.328775,1222,2054,60,1222,2054,0.000000,0.000000,0.000000,0,0,0,0,0,8,graph_0003__pathPersistency_0.6000,pathPersistency,0.6
trace,aodv,2.145754,2.144078,5962,7242,60,3001,4379,0.452962,0.020547,28.502810,287,130,60,63,0,796,graph_0003__pathPersistency_0.6000,pathPersistency,0.6
trace,dsdv,0.774121,0.772648,2392,2978,60,1677,2528,0.029304,0.095391,16.518132,273,8,0,0,0,979,graph_0003__pathPersistency_0.6000,pathPersistency,0.6
trace,olsr,0.309299,0.309271,1225,2063,60,1225,2063,0.000000,0.000000,0.000000,0,0,0,0,0,8,graph_0003__pathPersistency_0.6000,pathPersistency,0.6
trace,aodv,2.168938,2.168400,5916,7264,60,3016,4464,0.442509,0.020058,31.114174,287,127,60,64,0,664,graph_0003__pathPersistency_0.6000,pathPersistency,0.6
trace,dsdv,0.614550,0.614423,2273,3092,60,1671,2566,0.155556,0.069196,46.947120,90,14,0,0,0,962,graph_0003__pathPersistency_0.6000,pathPersistency,0.6
trace,olsr,0.305567,0.305416,1215,2039,60,1215,2039,0.000000,0.000000,0.000000,0,0,0,0,0,2,graph_0003__pathPersistency_0.6000,pathPersistency,0.6
trace,aodv,1.244809,1.244651,4089,5270,60,2311,3575,0.469136,0.012011,31.128400,162,76,3,187,0,226,graph_0003__pathPersistency_0.6000,pathPersistency,0.6
trace,dsdv,0.898722,0.898232,2767,3458,60,1767,2698,0.047619,0.065472,16.038224,273,13,0,0,0,1010,graph_0003__pathPersistency_0.6000,pathPersistency,0.6
trace,olsr,2.348508,2.347785,6249,8648,60,1785,4184,1.000000,0.050459,36.150630,279,279,0,0,0,53,graph_0007__pathPersistency_1.0000,pathPersistency,1.0
trace,aodv,2.661239,2.660454,7540,9504,60,1932,3907,0.969444,0.050523,30.417216,360,349,0,0,0,201,graph_0007__pathPersistency_1.0000,pathPersistency,1.0
trace,dsdv,0.333503,0.333399,1807,2555,60,1447,2195,0.000000,0.000000,0.000000,0,0,0,0,0,969,graph_0007__pathPersistency_1.0000,pathPersistency,1.0
trace,olsr,2.380219,2.379858,6223,8588,60,1775,4140,1.000000,0.050426,36.232269,278,278,0,0,0,59,graph_0007__pathPersistency_1.0000,pathPersistency,1.0
trace,aodv,2.736299,2.735930,7544,9518,60,1935,3920,0.969444,0.050486,30.416866,360,349,0,0,0,211,graph_0007__pathPersistency_1.0000,pathPersistency,1.0
trace,dsdv,0.875106,0.874753,3043,3738,60,1350,2048,0.966667,0.052273,51.888034,90,87,0,0,0,936,graph_0007__pathPersistency_1.0000,pathPersistency,1.0
trace,olsr,2.428138,2.427517,6236,8557,60,1756,4077,1.000000,0.050468,36.068765,280,280,0,0,0,67,graph_0007__pathPersistency_1.0000,pathPersistency,1.0
trace,aodv,2.760431,2.758951,7543,9501,60,1931,3900,0.969444,0.050487,30.416866,360,349,0,0,0,215,graph_0007__pathPersistency_1.0000,pathPersistency,1.0
trace,dsdv,0.311432,0.311411,1633,2281,60,1273,1921,0.000000,0.000000,0.000000,0,0,0,0,0,889,graph_0007__pathPersistency_1.0000,pathPersistency,1.0
trace,olsr,2.358505,2.358099,6213,8575,60,1765,4127,1.000000,0.050454,36.232495,278,278,0,0,0,56,graph_0007__pathPersistency_1.0000,pathPersistency,1.0
trace,aodv,2.703770,2.703217,7544,9492,60,1935,3894,0.969444,0.050499,30.416994,360,349,0,0,0,233,graph_0007__pathPersistency_1.0000,pathPersistency,1.0
trace,dsdv,0.667804,0.667756,2549,3241,60,1378,2073,0.945455,0.053983,54.762551,55,52,0,0,0,992,graph_0007__pathPersistency_1.0000,pathPersistency,1.0
trace,olsr,2.367803,2.367498,6267,8647,60,1787,4167,1.000000,0.050459,36.068714,280,280,0,0,0,65,graph_0007__pathPersistency_1.0000,pathPersistency,1.0
trace,aodv,2.737069,2.736451,7538,9500,60,1935,3914,0.952778,0.050347,30.907311,360,343,0,0,0,241,graph_0007__pathPersistency_1.0000,pathPersistency,1.0
trace,dsdv,0.307859,0.307634,1678,2326,60,1318,1966,0.000000,0.000000,0.000000,0,0,0,0,0,932,graph_0007__pathPersistency_1.0000,pathPersistency,1.0
trace,olsr,2.179995,2.179735,5708,7986,60,1724,4002,1.000000,0.050520,38.608432,249,249,0,0,0,75,graph_0007__pathPersistency_1.0000,pathPersistency,1.0
trace,aodv,2.707274,2.706553,7543,9481,60,1934,3883,0.969444,0.050493,30.416930,360,349,0,0,0,235,graph_0007__pathPersistency_1.0000,pathPersistency,1.0
trace,dsdv,1.446122,1.445937,4400,5105,60,1344,2053,0.978022,0.050951,44.427215,182,178,0,0,0,891,graph_0007__pathPersistency_1.0000,pathPersistency,1.0
trace,olsr,2.365453,2.363853,6241,8569,60,1758,4091,0.982394,0.050650,36.152214,284,279,0,0,0,73,graph_0007__pathPersistency_1.0000,pathPersistency,1.0
trace,aodv,2.700489,2.699639,7543,9513,60,1935,3916,0.969444,0.050506,30.417059,360,349,0,0,0,209,graph_0007__pathPersistency_1.0000,pathPersistency,1.0
trace,dsdv,0.333973,0.333837,1731,2468,60,1371,2108,0.000000,0.000000,0.000000,0,0,0,0,0,903,graph_0007__pathPersistency_1.0000,pathPersistency,1.0
trace,olsr,2.340443,2.339801,6244,8623,60,1780,4159,1.000000,0.050451,36.150567,279,279,0,0,0,86,graph_0007__pathPersistency_1.0000,pathPersistency,1.0
trace,aodv,2.667439,2.666948,7543,9515,60,1935,3918,0.969444,0.050520,30.417198,360,349,0,0,0,207,graph_0007__pathPersistency_1.0000,pathPersistency,1.0
trace,dsdv,1.216644,1.216297,3931,4702,60,1439,2214,0.972222,0.051218,47.541343,144,140,0,0,0,967,graph_0007__pathPersistency_1.0000,pathPersistency,1.0
trace,olsr,2.204784,2.204309,5824,8164,60,1760,4100,1.000000,0.050491,38.198624,254,254,0,0,0,71,graph_0007__pathPersistency_1.0000,pathPersistency,1.0
trace,aodv,2.717501,2.716980,7544,9550,60,1935,3952,0.969444,0.050518,30.417177,360,349,0,0,0,170,graph_0007__pathPersistency_1.0000,pathPersistency,1.0
trace,dsdv,0.874097,0.874036,3081,3836,60,1400,2159,0.955556,0.051912,51.966556,90,86,0,0,0,967,graph_0007__pathPersistency_1.0000,pathPersistency,1.0
trace,olsr,2.345611,2.345255,6123,8408,60,1739,4024,1.000000,0.050451,36.560091,274,274,0,0,0,66,graph_0007__pathPersistency_1.0000,pathPersistency,1.0
trace,aodv,2.684589,2.683805,7545,9540,60,1934,3940,0.969444,0.050488,30.416862,360,349,0,0,0,177,graph_0007__pathPersistency_1.0000,pathPersistency,1.0
trace,dsdv,2.537125,2.536658,7130,7904,60,1370,2144,1.000000,0.050343,29.514741,360,360,0,0,0,920,graph_0007__pathPersistency_1.0000,pathPersistency,1.0
trace,olsr,0.293497,0.293455,1197,1969,60,1197,1969,0.000000,0.000000,0.000000,0,0,0,0,0,6,graph_0002__pathPersistency_0.3000,pathPersistency,0.3
trace,aodv,1.012427,1.012180,3597,4642,60,2653,3766,0.216981,0.006549,23.621535,106,23,15,251,0,270,graph_0002__pathPersistency_0.3000,pathPersistency,0.3
trace,dsdv,0.305470,0.305294,1697,2344,60,1337,1984,0.000000,0.000000,0.000000,0,0,0,0,0,747,graph_0002__pathPersistency_0.3000,pathPersistency,0.3
trace,olsr,0.304166,0.304109,1204,1997,60,1204,1997,0.000000,0.000000,0.000000,0,0,0,0,0,6,graph_0002__pathPersistency_0.3000,pathPersistency,0.3
trace,aodv,0.842034,0.841974,3225,4192,60,2389,3387,0.415094,0.006770,20.367398,53,22,1,250,0,323,graph_0002__pathPersistency_0.3000,pathPersistency,0.3
trace,dsdv,0.349664,0.349470,1882,2647,60,1522,2287,0.000000,0.000000,0.000000,0,0,0,0,0,867,graph_0002__pathPersistency_0.3000,pathPersistency,0.3
trace,olsr,0.303347,0.303317,1193,1976,60,1193,1976,0.000000,0.000000,0.000000,0,0,0,0,0,4,graph_0002__pathPersistency_0.3000,pathPersistency,0.3
trace,aodv,1.220963,1.220705,4079,5043,60,2812,3910,0.132184,0.011429,21.759132,174,23,17,186,0,379,graph_0002__pathPersistency_0.3000,pathPersistency,0.3
trace,dsdv,0.288874,0.288828,1675,2292,60,1315,1932,0.000000,0.000000,0.000000,0,0,0,0,0,788,graph_0002__pathPersistency_0.3000,pathPersistency,0.3
trace,olsr,0.308217,0.308190,1205,1997,60,1205,1997,0.000000,0.000000,0.000000,0,0,0,0,0,10,graph_0002__pathPersistency_0.3000,pathPersistency,0.3
trace,aodv,0.850034,0.849992,3185,4164,60,2435,3488,0.178947,0.008466,24.166728,95,17,4,250,0,187,graph_0002__pathPersistency_0.3000,pathPersistency,0.3
trace,dsdv,0.333194,0.333015,1789,2509,60,1429,2149,0.000000,0.000000,0.000000,0,0,0,0,0,793,graph_0002__pathPersistency_0.3000,pathPersistency,0.3
trace,olsr,0.294916,0.294884,1207,1991,60,1207,1991,0.000000,0.000000,0.000000,0,0,0,0,0,14,graph_0002__pathPersistency_0.3000,pathPersistency,0.3
trace,aodv,0.924190,0.924064,3349,4362,60,2547,3633,0.183673,0.003033,30.351875,98,18,8,253,0,210,graph_0002__pathPersistency_0.3000,pathPersistency,0.3
trace,dsdv,0.757107,0.756934,2377,2817,60,1379,2055,0.020243,0.155090,19.738287,247,5,0,0,0,855,graph_0002__pathPersistency_0.3000,pathPersistency,0.3
trace,olsr,0.299857,0.299654,1199,1989,60,1199,1989,0.000000,0.000000,0.000000,0,0,0,0,0,6,graph_0002__pathPersistency_0.3000,pathPersistency,0.3
trace,aodv,0.673737,0.673392,2806,3756,60,2137,3143,0.125000,0.012999,51.277557,72,9,7,252,0,128,graph_0002__pathPersistency_0.3000,pathPersistency,0.3
trace,dsdv,0.339978,0.339743,1855,2585,60,1495,2225,0.000000,0.000000,0.000000,0,0,0,0,0,891,graph_0002__pathPersistency_0.3000,pathPersistency,0.3
trace,olsr,0.310551,0.310350,1204,2013,60,1204,2013,0.000000,0.000000,0.000000,0,0,0,0,0,3,graph_0002__pathPersistency_0.3000,pathPersistency,0.3
trace,aodv,0.870425,0.870260,3207,4231,60,2433,3502,0.287671,0.003400,34.115226,73,21,8,251,0,138,graph_0002__pathPersistency_0.3000,pathPersistency,0.3
trace,dsdv,0.880890,0.880429,2490,3061,60,1504,2335,0.047619,0.002557,31.351770,273,13,0,0,0,894,graph_0002__pathPersistency_0.3000,pathPersistency,0.3
trace,olsr,0.307249,0.307233,1205,2005,60,1205,2005,0.000000,0.000000,0.000000,0,0,0,0,0,5,graph_0002__pathPersistency_0.3000,pathPersistency,0.3
trace,aodv,0.855698,0.855470,3249,4227,60,2479,3560,0.052632,0.001599,36.638873,114,6,5,187,0,204,graph_0002__pathPersistency_0.3000,pathPersistency,0.3
trace,dsdv,0.348366,0.348105,1870,2662,60,1510,2302,0.000000,0.000000,0.000000,0,0,0,0,0,925,graph_0002__pathPersistency_0.3000,pathPersistency,0.3
trace,olsr,0.290130,0.290114,1195,1979,60,1195,1979,0.000000,0.000000,0.000000,0,0,0,0,0,5,graph_0002__pathPersistency_0.3000,pathPersistency,0.3
trace,aodv,1.004941,1.004225,3582,4605,60,2592,3676,0.284211,0.007475,22.241550,95,27,7,251,0,350,graph_0002__pathPersistency_0.3000,pathPersistency,0.3
trace,dsdv,0.957644,0.956930,3021,3721,60,1695,2574,0.015625,24.117005,30.595420,192,3,0,0,0,856,graph_0002__pathPersistency_0.3000,pathPersistency,0.3
trace,olsr,0.316378,0.316082,1200,1986,60,1200,1986,0.000000,0.000000,0.000000,0,0,0,0,0,4,graph_0002__pathPersistency_0.3000,pathPersistency,0.3
trace,aodv,0.723796,0.722160,2876,3886,60,2206,3257,0.226415,0.007272,21.110444,53,12,0,251,0,146,graph_0002__pathPersistency_0.3000,pathPersistency,0.3
trace,dsdv,0.323992,0.323902,1745,2469,60,1385,2109,0.000000,0.000000,0.000000,0,0,0,0,0,755,graph_0002__pathPersistency_0.3000,pathPersistency,0.3
trace,olsr,0.304427,0.304195,1226,1973,60,1226,1973,0.000000,0.000000,0.000000,0,0,0,0,0,4,graph_0006__pathPersistency_0.3000,pathPersistency,0.3
trace,aodv,0.575091,0.574904,2640,3563,60,2110,3130,0.000000,0.000000,0.000000,98,0,1,251,0,82,graph_0006__pathPersistency_0.3000,pathPersistency,0.3
trace,dsdv,0.511572,0.510919,2042,2718,60,1440,2198,0.088889,0.097487,45.523041,90,8,0,0,0,788,graph_0006__pathPersistency_0.3000,pathPersistency,0.3
trace,olsr,0.302946,0.302913,1238,2016,60,1238,2016,0.000000,0.000000,0.000000,0,0,0,0,0,2,graph_0006__pathPersistency_0.3000,pathPersistency,0.3
trace,aodv,0.504940,0.504878,2469,3483,60,1992,3035,0.147059,0.191683,56.797380,34,5,0,315,0,55,graph_0006__pathPersistency_0.3000,pathPersistency,0.3
trace,dsdv,0.506420,0.506381,2097,2845,60,1398,2193,0.265625,0.062182,50.606007,64,17,0,0,0,733,graph_0006__pathPersistency_0.3000,pathPersistency,0.3
trace,olsr,0.297904,0.297800,1227,1976,60,1227,1976,0.000000,0.000000,0.000000,0,0,0,0,0,5,graph_0006__pathPersistency_0.3000,pathPersistency,0.3
trace,aodv,0.510783,0.510152,2469,3462,60,1992,3014,0.147059,0.177657,56.787061,34,5,0,315,0,79,graph_0006__pathPersistency_0.3000,pathPersistency,0.3
trace,dsdv,0.350237,0.348271,1834,2676,60,1474,2316,0.000000,0.000000,0.000000,0,0,0,0,0,764,graph_0006__pathPersistency_0.3000,pathPersistency,0.3
trace,olsr,0.310201,0.310067,1221,1965,60,1221,1965,0.000000,0.000000,0.000000,0,0,0,0,0,5,graph_0006__pathPersistency_0.3000,pathPersistency,0.3
trace,aodv,0.750785,0.750621,3106,4057,60,2367,3475,0.000000,0.000000,0.000000,160,0,3,189,0,121,graph_0006__pathPersistency_0.3000,pathPersistency,0.3
trace,dsdv,0.539655,0.539240,2153,2965,60,1454,2312,0.269841,0.063620,50.614726,63,17,0,0,0,791,graph_0006__pathPersistency_0.3000,pathPersistency,0.3
trace,olsr,0.306268,0.304745,1234,1994,60,1234,1994,0.000000,0.000000,0.000000,0,0,0,0,0,7,graph_0006__pathPersistency_0.3000,pathPersistency,0.3
trace,aodv,0.662364,0.658446,2754,3707,60,2139,3172,0.069767,0.107804,54.681615,86,6,0,251,0,112,graph_0006__pathPersistency_0.3000,pathPersistency,0.3
trace,dsdv,0.346647,0.345568,1826,2603,60,1466,2243,0.000000,0.000000,0.000000,0,0,0,0,0,812,graph_0006__pathPersistency_0.3000,pathPersistency,0.3
trace,olsr,0.306233,0.304934,1234,1988,60,1234,1988,0.000000,0.000000,0.000000,0,0,0,0,0,3,graph_0006__pathPersistency_0.3000,pathPersistency,0.3
trace,aodv,0.546466,0.544812,2566,3528,60,2105,3129,0.000000,0.000000,0.000000,62,0,1,252,0,68,graph_0006__pathPersistency_0.3000,pathPersistency,0.3
trace,dsdv,0.716904,0.715480,2419,3169,60,1611,2518,0.038462,0.093997,30.504753,182,7,0,0,0,895,graph_0006__pathPersistency_0.3000,pathPersistency,0.3
trace,olsr,0.303807,0.303795,1233,1991,60,1233,1991,0.000000,0.000000,0.000000,0,0,0,0,0,8,graph_0006__pathPersistency_0.3000,pathPersistency,0.3
trace,aodv,0.616392,0.616370,2761,3708,60,2216,3256,0.000000,0.000000,0.000000,94,0,1,252,0,91,graph_0006__pathPersistency_0.3000,pathPersistency,0.3
trace,dsdv,0.356836,0.356681,1888,2763,60,1528,2403,0.000000,0.000000,0.000000,0,0,0,0,0,815,graph_0006__pathPersistency_0.3000,pathPersistency,0.3
trace,olsr,0.306022,0.305813,1227,1975,60,1227,1975,0.000000,0.000000,0.000000,0,0,0,0,0,5,graph_0006__pathPersistency_0.3000,pathPersistency,0.3
trace,aodv,0.597104,0.596895,2583,3561,60,2106,3113,0.147059,0.178660,56.787968,34,5,0,315,0,104,graph_0006__pathPersistency_0.3000,pathPersistency,0.3
trace,dsdv,0.782945,0.781603,2538,3305,60,1556,2491,0.038462,0.098075,30.515637,182,7,0,0,0,787,graph_0006__pathPersistency_0.3000,pathPersistency,0.3
trace,olsr,0.292965,0.292954,1227,1964,60,1227,1964,0.000000,0.000000,0.000000,0,0,0,0,0,6,graph_0006__pathPersistency_0.3000,pathPersistency,0.3
trace,aodv,0.771856,0.770283,3104,4080,60,2337,3419,0.000000,0.000000,0.000000,122,0,16,189,0,281,graph_0006__pathPersistency_0.3000,pathPersistency,0.3
trace,dsdv,0.337099,0.336444,1810,2602,60,1450,2242,0.000000,0.000000,0.000000,0,0,0,0,0,816,graph_0006__pathPersistency_0.3000,pathPersistency,0.3
trace,olsr,0.316933,0.316464,1250,2031,60,1250,2031,0.000000,0.000000,0.000000,0,0,0,0,0,9,graph_0006__pathPersistency_0.3000,pathPersistency,0.3
trace,aodv,0.504376,0.503533,2469,3480,60,1992,3032,0.147059,0.206650,56.806579,34,5,0,315,0,60,graph_0006__pathPersistency_0.3000,pathPersistency,0.3
trace,dsdv,0.354562,0.354511,1874,2753,60,1514,2393,0.000000,0.000000,0.000000,0,0,0,0,0,739,graph_0006__pathPersistency_0.3000,pathPersistency,0.3
trace,olsr,0.299722,0.299305,1193,1847,60,1193,1847,0.000000,0.000000,0.000000,0,0,0,0,0,8,graph_0005__pathPersistency_0.3000,pathPersistency,0.3
trace,aodv,1.116309,1.115376,3880,4946,60,2390,3565,0.283951,0.009510,36.627229,162,46,7,189,0,400,graph_0005__pathPersistency_0.3000,pathPersistency,0.3
trace,dsdv,1.074629,1.074104,3384,3829,60,1436,2032,0.071429,0.067683,30.959978,182,13,0,0,0,627,graph_0005__pathPersistency_0.3000,pathPersistency,0.3
trace,olsr,0.283484,0.283263,1183,1832,60,1183,1832,0.000000,0.000000,0.000000,0,0,0,0,0,2,graph_0005__pathPersistency_0.3000,pathPersistency,0.3
trace,aodv,1.061753,1.060836,3746,4778,60,2446,3607,0.191358,0.006659,28.896837,162,31,2,190,0,373,graph_0005__pathPersistency_0.3000,pathPersistency,0.3
trace,dsdv,0.247679,0.247661,1434,1918,60,1074,1558,0.000000,0.000000,0.000000,0,0,0,0,0,461,graph_0005__pathPersistency_0.3000,pathPersistency,0.3
trace,olsr,0.288188,0.286959,1190,1837,60,1190,1837,0.000000,0.000000,0.000000,0,0,0,0,0,5,graph_0005__pathPersistency_0.3000,pathPersistency,0.3
trace,aodv,1.149343,1.144827,3892,4942,60,2421,3580,0.296296,0.009922,37.025585,162,48,5,188,0,311,graph_0005__pathPersistency_0.3000,pathPersistency,0.3
trace,dsdv,0.241078,0.240002,1404,1768,60,1044,1408,0.000000,0.000000,0.000000,0,0,0,0,0,444,graph_0005__pathPersistency_0.3000,pathPersistency,0.3
trace,olsr,0.287993,0.287806,1193,1849,60,1193,1849,0.000000,0.000000,0.000000,0,0,0,0,0,6,graph_0005__pathPersistency_0.3000,pathPersistency,0.3
trace,aodv,0.878229,0.877945,3380,4473,60,2394,3576,0.120370,0.065633,47.005058,108,13,6,253,0,247,graph_0005__pathPersistency_0.3000,pathPersistency,0.3
trace,dsdv,0.305784,0.305751,1695,2314,60,1335,1954,0.000000,0.000000,0.000000,0,0,0,0,0,534,graph_0005__pathPersistency_0.3000,pathPersistency,0.3
trace,olsr,0.281744,0.281722,1198,1864,60,1198,1864,0.000000,0.000000,0.000000,0,0,0,0,0,8,graph_0005__pathPersistency_0.3000,pathPersistency,0.3
trace,aodv,0.709907,0.709679,2910,3995,60,2315,3497,0.000000,0.000000,0.000000,98,0,1,253,0,104,graph_0005__pathPersistency_0.3000,pathPersistency,0.3
trace,dsdv,0.722308,0.721408,2199,2646,60,1361,2037,0.025532,0.149381,21.649364,235,6,0,0,0,567,graph_0005__pathPersistency_0.3000,pathPersistency,0.3
trace,olsr,0.286505,0.286159,1184,1831,60,1184,1831,0.000000,0.000000,0.000000,0,0,0,0,0,9,graph_0005__pathPersistency_0.3000,pathPersistency,0.3
trace,aodv,0.667034,0.666372,2796,3913,60,2342,3470,0.266667,2.650229,53.849292,15,4,0,315,0,150,graph_0005__pathPersistency_0.3000,pathPersistency,0.3
trace,dsdv,0.645147,0.644968,2185,2615,60,1323,1922,0.071429,0.069233,30.968076,182,13,0,0,0,583,graph_0005__pathPersistency_0.3000,pathPersistency,0.3
trace,olsr,0.289072,0.289047,1193,1856,60,1193,1856,0.000000,0.000000,0.000000,0,0,0,0,0,6,graph_0005__pathPersistency_0.3000,pathPersistency,0.3
trace,aodv,0.743215,0.742957,2975,4077,60,2279,3422,0.232143,0.066626,47.010538,56,13,2,252,0,143,graph_0005__pathPersistency_0.3000,pathPersistency,0.3
trace,dsdv,0.315508,0.314852,1724,2379,60,1364,2019,0.000000,0.000000,0.000000,0,0,0,0,0,554,graph_0005__pathPersistency_0.3000,pathPersistency,0.3
trace,olsr,0.288461,0.288440,1182,1834,60,1182,1834,0.000000,0.000000,0.000000,0,0,0,0,0,4,graph_0005__pathPersistency_0.3000,pathPersistency,0.3
trace,aodv,0.813881,0.813471,3169,4290,60,2373,3594,0.000000,0.000000,0.000000,108,0,8,255,0,189,graph_0005__pathPersistency_0.3000,pathPersistency,0.3
trace,dsdv,0.424478,0.424278,1678,1941,60,974,1327,0.000000,0.000000,0.000000,90,0,0,0,0,484,graph_0005__pathPersistency_0.3000,pathPersistency,0.3
trace,olsr,0.289843,0.289816,1191,1860,60,1191,1860,0.000000,0.000000,0.000000,0,0,0,0,0,1,graph_0005__pathPersistency_0.3000,pathPersistency,0.3
trace,aodv,0.779400,0.779240,3096,4165,60,2317,3477,0.000000,0.000000,0.000000,98,0,7,253,0,143,graph_0005__pathPersistency_0.3000,pathPersistency,0.3
trace,dsdv,0.275409,0.275342,1551,2102,60,1191,1742,0.000000,0.000000,0.000000,0,0,0,0,0,475,graph_0005__pathPersistency_0.3000,pathPersistency,0.3
trace,olsr,0.293466,0.293446,1190,1843,60,1190,1843,0.000000,0.000000,0.000000,0,0,0,0,0,7,graph_0005__pathPersistency_0.3000,pathPersistency,0.3
trace,aodv,0.728844,0.728674,2954,4075,60,2385,3547,0.088889,1.608143,53.829807,45,4,0,315,0,170,graph_0005__pathPersistency_0.3000,pathPersistency,0.3
trace,dsdv,0.221805,0.221728,1327,1705,60,967,1345,0.000000,0.000000,0.000000,0,0,0,0,0,444,graph_0005__pathPersistency_0.3000,pathPersistency,0.3
trace,olsr,0.309723,0.309706,1216,1986,60,1216,1986,0.000000,0.000000,0.000000,0,0,0,0,0,4,graph_0004__pathPersistency_0.2000,pathPersistency,0.2
trace,aodv,1.257058,1.253949,3920,4859,60,2585,3631,0.120968,0.007399,11.037121,124,15,2,188,0,394,graph_0004__pathPersistency_0.2000,pathPersistency,0.2
trace,dsdv,0.643415,0.643381,2024,2472,60,1226,1852,0.053922,0.072535,27.201589,204,11,0,0,0,601,graph_0004__pathPersistency_0.2000,pathPersistency,0.2
trace,olsr,0.307499,0.307382,1212,1985,60,1212,1985,0.000000,0.000000,0.000000,0,0,0,0,0,2,graph_0004__pathPersistency_0.2000,pathPersistency,0.2
trace,aodv,0.827649,0.827467,3028,4055,60,2477,3533,0.142857,0.103307,2.512460,49,7,13,252,0,154,graph_0004__pathPersistency_0.2000,pathPersistency,0.2
trace,dsdv,0.723767,0.723699,2310,2843,60,1375,2097,0.020305,0.234203,27.852872,197,4,0,0,0,588,graph_0004__pathPersistency_0.2000,pathPersistency,0.2
trace,olsr,0.319971,0.319916,1214,1982,60,1214,1982,0.000000,0.000000,0.000000,0,0,0,0,0,9,graph_0004__pathPersistency_0.2000,pathPersistency,0.2
trace,aodv,1.129812,1.129711,3439,4450,60,2605,3688,0.141176,0.005917,9.307459,85,12,3,250,0,268,graph_0004__pathPersistency_0.2000,pathPersistency,0.2
trace,dsdv,0.672061,0.671988,1943,2368,60,1240,1857,0.025381,0.170661,27.780917,197,5,0,0,0,534,graph_0004__pathPersistency_0.2000,pathPersistency,0.2
trace,olsr,0.344486,0.344447,1223,2002,60,1223,2002,0.000000,0.000000,0.000000,0,0,0,0,0,7,graph_0004__pathPersistency_0.2000,pathPersistency,0.2
trace,aodv,1.303904,1.303504,4080,5122,60,2887,4035,0.000000,0.000000,0.000000,151,0,46,187,0,335,graph_0004__pathPersistency_0.2000,pathPersistency,0.2
trace,dsdv,0.288545,0.288205,1587,2165,60,1227,1805,0.000000,0.000000,0.000000,0,0,0,0,0,480,graph_0004__pathPersistency_0.2000,pathPersistency,0.2
trace,olsr,0.308212,0.308203,1223,2005,60,1223,2005,0.000000,0.000000,0.000000,0,0,0,0,0,9,graph_0004__pathPersistency_0.2000,pathPersistency,0.2
trace,aodv,0.930772,0.930411,3286,4355,60,2626,3741,0.111111,0.018121,2.965740,72,8,18,252,0,140,graph_0004__pathPersistency_0.2000,pathPersistency,0.2
trace,dsdv,0.258154,0.257929,1430,1911,60,1070,1551,0.000000,0.000000,0.000000,0,0,0,0,0,426,graph_0004__pathPersistency_0.2000,pathPersistency,0.2
trace,olsr,0.309878,0.309820,1220,1999,60,1220,1999,0.000000,0.000000,0.000000,0,0,0,0,0,4,graph_0004__pathPersistency_0.2000,pathPersistency,0.2
trace,aodv,1.384772,1.384033,4269,5245,60,2600,3630,0.500000,0.012178,27.484653,136,68,15,188,0,590,graph_0004__pathPersistency_0.2000,pathPersistency,0.2
trace,dsdv,0.308430,0.307942,1595,2247,60,1235,1887,0.000000,0.000000,0.000000,0,0,0,0,0,515,graph_0004__pathPersistency_0.2000,pathPersistency,0.2
trace,olsr,0.320818,0.320796,1208,1972,60,1208,1972,0.000000,0.000000,0.000000,0,0,0,0,0,5,graph_0004__pathPersistency_0.2000,pathPersistency,0.2
trace,aodv,1.260551,1.260276,3656,4728,60,2649,3760,0.410959,0.004865,32.801600,73,30,6,251,0,322,graph_0004__pathPersistency_0.2000,pathPersistency,0.2
trace,dsdv,0.983047,0.982505,2356,2861,60,1314,2007,0.054187,0.074585,27.210914,203,11,0,0,0,527,graph_0004__pathPersistency_0.2000,pathPersistency,0.2
trace,olsr,0.303655,0.302947,1211,1978,60,1211,1978,0.000000,0.000000,0.000000,0,0,0,0,0,3,graph_0004__pathPersistency_0.2000,pathPersistency,0.2
trace,aodv,1.289057,1.287819,3855,4814,60,2690,3760,0.096296,0.012411,6.270601,135,13,11,188,0,309,graph_0004__pathPersistency_0.2000,pathPersistency,0.2
trace,dsdv,0.338193,0.338168,1629,2242,60,1269,1882,0.000000,0.000000,0.000000,0,0,0,0,0,493,graph_0004__pathPersistency_0.2000,pathPersistency,0.2
trace,olsr,0.315341,0.315320,1214,1973,60,1214,1973,0.000000,0.000000,0.000000,0,0,0,0,0,12,graph_0004__pathPersistency_0.2000,pathPersistency,0.2
trace,aodv,1.016021,1.015653,3280,4394,60,2631,3793,0.000000,0.000000,0.000000,50,0,2,252,0,155,graph_0004__pathPersistency_0.2000,pathPersistency,0.2
trace,dsdv,0.663338,0.663119,2131,2591,60,1318,1970,0.054187,0.074497,27.210558,203,11,0,0,0,583,graph_0004__pathPersistency_0.2000,pathPersistency,0.2
trace,olsr,0.336231,0.336164,1206,1981,60,1206,1981,0.000000,0.000000,0.000000,0,0,0,0,0,4,graph_0004__pathPersistency_0.2000,pathPersistency,0.2
trace,aodv,0.881354,0.880128,3100,4152,60,2483,3575,0.160000,0.011582,3.198661,50,8,2,252,0,110,graph_0004__pathPersistency_0.2000,pathPersistency,0.2
trace,dsdv,0.335644,0.335324,1632,2295,60,1272,1935,0.000000,0.000000,0.000000,0,0,0,0,0,554,graph_0004__pathPersistency_0.2000,pathPersistency,0.2
trace,olsr,0.325930,0.325365,1193,2017,60,1193,2017,0.000000,0.000000,0.000000,0,0,0,0,0,1,graph_0004__pathPersistency_0.3000,pathPersistency,0.3
trace,aodv,1.150785,1.149215,3930,5058,60,2824,4139,0.020101,2.623595,7.960328,199,4,9,125,0,314,graph_0004__pathPersistency_0.3000,pathPersistency,0.3
trace,dsdv,0.362033,0.361954,1746,2404,60,1386,2044,0.000000,0.000000,0.000000,0,0,0,0,0,750,graph_0004__pathPersistency_0.3000,pathPersistency,0.3
trace,olsr,0.302976,0.302941,1198,2022,60,1198,2022,0.000000,0.000000,0.000000,0,0,0,0,0,6,graph_0004__pathPersistency_0.3000,pathPersistency,0.3
trace,aodv,1.466272,1.466042,4550,5768,60,2885,4184,0.321212,0.012487,23.871780,165,53,31,187,0,581,graph_0004__pathPersistency_0.3000,pathPersistency,0.3
trace,dsdv,0.315480,0.315444,1737,2363,60,1377,2003,0.000000,0.000000,0.000000,0,0,0,0,0,927,graph_0004__pathPersistency_0.3000,pathPersistency,0.3
trace,olsr,0.297754,0.297552,1194,2009,60,1194,2009,0.000000,0.000000,0.000000,0,0,0,0,0,5,graph_0004__pathPersistency_0.3000,pathPersistency,0.3
trace,aodv,1.778507,1.778177,5303,6514,60,3026,4336,0.349057,0.016127,25.793729,212,74,39,124,0,907,graph_0004__pathPersistency_0.3000,pathPersistency,0.3
trace,dsdv,0.492764,0.492726,2022,2668,60,1460,2176,0.090909,0.112687,47.587501,77,7,0,0,0,968,graph_0004__pathPersistency_0.3000,pathPersistency,0.3
trace,olsr,0.336829,0.336827,1194,2030,60,1194,2030,0.000000,0.000000,0.000000,0,0,0,0,0,4,graph_0004__pathPersistency_0.3000,pathPersistency,0.3
trace,aodv,1.195332,1.195259,3736,4850,60,2430,3618,0.312925,0.020109,14.622685,147,46,27,188,0,349,graph_0004__pathPersistency_0.3000,pathPersistency,0.3
trace,dsdv,0.377071,0.377061,1820,2535,60,1460,2175,0.000000,0.000000,0.000000,0,0,0,0,0,936,graph_0004__pathPersistency_0.3000,pathPersistency,0.3
trace,olsr,0.325357,0.325300,1196,2020,60,1196,2020,0.000000,0.000000,0.000000,0,0,0,0,0,11,graph_0004__pathPersistency_0.3000,pathPersistency,0.3
trace,aodv,2.283680,2.282948,6138,7328,60,2981,4355,0.190840,0.011133,29.443261,262,50,28,62,0,899,graph_0004__pathPersistency_0.3000,pathPersistency,0.3
trace,dsdv,0.868069,0.868005,2292,2637,60,1336,1946,0.029304,0.094865,15.533327,273,8,0,0,0,867,graph_0004__pathPersistency_0.3000,pathPersistency,0.3
trace,olsr,0.327410,0.327301,1185,2007,60,1185,2007,0.000000,0.000000,0.000000,0,0,0,0,0,5,graph_0004__pathPersistency_0.3000,pathPersistency,0.3
trace,aodv,1.482530,1.481943,4357,5547,60,2710,3987,0.318750,0.019412,16.186770,160,51,23,188,0,533,graph_0004__pathPersistency_0.3000,pathPersistency,0.3
trace,dsdv,1.099455,1.099375,2827,3267,60,1457,2155,0.029304,0.092476,15.526820,273,8,0,0,0,931,graph_0004__pathPersistency_0.3000,pathPersistency,0.3
trace,olsr,0.319774,0.319757,1184,1998,60,1184,1998,0.000000,0.000000,0.000000,0,0,0,0,0,6,graph_0004__pathPersistency_0.3000,pathPersistency,0.3
trace,aodv,1.003538,1.003424,3184,4331,60,2519,3719,0.202899,0.003053,21.015485,69,14,3,251,0,184,graph_0004__pathPersistency_0.3000,pathPersistency,0.3
trace,dsdv,0.578653,0.577996,1993,2233,60,1292,1805,0.000000,0.000000,0.000000,273,0,0,0,0,809,graph_0004__pathPersistency_0.3000,pathPersistency,0.3
trace,olsr,0.315875,0.315849,1188,2007,60,1188,2007,0.000000,0.000000,0.000000,0,0,0,0,0,2,graph_0004__pathPersistency_0.3000,pathPersistency,0.3
trace,aodv,1.189987,1.189594,3796,4920,60,2632,3865,0.051471,0.110681,7.606971,136,7,21,188,0,330,graph_0004__pathPersistency_0.3000,pathPersistency,0.3
trace,dsdv,1.117771,1.117314,2998,3496,60,1570,2325,0.029304,0.094353,15.531962,273,8,0,0,0,1026,graph_0004__pathPersistency_0.3000,pathPersistency,0.3
trace,olsr,0.317775,0.317054,1188,1997,60,1188,1997,0.000000,0.000000,0.000000,0,0,0,0,0,7,graph_0004__pathPersistency_0.3000,pathPersistency,0.3
trace,aodv,1.602278,1.598474,4909,6007,60,2675,3896,0.308411,0.013836,33.169015,214,66,26,124,0,731,graph_0004__pathPersistency_0.3000,pathPersistency,0.3
trace,dsdv,0.332489,0.331180,1783,2457,60,1423,2097,0.000000,0.000000,0.000000,0,0,0,0,0,851,graph_0004__pathPersistency_0.3000,pathPersistency,0.3
trace,olsr,0.324901,0.324879,1196,2024,60,1196,2024,0.000000,0.000000,0.000000,0,0,0,0,0,2,graph_0004__pathPersistency_0.3000,pathPersistency,0.3
trace,aodv,1.782394,1.782160,4938,6270,60,3000,4389,0.509934,0.014791,29.676498,151,77,18,188,0,540,graph_0004__pathPersistency_0.3000,pathPersistency,0.3
trace,dsdv,0.352275,0.352070,1696,2294,60,1336,1934,0.000000,0.000000,0.000000,0,0,0,0,0,798,graph_0004__pathPersistency_0.3000,pathPersistency,0.3
trace,olsr,0.336808,0.336768,1280,2250,60,1280,2250,0.000000,0.000000,0.000000,0,0,0,0,0,4,graph_0007__pathPersistency_0.4000,pathPersistency,0.4
trace,aodv,0.835263,0.834584,3095,4297,60,2307,3578,0.179775,0.014095,18.471865,89,16,4,251,0,163,graph_0007__pathPersistency_0.4000,pathPersistency,0.4
trace,dsdv,0.675427,0.674583,2390,3043,60,1523,2283,0.189394,0.060379,39.965124,132,25,0,0,0,831,graph_0007__pathPersistency_0.4000,pathPersistency,0.4
trace,olsr,0.341083,0.341042,1283,2246,60,1283,2246,0.000000,0.000000,0.000000,0,0,0,0,0,8,graph_0007__pathPersistency_0.4000,pathPersistency,0.4
trace,aodv,1.250131,1.249520,4025,5229,60,2507,3813,0.298851,0.012403,30.668223,174,52,20,126,0,394,graph_0007__pathPersistency_0.4000,pathPersistency,0.4
trace,dsdv,0.641153,0.641045,2293,2899,60,1433,2146,0.189394,0.059192,39.954772,132,25,0,0,0,762,graph_0007__pathPersistency_0.4000,pathPersistency,0.4
trace,olsr,0.330913,0.330211,1258,2194,60,1258,2194,0.000000,0.000000,0.000000,0,0,0,0,0,13,graph_0007__pathPersistency_0.4000,pathPersistency,0.4
trace,aodv,1.270297,1.269426,4085,5228,60,2542,3789,0.340909,0.014317,36.715024,176,60,12,125,0,217,graph_0007__pathPersistency_0.4000,pathPersistency,0.4
trace,dsdv,0.665502,0.665331,2372,3077,60,1537,2350,0.156250,0.059059,40.353799,128,20,0,0,0,807,graph_0007__pathPersistency_0.4000,pathPersistency,0.4
trace,olsr,0.335831,0.335806,1270,2223,60,1270,2223,0.000000,0.000000,0.000000,0,0,0,0,0,7,graph_0007__pathPersistency_0.4000,pathPersistency,0.4
trace,aodv,1.592122,1.591723,4840,6021,60,2660,3982,0.223629,0.013765,37.833379,237,53,43,63,0,570,graph_0007__pathPersistency_0.4000,pathPersistency,0.4
trace,dsdv,0.619221,0.619013,2273,2944,60,1516,2294,0.150794,0.061856,40.451829,126,19,0,0,0,837,graph_0007__pathPersistency_0.4000,pathPersistency,0.4
trace,olsr,0.332264,0.332224,1284,2252,60,1284,2252,0.000000,0.000000,0.000000,0,0,0,0,0,4,graph_0007__pathPersistency_0.4000,pathPersistency,0.4
trace,aodv,1.520484,1.520360,4697,5838,60,2684,3983,0.270042,0.015254,34.324022,237,64,15,63,0,452,graph_0007__pathPersistency_0.4000,pathPersistency,0.4
trace,dsdv,0.615269,0.615171,2253,2931,60,1413,2164,0.189394,0.059543,39.957301,132,25,0,0,0,789,graph_0007__pathPersistency_0.4000,pathPersistency,0.4
trace,olsr,0.325951,0.325934,1268,2219,60,1268,2219,0.000000,0.000000,0.000000,0,0,0,0,0,7,graph_0007__pathPersistency_0.4000,pathPersistency,0.4
trace,aodv,1.629983,1.628859,4936,6165,60,2691,4058,0.375527,0.021224,36.802575,237,89,10,63,0,486,graph_0007__pathPersistency_0.4000,pathPersistency,0.4
trace,dsdv,0.582107,0.581791,2076,2561,60,1269,1861,0.164062,0.061621,40.291285,128,21,0,0,0,736,graph_0007__pathPersistency_0.4000,pathPersistency,0.4
trace,olsr,0.318215,0.317996,1260,2198,60,1260,2198,0.000000,0.000000,0.000000,0,0,0,0,0,6,graph_0007__pathPersistency_0.4000,pathPersistency,0.4
trace,aodv,0.823909,0.823677,3068,4270,60,2322,3606,0.022727,31.236416,15.447986,88,2,4,252,0,224,graph_0007__pathPersistency_0.4000,pathPersistency,0.4
trace,dsdv,0.631329,0.630884,2282,2961,60,1512,2286,0.157480,0.061399,40.369413,127,20,0,0,0,772,graph_0007__pathPersistency_0.4000,pathPersistency,0.4
trace,olsr,0.343780,0.343398,1263,2200,60,1263,2200,0.000000,0.000000,0.000000,0,0,0,0,0,6,graph_0007__pathPersistency_0.4000,pathPersistency,0.4
trace,aodv,1.503945,1.499712,4707,6058,60,2954,4419,0.278689,0.024787,25.650925,183,51,18,125,0,542,graph_0007__pathPersistency_0.4000,pathPersistency,0.4
trace,dsdv,0.706511,0.705287,2452,3170,60,1579,2405,0.181818,0.057331,40.021509,132,24,0,0,0,827,graph_0007__pathPersistency_0.4000,pathPersistency,0.4
trace,olsr,0.337025,0.336968,1257,2189,60,1257,2189,0.000000,0.000000,0.000000,0,0,0,0,0,5,graph_0007__pathPersistency_0.4000,pathPersistency,0.4
trace,aodv,1.272777,1.270426,4083,5309,60,2577,3912,0.321839,0.013685,37.975197,174,56,9,125,0,171,graph_0007__pathPersistency_0.4000,pathPersistency,0.4
trace,dsdv,0.621599,0.620885,2287,2960,60,1513,2260,0.164062,0.060480,40.284159,128,21,0,0,0,769,graph_0007__pathPersistency_0.4000,pathPersistency,0.4
trace,olsr,0.333304,0.333251,1259,2197,60,1259,2197,0.000000,0.000000,0.000000,0,0,0,0,0,4,graph_0007__pathPersistency_0.4000,pathPersistency,0.4
trace,aodv,1.375115,1.374503,4358,5658,60,2716,4129,0.302857,0.013769,32.526083,175,53,9,125,0,451,graph_0007__pathPersistency_0.4000,pathPersistency,0.4
trace,dsdv,0.650975,0.650718,2249,2856,60,1401,2115,0.195489,0.059078,39.873706,133,26,0,0,0,803,graph_0007__pathPersistency_0.4000,pathPersistency,0.4
trace,olsr,0.343886,0.343751,1279,2416,60,1279,2416,0.000000,0.000000,0.000000,0,0,0,0,0,7,graph_0010__pathPersistency_0.7000,pathPersistency,0.7
trace,aodv,1.700969,1.700420,5118,6657,60,2630,4222,0.618557,0.026177,21.208687,194,120,21,125,0,814,graph_0010__pathPersistency_0.7000,pathPersistency,0.7
trace,dsdv,0.574707,0.574536,2246,3049,60,1619,2505,0.077778,0.094800,45.580866,90,7,0,0,0,1011,graph_0010__pathPersistency_0.7000,pathPersistency,0.7
trace,olsr,0.348815,0.348602,1287,2431,60,1287,2431,0.000000,0.000000,0.000000,0,0,0,0,0,10,graph_0010__pathPersistency_0.7000,pathPersistency,0.7
trace,aodv,1.501287,1.500004,4651,6271,60,2853,4527,0.542254,0.033963,14.685369,142,77,12,188,0,581,graph_0010__pathPersistency_0.7000,pathPersistency,0.7
trace,dsdv,0.813482,0.812688,2794,3714,60,1756,2789,0.048000,0.122176,39.634819,125,6,0,0,0,1053,graph_0010__pathPersistency_0.7000,pathPersistency,0.7
trace,olsr,0.349161,0.348917,1284,2431,60,1284,2431,0.000000,0.000000,0.000000,0,0,0,0,0,7,graph_0010__pathPersistency_0.7000,pathPersistency,0.7
trace,aodv,1.143286,1.142500,3802,5356,60,2495,4083,0.556818,0.034829,10.623170,88,49,5,251,0,409,graph_0010__pathPersistency_0.7000,pathPersistency,0.7
trace,dsdv,0.873395,0.872957,2694,3450,60,1596,2520,0.084000,0.007844,26.687632,250,21,0,0,0,1063,graph_0010__pathPersistency_0.7000,pathPersistency,0.7
trace,olsr,0.343874,0.343848,1275,2401,60,1275,2401,0.000000,0.000000,0.000000,0,0,0,0,0,9,graph_0010__pathPersistency_0.7000,pathPersistency,0.7
trace,aodv,1.898565,1.898012,5649,7299,60,3071,4876,0.128440,0.005769,26.160571,218,28,35,125,0,811,graph_0010__pathPersistency_0.7000,pathPersistency,0.7
trace,dsdv,0.687448,0.686861,2548,3513,60,1780,2835,0.038462,0.099030,30.518660,182,7,0,0,0,1073,graph_0010__pathPersistency_0.7000,pathPersistency,0.7
trace,olsr,0.335899,0.335273,1275,2395,60,1275,2395,0.000000,0.000000,0.000000,0,0,0,0,0,8,graph_0010__pathPersistency_0.7000,pathPersistency,0.7
trace,aodv,0.869723,0.868251,3190,4657,60,2443,3985,0.037037,10.656805,28.956292,81,3,3,250,0,263,graph_0010__pathPersistency_0.7000,pathPersistency,0.7
trace,dsdv,0.577128,0.576746,2221,2942,60,1599,2464,0.000000,0.000000,0.000000,182,0,0,0,0,993,graph_0010__pathPersistency_0.7000,pathPersistency,0.7
trace,olsr,0.335781,0.335753,1272,2376,60,1272,2376,0.000000,0.000000,0.000000,0,0,0,0,0,13,graph_0010__pathPersistency_0.7000,pathPersistency,0.7
trace,aodv,1.364735,1.364494,4330,6074,60,2902,4727,0.307692,0.028434,11.609628,130,40,10,188,0,605,graph_0010__pathPersistency_0.7000,pathPersistency,0.7
trace,dsdv,0.550280,0.550214,2140,2900,60,1504,2353,0.032609,24.599813,46.083816,92,3,0,0,0,938,graph_0010__pathPersistency_0.7000,pathPersistency,0.7
trace,olsr,0.355942,0.355814,1282,2431,60,1282,2431,0.000000,0.000000,0.000000,0,0,0,0,0,6,graph_0010__pathPersistency_0.7000,pathPersistency,0.7
trace,aodv,1.896316,1.891777,5541,7239,60,3032,4785,0.608247,0.025743,21.507235,194,118,21,125,0,882,graph_0010__pathPersistency_0.7000,pathPersistency,0.7
trace,dsdv,1.049638,1.048462,2960,3599,60,1543,2412,0.044534,0.072503,20.156320,247,11,0,0,0,1008,graph_0010__pathPersistency_0.7000,pathPersistency,0.7
trace,olsr,0.338722,0.338623,1256,2351,60,1256,2351,0.000000,0.000000,0.000000,0,0,0,0,0,17,graph_0010__pathPersistency_0.7000,pathPersistency,0.7
trace,aodv,0.794182,0.793807,3049,4528,60,2539,4112,0.000000,0.000000,0.000000,94,0,0,251,0,183,graph_0010__pathPersistency_0.7000,pathPersistency,0.7
trace,dsdv,0.657545,0.657351,2225,3044,60,1642,2648,0.015789,23.654788,30.868440,190,3,0,0,0,1032,graph_0010__pathPersistency_0.7000,pathPersistency,0.7
trace,olsr,0.343051,0.342732,1284,2409,60,1284,2409,0.000000,0.000000,0.000000,0,0,0,0,0,15,graph_0010__pathPersistency_0.7000,pathPersistency,0.7
trace,aodv,0.914049,0.913489,3326,4850,60,2575,4179,0.077778,0.109693,2.526531,90,7,3,251,0,273,graph_0010__pathPersistency_0.7000,pathPersistency,0.7
trace,dsdv,0.501532,0.501483,2050,2766,60,1513,2319,0.000000,0.000000,0.000000,90,0,0,0,0,949,graph_0010__pathPersistency_0.7000,pathPersistency,0.7
trace,olsr,0.364905,0.364673,1277,2412,60,1277,2412,0.000000,0.000000,0.000000,0,0,0,0,0,8,graph_0010__pathPersistency_0.7000,pathPersistency,0.7
trace,aodv,1.848466,1.846228,5479,7212,60,3090,4906,0.463918,0.039696,13.760109,194,90,22,125,0,738,graph_0010__pathPersistency_0.7000,pathPersistency,0.7
trace,dsdv,0.880932,0.878546,2801,3629,60,1692,2679,0.097561,0.009719,30.334197,246,24,0,0,0,1105,graph_0010__pathPersistency_0.7000,pathPersistency,0.7
trace,olsr,0.565633,0.565410,1732,3007,60,1378,2702,0.227273,0.028610,50.039455,66,15,2,0,0,18,graph_0007__pathPersistency_0.6000,pathPersistency,0.6
trace,aodv,2.507669,2.506916,7055,8889,60,3148,5033,0.659933,0.037072,36.533195,297,196,50,63,0,758,graph_0007__pathPersistency_0.6000,pathPersistency,0.6
trace,dsdv,0.807084,0.806772,2560,3289,60,1589,2519,0.069444,0.009639,27.596121,216,15,0,0,0,1040,graph_0007__pathPersistency_0.6000,pathPersistency,0.6
trace,olsr,0.557890,0.555930,1701,2937,60,1341,2631,0.194030,0.030353,50.880662,67,13,0,0,0,28,graph_0007__pathPersistency_0.6000,pathPersistency,0.6
trace,aodv,1.953911,1.952624,5764,7466,60,2795,4563,0.585470,0.026291,38.138867,234,137,31,127,0,449,graph_0007__pathPersistency_0.6000,pathPersistency,0.6
trace,dsdv,0.883806,0.883021,2626,3298,60,1543,2448,0.056680,0.006789,24.650900,247,14,0,0,0,1020,graph_0007__pathPersistency_0.6000,pathPersistency,0.6
trace,olsr,0.569010,0.568585,1726,2975,60,1358,2656,0.246154,0.031689,50.430263,65,16,0,0,0,11,graph_0007__pathPersistency_0.6000,pathPersistency,0.6
trace,aodv,2.505793,2.503518,6990,8837,60,3449,5374,0.521886,0.029296,34.200559,297,155,64,64,0,718,graph_0007__pathPersistency_0.6000,pathPersistency,0.6
trace,dsdv,0.762745,0.761816,2510,3296,60,1657,2647,0.055556,0.075284,25.174578,216,12,0,0,0,1073,graph_0007__pathPersistency_0.6000,pathPersistency,0.6
trace,olsr,0.536963,0.536662,1634,2907,60,1374,2696,0.169492,0.025786,51.375165,59,10,0,0,0,14,graph_0007__pathPersistency_0.6000,pathPersistency,0.6
trace,aodv,2.152023,2.150646,6156,7812,60,2927,4674,0.543478,0.030539,33.471222,276,150,35,63,0,586,graph_0007__pathPersistency_0.6000,pathPersistency,0.6
trace,dsdv,0.708359,0.707563,2582,3322,60,1513,2306,0.411111,0.040279,48.279683,90,37,0,0,0,1041,graph_0007__pathPersistency_0.6000,pathPersistency,0.6
trace,olsr,0.436000,0.434931,1449,2719,60,1373,2684,0.000000,0.000000,0.000000,47,0,6,0,0,11,graph_0007__pathPersistency_0.6000,pathPersistency,0.6
trace,aodv,2.517794,2.515465,7048,8836,60,3324,5195,0.592593,0.031137,36.335515,297,176,39,63,0,813,graph_0007__pathPersistency_0.6000,pathPersistency,0.6
trace,dsdv,0.371895,0.371869,1948,2812,60,1588,2452,0.000000,0.000000,0.000000,0,0,0,0,0,1035,graph_0007__pathPersistency_0.6000,pathPersistency,0.6
trace,olsr,0.624450,0.623878,1845,3114,60,1369,2687,0.309859,0.035065,49.728692,71,22,0,0,0,23,graph_0007__pathPersistency_0.6000,pathPersistency,0.6
trace,aodv,1.415880,1.415387,4548,6127,60,2458,4167,0.180233,0.157026,31.548356,172,31,11,188,0,551,graph_0007__pathPersistency_0.6000,pathPersistency,0.6
trace,dsdv,0.376050,0.375965,1947,2823,60,1587,2463,0.000000,0.000000,0.000000,0,0,0,0,0,1055,graph_0007__pathPersistency_0.6000,pathPersistency,0.6
trace,olsr,0.563546,0.561113,1720,3014,60,1388,2731,0.222222,0.030043,50.701932,63,14,0,0,0,11,graph_0007__pathPersistency_0.6000,pathPersistency,0.6
trace,aodv,1.592484,1.587364,4956,6699,60,2998,4834,0.217105,0.037344,21.686013,152,33,26,188,0,645,graph_0007__pathPersistency_0.6000,pathPersistency,0.6
trace,dsdv,0.715747,0.714909,2581,3375,60,1523,2370,0.411111,0.040414,48.281753,90,37,0,0,0,1063,graph_0007__pathPersistency_0.6000,pathPersistency,0.6
trace,olsr,0.434981,0.434509,1452,2720,60,1372,2681,0.000000,0.000000,0.000000,49,0,8,0,0,14,graph_0007__pathPersistency_0.6000,pathPersistency,0.6
trace,aodv,1.777800,1.776710,5427,7126,60,2892,4690,0.458515,0.019854,33.049827,229,105,25,126,0,682,graph_0007__pathPersistency_0.6000,pathPersistency,0.6
trace,dsdv,0.650542,0.650358,2448,3228,60,1466,2296,0.404762,0.042679,48.618139,84,34,0,0,0,1074,graph_0007__pathPersistency_0.6000,pathPersistency,0.6
trace,olsr,0.593648,0.592183,1777,3051,60,1373,2696,0.268657,0.033000,50.183551,67,18,0,0,0,28,graph_0007__pathPersistency_0.6000,pathPersistency,0.6
trace,aodv,1.891384,1.888802,5625,7347,60,2751,4519,0.637681,0.029015,34.949998,207,132,29,125,0,453,graph_0007__pathPersistency_0.6000,pathPersistency,0.6
trace,dsdv,0.358868,0.358797,1907,2817,60,1547,2457,0.000000,0.000000,0.000000,0,0,0,0,0,1005,graph_0007__pathPersistency_0.6000,pathPersistency,0.6
trace,olsr,0.382089,0.382080,1379,2698,60,1379,2698,0.000000,0.000000,0.000000,0,0,0,0,0,14,graph_0007__pathPersistency_0.6000,pathPersistency,0.6
trace,aodv,2.279432,2.278912,6607,8250,60,3199,5001,0.259259,0.028866,43.413287,297,77,61,63,0,762,graph_0007__pathPersistency_0.6000,pathPersistency,0.6
trace,dsdv,0.617948,0.617570,2456,3438,60,1751,2800,0.019355,22.361496,37.662435,155,3,0,0,0,1137,graph_0007__pathPersistency_0.6000,pathPersistency,0.6
trace,olsr,0.279796,0.279758,1181,1763,60,1181,1763,0.000000,0.000000,0.000000,0,0,0,0,0,1,graph_0009__pathPersistency_0.2000,pathPersistency,0.2
trace,aodv,0.519718,0.519148,2489,3426,60,2063,3012,0.200000,10.935751,53.949178,15,3,0,315,0,86,graph_0009__pathPersistency_0.2000,pathPersistency,0.2
trace,dsdv,0.208891,0.208849,1288,1668,60,928,1308,0.000000,0.000000,0.000000,0,0,0,0,0,301,graph_0009__pathPersistency_0.2000,pathPersistency,0.2
trace,olsr,0.289464,0.289221,1179,1766,60,1179,1766,0.000000,0.000000,0.000000,0,0,0,0,0,2,graph_0009__pathPersistency_0.2000,pathPersistency,0.2
trace,aodv,0.513077,0.512537,2467,3413,60,2041,2999,0.200000,9.778348,53.934192,15,3,0,315,0,74,graph_0009__pathPersistency_0.2000,pathPersistency,0.2
trace,dsdv,0.217511,0.217466,1306,1663,60,946,1303,0.000000,0.000000,0.000000,0,0,0,0,0,409,graph_0009__pathPersistency_0.2000,pathPersistency,0.2
trace,olsr,0.289564,0.288948,1178,1758,60,1178,1758,0.000000,0.000000,0.000000,0,0,0,0,0,3,graph_0009__pathPersistency_0.2000,pathPersistency,0.2
trace,aodv,0.493882,0.493473,2463,3372,60,2037,2958,0.200000,9.724181,53.947982,15,3,0,315,0,94,graph_0009__pathPersistency_0.2000,pathPersistency,0.2
trace,dsdv,0.197783,0.197542,1219,1533,60,859,1173,0.000000,0.000000,0.000000,0,0,0,0,0,325,graph_0009__pathPersistency_0.2000,pathPersistency,0.2
trace,olsr,0.292351,0.292216,1181,1772,60,1181,1772,0.000000,0.000000,0.000000,0,0,0,0,0,3,graph_0009__pathPersistency_0.2000,pathPersistency,0.2
trace,aodv,0.526836,0.526626,2478,3395,60,2055,2985,0.000000,0.000000,0.000000,15,0,2,315,0,81,graph_0009__pathPersistency_0.2000,pathPersistency,0.2
trace,dsdv,0.212345,0.212334,1248,1641,60,888,1281,0.000000,0.000000,0.000000,0,0,0,0,0,258,graph_0009__pathPersistency_0.2000,pathPersistency,0.2
trace,olsr,0.295597,0.295301,1181,1760,60,1181,1760,0.000000,0.000000,0.000000,0,0,0,0,0,6,graph_0009__pathPersistency_0.2000,pathPersistency,0.2
trace,aodv,0.523286,0.521944,2459,3402,60,2033,2988,0.200000,11.740269,53.952423,15,3,0,315,0,44,graph_0009__pathPersistency_0.2000,pathPersistency,0.2
trace,dsdv,0.214557,0.214532,1297,1678,60,937,1318,0.000000,0.000000,0.000000,0,0,0,0,0,365,graph_0009__pathPersistency_0.2000,pathPersistency,0.2
trace,olsr,0.296479,0.295471,1184,1771,60,1184,1771,0.000000,0.000000,0.000000,0,0,0,0,0,4,graph_0009__pathPersistency_0.2000,pathPersistency,0.2
trace,aodv,0.533974,0.533446,2545,3461,60,1988,2933,0.275000,0.073985,57.191301,40,11,0,315,0,56,graph_0009__pathPersistency_0.2000,pathPersistency,0.2
trace,dsdv,0.223470,0.222957,1294,1714,60,934,1354,0.000000,0.000000,0.000000,0,0,0,0,0,375,graph_0009__pathPersistency_0.2000,pathPersistency,0.2
trace,olsr,0.279732,0.279427,1175,1752,60,1175,1752,0.000000,0.000000,0.000000,0,0,0,0,0,3,graph_0009__pathPersistency_0.2000,pathPersistency,0.2
trace,aodv,0.436871,0.436804,2335,3256,60,1975,2896,0.000000,0.000000,0.000000,0,0,0,315,0,71,graph_0009__pathPersistency_0.2000,pathPersistency,0.2
trace,dsdv,0.204622,0.204384,1239,1582,60,879,1222,0.000000,0.000000,0.000000,0,0,0,0,0,318,graph_0009__pathPersistency_0.2000,pathPersistency,0.2
trace,olsr,0.287157,0.286941,1187,1772,60,1187,1772,0.000000,0.000000,0.000000,0,0,0,0,0,9,graph_0009__pathPersistency_0.2000,pathPersistency,0.2
trace,aodv,0.520169,0.519969,2477,3438,60,2049,3023,0.133333,20.790137,56.728454,15,2,0,315,0,75,graph_0009__pathPersistency_0.2000,pathPersistency,0.2
trace,dsdv,0.211284,0.211272,1292,1690,60,932,1330,0.000000,0.000000,0.000000,0,0,0,0,0,371,graph_0009__pathPersistency_0.2000,pathPersistency,0.2
trace,olsr,0.286529,0.286476,1177,1753,60,1177,1753,0.000000,0.000000,0.000000,0,0,0,0,0,2,graph_0009__pathPersistency_0.2000,pathPersistency,0.2
trace,aodv,0.510963,0.510784,2459,3375,60,2033,2961,0.200000,9.046203,53.932523,15,3,0,315,0,72,graph_0009__pathPersistency_0.2000,pathPersistency,0.2
trace,dsdv,0.199971,0.199802,1239,1590,60,879,1230,0.000000,0.000000,0.000000,0,0,0,0,0,366,graph_0009__pathPersistency_0.2000,pathPersistency,0.2
trace,olsr,0.281064,0.281033,1176,1750,60,1176,1750,0.000000,0.000000,0.000000,0,0,0,0,0,3,graph_0009__pathPersistency_0.2000,pathPersistency,0.2
trace,aodv,0.507513,0.507236,2459,3409,60,2034,2996,0.200000,10.083256,53.921204,15,3,0,315,0,50,graph_0009__pathPersistency_0.2000,pathPersistency,0.2
trace,dsdv,0.194026,0.193957,1197,1523,60,837,1163,0.000000,0.000000,0.000000,0,0,0,0,0,339,graph_0009__pathPersistency_0.2000,pathPersistency,0.2
trace,olsr,0.298048,0.297673,1180,1916,60,1180,1916,0.000000,0.000000,0.000000,0,0,0,0,0,6,graph_0005__pathPersistency_0.4000,pathPersistency,0.4
trace,aodv,0.766985,0.766500,3026,4234,60,2643,3912,0.000000,0.000000,0.000000,61,0,0,252,0,118,graph_0005__pathPersistency_0.4000,pathPersistency,0.4
trace,dsdv,0.297528,0.297353,1645,2320,60,1285,1960,0.000000,0.000000,0.000000,0,0,0,0,0,598,graph_0005__pathPersistency_0.4000,pathPersistency,0.4
trace,olsr,0.299139,0.299106,1205,1970,60,1205,1970,0.000000,0.000000,0.000000,0,0,0,0,0,4,graph_0005__pathPersistency_0.4000,pathPersistency,0.4
trace,aodv,0.804592,0.804297,3148,4250,60,2655,3852,0.000000,0.000000,0.000000,108,0,14,251,0,211,graph_0005__pathPersistency_0.4000,pathPersistency,0.4
trace,dsdv,0.888014,0.887897,3007,3653,60,1579,2301,0.000000,0.000000,0.000000,90,0,0,0,0,694,graph_0005__pathPersistency_0.4000,pathPersistency,0.4
trace,olsr,0.292755,0.292544,1192,1942,60,1192,1942,0.000000,0.000000,0.000000,0,0,0,0,0,3,graph_0005__pathPersistency_0.4000,pathPersistency,0.4
trace,aodv,0.857214,0.856934,3265,4404,60,2469,3656,0.191176,0.066960,33.904698,68,13,8,253,0,149,graph_0005__pathPersistency_0.4000,pathPersistency,0.4
trace,dsdv,0.766679,0.766509,2536,3157,60,1454,2226,0.170330,0.056218,32.403695,182,31,0,0,0,721,graph_0005__pathPersistency_0.4000,pathPersistency,0.4
trace,olsr,0.290091,0.289919,1194,1952,60,1194,1952,0.000000,0.000000,0.000000,0,0,0,0,0,1,graph_0005__pathPersistency_0.4000,pathPersistency,0.4
trace,aodv,0.688313,0.687610,2839,3973,60,2403,3563,0.000000,0.000000,0.000000,26,0,0,315,0,118,graph_0005__pathPersistency_0.4000,pathPersistency,0.4
trace,dsdv,0.898865,0.898123,2927,3631,60,1519,2350,0.302198,0.019127,39.330232,182,55,0,0,0,706,graph_0005__pathPersistency_0.4000,pathPersistency,0.4
trace,olsr,0.293310,0.292869,1183,1918,60,1183,1918,0.000000,0.000000,0.000000,0,0,0,0,0,1,graph_0005__pathPersistency_0.4000,pathPersistency,0.4
trace,aodv,0.754582,0.754292,2970,4057,60,2435,3564,0.000000,0.000000,0.000000,42,0,0,314,0,148,graph_0005__pathPersistency_0.4000,pathPersistency,0.4
trace,dsdv,0.339512,0.339071,1792,2515,60,1432,2155,0.000000,0.000000,0.000000,0,0,0,0,0,666,graph_0005__pathPersistency_0.4000,pathPersistency,0.4
trace,olsr,0.290513,0.290498,1192,1935,60,1192,1935,0.000000,0.000000,0.000000,0,0,0,0,0,6,graph_0005__pathPersistency_0.4000,pathPersistency,0.4
trace,aodv,0.718857,0.718569,2908,3985,60,2298,3412,0.245283,0.067789,47.016351,53,13,3,252,0,96,graph_0005__pathPersistency_0.4000,pathPersistency,0.4
trace,dsdv,0.326896,0.326832,1790,2465,60,1430,2105,0.000000,0.000000,0.000000,0,0,0,0,0,718,graph_0005__pathPersistency_0.4000,pathPersistency,0.4
trace,olsr,0.304308,0.304290,1191,1939,60,1191,1939,0.000000,0.000000,0.000000,0,0,0,0,0,2,graph_0005__pathPersistency_0.4000,pathPersistency,0.4
trace,aodv,0.902426,0.901673,3335,4491,60,2521,3734,0.044118,0.080421,37.795634,68,3,8,251,0,222,graph_0005__pathPersistency_0.4000,pathPersistency,0.4
trace,dsdv,0.290080,0.290032,1637,2262,60,1277,1902,0.000000,0.000000,0.000000,0,0,0,0,0,622,graph_0005__pathPersistency_0.4000,pathPersistency,0.4
trace,olsr,0.300520,0.300406,1186,1920,60,1186,1920,0.000000,0.000000,0.000000,0,0,0,0,0,11,graph_0005__pathPersistency_0.4000,pathPersistency,0.4
trace,aodv,1.037920,1.036615,3565,4727,60,2676,3874,0.352941,0.022609,36.890635,68,24,8,253,0,135,graph_0005__pathPersistency_0.4000,pathPersistency,0.4
trace,dsdv,1.454674,1.451386,4261,4735,60,1605,2298,0.000000,0.000000,0.000000,250,0,0,0,0,679,graph_0005__pathPersistency_0.4000,pathPersistency,0.4
trace,olsr,0.320821,0.320651,1190,1946,60,1190,1946,0.000000,0.000000,0.000000,0,0,0,0,0,6,graph_0005__pathPersistency_0.4000,pathPersistency,0.4
trace,aodv,0.969795,0.969262,3523,4785,60,2650,3948,0.308824,0.020081,36.467449,68,21,11,251,0,203,graph_0005__pathPersistency_0.4000,pathPersistency,0.4
trace,dsdv,0.560983,0.558540,1934,2274,60,1200,1733,0.053922,0.072402,27.201006,204,11,0,0,0,607,graph_0005__pathPersistency_0.4000,pathPersistency,0.4
trace,olsr,0.300676,0.300149,1197,1959,60,1197,1959,0.000000,0.000000,0.000000,0,0,0,0,0,4,graph_0005__pathPersistency_0.4000,pathPersistency,0.4
trace,aodv,0.756263,0.755736,2979,4059,60,2384,3493,0.309524,0.065484,47.003590,42,13,0,314,0,126,graph_0005__pathPersistency_0.4000,pathPersistency,0.4
trace,dsdv,0.448541,0.448049,2015,2720,60,1504,2225,0.272727,0.112099,56.656108,22,6,0,0,0,733,graph_0005__pathPersistency_0.4000,pathPersistency,0.4
trace,olsr,2.339994,2.339384,6085,8231,60,1573,3719,1.000000,0.050445,35.904781,282,282,0,0,0,60,graph_0006__pathPersistency_1.0000,pathPersistency,1.0
trace,aodv,2.793861,2.793139,7545,9447,60,1934,3847,0.969444,0.050495,30.416928,360,349,0,0,0,263,graph_0006__pathPersistency_1.0000,pathPersistency,1.0
trace,dsdv,2.068635,2.068066,5703,6286,60,1257,1843,0.989011,0.050692,36.889867,273,270,0,0,0,1027,graph_0006__pathPersistency_1.0000,pathPersistency,1.0
trace,olsr,2.361903,2.356007,6076,8224,60,1580,3728,1.000000,0.050447,35.986705,281,281,0,0,0,60,graph_0006__pathPersistency_1.0000,pathPersistency,1.0
trace,aodv,2.863017,2.855891,7548,9471,60,1935,3869,0.969444,0.050481,30.416849,360,349,0,0,0,263,graph_0006__pathPersistency_1.0000,pathPersistency,1.0
trace,dsdv,2.083685,2.080990,5671,6243,60,1227,1802,0.989011,0.050712,36.890021,273,270,0,0,0,1024,graph_0006__pathPersistency_1.0000,pathPersistency,1.0
trace,olsr,2.149592,2.145098,5538,7658,60,1554,3674,1.000000,0.050501,38.608295,249,249,0,0,0,68,graph_0006__pathPersistency_1.0000,pathPersistency,1.0
trace,aodv,2.805878,2.799888,7545,9498,60,1933,3897,0.969444,0.050479,30.416809,360,349,0,0,0,239,graph_0006__pathPersistency_1.0000,pathPersistency,1.0
trace,dsdv,0.890619,0.888445,2893,3453,60,1204,1768,0.955556,0.051867,51.966151,90,86,0,0,0,961,graph_0006__pathPersistency_1.0000,pathPersistency,1.0
trace,olsr,2.383726,2.382793,6070,8295,60,1622,3847,1.000000,0.050428,36.232307,278,278,0,0,0,71,graph_0006__pathPersistency_1.0000,pathPersistency,1.0
trace,aodv,2.816868,2.811038,7546,9428,60,1933,3826,0.969444,0.050471,30.416727,360,349,0,0,0,312,graph_0006__pathPersistency_1.0000,pathPersistency,1.0
trace,dsdv,1.561584,1.557819,4502,5094,60,1269,1865,0.978022,0.050930,44.427212,182,178,0,0,0,1002,graph_0006__pathPersistency_1.0000,pathPersistency,1.0
trace,olsr,2.366016,2.359214,6108,8254,60,1564,3710,1.000000,0.050460,35.741051,284,284,0,0,0,49,graph_0006__pathPersistency_1.0000,pathPersistency,1.0
trace,aodv,2.750464,2.748593,7544,9487,60,1935,3889,0.969444,0.050499,30.417019,360,349,0,0,0,270,graph_0006__pathPersistency_1.0000,pathPersistency,1.0
trace,dsdv,0.296775,0.296482,1604,2199,60,1244,1839,0.000000,0.000000,0.000000,0,0,0,0,0,956,graph_0006__pathPersistency_1.0000,pathPersistency,1.0
trace,olsr,2.365443,2.356358,5998,8146,60,1566,3714,1.000000,0.050442,36.314298,277,277,0,0,0,35,graph_0006__pathPersistency_1.0000,pathPersistency,1.0
trace,aodv,2.891500,2.888769,7545,9452,60,1936,3854,0.969444,0.050518,30.417176,360,349,0,0,0,275,graph_0006__pathPersistency_1.0000,pathPersistency,1.0
trace,dsdv,1.511363,1.507101,4256,4764,60,1124,1642,0.945055,0.050960,44.918832,182,172,0,0,0,912,graph_0006__pathPersistency_1.0000,pathPersistency,1.0
trace,olsr,2.328090,2.325822,6045,8177,60,1565,3697,1.000000,0.050423,36.068541,280,280,0,0,0,80,graph_0006__pathPersistency_1.0000,pathPersistency,1.0
trace,aodv,2.771133,2.768989,7553,9452,60,1937,3847,0.969444,0.050459,30.416622,360,349,0,0,0,287,graph_0006__pathPersistency_1.0000,pathPersistency,1.0
trace,dsdv,1.470732,1.469173,4416,5092,60,1354,2033,0.983516,0.051220,44.347792,182,179,0,0,0,1088,graph_0006__pathPersistency_1.0000,pathPersistency,1.0
trace,olsr,2.319347,2.313774,5945,8110,60,1577,3742,1.000000,0.050466,36.642144,273,273,0,0,0,49,graph_0006__pathPersistency_1.0000,pathPersistency,1.0
trace,aodv,2.777292,2.772700,7460,9387,60,1936,3880,0.952778,0.050508,30.908550,360,343,0,0,0,255,graph_0006__pathPersistency_1.0000,pathPersistency,1.0
trace,dsdv,0.919044,0.917888,3002,3639,60,1310,1950,0.966667,0.052413,51.889331,90,87,0,0,0,1051,graph_0006__pathPersistency_1.0000,pathPersistency,1.0
trace,olsr,2.317499,2.317087,6016,8184,60,1584,3752,1.000000,0.050451,36.314378,277,277,0,0,0,64,graph_0006__pathPersistency_1.0000,pathPersistency,1.0
trace,aodv,2.771573,2.770186,7547,9494,60,1938,3896,0.969444,0.050503,30.417046,360,349,0,0,0,248,graph_0006__pathPersistency_1.0000,pathPersistency,1.0
trace,dsdv,0.292527,0.292304,1587,2153,60,1227,1793,0.000000,0.000000,0.000000,0,0,0,0,0,981,graph_0006__pathPersistency_1.0000,pathPersistency,1.0
trace,olsr,2.263235,2.262488,5987,8147,60,1571,3731,1.000000,0.050443,36.396226,276,276,0,0,0,41,graph_0006__pathPersistency_1.0000,pathPersistency,1.0
trace,aodv,2.749507,2.748547,7548,9433,60,1934,3830,0.969444,0.050474,30.416754,360,349,0,0,0,294,graph_0006__pathPersistency_1.0000,pathPersistency,1.0
trace,dsdv,0.294457,0.294225,1609,2197,60,1249,1837,0.000000,0.000000,0.000000,0,0,0,0,0,982,graph_0006__pathPersistency_1.0000,pathPersistency,1.0
trace,olsr,2.692185,2.691094,7329,9443,60,1854,3973,0.981818,0.050727,36.891227,275,270,0,0,0,55,graph_0001__pathPersistency_1.0000,pathPersistency,1.0
trace,aodv,0.517743,0.517499,2450,4232,60,2090,3872,0.000000,0.000000,0.000000,0,0,0,315,0,191,graph_0001__pathPersistency_1.0000,pathPersistency,1.0
trace,dsdv,2.379551,2.376726,6724,7296,60,1199,1774,0.989011,0.050773,36.891791,273,270,0,0,0,743,graph_0001__pathPersistency_1.0000,pathPersistency,1.0
trace,olsr,2.493444,2.491773,6885,9018,60,1865,3998,1.000000,0.050553,38.445954,251,251,0,0,0,62,graph_0001__pathPersistency_1.0000,pathPersistency,1.0
trace,aodv,3.168017,3.166281,8957,10620,60,1958,3638,0.952778,0.050374,30.908636,360,343,0,0,0,181,graph_0001__pathPersistency_1.0000,pathPersistency,1.0
trace,dsdv,0.259576,0.259482,1467,1959,60,1107,1599,0.000000,0.000000,0.000000,0,0,0,0,0,684,graph_0001__pathPersistency_1.0000,pathPersistency,1.0
trace,olsr,2.601287,2.600915,7069,9111,60,1807,3849,0.992453,0.049620,36.949164,265,263,2,0,0,77,graph_0001__pathPersistency_1.0000,pathPersistency,1.0
trace,aodv,3.210214,3.209050,8965,10626,60,1960,3632,0.969444,0.050568,30.418809,360,349,0,0,0,177,graph_0001__pathPersistency_1.0000,pathPersistency,1.0
trace,dsdv,0.946105,0.945818,3088,3555,60,1057,1528,0.955556,0.052156,51.969915,90,86,0,0,0,684,graph_0001__pathPersistency_1.0000,pathPersistency,1.0
trace,olsr,2.800046,2.798988,7381,9461,60,1821,3901,1.000000,0.050515,36.234002,278,278,0,0,0,54,graph_0001__pathPersistency_1.0000,pathPersistency,1.0
trace,aodv,0.526826,0.526669,2469,4292,60,2109,3932,0.000000,0.000000,0.000000,0,0,0,315,0,167,graph_0001__pathPersistency_1.0000,pathPersistency,1.0
trace,dsdv,0.904507,0.904153,2933,3325,60,1020,1422,0.888889,0.052256,52.461479,90,80,0,0,0,698,graph_0001__pathPersistency_1.0000,pathPersistency,1.0
trace,olsr,2.827029,2.823083,7385,9529,60,1875,4024,0.981884,0.050715,36.809163,276,271,0,0,0,50,graph_0001__pathPersistency_1.0000,pathPersistency,1.0
trace,aodv,3.314242,3.307246,8962,10596,60,1957,3602,0.969444,0.050524,30.418370,360,349,0,0,0,198,graph_0001__pathPersistency_1.0000,pathPersistency,1.0
trace,dsdv,0.999524,0.997498,3183,3691,60,1148,1659,0.966667,0.052696,51.893836,90,87,0,0,0,779,graph_0001__pathPersistency_1.0000,pathPersistency,1.0
trace,olsr,2.686838,2.684871,7395,9503,60,1835,3943,1.000000,0.050528,36.234144,278,278,0,0,0,62,graph_0001__pathPersistency_1.0000,pathPersistency,1.0
trace,aodv,3.061687,3.060184,8943,10274,60,1941,3632,0.000000,0.000000,0.000000,360,0,0,0,0,148,graph_0001__pathPersistency_1.0000,pathPersistency,1.0
trace,dsdv,0.251284,0.251174,1454,1944,60,1094,1584,0.000000,0.000000,0.000000,0,0,0,0,0,664,graph_0001__pathPersistency_1.0000,pathPersistency,1.0
trace,olsr,2.680520,2.679493,7251,9291,60,1791,3831,1.000000,0.050534,36.643687,273,273,0,0,0,35,graph_0001__pathPersistency_1.0000,pathPersistency,1.0
trace,aodv,3.231862,3.230518,8964,10656,60,1959,3662,0.969444,0.050567,30.418762,360,349,0,0,0,118,graph_0001__pathPersistency_1.0000,pathPersistency,1.0
trace,dsdv,0.242328,0.242302,1375,1781,60,1015,1421,0.000000,0.000000,0.000000,0,0,0,0,0,675,graph_0001__pathPersistency_1.0000,pathPersistency,1.0
trace,olsr,2.992101,2.990866,7281,9415,60,1841,3975,1.000000,0.050535,36.725660,272,272,0,0,0,58,graph_0001__pathPersistency_1.0000,pathPersistency,1.0
trace,aodv,3.387509,3.386966,8964,10664,60,1959,3670,0.969444,0.050571,30.418843,360,349,0,0,0,137,graph_0001__pathPersistency_1.0000,pathPersistency,1.0
trace,dsdv,1.651625,1.651369,4855,5300,60,1090,1539,0.978022,0.051104,44.429471,182,178,0,0,0,728,graph_0001__pathPersistency_1.0000,pathPersistency,1.0
trace,olsr,2.713404,2.705569,7115,9223,60,1854,3967,0.977273,0.049984,37.597670,264,258,1,0,0,76,graph_0001__pathPersistency_1.0000,pathPersistency,1.0
trace,aodv,3.325680,3.319689,8964,10627,60,1959,3633,0.969444,0.050577,30.418927,360,349,0,0,0,179,graph_0001__pathPersistency_1.0000,pathPersistency,1.0
trace,dsdv,0.976353,0.974744,3117,3587,60,1085,1559,0.955556,0.052048,51.968929,90,86,0,0,0,708,graph_0001__pathPersistency_1.0000,pathPersistency,1.0
trace,olsr,2.769009,2.765164,7292,9386,60,1832,3926,1.000000,0.050519,36.643600,273,273,0,0,0,44,graph_0001__pathPersistency_1.0000,pathPersistency,1.0
trace,aodv,3.274038,3.268519,8959,10624,60,1960,3642,0.952778,0.050365,30.908564,360,343,0,0,0,185,graph_0001__pathPersistency_1.0000,pathPersistency,1.0
trace,dsdv,0.933831,0.933558,3033,3540,60,1113,1630,0.888889,0.051995,52.459116,90,80,0,0,0,684,graph_0001__pathPersistency_1.0000,pathPersistency,1.0
trace,olsr,0.767861,0.767548,2121,3529,60,1381,2887,0.236111,0.007999,37.960730,144,34,11,0,0,32,graph_0001__pathPersistency_0.8000,pathPersistency,0.8
trace,aodv,1.916083,1.915450,5649,7621,60,2759,4819,0.514894,0.021396,37.047315,235,121,26,125,0,471,graph_0001__pathPersistency_0.8000,pathPersistency,0.8
trace,dsdv,0.428389,0.428281,2191,3350,60,1831,2990,0.000000,0.000000,0.000000,0,0,0,0,0,1069,graph_0001__pathPersistency_0.8000,pathPersistency,0.8
trace,olsr,0.769597,0.769526,2092,3530,60,1393,2931,0.218310,0.007539,43.870289,142,31,11,0,0,35,graph_0001__pathPersistency_0.8000,pathPersistency,0.8
trace,aodv,2.274208,2.273920,6463,8484,60,2947,5033,0.520134,0.022452,27.618720,298,155,78,62,0,787,graph_0001__pathPersistency_0.8000,pathPersistency,0.8
trace,dsdv,0.382275,0.382254,1945,2927,60,1585,2567,0.000000,0.000000,0.000000,0,0,0,0,0,935,graph_0001__pathPersistency_0.8000,pathPersistency,0.8
trace,olsr,0.574976,0.574236,1665,3090,60,1363,2854,0.121951,0.067392,19.227334,82,10,6,0,0,23,graph_0001__pathPersistency_0.8000,pathPersistency,0.8
trace,aodv,2.951197,2.945389,7608,9713,60,3364,5566,0.550000,0.030175,33.103964,360,198,65,0,0,686,graph_0001__pathPersistency_0.8000,pathPersistency,0.8
trace,dsdv,1.214599,1.214239,3811,4737,60,1968,2934,0.000000,0.000000,0.000000,63,0,0,0,0,1065,graph_0001__pathPersistency_0.8000,pathPersistency,0.8
trace,olsr,0.639735,0.639642,1859,3381,60,1393,2947,0.403226,0.055477,50.908056,62,25,5,0,0,39,graph_0001__pathPersistency_0.8000,pathPersistency,0.8
trace,aodv,2.193866,2.192103,6053,7935,60,2794,4853,0.402778,0.021293,24.446139,360,145,38,0,0,478,graph_0001__pathPersistency_0.8000,pathPersistency,0.8
trace,dsdv,0.410801,0.410705,2050,3117,60,1690,2757,0.000000,0.000000,0.000000,0,0,0,0,0,1032,graph_0001__pathPersistency_0.8000,pathPersistency,0.8
trace,olsr,0.852990,0.852025,2323,3756,60,1382,2905,0.301887,0.011341,41.654221,159,48,21,0,0,44,graph_0001__pathPersistency_0.8000,pathPersistency,0.8
trace,aodv,2.541963,2.539468,6920,9036,60,3022,5210,0.664430,0.030155,33.423799,298,198,28,62,0,560,graph_0001__pathPersistency_0.8000,pathPersistency,0.8
trace,dsdv,1.163338,1.163142,3405,4520,60,1959,3291,0.076596,0.063225,22.516972,235,18,0,0,0,1199,graph_0001__pathPersistency_0.8000,pathPersistency,0.8
trace,olsr,0.588978,0.588295,1741,3204,60,1400,2935,0.130952,0.064737,19.139909,84,11,1,0,0,26,graph_0001__pathPersistency_0.8000,pathPersistency,0.8
trace,aodv,2.472864,2.471372,6829,8826,60,2813,4867,0.687919,0.029720,30.108528,298,205,36,62,0,487,graph_0001__pathPersistency_0.8000,pathPersistency,0.8
trace,dsdv,1.741594,1.740125,5530,6413,60,2007,2930,0.000000,0.000000,0.000000,90,0,0,0,0,1010,graph_0001__pathPersistency_0.8000,pathPersistency,0.8
trace,olsr,0.663309,0.663116,1876,3349,60,1414,2992,0.120000,0.003580,28.072585,125,15,5,0,0,13,graph_0001__pathPersistency_0.8000,pathPersistency,0.8
trace,aodv,1.818502,1.818009,5419,7404,60,2807,4871,0.517241,0.038333,14.373085,232,120,33,126,0,529,graph_0001__pathPersistency_0.8000,pathPersistency,0.8
trace,dsdv,0.426849,0.426815,2174,3300,60,1814,2940,0.000000,0.000000,0.000000,0,0,0,0,0,1091,graph_0001__pathPersistency_0.8000,pathPersistency,0.8
trace,olsr,0.625857,0.625759,1849,3347,60,1384,2913,0.403226,0.055656,50.908568,62,25,3,0,0,15,graph_0001__pathPersistency_0.8000,pathPersistency,0.8
trace,aodv,2.441265,2.440544,6733,8736,60,2835,4902,0.671141,0.028954,29.570981,298,200,34,62,0,530,graph_0001__pathPersistency_0.8000,pathPersistency,0.8
trace,dsdv,0.418446,0.418355,2082,3174,60,1722,2814,0.000000,0.000000,0.000000,0,0,0,0,0,1046,graph_0001__pathPersistency_0.8000,pathPersistency,0.8
trace,olsr,0.566962,0.566940,1699,3161,60,1386,2913,0.144578,0.062974,19.054618,83,12,6,0,0,27,graph_0001__pathPersistency_0.8000,pathPersistency,0.8
trace,aodv,2.026473,2.025160,5582,7571,60,2949,5087,0.363636,0.027587,16.260723,330,120,61,1,0,487,graph_0001__pathPersistency_0.8000,pathPersistency,0.8
trace,dsdv,0.749055,0.748405,2875,3986,60,1888,3089,0.000000,0.000000,0.000000,90,0,0,0,0,1228,graph_0001__pathPersistency_0.8000,pathPersistency,0.8
trace,olsr,0.530936,0.530895,1557,2987,60,1359,2844,0.075949,0.085430,19.573620,79,6,17,0,0,31,graph_0001__pathPersistency_0.8000,pathPersistency,0.8
trace,aodv,2.781609,2.781079,7304,9328,60,2887,5019,0.622222,0.032437,31.694799,360,224,28,0,0,781,graph_0001__pathPersistency_0.8000,pathPersistency,0.8
trace,dsdv,0.945601,0.945321,2726,3648,60,1765,2904,0.076596,0.064779,22.527582,235,18,0,0,0,1120,graph_0001__pathPersistency_0.8000,pathPersistency,0.8
trace,olsr,0.352788,0.352767,1235,2180,60,1235,2180,0.000000,0.000000,0.000000,0,0,0,0,0,7,graph_0008__pathPersistency_0.4000,pathPersistency,0.4
trace,aodv,1.374968,1.374729,4151,5574,60,2757,4313,0.132948,0.003804,17.987348,173,23,17,187,0,472,graph_0008__pathPersistency_0.4000,pathPersistency,0.4
trace,dsdv,0.812621,0.812408,2719,3530,60,1519,2376,0.488889,0.028663,52.332657,90,44,0,0,0,821,graph_0008__pathPersistency_0.4000,pathPersistency,0.4
trace,olsr,0.347791,0.347777,1235,2181,60,1235,2181,0.000000,0.000000,0.000000,0,0,0,0,0,7,graph_0008__pathPersistency_0.4000,pathPersistency,0.4
trace,aodv,2.360412,2.359855,6317,7843,60,3308,4908,0.550847,0.018811,38.547639,236,130,32,124,0,925,graph_0008__pathPersistency_0.4000,pathPersistency,0.4
trace,dsdv,1.045609,1.045271,3233,4199,60,1724,2783,0.400000,0.020958,47.476616,155,62,0,0,0,864,graph_0008__pathPersistency_0.4000,pathPersistency,0.4
trace,olsr,0.330062,0.330045,1227,2169,60,1227,2169,0.000000,0.000000,0.000000,0,0,0,0,0,2,graph_0008__pathPersistency_0.4000,pathPersistency,0.4
trace,aodv,1.945675,1.945600,4871,6340,60,3198,4761,0.316092,0.008073,40.893384,174,55,25,186,0,601,graph_0008__pathPersistency_0.4000,pathPersistency,0.4
trace,dsdv,2.175129,2.174355,4677,5308,60,1758,2582,0.051064,0.073821,22.053967,235,12,0,0,0,840,graph_0008__pathPersistency_0.4000,pathPersistency,0.4
trace,olsr,0.332917,0.332758,1221,2143,60,1221,2143,0.000000,0.000000,0.000000,0,0,0,0,0,8,graph_0008__pathPersistency_0.4000,pathPersistency,0.4
trace,aodv,1.170966,1.170621,3787,5115,60,2797,4225,0.056452,0.030552,6.238325,124,7,18,187,0,304,graph_0008__pathPersistency_0.4000,pathPersistency,0.4
trace,dsdv,0.393333,0.393282,2007,3052,60,1647,2692,0.000000,0.000000,0.000000,0,0,0,0,0,764,graph_0008__pathPersistency_0.4000,pathPersistency,0.4
trace,olsr,0.324790,0.324782,1220,2136,60,1220,2136,0.000000,0.000000,0.000000,0,0,0,0,0,9,graph_0008__pathPersistency_0.4000,pathPersistency,0.4
trace,aodv,2.111466,2.111285,5579,6938,60,3081,4558,0.289362,0.009988,39.187561,235,68,51,126,0,734,graph_0008__pathPersistency_0.4000,pathPersistency,0.4
trace,dsdv,0.776445,0.776367,2711,3620,60,1661,2658,0.000000,0.000000,0.000000,90,0,0,0,0,831,graph_0008__pathPersistency_0.4000,pathPersistency,0.4
trace,olsr,0.330066,0.330029,1229,2158,60,1229,2158,0.000000,0.000000,0.000000,0,0,0,0,0,10,graph_0008__pathPersistency_0.4000,pathPersistency,0.4
trace,aodv,1.238976,1.238738,4002,5357,60,2448,3837,0.651376,0.016172,51.602792,109,71,4,251,0,332,graph_0008__pathPersistency_0.4000,pathPersistency,0.4
trace,dsdv,0.646199,0.645947,2499,3491,60,1722,2764,0.000000,0.000000,0.000000,53,0,0,0,0,923,graph_0008__pathPersistency_0.4000,pathPersistency,0.4
trace,olsr,0.327225,0.327053,1240,2206,60,1240,2206,0.000000,0.000000,0.000000,0,0,0,0,0,7,graph_0008__pathPersistency_0.4000,pathPersistency,0.4
trace,aodv,1.292908,1.292789,3995,5418,60,2778,4243,0.409524,0.010185,23.982276,105,43,21,249,0,398,graph_0008__pathPersistency_0.4000,pathPersistency,0.4
trace,dsdv,0.415371,0.415351,1948,2951,60,1588,2591,0.000000,0.000000,0.000000,0,0,0,0,0,753,graph_0008__pathPersistency_0.4000,pathPersistency,0.4
trace,olsr,0.324416,0.324403,1221,2146,60,1221,2146,0.000000,0.000000,0.000000,0,0,0,0,0,11,graph_0008__pathPersistency_0.4000,pathPersistency,0.4
trace,aodv,0.767358,0.767001,2965,4319,60,2297,3675,0.390244,0.009365,33.602959,41,16,1,313,0,173,graph_0008__pathPersistency_0.4000,pathPersistency,0.4
trace,dsdv,0.763091,0.763054,2582,3432,60,1463,2358,0.500000,0.029234,52.198351,90,45,0,0,0,709,graph_0008__pathPersistency_0.4000,pathPersistency,0.4
trace,olsr,0.311579,0.311570,1228,2160,60,1228,2160,0.000000,0.000000,0.000000,0,0,0,0,0,5,graph_0008__pathPersistency_0.4000,pathPersistency,0.4
trace,aodv,1.957596,1.957089,5751,7207,60,3214,4769,0.427966,0.014628,39.895272,236,101,36,124,0,768,graph_0008__pathPersistency_0.4000,pathPersistency,0.4
trace,dsdv,0.388002,0.387979,2017,3034,60,1657,2674,0.000000,0.000000,0.000000,0,0,0,0,0,772,graph_0008__pathPersistency_0.4000,pathPersistency,0.4
trace,olsr,0.359037,0.359006,1234,2169,60,1234,2169,0.000000,0.000000,0.000000,0,0,0,0,0,7,graph_0008__pathPersistency_0.4000,pathPersistency,0.4
trace,aodv,1.973278,1.972896,5256,6681,60,2981,4453,0.537572,0.013459,37.468359,173,93,34,187,0,778,graph_0008__pathPersistency_0.4000,pathPersistency,0.4
trace,dsdv,1.910605,1.910377,4914,5561,60,1748,2714,0.016667,0.094799,0.588293,360,6,0,0,0,820,graph_0008__pathPersistency_0.4000,pathPersistency,0.4
trace,olsr,0.306044,0.305876,1202,1945,60,1202,1945,0.000000,0.000000,0.000000,0,0,0,0,0,3,graph_0010__pathPersistency_0.4000,pathPersistency,0.4
trace,aodv,1.004038,1.003148,3502,4544,60,2544,3648,0.187500,0.297712,28.583692,80,15,5,252,0,304,graph_0010__pathPersistency_0.4000,pathPersistency,0.4
trace,dsdv,0.380358,0.379697,1955,2752,60,1595,2392,0.000000,0.000000,0.000000,0,0,0,0,0,821,graph_0010__pathPersistency_0.4000,pathPersistency,0.4
trace,olsr,0.292811,0.292782,1198,1934,60,1198,1934,0.000000,0.000000,0.000000,0,0,0,0,0,5,graph_0010__pathPersistency_0.4000,pathPersistency,0.4
trace,aodv,0.620913,0.620864,2700,3742,60,2193,3255,0.225806,0.093719,2.487534,31,7,4,315,0,93,graph_0010__pathPersistency_0.4000,pathPersistency,0.4
trace,dsdv,0.386881,0.386849,2061,3005,60,1701,2645,0.000000,0.000000,0.000000,0,0,0,0,0,906,graph_0010__pathPersistency_0.4000,pathPersistency,0.4
trace,olsr,0.304299,0.304046,1194,1927,60,1194,1927,0.000000,0.000000,0.000000,0,0,0,0,0,3,graph_0010__pathPersistency_0.4000,pathPersistency,0.4
trace,aodv,0.965969,0.964135,3385,4420,60,2478,3567,0.278481,0.003633,24.529653,79,22,5,251,0,324,graph_0010__pathPersistency_0.4000,pathPersistency,0.4
trace,dsdv,0.326812,0.326764,1779,2524,60,1419,2164,0.000000,0.000000,0.000000,0,0,0,0,0,723,graph_0010__pathPersistency_0.4000,pathPersistency,0.4
trace,olsr,0.307409,0.307156,1204,1951,60,1204,1951,0.000000,0.000000,0.000000,0,0,0,0,0,4,graph_0010__pathPersistency_0.4000,pathPersistency,0.4
trace,aodv,0.949973,0.949593,3421,4505,60,2556,3715,0.000000,0.000000,0.000000,80,0,5,250,0,261,graph_0010__pathPersistency_0.4000,pathPersistency,0.4
trace,dsdv,0.367198,0.367100,1944,2769,60,1584,2409,0.000000,0.000000,0.000000,0,0,0,0,0,777,graph_0010__pathPersistency_0.4000,pathPersistency,0.4
trace,olsr,0.296136,0.296118,1197,1953,60,1197,1953,0.000000,0.000000,0.000000,0,0,0,0,0,3,graph_0010__pathPersistency_0.4000,pathPersistency,0.4
trace,aodv,0.878543,0.877420,3296,4367,60,2245,3345,0.500000,0.006445,42.390765,78,39,12,251,0,212,graph_0010__pathPersistency_0.4000,pathPersistency,0.4
trace,dsdv,0.396323,0.395797,2075,3082,60,1715,2722,0.000000,0.000000,0.000000,0,0,0,0,0,858,graph_0010__pathPersistency_0.4000,pathPersistency,0.4
trace,olsr,0.289464,0.289435,1196,1933,60,1196,1933,0.000000,0.000000,0.000000,0,0,0,0,0,8,graph_0010__pathPersistency_0.4000,pathPersistency,0.4
trace,aodv,0.716432,0.716150,2893,4009,60,2426,3568,0.000000,0.000000,0.000000,29,0,3,314,0,119,graph_0010__pathPersistency_0.4000,pathPersistency,0.4
trace,dsdv,0.363452,0.362806,1919,2782,60,1559,2422,0.000000,0.000000,0.000000,0,0,0,0,0,822,graph_0010__pathPersistency_0.4000,pathPersistency,0.4
trace,olsr,0.304998,0.304162,1200,1947,60,1200,1947,0.000000,0.000000,0.000000,0,0,0,0,0,3,graph_0010__pathPersistency_0.4000,pathPersistency,0.4
trace,aodv,0.662217,0.661256,2749,3779,60,2246,3303,0.000000,0.000000,0.000000,31,0,5,314,0,88,graph_0010__pathPersistency_0.4000,pathPersistency,0.4
trace,dsdv,0.540683,0.540150,2151,2852,60,1525,2313,0.033333,19.519758,50.362523,90,3,0,0,0,871,graph_0010__pathPersistency_0.4000,pathPersistency,0.4
trace,olsr,0.285575,0.285556,1189,1930,60,1189,1930,0.000000,0.000000,0.000000,0,0,0,0,0,3,graph_0010__pathPersistency_0.4000,pathPersistency,0.4
trace,aodv,0.688574,0.688283,2829,3876,60,2332,3400,0.218750,0.098389,2.500043,32,7,4,316,0,121,graph_0010__pathPersistency_0.4000,pathPersistency,0.4
trace,dsdv,0.328320,0.328215,1799,2481,60,1439,2121,0.000000,0.000000,0.000000,0,0,0,0,0,796,graph_0010__pathPersistency_0.4000,pathPersistency,0.4
trace,olsr,0.305358,0.304964,1203,1966,60,1203,1966,0.000000,0.000000,0.000000,0,0,0,0,0,5,graph_0010__pathPersistency_0.4000,pathPersistency,0.4
trace,aodv,0.894259,0.893824,3233,4256,60,2299,3373,0.230769,0.002975,32.440063,78,18,9,251,0,228,graph_0010__pathPersistency_0.4000,pathPersistency,0.4
trace,dsdv,0.362389,0.362355,1877,2703,60,1517,2343,0.000000,0.000000,0.000000,0,0,0,0,0,769,graph_0010__pathPersistency_0.4000,pathPersistency,0.4
trace,olsr,0.294772,0.294610,1189,1929,60,1189,1929,0.000000,0.000000,0.000000,0,0,0,0,0,7,graph_0010__pathPersistency_0.4000,pathPersistency,0.4
trace,aodv,0.623367,0.623334,2721,3761,60,2213,3273,0.225806,0.094111,2.488820,31,7,4,314,0,101,graph_0010__pathPersistency_0.4000,pathPersistency,0.4
trace,dsdv,0.363403,0.363382,1854,2582,60,1443,2191,0.000000,0.000000,0.000000,20,0,0,0,0,770,graph_0010__pathPersistency_0.4000,pathPersistency,0.4
trace,olsr,2.618505,2.613906,7004,9149,60,1892,4037,1.000000,0.050467,35.741639,284,284,0,0,0,64,graph_0009__pathPersistency_1.0000,pathPersistency,1.0
trace,aodv,2.933577,2.930910,8244,9950,60,1939,3657,0.966667,0.050436,30.498856,360,348,0,0,0,110,graph_0009__pathPersistency_1.0000,pathPersistency,1.0
trace,dsdv,1.476862,1.476064,4540,5121,60,1236,1827,0.945055,0.051030,44.919528,182,172,0,0,0,748,graph_0009__pathPersistency_1.0000,pathPersistency,1.0
trace,olsr,2.414053,2.412136,6557,8667,60,1877,3987,1.000000,0.050499,37.707820,260,260,0,0,0,69,graph_0009__pathPersistency_1.0000,pathPersistency,1.0
trace,aodv,2.778160,2.776170,7985,9624,60,1950,3617,0.922222,0.050548,31.810513,360,332,0,0,0,178,graph_0009__pathPersistency_1.0000,pathPersistency,1.0
trace,dsdv,1.047686,1.046908,3408,3981,60,1164,1740,0.973214,0.051910,50.085441,112,109,0,0,0,716,graph_0009__pathPersistency_1.0000,pathPersistency,1.0
trace,olsr,2.561661,2.557333,6866,9026,60,1898,4058,1.000000,0.050480,36.397036,276,276,0,0,0,48,graph_0009__pathPersistency_1.0000,pathPersistency,1.0
trace,aodv,3.212726,3.204400,8942,10612,60,1937,3618,0.969444,0.050583,30.418978,360,349,0,0,0,174,graph_0009__pathPersistency_1.0000,pathPersistency,1.0
trace,dsdv,0.880925,0.878505,2965,3459,60,1095,1592,0.966667,0.052503,51.890969,90,87,0,0,0,727,graph_0009__pathPersistency_1.0000,pathPersistency,1.0
trace,olsr,2.544728,2.543151,6979,9109,60,1885,4015,1.000000,0.050459,35.823578,283,283,0,0,0,85,graph_0009__pathPersistency_1.0000,pathPersistency,1.0
trace,aodv,2.914880,2.913109,8246,9937,60,1939,3641,0.969444,0.050538,30.417931,360,349,0,0,0,133,graph_0009__pathPersistency_1.0000,pathPersistency,1.0
trace,dsdv,1.570103,1.568623,4701,5257,60,1104,1664,0.978022,0.051014,44.428684,182,178,0,0,0,677,graph_0009__pathPersistency_1.0000,pathPersistency,1.0
trace,olsr,2.614064,2.608212,6943,9146,60,1939,4142,1.000000,0.050482,36.233215,278,278,0,0,0,58,graph_0009__pathPersistency_1.0000,pathPersistency,1.0
trace,aodv,2.814294,2.810428,7990,9645,60,1955,3638,0.922222,0.050541,31.810463,360,332,0,0,0,176,graph_0009__pathPersistency_1.0000,pathPersistency,1.0
trace,dsdv,0.256973,0.256799,1460,1951,60,1100,1591,0.000000,0.000000,0.000000,0,0,0,0,0,694,graph_0009__pathPersistency_1.0000,pathPersistency,1.0
trace,olsr,2.517206,2.516474,6891,9100,60,1941,4150,1.000000,0.050510,36.479135,275,275,0,0,0,51,graph_0009__pathPersistency_1.0000,pathPersistency,1.0
trace,aodv,2.859670,2.858042,8235,9892,60,1934,3608,0.952778,0.050370,30.907990,360,343,0,0,0,138,graph_0009__pathPersistency_1.0000,pathPersistency,1.0
trace,dsdv,1.442084,1.441368,4398,4807,60,987,1400,0.978022,0.051075,44.428629,182,178,0,0,0,654,graph_0009__pathPersistency_1.0000,pathPersistency,1.0
trace,olsr,2.566527,2.564402,6911,9055,60,1889,4033,1.000000,0.050504,36.151460,279,279,0,0,0,64,graph_0009__pathPersistency_1.0000,pathPersistency,1.0
trace,aodv,2.797835,2.797091,7986,9664,60,1951,3657,0.922222,0.050601,31.811044,360,332,0,0,0,131,graph_0009__pathPersistency_1.0000,pathPersistency,1.0
trace,dsdv,1.511396,1.511197,4614,5182,60,1196,1768,0.978022,0.051036,44.428255,182,178,0,0,0,748,graph_0009__pathPersistency_1.0000,pathPersistency,1.0
trace,olsr,2.605242,2.600797,6977,9191,60,1955,4169,1.000000,0.050493,36.151416,279,279,0,0,0,54,graph_0009__pathPersistency_1.0000,pathPersistency,1.0
trace,aodv,2.864275,2.857540,8148,9829,60,1937,3635,0.952778,0.050539,30.909417,360,343,0,0,0,123,graph_0009__pathPersistency_1.0000,pathPersistency,1.0
trace,dsdv,2.242507,2.236853,6354,6905,60,1123,1678,0.985348,0.050598,36.971637,273,269,0,0,0,666,graph_0009__pathPersistency_1.0000,pathPersistency,1.0
trace,olsr,2.545553,2.544616,6958,9107,60,1900,4049,1.000000,0.050461,35.987362,281,281,0,0,0,74,graph_0009__pathPersistency_1.0000,pathPersistency,1.0
trace,aodv,2.881256,2.879711,8244,9932,60,1937,3636,0.969444,0.050538,30.417941,360,349,0,0,0,138,graph_0009__pathPersistency_1.0000,pathPersistency,1.0
trace,dsdv,0.240088,0.240045,1418,1890,60,1058,1530,0.000000,0.000000,0.000000,0,0,0,0,0,652,graph_0009__pathPersistency_1.0000,pathPersistency,1.0
trace,olsr,2.420778,2.418429,6628,8761,60,1894,4027,1.000000,0.050517,37.462183,263,263,0,0,0,72,graph_0009__pathPersistency_1.0000,pathPersistency,1.0
trace,aodv,2.872220,2.871105,8244,9917,60,1937,3621,0.969444,0.050527,30.417851,360,349,0,0,0,160,graph_0009__pathPersistency_1.0000,pathPersistency,1.0
trace,dsdv,0.272525,0.272520,1538,2098,60,1178,1738,0.000000,0.000000,0.000000,0,0,0,0,0,694,graph_0009__pathPersistency_1.0000,pathPersistency,1.0
trace,olsr,0.291580,0.290863,1185,1868,60,1185,1868,0.000000,0.000000,0.000000,0,0,0,0,0,5,graph_0010__pathPersistency_0.3000,pathPersistency,0.3
trace,aodv,0.820787,0.819561,3143,4032,60,2351,3335,0.066667,0.102255,42.487104,105,7,3,251,0,250,graph_0010__pathPersistency_0.3000,pathPersistency,0.3
trace,dsdv,0.374589,0.373612,1960,2771,60,1600,2411,0.000000,0.000000,0.000000,0,0,0,0,0,717,graph_0010__pathPersistency_0.3000,pathPersistency,0.3
trace,olsr,0.290383,0.290367,1182,1854,60,1182,1854,0.000000,0.000000,0.000000,0,0,0,0,0,6,graph_0010__pathPersistency_0.3000,pathPersistency,0.3
trace,aodv,0.698279,0.697937,2886,3829,60,2197,3159,0.418605,0.005886,43.587505,43,18,6,313,0,193,graph_0010__pathPersistency_0.3000,pathPersistency,0.3
trace,dsdv,0.330199,0.330127,1795,2488,60,1435,2128,0.000000,0.000000,0.000000,0,0,0,0,0,682,graph_0010__pathPersistency_0.3000,pathPersistency,0.3
trace,olsr,0.294363,0.294347,1186,1874,60,1186,1874,0.000000,0.000000,0.000000,0,0,0,0,0,5,graph_0010__pathPersistency_0.3000,pathPersistency,0.3
trace,aodv,0.744394,0.744299,2968,3911,60,2259,3223,0.441860,0.006227,43.708492,43,19,3,313,0,179,graph_0010__pathPersistency_0.3000,pathPersistency,0.3
trace,dsdv,0.333819,0.333617,1866,2538,60,1506,2178,0.000000,0.000000,0.000000,0,0,0,0,0,792,graph_0010__pathPersistency_0.3000,pathPersistency,0.3
trace,olsr,0.291385,0.291353,1188,1867,60,1188,1867,0.000000,0.000000,0.000000,0,0,0,0,0,7,graph_0010__pathPersistency_0.3000,pathPersistency,0.3
trace,aodv,0.659089,0.658767,2766,3721,60,2335,3317,0.000000,0.000000,0.000000,27,0,1,314,0,118,graph_0010__pathPersistency_0.3000,pathPersistency,0.3
trace,dsdv,0.491825,0.491615,2066,2651,60,1500,2184,0.057143,2.147141,42.849092,105,6,0,0,0,846,graph_0010__pathPersistency_0.3000,pathPersistency,0.3
trace,olsr,0.291178,0.290462,1191,1870,60,1191,1870,0.000000,0.000000,0.000000,0,0,0,0,0,5,graph_0010__pathPersistency_0.3000,pathPersistency,0.3
trace,aodv,0.594249,0.593904,2678,3628,60,2186,3183,0.000000,0.000000,0.000000,50,0,4,252,0,90,graph_0010__pathPersistency_0.3000,pathPersistency,0.3
trace,dsdv,0.332328,0.331191,1795,2527,60,1435,2167,0.000000,0.000000,0.000000,0,0,0,0,0,710,graph_0010__pathPersistency_0.3000,pathPersistency,0.3
trace,olsr,0.286649,0.286560,1192,1884,60,1192,1884,0.000000,0.000000,0.000000,0,0,0,0,0,2,graph_0010__pathPersistency_0.3000,pathPersistency,0.3
trace,aodv,0.707849,0.707026,2884,3874,60,2333,3339,0.218750,0.093235,2.486244,32,7,9,314,0,157,graph_0010__pathPersistency_0.3000,pathPersistency,0.3
trace,dsdv,0.473054,0.473006,1982,2568,60,1457,2145,0.037736,0.360644,42.799670,106,4,0,0,0,794,graph_0010__pathPersistency_0.3000,pathPersistency,0.3
trace,olsr,0.295550,0.295318,1189,1870,60,1189,1870,0.000000,0.000000,0.000000,0,0,0,0,0,4,graph_0010__pathPersistency_0.3000,pathPersistency,0.3
trace,aodv,0.804191,0.804086,3153,4164,60,2585,3665,0.000000,0.000000,0.000000,77,0,9,253,0,174,graph_0010__pathPersistency_0.3000,pathPersistency,0.3
trace,dsdv,0.348018,0.347741,1834,2528,60,1474,2168,0.000000,0.000000,0.000000,0,0,0,0,0,672,graph_0010__pathPersistency_0.3000,pathPersistency,0.3
trace,olsr,0.277750,0.277567,1185,1857,60,1185,1857,0.000000,0.000000,0.000000,0,0,0,0,0,8,graph_0010__pathPersistency_0.3000,pathPersistency,0.3
trace,aodv,0.672150,0.671989,2827,3790,60,2247,3230,0.194444,0.097498,2.497821,36,7,9,315,0,132,graph_0010__pathPersistency_0.3000,pathPersistency,0.3
trace,dsdv,0.444273,0.443802,2104,2903,60,1705,2594,0.000000,0.000000,0.000000,90,0,0,0,0,788,graph_0010__pathPersistency_0.3000,pathPersistency,0.3
trace,olsr,0.288269,0.288180,1184,1864,60,1184,1864,0.000000,0.000000,0.000000,0,0,0,0,0,5,graph_0010__pathPersistency_0.3000,pathPersistency,0.3
trace,aodv,1.152125,1.151526,3950,4899,60,2682,3723,0.184000,0.009155,14.460597,125,23,11,187,0,283,graph_0010__pathPersistency_0.3000,pathPersistency,0.3
trace,dsdv,0.544439,0.544193,2204,2863,60,1564,2305,0.088889,0.098285,45.525042,90,8,0,0,0,876,graph_0010__pathPersistency_0.3000,pathPersistency,0.3
trace,olsr,0.288083,0.288001,1188,1873,60,1188,1873,0.000000,0.000000,0.000000,0,0,0,0,0,6,graph_0010__pathPersistency_0.3000,pathPersistency,0.3
trace,aodv,0.636381,0.635978,2732,3685,60,2238,3236,0.000000,0.000000,0.000000,50,0,6,252,0,62,graph_0010__pathPersistency_0.3000,pathPersistency,0.3
trace,dsdv,0.316071,0.315752,1730,2382,60,1370,2022,0.000000,0.000000,0.000000,0,0,0,0,0,683,graph_0010__pathPersistency_0.3000,pathPersistency,0.3
trace,olsr,0.301028,0.300919,1197,2018,60,1197,2018,0.000000,0.000000,0.000000,0,0,0,0,0,6,graph_0003__pathPersistency_0.4000,pathPersistency,0.4
trace,aodv,0.952264,0.952033,3461,4642,60,2320,3559,0.396040,0.007828,18.575086,101,40,3,250,0,217,graph_0003__pathPersistency_0.4000,pathPersistency,0.4
trace,dsdv,0.324295,0.324279,1745,2436,60,1385,2076,0.000000,0.000000,0.000000,0,0,0,0,0,636,graph_0003__pathPersistency_0.4000,pathPersistency,0.4
trace,olsr,0.308659,0.308121,1206,2032,60,1206,2032,0.000000,0.000000,0.000000,0,0,0,0,0,6,graph_0003__pathPersistency_0.4000,pathPersistency,0.4
trace,aodv,0.903386,0.902816,3325,4439,60,2289,3463,0.366337,0.007242,14.246408,101,37,4,249,0,216,graph_0003__pathPersistency_0.4000,pathPersistency,0.4
trace,dsdv,0.366286,0.366249,1928,2774,60,1568,2414,0.000000,0.000000,0.000000,0,0,0,0,0,794,graph_0003__pathPersistency_0.4000,pathPersistency,0.4
trace,olsr,0.314305,0.314281,1211,2050,60,1211,2050,0.000000,0.000000,0.000000,0,0,0,0,0,8,graph_0003__pathPersistency_0.4000,pathPersistency,0.4
trace,aodv,0.979538,0.979179,3492,4719,60,2363,3664,0.318182,0.013009,14.380816,110,35,2,187,0,244,graph_0003__pathPersistency_0.4000,pathPersistency,0.4
trace,dsdv,0.342114,0.342093,1870,2646,60,1510,2286,0.000000,0.000000,0.000000,0,0,0,0,0,662,graph_0003__pathPersistency_0.4000,pathPersistency,0.4
trace,olsr,0.302877,0.302863,1204,2025,60,1204,2025,0.000000,0.000000,0.000000,0,0,0,0,0,8,graph_0003__pathPersistency_0.4000,pathPersistency,0.4
trace,aodv,1.801792,1.801424,5354,6650,60,2854,4254,0.504464,0.017868,33.446109,224,113,7,125,0,752,graph_0003__pathPersistency_0.4000,pathPersistency,0.4
trace,dsdv,0.324079,0.323884,1737,2376,60,1377,2016,0.000000,0.000000,0.000000,0,0,0,0,0,660,graph_0003__pathPersistency_0.4000,pathPersistency,0.4
trace,olsr,0.305160,0.304943,1219,2066,60,1219,2066,0.000000,0.000000,0.000000,0,0,0,0,0,5,graph_0003__pathPersistency_0.4000,pathPersistency,0.4
trace,aodv,1.571888,1.571263,4894,6245,60,2937,4381,0.352657,0.018191,23.725030,207,73,42,124,0,568,graph_0003__pathPersistency_0.4000,pathPersistency,0.4
trace,dsdv,0.320451,0.320425,1747,2450,60,1387,2090,0.000000,0.000000,0.000000,0,0,0,0,0,616,graph_0003__pathPersistency_0.4000,pathPersistency,0.4
trace,olsr,0.297234,0.297200,1212,2048,60,1212,2048,0.000000,0.000000,0.000000,0,0,0,0,0,4,graph_0003__pathPersistency_0.4000,pathPersistency,0.4
trace,aodv,0.910843,0.910413,3299,4477,60,2291,3535,0.316832,0.006412,16.185609,101,32,3,249,0,226,graph_0003__pathPersistency_0.4000,pathPersistency,0.4
trace,dsdv,0.670722,0.670696,2237,2687,60,1308,1915,0.137363,0.057738,31.916090,182,25,0,0,0,643,graph_0003__pathPersistency_0.4000,pathPersistency,0.4
trace,olsr,0.304867,0.304785,1202,2019,60,1202,2019,0.000000,0.000000,0.000000,0,0,0,0,0,6,graph_0003__pathPersistency_0.4000,pathPersistency,0.4
trace,aodv,1.451628,1.450247,4532,5730,60,2518,3782,0.565217,0.014661,37.630576,161,91,4,189,0,557,graph_0003__pathPersistency_0.4000,pathPersistency,0.4
trace,dsdv,0.721331,0.719333,2368,2929,60,1440,2158,0.137363,0.058283,31.920070,182,25,0,0,0,785,graph_0003__pathPersistency_0.4000,pathPersistency,0.4
trace,olsr,0.290098,0.289683,1200,2000,60,1200,2000,0.000000,0.000000,0.000000,0,0,0,0,0,13,graph_0003__pathPersistency_0.4000,pathPersistency,0.4
trace,aodv,1.164712,1.164288,3874,5116,60,2594,3949,0.263804,0.012255,16.464167,163,43,9,187,0,225,graph_0003__pathPersistency_0.4000,pathPersistency,0.4
trace,dsdv,0.349328,0.349117,1857,2638,60,1497,2278,0.000000,0.000000,0.000000,0,0,0,0,0,724,graph_0003__pathPersistency_0.4000,pathPersistency,0.4
trace,olsr,0.300736,0.300718,1207,2038,60,1207,2038,0.000000,0.000000,0.000000,0,0,0,0,0,4,graph_0003__pathPersistency_0.4000,pathPersistency,0.4
trace,aodv,0.898588,0.898498,3312,4492,60,2278,3517,0.363636,0.005684,14.472490,99,36,4,250,0,201,graph_0003__pathPersistency_0.4000,pathPersistency,0.4
trace,dsdv,0.459582,0.459359,2001,2661,60,1476,2226,0.000000,0.000000,0.000000,90,0,0,0,0,676,graph_0003__pathPersistency_0.4000,pathPersistency,0.4
trace,olsr,0.297187,0.296681,1205,2031,60,1205,2031,0.000000,0.000000,0.000000,0,0,0,0,0,8,graph_0003__pathPersistency_0.4000,pathPersistency,0.4
trace,aodv,1.289855,1.289165,4220,5461,60,2540,3875,0.389937,0.017674,20.354733,159,62,3,188,0,425,graph_0003__pathPersistency_0.4000,pathPersistency,0.4
trace,dsdv,0.400404,0.400167,2084,3100,60,1724,2740,0.000000,0.000000,0.000000,0,0,0,0,0,817,graph_0003__pathPersistency_0.4000,pathPersistency,0.4
trace,olsr,0.296979,0.296975,1170,1773,60,1170,1773,0.000000,0.000000,0.000000,0,0,0,0,0,2,graph_0009__pathPersistency_0.1000,pathPersistency,0.1
trace,aodv,0.726426,0.726366,2848,3666,60,2158,3005,0.275000,0.069233,57.168439,40,11,0,315,0,110,graph_0009__pathPersistency_0.1000,pathPersistency,0.1
trace,dsdv,0.628074,0.627871,1961,2400,60,1261,1898,0.024631,0.162603,26.790753,203,5,0,0,0,555,graph_0009__pathPersistency_0.1000,pathPersistency,0.1
trace,olsr,0.289431,0.289421,1167,1758,60,1167,1758,0.000000,0.000000,0.000000,0,0,0,0,0,2,graph_0009__pathPersistency_0.1000,pathPersistency,0.1
trace,aodv,0.702790,0.702659,2850,3687,60,2145,3017,0.125000,0.166027,12.704484,40,5,0,315,0,102,graph_0009__pathPersistency_0.1000,pathPersistency,0.1
trace,dsdv,0.282988,0.282957,1569,2119,60,1209,1759,0.000000,0.000000,0.000000,0,0,0,0,0,472,graph_0009__pathPersistency_0.1000,pathPersistency,0.1
trace,olsr,0.280537,0.280530,1173,1770,60,1173,1770,0.000000,0.000000,0.000000,0,0,0,0,0,0,graph_0009__pathPersistency_0.1000,pathPersistency,0.1
trace,aodv,0.717439,0.716945,2873,3688,60,2171,3024,0.050000,42.609410,13.451768,40,2,0,315,0,110,graph_0009__pathPersistency_0.1000,pathPersistency,0.1
trace,dsdv,0.349392,0.349356,1599,2041,60,1082,1558,0.150000,0.134781,53.580687,40,6,0,0,0,488,graph_0009__pathPersistency_0.1000,pathPersistency,0.1
trace,olsr,0.288343,0.288324,1172,1767,60,1172,1767,0.000000,0.000000,0.000000,0,0,0,0,0,6,graph_0009__pathPersistency_0.1000,pathPersistency,0.1
trace,aodv,0.702233,0.701768,2848,3659,60,2154,2989,0.400000,0.002896,43.288241,40,16,0,316,0,108,graph_0009__pathPersistency_0.1000,pathPersistency,0.1
trace,dsdv,0.344036,0.343799,1535,1920,60,1013,1432,0.150000,0.129169,53.572725,40,6,0,0,0,489,graph_0009__pathPersistency_0.1000,pathPersistency,0.1
trace,olsr,0.348090,0.347794,1156,1726,60,1156,1726,0.000000,0.000000,0.000000,0,0,0,0,0,4,graph_0009__pathPersistency_0.1000,pathPersistency,0.1
trace,aodv,0.784968,0.784375,2782,3656,60,2217,3114,0.161290,0.178964,12.715315,31,5,3,315,0,97,graph_0009__pathPersistency_0.1000,pathPersistency,0.1
trace,dsdv,0.651741,0.651454,1947,2315,60,1192,1758,0.024631,0.154975,26.783221,203,5,0,0,0,621,graph_0009__pathPersistency_0.1000,pathPersistency,0.1
trace,olsr,0.312052,0.311923,1167,1751,60,1167,1751,0.000000,0.000000,0.000000,0,0,0,0,0,5,graph_0009__pathPersistency_0.1000,pathPersistency,0.1
trace,aodv,0.708208,0.707053,2852,3673,60,2171,3032,0.000000,0.000000,0.000000,40,0,0,316,0,97,graph_0009__pathPersistency_0.1000,pathPersistency,0.1
trace,dsdv,0.317144,0.316893,1694,2356,60,1334,1996,0.000000,0.000000,0.000000,0,0,0,0,0,527,graph_0009__pathPersistency_0.1000,pathPersistency,0.1
trace,olsr,0.290335,0.290297,1178,1779,60,1178,1779,0.000000,0.000000,0.000000,0,0,0,0,0,1,graph_0009__pathPersistency_0.1000,pathPersistency,0.1
trace,aodv,0.744220,0.743988,2901,3733,60,2210,3082,0.000000,0.000000,0.000000,40,0,0,315,0,85,graph_0009__pathPersistency_0.1000,pathPersistency,0.1
trace,dsdv,0.323679,0.323649,1710,2285,60,1350,1925,0.000000,0.000000,0.000000,0,0,0,0,0,669,graph_0009__pathPersistency_0.1000,pathPersistency,0.1
trace,olsr,0.290476,0.290474,1181,1782,60,1181,1782,0.000000,0.000000,0.000000,0,0,0,0,0,5,graph_0009__pathPersistency_0.1000,pathPersistency,0.1
trace,aodv,0.607467,0.607236,2615,3457,60,2153,3007,0.294118,0.198488,12.730196,17,5,1,315,0,92,graph_0009__pathPersistency_0.1000,pathPersistency,0.1
trace,dsdv,0.385837,0.385055,1713,2245,60,1160,1701,0.526316,0.083042,57.300215,19,10,0,0,0,540,graph_0009__pathPersistency_0.1000,pathPersistency,0.1
trace,olsr,0.284381,0.284356,1178,1782,60,1178,1782,0.000000,0.000000,0.000000,0,0,0,0,0,5,graph_0009__pathPersistency_0.1000,pathPersistency,0.1
trace,aodv,0.706534,0.706353,2873,3680,60,2144,2991,0.000000,0.000000,0.000000,40,0,0,315,0,148,graph_0009__pathPersistency_0.1000,pathPersistency,0.1
trace,dsdv,0.250522,0.250502,1433,1923,60,1073,1563,0.000000,0.000000,0.000000,0,0,0,0,0,432,graph_0009__pathPersistency_0.1000,pathPersistency,0.1
trace,olsr,0.293306,0.293303,1170,1766,60,1170,1766,0.000000,0.000000,0.000000,0,0,0,0,0,1,graph_0009__pathPersistency_0.1000,pathPersistency,0.1
trace,aodv,0.739875,0.739591,2892,3736,60,2189,3060,0.325000,0.002392,50.444267,40,13,0,316,0,133,graph_0009__pathPersistency_0.1000,pathPersistency,0.1
trace,dsdv,0.612812,0.612592,1923,2301,60,1217,1794,0.024510,0.154911,26.783167,204,5,0,0,0,560,graph_0009__pathPersistency_0.1000,pathPersistency,0.1
trace,olsr,0.576747,0.576403,1709,3515,60,1497,3335,0.000000,0.000000,0.000000,48,0,2,0,0,34,graph_0008__pathPersistency_0.7000,pathPersistency,0.7
trace,aodv,2.696433,2.695418,7354,9743,60,3290,5715,0.727273,0.031235,37.658009,297,216,46,63,0,917,graph_0008__pathPersistency_0.7000,pathPersistency,0.7
trace,dsdv,0.738486,0.738292,2853,3960,60,1781,3070,0.000000,0.000000,0.000000,182,0,0,0,0,1312,graph_0008__pathPersistency_0.7000,pathPersistency,0.7
trace,olsr,0.438592,0.438370,1437,3205,60,1437,3205,0.000000,0.000000,0.000000,0,0,0,0,0,15,graph_0008__pathPersistency_0.7000,pathPersistency,0.7
trace,aodv,2.146879,2.145505,6019,8162,60,3047,5267,0.608511,0.020682,40.421212,235,143,15,125,0,481,graph_0008__pathPersistency_0.7000,pathPersistency,0.7
trace,dsdv,0.798787,0.798279,2834,4120,60,1869,3219,0.288889,0.058922,46.917620,90,26,0,0,0,1368,graph_0008__pathPersistency_0.7000,pathPersistency,0.7
trace,olsr,0.573384,0.573150,1654,3380,60,1456,3215,0.000000,0.000000,0.000000,43,0,2,0,0,31,graph_0008__pathPersistency_0.7000,pathPersistency,0.7
trace,aodv,2.327112,2.326155,6311,8634,60,3320,5729,0.435897,0.017925,30.868069,234,102,46,126,0,654,graph_0008__pathPersistency_0.7000,pathPersistency,0.7
trace,dsdv,1.291337,1.290679,3400,4568,60,1946,3370,0.052778,0.003403,3.867024,360,19,85,0,0,1460,graph_0008__pathPersistency_0.7000,pathPersistency,0.7
trace,olsr,0.542555,0.542444,1609,3370,60,1453,3245,0.000000,0.000000,0.000000,62,0,19,0,0,13,graph_0008__pathPersistency_0.7000,pathPersistency,0.7
trace,aodv,2.387593,2.383105,6456,8657,60,2994,5241,0.691700,0.030737,31.979273,253,175,33,63,0,802,graph_0008__pathPersistency_0.7000,pathPersistency,0.7
trace,dsdv,0.733113,0.732696,2705,3803,60,1791,2979,0.000000,0.000000,0.000000,90,0,0,0,0,1234,graph_0008__pathPersistency_0.7000,pathPersistency,0.7
trace,olsr,0.563167,0.563102,1700,3502,60,1502,3336,0.000000,0.000000,0.000000,43,0,0,0,0,62,graph_0008__pathPersistency_0.7000,pathPersistency,0.7
trace,aodv,2.525524,2.524574,6936,9162,60,3151,5461,0.667785,0.028788,39.691984,298,199,15,63,0,757,graph_0008__pathPersistency_0.7000,pathPersistency,0.7
trace,dsdv,2.612151,2.611120,7239,8578,60,2357,3918,0.000000,0.000000,0.000000,273,0,0,0,0,1428,graph_0008__pathPersistency_0.7000,pathPersistency,0.7
trace,olsr,0.639308,0.639244,1797,3507,60,1453,3198,0.000000,0.000000,0.000000,48,0,4,0,0,27,graph_0008__pathPersistency_0.7000,pathPersistency,0.7
trace,aodv,2.445906,2.445490,6641,8873,60,2925,5234,0.670034,0.030280,36.880885,297,199,21,63,0,686,graph_0008__pathPersistency_0.7000,pathPersistency,0.7
trace,dsdv,1.566993,1.565117,4051,5208,60,1782,3077,0.412766,0.042566,38.724154,235,97,0,0,0,1288,graph_0008__pathPersistency_0.7000,pathPersistency,0.7
trace,olsr,0.616242,0.616054,1757,3509,60,1475,3262,0.000000,0.000000,0.000000,50,0,4,0,0,20,graph_0008__pathPersistency_0.7000,pathPersistency,0.7
trace,aodv,2.715538,2.714722,7226,9518,60,3251,5616,0.640940,0.027634,39.298066,298,191,35,62,0,996,graph_0008__pathPersistency_0.7000,pathPersistency,0.7
trace,dsdv,0.435515,0.435475,2078,3276,60,1718,2916,0.000000,0.000000,0.000000,0,0,0,0,0,1267,graph_0008__pathPersistency_0.7000,pathPersistency,0.7
trace,olsr,0.624523,0.622389,1800,3553,60,1467,3254,0.000000,0.000000,0.000000,47,0,7,0,0,20,graph_0008__pathPersistency_0.7000,pathPersistency,0.7
trace,aodv,2.018044,2.017410,5654,7861,60,2924,5196,0.578723,0.020698,39.931151,235,136,34,125,0,532,graph_0008__pathPersistency_0.7000,pathPersistency,0.7
trace,dsdv,1.191143,1.189721,3800,4721,60,1612,2597,0.000000,0.000000,0.000000,90,0,0,0,0,1289,graph_0008__pathPersistency_0.7000,pathPersistency,0.7
trace,olsr,0.644162,0.644105,1846,3602,60,1467,3255,0.000000,0.000000,0.000000,59,0,22,0,0,32,graph_0008__pathPersistency_0.7000,pathPersistency,0.7
trace,aodv,1.715724,1.715255,5138,7247,60,2673,4843,0.489362,0.017507,38.392210,235,115,59,125,0,488,graph_0008__pathPersistency_0.7000,pathPersistency,0.7
trace,dsdv,0.445266,0.445214,2176,3503,60,1816,3143,0.000000,0.000000,0.000000,0,0,0,0,0,1323,graph_0008__pathPersistency_0.7000,pathPersistency,0.7
trace,olsr,0.583909,0.582480,1665,3422,60,1468,3258,0.000000,0.000000,0.000000,44,0,5,0,0,22,graph_0008__pathPersistency_0.7000,pathPersistency,0.7
trace,aodv,2.537293,2.533962,6667,8832,60,3039,5255,0.614094,0.026468,36.600892,298,183,64,62,0,691,graph_0008__pathPersistency_0.7000,pathPersistency,0.7
trace,dsdv,0.976220,0.975388,3182,4320,60,1788,3033,0.322785,0.053892,37.804172,158,51,0,0,0,1400,graph_0008__pathPersistency_0.7000,pathPersistency,0.7
trace,olsr,1.077060,1.076411,2804,4828,60,1534,3563,0.937500,0.052478,52.871190,80,75,0,0,0,42,graph_0003__pathPersistency_0.9000,pathPersistency,0.9
trace,aodv,2.478070,2.476491,6712,9013,60,2600,4956,0.734007,0.031560,36.136018,297,218,24,63,0,418,graph_0003__pathPersistency_0.9000,pathPersistency,0.9
trace,dsdv,0.458892,0.458847,2129,3301,60,1769,2941,0.000000,0.000000,0.000000,0,0,0,0,0,1191,graph_0003__pathPersistency_0.9000,pathPersistency,0.9
trace,olsr,1.122923,1.122809,2825,4840,60,1513,3528,1.000000,0.051596,52.292328,82,82,0,0,0,39,graph_0003__pathPersistency_0.9000,pathPersistency,0.9
trace,aodv,2.589572,2.588549,6655,8977,60,2684,5051,0.708054,0.030535,31.648898,298,211,42,62,0,499,graph_0003__pathPersistency_0.9000,pathPersistency,0.9
trace,dsdv,1.813897,1.813163,5113,6342,60,1879,3112,0.978022,0.050978,44.427652,182,178,0,0,0,1364,graph_0003__pathPersistency_0.9000,pathPersistency,0.9
trace,olsr,1.298181,1.297947,3137,5216,60,1553,3632,1.000000,0.051285,50.898680,99,99,0,0,0,35,graph_0003__pathPersistency_0.9000,pathPersistency,0.9
trace,aodv,2.505610,2.504244,6409,8805,60,2850,5300,0.536913,0.023479,35.699347,298,160,85,64,0,666,graph_0003__pathPersistency_0.9000,pathPersistency,0.9
trace,dsdv,1.492044,1.491677,4232,5406,60,1804,3031,0.518219,0.026699,46.023513,247,128,0,0,0,1272,graph_0003__pathPersistency_0.9000,pathPersistency,0.9
trace,olsr,1.234486,1.234219,2949,4980,60,1525,3556,1.000000,0.051503,51.718873,89,89,0,0,0,42,graph_0003__pathPersistency_0.9000,pathPersistency,0.9
trace,aodv,2.648434,2.647880,6484,8657,60,2317,4543,0.760943,0.032715,35.926098,297,226,18,63,0,472,graph_0003__pathPersistency_0.9000,pathPersistency,0.9
trace,dsdv,5.475865,5.474620,12939,13917,60,2645,3741,0.308333,0.015528,27.495870,360,111,0,0,0,1283,graph_0003__pathPersistency_0.9000,pathPersistency,0.9
trace,olsr,1.293353,1.293127,2999,5009,60,1527,3537,1.000000,0.051393,51.472376,92,92,0,0,0,55,graph_0003__pathPersistency_0.9000,pathPersistency,0.9
trace,aodv,3.204000,3.202427,7279,9426,60,2306,4518,0.791667,0.041226,32.826462,360,285,10,0,0,578,graph_0003__pathPersistency_0.9000,pathPersistency,0.9
trace,dsdv,0.447726,0.446193,1962,2966,60,1602,2606,0.000000,0.000000,0.000000,0,0,0,0,0,1133,graph_0003__pathPersistency_0.9000,pathPersistency,0.9
trace,olsr,1.219672,1.217583,3024,5036,60,1520,3532,1.000000,0.051369,51.308047,94,94,0,0,0,18,graph_0003__pathPersistency_0.9000,pathPersistency,0.9
trace,aodv,3.062878,3.062438,7403,9666,60,3039,5516,0.283333,0.042688,11.943219,360,102,46,0,0,426,graph_0003__pathPersistency_0.9000,pathPersistency,0.9
trace,dsdv,2.195188,2.193152,6209,7377,60,2319,3531,0.000000,0.000000,0.000000,90,0,0,0,0,1309,graph_0003__pathPersistency_0.9000,pathPersistency,0.9
trace,olsr,1.031615,1.031308,2679,4706,60,1527,3554,1.000000,0.051868,53.112244,72,72,0,0,0,35,graph_0003__pathPersistency_0.9000,pathPersistency,0.9
trace,aodv,3.090924,3.085811,7680,10003,60,2726,5094,0.777778,0.040507,32.126273,360,280,36,0,0,527,graph_0003__pathPersistency_0.9000,pathPersistency,0.9
trace,dsdv,0.451856,0.451838,2027,3068,60,1667,2708,0.000000,0.000000,0.000000,0,0,0,0,0,1180,graph_0003__pathPersistency_0.9000,pathPersistency,0.9
trace,olsr,1.221285,1.221003,2962,4985,60,1522,3545,1.000000,0.051438,51.636255,90,90,0,0,0,41,graph_0003__pathPersistency_0.9000,pathPersistency,0.9
trace,aodv,2.758724,2.758197,6702,8880,60,2408,4645,0.633333,0.033465,36.502557,360,228,73,0,0,513,graph_0003__pathPersistency_0.9000,pathPersistency,0.9
trace,dsdv,1.441144,1.440383,4078,5265,60,1888,3126,0.402930,0.020652,39.217643,273,110,0,0,0,1352,graph_0003__pathPersistency_0.9000,pathPersistency,0.9
trace,olsr,1.202575,1.202345,3055,5095,60,1535,3575,1.000000,0.051320,51.225876,95,95,0,0,0,21,graph_0003__pathPersistency_0.9000,pathPersistency,0.9
trace,aodv,2.928143,2.927178,7453,9691,60,2497,4793,0.772222,0.040208,32.559732,360,278,24,0,0,564,graph_0003__pathPersistency_0.9000,pathPersistency,0.9
trace,dsdv,0.508824,0.508723,2080,3198,60,1720,2838,0.000000,0.000000,0.000000,0,0,0,0,0,1142,graph_0003__pathPersistency_0.9000,pathPersistency,0.9
trace,olsr,1.224469,1.223608,3107,5166,60,1539,3598,1.000000,0.051343,50.981106,98,98,0,0,0,32,graph_0003__pathPersistency_0.9000,pathPersistency,0.9
trace,aodv,2.619187,2.618106,6536,8843,60,2701,5073,0.704698,0.030390,32.348830,298,210,23,62,0,564,graph_0003__pathPersistency_0.9000,pathPersistency,0.9
trace,dsdv,0.453479,0.453405,2095,3232,60,1735,2872,0.000000,0.000000,0.000000,0,0,0,0,0,1187,graph_0003__pathPersistency_0.9000,pathPersistency,0.9
trace,olsr,0.268672,0.268354,1158,1588,60,1158,1588,0.000000,0.000000,0.000000,0,0,0,0,0,4,graph_0003__pathPersistency_0.1000,pathPersistency,0.1
trace,aodv,0.504794,0.504674,2498,3226,60,2066,2807,0.176471,9.550353,53.924002,17,3,1,315,0,87,graph_0003__pathPersistency_0.1000,pathPersistency,0.1
trace,dsdv,0.310376,0.310223,1551,1978,60,1075,1518,0.157895,25.628191,57.023182,19,3,0,0,0,439,graph_0003__pathPersistency_0.1000,pathPersistency,0.1
trace,olsr,0.269954,0.269660,1154,1586,60,1154,1586,0.000000,0.000000,0.000000,0,0,0,0,0,2,graph_0003__pathPersistency_0.1000,pathPersistency,0.1
trace,aodv,0.512928,0.512788,2530,3251,60,2050,2800,0.142857,0.166928,56.777507,35,5,1,315,0,58,graph_0003__pathPersistency_0.1000,pathPersistency,0.1
trace,dsdv,0.240055,0.239889,1409,1794,60,1049,1434,0.000000,0.000000,0.000000,0,0,0,0,0,435,graph_0003__pathPersistency_0.1000,pathPersistency,0.1
trace,olsr,0.274601,0.274564,1161,1599,60,1161,1599,0.000000,0.000000,0.000000,0,0,0,0,0,1,graph_0003__pathPersistency_0.1000,pathPersistency,0.1
trace,aodv,0.522358,0.522306,2510,3248,60,2060,2820,0.107143,13.449293,53.889507,28,3,3,315,0,54,graph_0003__pathPersistency_0.1000,pathPersistency,0.1
trace,dsdv,0.275951,0.275772,1551,1998,60,1191,1638,0.000000,0.000000,0.000000,0,0,0,0,0,429,graph_0003__pathPersistency_0.1000,pathPersistency,0.1
trace,olsr,0.269054,0.268873,1154,1589,60,1154,1589,0.000000,0.000000,0.000000,0,0,0,0,0,3,graph_0003__pathPersistency_0.1000,pathPersistency,0.1
trace,aodv,0.655922,0.655702,2840,3561,60,2191,2935,0.333333,0.004155,43.205322,36,12,1,315,0,157,graph_0003__pathPersistency_0.1000,pathPersistency,0.1
trace,dsdv,0.198121,0.197944,1238,1544,60,878,1184,0.000000,0.000000,0.000000,0,0,0,0,0,344,graph_0003__pathPersistency_0.1000,pathPersistency,0.1
trace,olsr,0.264091,0.264064,1153,1593,60,1153,1593,0.000000,0.000000,0.000000,0,0,0,0,0,4,graph_0003__pathPersistency_0.1000,pathPersistency,0.1
trace,aodv,0.570182,0.569957,2659,3394,60,2163,2924,0.081081,8.893688,53.919305,37,3,8,315,0,111,graph_0003__pathPersistency_0.1000,pathPersistency,0.1
trace,dsdv,0.240793,0.240619,1447,1811,60,1087,1451,0.000000,0.000000,0.000000,0,0,0,0,0,562,graph_0003__pathPersistency_0.1000,pathPersistency,0.1
trace,olsr,0.283196,0.283193,1148,1567,60,1148,1567,0.000000,0.000000,0.000000,0,0,0,0,0,4,graph_0003__pathPersistency_0.1000,pathPersistency,0.1
trace,aodv,0.568191,0.567358,2474,3231,60,2046,2815,0.200000,12.129516,53.900477,15,3,0,315,0,49,graph_0003__pathPersistency_0.1000,pathPersistency,0.1
trace,dsdv,0.292148,0.292144,1483,1911,60,1123,1551,0.000000,0.000000,0.000000,0,0,0,0,0,432,graph_0003__pathPersistency_0.1000,pathPersistency,0.1
trace,olsr,0.280905,0.280889,1155,1580,60,1155,1580,0.000000,0.000000,0.000000,0,0,0,0,0,2,graph_0003__pathPersistency_0.1000,pathPersistency,0.1
trace,aodv,0.582798,0.582769,2590,3345,60,2143,2919,0.107143,9.610106,53.923176,28,3,4,315,0,109,graph_0003__pathPersistency_0.1000,pathPersistency,0.1
trace,dsdv,0.403861,0.403676,1853,2355,60,1350,1867,0.250000,0.259449,56.831488,20,5,0,0,0,545,graph_0003__pathPersistency_0.1000,pathPersistency,0.1
trace,olsr,0.273424,0.272976,1162,1602,60,1162,1602,0.000000,0.000000,0.000000,0,0,0,0,0,4,graph_0003__pathPersistency_0.1000,pathPersistency,0.1
trace,aodv,0.572137,0.571169,2599,3291,60,2125,2834,0.105263,42.609410,34.079741,19,2,0,315,0,103,graph_0003__pathPersistency_0.1000,pathPersistency,0.1
trace,dsdv,0.238819,0.237649,1393,1781,60,1033,1421,0.000000,0.000000,0.000000,0,0,0,0,0,411,graph_0003__pathPersistency_0.1000,pathPersistency,0.1
trace,olsr,0.265345,0.265150,1162,1592,60,1162,1592,0.000000,0.000000,0.000000,0,0,0,0,0,5,graph_0003__pathPersistency_0.1000,pathPersistency,0.1
trace,aodv,0.527452,0.526284,2558,3302,60,2099,2865,0.107143,12.952994,53.904366,28,3,3,315,0,99,graph_0003__pathPersistency_0.1000,pathPersistency,0.1
trace,dsdv,0.234422,0.234395,1438,1794,60,1078,1434,0.000000,0.000000,0.000000,0,0,0,0,0,418,graph_0003__pathPersistency_0.1000,pathPersistency,0.1
trace,olsr,0.302426,0.302387,1161,1591,60,1161,1591,0.000000,0.000000,0.000000,0,0,0,0,0,4,graph_0003__pathPersistency_0.1000,pathPersistency,0.1
trace,aodv,0.622527,0.621718,2741,3489,60,2163,2934,0.342857,0.004150,43.192618,35,12,0,314,0,104,graph_0003__pathPersistency_0.1000,pathPersistency,0.1
trace,dsdv,0.261552,0.261064,1527,2000,60,1167,1640,0.000000,0.000000,0.000000,0,0,0,0,0,478,graph_0003__pathPersistency_0.1000,pathPersistency,0.1
trace,olsr,0.314704,0.314618,1211,2143,60,1211,2143,0.000000,0.000000,0.000000,0,0,0,0,0,7,graph_0004__pathPersistency_0.5000,pathPersistency,0.5
trace,aodv,1.401676,1.401278,4395,5765,60,2644,4085,0.448052,0.011598,31.241156,154,69,14,188,0,528,graph_0004__pathPersistency_0.5000,pathPersistency,0.5
trace,dsdv,0.503731,0.503697,2081,2775,60,1530,2406,0.000000,0.000000,0.000000,182,0,0,0,0,919,graph_0004__pathPersistency_0.5000,pathPersistency,0.5
trace,olsr,0.318526,0.318489,1221,2167,60,1221,2167,0.000000,0.000000,0.000000,0,0,0,0,0,10,graph_0004__pathPersistency_0.5000,pathPersistency,0.5
trace,aodv,1.084604,1.083219,3688,5031,60,2458,3836,0.484536,0.036217,5.925272,97,47,15,252,0,265,graph_0004__pathPersistency_0.5000,pathPersistency,0.5
trace,dsdv,0.386381,0.385184,1957,2874,60,1597,2514,0.000000,0.000000,0.000000,0,0,0,0,0,938,graph_0004__pathPersistency_0.5000,pathPersistency,0.5
trace,olsr,0.320150,0.319941,1220,2147,60,1220,2147,0.000000,0.000000,0.000000,0,0,0,0,0,12,graph_0004__pathPersistency_0.5000,pathPersistency,0.5
trace,aodv,1.310360,1.308496,4181,5496,60,2582,3983,0.372093,0.010374,21.906369,172,64,22,189,0,363,graph_0004__pathPersistency_0.5000,pathPersistency,0.5
trace,dsdv,0.538100,0.537402,2074,2728,60,1558,2394,0.000000,0.000000,0.000000,182,0,0,0,0,997,graph_0004__pathPersistency_0.5000,pathPersistency,0.5
trace,olsr,0.309760,0.309753,1213,2152,60,1213,2152,0.000000,0.000000,0.000000,0,0,0,0,0,10,graph_0004__pathPersistency_0.5000,pathPersistency,0.5
trace,aodv,1.923320,1.922948,5616,7068,60,3027,4540,0.513393,0.018287,29.110887,224,115,48,126,0,725,graph_0004__pathPersistency_0.5000,pathPersistency,0.5
trace,dsdv,0.531901,0.531835,2088,2805,60,1488,2287,0.088889,0.101452,45.534455,90,8,0,0,0,933,graph_0004__pathPersistency_0.5000,pathPersistency,0.5
trace,olsr,0.309982,0.309916,1219,2152,60,1219,2152,0.000000,0.000000,0.000000,0,0,0,0,0,12,graph_0004__pathPersistency_0.5000,pathPersistency,0.5
trace,aodv,1.516219,1.515780,4687,6120,60,2677,4162,0.587097,0.014473,27.556219,155,91,12,188,0,401,graph_0004__pathPersistency_0.5000,pathPersistency,0.5
trace,dsdv,0.362828,0.362722,1911,2726,60,1551,2366,0.000000,0.000000,0.000000,0,0,0,0,0,957,graph_0004__pathPersistency_0.5000,pathPersistency,0.5
trace,olsr,0.315959,0.315944,1216,2145,60,1216,2145,0.000000,0.000000,0.000000,0,0,0,0,0,3,graph_0004__pathPersistency_0.5000,pathPersistency,0.5
trace,aodv,1.027621,1.027230,3570,4862,60,2349,3668,0.586207,0.010307,10.527901,87,51,10,250,0,181,graph_0004__pathPersistency_0.5000,pathPersistency,0.5
trace,dsdv,1.844751,1.844022,5289,6084,60,1762,2702,0.025381,0.256755,27.830726,197,5,0,0,0,1044,graph_0004__pathPersistency_0.5000,pathPersistency,0.5
trace,olsr,0.311561,0.311343,1229,2182,60,1229,2182,0.000000,0.000000,0.000000,0,0,0,0,0,6,graph_0004__pathPersistency_0.5000,pathPersistency,0.5
trace,aodv,1.100809,1.100487,3783,5117,60,2388,3780,0.435185,0.036401,5.925687,108,47,3,252,0,238,graph_0004__pathPersistency_0.5000,pathPersistency,0.5
trace,dsdv,0.407489,0.407404,2106,3129,60,1746,2769,0.000000,0.000000,0.000000,0,0,0,0,0,978,graph_0004__pathPersistency_0.5000,pathPersistency,0.5
trace,olsr,0.315083,0.314961,1217,2155,60,1217,2155,0.000000,0.000000,0.000000,0,0,0,0,0,5,graph_0004__pathPersistency_0.5000,pathPersistency,0.5
trace,aodv,1.024113,1.023563,3600,4853,60,2314,3600,0.581395,0.010116,9.904338,86,50,3,251,0,125,graph_0004__pathPersistency_0.5000,pathPersistency,0.5
trace,dsdv,1.150811,1.150121,3340,4050,60,1760,2724,0.021978,0.077453,45.604424,273,6,0,0,0,1000,graph_0004__pathPersistency_0.5000,pathPersistency,0.5
trace,olsr,0.306636,0.306469,1226,2166,60,1226,2166,0.000000,0.000000,0.000000,0,0,0,0,0,9,graph_0004__pathPersistency_0.5000,pathPersistency,0.5
trace,aodv,1.486627,1.484717,4599,6032,60,2849,4350,0.467532,0.011438,18.596457,154,72,17,188,0,518,graph_0004__pathPersistency_0.5000,pathPersistency,0.5
trace,dsdv,0.536155,0.535892,2174,2920,60,1578,2411,0.033333,19.836248,50.360872,90,3,0,0,0,1025,graph_0004__pathPersistency_0.5000,pathPersistency,0.5
trace,olsr,0.322114,0.321700,1223,2150,60,1223,2150,0.000000,0.000000,0.000000,0,0,0,0,0,7,graph_0004__pathPersistency_0.5000,pathPersistency,0.5
trace,aodv,1.364012,1.363768,4369,5731,60,2677,4107,0.422078,0.010333,17.191250,154,65,22,188,0,397,graph_0004__pathPersistency_0.5000,pathPersistency,0.5
trace,dsdv,0.380167,0.380143,2001,2868,60,1641,2508,0.000000,0.000000,0.000000,0,0,0,0,0,1025,graph_0004__pathPersistency_0.5000,pathPersistency,0.5
trace,olsr,0.417440,0.417278,1417,2875,60,1391,2865,0.000000,0.000000,0.000000,16,0,0,0,0,8,graph_0002__pathPersistency_0.7000,pathPersistency,0.7
trace,aodv,2.443924,2.439467,6623,8623,60,3241,5344,0.561224,0.024291,28.296540,294,165,26,62,0,1074,graph_0002__pathPersistency_0.7000,pathPersistency,0.7
trace,dsdv,0.853547,0.853102,2795,3845,60,1808,3027,0.028736,0.157095,31.700565,174,5,0,0,0,1107,graph_0002__pathPersistency_0.7000,pathPersistency,0.7
trace,olsr,0.476193,0.476014,1484,2910,60,1375,2815,0.250000,0.100933,53.583533,20,5,1,0,0,21,graph_0002__pathPersistency_0.7000,pathPersistency,0.7
trace,aodv,1.491248,1.489572,4564,6330,60,2914,4895,0.018727,0.167993,12.705514,267,5,47,63,0,459,graph_0002__pathPersistency_0.7000,pathPersistency,0.7
trace,dsdv,0.453642,0.453616,2102,3319,60,1742,2959,0.000000,0.000000,0.000000,0,0,0,0,0,962,graph_0002__pathPersistency_0.7000,pathPersistency,0.7
trace,olsr,0.419955,0.419689,1381,2857,60,1381,2857,0.000000,0.000000,0.000000,0,0,0,0,0,7,graph_0002__pathPersistency_0.7000,pathPersistency,0.7
trace,aodv,2.501371,2.498755,6379,8483,60,3377,5572,0.457912,0.020029,27.773086,297,136,72,62,0,804,graph_0002__pathPersistency_0.7000,pathPersistency,0.7
trace,dsdv,2.025777,2.022337,5436,6587,60,2020,3390,0.065934,0.003827,36.408815,273,18,0,0,0,1090,graph_0002__pathPersistency_0.7000,pathPersistency,0.7
trace,olsr,0.402312,0.402136,1379,2833,60,1379,2833,0.000000,0.000000,0.000000,0,0,0,0,0,4,graph_0002__pathPersistency_0.7000,pathPersistency,0.7
trace,aodv,2.169598,2.169058,5939,8021,60,3136,5302,0.557447,0.019289,28.750574,235,131,22,124,0,578,graph_0002__pathPersistency_0.7000,pathPersistency,0.7
trace,dsdv,0.913650,0.913527,2853,3830,60,1791,2936,0.040000,0.108058,31.521873,175,7,0,0,0,1133,graph_0002__pathPersistency_0.7000,pathPersistency,0.7
trace,olsr,0.423496,0.423463,1367,2808,60,1367,2808,0.000000,0.000000,0.000000,0,0,0,0,0,4,graph_0002__pathPersistency_0.7000,pathPersistency,0.7
trace,aodv,2.370440,2.367947,6347,8365,60,3413,5522,0.457338,0.019719,31.978345,293,134,68,62,0,880,graph_0002__pathPersistency_0.7000,pathPersistency,0.7
trace,dsdv,0.917109,0.915748,2870,3919,60,1782,2999,0.040000,0.111410,31.528689,175,7,0,0,0,1073,graph_0002__pathPersistency_0.7000,pathPersistency,0.7
trace,olsr,0.420624,0.420586,1419,2884,60,1395,2875,0.000000,0.000000,0.000000,15,0,0,0,0,8,graph_0002__pathPersistency_0.7000,pathPersistency,0.7
trace,aodv,2.806298,2.805974,7261,9298,60,3470,5613,0.500000,0.026210,29.609743,356,178,72,0,0,891,graph_0002__pathPersistency_0.7000,pathPersistency,0.7
trace,dsdv,1.156103,1.155900,3239,4464,60,2068,3457,0.028902,0.191316,31.728583,173,5,0,0,0,1249,graph_0002__pathPersistency_0.7000,pathPersistency,0.7
trace,olsr,0.410227,0.410200,1356,2767,60,1356,2767,0.000000,0.000000,0.000000,0,0,0,0,0,8,graph_0002__pathPersistency_0.7000,pathPersistency,0.7
trace,aodv,2.421900,2.421457,6386,8399,60,3216,5317,0.522648,0.031820,23.951195,287,150,50,62,0,954,graph_0002__pathPersistency_0.7000,pathPersistency,0.7
trace,dsdv,1.577641,1.577158,4144,5097,60,1837,3070,0.127778,0.017487,8.812775,360,46,25,0,0,1012,graph_0002__pathPersistency_0.7000,pathPersistency,0.7
trace,olsr,0.394752,0.394613,1374,2804,60,1374,2804,0.000000,0.000000,0.000000,0,0,0,0,0,11,graph_0002__pathPersistency_0.7000,pathPersistency,0.7
trace,aodv,2.024927,2.022928,5536,7414,60,3027,5023,0.354610,0.015892,23.302838,282,100,64,62,0,569,graph_0002__pathPersistency_0.7000,pathPersistency,0.7
trace,dsdv,0.502417,0.502130,2354,3748,60,1994,3388,0.000000,0.000000,0.000000,0,0,0,0,0,1093,graph_0002__pathPersistency_0.7000,pathPersistency,0.7
trace,olsr,0.406320,0.406118,1401,2883,60,1401,2883,0.000000,0.000000,0.000000,0,0,0,0,0,9,graph_0002__pathPersistency_0.7000,pathPersistency,0.7
trace,aodv,1.985085,1.984264,5564,7554,60,2992,5051,0.497854,0.017079,30.456399,233,116,48,124,0,609,graph_0002__pathPersistency_0.7000,pathPersistency,0.7
trace,dsdv,0.451136,0.450908,2179,3334,60,1819,2974,0.000000,0.000000,0.000000,0,0,0,0,0,1064,graph_0002__pathPersistency_0.7000,pathPersistency,0.7
trace,olsr,0.409061,0.409024,1427,2888,60,1403,2879,0.000000,0.000000,0.000000,15,0,0,0,0,10,graph_0002__pathPersistency_0.7000,pathPersistency,0.7
trace,aodv,1.194077,1.192591,3527,5065,60,2550,4448,0.000000,0.000000,0.000000,360,0,0,0,0,241,graph_0002__pathPersistency_0.7000,pathPersistency,0.7
trace,dsdv,0.520074,0.520055,2257,3591,60,1897,3231,0.000000,0.000000,0.000000,0,0,0,0,0,1008,graph_0002__pathPersistency_0.7000,pathPersistency,0.7
trace,olsr,0.561068,0.560378,1707,3061,60,1340,2754,0.000000,0.000000,0.000000,76,0,16,0,0,20,graph_0006__pathPersistency_0.7000,pathPersistency,0.7
trace,aodv,2.107767,2.102883,6024,7953,60,2745,4715,0.748899,0.040188,19.628195,227,170,16,126,0,728,graph_0006__pathPersistency_0.7000,pathPersistency,0.7
trace,dsdv,0.575833,0.575516,2386,3486,60,1725,2888,0.000000,0.000000,0.000000,63,0,0,0,0,1001,graph_0006__pathPersistency_0.7000,pathPersistency,0.7
trace,olsr,0.382756,0.382729,1333,2746,60,1333,2746,0.000000,0.000000,0.000000,0,0,0,0,0,5,graph_0006__pathPersistency_0.7000,pathPersistency,0.7
trace,aodv,2.007967,2.007823,5856,7835,60,3021,5068,0.559471,0.029980,19.092476,227,127,33,126,0,522,graph_0006__pathPersistency_0.7000,pathPersistency,0.7
trace,dsdv,0.581106,0.581050,2332,3474,60,1813,3037,0.088889,0.100815,45.532400,90,8,0,0,0,1057,graph_0006__pathPersistency_0.7000,pathPersistency,0.7
trace,olsr,0.365066,0.365023,1324,2703,60,1324,2703,0.000000,0.000000,0.000000,0,0,0,0,0,9,graph_0006__pathPersistency_0.7000,pathPersistency,0.7
trace,aodv,1.974189,1.973398,5739,7636,60,2721,4678,0.678414,0.036367,18.801879,227,154,14,125,0,468,graph_0006__pathPersistency_0.7000,pathPersistency,0.7
trace,dsdv,0.901048,0.900487,2973,4111,60,1806,3082,0.241758,0.054192,33.461707,182,44,0,0,0,1071,graph_0006__pathPersistency_0.7000,pathPersistency,0.7
trace,olsr,0.373689,0.373618,1337,2740,60,1337,2740,0.000000,0.000000,0.000000,0,0,0,0,0,10,graph_0006__pathPersistency_0.7000,pathPersistency,0.7
trace,aodv,1.915178,1.914804,5600,7539,60,2770,4780,0.581498,0.031178,18.010362,227,132,24,125,0,614,graph_0006__pathPersistency_0.7000,pathPersistency,0.7
trace,dsdv,0.869441,0.868909,2916,3991,60,1742,2961,0.208791,0.054734,33.954158,182,38,0,0,0,998,graph_0006__pathPersistency_0.7000,pathPersistency,0.7
trace,olsr,0.398723,0.398514,1337,2744,60,1337,2744,0.000000,0.000000,0.000000,0,0,0,0,0,5,graph_0006__pathPersistency_0.7000,pathPersistency,0.7
trace,aodv,1.926373,1.925150,5604,7535,60,2696,4686,0.629956,0.033794,17.780819,227,143,25,126,0,539,graph_0006__pathPersistency_0.7000,pathPersistency,0.7
trace,dsdv,0.833498,0.832786,2942,4031,60,1871,3104,0.208791,0.055006,33.956361,182,38,0,0,0,1141,graph_0006__pathPersistency_0.7000,pathPersistency,0.7
trace,olsr,0.379615,0.379446,1340,2758,60,1340,2758,0.000000,0.000000,0.000000,0,0,0,0,0,10,graph_0006__pathPersistency_0.7000,pathPersistency,0.7
trace,aodv,1.880890,1.879881,5564,7540,60,2798,4848,0.585903,0.031433,18.565356,227,133,21,125,0,420,graph_0006__pathPersistency_0.7000,pathPersistency,0.7
trace,dsdv,0.382499,0.382396,1970,3025,60,1610,2665,0.000000,0.000000,0.000000,0,0,0,0,0,933,graph_0006__pathPersistency_0.7000,pathPersistency,0.7
trace,olsr,0.370039,0.369815,1325,2714,60,1325,2714,0.000000,0.000000,0.000000,0,0,0,0,0,8,graph_0006__pathPersistency_0.7000,pathPersistency,0.7
trace,aodv,1.650395,1.645183,4922,6837,60,2517,4469,0.727273,0.028331,17.124452,165,120,8,188,0,419,graph_0006__pathPersistency_0.7000,pathPersistency,0.7
trace,dsdv,0.443745,0.441186,2198,3480,60,1838,3120,0.000000,0.000000,0.000000,0,0,0,0,0,1029,graph_0006__pathPersistency_0.7000,pathPersistency,0.7
trace,olsr,0.378021,0.378002,1330,2744,60,1330,2744,0.000000,0.000000,0.000000,0,0,0,0,0,6,graph_0006__pathPersistency_0.7000,pathPersistency,0.7
trace,aodv,1.918425,1.917499,5659,7590,60,2865,4865,0.546256,0.029312,18.474783,227,124,36,125,0,517,graph_0006__pathPersistency_0.7000,pathPersistency,0.7
trace,dsdv,2.441136,2.439094,6813,7920,60,2691,3953,0.131915,0.057351,23.565016,235,31,0,0,0,938,graph_0006__pathPersistency_0.7000,pathPersistency,0.7
trace,olsr,0.487991,0.487923,1542,2909,60,1341,2768,0.000000,0.000000,0.000000,72,0,12,0,0,9,graph_0006__pathPersistency_0.7000,pathPersistency,0.7
trace,aodv,2.025792,2.024983,5793,7760,60,2788,4821,0.607930,0.033394,19.306847,227,138,24,125,0,617,graph_0006__pathPersistency_0.7000,pathPersistency,0.7
trace,dsdv,0.566031,0.565967,2300,3403,60,1776,2961,0.088889,0.098297,45.525440,90,8,0,0,0,1080,graph_0006__pathPersistency_0.7000,pathPersistency,0.7
trace,olsr,0.384837,0.384493,1341,2765,60,1341,2765,0.000000,0.000000,0.000000,0,0,0,0,0,7,graph_0006__pathPersistency_0.7000,pathPersistency,0.7
trace,aodv,1.218457,1.217044,3983,5909,60,2533,4487,0.598039,0.014409,8.914411,102,61,13,250,0,242,graph_0006__pathPersistency_0.7000,pathPersistency,0.7
trace,dsdv,0.823009,0.820656,2662,3647,60,1748,2921,0.020325,0.176918,19.757857,246,5,0,0,0,1089,graph_0006__pathPersistency_0.7000,pathPersistency,0.7
