scenario,protocol,wall_time_s,cpu_time_s,ip_tx_cb_calls,ip_rx_cb_calls,frame_apply_calls,routing_tx,routing_rx,pdr,goodput_mbps,eed_mean_s,app_tx_pkts,app_rx_pkts,ip_drop_no_route,ip_drop_route_err,phy_tx_drop,phy_rx_drop,routing_efficiency,control_packets,control_bytes,control_packets_per_delivered,control_bytes_per_delivered,oracle_uptime_ratio,oracle_mean_up_run_s,oracle_median_up_run_s,oracle_p90_up_run_s,oracle_up_runs_s,oracle_transition_count,oracle_path_identity_retention,oracle_has_alternative_paths,oracle_outage_durations_s,reestablishment_times_s,reestablishment_outage_durations_s,olsr_hello_packets,olsr_hello_bytes,olsr_tc_packets,olsr_tc_bytes,olsr_mid_packets,olsr_mid_bytes,olsr_hna_packets,olsr_hna_bytes,olsr_other_packets,olsr_other_bytes,aodv_hello_packets,aodv_hello_bytes,aodv_rreq_packets,aodv_rreq_bytes,aodv_rrep_packets,aodv_rrep_bytes,aodv_rerr_packets,aodv_rerr_bytes,aodv_rrep_ack_packets,aodv_rrep_ack_bytes,aodv_other_packets,aodv_other_bytes,dsdv_update_packets,dsdv_update_bytes,dsdv_other_packets,dsdv_other_bytes,static_other_packets,static_other_bytes,label,param_name,param_value,realization_id,replay_epoch
trace,olsr,0.384328,0.384253,1418,1506,105,332,519,0.544444,0.027323,76.963259,360,196,36,0,0,304,1.088889,332,21840,1.693878,111.428571,0.500000,4.285714,4.000000,5.000000,5.000000;5.000000;4.000000;4.000000;4.000000;4.000000;4.000000,12,nan,0,5.000000;5.000000;5.000000;5.000000;5.000000;5.000000,0.095333;nan;1.748149;0.111973;0.123173;0.134373,5.000000;5.000000;5.000000;5.000000;5.000000;5.000000,227,13632,105,8208,0,0,0,0,0,0,0,0,0,0,0,0,0,0,0,0,0,0,0,0,0,0,0,0,graph_0001__pathPersistency_0.5000,pathPersistency,0.5,graph_0001,epoch_0001
trace,aodv,0.430774,0.430739,2007,2240,105,655,911,0.763889,0.038493,76.500257,360,275,6,56,0,315,1.527778,655,31472,2.381818,114.443636,0.500000,4.285714,4.000000,5.000000,5.000000;5.000000;4.000000;4.000000;4.000000;4.000000;4.000000,12,nan,0,5.000000;5.000000;5.000000;5.000000;5.000000;5.000000,0.095333;nan;0.464448;0.111973;0.123173;0.134373,5.000000;5.000000;5.000000;5.000000;5.000000;5.000000,0,0,0,0,0,0,0,0,0,0,477,22896,80,4160,61,2928,29,1248,8,240,0,0,0,0,0,0,0,0,graph_0001__pathPersistency_0.5000,pathPersistency,0.5,graph_0001,epoch_0001
trace,static,0.171794,0.171785,870,678,105,0,0,0.466667,0.023420,73.106676,360,168,0,0,0,46,0.933333,0,0,0.000000,0.000000,0.500000,4.285714,4.000000,5.000000,5.000000;5.000000;4.000000;4.000000;4.000000;4.000000;4.000000,12,nan,0,5.000000;5.000000;5.000000;5.000000;5.000000;5.000000,0.104309;0.098549;0.109749;0.120949;0.132149;0.143349,5.000000;5.000000;5.000000;5.000000;5.000000;5.000000,0,0,0,0,0,0,0,0,0,0,0,0,0,0,0,0,0,0,0,0,0,0,0,0,0,0,0,0,graph_0001__pathPersistency_0.5000,pathPersistency,0.5,graph_0001,epoch_0001
trace,olsr,0.407985,0.407842,1562,1633,105,328,517,0.672222,0.033743,75.381809,360,242,0,0,0,331,1.344444,328,21784,1.355372,90.016529,0.500000,4.285714,4.000000,5.000000,5.000000;5.000000;4.000000;4.000000;4.000000;4.000000;4.000000,12,nan,0,5.000000;5.000000;5.000000;5.000000;5.000000;5.000000,0.095333;0.089573;0.100773;0.111973;0.123173;0.134373,5.000000;5.000000;5.000000;5.000000;5.000000;5.000000,229,13760,99,8024,0,0,0,0,0,0,0,0,0,0,0,0,0,0,0,0,0,0,0,0,0,0,0,0,graph_0001__pathPersistency_0.5000,pathPersistency,0.5,graph_0001,epoch_0003
trace,aodv,0.439711,0.439669,2031,2259,105,680,940,0.750000,0.037798,76.277039,360,270,2,56,0,371,1.500000,680,32706,2.518519,121.133333,0.500000,4.285714,4.000000,5.000000,5.000000;5.000000;4.000000;4.000000;4.000000;4.000000;4.000000,12,nan,0,5.000000;5.000000;5.000000;5.000000;5.000000;5.000000,0.095333;nan;0.447521;0.111973;0.123173;0.134373,5.000000;5.000000;5.000000;5.000000;5.000000;5.000000,0,0,0,0,0,0,0,0,0,0,471,22608,93,4836,77,3696,30,1296,9,270,0,0,0,0,0,0,0,0,graph_0001__pathPersistency_0.5000,pathPersistency,0.5,graph_0001,epoch_0003
trace,static,0.171998,0.171984,870,678,105,0,0,0.466667,0.023425,73.106746,360,168,0,0,0,46,0.933333,0,0,0.000000,0.000000,0.500000,4.285714,4.000000,5.000000,5.000000;5.000000;4.000000;4.000000;4.000000;4.000000;4.000000,12,nan,0,5.000000;5.000000;5.000000;5.000000;5.000000;5.000000,0.104309;0.098549;0.109749;0.120949;0.132149;0.143349,5.000000;5.000000;5.000000;5.000000;5.000000;5.000000,0,0,0,0,0,0,0,0,0,0,0,0,0,0,0,0,0,0,0,0,0,0,0,0,0,0,0,0,graph_0001__pathPersistency_0.5000,pathPersistency,0.5,graph_0001,epoch_0003
trace,olsr,0.411754,0.411705,1565,1643,105,333,528,0.675000,0.033876,75.446840,360,243,0,0,0,322,1.350000,333,21944,1.370370,90.304527,0.500000,4.285714,4.000000,5.000000,5.000000;5.000000;4.000000;4.000000;4.000000;4.000000;4.000000,12,nan,0,5.000000;5.000000;5.000000;5.000000;5.000000;5.000000,0.095333;0.089573;0.100773;0.111973;0.123173;0.134373,5.000000;5.000000;5.000000;5.000000;5.000000;5.000000,228,13696,105,8248,0,0,0,0,0,0,0,0,0,0,0,0,0,0,0,0,0,0,0,0,0,0,0,0,graph_0001__pathPersistency_0.5000,pathPersistency,0.5,graph_0001,epoch_0004
trace,aodv,0.434349,0.434284,2014,2235,105,664,918,0.752778,0.037930,76.314235,360,271,0,56,0,369,1.505556,664,31950,2.450185,117.896679,0.500000,4.285714,4.000000,5.000000,5.000000;5.000000;4.000000;4.000000;4.000000;4.000000;4.000000,12,nan,0,5.000000;5.000000;5.000000;5.000000;5.000000;5.000000,0.095333;nan;0.442704;0.111973;0.123173;0.134373,5.000000;5.000000;5.000000;5.000000;5.000000;5.000000,0,0,0,0,0,0,0,0,0,0,473,22704,88,4576,68,3264,26,1136,9,270,0,0,0,0,0,0,0,0,graph_0001__pathPersistency_0.5000,pathPersistency,0.5,graph_0001,epoch_0004
trace,static,0.171128,0.171110,870,678,105,0,0,0.466667,0.023421,73.106687,360,168,0,0,0,46,0.933333,0,0,0.000000,0.000000,0.500000,4.285714,4.000000,5.000000,5.000000;5.000000;4.000000;4.000000;4.000000;4.000000;4.000000,12,nan,0,5.000000;5.000000;5.000000;5.000000;5.000000;5.000000,0.104309;0.098549;0.109749;0.120949;0.132149;0.143349,5.000000;5.000000;5.000000;5.000000;5.000000;5.000000,0,0,0,0,0,0,0,0,0,0,0,0,0,0,0,0,0,0,0,0,0,0,0,0,0,0,0,0,graph_0001__pathPersistency_0.5000,pathPersistency,0.5,graph_0001,epoch_0004
trace,olsr,0.409301,0.408920,1535,1611,105,333,523,0.619444,0.031089,76.083124,360,223,23,0,0,320,1.238889,333,21968,1.493274,98.511211,0.500000,4.285714,4.000000,5.000000,5.000000;5.000000;4.000000;4.000000;4.000000;4.000000;4.000000,12,nan,0,5.000000;5.000000;5.000000;5.000000;5.000000;5.000000,0.095333;0.089573;0.100773;0.111973;0.123173;0.134373,5.000000;5.000000;5.000000;5.000000;5.000000;5.000000,227,13632,106,8336,0,0,0,0,0,0,0,0,0,0,0,0,0,0,0,0,0,0,0,0,0,0,0,0,graph_0001__pathPersistency_0.5000,pathPersistency,0.5,graph_0001,epoch_0005
trace,aodv,0.440536,0.440091,2012,2222,105,651,895,0.744444,0.038149,77.288138,360,268,2,56,0,370,1.488889,651,31278,2.429104,116.708955,0.500000,4.285714,4.000000,5.000000,5.000000;5.000000;4.000000;4.000000;4.000000;4.000000;4.000000,12,nan,0,5.000000;5.000000;5.000000;5.000000;5.000000;5.000000,0.095333;nan;0.450624;0.111973;0.123173;0.134373,5.000000;5.000000;5.000000;5.000000;5.000000;5.000000,0,0,0,0,0,0,0,0,0,0,476,22848,79,4108,59,2832,30,1280,7,210,0,0,0,0,0,0,0,0,graph_0001__pathPersistency_0.5000,pathPersistency,0.5,graph_0001,epoch_0005
trace,static,0.175760,0.175652,870,678,105,0,0,0.466667,0.023421,73.106692,360,168,0,0,0,46,0.933333,0,0,0.000000,0.000000,0.500000,4.285714,4.000000,5.000000,5.000000;5.000000;4.000000;4.000000;4.000000;4.000000;4.000000,12,nan,0,5.000000;5.000000;5.000000;5.000000;5.000000;5.000000,0.104309;0.098549;0.109749;0.120949;0.132149;0.143349,5.000000;5.000000;5.000000;5.000000;5.000000;5.000000,0,0,0,0,0,0,0,0,0,0,0,0,0,0,0,0,0,0,0,0,0,0,0,0,0,0,0,0,graph_0001__pathPersistency_0.5000,pathPersistency,0.5,graph_0001,epoch_0005
trace,olsr,0.414558,0.414440,1566,1644,105,334,528,0.675000,0.033882,75.385119,360,243,1,0,0,330,1.350000,334,22024,1.374486,90.633745,0.500000,4.285714,4.000000,5.000000,5.000000;5.000000;4.000000;4.000000;4.000000;4.000000;4.000000,12,nan,0,5.000000;5.000000;5.000000;5.000000;5.000000;5.000000,0.095333;0.089573;0.100773;0.111973;0.123173;0.134373,5.000000;5.000000;5.000000;5.000000;5.000000;5.000000,229,13760,105,8264,0,0,0,0,0,0,0,0,0,0,0,0,0,0,0,0,0,0,0,0,0,0,0,0,graph_0001__pathPersistency_0.5000,pathPersistency,0.5,graph_0001,epoch_0002
trace,aodv,0.439501,0.439459,2014,2233,105,663,915,0.752778,0.037937,76.314562,360,271,0,56,0,381,1.505556,663,31894,2.446494,117.690037,0.500000,4.285714,4.000000,5.000000,5.000000;5.000000;4.000000;4.000000;4.000000;4.000000;4.000000,12,nan,0,5.000000;5.000000;5.000000;5.000000;5.000000;5.000000,0.095333;nan;0.449838;0.111973;0.123173;0.134373,5.000000;5.000000;5.000000;5.000000;5.000000;5.000000,0,0,0,0,0,0,0,0,0,0,474,22752,86,4472,68,3264,26,1136,9,270,0,0,0,0,0,0,0,0,graph_0001__pathPersistency_0.5000,pathPersistency,0.5,graph_0001,epoch_0002
trace,static,0.174527,0.174516,870,678,105,0,0,0.466667,0.023424,73.106739,360,168,0,0,0,46,0.933333,0,0,0.000000,0.000000,0.500000,4.285714,4.000000,5.000000,5.000000;5.000000;4.000000;4.000000;4.000000;4.000000;4.000000,12,nan,0,5.000000;5.000000;5.000000;5.000000;5.000000;5.000000,0.104309;0.098549;0.109749;0.120949;0.132149;0.143349,5.000000;5.000000;5.000000;5.000000;5.000000;5.000000,0,0,0,0,0,0,0,0,0,0,0,0,0,0,0,0,0,0,0,0,0,0,0,0,0,0,0,0,graph_0001__pathPersistency_0.5000,pathPersistency,0.5,graph_0001,epoch_0002
trace,olsr,0.389733,0.389307,1445,1484,105,329,510,0.575000,0.029686,73.618275,360,207,10,0,0,253,1.150000,329,21720,1.589372,104.927536,0.500000,4.285714,4.000000,5.000000,5.000000;5.000000;4.000000;4.000000;4.000000;4.000000;4.000000,12,nan,0,5.000000;5.000000;5.000000;5.000000;5.000000;5.000000,0.095333;0.089573;0.100773;0.111973;0.123173;0.134373,5.000000;5.000000;5.000000;5.000000;5.000000;5.000000,227,13632,102,8088,0,0,0,0,0,0,0,0,0,0,0,0,0,0,0,0,0,0,0,0,0,0,0,0,graph_0002__pathPersistency_1.0000,pathPersistency,1.0,graph_0002,epoch_0001
trace,aodv,0.265295,0.265040,1444,1677,105,623,866,0.366667,0.021483,70.457523,360,132,1,168,0,142,0.733333,623,29942,4.719697,226.833333,0.500000,4.285714,4.000000,5.000000,5.000000;5.000000;4.000000;4.000000;4.000000;4.000000;4.000000,12,nan,0,5.000000;5.000000;5.000000;5.000000;5.000000;5.000000,4.464721;0.089573;nan;nan;0.123173;nan,5.000000;5.000000;5.000000;5.000000;5.000000;5.000000,0,0,0,0,0,0,0,0,0,0,487,23376,68,3536,37,1776,26,1104,5,150,0,0,0,0,0,0,0,0,graph_0002__pathPersistency_1.0000,pathPersistency,1.0,graph_0002,epoch_0001
trace,static,0.172916,0.172737,867,675,105,0,0,0.466667,0.023422,73.106698,360,168,0,0,0,45,0.933333,0,0,0.000000,0.000000,0.500000,4.285714,4.000000,5.000000,5.000000;5.000000;4.000000;4.000000;4.000000;4.000000;4.000000,12,nan,0,5.000000;5.000000;5.000000;5.000000;5.000000;5.000000,0.104309;0.098549;0.109749;0.120949;0.132149;0.143349,5.000000;5.000000;5.000000;5.000000;5.000000;5.000000,0,0,0,0,0,0,0,0,0,0,0,0,0,0,0,0,0,0,0,0,0,0,0,0,0,0,0,0,graph_0002__pathPersistency_1.0000,pathPersistency,1.0,graph_0002,epoch_0001
trace,olsr,0.391795,0.391786,1474,1507,105,327,502,0.600000,0.030114,75.195952,360,216,1,0,0,264,1.200000,327,21536,1.513889,99.703704,0.500000,4.285714,4.000000,5.000000,5.000000;5.000000;4.000000;4.000000;4.000000;4.000000;4.000000,12,nan,0,5.000000;5.000000;5.000000;5.000000;5.000000;5.000000,0.095333;0.089573;0.100773;0.111973;0.123173;0.134373,5.000000;5.000000;5.000000;5.000000;5.000000;5.000000,228,13696,99,7840,0,0,0,0,0,0,0,0,0,0,0,0,0,0,0,0,0,0,0,0,0,0,0,0,graph_0002__pathPersistency_1.0000,pathPersistency,1.0,graph_0002,epoch_0003
trace,aodv,0.266260,0.266119,1454,1664,105,636,856,0.363889,0.021316,70.311416,360,131,2,168,0,178,0.727778,636,30508,4.854962,232.885496,0.500000,4.285714,4.000000,5.000000,5.000000;5.000000;4.000000;4.000000;4.000000;4.000000;4.000000,12,nan,0,5.000000;5.000000;5.000000;5.000000;5.000000;5.000000,4.451701;0.089573;nan;nan;0.123173;nan,5.000000;5.000000;5.000000;5.000000;5.000000;5.000000,0,0,0,0,0,0,0,0,0,0,487,23376,70,3640,41,1968,32,1344,6,180,0,0,0,0,0,0,0,0,graph_0002__pathPersistency_1.0000,pathPersistency,1.0,graph_0002,epoch_0003
trace,static,0.171567,0.171542,867,675,105,0,0,0.466667,0.023418,73.106646,360,168,0,0,0,45,0.933333,0,0,0.000000,0.000000,0.500000,4.285714,4.000000,5.000000,5.000000;5.000000;4.000000;4.000000;4.000000;4.000000;4.000000,12,nan,0,5.000000;5.000000;5.000000;5.000000;5.000000;5.000000,0.104309;0.098549;0.109749;0.120949;0.132149;0.143349,5.000000;5.000000;5.000000;5.000000;5.000000;5.000000,0,0,0,0,0,0,0,0,0,0,0,0,0,0,0,0,0,0,0,0,0,0,0,0,0,0,0,0,graph_0002__pathPersistency_1.0000,pathPersistency,1.0,graph_0002,epoch_0003
trace,olsr,0.396193,0.396180,1470,1495,105,324,492,0.600000,0.030115,74.770101,360,216,1,0,0,273,1.200000,324,21416,1.500000,99.148148,0.500000,4.285714,4.000000,5.000000,5.000000;5.000000;4.000000;4.000000;4.000000;4.000000;4.000000,12,nan,0,5.000000;5.000000;5.000000;5.000000;5.000000;5.000000,0.095333;0.089573;0.100773;0.111973;0.123173;0.134373,5.000000;5.000000;5.000000;5.000000;5.000000;5.000000,227,13632,97,7784,0,0,0,0,0,0,0,0,0,0,0,0,0,0,0,0,0,0,0,0,0,0,0,0,graph_0002__pathPersistency_1.0000,pathPersistency,1.0,graph_0002,epoch_0004
trace,aodv,0.269509,0.269502,1450,1686,105,628,874,0.366667,0.021486,70.455748,360,132,1,168,0,141,0.733333,628,30166,4.757576,228.530303,0.500000,4.285714,4.000000,5.000000,5.000000;5.000000;4.000000;4.000000;4.000000;4.000000;4.000000,12,nan,0,5.000000;5.000000;5.000000;5.000000;5.000000;5.000000,4.462901;0.089573;nan;nan;0.123173;nan,5.000000;5.000000;5.000000;5.000000;5.000000;5.000000,0,0,0,0,0,0,0,0,0,0,487,23376,70,3640,37,1776,29,1224,5,150,0,0,0,0,0,0,0,0,graph_0002__pathPersistency_1.0000,pathPersistency,1.0,graph_0002,epoch_0004
trace,static,0.171360,0.171253,867,675,105,0,0,0.466667,0.023423,73.106717,360,168,0,0,0,45,0.933333,0,0,0.000000,0.000000,0.500000,4.285714,4.000000,5.000000,5.000000;5.000000;4.000000;4.000000;4.000000;4.000000;4.000000,12,nan,0,5.000000;5.000000;5.000000;5.000000;5.000000;5.000000,0.104309;0.098549;0.109749;0.120949;0.132149;0.143349,5.000000;5.000000;5.000000;5.000000;5.000000;5.000000,0,0,0,0,0,0,0,0,0,0,0,0,0,0,0,0,0,0,0,0,0,0,0,0,0,0,0,0,graph_0002__pathPersistency_1.0000,pathPersistency,1.0,graph_0002,epoch_0004
trace,olsr,0.367180,0.367152,1392,1420,105,326,495,0.538889,0.027904,71.906465,360,194,13,0,0,270,1.077778,326,21552,1.680412,111.092784,0.500000,4.285714,4.000000,5.000000,5.000000;5.000000;4.000000;4.000000;4.000000;4.000000;4.000000,12,nan,0,5.000000;5.000000;5.000000;5.000000;5.000000;5.000000,0.095333;0.089573;0.101463;0.111973;0.123173;1.117413,5.000000;5.000000;5.000000;5.000000;5.000000;5.000000,228,13696,98,7856,0,0,0,0,0,0,0,0,0,0,0,0,0,0,0,0,0,0,0,0,0,0,0,0,graph_0002__pathPersistency_1.0000,pathPersistency,1.0,graph_0002,epoch_0005
trace,aodv,0.263221,0.263214,1450,1685,105,632,877,0.363889,0.021327,70.310750,360,131,2,168,0,154,0.727778,632,30324,4.824427,231.480916,0.500000,4.285714,4.000000,5.000000,5.000000;5.000000;4.000000;4.000000;4.000000;4.000000;4.000000,12,nan,0,5.000000;5.000000;5.000000;5.000000;5.000000;5.000000,4.467901;0.089573;nan;nan;0.123173;nan,5.000000;5.000000;5.000000;5.000000;5.000000;5.000000,0,0,0,0,0,0,0,0,0,0,487,23376,68,3536,41,1968,30,1264,6,180,0,0,0,0,0,0,0,0,graph_0002__pathPersistency_1.0000,pathPersistency,1.0,graph_0002,epoch_0005
trace,static,0.171863,0.171855,867,675,105,0,0,0.466667,0.023423,73.106722,360,168,0,0,0,45,0.933333,0,0,0.000000,0.000000,0.500000,4.285714,4.000000,5.000000,5.000000;5.000000;4.000000;4.000000;4.000000;4.000000;4.000000,12,nan,0,5.000000;5.000000;5.000000;5.000000;5.000000;5.000000,0.104309;0.098549;0.109749;0.120949;0.132149;0.143349,5.000000;5.000000;5.000000;5.000000;5.000000;5.000000,0,0,0,0,0,0,0,0,0,0,0,0,0,0,0,0,0,0,0,0,0,0,0,0,0,0,0,0,graph_0002__pathPersistency_1.0000,pathPersistency,1.0,graph_0002,epoch_0005
trace,olsr,0.394369,0.394148,1478,1515,105,328,508,0.602778,0.030254,74.980572,360,217,0,0,0,270,1.205556,328,21688,1.511521,99.944700,0.500000,4.285714,4.000000,5.000000,5.000000;5.000000;4.000000;4.000000;4.000000;4.000000;4.000000,12,nan,0,5.000000;5.000000;5.000000;5.000000;5.000000;5.000000,0.095333;0.089573;0.100773;0.111973;0.123173;0.134373,5.000000;5.000000;5.000000;5.000000;5.000000;5.000000,225,13504,103,8184,0,0,0,0,0,0,0,0,0,0,0,0,0,0,0,0,0,0,0,0,0,0,0,0,graph_0002__pathPersistency_1.0000,pathPersistency,1.0,graph_0002,epoch_0002
trace,aodv,0.265640,0.265594,1447,1663,105,629,856,0.363889,0.021318,70.308957,360,131,1,168,0,176,0.727778,629,30212,4.801527,230.625954,0.500000,4.285714,4.000000,5.000000,5.000000;5.000000;4.000000;4.000000;4.000000;4.000000;4.000000,12,nan,0,5.000000;5.000000;5.000000;5.000000;5.000000;5.000000,4.463297;0.089573;nan;nan;0.123173;nan,5.000000;5.000000;5.000000;5.000000;5.000000;5.000000,0,0,0,0,0,0,0,0,0,0,487,23376,68,3536,41,1968,27,1152,6,180,0,0,0,0,0,0,0,0,graph_0002__pathPersistency_1.0000,pathPersistency,1.0,graph_0002,epoch_0002
trace,static,0.172957,0.172943,867,675,105,0,0,0.466667,0.023422,73.106705,360,168,0,0,0,45,0.933333,0,0,0.000000,0.000000,0.500000,4.285714,4.000000,5.000000,5.000000;5.000000;4.000000;4.000000;4.000000;4.000000;4.000000,12,nan,0,5.000000;5.000000;5.000000;5.000000;5.000000;5.000000,0.104309;0.098549;0.109749;0.120949;0.132149;0.143349,5.000000;5.000000;5.000000;5.000000;5.000000;5.000000,0,0,0,0,0,0,0,0,0,0,0,0,0,0,0,0,0,0,0,0,0,0,0,0,0,0,0,0,graph_0002__pathPersistency_1.0000,pathPersistency,1.0,graph_0002,epoch_0002
trace,olsr,0.388266,0.388227,1465,1507,105,330,507,0.561111,0.030005,70.533797,360,202,23,0,0,290,1.122222,330,21704,1.633663,107.445545,0.500000,4.285714,4.000000,5.000000,5.000000;5.000000;4.000000;4.000000;4.000000;4.000000;4.000000,12,nan,0,5.000000;5.000000;5.000000;5.000000;5.000000;5.000000,0.095333;0.089573;0.100773;0.111973;0.123173;nan,5.000000;5.000000;5.000000;5.000000;5.000000;5.000000,228,13696,102,8008,0,0,0,0,0,0,0,0,0,0,0,0,0,0,0,0,0,0,0,0,0,0,0,0,graph_0003__pathPersistency_1.0000,pathPersistency,1.0,graph_0003,epoch_0001
trace,aodv,0.416041,0.416005,1988,2230,105,664,917,0.752778,0.037937,73.443138,360,271,22,56,0,245,1.505556,664,31786,2.450185,117.291513,0.500000,4.285714,4.000000,5.000000,5.000000;5.000000;4.000000;4.000000;4.000000;4.000000;4.000000,12,nan,0,5.000000;5.000000;5.000000;5.000000;5.000000;5.000000,0.442508;0.089573;nan;0.111973;0.123173;0.134373,5.000000;5.000000;5.000000;5.000000;5.000000;5.000000,0,0,0,0,0,0,0,0,0,0,478,22944,82,4264,57,2736,40,1632,7,210,0,0,0,0,0,0,0,0,graph_0003__pathPersistency_1.0000,pathPersistency,1.0,graph_0003,epoch_0001
trace,static,0.170545,0.170538,868,676,105,0,0,0.466667,0.023424,73.106726,360,168,0,0,0,44,0.933333,0,0,0.000000,0.000000,0.500000,4.285714,4.000000,5.000000,5.000000;5.000000;4.000000;4.000000;4.000000;4.000000;4.000000,12,nan,0,5.000000;5.000000;5.000000;5.000000;5.000000;5.000000,0.104309;0.098549;0.109479;0.120949;0.132149;0.143349,5.000000;5.000000;5.000000;5.000000;5.000000;5.000000,0,0,0,0,0,0,0,0,0,0,0,0,0,0,0,0,0,0,0,0,0,0,0,0,0,0,0,0,graph_0003__pathPersistency_1.0000,pathPersistency,1.0,graph_0003,epoch_0001
trace,olsr,0.383861,0.383830,1487,1527,105,332,507,0.588889,0.030577,71.744375,360,212,13,0,0,293,1.177778,332,21696,1.566038,102.339623,0.500000,4.285714,4.000000,5.000000,5.000000;5.000000;4.000000;4.000000;4.000000;4.000000;4.000000,12,nan,0,5.000000;5.000000;5.000000;5.000000;5.000000;5.000000,0.095333;0.089573;0.100773;0.111973;0.123173;0.134373,5.000000;5.000000;5.000000;5.000000;5.000000;5.000000,229,13760,103,7936,0,0,0,0,0,0,0,0,0,0,0,0,0,0,0,0,0,0,0,0,0,0,0,0,graph_0003__pathPersistency_1.0000,pathPersistency,1.0,graph_0003,epoch_0003
trace,aodv,0.383932,0.383905,1869,2115,105,630,887,0.694444,0.039891,71.022235,360,250,0,56,0,237,1.388889,630,30312,2.520000,121.248000,0.500000,4.285714,4.000000,5.000000,5.000000;5.000000;4.000000;4.000000;4.000000;4.000000;4.000000,12,nan,0,5.000000;5.000000;5.000000;5.000000;5.000000;5.000000,0.453768;0.089573;nan;0.111973;0.123173;nan,5.000000;5.000000;5.000000;5.000000;5.000000;5.000000,0,0,0,0,0,0,0,0,0,0,478,22944,77,4004,49,2352,20,832,6,180,0,0,0,0,0,0,0,0,graph_0003__pathPersistency_1.0000,pathPersistency,1.0,graph_0003,epoch_0003
trace,static,0.172107,0.172087,868,676,105,0,0,0.466667,0.023420,73.106674,360,168,0,0,0,44,0.933333,0,0,0.000000,0.000000,0.500000,4.285714,4.000000,5.000000,5.000000;5.000000;4.000000;4.000000;4.000000;4.000000;4.000000,12,nan,0,5.000000;5.000000;5.000000;5.000000;5.000000;5.000000,0.104309;0.098549;0.109479;0.120949;0.132149;0.143349,5.000000;5.000000;5.000000;5.000000;5.000000;5.000000,0,0,0,0,0,0,0,0,0,0,0,0,0,0,0,0,0,0,0,0,0,0,0,0,0,0,0,0,graph_0003__pathPersistency_1.0000,pathPersistency,1.0,graph_0003,epoch_0003
trace,olsr,0.405371,0.405260,1524,1566,105,331,509,0.619444,0.031094,73.420364,360,223,1,0,0,286,1.238889,331,21832,1.484305,97.901345,0.500000,4.285714,4.000000,5.000000,5.000000;5.000000;4.000000;4.000000;4.000000;4.000000;4.000000,12,nan,0,5.000000;5.000000;5.000000;5.000000;5.000000;5.000000,0.095333;0.089573;0.100773;0.111973;0.123173;0.134373,5.000000;5.000000;5.000000;5.000000;5.000000;5.000000,228,13696,103,8136,0,0,0,0,0,0,0,0,0,0,0,0,0,0,0,0,0,0,0,0,0,0,0,0,graph_0003__pathPersistency_1.0000,pathPersistency,1.0,graph_0003,epoch_0004
trace,aodv,0.415273,0.415245,1988,2233,105,664,920,0.752778,0.037937,73.442916,360,271,22,56,0,262,1.505556,664,31786,2.450185,117.291513,0.500000,4.285714,4.000000,5.000000,5.000000;5.000000;4.000000;4.000000;4.000000;4.000000;4.000000,12,nan,0,5.000000;5.000000;5.000000;5.000000;5.000000;5.000000,0.448708;0.089573;nan;0.111973;0.123173;0.134373,5.000000;5.000000;5.000000;5.000000;5.000000;5.000000,0,0,0,0,0,0,0,0,0,0,478,22944,82,4264,57,2736,40,1632,7,210,0,0,0,0,0,0,0,0,graph_0003__pathPersistency_1.0000,pathPersistency,1.0,graph_0003,epoch_0004
trace,static,0.171952,0.171944,868,676,105,0,0,0.466667,0.023424,73.106739,360,168,0,0,0,44,0.933333,0,0,0.000000,0.000000,0.500000,4.285714,4.000000,5.000000,5.000000;5.000000;4.000000;4.000000;4.000000;4.000000;4.000000,12,nan,0,5.000000;5.000000;5.000000;5.000000;5.000000;5.000000,0.104309;0.098549;0.109479;0.120949;0.132149;0.143349,5.000000;5.000000;5.000000;5.000000;5.000000;5.000000,0,0,0,0,0,0,0,0,0,0,0,0,0,0,0,0,0,0,0,0,0,0,0,0,0,0,0,0,graph_0003__pathPersistency_1.0000,pathPersistency,1.0,graph_0003,epoch_0004
trace,olsr,0.407766,0.407377,1530,1581,105,333,518,0.627778,0.031506,73.457882,360,226,0,0,0,286,1.255556,333,21896,1.473451,96.884956,0.500000,4.285714,4.000000,5.000000,5.000000;5.000000;4.000000;4.000000;4.000000;4.000000;4.000000,12,nan,0,5.000000;5.000000;5.000000;5.000000;5.000000;5.000000,0.095333;0.089573;0.100773;0.111973;0.123173;0.134373,5.000000;5.000000;5.000000;5.000000;5.000000;5.000000,226,13568,107,8328,0,0,0,0,0,0,0,0,0,0,0,0,0,0,0,0,0,0,0,0,0,0,0,0,graph_0003__pathPersistency_1.0000,pathPersistency,1.0,graph_0003,epoch_0005
trace,aodv,0.428959,0.428595,2017,2254,105,671,919,0.752778,0.037932,73.443177,360,271,22,56,0,269,1.505556,671,32054,2.476015,118.280443,0.500000,4.285714,4.000000,5.000000,5.000000;5.000000;4.000000;4.000000;4.000000;4.000000;4.000000,12,nan,0,5.000000;5.000000;5.000000;5.000000;5.000000;5.000000,0.452668;0.089573;nan;0.111973;0.123173;0.134373,5.000000;5.000000;5.000000;5.000000;5.000000;5.000000,0,0,0,0,0,0,0,0,0,0,478,22944,81,4212,57,2736,48,1952,7,210,0,0,0,0,0,0,0,0,graph_0003__pathPersistency_1.0000,pathPersistency,1.0,graph_0003,epoch_0005
trace,static,0.173478,0.173320,868,676,105,0,0,0.466667,0.023420,73.106677,360,168,0,0,0,44,0.933333,0,0,0.000000,0.000000,0.500000,4.285714,4.000000,5.000000,5.000000;5.000000;4.000000;4.000000;4.000000;4.000000;4.000000,12,nan,0,5.000000;5.000000;5.000000;5.000000;5.000000;5.000000,0.104309;0.098549;0.109479;0.120949;0.132149;0.143349,5.000000;5.000000;5.000000;5.000000;5.000000;5.000000,0,0,0,0,0,0,0,0,0,0,0,0,0,0,0,0,0,0,0,0,0,0,0,0,0,0,0,0,graph_0003__pathPersistency_1.0000,pathPersistency,1.0,graph_0003,epoch_0005
trace,olsr,0.403665,0.403637,1507,1547,105,327,504,0.602778,0.030250,73.060648,360,217,6,0,0,288,1.205556,327,21704,1.506912,100.018433,0.500000,4.285714,4.000000,5.000000,5.000000;5.000000;4.000000;4.000000;4.000000;4.000000;4.000000,12,nan,0,5.000000;5.000000;5.000000;5.000000;5.000000;5.000000,0.095333;0.089573;0.100773;0.111973;0.614693;0.134373,5.000000;5.000000;5.000000;5.000000;5.000000;5.000000,225,13504,102,8200,0,0,0,0,0,0,0,0,0,0,0,0,0,0,0,0,0,0,0,0,0,0,0,0,graph_0003__pathPersistency_1.0000,pathPersistency,1.0,graph_0003,epoch_0002
trace,aodv,0.423091,0.423037,1992,2240,105,666,925,0.752778,0.037928,73.444141,360,271,22,56,0,235,1.505556,666,31866,2.457565,117.586716,0.500000,4.285714,4.000000,5.000000,5.000000;5.000000;4.000000;4.000000;4.000000;4.000000;4.000000,12,nan,0,5.000000;5.000000;5.000000;5.000000;5.000000;5.000000,0.446568;0.089573;nan;0.111973;0.123173;0.134373,5.000000;5.000000;5.000000;5.000000;5.000000;5.000000,0,0,0,0,0,0,0,0,0,0,478,22944,82,4264,57,2736,42,1712,7,210,0,0,0,0,0,0,0,0,graph_0003__pathPersistency_1.0000,pathPersistency,1.0,graph_0003,epoch_0002
trace,static,0.173797,0.173785,868,676,105,0,0,0.466667,0.023419,73.106662,360,168,0,0,0,44,0.933333,0,0,0.000000,0.000000,0.500000,4.285714,4.000000,5.000000,5.000000;5.000000;4.000000;4.000000;4.000000;4.000000;4.000000,12,nan,0,5.000000;5.000000;5.000000;5.000000;5.000000;5.000000,0.104309;0.098549;0.109479;0.120949;0.132149;0.143349,5.000000;5.000000;5.000000;5.000000;5.000000;5.000000,0,0,0,0,0,0,0,0,0,0,0,0,0,0,0,0,0,0,0,0,0,0,0,0,0,0,0,0,graph_0003__pathPersistency_1.0000,pathPersistency,1.0,graph_0003,epoch_0002
trace,olsr,0.359437,0.359416,1347,1407,105,331,515,0.552778,0.027745,72.715662,360,199,13,0,0,252,1.105556,331,21700,1.663317,109.045226,0.500000,4.285714,4.000000,5.000000,5.000000;5.000000;4.000000;4.000000;4.000000;4.000000;4.000000,12,nan,0,5.000000;5.000000;5.000000;5.000000;5.000000;5.000000,0.095333;0.089573;0.100773;nan;0.123173;0.134373,5.000000;5.000000;5.000000;5.000000;5.000000;5.000000,227,13632,104,8068,0,0,0,0,0,0,0,0,0,0,0,0,0,0,0,0,0,0,0,0,0,0,0,0,graph_0005__pathPersistency_0.2500,pathPersistency,0.25,graph_0005,epoch_0001
trace,aodv,0.322577,0.322538,1635,1870,105,625,872,0.519444,0.030430,76.998288,360,187,0,112,0,221,1.038889,625,30078,3.342246,160.844920,0.500000,4.285714,4.000000,5.000000,5.000000;5.000000;4.000000;4.000000;4.000000;4.000000;4.000000,12,nan,0,5.000000;5.000000;5.000000;5.000000;5.000000;5.000000,4.476877;nan;0.450249;0.111973;0.123173;nan,5.000000;5.000000;5.000000;5.000000;5.000000;5.000000,0,0,0,0,0,0,0,0,0,0,486,23328,67,3484,49,2352,16,704,7,210,0,0,0,0,0,0,0,0,graph_0005__pathPersistency_0.2500,pathPersistency,0.25,graph_0005,epoch_0001
trace,static,0.173348,0.173337,869,677,105,0,0,0.466667,0.023423,73.106717,360,168,0,0,0,46,0.933333,0,0,0.000000,0.000000,0.500000,4.285714,4.000000,5.000000,5.000000;5.000000;4.000000;4.000000;4.000000;4.000000;4.000000,12,nan,0,5.000000;5.000000;5.000000;5.000000;5.000000;5.000000,0.104309;0.098549;0.109749;0.120949;0.132149;0.143349,5.000000;5.000000;5.000000;5.000000;5.000000;5.000000,0,0,0,0,0,0,0,0,0,0,0,0,0,0,0,0,0,0,0,0,0,0,0,0,0,0,0,0,graph_0005__pathPersistency_0.2500,pathPersistency,0.25,graph_0005,epoch_0001
trace,olsr,0.319307,0.319165,1202,1258,105,326,505,0.427778,0.022087,72.979579,360,154,40,0,0,267,0.855556,326,21384,2.116883,138.857143,0.500000,4.285714,4.000000,5.000000,5.000000;5.000000;4.000000;4.000000;4.000000;4.000000;4.000000,12,nan,0,5.000000;5.000000;5.000000;5.000000;5.000000;5.000000,0.095333;nan;1.739173;1.258853;0.123173;0.134373,5.000000;5.000000;5.000000;5.000000;5.000000;5.000000,228,13696,98,7688,0,0,0,0,0,0,0,0,0,0,0,0,0,0,0,0,0,0,0,0,0,0,0,0,graph_0005__pathPersistency_0.2500,pathPersistency,0.25,graph_0005,epoch_0003
trace,aodv,0.319206,0.319174,1639,1866,105,628,867,0.519444,0.030439,76.997623,360,187,0,112,0,217,1.038889,628,30204,3.358289,161.518717,0.500000,4.285714,4.000000,5.000000,5.000000;5.000000;4.000000;4.000000;4.000000;4.000000;4.000000,12,nan,0,5.000000;5.000000;5.000000;5.000000;5.000000;5.000000,4.454357;nan;0.461544;0.111973;0.123173;nan,5.000000;5.000000;5.000000;5.000000;5.000000;5.000000,0,0,0,0,0,0,0,0,0,0,485,23280,66,3432,50,2400,21,912,6,180,0,0,0,0,0,0,0,0,graph_0005__pathPersistency_0.2500,pathPersistency,0.25,graph_0005,epoch_0003
trace,static,0.174226,0.174217,869,677,105,0,0,0.466667,0.023423,73.106722,360,168,0,0,0,46,0.933333,0,0,0.000000,0.000000,0.500000,4.285714,4.000000,5.000000,5.000000;5.000000;4.000000;4.000000;4.000000;4.000000;4.000000,12,nan,0,5.000000;5.000000;5.000000;5.000000;5.000000;5.000000,0.104309;0.098549;0.109749;0.120949;0.132149;0.143349,5.000000;5.000000;5.000000;5.000000;5.000000;5.000000,0,0,0,0,0,0,0,0,0,0,0,0,0,0,0,0,0,0,0,0,0,0,0,0,0,0,0,0,graph_0005__pathPersistency_0.2500,pathPersistency,0.25,graph_0005,epoch_0003
trace,olsr,0.334974,0.334850,1263,1327,105,330,517,0.455556,0.024348,72.329898,360,164,43,0,0,258,0.911111,330,21564,2.012195,131.487805,0.500000,4.285714,4.000000,5.000000,5.000000;5.000000;4.000000;4.000000;4.000000;4.000000;4.000000,12,nan,0,5.000000;5.000000;5.000000;5.000000;5.000000;5.000000,0.095333;nan;1.411493;0.111973;0.123173;nan,5.000000;5.000000;5.000000;5.000000;5.000000;5.000000,229,13760,101,7804,0,0,0,0,0,0,0,0,0,0,0,0,0,0,0,0,0,0,0,0,0,0,0,0,graph_0005__pathPersistency_0.2500,pathPersistency,0.25,graph_0005,epoch_0004
trace,aodv,0.323485,0.323454,1635,1865,105,626,868,0.519444,0.030432,76.998892,360,187,0,112,0,212,1.038889,626,30116,3.347594,161.048128,0.500000,4.285714,4.000000,5.000000,5.000000;5.000000;4.000000;4.000000;4.000000;4.000000;4.000000,12,nan,0,5.000000;5.000000;5.000000;5.000000;5.000000;5.000000,4.470998;nan;0.286149;0.111973;0.123173;nan,5.000000;5.000000;5.000000;5.000000;5.000000;5.000000,0,0,0,0,0,0,0,0,0,0,486,23328,66,3432,49,2352,19,824,6,180,0,0,0,0,0,0,0,0,graph_0005__pathPersistency_0.2500,pathPersistency,0.25,graph_0005,epoch_0004
trace,static,0.175504,0.175481,869,677,105,0,0,0.466667,0.023420,73.106670,360,168,0,0,0,46,0.933333,0,0,0.000000,0.000000,0.500000,4.285714,4.000000,5.000000,5.000000;5.000000;4.000000;4.000000;4.000000;4.000000;4.000000,12,nan,0,5.000000;5.000000;5.000000;5.000000;5.000000;5.000000,0.104309;0.098549;0.109749;0.120949;0.132149;0.143349,5.000000;5.000000;5.000000;5.000000;5.000000;5.000000,0,0,0,0,0,0,0,0,0,0,0,0,0,0,0,0,0,0,0,0,0,0,0,0,0,0,0,0,graph_0005__pathPersistency_0.2500,pathPersistency,0.25,graph_0005,epoch_0004
trace,olsr,0.371302,0.371232,1424,1492,105,335,529,0.605556,0.031358,73.134668,360,218,5,0,0,280,1.211111,335,22080,1.536697,101.284404,0.500000,4.285714,4.000000,5.000000,5.000000;5.000000;4.000000;4.000000;4.000000;4.000000;4.000000,12,nan,0,5.000000;5.000000;5.000000;5.000000;5.000000;5.000000,0.095333;0.089573;0.100773;0.111973;0.123173;0.134373,5.000000;5.000000;5.000000;5.000000;5.000000;5.000000,227,13632,108,8448,0,0,0,0,0,0,0,0,0,0,0,0,0,0,0,0,0,0,0,0,0,0,0,0,graph_0005__pathPersistency_0.2500,pathPersistency,0.25,graph_0005,epoch_0005
trace,aodv,0.315051,0.314896,1636,1861,105,625,862,0.519444,0.030439,76.999548,360,187,0,112,0,227,1.038889,625,30078,3.342246,160.844920,0.500000,4.285714,4.000000,5.000000,5.000000;5.000000;4.000000;4.000000;4.000000;4.000000;4.000000,12,nan,0,5.000000;5.000000;5.000000;5.000000;5.000000;5.000000,4.466301;nan;0.283353;0.111973;0.123173;nan,5.000000;5.000000;5.000000;5.000000;5.000000;5.000000,0,0,0,0,0,0,0,0,0,0,486,23328,67,3484,49,2352,16,704,7,210,0,0,0,0,0,0,0,0,graph_0005__pathPersistency_0.2500,pathPersistency,0.25,graph_0005,epoch_0005
trace,static,0.169827,0.169779,869,677,105,0,0,0.466667,0.023424,73.106741,360,168,0,0,0,46,0.933333,0,0,0.000000,0.000000,0.500000,4.285714,4.000000,5.000000,5.000000;5.000000;4.000000;4.000000;4.000000;4.000000;4.000000,12,nan,0,5.000000;5.000000;5.000000;5.000000;5.000000;5.000000,0.104309;0.098549;0.109749;0.120949;0.132149;0.143349,5.000000;5.000000;5.000000;5.000000;5.000000;5.000000,0,0,0,0,0,0,0,0,0,0,0,0,0,0,0,0,0,0,0,0,0,0,0,0,0,0,0,0,graph_0005__pathPersistency_0.2500,pathPersistency,0.25,graph_0005,epoch_0005
trace,olsr,0.350769,0.350720,1347,1403,105,327,507,0.522222,0.026959,73.419758,360,188,35,0,0,278,1.044444,327,21524,1.739362,114.489362,0.500000,4.285714,4.000000,5.000000,5.000000;5.000000;4.000000;4.000000;4.000000;4.000000;4.000000,12,nan,0,5.000000;5.000000;5.000000;5.000000;5.000000;5.000000,0.095333;0.089573;0.100773;0.111973;0.123173;1.281253,5.000000;5.000000;5.000000;5.000000;5.000000;5.000000,229,13760,98,7764,0,0,0,0,0,0,0,0,0,0,0,0,0,0,0,0,0,0,0,0,0,0,0,0,graph_0005__pathPersistency_0.2500,pathPersistency,0.25,graph_0005,epoch_0002
trace,aodv,0.315550,0.315518,1635,1871,105,625,873,0.519444,0.030432,76.998041,360,187,0,112,0,206,1.038889,625,30078,3.342246,160.844920,0.500000,4.285714,4.000000,5.000000,5.000000;5.000000;4.000000;4.000000;4.000000;4.000000;4.000000,12,nan,0,5.000000;5.000000;5.000000;5.000000;5.000000;5.000000,4.465881;nan;0.454904;0.111973;0.123173;nan,5.000000;5.000000;5.000000;5.000000;5.000000;5.000000,0,0,0,0,0,0,0,0,0,0,486,23328,67,3484,49,2352,16,704,7,210,0,0,0,0,0,0,0,0,graph_0005__pathPersistency_0.2500,pathPersistency,0.25,graph_0005,epoch_0002
trace,static,0.172059,0.172041,869,677,105,0,0,0.466667,0.023419,73.106659,360,168,0,0,0,46,0.933333,0,0,0.000000,0.000000,0.500000,4.285714,4.000000,5.000000,5.000000;5.000000;4.000000;4.000000;4.000000;4.000000;4.000000,12,nan,0,5.000000;5.000000;5.000000;5.000000;5.000000;5.000000,0.104309;0.098549;0.109749;0.120949;0.132149;0.143349,5.000000;5.000000;5.000000;5.000000;5.000000;5.000000,0,0,0,0,0,0,0,0,0,0,0,0,0,0,0,0,0,0,0,0,0,0,0,0,0,0,0,0,graph_0005__pathPersistency_0.2500,pathPersistency,0.25,graph_0005,epoch_0002
trace,olsr,0.376144,0.376114,1454,1500,105,335,516,0.558333,0.032565,70.637080,360,201,24,0,0,289,1.116667,335,22056,1.666667,109.731343,0.500000,4.285714,4.000000,5.000000,5.000000;5.000000;4.000000;4.000000;4.000000;4.000000;4.000000,12,nan,0,5.000000;5.000000;5.000000;5.000000;5.000000;5.000000,0.095333;0.089573;0.100773;0.111973;0.123173;nan,5.000000;5.000000;5.000000;5.000000;5.000000;5.000000,229,13760,106,8296,0,0,0,0,0,0,0,0,0,0,0,0,0,0,0,0,0,0,0,0,0,0,0,0,graph_0003__pathPersistency_0.7500,pathPersistency,0.75,graph_0003,epoch_0001
trace,aodv,0.371756,0.371735,1846,2081,105,643,888,0.666667,0.039066,68.123367,360,240,5,56,0,253,1.333333,643,30820,2.679167,128.416667,0.500000,4.285714,4.000000,5.000000,5.000000;5.000000;4.000000;4.000000;4.000000;4.000000;4.000000,12,nan,0,5.000000;5.000000;5.000000;5.000000;5.000000;5.000000,0.095333;0.089573;0.100773;nan;0.123173;nan,5.000000;5.000000;5.000000;5.000000;5.000000;5.000000,0,0,0,0,0,0,0,0,0,0,478,22944,78,4056,45,2160,36,1480,6,180,0,0,0,0,0,0,0,0,graph_0003__pathPersistency_0.7500,pathPersistency,0.75,graph_0003,epoch_0001
trace,static,0.172314,0.172312,872,680,105,0,0,0.466667,0.023424,73.106725,360,168,0,0,0,46,0.933333,0,0,0.000000,0.000000,0.500000,4.285714,4.000000,5.000000,5.000000;5.000000;4.000000;4.000000;4.000000;4.000000;4.000000,12,nan,0,5.000000;5.000000;5.000000;5.000000;5.000000;5.000000,0.104039;0.098549;0.109749;0.120679;0.132149;0.143349,5.000000;5.000000;5.000000;5.000000;5.000000;5.000000,0,0,0,0,0,0,0,0,0,0,0,0,0,0,0,0,0,0,0,0,0,0,0,0,0,0,0,0,graph_0003__pathPersistency_0.7500,pathPersistency,0.75,graph_0003,epoch_0001
trace,olsr,0.403470,0.403377,1460,1504,105,330,509,0.563889,0.030144,70.884766,360,203,22,0,0,284,1.127778,330,21896,1.625616,107.862069,0.500000,4.285714,4.000000,5.000000,5.000000;5.000000;4.000000;4.000000;4.000000;4.000000;4.000000,12,nan,0,5.000000;5.000000;5.000000;5.000000;5.000000;5.000000,0.095333;0.089573;0.100773;0.111973;0.123173;nan,5.000000;5.000000;5.000000;5.000000;5.000000;5.000000,229,13760,101,8136,0,0,0,0,0,0,0,0,0,0,0,0,0,0,0,0,0,0,0,0,0,0,0,0,graph_0003__pathPersistency_0.7500,pathPersistency,0.75,graph_0003,epoch_0003
trace,aodv,0.380056,0.379927,1839,2083,105,639,893,0.666667,0.039055,68.124619,360,240,5,56,0,250,1.333333,639,30660,2.662500,127.750000,0.500000,4.285714,4.000000,5.000000,5.000000;5.000000;4.000000;4.000000;4.000000;4.000000;4.000000,12,nan,0,5.000000;5.000000;5.000000;5.000000;5.000000;5.000000,0.095333;0.089573;0.100773;nan;0.123173;nan,5.000000;5.000000;5.000000;5.000000;5.000000;5.000000,0,0,0,0,0,0,0,0,0,0,477,22896,78,4056,45,2160,33,1368,6,180,0,0,0,0,0,0,0,0,graph_0003__pathPersistency_0.7500,pathPersistency,0.75,graph_0003,epoch_0003
trace,static,0.174404,0.174396,872,680,105,0,0,0.466667,0.023420,73.106673,360,168,0,0,0,46,0.933333,0,0,0.000000,0.000000,0.500000,4.285714,4.000000,5.000000,5.000000;5.000000;4.000000;4.000000;4.000000;4.000000;4.000000,12,nan,0,5.000000;5.000000;5.000000;5.000000;5.000000;5.000000,0.104039;0.098549;0.109749;0.120679;0.132149;0.143349,5.000000;5.000000;5.000000;5.000000;5.000000;5.000000,0,0,0,0,0,0,0,0,0,0,0,0,0,0,0,0,0,0,0,0,0,0,0,0,0,0,0,0,graph_0003__pathPersistency_0.7500,pathPersistency,0.75,graph_0003,epoch_0003
trace,olsr,0.388897,0.388874,1457,1501,105,331,510,0.561111,0.032729,70.689608,360,202,23,0,0,294,1.122222,331,21904,1.638614,108.435644,0.500000,4.285714,4.000000,5.000000,5.000000;5.000000;4.000000;4.000000;4.000000;4.000000;4.000000,12,nan,0,5.000000;5.000000;5.000000;5.000000;5.000000;5.000000,0.095333;0.089573;0.100773;0.111973;0.123173;nan,5.000000;5.000000;5.000000;5.000000;5.000000;5.000000,229,13760,102,8144,0,0,0,0,0,0,0,0,0,0,0,0,0,0,0,0,0,0,0,0,0,0,0,0,graph_0003__pathPersistency_0.7500,pathPersistency,0.75,graph_0003,epoch_0004
trace,aodv,0.383070,0.383049,1837,2068,105,630,877,0.663889,0.038904,68.117598,360,239,0,56,0,242,1.327778,630,30284,2.635983,126.711297,0.500000,4.285714,4.000000,5.000000,5.000000;5.000000;4.000000;4.000000;4.000000;4.000000;4.000000,12,nan,0,5.000000;5.000000;5.000000;5.000000;5.000000;5.000000,0.095333;0.089573;0.100773;nan;0.123173;nan,5.000000;5.000000;5.000000;5.000000;5.000000;5.000000,0,0,0,0,0,0,0,0,0,0,478,22944,76,3952,45,2160,25,1048,6,180,0,0,0,0,0,0,0,0,graph_0003__pathPersistency_0.7500,pathPersistency,0.75,graph_0003,epoch_0004
trace,static,0.174920,0.174918,872,680,105,0,0,0.466667,0.023424,73.106738,360,168,0,0,0,46,0.933333,0,0,0.000000,0.000000,0.500000,4.285714,4.000000,5.000000,5.000000;5.000000;4.000000;4.000000;4.000000;4.000000;4.000000,12,nan,0,5.000000;5.000000;5.000000;5.000000;5.000000;5.000000,0.104039;0.098549;0.109749;0.120679;0.132149;0.143349,5.000000;5.000000;5.000000;5.000000;5.000000;5.000000,0,0,0,0,0,0,0,0,0,0,0,0,0,0,0,0,0,0,0,0,0,0,0,0,0,0,0,0,graph_0003__pathPersistency_0.7500,pathPersistency,0.75,graph_0003,epoch_0004
trace,olsr,0.388892,0.388869,1487,1538,105,329,516,0.594444,0.030689,72.499664,360,214,10,0,0,278,1.188889,329,21768,1.537383,101.719626,0.500000,4.285714,4.000000,5.000000,5.000000;5.000000;4.000000;4.000000;4.000000;4.000000;4.000000,12,nan,0,5.000000;5.000000;5.000000;5.000000;5.000000;5.000000,0.095333;0.089573;0.100773;0.111973;0.123173;0.134373,5.000000;5.000000;5.000000;5.000000;5.000000;5.000000,227,13632,102,8136,0,0,0,0,0,0,0,0,0,0,0,0,0,0,0,0,0,0,0,0,0,0,0,0,graph_0003__pathPersistency_0.7500,pathPersistency,0.75,graph_0003,epoch_0005
trace,aodv,0.382973,0.382930,1840,2065,105,632,873,0.663889,0.038897,68.117260,360,239,0,56,0,252,1.327778,632,30388,2.644351,127.146444,0.500000,4.285714,4.000000,5.000000,5.000000;5.000000;4.000000;4.000000;4.000000;4.000000;4.000000,12,nan,0,5.000000;5.000000;5.000000;5.000000;5.000000;5.000000,0.095333;0.089573;0.100773;nan;0.123173;nan,5.000000;5.000000;5.000000;5.000000;5.000000;5.000000,0,0,0,0,0,0,0,0,0,0,478,22944,78,4056,45,2160,25,1048,6,180,0,0,0,0,0,0,0,0,graph_0003__pathPersistency_0.7500,pathPersistency,0.75,graph_0003,epoch_0005
trace,static,0.174775,0.174768,872,680,105,0,0,0.466667,0.023420,73.106676,360,168,0,0,0,46,0.933333,0,0,0.000000,0.000000,0.500000,4.285714,4.000000,5.000000,5.000000;5.000000;4.000000;4.000000;4.000000;4.000000;4.000000,12,nan,0,5.000000;5.000000;5.000000;5.000000;5.000000;5.000000,0.104039;0.098549;0.109749;0.120679;0.132149;0.143349,5.000000;5.000000;5.000000;5.000000;5.000000;5.000000,0,0,0,0,0,0,0,0,0,0,0,0,0,0,0,0,0,0,0,0,0,0,0,0,0,0,0,0,graph_0003__pathPersistency_0.7500,pathPersistency,0.75,graph_0003,epoch_0005
trace,olsr,0.377823,0.377790,1463,1509,105,331,512,0.569444,0.029313,71.098954,360,205,20,0,0,297,1.138889,331,21880,1.614634,106.731707,0.500000,4.285714,4.000000,5.000000,5.000000;5.000000;4.000000;4.000000;4.000000;4.000000;4.000000,12,nan,0,5.000000;5.000000;5.000000;5.000000;5.000000;5.000000,0.095333;0.089573;0.100773;0.111973;0.123173;1.281253,5.000000;5.000000;5.000000;5.000000;5.000000;5.000000,225,13504,106,8376,0,0,0,0,0,0,0,0,0,0,0,0,0,0,0,0,0,0,0,0,0,0,0,0,graph_0003__pathPersistency_0.7500,pathPersistency,0.75,graph_0003,epoch_0002
trace,aodv,0.375252,0.375244,1837,2071,105,630,880,0.663889,0.038893,68.118463,360,239,0,56,0,235,1.327778,630,30284,2.635983,126.711297,0.500000,4.285714,4.000000,5.000000,5.000000;5.000000;4.000000;4.000000;4.000000;4.000000;4.000000,12,nan,0,5.000000;5.000000;5.000000;5.000000;5.000000;5.000000,0.095333;0.089573;0.100773;nan;0.123173;nan,5.000000;5.000000;5.000000;5.000000;5.000000;5.000000,0,0,0,0,0,0,0,0,0,0,478,22944,76,3952,45,2160,25,1048,6,180,0,0,0,0,0,0,0,0,graph_0003__pathPersistency_0.7500,pathPersistency,0.75,graph_0003,epoch_0002
trace,static,0.171613,0.171609,872,680,105,0,0,0.466667,0.023419,73.106661,360,168,0,0,0,46,0.933333,0,0,0.000000,0.000000,0.500000,4.285714,4.000000,5.000000,5.000000;5.000000;4.000000;4.000000;4.000000;4.000000;4.000000,12,nan,0,5.000000;5.000000;5.000000;5.000000;5.000000;5.000000,0.104039;0.098549;0.109749;0.120679;0.132149;0.143349,5.000000;5.000000;5.000000;5.000000;5.000000;5.000000,0,0,0,0,0,0,0,0,0,0,0,0,0,0,0,0,0,0,0,0,0,0,0,0,0,0,0,0,graph_0003__pathPersistency_0.7500,pathPersistency,0.75,graph_0003,epoch_0002
trace,olsr,0.314399,0.314387,1169,1225,105,330,495,0.411111,0.021225,72.738423,360,148,29,0,0,252,0.822222,330,21764,2.229730,147.054054,0.500000,4.285714,4.000000,5.000000,5.000000;5.000000;4.000000;4.000000;4.000000;4.000000;4.000000,12,nan,0,5.000000;5.000000;5.000000;5.000000;5.000000;5.000000,0.095333;nan;1.739173;3.224933;0.123173;0.134373,5.000000;5.000000;5.000000;5.000000;5.000000;5.000000,229,13760,101,8004,0,0,0,0,0,0,0,0,0,0,0,0,0,0,0,0,0,0,0,0,0,0,0,0,graph_0002__pathPersistency_0.0000,pathPersistency,0.0,graph_0002,epoch_0001
trace,aodv,0.370959,0.370930,1827,2058,105,656,901,0.636111,0.032053,77.498865,360,229,5,112,0,258,1.272222,656,31558,2.864629,137.807860,0.500000,4.285714,4.000000,5.000000,5.000000;5.000000;4.000000;4.000000;4.000000;4.000000;4.000000,12,nan,0,5.000000;5.000000;5.000000;5.000000;5.000000;5.000000,4.468157;0.089573;1.428604;nan;0.123173;0.489093,5.000000;5.000000;5.000000;5.000000;5.000000;5.000000,0,0,0,0,0,0,0,0,0,0,480,23040,82,4264,65,3120,20,864,9,270,0,0,0,0,0,0,0,0,graph_0002__pathPersistency_0.0000,pathPersistency,0.0,graph_0002,epoch_0001
trace,static,0.173986,0.173881,870,678,105,0,0,0.466667,0.023422,73.106696,360,168,0,0,0,46,0.933333,0,0,0.000000,0.000000,0.500000,4.285714,4.000000,5.000000,5.000000;5.000000;4.000000;4.000000;4.000000;4.000000;4.000000,12,nan,0,5.000000;5.000000;5.000000;5.000000;5.000000;5.000000,0.104309;0.098549;0.109479;0.120949;0.132149;0.143349,5.000000;5.000000;5.000000;5.000000;5.000000;5.000000,0,0,0,0,0,0,0,0,0,0,0,0,0,0,0,0,0,0,0,0,0,0,0,0,0,0,0,0,graph_0002__pathPersistency_0.0000,pathPersistency,0.0,graph_0002,epoch_0001
trace,olsr,0.363409,0.363380,1396,1443,105,330,500,0.583333,0.029277,74.064722,360,210,2,0,0,300,1.166667,330,21668,1.571429,103.180952,0.500000,4.285714,4.000000,5.000000,5.000000;5.000000;4.000000;4.000000;4.000000;4.000000;4.000000,12,nan,0,5.000000;5.000000;5.000000;5.000000;5.000000;5.000000,0.095333;0.089573;0.100773;1.267829;0.123173;0.134373,5.000000;5.000000;5.000000;5.000000;5.000000;5.000000,229,13760,101,7908,0,0,0,0,0,0,0,0,0,0,0,0,0,0,0,0,0,0,0,0,0,0,0,0,graph_0002__pathPersistency_0.0000,pathPersistency,0.0,graph_0002,epoch_0003
trace,aodv,0.368909,0.368896,1837,2046,105,661,885,0.636111,0.032048,77.497973,360,229,4,112,0,290,1.272222,661,31782,2.886463,138.786026,0.500000,4.285714,4.000000,5.000000,5.000000;5.000000;4.000000;4.000000;4.000000;4.000000;4.000000,12,nan,0,5.000000;5.000000;5.000000;5.000000;5.000000;5.000000,4.473421;0.089573;1.430490;nan;0.123173;0.483445,5.000000;5.000000;5.000000;5.000000;5.000000;5.000000,0,0,0,0,0,0,0,0,0,0,480,23040,84,4368,65,3120,23,984,9,270,0,0,0,0,0,0,0,0,graph_0002__pathPersistency_0.0000,pathPersistency,0.0,graph_0002,epoch_0003
trace,static,0.171939,0.171932,870,678,105,0,0,0.466667,0.023418,73.106644,360,168,0,0,0,46,0.933333,0,0,0.000000,0.000000,0.500000,4.285714,4.000000,5.000000,5.000000;5.000000;4.000000;4.000000;4.000000;4.000000;4.000000,12,nan,0,5.000000;5.000000;5.000000;5.000000;5.000000;5.000000,0.104309;0.098549;0.109479;0.120949;0.132149;0.143349,5.000000;5.000000;5.000000;5.000000;5.000000;5.000000,0,0,0,0,0,0,0,0,0,0,0,0,0,0,0,0,0,0,0,0,0,0,0,0,0,0,0,0,graph_0002__pathPersistency_0.0000,pathPersistency,0.0,graph_0002,epoch_0003
trace,olsr,0.381006,0.380947,1454,1507,105,326,505,0.580556,0.029139,73.196708,360,209,25,0,0,295,1.161111,326,21648,1.559809,103.578947,0.500000,4.285714,4.000000,5.000000,5.000000;5.000000;4.000000;4.000000;4.000000;4.000000;4.000000,12,nan,0,5.000000;5.000000;5.000000;5.000000;5.000000;5.000000,0.095333;0.089573;0.100773;3.552613;0.123173;0.134373,5.000000;5.000000;5.000000;5.000000;5.000000;5.000000,226,13568,100,8080,0,0,0,0,0,0,0,0,0,0,0,0,0,0,0,0,0,0,0,0,0,0,0,0,graph_0002__pathPersistency_0.0000,pathPersistency,0.0,graph_0002,epoch_0004
trace,aodv,0.369218,0.369205,1830,2063,105,659,906,0.636111,0.032057,77.498791,360,229,5,112,0,255,1.272222,659,31694,2.877729,138.401747,0.500000,4.285714,4.000000,5.000000,5.000000;5.000000;4.000000;4.000000;4.000000;4.000000;4.000000,12,nan,0,5.000000;5.000000;5.000000;5.000000;5.000000;5.000000,4.466577;0.089573;1.430694;nan;0.123173;0.487334,5.000000;5.000000;5.000000;5.000000;5.000000;5.000000,0,0,0,0,0,0,0,0,0,0,480,23040,82,4264,65,3120,23,1000,9,270,0,0,0,0,0,0,0,0,graph_0002__pathPersistency_0.0000,pathPersistency,0.0,graph_0002,epoch_0004
trace,static,0.174360,0.174351,870,678,105,0,0,0.466667,0.023423,73.106715,360,168,0,0,0,46,0.933333,0,0,0.000000,0.000000,0.500000,4.285714,4.000000,5.000000,5.000000;5.000000;4.000000;4.000000;4.000000;4.000000;4.000000,12,nan,0,5.000000;5.000000;5.000000;5.000000;5.000000;5.000000,0.104309;0.098549;0.109479;0.120949;0.132149;0.143349,5.000000;5.000000;5.000000;5.000000;5.000000;5.000000,0,0,0,0,0,0,0,0,0,0,0,0,0,0,0,0,0,0,0,0,0,0,0,0,0,0,0,0,graph_0002__pathPersistency_0.0000,pathPersistency,0.0,graph_0002,epoch_0004
trace,olsr,0.325497,0.325155,1205,1249,105,328,493,0.450000,0.024063,65.929245,360,162,13,0,0,299,0.900000,328,21580,2.024691,133.209877,0.500000,4.285714,4.000000,5.000000,5.000000;5.000000;4.000000;4.000000;4.000000;4.000000;4.000000,12,nan,0,5.000000;5.000000;5.000000;5.000000;5.000000;5.000000,0.095333;0.089573;0.101483;3.388773;3.563813;nan,5.000000;5.000000;5.000000;5.000000;5.000000;5.000000,229,13760,99,7820,0,0,0,0,0,0,0,0,0,0,0,0,0,0,0,0,0,0,0,0,0,0,0,0,graph_0002__pathPersistency_0.0000,pathPersistency,0.0,graph_0002,epoch_0005
trace,aodv,0.312918,0.312561,1611,1817,105,615,836,0.486111,0.024502,81.495741,360,175,2,168,0,225,0.972222,615,29602,3.514286,169.154286,0.500000,4.285714,4.000000,5.000000,5.000000;5.000000;4.000000;4.000000;4.000000;4.000000;4.000000,12,nan,0,5.000000;5.000000;5.000000;5.000000;5.000000;5.000000,4.458141;nan;1.441724;nan;0.633201;0.490425,5.000000;5.000000;5.000000;5.000000;5.000000;5.000000,0,0,0,0,0,0,0,0,0,0,484,23232,64,3328,47,2256,13,576,7,210,0,0,0,0,0,0,0,0,graph_0002__pathPersistency_0.0000,pathPersistency,0.0,graph_0002,epoch_0005
trace,static,0.178224,0.178028,870,678,105,0,0,0.466667,0.023423,73.106721,360,168,0,0,0,46,0.933333,0,0,0.000000,0.000000,0.500000,4.285714,4.000000,5.000000,5.000000;5.000000;4.000000;4.000000;4.000000;4.000000;4.000000,12,nan,0,5.000000;5.000000;5.000000;5.000000;5.000000;5.000000,0.104309;0.098549;0.109479;0.120949;0.132149;0.143349,5.000000;5.000000;5.000000;5.000000;5.000000;5.000000,0,0,0,0,0,0,0,0,0,0,0,0,0,0,0,0,0,0,0,0,0,0,0,0,0,0,0,0,graph_0002__pathPersistency_0.0000,pathPersistency,0.0,graph_0002,epoch_0005
trace,olsr,0.396857,0.396829,1432,1491,105,326,504,0.622222,0.031230,74.071524,360,224,0,0,0,277,1.244444,326,21672,1.455357,96.750000,0.500000,4.285714,4.000000,5.000000,5.000000;5.000000;4.000000;4.000000;4.000000;4.000000;4.000000,12,nan,0,5.000000;5.000000;5.000000;5.000000;5.000000;5.000000,0.095333;0.089573;0.100773;0.111973;0.123173;0.134373,5.000000;5.000000;5.000000;5.000000;5.000000;5.000000,226,13568,100,8104,0,0,0,0,0,0,0,0,0,0,0,0,0,0,0,0,0,0,0,0,0,0,0,0,graph_0002__pathPersistency_0.0000,pathPersistency,0.0,graph_0002,epoch_0002
trace,aodv,0.404222,0.404208,1829,2041,105,656,882,0.636111,0.032050,77.499802,360,229,5,112,0,264,1.272222,656,31558,2.864629,137.807860,0.500000,4.285714,4.000000,5.000000,5.000000;5.000000;4.000000;4.000000;4.000000;4.000000;4.000000,12,nan,0,5.000000;5.000000;5.000000;5.000000;5.000000;5.000000,4.480941;0.089573;1.429390;nan;0.123173;0.491973,5.000000;5.000000;5.000000;5.000000;5.000000;5.000000,0,0,0,0,0,0,0,0,0,0,480,23040,82,4264,65,3120,20,864,9,270,0,0,0,0,0,0,0,0,graph_0002__pathPersistency_0.0000,pathPersistency,0.0,graph_0002,epoch_0002
trace,static,0.178633,0.178550,870,678,105,0,0,0.466667,0.023422,73.106704,360,168,0,0,0,46,0.933333,0,0,0.000000,0.000000,0.500000,4.285714,4.000000,5.000000,5.000000;5.000000;4.000000;4.000000;4.000000;4.000000;4.000000,12,nan,0,5.000000;5.000000;5.000000;5.000000;5.000000;5.000000,0.104309;0.098549;0.109479;0.120949;0.132149;0.143349,5.000000;5.000000;5.000000;5.000000;5.000000;5.000000,0,0,0,0,0,0,0,0,0,0,0,0,0,0,0,0,0,0,0,0,0,0,0,0,0,0,0,0,graph_0002__pathPersistency_0.0000,pathPersistency,0.0,graph_0002,epoch_0002
trace,olsr,0.378571,0.378530,1436,1458,105,326,493,0.588889,0.029556,74.143759,360,212,2,0,0,229,1.177778,326,21432,1.537736,101.094340,0.500000,4.285714,4.000000,5.000000,5.000000;5.000000;4.000000;4.000000;4.000000;4.000000;4.000000,12,nan,0,5.000000;5.000000;5.000000;5.000000;5.000000;5.000000,0.095333;0.089573;0.100773;0.111973;0.123173;0.134373,5.000000;5.000000;5.000000;5.000000;5.000000;5.000000,228,13696,98,7736,0,0,0,0,0,0,0,0,0,0,0,0,0,0,0,0,0,0,0,0,0,0,0,0,graph_0002__pathPersistency_0.7500,pathPersistency,0.75,graph_0002,epoch_0001
trace,aodv,0.370953,0.370921,1806,2004,105,637,855,0.625000,0.031493,81.194761,360,225,3,112,0,285,1.250000,637,30610,2.831111,136.044444,0.500000,4.285714,4.000000,5.000000,5.000000;5.000000;4.000000;4.000000;4.000000;4.000000;4.000000,12,nan,0,5.000000;5.000000;5.000000;5.000000;5.000000;5.000000,4.464721;0.089573;nan;0.111973;0.123173;0.134373,5.000000;5.000000;5.000000;5.000000;5.000000;5.000000,0,0,0,0,0,0,0,0,0,0,484,23232,72,3744,48,2304,26,1120,7,210,0,0,0,0,0,0,0,0,graph_0002__pathPersistency_0.7500,pathPersistency,0.75,graph_0002,epoch_0001
trace,static,0.173442,0.173403,867,675,105,0,0,0.466667,0.023422,73.106698,360,168,0,0,0,45,0.933333,0,0,0.000000,0.000000,0.500000,4.285714,4.000000,5.000000,5.000000;5.000000;4.000000;4.000000;4.000000;4.000000;4.000000,12,nan,0,5.000000;5.000000;5.000000;5.000000;5.000000;5.000000,0.104309;0.098549;0.109749;0.120949;0.132149;0.143349,5.000000;5.000000;5.000000;5.000000;5.000000;5.000000,0,0,0,0,0,0,0,0,0,0,0,0,0,0,0,0,0,0,0,0,0,0,0,0,0,0,0,0,graph_0002__pathPersistency_0.7500,pathPersistency,0.75,graph_0002,epoch_0001
trace,olsr,0.376772,0.376749,1435,1458,105,325,493,0.588889,0.029556,74.115065,360,212,1,0,0,236,1.177778,325,21448,1.533019,101.169811,0.500000,4.285714,4.000000,5.000000,5.000000;5.000000;4.000000;4.000000;4.000000;4.000000;4.000000,12,nan,0,5.000000;5.000000;5.000000;5.000000;5.000000;5.000000,0.095333;0.089573;0.100773;0.111973;0.123173;0.134373,5.000000;5.000000;5.000000;5.000000;5.000000;5.000000,229,13760,96,7688,0,0,0,0,0,0,0,0,0,0,0,0,0,0,0,0,0,0,0,0,0,0,0,0,graph_0002__pathPersistency_0.7500,pathPersistency,0.75,graph_0002,epoch_0003
trace,aodv,0.369997,0.369971,1815,1977,105,644,829,0.616667,0.031068,81.451027,360,222,3,112,0,339,1.233333,644,30920,2.900901,139.279279,0.500000,4.285714,4.000000,5.000000,5.000000;5.000000;4.000000;4.000000;4.000000;4.000000;4.000000,12,nan,0,5.000000;5.000000;5.000000;5.000000;5.000000;5.000000,4.451701;0.089573;nan;0.111973;0.123173;0.134373,5.000000;5.000000;5.000000;5.000000;5.000000;5.000000,0,0,0,0,0,0,0,0,0,0,485,23280,69,3588,52,2496,32,1376,6,180,0,0,0,0,0,0,0,0,graph_0002__pathPersistency_0.7500,pathPersistency,0.75,graph_0002,epoch_0003
trace,static,0.171101,0.171074,867,675,105,0,0,0.466667,0.023418,73.106646,360,168,0,0,0,45,0.933333,0,0,0.000000,0.000000,0.500000,4.285714,4.000000,5.000000,5.000000;5.000000;4.000000;4.000000;4.000000;4.000000;4.000000,12,nan,0,5.000000;5.000000;5.000000;5.000000;5.000000;5.000000,0.104309;0.098549;0.109749;0.120949;0.132149;0.143349,5.000000;5.000000;5.000000;5.000000;5.000000;5.000000,0,0,0,0,0,0,0,0,0,0,0,0,0,0,0,0,0,0,0,0,0,0,0,0,0,0,0,0,graph_0002__pathPersistency_0.7500,pathPersistency,0.75,graph_0002,epoch_0003
trace,olsr,0.377812,0.377648,1434,1458,105,324,494,0.588889,0.029557,74.011684,360,212,2,0,0,236,1.177778,324,21464,1.528302,101.245283,0.500000,4.285714,4.000000,5.000000,5.000000;5.000000;4.000000;4.000000;4.000000;4.000000;4.000000,12,nan,0,5.000000;5.000000;5.000000;5.000000;5.000000;5.000000,0.095333;0.089573;0.100773;0.111973;0.123173;0.134373,5.000000;5.000000;5.000000;5.000000;5.000000;5.000000,227,13632,97,7832,0,0,0,0,0,0,0,0,0,0,0,0,0,0,0,0,0,0,0,0,0,0,0,0,graph_0002__pathPersistency_0.7500,pathPersistency,0.75,graph_0002,epoch_0004
trace,aodv,0.368096,0.368055,1808,2011,105,642,863,0.616667,0.031077,81.461174,360,222,8,112,0,264,1.233333,642,30766,2.891892,138.585586,0.500000,4.285714,4.000000,5.000000,5.000000;5.000000;4.000000;4.000000;4.000000;4.000000;4.000000,12,nan,0,5.000000;5.000000;5.000000;5.000000;5.000000;5.000000,4.462901;0.089573;nan;0.111973;0.123173;0.134373,5.000000;5.000000;5.000000;5.000000;5.000000;5.000000,0,0,0,0,0,0,0,0,0,0,484,23232,68,3536,46,2208,39,1640,5,150,0,0,0,0,0,0,0,0,graph_0002__pathPersistency_0.7500,pathPersistency,0.75,graph_0002,epoch_0004
trace,static,0.172578,0.172565,867,675,105,0,0,0.466667,0.023423,73.106717,360,168,0,0,0,45,0.933333,0,0,0.000000,0.000000,0.500000,4.285714,4.000000,5.000000,5.000000;5.000000;4.000000;4.000000;4.000000;4.000000;4.000000,12,nan,0,5.000000;5.000000;5.000000;5.000000;5.000000;5.000000,0.104309;0.098549;0.109749;0.120949;0.132149;0.143349,5.000000;5.000000;5.000000;5.000000;5.000000;5.000000,0,0,0,0,0,0,0,0,0,0,0,0,0,0,0,0,0,0,0,0,0,0,0,0,0,0,0,0,graph_0002__pathPersistency_0.7500,pathPersistency,0.75,graph_0002,epoch_0004
trace,olsr,0.370327,0.370175,1385,1409,105,328,497,0.555556,0.027885,73.414433,360,200,0,0,0,238,1.111111,328,21520,1.640000,107.600000,0.500000,4.285714,4.000000,5.000000,5.000000;5.000000;4.000000;4.000000;4.000000;4.000000;4.000000,12,nan,0,5.000000;5.000000;5.000000;5.000000;5.000000;5.000000,0.095333;0.089573;0.100773;0.111973;0.123173;0.134373,5.000000;5.000000;5.000000;5.000000;5.000000;5.000000,230,13824,98,7696,0,0,0,0,0,0,0,0,0,0,0,0,0,0,0,0,0,0,0,0,0,0,0,0,graph_0002__pathPersistency_0.7500,pathPersistency,0.75,graph_0002,epoch_0005
trace,aodv,0.371553,0.371514,1813,2013,105,622,840,0.638889,0.032202,80.957634,360,230,0,112,0,253,1.277778,622,29950,2.704348,130.217391,0.500000,4.285714,4.000000,5.000000,5.000000;5.000000;4.000000;4.000000;4.000000;4.000000;4.000000,12,nan,0,5.000000;5.000000;5.000000;5.000000;5.000000;5.000000,4.467901;1.918141;nan;0.111973;0.123173;0.134373,5.000000;5.000000;5.000000;5.000000;5.000000;5.000000,0,0,0,0,0,0,0,0,0,0,484,23232,70,3640,43,2064,20,864,5,150,0,0,0,0,0,0,0,0,graph_0002__pathPersistency_0.7500,pathPersistency,0.75,graph_0002,epoch_0005
trace,static,0.174437,0.174435,867,675,105,0,0,0.466667,0.023423,73.106722,360,168,0,0,0,45,0.933333,0,0,0.000000,0.000000,0.500000,4.285714,4.000000,5.000000,5.000000;5.000000;4.000000;4.000000;4.000000;4.000000;4.000000,12,nan,0,5.000000;5.000000;5.000000;5.000000;5.000000;5.000000,0.104309;0.098549;0.109749;0.120949;0.132149;0.143349,5.000000;5.000000;5.000000;5.000000;5.000000;5.000000,0,0,0,0,0,0,0,0,0,0,0,0,0,0,0,0,0,0,0,0,0,0,0,0,0,0,0,0,graph_0002__pathPersistency_0.7500,pathPersistency,0.75,graph_0002,epoch_0005
trace,olsr,0.380112,0.380094,1440,1465,105,327,497,0.591667,0.029696,74.220782,360,213,2,0,0,241,1.183333,327,21584,1.535211,101.333333,0.500000,4.285714,4.000000,5.000000,5.000000;5.000000;4.000000;4.000000;4.000000;4.000000;4.000000,12,nan,0,5.000000;5.000000;5.000000;5.000000;5.000000;5.000000,0.095333;0.089573;0.428453;0.111973;0.123173;0.134373,5.000000;5.000000;5.000000;5.000000;5.000000;5.000000,225,13504,102,8080,0,0,0,0,0,0,0,0,0,0,0,0,0,0,0,0,0,0,0,0,0,0,0,0,graph_0002__pathPersistency_0.7500,pathPersistency,0.75,graph_0002,epoch_0002
trace,aodv,0.373719,0.373691,1805,1987,105,634,838,0.616667,0.031070,81.453390,360,222,4,112,0,324,1.233333,634,30442,2.855856,137.126126,0.500000,4.285714,4.000000,5.000000,5.000000;5.000000;4.000000;4.000000;4.000000;4.000000;4.000000,12,nan,0,5.000000;5.000000;5.000000;5.000000;5.000000;5.000000,4.463297;0.089573;nan;0.111973;0.123173;0.134373,5.000000;5.000000;5.000000;5.000000;5.000000;5.000000,0,0,0,0,0,0,0,0,0,0,485,23280,67,3484,46,2208,31,1320,5,150,0,0,0,0,0,0,0,0,graph_0002__pathPersistency_0.7500,pathPersistency,0.75,graph_0002,epoch_0002
trace,static,0.172507,0.172471,867,675,105,0,0,0.466667,0.023422,73.106705,360,168,0,0,0,45,0.933333,0,0,0.000000,0.000000,0.500000,4.285714,4.000000,5.000000,5.000000;5.000000;4.000000;4.000000;4.000000;4.000000;4.000000,12,nan,0,5.000000;5.000000;5.000000;5.000000;5.000000;5.000000,0.104309;0.098549;0.109749;0.120949;0.132149;0.143349,5.000000;5.000000;5.000000;5.000000;5.000000;5.000000,0,0,0,0,0,0,0,0,0,0,0,0,0,0,0,0,0,0,0,0,0,0,0,0,0,0,0,0,graph_0002__pathPersistency_0.7500,pathPersistency,0.75,graph_0002,epoch_0002
trace,olsr,0.334865,0.334757,1294,1354,105,330,505,0.425000,0.021329,77.802432,360,153,33,0,0,231,0.850000,330,21668,2.156863,141.620915,0.500000,4.285714,4.000000,5.000000,5.000000;5.000000;4.000000;4.000000;4.000000;4.000000;4.000000,12,nan,0,5.000000;5.000000;5.000000;5.000000;5.000000;5.000000,1.087079;nan;1.739173;0.111973;0.123173;0.134373,5.000000;5.000000;5.000000;5.000000;5.000000;5.000000,226,13568,104,8100,0,0,0,0,0,0,0,0,0,0,0,0,0,0,0,0,0,0,0,0,0,0,0,0,graph_0001__pathPersistency_0.7500,pathPersistency,0.75,graph_0001,epoch_0001
trace,aodv,0.381666,0.381620,1844,2047,105,622,840,0.666667,0.039061,73.122945,360,240,0,56,0,281,1.333333,622,29908,2.591667,124.616667,0.500000,4.285714,4.000000,5.000000,5.000000;5.000000;4.000000;4.000000;4.000000;4.000000;4.000000,12,nan,0,5.000000;5.000000;5.000000;5.000000;5.000000;5.000000,1.419237;nan;0.100773;0.111973;0.123173;nan,5.000000;5.000000;5.000000;5.000000;5.000000;5.000000,0,0,0,0,0,0,0,0,0,0,485,23280,68,3536,41,1968,22,944,6,180,0,0,0,0,0,0,0,0,graph_0001__pathPersistency_0.7500,pathPersistency,0.75,graph_0001,epoch_0001
trace,static,0.169143,0.169118,866,674,105,0,0,0.466667,0.023420,73.106676,360,168,0,0,0,44,0.933333,0,0,0.000000,0.000000,0.500000,4.285714,4.000000,5.000000,5.000000;5.000000;4.000000;4.000000;4.000000;4.000000;4.000000,12,nan,0,5.000000;5.000000;5.000000;5.000000;5.000000;5.000000,0.104309;0.098549;0.109749;0.120949;0.132149;0.143349,5.000000;5.000000;5.000000;5.000000;5.000000;5.000000,0,0,0,0,0,0,0,0,0,0,0,0,0,0,0,0,0,0,0,0,0,0,0,0,0,0,0,0,graph_0001__pathPersistency_0.7500,pathPersistency,0.75,graph_0001,epoch_0001
trace,olsr,0.362280,0.361891,1323,1351,105,323,486,0.436111,0.021891,77.459088,360,157,35,0,0,250,0.872222,323,21328,2.057325,135.847134,0.500000,4.285714,4.000000,5.000000,5.000000;5.000000;4.000000;4.000000;4.000000;4.000000;4.000000,12,nan,0,5.000000;5.000000;5.000000;5.000000;5.000000;5.000000,0.095333;3.375349;1.748149;0.111973;0.123173;0.134373,5.000000;5.000000;5.000000;5.000000;5.000000;5.000000,229,13760,94,7568,0,0,0,0,0,0,0,0,0,0,0,0,0,0,0,0,0,0,0,0,0,0,0,0,graph_0001__pathPersistency_0.7500,pathPersistency,0.75,graph_0001,epoch_0003
trace,aodv,0.384483,0.383962,1849,2070,105,631,861,0.669444,0.039230,73.040214,360,241,5,56,0,229,1.338889,631,30204,2.618257,125.327801,0.500000,4.285714,4.000000,5.000000,5.000000;5.000000;4.000000;4.000000;4.000000;4.000000;4.000000,12,nan,0,5.000000;5.000000;5.000000;5.000000;5.000000;5.000000,1.260159;nan;0.100773;0.111973;0.123173;nan,5.000000;5.000000;5.000000;5.000000;5.000000;5.000000,0,0,0,0,0,0,0,0,0,0,485,23280,64,3328,40,1920,36,1496,6,180,0,0,0,0,0,0,0,0,graph_0001__pathPersistency_0.7500,pathPersistency,0.75,graph_0001,epoch_0003
trace,static,0.173791,0.173582,866,674,105,0,0,0.466667,0.023425,73.106746,360,168,0,0,0,44,0.933333,0,0,0.000000,0.000000,0.500000,4.285714,4.000000,5.000000,5.000000;5.000000;4.000000;4.000000;4.000000;4.000000;4.000000,12,nan,0,5.000000;5.000000;5.000000;5.000000;5.000000;5.000000,0.104309;0.098549;0.109749;0.120949;0.132149;0.143349,5.000000;5.000000;5.000000;5.000000;5.000000;5.000000,0,0,0,0,0,0,0,0,0,0,0,0,0,0,0,0,0,0,0,0,0,0,0,0,0,0,0,0,graph_0001__pathPersistency_0.7500,pathPersistency,0.75,graph_0001,epoch_0003
trace,olsr,0.332946,0.332943,1276,1331,105,324,491,0.441667,0.022166,73.996401,360,159,32,0,0,225,0.883333,324,21248,2.037736,133.635220,0.500000,4.285714,4.000000,5.000000,5.000000;5.000000;4.000000;4.000000;4.000000;4.000000;4.000000,12,nan,0,5.000000;5.000000;5.000000;5.000000;5.000000;5.000000,0.095333;nan;1.748149;0.111973;0.123173;0.134373,5.000000;5.000000;5.000000;5.000000;5.000000;5.000000,228,13696,96,7552,0,0,0,0,0,0,0,0,0,0,0,0,0,0,0,0,0,0,0,0,0,0,0,0,graph_0001__pathPersistency_0.7500,pathPersistency,0.75,graph_0001,epoch_0004
trace,aodv,0.375848,0.375820,1844,2047,105,620,838,0.666667,0.039057,73.126770,360,240,0,56,0,254,1.333333,620,29804,2.583333,124.183333,0.500000,4.285714,4.000000,5.000000,5.000000;5.000000;4.000000;4.000000;4.000000;4.000000;4.000000,12,nan,0,5.000000;5.000000;5.000000;5.000000;5.000000;5.000000,1.430532;nan;0.100773;0.111973;0.123173;nan,5.000000;5.000000;5.000000;5.000000;5.000000;5.000000,0,0,0,0,0,0,0,0,0,0,485,23280,66,3432,41,1968,22,944,6,180,0,0,0,0,0,0,0,0,graph_0001__pathPersistency_0.7500,pathPersistency,0.75,graph_0001,epoch_0004
trace,static,0.171452,0.171435,866,674,105,0,0,0.466667,0.023421,73.106687,360,168,0,0,0,44,0.933333,0,0,0.000000,0.000000,0.500000,4.285714,4.000000,5.000000,5.000000;5.000000;4.000000;4.000000;4.000000;4.000000;4.000000,12,nan,0,5.000000;5.000000;5.000000;5.000000;5.000000;5.000000,0.104309;0.098549;0.109749;0.120949;0.132149;0.143349,5.000000;5.000000;5.000000;5.000000;5.000000;5.000000,0,0,0,0,0,0,0,0,0,0,0,0,0,0,0,0,0,0,0,0,0,0,0,0,0,0,0,0,graph_0001__pathPersistency_0.7500,pathPersistency,0.75,graph_0001,epoch_0004
trace,olsr,0.366452,0.366394,1283,1319,105,327,498,0.366667,0.018402,76.261468,360,132,58,0,0,258,0.733333,327,21496,2.477273,162.848485,0.500000,4.285714,4.000000,5.000000,5.000000;5.000000;4.000000;4.000000;4.000000;4.000000;4.000000,12,nan,0,5.000000;5.000000;5.000000;5.000000;5.000000;5.000000,0.095333;1.073043;2.239669;1.258853;0.123173;0.134373,5.000000;5.000000;5.000000;5.000000;5.000000;5.000000,226,13568,101,7928,0,0,0,0,0,0,0,0,0,0,0,0,0,0,0,0,0,0,0,0,0,0,0,0,graph_0001__pathPersistency_0.7500,pathPersistency,0.75,graph_0001,epoch_0005
trace,aodv,0.371311,0.371189,1836,2039,105,620,844,0.650000,0.038837,73.833754,360,234,0,56,0,272,1.300000,620,29806,2.649573,127.376068,0.500000,4.285714,4.000000,5.000000,5.000000;5.000000;4.000000;4.000000;4.000000;4.000000;4.000000,12,nan,0,5.000000;5.000000;5.000000;5.000000;5.000000;5.000000,1.432853;nan;0.100773;0.111973;0.123173;nan,5.000000;5.000000;5.000000;5.000000;5.000000;5.000000,0,0,0,0,0,0,0,0,0,0,485,23280,67,3484,41,1968,20,864,7,210,0,0,0,0,0,0,0,0,graph_0001__pathPersistency_0.7500,pathPersistency,0.75,graph_0001,epoch_0005
trace,static,0.171870,0.171854,866,674,105,0,0,0.466667,0.023421,73.106692,360,168,0,0,0,44,0.933333,0,0,0.000000,0.000000,0.500000,4.285714,4.000000,5.000000,5.000000;5.000000;4.000000;4.000000;4.000000;4.000000;4.000000,12,nan,0,5.000000;5.000000;5.000000;5.000000;5.000000;5.000000,0.104309;0.098549;0.109749;0.120949;0.132149;0.143349,5.000000;5.000000;5.000000;5.000000;5.000000;5.000000,0,0,0,0,0,0,0,0,0,0,0,0,0,0,0,0,0,0,0,0,0,0,0,0,0,0,0,0,graph_0001__pathPersistency_0.7500,pathPersistency,0.75,graph_0001,epoch_0005
trace,olsr,0.400346,0.399875,1474,1511,105,332,510,0.527778,0.026492,72.661546,360,190,29,0,0,255,1.055556,332,21816,1.747368,114.821053,0.500000,4.285714,4.000000,5.000000,5.000000;5.000000;4.000000;4.000000;4.000000;4.000000;4.000000,12,nan,0,5.000000;5.000000;5.000000;5.000000;5.000000;5.000000,0.095333;0.089573;0.100773;3.552613;0.123173;0.134373,5.000000;5.000000;5.000000;5.000000;5.000000;5.000000,230,13824,102,7992,0,0,0,0,0,0,0,0,0,0,0,0,0,0,0,0,0,0,0,0,0,0,0,0,graph_0001__pathPersistency_0.7500,pathPersistency,0.75,graph_0001,epoch_0002
trace,aodv,0.384378,0.383843,1856,2067,105,637,857,0.669444,0.039229,73.041595,360,241,5,56,0,247,1.338889,637,30500,2.643154,126.556017,0.500000,4.285714,4.000000,5.000000,5.000000;5.000000;4.000000;4.000000;4.000000;4.000000;4.000000,12,nan,0,5.000000;5.000000;5.000000;5.000000;5.000000;5.000000,1.262781;nan;0.100773;0.111973;0.123173;nan,5.000000;5.000000;5.000000;5.000000;5.000000;5.000000,0,0,0,0,0,0,0,0,0,0,485,23280,68,3536,41,1968,37,1536,6,180,0,0,0,0,0,0,0,0,graph_0001__pathPersistency_0.7500,pathPersistency,0.75,graph_0001,epoch_0002
trace,static,0.174707,0.174477,866,674,105,0,0,0.466667,0.023424,73.106739,360,168,0,0,0,44,0.933333,0,0,0.000000,0.000000,0.500000,4.285714,4.000000,5.000000,5.000000;5.000000;4.000000;4.000000;4.000000;4.000000;4.000000,12,nan,0,5.000000;5.000000;5.000000;5.000000;5.000000;5.000000,0.104309;0.098549;0.109749;0.120949;0.132149;0.143349,5.000000;5.000000;5.000000;5.000000;5.000000;5.000000,0,0,0,0,0,0,0,0,0,0,0,0,0,0,0,0,0,0,0,0,0,0,0,0,0,0,0,0,graph_0001__pathPersistency_0.7500,pathPersistency,0.75,graph_0001,epoch_0002
trace,olsr,0.268804,0.268784,1012,1078,105,321,491,0.286111,0.014360,72.777507,360,103,21,0,0,177,0.572222,321,21080,3.116505,204.660194,0.500000,4.285714,4.000000,5.000000,5.000000;5.000000;4.000000;4.000000;4.000000;4.000000;4.000000,12,nan,0,5.000000;5.000000;5.000000;5.000000;5.000000;5.000000,0.095333;nan;2.239669;nan;0.123173;0.134373,5.000000;5.000000;5.000000;5.000000;5.000000;5.000000,226,13568,95,7512,0,0,0,0,0,0,0,0,0,0,0,0,0,0,0,0,0,0,0,0,0,0,0,0,graph_0004__pathPersistency_0.2500,pathPersistency,0.25,graph_0004,epoch_0001
trace,aodv,0.362875,0.362821,1806,2009,105,627,843,0.638889,0.032193,78.498164,360,230,5,112,0,238,1.277778,627,30124,2.726087,130.973913,0.500000,4.285714,4.000000,5.000000,5.000000;5.000000;4.000000;4.000000;4.000000;4.000000;4.000000,12,nan,0,5.000000;5.000000;5.000000;5.000000;5.000000;5.000000,4.456657;0.089573;0.100773;nan;0.478964;0.134373,5.000000;5.000000;5.000000;5.000000;5.000000;5.000000,0,0,0,0,0,0,0,0,0,0,480,23040,71,3692,41,1968,27,1184,8,240,0,0,0,0,0,0,0,0,graph_0004__pathPersistency_0.2500,pathPersistency,0.25,graph_0004,epoch_0001
trace,static,0.171560,0.171540,870,678,105,0,0,0.466667,0.023421,73.106687,360,168,0,0,0,46,0.933333,0,0,0.000000,0.000000,0.500000,4.285714,4.000000,5.000000,5.000000;5.000000;4.000000;4.000000;4.000000;4.000000;4.000000,12,nan,0,5.000000;5.000000;5.000000;5.000000;5.000000;5.000000,0.104309;0.098549;0.109749;0.120949;0.132149;0.143349,5.000000;5.000000;5.000000;5.000000;5.000000;5.000000,0,0,0,0,0,0,0,0,0,0,0,0,0,0,0,0,0,0,0,0,0,0,0,0,0,0,0,0,graph_0004__pathPersistency_0.2500,pathPersistency,0.25,graph_0004,epoch_0001
trace,olsr,0.293066,0.292928,1126,1216,105,324,506,0.358333,0.017985,68.111969,360,129,61,0,0,151,0.716667,324,21244,2.511628,164.682171,0.500000,4.285714,4.000000,5.000000,5.000000;5.000000;4.000000;4.000000;4.000000;4.000000;4.000000,12,nan,0,5.000000;5.000000;5.000000;5.000000;5.000000;5.000000,0.095333;0.089573;0.264613;0.111973;nan;0.134373,5.000000;5.000000;5.000000;5.000000;5.000000;5.000000,228,13696,96,7548,0,0,0,0,0,0,0,0,0,0,0,0,0,0,0,0,0,0,0,0,0,0,0,0,graph_0004__pathPersistency_0.2500,pathPersistency,0.25,graph_0004,epoch_0003
trace,aodv,0.375870,0.375851,1817,2034,105,633,864,0.638889,0.032201,78.502111,360,230,4,112,0,234,1.277778,633,30396,2.752174,132.156522,0.500000,4.285714,4.000000,5.000000,5.000000;5.000000;4.000000;4.000000;4.000000;4.000000;4.000000,12,nan,0,5.000000;5.000000;5.000000;5.000000;5.000000;5.000000,4.450533;0.089573;0.100773;nan;0.473214;0.134373,5.000000;5.000000;5.000000;5.000000;5.000000;5.000000,0,0,0,0,0,0,0,0,0,0,480,23040,73,3796,41,1968,31,1352,8,240,0,0,0,0,0,0,0,0,graph_0004__pathPersistency_0.2500,pathPersistency,0.25,graph_0004,epoch_0003
trace,static,0.173091,0.173073,870,678,105,0,0,0.466667,0.023422,73.106706,360,168,0,0,0,46,0.933333,0,0,0.000000,0.000000,0.500000,4.285714,4.000000,5.000000,5.000000;5.000000;4.000000;4.000000;4.000000;4.000000;4.000000,12,nan,0,5.000000;5.000000;5.000000;5.000000;5.000000;5.000000,0.104309;0.098549;0.109749;0.120949;0.132149;0.143349,5.000000;5.000000;5.000000;5.000000;5.000000;5.000000,0,0,0,0,0,0,0,0,0,0,0,0,0,0,0,0,0,0,0,0,0,0,0,0,0,0,0,0,graph_0004__pathPersistency_0.2500,pathPersistency,0.25,graph_0004,epoch_0003
trace,olsr,0.319326,0.319295,1170,1228,105,326,505,0.363889,0.018841,72.738559,360,131,21,0,0,212,0.727778,326,21420,2.488550,163.511450,0.500000,4.285714,4.000000,5.000000,5.000000;5.000000;4.000000;4.000000;4.000000;4.000000;4.000000,12,nan,0,5.000000;5.000000;5.000000;5.000000;5.000000;5.000000,0.095333;nan;1.911989;3.397749;0.123173;0.134373,5.000000;5.000000;5.000000;5.000000;5.000000;5.000000,229,13760,97,7660,0,0,0,0,0,0,0,0,0,0,0,0,0,0,0,0,0,0,0,0,0,0,0,0,graph_0004__pathPersistency_0.2500,pathPersistency,0.25,graph_0004,epoch_0004
trace,aodv,0.368335,0.368178,1796,2003,105,613,837,0.633333,0.031910,78.652988,360,228,3,112,0,255,1.266667,613,29470,2.688596,129.254386,0.500000,4.285714,4.000000,5.000000,5.000000;5.000000;4.000000;4.000000;4.000000;4.000000;4.000000,12,nan,0,5.000000;5.000000;5.000000;5.000000;5.000000;5.000000,4.452553;0.089573;0.100773;nan;0.479484;0.134373,5.000000;5.000000;5.000000;5.000000;5.000000;5.000000,0,0,0,0,0,0,0,0,0,0,480,23040,67,3484,39,1872,20,864,7,210,0,0,0,0,0,0,0,0,graph_0004__pathPersistency_0.2500,pathPersistency,0.25,graph_0004,epoch_0004
trace,static,0.175026,0.175007,870,678,105,0,0,0.466667,0.023422,73.106698,360,168,0,0,0,46,0.933333,0,0,0.000000,0.000000,0.500000,4.285714,4.000000,5.000000,5.000000;5.000000;4.000000;4.000000;4.000000;4.000000;4.000000,12,nan,0,5.000000;5.000000;5.000000;5.000000;5.000000;5.000000,0.104309;0.098549;0.109749;0.120949;0.132149;0.143349,5.000000;5.000000;5.000000;5.000000;5.000000;5.000000,0,0,0,0,0,0,0,0,0,0,0,0,0,0,0,0,0,0,0,0,0,0,0,0,0,0,0,0,graph_0004__pathPersistency_0.2500,pathPersistency,0.25,graph_0004,epoch_0004
trace,olsr,0.392359,0.392339,1491,1536,105,325,504,0.566667,0.028436,75.356913,360,204,22,0,0,244,1.133333,325,21364,1.593137,104.725490,0.500000,4.285714,4.000000,5.000000,5.000000;5.000000;4.000000;4.000000;4.000000;4.000000;4.000000,12,nan,0,5.000000;5.000000;5.000000;5.000000;5.000000;5.000000,0.095333;0.089573;0.100773;0.111973;0.123173;0.134373,5.000000;5.000000;5.000000;5.000000;5.000000;5.000000,228,13696,97,7668,0,0,0,0,0,0,0,0,0,0,0,0,0,0,0,0,0,0,0,0,0,0,0,0,graph_0004__pathPersistency_0.2500,pathPersistency,0.25,graph_0004,epoch_0005
trace,aodv,0.364136,0.364062,1813,2032,105,632,864,0.638889,0.032189,78.501285,360,230,5,112,0,244,1.277778,632,30384,2.747826,132.104348,0.500000,4.285714,4.000000,5.000000,5.000000;5.000000;4.000000;4.000000;4.000000;4.000000;4.000000,12,nan,0,5.000000;5.000000;5.000000;5.000000;5.000000;5.000000,4.450773;0.089573;0.100773;nan;0.473304;0.134373,5.000000;5.000000;5.000000;5.000000;5.000000;5.000000,0,0,0,0,0,0,0,0,0,0,480,23040,74,3848,46,2208,24,1048,8,240,0,0,0,0,0,0,0,0,graph_0004__pathPersistency_0.2500,pathPersistency,0.25,graph_0004,epoch_0005
trace,static,0.172575,0.172544,870,678,105,0,0,0.466667,0.023418,73.106646,360,168,0,0,0,46,0.933333,0,0,0.000000,0.000000,0.500000,4.285714,4.000000,5.000000,5.000000;5.000000;4.000000;4.000000;4.000000;4.000000;4.000000,12,nan,0,5.000000;5.000000;5.000000;5.000000;5.000000;5.000000,0.104309;0.098549;0.109749;0.120949;0.132149;0.143349,5.000000;5.000000;5.000000;5.000000;5.000000;5.000000,0,0,0,0,0,0,0,0,0,0,0,0,0,0,0,0,0,0,0,0,0,0,0,0,0,0,0,0,graph_0004__pathPersistency_0.2500,pathPersistency,0.25,graph_0004,epoch_0005
trace,olsr,0.318746,0.318723,1225,1295,105,327,510,0.416667,0.020912,75.251571,360,150,21,0,0,182,0.833333,327,21452,2.180000,143.013333,0.500000,4.285714,4.000000,5.000000,5.000000;5.000000;4.000000;4.000000;4.000000;4.000000;4.000000,12,nan,0,5.000000;5.000000;5.000000;5.000000;5.000000;5.000000,0.095333;nan;1.584309;0.111973;0.123173;0.134373,5.000000;5.000000;5.000000;5.000000;5.000000;5.000000,230,13824,97,7628,0,0,0,0,0,0,0,0,0,0,0,0,0,0,0,0,0,0,0,0,0,0,0,0,graph_0004__pathPersistency_0.2500,pathPersistency,0.25,graph_0004,epoch_0002
trace,aodv,0.356337,0.356292,1809,2014,105,631,855,0.622222,0.031880,79.384025,360,224,5,112,0,237,1.244444,631,30272,2.816964,135.142857,0.500000,4.285714,4.000000,5.000000,5.000000;5.000000;4.000000;4.000000;4.000000;4.000000;4.000000,12,nan,0,5.000000;5.000000;5.000000;5.000000;5.000000;5.000000,4.453572;0.089573;0.100773;nan;0.481539;0.134373,5.000000;5.000000;5.000000;5.000000;5.000000;5.000000,0,0,0,0,0,0,0,0,0,0,482,23136,70,3640,40,1920,31,1336,8,240,0,0,0,0,0,0,0,0,graph_0004__pathPersistency_0.2500,pathPersistency,0.25,graph_0004,epoch_0002
trace,static,0.170811,0.170782,870,678,105,0,0,0.466667,0.023422,73.106698,360,168,0,0,0,46,0.933333,0,0,0.000000,0.000000,0.500000,4.285714,4.000000,5.000000,5.000000;5.000000;4.000000;4.000000;4.000000;4.000000;4.000000,12,nan,0,5.000000;5.000000;5.000000;5.000000;5.000000;5.000000,0.104309;0.098549;0.109749;0.120949;0.132149;0.143349,5.000000;5.000000;5.000000;5.000000;5.000000;5.000000,0,0,0,0,0,0,0,0,0,0,0,0,0,0,0,0,0,0,0,0,0,0,0,0,0,0,0,0,graph_0004__pathPersistency_0.2500,pathPersistency,0.25,graph_0004,epoch_0002
trace,olsr,0.424189,0.424160,1565,1625,105,333,514,0.663889,0.033318,74.064524,360,239,0,0,0,327,1.327778,333,21968,1.393305,91.916318,0.500000,4.285714,4.000000,5.000000,5.000000;5.000000;4.000000;4.000000;4.000000;4.000000;4.000000,12,nan,0,5.000000;5.000000;5.000000;5.000000;5.000000;5.000000,0.095333;0.089573;0.100773;0.111973;0.123173;0.134373,5.000000;5.000000;5.000000;5.000000;5.000000;5.000000,227,13632,106,8336,0,0,0,0,0,0,0,0,0,0,0,0,0,0,0,0,0,0,0,0,0,0,0,0,graph_0001__pathPersistency_0.0000,pathPersistency,0.0,graph_0001,epoch_0001
trace,aodv,0.502523,0.502501,2242,2485,105,685,949,0.933333,0.047031,75.449928,360,336,3,0,0,360,1.866667,685,32890,2.038690,97.886905,0.500000,4.285714,4.000000,5.000000,5.000000;5.000000;4.000000;4.000000;4.000000;4.000000;4.000000,12,nan,0,5.000000;5.000000;5.000000;5.000000;5.000000;5.000000,0.095333;1.421664;0.100773;0.111973;0.123173;0.134373,5.000000;5.000000;5.000000;5.000000;5.000000;5.000000,0,0,0,0,0,0,0,0,0,0,475,22800,92,4784,73,3504,34,1472,11,330,0,0,0,0,0,0,0,0,graph_0001__pathPersistency_0.0000,pathPersistency,0.0,graph_0001,epoch_0001
trace,static,0.173941,0.173903,869,677,105,0,0,0.466667,0.023420,73.106676,360,168,0,0,0,46,0.933333,0,0,0.000000,0.000000,0.500000,4.285714,4.000000,5.000000,5.000000;5.000000;4.000000;4.000000;4.000000;4.000000;4.000000,12,nan,0,5.000000;5.000000;5.000000;5.000000;5.000000;5.000000,0.104309;0.098549;0.109749;0.120949;0.132149;0.143349,5.000000;5.000000;5.000000;5.000000;5.000000;5.000000,0,0,0,0,0,0,0,0,0,0,0,0,0,0,0,0,0,0,0,0,0,0,0,0,0,0,0,0,graph_0001__pathPersistency_0.0000,pathPersistency,0.0,graph_0001,epoch_0001
trace,olsr,0.409489,0.409435,1524,1583,105,327,504,0.647222,0.032488,73.596197,360,233,0,0,0,324,1.294444,327,21800,1.403433,93.562232,0.500000,4.285714,4.000000,5.000000,5.000000;5.000000;4.000000;4.000000;4.000000;4.000000;4.000000,12,nan,0,5.000000;5.000000;5.000000;5.000000;5.000000;5.000000,0.095333;0.089573;0.100773;0.111973;0.123173;0.134373,5.000000;5.000000;5.000000;5.000000;5.000000;5.000000,227,13632,100,8168,0,0,0,0,0,0,0,0,0,0,0,0,0,0,0,0,0,0,0,0,0,0,0,0,graph_0001__pathPersistency_0.0000,pathPersistency,0.0,graph_0001,epoch_0003
trace,aodv,0.494468,0.494428,2244,2491,105,687,956,0.933333,0.047037,75.450314,360,336,2,0,0,335,1.866667,687,33028,2.044643,98.297619,0.500000,4.285714,4.000000,5.000000,5.000000;5.000000;4.000000;4.000000;4.000000;4.000000;4.000000,12,nan,0,5.000000;5.000000;5.000000;5.000000;5.000000;5.000000,0.095333;1.419605;0.100773;0.111973;0.123173;0.134373,5.000000;5.000000;5.000000;5.000000;5.000000;5.000000,0,0,0,0,0,0,0,0,0,0,475,22800,92,4784,81,3888,29,1256,10,300,0,0,0,0,0,0,0,0,graph_0001__pathPersistency_0.0000,pathPersistency,0.0,graph_0001,epoch_0003
trace,static,0.172891,0.172885,869,677,105,0,0,0.466667,0.023425,73.106746,360,168,0,0,0,46,0.933333,0,0,0.000000,0.000000,0.500000,4.285714,4.000000,5.000000,5.000000;5.000000;4.000000;4.000000;4.000000;4.000000;4.000000,12,nan,0,5.000000;5.000000;5.000000;5.000000;5.000000;5.000000,0.104309;0.098549;0.109749;0.120949;0.132149;0.143349,5.000000;5.000000;5.000000;5.000000;5.000000;5.000000,0,0,0,0,0,0,0,0,0,0,0,0,0,0,0,0,0,0,0,0,0,0,0,0,0,0,0,0,graph_0001__pathPersistency_0.0000,pathPersistency,0.0,graph_0001,epoch_0003
trace,olsr,0.417743,0.417705,1565,1633,105,331,518,0.663889,0.033319,73.909280,360,239,2,0,0,313,1.327778,331,21880,1.384937,91.548117,0.500000,4.285714,4.000000,5.000000,5.000000;5.000000;4.000000;4.000000;4.000000;4.000000;4.000000,12,nan,0,5.000000;5.000000;5.000000;5.000000;5.000000;5.000000,0.095333;0.089573;0.100773;0.111973;0.123173;0.134373,5.000000;5.000000;5.000000;5.000000;5.000000;5.000000,228,13696,103,8184,0,0,0,0,0,0,0,0,0,0,0,0,0,0,0,0,0,0,0,0,0,0,0,0,graph_0001__pathPersistency_0.0000,pathPersistency,0.0,graph_0001,epoch_0004
trace,aodv,0.490530,0.490505,2205,2448,105,707,971,0.877778,0.044228,73.925492,360,316,23,0,0,307,1.755556,707,33778,2.237342,106.892405,0.500000,4.285714,4.000000,5.000000,5.000000;5.000000;4.000000;4.000000;4.000000;4.000000;4.000000,12,nan,0,5.000000;5.000000;5.000000;5.000000;5.000000;5.000000,0.095333;1.427524;0.100773;0.111973;0.123173;0.134373,5.000000;5.000000;5.000000;5.000000;5.000000;5.000000,0,0,0,0,0,0,0,0,0,0,475,22800,90,4680,77,3696,54,2272,11,330,0,0,0,0,0,0,0,0,graph_0001__pathPersistency_0.0000,pathPersistency,0.0,graph_0001,epoch_0004
trace,static,0.175612,0.175610,869,677,105,0,0,0.466667,0.023421,73.106687,360,168,0,0,0,46,0.933333,0,0,0.000000,0.000000,0.500000,4.285714,4.000000,5.000000,5.000000;5.000000;4.000000;4.000000;4.000000;4.000000;4.000000,12,nan,0,5.000000;5.000000;5.000000;5.000000;5.000000;5.000000,0.104309;0.098549;0.109749;0.120949;0.132149;0.143349,5.000000;5.000000;5.000000;5.000000;5.000000;5.000000,0,0,0,0,0,0,0,0,0,0,0,0,0,0,0,0,0,0,0,0,0,0,0,0,0,0,0,0,graph_0001__pathPersistency_0.0000,pathPersistency,0.0,graph_0001,epoch_0004
trace,olsr,0.411166,0.411111,1568,1629,105,332,512,0.669444,0.033598,74.078258,360,241,0,0,0,320,1.338889,332,21840,1.377593,90.622407,0.500000,4.285714,4.000000,5.000000,5.000000;5.000000;4.000000;4.000000;4.000000;4.000000;4.000000,12,nan,0,5.000000;5.000000;5.000000;5.000000;5.000000;5.000000,0.095333;0.089573;0.100773;0.111973;0.123173;0.134373,5.000000;5.000000;5.000000;5.000000;5.000000;5.000000,225,13504,107,8336,0,0,0,0,0,0,0,0,0,0,0,0,0,0,0,0,0,0,0,0,0,0,0,0,graph_0001__pathPersistency_0.0000,pathPersistency,0.0,graph_0001,epoch_0005
trace,aodv,0.481731,0.481706,2219,2453,105,666,929,0.919444,0.047117,75.945159,360,331,0,0,0,323,1.838889,666,32054,2.012085,96.839879,0.500000,4.285714,4.000000,5.000000,5.000000;5.000000;4.000000;4.000000;4.000000;4.000000;4.000000,12,nan,0,5.000000;5.000000;5.000000;5.000000;5.000000;5.000000,0.095333;1.420625;0.100773;0.111973;0.123173;0.134373,5.000000;5.000000;5.000000;5.000000;5.000000;5.000000,0,0,0,0,0,0,0,0,0,0,476,22848,86,4472,71,3408,24,1056,9,270,0,0,0,0,0,0,0,0,graph_0001__pathPersistency_0.0000,pathPersistency,0.0,graph_0001,epoch_0005
trace,static,0.172882,0.172880,869,677,105,0,0,0.466667,0.023421,73.106692,360,168,0,0,0,46,0.933333,0,0,0.000000,0.000000,0.500000,4.285714,4.000000,5.000000,5.000000;5.000000;4.000000;4.000000;4.000000;4.000000;4.000000,12,nan,0,5.000000;5.000000;5.000000;5.000000;5.000000;5.000000,0.104309;0.098549;0.109749;0.120949;0.132149;0.143349,5.000000;5.000000;5.000000;5.000000;5.000000;5.000000,0,0,0,0,0,0,0,0,0,0,0,0,0,0,0,0,0,0,0,0,0,0,0,0,0,0,0,0,graph_0001__pathPersistency_0.0000,pathPersistency,0.0,graph_0001,epoch_0005
trace,olsr,0.409091,0.408989,1564,1624,105,332,512,0.663889,0.033325,73.950976,360,239,1,0,0,328,1.327778,332,21792,1.389121,91.179916,0.500000,4.285714,4.000000,5.000000,5.000000;5.000000;4.000000;4.000000;4.000000;4.000000;4.000000,12,nan,0,5.000000;5.000000;5.000000;5.000000;5.000000;5.000000,0.095333;0.089573;0.100773;0.111973;0.123173;0.134373,5.000000;5.000000;5.000000;5.000000;5.000000;5.000000,230,13824,102,7968,0,0,0,0,0,0,0,0,0,0,0,0,0,0,0,0,0,0,0,0,0,0,0,0,graph_0001__pathPersistency_0.0000,pathPersistency,0.0,graph_0001,epoch_0002
trace,aodv,0.479925,0.479883,2219,2455,105,659,914,0.941667,0.047456,75.325316,360,339,2,0,0,324,1.883333,659,31676,1.943953,93.439528,0.500000,4.285714,4.000000,5.000000,5.000000;5.000000;4.000000;4.000000;4.000000;4.000000;4.000000,12,nan,0,5.000000;5.000000;5.000000;5.000000;5.000000;5.000000,0.095333;0.089573;0.100773;0.111973;0.123173;0.134373,5.000000;5.000000;5.000000;5.000000;5.000000;5.000000,0,0,0,0,0,0,0,0,0,0,478,22944,81,4212,63,3024,29,1256,8,240,0,0,0,0,0,0,0,0,graph_0001__pathPersistency_0.0000,pathPersistency,0.0,graph_0001,epoch_0002
trace,static,0.170451,0.170425,869,677,105,0,0,0.466667,0.023424,73.106739,360,168,0,0,0,46,0.933333,0,0,0.000000,0.000000,0.500000,4.285714,4.000000,5.000000,5.000000;5.000000;4.000000;4.000000;4.000000;4.000000;4.000000,12,nan,0,5.000000;5.000000;5.000000;5.000000;5.000000;5.000000,0.104309;0.098549;0.109749;0.120949;0.132149;0.143349,5.000000;5.000000;5.000000;5.000000;5.000000;5.000000,0,0,0,0,0,0,0,0,0,0,0,0,0,0,0,0,0,0,0,0,0,0,0,0,0,0,0,0,graph_0001__pathPersistency_0.0000,pathPersistency,0.0,graph_0001,epoch_0002
trace,olsr,0.387816,0.387794,1494,1524,105,324,491,0.616667,0.030950,74.052122,360,222,1,0,0,303,1.233333,324,21272,1.459459,95.819820,0.500000,4.285714,4.000000,5.000000,5.000000;5.000000;4.000000;4.000000;4.000000;4.000000;4.000000,12,nan,0,5.000000;5.000000;5.000000;5.000000;5.000000;5.000000,0.095333;0.090043;0.100773;0.111973;0.124475;0.134373,5.000000;5.000000;5.000000;5.000000;5.000000;5.000000,228,13696,96,7576,0,0,0,0,0,0,0,0,0,0,0,0,0,0,0,0,0,0,0,0,0,0,0,0,graph_0004__pathPersistency_0.7500,pathPersistency,0.75,graph_0004,epoch_0001
trace,aodv,0.429600,0.429587,2020,2194,105,664,866,0.727778,0.036672,77.522527,360,262,14,56,0,326,1.455556,664,31708,2.534351,121.022901,0.500000,4.285714,4.000000,5.000000,5.000000;5.000000;4.000000;4.000000;4.000000;4.000000;4.000000,12,nan,0,5.000000;5.000000;5.000000;5.000000;5.000000;5.000000,1.433685;nan;0.100773;0.111973;0.309613;0.134373,5.000000;5.000000;5.000000;5.000000;5.000000;5.000000,0,0,0,0,0,0,0,0,0,0,477,22896,78,4056,48,2304,55,2272,6,180,0,0,0,0,0,0,0,0,graph_0004__pathPersistency_0.7500,pathPersistency,0.75,graph_0004,epoch_0001
trace,static,0.172390,0.172258,866,674,105,0,0,0.466667,0.023421,73.106687,360,168,0,0,0,44,0.933333,0,0,0.000000,0.000000,0.500000,4.285714,4.000000,5.000000,5.000000;5.000000;4.000000;4.000000;4.000000;4.000000;4.000000,12,nan,0,5.000000;5.000000;5.000000;5.000000;5.000000;5.000000,0.104309;0.098549;0.109749;0.120949;0.132149;0.143349,5.000000;5.000000;5.000000;5.000000;5.000000;5.000000,0,0,0,0,0,0,0,0,0,0,0,0,0,0,0,0,0,0,0,0,0,0,0,0,0,0,0,0,graph_0004__pathPersistency_0.7500,pathPersistency,0.75,graph_0004,epoch_0001
trace,olsr,0.386542,0.386514,1496,1541,105,331,514,0.613889,0.030811,74.087475,360,221,0,0,0,305,1.227778,331,21664,1.497738,98.027149,0.500000,4.285714,4.000000,5.000000,5.000000;5.000000;4.000000;4.000000;4.000000;4.000000;4.000000,12,nan,0,5.000000;5.000000;5.000000;5.000000;5.000000;5.000000,0.095333;0.089573;0.100773;0.111973;0.123173;0.134373,5.000000;5.000000;5.000000;5.000000;5.000000;5.000000,229,13760,102,7904,0,0,0,0,0,0,0,0,0,0,0,0,0,0,0,0,0,0,0,0,0,0,0,0,graph_0004__pathPersistency_0.7500,pathPersistency,0.75,graph_0004,epoch_0003
trace,aodv,0.422762,0.422740,1999,2184,105,636,851,0.741667,0.037381,76.896803,360,267,7,56,0,331,1.483333,636,30576,2.382022,114.516854,0.500000,4.285714,4.000000,5.000000,5.000000;5.000000;4.000000;4.000000;4.000000;4.000000;4.000000,12,nan,0,5.000000;5.000000;5.000000;5.000000;5.000000;5.000000,1.429945;nan;0.100773;0.111973;0.493428;0.134373,5.000000;5.000000;5.000000;5.000000;5.000000;5.000000,0,0,0,0,0,0,0,0,0,0,477,22896,77,4004,48,2304,28,1192,6,180,0,0,0,0,0,0,0,0,graph_0004__pathPersistency_0.7500,pathPersistency,0.75,graph_0004,epoch_0003
trace,static,0.171402,0.171296,866,674,105,0,0,0.466667,0.023422,73.106706,360,168,0,0,0,44,0.933333,0,0,0.000000,0.000000,0.500000,4.285714,4.000000,5.000000,5.000000;5.000000;4.000000;4.000000;4.000000;4.000000;4.000000,12,nan,0,5.000000;5.000000;5.000000;5.000000;5.000000;5.000000,0.104309;0.098549;0.109749;0.120949;0.132149;0.143349,5.000000;5.000000;5.000000;5.000000;5.000000;5.000000,0,0,0,0,0,0,0,0,0,0,0,0,0,0,0,0,0,0,0,0,0,0,0,0,0,0,0,0,graph_0004__pathPersistency_0.7500,pathPersistency,0.75,graph_0004,epoch_0003
trace,olsr,0.398495,0.397945,1497,1536,105,329,505,0.608333,0.030532,73.766331,360,219,4,0,0,304,1.216667,329,21696,1.502283,99.068493,0.500000,4.285714,4.000000,5.000000,5.000000;5.000000;4.000000;4.000000;4.000000;4.000000;4.000000,12,nan,0,5.000000;5.000000;5.000000;5.000000;5.000000;5.000000,0.095333;0.089573;0.100773;0.111973;0.450853;0.134373,5.000000;5.000000;5.000000;5.000000;5.000000;5.000000,230,13824,99,7872,0,0,0,0,0,0,0,0,0,0,0,0,0,0,0,0,0,0,0,0,0,0,0,0,graph_0004__pathPersistency_0.7500,pathPersistency,0.75,graph_0004,epoch_0004
trace,aodv,0.434496,0.434058,2003,2187,105,639,854,0.741667,0.037368,76.896716,360,267,6,56,0,334,1.483333,639,30720,2.393258,115.056180,0.500000,4.285714,4.000000,5.000000,5.000000;5.000000;4.000000;4.000000;4.000000;4.000000;4.000000,12,nan,0,5.000000;5.000000;5.000000;5.000000;5.000000;5.000000,1.425970;nan;0.100773;0.111973;0.495233;0.134373,5.000000;5.000000;5.000000;5.000000;5.000000;5.000000,0,0,0,0,0,0,0,0,0,0,477,22896,79,4108,48,2304,29,1232,6,180,0,0,0,0,0,0,0,0,graph_0004__pathPersistency_0.7500,pathPersistency,0.75,graph_0004,epoch_0004
trace,static,0.174024,0.173793,866,674,105,0,0,0.466667,0.023422,73.106698,360,168,0,0,0,44,0.933333,0,0,0.000000,0.000000,0.500000,4.285714,4.000000,5.000000,5.000000;5.000000;4.000000;4.000000;4.000000;4.000000;4.000000,12,nan,0,5.000000;5.000000;5.000000;5.000000;5.000000;5.000000,0.104309;0.098549;0.109749;0.120949;0.132149;0.143349,5.000000;5.000000;5.000000;5.000000;5.000000;5.000000,0,0,0,0,0,0,0,0,0,0,0,0,0,0,0,0,0,0,0,0,0,0,0,0,0,0,0,0,graph_0004__pathPersistency_0.7500,pathPersistency,0.75,graph_0004,epoch_0004
trace,olsr,0.400108,0.399752,1501,1539,105,329,503,0.616667,0.030945,74.132571,360,222,2,0,0,311,1.233333,329,21624,1.481982,97.405405,0.500000,4.285714,4.000000,5.000000,5.000000;5.000000;4.000000;4.000000;4.000000;4.000000;4.000000,12,nan,0,5.000000;5.000000;5.000000;5.000000;5.000000;5.000000,0.095333;0.089573;0.100773;0.111973;0.123173;0.134373,5.000000;5.000000;5.000000;5.000000;5.000000;5.000000,229,13760,100,7864,0,0,0,0,0,0,0,0,0,0,0,0,0,0,0,0,0,0,0,0,0,0,0,0,graph_0004__pathPersistency_0.7500,pathPersistency,0.75,graph_0004,epoch_0005
trace,aodv,0.433357,0.432973,2003,2185,105,651,866,0.722222,0.036387,77.572581,360,260,11,56,0,335,1.444444,651,31160,2.503846,119.846154,0.500000,4.285714,4.000000,5.000000,5.000000;5.000000;4.000000;4.000000;4.000000;4.000000;4.000000,12,nan,0,5.000000;5.000000;5.000000;5.000000;5.000000;5.000000,1.423441;nan;0.100773;0.111973;0.498913;0.134373,5.000000;5.000000;5.000000;5.000000;5.000000;5.000000,0,0,0,0,0,0,0,0,0,0,478,22944,75,3900,48,2304,44,1832,6,180,0,0,0,0,0,0,0,0,graph_0004__pathPersistency_0.7500,pathPersistency,0.75,graph_0004,epoch_0005
trace,static,0.174779,0.174499,866,674,105,0,0,0.466667,0.023418,73.106646,360,168,0,0,0,44,0.933333,0,0,0.000000,0.000000,0.500000,4.285714,4.000000,5.000000,5.000000;5.000000;4.000000;4.000000;4.000000;4.000000;4.000000,12,nan,0,5.000000;5.000000;5.000000;5.000000;5.000000;5.000000,0.104309;0.098549;0.109749;0.120949;0.132149;0.143349,5.000000;5.000000;5.000000;5.000000;5.000000;5.000000,0,0,0,0,0,0,0,0,0,0,0,0,0,0,0,0,0,0,0,0,0,0,0,0,0,0,0,0,graph_0004__pathPersistency_0.7500,pathPersistency,0.75,graph_0004,epoch_0005
trace,olsr,0.414118,0.413763,1499,1548,105,328,512,0.619444,0.031089,74.123958,360,223,1,0,0,298,1.238889,328,21640,1.470852,97.040359,0.500000,4.285714,4.000000,5.000000,5.000000;5.000000;4.000000;4.000000;4.000000;4.000000;4.000000,12,nan,0,5.000000;5.000000;5.000000;5.000000;5.000000;5.000000,0.095333;0.089573;0.100773;0.111973;0.123173;0.134373,5.000000;5.000000;5.000000;5.000000;5.000000;5.000000,230,13824,98,7816,0,0,0,0,0,0,0,0,0,0,0,0,0,0,0,0,0,0,0,0,0,0,0,0,graph_0004__pathPersistency_0.7500,pathPersistency,0.75,graph_0004,epoch_0002
trace,aodv,0.433226,0.432663,1999,2172,105,652,860,0.716667,0.036719,77.921661,360,258,11,56,0,310,1.433333,652,31216,2.527132,120.992248,0.500000,4.285714,4.000000,5.000000,5.000000;5.000000;4.000000;4.000000;4.000000;4.000000;4.000000,12,nan,0,5.000000;5.000000;5.000000;5.000000;5.000000;5.000000,1.423334;nan;0.100773;0.111973;0.505158;0.134373,5.000000;5.000000;5.000000;5.000000;5.000000;5.000000,0,0,0,0,0,0,0,0,0,0,477,22896,77,4004,48,2304,44,1832,6,180,0,0,0,0,0,0,0,0,graph_0004__pathPersistency_0.7500,pathPersistency,0.75,graph_0004,epoch_0002
trace,static,0.174445,0.174240,866,674,105,0,0,0.466667,0.023422,73.106698,360,168,0,0,0,44,0.933333,0,0,0.000000,0.000000,0.500000,4.285714,4.000000,5.000000,5.000000;5.000000;4.000000;4.000000;4.000000;4.000000;4.000000,12,nan,0,5.000000;5.000000;5.000000;5.000000;5.000000;5.000000,0.104309;0.098549;0.109749;0.120949;0.132149;0.143349,5.000000;5.000000;5.000000;5.000000;5.000000;5.000000,0,0,0,0,0,0,0,0,0,0,0,0,0,0,0,0,0,0,0,0,0,0,0,0,0,0,0,0,graph_0004__pathPersistency_0.7500,pathPersistency,0.75,graph_0004,epoch_0002
trace,olsr,0.399309,0.399103,1453,1485,105,332,513,0.552778,0.028459,72.993706,360,199,12,0,0,271,1.105556,332,21840,1.668342,109.748744,0.500000,4.285714,4.000000,5.000000,5.000000;5.000000;4.000000;4.000000;4.000000;4.000000;4.000000,12,nan,0,5.000000;5.000000;5.000000;5.000000;5.000000;5.000000,0.095333;0.089573;0.428453;0.111973;0.123173;0.134373,5.000000;5.000000;5.000000;5.000000;5.000000;5.000000,228,13696,104,8144,0,0,0,0,0,0,0,0,0,0,0,0,0,0,0,0,0,0,0,0,0,0,0,0,graph_0005__pathPersistency_0.5000,pathPersistency,0.5,graph_0005,epoch_0001
trace,aodv,0.439056,0.438863,1990,2191,105,629,864,0.750000,0.043936,71.369722,360,270,7,0,0,298,1.500000,629,30210,2.329630,111.888889,0.500000,4.285714,4.000000,5.000000,5.000000;5.000000;4.000000;4.000000;4.000000;4.000000;4.000000,12,nan,0,5.000000;5.000000;5.000000;5.000000;5.000000;5.000000,0.095333;0.089573;0.100773;0.787729;0.123173;nan,5.000000;5.000000;5.000000;5.000000;5.000000;5.000000,0,0,0,0,0,0,0,0,0,0,486,23328,65,3380,42,2016,31,1336,5,150,0,0,0,0,0,0,0,0,graph_0005__pathPersistency_0.5000,pathPersistency,0.5,graph_0005,epoch_0001
trace,static,0.175609,0.175596,870,678,105,0,0,0.466667,0.023423,73.106717,360,168,0,0,0,46,0.933333,0,0,0.000000,0.000000,0.500000,4.285714,4.000000,5.000000,5.000000;5.000000;4.000000;4.000000;4.000000;4.000000;4.000000,12,nan,0,5.000000;5.000000;5.000000;5.000000;5.000000;5.000000,0.104309;0.098549;0.109749;0.120949;0.132149;0.143349,5.000000;5.000000;5.000000;5.000000;5.000000;5.000000,0,0,0,0,0,0,0,0,0,0,0,0,0,0,0,0,0,0,0,0,0,0,0,0,0,0,0,0,graph_0005__pathPersistency_0.5000,pathPersistency,0.5,graph_0005,epoch_0001
trace,olsr,0.339667,0.339611,1282,1316,105,325,496,0.466667,0.023423,75.749112,360,168,11,0,0,249,0.933333,325,21400,1.934524,127.380952,0.500000,4.285714,4.000000,5.000000,5.000000;5.000000;4.000000;4.000000;4.000000;4.000000;4.000000,12,nan,0,5.000000;5.000000;5.000000;5.000000;5.000000;5.000000,0.095333;nan;1.756855;0.111973;0.123173;0.134373,5.000000;5.000000;5.000000;5.000000;5.000000;5.000000,229,13760,96,7640,0,0,0,0,0,0,0,0,0,0,0,0,0,0,0,0,0,0,0,0,0,0,0,0,graph_0005__pathPersistency_0.5000,pathPersistency,0.5,graph_0005,epoch_0003
trace,aodv,0.425709,0.425529,1988,2179,105,627,852,0.750000,0.043950,71.438136,360,270,7,0,0,296,1.500000,627,30122,2.322222,111.562963,0.500000,4.285714,4.000000,5.000000,5.000000;5.000000;4.000000;4.000000;4.000000;4.000000;4.000000,12,nan,0,5.000000;5.000000;5.000000;5.000000;5.000000;5.000000,0.095333;0.089573;0.100773;0.629768;0.123173;nan,5.000000;5.000000;5.000000;5.000000;5.000000;5.000000,0,0,0,0,0,0,0,0,0,0,485,23280,65,3380,42,2016,30,1296,5,150,0,0,0,0,0,0,0,0,graph_0005__pathPersistency_0.5000,pathPersistency,0.5,graph_0005,epoch_0003
trace,static,0.172095,0.172080,870,678,105,0,0,0.466667,0.023423,73.106722,360,168,0,0,0,46,0.933333,0,0,0.000000,0.000000,0.500000,4.285714,4.000000,5.000000,5.000000;5.000000;4.000000;4.000000;4.000000;4.000000;4.000000,12,nan,0,5.000000;5.000000;5.000000;5.000000;5.000000;5.000000,0.104309;0.098549;0.109749;0.120949;0.132149;0.143349,5.000000;5.000000;5.000000;5.000000;5.000000;5.000000,0,0,0,0,0,0,0,0,0,0,0,0,0,0,0,0,0,0,0,0,0,0,0,0,0,0,0,0,graph_0005__pathPersistency_0.5000,pathPersistency,0.5,graph_0005,epoch_0003
trace,olsr,0.330161,0.330153,1243,1281,105,327,501,0.397222,0.021230,71.516980,360,143,38,0,0,254,0.794444,327,21488,2.286713,150.265734,0.500000,4.285714,4.000000,5.000000,5.000000;5.000000;4.000000;4.000000;4.000000;4.000000;4.000000,12,nan,0,5.000000;5.000000;5.000000;5.000000;5.000000;5.000000,0.095333;nan;1.756855;0.111973;0.123173;nan,5.000000;5.000000;5.000000;5.000000;5.000000;5.000000,227,13632,100,7856,0,0,0,0,0,0,0,0,0,0,0,0,0,0,0,0,0,0,0,0,0,0,0,0,graph_0005__pathPersistency_0.5000,pathPersistency,0.5,graph_0005,epoch_0004
trace,aodv,0.421091,0.420945,1985,2183,105,627,859,0.747222,0.043776,71.405906,360,269,8,0,0,271,1.494444,627,30122,2.330855,111.977695,0.500000,4.285714,4.000000,5.000000,5.000000;5.000000;4.000000;4.000000;4.000000;4.000000;4.000000,12,nan,0,5.000000;5.000000;5.000000;5.000000;5.000000;5.000000,0.095333;0.089573;0.100773;0.796929;0.123173;nan,5.000000;5.000000;5.000000;5.000000;5.000000;5.000000,0,0,0,0,0,0,0,0,0,0,486,23328,65,3380,42,2016,29,1248,5,150,0,0,0,0,0,0,0,0,graph_0005__pathPersistency_0.5000,pathPersistency,0.5,graph_0005,epoch_0004
trace,static,0.171928,0.171889,870,678,105,0,0,0.466667,0.023420,73.106670,360,168,0,0,0,46,0.933333,0,0,0.000000,0.000000,0.500000,4.285714,4.000000,5.000000,5.000000;5.000000;4.000000;4.000000;4.000000;4.000000;4.000000,12,nan,0,5.000000;5.000000;5.000000;5.000000;5.000000;5.000000,0.104309;0.098549;0.109749;0.120949;0.132149;0.143349,5.000000;5.000000;5.000000;5.000000;5.000000;5.000000,0,0,0,0,0,0,0,0,0,0,0,0,0,0,0,0,0,0,0,0,0,0,0,0,0,0,0,0,graph_0005__pathPersistency_0.5000,pathPersistency,0.5,graph_0005,epoch_0004
trace,olsr,0.375767,0.375755,1421,1455,105,331,513,0.550000,0.028399,72.807764,360,198,4,0,0,272,1.100000,331,21880,1.671717,110.505051,0.500000,4.285714,4.000000,5.000000,5.000000;5.000000;4.000000;4.000000;4.000000;4.000000;4.000000,12,nan,0,5.000000;5.000000;5.000000;5.000000;5.000000;5.000000,0.095333;0.089573;0.100773;0.111973;0.123173;0.134373,5.000000;5.000000;5.000000;5.000000;5.000000;5.000000,227,13632,104,8248,0,0,0,0,0,0,0,0,0,0,0,0,0,0,0,0,0,0,0,0,0,0,0,0,graph_0005__pathPersistency_0.5000,pathPersistency,0.5,graph_0005,epoch_0005
trace,aodv,0.431580,0.431468,2009,2201,105,653,880,0.730556,0.042810,71.376112,360,263,13,0,0,323,1.461111,653,31246,2.482890,118.806084,0.500000,4.285714,4.000000,5.000000,5.000000;5.000000;4.000000;4.000000;4.000000;4.000000;4.000000,12,nan,0,5.000000;5.000000;5.000000;5.000000;5.000000;5.000000,0.095333;0.089573;1.261285;0.795153;0.123173;nan,5.000000;5.000000;5.000000;5.000000;5.000000;5.000000,0,0,0,0,0,0,0,0,0,0,481,23088,70,3640,50,2400,47,1968,5,150,0,0,0,0,0,0,0,0,graph_0005__pathPersistency_0.5000,pathPersistency,0.5,graph_0005,epoch_0005
trace,static,0.172978,0.172953,870,678,105,0,0,0.466667,0.023424,73.106741,360,168,0,0,0,46,0.933333,0,0,0.000000,0.000000,0.500000,4.285714,4.000000,5.000000,5.000000;5.000000;4.000000;4.000000;4.000000;4.000000;4.000000,12,nan,0,5.000000;5.000000;5.000000;5.000000;5.000000;5.000000,0.104309;0.098549;0.109749;0.120949;0.132149;0.143349,5.000000;5.000000;5.000000;5.000000;5.000000;5.000000,0,0,0,0,0,0,0,0,0,0,0,0,0,0,0,0,0,0,0,0,0,0,0,0,0,0,0,0,graph_0005__pathPersistency_0.5000,pathPersistency,0.5,graph_0005,epoch_0005
trace,olsr,0.381426,0.381092,1428,1449,105,329,499,0.519444,0.026815,71.180391,360,187,24,0,0,277,1.038889,329,21552,1.759358,115.251337,0.500000,4.285714,4.000000,5.000000,5.000000;5.000000;4.000000;4.000000;4.000000;4.000000;4.000000,12,nan,0,5.000000;5.000000;5.000000;5.000000;5.000000;5.000000,0.095333;0.089573;0.100773;0.111973;0.123173;1.281253,5.000000;5.000000;5.000000;5.000000;5.000000;5.000000,229,13760,100,7792,0,0,0,0,0,0,0,0,0,0,0,0,0,0,0,0,0,0,0,0,0,0,0,0,graph_0005__pathPersistency_0.5000,pathPersistency,0.5,graph_0005,epoch_0002
trace,aodv,0.439251,0.438847,2010,2209,105,651,885,0.733333,0.042962,71.410717,360,264,12,0,0,307,1.466667,651,31158,2.465909,118.022727,0.500000,4.285714,4.000000,5.000000,5.000000;5.000000;4.000000;4.000000;4.000000;4.000000;4.000000,12,nan,0,5.000000;5.000000;5.000000;5.000000;5.000000;5.000000,0.095333;0.089573;1.270305;0.625313;0.123173;nan,5.000000;5.000000;5.000000;5.000000;5.000000;5.000000,0,0,0,0,0,0,0,0,0,0,480,23040,70,3640,50,2400,46,1928,5,150,0,0,0,0,0,0,0,0,graph_0005__pathPersistency_0.5000,pathPersistency,0.5,graph_0005,epoch_0002
trace,static,0.173190,0.173175,870,678,105,0,0,0.466667,0.023419,73.106659,360,168,0,0,0,46,0.933333,0,0,0.000000,0.000000,0.500000,4.285714,4.000000,5.000000,5.000000;5.000000;4.000000;4.000000;4.000000;4.000000;4.000000,12,nan,0,5.000000;5.000000;5.000000;5.000000;5.000000;5.000000,0.104309;0.098549;0.109749;0.120949;0.132149;0.143349,5.000000;5.000000;5.000000;5.000000;5.000000;5.000000,0,0,0,0,0,0,0,0,0,0,0,0,0,0,0,0,0,0,0,0,0,0,0,0,0,0,0,0,graph_0005__pathPersistency_0.5000,pathPersistency,0.5,graph_0005,epoch_0002
trace,olsr,0.395851,0.395825,1487,1536,105,332,520,0.580556,0.029890,73.237026,360,209,9,0,0,272,1.161111,332,21816,1.588517,104.382775,0.500000,4.285714,4.000000,5.000000,5.000000;5.000000;4.000000;4.000000;4.000000;4.000000;4.000000,12,nan,0,5.000000;5.000000;5.000000;5.000000;5.000000;5.000000,0.095333;0.089573;0.100773;0.111973;0.123173;0.134373,5.000000;5.000000;5.000000;5.000000;5.000000;5.000000,229,13760,103,8056,0,0,0,0,0,0,0,0,0,0,0,0,0,0,0,0,0,0,0,0,0,0,0,0,graph_0003__pathPersistency_0.5000,pathPersistency,0.5,graph_0003,epoch_0001
trace,aodv,0.429615,0.428532,2012,2200,105,652,895,0.672222,0.033877,79.096723,360,242,7,56,0,300,1.344444,652,31250,2.694215,129.132231,0.500000,4.285714,4.000000,5.000000,5.000000;5.000000;4.000000;4.000000;4.000000;4.000000;4.000000,12,nan,0,5.000000;5.000000;5.000000;5.000000;5.000000;5.000000,4.458971;0.437025;0.100773;0.111973;0.123173;0.134373,5.000000;5.000000;5.000000;5.000000;5.000000;5.000000,0,0,0,0,0,0,0,0,0,0,480,23040,76,3952,53,2544,36,1504,7,210,0,0,0,0,0,0,0,0,graph_0003__pathPersistency_0.5000,pathPersistency,0.5,graph_0003,epoch_0001
trace,static,0.171146,0.171138,868,676,105,0,0,0.466667,0.023424,73.106726,360,168,0,0,0,44,0.933333,0,0,0.000000,0.000000,0.500000,4.285714,4.000000,5.000000,5.000000;5.000000;4.000000;4.000000;4.000000;4.000000;4.000000,12,nan,0,5.000000;5.000000;5.000000;5.000000;5.000000;5.000000,0.104309;0.098279;0.109749;0.120949;0.132149;0.143349,5.000000;5.000000;5.000000;5.000000;5.000000;5.000000,0,0,0,0,0,0,0,0,0,0,0,0,0,0,0,0,0,0,0,0,0,0,0,0,0,0,0,0,graph_0003__pathPersistency_0.5000,pathPersistency,0.5,graph_0003,epoch_0001
trace,olsr,0.407339,0.407324,1522,1558,105,329,506,0.608333,0.030530,74.348337,360,219,0,0,0,288,1.216667,329,21672,1.502283,98.958904,0.500000,4.285714,4.000000,5.000000,5.000000;5.000000;4.000000;4.000000;4.000000;4.000000;4.000000,12,nan,0,5.000000;5.000000;5.000000;5.000000;5.000000;5.000000,0.095333;0.089573;0.100773;0.111973;0.123173;0.134373,5.000000;5.000000;5.000000;5.000000;5.000000;5.000000,228,13696,101,7976,0,0,0,0,0,0,0,0,0,0,0,0,0,0,0,0,0,0,0,0,0,0,0,0,graph_0003__pathPersistency_0.5000,pathPersistency,0.5,graph_0003,epoch_0003
trace,aodv,0.496314,0.496297,2229,2428,105,711,961,0.752778,0.037928,76.903639,360,271,38,0,0,308,1.505556,711,33736,2.623616,124.487085,0.500000,4.285714,4.000000,5.000000,5.000000;5.000000;4.000000;4.000000;4.000000;4.000000;4.000000,12,nan,0,5.000000;5.000000;5.000000;5.000000;5.000000;5.000000,0.095333;0.435681;0.100773;0.111973;0.123173;0.134373,5.000000;5.000000;5.000000;5.000000;5.000000;5.000000,0,0,0,0,0,0,0,0,0,0,481,23088,80,4160,63,3024,79,3224,8,240,0,0,0,0,0,0,0,0,graph_0003__pathPersistency_0.5000,pathPersistency,0.5,graph_0003,epoch_0003
trace,static,0.173501,0.173493,868,676,105,0,0,0.466667,0.023420,73.106674,360,168,0,0,0,44,0.933333,0,0,0.000000,0.000000,0.500000,4.285714,4.000000,5.000000,5.000000;5.000000;4.000000;4.000000;4.000000;4.000000;4.000000,12,nan,0,5.000000;5.000000;5.000000;5.000000;5.000000;5.000000,0.104309;0.098279;0.109749;0.120949;0.132149;0.143349,5.000000;5.000000;5.000000;5.000000;5.000000;5.000000,0,0,0,0,0,0,0,0,0,0,0,0,0,0,0,0,0,0,0,0,0,0,0,0,0,0,0,0,graph_0003__pathPersistency_0.5000,pathPersistency,0.5,graph_0003,epoch_0003
trace,olsr,0.401480,0.401435,1513,1554,105,328,510,0.602778,0.030257,74.393643,360,217,1,0,0,289,1.205556,328,21688,1.511521,99.944700,0.500000,4.285714,4.000000,5.000000,5.000000;5.000000;4.000000;4.000000;4.000000;4.000000;4.000000,12,nan,0,5.000000;5.000000;5.000000;5.000000;5.000000;5.000000,0.095333;0.089573;0.100773;0.111973;0.123173;0.134373,5.000000;5.000000;5.000000;5.000000;5.000000;5.000000,227,13632,101,8056,0,0,0,0,0,0,0,0,0,0,0,0,0,0,0,0,0,0,0,0,0,0,0,0,graph_0003__pathPersistency_0.5000,pathPersistency,0.5,graph_0003,epoch_0004
trace,aodv,0.371630,0.371584,1831,2027,105,653,879,0.569444,0.028698,76.965939,360,205,13,112,0,271,1.138889,653,31358,3.185366,152.965854,0.500000,4.285714,4.000000,5.000000,5.000000;5.000000;4.000000;4.000000;4.000000;4.000000;4.000000,12,nan,0,5.000000;5.000000;5.000000;5.000000;5.000000;5.000000,0.095333;nan;0.089905;nan;0.123173;0.319153,5.000000;5.000000;5.000000;5.000000;5.000000;5.000000,0,0,0,0,0,0,0,0,0,0,475,22800,84,4368,49,2352,40,1688,5,150,0,0,0,0,0,0,0,0,graph_0003__pathPersistency_0.5000,pathPersistency,0.5,graph_0003,epoch_0004
trace,static,0.171999,0.171990,868,676,105,0,0,0.466667,0.023424,73.106739,360,168,0,0,0,44,0.933333,0,0,0.000000,0.000000,0.500000,4.285714,4.000000,5.000000,5.000000;5.000000;4.000000;4.000000;4.000000;4.000000;4.000000,12,nan,0,5.000000;5.000000;5.000000;5.000000;5.000000;5.000000,0.104309;0.098279;0.109749;0.120949;0.132149;0.143349,5.000000;5.000000;5.000000;5.000000;5.000000;5.000000,0,0,0,0,0,0,0,0,0,0,0,0,0,0,0,0,0,0,0,0,0,0,0,0,0,0,0,0,graph_0003__pathPersistency_0.5000,pathPersistency,0.5,graph_0003,epoch_0004
trace,olsr,0.411203,0.411156,1524,1571,105,333,521,0.608333,0.030530,74.348204,360,219,0,0,0,289,1.216667,333,21944,1.520548,100.200913,0.500000,4.285714,4.000000,5.000000,5.000000;5.000000;4.000000;4.000000;4.000000;4.000000;4.000000,12,nan,0,5.000000;5.000000;5.000000;5.000000;5.000000;5.000000,0.095333;0.089573;0.100773;0.111973;0.123173;0.134373,5.000000;5.000000;5.000000;5.000000;5.000000;5.000000,230,13824,103,8120,0,0,0,0,0,0,0,0,0,0,0,0,0,0,0,0,0,0,0,0,0,0,0,0,graph_0003__pathPersistency_0.5000,pathPersistency,0.5,graph_0003,epoch_0005
trace,aodv,0.434287,0.434274,2061,2240,105,707,933,0.641667,0.032333,75.058927,360,231,26,56,0,338,1.283333,707,33770,3.060606,146.190476,0.500000,4.285714,4.000000,5.000000,5.000000;5.000000;4.000000;4.000000;4.000000;4.000000;4.000000,12,nan,0,5.000000;5.000000;5.000000;5.000000;5.000000;5.000000,0.095333;0.435185;0.100773;nan;0.123173;0.312529,5.000000;5.000000;5.000000;5.000000;5.000000;5.000000,0,0,0,0,0,0,0,0,0,0,474,22752,96,4992,70,3360,60,2456,7,210,0,0,0,0,0,0,0,0,graph_0003__pathPersistency_0.5000,pathPersistency,0.5,graph_0003,epoch_0005
trace,static,0.171000,0.170992,868,676,105,0,0,0.466667,0.023420,73.106677,360,168,0,0,0,44,0.933333,0,0,0.000000,0.000000,0.500000,4.285714,4.000000,5.000000,5.000000;5.000000;4.000000;4.000000;4.000000;4.000000;4.000000,12,nan,0,5.000000;5.000000;5.000000;5.000000;5.000000;5.000000,0.104309;0.098279;0.109749;0.120949;0.132149;0.143349,5.000000;5.000000;5.000000;5.000000;5.000000;5.000000,0,0,0,0,0,0,0,0,0,0,0,0,0,0,0,0,0,0,0,0,0,0,0,0,0,0,0,0,graph_0003__pathPersistency_0.5000,pathPersistency,0.5,graph_0003,epoch_0005
trace,olsr,0.406023,0.405960,1519,1559,105,328,508,0.608333,0.030529,74.265938,360,219,1,0,0,284,1.216667,328,21736,1.497717,99.251142,0.500000,4.285714,4.000000,5.000000,5.000000;5.000000;4.000000;4.000000;4.000000;4.000000;4.000000,12,nan,0,5.000000;5.000000;5.000000;5.000000;5.000000;5.000000,0.095333;0.089573;0.100773;0.111973;0.123173;0.134373,5.000000;5.000000;5.000000;5.000000;5.000000;5.000000,223,13376,105,8360,0,0,0,0,0,0,0,0,0,0,0,0,0,0,0,0,0,0,0,0,0,0,0,0,graph_0003__pathPersistency_0.5000,pathPersistency,0.5,graph_0003,epoch_0002
trace,aodv,0.418694,0.418676,2019,2205,105,689,907,0.655556,0.033030,78.633607,360,236,36,56,0,325,1.311111,689,32882,2.919492,139.330508,0.500000,4.285714,4.000000,5.000000,5.000000;5.000000;4.000000;4.000000;4.000000;4.000000;4.000000,12,nan,0,5.000000;5.000000;5.000000;5.000000;5.000000;5.000000,4.458445;0.436164;0.100773;0.111973;0.123173;0.314600,5.000000;5.000000;5.000000;5.000000;5.000000;5.000000,0,0,0,0,0,0,0,0,0,0,477,22896,86,4472,59,2832,60,2472,7,210,0,0,0,0,0,0,0,0,graph_0003__pathPersistency_0.5000,pathPersistency,0.5,graph_0003,epoch_0002
trace,static,0.172530,0.172522,868,676,105,0,0,0.466667,0.023419,73.106662,360,168,0,0,0,44,0.933333,0,0,0.000000,0.000000,0.500000,4.285714,4.000000,5.000000,5.000000;5.000000;4.000000;4.000000;4.000000;4.000000;4.000000,12,nan,0,5.000000;5.000000;5.000000;5.000000;5.000000;5.000000,0.104309;0.098279;0.109749;0.120949;0.132149;0.143349,5.000000;5.000000;5.000000;5.000000;5.000000;5.000000,0,0,0,0,0,0,0,0,0,0,0,0,0,0,0,0,0,0,0,0,0,0,0,0,0,0,0,0,graph_0003__pathPersistency_0.5000,pathPersistency,0.5,graph_0003,epoch_0002
trace,olsr,0.346298,0.346288,1310,1338,105,327,494,0.461111,0.023145,70.541298,360,166,26,0,0,245,0.922222,327,21452,1.969880,129.228916,0.500000,4.285714,4.000000,5.000000,5.000000;5.000000;4.000000;4.000000;4.000000;4.000000;4.000000,12,nan,0,5.000000;5.000000;5.000000;5.000000;5.000000;5.000000,0.095333;0.089573;0.100773;nan;0.123173;0.134373,5.000000;5.000000;5.000000;5.000000;5.000000;5.000000,229,13760,98,7692,0,0,0,0,0,0,0,0,0,0,0,0,0,0,0,0,0,0,0,0,0,0,0,0,graph_0003__pathPersistency_0.0000,pathPersistency,0.0,graph_0003,epoch_0001
trace,aodv,0.441920,0.441899,2042,2260,105,736,982,0.663889,0.033457,73.344972,360,239,37,56,0,306,1.327778,736,34782,3.079498,145.531381,0.500000,4.285714,4.000000,5.000000,5.000000;5.000000;4.000000;4.000000;4.000000;4.000000;4.000000,12,nan,0,5.000000;5.000000;5.000000;5.000000;5.000000;5.000000,0.095333;0.089573;nan;0.111973;0.123173;0.134373,5.000000;5.000000;5.000000;5.000000;5.000000;5.000000,0,0,0,0,0,0,0,0,0,0,479,22992,85,4420,62,2976,103,4184,7,210,0,0,0,0,0,0,0,0,graph_0003__pathPersistency_0.0000,pathPersistency,0.0,graph_0003,epoch_0001
trace,static,0.173635,0.173625,866,674,105,0,0,0.466667,0.023424,73.106728,360,168,0,0,0,44,0.933333,0,0,0.000000,0.000000,0.500000,4.285714,4.000000,5.000000,5.000000;5.000000;4.000000;4.000000;4.000000;4.000000;4.000000,12,nan,0,5.000000;5.000000;5.000000;5.000000;5.000000;5.000000,0.104309;0.098549;0.109749;0.120949;0.132149;0.143349,5.000000;5.000000;5.000000;5.000000;5.000000;5.000000,0,0,0,0,0,0,0,0,0,0,0,0,0,0,0,0,0,0,0,0,0,0,0,0,0,0,0,0,graph_0003__pathPersistency_0.0000,pathPersistency,0.0,graph_0003,epoch_0001
trace,olsr,0.399760,0.399704,1499,1519,105,330,498,0.586111,0.029414,74.317204,360,211,1,0,0,264,1.172222,330,21752,1.563981,103.090047,0.500000,4.285714,4.000000,5.000000,5.000000;5.000000;4.000000;4.000000;4.000000;4.000000;4.000000,12,nan,0,5.000000;5.000000;5.000000;5.000000;5.000000;5.000000,0.095333;0.089573;0.100773;0.111973;0.123173;0.134373,5.000000;5.000000;5.000000;5.000000;5.000000;5.000000,229,13760,101,7992,0,0,0,0,0,0,0,0,0,0,0,0,0,0,0,0,0,0,0,0,0,0,0,0,graph_0003__pathPersistency_0.0000,pathPersistency,0.0,graph_0003,epoch_0003
trace,aodv,0.491905,0.491892,2224,2439,105,743,984,0.819444,0.041287,74.255577,360,295,39,0,0,321,1.638889,743,35120,2.518644,119.050847,0.500000,4.285714,4.000000,5.000000,5.000000;5.000000;4.000000;4.000000;4.000000;4.000000;4.000000,12,nan,0,5.000000;5.000000;5.000000;5.000000;5.000000;5.000000,0.095333;0.089573;0.100773;0.111973;0.123173;0.134373,5.000000;5.000000;5.000000;5.000000;5.000000;5.000000,0,0,0,0,0,0,0,0,0,0,476,22848,89,4628,66,3168,102,4176,10,300,0,0,0,0,0,0,0,0,graph_0003__pathPersistency_0.0000,pathPersistency,0.0,graph_0003,epoch_0003
trace,static,0.171262,0.171254,866,674,105,0,0,0.466667,0.023420,73.106676,360,168,0,0,0,44,0.933333,0,0,0.000000,0.000000,0.500000,4.285714,4.000000,5.000000,5.000000;5.000000;4.000000;4.000000;4.000000;4.000000;4.000000,12,nan,0,5.000000;5.000000;5.000000;5.000000;5.000000;5.000000,0.104309;0.098549;0.109749;0.120949;0.132149;0.143349,5.000000;5.000000;5.000000;5.000000;5.000000;5.000000,0,0,0,0,0,0,0,0,0,0,0,0,0,0,0,0,0,0,0,0,0,0,0,0,0,0,0,0,graph_0003__pathPersistency_0.0000,pathPersistency,0.0,graph_0003,epoch_0003
trace,olsr,0.393231,0.393207,1501,1528,105,329,503,0.591667,0.029699,74.400938,360,213,0,0,0,262,1.183333,329,21720,1.544601,101.971831,0.500000,4.285714,4.000000,5.000000,5.000000;5.000000;4.000000;4.000000;4.000000;4.000000;4.000000,12,nan,0,5.000000;5.000000;5.000000;5.000000;5.000000;5.000000,0.095333;0.089573;0.100773;0.111973;0.123173;0.134373,5.000000;5.000000;5.000000;5.000000;5.000000;5.000000,229,13760,100,7960,0,0,0,0,0,0,0,0,0,0,0,0,0,0,0,0,0,0,0,0,0,0,0,0,graph_0003__pathPersistency_0.0000,pathPersistency,0.0,graph_0003,epoch_0004
trace,aodv,0.493439,0.493418,2232,2407,105,712,934,0.808333,0.040737,74.299642,360,291,22,0,0,341,1.616667,712,33854,2.446735,116.336770,0.500000,4.285714,4.000000,5.000000,5.000000;5.000000;4.000000;4.000000;4.000000;4.000000;4.000000,12,nan,0,5.000000;5.000000;5.000000;5.000000;5.000000;5.000000,0.095333;0.089573;0.100773;0.111973;0.123173;0.134373,5.000000;5.000000;5.000000;5.000000;5.000000;5.000000,0,0,0,0,0,0,0,0,0,0,478,22944,86,4472,65,3120,74,3048,9,270,0,0,0,0,0,0,0,0,graph_0003__pathPersistency_0.0000,pathPersistency,0.0,graph_0003,epoch_0004
trace,static,0.170490,0.170489,866,674,105,0,0,0.466667,0.023424,73.106741,360,168,0,0,0,44,0.933333,0,0,0.000000,0.000000,0.500000,4.285714,4.000000,5.000000,5.000000;5.000000;4.000000;4.000000;4.000000;4.000000;4.000000,12,nan,0,5.000000;5.000000;5.000000;5.000000;5.000000;5.000000,0.104309;0.098549;0.109749;0.120949;0.132149;0.143349,5.000000;5.000000;5.000000;5.000000;5.000000;5.000000,0,0,0,0,0,0,0,0,0,0,0,0,0,0,0,0,0,0,0,0,0,0,0,0,0,0,0,0,graph_0003__pathPersistency_0.0000,pathPersistency,0.0,graph_0003,epoch_0004
trace,olsr,0.401302,0.401289,1495,1516,105,326,495,0.586111,0.029415,74.212610,360,211,1,0,0,265,1.172222,326,21576,1.545024,102.255924,0.500000,4.285714,4.000000,5.000000,5.000000;5.000000;4.000000;4.000000;4.000000;4.000000;4.000000,12,nan,0,5.000000;5.000000;5.000000;5.000000;5.000000;5.000000,0.095333;0.089573;0.100773;0.111973;0.123173;0.134373,5.000000;5.000000;5.000000;5.000000;5.000000;5.000000,227,13632,99,7944,0,0,0,0,0,0,0,0,0,0,0,0,0,0,0,0,0,0,0,0,0,0,0,0,graph_0003__pathPersistency_0.0000,pathPersistency,0.0,graph_0003,epoch_0005
trace,aodv,0.455840,0.455803,2051,2256,105,704,932,0.730556,0.036812,74.204170,360,263,18,56,0,306,1.461111,704,33424,2.676806,127.087452,0.500000,4.285714,4.000000,5.000000,5.000000;5.000000;4.000000;4.000000;4.000000;4.000000;4.000000,12,nan,0,5.000000;5.000000;5.000000;5.000000;5.000000;5.000000,0.095333;0.089573;nan;0.111973;0.123173;0.134373,5.000000;5.000000;5.000000;5.000000;5.000000;5.000000,0,0,0,0,0,0,0,0,0,0,478,22944,80,4160,62,2976,76,3104,8,240,0,0,0,0,0,0,0,0,graph_0003__pathPersistency_0.0000,pathPersistency,0.0,graph_0003,epoch_0005
trace,static,0.175644,0.175637,866,674,105,0,0,0.466667,0.023420,73.106679,360,168,0,0,0,44,0.933333,0,0,0.000000,0.000000,0.500000,4.285714,4.000000,5.000000,5.000000;5.000000;4.000000;4.000000;4.000000;4.000000;4.000000,12,nan,0,5.000000;5.000000;5.000000;5.000000;5.000000;5.000000,0.104309;0.098549;0.109749;0.120949;0.132149;0.143349,5.000000;5.000000;5.000000;5.000000;5.000000;5.000000,0,0,0,0,0,0,0,0,0,0,0,0,0,0,0,0,0,0,0,0,0,0,0,0,0,0,0,0,graph_0003__pathPersistency_0.0000,pathPersistency,0.0,graph_0003,epoch_0005
trace,olsr,0.389887,0.389859,1483,1505,105,327,496,0.572222,0.028716,74.210946,360,206,6,0,0,262,1.144444,327,21656,1.587379,105.126214,0.500000,4.285714,4.000000,5.000000,5.000000;5.000000;4.000000;4.000000;4.000000;4.000000;4.000000,12,nan,0,5.000000;5.000000;5.000000;5.000000;5.000000;5.000000,0.095333;0.089573;0.264613;0.111973;0.123173;0.134373,5.000000;5.000000;5.000000;5.000000;5.000000;5.000000,226,13568,101,8088,0,0,0,0,0,0,0,0,0,0,0,0,0,0,0,0,0,0,0,0,0,0,0,0,graph_0003__pathPersistency_0.0000,pathPersistency,0.0,graph_0003,epoch_0002
trace,aodv,0.421735,0.421678,1990,2198,105,697,935,0.669444,0.033729,73.718853,360,241,33,56,0,298,1.338889,697,33126,2.892116,137.452282,0.500000,4.285714,4.000000,5.000000,5.000000;5.000000;4.000000;4.000000;4.000000;4.000000;4.000000,12,nan,0,5.000000;5.000000;5.000000;5.000000;5.000000;5.000000,0.095333;0.089573;nan;0.111973;0.123173;1.955220,5.000000;5.000000;5.000000;5.000000;5.000000;5.000000,0,0,0,0,0,0,0,0,0,0,483,23184,77,4004,60,2880,70,2848,7,210,0,0,0,0,0,0,0,0,graph_0003__pathPersistency_0.0000,pathPersistency,0.0,graph_0003,epoch_0002
trace,static,0.169924,0.169917,866,674,105,0,0,0.466667,0.023419,73.106664,360,168,0,0,0,44,0.933333,0,0,0.000000,0.000000,0.500000,4.285714,4.000000,5.000000,5.000000;5.000000;4.000000;4.000000;4.000000;4.000000;4.000000,12,nan,0,5.000000;5.000000;5.000000;5.000000;5.000000;5.000000,0.104309;0.098549;0.109749;0.120949;0.132149;0.143349,5.000000;5.000000;5.000000;5.000000;5.000000;5.000000,0,0,0,0,0,0,0,0,0,0,0,0,0,0,0,0,0,0,0,0,0,0,0,0,0,0,0,0,graph_0003__pathPersistency_0.0000,pathPersistency,0.0,graph_0003,epoch_0002
trace,olsr,0.344362,0.344354,1298,1323,105,327,495,0.488889,0.024538,71.291817,360,176,17,0,0,230,0.977778,327,21488,1.857955,122.090909,0.500000,4.285714,4.000000,5.000000,5.000000;5.000000;4.000000;4.000000;4.000000;4.000000;4.000000,12,nan,0,5.000000;5.000000;5.000000;5.000000;5.000000;5.000000,0.095333;0.089573;0.100773;0.111973;0.123173;0.134373,5.000000;5.000000;5.000000;5.000000;5.000000;5.000000,228,13696,99,7792,0,0,0,0,0,0,0,0,0,0,0,0,0,0,0,0,0,0,0,0,0,0,0,0,graph_0005__pathPersistency_1.0000,pathPersistency,1.0,graph_0005,epoch_0001
trace,aodv,0.303352,0.303331,1593,1796,105,605,813,0.497222,0.025052,81.574405,360,179,8,168,0,195,0.994444,605,29074,3.379888,162.424581,0.500000,4.285714,4.000000,5.000000,5.000000;5.000000;4.000000;4.000000;4.000000;4.000000;4.000000,12,nan,0,5.000000;5.000000;5.000000;5.000000;5.000000;5.000000,4.468425;nan;0.100773;nan;0.000573;0.134373,5.000000;5.000000;5.000000;5.000000;5.000000;5.000000,0,0,0,0,0,0,0,0,0,0,492,23616,57,2964,28,1344,23,1000,5,150,0,0,0,0,0,0,0,0,graph_0005__pathPersistency_1.0000,pathPersistency,1.0,graph_0005,epoch_0001
trace,static,0.174088,0.174080,866,674,105,0,0,0.466667,0.023423,73.106717,360,168,0,0,0,44,0.933333,0,0,0.000000,0.000000,0.500000,4.285714,4.000000,5.000000,5.000000;5.000000;4.000000;4.000000;4.000000;4.000000;4.000000,12,nan,0,5.000000;5.000000;5.000000;5.000000;5.000000;5.000000,0.104309;0.098549;0.109749;0.120949;0.132149;0.143349,5.000000;5.000000;5.000000;5.000000;5.000000;5.000000,0,0,0,0,0,0,0,0,0,0,0,0,0,0,0,0,0,0,0,0,0,0,0,0,0,0,0,0,graph_0005__pathPersistency_1.0000,pathPersistency,1.0,graph_0005,epoch_0001
trace,olsr,0.272718,0.272700,1051,1114,105,323,482,0.366667,0.018404,69.705665,360,132,34,0,0,158,0.733333,323,21132,2.446970,160.090909,0.500000,4.285714,4.000000,5.000000,5.000000;5.000000;4.000000;4.000000;4.000000;4.000000;4.000000,12,nan,0,5.000000;5.000000;5.000000;5.000000;5.000000;5.000000,0.095333;0.089573;0.592293;nan;3.563813;0.134373,5.000000;5.000000;5.000000;5.000000;5.000000;5.000000,229,13760,94,7372,0,0,0,0,0,0,0,0,0,0,0,0,0,0,0,0,0,0,0,0,0,0,0,0,graph_0005__pathPersistency_1.0000,pathPersistency,1.0,graph_0005,epoch_0003
trace,aodv,0.309014,0.309007,1610,1814,105,613,822,0.497222,0.025058,81.573763,360,179,8,168,0,200,0.994444,613,29394,3.424581,164.212291,0.500000,4.285714,4.000000,5.000000,5.000000;5.000000;4.000000;4.000000;4.000000;4.000000;4.000000,12,nan,0,5.000000;5.000000;5.000000;5.000000;5.000000;5.000000,4.452749;nan;0.100773;nan;0.000041;0.134373,5.000000;5.000000;5.000000;5.000000;5.000000;5.000000,0,0,0,0,0,0,0,0,0,0,492,23616,57,2964,28,1344,31,1320,5,150,0,0,0,0,0,0,0,0,graph_0005__pathPersistency_1.0000,pathPersistency,1.0,graph_0005,epoch_0003
trace,static,0.173728,0.173721,866,674,105,0,0,0.466667,0.023423,73.106722,360,168,0,0,0,44,0.933333,0,0,0.000000,0.000000,0.500000,4.285714,4.000000,5.000000,5.000000;5.000000;4.000000;4.000000;4.000000;4.000000;4.000000,12,nan,0,5.000000;5.000000;5.000000;5.000000;5.000000;5.000000,0.104309;0.098549;0.109749;0.120949;0.132149;0.143349,5.000000;5.000000;5.000000;5.000000;5.000000;5.000000,0,0,0,0,0,0,0,0,0,0,0,0,0,0,0,0,0,0,0,0,0,0,0,0,0,0,0,0,graph_0005__pathPersistency_1.0000,pathPersistency,1.0,graph_0005,epoch_0003
trace,olsr,0.343510,0.343481,1296,1318,105,328,496,0.491667,0.024674,75.740778,360,177,11,0,0,233,0.983333,328,21508,1.853107,121.514124,0.500000,4.285714,4.000000,5.000000,5.000000;5.000000;4.000000;4.000000;4.000000;4.000000;4.000000,12,nan,0,5.000000;5.000000;5.000000;5.000000;5.000000;5.000000,0.095333;3.211509;0.100773;0.111973;0.123173;0.134373,5.000000;5.000000;5.000000;5.000000;5.000000;5.000000,227,13632,101,7876,0,0,0,0,0,0,0,0,0,0,0,0,0,0,0,0,0,0,0,0,0,0,0,0,graph_0005__pathPersistency_1.0000,pathPersistency,1.0,graph_0005,epoch_0004
trace,aodv,0.305904,0.305868,1608,1792,105,599,797,0.488889,0.024633,81.451215,360,176,2,168,0,213,0.977778,599,28838,3.403409,163.852273,0.500000,4.285714,4.000000,5.000000,5.000000;5.000000;4.000000;4.000000;4.000000;4.000000;4.000000,12,nan,0,5.000000;5.000000;5.000000;5.000000;5.000000;5.000000,4.469905;nan;0.100773;nan;0.477802;0.134373,5.000000;5.000000;5.000000;5.000000;5.000000;5.000000,0,0,0,0,0,0,0,0,0,0,487,23376,58,3016,29,1392,20,904,5,150,0,0,0,0,0,0,0,0,graph_0005__pathPersistency_1.0000,pathPersistency,1.0,graph_0005,epoch_0004
trace,static,0.171008,0.171001,866,674,105,0,0,0.466667,0.023420,73.106670,360,168,0,0,0,44,0.933333,0,0,0.000000,0.000000,0.500000,4.285714,4.000000,5.000000,5.000000;5.000000;4.000000;4.000000;4.000000;4.000000;4.000000,12,nan,0,5.000000;5.000000;5.000000;5.000000;5.000000;5.000000,0.104309;0.098549;0.109749;0.120949;0.132149;0.143349,5.000000;5.000000;5.000000;5.000000;5.000000;5.000000,0,0,0,0,0,0,0,0,0,0,0,0,0,0,0,0,0,0,0,0,0,0,0,0,0,0,0,0,graph_0005__pathPersistency_1.0000,pathPersistency,1.0,graph_0005,epoch_0004
trace,olsr,0.355787,0.355727,1286,1323,105,325,497,0.494444,0.026473,71.848536,360,178,22,0,0,210,0.988889,325,21436,1.825843,120.426966,0.500000,4.285714,4.000000,5.000000,5.000000;5.000000;4.000000;4.000000;4.000000;4.000000;4.000000,12,nan,0,5.000000;5.000000;5.000000;5.000000;5.000000;5.000000,0.095333;0.089573;0.100773;0.111973;0.123173;nan,5.000000;5.000000;5.000000;5.000000;5.000000;5.000000,227,13632,98,7804,0,0,0,0,0,0,0,0,0,0,0,0,0,0,0,0,0,0,0,0,0,0,0,0,graph_0005__pathPersistency_1.0000,pathPersistency,1.0,graph_0005,epoch_0005
trace,aodv,0.310309,0.310295,1609,1776,105,601,788,0.477778,0.024078,81.271124,360,172,0,168,0,246,0.955556,601,28954,3.494186,168.337209,0.500000,4.285714,4.000000,5.000000,5.000000;5.000000;4.000000;4.000000;4.000000;4.000000;4.000000,12,nan,0,5.000000;5.000000;5.000000;5.000000;5.000000;5.000000,4.462804;nan;0.100773;nan;1.131857;0.134373,5.000000;5.000000;5.000000;5.000000;5.000000;5.000000,0,0,0,0,0,0,0,0,0,0,486,23328,59,3068,32,1536,19,872,5,150,0,0,0,0,0,0,0,0,graph_0005__pathPersistency_1.0000,pathPersistency,1.0,graph_0005,epoch_0005
trace,static,0.176019,0.176011,866,674,105,0,0,0.466667,0.023424,73.106741,360,168,0,0,0,44,0.933333,0,0,0.000000,0.000000,0.500000,4.285714,4.000000,5.000000,5.000000;5.000000;4.000000;4.000000;4.000000;4.000000;4.000000,12,nan,0,5.000000;5.000000;5.000000;5.000000;5.000000;5.000000,0.104309;0.098549;0.109749;0.120949;0.132149;0.143349,5.000000;5.000000;5.000000;5.000000;5.000000;5.000000,0,0,0,0,0,0,0,0,0,0,0,0,0,0,0,0,0,0,0,0,0,0,0,0,0,0,0,0,graph_0005__pathPersistency_1.0000,pathPersistency,1.0,graph_0005,epoch_0005
trace,olsr,0.357403,0.357096,1279,1311,105,330,506,0.463889,0.023879,69.521394,360,167,27,0,0,224,0.927778,330,21632,1.976048,129.532934,0.500000,4.285714,4.000000,5.000000,5.000000;5.000000;4.000000;4.000000;4.000000;4.000000;4.000000,12,nan,0,5.000000;5.000000;5.000000;5.000000;5.000000;5.000000,0.095333;0.089573;0.100773;0.111973;0.123173;0.134373,5.000000;5.000000;5.000000;5.000000;5.000000;5.000000,229,13760,101,7872,0,0,0,0,0,0,0,0,0,0,0,0,0,0,0,0,0,0,0,0,0,0,0,0,graph_0005__pathPersistency_1.0000,pathPersistency,1.0,graph_0005,epoch_0002
trace,aodv,0.316496,0.316175,1631,1840,105,625,842,0.491667,0.024773,81.493206,360,177,7,168,0,166,0.983333,625,29946,3.531073,169.186441,0.500000,4.285714,4.000000,5.000000,5.000000;5.000000;4.000000;4.000000;4.000000;4.000000;4.000000,12,nan,0,5.000000;5.000000;5.000000;5.000000;5.000000;5.000000,4.465211;nan;0.100773;nan;0.317078;0.134373,5.000000;5.000000;5.000000;5.000000;5.000000;5.000000,0,0,0,0,0,0,0,0,0,0,486,23328,63,3276,30,1440,41,1752,5,150,0,0,0,0,0,0,0,0,graph_0005__pathPersistency_1.0000,pathPersistency,1.0,graph_0005,epoch_0002
trace,static,0.174205,0.173996,866,674,105,0,0,0.466667,0.023419,73.106659,360,168,0,0,0,44,0.933333,0,0,0.000000,0.000000,0.500000,4.285714,4.000000,5.000000,5.000000;5.000000;4.000000;4.000000;4.000000;4.000000;4.000000,12,nan,0,5.000000;5.000000;5.000000;5.000000;5.000000;5.000000,0.104309;0.098549;0.109749;0.120949;0.132149;0.143349,5.000000;5.000000;5.000000;5.000000;5.000000;5.000000,0,0,0,0,0,0,0,0,0,0,0,0,0,0,0,0,0,0,0,0,0,0,0,0,0,0,0,0,graph_0005__pathPersistency_1.0000,pathPersistency,1.0,graph_0005,epoch_0002
trace,olsr,0.381570,0.381506,1436,1463,105,331,506,0.588889,0.029557,74.486127,360,212,0,0,0,229,1.177778,331,21856,1.561321,103.094340,0.500000,4.285714,4.000000,5.000000,5.000000;5.000000;4.000000;4.000000;4.000000;4.000000;4.000000,12,nan,0,5.000000;5.000000;5.000000;5.000000;5.000000;5.000000,0.095333;0.089573;0.100773;0.111973;0.123173;0.134373,5.000000;5.000000;5.000000;5.000000;5.000000;5.000000,226,13568,105,8288,0,0,0,0,0,0,0,0,0,0,0,0,0,0,0,0,0,0,0,0,0,0,0,0,graph_0005__pathPersistency_0.0000,pathPersistency,0.0,graph_0005,epoch_0001
trace,aodv,0.373401,0.373366,1779,1967,105,619,833,0.594444,0.029950,80.129443,360,214,8,112,0,214,1.188889,619,29686,2.892523,138.719626,0.500000,4.285714,4.000000,5.000000,5.000000;5.000000;4.000000;4.000000;4.000000;4.000000;4.000000,12,nan,0,5.000000;5.000000;5.000000;5.000000;5.000000;5.000000,4.476877;0.089573;nan;0.460105;0.123173;0.134373,5.000000;5.000000;5.000000;5.000000;5.000000;5.000000,0,0,0,0,0,0,0,0,0,0,488,23424,59,3068,39,1872,26,1112,7,210,0,0,0,0,0,0,0,0,graph_0005__pathPersistency_0.0000,pathPersistency,0.0,graph_0005,epoch_0001
trace,static,0.169641,0.169613,865,673,105,0,0,0.466667,0.023423,73.106717,360,168,0,0,0,43,0.933333,0,0,0.000000,0.000000,0.500000,4.285714,4.000000,5.000000,5.000000;5.000000;4.000000;4.000000;4.000000;4.000000;4.000000,12,nan,0,5.000000;5.000000;5.000000;5.000000;5.000000;5.000000,0.104309;0.098549;0.109749;0.120949;0.132149;0.143349,5.000000;5.000000;5.000000;5.000000;5.000000;5.000000,0,0,0,0,0,0,0,0,0,0,0,0,0,0,0,0,0,0,0,0,0,0,0,0,0,0,0,0,graph_0005__pathPersistency_0.0000,pathPersistency,0.0,graph_0005,epoch_0001
trace,olsr,0.355498,0.355465,1352,1379,105,329,503,0.527778,0.027250,71.708142,360,190,10,0,0,230,1.055556,329,21696,1.731579,114.189474,0.500000,4.285714,4.000000,5.000000,5.000000;5.000000;4.000000;4.000000;4.000000;4.000000;4.000000,12,nan,0,5.000000;5.000000;5.000000;5.000000;5.000000;5.000000,0.095333;0.089573;0.592293;0.111973;0.123173;1.117413,5.000000;5.000000;5.000000;5.000000;5.000000;5.000000,228,13696,101,8000,0,0,0,0,0,0,0,0,0,0,0,0,0,0,0,0,0,0,0,0,0,0,0,0,graph_0005__pathPersistency_0.0000,pathPersistency,0.0,graph_0005,epoch_0003
trace,aodv,0.367463,0.367440,1786,1977,105,630,845,0.591667,0.029818,79.970554,360,213,11,112,0,206,1.183333,630,30072,2.957746,141.183099,0.500000,4.285714,4.000000,5.000000,5.000000;5.000000;4.000000;4.000000;4.000000;4.000000;4.000000,12,nan,0,5.000000;5.000000;5.000000;5.000000;5.000000;5.000000,4.454357;0.089573;nan;0.290605;0.123173;0.134373,5.000000;5.000000;5.000000;5.000000;5.000000;5.000000,0,0,0,0,0,0,0,0,0,0,491,23568,54,2808,35,1680,46,1896,4,120,0,0,0,0,0,0,0,0,graph_0005__pathPersistency_0.0000,pathPersistency,0.0,graph_0005,epoch_0003
trace,static,0.173037,0.173031,865,673,105,0,0,0.466667,0.023423,73.106722,360,168,0,0,0,43,0.933333,0,0,0.000000,0.000000,0.500000,4.285714,4.000000,5.000000,5.000000;5.000000;4.000000;4.000000;4.000000;4.000000;4.000000,12,nan,0,5.000000;5.000000;5.000000;5.000000;5.000000;5.000000,0.104309;0.098549;0.109749;0.120949;0.132149;0.143349,5.000000;5.000000;5.000000;5.000000;5.000000;5.000000,0,0,0,0,0,0,0,0,0,0,0,0,0,0,0,0,0,0,0,0,0,0,0,0,0,0,0,0,graph_0005__pathPersistency_0.0000,pathPersistency,0.0,graph_0005,epoch_0003
trace,olsr,0.350143,0.350116,1349,1377,105,334,510,0.516667,0.027955,70.975230,360,186,13,0,0,235,1.033333,334,21880,1.795699,117.634409,0.500000,4.285714,4.000000,5.000000,5.000000;5.000000;4.000000;4.000000;4.000000;4.000000;4.000000,12,nan,0,5.000000;5.000000;5.000000;5.000000;5.000000;5.000000,0.095333;0.089573;0.100773;0.111973;0.123173;nan,5.000000;5.000000;5.000000;5.000000;5.000000;5.000000,229,13760,105,8120,0,0,0,0,0,0,0,0,0,0,0,0,0,0,0,0,0,0,0,0,0,0,0,0,graph_0005__pathPersistency_0.0000,pathPersistency,0.0,graph_0005,epoch_0004
trace,aodv,0.363491,0.363472,1790,1994,105,634,856,0.600000,0.030231,79.796850,360,216,14,112,0,206,1.200000,634,30274,2.935185,140.157407,0.500000,4.285714,4.000000,5.000000,5.000000;5.000000;4.000000;4.000000;4.000000;4.000000;4.000000,12,nan,0,5.000000;5.000000;5.000000;5.000000;5.000000;5.000000,4.470998;0.089573;nan;0.131361;0.123173;0.134373,5.000000;5.000000;5.000000;5.000000;5.000000;5.000000,0,0,0,0,0,0,0,0,0,0,491,23568,57,2964,36,1728,45,1864,5,150,0,0,0,0,0,0,0,0,graph_0005__pathPersistency_0.0000,pathPersistency,0.0,graph_0005,epoch_0004
trace,static,0.170551,0.170549,865,673,105,0,0,0.466667,0.023420,73.106670,360,168,0,0,0,43,0.933333,0,0,0.000000,0.000000,0.500000,4.285714,4.000000,5.000000,5.000000;5.000000;4.000000;4.000000;4.000000;4.000000;4.000000,12,nan,0,5.000000;5.000000;5.000000;5.000000;5.000000;5.000000,0.104309;0.098549;0.109749;0.120949;0.132149;0.143349,5.000000;5.000000;5.000000;5.000000;5.000000;5.000000,0,0,0,0,0,0,0,0,0,0,0,0,0,0,0,0,0,0,0,0,0,0,0,0,0,0,0,0,graph_0005__pathPersistency_0.0000,pathPersistency,0.0,graph_0005,epoch_0004
trace,olsr,0.371596,0.371548,1414,1437,105,328,498,0.575000,0.028862,74.239856,360,207,2,0,0,222,1.150000,328,21688,1.584541,104.772947,0.500000,4.285714,4.000000,5.000000,5.000000;5.000000;4.000000;4.000000;4.000000;4.000000;4.000000,12,nan,0,5.000000;5.000000;5.000000;5.000000;5.000000;5.000000,0.095333;0.089573;0.100773;0.111973;0.287013;0.134373,5.000000;5.000000;5.000000;5.000000;5.000000;5.000000,227,13632,101,8056,0,0,0,0,0,0,0,0,0,0,0,0,0,0,0,0,0,0,0,0,0,0,0,0,graph_0005__pathPersistency_0.0000,pathPersistency,0.0,graph_0005,epoch_0005
trace,aodv,0.363465,0.363433,1780,1983,105,631,845,0.608333,0.030658,79.953347,360,219,18,112,0,197,1.216667,631,30146,2.881279,137.652968,0.500000,4.285714,4.000000,5.000000,5.000000;5.000000;4.000000;4.000000;4.000000;4.000000;4.000000,12,nan,0,5.000000;5.000000;5.000000;5.000000;5.000000;5.000000,4.466301;0.089573;nan;0.111973;0.123173;0.134373,5.000000;5.000000;5.000000;5.000000;5.000000;5.000000,0,0,0,0,0,0,0,0,0,0,492,23616,57,2964,35,1680,42,1736,5,150,0,0,0,0,0,0,0,0,graph_0005__pathPersistency_0.0000,pathPersistency,0.0,graph_0005,epoch_0005
trace,static,0.172851,0.172838,865,673,105,0,0,0.466667,0.023424,73.106741,360,168,0,0,0,43,0.933333,0,0,0.000000,0.000000,0.500000,4.285714,4.000000,5.000000,5.000000;5.000000;4.000000;4.000000;4.000000;4.000000;4.000000,12,nan,0,5.000000;5.000000;5.000000;5.000000;5.000000;5.000000,0.104309;0.098549;0.109749;0.120949;0.132149;0.143349,5.000000;5.000000;5.000000;5.000000;5.000000;5.000000,0,0,0,0,0,0,0,0,0,0,0,0,0,0,0,0,0,0,0,0,0,0,0,0,0,0,0,0,graph_0005__pathPersistency_0.0000,pathPersistency,0.0,graph_0005,epoch_0005
trace,olsr,0.332473,0.332450,1282,1314,105,328,493,0.486111,0.025167,74.678540,360,175,25,0,0,231,0.972222,328,21592,1.874286,123.382857,0.500000,4.285714,4.000000,5.000000,5.000000;5.000000;4.000000;4.000000;4.000000;4.000000;4.000000,12,nan,0,5.000000;5.000000;5.000000;5.000000;5.000000;5.000000,0.095333;0.089573;0.100773;0.111973;0.123173;0.134373,5.000000;5.000000;5.000000;5.000000;5.000000;5.000000,229,13760,99,7832,0,0,0,0,0,0,0,0,0,0,0,0,0,0,0,0,0,0,0,0,0,0,0,0,graph_0005__pathPersistency_0.0000,pathPersistency,0.0,graph_0005,epoch_0002
trace,aodv,0.363497,0.363485,1781,1982,105,628,852,0.591667,0.029811,79.891930,360,213,12,112,0,187,1.183333,628,29998,2.948357,140.835681,0.500000,4.285714,4.000000,5.000000,5.000000;5.000000;4.000000;4.000000;4.000000;4.000000;4.000000,12,nan,0,5.000000;5.000000;5.000000;5.000000;5.000000;5.000000,4.465881;0.089573;nan;0.126220;0.123173;0.134373,5.000000;5.000000;5.000000;5.000000;5.000000;5.000000,0,0,0,0,0,0,0,0,0,0,490,23520,56,2912,35,1680,42,1736,5,150,0,0,0,0,0,0,0,0,graph_0005__pathPersistency_0.0000,pathPersistency,0.0,graph_0005,epoch_0002
trace,static,0.173065,0.173053,865,673,105,0,0,0.466667,0.023419,73.106659,360,168,0,0,0,43,0.933333,0,0,0.000000,0.000000,0.500000,4.285714,4.000000,5.000000,5.000000;5.000000;4.000000;4.000000;4.000000;4.000000;4.000000,12,nan,0,5.000000;5.000000;5.000000;5.000000;5.000000;5.000000,0.104309;0.098549;0.109749;0.120949;0.132149;0.143349,5.000000;5.000000;5.000000;5.000000;5.000000;5.000000,0,0,0,0,0,0,0,0,0,0,0,0,0,0,0,0,0,0,0,0,0,0,0,0,0,0,0,0,graph_0005__pathPersistency_0.0000,pathPersistency,0.0,graph_0005,epoch_0002
trace,olsr,0.377213,0.377152,1364,1390,105,327,499,0.500000,0.025816,74.190564,360,180,10,0,0,266,1.000000,327,21548,1.816667,119.711111,0.500000,4.285714,4.000000,5.000000,5.000000;5.000000;4.000000;4.000000;4.000000;4.000000;4.000000,12,nan,0,5.000000;5.000000;5.000000;5.000000;5.000000;5.000000,0.095333;0.089573;0.100773;0.111973;0.123173;0.134373,5.000000;5.000000;5.000000;5.000000;5.000000;5.000000,228,13696,99,7852,0,0,0,0,0,0,0,0,0,0,0,0,0,0,0,0,0,0,0,0,0,0,0,0,graph_0005__pathPersistency_0.7500,pathPersistency,0.75,graph_0005,epoch_0001
trace,aodv,0.420686,0.420536,1965,2171,105,640,868,0.738889,0.037227,78.749398,360,266,16,56,0,257,1.477778,640,30672,2.406015,115.308271,0.500000,4.285714,4.000000,5.000000,5.000000;5.000000;4.000000;4.000000;4.000000;4.000000;4.000000,12,nan,0,5.000000;5.000000;5.000000;5.000000;5.000000;5.000000,4.476148;0.089573;0.100773;0.111973;0.479878;0.134373,5.000000;5.000000;5.000000;5.000000;5.000000;5.000000,0,0,0,0,0,0,0,0,0,0,483,23184,68,3536,44,2112,41,1720,4,120,0,0,0,0,0,0,0,0,graph_0005__pathPersistency_0.7500,pathPersistency,0.75,graph_0005,epoch_0001
trace,static,0.175625,0.175615,866,674,105,0,0,0.466667,0.023423,73.106717,360,168,0,0,0,44,0.933333,0,0,0.000000,0.000000,0.500000,4.285714,4.000000,5.000000,5.000000;5.000000;4.000000;4.000000;4.000000;4.000000;4.000000,12,nan,0,5.000000;5.000000;5.000000;5.000000;5.000000;5.000000,0.104309;0.098549;0.109749;0.120949;0.132149;0.143349,5.000000;5.000000;5.000000;5.000000;5.000000;5.000000,0,0,0,0,0,0,0,0,0,0,0,0,0,0,0,0,0,0,0,0,0,0,0,0,0,0,0,0,graph_0005__pathPersistency_0.7500,pathPersistency,0.75,graph_0005,epoch_0001
trace,olsr,0.378487,0.378465,1405,1430,105,324,494,0.530556,0.026630,75.241193,360,191,11,0,0,275,1.061111,324,21380,1.696335,111.937173,0.500000,4.285714,4.000000,5.000000,5.000000;5.000000;4.000000;4.000000;4.000000;4.000000;4.000000,12,nan,0,5.000000;5.000000;5.000000;5.000000;5.000000;5.000000,0.095333;0.089573;0.100773;0.111973;0.123173;0.134373,5.000000;5.000000;5.000000;5.000000;5.000000;5.000000,228,13696,96,7684,0,0,0,0,0,0,0,0,0,0,0,0,0,0,0,0,0,0,0,0,0,0,0,0,graph_0005__pathPersistency_0.7500,pathPersistency,0.75,graph_0005,epoch_0003
trace,aodv,0.416708,0.416562,1950,2138,105,624,841,0.741667,0.037377,78.725943,360,267,8,56,0,283,1.483333,624,30024,2.337079,112.449438,0.500000,4.285714,4.000000,5.000000,5.000000;5.000000;4.000000;4.000000;4.000000;4.000000;4.000000,12,nan,0,5.000000;5.000000;5.000000;5.000000;5.000000;5.000000,4.455713;0.089573;0.100773;0.111973;0.001163;0.134373,5.000000;5.000000;5.000000;5.000000;5.000000;5.000000,0,0,0,0,0,0,0,0,0,0,488,23424,64,3328,44,2112,24,1040,4,120,0,0,0,0,0,0,0,0,graph_0005__pathPersistency_0.7500,pathPersistency,0.75,graph_0005,epoch_0003
trace,static,0.172573,0.172562,866,674,105,0,0,0.466667,0.023423,73.106722,360,168,0,0,0,44,0.933333,0,0,0.000000,0.000000,0.500000,4.285714,4.000000,5.000000,5.000000;5.000000;4.000000;4.000000;4.000000;4.000000;4.000000,12,nan,0,5.000000;5.000000;5.000000;5.000000;5.000000;5.000000,0.104309;0.098549;0.109749;0.120949;0.132149;0.143349,5.000000;5.000000;5.000000;5.000000;5.000000;5.000000,0,0,0,0,0,0,0,0,0,0,0,0,0,0,0,0,0,0,0,0,0,0,0,0,0,0,0,0,graph_0005__pathPersistency_0.7500,pathPersistency,0.75,graph_0005,epoch_0003
trace,olsr,0.401736,0.401659,1475,1497,105,328,501,0.566667,0.028438,73.397073,360,204,5,0,0,288,1.133333,328,21616,1.607843,105.960784,0.500000,4.285714,4.000000,5.000000,5.000000;5.000000;4.000000;4.000000;4.000000;4.000000;4.000000,12,nan,0,5.000000;5.000000;5.000000;5.000000;5.000000;5.000000,0.095333;0.089573;0.100773;0.111973;0.123173;0.134373,5.000000;5.000000;5.000000;5.000000;5.000000;5.000000,229,13760,99,7856,0,0,0,0,0,0,0,0,0,0,0,0,0,0,0,0,0,0,0,0,0,0,0,0,graph_0005__pathPersistency_0.7500,pathPersistency,0.75,graph_0005,epoch_0004
trace,aodv,0.419273,0.419250,1956,2155,105,633,855,0.738889,0.037229,79.158457,360,266,15,56,0,259,1.477778,633,30366,2.379699,114.157895,0.500000,4.285714,4.000000,5.000000,5.000000;5.000000;4.000000;4.000000;4.000000;4.000000;4.000000,12,nan,0,5.000000;5.000000;5.000000;5.000000;5.000000;5.000000,4.457881;0.282278;0.100773;0.111973;0.123173;0.134373,5.000000;5.000000;5.000000;5.000000;5.000000;5.000000,0,0,0,0,0,0,0,0,0,0,482,23136,68,3536,44,2112,34,1432,5,150,0,0,0,0,0,0,0,0,graph_0005__pathPersistency_0.7500,pathPersistency,0.75,graph_0005,epoch_0004
trace,static,0.186212,0.186199,866,674,105,0,0,0.466667,0.023420,73.106670,360,168,0,0,0,44,0.933333,0,0,0.000000,0.000000,0.500000,4.285714,4.000000,5.000000,5.000000;5.000000;4.000000;4.000000;4.000000;4.000000;4.000000,12,nan,0,5.000000;5.000000;5.000000;5.000000;5.000000;5.000000,0.104309;0.098549;0.109749;0.120949;0.132149;0.143349,5.000000;5.000000;5.000000;5.000000;5.000000;5.000000,0,0,0,0,0,0,0,0,0,0,0,0,0,0,0,0,0,0,0,0,0,0,0,0,0,0,0,0,graph_0005__pathPersistency_0.7500,pathPersistency,0.75,graph_0005,epoch_0004
trace,olsr,0.381819,0.381783,1427,1448,105,328,500,0.536111,0.027842,72.306175,360,193,4,0,0,286,1.072222,328,21640,1.699482,112.124352,0.500000,4.285714,4.000000,5.000000,5.000000;5.000000;4.000000;4.000000;4.000000;4.000000;4.000000,12,nan,0,5.000000;5.000000;5.000000;5.000000;5.000000;5.000000,0.095333;0.089573;0.100773;0.111973;0.287013;0.134373,5.000000;5.000000;5.000000;5.000000;5.000000;5.000000,229,13760,99,7880,0,0,0,0,0,0,0,0,0,0,0,0,0,0,0,0,0,0,0,0,0,0,0,0,graph_0005__pathPersistency_0.7500,pathPersistency,0.75,graph_0005,epoch_0005
trace,aodv,0.419899,0.419871,1973,2164,105,664,879,0.722222,0.036397,79.169264,360,260,20,56,0,298,1.444444,664,31792,2.553846,122.276923,0.500000,4.285714,4.000000,5.000000,5.000000;5.000000;4.000000;4.000000;4.000000;4.000000;4.000000,12,nan,0,5.000000;5.000000;5.000000;5.000000;5.000000;5.000000,4.460140;0.277337;0.100773;1.277341;0.123173;0.134373,5.000000;5.000000;5.000000;5.000000;5.000000;5.000000,0,0,0,0,0,0,0,0,0,0,477,22896,77,4004,58,2784,46,1928,6,180,0,0,0,0,0,0,0,0,graph_0005__pathPersistency_0.7500,pathPersistency,0.75,graph_0005,epoch_0005
trace,static,0.170792,0.170667,866,674,105,0,0,0.466667,0.023424,73.106741,360,168,0,0,0,44,0.933333,0,0,0.000000,0.000000,0.500000,4.285714,4.000000,5.000000,5.000000;5.000000;4.000000;4.000000;4.000000;4.000000;4.000000,12,nan,0,5.000000;5.000000;5.000000;5.000000;5.000000;5.000000,0.104309;0.098549;0.109749;0.120949;0.132149;0.143349,5.000000;5.000000;5.000000;5.000000;5.000000;5.000000,0,0,0,0,0,0,0,0,0,0,0,0,0,0,0,0,0,0,0,0,0,0,0,0,0,0,0,0,graph_0005__pathPersistency_0.7500,pathPersistency,0.75,graph_0005,epoch_0005
trace,olsr,0.370298,0.370266,1353,1405,105,328,505,0.511111,0.025650,75.528491,360,184,14,0,0,245,1.022222,328,21520,1.782609,116.956522,0.500000,4.285714,4.000000,5.000000,5.000000;5.000000;4.000000;4.000000;4.000000;4.000000;4.000000,12,nan,0,5.000000;5.000000;5.000000;5.000000;5.000000;5.000000,0.095333;0.089573;0.100773;0.111973;0.123173;0.134373,5.000000;5.000000;5.000000;5.000000;5.000000;5.000000,229,13760,99,7760,0,0,0,0,0,0,0,0,0,0,0,0,0,0,0,0,0,0,0,0,0,0,0,0,graph_0005__pathPersistency_0.7500,pathPersistency,0.75,graph_0005,epoch_0002
trace,aodv,0.420788,0.420660,1961,2155,105,639,862,0.730556,0.036809,78.633089,360,263,12,56,0,299,1.461111,639,30736,2.429658,116.866920,0.500000,4.285714,4.000000,5.000000,5.000000;5.000000;4.000000;4.000000;4.000000;4.000000;4.000000,12,nan,0,5.000000;5.000000;5.000000;5.000000;5.000000;5.000000,4.462658;0.089573;0.100773;0.111973;0.968285;0.134373,5.000000;5.000000;5.000000;5.000000;5.000000;5.000000,0,0,0,0,0,0,0,0,0,0,481,23088,76,3952,49,2352,29,1224,4,120,0,0,0,0,0,0,0,0,graph_0005__pathPersistency_0.7500,pathPersistency,0.75,graph_0005,epoch_0002
trace,static,0.173581,0.173567,866,674,105,0,0,0.466667,0.023419,73.106659,360,168,0,0,0,44,0.933333,0,0,0.000000,0.000000,0.500000,4.285714,4.000000,5.000000,5.000000;5.000000;4.000000;4.000000;4.000000;4.000000;4.000000,12,nan,0,5.000000;5.000000;5.000000;5.000000;5.000000;5.000000,0.104309;0.098549;0.109749;0.120949;0.132149;0.143349,5.000000;5.000000;5.000000;5.000000;5.000000;5.000000,0,0,0,0,0,0,0,0,0,0,0,0,0,0,0,0,0,0,0,0,0,0,0,0,0,0,0,0,graph_0005__pathPersistency_0.7500,pathPersistency,0.75,graph_0005,epoch_0002
trace,olsr,0.356693,0.356669,1306,1326,105,325,496,0.402778,0.020215,77.813622,360,145,34,0,0,249,0.805556,325,21388,2.241379,147.503448,0.500000,4.285714,4.000000,5.000000,5.000000;5.000000;4.000000;4.000000;4.000000;4.000000;4.000000,12,nan,0,5.000000;5.000000;5.000000;5.000000;5.000000;5.000000,0.095333;3.211239;1.584039;0.111973;0.123173;0.134373,5.000000;5.000000;5.000000;5.000000;5.000000;5.000000,229,13760,96,7628,0,0,0,0,0,0,0,0,0,0,0,0,0,0,0,0,0,0,0,0,0,0,0,0,graph_0002__pathPersistency_0.2500,pathPersistency,0.25,graph_0002,epoch_0001
trace,aodv,0.419337,0.419316,1972,2178,105,618,846,0.769444,0.038772,73.094273,360,277,5,56,0,253,1.538889,618,29696,2.231047,107.205776,0.500000,4.285714,4.000000,5.000000,5.000000;5.000000;4.000000;4.000000;4.000000;4.000000;4.000000,12,nan,0,5.000000;5.000000;5.000000;5.000000;5.000000;5.000000,0.095333;0.089573;0.100773;0.111973;nan;0.000108,5.000000;5.000000;5.000000;5.000000;5.000000;5.000000,0,0,0,0,0,0,0,0,0,0,490,23520,62,3224,37,1776,25,1056,4,120,0,0,0,0,0,0,0,0,graph_0002__pathPersistency_0.2500,pathPersistency,0.25,graph_0002,epoch_0001
trace,static,0.171387,0.171365,869,677,105,0,0,0.466667,0.023422,73.106698,360,168,0,0,0,45,0.933333,0,0,0.000000,0.000000,0.500000,4.285714,4.000000,5.000000,5.000000;5.000000;4.000000;4.000000;4.000000;4.000000;4.000000,12,nan,0,5.000000;5.000000;5.000000;5.000000;5.000000;5.000000,0.104309;0.098549;0.109749;0.120949;0.132149;0.143349,5.000000;5.000000;5.000000;5.000000;5.000000;5.000000,0,0,0,0,0,0,0,0,0,0,0,0,0,0,0,0,0,0,0,0,0,0,0,0,0,0,0,0,graph_0002__pathPersistency_0.2500,pathPersistency,0.25,graph_0002,epoch_0001
trace,olsr,0.410899,0.410864,1499,1520,105,329,506,0.566667,0.028441,74.169102,360,204,0,0,0,251,1.133333,329,21648,1.612745,106.117647,0.500000,4.285714,4.000000,5.000000,5.000000;5.000000;4.000000;4.000000;4.000000;4.000000;4.000000,12,nan,0,5.000000;5.000000;5.000000;5.000000;5.000000;5.000000,0.095333;0.089573;0.100773;0.111973;0.123173;0.134373,5.000000;5.000000;5.000000;5.000000;5.000000;5.000000,230,13824,99,7824,0,0,0,0,0,0,0,0,0,0,0,0,0,0,0,0,0,0,0,0,0,0,0,0,graph_0002__pathPersistency_0.2500,pathPersistency,0.25,graph_0002,epoch_0003
trace,aodv,0.419567,0.419554,1971,2155,105,617,823,0.769444,0.038765,73.090724,360,277,5,56,0,271,1.538889,617,29678,2.227437,107.140794,0.500000,4.285714,4.000000,5.000000,5.000000;5.000000;4.000000;4.000000;4.000000;4.000000;4.000000,12,nan,0,5.000000;5.000000;5.000000;5.000000;5.000000;5.000000,0.095333;0.089573;0.100773;0.111973;nan;0.000075,5.000000;5.000000;5.000000;5.000000;5.000000;5.000000,0,0,0,0,0,0,0,0,0,0,490,23520,63,3276,37,1776,24,1016,3,90,0,0,0,0,0,0,0,0,graph_0002__pathPersistency_0.2500,pathPersistency,0.25,graph_0002,epoch_0003
trace,static,0.172958,0.172956,869,677,105,0,0,0.466667,0.023418,73.106646,360,168,0,0,0,45,0.933333,0,0,0.000000,0.000000,0.500000,4.285714,4.000000,5.000000,5.000000;5.000000;4.000000;4.000000;4.000000;4.000000;4.000000,12,nan,0,5.000000;5.000000;5.000000;5.000000;5.000000;5.000000,0.104309;0.098549;0.109749;0.120949;0.132149;0.143349,5.000000;5.000000;5.000000;5.000000;5.000000;5.000000,0,0,0,0,0,0,0,0,0,0,0,0,0,0,0,0,0,0,0,0,0,0,0,0,0,0,0,0,graph_0002__pathPersistency_0.2500,pathPersistency,0.25,graph_0002,epoch_0003
trace,olsr,0.405021,0.404702,1459,1477,105,324,497,0.508333,0.025514,75.909515,360,183,22,0,0,260,1.016667,324,21512,1.770492,117.551913,0.500000,4.285714,4.000000,5.000000,5.000000;5.000000;4.000000;4.000000;4.000000;4.000000;4.000000,12,nan,0,5.000000;5.000000;5.000000;5.000000;5.000000;5.000000,0.095333;0.089573;0.100773;0.111973;0.123173;0.134373,5.000000;5.000000;5.000000;5.000000;5.000000;5.000000,225,13504,99,8008,0,0,0,0,0,0,0,0,0,0,0,0,0,0,0,0,0,0,0,0,0,0,0,0,graph_0002__pathPersistency_0.2500,pathPersistency,0.25,graph_0002,epoch_0004
trace,aodv,0.421179,0.420817,1970,2178,105,611,841,0.772222,0.038917,73.051653,360,278,4,56,0,251,1.544444,611,29388,2.197842,105.712230,0.500000,4.285714,4.000000,5.000000,5.000000;5.000000;4.000000;4.000000;4.000000;4.000000;4.000000,12,nan,0,5.000000;5.000000;5.000000;5.000000;5.000000;5.000000,0.095333;0.089573;0.100773;0.111973;nan;0.000541,5.000000;5.000000;5.000000;5.000000;5.000000;5.000000,0,0,0,0,0,0,0,0,0,0,488,23424,60,3120,36,1728,25,1056,2,60,0,0,0,0,0,0,0,0,graph_0002__pathPersistency_0.2500,pathPersistency,0.25,graph_0002,epoch_0004
trace,static,0.172882,0.172631,869,677,105,0,0,0.466667,0.023423,73.106717,360,168,0,0,0,45,0.933333,0,0,0.000000,0.000000,0.500000,4.285714,4.000000,5.000000,5.000000;5.000000;4.000000;4.000000;4.000000;4.000000;4.000000,12,nan,0,5.000000;5.000000;5.000000;5.000000;5.000000;5.000000,0.104309;0.098549;0.109749;0.120949;0.132149;0.143349,5.000000;5.000000;5.000000;5.000000;5.000000;5.000000,0,0,0,0,0,0,0,0,0,0,0,0,0,0,0,0,0,0,0,0,0,0,0,0,0,0,0,0,graph_0002__pathPersistency_0.2500,pathPersistency,0.25,graph_0002,epoch_0004
trace,olsr,0.427120,0.427038,1495,1520,105,327,508,0.561111,0.028164,74.365089,360,202,2,0,0,254,1.122222,327,21536,1.618812,106.613861,0.500000,4.285714,4.000000,5.000000,5.000000;5.000000;4.000000;4.000000;4.000000;4.000000;4.000000,12,nan,0,5.000000;5.000000;5.000000;5.000000;5.000000;5.000000,0.095333;0.089573;0.100773;0.111973;0.123173;0.134373,5.000000;5.000000;5.000000;5.000000;5.000000;5.000000,229,13760,98,7776,0,0,0,0,0,0,0,0,0,0,0,0,0,0,0,0,0,0,0,0,0,0,0,0,graph_0002__pathPersistency_0.2500,pathPersistency,0.25,graph_0002,epoch_0005
trace,aodv,0.420403,0.420366,1973,2182,105,618,849,0.769444,0.038783,73.093359,360,277,5,56,0,256,1.538889,618,29696,2.231047,107.205776,0.500000,4.285714,4.000000,5.000000,5.000000;5.000000;4.000000;4.000000;4.000000;4.000000;4.000000,12,nan,0,5.000000;5.000000;5.000000;5.000000;5.000000;5.000000,0.095333;0.089573;0.100773;0.111973;nan;0.001281,5.000000;5.000000;5.000000;5.000000;5.000000;5.000000,0,0,0,0,0,0,0,0,0,0,490,23520,62,3224,37,1776,25,1056,4,120,0,0,0,0,0,0,0,0,graph_0002__pathPersistency_0.2500,pathPersistency,0.25,graph_0002,epoch_0005
trace,static,0.174343,0.174329,869,677,105,0,0,0.466667,0.023423,73.106722,360,168,0,0,0,45,0.933333,0,0,0.000000,0.000000,0.500000,4.285714,4.000000,5.000000,5.000000;5.000000;4.000000;4.000000;4.000000;4.000000;4.000000,12,nan,0,5.000000;5.000000;5.000000;5.000000;5.000000;5.000000,0.104309;0.098549;0.109749;0.120949;0.132149;0.143349,5.000000;5.000000;5.000000;5.000000;5.000000;5.000000,0,0,0,0,0,0,0,0,0,0,0,0,0,0,0,0,0,0,0,0,0,0,0,0,0,0,0,0,graph_0002__pathPersistency_0.2500,pathPersistency,0.25,graph_0002,epoch_0005
trace,olsr,0.419697,0.419648,1488,1503,105,327,497,0.561111,0.028163,74.246921,360,202,2,0,0,253,1.122222,327,21608,1.618812,106.970297,0.500000,4.285714,4.000000,5.000000,5.000000;5.000000;4.000000;4.000000;4.000000;4.000000;4.000000,12,nan,0,5.000000;5.000000;5.000000;5.000000;5.000000;5.000000,0.095333;0.089573;0.100773;0.111973;0.287013;0.134373,5.000000;5.000000;5.000000;5.000000;5.000000;5.000000,225,13504,102,8104,0,0,0,0,0,0,0,0,0,0,0,0,0,0,0,0,0,0,0,0,0,0,0,0,graph_0002__pathPersistency_0.2500,pathPersistency,0.25,graph_0002,epoch_0002
trace,aodv,0.420677,0.420659,1971,2164,105,616,831,0.769444,0.038768,73.091510,360,277,5,56,0,255,1.538889,616,29616,2.223827,106.916968,0.500000,4.285714,4.000000,5.000000,5.000000;5.000000;4.000000;4.000000;4.000000;4.000000;4.000000,12,nan,0,5.000000;5.000000;5.000000;5.000000;5.000000;5.000000,0.095333;0.089573;0.100773;0.111973;nan;0.000187,5.000000;5.000000;5.000000;5.000000;5.000000;5.000000,0,0,0,0,0,0,0,0,0,0,490,23520,62,3224,37,1776,23,976,4,120,0,0,0,0,0,0,0,0,graph_0002__pathPersistency_0.2500,pathPersistency,0.25,graph_0002,epoch_0002
trace,static,0.178400,0.178398,869,677,105,0,0,0.466667,0.023422,73.106705,360,168,0,0,0,45,0.933333,0,0,0.000000,0.000000,0.500000,4.285714,4.000000,5.000000,5.000000;5.000000;4.000000;4.000000;4.000000;4.000000;4.000000,12,nan,0,5.000000;5.000000;5.000000;5.000000;5.000000;5.000000,0.104309;0.098549;0.109749;0.120949;0.132149;0.143349,5.000000;5.000000;5.000000;5.000000;5.000000;5.000000,0,0,0,0,0,0,0,0,0,0,0,0,0,0,0,0,0,0,0,0,0,0,0,0,0,0,0,0,graph_0002__pathPersistency_0.2500,pathPersistency,0.25,graph_0002,epoch_0002
trace,olsr,0.316602,0.316564,1195,1251,105,326,493,0.275000,0.016038,63.953054,360,99,88,0,0,270,0.550000,326,21480,3.292929,216.969697,0.500000,4.285714,4.000000,5.000000,5.000000;5.000000;4.000000;4.000000;4.000000;4.000000;4.000000,12,nan,0,5.000000;5.000000;5.000000;5.000000;5.000000;5.000000,0.095333;0.089573;0.100773;nan;3.572519;nan,5.000000;5.000000;5.000000;5.000000;5.000000;5.000000,227,13632,99,7848,0,0,0,0,0,0,0,0,0,0,0,0,0,0,0,0,0,0,0,0,0,0,0,0,graph_0004__pathPersistency_0.0000,pathPersistency,0.0,graph_0004,epoch_0001
trace,aodv,0.433801,0.433768,2058,2246,105,717,942,0.700000,0.035272,73.396506,360,252,15,56,0,356,1.400000,717,34272,2.845238,136.000000,0.500000,4.285714,4.000000,5.000000,5.000000;5.000000;4.000000;4.000000;4.000000;4.000000;4.000000,12,nan,0,5.000000;5.000000;5.000000;5.000000;5.000000;5.000000,0.095333;0.089573;0.100773;1.277481;nan;0.134373,5.000000;5.000000;5.000000;5.000000;5.000000;5.000000,0,0,0,0,0,0,0,0,0,0,470,22560,105,5460,67,3216,69,2856,6,180,0,0,0,0,0,0,0,0,graph_0004__pathPersistency_0.0000,pathPersistency,0.0,graph_0004,epoch_0001
trace,static,0.172269,0.172247,870,678,105,0,0,0.466667,0.023421,73.106687,360,168,0,0,0,46,0.933333,0,0,0.000000,0.000000,0.500000,4.285714,4.000000,5.000000,5.000000;5.000000;4.000000;4.000000;4.000000;4.000000;4.000000,12,nan,0,5.000000;5.000000;5.000000;5.000000;5.000000;5.000000,0.104309;0.098549;0.109749;0.120949;0.132149;0.143349,5.000000;5.000000;5.000000;5.000000;5.000000;5.000000,0,0,0,0,0,0,0,0,0,0,0,0,0,0,0,0,0,0,0,0,0,0,0,0,0,0,0,0,graph_0004__pathPersistency_0.0000,pathPersistency,0.0,graph_0004,epoch_0001
trace,olsr,0.403006,0.402969,1513,1554,105,331,510,0.541667,0.027187,75.046242,360,195,25,0,0,332,1.083333,331,21724,1.697436,111.405128,0.500000,4.285714,4.000000,5.000000,5.000000;5.000000;4.000000;4.000000;4.000000;4.000000;4.000000,12,nan,0,5.000000;5.000000;5.000000;5.000000;5.000000;5.000000,0.095333;3.366373;0.100773;0.111973;0.123173;0.134373,5.000000;5.000000;5.000000;5.000000;5.000000;5.000000,227,13632,104,8092,0,0,0,0,0,0,0,0,0,0,0,0,0,0,0,0,0,0,0,0,0,0,0,0,graph_0004__pathPersistency_0.0000,pathPersistency,0.0,graph_0004,epoch_0003
trace,aodv,0.428459,0.428439,2029,2234,105,681,919,0.716667,0.036121,73.192271,360,258,13,56,0,284,1.433333,681,32664,2.639535,126.604651,0.500000,4.285714,4.000000,5.000000,5.000000;5.000000;4.000000;4.000000;4.000000;4.000000;4.000000,12,nan,0,5.000000;5.000000;5.000000;5.000000;5.000000;5.000000,0.095333;0.089573;0.100773;1.284232;nan;0.000713,5.000000;5.000000;5.000000;5.000000;5.000000;5.000000,0,0,0,0,0,0,0,0,0,0,472,22656,95,4940,61,2928,47,1960,6,180,0,0,0,0,0,0,0,0,graph_0004__pathPersistency_0.0000,pathPersistency,0.0,graph_0004,epoch_0003
trace,static,0.172914,0.172912,870,678,105,0,0,0.466667,0.023422,73.106706,360,168,0,0,0,46,0.933333,0,0,0.000000,0.000000,0.500000,4.285714,4.000000,5.000000,5.000000;5.000000;4.000000;4.000000;4.000000;4.000000;4.000000,12,nan,0,5.000000;5.000000;5.000000;5.000000;5.000000;5.000000,0.104309;0.098549;0.109749;0.120949;0.132149;0.143349,5.000000;5.000000;5.000000;5.000000;5.000000;5.000000,0,0,0,0,0,0,0,0,0,0,0,0,0,0,0,0,0,0,0,0,0,0,0,0,0,0,0,0,graph_0004__pathPersistency_0.0000,pathPersistency,0.0,graph_0004,epoch_0003
trace,olsr,0.410007,0.409966,1518,1553,105,328,500,0.550000,0.027604,72.831156,360,198,25,0,0,339,1.100000,328,21688,1.656566,109.535354,0.500000,4.285714,4.000000,5.000000,5.000000;5.000000;4.000000;4.000000;4.000000;4.000000;4.000000,12,nan,0,5.000000;5.000000;5.000000;5.000000;5.000000;5.000000,0.095333;0.089573;0.100773;3.388773;0.123173;0.134373,5.000000;5.000000;5.000000;5.000000;5.000000;5.000000,229,13760,99,7928,0,0,0,0,0,0,0,0,0,0,0,0,0,0,0,0,0,0,0,0,0,0,0,0,graph_0004__pathPersistency_0.0000,pathPersistency,0.0,graph_0004,epoch_0004
trace,aodv,0.382119,0.382093,1843,2065,105,651,895,0.627778,0.031630,74.075940,360,226,0,112,0,268,1.255556,651,31424,2.880531,139.044248,0.500000,4.285714,4.000000,5.000000,5.000000;5.000000;4.000000;4.000000;4.000000;4.000000;4.000000,12,nan,0,5.000000;5.000000;5.000000;5.000000;5.000000;5.000000,0.095333;nan;0.100773;1.460357;nan;0.134373,5.000000;5.000000;5.000000;5.000000;5.000000;5.000000,0,0,0,0,0,0,0,0,0,0,470,22560,95,4940,55,2640,25,1104,6,180,0,0,0,0,0,0,0,0,graph_0004__pathPersistency_0.0000,pathPersistency,0.0,graph_0004,epoch_0004
trace,static,0.182323,0.182321,870,678,105,0,0,0.466667,0.023422,73.106698,360,168,0,0,0,46,0.933333,0,0,0.000000,0.000000,0.500000,4.285714,4.000000,5.000000,5.000000;5.000000;4.000000;4.000000;4.000000;4.000000;4.000000,12,nan,0,5.000000;5.000000;5.000000;5.000000;5.000000;5.000000,0.104309;0.098549;0.109749;0.120949;0.132149;0.143349,5.000000;5.000000;5.000000;5.000000;5.000000;5.000000,0,0,0,0,0,0,0,0,0,0,0,0,0,0,0,0,0,0,0,0,0,0,0,0,0,0,0,0,graph_0004__pathPersistency_0.0000,pathPersistency,0.0,graph_0004,epoch_0004
trace,olsr,0.344560,0.344525,1270,1317,105,330,503,0.397222,0.021260,71.262799,360,143,30,0,0,269,0.794444,330,21608,2.307692,151.104895,0.500000,4.285714,4.000000,5.000000,5.000000;5.000000;4.000000;4.000000;4.000000;4.000000;4.000000,12,nan,0,5.000000;5.000000;5.000000;5.000000;5.000000;5.000000,0.095333;nan;1.247653;0.111973;0.123173;nan,5.000000;5.000000;5.000000;5.000000;5.000000;5.000000,229,13760,101,7848,0,0,0,0,0,0,0,0,0,0,0,0,0,0,0,0,0,0,0,0,0,0,0,0,graph_0004__pathPersistency_0.0000,pathPersistency,0.0,graph_0004,epoch_0005
trace,aodv,0.429321,0.429291,2039,2251,105,703,948,0.705556,0.035547,73.326232,360,254,17,56,0,277,1.411111,703,33686,2.767717,132.622047,0.500000,4.285714,4.000000,5.000000,5.000000;5.000000;4.000000;4.000000;4.000000;4.000000;4.000000,12,nan,0,5.000000;5.000000;5.000000;5.000000;5.000000;5.000000,0.095333;0.089573;0.100773;1.277983;nan;0.000606,5.000000;5.000000;5.000000;5.000000;5.000000;5.000000,0,0,0,0,0,0,0,0,0,0,470,22560,103,5356,70,3360,53,2200,7,210,0,0,0,0,0,0,0,0,graph_0004__pathPersistency_0.0000,pathPersistency,0.0,graph_0004,epoch_0005
trace,static,0.172000,0.171991,870,678,105,0,0,0.466667,0.023418,73.106646,360,168,0,0,0,46,0.933333,0,0,0.000000,0.000000,0.500000,4.285714,4.000000,5.000000,5.000000;5.000000;4.000000;4.000000;4.000000;4.000000;4.000000,12,nan,0,5.000000;5.000000;5.000000;5.000000;5.000000;5.000000,0.104309;0.098549;0.109749;0.120949;0.132149;0.143349,5.000000;5.000000;5.000000;5.000000;5.000000;5.000000,0,0,0,0,0,0,0,0,0,0,0,0,0,0,0,0,0,0,0,0,0,0,0,0,0,0,0,0,graph_0004__pathPersistency_0.0000,pathPersistency,0.0,graph_0004,epoch_0005
trace,olsr,0.401005,0.400657,1491,1535,105,330,512,0.497222,0.024955,76.497989,360,179,43,0,0,321,0.994444,330,21788,1.843575,121.720670,0.500000,4.285714,4.000000,5.000000,5.000000;5.000000;4.000000;4.000000;4.000000;4.000000;4.000000,12,nan,0,5.000000;5.000000;5.000000;5.000000;5.000000;5.000000,0.095333;0.089573;0.100773;0.111973;0.123173;0.134373,5.000000;5.000000;5.000000;5.000000;5.000000;5.000000,229,13760,101,8028,0,0,0,0,0,0,0,0,0,0,0,0,0,0,0,0,0,0,0,0,0,0,0,0,graph_0004__pathPersistency_0.0000,pathPersistency,0.0,graph_0004,epoch_0002
trace,aodv,0.427012,0.426667,2015,2233,105,708,946,0.705556,0.036150,73.771151,360,254,30,56,0,337,1.411111,708,33802,2.787402,133.078740,0.500000,4.285714,4.000000,5.000000,5.000000;5.000000;4.000000;4.000000;4.000000;4.000000;4.000000,12,nan,0,5.000000;5.000000;5.000000;5.000000;5.000000;5.000000,0.095333;0.089573;0.100773;1.280717;nan;0.001037,5.000000;5.000000;5.000000;5.000000;5.000000;5.000000,0,0,0,0,0,0,0,0,0,0,470,22560,99,5148,61,2928,73,3016,5,150,0,0,0,0,0,0,0,0,graph_0004__pathPersistency_0.0000,pathPersistency,0.0,graph_0004,epoch_0002
trace,static,0.173829,0.173707,870,678,105,0,0,0.466667,0.023422,73.106698,360,168,0,0,0,46,0.933333,0,0,0.000000,0.000000,0.500000,4.285714,4.000000,5.000000,5.000000;5.000000;4.000000;4.000000;4.000000;4.000000;4.000000,12,nan,0,5.000000;5.000000;5.000000;5.000000;5.000000;5.000000,0.104309;0.098549;0.109749;0.120949;0.132149;0.143349,5.000000;5.000000;5.000000;5.000000;5.000000;5.000000,0,0,0,0,0,0,0,0,0,0,0,0,0,0,0,0,0,0,0,0,0,0,0,0,0,0,0,0,graph_0004__pathPersistency_0.0000,pathPersistency,0.0,graph_0004,epoch_0002
trace,olsr,0.327189,0.326883,1245,1299,105,328,506,0.427778,0.021470,67.870043,360,154,21,0,0,191,0.855556,328,21604,2.129870,140.285714,0.500000,4.285714,4.000000,5.000000,5.000000;5.000000;4.000000;4.000000;4.000000;4.000000;4.000000,12,nan,0,5.000000;5.000000;5.000000;5.000000;5.000000;5.000000,0.095333;0.089573;0.100773;nan;3.572519;0.134373,5.000000;5.000000;5.000000;5.000000;5.000000;5.000000,228,13696,100,7908,0,0,0,0,0,0,0,0,0,0,0,0,0,0,0,0,0,0,0,0,0,0,0,0,graph_0002__pathPersistency_0.5000,pathPersistency,0.5,graph_0002,epoch_0001
trace,aodv,0.423635,0.423222,1992,2176,105,679,912,0.644444,0.032473,77.740478,360,232,23,56,0,318,1.288889,679,32328,2.926724,139.344828,0.500000,4.285714,4.000000,5.000000,5.000000;5.000000;4.000000;4.000000;4.000000;4.000000;4.000000,12,nan,0,5.000000;5.000000;5.000000;5.000000;5.000000;5.000000,4.462988;0.458737;0.100773;0.111973;0.475284;0.134373,5.000000;5.000000;5.000000;5.000000;5.000000;5.000000,0,0,0,0,0,0,0,0,0,0,482,23136,75,3900,52,2496,64,2616,6,180,0,0,0,0,0,0,0,0,graph_0002__pathPersistency_0.5000,pathPersistency,0.5,graph_0002,epoch_0001
trace,static,0.173470,0.173174,870,678,105,0,0,0.466667,0.023422,73.106696,360,168,0,0,0,45,0.933333,0,0,0.000000,0.000000,0.500000,4.285714,4.000000,5.000000,5.000000;5.000000;4.000000;4.000000;4.000000;4.000000;4.000000,12,nan,0,5.000000;5.000000;5.000000;5.000000;5.000000;5.000000,0.104309;0.098279;0.109749;0.120949;0.132149;0.143349,5.000000;5.000000;5.000000;5.000000;5.000000;5.000000,0,0,0,0,0,0,0,0,0,0,0,0,0,0,0,0,0,0,0,0,0,0,0,0,0,0,0,0,graph_0002__pathPersistency_0.5000,pathPersistency,0.5,graph_0002,epoch_0001
trace,olsr,0.389851,0.389770,1462,1492,105,327,504,0.577778,0.028999,73.293085,360,208,3,0,0,232,1.155556,327,21512,1.572115,103.423077,0.500000,4.285714,4.000000,5.000000,5.000000;5.000000;4.000000;4.000000;4.000000;4.000000;4.000000,12,nan,0,5.000000;5.000000;5.000000;5.000000;5.000000;5.000000,0.095333;0.089573;0.100773;0.111973;0.123173;0.134373,5.000000;5.000000;5.000000;5.000000;5.000000;5.000000,230,13824,97,7688,0,0,0,0,0,0,0,0,0,0,0,0,0,0,0,0,0,0,0,0,0,0,0,0,graph_0002__pathPersistency_0.5000,pathPersistency,0.5,graph_0002,epoch_0003
trace,aodv,0.374924,0.374910,1851,2024,105,664,880,0.550000,0.027709,76.049849,360,198,7,112,0,360,1.100000,664,31836,3.353535,160.787879,0.500000,4.285714,4.000000,5.000000,5.000000;5.000000;4.000000;4.000000;4.000000;4.000000;4.000000,12,nan,0,5.000000;5.000000;5.000000;5.000000;5.000000;5.000000,4.448768;0.444842;0.100773;0.111973;nan;1.930874,5.000000;5.000000;5.000000;5.000000;5.000000;5.000000,0,0,0,0,0,0,0,0,0,0,481,23088,85,4420,53,2544,37,1544,8,240,0,0,0,0,0,0,0,0,graph_0002__pathPersistency_0.5000,pathPersistency,0.5,graph_0002,epoch_0003
trace,static,0.171238,0.171226,870,678,105,0,0,0.466667,0.023418,73.106644,360,168,0,0,0,45,0.933333,0,0,0.000000,0.000000,0.500000,4.285714,4.000000,5.000000,5.000000;5.000000;4.000000;4.000000;4.000000;4.000000;4.000000,12,nan,0,5.000000;5.000000;5.000000;5.000000;5.000000;5.000000,0.104309;0.098279;0.109749;0.120949;0.132149;0.143349,5.000000;5.000000;5.000000;5.000000;5.000000;5.000000,0,0,0,0,0,0,0,0,0,0,0,0,0,0,0,0,0,0,0,0,0,0,0,0,0,0,0,0,graph_0002__pathPersistency_0.5000,pathPersistency,0.5,graph_0002,epoch_0003
trace,olsr,0.320294,0.320274,1213,1259,105,325,497,0.400000,0.020653,65.480703,360,144,29,0,0,208,0.800000,325,21476,2.256944,149.138889,0.500000,4.285714,4.000000,5.000000,5.000000;5.000000;4.000000;4.000000;4.000000;4.000000;4.000000,12,nan,0,5.000000;5.000000;5.000000;5.000000;5.000000;5.000000,0.095333;0.089573;0.100773;nan;3.563813;0.134373,5.000000;5.000000;5.000000;5.000000;5.000000;5.000000,227,13632,98,7844,0,0,0,0,0,0,0,0,0,0,0,0,0,0,0,0,0,0,0,0,0,0,0,0,graph_0002__pathPersistency_0.5000,pathPersistency,0.5,graph_0002,epoch_0004
trace,aodv,0.391271,0.391226,1863,2073,105,674,915,0.566667,0.033206,74.838166,360,204,20,56,0,288,1.133333,674,32074,3.303922,157.225490,0.500000,4.285714,4.000000,5.000000,5.000000;5.000000;4.000000;4.000000;4.000000;4.000000;4.000000,12,nan,0,5.000000;5.000000;5.000000;5.000000;5.000000;5.000000,4.462809;0.456568;0.100773;0.111973;0.478890;nan,5.000000;5.000000;5.000000;5.000000;5.000000;5.000000,0,0,0,0,0,0,0,0,0,0,484,23232,74,3848,47,2256,62,2528,7,210,0,0,0,0,0,0,0,0,graph_0002__pathPersistency_0.5000,pathPersistency,0.5,graph_0002,epoch_0004
trace,static,0.172421,0.172419,870,678,105,0,0,0.466667,0.023423,73.106715,360,168,0,0,0,45,0.933333,0,0,0.000000,0.000000,0.500000,4.285714,4.000000,5.000000,5.000000;5.000000;4.000000;4.000000;4.000000;4.000000;4.000000,12,nan,0,5.000000;5.000000;5.000000;5.000000;5.000000;5.000000,0.104309;0.098279;0.109749;0.120949;0.132149;0.143349,5.000000;5.000000;5.000000;5.000000;5.000000;5.000000,0,0,0,0,0,0,0,0,0,0,0,0,0,0,0,0,0,0,0,0,0,0,0,0,0,0,0,0,graph_0002__pathPersistency_0.5000,pathPersistency,0.5,graph_0002,epoch_0004
trace,olsr,0.356639,0.356613,1362,1394,105,327,502,0.475000,0.027704,68.467918,360,171,34,0,0,243,0.950000,327,21488,1.912281,125.660819,0.500000,4.285714,4.000000,5.000000,5.000000;5.000000;4.000000;4.000000;4.000000;4.000000;4.000000,12,nan,0,5.000000;5.000000;5.000000;5.000000;5.000000;5.000000,0.095333;0.089573;0.101483;0.111973;0.123173;nan,5.000000;5.000000;5.000000;5.000000;5.000000;5.000000,230,13824,97,7664,0,0,0,0,0,0,0,0,0,0,0,0,0,0,0,0,0,0,0,0,0,0,0,0,graph_0002__pathPersistency_0.5000,pathPersistency,0.5,graph_0002,epoch_0005
trace,aodv,0.376470,0.376400,1853,2056,105,658,897,0.569444,0.033375,74.771623,360,205,14,56,0,254,1.138889,658,31450,3.209756,153.414634,0.500000,4.285714,4.000000,5.000000,5.000000;5.000000;4.000000;4.000000;4.000000;4.000000;4.000000,12,nan,0,5.000000;5.000000;5.000000;5.000000;5.000000;5.000000,4.467904;0.270840;0.100773;0.111973;0.476379;nan,5.000000;5.000000;5.000000;5.000000;5.000000;5.000000,0,0,0,0,0,0,0,0,0,0,484,23232,74,3848,47,2256,46,1904,7,210,0,0,0,0,0,0,0,0,graph_0002__pathPersistency_0.5000,pathPersistency,0.5,graph_0002,epoch_0005
trace,static,0.172612,0.172610,870,678,105,0,0,0.466667,0.023423,73.106721,360,168,0,0,0,45,0.933333,0,0,0.000000,0.000000,0.500000,4.285714,4.000000,5.000000,5.000000;5.000000;4.000000;4.000000;4.000000;4.000000;4.000000,12,nan,0,5.000000;5.000000;5.000000;5.000000;5.000000;5.000000,0.104309;0.098279;0.109749;0.120949;0.132149;0.143349,5.000000;5.000000;5.000000;5.000000;5.000000;5.000000,0,0,0,0,0,0,0,0,0,0,0,0,0,0,0,0,0,0,0,0,0,0,0,0,0,0,0,0,graph_0002__pathPersistency_0.5000,pathPersistency,0.5,graph_0002,epoch_0005
trace,olsr,0.346122,0.346092,1321,1353,105,324,494,0.486111,0.026035,70.499180,360,175,11,0,0,240,0.972222,324,21308,1.851429,121.760000,0.500000,4.285714,4.000000,5.000000,5.000000;5.000000;4.000000;4.000000;4.000000;4.000000;4.000000,12,nan,0,5.000000;5.000000;5.000000;5.000000;5.000000;5.000000,0.095333;0.089573;0.100773;0.111973;0.123173;nan,5.000000;5.000000;5.000000;5.000000;5.000000;5.000000,226,13568,98,7740,0,0,0,0,0,0,0,0,0,0,0,0,0,0,0,0,0,0,0,0,0,0,0,0,graph_0002__pathPersistency_0.5000,pathPersistency,0.5,graph_0002,epoch_0002
trace,aodv,0.382825,0.382803,1873,2067,105,683,908,0.569444,0.033360,74.771165,360,205,19,56,0,273,1.138889,683,32498,3.331707,158.526829,0.500000,4.285714,4.000000,5.000000,5.000000;5.000000;4.000000;4.000000;4.000000;4.000000;4.000000,12,nan,0,5.000000;5.000000;5.000000;5.000000;5.000000;5.000000,4.455888;0.277378;0.100773;0.111973;0.476044;nan,5.000000;5.000000;5.000000;5.000000;5.000000;5.000000,0,0,0,0,0,0,0,0,0,0,485,23280,74,3848,52,2496,65,2664,7,210,0,0,0,0,0,0,0,0,graph_0002__pathPersistency_0.5000,pathPersistency,0.5,graph_0002,epoch_0002
trace,static,0.169981,0.169979,870,678,105,0,0,0.466667,0.023422,73.106704,360,168,0,0,0,45,0.933333,0,0,0.000000,0.000000,0.500000,4.285714,4.000000,5.000000,5.000000;5.000000;4.000000;4.000000;4.000000;4.000000;4.000000,12,nan,0,5.000000;5.000000;5.000000;5.000000;5.000000;5.000000,0.104309;0.098279;0.109749;0.120949;0.132149;0.143349,5.000000;5.000000;5.000000;5.000000;5.000000;5.000000,0,0,0,0,0,0,0,0,0,0,0,0,0,0,0,0,0,0,0,0,0,0,0,0,0,0,0,0,graph_0002__pathPersistency_0.5000,pathPersistency,0.5,graph_0002,epoch_0002
trace,olsr,0.386012,0.386006,1445,1476,105,325,498,0.577778,0.029830,72.467443,360,208,0,0,0,258,1.155556,325,21328,1.562500,102.538462,0.500000,4.285714,4.000000,5.000000,5.000000;5.000000;4.000000;4.000000;4.000000;4.000000;4.000000,12,nan,0,5.000000;5.000000;5.000000;5.000000;5.000000;5.000000,0.095333;0.090043;0.100773;0.111973;0.124495;0.134373,5.000000;5.000000;5.000000;5.000000;5.000000;5.000000,228,13696,97,7632,0,0,0,0,0,0,0,0,0,0,0,0,0,0,0,0,0,0,0,0,0,0,0,0,graph_0004__pathPersistency_1.0000,pathPersistency,1.0,graph_0004,epoch_0001
trace,aodv,0.378624,0.378599,1847,2061,105,656,883,0.622222,0.031353,74.431558,360,224,11,112,0,274,1.244444,656,31406,2.928571,140.205357,0.500000,4.285714,4.000000,5.000000,5.000000;5.000000;4.000000;4.000000;4.000000;4.000000;4.000000,12,nan,0,5.000000;5.000000;5.000000;5.000000;5.000000;5.000000,1.433685;nan;0.100773;0.111973;nan;0.307361,5.000000;5.000000;5.000000;5.000000;5.000000;5.000000,0,0,0,0,0,0,0,0,0,0,472,22656,86,4472,42,2016,51,2112,5,150,0,0,0,0,0,0,0,0,graph_0004__pathPersistency_1.0000,pathPersistency,1.0,graph_0004,epoch_0001
trace,static,0.174564,0.174557,868,676,105,0,0,0.466667,0.023421,73.106687,360,168,0,0,0,45,0.933333,0,0,0.000000,0.000000,0.500000,4.285714,4.000000,5.000000,5.000000;5.000000;4.000000;4.000000;4.000000;4.000000;4.000000,12,nan,0,5.000000;5.000000;5.000000;5.000000;5.000000;5.000000,0.104309;0.098549;0.109749;0.120949;0.132149;0.143349,5.000000;5.000000;5.000000;5.000000;5.000000;5.000000,0,0,0,0,0,0,0,0,0,0,0,0,0,0,0,0,0,0,0,0,0,0,0,0,0,0,0,0,graph_0004__pathPersistency_1.0000,pathPersistency,1.0,graph_0004,epoch_0001
trace,olsr,0.388225,0.388169,1479,1516,105,324,503,0.602778,0.030254,73.911605,360,217,0,0,0,255,1.205556,324,21392,1.493088,98.580645,0.500000,4.285714,4.000000,5.000000,5.000000;5.000000;4.000000;4.000000;4.000000;4.000000;4.000000,12,nan,0,5.000000;5.000000;5.000000;5.000000;5.000000;5.000000,0.095333;0.089573;0.100773;0.111973;0.123173;0.134373,5.000000;5.000000;5.000000;5.000000;5.000000;5.000000,228,13696,96,7696,0,0,0,0,0,0,0,0,0,0,0,0,0,0,0,0,0,0,0,0,0,0,0,0,graph_0004__pathPersistency_1.0000,pathPersistency,1.0,graph_0004,epoch_0003
trace,aodv,0.367613,0.367575,1834,2060,105,637,876,0.633333,0.031921,73.623074,360,228,7,112,0,238,1.266667,637,30626,2.793860,134.324561,0.500000,4.285714,4.000000,5.000000,5.000000;5.000000;4.000000;4.000000;4.000000;4.000000;4.000000,12,nan,0,5.000000;5.000000;5.000000;5.000000;5.000000;5.000000,1.429945;nan;0.100773;0.111973;nan;0.650605,5.000000;5.000000;5.000000;5.000000;5.000000;5.000000,0,0,0,0,0,0,0,0,0,0,474,22752,83,4316,42,2016,33,1392,5,150,0,0,0,0,0,0,0,0,graph_0004__pathPersistency_1.0000,pathPersistency,1.0,graph_0004,epoch_0003
trace,static,0.171758,0.171750,868,676,105,0,0,0.466667,0.023422,73.106706,360,168,0,0,0,45,0.933333,0,0,0.000000,0.000000,0.500000,4.285714,4.000000,5.000000,5.000000;5.000000;4.000000;4.000000;4.000000;4.000000;4.000000,12,nan,0,5.000000;5.000000;5.000000;5.000000;5.000000;5.000000,0.104309;0.098549;0.109749;0.120949;0.132149;0.143349,5.000000;5.000000;5.000000;5.000000;5.000000;5.000000,0,0,0,0,0,0,0,0,0,0,0,0,0,0,0,0,0,0,0,0,0,0,0,0,0,0,0,0,graph_0004__pathPersistency_1.0000,pathPersistency,1.0,graph_0004,epoch_0003
trace,olsr,0.389134,0.389116,1484,1517,105,326,501,0.600000,0.030113,73.706815,360,216,2,0,0,257,1.200000,326,21528,1.509259,99.666667,0.500000,4.285714,4.000000,5.000000,5.000000;5.000000;4.000000;4.000000;4.000000;4.000000;4.000000,12,nan,0,5.000000;5.000000;5.000000;5.000000;5.000000;5.000000,0.095333;0.089573;0.100773;0.111973;0.450853;0.134373,5.000000;5.000000;5.000000;5.000000;5.000000;5.000000,229,13760,97,7768,0,0,0,0,0,0,0,0,0,0,0,0,0,0,0,0,0,0,0,0,0,0,0,0,graph_0004__pathPersistency_1.0000,pathPersistency,1.0,graph_0004,epoch_0004
trace,aodv,0.372907,0.372900,1841,2070,105,646,884,0.638889,0.032190,73.832838,360,230,9,112,0,235,1.277778,646,31006,2.808696,134.808696,0.500000,4.285714,4.000000,5.000000,5.000000;5.000000;4.000000;4.000000;4.000000;4.000000;4.000000,12,nan,0,5.000000;5.000000;5.000000;5.000000;5.000000;5.000000,1.425970;nan;0.100773;0.111973;nan;0.320025,5.000000;5.000000;5.000000;5.000000;5.000000;5.000000,0,0,0,0,0,0,0,0,0,0,472,22656,86,4472,42,2016,41,1712,5,150,0,0,0,0,0,0,0,0,graph_0004__pathPersistency_1.0000,pathPersistency,1.0,graph_0004,epoch_0004
trace,static,0.173420,0.173407,868,676,105,0,0,0.466667,0.023422,73.106698,360,168,0,0,0,45,0.933333,0,0,0.000000,0.000000,0.500000,4.285714,4.000000,5.000000,5.000000;5.000000;4.000000;4.000000;4.000000;4.000000;4.000000,12,nan,0,5.000000;5.000000;5.000000;5.000000;5.000000;5.000000,0.104309;0.098549;0.109749;0.120949;0.132149;0.143349,5.000000;5.000000;5.000000;5.000000;5.000000;5.000000,0,0,0,0,0,0,0,0,0,0,0,0,0,0,0,0,0,0,0,0,0,0,0,0,0,0,0,0,graph_0004__pathPersistency_1.0000,pathPersistency,1.0,graph_0004,epoch_0004
trace,olsr,0.380444,0.380423,1443,1480,105,328,506,0.575000,0.029767,72.361719,360,207,1,0,0,260,1.150000,328,21544,1.584541,104.077295,0.500000,4.285714,4.000000,5.000000,5.000000;5.000000;4.000000;4.000000;4.000000;4.000000;4.000000,12,nan,0,5.000000;5.000000;5.000000;5.000000;5.000000;5.000000,0.095333;0.089573;0.100773;0.111973;0.123173;0.134373,5.000000;5.000000;5.000000;5.000000;5.000000;5.000000,228,13696,100,7848,0,0,0,0,0,0,0,0,0,0,0,0,0,0,0,0,0,0,0,0,0,0,0,0,graph_0004__pathPersistency_1.0000,pathPersistency,1.0,graph_0004,epoch_0005
trace,aodv,0.373608,0.373589,1832,2055,105,645,885,0.619444,0.031209,74.524209,360,223,8,112,0,286,1.238889,645,30934,2.892377,138.717489,0.500000,4.285714,4.000000,5.000000,5.000000;5.000000;4.000000;4.000000;4.000000;4.000000;4.000000,12,nan,0,5.000000;5.000000;5.000000;5.000000;5.000000;5.000000,1.423441;nan;0.100773;0.111973;nan;0.317661,5.000000;5.000000;5.000000;5.000000;5.000000;5.000000,0,0,0,0,0,0,0,0,0,0,473,22704,82,4264,42,2016,43,1800,5,150,0,0,0,0,0,0,0,0,graph_0004__pathPersistency_1.0000,pathPersistency,1.0,graph_0004,epoch_0005
trace,static,0.172379,0.172371,868,676,105,0,0,0.466667,0.023418,73.106646,360,168,0,0,0,45,0.933333,0,0,0.000000,0.000000,0.500000,4.285714,4.000000,5.000000,5.000000;5.000000;4.000000;4.000000;4.000000;4.000000;4.000000,12,nan,0,5.000000;5.000000;5.000000;5.000000;5.000000;5.000000,0.104309;0.098549;0.109749;0.120949;0.132149;0.143349,5.000000;5.000000;5.000000;5.000000;5.000000;5.000000,0,0,0,0,0,0,0,0,0,0,0,0,0,0,0,0,0,0,0,0,0,0,0,0,0,0,0,0,graph_0004__pathPersistency_1.0000,pathPersistency,1.0,graph_0004,epoch_0005
trace,olsr,0.397327,0.396854,1492,1541,105,329,517,0.611111,0.030671,73.947463,360,220,1,0,0,248,1.222222,329,21672,1.495455,98.509091,0.500000,4.285714,4.000000,5.000000,5.000000;5.000000;4.000000;4.000000;4.000000;4.000000;4.000000,12,nan,0,5.000000;5.000000;5.000000;5.000000;5.000000;5.000000,0.095333;0.089573;0.100773;0.111973;0.123173;0.134373,5.000000;5.000000;5.000000;5.000000;5.000000;5.000000,230,13824,99,7848,0,0,0,0,0,0,0,0,0,0,0,0,0,0,0,0,0,0,0,0,0,0,0,0,graph_0004__pathPersistency_1.0000,pathPersistency,1.0,graph_0004,epoch_0002
trace,aodv,0.375573,0.375118,1816,2032,105,638,873,0.613889,0.031453,74.905311,360,221,8,112,0,274,1.227778,638,30662,2.886878,138.742081,0.500000,4.285714,4.000000,5.000000,5.000000;5.000000;4.000000;4.000000;4.000000;4.000000;4.000000,12,nan,0,5.000000;5.000000;5.000000;5.000000;5.000000;5.000000,1.423334;nan;0.100773;0.111973;nan;0.318660,5.000000;5.000000;5.000000;5.000000;5.000000;5.000000,0,0,0,0,0,0,0,0,0,0,472,22656,84,4368,42,2016,35,1472,5,150,0,0,0,0,0,0,0,0,graph_0004__pathPersistency_1.0000,pathPersistency,1.0,graph_0004,epoch_0002
trace,static,0.176406,0.176089,868,676,105,0,0,0.466667,0.023422,73.106698,360,168,0,0,0,45,0.933333,0,0,0.000000,0.000000,0.500000,4.285714,4.000000,5.000000,5.000000;5.000000;4.000000;4.000000;4.000000;4.000000;4.000000,12,nan,0,5.000000;5.000000;5.000000;5.000000;5.000000;5.000000,0.104309;0.098549;0.109749;0.120949;0.132149;0.143349,5.000000;5.000000;5.000000;5.000000;5.000000;5.000000,0,0,0,0,0,0,0,0,0,0,0,0,0,0,0,0,0,0,0,0,0,0,0,0,0,0,0,0,graph_0004__pathPersistency_1.0000,pathPersistency,1.0,graph_0004,epoch_0002
trace,olsr,0.388836,0.388467,1474,1509,105,336,513,0.572222,0.029631,73.439478,360,206,10,0,0,272,1.144444,336,21944,1.631068,106.524272,0.500000,4.285714,4.000000,5.000000,5.000000;5.000000;4.000000;4.000000;4.000000;4.000000;4.000000,12,nan,0,5.000000;5.000000;5.000000;5.000000;5.000000;5.000000,0.095333;0.089573;0.100773;0.111973;0.123173;0.134373,5.000000;5.000000;5.000000;5.000000;5.000000;5.000000,229,13760,107,8184,0,0,0,0,0,0,0,0,0,0,0,0,0,0,0,0,0,0,0,0,0,0,0,0,graph_0003__pathPersistency_0.2500,pathPersistency,0.25,graph_0003,epoch_0001
trace,aodv,0.439716,0.439358,2063,2258,105,704,924,0.702778,0.035417,80.104835,360,253,26,56,0,307,1.405556,704,33408,2.782609,132.047431,0.500000,4.285714,4.000000,5.000000,5.000000;5.000000;4.000000;4.000000;4.000000;4.000000;4.000000,12,nan,0,5.000000;5.000000;5.000000;5.000000;5.000000;5.000000,4.459861;0.089573;0.100773;0.111973;0.489069;0.486568,5.000000;5.000000;5.000000;5.000000;5.000000;5.000000,0,0,0,0,0,0,0,0,0,0,483,23184,75,3900,61,2928,79,3216,6,180,0,0,0,0,0,0,0,0,graph_0003__pathPersistency_0.2500,pathPersistency,0.25,graph_0003,epoch_0001
trace,static,0.172848,0.172846,865,673,105,0,0,0.466667,0.023424,73.106728,360,168,0,0,0,43,0.933333,0,0,0.000000,0.000000,0.500000,4.285714,4.000000,5.000000,5.000000;5.000000;4.000000;4.000000;4.000000;4.000000;4.000000,12,nan,0,5.000000;5.000000;5.000000;5.000000;5.000000;5.000000,0.104309;0.098549;0.109749;0.120949;0.132149;0.143349,5.000000;5.000000;5.000000;5.000000;5.000000;5.000000,0,0,0,0,0,0,0,0,0,0,0,0,0,0,0,0,0,0,0,0,0,0,0,0,0,0,0,0,graph_0003__pathPersistency_0.2500,pathPersistency,0.25,graph_0003,epoch_0001
trace,olsr,0.384848,0.384834,1494,1520,105,327,495,0.597222,0.029972,74.647812,360,215,2,0,0,256,1.194444,327,21512,1.520930,100.055814,0.500000,4.285714,4.000000,5.000000,5.000000;5.000000;4.000000;4.000000;4.000000;4.000000;4.000000,12,nan,0,5.000000;5.000000;5.000000;5.000000;5.000000;5.000000,0.095333;0.089573;0.100773;0.111973;0.123173;0.134373,5.000000;5.000000;5.000000;5.000000;5.000000;5.000000,229,13760,98,7752,0,0,0,0,0,0,0,0,0,0,0,0,0,0,0,0,0,0,0,0,0,0,0,0,graph_0003__pathPersistency_0.2500,pathPersistency,0.25,graph_0003,epoch_0003
trace,aodv,0.413418,0.413381,1973,2197,105,676,915,0.711111,0.035829,79.913605,360,256,33,56,0,272,1.422222,676,32206,2.640625,125.804688,0.500000,4.285714,4.000000,5.000000,5.000000;5.000000;4.000000;4.000000;4.000000;4.000000;4.000000,12,nan,0,5.000000;5.000000;5.000000;5.000000;5.000000;5.000000,4.455477;0.089573;0.100773;0.111973;0.487409;0.482188,5.000000;5.000000;5.000000;5.000000;5.000000;5.000000,0,0,0,0,0,0,0,0,0,0,483,23184,72,3744,55,2640,61,2488,5,150,0,0,0,0,0,0,0,0,graph_0003__pathPersistency_0.2500,pathPersistency,0.25,graph_0003,epoch_0003
trace,static,0.171606,0.171597,865,673,105,0,0,0.466667,0.023420,73.106676,360,168,0,0,0,43,0.933333,0,0,0.000000,0.000000,0.500000,4.285714,4.000000,5.000000,5.000000;5.000000;4.000000;4.000000;4.000000;4.000000;4.000000,12,nan,0,5.000000;5.000000;5.000000;5.000000;5.000000;5.000000,0.104309;0.098549;0.109749;0.120949;0.132149;0.143349,5.000000;5.000000;5.000000;5.000000;5.000000;5.000000,0,0,0,0,0,0,0,0,0,0,0,0,0,0,0,0,0,0,0,0,0,0,0,0,0,0,0,0,graph_0003__pathPersistency_0.2500,pathPersistency,0.25,graph_0003,epoch_0003
trace,olsr,0.379398,0.379044,1412,1446,105,329,503,0.536111,0.026911,73.717921,360,193,13,0,0,258,1.072222,329,21636,1.704663,112.103627,0.500000,4.285714,4.000000,5.000000,5.000000;5.000000;4.000000;4.000000;4.000000;4.000000;4.000000,12,nan,0,5.000000;5.000000;5.000000;5.000000;5.000000;5.000000,0.095333;0.089573;0.100773;3.397749;0.123173;0.134373,5.000000;5.000000;5.000000;5.000000;5.000000;5.000000,229,13760,100,7876,0,0,0,0,0,0,0,0,0,0,0,0,0,0,0,0,0,0,0,0,0,0,0,0,graph_0003__pathPersistency_0.2500,pathPersistency,0.25,graph_0003,epoch_0004
trace,aodv,0.425291,0.424635,1987,2202,105,683,913,0.711111,0.035837,79.912084,360,256,33,56,0,270,1.422222,683,32486,2.667969,126.898438,0.500000,4.285714,4.000000,5.000000,5.000000;5.000000;4.000000;4.000000;4.000000;4.000000;4.000000,12,nan,0,5.000000;5.000000;5.000000;5.000000;5.000000;5.000000,4.468340;0.089573;0.100773;0.111973;0.484469;0.478468,5.000000;5.000000;5.000000;5.000000;5.000000;5.000000,0,0,0,0,0,0,0,0,0,0,483,23184,72,3744,55,2640,68,2768,5,150,0,0,0,0,0,0,0,0,graph_0003__pathPersistency_0.2500,pathPersistency,0.25,graph_0003,epoch_0004
trace,static,0.174333,0.174190,865,673,105,0,0,0.466667,0.023424,73.106741,360,168,0,0,0,43,0.933333,0,0,0.000000,0.000000,0.500000,4.285714,4.000000,5.000000,5.000000;5.000000;4.000000;4.000000;4.000000;4.000000;4.000000,12,nan,0,5.000000;5.000000;5.000000;5.000000;5.000000;5.000000,0.104309;0.098549;0.109749;0.120949;0.132149;0.143349,5.000000;5.000000;5.000000;5.000000;5.000000;5.000000,0,0,0,0,0,0,0,0,0,0,0,0,0,0,0,0,0,0,0,0,0,0,0,0,0,0,0,0,graph_0003__pathPersistency_0.2500,pathPersistency,0.25,graph_0003,epoch_0004
trace,olsr,0.386514,0.386499,1498,1525,105,328,497,0.597222,0.029973,74.860741,360,215,3,0,0,265,1.194444,328,21616,1.525581,100.539535,0.500000,4.285714,4.000000,5.000000,5.000000;5.000000;4.000000;4.000000;4.000000;4.000000;4.000000,12,nan,0,5.000000;5.000000;5.000000;5.000000;5.000000;5.000000,0.095333;0.089573;0.100773;0.111973;0.123173;0.134373,5.000000;5.000000;5.000000;5.000000;5.000000;5.000000,229,13760,99,7856,0,0,0,0,0,0,0,0,0,0,0,0,0,0,0,0,0,0,0,0,0,0,0,0,graph_0003__pathPersistency_0.2500,pathPersistency,0.25,graph_0003,epoch_0005
trace,aodv,0.370606,0.370590,1838,2049,105,672,901,0.594444,0.029954,82.479241,360,214,16,112,0,306,1.188889,672,32032,3.140187,149.682243,0.500000,4.285714,4.000000,5.000000,5.000000;5.000000;4.000000;4.000000;4.000000;4.000000;4.000000,12,nan,0,5.000000;5.000000;5.000000;5.000000;5.000000;5.000000,4.463445;nan;0.100773;0.111973;0.000413;0.490028,5.000000;5.000000;5.000000;5.000000;5.000000;5.000000,0,0,0,0,0,0,0,0,0,0,488,23424,71,3692,51,2448,56,2288,6,180,0,0,0,0,0,0,0,0,graph_0003__pathPersistency_0.2500,pathPersistency,0.25,graph_0003,epoch_0005
trace,static,0.170383,0.170354,865,673,105,0,0,0.466667,0.023420,73.106679,360,168,0,0,0,43,0.933333,0,0,0.000000,0.000000,0.500000,4.285714,4.000000,5.000000,5.000000;5.000000;4.000000;4.000000;4.000000;4.000000;4.000000,12,nan,0,5.000000;5.000000;5.000000;5.000000;5.000000;5.000000,0.104309;0.098549;0.109749;0.120949;0.132149;0.143349,5.000000;5.000000;5.000000;5.000000;5.000000;5.000000,0,0,0,0,0,0,0,0,0,0,0,0,0,0,0,0,0,0,0,0,0,0,0,0,0,0,0,0,graph_0003__pathPersistency_0.2500,pathPersistency,0.25,graph_0003,epoch_0005
trace,olsr,0.374802,0.374789,1422,1449,105,326,493,0.544444,0.030560,71.685420,360,196,14,0,0,272,1.088889,326,21480,1.663265,109.591837,0.500000,4.285714,4.000000,5.000000,5.000000;5.000000;4.000000;4.000000;4.000000;4.000000;4.000000,12,nan,0,5.000000;5.000000;5.000000;5.000000;5.000000;5.000000,0.095333;0.089573;0.100773;0.111973;0.123173;nan,5.000000;5.000000;5.000000;5.000000;5.000000;5.000000,227,13632,99,7848,0,0,0,0,0,0,0,0,0,0,0,0,0,0,0,0,0,0,0,0,0,0,0,0,graph_0003__pathPersistency_0.2500,pathPersistency,0.25,graph_0003,epoch_0002
trace,aodv,0.375644,0.375596,1837,2056,105,648,883,0.627778,0.031630,81.851721,360,226,6,112,0,272,1.255556,648,31032,2.867257,137.309735,0.500000,4.285714,4.000000,5.000000,5.000000;5.000000;4.000000;4.000000;4.000000;4.000000;4.000000,12,nan,0,5.000000;5.000000;5.000000;5.000000;5.000000;5.000000,4.457517;nan;0.100773;0.111973;0.325725;0.481648,5.000000;5.000000;5.000000;5.000000;5.000000;5.000000,0,0,0,0,0,0,0,0,0,0,484,23232,71,3692,51,2448,36,1480,6,180,0,0,0,0,0,0,0,0,graph_0003__pathPersistency_0.2500,pathPersistency,0.25,graph_0003,epoch_0002
trace,static,0.172190,0.172182,865,673,105,0,0,0.466667,0.023419,73.106664,360,168,0,0,0,43,0.933333,0,0,0.000000,0.000000,0.500000,4.285714,4.000000,5.000000,5.000000;5.000000;4.000000;4.000000;4.000000;4.000000;4.000000,12,nan,0,5.000000;5.000000;5.000000;5.000000;5.000000;5.000000,0.104309;0.098549;0.109749;0.120949;0.132149;0.143349,5.000000;5.000000;5.000000;5.000000;5.000000;5.000000,0,0,0,0,0,0,0,0,0,0,0,0,0,0,0,0,0,0,0,0,0,0,0,0,0,0,0,0,graph_0003__pathPersistency_0.2500,pathPersistency,0.25,graph_0003,epoch_0002
trace,olsr,0.395603,0.395567,1494,1539,105,330,513,0.555556,0.027881,76.337938,360,200,22,0,0,283,1.111111,330,21716,1.650000,108.580000,0.500000,4.285714,4.000000,5.000000,5.000000;5.000000;4.000000;4.000000;4.000000;4.000000;4.000000,12,nan,0,5.000000;5.000000;5.000000;5.000000;5.000000;5.000000,1.087079;0.089573;0.100773;0.111973;0.123173;0.134373,5.000000;5.000000;5.000000;5.000000;5.000000;5.000000,227,13632,103,8084,0,0,0,0,0,0,0,0,0,0,0,0,0,0,0,0,0,0,0,0,0,0,0,0,graph_0001__pathPersistency_1.0000,pathPersistency,1.0,graph_0001,epoch_0001
trace,aodv,0.424909,0.424785,2038,2255,105,689,921,0.736111,0.037093,77.421337,360,265,24,56,0,316,1.472222,689,32706,2.600000,123.418868,0.500000,4.285714,4.000000,5.000000,5.000000;5.000000;4.000000;4.000000;4.000000;4.000000;4.000000,12,nan,0,5.000000;5.000000;5.000000;5.000000;5.000000;5.000000,1.419237;nan;0.100773;0.111973;0.123173;0.134373,5.000000;5.000000;5.000000;5.000000;5.000000;5.000000,0,0,0,0,0,0,0,0,0,0,481,23088,75,3900,49,2352,79,3216,5,150,0,0,0,0,0,0,0,0,graph_0001__pathPersistency_1.0000,pathPersistency,1.0,graph_0001,epoch_0001
trace,static,0.172360,0.172347,869,677,105,0,0,0.466667,0.023420,73.106676,360,168,0,0,0,45,0.933333,0,0,0.000000,0.000000,0.500000,4.285714,4.000000,5.000000,5.000000;5.000000;4.000000;4.000000;4.000000;4.000000;4.000000,12,nan,0,5.000000;5.000000;5.000000;5.000000;5.000000;5.000000,0.104309;0.098549;0.109749;0.120949;0.132149;0.143349,5.000000;5.000000;5.000000;5.000000;5.000000;5.000000,0,0,0,0,0,0,0,0,0,0,0,0,0,0,0,0,0,0,0,0,0,0,0,0,0,0,0,0,graph_0001__pathPersistency_1.0000,pathPersistency,1.0,graph_0001,epoch_0001
trace,olsr,0.364683,0.364628,1373,1429,105,321,490,0.491667,0.024680,76.309540,360,177,46,0,0,259,0.983333,321,21244,1.813559,120.022599,0.500000,4.285714,4.000000,5.000000,5.000000;5.000000;4.000000;4.000000;4.000000;4.000000;4.000000,12,nan,0,5.000000;5.000000;5.000000;5.000000;5.000000;5.000000,0.095333;0.089573;2.230693;0.111973;0.123173;0.134373,5.000000;5.000000;5.000000;5.000000;5.000000;5.000000,228,13696,93,7548,0,0,0,0,0,0,0,0,0,0,0,0,0,0,0,0,0,0,0,0,0,0,0,0,graph_0001__pathPersistency_1.0000,pathPersistency,1.0,graph_0001,epoch_0003
trace,aodv,0.432956,0.432822,2038,2267,105,646,885,0.802778,0.040458,77.666180,360,289,5,56,0,261,1.605556,646,30934,2.235294,107.038062,0.500000,4.285714,4.000000,5.000000,5.000000;5.000000;4.000000;4.000000;4.000000;4.000000;4.000000,12,nan,0,5.000000;5.000000;5.000000;5.000000;5.000000;5.000000,1.260159;nan;0.100773;0.111973;0.123173;0.134373,5.000000;5.000000;5.000000;5.000000;5.000000;5.000000,0,0,0,0,0,0,0,0,0,0,478,22944,75,3900,48,2304,38,1576,7,210,0,0,0,0,0,0,0,0,graph_0001__pathPersistency_1.0000,pathPersistency,1.0,graph_0001,epoch_0003
trace,static,0.172691,0.172681,869,677,105,0,0,0.466667,0.023425,73.106746,360,168,0,0,0,45,0.933333,0,0,0.000000,0.000000,0.500000,4.285714,4.000000,5.000000,5.000000;5.000000;4.000000;4.000000;4.000000;4.000000;4.000000,12,nan,0,5.000000;5.000000;5.000000;5.000000;5.000000;5.000000,0.104309;0.098549;0.109749;0.120949;0.132149;0.143349,5.000000;5.000000;5.000000;5.000000;5.000000;5.000000,0,0,0,0,0,0,0,0,0,0,0,0,0,0,0,0,0,0,0,0,0,0,0,0,0,0,0,0,graph_0001__pathPersistency_1.0000,pathPersistency,1.0,graph_0001,epoch_0003
trace,olsr,0.412072,0.412055,1523,1566,105,329,510,0.613889,0.030809,74.347650,360,221,1,0,0,276,1.227778,329,21672,1.488688,98.063348,0.500000,4.285714,4.000000,5.000000,5.000000;5.000000;4.000000;4.000000;4.000000;4.000000;4.000000,12,nan,0,5.000000;5.000000;5.000000;5.000000;5.000000;5.000000,0.095333;0.089573;0.264613;0.111973;0.123173;0.134373,5.000000;5.000000;5.000000;5.000000;5.000000;5.000000,228,13696,101,7976,0,0,0,0,0,0,0,0,0,0,0,0,0,0,0,0,0,0,0,0,0,0,0,0,graph_0001__pathPersistency_1.0000,pathPersistency,1.0,graph_0001,epoch_0004
trace,aodv,0.432752,0.432635,2039,2255,105,689,920,0.736111,0.037090,77.425276,360,265,24,56,0,299,1.472222,689,32706,2.600000,123.418868,0.500000,4.285714,4.000000,5.000000,5.000000;5.000000;4.000000;4.000000;4.000000;4.000000;4.000000,12,nan,0,5.000000;5.000000;5.000000;5.000000;5.000000;5.000000,1.430532;nan;0.100773;0.111973;0.123173;0.134373,5.000000;5.000000;5.000000;5.000000;5.000000;5.000000,0,0,0,0,0,0,0,0,0,0,481,23088,75,3900,49,2352,79,3216,5,150,0,0,0,0,0,0,0,0,graph_0001__pathPersistency_1.0000,pathPersistency,1.0,graph_0001,epoch_0004
trace,static,0.174624,0.174607,869,677,105,0,0,0.466667,0.023421,73.106687,360,168,0,0,0,45,0.933333,0,0,0.000000,0.000000,0.500000,4.285714,4.000000,5.000000,5.000000;5.000000;4.000000;4.000000;4.000000;4.000000;4.000000,12,nan,0,5.000000;5.000000;5.000000;5.000000;5.000000;5.000000,0.104309;0.098549;0.109749;0.120949;0.132149;0.143349,5.000000;5.000000;5.000000;5.000000;5.000000;5.000000,0,0,0,0,0,0,0,0,0,0,0,0,0,0,0,0,0,0,0,0,0,0,0,0,0,0,0,0,graph_0001__pathPersistency_1.0000,pathPersistency,1.0,graph_0001,epoch_0004
trace,olsr,0.379805,0.379796,1455,1502,105,329,507,0.494444,0.024815,75.311101,360,178,51,0,0,279,0.988889,329,21636,1.848315,121.550562,0.500000,4.285714,4.000000,5.000000,5.000000;5.000000;4.000000;4.000000;4.000000;4.000000;4.000000,12,nan,0,5.000000;5.000000;5.000000;5.000000;5.000000;5.000000,0.095333;0.089573;0.100773;1.258853;0.123173;0.134373,5.000000;5.000000;5.000000;5.000000;5.000000;5.000000,228,13696,101,7940,0,0,0,0,0,0,0,0,0,0,0,0,0,0,0,0,0,0,0,0,0,0,0,0,graph_0001__pathPersistency_1.0000,pathPersistency,1.0,graph_0001,epoch_0005
trace,aodv,0.425493,0.425364,2024,2235,105,635,868,0.783333,0.040142,78.435911,360,282,0,56,0,314,1.566667,635,30536,2.251773,108.283688,0.500000,4.285714,4.000000,5.000000,5.000000;5.000000;4.000000;4.000000;4.000000;4.000000;4.000000,12,nan,0,5.000000;5.000000;5.000000;5.000000;5.000000;5.000000,1.432853;nan;0.100773;0.111973;0.123173;0.134373,5.000000;5.000000;5.000000;5.000000;5.000000;5.000000,0,0,0,0,0,0,0,0,0,0,478,22944,78,4056,49,2352,22,944,8,240,0,0,0,0,0,0,0,0,graph_0001__pathPersistency_1.0000,pathPersistency,1.0,graph_0001,epoch_0005
trace,static,0.171049,0.171025,869,677,105,0,0,0.466667,0.023421,73.106692,360,168,0,0,0,45,0.933333,0,0,0.000000,0.000000,0.500000,4.285714,4.000000,5.000000,5.000000;5.000000;4.000000;4.000000;4.000000;4.000000;4.000000,12,nan,0,5.000000;5.000000;5.000000;5.000000;5.000000;5.000000,0.104309;0.098549;0.109749;0.120949;0.132149;0.143349,5.000000;5.000000;5.000000;5.000000;5.000000;5.000000,0,0,0,0,0,0,0,0,0,0,0,0,0,0,0,0,0,0,0,0,0,0,0,0,0,0,0,0,graph_0001__pathPersistency_1.0000,pathPersistency,1.0,graph_0001,epoch_0005
trace,olsr,0.400010,0.399506,1488,1528,105,328,506,0.547222,0.027468,73.240917,360,197,25,0,0,280,1.094444,328,21592,1.664975,109.604061,0.500000,4.285714,4.000000,5.000000,5.000000;5.000000;4.000000;4.000000;4.000000;4.000000;4.000000,12,nan,0,5.000000;5.000000;5.000000;5.000000;5.000000;5.000000,0.095333;0.089573;0.100773;3.224933;0.123173;0.134373,5.000000;5.000000;5.000000;5.000000;5.000000;5.000000,230,13824,98,7768,0,0,0,0,0,0,0,0,0,0,0,0,0,0,0,0,0,0,0,0,0,0,0,0,graph_0001__pathPersistency_1.0000,pathPersistency,1.0,graph_0001,epoch_0002
trace,aodv,0.427960,0.427378,2048,2269,105,702,932,0.738889,0.037237,77.332848,360,266,29,56,0,276,1.477778,702,33218,2.639098,124.879699,0.500000,4.285714,4.000000,5.000000,5.000000;5.000000;4.000000;4.000000;4.000000;4.000000;4.000000,12,nan,0,5.000000;5.000000;5.000000;5.000000;5.000000;5.000000,1.262781;nan;0.100773;0.111973;0.123173;0.134373,5.000000;5.000000;5.000000;5.000000;5.000000;5.000000,0,0,0,0,0,0,0,0,0,0,481,23088,75,3900,49,2352,92,3728,5,150,0,0,0,0,0,0,0,0,graph_0001__pathPersistency_1.0000,pathPersistency,1.0,graph_0001,epoch_0002
trace,static,0.173764,0.173540,869,677,105,0,0,0.466667,0.023424,73.106739,360,168,0,0,0,45,0.933333,0,0,0.000000,0.000000,0.500000,4.285714,4.000000,5.000000,5.000000;5.000000;4.000000;4.000000;4.000000;4.000000;4.000000,12,nan,0,5.000000;5.000000;5.000000;5.000000;5.000000;5.000000,0.104309;0.098549;0.109749;0.120949;0.132149;0.143349,5.000000;5.000000;5.000000;5.000000;5.000000;5.000000,0,0,0,0,0,0,0,0,0,0,0,0,0,0,0,0,0,0,0,0,0,0,0,0,0,0,0,0,graph_0001__pathPersistency_1.0000,pathPersistency,1.0,graph_0001,epoch_0002
trace,olsr,0.355108,0.355084,1345,1381,105,325,493,0.497222,0.026580,71.514560,360,179,23,0,0,228,0.994444,325,21460,1.815642,119.888268,0.500000,4.285714,4.000000,5.000000,5.000000;5.000000;4.000000;4.000000;4.000000;4.000000;4.000000,12,nan,0,5.000000;5.000000;5.000000;5.000000;5.000000;5.000000,0.095333;0.089573;0.100773;0.111973;0.123173;nan,5.000000;5.000000;5.000000;5.000000;5.000000;5.000000,226,13568,99,7892,0,0,0,0,0,0,0,0,0,0,0,0,0,0,0,0,0,0,0,0,0,0,0,0,graph_0001__pathPersistency_0.2500,pathPersistency,0.25,graph_0001,epoch_0001
trace,aodv,0.382633,0.382585,1873,2089,105,653,884,0.658333,0.038573,73.133518,360,237,3,56,0,301,1.316667,653,31328,2.755274,132.185654,0.500000,4.285714,4.000000,5.000000,5.000000;5.000000;4.000000;4.000000;4.000000;4.000000;4.000000,12,nan,0,5.000000;5.000000;5.000000;5.000000;5.000000;5.000000,0.452539;nan;0.000164;0.111973;1.459866;nan,5.000000;5.000000;5.000000;5.000000;5.000000;5.000000,0,0,0,0,0,0,0,0,0,0,483,23184,81,4212,48,2304,31,1328,10,300,0,0,0,0,0,0,0,0,graph_0001__pathPersistency_0.2500,pathPersistency,0.25,graph_0001,epoch_0001
trace,static,0.172744,0.172734,870,678,105,0,0,0.466667,0.023420,73.106676,360,168,0,0,0,46,0.933333,0,0,0.000000,0.000000,0.500000,4.285714,4.000000,5.000000,5.000000;5.000000;4.000000;4.000000;4.000000;4.000000;4.000000,12,nan,0,5.000000;5.000000;5.000000;5.000000;5.000000;5.000000,0.104309;0.098549;0.109749;0.120949;0.132149;0.143349,5.000000;5.000000;5.000000;5.000000;5.000000;5.000000,0,0,0,0,0,0,0,0,0,0,0,0,0,0,0,0,0,0,0,0,0,0,0,0,0,0,0,0,graph_0001__pathPersistency_0.2500,pathPersistency,0.25,graph_0001,epoch_0001
trace,olsr,0.335109,0.334922,1216,1254,105,323,485,0.413889,0.024142,71.296179,360,149,36,0,0,222,0.827778,323,21300,2.167785,142.953020,0.500000,4.285714,4.000000,5.000000,5.000000;5.000000;4.000000;4.000000;4.000000;4.000000;4.000000,12,nan,0,5.000000;5.000000;5.000000;5.000000;5.000000;5.000000,0.095333;3.539189;1.911989;0.111973;0.450853;nan,5.000000;5.000000;5.000000;5.000000;5.000000;5.000000,230,13824,93,7476,0,0,0,0,0,0,0,0,0,0,0,0,0,0,0,0,0,0,0,0,0,0,0,0,graph_0001__pathPersistency_0.2500,pathPersistency,0.25,graph_0001,epoch_0003
trace,aodv,0.379553,0.379503,1870,2085,105,647,876,0.663889,0.038905,72.949501,360,239,2,56,0,262,1.327778,647,31058,2.707113,129.949791,0.500000,4.285714,4.000000,5.000000,5.000000;5.000000;4.000000;4.000000;4.000000;4.000000;4.000000,12,nan,0,5.000000;5.000000;5.000000;5.000000;5.000000;5.000000,0.095333;nan;0.100773;0.111973;1.460697;nan,5.000000;5.000000;5.000000;5.000000;5.000000;5.000000,0,0,0,0,0,0,0,0,0,0,484,23232,80,4160,44,2112,28,1224,11,330,0,0,0,0,0,0,0,0,graph_0001__pathPersistency_0.2500,pathPersistency,0.25,graph_0001,epoch_0003
trace,static,0.170674,0.170655,870,678,105,0,0,0.466667,0.023425,73.106746,360,168,0,0,0,46,0.933333,0,0,0.000000,0.000000,0.500000,4.285714,4.000000,5.000000,5.000000;5.000000;4.000000;4.000000;4.000000;4.000000;4.000000,12,nan,0,5.000000;5.000000;5.000000;5.000000;5.000000;5.000000,0.104309;0.098549;0.109749;0.120949;0.132149;0.143349,5.000000;5.000000;5.000000;5.000000;5.000000;5.000000,0,0,0,0,0,0,0,0,0,0,0,0,0,0,0,0,0,0,0,0,0,0,0,0,0,0,0,0,graph_0001__pathPersistency_0.2500,pathPersistency,0.25,graph_0001,epoch_0003
trace,olsr,0.338363,0.338291,1292,1349,105,328,503,0.491667,0.024675,75.718521,360,177,22,0,0,223,0.983333,328,21472,1.853107,121.310734,0.500000,4.285714,4.000000,5.000000,5.000000;5.000000;4.000000;4.000000;4.000000;4.000000;4.000000,12,nan,0,5.000000;5.000000;5.000000;5.000000;5.000000;5.000000,0.095333;nan;1.420469;0.111973;0.123173;0.134373,5.000000;5.000000;5.000000;5.000000;5.000000;5.000000,228,13696,100,7776,0,0,0,0,0,0,0,0,0,0,0,0,0,0,0,0,0,0,0,0,0,0,0,0,graph_0001__pathPersistency_0.2500,pathPersistency,0.25,graph_0001,epoch_0004
trace,aodv,0.379997,0.379958,1870,2084,105,644,874,0.663889,0.038895,72.954385,360,239,0,56,0,279,1.327778,644,30952,2.694561,129.506276,0.500000,4.285714,4.000000,5.000000,5.000000;5.000000;4.000000;4.000000;4.000000;4.000000;4.000000,12,nan,0,5.000000;5.000000;5.000000;5.000000;5.000000;5.000000,0.445204;nan;0.100773;0.111973;1.465748;nan,5.000000;5.000000;5.000000;5.000000;5.000000;5.000000,0,0,0,0,0,0,0,0,0,0,483,23184,79,4108,48,2304,24,1056,10,300,0,0,0,0,0,0,0,0,graph_0001__pathPersistency_0.2500,pathPersistency,0.25,graph_0001,epoch_0004
trace,static,0.173923,0.173915,870,678,105,0,0,0.466667,0.023421,73.106687,360,168,0,0,0,46,0.933333,0,0,0.000000,0.000000,0.500000,4.285714,4.000000,5.000000,5.000000;5.000000;4.000000;4.000000;4.000000;4.000000;4.000000,12,nan,0,5.000000;5.000000;5.000000;5.000000;5.000000;5.000000,0.104309;0.098549;0.109749;0.120949;0.132149;0.143349,5.000000;5.000000;5.000000;5.000000;5.000000;5.000000,0,0,0,0,0,0,0,0,0,0,0,0,0,0,0,0,0,0,0,0,0,0,0,0,0,0,0,0,graph_0001__pathPersistency_0.2500,pathPersistency,0.25,graph_0001,epoch_0004
trace,olsr,0.352499,0.352377,1340,1368,105,324,484,0.502778,0.025234,75.340857,360,181,17,0,0,229,1.005556,324,21380,1.790055,118.121547,0.500000,4.285714,4.000000,5.000000,5.000000;5.000000;4.000000;4.000000;4.000000;4.000000;4.000000,12,nan,0,5.000000;5.000000;5.000000;5.000000;5.000000;5.000000,0.095333;1.082279;1.420199;0.111973;0.287013;0.134373,5.000000;5.000000;5.000000;5.000000;5.000000;5.000000,225,13504,99,7876,0,0,0,0,0,0,0,0,0,0,0,0,0,0,0,0,0,0,0,0,0,0,0,0,graph_0001__pathPersistency_0.2500,pathPersistency,0.25,graph_0001,epoch_0005
trace,aodv,0.377103,0.377044,1862,2062,105,646,867,0.647222,0.038671,73.656930,360,233,1,56,0,278,1.294444,646,31010,2.772532,133.090129,0.500000,4.285714,4.000000,5.000000,5.000000;5.000000;4.000000;4.000000;4.000000;4.000000;4.000000,12,nan,0,5.000000;5.000000;5.000000;5.000000;5.000000;5.000000,0.095333;nan;0.100773;0.111973;1.459028;nan,5.000000;5.000000;5.000000;5.000000;5.000000;5.000000,0,0,0,0,0,0,0,0,0,0,483,23184,80,4160,44,2112,28,1224,11,330,0,0,0,0,0,0,0,0,graph_0001__pathPersistency_0.2500,pathPersistency,0.25,graph_0001,epoch_0005
trace,static,0.173595,0.173578,870,678,105,0,0,0.466667,0.023421,73.106692,360,168,0,0,0,46,0.933333,0,0,0.000000,0.000000,0.500000,4.285714,4.000000,5.000000,5.000000;5.000000;4.000000;4.000000;4.000000;4.000000;4.000000,12,nan,0,5.000000;5.000000;5.000000;5.000000;5.000000;5.000000,0.104309;0.098549;0.109749;0.120949;0.132149;0.143349,5.000000;5.000000;5.000000;5.000000;5.000000;5.000000,0,0,0,0,0,0,0,0,0,0,0,0,0,0,0,0,0,0,0,0,0,0,0,0,0,0,0,0,graph_0001__pathPersistency_0.2500,pathPersistency,0.25,graph_0001,epoch_0005
trace,olsr,0.382537,0.382506,1426,1461,105,327,493,0.558333,0.028026,74.932635,360,201,17,0,0,233,1.116667,327,21476,1.626866,106.845771,0.500000,4.285714,4.000000,5.000000,5.000000;5.000000;4.000000;4.000000;4.000000;4.000000;4.000000,12,nan,0,5.000000;5.000000;5.000000;5.000000;5.000000;5.000000,0.095333;0.089573;0.100773;0.111973;0.123173;0.134373,5.000000;5.000000;5.000000;5.000000;5.000000;5.000000,229,13760,98,7716,0,0,0,0,0,0,0,0,0,0,0,0,0,0,0,0,0,0,0,0,0,0,0,0,graph_0001__pathPersistency_0.2500,pathPersistency,0.25,graph_0001,epoch_0002
trace,aodv,0.382309,0.382286,1871,2082,105,646,873,0.663889,0.038903,72.953941,360,239,0,56,0,285,1.327778,646,31064,2.702929,129.974895,0.500000,4.285714,4.000000,5.000000,5.000000;5.000000;4.000000;4.000000;4.000000;4.000000;4.000000,12,nan,0,5.000000;5.000000;5.000000;5.000000;5.000000;5.000000,0.439254;nan;0.100773;0.111973;1.458433;nan,5.000000;5.000000;5.000000;5.000000;5.000000;5.000000,0,0,0,0,0,0,0,0,0,0,483,23184,81,4212,48,2304,24,1064,10,300,0,0,0,0,0,0,0,0,graph_0001__pathPersistency_0.2500,pathPersistency,0.25,graph_0001,epoch_0002
trace,static,0.173208,0.173192,870,678,105,0,0,0.466667,0.023424,73.106739,360,168,0,0,0,46,0.933333,0,0,0.000000,0.000000,0.500000,4.285714,4.000000,5.000000,5.000000;5.000000;4.000000;4.000000;4.000000;4.000000;4.000000,12,nan,0,5.000000;5.000000;5.000000;5.000000;5.000000;5.000000,0.104309;0.098549;0.109749;0.120949;0.132149;0.143349,5.000000;5.000000;5.000000;5.000000;5.000000;5.000000,0,0,0,0,0,0,0,0,0,0,0,0,0,0,0,0,0,0,0,0,0,0,0,0,0,0,0,0,graph_0001__pathPersistency_0.2500,pathPersistency,0.25,graph_0001,epoch_0002
trace,olsr,0.415352,0.415160,1506,1563,105,324,505,0.647222,0.032483,74.285077,360,233,3,0,0,302,1.294444,324,21320,1.390558,91.502146,0.500000,4.285714,4.000000,5.000000,5.000000;5.000000;4.000000;4.000000;4.000000;4.000000;4.000000,12,nan,0,5.000000;5.000000;5.000000;5.000000;5.000000;5.000000,0.095333;0.090043;0.100773;0.111973;0.123173;0.134373,5.000000;5.000000;5.000000;5.000000;5.000000;5.000000,228,13696,96,7624,0,0,0,0,0,0,0,0,0,0,0,0,0,0,0,0,0,0,0,0,0,0,0,0,graph_0004__pathPersistency_0.5000,pathPersistency,0.5,graph_0004,epoch_0001
trace,aodv,0.372144,0.371997,1849,2074,105,655,896,0.644444,0.037757,73.390037,360,232,7,56,0,281,1.288889,655,31496,2.823276,135.758621,0.500000,4.285714,4.000000,5.000000,5.000000;5.000000;4.000000;4.000000;4.000000;4.000000;4.000000,12,nan,0,5.000000;5.000000;5.000000;5.000000;5.000000;5.000000,1.433685;nan;0.100773;0.111973;0.123173;nan,5.000000;5.000000;5.000000;5.000000;5.000000;5.000000,0,0,0,0,0,0,0,0,0,0,476,22848,86,4472,51,2448,38,1608,4,120,0,0,0,0,0,0,0,0,graph_0004__pathPersistency_0.5000,pathPersistency,0.5,graph_0004,epoch_0001
trace,static,0.170019,0.170003,867,675,105,0,0,0.466667,0.023421,73.106687,360,168,0,0,0,44,0.933333,0,0,0.000000,0.000000,0.500000,4.285714,4.000000,5.000000,5.000000;5.000000;4.000000;4.000000;4.000000;4.000000;4.000000,12,nan,0,5.000000;5.000000;5.000000;5.000000;5.000000;5.000000,0.104309;0.098549;0.109749;0.120949;0.132149;0.143349,5.000000;5.000000;5.000000;5.000000;5.000000;5.000000,0,0,0,0,0,0,0,0,0,0,0,0,0,0,0,0,0,0,0,0,0,0,0,0,0,0,0,0,graph_0004__pathPersistency_0.5000,pathPersistency,0.5,graph_0004,epoch_0001
trace,olsr,0.400407,0.400399,1507,1566,105,325,511,0.644444,0.032345,74.467496,360,232,0,0,0,298,1.288889,325,21400,1.400862,92.241379,0.500000,4.285714,4.000000,5.000000,5.000000;5.000000;4.000000;4.000000;4.000000;4.000000;4.000000,12,nan,0,5.000000;5.000000;5.000000;5.000000;5.000000;5.000000,0.095333;0.089573;0.100773;0.111973;0.123173;0.134373,5.000000;5.000000;5.000000;5.000000;5.000000;5.000000,229,13760,96,7640,0,0,0,0,0,0,0,0,0,0,0,0,0,0,0,0,0,0,0,0,0,0,0,0,graph_0004__pathPersistency_0.5000,pathPersistency,0.5,graph_0004,epoch_0003
trace,aodv,0.378616,0.378545,1844,2086,105,643,897,0.661111,0.038746,72.839767,360,238,5,56,0,252,1.322222,643,31016,2.701681,130.319328,0.500000,4.285714,4.000000,5.000000,5.000000;5.000000;4.000000;4.000000;4.000000;4.000000;4.000000,12,nan,0,5.000000;5.000000;5.000000;5.000000;5.000000;5.000000,1.429945;nan;0.100773;0.111973;0.123173;nan,5.000000;5.000000;5.000000;5.000000;5.000000;5.000000,0,0,0,0,0,0,0,0,0,0,476,22848,86,4472,51,2448,26,1128,4,120,0,0,0,0,0,0,0,0,graph_0004__pathPersistency_0.5000,pathPersistency,0.5,graph_0004,epoch_0003
trace,static,0.173732,0.173697,867,675,105,0,0,0.466667,0.023422,73.106706,360,168,0,0,0,44,0.933333,0,0,0.000000,0.000000,0.500000,4.285714,4.000000,5.000000,5.000000;5.000000;4.000000;4.000000;4.000000;4.000000;4.000000,12,nan,0,5.000000;5.000000;5.000000;5.000000;5.000000;5.000000,0.104309;0.098549;0.109749;0.120949;0.132149;0.143349,5.000000;5.000000;5.000000;5.000000;5.000000;5.000000,0,0,0,0,0,0,0,0,0,0,0,0,0,0,0,0,0,0,0,0,0,0,0,0,0,0,0,0,graph_0004__pathPersistency_0.5000,pathPersistency,0.5,graph_0004,epoch_0003
trace,olsr,0.383667,0.383646,1487,1542,105,327,507,0.627778,0.032319,73.415045,360,226,9,0,0,309,1.255556,327,21560,1.446903,95.398230,0.500000,4.285714,4.000000,5.000000,5.000000;5.000000;4.000000;4.000000;4.000000;4.000000;4.000000,12,nan,0,5.000000;5.000000;5.000000;5.000000;5.000000;5.000000,0.095333;0.089573;0.100773;0.111973;0.123173;0.134373,5.000000;5.000000;5.000000;5.000000;5.000000;5.000000,230,13824,97,7736,0,0,0,0,0,0,0,0,0,0,0,0,0,0,0,0,0,0,0,0,0,0,0,0,graph_0004__pathPersistency_0.5000,pathPersistency,0.5,graph_0004,epoch_0004
trace,aodv,0.369109,0.368993,1844,2082,105,642,893,0.661111,0.038730,72.839399,360,238,4,56,0,244,1.322222,642,30976,2.697479,130.151261,0.500000,4.285714,4.000000,5.000000,5.000000;5.000000;4.000000;4.000000;4.000000;4.000000;4.000000,12,nan,0,5.000000;5.000000;5.000000;5.000000;5.000000;5.000000,1.425970;nan;0.100773;0.111973;0.123173;nan,5.000000;5.000000;5.000000;5.000000;5.000000;5.000000,0,0,0,0,0,0,0,0,0,0,476,22848,86,4472,51,2448,25,1088,4,120,0,0,0,0,0,0,0,0,graph_0004__pathPersistency_0.5000,pathPersistency,0.5,graph_0004,epoch_0004
trace,static,0.168610,0.168588,867,675,105,0,0,0.466667,0.023422,73.106698,360,168,0,0,0,44,0.933333,0,0,0.000000,0.000000,0.500000,4.285714,4.000000,5.000000,5.000000;5.000000;4.000000;4.000000;4.000000;4.000000;4.000000,12,nan,0,5.000000;5.000000;5.000000;5.000000;5.000000;5.000000,0.104309;0.098549;0.109749;0.120949;0.132149;0.143349,5.000000;5.000000;5.000000;5.000000;5.000000;5.000000,0,0,0,0,0,0,0,0,0,0,0,0,0,0,0,0,0,0,0,0,0,0,0,0,0,0,0,0,graph_0004__pathPersistency_0.5000,pathPersistency,0.5,graph_0004,epoch_0004
trace,olsr,0.392703,0.392685,1514,1576,105,330,518,0.647222,0.032479,74.432169,360,233,1,0,0,304,1.294444,330,21608,1.416309,92.738197,0.500000,4.285714,4.000000,5.000000,5.000000;5.000000;4.000000;4.000000;4.000000;4.000000;4.000000,12,nan,0,5.000000;5.000000;5.000000;5.000000;5.000000;5.000000,0.095333;0.089573;0.100773;0.111973;0.123173;0.134373,5.000000;5.000000;5.000000;5.000000;5.000000;5.000000,229,13760,101,7848,0,0,0,0,0,0,0,0,0,0,0,0,0,0,0,0,0,0,0,0,0,0,0,0,graph_0004__pathPersistency_0.5000,pathPersistency,0.5,graph_0004,epoch_0005
trace,aodv,0.375420,0.375395,1830,2062,105,637,890,0.641667,0.037589,73.474831,360,231,3,56,0,296,1.283333,637,30688,2.757576,132.848485,0.500000,4.285714,4.000000,5.000000,5.000000;5.000000;4.000000;4.000000;4.000000;4.000000;4.000000,12,nan,0,5.000000;5.000000;5.000000;5.000000;5.000000;5.000000,1.423441;nan;0.100773;0.111973;0.123173;nan,5.000000;5.000000;5.000000;5.000000;5.000000;5.000000,0,0,0,0,0,0,0,0,0,0,479,22992,78,4056,50,2400,26,1120,4,120,0,0,0,0,0,0,0,0,graph_0004__pathPersistency_0.5000,pathPersistency,0.5,graph_0004,epoch_0005
trace,static,0.168525,0.168375,867,675,105,0,0,0.466667,0.023418,73.106646,360,168,0,0,0,44,0.933333,0,0,0.000000,0.000000,0.500000,4.285714,4.000000,5.000000,5.000000;5.000000;4.000000;4.000000;4.000000;4.000000;4.000000,12,nan,0,5.000000;5.000000;5.000000;5.000000;5.000000;5.000000,0.104309;0.098549;0.109749;0.120949;0.132149;0.143349,5.000000;5.000000;5.000000;5.000000;5.000000;5.000000,0,0,0,0,0,0,0,0,0,0,0,0,0,0,0,0,0,0,0,0,0,0,0,0,0,0,0,0,graph_0004__pathPersistency_0.5000,pathPersistency,0.5,graph_0004,epoch_0005
trace,olsr,0.396190,0.396182,1515,1574,105,327,511,0.650000,0.032623,74.405416,360,234,1,0,0,302,1.300000,327,21560,1.397436,92.136752,0.500000,4.285714,4.000000,5.000000,5.000000;5.000000;4.000000;4.000000;4.000000;4.000000;4.000000,12,nan,0,5.000000;5.000000;5.000000;5.000000;5.000000;5.000000,0.095333;0.089573;0.100773;0.111973;0.123173;0.134373,5.000000;5.000000;5.000000;5.000000;5.000000;5.000000,230,13824,97,7736,0,0,0,0,0,0,0,0,0,0,0,0,0,0,0,0,0,0,0,0,0,0,0,0,graph_0004__pathPersistency_0.5000,pathPersistency,0.5,graph_0004,epoch_0002
trace,aodv,0.371419,0.371291,1827,2052,105,639,887,0.636111,0.038000,73.834434,360,229,3,56,0,253,1.272222,639,30832,2.790393,134.637555,0.500000,4.285714,4.000000,5.000000,5.000000;5.000000;4.000000;4.000000;4.000000;4.000000;4.000000,12,nan,0,5.000000;5.000000;5.000000;5.000000;5.000000;5.000000,1.423334;nan;0.100773;0.111973;0.123173;nan,5.000000;5.000000;5.000000;5.000000;5.000000;5.000000,0,0,0,0,0,0,0,0,0,0,476,22848,84,4368,51,2448,24,1048,4,120,0,0,0,0,0,0,0,0,graph_0004__pathPersistency_0.5000,pathPersistency,0.5,graph_0004,epoch_0002
trace,static,0.171890,0.171873,867,675,105,0,0,0.466667,0.023422,73.106698,360,168,0,0,0,44,0.933333,0,0,0.000000,0.000000,0.500000,4.285714,4.000000,5.000000,5.000000;5.000000;4.000000;4.000000;4.000000;4.000000;4.000000,12,nan,0,5.000000;5.000000;5.000000;5.000000;5.000000;5.000000,0.104309;0.098549;0.109749;0.120949;0.132149;0.143349,5.000000;5.000000;5.000000;5.000000;5.000000;5.000000,0,0,0,0,0,0,0,0,0,0,0,0,0,0,0,0,0,0,0,0,0,0,0,0,0,0,0,0,graph_0004__pathPersistency_0.5000,pathPersistency,0.5,graph_0004,epoch_0002
