scenario,protocol,wall_time_s,cpu_time_s,ip_tx_cb_calls,ip_rx_cb_calls,frame_apply_calls,routing_tx,routing_rx,pdr,goodput_mbps,eed_mean_s,app_tx_pkts,app_rx_pkts,ip_drop_no_route,ip_drop_route_err,phy_tx_drop,phy_rx_drop,routing_efficiency,control_packets,control_bytes,control_packets_per_delivered,control_bytes_per_delivered,oracle_uptime_ratio,oracle_mean_up_run_s,oracle_median_up_run_s,oracle_p90_up_run_s,oracle_up_runs_s,oracle_transition_count,oracle_path_identity_retention,oracle_has_alternative_paths,oracle_outage_durations_s,reestablishment_times_s,reestablishment_outage_durations_s,olsr_hello_packets,olsr_hello_bytes,olsr_tc_packets,olsr_tc_bytes,olsr_mid_packets,olsr_mid_bytes,olsr_hna_packets,olsr_hna_bytes,olsr_other_packets,olsr_other_bytes,aodv_hello_packets,aodv_hello_bytes,aodv_rreq_packets,aodv_rreq_bytes,aodv_rrep_packets,aodv_rrep_bytes,aodv_rerr_packets,aodv_rerr_bytes,aodv_rrep_ack_packets,aodv_rrep_ack_bytes,aodv_other_packets,aodv_other_bytes,dsdv_update_packets,dsdv_update_bytes,dsdv_other_packets,dsdv_other_bytes,static_other_packets,static_other_bytes,label,param_name,param_value,realization_id,replay_epoch
trace,olsr,0.328319,0.328073,1036,1595,105,575,1267,0.091667,0.009993,56.041529,360,33,27,0,0,315,0.183333,575,43340,17.424242,1313.333333,0.500000,2.307692,2.000000,3.000000,3.000000;3.000000;3.000000;3.000000;2.000000;2.000000;2.000000;2.000000;2.000000;2.000000;2.000000;2.000000;2.000000,24,0.705882,1,3.000000;3.000000;3.000000;3.000000;3.000000;3.000000;2.000000;2.000000;2.000000;2.000000;2.000000;2.000000,nan;nan;nan;1.219699;nan;nan;nan;nan;nan;nan;nan;nan,3.000000;3.000000;3.000000;3.000000;3.000000;3.000000;2.000000;2.000000;2.000000;2.000000;2.000000;2.000000,349,23748,226,19592,0,0,0,0,0,0,0,0,0,0,0,0,0,0,0,0,0,0,0,0,0,0,0,0,graph_0002__stability_0.6000,stability,0.6,graph_0002,epoch_0001
trace,aodv,0.722785,0.721888,2939,3780,105,1371,2324,0.436111,0.022099,80.653009,360,157,35,56,0,916,0.872222,1371,65174,8.732484,415.121019,0.500000,2.307692,2.000000,3.000000,3.000000;3.000000;3.000000;3.000000;2.000000;2.000000;2.000000;2.000000;2.000000;2.000000;2.000000;2.000000;2.000000,24,0.705882,1,3.000000;3.000000;3.000000;3.000000;3.000000;3.000000;2.000000;2.000000;2.000000;2.000000;2.000000;2.000000,2.529415;0.914573;1.320965;1.591628;nan;nan;nan;0.538906;0.140133;1.584384;1.652497;0.122651,3.000000;3.000000;3.000000;3.000000;3.000000;3.000000;2.000000;2.000000;2.000000;2.000000;2.000000;2.000000,0,0,0,0,0,0,0,0,0,0,727,34896,236,12272,176,8448,209,8816,21,630,2,112,0,0,0,0,0,0,graph_0002__stability_0.6000,stability,0.6,graph_0002,epoch_0001
trace,static,0.268967,0.268758,1071,864,105,0,0,0.425000,0.021390,73.066623,360,153,0,0,0,232,0.850000,0,0,0.000000,0.000000,0.500000,2.307692,2.000000,3.000000,3.000000;3.000000;3.000000;3.000000;2.000000;2.000000;2.000000;2.000000;2.000000;2.000000;2.000000;2.000000;2.000000,24,0.705882,1,3.000000;3.000000;3.000000;3.000000;3.000000;3.000000;2.000000;2.000000;2.000000;2.000000;2.000000;2.000000,0.225769;0.085655;0.166350;0.028240;0.110033;0.034493;0.112297;0.062813;0.149109;0.091268;0.013997;0.110077,3.000000;3.000000;3.000000;3.000000;3.000000;3.000000;2.000000;2.000000;2.000000;2.000000;2.000000;2.000000,0,0,0,0,0,0,0,0,0,0,0,0,0,0,0,0,0,0,0,0,0,0,0,0,0,0,0,0,graph_0002__stability_0.6000,stability,0.6,graph_0002,epoch_0001
trace,olsr,0.440547,0.440526,1313,1793,105,548,1215,0.125000,0.007767,64.929099,360,45,43,0,0,421,0.250000,548,41312,12.177778,918.044444,0.500000,2.307692,2.000000,3.000000,3.000000;3.000000;3.000000;3.000000;2.000000;2.000000;2.000000;2.000000;2.000000;2.000000;2.000000;2.000000;2.000000,24,0.705882,1,3.000000;3.000000;3.000000;3.000000;3.000000;3.000000;2.000000;2.000000;2.000000;2.000000;2.000000;2.000000,nan;2.219417;nan;nan;nan;0.276141;1.422693;nan;1.212655;nan;nan;nan,3.000000;3.000000;3.000000;3.000000;3.000000;3.000000;2.000000;2.000000;2.000000;2.000000;2.000000;2.000000,356,24168,191,17088,0,0,0,0,1,56,0,0,0,0,0,0,0,0,0,0,0,0,0,0,0,0,0,0,graph_0002__stability_0.6000,stability,0.6,graph_0002,epoch_0003
trace,aodv,0.685598,0.685543,2786,3632,105,1240,2184,0.530556,0.026886,79.036243,360,191,15,56,0,877,1.061111,1240,59244,6.492147,310.178010,0.500000,2.307692,2.000000,3.000000,3.000000;3.000000;3.000000;3.000000;2.000000;2.000000;2.000000;2.000000;2.000000;2.000000;2.000000;2.000000;2.000000,24,0.705882,1,3.000000;3.000000;3.000000;3.000000;3.000000;3.000000;2.000000;2.000000;2.000000;2.000000;2.000000;2.000000,2.511275;0.518301;0.677880;nan;nan;0.219718;1.616161;0.245164;0.140133;1.761644;1.674547;0.147038,3.000000;3.000000;3.000000;3.000000;3.000000;3.000000;2.000000;2.000000;2.000000;2.000000;2.000000;2.000000,0,0,0,0,0,0,0,0,0,0,731,35088,204,10608,158,7584,128,5368,18,540,1,56,0,0,0,0,0,0,graph_0002__stability_0.6000,stability,0.6,graph_0002,epoch_0003
trace,static,0.267863,0.267830,1069,861,105,0,0,0.422222,0.021248,73.055422,360,152,0,0,0,227,0.844444,0,0,0.000000,0.000000,0.500000,2.307692,2.000000,3.000000,3.000000;3.000000;3.000000;3.000000;2.000000;2.000000;2.000000;2.000000;2.000000;2.000000;2.000000;2.000000;2.000000,24,0.705882,1,3.000000;3.000000;3.000000;3.000000;3.000000;3.000000;2.000000;2.000000;2.000000;2.000000;2.000000;2.000000,0.224075;0.084675;0.161544;0.032100;0.110033;0.034493;0.112297;0.062813;0.149109;0.088564;0.013997;0.110077,3.000000;3.000000;3.000000;3.000000;3.000000;3.000000;2.000000;2.000000;2.000000;2.000000;2.000000;2.000000,0,0,0,0,0,0,0,0,0,0,0,0,0,0,0,0,0,0,0,0,0,0,0,0,0,0,0,0,graph_0002__stability_0.6000,stability,0.6,graph_0002,epoch_0003
trace,olsr,0.389919,0.389904,1218,1711,105,565,1251,0.144444,0.008977,63.941322,360,52,33,0,0,458,0.288889,565,42328,10.865385,814.000000,0.500000,2.307692,2.000000,3.000000,3.000000;3.000000;3.000000;3.000000;2.000000;2.000000;2.000000;2.000000;2.000000;2.000000;2.000000;2.000000;2.000000,24,0.705882,1,3.000000;3.000000;3.000000;3.000000;3.000000;3.000000;2.000000;2.000000;2.000000;2.000000;2.000000;2.000000,nan;2.211457;nan;1.660133;nan;1.219531;nan;nan;1.216127;nan;nan;nan,3.000000;3.000000;3.000000;3.000000;3.000000;3.000000;2.000000;2.000000;2.000000;2.000000;2.000000;2.000000,349,23744,216,18584,0,0,0,0,0,0,0,0,0,0,0,0,0,0,0,0,0,0,0,0,0,0,0,0,graph_0002__stability_0.6000,stability,0.6,graph_0002,epoch_0004
trace,aodv,0.656768,0.656701,2677,3519,105,1324,2294,0.427778,0.021673,81.679773,360,154,22,56,0,923,0.855556,1324,63298,8.597403,411.025974,0.500000,2.307692,2.000000,3.000000,3.000000;3.000000;3.000000;3.000000;2.000000;2.000000;2.000000;2.000000;2.000000;2.000000;2.000000;2.000000;2.000000,24,0.705882,1,3.000000;3.000000;3.000000;3.000000;3.000000;3.000000;2.000000;2.000000;2.000000;2.000000;2.000000;2.000000,2.531475;0.946429;0.670835;nan;nan;1.266045;0.296728;0.227886;0.140133;1.589678;0.005021;0.128471,3.000000;3.000000;3.000000;3.000000;3.000000;3.000000;2.000000;2.000000;2.000000;2.000000;2.000000;2.000000,0,0,0,0,0,0,0,0,0,0,719,34512,248,12896,185,8880,153,6440,19,570,0,0,0,0,0,0,0,0,graph_0002__stability_0.6000,stability,0.6,graph_0002,epoch_0004
trace,static,0.257405,0.257391,1071,863,105,0,0,0.422222,0.021310,72.864707,360,152,0,0,0,231,0.844444,0,0,0.000000,0.000000,0.500000,2.307692,2.000000,3.000000,3.000000;3.000000;3.000000;3.000000;2.000000;2.000000;2.000000;2.000000;2.000000;2.000000;2.000000;2.000000;2.000000,24,0.705882,1,3.000000;3.000000;3.000000;3.000000;3.000000;3.000000;2.000000;2.000000;2.000000;2.000000;2.000000;2.000000,0.229975;0.090651;0.167330;0.025360;0.110033;0.034493;0.112297;0.062813;0.149109;0.084344;0.013997;0.110077,3.000000;3.000000;3.000000;3.000000;3.000000;3.000000;2.000000;2.000000;2.000000;2.000000;2.000000;2.000000,0,0,0,0,0,0,0,0,0,0,0,0,0,0,0,0,0,0,0,0,0,0,0,0,0,0,0,0,graph_0002__stability_0.6000,stability,0.6,graph_0002,epoch_0004
trace,olsr,0.318008,0.317978,993,1523,105,547,1210,0.077778,0.008998,53.801546,360,28,33,0,0,301,0.155556,547,41236,19.535714,1472.714286,0.500000,2.307692,2.000000,3.000000,3.000000;3.000000;3.000000;3.000000;2.000000;2.000000;2.000000;2.000000;2.000000;2.000000;2.000000;2.000000;2.000000,24,0.705882,1,3.000000;3.000000;3.000000;3.000000;3.000000;3.000000;2.000000;2.000000;2.000000;2.000000;2.000000;2.000000,nan;nan;nan;1.220359;nan;nan;nan;nan;nan;nan;nan;nan,3.000000;3.000000;3.000000;3.000000;3.000000;3.000000;2.000000;2.000000;2.000000;2.000000;2.000000;2.000000,356,24224,191,17012,0,0,0,0,0,0,0,0,0,0,0,0,0,0,0,0,0,0,0,0,0,0,0,0,graph_0002__stability_0.6000,stability,0.6,graph_0002,epoch_0005
trace,aodv,0.707387,0.707324,2780,3646,105,1334,2313,0.483333,0.024498,81.779614,360,174,18,56,0,912,0.966667,1334,63690,7.666667,366.034483,0.500000,2.307692,2.000000,3.000000,3.000000;3.000000;3.000000;3.000000;2.000000;2.000000;2.000000;2.000000;2.000000;2.000000;2.000000;2.000000;2.000000,24,0.705882,1,3.000000;3.000000;3.000000;3.000000;3.000000;3.000000;2.000000;2.000000;2.000000;2.000000;2.000000;2.000000,2.507295;0.935536;0.325467;nan;nan;0.043939;1.616160;0.238807;0.148839;1.588760;1.678683;0.143108,3.000000;3.000000;3.000000;3.000000;3.000000;3.000000;2.000000;2.000000;2.000000;2.000000;2.000000;2.000000,0,0,0,0,0,0,0,0,0,0,728,34944,222,11544,189,9072,172,7336,19,570,4,224,0,0,0,0,0,0,graph_0002__stability_0.6000,stability,0.6,graph_0002,epoch_0005
trace,static,0.266200,0.266181,1065,856,105,0,0,0.419444,0.021173,72.786115,360,151,0,0,0,229,0.838889,0,0,0.000000,0.000000,0.500000,2.307692,2.000000,3.000000,3.000000;3.000000;3.000000;3.000000;2.000000;2.000000;2.000000;2.000000;2.000000;2.000000;2.000000;2.000000;2.000000,24,0.705882,1,3.000000;3.000000;3.000000;3.000000;3.000000;3.000000;2.000000;2.000000;2.000000;2.000000;2.000000;2.000000,0.225743;0.085711;0.165090;0.027280;0.110033;0.034493;0.112297;0.062733;0.149109;0.098544;0.013997;0.118973,3.000000;3.000000;3.000000;3.000000;3.000000;3.000000;2.000000;2.000000;2.000000;2.000000;2.000000;2.000000,0,0,0,0,0,0,0,0,0,0,0,0,0,0,0,0,0,0,0,0,0,0,0,0,0,0,0,0,graph_0002__stability_0.6000,stability,0.6,graph_0002,epoch_0005
trace,olsr,0.439499,0.438947,1295,1754,105,555,1224,0.150000,0.009386,63.790967,360,54,27,0,0,475,0.300000,555,41632,10.277778,770.962963,0.500000,2.307692,2.000000,3.000000,3.000000;3.000000;3.000000;3.000000;2.000000;2.000000;2.000000;2.000000;2.000000;2.000000;2.000000;2.000000;2.000000,24,0.705882,1,3.000000;3.000000;3.000000;3.000000;3.000000;3.000000;2.000000;2.000000;2.000000;2.000000;2.000000;2.000000,2.225382;nan;nan;1.220677;nan;1.222777;nan;nan;1.214349;nan;nan;nan,3.000000;3.000000;3.000000;3.000000;3.000000;3.000000;2.000000;2.000000;2.000000;2.000000;2.000000;2.000000,358,24392,197,17240,0,0,0,0,0,0,0,0,0,0,0,0,0,0,0,0,0,0,0,0,0,0,0,0,graph_0002__stability_0.6000,stability,0.6,graph_0002,epoch_0002
trace,aodv,0.782734,0.781563,3124,4001,105,1312,2277,0.702778,0.035611,78.010290,360,253,19,0,0,1069,1.405556,1312,62594,5.185771,247.407115,0.500000,2.307692,2.000000,3.000000,3.000000;3.000000;3.000000;3.000000;2.000000;2.000000;2.000000;2.000000;2.000000;2.000000;2.000000;2.000000;2.000000,24,0.705882,1,3.000000;3.000000;3.000000;3.000000;3.000000;3.000000;2.000000;2.000000;2.000000;2.000000;2.000000;2.000000,2.504455;0.510244;0.660314;1.588801;0.101057;0.793203;1.597584;nan;0.006591;1.581512;1.683168;0.128368,3.000000;3.000000;3.000000;3.000000;3.000000;3.000000;2.000000;2.000000;2.000000;2.000000;2.000000;2.000000,0,0,0,0,0,0,0,0,0,0,720,34560,225,11700,177,8496,169,7208,21,630,0,0,0,0,0,0,0,0,graph_0002__stability_0.6000,stability,0.6,graph_0002,epoch_0002
trace,static,0.266598,0.266273,1069,860,105,0,0,0.419444,0.021169,72.852205,360,151,0,0,0,230,0.838889,0,0,0.000000,0.000000,0.500000,2.307692,2.000000,3.000000,3.000000;3.000000;3.000000;3.000000;2.000000;2.000000;2.000000;2.000000;2.000000;2.000000;2.000000;2.000000;2.000000,24,0.705882,1,3.000000;3.000000;3.000000;3.000000;3.000000;3.000000;2.000000;2.000000;2.000000;2.000000;2.000000;2.000000,0.228255;0.089595;0.163450;0.030180;0.110033;0.034493;0.112297;0.062813;0.149109;0.094924;0.013997;0.110077,3.000000;3.000000;3.000000;3.000000;3.000000;3.000000;2.000000;2.000000;2.000000;2.000000;2.000000;2.000000,0,0,0,0,0,0,0,0,0,0,0,0,0,0,0,0,0,0,0,0,0,0,0,0,0,0,0,0,graph_0002__stability_0.6000,stability,0.6,graph_0002,epoch_0002
trace,olsr,0.500374,0.500227,1521,1782,105,575,1078,0.244444,0.012344,66.560844,360,88,0,0,0,576,0.488889,575,42636,6.534091,484.500000,0.500000,2.307692,2.000000,3.000000,3.000000;3.000000;3.000000;3.000000;2.000000;2.000000;2.000000;2.000000;2.000000;2.000000;2.000000;2.000000;2.000000,24,0.882353,1,3.000000;3.000000;3.000000;3.000000;3.000000;3.000000;2.000000;2.000000;2.000000;2.000000;2.000000;2.000000,1.210893;nan;2.262119;0.021733;nan;nan;nan;nan;0.140133;1.236855;nan;0.273283,3.000000;3.000000;3.000000;3.000000;3.000000;3.000000;2.000000;2.000000;2.000000;2.000000;2.000000;2.000000,354,23048,221,19588,0,0,0,0,0,0,0,0,0,0,0,0,0,0,0,0,0,0,0,0,0,0,0,0,graph_0004__stability_0.6000,stability,0.6,graph_0004,epoch_0001
trace,aodv,0.645765,0.645691,2657,3307,105,1241,1961,0.613889,0.031342,74.808444,360,221,13,56,0,852,1.227778,1241,59378,5.615385,268.678733,0.500000,2.307692,2.000000,3.000000,3.000000;3.000000;3.000000;3.000000;2.000000;2.000000;2.000000;2.000000;2.000000;2.000000;2.000000;2.000000;2.000000,24,0.882353,1,3.000000;3.000000;3.000000;3.000000;3.000000;3.000000;2.000000;2.000000;2.000000;2.000000;2.000000;2.000000,1.674642;2.616430;1.810609;0.622724;1.592236;1.526624;0.155722;nan;nan;1.474312;nan;0.100453,3.000000;3.000000;3.000000;3.000000;3.000000;3.000000;2.000000;2.000000;2.000000;2.000000;2.000000;2.000000,0,0,0,0,0,0,0,0,0,0,741,35568,190,9880,170,8160,122,5152,15,450,3,168,0,0,0,0,0,0,graph_0004__stability_0.6000,stability,0.6,graph_0004,epoch_0001
trace,static,0.260852,0.260830,1079,875,105,0,0,0.433333,0.021882,72.928948,360,156,0,0,0,200,0.866667,0,0,0.000000,0.000000,0.500000,2.307692,2.000000,3.000000,3.000000;3.000000;3.000000;3.000000;2.000000;2.000000;2.000000;2.000000;2.000000;2.000000;2.000000;2.000000;2.000000,24,0.882353,1,3.000000;3.000000;3.000000;3.000000;3.000000;3.000000;2.000000;2.000000;2.000000;2.000000;2.000000;2.000000,0.191163;0.101013;0.156016;0.045233;0.110317;0.025577;0.130493;0.061621;0.140133;0.081857;0.014281;0.100453,3.000000;3.000000;3.000000;3.000000;3.000000;3.000000;2.000000;2.000000;2.000000;2.000000;2.000000;2.000000,0,0,0,0,0,0,0,0,0,0,0,0,0,0,0,0,0,0,0,0,0,0,0,0,0,0,0,0,graph_0004__stability_0.6000,stability,0.6,graph_0004,epoch_0001
trace,olsr,0.452179,0.452170,1363,1648,105,566,1064,0.208333,0.011486,64.122721,360,75,10,0,0,489,0.416667,566,42044,7.546667,560.586667,0.500000,2.307692,2.000000,3.000000,3.000000;3.000000;3.000000;3.000000;2.000000;2.000000;2.000000;2.000000;2.000000;2.000000;2.000000;2.000000;2.000000,24,0.882353,1,3.000000;3.000000;3.000000;3.000000;3.000000;3.000000;2.000000;2.000000;2.000000;2.000000;2.000000;2.000000,1.221025;2.247441;nan;0.021733;nan;1.499509;nan;nan;0.140133;1.236855;nan;nan,3.000000;3.000000;3.000000;3.000000;3.000000;3.000000;2.000000;2.000000;2.000000;2.000000;2.000000;2.000000,356,23248,210,18796,0,0,0,0,0,0,0,0,0,0,0,0,0,0,0,0,0,0,0,0,0,0,0,0,graph_0004__stability_0.6000,stability,0.6,graph_0004,epoch_0003
trace,aodv,0.724332,0.724298,2955,3547,105,1257,1940,0.608333,0.032728,76.295315,360,219,33,0,0,892,1.216667,1257,59746,5.739726,272.812785,0.500000,2.307692,2.000000,3.000000,3.000000;3.000000;3.000000;3.000000;2.000000;2.000000;2.000000;2.000000;2.000000;2.000000;2.000000;2.000000;2.000000,24,0.882353,1,3.000000;3.000000;3.000000;3.000000;3.000000;3.000000;2.000000;2.000000;2.000000;2.000000;2.000000;2.000000,1.680332;0.061981;2.107485;0.615185;1.672504;1.367911;1.461330;1.715288;nan;nan;0.224809;nan,3.000000;3.000000;3.000000;3.000000;3.000000;3.000000;2.000000;2.000000;2.000000;2.000000;2.000000;2.000000,0,0,0,0,0,0,0,0,0,0,742,35616,182,9464,151,7248,160,6680,19,570,3,168,0,0,0,0,0,0,graph_0004__stability_0.6000,stability,0.6,graph_0004,epoch_0003
trace,static,0.267095,0.267082,1076,871,105,0,0,0.430556,0.021740,72.852691,360,155,0,0,0,197,0.861111,0,0,0.000000,0.000000,0.500000,2.307692,2.000000,3.000000,3.000000;3.000000;3.000000;3.000000;2.000000;2.000000;2.000000;2.000000;2.000000;2.000000;2.000000;2.000000;2.000000,24,0.882353,1,3.000000;3.000000;3.000000;3.000000;3.000000;3.000000;2.000000;2.000000;2.000000;2.000000;2.000000;2.000000,0.186083;0.114653;0.151856;0.044453;0.110317;0.025577;0.130493;0.065513;0.140133;0.081857;0.014281;0.100453,3.000000;3.000000;3.000000;3.000000;3.000000;3.000000;2.000000;2.000000;2.000000;2.000000;2.000000;2.000000,0,0,0,0,0,0,0,0,0,0,0,0,0,0,0,0,0,0,0,0,0,0,0,0,0,0,0,0,graph_0004__stability_0.6000,stability,0.6,graph_0004,epoch_0003
trace,olsr,0.440928,0.440764,1377,1685,105,580,1076,0.233333,0.011750,67.860043,360,84,10,0,0,519,0.466667,580,43868,6.904762,522.238095,0.500000,2.307692,2.000000,3.000000,3.000000;3.000000;3.000000;3.000000;2.000000;2.000000;2.000000;2.000000;2.000000;2.000000;2.000000;2.000000;2.000000,24,0.882353,1,3.000000;3.000000;3.000000;3.000000;3.000000;3.000000;2.000000;2.000000;2.000000;2.000000;2.000000;2.000000,1.162167;nan;2.262119;0.021733;nan;nan;nan;nan;0.140133;1.236855;nan;0.100453,3.000000;3.000000;3.000000;3.000000;3.000000;3.000000;2.000000;2.000000;2.000000;2.000000;2.000000;2.000000,352,22944,228,20924,0,0,0,0,0,0,0,0,0,0,0,0,0,0,0,0,0,0,0,0,0,0,0,0,graph_0004__stability_0.6000,stability,0.6,graph_0004,epoch_0004
trace,aodv,0.641864,0.641819,2593,3237,105,1279,2006,0.494444,0.026598,68.271517,360,178,23,57,0,735,0.988889,1279,61148,7.185393,343.528090,0.500000,2.307692,2.000000,3.000000,3.000000;3.000000;3.000000;3.000000;2.000000;2.000000;2.000000;2.000000;2.000000;2.000000;2.000000;2.000000;2.000000,24,0.882353,1,3.000000;3.000000;3.000000;3.000000;3.000000;3.000000;2.000000;2.000000;2.000000;2.000000;2.000000;2.000000,0.163173;2.210361;1.860901;0.620148;1.609338;1.505164;nan;0.543963;nan;nan;1.288040;nan,3.000000;3.000000;3.000000;3.000000;3.000000;3.000000;2.000000;2.000000;2.000000;2.000000;2.000000;2.000000,0,0,0,0,0,0,0,0,0,0,740,35520,185,9620,197,9456,139,5960,16,480,2,112,0,0,0,0,0,0,graph_0004__stability_0.6000,stability,0.6,graph_0004,epoch_0004
trace,static,0.274387,0.274364,1079,875,105,0,0,0.433333,0.021883,72.928925,360,156,0,0,0,198,0.866667,0,0,0.000000,0.000000,0.500000,2.307692,2.000000,3.000000,3.000000;3.000000;3.000000;3.000000;2.000000;2.000000;2.000000;2.000000;2.000000;2.000000;2.000000;2.000000;2.000000,24,0.882353,1,3.000000;3.000000;3.000000;3.000000;3.000000;3.000000;2.000000;2.000000;2.000000;2.000000;2.000000;2.000000,0.187963;0.099457;0.145276;0.044413;0.110317;0.025577;0.130493;0.062617;0.140133;0.081857;0.014281;0.100453,3.000000;3.000000;3.000000;3.000000;3.000000;3.000000;2.000000;2.000000;2.000000;2.000000;2.000000;2.000000,0,0,0,0,0,0,0,0,0,0,0,0,0,0,0,0,0,0,0,0,0,0,0,0,0,0,0,0,graph_0004__stability_0.6000,stability,0.6,graph_0004,epoch_0004
trace,olsr,0.510893,0.510864,1592,1866,105,569,1059,0.230556,0.013196,63.781271,360,83,32,0,0,572,0.461111,569,42216,6.855422,508.626506,0.500000,2.307692,2.000000,3.000000,3.000000;3.000000;3.000000;3.000000;2.000000;2.000000;2.000000;2.000000;2.000000;2.000000;2.000000;2.000000;2.000000,24,0.882353,1,3.000000;3.000000;3.000000;3.000000;3.000000;3.000000;2.000000;2.000000;2.000000;2.000000;2.000000;2.000000,1.210433;2.364363;2.262119;0.021733;nan;1.527537;nan;nan;0.140133;1.383093;nan;nan,3.000000;3.000000;3.000000;3.000000;3.000000;3.000000;2.000000;2.000000;2.000000;2.000000;2.000000;2.000000,352,22972,217,19244,0,0,0,0,0,0,0,0,0,0,0,0,0,0,0,0,0,0,0,0,0,0,0,0,graph_0004__stability_0.6000,stability,0.6,graph_0004,epoch_0005
trace,aodv,0.696256,0.696174,2773,3411,105,1273,1962,0.600000,0.030629,73.063122,360,216,36,56,0,836,1.200000,1273,60490,5.893519,280.046296,0.500000,2.307692,2.000000,3.000000,3.000000;3.000000;3.000000;3.000000;2.000000;2.000000;2.000000;2.000000;2.000000;2.000000;2.000000;2.000000;2.000000,24,0.882353,1,3.000000;3.000000;3.000000;3.000000;3.000000;3.000000;2.000000;2.000000;2.000000;2.000000;2.000000;2.000000,0.163173;0.093727;0.123777;0.620848;0.101341;1.029929;1.625879;nan;nan;1.478205;nan;0.100453,3.000000;3.000000;3.000000;3.000000;3.000000;3.000000;2.000000;2.000000;2.000000;2.000000;2.000000;2.000000,0,0,0,0,0,0,0,0,0,0,751,36048,171,8892,172,8256,162,6784,17,510,0,0,0,0,0,0,0,0,graph_0004__stability_0.6000,stability,0.6,graph_0004,epoch_0005
trace,static,0.264264,0.264249,1079,875,105,0,0,0.433333,0.021881,72.928828,360,156,0,0,0,201,0.866667,0,0,0.000000,0.000000,0.500000,2.307692,2.000000,3.000000,3.000000;3.000000;3.000000;3.000000;2.000000;2.000000;2.000000;2.000000;2.000000;2.000000;2.000000;2.000000;2.000000,24,0.882353,1,3.000000;3.000000;3.000000;3.000000;3.000000;3.000000;2.000000;2.000000;2.000000;2.000000;2.000000;2.000000,0.190163;0.096513;0.148696;0.044373;0.110317;0.025577;0.130493;0.059621;0.140133;0.081857;0.014281;0.100453,3.000000;3.000000;3.000000;3.000000;3.000000;3.000000;2.000000;2.000000;2.000000;2.000000;2.000000;2.000000,0,0,0,0,0,0,0,0,0,0,0,0,0,0,0,0,0,0,0,0,0,0,0,0,0,0,0,0,graph_0004__stability_0.6000,stability,0.6,graph_0004,epoch_0005
trace,olsr,0.518583,0.518065,1585,1862,105,583,1096,0.230556,0.013195,64.426739,360,83,14,0,0,582,0.461111,583,43428,7.024096,523.228916,0.500000,2.307692,2.000000,3.000000,3.000000;3.000000;3.000000;3.000000;2.000000;2.000000;2.000000;2.000000;2.000000;2.000000;2.000000;2.000000;2.000000,24,0.882353,1,3.000000;3.000000;3.000000;3.000000;3.000000;3.000000;2.000000;2.000000;2.000000;2.000000;2.000000;2.000000,1.211333;2.364363;2.262119;0.021733;nan;nan;nan;nan;0.140133;1.236855;nan;nan,3.000000;3.000000;3.000000;3.000000;3.000000;3.000000;2.000000;2.000000;2.000000;2.000000;2.000000;2.000000,348,22752,234,20620,0,0,0,0,1,56,0,0,0,0,0,0,0,0,0,0,0,0,0,0,0,0,0,0,graph_0004__stability_0.6000,stability,0.6,graph_0004,epoch_0002
trace,aodv,0.684850,0.683986,2787,3397,105,1274,1960,0.550000,0.032488,74.317553,360,198,50,0,0,816,1.100000,1274,60292,6.434343,304.505051,0.500000,2.307692,2.000000,3.000000,3.000000;3.000000;3.000000;3.000000;2.000000;2.000000;2.000000;2.000000;2.000000;2.000000;2.000000;2.000000;2.000000,24,0.882353,1,3.000000;3.000000;3.000000;3.000000;3.000000;3.000000;2.000000;2.000000;2.000000;2.000000;2.000000;2.000000,1.669200;0.061981;2.425374;0.609920;1.654470;1.504890;nan;0.084003;0.140133;0.678135;nan;nan,3.000000;3.000000;3.000000;3.000000;3.000000;3.000000;2.000000;2.000000;2.000000;2.000000;2.000000;2.000000,0,0,0,0,0,0,0,0,0,0,744,35712,172,8944,156,7488,184,7608,18,540,0,0,0,0,0,0,0,0,graph_0004__stability_0.6000,stability,0.6,graph_0004,epoch_0002
trace,static,0.266148,0.265937,1079,875,105,0,0,0.433333,0.021879,72.928941,360,156,0,0,0,199,0.866667,0,0,0.000000,0.000000,0.500000,2.307692,2.000000,3.000000,3.000000;3.000000;3.000000;3.000000;2.000000;2.000000;2.000000;2.000000;2.000000;2.000000;2.000000;2.000000;2.000000,24,0.882353,1,3.000000;3.000000;3.000000;3.000000;3.000000;3.000000;2.000000;2.000000;2.000000;2.000000;2.000000;2.000000,0.183247;0.116573;0.149436;0.045193;0.110317;0.025577;0.130493;0.067497;0.140133;0.081857;0.014281;0.100453,3.000000;3.000000;3.000000;3.000000;3.000000;3.000000;2.000000;2.000000;2.000000;2.000000;2.000000;2.000000,0,0,0,0,0,0,0,0,0,0,0,0,0,0,0,0,0,0,0,0,0,0,0,0,0,0,0,0,graph_0004__stability_0.6000,stability,0.6,graph_0004,epoch_0002
trace,olsr,0.306894,0.306871,996,1253,105,523,940,0.108333,0.005468,80.567051,360,39,40,0,0,445,0.216667,523,36184,13.410256,927.794872,0.500000,2.307692,2.000000,3.000000,3.000000;3.000000;3.000000;3.000000;2.000000;2.000000;2.000000;2.000000;2.000000;2.000000;2.000000;2.000000;2.000000,24,0.588235,1,3.000000;3.000000;3.000000;3.000000;3.000000;3.000000;2.000000;2.000000;2.000000;2.000000;2.000000;2.000000,nan;nan;nan;1.687061;nan;nan;nan;nan;nan;0.612687;1.214511;0.273269,3.000000;3.000000;3.000000;3.000000;3.000000;3.000000;2.000000;2.000000;2.000000;2.000000;2.000000;2.000000,368,23656,155,12528,0,0,0,0,0,0,0,0,0,0,0,0,0,0,0,0,0,0,0,0,0,0,0,0,graph_0005__stability_0.6000,stability,0.6,graph_0005,epoch_0001
trace,aodv,0.522158,0.522127,2321,2816,105,1131,1731,0.394444,0.019986,74.076267,360,142,1,112,0,743,0.788889,1131,54080,7.964789,380.845070,0.500000,2.307692,2.000000,3.000000,3.000000;3.000000;3.000000;3.000000;2.000000;2.000000;2.000000;2.000000;2.000000;2.000000;2.000000;2.000000;2.000000,24,0.588235,1,3.000000;3.000000;3.000000;3.000000;3.000000;3.000000;2.000000;2.000000;2.000000;2.000000;2.000000;2.000000,1.589547;nan;0.123777;nan;nan;nan;0.112257;nan;nan;nan;nan;0.291716,3.000000;3.000000;3.000000;3.000000;3.000000;3.000000;2.000000;2.000000;2.000000;2.000000;2.000000;2.000000,0,0,0,0,0,0,0,0,0,0,761,36528,135,7020,135,6480,80,3400,18,540,2,112,0,0,0,0,0,0,graph_0005__stability_0.6000,stability,0.6,graph_0005,epoch_0001
trace,static,0.261667,0.261641,1033,821,105,0,0,0.411111,0.020751,73.527778,360,148,0,0,0,270,0.822222,0,0,0.000000,0.000000,0.500000,2.307692,2.000000,3.000000,3.000000;3.000000;3.000000;3.000000;2.000000;2.000000;2.000000;2.000000;2.000000;2.000000;2.000000;2.000000;2.000000,24,0.588235,1,3.000000;3.000000;3.000000;3.000000;3.000000;3.000000;2.000000;2.000000;2.000000;2.000000;2.000000;2.000000,0.172149;0.070673;0.136756;0.044336;0.110317;0.038656;0.121233;0.053757;0.149677;0.090529;0.013997;0.101021,3.000000;3.000000;3.000000;3.000000;3.000000;3.000000;2.000000;2.000000;2.000000;2.000000;2.000000;2.000000,0,0,0,0,0,0,0,0,0,0,0,0,0,0,0,0,0,0,0,0,0,0,0,0,0,0,0,0,graph_0005__stability_0.6000,stability,0.6,graph_0005,epoch_0001
trace,olsr,0.292703,0.292696,960,1231,105,533,953,0.108333,0.008310,63.131986,360,39,0,0,0,398,0.216667,533,37984,13.666667,973.948718,0.500000,2.307692,2.000000,3.000000,3.000000;3.000000;3.000000;3.000000;2.000000;2.000000;2.000000;2.000000;2.000000;2.000000;2.000000;2.000000;2.000000,24,0.588235,1,3.000000;3.000000;3.000000;3.000000;3.000000;3.000000;2.000000;2.000000;2.000000;2.000000;2.000000;2.000000,nan;0.061697;nan;nan;nan;nan;0.284789;nan;nan;nan;nan;nan,3.000000;3.000000;3.000000;3.000000;3.000000;3.000000;2.000000;2.000000;2.000000;2.000000;2.000000;2.000000,367,23652,166,14332,0,0,0,0,0,0,0,0,0,0,0,0,0,0,0,0,0,0,0,0,0,0,0,0,graph_0005__stability_0.6000,stability,0.6,graph_0005,epoch_0003
trace,aodv,0.477733,0.477700,2029,2570,105,1152,1753,0.302778,0.016157,71.618200,360,109,5,168,0,719,0.605556,1152,55174,10.568807,506.183486,0.500000,2.307692,2.000000,3.000000,3.000000;3.000000;3.000000;3.000000;2.000000;2.000000;2.000000;2.000000;2.000000;2.000000;2.000000;2.000000;2.000000,24,0.588235,1,3.000000;3.000000;3.000000;3.000000;3.000000;3.000000;2.000000;2.000000;2.000000;2.000000;2.000000;2.000000,0.163457;nan;0.123777;nan;nan;nan;0.112257;nan;nan;0.131444;0.039503;nan,3.000000;3.000000;3.000000;3.000000;3.000000;3.000000;2.000000;2.000000;2.000000;2.000000;2.000000;2.000000,0,0,0,0,0,0,0,0,0,0,757,36336,153,7956,126,6048,101,4384,15,450,0,0,0,0,0,0,0,0,graph_0005__stability_0.6000,stability,0.6,graph_0005,epoch_0003
trace,static,0.262127,0.262112,1031,819,105,0,0,0.411111,0.020748,73.527785,360,148,0,0,0,268,0.822222,0,0,0.000000,0.000000,0.500000,2.307692,2.000000,3.000000,3.000000;3.000000;3.000000;3.000000;2.000000;2.000000;2.000000;2.000000;2.000000;2.000000;2.000000;2.000000;2.000000,24,0.588235,1,3.000000;3.000000;3.000000;3.000000;3.000000;3.000000;2.000000;2.000000;2.000000;2.000000;2.000000;2.000000,0.172149;0.070673;0.136796;0.055972;0.110317;0.039436;0.121233;0.053757;0.149677;0.090529;0.013997;0.101021,3.000000;3.000000;3.000000;3.000000;3.000000;3.000000;2.000000;2.000000;2.000000;2.000000;2.000000;2.000000,0,0,0,0,0,0,0,0,0,0,0,0,0,0,0,0,0,0,0,0,0,0,0,0,0,0,0,0,graph_0005__stability_0.6000,stability,0.6,graph_0005,epoch_0003
trace,olsr,0.305333,0.305308,961,1191,105,523,930,0.097222,0.004892,74.273977,360,35,0,0,0,452,0.194444,523,36740,14.942857,1049.714286,0.500000,2.307692,2.000000,3.000000,3.000000;3.000000;3.000000;3.000000;2.000000;2.000000;2.000000;2.000000;2.000000;2.000000;2.000000;2.000000;2.000000,24,0.588235,1,3.000000;3.000000;3.000000;3.000000;3.000000;3.000000;2.000000;2.000000;2.000000;2.000000;2.000000;2.000000,nan;nan;nan;1.245309;nan;nan;0.355689;nan;nan;nan;nan;0.273269,3.000000;3.000000;3.000000;3.000000;3.000000;3.000000;2.000000;2.000000;2.000000;2.000000;2.000000;2.000000,365,23512,158,13228,0,0,0,0,0,0,0,0,0,0,0,0,0,0,0,0,0,0,0,0,0,0,0,0,graph_0005__stability_0.6000,stability,0.6,graph_0005,epoch_0004
trace,aodv,0.505910,0.505860,2125,2636,105,1204,1772,0.350000,0.017682,74.876745,360,126,8,169,0,949,0.700000,1204,57460,9.555556,456.031746,0.500000,2.307692,2.000000,3.000000,3.000000;3.000000;3.000000;3.000000;2.000000;2.000000;2.000000;2.000000;2.000000;2.000000;2.000000;2.000000;2.000000,24,0.588235,1,3.000000;3.000000;3.000000;3.000000;3.000000;3.000000;2.000000;2.000000;2.000000;2.000000;2.000000;2.000000,1.589975;nan;0.123777;nan;nan;nan;0.000280;nan;nan;0.129952;nan;0.286993,3.000000;3.000000;3.000000;3.000000;3.000000;3.000000;2.000000;2.000000;2.000000;2.000000;2.000000;2.000000,0,0,0,0,0,0,0,0,0,0,757,36336,153,7956,166,7968,107,4544,20,600,1,56,0,0,0,0,0,0,graph_0005__stability_0.6000,stability,0.6,graph_0005,epoch_0004
trace,static,0.261334,0.261321,1034,823,105,0,0,0.413889,0.020886,73.341276,360,149,0,0,0,271,0.827778,0,0,0.000000,0.000000,0.500000,2.307692,2.000000,3.000000,3.000000;3.000000;3.000000;3.000000;2.000000;2.000000;2.000000;2.000000;2.000000;2.000000;2.000000;2.000000;2.000000,24,0.588235,1,3.000000;3.000000;3.000000;3.000000;3.000000;3.000000;2.000000;2.000000;2.000000;2.000000;2.000000;2.000000,0.172149;0.070753;0.135836;0.061312;0.110317;0.039436;0.121233;0.053757;0.149677;0.090529;0.013997;0.101021,3.000000;3.000000;3.000000;3.000000;3.000000;3.000000;2.000000;2.000000;2.000000;2.000000;2.000000;2.000000,0,0,0,0,0,0,0,0,0,0,0,0,0,0,0,0,0,0,0,0,0,0,0,0,0,0,0,0,graph_0005__stability_0.6000,stability,0.6,graph_0005,epoch_0004
trace,olsr,0.390255,0.390196,1146,1347,105,533,951,0.119444,0.006028,79.305042,360,43,8,0,0,585,0.238889,533,37696,12.395349,876.651163,0.500000,2.307692,2.000000,3.000000,3.000000;3.000000;3.000000;3.000000;2.000000;2.000000;2.000000;2.000000;2.000000;2.000000;2.000000;2.000000;2.000000,24,0.588235,1,3.000000;3.000000;3.000000;3.000000;3.000000;3.000000;2.000000;2.000000;2.000000;2.000000;2.000000;2.000000,nan;nan;nan;1.245929;nan;nan;nan;nan;nan;0.581779;1.211789;0.273269,3.000000;3.000000;3.000000;3.000000;3.000000;3.000000;2.000000;2.000000;2.000000;2.000000;2.000000;2.000000,368,23728,165,13968,0,0,0,0,0,0,0,0,0,0,0,0,0,0,0,0,0,0,0,0,0,0,0,0,graph_0005__stability_0.6000,stability,0.6,graph_0005,epoch_0005
trace,aodv,0.596692,0.596652,2400,2911,105,1215,1782,0.444444,0.023725,76.609067,360,160,14,112,0,907,0.888889,1215,58090,7.593750,363.062500,0.500000,2.307692,2.000000,3.000000,3.000000;3.000000;3.000000;3.000000;2.000000;2.000000;2.000000;2.000000;2.000000;2.000000;2.000000;2.000000;2.000000,24,0.588235,1,3.000000;3.000000;3.000000;3.000000;3.000000;3.000000;2.000000;2.000000;2.000000;2.000000;2.000000;2.000000,1.571747;nan;0.123777;nan;nan;nan;0.112257;0.996128;0.140701;0.072577;0.047579;nan,3.000000;3.000000;3.000000;3.000000;3.000000;3.000000;2.000000;2.000000;2.000000;2.000000;2.000000;2.000000,0,0,0,0,0,0,0,0,0,0,753,36144,170,8840,163,7824,114,4832,15,450,0,0,0,0,0,0,0,0,graph_0005__stability_0.6000,stability,0.6,graph_0005,epoch_0005
trace,static,0.269528,0.269515,1034,823,105,0,0,0.413889,0.020889,73.341454,360,149,0,0,0,273,0.827778,0,0,0.000000,0.000000,0.500000,2.307692,2.000000,3.000000,3.000000;3.000000;3.000000;3.000000;2.000000;2.000000;2.000000;2.000000;2.000000;2.000000;2.000000;2.000000;2.000000,24,0.588235,1,3.000000;3.000000;3.000000;3.000000;3.000000;3.000000;2.000000;2.000000;2.000000;2.000000;2.000000;2.000000,0.172149;0.070753;0.135876;0.057696;0.110317;0.039536;0.121233;0.053757;0.149677;0.090529;0.013997;0.101021,3.000000;3.000000;3.000000;3.000000;3.000000;3.000000;2.000000;2.000000;2.000000;2.000000;2.000000;2.000000,0,0,0,0,0,0,0,0,0,0,0,0,0,0,0,0,0,0,0,0,0,0,0,0,0,0,0,0,graph_0005__stability_0.6000,stability,0.6,graph_0005,epoch_0005
trace,olsr,0.320822,0.320792,1025,1252,105,532,934,0.108333,0.005468,76.221752,360,39,0,0,0,494,0.216667,532,37260,13.641026,955.384615,0.500000,2.307692,2.000000,3.000000,3.000000;3.000000;3.000000;3.000000;2.000000;2.000000;2.000000;2.000000;2.000000;2.000000;2.000000;2.000000;2.000000,24,0.588235,1,3.000000;3.000000;3.000000;3.000000;3.000000;3.000000;2.000000;2.000000;2.000000;2.000000;2.000000;2.000000,nan;0.627468;nan;1.669109;nan;nan;0.284789;nan;nan;1.228163;nan;0.273269,3.000000;3.000000;3.000000;3.000000;3.000000;3.000000;2.000000;2.000000;2.000000;2.000000;2.000000;2.000000,364,23416,168,13844,0,0,0,0,0,0,0,0,0,0,0,0,0,0,0,0,0,0,0,0,0,0,0,0,graph_0005__stability_0.6000,stability,0.6,graph_0005,epoch_0002
trace,aodv,0.694693,0.694642,2848,3466,105,1301,1976,0.519444,0.027728,77.354945,360,187,42,56,0,1069,1.038889,1301,61688,6.957219,329.882353,0.500000,2.307692,2.000000,3.000000,3.000000;3.000000;3.000000;3.000000;2.000000;2.000000;2.000000;2.000000;2.000000;2.000000;2.000000;2.000000;2.000000,24,0.588235,1,3.000000;3.000000;3.000000;3.000000;3.000000;3.000000;2.000000;2.000000;2.000000;2.000000;2.000000;2.000000,1.583044;nan;0.123777;1.212049;nan;0.770780;nan;1.220370;1.717628;1.637280;0.052915;nan,3.000000;3.000000;3.000000;3.000000;3.000000;3.000000;2.000000;2.000000;2.000000;2.000000;2.000000;2.000000,0,0,0,0,0,0,0,0,0,0,738,35424,190,9880,155,7440,196,8232,20,600,2,112,0,0,0,0,0,0,graph_0005__stability_0.6000,stability,0.6,graph_0005,epoch_0002
trace,static,0.261780,0.261756,1033,821,105,0,0,0.411111,0.020750,73.527673,360,148,0,0,0,270,0.822222,0,0,0.000000,0.000000,0.500000,2.307692,2.000000,3.000000,3.000000;3.000000;3.000000;3.000000;2.000000;2.000000;2.000000;2.000000;2.000000;2.000000;2.000000;2.000000;2.000000,24,0.588235,1,3.000000;3.000000;3.000000;3.000000;3.000000;3.000000;2.000000;2.000000;2.000000;2.000000;2.000000;2.000000,0.172149;0.070673;0.136876;0.049632;0.110317;0.038596;0.121233;0.053757;0.149677;0.090529;0.013997;0.101021,3.000000;3.000000;3.000000;3.000000;3.000000;3.000000;2.000000;2.000000;2.000000;2.000000;2.000000;2.000000,0,0,0,0,0,0,0,0,0,0,0,0,0,0,0,0,0,0,0,0,0,0,0,0,0,0,0,0,graph_0005__stability_0.6000,stability,0.6,graph_0005,epoch_0002
trace,olsr,0.487959,0.487469,1456,1877,105,556,1212,0.180556,0.009087,66.370821,360,65,36,0,0,562,0.361111,556,41392,8.553846,636.800000,0.500000,1.666667,2.000000,2.000000,2.000000;2.000000;2.000000;2.000000;2.000000;2.000000;2.000000;2.000000;2.000000;2.000000;2.000000;2.000000;1.000000;1.000000;1.000000;1.000000;1.000000;1.000000,34,0.833333,1,2.000000;2.000000;2.000000;2.000000;2.000000;2.000000;2.000000;2.000000;2.000000;2.000000;2.000000;2.000000;2.000000;1.000000;1.000000;1.000000;1.000000,1.219365;1.285109;1.225975;0.157413;1.245159;nan;nan;nan;nan;nan;nan;nan;0.422142;nan;nan;0.445093;nan,2.000000;2.000000;2.000000;2.000000;2.000000;2.000000;2.000000;2.000000;2.000000;2.000000;2.000000;2.000000;2.000000;1.000000;1.000000;1.000000;1.000000,353,24012,202,17324,0,0,0,0,1,56,0,0,0,0,0,0,0,0,0,0,0,0,0,0,0,0,0,0,graph_0002__stability_0.4000,stability,0.4,graph_0002,epoch_0001
trace,aodv,0.723091,0.722333,2812,3763,105,1380,2379,0.586111,0.029617,74.685854,360,211,45,56,0,887,1.172222,1380,65444,6.540284,310.161137,0.500000,1.666667,2.000000,2.000000,2.000000;2.000000;2.000000;2.000000;2.000000;2.000000;2.000000;2.000000;2.000000;2.000000;2.000000;2.000000;1.000000;1.000000;1.000000;1.000000;1.000000;1.000000,34,0.833333,1,2.000000;2.000000;2.000000;2.000000;2.000000;2.000000;2.000000;2.000000;2.000000;2.000000;2.000000;2.000000;2.000000;1.000000;1.000000;1.000000;1.000000,1.549045;0.173917;0.411259;1.661036;nan;nan;0.311038;nan;0.343593;1.573804;0.061027;0.279313;nan;0.229143;0.151617;0.117413;nan,2.000000;2.000000;2.000000;2.000000;2.000000;2.000000;2.000000;2.000000;2.000000;2.000000;2.000000;2.000000;2.000000;1.000000;1.000000;1.000000;1.000000,0,0,0,0,0,0,0,0,0,0,722,34656,227,11804,202,9696,204,8512,24,720,1,56,0,0,0,0,0,0,graph_0002__stability_0.4000,stability,0.4,graph_0002,epoch_0001
trace,static,0.256632,0.256427,1003,791,105,0,0,0.411111,0.021104,72.071797,360,148,0,0,0,249,0.822222,0,0,0.000000,0.000000,0.500000,1.666667,2.000000,2.000000,2.000000;2.000000;2.000000;2.000000;2.000000;2.000000;2.000000;2.000000;2.000000;2.000000;2.000000;2.000000;1.000000;1.000000;1.000000;1.000000;1.000000;1.000000,34,0.833333,1,2.000000;2.000000;2.000000;2.000000;2.000000;2.000000;2.000000;2.000000;2.000000;2.000000;2.000000;2.000000;2.000000;1.000000;1.000000;1.000000;1.000000,0.067281;0.162447;0.070957;0.166389;0.129862;0.056164;0.118301;0.068413;0.146177;0.087029;0.029700;0.115757;0.064593;0.030957;0.160593;0.117413;nan,2.000000;2.000000;2.000000;2.000000;2.000000;2.000000;2.000000;2.000000;2.000000;2.000000;2.000000;2.000000;2.000000;1.000000;1.000000;1.000000;1.000000,0,0,0,0,0,0,0,0,0,0,0,0,0,0,0,0,0,0,0,0,0,0,0,0,0,0,0,0,graph_0002__stability_0.4000,stability,0.4,graph_0002,epoch_0001
trace,olsr,0.532605,0.532554,1604,2031,105,558,1213,0.330556,0.016682,73.270706,360,119,1,0,0,598,0.661111,558,42272,4.689076,355.226891,0.500000,1.666667,2.000000,2.000000,2.000000;2.000000;2.000000;2.000000;2.000000;2.000000;2.000000;2.000000;2.000000;2.000000;2.000000;2.000000;1.000000;1.000000;1.000000;1.000000;1.000000;1.000000,34,0.833333,1,2.000000;2.000000;2.000000;2.000000;2.000000;2.000000;2.000000;2.000000;2.000000;2.000000;2.000000;2.000000;2.000000;1.000000;1.000000;1.000000;1.000000,1.219205;1.217495;0.061981;0.157413;1.245159;nan;nan;nan;0.146177;0.078053;0.346799;nan;0.566380;nan;nan;0.117413;nan,2.000000;2.000000;2.000000;2.000000;2.000000;2.000000;2.000000;2.000000;2.000000;2.000000;2.000000;2.000000;2.000000;1.000000;1.000000;1.000000;1.000000,356,24232,202,18040,0,0,0,0,0,0,0,0,0,0,0,0,0,0,0,0,0,0,0,0,0,0,0,0,graph_0002__stability_0.4000,stability,0.4,graph_0002,epoch_0003
trace,aodv,0.705862,0.705842,2801,3734,105,1386,2405,0.538889,0.027147,75.944519,360,194,23,57,0,999,1.077778,1386,66084,7.144330,340.639175,0.500000,1.666667,2.000000,2.000000,2.000000;2.000000;2.000000;2.000000;2.000000;2.000000;2.000000;2.000000;2.000000;2.000000;2.000000;2.000000;1.000000;1.000000;1.000000;1.000000;1.000000;1.000000,34,0.833333,1,2.000000;2.000000;2.000000;2.000000;2.000000;2.000000;2.000000;2.000000;2.000000;2.000000;2.000000;2.000000;2.000000;1.000000;1.000000;1.000000;1.000000,1.539923;0.189833;0.408359;1.691464;nan;nan;0.304014;nan;0.009158;1.585682;0.380198;nan;0.247568;0.612704;0.151617;0.117413;nan,2.000000;2.000000;2.000000;2.000000;2.000000;2.000000;2.000000;2.000000;2.000000;2.000000;2.000000;2.000000;2.000000;1.000000;1.000000;1.000000;1.000000,0,0,0,0,0,0,0,0,0,0,723,34704,247,12844,215,10320,175,7384,24,720,2,112,0,0,0,0,0,0,graph_0002__stability_0.4000,stability,0.4,graph_0002,epoch_0003
trace,static,0.253028,0.253007,1003,791,105,0,0,0.411111,0.021102,72.071781,360,148,0,0,0,246,0.822222,0,0,0.000000,0.000000,0.500000,1.666667,2.000000,2.000000,2.000000;2.000000;2.000000;2.000000;2.000000;2.000000;2.000000;2.000000;2.000000;2.000000;2.000000;2.000000;1.000000;1.000000;1.000000;1.000000;1.000000;1.000000,34,0.833333,1,2.000000;2.000000;2.000000;2.000000;2.000000;2.000000;2.000000;2.000000;2.000000;2.000000;2.000000;2.000000;2.000000;1.000000;1.000000;1.000000;1.000000,0.061501;0.175009;0.070957;0.166389;0.123366;0.060004;0.118301;0.068413;0.146177;0.087029;0.028800;0.115757;0.064593;0.030957;0.160593;0.117413;nan,2.000000;2.000000;2.000000;2.000000;2.000000;2.000000;2.000000;2.000000;2.000000;2.000000;2.000000;2.000000;2.000000;1.000000;1.000000;1.000000;1.000000,0,0,0,0,0,0,0,0,0,0,0,0,0,0,0,0,0,0,0,0,0,0,0,0,0,0,0,0,graph_0002__stability_0.4000,stability,0.4,graph_0002,epoch_0003
trace,olsr,0.462190,0.462165,1391,1837,105,562,1233,0.222222,0.011216,67.768076,360,80,13,0,0,531,0.444444,562,42292,7.025000,528.650000,0.500000,1.666667,2.000000,2.000000,2.000000;2.000000;2.000000;2.000000;2.000000;2.000000;2.000000;2.000000;2.000000;2.000000;2.000000;2.000000;1.000000;1.000000;1.000000;1.000000;1.000000;1.000000,34,0.833333,1,2.000000;2.000000;2.000000;2.000000;2.000000;2.000000;2.000000;2.000000;2.000000;2.000000;2.000000;2.000000;2.000000;1.000000;1.000000;1.000000;1.000000,1.214005;1.209879;1.225975;0.157413;1.245159;nan;1.273589;1.223517;nan;nan;nan;nan;nan;nan;nan;0.117413;nan,2.000000;2.000000;2.000000;2.000000;2.000000;2.000000;2.000000;2.000000;2.000000;2.000000;2.000000;2.000000;2.000000;1.000000;1.000000;1.000000;1.000000,351,23908,211,18384,0,0,0,0,0,0,0,0,0,0,0,0,0,0,0,0,0,0,0,0,0,0,0,0,graph_0002__stability_0.4000,stability,0.4,graph_0002,epoch_0004
trace,aodv,0.838745,0.838707,3140,4014,105,1477,2442,0.597222,0.030173,71.528178,360,215,54,0,0,1335,1.194444,1477,70158,6.869767,326.316279,0.500000,1.666667,2.000000,2.000000,2.000000;2.000000;2.000000;2.000000;2.000000;2.000000;2.000000;2.000000;2.000000;2.000000;2.000000;2.000000;1.000000;1.000000;1.000000;1.000000;1.000000;1.000000,34,0.833333,1,2.000000;2.000000;2.000000;2.000000;2.000000;2.000000;2.000000;2.000000;2.000000;2.000000;2.000000;2.000000;2.000000;1.000000;1.000000;1.000000;1.000000,1.541201;0.349027;0.101622;1.668544;0.458327;0.058475;nan;nan;0.511766;1.574535;0.068679;0.106781;nan;nan;nan;0.524461;nan,2.000000;2.000000;2.000000;2.000000;2.000000;2.000000;2.000000;2.000000;2.000000;2.000000;2.000000;2.000000;2.000000;1.000000;1.000000;1.000000;1.000000,0,0,0,0,0,0,0,0,0,0,713,34224,246,12792,269,12912,222,9368,25,750,2,112,0,0,0,0,0,0,graph_0002__stability_0.4000,stability,0.4,graph_0002,epoch_0004
trace,static,0.253033,0.252997,1001,789,105,0,0,0.411111,0.021105,72.071900,360,148,0,0,0,244,0.822222,0,0,0.000000,0.000000,0.500000,1.666667,2.000000,2.000000,2.000000;2.000000;2.000000;2.000000;2.000000;2.000000;2.000000;2.000000;2.000000;2.000000;2.000000;2.000000;1.000000;1.000000;1.000000;1.000000;1.000000;1.000000,34,0.833333,1,2.000000;2.000000;2.000000;2.000000;2.000000;2.000000;2.000000;2.000000;2.000000;2.000000;2.000000;2.000000;2.000000;1.000000;1.000000;1.000000;1.000000,0.075261;0.182089;0.070957;0.166389;0.129102;0.054100;0.118301;0.059437;0.146177;0.087029;0.027880;0.115757;0.064593;0.030957;0.160593;0.117413;nan,2.000000;2.000000;2.000000;2.000000;2.000000;2.000000;2.000000;2.000000;2.000000;2.000000;2.000000;2.000000;2.000000;1.000000;1.000000;1.000000;1.000000,0,0,0,0,0,0,0,0,0,0,0,0,0,0,0,0,0,0,0,0,0,0,0,0,0,0,0,0,graph_0002__stability_0.4000,stability,0.4,graph_0002,epoch_0004
trace,olsr,0.448603,0.448425,1320,1740,105,541,1179,0.161111,0.008133,67.109012,360,58,11,0,0,518,0.322222,541,40292,9.327586,694.689655,0.500000,1.666667,2.000000,2.000000,2.000000;2.000000;2.000000;2.000000;2.000000;2.000000;2.000000;2.000000;2.000000;2.000000;2.000000;2.000000;1.000000;1.000000;1.000000;1.000000;1.000000;1.000000,34,0.833333,1,2.000000;2.000000;2.000000;2.000000;2.000000;2.000000;2.000000;2.000000;2.000000;2.000000;2.000000;2.000000;2.000000;1.000000;1.000000;1.000000;1.000000,1.233545;1.285109;0.061981;1.468133;1.245159;nan;nan;nan;nan;nan;nan;nan;nan;nan;nan;0.282193;nan,2.000000;2.000000;2.000000;2.000000;2.000000;2.000000;2.000000;2.000000;2.000000;2.000000;2.000000;2.000000;2.000000;1.000000;1.000000;1.000000;1.000000,354,24116,185,16064,0,0,0,0,2,112,0,0,0,0,0,0,0,0,0,0,0,0,0,0,0,0,0,0,graph_0002__stability_0.4000,stability,0.4,graph_0002,epoch_0005
trace,aodv,0.722545,0.722503,2801,3715,105,1355,2346,0.566667,0.028546,74.755249,360,204,22,57,0,917,1.133333,1355,64646,6.642157,316.892157,0.500000,1.666667,2.000000,2.000000,2.000000;2.000000;2.000000;2.000000;2.000000;2.000000;2.000000;2.000000;2.000000;2.000000;2.000000;2.000000;1.000000;1.000000;1.000000;1.000000;1.000000;1.000000,34,0.833333,1,2.000000;2.000000;2.000000;2.000000;2.000000;2.000000;2.000000;2.000000;2.000000;2.000000;2.000000;2.000000;2.000000;1.000000;1.000000;1.000000;1.000000,1.542938;0.356088;0.589642;1.661700;nan;nan;0.322568;0.251654;1.647579;1.427655;0.073219;nan;nan;0.064730;0.211057;0.117413;nan,2.000000;2.000000;2.000000;2.000000;2.000000;2.000000;2.000000;2.000000;2.000000;2.000000;2.000000;2.000000;2.000000;1.000000;1.000000;1.000000;1.000000,0,0,0,0,0,0,0,0,0,0,722,34656,240,12480,211,10128,161,6752,21,630,0,0,0,0,0,0,0,0,graph_0002__stability_0.4000,stability,0.4,graph_0002,epoch_0005
trace,static,0.256133,0.256021,1005,793,105,0,0,0.411111,0.021107,72.071856,360,148,0,0,0,253,0.822222,0,0,0.000000,0.000000,0.500000,1.666667,2.000000,2.000000,2.000000;2.000000;2.000000;2.000000;2.000000;2.000000;2.000000;2.000000;2.000000;2.000000;2.000000;2.000000;1.000000;1.000000;1.000000;1.000000;1.000000;1.000000,34,0.833333,1,2.000000;2.000000;2.000000;2.000000;2.000000;2.000000;2.000000;2.000000;2.000000;2.000000;2.000000;2.000000;2.000000;1.000000;1.000000;1.000000;1.000000,0.058015;0.178889;0.070957;0.166389;0.125476;0.055840;0.118301;0.068413;0.146177;0.087029;0.027840;0.115757;0.064593;0.030957;0.160593;0.117413;nan,2.000000;2.000000;2.000000;2.000000;2.000000;2.000000;2.000000;2.000000;2.000000;2.000000;2.000000;2.000000;2.000000;1.000000;1.000000;1.000000;1.000000,0,0,0,0,0,0,0,0,0,0,0,0,0,0,0,0,0,0,0,0,0,0,0,0,0,0,0,0,graph_0002__stability_0.4000,stability,0.4,graph_0002,epoch_0005
trace,olsr,0.379063,0.379041,1151,1642,105,540,1187,0.191667,0.009646,66.593342,360,69,12,0,0,430,0.383333,540,40228,7.826087,583.014493,0.500000,1.666667,2.000000,2.000000,2.000000;2.000000;2.000000;2.000000;2.000000;2.000000;2.000000;2.000000;2.000000;2.000000;2.000000;2.000000;1.000000;1.000000;1.000000;1.000000;1.000000;1.000000,34,0.833333,1,2.000000;2.000000;2.000000;2.000000;2.000000;2.000000;2.000000;2.000000;2.000000;2.000000;2.000000;2.000000;2.000000;1.000000;1.000000;1.000000;1.000000,1.234665;1.285109;1.225975;0.157413;1.245159;nan;1.273589;nan;nan;nan;nan;nan;nan;nan;nan;0.117413;nan,2.000000;2.000000;2.000000;2.000000;2.000000;2.000000;2.000000;2.000000;2.000000;2.000000;2.000000;2.000000;2.000000;1.000000;1.000000;1.000000;1.000000,359,24440,181,15788,0,0,0,0,0,0,0,0,0,0,0,0,0,0,0,0,0,0,0,0,0,0,0,0,graph_0002__stability_0.4000,stability,0.4,graph_0002,epoch_0002
trace,aodv,0.718025,0.717865,2810,3686,105,1357,2308,0.575000,0.029055,74.399055,360,207,21,57,0,952,1.150000,1357,64762,6.555556,312.859903,0.500000,1.666667,2.000000,2.000000,2.000000;2.000000;2.000000;2.000000;2.000000;2.000000;2.000000;2.000000;2.000000;2.000000;2.000000;2.000000;1.000000;1.000000;1.000000;1.000000;1.000000;1.000000,34,0.833333,1,2.000000;2.000000;2.000000;2.000000;2.000000;2.000000;2.000000;2.000000;2.000000;2.000000;2.000000;2.000000;2.000000;1.000000;1.000000;1.000000;1.000000,1.542278;0.347838;0.409452;1.670916;nan;nan;0.309714;0.088791;0.517144;1.582717;0.052859;nan;0.239368;0.614195;0.151617;0.117413;nan,2.000000;2.000000;2.000000;2.000000;2.000000;2.000000;2.000000;2.000000;2.000000;2.000000;2.000000;2.000000;2.000000;1.000000;1.000000;1.000000;1.000000,0,0,0,0,0,0,0,0,0,0,724,34752,228,11856,228,10944,158,6640,19,570,0,0,0,0,0,0,0,0,graph_0002__stability_0.4000,stability,0.4,graph_0002,epoch_0002
trace,static,0.251778,0.251744,1001,789,105,0,0,0.411111,0.021104,72.071892,360,148,0,0,0,251,0.822222,0,0,0.000000,0.000000,0.500000,1.666667,2.000000,2.000000,2.000000;2.000000;2.000000;2.000000;2.000000;2.000000;2.000000;2.000000;2.000000;2.000000;2.000000;2.000000;1.000000;1.000000;1.000000;1.000000;1.000000;1.000000,34,0.833333,1,2.000000;2.000000;2.000000;2.000000;2.000000;2.000000;2.000000;2.000000;2.000000;2.000000;2.000000;2.000000;2.000000;1.000000;1.000000;1.000000;1.000000,0.079001;0.177409;0.070957;0.166389;0.126242;0.058184;0.118301;0.059437;0.146177;0.087029;0.028720;0.115757;0.064593;0.030957;0.160593;0.117413;nan,2.000000;2.000000;2.000000;2.000000;2.000000;2.000000;2.000000;2.000000;2.000000;2.000000;2.000000;2.000000;2.000000;1.000000;1.000000;1.000000;1.000000,0,0,0,0,0,0,0,0,0,0,0,0,0,0,0,0,0,0,0,0,0,0,0,0,0,0,0,0,graph_0002__stability_0.4000,stability,0.4,graph_0002,epoch_0002
trace,olsr,0.519698,0.519673,1475,1785,105,547,1127,0.250000,0.013780,68.540704,360,90,0,0,0,729,0.500000,547,39892,6.077778,443.244444,0.500000,1.000000,1.000000,1.000000,1.000000;1.000000;1.000000;1.000000;1.000000;1.000000;1.000000;1.000000;1.000000;1.000000;1.000000;1.000000;1.000000;1.000000;1.000000;1.000000;1.000000;1.000000;1.000000;1.000000;1.000000;1.000000;1.000000;1.000000;1.000000;1.000000;1.000000;1.000000;1.000000;1.000000,58,nan,1,2.000000;1.000000;1.000000;1.000000;1.000000;1.000000;1.000000;1.000000;1.000000;1.000000;1.000000;1.000000;1.000000;1.000000;1.000000;1.000000;1.000000;1.000000;1.000000;1.000000;1.000000;1.000000;1.000000;1.000000;1.000000;1.000000;1.000000;1.000000;1.000000,0.050497;0.235221;nan;0.112293;nan;nan;0.254791;nan;nan;nan;0.220215;0.341629;0.134693;0.273589;nan;nan;0.218641;nan;0.267829;0.061093;0.518713;nan;nan;nan;nan;0.367045;nan;nan;nan,2.000000;1.000000;1.000000;1.000000;1.000000;1.000000;1.000000;1.000000;1.000000;1.000000;1.000000;1.000000;1.000000;1.000000;1.000000;1.000000;1.000000;1.000000;1.000000;1.000000;1.000000;1.000000;1.000000;1.000000;1.000000;1.000000;1.000000;1.000000;1.000000,362,24044,185,15848,0,0,0,0,0,0,0,0,0,0,0,0,0,0,0,0,0,0,0,0,0,0,0,0,graph_0003__stability_0.0000,stability,0.0,graph_0003,epoch_0001
trace,aodv,0.746748,0.746695,2836,3623,105,1396,2260,0.538889,0.027154,77.961483,360,194,42,57,0,1110,1.077778,1396,66342,7.195876,341.969072,0.500000,1.000000,1.000000,1.000000,1.000000;1.000000;1.000000;1.000000;1.000000;1.000000;1.000000;1.000000;1.000000;1.000000;1.000000;1.000000;1.000000;1.000000;1.000000;1.000000;1.000000;1.000000;1.000000;1.000000;1.000000;1.000000;1.000000;1.000000;1.000000;1.000000;1.000000;1.000000;1.000000;1.000000,58,nan,1,2.000000;1.000000;1.000000;1.000000;1.000000;1.000000;1.000000;1.000000;1.000000;1.000000;1.000000;1.000000;1.000000;1.000000;1.000000;1.000000;1.000000;1.000000;1.000000;1.000000;1.000000;1.000000;1.000000;1.000000;1.000000;1.000000;1.000000;1.000000;1.000000,0.050213;0.016577;0.004104;0.309642;nan;nan;0.010817;nan;nan;nan;nan;nan;0.134693;0.594560;0.067137;nan;0.590880;0.128933;0.095581;nan;nan;0.691848;0.123741;0.128570;nan;nan;0.026039;0.117413;nan,2.000000;1.000000;1.000000;1.000000;1.000000;1.000000;1.000000;1.000000;1.000000;1.000000;1.000000;1.000000;1.000000;1.000000;1.000000;1.000000;1.000000;1.000000;1.000000;1.000000;1.000000;1.000000;1.000000;1.000000;1.000000;1.000000;1.000000;1.000000;1.000000,0,0,0,0,0,0,0,0,0,0,714,34272,234,12168,224,10752,202,8464,21,630,1,56,0,0,0,0,0,0,graph_0003__stability_0.0000,stability,0.0,graph_0003,epoch_0001
trace,static,0.252998,0.252980,947,719,105,0,0,0.366667,0.018828,74.288083,360,132,0,0,0,346,0.733333,0,0,0.000000,0.000000,0.500000,1.000000,1.000000,1.000000,1.000000;1.000000;1.000000;1.000000;1.000000;1.000000;1.000000;1.000000;1.000000;1.000000;1.000000;1.000000;1.000000;1.000000;1.000000;1.000000;1.000000;1.000000;1.000000;1.000000;1.000000;1.000000;1.000000;1.000000;1.000000;1.000000;1.000000;1.000000;1.000000;1.000000,58,nan,1,2.000000;1.000000;1.000000;1.000000;1.000000;1.000000;1.000000;1.000000;1.000000;1.000000;1.000000;1.000000;1.000000;1.000000;1.000000;1.000000;1.000000;1.000000;1.000000;1.000000;1.000000;1.000000;1.000000;1.000000;1.000000;1.000000;1.000000;1.000000;1.000000,0.090227;0.059378;0.155473;0.121269;0.119721;0.055020;0.010817;0.158973;0.115509;0.090100;0.048237;0.004773;0.143669;0.110033;0.067137;0.051169;0.172397;0.137909;0.113533;0.070149;0.036797;0.166353;0.132717;0.098513;0.056185;0.030957;0.169569;0.126389;nan,2.000000;1.000000;1.000000;1.000000;1.000000;1.000000;1.000000;1.000000;1.000000;1.000000;1.000000;1.000000;1.000000;1.000000;1.000000;1.000000;1.000000;1.000000;1.000000;1.000000;1.000000;1.000000;1.000000;1.000000;1.000000;1.000000;1.000000;1.000000;1.000000,0,0,0,0,0,0,0,0,0,0,0,0,0,0,0,0,0,0,0,0,0,0,0,0,0,0,0,0,graph_0003__stability_0.0000,stability,0.0,graph_0003,epoch_0001
trace,olsr,0.503076,0.503039,1448,1747,105,537,1108,0.238889,0.013168,67.680830,360,86,0,0,0,727,0.477778,537,38828,6.244186,451.488372,0.500000,1.000000,1.000000,1.000000,1.000000;1.000000;1.000000;1.000000;1.000000;1.000000;1.000000;1.000000;1.000000;1.000000;1.000000;1.000000;1.000000;1.000000;1.000000;1.000000;1.000000;1.000000;1.000000;1.000000;1.000000;1.000000;1.000000;1.000000;1.000000;1.000000;1.000000;1.000000;1.000000;1.000000,58,nan,1,2.000000;1.000000;1.000000;1.000000;1.000000;1.000000;1.000000;1.000000;1.000000;1.000000;1.000000;1.000000;1.000000;1.000000;1.000000;1.000000;1.000000;1.000000;1.000000;1.000000;1.000000;1.000000;1.000000;1.000000;1.000000;1.000000;1.000000;1.000000;1.000000,0.078561;nan;nan;0.112293;nan;nan;0.218145;nan;nan;nan;0.244515;0.332453;0.134693;0.273589;0.239749;0.214937;0.326693;nan;0.267829;0.561589;nan;nan;nan;nan;nan;0.213105;nan;nan;nan,2.000000;1.000000;1.000000;1.000000;1.000000;1.000000;1.000000;1.000000;1.000000;1.000000;1.000000;1.000000;1.000000;1.000000;1.000000;1.000000;1.000000;1.000000;1.000000;1.000000;1.000000;1.000000;1.000000;1.000000;1.000000;1.000000;1.000000;1.000000;1.000000,364,24172,173,14656,0,0,0,0,0,0,0,0,0,0,0,0,0,0,0,0,0,0,0,0,0,0,0,0,graph_0003__stability_0.0000,stability,0.0,graph_0003,epoch_0003
trace,aodv,0.753150,0.752963,2879,3698,105,1473,2370,0.555556,0.027996,78.218416,360,200,26,56,0,1345,1.111111,1473,70376,7.365000,351.880000,0.500000,1.000000,1.000000,1.000000,1.000000;1.000000;1.000000;1.000000;1.000000;1.000000;1.000000;1.000000;1.000000;1.000000;1.000000;1.000000;1.000000;1.000000;1.000000;1.000000;1.000000;1.000000;1.000000;1.000000;1.000000;1.000000;1.000000;1.000000;1.000000;1.000000;1.000000;1.000000;1.000000;1.000000,58,nan,1,2.000000;1.000000;1.000000;1.000000;1.000000;1.000000;1.000000;1.000000;1.000000;1.000000;1.000000;1.000000;1.000000;1.000000;1.000000;1.000000;1.000000;1.000000;1.000000;1.000000;1.000000;1.000000;1.000000;1.000000;1.000000;1.000000;1.000000;1.000000;1.000000,0.050497;0.066209;0.146497;0.241539;nan;nan;0.037688;nan;nan;nan;nan;nan;0.134693;0.101057;0.724629;0.215895;nan;0.128933;0.290311;0.081340;nan;nan;0.123741;0.120920;nan;nan;0.167358;0.117413;nan,2.000000;1.000000;1.000000;1.000000;1.000000;1.000000;1.000000;1.000000;1.000000;1.000000;1.000000;1.000000;1.000000;1.000000;1.000000;1.000000;1.000000;1.000000;1.000000;1.000000;1.000000;1.000000;1.000000;1.000000;1.000000;1.000000;1.000000;1.000000;1.000000,0,0,0,0,0,0,0,0,0,0,702,33696,285,14820,279,13392,169,7224,34,1020,4,224,0,0,0,0,0,0,graph_0003__stability_0.0000,stability,0.0,graph_0003,epoch_0003
trace,static,0.246116,0.246099,947,719,105,0,0,0.366667,0.018827,74.288016,360,132,0,0,0,344,0.733333,0,0,0.000000,0.000000,0.500000,1.000000,1.000000,1.000000,1.000000;1.000000;1.000000;1.000000;1.000000;1.000000;1.000000;1.000000;1.000000;1.000000;1.000000;1.000000;1.000000;1.000000;1.000000;1.000000;1.000000;1.000000;1.000000;1.000000;1.000000;1.000000;1.000000;1.000000;1.000000;1.000000;1.000000;1.000000;1.000000;1.000000,58,nan,1,2.000000;1.000000;1.000000;1.000000;1.000000;1.000000;1.000000;1.000000;1.000000;1.000000;1.000000;1.000000;1.000000;1.000000;1.000000;1.000000;1.000000;1.000000;1.000000;1.000000;1.000000;1.000000;1.000000;1.000000;1.000000;1.000000;1.000000;1.000000;1.000000,0.086927;0.058896;0.155473;0.130245;0.117741;0.054000;0.010817;0.158973;0.115509;0.089260;0.048237;0.004773;0.143669;0.110033;0.067137;0.051169;0.163421;0.137909;0.113533;0.070149;0.036797;0.166353;0.132717;0.098513;0.056185;0.030957;0.169569;0.126389;nan,2.000000;1.000000;1.000000;1.000000;1.000000;1.000000;1.000000;1.000000;1.000000;1.000000;1.000000;1.000000;1.000000;1.000000;1.000000;1.000000;1.000000;1.000000;1.000000;1.000000;1.000000;1.000000;1.000000;1.000000;1.000000;1.000000;1.000000;1.000000;1.000000,0,0,0,0,0,0,0,0,0,0,0,0,0,0,0,0,0,0,0,0,0,0,0,0,0,0,0,0,graph_0003__stability_0.0000,stability,0.0,graph_0003,epoch_0003
trace,olsr,0.521178,0.520751,1504,1844,105,548,1140,0.247222,0.012696,71.798393,360,89,8,0,0,753,0.494444,548,39544,6.157303,444.314607,0.500000,1.000000,1.000000,1.000000,1.000000;1.000000;1.000000;1.000000;1.000000;1.000000;1.000000;1.000000;1.000000;1.000000;1.000000;1.000000;1.000000;1.000000;1.000000;1.000000;1.000000;1.000000;1.000000;1.000000;1.000000;1.000000;1.000000;1.000000;1.000000;1.000000;1.000000;1.000000;1.000000;1.000000,58,nan,1,2.000000;1.000000;1.000000;1.000000;1.000000;1.000000;1.000000;1.000000;1.000000;1.000000;1.000000;1.000000;1.000000;1.000000;1.000000;1.000000;1.000000;1.000000;1.000000;1.000000;1.000000;1.000000;1.000000;1.000000;1.000000;1.000000;1.000000;1.000000;1.000000,0.050497;nan;nan;0.112293;nan;nan;0.247613;nan;nan;nan;0.220215;0.341629;nan;0.282565;nan;nan;0.215913;nan;0.267829;0.061093;0.211095;nan;nan;nan;nan;0.358069;nan;0.117413;nan,2.000000;1.000000;1.000000;1.000000;1.000000;1.000000;1.000000;1.000000;1.000000;1.000000;1.000000;1.000000;1.000000;1.000000;1.000000;1.000000;1.000000;1.000000;1.000000;1.000000;1.000000;1.000000;1.000000;1.000000;1.000000;1.000000;1.000000;1.000000;1.000000,360,23916,188,15628,0,0,0,0,0,0,0,0,0,0,0,0,0,0,0,0,0,0,0,0,0,0,0,0,graph_0003__stability_0.0000,stability,0.0,graph_0003,epoch_0004
trace,aodv,0.731191,0.731085,2801,3641,105,1458,2375,0.475000,0.023916,76.743028,360,171,56,56,0,1154,0.950000,1458,68970,8.526316,403.333333,0.500000,1.000000,1.000000,1.000000,1.000000;1.000000;1.000000;1.000000;1.000000;1.000000;1.000000;1.000000;1.000000;1.000000;1.000000;1.000000;1.000000;1.000000;1.000000;1.000000;1.000000;1.000000;1.000000;1.000000;1.000000;1.000000;1.000000;1.000000;1.000000;1.000000;1.000000;1.000000;1.000000;1.000000,58,nan,1,2.000000;1.000000;1.000000;1.000000;1.000000;1.000000;1.000000;1.000000;1.000000;1.000000;1.000000;1.000000;1.000000;1.000000;1.000000;1.000000;1.000000;1.000000;1.000000;1.000000;1.000000;1.000000;1.000000;1.000000;1.000000;1.000000;1.000000;1.000000;1.000000,0.050213;nan;0.146497;0.249220;nan;nan;0.023269;nan;nan;nan;nan;nan;0.134693;0.101057;0.124896;0.033501;0.217603;0.128933;0.095581;0.061093;0.407108;0.157377;0.123741;0.100553;nan;nan;0.342146;0.117413;nan,2.000000;1.000000;1.000000;1.000000;1.000000;1.000000;1.000000;1.000000;1.000000;1.000000;1.000000;1.000000;1.000000;1.000000;1.000000;1.000000;1.000000;1.000000;1.000000;1.000000;1.000000;1.000000;1.000000;1.000000;1.000000;1.000000;1.000000;1.000000;1.000000,0,0,0,0,0,0,0,0,0,0,721,34608,234,12168,232,11136,247,10312,23,690,1,56,0,0,0,0,0,0,graph_0003__stability_0.0000,stability,0.0,graph_0003,epoch_0004
trace,static,0.250048,0.250028,948,720,105,0,0,0.366667,0.018830,74.288136,360,132,0,0,0,346,0.733333,0,0,0.000000,0.000000,0.500000,1.000000,1.000000,1.000000,1.000000;1.000000;1.000000;1.000000;1.000000;1.000000;1.000000;1.000000;1.000000;1.000000;1.000000;1.000000;1.000000;1.000000;1.000000;1.000000;1.000000;1.000000;1.000000;1.000000;1.000000;1.000000;1.000000;1.000000;1.000000;1.000000;1.000000;1.000000;1.000000;1.000000,58,nan,1,2.000000;1.000000;1.000000;1.000000;1.000000;1.000000;1.000000;1.000000;1.000000;1.000000;1.000000;1.000000;1.000000;1.000000;1.000000;1.000000;1.000000;1.000000;1.000000;1.000000;1.000000;1.000000;1.000000;1.000000;1.000000;1.000000;1.000000;1.000000;1.000000,0.087187;0.068582;0.155473;0.130055;0.117921;0.053080;0.010817;0.158973;0.115509;0.088300;0.048237;0.004773;0.143669;0.110033;0.067137;0.051169;0.163421;0.137909;0.113533;0.070149;0.036797;0.166353;0.132717;0.098513;0.056185;0.030957;0.169569;0.126389;nan,2.000000;1.000000;1.000000;1.000000;1.000000;1.000000;1.000000;1.000000;1.000000;1.000000;1.000000;1.000000;1.000000;1.000000;1.000000;1.000000;1.000000;1.000000;1.000000;1.000000;1.000000;1.000000;1.000000;1.000000;1.000000;1.000000;1.000000;1.000000;1.000000,0,0,0,0,0,0,0,0,0,0,0,0,0,0,0,0,0,0,0,0,0,0,0,0,0,0,0,0,graph_0003__stability_0.0000,stability,0.0,graph_0003,epoch_0004
trace,olsr,0.515755,0.515690,1484,1783,105,544,1117,0.238889,0.013169,67.776227,360,86,0,0,0,773,0.477778,544,39480,6.325581,459.069767,0.500000,1.000000,1.000000,1.000000,1.000000;1.000000;1.000000;1.000000;1.000000;1.000000;1.000000;1.000000;1.000000;1.000000;1.000000;1.000000;1.000000;1.000000;1.000000;1.000000;1.000000;1.000000;1.000000;1.000000;1.000000;1.000000;1.000000;1.000000;1.000000;1.000000;1.000000;1.000000;1.000000;1.000000,58,nan,1,2.000000;1.000000;1.000000;1.000000;1.000000;1.000000;1.000000;1.000000;1.000000;1.000000;1.000000;1.000000;1.000000;1.000000;1.000000;1.000000;1.000000;1.000000;1.000000;1.000000;1.000000;1.000000;1.000000;1.000000;1.000000;1.000000;1.000000;1.000000;1.000000,0.050497;0.215857;nan;0.112293;nan;nan;0.215945;nan;0.598053;nan;0.220215;0.341629;nan;0.282565;nan;nan;0.216313;nan;0.267829;nan;0.220137;nan;nan;nan;nan;0.213405;nan;nan;nan,2.000000;1.000000;1.000000;1.000000;1.000000;1.000000;1.000000;1.000000;1.000000;1.000000;1.000000;1.000000;1.000000;1.000000;1.000000;1.000000;1.000000;1.000000;1.000000;1.000000;1.000000;1.000000;1.000000;1.000000;1.000000;1.000000;1.000000;1.000000;1.000000,364,24176,180,15304,0,0,0,0,0,0,0,0,0,0,0,0,0,0,0,0,0,0,0,0,0,0,0,0,graph_0003__stability_0.0000,stability,0.0,graph_0003,epoch_0005
trace,aodv,0.779501,0.779391,2929,3777,105,1519,2463,0.525000,0.031373,68.745521,360,189,22,0,0,1187,1.050000,1519,72404,8.037037,383.089947,0.500000,1.000000,1.000000,1.000000,1.000000;1.000000;1.000000;1.000000;1.000000;1.000000;1.000000;1.000000;1.000000;1.000000;1.000000;1.000000;1.000000;1.000000;1.000000;1.000000;1.000000;1.000000;1.000000;1.000000;1.000000;1.000000;1.000000;1.000000;1.000000;1.000000;1.000000;1.000000;1.000000;1.000000,58,nan,1,2.000000;1.000000;1.000000;1.000000;1.000000;1.000000;1.000000;1.000000;1.000000;1.000000;1.000000;1.000000;1.000000;1.000000;1.000000;1.000000;1.000000;1.000000;1.000000;1.000000;1.000000;1.000000;1.000000;1.000000;1.000000;1.000000;1.000000;1.000000;1.000000,0.050213;0.016577;0.015478;0.112293;0.411572;0.080470;nan;0.667594;0.106533;nan;nan;0.004773;0.134693;0.101057;0.102016;0.207990;0.752661;0.128933;0.431669;0.061483;0.370572;0.157661;0.471714;0.089537;nan;nan;nan;nan;nan,2.000000;1.000000;1.000000;1.000000;1.000000;1.000000;1.000000;1.000000;1.000000;1.000000;1.000000;1.000000;1.000000;1.000000;1.000000;1.000000;1.000000;1.000000;1.000000;1.000000;1.000000;1.000000;1.000000;1.000000;1.000000;1.000000;1.000000;1.000000;1.000000,0,0,0,0,0,0,0,0,0,0,703,33744,278,14456,308,14784,200,8520,30,900,0,0,0,0,0,0,0,0,graph_0003__stability_0.0000,stability,0.0,graph_0003,epoch_0005
trace,static,0.245938,0.245929,948,720,105,0,0,0.366667,0.018829,74.288069,360,132,0,0,0,348,0.733333,0,0,0.000000,0.000000,0.500000,1.000000,1.000000,1.000000,1.000000;1.000000;1.000000;1.000000;1.000000;1.000000;1.000000;1.000000;1.000000;1.000000;1.000000;1.000000;1.000000;1.000000;1.000000;1.000000;1.000000;1.000000;1.000000;1.000000;1.000000;1.000000;1.000000;1.000000;1.000000;1.000000;1.000000;1.000000;1.000000;1.000000,58,nan,1,2.000000;1.000000;1.000000;1.000000;1.000000;1.000000;1.000000;1.000000;1.000000;1.000000;1.000000;1.000000;1.000000;1.000000;1.000000;1.000000;1.000000;1.000000;1.000000;1.000000;1.000000;1.000000;1.000000;1.000000;1.000000;1.000000;1.000000;1.000000;1.000000,0.090807;0.058314;0.155473;0.121269;0.115861;0.053000;0.010817;0.158973;0.115509;0.088180;0.048237;0.004773;0.143669;0.110033;0.067137;0.051169;0.172397;0.137909;0.113533;0.070149;0.036797;0.166353;0.132717;0.098513;0.056185;0.030957;0.169569;0.126389;nan,2.000000;1.000000;1.000000;1.000000;1.000000;1.000000;1.000000;1.000000;1.000000;1.000000;1.000000;1.000000;1.000000;1.000000;1.000000;1.000000;1.000000;1.000000;1.000000;1.000000;1.000000;1.000000;1.000000;1.000000;1.000000;1.000000;1.000000;1.000000;1.000000,0,0,0,0,0,0,0,0,0,0,0,0,0,0,0,0,0,0,0,0,0,0,0,0,0,0,0,0,graph_0003__stability_0.0000,stability,0.0,graph_0003,epoch_0005
trace,olsr,0.457446,0.457376,1326,1698,105,542,1128,0.202778,0.013744,66.104082,360,73,0,0,0,651,0.405556,542,38808,7.424658,531.616438,0.500000,1.000000,1.000000,1.000000,1.000000;1.000000;1.000000;1.000000;1.000000;1.000000;1.000000;1.000000;1.000000;1.000000;1.000000;1.000000;1.000000;1.000000;1.000000;1.000000;1.000000;1.000000;1.000000;1.000000;1.000000;1.000000;1.000000;1.000000;1.000000;1.000000;1.000000;1.000000;1.000000;1.000000,58,nan,1,2.000000;1.000000;1.000000;1.000000;1.000000;1.000000;1.000000;1.000000;1.000000;1.000000;1.000000;1.000000;1.000000;1.000000;1.000000;1.000000;1.000000;1.000000;1.000000;1.000000;1.000000;1.000000;1.000000;1.000000;1.000000;1.000000;1.000000;1.000000;1.000000,0.050497;nan;nan;0.112293;nan;nan;0.211717;nan;nan;nan;0.220215;0.343559;nan;0.282565;nan;nan;0.225339;nan;0.267829;nan;0.226957;nan;nan;nan;nan;nan;nan;nan;nan,2.000000;1.000000;1.000000;1.000000;1.000000;1.000000;1.000000;1.000000;1.000000;1.000000;1.000000;1.000000;1.000000;1.000000;1.000000;1.000000;1.000000;1.000000;1.000000;1.000000;1.000000;1.000000;1.000000;1.000000;1.000000;1.000000;1.000000;1.000000;1.000000,361,23936,181,14872,0,0,0,0,0,0,0,0,0,0,0,0,0,0,0,0,0,0,0,0,0,0,0,0,graph_0003__stability_0.0000,stability,0.0,graph_0003,epoch_0002
trace,aodv,0.746526,0.746351,2892,3724,105,1516,2439,0.491667,0.024760,78.170249,360,177,36,56,0,1123,0.983333,1516,72054,8.564972,407.084746,0.500000,1.000000,1.000000,1.000000,1.000000;1.000000;1.000000;1.000000;1.000000;1.000000;1.000000;1.000000;1.000000;1.000000;1.000000;1.000000;1.000000;1.000000;1.000000;1.000000;1.000000;1.000000;1.000000;1.000000;1.000000;1.000000;1.000000;1.000000;1.000000;1.000000;1.000000;1.000000;1.000000;1.000000,58,nan,1,2.000000;1.000000;1.000000;1.000000;1.000000;1.000000;1.000000;1.000000;1.000000;1.000000;1.000000;1.000000;1.000000;1.000000;1.000000;1.000000;1.000000;1.000000;1.000000;1.000000;1.000000;1.000000;1.000000;1.000000;1.000000;1.000000;1.000000;1.000000;1.000000,0.050497;0.047927;0.005344;0.244852;nan;nan;0.040765;nan;nan;nan;nan;nan;0.134693;0.101057;0.439532;0.207581;0.663546;0.128933;0.281570;nan;nan;0.176376;0.123741;0.110044;nan;0.622149;0.167551;0.117413;nan,2.000000;1.000000;1.000000;1.000000;1.000000;1.000000;1.000000;1.000000;1.000000;1.000000;1.000000;1.000000;1.000000;1.000000;1.000000;1.000000;1.000000;1.000000;1.000000;1.000000;1.000000;1.000000;1.000000;1.000000;1.000000;1.000000;1.000000;1.000000;1.000000,0,0,0,0,0,0,0,0,0,0,699,33552,278,14456,293,14064,211,8880,33,990,2,112,0,0,0,0,0,0,graph_0003__stability_0.0000,stability,0.0,graph_0003,epoch_0002
trace,static,0.262766,0.262711,949,721,105,0,0,0.366667,0.018827,74.288040,360,132,0,0,0,350,0.733333,0,0,0.000000,0.000000,0.500000,1.000000,1.000000,1.000000,1.000000;1.000000;1.000000;1.000000;1.000000;1.000000;1.000000;1.000000;1.000000;1.000000;1.000000;1.000000;1.000000;1.000000;1.000000;1.000000;1.000000;1.000000;1.000000;1.000000;1.000000;1.000000;1.000000;1.000000;1.000000;1.000000;1.000000;1.000000;1.000000;1.000000,58,nan,1,2.000000;1.000000;1.000000;1.000000;1.000000;1.000000;1.000000;1.000000;1.000000;1.000000;1.000000;1.000000;1.000000;1.000000;1.000000;1.000000;1.000000;1.000000;1.000000;1.000000;1.000000;1.000000;1.000000;1.000000;1.000000;1.000000;1.000000;1.000000;1.000000,0.089147;0.058422;0.155473;0.130245;0.110179;0.054080;0.010817;0.158973;0.115509;0.089140;0.048237;0.004773;0.143669;0.110033;0.067137;0.051169;0.172397;0.137909;0.113533;0.070149;0.036797;0.166353;0.132717;0.098513;0.056185;0.030957;0.169569;0.126389;nan,2.000000;1.000000;1.000000;1.000000;1.000000;1.000000;1.000000;1.000000;1.000000;1.000000;1.000000;1.000000;1.000000;1.000000;1.000000;1.000000;1.000000;1.000000;1.000000;1.000000;1.000000;1.000000;1.000000;1.000000;1.000000;1.000000;1.000000;1.000000;1.000000,0,0,0,0,0,0,0,0,0,0,0,0,0,0,0,0,0,0,0,0,0,0,0,0,0,0,0,0,graph_0003__stability_0.0000,stability,0.0,graph_0003,epoch_0002
trace,olsr,0.472360,0.472244,1402,1878,105,568,1264,0.241667,0.012406,77.214539,360,87,0,0,0,698,0.483333,568,42104,6.528736,483.954023,0.500000,1.000000,1.000000,1.000000,1.000000;1.000000;1.000000;1.000000;1.000000;1.000000;1.000000;1.000000;1.000000;1.000000;1.000000;1.000000;1.000000;1.000000;1.000000;1.000000;1.000000;1.000000;1.000000;1.000000;1.000000;1.000000;1.000000;1.000000;1.000000;1.000000;1.000000;1.000000;1.000000;1.000000,58,nan,1,2.000000;1.000000;1.000000;1.000000;1.000000;1.000000;1.000000;1.000000;1.000000;1.000000;1.000000;1.000000;1.000000;1.000000;1.000000;1.000000;1.000000;1.000000;1.000000;1.000000;1.000000;1.000000;1.000000;1.000000;1.000000;1.000000;1.000000;1.000000;1.000000,0.273988;nan;nan;0.287536;nan;nan;nan;nan;nan;nan;nan;nan;nan;nan;nan;0.218177;0.219433;nan;nan;nan;0.364029;nan;nan;nan;nan;0.021413;nan;0.289959;nan,2.000000;1.000000;1.000000;1.000000;1.000000;1.000000;1.000000;1.000000;1.000000;1.000000;1.000000;1.000000;1.000000;1.000000;1.000000;1.000000;1.000000;1.000000;1.000000;1.000000;1.000000;1.000000;1.000000;1.000000;1.000000;1.000000;1.000000;1.000000;1.000000,349,23828,219,18276,0,0,0,0,0,0,0,0,0,0,0,0,0,0,0,0,0,0,0,0,0,0,0,0,graph_0002__stability_0.0000,stability,0.0,graph_0002,epoch_0001
trace,aodv,0.794929,0.794888,2985,3941,105,1595,2640,0.494444,0.025339,80.024155,360,178,37,56,0,1468,0.988889,1595,75744,8.960674,425.528090,0.500000,1.000000,1.000000,1.000000,1.000000;1.000000;1.000000;1.000000;1.000000;1.000000;1.000000;1.000000;1.000000;1.000000;1.000000;1.000000;1.000000;1.000000;1.000000;1.000000;1.000000;1.000000;1.000000;1.000000;1.000000;1.000000;1.000000;1.000000;1.000000;1.000000;1.000000;1.000000;1.000000;1.000000,58,nan,1,2.000000;1.000000;1.000000;1.000000;1.000000;1.000000;1.000000;1.000000;1.000000;1.000000;1.000000;1.000000;1.000000;1.000000;1.000000;1.000000;1.000000;1.000000;1.000000;1.000000;1.000000;1.000000;1.000000;1.000000;1.000000;1.000000;1.000000;1.000000;1.000000,0.050497;0.219495;nan;nan;nan;nan;nan;0.140453;0.138363;0.072897;nan;nan;0.674067;0.101057;0.073811;0.053517;0.023562;nan;nan;0.253487;0.234552;0.016467;0.123457;0.283331;0.055617;0.021413;0.006498;0.138807;nan,2.000000;1.000000;1.000000;1.000000;1.000000;1.000000;1.000000;1.000000;1.000000;1.000000;1.000000;1.000000;1.000000;1.000000;1.000000;1.000000;1.000000;1.000000;1.000000;1.000000;1.000000;1.000000;1.000000;1.000000;1.000000;1.000000;1.000000;1.000000;1.000000,0,0,0,0,0,0,0,0,0,0,693,33264,302,15704,321,15408,232,9776,40,1200,7,392,0,0,0,0,0,0,graph_0002__stability_0.0000,stability,0.0,graph_0002,epoch_0001
trace,static,0.254975,0.254932,980,753,105,0,0,0.369444,0.018965,74.073678,360,133,0,0,0,374,0.738889,0,0,0.000000,0.000000,0.500000,1.000000,1.000000,1.000000,1.000000;1.000000;1.000000;1.000000;1.000000;1.000000;1.000000;1.000000;1.000000;1.000000;1.000000;1.000000;1.000000;1.000000;1.000000;1.000000;1.000000;1.000000;1.000000;1.000000;1.000000;1.000000;1.000000;1.000000;1.000000;1.000000;1.000000;1.000000;1.000000;1.000000,58,nan,1,2.000000;1.000000;1.000000;1.000000;1.000000;1.000000;1.000000;1.000000;1.000000;1.000000;1.000000;1.000000;1.000000;1.000000;1.000000;1.000000;1.000000;1.000000;1.000000;1.000000;1.000000;1.000000;1.000000;1.000000;1.000000;1.000000;1.000000;1.000000;1.000000,0.113689;0.060067;0.168819;0.112293;0.096893;0.053997;0.019793;0.149429;0.125053;0.072897;0.063384;0.005341;0.144237;0.119009;0.075829;0.033217;0.181089;0.138207;0.095581;0.079613;0.036957;0.166637;0.132433;0.107773;0.073569;0.021433;0.151677;0.135649;nan,2.000000;1.000000;1.000000;1.000000;1.000000;1.000000;1.000000;1.000000;1.000000;1.000000;1.000000;1.000000;1.000000;1.000000;1.000000;1.000000;1.000000;1.000000;1.000000;1.000000;1.000000;1.000000;1.000000;1.000000;1.000000;1.000000;1.000000;1.000000;1.000000,0,0,0,0,0,0,0,0,0,0,0,0,0,0,0,0,0,0,0,0,0,0,0,0,0,0,0,0,graph_0002__stability_0.0000,stability,0.0,graph_0002,epoch_0001
trace,olsr,0.459460,0.459364,1328,1736,105,538,1178,0.219444,0.011264,75.877546,360,79,1,0,0,625,0.438889,538,40036,6.810127,506.784810,0.500000,1.000000,1.000000,1.000000,1.000000;1.000000;1.000000;1.000000;1.000000;1.000000;1.000000;1.000000;1.000000;1.000000;1.000000;1.000000;1.000000;1.000000;1.000000;1.000000;1.000000;1.000000;1.000000;1.000000;1.000000;1.000000;1.000000;1.000000;1.000000;1.000000;1.000000;1.000000;1.000000;1.000000,58,nan,1,2.000000;1.000000;1.000000;1.000000;1.000000;1.000000;1.000000;1.000000;1.000000;1.000000;1.000000;1.000000;1.000000;1.000000;1.000000;1.000000;1.000000;1.000000;1.000000;1.000000;1.000000;1.000000;1.000000;1.000000;1.000000;1.000000;1.000000;1.000000;1.000000,nan;nan;nan;0.112293;0.251189;nan;nan;0.140453;nan;nan;0.220215;nan;0.384057;nan;nan;0.215347;nan;nan;nan;nan;0.252387;nan;nan;nan;nan;0.021413;nan;0.289959;nan,2.000000;1.000000;1.000000;1.000000;1.000000;1.000000;1.000000;1.000000;1.000000;1.000000;1.000000;1.000000;1.000000;1.000000;1.000000;1.000000;1.000000;1.000000;1.000000;1.000000;1.000000;1.000000;1.000000;1.000000;1.000000;1.000000;1.000000;1.000000;1.000000,355,24240,183,15796,0,0,0,0,0,0,0,0,0,0,0,0,0,0,0,0,0,0,0,0,0,0,0,0,graph_0002__stability_0.0000,stability,0.0,graph_0002,epoch_0003
trace,aodv,0.754784,0.754622,2908,3803,105,1551,2526,0.533333,0.027324,81.255987,360,192,32,56,0,1347,1.066667,1551,73712,8.078125,383.916667,0.500000,1.000000,1.000000,1.000000,1.000000;1.000000;1.000000;1.000000;1.000000;1.000000;1.000000;1.000000;1.000000;1.000000;1.000000;1.000000;1.000000;1.000000;1.000000;1.000000;1.000000;1.000000;1.000000;1.000000;1.000000;1.000000;1.000000;1.000000;1.000000;1.000000;1.000000;1.000000;1.000000;1.000000,58,nan,1,2.000000;1.000000;1.000000;1.000000;1.000000;1.000000;1.000000;1.000000;1.000000;1.000000;1.000000;1.000000;1.000000;1.000000;1.000000;1.000000;1.000000;1.000000;1.000000;1.000000;1.000000;1.000000;1.000000;1.000000;1.000000;1.000000;1.000000;1.000000;1.000000,nan;0.016861;nan;nan;nan;nan;nan;0.140453;0.293238;0.094831;nan;nan;0.159573;0.101057;0.066853;0.060061;0.022178;nan;nan;0.257440;0.218673;0.157661;0.123457;nan;0.739133;0.021413;0.151617;0.145867;nan,2.000000;1.000000;1.000000;1.000000;1.000000;1.000000;1.000000;1.000000;1.000000;1.000000;1.000000;1.000000;1.000000;1.000000;1.000000;1.000000;1.000000;1.000000;1.000000;1.000000;1.000000;1.000000;1.000000;1.000000;1.000000;1.000000;1.000000;1.000000;1.000000,0,0,0,0,0,0,0,0,0,0,703,33744,292,15184,296,14208,218,9264,40,1200,2,112,0,0,0,0,0,0,graph_0002__stability_0.0000,stability,0.0,graph_0002,epoch_0003
trace,static,0.252761,0.252742,983,755,105,0,0,0.366667,0.018821,74.288112,360,132,0,0,0,372,0.733333,0,0,0.000000,0.000000,0.500000,1.000000,1.000000,1.000000,1.000000;1.000000;1.000000;1.000000;1.000000;1.000000;1.000000;1.000000;1.000000;1.000000;1.000000;1.000000;1.000000;1.000000;1.000000;1.000000;1.000000;1.000000;1.000000;1.000000;1.000000;1.000000;1.000000;1.000000;1.000000;1.000000;1.000000;1.000000;1.000000;1.000000,58,nan,1,2.000000;1.000000;1.000000;1.000000;1.000000;1.000000;1.000000;1.000000;1.000000;1.000000;1.000000;1.000000;1.000000;1.000000;1.000000;1.000000;1.000000;1.000000;1.000000;1.000000;1.000000;1.000000;1.000000;1.000000;1.000000;1.000000;1.000000;1.000000;1.000000,0.107895;0.062167;0.171759;0.112293;0.096893;0.053997;0.019793;0.149429;0.125053;0.072897;0.054264;0.005341;0.144237;0.119009;0.075829;0.042193;0.181089;0.138207;0.095581;0.079613;0.036957;0.166637;0.132433;0.107773;0.073569;0.021433;0.151677;0.135649;nan,2.000000;1.000000;1.000000;1.000000;1.000000;1.000000;1.000000;1.000000;1.000000;1.000000;1.000000;1.000000;1.000000;1.000000;1.000000;1.000000;1.000000;1.000000;1.000000;1.000000;1.000000;1.000000;1.000000;1.000000;1.000000;1.000000;1.000000;1.000000;1.000000,0,0,0,0,0,0,0,0,0,0,0,0,0,0,0,0,0,0,0,0,0,0,0,0,0,0,0,0,graph_0002__stability_0.0000,stability,0.0,graph_0002,epoch_0003
trace,olsr,0.477775,0.477273,1393,1837,105,558,1233,0.236111,0.012332,77.182504,360,85,2,0,0,684,0.472222,558,41432,6.564706,487.435294,0.500000,1.000000,1.000000,1.000000,1.000000;1.000000;1.000000;1.000000;1.000000;1.000000;1.000000;1.000000;1.000000;1.000000;1.000000;1.000000;1.000000;1.000000;1.000000;1.000000;1.000000;1.000000;1.000000;1.000000;1.000000;1.000000;1.000000;1.000000;1.000000;1.000000;1.000000;1.000000;1.000000;1.000000,58,nan,1,2.000000;1.000000;1.000000;1.000000;1.000000;1.000000;1.000000;1.000000;1.000000;1.000000;1.000000;1.000000;1.000000;1.000000;1.000000;1.000000;1.000000;1.000000;1.000000;1.000000;1.000000;1.000000;1.000000;1.000000;1.000000;1.000000;1.000000;1.000000;1.000000,0.270514;nan;nan;0.124632;0.415049;nan;nan;nan;nan;nan;nan;nan;nan;nan;nan;0.234737;0.211961;0.226643;nan;nan;0.243257;nan;nan;nan;nan;0.021413;nan;nan;nan,2.000000;1.000000;1.000000;1.000000;1.000000;1.000000;1.000000;1.000000;1.000000;1.000000;1.000000;1.000000;1.000000;1.000000;1.000000;1.000000;1.000000;1.000000;1.000000;1.000000;1.000000;1.000000;1.000000;1.000000;1.000000;1.000000;1.000000;1.000000;1.000000,350,23864,208,17568,0,0,0,0,0,0,0,0,0,0,0,0,0,0,0,0,0,0,0,0,0,0,0,0,graph_0002__stability_0.0000,stability,0.0,graph_0002,epoch_0004
trace,aodv,0.600007,0.599306,2426,3177,105,1296,2255,0.208333,0.010496,77.984652,360,75,21,56,0,991,0.416667,1296,61928,17.280000,825.706667,0.500000,1.000000,1.000000,1.000000,1.000000;1.000000;1.000000;1.000000;1.000000;1.000000;1.000000;1.000000;1.000000;1.000000;1.000000;1.000000;1.000000;1.000000;1.000000;1.000000;1.000000;1.000000;1.000000;1.000000;1.000000;1.000000;1.000000;1.000000;1.000000;1.000000;1.000000;1.000000;1.000000;1.000000,58,nan,1,2.000000;1.000000;1.000000;1.000000;1.000000;1.000000;1.000000;1.000000;1.000000;1.000000;1.000000;1.000000;1.000000;1.000000;1.000000;1.000000;1.000000;1.000000;1.000000;1.000000;1.000000;1.000000;1.000000;1.000000;1.000000;1.000000;1.000000;1.000000;1.000000,0.050497;nan;nan;nan;nan;nan;nan;0.140453;0.621460;0.108051;nan;nan;nan;nan;nan;nan;0.499509;nan;nan;nan;nan;nan;nan;nan;nan;0.041423;0.000398;0.150895;nan,2.000000;1.000000;1.000000;1.000000;1.000000;1.000000;1.000000;1.000000;1.000000;1.000000;1.000000;1.000000;1.000000;1.000000;1.000000;1.000000;1.000000;1.000000;1.000000;1.000000;1.000000;1.000000;1.000000;1.000000;1.000000;1.000000;1.000000;1.000000;1.000000,0,0,0,0,0,0,0,0,0,0,746,35808,176,9152,223,10704,131,5664,20,600,0,0,0,0,0,0,0,0,graph_0002__stability_0.0000,stability,0.0,graph_0002,epoch_0004
trace,static,0.256129,0.255788,984,757,105,0,0,0.369444,0.018966,74.073890,360,133,0,0,0,378,0.738889,0,0,0.000000,0.000000,0.500000,1.000000,1.000000,1.000000,1.000000;1.000000;1.000000;1.000000;1.000000;1.000000;1.000000;1.000000;1.000000;1.000000;1.000000;1.000000;1.000000;1.000000;1.000000;1.000000;1.000000;1.000000;1.000000;1.000000;1.000000;1.000000;1.000000;1.000000;1.000000;1.000000;1.000000;1.000000;1.000000;1.000000,58,nan,1,2.000000;1.000000;1.000000;1.000000;1.000000;1.000000;1.000000;1.000000;1.000000;1.000000;1.000000;1.000000;1.000000;1.000000;1.000000;1.000000;1.000000;1.000000;1.000000;1.000000;1.000000;1.000000;1.000000;1.000000;1.000000;1.000000;1.000000;1.000000;1.000000,0.117715;0.077303;0.173285;0.112293;0.096893;0.053997;0.019793;0.149429;0.125053;0.072897;0.061184;0.005341;0.144237;0.119009;0.075829;0.042003;0.181089;0.138207;0.095581;0.079613;0.036957;0.166637;0.132433;0.107773;0.073569;0.021433;0.151677;0.135649;nan,2.000000;1.000000;1.000000;1.000000;1.000000;1.000000;1.000000;1.000000;1.000000;1.000000;1.000000;1.000000;1.000000;1.000000;1.000000;1.000000;1.000000;1.000000;1.000000;1.000000;1.000000;1.000000;1.000000;1.000000;1.000000;1.000000;1.000000;1.000000;1.000000,0,0,0,0,0,0,0,0,0,0,0,0,0,0,0,0,0,0,0,0,0,0,0,0,0,0,0,0,graph_0002__stability_0.0000,stability,0.0,graph_0002,epoch_0004
trace,olsr,0.435263,0.435241,1286,1738,105,551,1217,0.191667,0.010373,71.820431,360,69,4,0,0,553,0.383333,551,41208,7.985507,597.217391,0.500000,1.000000,1.000000,1.000000,1.000000;1.000000;1.000000;1.000000;1.000000;1.000000;1.000000;1.000000;1.000000;1.000000;1.000000;1.000000;1.000000;1.000000;1.000000;1.000000;1.000000;1.000000;1.000000;1.000000;1.000000;1.000000;1.000000;1.000000;1.000000;1.000000;1.000000;1.000000;1.000000;1.000000,58,nan,1,2.000000;1.000000;1.000000;1.000000;1.000000;1.000000;1.000000;1.000000;1.000000;1.000000;1.000000;1.000000;1.000000;1.000000;1.000000;1.000000;1.000000;1.000000;1.000000;1.000000;1.000000;1.000000;1.000000;1.000000;1.000000;1.000000;1.000000;1.000000;1.000000,nan;nan;nan;0.112293;0.251189;nan;nan;nan;nan;nan;nan;nan;nan;nan;nan;0.215611;0.326693;nan;nan;nan;0.228957;nan;nan;nan;nan;0.021413;nan;nan;nan,2.000000;1.000000;1.000000;1.000000;1.000000;1.000000;1.000000;1.000000;1.000000;1.000000;1.000000;1.000000;1.000000;1.000000;1.000000;1.000000;1.000000;1.000000;1.000000;1.000000;1.000000;1.000000;1.000000;1.000000;1.000000;1.000000;1.000000;1.000000;1.000000,352,24032,199,17176,0,0,0,0,0,0,0,0,0,0,0,0,0,0,0,0,0,0,0,0,0,0,0,0,graph_0002__stability_0.0000,stability,0.0,graph_0002,epoch_0005
trace,aodv,0.895385,0.895326,3287,4248,105,1690,2749,0.622222,0.031880,76.412690,360,224,38,0,0,1518,1.244444,1690,80444,7.544643,359.125000,0.500000,1.000000,1.000000,1.000000,1.000000;1.000000;1.000000;1.000000;1.000000;1.000000;1.000000;1.000000;1.000000;1.000000;1.000000;1.000000;1.000000;1.000000;1.000000;1.000000;1.000000;1.000000;1.000000;1.000000;1.000000;1.000000;1.000000;1.000000;1.000000;1.000000;1.000000;1.000000;1.000000;1.000000,58,nan,1,2.000000;1.000000;1.000000;1.000000;1.000000;1.000000;1.000000;1.000000;1.000000;1.000000;1.000000;1.000000;1.000000;1.000000;1.000000;1.000000;1.000000;1.000000;1.000000;1.000000;1.000000;1.000000;1.000000;1.000000;1.000000;1.000000;1.000000;1.000000;1.000000,0.050497;0.211341;0.334720;0.112293;0.101952;0.045021;nan;0.576156;0.290333;0.090751;0.086115;0.046099;0.016574;0.101057;0.066853;0.065487;0.010970;nan;nan;0.108783;0.218232;0.157661;0.123457;0.415769;0.055617;0.021413;0.151617;0.143651;nan,2.000000;1.000000;1.000000;1.000000;1.000000;1.000000;1.000000;1.000000;1.000000;1.000000;1.000000;1.000000;1.000000;1.000000;1.000000;1.000000;1.000000;1.000000;1.000000;1.000000;1.000000;1.000000;1.000000;1.000000;1.000000;1.000000;1.000000;1.000000;1.000000,0,0,0,0,0,0,0,0,0,0,676,32448,346,17992,373,17904,249,10616,42,1260,4,224,0,0,0,0,0,0,graph_0002__stability_0.0000,stability,0.0,graph_0002,epoch_0005
trace,static,0.256316,0.256294,980,753,105,0,0,0.369444,0.018968,74.073660,360,133,0,0,0,375,0.738889,0,0,0.000000,0.000000,0.500000,1.000000,1.000000,1.000000,1.000000;1.000000;1.000000;1.000000;1.000000;1.000000;1.000000;1.000000;1.000000;1.000000;1.000000;1.000000;1.000000;1.000000;1.000000;1.000000;1.000000;1.000000;1.000000;1.000000;1.000000;1.000000;1.000000;1.000000;1.000000;1.000000;1.000000;1.000000;1.000000;1.000000,58,nan,1,2.000000;1.000000;1.000000;1.000000;1.000000;1.000000;1.000000;1.000000;1.000000;1.000000;1.000000;1.000000;1.000000;1.000000;1.000000;1.000000;1.000000;1.000000;1.000000;1.000000;1.000000;1.000000;1.000000;1.000000;1.000000;1.000000;1.000000;1.000000;1.000000,0.106523;0.063303;0.175425;0.112293;0.096893;0.053997;0.019793;0.149429;0.125053;0.072897;0.056624;0.005341;0.144237;0.119009;0.075829;0.033217;0.181089;0.138207;0.095581;0.079613;0.036957;0.166637;0.132433;0.107773;0.073569;0.021433;0.151677;0.135649;nan,2.000000;1.000000;1.000000;1.000000;1.000000;1.000000;1.000000;1.000000;1.000000;1.000000;1.000000;1.000000;1.000000;1.000000;1.000000;1.000000;1.000000;1.000000;1.000000;1.000000;1.000000;1.000000;1.000000;1.000000;1.000000;1.000000;1.000000;1.000000;1.000000,0,0,0,0,0,0,0,0,0,0,0,0,0,0,0,0,0,0,0,0,0,0,0,0,0,0,0,0,graph_0002__stability_0.0000,stability,0.0,graph_0002,epoch_0005
trace,olsr,0.464782,0.464769,1396,1833,105,548,1220,0.233333,0.012626,74.681699,360,84,0,0,0,662,0.466667,548,40840,6.523810,486.190476,0.500000,1.000000,1.000000,1.000000,1.000000;1.000000;1.000000;1.000000;1.000000;1.000000;1.000000;1.000000;1.000000;1.000000;1.000000;1.000000;1.000000;1.000000;1.000000;1.000000;1.000000;1.000000;1.000000;1.000000;1.000000;1.000000;1.000000;1.000000;1.000000;1.000000;1.000000;1.000000;1.000000;1.000000,58,nan,1,2.000000;1.000000;1.000000;1.000000;1.000000;1.000000;1.000000;1.000000;1.000000;1.000000;1.000000;1.000000;1.000000;1.000000;1.000000;1.000000;1.000000;1.000000;1.000000;1.000000;1.000000;1.000000;1.000000;1.000000;1.000000;1.000000;1.000000;1.000000;1.000000,nan;nan;nan;0.112293;0.251189;nan;nan;nan;nan;0.185034;nan;nan;nan;nan;0.066853;0.215167;nan;nan;nan;nan;0.364029;nan;nan;nan;0.237125;0.021413;nan;nan;nan,2.000000;1.000000;1.000000;1.000000;1.000000;1.000000;1.000000;1.000000;1.000000;1.000000;1.000000;1.000000;1.000000;1.000000;1.000000;1.000000;1.000000;1.000000;1.000000;1.000000;1.000000;1.000000;1.000000;1.000000;1.000000;1.000000;1.000000;1.000000;1.000000,357,24380,191,16460,0,0,0,0,0,0,0,0,0,0,0,0,0,0,0,0,0,0,0,0,0,0,0,0,graph_0002__stability_0.0000,stability,0.0,graph_0002,epoch_0002
trace,aodv,0.764150,0.764044,2881,3737,105,1467,2417,0.530556,0.026736,81.146164,360,191,19,56,0,1354,1.061111,1467,69794,7.680628,365.413613,0.500000,1.000000,1.000000,1.000000,1.000000;1.000000;1.000000;1.000000;1.000000;1.000000;1.000000;1.000000;1.000000;1.000000;1.000000;1.000000;1.000000;1.000000;1.000000;1.000000;1.000000;1.000000;1.000000;1.000000;1.000000;1.000000;1.000000;1.000000;1.000000;1.000000;1.000000;1.000000;1.000000;1.000000,58,nan,1,2.000000;1.000000;1.000000;1.000000;1.000000;1.000000;1.000000;1.000000;1.000000;1.000000;1.000000;1.000000;1.000000;1.000000;1.000000;1.000000;1.000000;1.000000;1.000000;1.000000;1.000000;1.000000;1.000000;1.000000;1.000000;1.000000;1.000000;1.000000;1.000000,0.211738;0.707490;nan;nan;nan;nan;nan;0.140453;0.136303;0.072897;nan;nan;0.654579;0.101057;0.098291;0.058307;0.026222;nan;nan;0.104478;0.387062;nan;0.495160;nan;nan;0.021413;0.022107;0.152995;nan,2.000000;1.000000;1.000000;1.000000;1.000000;1.000000;1.000000;1.000000;1.000000;1.000000;1.000000;1.000000;1.000000;1.000000;1.000000;1.000000;1.000000;1.000000;1.000000;1.000000;1.000000;1.000000;1.000000;1.000000;1.000000;1.000000;1.000000;1.000000;1.000000,0,0,0,0,0,0,0,0,0,0,696,33408,269,13988,274,13152,183,7792,41,1230,4,224,0,0,0,0,0,0,graph_0002__stability_0.0000,stability,0.0,graph_0002,epoch_0002
trace,static,0.258718,0.258716,980,752,105,0,0,0.366667,0.018822,74.288297,360,132,0,0,0,372,0.733333,0,0,0.000000,0.000000,0.500000,1.000000,1.000000,1.000000,1.000000;1.000000;1.000000;1.000000;1.000000;1.000000;1.000000;1.000000;1.000000;1.000000;1.000000;1.000000;1.000000;1.000000;1.000000;1.000000;1.000000;1.000000;1.000000;1.000000;1.000000;1.000000;1.000000;1.000000;1.000000;1.000000;1.000000;1.000000;1.000000;1.000000,58,nan,1,2.000000;1.000000;1.000000;1.000000;1.000000;1.000000;1.000000;1.000000;1.000000;1.000000;1.000000;1.000000;1.000000;1.000000;1.000000;1.000000;1.000000;1.000000;1.000000;1.000000;1.000000;1.000000;1.000000;1.000000;1.000000;1.000000;1.000000;1.000000;1.000000,0.119175;0.075123;0.169679;0.112293;0.096893;0.053997;0.019793;0.149429;0.125053;0.072897;0.058824;0.005341;0.144237;0.119009;0.075829;0.033217;0.181089;0.138207;0.095581;0.079613;0.036957;0.166637;0.132433;0.107773;0.073569;0.021433;0.151677;0.135649;nan,2.000000;1.000000;1.000000;1.000000;1.000000;1.000000;1.000000;1.000000;1.000000;1.000000;1.000000;1.000000;1.000000;1.000000;1.000000;1.000000;1.000000;1.000000;1.000000;1.000000;1.000000;1.000000;1.000000;1.000000;1.000000;1.000000;1.000000;1.000000;1.000000,0,0,0,0,0,0,0,0,0,0,0,0,0,0,0,0,0,0,0,0,0,0,0,0,0,0,0,0,graph_0002__stability_0.0000,stability,0.0,graph_0002,epoch_0002
trace,olsr,0.471025,0.470990,1393,1740,105,548,1124,0.166667,0.009187,72.270552,360,60,14,0,0,608,0.333333,548,39836,9.133333,663.933333,0.500000,1.250000,1.000000,2.000000,2.000000;2.000000;2.000000;2.000000;2.000000;2.000000;1.000000;1.000000;1.000000;1.000000;1.000000;1.000000;1.000000;1.000000;1.000000;1.000000;1.000000;1.000000;1.000000;1.000000;1.000000;1.000000;1.000000;1.000000,46,0.666667,1,2.000000;2.000000;2.000000;2.000000;2.000000;2.000000;2.000000;1.000000;1.000000;1.000000;1.000000;1.000000;1.000000;1.000000;1.000000;1.000000;1.000000;1.000000;1.000000;1.000000;1.000000;1.000000;1.000000,1.226223;0.302353;nan;nan;nan;nan;nan;nan;nan;nan;0.215421;nan;0.267829;0.061093;0.219997;nan;nan;nan;nan;0.223833;nan;nan;nan,2.000000;2.000000;2.000000;2.000000;2.000000;2.000000;2.000000;1.000000;1.000000;1.000000;1.000000;1.000000;1.000000;1.000000;1.000000;1.000000;1.000000;1.000000;1.000000;1.000000;1.000000;1.000000;1.000000,360,23888,187,15892,0,0,0,0,1,56,0,0,0,0,0,0,0,0,0,0,0,0,0,0,0,0,0,0,graph_0003__stability_0.2000,stability,0.2,graph_0003,epoch_0001
trace,aodv,0.744377,0.744344,2892,3699,105,1524,2434,0.461111,0.023943,72.392484,360,166,28,56,0,1397,0.922222,1524,72798,9.180723,438.542169,0.500000,1.250000,1.000000,2.000000,2.000000;2.000000;2.000000;2.000000;2.000000;2.000000;1.000000;1.000000;1.000000;1.000000;1.000000;1.000000;1.000000;1.000000;1.000000;1.000000;1.000000;1.000000;1.000000;1.000000;1.000000;1.000000;1.000000;1.000000,46,0.666667,1,2.000000;2.000000;2.000000;2.000000;2.000000;2.000000;2.000000;1.000000;1.000000;1.000000;1.000000;1.000000;1.000000;1.000000;1.000000;1.000000;1.000000;1.000000;1.000000;1.000000;1.000000;1.000000;1.000000,0.033537;0.642481;1.389454;0.370769;nan;0.022301;0.134693;0.687310;nan;nan;0.049951;0.317295;0.692903;0.405908;nan;nan;nan;nan;nan;0.039668;0.151617;0.117413;nan,2.000000;2.000000;2.000000;2.000000;2.000000;2.000000;2.000000;1.000000;1.000000;1.000000;1.000000;1.000000;1.000000;1.000000;1.000000;1.000000;1.000000;1.000000;1.000000;1.000000;1.000000;1.000000;1.000000,0,0,0,0,0,0,0,0,0,0,702,33696,299,15548,278,13344,202,8712,35,1050,8,448,0,0,0,0,0,0,graph_0003__stability_0.2000,stability,0.2,graph_0003,epoch_0001
trace,static,0.256971,0.256960,1013,791,105,0,0,0.383333,0.019683,72.767288,360,138,0,0,0,321,0.766667,0,0,0.000000,0.000000,0.500000,1.250000,1.000000,2.000000,2.000000;2.000000;2.000000;2.000000;2.000000;2.000000;1.000000;1.000000;1.000000;1.000000;1.000000;1.000000;1.000000;1.000000;1.000000;1.000000;1.000000;1.000000;1.000000;1.000000;1.000000;1.000000;1.000000;1.000000,46,0.666667,1,2.000000;2.000000;2.000000;2.000000;2.000000;2.000000;2.000000;1.000000;1.000000;1.000000;1.000000;1.000000;1.000000;1.000000;1.000000;1.000000;1.000000;1.000000;1.000000;1.000000;1.000000;1.000000;1.000000,0.101874;0.157670;0.071241;0.167241;0.098833;0.031277;0.134693;0.118846;0.067137;0.060145;0.172397;0.137909;0.113533;0.070149;0.036797;0.166353;0.132717;0.098513;0.056185;0.030957;0.169569;0.126389;nan,2.000000;2.000000;2.000000;2.000000;2.000000;2.000000;2.000000;1.000000;1.000000;1.000000;1.000000;1.000000;1.000000;1.000000;1.000000;1.000000;1.000000;1.000000;1.000000;1.000000;1.000000;1.000000;1.000000,0,0,0,0,0,0,0,0,0,0,0,0,0,0,0,0,0,0,0,0,0,0,0,0,0,0,0,0,graph_0003__stability_0.2000,stability,0.2,graph_0003,epoch_0001
trace,olsr,0.376343,0.376325,1161,1571,105,540,1116,0.136111,0.006989,73.891627,360,49,0,0,0,474,0.272222,540,39248,11.020408,800.979592,0.500000,1.250000,1.000000,2.000000,2.000000;2.000000;2.000000;2.000000;2.000000;2.000000;1.000000;1.000000;1.000000;1.000000;1.000000;1.000000;1.000000;1.000000;1.000000;1.000000;1.000000;1.000000;1.000000;1.000000;1.000000;1.000000;1.000000;1.000000,46,0.666667,1,2.000000;2.000000;2.000000;2.000000;2.000000;2.000000;2.000000;1.000000;1.000000;1.000000;1.000000;1.000000;1.000000;1.000000;1.000000;1.000000;1.000000;1.000000;1.000000;1.000000;1.000000;1.000000;1.000000,nan;0.221203;nan;nan;nan;nan;nan;nan;nan;nan;nan;nan;nan;0.233909;nan;nan;nan;nan;nan;nan;0.209591;0.117413;nan,2.000000;2.000000;2.000000;2.000000;2.000000;2.000000;2.000000;1.000000;1.000000;1.000000;1.000000;1.000000;1.000000;1.000000;1.000000;1.000000;1.000000;1.000000;1.000000;1.000000;1.000000;1.000000;1.000000,360,23916,180,15332,0,0,0,0,0,0,0,0,0,0,0,0,0,0,0,0,0,0,0,0,0,0,0,0,graph_0003__stability_0.2000,stability,0.2,graph_0003,epoch_0003
trace,aodv,0.798894,0.798852,3026,3734,105,1465,2290,0.594444,0.033513,74.569332,360,214,29,0,0,1306,1.188889,1465,69952,6.845794,326.878505,0.500000,1.250000,1.000000,2.000000,2.000000;2.000000;2.000000;2.000000;2.000000;2.000000;1.000000;1.000000;1.000000;1.000000;1.000000;1.000000;1.000000;1.000000;1.000000;1.000000;1.000000;1.000000;1.000000;1.000000;1.000000;1.000000;1.000000;1.000000,46,0.666667,1,2.000000;2.000000;2.000000;2.000000;2.000000;2.000000;2.000000;1.000000;1.000000;1.000000;1.000000;1.000000;1.000000;1.000000;1.000000;1.000000;1.000000;1.000000;1.000000;1.000000;1.000000;1.000000;1.000000,0.038926;0.129537;nan;0.376661;nan;0.069727;0.134693;0.675778;0.100096;nan;0.582580;0.128933;0.095581;0.061093;0.402120;0.157377;0.123741;nan;nan;0.045701;nan;nan;nan,2.000000;2.000000;2.000000;2.000000;2.000000;2.000000;2.000000;1.000000;1.000000;1.000000;1.000000;1.000000;1.000000;1.000000;1.000000;1.000000;1.000000;1.000000;1.000000;1.000000;1.000000;1.000000;1.000000,0,0,0,0,0,0,0,0,0,0,691,33168,284,14768,287,13776,179,7520,24,720,0,0,0,0,0,0,0,0,graph_0003__stability_0.2000,stability,0.2,graph_0003,epoch_0003
trace,static,0.255580,0.255553,1011,789,105,0,0,0.383333,0.019683,72.767280,360,138,0,0,0,316,0.766667,0,0,0.000000,0.000000,0.500000,1.250000,1.000000,2.000000,2.000000;2.000000;2.000000;2.000000;2.000000;2.000000;1.000000;1.000000;1.000000;1.000000;1.000000;1.000000;1.000000;1.000000;1.000000;1.000000;1.000000;1.000000;1.000000;1.000000;1.000000;1.000000;1.000000;1.000000,46,0.666667,1,2.000000;2.000000;2.000000;2.000000;2.000000;2.000000;2.000000;1.000000;1.000000;1.000000;1.000000;1.000000;1.000000;1.000000;1.000000;1.000000;1.000000;1.000000;1.000000;1.000000;1.000000;1.000000;1.000000,0.108894;0.151474;0.071241;0.167241;0.098833;0.031277;0.134693;0.117866;0.067137;0.060145;0.163421;0.137909;0.113533;0.070149;0.036797;0.166353;0.132717;0.098513;0.056185;0.030957;0.169569;0.126389;nan,2.000000;2.000000;2.000000;2.000000;2.000000;2.000000;2.000000;1.000000;1.000000;1.000000;1.000000;1.000000;1.000000;1.000000;1.000000;1.000000;1.000000;1.000000;1.000000;1.000000;1.000000;1.000000;1.000000,0,0,0,0,0,0,0,0,0,0,0,0,0,0,0,0,0,0,0,0,0,0,0,0,0,0,0,0,graph_0003__stability_0.2000,stability,0.2,graph_0003,epoch_0003
trace,olsr,0.558353,0.558319,1591,1883,105,546,1125,0.197222,0.010873,71.606474,360,71,0,0,0,749,0.394444,546,39348,7.690141,554.197183,0.500000,1.250000,1.000000,2.000000,2.000000;2.000000;2.000000;2.000000;2.000000;2.000000;1.000000;1.000000;1.000000;1.000000;1.000000;1.000000;1.000000;1.000000;1.000000;1.000000;1.000000;1.000000;1.000000;1.000000;1.000000;1.000000;1.000000;1.000000,46,0.666667,1,2.000000;2.000000;2.000000;2.000000;2.000000;2.000000;2.000000;1.000000;1.000000;1.000000;1.000000;1.000000;1.000000;1.000000;1.000000;1.000000;1.000000;1.000000;1.000000;1.000000;1.000000;1.000000;1.000000,1.229845;0.310775;nan;nan;nan;nan;nan;0.282565;nan;nan;0.211673;nan;nan;0.061093;0.224497;nan;nan;nan;nan;0.212885;nan;nan;nan,2.000000;2.000000;2.000000;2.000000;2.000000;2.000000;2.000000;1.000000;1.000000;1.000000;1.000000;1.000000;1.000000;1.000000;1.000000;1.000000;1.000000;1.000000;1.000000;1.000000;1.000000;1.000000;1.000000,358,23720,185,15460,0,0,0,0,3,168,0,0,0,0,0,0,0,0,0,0,0,0,0,0,0,0,0,0,graph_0003__stability_0.2000,stability,0.2,graph_0003,epoch_0004
trace,aodv,0.874522,0.874459,3265,4063,105,1625,2510,0.694444,0.035248,75.884422,360,250,23,0,0,1426,1.388889,1625,77432,6.500000,309.728000,0.500000,1.250000,1.000000,2.000000,2.000000;2.000000;2.000000;2.000000;2.000000;2.000000;1.000000;1.000000;1.000000;1.000000;1.000000;1.000000;1.000000;1.000000;1.000000;1.000000;1.000000;1.000000;1.000000;1.000000;1.000000;1.000000;1.000000;1.000000,46,0.666667,1,2.000000;2.000000;2.000000;2.000000;2.000000;2.000000;2.000000;1.000000;1.000000;1.000000;1.000000;1.000000;1.000000;1.000000;1.000000;1.000000;1.000000;1.000000;1.000000;1.000000;1.000000;1.000000;1.000000,0.033537;0.129537;1.664854;0.183429;nan;nan;0.134693;0.101057;0.085684;0.211071;nan;0.128933;0.095581;0.061093;0.406972;0.157377;0.123741;0.629762;nan;0.625296;0.166338;0.117413;nan,2.000000;2.000000;2.000000;2.000000;2.000000;2.000000;2.000000;1.000000;1.000000;1.000000;1.000000;1.000000;1.000000;1.000000;1.000000;1.000000;1.000000;1.000000;1.000000;1.000000;1.000000;1.000000;1.000000,0,0,0,0,0,0,0,0,0,0,695,33360,324,16848,340,16320,229,9768,36,1080,1,56,0,0,0,0,0,0,graph_0003__stability_0.2000,stability,0.2,graph_0003,epoch_0004
trace,static,0.259349,0.259227,1014,793,105,0,0,0.386111,0.019828,72.781621,360,139,0,0,0,320,0.772222,0,0,0.000000,0.000000,0.500000,1.250000,1.000000,2.000000,2.000000;2.000000;2.000000;2.000000;2.000000;2.000000;1.000000;1.000000;1.000000;1.000000;1.000000;1.000000;1.000000;1.000000;1.000000;1.000000;1.000000;1.000000;1.000000;1.000000;1.000000;1.000000;1.000000;1.000000,46,0.666667,1,2.000000;2.000000;2.000000;2.000000;2.000000;2.000000;2.000000;1.000000;1.000000;1.000000;1.000000;1.000000;1.000000;1.000000;1.000000;1.000000;1.000000;1.000000;1.000000;1.000000;1.000000;1.000000;1.000000,0.113074;0.155630;0.071241;0.167241;0.098833;0.031277;0.134693;0.116866;0.067217;0.060145;0.163501;0.137909;0.113533;0.070149;0.036797;0.166353;0.132717;0.098513;0.056185;0.030957;0.169569;0.126389;nan,2.000000;2.000000;2.000000;2.000000;2.000000;2.000000;2.000000;1.000000;1.000000;1.000000;1.000000;1.000000;1.000000;1.000000;1.000000;1.000000;1.000000;1.000000;1.000000;1.000000;1.000000;1.000000;1.000000,0,0,0,0,0,0,0,0,0,0,0,0,0,0,0,0,0,0,0,0,0,0,0,0,0,0,0,0,graph_0003__stability_0.2000,stability,0.2,graph_0003,epoch_0004
trace,olsr,0.458494,0.458458,1406,1820,105,551,1144,0.186111,0.009896,76.019985,360,67,22,0,0,484,0.372222,551,40008,8.223881,597.134328,0.500000,1.250000,1.000000,2.000000,2.000000;2.000000;2.000000;2.000000;2.000000;2.000000;1.000000;1.000000;1.000000;1.000000;1.000000;1.000000;1.000000;1.000000;1.000000;1.000000;1.000000;1.000000;1.000000;1.000000;1.000000;1.000000;1.000000;1.000000,46,0.666667,1,2.000000;2.000000;2.000000;2.000000;2.000000;2.000000;2.000000;1.000000;1.000000;1.000000;1.000000;1.000000;1.000000;1.000000;1.000000;1.000000;1.000000;1.000000;1.000000;1.000000;1.000000;1.000000;1.000000,1.226723;0.212861;nan;nan;nan;nan;nan;nan;0.239669;0.215157;nan;0.128933;nan;0.061093;nan;nan;nan;0.117120;nan;nan;0.151617;nan;nan,2.000000;2.000000;2.000000;2.000000;2.000000;2.000000;2.000000;1.000000;1.000000;1.000000;1.000000;1.000000;1.000000;1.000000;1.000000;1.000000;1.000000;1.000000;1.000000;1.000000;1.000000;1.000000;1.000000,361,23920,187,15920,0,0,0,0,3,168,0,0,0,0,0,0,0,0,0,0,0,0,0,0,0,0,0,0,graph_0003__stability_0.2000,stability,0.2,graph_0003,epoch_0005
trace,aodv,0.697611,0.697463,2751,3479,105,1462,2266,0.394444,0.023778,71.261883,360,142,32,57,0,1174,0.788889,1462,69730,10.295775,491.056338,0.500000,1.250000,1.000000,2.000000,2.000000;2.000000;2.000000;2.000000;2.000000;2.000000;1.000000;1.000000;1.000000;1.000000;1.000000;1.000000;1.000000;1.000000;1.000000;1.000000;1.000000;1.000000;1.000000;1.000000;1.000000;1.000000;1.000000;1.000000,46,0.666667,1,2.000000;2.000000;2.000000;2.000000;2.000000;2.000000;2.000000;1.000000;1.000000;1.000000;1.000000;1.000000;1.000000;1.000000;1.000000;1.000000;1.000000;1.000000;1.000000;1.000000;1.000000;1.000000;1.000000,0.033537;0.129537;nan;nan;nan;0.057583;0.134693;0.681097;0.408036;nan;nan;0.128933;nan;nan;0.245107;0.157377;0.123741;0.110720;nan;nan;nan;nan;nan,2.000000;2.000000;2.000000;2.000000;2.000000;2.000000;2.000000;1.000000;1.000000;1.000000;1.000000;1.000000;1.000000;1.000000;1.000000;1.000000;1.000000;1.000000;1.000000;1.000000;1.000000;1.000000;1.000000,0,0,0,0,0,0,0,0,0,0,707,33936,273,14196,258,12384,189,8112,33,990,2,112,0,0,0,0,0,0,graph_0003__stability_0.2000,stability,0.2,graph_0003,epoch_0005
trace,static,0.260525,0.260499,1013,791,105,0,0,0.383333,0.019685,72.767319,360,138,0,0,0,317,0.766667,0,0,0.000000,0.000000,0.500000,1.250000,1.000000,2.000000,2.000000;2.000000;2.000000;2.000000;2.000000;2.000000;1.000000;1.000000;1.000000;1.000000;1.000000;1.000000;1.000000;1.000000;1.000000;1.000000;1.000000;1.000000;1.000000;1.000000;1.000000;1.000000;1.000000;1.000000,46,0.666667,1,2.000000;2.000000;2.000000;2.000000;2.000000;2.000000;2.000000;1.000000;1.000000;1.000000;1.000000;1.000000;1.000000;1.000000;1.000000;1.000000;1.000000;1.000000;1.000000;1.000000;1.000000;1.000000;1.000000,0.096274;0.157210;0.071241;0.167241;0.098833;0.031277;0.134693;0.116866;0.067137;0.060145;0.172397;0.137909;0.113533;0.070149;0.036797;0.166353;0.132717;0.098513;0.056185;0.030957;0.169569;0.126389;nan,2.000000;2.000000;2.000000;2.000000;2.000000;2.000000;2.000000;1.000000;1.000000;1.000000;1.000000;1.000000;1.000000;1.000000;1.000000;1.000000;1.000000;1.000000;1.000000;1.000000;1.000000;1.000000;1.000000,0,0,0,0,0,0,0,0,0,0,0,0,0,0,0,0,0,0,0,0,0,0,0,0,0,0,0,0,graph_0003__stability_0.2000,stability,0.2,graph_0003,epoch_0005
trace,olsr,0.571539,0.571512,1809,2245,105,572,1166,0.105556,0.005679,66.735739,360,38,36,0,0,467,0.211111,572,41560,15.052632,1093.684211,0.500000,1.250000,1.000000,2.000000,2.000000;2.000000;2.000000;2.000000;2.000000;2.000000;1.000000;1.000000;1.000000;1.000000;1.000000;1.000000;1.000000;1.000000;1.000000;1.000000;1.000000;1.000000;1.000000;1.000000;1.000000;1.000000;1.000000;1.000000,46,0.666667,1,2.000000;2.000000;2.000000;2.000000;2.000000;2.000000;2.000000;1.000000;1.000000;1.000000;1.000000;1.000000;1.000000;1.000000;1.000000;1.000000;1.000000;1.000000;1.000000;1.000000;1.000000;1.000000;1.000000,1.213681;0.212681;nan;1.232247;nan;nan;nan;nan;nan;nan;nan;nan;nan;0.061093;nan;nan;nan;nan;nan;nan;nan;nan;nan,2.000000;2.000000;2.000000;2.000000;2.000000;2.000000;2.000000;1.000000;1.000000;1.000000;1.000000;1.000000;1.000000;1.000000;1.000000;1.000000;1.000000;1.000000;1.000000;1.000000;1.000000;1.000000;1.000000,359,23860,203,17140,0,0,0,0,10,560,0,0,0,0,0,0,0,0,0,0,0,0,0,0,0,0,0,0,graph_0003__stability_0.2000,stability,0.2,graph_0003,epoch_0002
trace,aodv,0.832595,0.832437,3170,3949,105,1569,2455,0.566667,0.028749,77.027695,360,204,50,0,0,1509,1.133333,1569,74364,7.691176,364.529412,0.500000,1.250000,1.000000,2.000000,2.000000;2.000000;2.000000;2.000000;2.000000;2.000000;1.000000;1.000000;1.000000;1.000000;1.000000;1.000000;1.000000;1.000000;1.000000;1.000000;1.000000;1.000000;1.000000;1.000000;1.000000;1.000000;1.000000;1.000000,46,0.666667,1,2.000000;2.000000;2.000000;2.000000;2.000000;2.000000;2.000000;1.000000;1.000000;1.000000;1.000000;1.000000;1.000000;1.000000;1.000000;1.000000;1.000000;1.000000;1.000000;1.000000;1.000000;1.000000;1.000000,1.042061;nan;0.090389;1.675751;nan;0.022851;0.134693;0.686169;0.737025;0.033217;0.688494;0.128933;0.289744;0.061093;0.217823;nan;0.745576;0.089537;nan;nan;0.216843;0.117413;nan,2.000000;2.000000;2.000000;2.000000;2.000000;2.000000;2.000000;1.000000;1.000000;1.000000;1.000000;1.000000;1.000000;1.000000;1.000000;1.000000;1.000000;1.000000;1.000000;1.000000;1.000000;1.000000;1.000000,0,0,0,0,0,0,0,0,0,0,687,32976,300,15600,290,13920,260,10856,30,900,2,112,0,0,0,0,0,0,graph_0003__stability_0.2000,stability,0.2,graph_0003,epoch_0002
trace,static,0.256469,0.256455,1011,789,105,0,0,0.383333,0.019683,72.767166,360,138,0,0,0,317,0.766667,0,0,0.000000,0.000000,0.500000,1.250000,1.000000,2.000000,2.000000;2.000000;2.000000;2.000000;2.000000;2.000000;1.000000;1.000000;1.000000;1.000000;1.000000;1.000000;1.000000;1.000000;1.000000;1.000000;1.000000;1.000000;1.000000;1.000000;1.000000;1.000000;1.000000;1.000000,46,0.666667,1,2.000000;2.000000;2.000000;2.000000;2.000000;2.000000;2.000000;1.000000;1.000000;1.000000;1.000000;1.000000;1.000000;1.000000;1.000000;1.000000;1.000000;1.000000;1.000000;1.000000;1.000000;1.000000;1.000000,0.096348;0.159230;0.071241;0.167241;0.098833;0.031277;0.134693;0.117866;0.067137;0.060145;0.163421;0.137909;0.113533;0.070149;0.036797;0.166353;0.132717;0.098513;0.056185;0.030957;0.169569;0.126389;nan,2.000000;2.000000;2.000000;2.000000;2.000000;2.000000;2.000000;1.000000;1.000000;1.000000;1.000000;1.000000;1.000000;1.000000;1.000000;1.000000;1.000000;1.000000;1.000000;1.000000;1.000000;1.000000;1.000000,0,0,0,0,0,0,0,0,0,0,0,0,0,0,0,0,0,0,0,0,0,0,0,0,0,0,0,0,graph_0003__stability_0.2000,stability,0.2,graph_0003,epoch_0002
trace,olsr,0.490961,0.490935,1422,1713,105,567,1088,0.219444,0.011081,70.321220,360,79,3,0,0,571,0.438889,567,41468,7.177215,524.911392,0.500000,1.666667,2.000000,2.000000,2.000000;2.000000;2.000000;2.000000;2.000000;2.000000;2.000000;2.000000;2.000000;2.000000;2.000000;2.000000;1.000000;1.000000;1.000000;1.000000;1.000000;1.000000,34,1.000000,1,2.000000;2.000000;2.000000;2.000000;2.000000;2.000000;2.000000;2.000000;2.000000;2.000000;2.000000;2.000000;2.000000;1.000000;1.000000;1.000000;1.000000,nan;0.129253;0.234243;nan;1.245159;nan;1.273589;1.242517;nan;nan;nan;nan;nan;nan;0.212925;nan;nan,2.000000;2.000000;2.000000;2.000000;2.000000;2.000000;2.000000;2.000000;2.000000;2.000000;2.000000;2.000000;2.000000;1.000000;1.000000;1.000000;1.000000,356,23216,211,18252,0,0,0,0,0,0,0,0,0,0,0,0,0,0,0,0,0,0,0,0,0,0,0,0,graph_0004__stability_0.4000,stability,0.4,graph_0004,epoch_0001
trace,aodv,0.598801,0.598750,2486,3239,105,1265,2055,0.516667,0.026229,76.549612,360,186,24,113,0,883,1.033333,1265,60518,6.801075,325.365591,0.500000,1.666667,2.000000,2.000000,2.000000;2.000000;2.000000;2.000000;2.000000;2.000000;2.000000;2.000000;2.000000;2.000000;2.000000;2.000000;1.000000;1.000000;1.000000;1.000000;1.000000;1.000000,34,1.000000,1,2.000000;2.000000;2.000000;2.000000;2.000000;2.000000;2.000000;2.000000;2.000000;2.000000;2.000000;2.000000;2.000000;1.000000;1.000000;1.000000;1.000000,nan;nan;1.080356;0.030145;0.298334;1.534098;1.454109;1.549858;nan;0.109364;nan;nan;nan;0.069127;0.027366;0.117697;nan,2.000000;2.000000;2.000000;2.000000;2.000000;2.000000;2.000000;2.000000;2.000000;2.000000;2.000000;2.000000;2.000000;1.000000;1.000000;1.000000;1.000000,0,0,0,0,0,0,0,0,0,0,729,34992,210,10920,174,8352,131,5624,21,630,0,0,0,0,0,0,0,0,graph_0004__stability_0.4000,stability,0.4,graph_0004,epoch_0001
trace,static,0.257694,0.257686,1027,817,105,0,0,0.416667,0.021401,72.309779,360,150,0,0,0,214,0.833333,0,0,0.000000,0.000000,0.500000,1.666667,2.000000,2.000000,2.000000;2.000000;2.000000;2.000000;2.000000;2.000000;2.000000;2.000000;2.000000;2.000000;2.000000;2.000000;1.000000;1.000000;1.000000;1.000000;1.000000;1.000000,34,1.000000,1,2.000000;2.000000;2.000000;2.000000;2.000000;2.000000;2.000000;2.000000;2.000000;2.000000;2.000000;2.000000;2.000000;1.000000;1.000000;1.000000;1.000000,0.098813;0.129253;0.096056;0.157697;0.108815;0.030709;0.126084;0.068129;0.155437;0.087597;0.019757;0.106213;0.082829;0.030957;0.160593;0.126673;nan,2.000000;2.000000;2.000000;2.000000;2.000000;2.000000;2.000000;2.000000;2.000000;2.000000;2.000000;2.000000;2.000000;1.000000;1.000000;1.000000;1.000000,0,0,0,0,0,0,0,0,0,0,0,0,0,0,0,0,0,0,0,0,0,0,0,0,0,0,0,0,graph_0004__stability_0.4000,stability,0.4,graph_0004,epoch_0001
trace,olsr,0.535525,0.535440,1621,1836,105,564,1072,0.127778,0.007654,67.259118,360,46,0,0,0,640,0.255556,564,41828,12.260870,909.304348,0.500000,1.666667,2.000000,2.000000,2.000000;2.000000;2.000000;2.000000;2.000000;2.000000;2.000000;2.000000;2.000000;2.000000;2.000000;2.000000;1.000000;1.000000;1.000000;1.000000;1.000000;1.000000,34,1.000000,1,2.000000;2.000000;2.000000;2.000000;2.000000;2.000000;2.000000;2.000000;2.000000;2.000000;2.000000;2.000000;2.000000;1.000000;1.000000;1.000000;1.000000,nan;nan;0.248647;nan;1.245159;nan;1.273603;nan;nan;nan;nan;0.106213;nan;nan;nan;nan;nan,2.000000;2.000000;2.000000;2.000000;2.000000;2.000000;2.000000;2.000000;2.000000;2.000000;2.000000;2.000000;2.000000;1.000000;1.000000;1.000000;1.000000,354,23160,209,18612,0,0,0,0,1,56,0,0,0,0,0,0,0,0,0,0,0,0,0,0,0,0,0,0,graph_0004__stability_0.4000,stability,0.4,graph_0004,epoch_0003
trace,aodv,0.621306,0.621172,2496,3222,105,1249,2025,0.505556,0.026257,77.314613,360,182,15,113,0,1007,1.011111,1249,59822,6.862637,328.692308,0.500000,1.666667,2.000000,2.000000,2.000000;2.000000;2.000000;2.000000;2.000000;2.000000;2.000000;2.000000;2.000000;2.000000;2.000000;2.000000;1.000000;1.000000;1.000000;1.000000;1.000000;1.000000,34,1.000000,1,2.000000;2.000000;2.000000;2.000000;2.000000;2.000000;2.000000;2.000000;2.000000;2.000000;2.000000;2.000000;2.000000;1.000000;1.000000;1.000000;1.000000,nan;nan;0.088320;0.157697;0.089857;1.617582;1.453080;1.565309;nan;nan;1.338821;nan;0.251098;0.043083;0.185230;0.117697;nan,2.000000;2.000000;2.000000;2.000000;2.000000;2.000000;2.000000;2.000000;2.000000;2.000000;2.000000;2.000000;2.000000;1.000000;1.000000;1.000000;1.000000,0,0,0,0,0,0,0,0,0,0,728,34944,208,10816,171,8208,121,5224,21,630,0,0,0,0,0,0,0,0,graph_0004__stability_0.4000,stability,0.4,graph_0004,epoch_0003
trace,static,0.260439,0.260428,1025,815,105,0,0,0.416667,0.021399,72.309800,360,150,0,0,0,206,0.833333,0,0,0.000000,0.000000,0.500000,1.666667,2.000000,2.000000,2.000000;2.000000;2.000000;2.000000;2.000000;2.000000;2.000000;2.000000;2.000000;2.000000;2.000000;2.000000;1.000000;1.000000;1.000000;1.000000;1.000000;1.000000,34,1.000000,1,2.000000;2.000000;2.000000;2.000000;2.000000;2.000000;2.000000;2.000000;2.000000;2.000000;2.000000;2.000000;2.000000;1.000000;1.000000;1.000000;1.000000,0.097033;0.129253;0.094176;0.157697;0.113711;0.030709;0.142364;0.059153;0.155437;0.087597;0.019757;0.106213;0.082829;0.030957;0.160593;0.126673;nan,2.000000;2.000000;2.000000;2.000000;2.000000;2.000000;2.000000;2.000000;2.000000;2.000000;2.000000;2.000000;2.000000;1.000000;1.000000;1.000000;1.000000,0,0,0,0,0,0,0,0,0,0,0,0,0,0,0,0,0,0,0,0,0,0,0,0,0,0,0,0,graph_0004__stability_0.4000,stability,0.4,graph_0004,epoch_0003
trace,olsr,0.434864,0.434780,1349,1592,105,553,1059,0.113889,0.006646,66.942393,360,41,9,0,0,522,0.227778,553,40764,13.487805,994.243902,0.500000,1.666667,2.000000,2.000000,2.000000;2.000000;2.000000;2.000000;2.000000;2.000000;2.000000;2.000000;2.000000;2.000000;2.000000;2.000000;1.000000;1.000000;1.000000;1.000000;1.000000;1.000000,34,1.000000,1,2.000000;2.000000;2.000000;2.000000;2.000000;2.000000;2.000000;2.000000;2.000000;2.000000;2.000000;2.000000;2.000000;1.000000;1.000000;1.000000;1.000000,nan;nan;0.234243;nan;1.245159;nan;nan;nan;nan;nan;nan;0.106213;nan;nan;nan;nan;nan,2.000000;2.000000;2.000000;2.000000;2.000000;2.000000;2.000000;2.000000;2.000000;2.000000;2.000000;2.000000;2.000000;1.000000;1.000000;1.000000;1.000000,358,23392,195,17372,0,0,0,0,0,0,0,0,0,0,0,0,0,0,0,0,0,0,0,0,0,0,0,0,graph_0004__stability_0.4000,stability,0.4,graph_0004,epoch_0004
trace,aodv,0.595458,0.595432,2429,3148,105,1219,1980,0.527778,0.027409,75.914956,360,190,15,113,0,858,1.055556,1219,58390,6.415789,307.315789,0.500000,1.666667,2.000000,2.000000,2.000000;2.000000;2.000000;2.000000;2.000000;2.000000;2.000000;2.000000;2.000000;2.000000;2.000000;2.000000;1.000000;1.000000;1.000000;1.000000;1.000000;1.000000,34,1.000000,1,2.000000;2.000000;2.000000;2.000000;2.000000;2.000000;2.000000;2.000000;2.000000;2.000000;2.000000;2.000000;2.000000;1.000000;1.000000;1.000000;1.000000,nan;nan;0.114368;0.036038;0.089857;1.618142;1.448994;1.553525;nan;0.124300;nan;nan;nan;0.692345;0.158472;0.117697;nan,2.000000;2.000000;2.000000;2.000000;2.000000;2.000000;2.000000;2.000000;2.000000;2.000000;2.000000;2.000000;2.000000;1.000000;1.000000;1.000000;1.000000,0,0,0,0,0,0,0,0,0,0,744,35712,183,9516,164,7872,109,4720,19,570,0,0,0,0,0,0,0,0,graph_0004__stability_0.4000,stability,0.4,graph_0004,epoch_0004
trace,static,0.260056,0.260037,1029,819,105,0,0,0.416667,0.021402,72.309728,360,150,0,0,0,212,0.833333,0,0,0.000000,0.000000,0.500000,1.666667,2.000000,2.000000,2.000000;2.000000;2.000000;2.000000;2.000000;2.000000;2.000000;2.000000;2.000000;2.000000;2.000000;2.000000;1.000000;1.000000;1.000000;1.000000;1.000000;1.000000,34,1.000000,1,2.000000;2.000000;2.000000;2.000000;2.000000;2.000000;2.000000;2.000000;2.000000;2.000000;2.000000;2.000000;2.000000;1.000000;1.000000;1.000000;1.000000,0.088807;0.129253;0.088896;0.157697;0.111851;0.030709;0.129524;0.068209;0.155437;0.087597;0.019757;0.106213;0.082829;0.030957;0.160593;0.126673;nan,2.000000;2.000000;2.000000;2.000000;2.000000;2.000000;2.000000;2.000000;2.000000;2.000000;2.000000;2.000000;2.000000;1.000000;1.000000;1.000000;1.000000,0,0,0,0,0,0,0,0,0,0,0,0,0,0,0,0,0,0,0,0,0,0,0,0,0,0,0,0,graph_0004__stability_0.4000,stability,0.4,graph_0004,epoch_0004
trace,olsr,0.485519,0.485467,1469,1728,105,568,1081,0.238889,0.012062,74.872194,360,86,1,0,0,581,0.477778,568,41776,6.604651,485.767442,0.500000,1.666667,2.000000,2.000000,2.000000;2.000000;2.000000;2.000000;2.000000;2.000000;2.000000;2.000000;2.000000;2.000000;2.000000;2.000000;1.000000;1.000000;1.000000;1.000000;1.000000;1.000000,34,1.000000,1,2.000000;2.000000;2.000000;2.000000;2.000000;2.000000;2.000000;2.000000;2.000000;2.000000;2.000000;2.000000;2.000000;1.000000;1.000000;1.000000;1.000000,nan;0.129253;0.246793;nan;1.245159;nan;1.442217;1.369789;nan;nan;nan;0.106213;nan;nan;0.315457;0.117697;nan,2.000000;2.000000;2.000000;2.000000;2.000000;2.000000;2.000000;2.000000;2.000000;2.000000;2.000000;2.000000;2.000000;1.000000;1.000000;1.000000;1.000000,353,23016,215,18760,0,0,0,0,0,0,0,0,0,0,0,0,0,0,0,0,0,0,0,0,0,0,0,0,graph_0004__stability_0.4000,stability,0.4,graph_0004,epoch_0005
trace,aodv,0.684457,0.684421,2734,3488,105,1312,2115,0.608333,0.030879,78.797041,360,219,35,57,0,932,1.216667,1312,62540,5.990868,285.570776,0.500000,1.666667,2.000000,2.000000,2.000000;2.000000;2.000000;2.000000;2.000000;2.000000;2.000000;2.000000;2.000000;2.000000;2.000000;2.000000;1.000000;1.000000;1.000000;1.000000;1.000000;1.000000,34,1.000000,1,2.000000;2.000000;2.000000;2.000000;2.000000;2.000000;2.000000;2.000000;2.000000;2.000000;2.000000;2.000000;2.000000;1.000000;1.000000;1.000000;1.000000,nan;nan;0.091458;0.035650;0.089857;1.618171;1.445954;1.406972;0.182948;1.588795;nan;0.106213;0.255821;0.076411;0.490624;0.117697;nan,2.000000;2.000000;2.000000;2.000000;2.000000;2.000000;2.000000;2.000000;2.000000;2.000000;2.000000;2.000000;2.000000;1.000000;1.000000;1.000000;1.000000,0,0,0,0,0,0,0,0,0,0,724,34752,210,10920,195,9360,155,6616,26,780,2,112,0,0,0,0,0,0,graph_0004__stability_0.4000,stability,0.4,graph_0004,epoch_0005
trace,static,0.256443,0.256423,1027,817,105,0,0,0.416667,0.021399,72.309778,360,150,0,0,0,211,0.833333,0,0,0.000000,0.000000,0.500000,1.666667,2.000000,2.000000,2.000000;2.000000;2.000000;2.000000;2.000000;2.000000;2.000000;2.000000;2.000000;2.000000;2.000000;2.000000;1.000000;1.000000;1.000000;1.000000;1.000000;1.000000,34,1.000000,1,2.000000;2.000000;2.000000;2.000000;2.000000;2.000000;2.000000;2.000000;2.000000;2.000000;2.000000;2.000000;2.000000;1.000000;1.000000;1.000000;1.000000,0.092733;0.129253;0.094056;0.157697;0.108975;0.030709;0.138164;0.068129;0.155437;0.087597;0.019757;0.106213;0.082829;0.030957;0.160593;0.126673;nan,2.000000;2.000000;2.000000;2.000000;2.000000;2.000000;2.000000;2.000000;2.000000;2.000000;2.000000;2.000000;2.000000;1.000000;1.000000;1.000000;1.000000,0,0,0,0,0,0,0,0,0,0,0,0,0,0,0,0,0,0,0,0,0,0,0,0,0,0,0,0,graph_0004__stability_0.4000,stability,0.4,graph_0004,epoch_0005
trace,olsr,0.403456,0.403414,1231,1572,105,564,1098,0.147222,0.007392,66.218065,360,53,9,0,0,411,0.294444,564,42152,10.641509,795.320755,0.500000,1.666667,2.000000,2.000000,2.000000;2.000000;2.000000;2.000000;2.000000;2.000000;2.000000;2.000000;2.000000;2.000000;2.000000;2.000000;1.000000;1.000000;1.000000;1.000000;1.000000;1.000000,34,1.000000,1,2.000000;2.000000;2.000000;2.000000;2.000000;2.000000;2.000000;2.000000;2.000000;2.000000;2.000000;2.000000;2.000000;1.000000;1.000000;1.000000;1.000000,nan;1.443260;0.234243;nan;1.245159;nan;1.273589;1.369669;nan;nan;nan;nan;nan;nan;nan;nan;nan,2.000000;2.000000;2.000000;2.000000;2.000000;2.000000;2.000000;2.000000;2.000000;2.000000;2.000000;2.000000;2.000000;1.000000;1.000000;1.000000;1.000000,351,22992,213,19160,0,0,0,0,0,0,0,0,0,0,0,0,0,0,0,0,0,0,0,0,0,0,0,0,graph_0004__stability_0.4000,stability,0.4,graph_0004,epoch_0002
trace,aodv,0.693359,0.693222,2764,3435,105,1283,2022,0.591667,0.031084,79.724659,360,213,22,57,0,918,1.183333,1283,61428,6.023474,288.394366,0.500000,1.666667,2.000000,2.000000,2.000000;2.000000;2.000000;2.000000;2.000000;2.000000;2.000000;2.000000;2.000000;2.000000;2.000000;2.000000;1.000000;1.000000;1.000000;1.000000;1.000000;1.000000,34,1.000000,1,2.000000;2.000000;2.000000;2.000000;2.000000;2.000000;2.000000;2.000000;2.000000;2.000000;2.000000;2.000000;2.000000;1.000000;1.000000;1.000000;1.000000,nan;nan;0.096264;0.157697;0.089857;1.626809;1.449256;1.479860;0.146461;1.580382;nan;0.106213;0.253786;0.065938;0.179430;0.117697;nan,2.000000;2.000000;2.000000;2.000000;2.000000;2.000000;2.000000;2.000000;2.000000;2.000000;2.000000;2.000000;2.000000;1.000000;1.000000;1.000000;1.000000,0,0,0,0,0,0,0,0,0,0,715,34320,226,11752,184,8832,135,5808,22,660,1,56,0,0,0,0,0,0,graph_0004__stability_0.4000,stability,0.4,graph_0004,epoch_0002
trace,static,0.261807,0.261765,1025,815,105,0,0,0.416667,0.021398,72.309677,360,150,0,0,0,210,0.833333,0,0,0.000000,0.000000,0.500000,1.666667,2.000000,2.000000,2.000000;2.000000;2.000000;2.000000;2.000000;2.000000;2.000000;2.000000;2.000000;2.000000;2.000000;2.000000;1.000000;1.000000;1.000000;1.000000;1.000000;1.000000,34,1.000000,1,2.000000;2.000000;2.000000;2.000000;2.000000;2.000000;2.000000;2.000000;2.000000;2.000000;2.000000;2.000000;2.000000;1.000000;1.000000;1.000000;1.000000,0.090817;0.129253;0.091016;0.157697;0.115891;0.030709;0.133724;0.059153;0.155437;0.087597;0.019757;0.106213;0.082829;0.030957;0.160593;0.126673;nan,2.000000;2.000000;2.000000;2.000000;2.000000;2.000000;2.000000;2.000000;2.000000;2.000000;2.000000;2.000000;2.000000;1.000000;1.000000;1.000000;1.000000,0,0,0,0,0,0,0,0,0,0,0,0,0,0,0,0,0,0,0,0,0,0,0,0,0,0,0,0,graph_0004__stability_0.4000,stability,0.4,graph_0004,epoch_0002
trace,olsr,0.307576,0.307554,1100,1496,105,556,1050,0.147222,0.007393,65.284208,360,53,0,0,0,248,0.294444,556,40808,10.490566,769.962264,0.500000,4.285714,4.000000,5.000000,5.000000;5.000000;4.000000;4.000000;4.000000;4.000000;4.000000,12,0.869565,1,5.000000;5.000000;5.000000;5.000000;5.000000;5.000000,nan;nan;nan;nan;nan;1.258767,5.000000;5.000000;5.000000;5.000000;5.000000;5.000000,357,23236,199,17572,0,0,0,0,0,0,0,0,0,0,0,0,0,0,0,0,0,0,0,0,0,0,0,0,graph_0004__stability_0.8000,stability,0.8,graph_0004,epoch_0001
trace,aodv,0.682752,0.682700,2812,3460,105,1276,1980,0.594444,0.030178,78.241410,360,214,34,56,0,825,1.188889,1276,60654,5.962617,283.429907,0.500000,4.285714,4.000000,5.000000,5.000000;5.000000;4.000000;4.000000;4.000000;4.000000;4.000000,12,0.869565,1,5.000000;5.000000;5.000000;5.000000;5.000000;5.000000,1.429615;nan;0.101341;1.108358;0.490504;0.330529,5.000000;5.000000;5.000000;5.000000;5.000000;5.000000,0,0,0,0,0,0,0,0,0,0,729,34992,195,10140,162,7776,174,7240,15,450,1,56,0,0,0,0,0,0,graph_0004__stability_0.8000,stability,0.8,graph_0004,epoch_0001
trace,static,0.268853,0.268838,1135,939,105,0,0,0.455556,0.022876,72.644167,360,164,0,0,0,172,0.911111,0,0,0.000000,0.000000,0.500000,4.285714,4.000000,5.000000,5.000000;5.000000;4.000000;4.000000;4.000000;4.000000;4.000000,12,0.869565,1,5.000000;5.000000;5.000000;5.000000;5.000000;5.000000,0.119337;0.163918;0.136038;0.121247;0.123457;0.144201,5.000000;5.000000;5.000000;5.000000;5.000000;5.000000,0,0,0,0,0,0,0,0,0,0,0,0,0,0,0,0,0,0,0,0,0,0,0,0,0,0,0,0,graph_0004__stability_0.8000,stability,0.8,graph_0004,epoch_0001
trace,olsr,0.327695,0.327677,1081,1466,105,571,1060,0.116667,0.005858,64.325265,360,42,9,0,0,245,0.233333,571,42204,13.595238,1004.857143,0.500000,4.285714,4.000000,5.000000,5.000000;5.000000;4.000000;4.000000;4.000000;4.000000;4.000000,12,0.869565,1,5.000000;5.000000;5.000000;5.000000;5.000000;5.000000,nan;nan;nan;nan;nan;1.622537,5.000000;5.000000;5.000000;5.000000;5.000000;5.000000,356,23312,215,18892,0,0,0,0,0,0,0,0,0,0,0,0,0,0,0,0,0,0,0,0,0,0,0,0,graph_0004__stability_0.8000,stability,0.8,graph_0004,epoch_0003
trace,aodv,0.605302,0.605261,2662,3091,105,1218,1886,0.133333,0.009616,63.287766,360,48,17,56,0,814,0.266667,1218,58154,25.375000,1211.541667,0.500000,4.285714,4.000000,5.000000,5.000000;5.000000;4.000000;4.000000;4.000000;4.000000;4.000000,12,0.869565,1,5.000000;5.000000;5.000000;5.000000;5.000000;5.000000,nan;nan;3.097008;1.118444;nan;nan,5.000000;5.000000;5.000000;5.000000;5.000000;5.000000,0,0,0,0,0,0,0,0,0,0,750,36000,170,8840,156,7488,127,5376,15,450,0,0,0,0,0,0,0,0,graph_0004__stability_0.8000,stability,0.8,graph_0004,epoch_0003
trace,static,0.273344,0.273325,1135,939,105,0,0,0.455556,0.022874,72.644133,360,164,0,0,0,172,0.911111,0,0,0.000000,0.000000,0.500000,4.285714,4.000000,5.000000,5.000000;5.000000;4.000000;4.000000;4.000000;4.000000;4.000000,12,0.869565,1,5.000000;5.000000;5.000000;5.000000;5.000000;5.000000,0.118257;0.163064;0.138958;0.121247;0.123457;0.144201,5.000000;5.000000;5.000000;5.000000;5.000000;5.000000,0,0,0,0,0,0,0,0,0,0,0,0,0,0,0,0,0,0,0,0,0,0,0,0,0,0,0,0,graph_0004__stability_0.8000,stability,0.8,graph_0004,epoch_0003
trace,olsr,0.550660,0.550614,1912,2276,105,582,1069,0.233333,0.011718,74.389555,360,84,0,0,0,525,0.466667,582,42312,6.928571,503.714286,0.500000,4.285714,4.000000,5.000000,5.000000;5.000000;4.000000;4.000000;4.000000;4.000000;4.000000,12,0.869565,1,5.000000;5.000000;5.000000;5.000000;5.000000;5.000000,nan;nan;nan;nan;0.123457;1.290229,5.000000;5.000000;5.000000;5.000000;5.000000;5.000000,356,23176,208,18128,0,0,0,0,18,1008,0,0,0,0,0,0,0,0,0,0,0,0,0,0,0,0,0,0,graph_0004__stability_0.8000,stability,0.8,graph_0004,epoch_0004
trace,aodv,0.671072,0.671020,2762,3427,105,1274,1999,0.572222,0.029047,77.059455,360,206,38,56,0,760,1.144444,1274,60700,6.184466,294.660194,0.500000,4.285714,4.000000,5.000000,5.000000;5.000000;4.000000;4.000000;4.000000;4.000000;4.000000,12,0.869565,1,5.000000;5.000000;5.000000;5.000000;5.000000;5.000000,1.444630;nan;0.442346;1.112138;0.123457;0.500429,5.000000;5.000000;5.000000;5.000000;5.000000;5.000000,0,0,0,0,0,0,0,0,0,0,717,34416,213,11076,170,8160,157,6512,16,480,1,56,0,0,0,0,0,0,graph_0004__stability_0.8000,stability,0.8,graph_0004,epoch_0004
trace,static,0.267635,0.267599,1135,939,105,0,0,0.455556,0.022877,72.644089,360,164,0,0,0,172,0.911111,0,0,0.000000,0.000000,0.500000,4.285714,4.000000,5.000000,5.000000;5.000000;4.000000;4.000000;4.000000;4.000000;4.000000,12,0.869565,1,5.000000;5.000000;5.000000;5.000000;5.000000;5.000000,0.118217;0.157004;0.130332;0.121247;0.123457;0.144201,5.000000;5.000000;5.000000;5.000000;5.000000;5.000000,0,0,0,0,0,0,0,0,0,0,0,0,0,0,0,0,0,0,0,0,0,0,0,0,0,0,0,0,graph_0004__stability_0.8000,stability,0.8,graph_0004,epoch_0004
trace,olsr,0.327080,0.326955,1091,1454,105,572,1050,0.108333,0.005761,56.901273,360,39,1,0,0,279,0.216667,572,42132,14.666667,1080.307692,0.500000,4.285714,4.000000,5.000000,5.000000;5.000000;4.000000;4.000000;4.000000;4.000000;4.000000,12,0.869565,1,5.000000;5.000000;5.000000;5.000000;5.000000;5.000000,nan;nan;nan;nan;nan;nan,5.000000;5.000000;5.000000;5.000000;5.000000;5.000000,354,23024,218,19108,0,0,0,0,0,0,0,0,0,0,0,0,0,0,0,0,0,0,0,0,0,0,0,0,graph_0004__stability_0.8000,stability,0.8,graph_0004,epoch_0005
trace,aodv,0.675859,0.675832,2805,3478,105,1197,1915,0.644444,0.032712,77.757939,360,232,27,56,0,702,1.288889,1197,57098,5.159483,246.112069,0.500000,4.285714,4.000000,5.000000,5.000000;5.000000;4.000000;4.000000;4.000000;4.000000;4.000000,12,0.869565,1,5.000000;5.000000;5.000000;5.000000;5.000000;5.000000,1.262955;nan;1.905939;1.430962;0.661528;0.178189,5.000000;5.000000;5.000000;5.000000;5.000000;5.000000,0,0,0,0,0,0,0,0,0,0,733,35184,180,9360,138,6624,135,5600,11,330,0,0,0,0,0,0,0,0,graph_0004__stability_0.8000,stability,0.8,graph_0004,epoch_0005
trace,static,0.272254,0.272222,1135,939,105,0,0,0.455556,0.022874,72.644085,360,164,0,0,0,172,0.911111,0,0,0.000000,0.000000,0.500000,4.285714,4.000000,5.000000,5.000000;5.000000;4.000000;4.000000;4.000000;4.000000;4.000000,12,0.869565,1,5.000000;5.000000;5.000000;5.000000;5.000000;5.000000,0.118177;0.161838;0.132078;0.121247;0.123457;0.144201,5.000000;5.000000;5.000000;5.000000;5.000000;5.000000,0,0,0,0,0,0,0,0,0,0,0,0,0,0,0,0,0,0,0,0,0,0,0,0,0,0,0,0,graph_0004__stability_0.8000,stability,0.8,graph_0004,epoch_0005
trace,olsr,0.310524,0.310506,1128,1515,105,566,1068,0.091667,0.041764,47.886211,360,33,5,0,0,278,0.183333,566,41588,17.151515,1260.242424,0.500000,4.285714,4.000000,5.000000,5.000000;5.000000;4.000000;4.000000;4.000000;4.000000;4.000000,12,0.869565,1,5.000000;5.000000;5.000000;5.000000;5.000000;5.000000,nan;nan;nan;nan;nan;nan,5.000000;5.000000;5.000000;5.000000;5.000000;5.000000,353,23128,213,18460,0,0,0,0,0,0,0,0,0,0,0,0,0,0,0,0,0,0,0,0,0,0,0,0,graph_0004__stability_0.8000,stability,0.8,graph_0004,epoch_0002
trace,aodv,0.703253,0.703197,2862,3529,105,1243,1972,0.622222,0.032117,78.623000,360,224,18,56,0,808,1.244444,1243,59298,5.549107,264.723214,0.500000,4.285714,4.000000,5.000000,5.000000;5.000000;4.000000;4.000000;4.000000;4.000000;4.000000,12,0.869565,1,5.000000;5.000000;5.000000;5.000000;5.000000;5.000000,1.270774;nan;0.101341;0.479779;0.000255;0.346989,5.000000;5.000000;5.000000;5.000000;5.000000;5.000000,0,0,0,0,0,0,0,0,0,0,719,34512,207,10764,148,7104,146,6072,17,510,6,336,0,0,0,0,0,0,graph_0004__stability_0.8000,stability,0.8,graph_0004,epoch_0002
trace,static,0.271212,0.271095,1135,939,105,0,0,0.455556,0.022873,72.644073,360,164,0,0,0,172,0.911111,0,0,0.000000,0.000000,0.500000,4.285714,4.000000,5.000000,5.000000;5.000000;4.000000;4.000000;4.000000;4.000000;4.000000,12,0.869565,1,5.000000;5.000000;5.000000;5.000000;5.000000;5.000000,0.119297;0.156688;0.136878;0.121247;0.123457;0.144201,5.000000;5.000000;5.000000;5.000000;5.000000;5.000000,0,0,0,0,0,0,0,0,0,0,0,0,0,0,0,0,0,0,0,0,0,0,0,0,0,0,0,0,graph_0004__stability_0.8000,stability,0.8,graph_0004,epoch_0002
trace,olsr,0.539380,0.539363,1669,2023,105,555,1105,0.227778,0.011435,67.137810,360,82,32,0,0,671,0.455556,555,40828,6.768293,497.902439,0.500000,2.307692,2.000000,3.000000,3.000000;3.000000;3.000000;3.000000;2.000000;2.000000;2.000000;2.000000;2.000000;2.000000;2.000000;2.000000;2.000000,24,0.823529,1,3.000000;3.000000;3.000000;3.000000;3.000000;3.000000;2.000000;2.000000;2.000000;2.000000;2.000000;2.000000,0.220167;2.209527;2.426229;nan;1.256629;0.352829;0.284789;nan;nan;nan;nan;0.100737,3.000000;3.000000;3.000000;3.000000;3.000000;3.000000;2.000000;2.000000;2.000000;2.000000;2.000000;2.000000,361,23956,190,16648,0,0,0,0,4,224,0,0,0,0,0,0,0,0,0,0,0,0,0,0,0,0,0,0,graph_0003__stability_0.6000,stability,0.6,graph_0003,epoch_0001
trace,aodv,0.683544,0.683494,2677,3454,105,1372,2230,0.452778,0.024353,73.982324,360,163,42,56,0,1039,0.905556,1372,65120,8.417178,399.509202,0.500000,2.307692,2.000000,3.000000,3.000000;3.000000;3.000000;3.000000;2.000000;2.000000;2.000000;2.000000;2.000000;2.000000;2.000000;2.000000;2.000000,24,0.823529,1,3.000000;3.000000;3.000000;3.000000;3.000000;3.000000;2.000000;2.000000;2.000000;2.000000;2.000000;2.000000,0.023941;1.236126;1.453660;nan;nan;0.245689;0.112257;1.722880;0.140701;nan;0.004737;nan,3.000000;3.000000;3.000000;3.000000;3.000000;3.000000;2.000000;2.000000;2.000000;2.000000;2.000000;2.000000,0,0,0,0,0,0,0,0,0,0,735,35280,211,10972,207,9936,200,8336,18,540,1,56,0,0,0,0,0,0,graph_0003__stability_0.6000,stability,0.6,graph_0003,epoch_0001
trace,static,0.252227,0.252215,1003,799,105,0,0,0.433333,0.021754,73.747979,360,156,0,0,0,228,0.866667,0,0,0.000000,0.000000,0.500000,2.307692,2.000000,3.000000,3.000000;3.000000;3.000000;3.000000;2.000000;2.000000;2.000000;2.000000;2.000000;2.000000;2.000000;2.000000;2.000000,24,0.823529,1,3.000000;3.000000;3.000000;3.000000;3.000000;3.000000;2.000000;2.000000;2.000000;2.000000;2.000000;2.000000,0.238900;0.083687;0.132753;0.058774;0.100793;0.043489;0.120300;0.072137;0.140701;0.072861;0.013713;0.109713,3.000000;3.000000;3.000000;3.000000;3.000000;3.000000;2.000000;2.000000;2.000000;2.000000;2.000000;2.000000,0,0,0,0,0,0,0,0,0,0,0,0,0,0,0,0,0,0,0,0,0,0,0,0,0,0,0,0,graph_0003__stability_0.6000,stability,0.6,graph_0003,epoch_0001
trace,olsr,0.540756,0.540707,1599,1935,105,555,1130,0.213889,0.010737,66.447247,360,77,0,0,0,672,0.427778,555,40416,7.207792,524.883117,0.500000,2.307692,2.000000,3.000000,3.000000;3.000000;3.000000;3.000000;2.000000;2.000000;2.000000;2.000000;2.000000;2.000000;2.000000;2.000000;2.000000,24,0.823529,1,3.000000;3.000000;3.000000;3.000000;3.000000;3.000000;2.000000;2.000000;2.000000;2.000000;2.000000;2.000000,0.224247;2.210567;2.589999;nan;1.256629;0.238423;nan;1.536375;nan;nan;nan;0.100737,3.000000;3.000000;3.000000;3.000000;3.000000;3.000000;2.000000;2.000000;2.000000;2.000000;2.000000;2.000000,362,24000,189,16192,0,0,0,0,4,224,0,0,0,0,0,0,0,0,0,0,0,0,0,0,0,0,0,0,graph_0003__stability_0.6000,stability,0.6,graph_0003,epoch_0003
trace,aodv,0.629194,0.628976,2479,3263,105,1366,2226,0.375000,0.020537,69.031289,360,135,19,112,0,866,0.750000,1366,65102,10.118519,482.237037,0.500000,2.307692,2.000000,3.000000,3.000000;3.000000;3.000000;3.000000;2.000000;2.000000;2.000000;2.000000;2.000000;2.000000;2.000000;2.000000;2.000000,24,0.823529,1,3.000000;3.000000;3.000000;3.000000;3.000000;3.000000;2.000000;2.000000;2.000000;2.000000;2.000000;2.000000,0.018481;0.232980;0.123777;nan;nan;0.373660;0.112257;nan;nan;0.914886;0.202196;nan,3.000000;3.000000;3.000000;3.000000;3.000000;3.000000;2.000000;2.000000;2.000000;2.000000;2.000000;2.000000,0,0,0,0,0,0,0,0,0,0,728,34944,231,12012,220,10560,164,6896,23,690,0,0,0,0,0,0,0,0,graph_0003__stability_0.6000,stability,0.6,graph_0003,epoch_0003
trace,static,0.251946,0.251933,1003,799,105,0,0,0.433333,0.021754,73.747875,360,156,0,0,0,233,0.866667,0,0,0.000000,0.000000,0.500000,2.307692,2.000000,3.000000,3.000000;3.000000;3.000000;3.000000;2.000000;2.000000;2.000000;2.000000;2.000000;2.000000;2.000000;2.000000;2.000000,24,0.823529,1,3.000000;3.000000;3.000000;3.000000;3.000000;3.000000;2.000000;2.000000;2.000000;2.000000;2.000000;2.000000,0.228514;0.088727;0.132753;0.057614;0.100793;0.043489;0.119200;0.065257;0.140701;0.072861;0.013713;0.109713,3.000000;3.000000;3.000000;3.000000;3.000000;3.000000;2.000000;2.000000;2.000000;2.000000;2.000000;2.000000,0,0,0,0,0,0,0,0,0,0,0,0,0,0,0,0,0,0,0,0,0,0,0,0,0,0,0,0,graph_0003__stability_0.6000,stability,0.6,graph_0003,epoch_0003
trace,olsr,0.552651,0.552524,1675,2015,105,551,1126,0.227778,0.011436,68.170070,360,82,10,0,0,712,0.455556,551,39908,6.719512,486.682927,0.500000,2.307692,2.000000,3.000000,3.000000;3.000000;3.000000;3.000000;2.000000;2.000000;2.000000;2.000000;2.000000;2.000000;2.000000;2.000000;2.000000,24,0.823529,1,3.000000;3.000000;3.000000;3.000000;3.000000;3.000000;2.000000;2.000000;2.000000;2.000000;2.000000;2.000000,0.220107;2.211107;1.453226;nan;1.265335;0.352709;nan;1.228959;nan;nan;nan;0.100737,3.000000;3.000000;3.000000;3.000000;3.000000;3.000000;2.000000;2.000000;2.000000;2.000000;2.000000;2.000000,360,23864,187,15820,0,0,0,0,4,224,0,0,0,0,0,0,0,0,0,0,0,0,0,0,0,0,0,0,graph_0003__stability_0.6000,stability,0.6,graph_0003,epoch_0004
trace,aodv,0.577820,0.577788,2412,3193,105,1220,2054,0.411111,0.020867,70.880851,360,148,46,113,0,785,0.822222,1220,58116,8.243243,392.675676,0.500000,2.307692,2.000000,3.000000,3.000000;3.000000;3.000000;3.000000;2.000000;2.000000;2.000000;2.000000;2.000000;2.000000;2.000000;2.000000;2.000000,24,0.823529,1,3.000000;3.000000;3.000000;3.000000;3.000000;3.000000;2.000000;2.000000;2.000000;2.000000;2.000000;2.000000,1.164846;0.680380;0.123777;nan;nan;0.374761;0.112257;nan;nan;nan;1.154777;0.100737,3.000000;3.000000;3.000000;3.000000;3.000000;3.000000;2.000000;2.000000;2.000000;2.000000;2.000000;2.000000,0,0,0,0,0,0,0,0,0,0,758,36384,171,8892,119,5712,156,6648,16,480,0,0,0,0,0,0,0,0,graph_0003__stability_0.6000,stability,0.6,graph_0003,epoch_0004
trace,static,0.248431,0.248418,1003,799,105,0,0,0.433333,0.021757,73.748085,360,156,0,0,0,227,0.866667,0,0,0.000000,0.000000,0.500000,2.307692,2.000000,3.000000,3.000000;3.000000;3.000000;3.000000;2.000000;2.000000;2.000000;2.000000;2.000000;2.000000;2.000000;2.000000;2.000000,24,0.823529,1,3.000000;3.000000;3.000000;3.000000;3.000000;3.000000;2.000000;2.000000;2.000000;2.000000;2.000000;2.000000,0.255020;0.086707;0.132753;0.056674;0.100793;0.043489;0.118300;0.067017;0.140701;0.072861;0.013713;0.109713,3.000000;3.000000;3.000000;3.000000;3.000000;3.000000;2.000000;2.000000;2.000000;2.000000;2.000000;2.000000,0,0,0,0,0,0,0,0,0,0,0,0,0,0,0,0,0,0,0,0,0,0,0,0,0,0,0,0,graph_0003__stability_0.6000,stability,0.6,graph_0003,epoch_0004
trace,olsr,0.467816,0.467270,1460,1830,105,542,1102,0.208333,0.010460,65.137994,360,75,47,0,0,572,0.416667,542,39624,7.226667,528.320000,0.500000,2.307692,2.000000,3.000000,3.000000;3.000000;3.000000;3.000000;2.000000;2.000000;2.000000;2.000000;2.000000;2.000000;2.000000;2.000000;2.000000,24,0.823529,1,3.000000;3.000000;3.000000;3.000000;3.000000;3.000000;2.000000;2.000000;2.000000;2.000000;2.000000;2.000000,0.223907;2.210707;1.280839;nan;1.593299;0.352993;nan;nan;nan;nan;nan;0.100737,3.000000;3.000000;3.000000;3.000000;3.000000;3.000000;2.000000;2.000000;2.000000;2.000000;2.000000;2.000000,362,23968,180,15656,0,0,0,0,0,0,0,0,0,0,0,0,0,0,0,0,0,0,0,0,0,0,0,0,graph_0003__stability_0.6000,stability,0.6,graph_0003,epoch_0005
trace,aodv,0.748478,0.747520,2822,3631,105,1436,2339,0.483333,0.024535,71.147486,360,174,36,56,0,1041,0.966667,1436,68490,8.252874,393.620690,0.500000,2.307692,2.000000,3.000000,3.000000;3.000000;3.000000;3.000000;2.000000;2.000000;2.000000;2.000000;2.000000;2.000000;2.000000;2.000000;2.000000,24,0.823529,1,3.000000;3.000000;3.000000;3.000000;3.000000;3.000000;2.000000;2.000000;2.000000;2.000000;2.000000;2.000000,0.020140;0.912319;0.123777;1.706884;0.435282;0.016541;0.112257;nan;nan;0.760787;0.843841;0.102741,3.000000;3.000000;3.000000;3.000000;3.000000;3.000000;2.000000;2.000000;2.000000;2.000000;2.000000;2.000000,0,0,0,0,0,0,0,0,0,0,727,34896,248,12896,252,12096,184,7800,23,690,2,112,0,0,0,0,0,0,graph_0003__stability_0.6000,stability,0.6,graph_0003,epoch_0005
trace,static,0.252273,0.251966,1003,799,105,0,0,0.433333,0.021756,73.747978,360,156,0,0,0,227,0.866667,0,0,0.000000,0.000000,0.500000,2.307692,2.000000,3.000000,3.000000;3.000000;3.000000;3.000000;2.000000;2.000000;2.000000;2.000000;2.000000;2.000000;2.000000;2.000000;2.000000,24,0.823529,1,3.000000;3.000000;3.000000;3.000000;3.000000;3.000000;2.000000;2.000000;2.000000;2.000000;2.000000;2.000000,0.239820;0.083687;0.132753;0.056754;0.100793;0.043489;0.118140;0.068237;0.140701;0.072861;0.013713;0.109713,3.000000;3.000000;3.000000;3.000000;3.000000;3.000000;2.000000;2.000000;2.000000;2.000000;2.000000;2.000000,0,0,0,0,0,0,0,0,0,0,0,0,0,0,0,0,0,0,0,0,0,0,0,0,0,0,0,0,graph_0003__stability_0.6000,stability,0.6,graph_0003,epoch_0005
trace,olsr,0.539269,0.539217,1604,1945,105,554,1119,0.208333,0.010517,64.033468,360,75,29,0,0,668,0.416667,554,40492,7.386667,539.893333,0.500000,2.307692,2.000000,3.000000,3.000000;3.000000;3.000000;3.000000;2.000000;2.000000;2.000000;2.000000;2.000000;2.000000;2.000000;2.000000;2.000000,24,0.823529,1,3.000000;3.000000;3.000000;3.000000;3.000000;3.000000;2.000000;2.000000;2.000000;2.000000;2.000000;2.000000,0.224607;2.210127;1.451196;nan;1.265335;0.352829;0.284789;nan;nan;nan;nan;0.282245,3.000000;3.000000;3.000000;3.000000;3.000000;3.000000;2.000000;2.000000;2.000000;2.000000;2.000000;2.000000,363,24032,185,16124,0,0,0,0,6,336,0,0,0,0,0,0,0,0,0,0,0,0,0,0,0,0,0,0,graph_0003__stability_0.6000,stability,0.6,graph_0003,epoch_0002
trace,aodv,0.731046,0.731002,2843,3714,105,1422,2355,0.536111,0.027208,69.826577,360,193,49,57,0,1001,1.072222,1422,67664,7.367876,350.590674,0.500000,2.307692,2.000000,3.000000,3.000000;3.000000;3.000000;3.000000;2.000000;2.000000;2.000000;2.000000;2.000000;2.000000;2.000000;2.000000;2.000000,24,0.823529,1,3.000000;3.000000;3.000000;3.000000;3.000000;3.000000;2.000000;2.000000;2.000000;2.000000;2.000000;2.000000,2.565858;0.115162;0.123777;1.696024;0.454728;0.048268;0.216827;nan;nan;nan;0.523276;0.100737,3.000000;3.000000;3.000000;3.000000;3.000000;3.000000;2.000000;2.000000;2.000000;2.000000;2.000000;2.000000,0,0,0,0,0,0,0,0,0,0,711,34128,254,13208,235,11280,196,8216,24,720,2,112,0,0,0,0,0,0,graph_0003__stability_0.6000,stability,0.6,graph_0003,epoch_0002
trace,static,0.249633,0.249492,1003,799,105,0,0,0.433333,0.021754,73.747858,360,156,0,0,0,232,0.866667,0,0,0.000000,0.000000,0.500000,2.307692,2.000000,3.000000,3.000000;3.000000;3.000000;3.000000;2.000000;2.000000;2.000000;2.000000;2.000000;2.000000;2.000000;2.000000;2.000000,24,0.823529,1,3.000000;3.000000;3.000000;3.000000;3.000000;3.000000;2.000000;2.000000;2.000000;2.000000;2.000000;2.000000,0.233640;0.081611;0.132753;0.057694;0.100793;0.043489;0.119400;0.064571;0.140701;0.072861;0.013713;0.109713,3.000000;3.000000;3.000000;3.000000;3.000000;3.000000;2.000000;2.000000;2.000000;2.000000;2.000000;2.000000,0,0,0,0,0,0,0,0,0,0,0,0,0,0,0,0,0,0,0,0,0,0,0,0,0,0,0,0,graph_0003__stability_0.6000,stability,0.6,graph_0003,epoch_0002
trace,olsr,0.382040,0.382031,1190,1557,105,548,1117,0.166667,0.008861,67.855998,360,60,9,0,0,332,0.333333,548,40572,9.133333,676.200000,0.500000,4.285714,4.000000,5.000000,5.000000;5.000000;4.000000;4.000000;4.000000;4.000000;4.000000,12,0.826087,1,5.000000;5.000000;5.000000;5.000000;5.000000;5.000000,2.243135;nan;1.779337;0.112257;nan;nan,5.000000;5.000000;5.000000;5.000000;5.000000;5.000000,361,24036,187,16536,0,0,0,0,0,0,0,0,0,0,0,0,0,0,0,0,0,0,0,0,0,0,0,0,graph_0003__stability_0.8000,stability,0.8,graph_0003,epoch_0001
trace,aodv,0.689344,0.689259,2725,3520,105,1329,2185,0.488889,0.024882,71.879074,360,176,68,56,0,896,0.977778,1329,62980,7.551136,357.840909,0.500000,4.285714,4.000000,5.000000,5.000000;5.000000;4.000000;4.000000;4.000000;4.000000;4.000000,12,0.826087,1,5.000000;5.000000;5.000000;5.000000;5.000000;5.000000,2.574701;0.262389;0.100773;0.309468;3.500796;0.002989,5.000000;5.000000;5.000000;5.000000;5.000000;5.000000,0,0,0,0,0,0,0,0,0,0,744,35712,185,9620,160,7680,215,8984,16,480,9,504,0,0,0,0,0,0,graph_0003__stability_0.8000,stability,0.8,graph_0003,epoch_0001
trace,static,0.249697,0.249680,1023,826,105,0,0,0.452778,0.022858,72.520466,360,163,0,0,0,179,0.905556,0,0,0.000000,0.000000,0.500000,4.285714,4.000000,5.000000,5.000000;5.000000;4.000000;4.000000;4.000000;4.000000;4.000000,12,0.826087,1,5.000000;5.000000;5.000000;5.000000;5.000000;5.000000,0.150295;0.089857;0.109749;0.121233;0.145299;0.146630,5.000000;5.000000;5.000000;5.000000;5.000000;5.000000,0,0,0,0,0,0,0,0,0,0,0,0,0,0,0,0,0,0,0,0,0,0,0,0,0,0,0,0,graph_0003__stability_0.8000,stability,0.8,graph_0003,epoch_0001
trace,olsr,0.320107,0.320072,1021,1455,105,548,1116,0.116667,0.006563,62.281495,360,42,0,0,0,254,0.233333,548,40104,13.047619,954.857143,0.500000,4.285714,4.000000,5.000000,5.000000;5.000000;4.000000;4.000000;4.000000;4.000000;4.000000,12,0.826087,1,5.000000;5.000000;5.000000;5.000000;5.000000;5.000000,2.234229;nan;nan;nan;0.295989;nan,5.000000;5.000000;5.000000;5.000000;5.000000;5.000000,359,23836,189,16268,0,0,0,0,0,0,0,0,0,0,0,0,0,0,0,0,0,0,0,0,0,0,0,0,graph_0003__stability_0.8000,stability,0.8,graph_0003,epoch_0003
trace,aodv,0.582353,0.582231,2418,3195,105,1295,2106,0.402778,0.020913,74.277953,360,145,68,113,0,713,0.805556,1295,61492,8.931034,424.082759,0.500000,4.285714,4.000000,5.000000,5.000000;5.000000;4.000000;4.000000;4.000000;4.000000;4.000000,12,0.826087,1,5.000000;5.000000;5.000000;5.000000;5.000000;5.000000,nan;0.262389;0.100773;0.450321;3.512250;0.008070,5.000000;5.000000;5.000000;5.000000;5.000000;5.000000,0,0,0,0,0,0,0,0,0,0,738,35424,193,10036,145,6960,196,8200,16,480,7,392,0,0,0,0,0,0,graph_0003__stability_0.8000,stability,0.8,graph_0003,epoch_0003
trace,static,0.251688,0.251667,1023,826,105,0,0,0.452778,0.022857,72.520453,360,163,0,0,0,179,0.905556,0,0,0.000000,0.000000,0.500000,4.285714,4.000000,5.000000,5.000000;5.000000;4.000000;4.000000;4.000000;4.000000;4.000000,12,0.826087,1,5.000000;5.000000;5.000000;5.000000;5.000000;5.000000,0.154375;0.089857;0.109749;0.121233;0.144663;0.151750,5.000000;5.000000;5.000000;5.000000;5.000000;5.000000,0,0,0,0,0,0,0,0,0,0,0,0,0,0,0,0,0,0,0,0,0,0,0,0,0,0,0,0,graph_0003__stability_0.8000,stability,0.8,graph_0003,epoch_0003
trace,olsr,0.398217,0.398192,1231,1588,105,539,1098,0.186111,0.010858,73.896475,360,67,1,0,0,351,0.372222,539,39440,8.044776,588.656716,0.500000,4.285714,4.000000,5.000000,5.000000;5.000000;4.000000;4.000000;4.000000;4.000000;4.000000,12,0.826087,1,5.000000;5.000000;5.000000;5.000000;5.000000;5.000000,2.234229;nan;1.448817;2.250599;0.295919;nan,5.000000;5.000000;5.000000;5.000000;5.000000;5.000000,356,23596,183,15844,0,0,0,0,0,0,0,0,0,0,0,0,0,0,0,0,0,0,0,0,0,0,0,0,graph_0003__stability_0.8000,stability,0.8,graph_0003,epoch_0004
trace,aodv,0.694014,0.693839,2744,3525,105,1287,2091,0.619444,0.031530,78.440710,360,223,58,56,0,914,1.238889,1287,60828,5.771300,272.771300,0.500000,4.285714,4.000000,5.000000,5.000000;5.000000;4.000000;4.000000;4.000000;4.000000;4.000000,12,0.826087,1,5.000000;5.000000;5.000000;5.000000;5.000000;5.000000,nan;0.089857;0.100773;0.112257;0.123457;0.134941,5.000000;5.000000;5.000000;5.000000;5.000000;5.000000,0,0,0,0,0,0,0,0,0,0,760,36480,168,8736,133,6384,210,8696,14,420,2,112,0,0,0,0,0,0,graph_0003__stability_0.8000,stability,0.8,graph_0003,epoch_0004
trace,static,0.250468,0.250456,1027,831,105,0,0,0.455556,0.022936,72.710980,360,164,0,0,0,181,0.911111,0,0,0.000000,0.000000,0.500000,4.285714,4.000000,5.000000,5.000000;5.000000;4.000000;4.000000;4.000000;4.000000;4.000000,12,0.826087,1,5.000000;5.000000;5.000000;5.000000;5.000000;5.000000,0.160495;0.089857;0.109749;0.121233;0.140019;0.149690,5.000000;5.000000;5.000000;5.000000;5.000000;5.000000,0,0,0,0,0,0,0,0,0,0,0,0,0,0,0,0,0,0,0,0,0,0,0,0,0,0,0,0,graph_0003__stability_0.8000,stability,0.8,graph_0003,epoch_0004
trace,olsr,0.324680,0.324323,1007,1389,105,537,1075,0.091667,0.004903,54.491249,360,33,1,0,0,284,0.183333,537,39016,16.272727,1182.303030,0.500000,4.285714,4.000000,5.000000,5.000000;5.000000;4.000000;4.000000;4.000000;4.000000;4.000000,12,0.826087,1,5.000000;5.000000;5.000000;5.000000;5.000000;5.000000,2.234229;nan;nan;3.725429;3.736629;nan,5.000000;5.000000;5.000000;5.000000;5.000000;5.000000,361,23896,176,15120,0,0,0,0,0,0,0,0,0,0,0,0,0,0,0,0,0,0,0,0,0,0,0,0,graph_0003__stability_0.8000,stability,0.8,graph_0003,epoch_0005
trace,aodv,0.584311,0.583701,2401,3201,105,1237,2091,0.422222,0.021555,73.319357,360,152,42,112,0,623,0.844444,1237,58600,8.138158,385.526316,0.500000,4.285714,4.000000,5.000000,5.000000;5.000000;4.000000;4.000000;4.000000;4.000000;4.000000,12,0.826087,1,5.000000;5.000000;5.000000;5.000000;5.000000;5.000000,0.784206;nan;0.100773;0.309208;3.499112;0.001065,5.000000;5.000000;5.000000;5.000000;5.000000;5.000000,0,0,0,0,0,0,0,0,0,0,766,36768,142,7384,132,6336,177,7408,16,480,4,224,0,0,0,0,0,0,graph_0003__stability_0.8000,stability,0.8,graph_0003,epoch_0005
trace,static,0.253774,0.253500,1025,828,105,0,0,0.452778,0.022860,72.520374,360,163,0,0,0,179,0.905556,0,0,0.000000,0.000000,0.500000,4.285714,4.000000,5.000000,5.000000;5.000000;4.000000;4.000000;4.000000;4.000000;4.000000,12,0.826087,1,5.000000;5.000000;5.000000;5.000000;5.000000;5.000000,0.147295;0.089857;0.109749;0.121233;0.134439;0.146630,5.000000;5.000000;5.000000;5.000000;5.000000;5.000000,0,0,0,0,0,0,0,0,0,0,0,0,0,0,0,0,0,0,0,0,0,0,0,0,0,0,0,0,graph_0003__stability_0.8000,stability,0.8,graph_0003,epoch_0005
trace,olsr,0.413578,0.413551,1306,1664,105,543,1096,0.202778,0.010208,68.004476,360,73,7,0,0,391,0.405556,543,39420,7.438356,540.000000,0.500000,4.285714,4.000000,5.000000,5.000000;5.000000;4.000000;4.000000;4.000000;4.000000;4.000000,12,0.826087,1,5.000000;5.000000;5.000000;5.000000;5.000000;5.000000,2.234229;nan;1.750529;0.112257;nan;2.273269,5.000000;5.000000;5.000000;5.000000;5.000000;5.000000,363,24048,180,15372,0,0,0,0,0,0,0,0,0,0,0,0,0,0,0,0,0,0,0,0,0,0,0,0,graph_0003__stability_0.8000,stability,0.8,graph_0003,epoch_0002
trace,aodv,0.702011,0.701927,2802,3599,105,1347,2184,0.622222,0.031758,75.978932,360,224,40,56,0,868,1.244444,1347,63888,6.013393,285.214286,0.500000,4.285714,4.000000,5.000000,5.000000;5.000000;4.000000;4.000000;4.000000;4.000000;4.000000,12,0.826087,1,5.000000;5.000000;5.000000;5.000000;5.000000;5.000000,0.123766;nan;0.100773;0.298544;0.123457;0.002729,5.000000;5.000000;5.000000;5.000000;5.000000;5.000000,0,0,0,0,0,0,0,0,0,0,753,36144,190,9880,180,8640,201,8456,20,600,3,168,0,0,0,0,0,0,graph_0003__stability_0.8000,stability,0.8,graph_0003,epoch_0002
trace,static,0.246910,0.246802,1023,826,105,0,0,0.452778,0.022857,72.520330,360,163,0,0,0,179,0.905556,0,0,0.000000,0.000000,0.500000,4.285714,4.000000,5.000000,5.000000;5.000000;4.000000;4.000000;4.000000;4.000000;4.000000,12,0.826087,1,5.000000;5.000000;5.000000;5.000000;5.000000;5.000000,0.146275;0.089857;0.109749;0.121233;0.139719;0.144674,5.000000;5.000000;5.000000;5.000000;5.000000;5.000000,0,0,0,0,0,0,0,0,0,0,0,0,0,0,0,0,0,0,0,0,0,0,0,0,0,0,0,0,graph_0003__stability_0.8000,stability,0.8,graph_0003,epoch_0002
trace,olsr,0.541694,0.541641,1651,1921,105,568,1079,0.188889,0.009871,67.538945,360,68,29,0,0,611,0.377778,568,41880,8.352941,615.882353,0.500000,1.250000,1.000000,2.000000,2.000000;2.000000;2.000000;2.000000;2.000000;2.000000;1.000000;1.000000;1.000000;1.000000;1.000000;1.000000;1.000000;1.000000;1.000000;1.000000;1.000000;1.000000;1.000000;1.000000;1.000000;1.000000;1.000000;1.000000,46,1.000000,1,2.000000;2.000000;2.000000;2.000000;2.000000;2.000000;2.000000;1.000000;1.000000;1.000000;1.000000;1.000000;1.000000;1.000000;1.000000;1.000000;1.000000;1.000000;1.000000;1.000000;1.000000;1.000000;1.000000,nan;0.129253;0.234243;nan;1.245159;nan;nan;nan;nan;nan;0.336317;nan;nan;0.061093;nan;nan;nan;nan;0.546853;nan;0.332935;nan;nan,2.000000;2.000000;2.000000;2.000000;2.000000;2.000000;2.000000;1.000000;1.000000;1.000000;1.000000;1.000000;1.000000;1.000000;1.000000;1.000000;1.000000;1.000000;1.000000;1.000000;1.000000;1.000000;1.000000,354,23080,210,18576,0,0,0,0,4,224,0,0,0,0,0,0,0,0,0,0,0,0,0,0,0,0,0,0,graph_0004__stability_0.2000,stability,0.2,graph_0004,epoch_0001
trace,aodv,0.722431,0.722386,2720,3417,105,1407,2187,0.469444,0.025257,76.579378,360,169,32,57,0,1129,0.938889,1407,67004,8.325444,396.473373,0.500000,1.250000,1.000000,2.000000,2.000000;2.000000;2.000000;2.000000;2.000000;2.000000;1.000000;1.000000;1.000000;1.000000;1.000000;1.000000;1.000000;1.000000;1.000000;1.000000;1.000000;1.000000;1.000000;1.000000;1.000000;1.000000;1.000000;1.000000,46,1.000000,1,2.000000;2.000000;2.000000;2.000000;2.000000;2.000000;2.000000;1.000000;1.000000;1.000000;1.000000;1.000000;1.000000;1.000000;1.000000;1.000000;1.000000;1.000000;1.000000;1.000000;1.000000;1.000000;1.000000,nan;nan;1.080356;0.030145;0.298334;nan;0.212533;0.101341;0.261555;nan;nan;0.128933;0.611735;0.061093;0.027741;0.157661;0.165711;0.089537;0.247476;nan;0.212265;nan;nan,2.000000;2.000000;2.000000;2.000000;2.000000;2.000000;2.000000;1.000000;1.000000;1.000000;1.000000;1.000000;1.000000;1.000000;1.000000;1.000000;1.000000;1.000000;1.000000;1.000000;1.000000;1.000000;1.000000,0,0,0,0,0,0,0,0,0,0,711,34128,255,13260,208,9984,202,8624,28,840,3,168,0,0,0,0,0,0,graph_0004__stability_0.2000,stability,0.2,graph_0004,epoch_0001
trace,static,0.243012,0.243005,963,744,105,0,0,0.391667,0.020117,72.450259,360,141,0,0,0,291,0.783333,0,0,0.000000,0.000000,0.500000,1.250000,1.000000,2.000000,2.000000;2.000000;2.000000;2.000000;2.000000;2.000000;1.000000;1.000000;1.000000;1.000000;1.000000;1.000000;1.000000;1.000000;1.000000;1.000000;1.000000;1.000000;1.000000;1.000000;1.000000;1.000000;1.000000;1.000000,46,1.000000,1,2.000000;2.000000;2.000000;2.000000;2.000000;2.000000;2.000000;1.000000;1.000000;1.000000;1.000000;1.000000;1.000000;1.000000;1.000000;1.000000;1.000000;1.000000;1.000000;1.000000;1.000000;1.000000;1.000000,0.098813;0.129253;0.096056;0.157697;0.108815;0.030709;0.144237;0.119293;0.076113;0.042557;0.163421;0.128933;0.122225;0.079125;0.036717;0.166637;0.141409;0.098513;0.055333;0.030389;0.160877;0.124820;nan,2.000000;2.000000;2.000000;2.000000;2.000000;2.000000;2.000000;1.000000;1.000000;1.000000;1.000000;1.000000;1.000000;1.000000;1.000000;1.000000;1.000000;1.000000;1.000000;1.000000;1.000000;1.000000;1.000000,0,0,0,0,0,0,0,0,0,0,0,0,0,0,0,0,0,0,0,0,0,0,0,0,0,0,0,0,graph_0004__stability_0.2000,stability,0.2,graph_0004,epoch_0001
trace,olsr,0.472109,0.472070,1448,1722,105,575,1100,0.127778,0.008113,66.987210,360,46,24,0,0,579,0.255556,575,42476,12.500000,923.391304,0.500000,1.250000,1.000000,2.000000,2.000000;2.000000;2.000000;2.000000;2.000000;2.000000;1.000000;1.000000;1.000000;1.000000;1.000000;1.000000;1.000000;1.000000;1.000000;1.000000;1.000000;1.000000;1.000000;1.000000;1.000000;1.000000;1.000000;1.000000,46,1.000000,1,2.000000;2.000000;2.000000;2.000000;2.000000;2.000000;2.000000;1.000000;1.000000;1.000000;1.000000;1.000000;1.000000;1.000000;1.000000;1.000000;1.000000;1.000000;1.000000;1.000000;1.000000;1.000000;1.000000,nan;nan;0.248647;nan;1.245159;nan;nan;nan;nan;nan;nan;nan;nan;0.061093;nan;nan;nan;nan;nan;nan;nan;nan;nan,2.000000;2.000000;2.000000;2.000000;2.000000;2.000000;2.000000;1.000000;1.000000;1.000000;1.000000;1.000000;1.000000;1.000000;1.000000;1.000000;1.000000;1.000000;1.000000;1.000000;1.000000;1.000000;1.000000,355,23288,220,19188,0,0,0,0,0,0,0,0,0,0,0,0,0,0,0,0,0,0,0,0,0,0,0,0,graph_0004__stability_0.2000,stability,0.2,graph_0004,epoch_0003
trace,aodv,0.648886,0.648761,2457,3083,105,1316,2053,0.394444,0.020486,79.405469,360,142,46,57,0,1152,0.788889,1316,62666,9.267606,441.309859,0.500000,1.250000,1.000000,2.000000,2.000000;2.000000;2.000000;2.000000;2.000000;2.000000;1.000000;1.000000;1.000000;1.000000;1.000000;1.000000;1.000000;1.000000;1.000000;1.000000;1.000000;1.000000;1.000000;1.000000;1.000000;1.000000;1.000000;1.000000,46,1.000000,1,2.000000;2.000000;2.000000;2.000000;2.000000;2.000000;2.000000;1.000000;1.000000;1.000000;1.000000;1.000000;1.000000;1.000000;1.000000;1.000000;1.000000;1.000000;1.000000;1.000000;1.000000;1.000000;1.000000,nan;nan;0.088320;0.157697;0.089857;nan;nan;nan;nan;nan;nan;0.128933;0.127548;0.061093;0.027741;0.157661;0.003511;0.089537;0.236200;0.021413;0.017208;0.222709;nan,2.000000;2.000000;2.000000;2.000000;2.000000;2.000000;2.000000;1.000000;1.000000;1.000000;1.000000;1.000000;1.000000;1.000000;1.000000;1.000000;1.000000;1.000000;1.000000;1.000000;1.000000;1.000000;1.000000,0,0,0,0,0,0,0,0,0,0,741,35568,198,10296,186,8928,169,7136,19,570,3,168,0,0,0,0,0,0,graph_0004__stability_0.2000,stability,0.2,graph_0004,epoch_0003
trace,static,0.244840,0.244832,960,741,105,0,0,0.391667,0.020115,72.450210,360,141,0,0,0,287,0.783333,0,0,0.000000,0.000000,0.500000,1.250000,1.000000,2.000000,2.000000;2.000000;2.000000;2.000000;2.000000;2.000000;1.000000;1.000000;1.000000;1.000000;1.000000;1.000000;1.000000;1.000000;1.000000;1.000000;1.000000;1.000000;1.000000;1.000000;1.000000;1.000000;1.000000;1.000000,46,1.000000,1,2.000000;2.000000;2.000000;2.000000;2.000000;2.000000;2.000000;1.000000;1.000000;1.000000;1.000000;1.000000;1.000000;1.000000;1.000000;1.000000;1.000000;1.000000;1.000000;1.000000;1.000000;1.000000;1.000000,0.097033;0.129253;0.094176;0.157697;0.113711;0.030709;0.144237;0.119293;0.076113;0.042477;0.163421;0.128933;0.122225;0.079125;0.036717;0.166637;0.141409;0.098513;0.055333;0.030389;0.160877;0.123780;nan,2.000000;2.000000;2.000000;2.000000;2.000000;2.000000;2.000000;1.000000;1.000000;1.000000;1.000000;1.000000;1.000000;1.000000;1.000000;1.000000;1.000000;1.000000;1.000000;1.000000;1.000000;1.000000;1.000000,0,0,0,0,0,0,0,0,0,0,0,0,0,0,0,0,0,0,0,0,0,0,0,0,0,0,0,0,graph_0004__stability_0.2000,stability,0.2,graph_0004,epoch_0003
trace,olsr,0.488376,0.488228,1486,1692,105,550,1047,0.127778,0.006563,67.598458,360,46,2,0,0,598,0.255556,550,40456,11.956522,879.478261,0.500000,1.250000,1.000000,2.000000,2.000000;2.000000;2.000000;2.000000;2.000000;2.000000;1.000000;1.000000;1.000000;1.000000;1.000000;1.000000;1.000000;1.000000;1.000000;1.000000;1.000000;1.000000;1.000000;1.000000;1.000000;1.000000;1.000000;1.000000,46,1.000000,1,2.000000;2.000000;2.000000;2.000000;2.000000;2.000000;2.000000;1.000000;1.000000;1.000000;1.000000;1.000000;1.000000;1.000000;1.000000;1.000000;1.000000;1.000000;1.000000;1.000000;1.000000;1.000000;1.000000,nan;nan;0.234243;nan;1.245159;nan;nan;nan;nan;nan;nan;nan;nan;0.061093;nan;nan;nan;nan;nan;nan;nan;0.307911;nan,2.000000;2.000000;2.000000;2.000000;2.000000;2.000000;2.000000;1.000000;1.000000;1.000000;1.000000;1.000000;1.000000;1.000000;1.000000;1.000000;1.000000;1.000000;1.000000;1.000000;1.000000;1.000000;1.000000,356,23248,194,17208,0,0,0,0,0,0,0,0,0,0,0,0,0,0,0,0,0,0,0,0,0,0,0,0,graph_0004__stability_0.2000,stability,0.2,graph_0004,epoch_0004
trace,aodv,0.616690,0.616660,2520,3220,105,1300,2063,0.444444,0.023081,74.473599,360,160,24,113,0,935,0.888889,1300,62136,8.125000,388.350000,0.500000,1.250000,1.000000,2.000000,2.000000;2.000000;2.000000;2.000000;2.000000;2.000000;1.000000;1.000000;1.000000;1.000000;1.000000;1.000000;1.000000;1.000000;1.000000;1.000000;1.000000;1.000000;1.000000;1.000000;1.000000;1.000000;1.000000;1.000000,46,1.000000,1,2.000000;2.000000;2.000000;2.000000;2.000000;2.000000;2.000000;1.000000;1.000000;1.000000;1.000000;1.000000;1.000000;1.000000;1.000000;1.000000;1.000000;1.000000;1.000000;1.000000;1.000000;1.000000;1.000000,nan;nan;0.114368;0.036038;0.089857;nan;0.715621;0.101341;0.259895;nan;nan;0.128933;0.613776;0.061093;0.692758;nan;nan;nan;nan;nan;0.018128;0.222257;nan,2.000000;2.000000;2.000000;2.000000;2.000000;2.000000;2.000000;1.000000;1.000000;1.000000;1.000000;1.000000;1.000000;1.000000;1.000000;1.000000;1.000000;1.000000;1.000000;1.000000;1.000000;1.000000;1.000000,0,0,0,0,0,0,0,0,0,0,731,35088,223,11596,182,8736,141,6000,22,660,1,56,0,0,0,0,0,0,graph_0004__stability_0.2000,stability,0.2,graph_0004,epoch_0004
trace,static,0.241937,0.241901,959,740,105,0,0,0.391667,0.020118,72.450083,360,141,0,0,0,281,0.783333,0,0,0.000000,0.000000,0.500000,1.250000,1.000000,2.000000,2.000000;2.000000;2.000000;2.000000;2.000000;2.000000;1.000000;1.000000;1.000000;1.000000;1.000000;1.000000;1.000000;1.000000;1.000000;1.000000;1.000000;1.000000;1.000000;1.000000;1.000000;1.000000;1.000000;1.000000,46,1.000000,1,2.000000;2.000000;2.000000;2.000000;2.000000;2.000000;2.000000;1.000000;1.000000;1.000000;1.000000;1.000000;1.000000;1.000000;1.000000;1.000000;1.000000;1.000000;1.000000;1.000000;1.000000;1.000000;1.000000,0.088807;0.129253;0.088896;0.157697;0.111851;0.030709;0.144237;0.119293;0.076113;0.033501;0.163421;0.128933;0.122225;0.079125;0.036717;0.166637;0.141409;0.098513;0.055333;0.030389;0.160877;0.122660;nan,2.000000;2.000000;2.000000;2.000000;2.000000;2.000000;2.000000;1.000000;1.000000;1.000000;1.000000;1.000000;1.000000;1.000000;1.000000;1.000000;1.000000;1.000000;1.000000;1.000000;1.000000;1.000000;1.000000,0,0,0,0,0,0,0,0,0,0,0,0,0,0,0,0,0,0,0,0,0,0,0,0,0,0,0,0,graph_0004__stability_0.2000,stability,0.2,graph_0004,epoch_0004
trace,olsr,0.540552,0.539908,1567,1827,105,569,1086,0.233333,0.011983,73.237214,360,84,1,0,0,623,0.466667,569,41948,6.773810,499.380952,0.500000,1.250000,1.000000,2.000000,2.000000;2.000000;2.000000;2.000000;2.000000;2.000000;1.000000;1.000000;1.000000;1.000000;1.000000;1.000000;1.000000;1.000000;1.000000;1.000000;1.000000;1.000000;1.000000;1.000000;1.000000;1.000000;1.000000;1.000000,46,1.000000,1,2.000000;2.000000;2.000000;2.000000;2.000000;2.000000;2.000000;1.000000;1.000000;1.000000;1.000000;1.000000;1.000000;1.000000;1.000000;1.000000;1.000000;1.000000;1.000000;1.000000;1.000000;1.000000;1.000000,nan;0.129253;0.246793;nan;1.245159;nan;nan;nan;nan;nan;0.349557;nan;nan;nan;nan;0.217565;nan;0.271059;nan;0.021413;nan;0.299205;nan,2.000000;2.000000;2.000000;2.000000;2.000000;2.000000;2.000000;1.000000;1.000000;1.000000;1.000000;1.000000;1.000000;1.000000;1.000000;1.000000;1.000000;1.000000;1.000000;1.000000;1.000000;1.000000;1.000000,351,22904,218,19044,0,0,0,0,0,0,0,0,0,0,0,0,0,0,0,0,0,0,0,0,0,0,0,0,graph_0004__stability_0.2000,stability,0.2,graph_0004,epoch_0005
trace,aodv,0.725374,0.724417,2783,3474,105,1390,2158,0.544444,0.028274,78.831050,360,196,30,57,0,1296,1.088889,1390,66398,7.091837,338.765306,0.500000,1.250000,1.000000,2.000000,2.000000;2.000000;2.000000;2.000000;2.000000;2.000000;1.000000;1.000000;1.000000;1.000000;1.000000;1.000000;1.000000;1.000000;1.000000;1.000000;1.000000;1.000000;1.000000;1.000000;1.000000;1.000000;1.000000;1.000000,46,1.000000,1,2.000000;2.000000;2.000000;2.000000;2.000000;2.000000;2.000000;1.000000;1.000000;1.000000;1.000000;1.000000;1.000000;1.000000;1.000000;1.000000;1.000000;1.000000;1.000000;1.000000;1.000000;1.000000;1.000000,nan;nan;0.091458;0.035650;0.089857;nan;0.191879;0.443648;0.260455;nan;nan;0.128933;0.140148;0.061093;0.369552;0.157661;0.151414;0.089537;0.055333;0.021413;0.012848;0.217361;nan,2.000000;2.000000;2.000000;2.000000;2.000000;2.000000;2.000000;1.000000;1.000000;1.000000;1.000000;1.000000;1.000000;1.000000;1.000000;1.000000;1.000000;1.000000;1.000000;1.000000;1.000000;1.000000;1.000000,0,0,0,0,0,0,0,0,0,0,711,34128,255,13260,222,10656,174,7384,23,690,5,280,0,0,0,0,0,0,graph_0004__stability_0.2000,stability,0.2,graph_0004,epoch_0005
trace,static,0.247694,0.247437,959,740,105,0,0,0.391667,0.020115,72.450067,360,141,0,0,0,283,0.783333,0,0,0.000000,0.000000,0.500000,1.250000,1.000000,2.000000,2.000000;2.000000;2.000000;2.000000;2.000000;2.000000;1.000000;1.000000;1.000000;1.000000;1.000000;1.000000;1.000000;1.000000;1.000000;1.000000;1.000000;1.000000;1.000000;1.000000;1.000000;1.000000;1.000000;1.000000,46,1.000000,1,2.000000;2.000000;2.000000;2.000000;2.000000;2.000000;2.000000;1.000000;1.000000;1.000000;1.000000;1.000000;1.000000;1.000000;1.000000;1.000000;1.000000;1.000000;1.000000;1.000000;1.000000;1.000000;1.000000,0.092733;0.129253;0.094056;0.157697;0.108975;0.030709;0.144237;0.119293;0.076113;0.033501;0.163421;0.128933;0.122225;0.079125;0.036717;0.166637;0.141409;0.098513;0.055333;0.030389;0.160877;0.122620;nan,2.000000;2.000000;2.000000;2.000000;2.000000;2.000000;2.000000;1.000000;1.000000;1.000000;1.000000;1.000000;1.000000;1.000000;1.000000;1.000000;1.000000;1.000000;1.000000;1.000000;1.000000;1.000000;1.000000,0,0,0,0,0,0,0,0,0,0,0,0,0,0,0,0,0,0,0,0,0,0,0,0,0,0,0,0,graph_0004__stability_0.2000,stability,0.2,graph_0004,epoch_0005
trace,olsr,0.448579,0.448493,1337,1633,105,562,1083,0.138889,0.007257,66.563709,360,50,25,0,0,507,0.277778,562,41532,11.240000,830.640000,0.500000,1.250000,1.000000,2.000000,2.000000;2.000000;2.000000;2.000000;2.000000;2.000000;1.000000;1.000000;1.000000;1.000000;1.000000;1.000000;1.000000;1.000000;1.000000;1.000000;1.000000;1.000000;1.000000;1.000000;1.000000;1.000000;1.000000;1.000000,46,1.000000,1,2.000000;2.000000;2.000000;2.000000;2.000000;2.000000;2.000000;1.000000;1.000000;1.000000;1.000000;1.000000;1.000000;1.000000;1.000000;1.000000;1.000000;1.000000;1.000000;1.000000;1.000000;1.000000;1.000000,nan;1.443260;0.234243;nan;1.245159;nan;nan;nan;nan;nan;nan;nan;nan;nan;nan;nan;nan;nan;0.555829;nan;0.332935;nan;nan,2.000000;2.000000;2.000000;2.000000;2.000000;2.000000;2.000000;1.000000;1.000000;1.000000;1.000000;1.000000;1.000000;1.000000;1.000000;1.000000;1.000000;1.000000;1.000000;1.000000;1.000000;1.000000;1.000000,349,22840,213,18692,0,0,0,0,0,0,0,0,0,0,0,0,0,0,0,0,0,0,0,0,0,0,0,0,graph_0004__stability_0.2000,stability,0.2,graph_0004,epoch_0002
trace,aodv,0.714847,0.714665,2760,3444,105,1426,2209,0.430556,0.023161,81.595559,360,155,45,57,0,1179,0.861111,1426,67898,9.200000,438.051613,0.500000,1.250000,1.000000,2.000000,2.000000;2.000000;2.000000;2.000000;2.000000;2.000000;1.000000;1.000000;1.000000;1.000000;1.000000;1.000000;1.000000;1.000000;1.000000;1.000000;1.000000;1.000000;1.000000;1.000000;1.000000;1.000000;1.000000;1.000000,46,1.000000,1,2.000000;2.000000;2.000000;2.000000;2.000000;2.000000;2.000000;1.000000;1.000000;1.000000;1.000000;1.000000;1.000000;1.000000;1.000000;1.000000;1.000000;1.000000;1.000000;1.000000;1.000000;1.000000;1.000000,nan;nan;0.096264;0.157697;0.089857;nan;0.365535;0.296580;0.442643;0.383027;0.212929;0.128933;0.531476;0.061093;0.694975;0.028666;0.305152;0.089537;0.055333;0.021413;0.020731;0.215761;nan,2.000000;2.000000;2.000000;2.000000;2.000000;2.000000;2.000000;1.000000;1.000000;1.000000;1.000000;1.000000;1.000000;1.000000;1.000000;1.000000;1.000000;1.000000;1.000000;1.000000;1.000000;1.000000;1.000000,0,0,0,0,0,0,0,0,0,0,709,34032,253,13156,243,11664,199,8360,21,630,1,56,0,0,0,0,0,0,graph_0004__stability_0.2000,stability,0.2,graph_0004,epoch_0002
trace,static,0.243163,0.243129,963,744,105,0,0,0.391667,0.020114,72.450135,360,141,0,0,0,288,0.783333,0,0,0.000000,0.000000,0.500000,1.250000,1.000000,2.000000,2.000000;2.000000;2.000000;2.000000;2.000000;2.000000;1.000000;1.000000;1.000000;1.000000;1.000000;1.000000;1.000000;1.000000;1.000000;1.000000;1.000000;1.000000;1.000000;1.000000;1.000000;1.000000;1.000000;1.000000,46,1.000000,1,2.000000;2.000000;2.000000;2.000000;2.000000;2.000000;2.000000;1.000000;1.000000;1.000000;1.000000;1.000000;1.000000;1.000000;1.000000;1.000000;1.000000;1.000000;1.000000;1.000000;1.000000;1.000000;1.000000,0.090817;0.129253;0.091016;0.157697;0.115891;0.030709;0.144237;0.119293;0.076113;0.042557;0.163421;0.128933;0.122225;0.079125;0.036717;0.166637;0.141409;0.098513;0.055333;0.030389;0.160877;0.123760;nan,2.000000;2.000000;2.000000;2.000000;2.000000;2.000000;2.000000;1.000000;1.000000;1.000000;1.000000;1.000000;1.000000;1.000000;1.000000;1.000000;1.000000;1.000000;1.000000;1.000000;1.000000;1.000000;1.000000,0,0,0,0,0,0,0,0,0,0,0,0,0,0,0,0,0,0,0,0,0,0,0,0,0,0,0,0,graph_0004__stability_0.2000,stability,0.2,graph_0004,epoch_0002
trace,olsr,0.444235,0.444193,1381,1647,105,558,1028,0.216667,0.011946,65.018832,360,78,1,0,0,493,0.433333,558,41184,7.153846,528.000000,0.500000,2.307692,2.000000,3.000000,3.000000;3.000000;3.000000;3.000000;2.000000;2.000000;2.000000;2.000000;2.000000;2.000000;2.000000;2.000000;2.000000,24,0.882353,1,3.000000;3.000000;3.000000;3.000000;3.000000;3.000000;2.000000;2.000000;2.000000;2.000000;2.000000;2.000000,0.163741;1.551175;nan;1.505349;nan;1.335479;nan;nan;0.220007;0.072293;nan;nan,3.000000;3.000000;3.000000;3.000000;3.000000;3.000000;2.000000;2.000000;2.000000;2.000000;2.000000;2.000000,356,23216,202,17968,0,0,0,0,0,0,0,0,0,0,0,0,0,0,0,0,0,0,0,0,0,0,0,0,graph_0001__stability_0.6000,stability,0.6,graph_0001,epoch_0001
trace,aodv,0.605188,0.605143,2600,3171,105,1265,1966,0.358333,0.019276,72.392284,360,129,25,57,0,892,0.716667,1265,60334,9.806202,467.705426,0.500000,2.307692,2.000000,3.000000,3.000000;3.000000;3.000000;3.000000;2.000000;2.000000;2.000000;2.000000;2.000000;2.000000;2.000000;2.000000;2.000000,24,0.882353,1,3.000000;3.000000;3.000000;3.000000;3.000000;3.000000;2.000000;2.000000;2.000000;2.000000;2.000000;2.000000,2.582577;0.497749;1.967885;1.358492;nan;0.254028;0.151116;nan;nan;0.072293;1.645841;nan,3.000000;3.000000;3.000000;3.000000;3.000000;3.000000;2.000000;2.000000;2.000000;2.000000;2.000000;2.000000,0,0,0,0,0,0,0,0,0,0,739,35472,188,9776,177,8496,143,6024,17,510,1,56,0,0,0,0,0,0,graph_0001__stability_0.6000,stability,0.6,graph_0001,epoch_0001
trace,static,0.252997,0.252988,1038,836,105,0,0,0.438889,0.022037,73.674689,360,158,0,0,0,189,0.877778,0,0,0.000000,0.000000,0.500000,2.307692,2.000000,3.000000,3.000000;3.000000;3.000000;3.000000;2.000000;2.000000;2.000000;2.000000;2.000000;2.000000;2.000000;2.000000;2.000000,24,0.882353,1,3.000000;3.000000;3.000000;3.000000;3.000000;3.000000;2.000000;2.000000;2.000000;2.000000;2.000000;2.000000,0.172717;0.121374;0.177361;0.031297;0.110033;0.025293;0.123256;0.053473;0.149189;0.081269;0.013713;0.101021,3.000000;3.000000;3.000000;3.000000;3.000000;3.000000;2.000000;2.000000;2.000000;2.000000;2.000000;2.000000,0,0,0,0,0,0,0,0,0,0,0,0,0,0,0,0,0,0,0,0,0,0,0,0,0,0,0,0,graph_0001__stability_0.6000,stability,0.6,graph_0001,epoch_0001
trace,olsr,0.445462,0.445423,1375,1651,105,568,1068,0.208333,0.011489,72.283536,360,75,0,0,0,564,0.416667,568,41688,7.573333,555.840000,0.500000,2.307692,2.000000,3.000000,3.000000;3.000000;3.000000;3.000000;2.000000;2.000000;2.000000;2.000000;2.000000;2.000000;2.000000;2.000000;2.000000,24,0.882353,1,3.000000;3.000000;3.000000;3.000000;3.000000;3.000000;2.000000;2.000000;2.000000;2.000000;2.000000;2.000000,nan;nan;0.305285;1.222841;nan;1.335599;nan;nan;0.214171;0.072293;nan;nan,3.000000;3.000000;3.000000;3.000000;3.000000;3.000000;2.000000;2.000000;2.000000;2.000000;2.000000;2.000000,356,23256,212,18432,0,0,0,0,0,0,0,0,0,0,0,0,0,0,0,0,0,0,0,0,0,0,0,0,graph_0001__stability_0.6000,stability,0.6,graph_0001,epoch_0003
trace,aodv,0.662245,0.662210,2699,3362,105,1289,2036,0.516667,0.027794,72.561217,360,186,16,57,0,920,1.033333,1289,61536,6.930108,330.838710,0.500000,2.307692,2.000000,3.000000,3.000000;3.000000;3.000000;3.000000;2.000000;2.000000;2.000000;2.000000;2.000000;2.000000;2.000000;2.000000;2.000000,24,0.882353,1,3.000000;3.000000;3.000000;3.000000;3.000000;3.000000;2.000000;2.000000;2.000000;2.000000;2.000000;2.000000,2.592317;0.481787;1.636794;0.247072;nan;1.585120;0.141901;nan;nan;0.072293;0.014643;nan,3.000000;3.000000;3.000000;3.000000;3.000000;3.000000;2.000000;2.000000;2.000000;2.000000;2.000000;2.000000,0,0,0,0,0,0,0,0,0,0,727,34896,199,10348,187,8976,153,6496,18,540,5,280,0,0,0,0,0,0,graph_0001__stability_0.6000,stability,0.6,graph_0001,epoch_0003
trace,static,0.254778,0.254766,1038,836,105,0,0,0.438889,0.022042,73.674747,360,158,0,0,0,190,0.877778,0,0,0.000000,0.000000,0.500000,2.307692,2.000000,3.000000,3.000000;3.000000;3.000000;3.000000;2.000000;2.000000;2.000000;2.000000;2.000000;2.000000;2.000000;2.000000;2.000000,24,0.882353,1,3.000000;3.000000;3.000000;3.000000;3.000000;3.000000;2.000000;2.000000;2.000000;2.000000;2.000000;2.000000,0.172717;0.123374;0.174221;0.031297;0.110033;0.025293;0.122260;0.053473;0.149189;0.081269;0.013713;0.101021,3.000000;3.000000;3.000000;3.000000;3.000000;3.000000;2.000000;2.000000;2.000000;2.000000;2.000000;2.000000,0,0,0,0,0,0,0,0,0,0,0,0,0,0,0,0,0,0,0,0,0,0,0,0,0,0,0,0,graph_0001__stability_0.6000,stability,0.6,graph_0001,epoch_0003
trace,olsr,0.399164,0.399067,1244,1570,105,556,1043,0.183333,0.010109,64.379121,360,66,0,0,0,424,0.366667,556,40712,8.424242,616.848485,0.500000,2.307692,2.000000,3.000000,3.000000;3.000000;3.000000;3.000000;2.000000;2.000000;2.000000;2.000000;2.000000;2.000000;2.000000;2.000000;2.000000,24,0.882353,1,3.000000;3.000000;3.000000;3.000000;3.000000;3.000000;2.000000;2.000000;2.000000;2.000000;2.000000;2.000000,0.163741;nan;0.229513;nan;nan;1.250608;nan;1.225683;nan;0.891693;nan;nan,3.000000;3.000000;3.000000;3.000000;3.000000;3.000000;2.000000;2.000000;2.000000;2.000000;2.000000;2.000000,355,23200,201,17512,0,0,0,0,0,0,0,0,0,0,0,0,0,0,0,0,0,0,0,0,0,0,0,0,graph_0001__stability_0.6000,stability,0.6,graph_0001,epoch_0004
trace,aodv,0.651571,0.651533,2706,3372,105,1334,2088,0.475000,0.025561,72.062771,360,171,27,56,0,858,0.950000,1334,63574,7.801170,371.777778,0.500000,2.307692,2.000000,3.000000,3.000000;3.000000;3.000000;3.000000;2.000000;2.000000;2.000000;2.000000;2.000000;2.000000;2.000000;2.000000;2.000000,24,0.882353,1,3.000000;3.000000;3.000000;3.000000;3.000000;3.000000;2.000000;2.000000;2.000000;2.000000;2.000000;2.000000,2.581537;0.509901;1.637654;0.060903;0.101057;0.203717;1.444768;nan;nan;0.072293;0.029313;nan,3.000000;3.000000;3.000000;3.000000;3.000000;3.000000;2.000000;2.000000;2.000000;2.000000;2.000000;2.000000,0,0,0,0,0,0,0,0,0,0,737,35376,205,10660,206,9888,165,6968,19,570,2,112,0,0,0,0,0,0,graph_0001__stability_0.6000,stability,0.6,graph_0001,epoch_0004
trace,static,0.250388,0.250381,1038,836,105,0,0,0.438889,0.022040,73.674788,360,158,0,0,0,188,0.877778,0,0,0.000000,0.000000,0.500000,2.307692,2.000000,3.000000,3.000000;3.000000;3.000000;3.000000;2.000000;2.000000;2.000000;2.000000;2.000000;2.000000;2.000000;2.000000;2.000000,24,0.882353,1,3.000000;3.000000;3.000000;3.000000;3.000000;3.000000;2.000000;2.000000;2.000000;2.000000;2.000000;2.000000,0.172717;0.125914;0.183321;0.031297;0.110033;0.025293;0.122240;0.053473;0.149189;0.081269;0.013713;0.101021,3.000000;3.000000;3.000000;3.000000;3.000000;3.000000;2.000000;2.000000;2.000000;2.000000;2.000000;2.000000,0,0,0,0,0,0,0,0,0,0,0,0,0,0,0,0,0,0,0,0,0,0,0,0,0,0,0,0,graph_0001__stability_0.6000,stability,0.6,graph_0001,epoch_0004
trace,olsr,0.483051,0.483027,1535,1841,105,575,1075,0.294444,0.016237,68.648295,360,106,5,0,0,593,0.588889,575,42732,5.424528,403.132075,0.500000,2.307692,2.000000,3.000000,3.000000;3.000000;3.000000;3.000000;2.000000;2.000000;2.000000;2.000000;2.000000;2.000000;2.000000;2.000000;2.000000,24,0.882353,1,3.000000;3.000000;3.000000;3.000000;3.000000;3.000000;2.000000;2.000000;2.000000;2.000000;2.000000;2.000000,0.163741;1.228535;2.590149;1.217861;nan;1.335599;nan;nan;0.213571;0.072293;nan;nan,3.000000;3.000000;3.000000;3.000000;3.000000;3.000000;2.000000;2.000000;2.000000;2.000000;2.000000;2.000000,357,23288,218,19444,0,0,0,0,0,0,0,0,0,0,0,0,0,0,0,0,0,0,0,0,0,0,0,0,graph_0001__stability_0.6000,stability,0.6,graph_0001,epoch_0005
trace,aodv,0.647566,0.647506,2671,3304,105,1311,2053,0.430556,0.023162,71.548055,360,155,22,57,0,861,0.861111,1311,62456,8.458065,402.941935,0.500000,2.307692,2.000000,3.000000,3.000000;3.000000;3.000000;3.000000;2.000000;2.000000;2.000000;2.000000;2.000000;2.000000;2.000000;2.000000;2.000000,24,0.882353,1,3.000000;3.000000;3.000000;3.000000;3.000000;3.000000;2.000000;2.000000;2.000000;2.000000;2.000000;2.000000,2.581737;0.512486;1.638675;0.381963;nan;0.384189;0.197408;nan;nan;0.072293;1.217694;nan,3.000000;3.000000;3.000000;3.000000;3.000000;3.000000;2.000000;2.000000;2.000000;2.000000;2.000000;2.000000,0,0,0,0,0,0,0,0,0,0,738,35424,198,10296,190,9120,155,6560,24,720,6,336,0,0,0,0,0,0,graph_0001__stability_0.6000,stability,0.6,graph_0001,epoch_0005
trace,static,0.253875,0.253837,1036,833,105,0,0,0.436111,0.021901,73.604245,360,157,0,0,0,188,0.872222,0,0,0.000000,0.000000,0.500000,2.307692,2.000000,3.000000,3.000000;3.000000;3.000000;3.000000;2.000000;2.000000;2.000000;2.000000;2.000000;2.000000;2.000000;2.000000;2.000000,24,0.882353,1,3.000000;3.000000;3.000000;3.000000;3.000000;3.000000;2.000000;2.000000;2.000000;2.000000;2.000000;2.000000,0.172717;0.117194;0.172499;0.031297;0.110033;0.025293;0.131156;0.062369;0.149109;0.081269;0.013713;0.101021,3.000000;3.000000;3.000000;3.000000;3.000000;3.000000;2.000000;2.000000;2.000000;2.000000;2.000000;2.000000,0,0,0,0,0,0,0,0,0,0,0,0,0,0,0,0,0,0,0,0,0,0,0,0,0,0,0,0,graph_0001__stability_0.6000,stability,0.6,graph_0001,epoch_0005
trace,olsr,0.378662,0.378601,1184,1512,105,560,1051,0.163889,0.009037,75.524034,360,59,0,0,0,410,0.327778,560,40532,9.491525,686.983051,0.500000,2.307692,2.000000,3.000000,3.000000;3.000000;3.000000;3.000000;2.000000;2.000000;2.000000;2.000000;2.000000;2.000000;2.000000;2.000000;2.000000,24,0.882353,1,3.000000;3.000000;3.000000;3.000000;3.000000;3.000000;2.000000;2.000000;2.000000;2.000000;2.000000;2.000000,nan;nan;nan;nan;nan;1.246927;1.440729;nan;0.218687;0.072293;nan;nan,3.000000;3.000000;3.000000;3.000000;3.000000;3.000000;2.000000;2.000000;2.000000;2.000000;2.000000;2.000000,354,23188,206,17344,0,0,0,0,0,0,0,0,0,0,0,0,0,0,0,0,0,0,0,0,0,0,0,0,graph_0001__stability_0.6000,stability,0.6,graph_0001,epoch_0002
trace,aodv,0.576680,0.576660,2474,3173,105,1227,2000,0.397222,0.021370,71.291133,360,143,12,113,0,736,0.794444,1227,58636,8.580420,410.041958,0.500000,2.307692,2.000000,3.000000,3.000000;3.000000;3.000000;3.000000;2.000000;2.000000;2.000000;2.000000;2.000000;2.000000;2.000000;2.000000;2.000000,24,0.882353,1,3.000000;3.000000;3.000000;3.000000;3.000000;3.000000;2.000000;2.000000;2.000000;2.000000;2.000000;2.000000,2.583410;0.503210;1.626757;0.039983;nan;nan;0.289832;nan;nan;0.072293;0.008403;nan,3.000000;3.000000;3.000000;3.000000;3.000000;3.000000;2.000000;2.000000;2.000000;2.000000;2.000000;2.000000,0,0,0,0,0,0,0,0,0,0,744,35712,189,9828,149,7152,127,5352,16,480,2,112,0,0,0,0,0,0,graph_0001__stability_0.6000,stability,0.6,graph_0001,epoch_0002
trace,static,0.253613,0.253594,1038,836,105,0,0,0.438889,0.022039,73.674708,360,158,0,0,0,191,0.877778,0,0,0.000000,0.000000,0.500000,2.307692,2.000000,3.000000,3.000000;3.000000;3.000000;3.000000;2.000000;2.000000;2.000000;2.000000;2.000000;2.000000;2.000000;2.000000;2.000000,24,0.882353,1,3.000000;3.000000;3.000000;3.000000;3.000000;3.000000;2.000000;2.000000;2.000000;2.000000;2.000000;2.000000,0.172717;0.123854;0.175001;0.031297;0.110033;0.025293;0.122280;0.053473;0.149189;0.081269;0.013713;0.101021,3.000000;3.000000;3.000000;3.000000;3.000000;3.000000;2.000000;2.000000;2.000000;2.000000;2.000000;2.000000,0,0,0,0,0,0,0,0,0,0,0,0,0,0,0,0,0,0,0,0,0,0,0,0,0,0,0,0,graph_0001__stability_0.6000,stability,0.6,graph_0001,epoch_0002
trace,olsr,0.366640,0.366603,1136,1400,105,527,968,0.150000,0.011509,65.128061,360,54,13,0,0,537,0.300000,527,36888,9.759259,683.111111,0.500000,4.285714,4.000000,5.000000,5.000000;5.000000;4.000000;4.000000;4.000000;4.000000;4.000000,12,0.652174,1,5.000000;5.000000;5.000000;5.000000;5.000000;5.000000,3.259585;3.211239;1.624659;0.284789;nan;nan,5.000000;5.000000;5.000000;5.000000;5.000000;5.000000,366,23548,161,13340,0,0,0,0,0,0,0,0,0,0,0,0,0,0,0,0,0,0,0,0,0,0,0,0,graph_0005__stability_0.8000,stability,0.8,graph_0005,epoch_0001
trace,aodv,0.716891,0.716840,2832,3456,105,1379,2053,0.558333,0.028132,72.811438,360,201,52,57,0,1027,1.116667,1379,65220,6.860697,324.477612,0.500000,4.285714,4.000000,5.000000,5.000000;5.000000;4.000000;4.000000;4.000000;4.000000;4.000000,12,0.652174,1,5.000000;5.000000;5.000000;5.000000;5.000000;5.000000,2.497821;0.266501;0.101057;0.286300;nan;0.134657,5.000000;5.000000;5.000000;5.000000;5.000000;5.000000,0,0,0,0,0,0,0,0,0,0,736,35328,209,10868,185,8880,220,9248,28,840,1,56,0,0,0,0,0,0,graph_0005__stability_0.8000,stability,0.8,graph_0005,epoch_0001
trace,static,0.264047,0.263864,1062,858,105,0,0,0.433333,0.021751,72.896269,360,156,0,0,0,263,0.866667,0,0,0.000000,0.000000,0.500000,4.285714,4.000000,5.000000,5.000000;5.000000;4.000000;4.000000;4.000000;4.000000;4.000000,12,0.652174,1,5.000000;5.000000;5.000000;5.000000;5.000000;5.000000,0.137637;0.098833;0.110033;0.143794;0.123741;0.143653,5.000000;5.000000;5.000000;5.000000;5.000000;5.000000,0,0,0,0,0,0,0,0,0,0,0,0,0,0,0,0,0,0,0,0,0,0,0,0,0,0,0,0,graph_0005__stability_0.8000,stability,0.8,graph_0005,epoch_0001
trace,olsr,0.414492,0.414424,1229,1455,105,521,943,0.186111,0.011810,66.104164,360,67,22,0,0,580,0.372222,521,36496,7.776119,544.716418,0.500000,4.285714,4.000000,5.000000,5.000000;5.000000;4.000000;4.000000;4.000000;4.000000;4.000000,12,0.652174,1,5.000000;5.000000;5.000000;5.000000;5.000000;5.000000,3.241533;3.211239;1.256629;nan;nan;nan,5.000000;5.000000;5.000000;5.000000;5.000000;5.000000,364,23476,157,13020,0,0,0,0,0,0,0,0,0,0,0,0,0,0,0,0,0,0,0,0,0,0,0,0,graph_0005__stability_0.8000,stability,0.8,graph_0005,epoch_0003
trace,aodv,0.706052,0.705874,2820,3371,105,1349,1956,0.600000,0.030226,72.037442,360,216,31,57,0,996,1.200000,1349,64126,6.245370,296.879630,0.500000,4.285714,4.000000,5.000000,5.000000;5.000000;4.000000;4.000000;4.000000;4.000000;4.000000,12,0.652174,1,5.000000;5.000000;5.000000;5.000000;5.000000;5.000000,2.105909;0.112481;0.101057;0.480528;nan;0.134657,5.000000;5.000000;5.000000;5.000000;5.000000;5.000000,0,0,0,0,0,0,0,0,0,0,735,35280,211,10972,197,9456,177,7496,27,810,2,112,0,0,0,0,0,0,graph_0005__stability_0.8000,stability,0.8,graph_0005,epoch_0003
trace,static,0.264474,0.264461,1062,859,105,0,0,0.436111,0.021887,72.908086,360,157,0,0,0,263,0.872222,0,0,0.000000,0.000000,0.500000,4.285714,4.000000,5.000000,5.000000;5.000000;4.000000;4.000000;4.000000;4.000000;4.000000,12,0.652174,1,5.000000;5.000000;5.000000;5.000000;5.000000;5.000000,0.141363;0.098833;0.110033;0.143814;0.123741;0.143653,5.000000;5.000000;5.000000;5.000000;5.000000;5.000000,0,0,0,0,0,0,0,0,0,0,0,0,0,0,0,0,0,0,0,0,0,0,0,0,0,0,0,0,graph_0005__stability_0.8000,stability,0.8,graph_0005,epoch_0003
trace,olsr,0.403364,0.403184,1200,1400,105,513,920,0.163889,0.011360,64.852595,360,59,0,0,0,605,0.327778,513,36236,8.694915,614.169492,0.500000,4.285714,4.000000,5.000000,5.000000;5.000000;4.000000;4.000000;4.000000;4.000000;4.000000,12,0.652174,1,5.000000;5.000000;5.000000;5.000000;5.000000;5.000000,3.381119;3.211239;1.266897;nan;nan;nan,5.000000;5.000000;5.000000;5.000000;5.000000;5.000000,367,23652,146,12584,0,0,0,0,0,0,0,0,0,0,0,0,0,0,0,0,0,0,0,0,0,0,0,0,graph_0005__stability_0.8000,stability,0.8,graph_0005,epoch_0004
trace,aodv,0.712515,0.712465,2820,3390,105,1323,1973,0.552778,0.027849,72.953470,360,199,26,56,0,1031,1.105556,1323,62946,6.648241,316.311558,0.500000,4.285714,4.000000,5.000000,5.000000;5.000000;4.000000;4.000000;4.000000;4.000000;4.000000,12,0.652174,1,5.000000;5.000000;5.000000;5.000000;5.000000;5.000000,2.317673;0.106361;0.101057;nan;0.123741;0.153935,5.000000;5.000000;5.000000;5.000000;5.000000;5.000000,0,0,0,0,0,0,0,0,0,0,730,35040,208,10816,189,9072,171,7216,23,690,2,112,0,0,0,0,0,0,graph_0005__stability_0.8000,stability,0.8,graph_0005,epoch_0004
trace,static,0.264906,0.264868,1063,861,105,0,0,0.438889,0.022024,72.736149,360,158,0,0,0,259,0.877778,0,0,0.000000,0.000000,0.500000,4.285714,4.000000,5.000000,5.000000;5.000000;4.000000;4.000000;4.000000;4.000000;4.000000,12,0.652174,1,5.000000;5.000000;5.000000;5.000000;5.000000;5.000000,0.143103;0.098833;0.110033;0.142934;0.123741;0.143653,5.000000;5.000000;5.000000;5.000000;5.000000;5.000000,0,0,0,0,0,0,0,0,0,0,0,0,0,0,0,0,0,0,0,0,0,0,0,0,0,0,0,0,graph_0005__stability_0.8000,stability,0.8,graph_0005,epoch_0004
trace,olsr,0.431707,0.431695,1292,1478,105,523,945,0.155556,0.008899,70.673348,360,56,22,0,0,640,0.311111,523,36380,9.339286,649.642857,0.500000,4.285714,4.000000,5.000000,5.000000;5.000000;4.000000;4.000000;4.000000;4.000000;4.000000,12,0.652174,1,5.000000;5.000000;5.000000;5.000000;5.000000;5.000000,3.276254;nan;1.256629;nan;0.304965;nan,5.000000;5.000000;5.000000;5.000000;5.000000;5.000000,369,23784,154,12596,0,0,0,0,0,0,0,0,0,0,0,0,0,0,0,0,0,0,0,0,0,0,0,0,graph_0005__stability_0.8000,stability,0.8,graph_0005,epoch_0005
trace,aodv,0.596938,0.596903,2483,3068,105,1301,1925,0.438889,0.022117,71.408655,360,158,50,113,0,719,0.877778,1301,61686,8.234177,390.417722,0.500000,4.285714,4.000000,5.000000,5.000000;5.000000;4.000000;4.000000;4.000000;4.000000;4.000000,12,0.652174,1,5.000000;5.000000;5.000000;5.000000;5.000000;5.000000,2.260189;0.112761;0.101057;nan;nan;0.134657,5.000000;5.000000;5.000000;5.000000;5.000000;5.000000,0,0,0,0,0,0,0,0,0,0,744,35712,186,9672,164,7872,186,7800,21,630,0,0,0,0,0,0,0,0,graph_0005__stability_0.8000,stability,0.8,graph_0005,epoch_0005
trace,static,0.308468,0.308433,1063,860,105,0,0,0.436111,0.021888,72.723370,360,157,0,0,0,264,0.872222,0,0,0.000000,0.000000,0.500000,4.285714,4.000000,5.000000,5.000000;5.000000;4.000000;4.000000;4.000000;4.000000;4.000000,12,0.652174,1,5.000000;5.000000;5.000000;5.000000;5.000000;5.000000,0.135931;0.098833;0.110033;0.142894;0.123741;0.143653,5.000000;5.000000;5.000000;5.000000;5.000000;5.000000,0,0,0,0,0,0,0,0,0,0,0,0,0,0,0,0,0,0,0,0,0,0,0,0,0,0,0,0,graph_0005__stability_0.8000,stability,0.8,graph_0005,epoch_0005
trace,olsr,0.444490,0.444455,1345,1529,105,527,961,0.158333,0.010977,64.446670,360,57,7,0,0,644,0.316667,527,36912,9.245614,647.578947,0.500000,4.285714,4.000000,5.000000,5.000000;5.000000;4.000000;4.000000;4.000000;4.000000;4.000000,12,0.652174,1,5.000000;5.000000;5.000000;5.000000;5.000000;5.000000,3.381119;3.211239;1.256629;nan;nan;nan,5.000000;5.000000;5.000000;5.000000;5.000000;5.000000,364,23400,163,13512,0,0,0,0,0,0,0,0,0,0,0,0,0,0,0,0,0,0,0,0,0,0,0,0,graph_0005__stability_0.8000,stability,0.8,graph_0005,epoch_0002
trace,aodv,0.669299,0.669122,2689,3359,105,1358,2087,0.477778,0.024076,71.531623,360,172,16,113,0,1037,0.955556,1358,64838,7.895349,376.965116,0.500000,4.285714,4.000000,5.000000,5.000000;5.000000;4.000000;4.000000;4.000000;4.000000;4.000000,12,0.652174,1,5.000000;5.000000;5.000000;5.000000;5.000000;5.000000,1.449069;nan;0.685603;0.056067;nan;0.168867,5.000000;5.000000;5.000000;5.000000;5.000000;5.000000,0,0,0,0,0,0,0,0,0,0,734,35232,218,11336,213,10224,159,6896,29,870,5,280,0,0,0,0,0,0,graph_0005__stability_0.8000,stability,0.8,graph_0005,epoch_0002
trace,static,0.264142,0.264122,1062,858,105,0,0,0.433333,0.021749,72.896205,360,156,0,0,0,263,0.866667,0,0,0.000000,0.000000,0.500000,4.285714,4.000000,5.000000,5.000000;5.000000;4.000000;4.000000;4.000000;4.000000;4.000000,12,0.652174,1,5.000000;5.000000;5.000000;5.000000;5.000000;5.000000,0.139303;0.098833;0.110033;0.143954;0.123741;0.143653,5.000000;5.000000;5.000000;5.000000;5.000000;5.000000,0,0,0,0,0,0,0,0,0,0,0,0,0,0,0,0,0,0,0,0,0,0,0,0,0,0,0,0,graph_0005__stability_0.8000,stability,0.8,graph_0005,epoch_0002
trace,olsr,0.441430,0.441313,1241,1400,105,522,959,0.133333,0.006964,71.490374,360,48,7,0,0,578,0.266667,522,36608,10.875000,762.666667,0.500000,1.666667,2.000000,2.000000,2.000000;2.000000;2.000000;2.000000;2.000000;2.000000;2.000000;2.000000;2.000000;2.000000;2.000000;2.000000;1.000000;1.000000;1.000000;1.000000;1.000000;1.000000,34,0.666667,1,2.000000;2.000000;2.000000;2.000000;2.000000;2.000000;2.000000;2.000000;2.000000;2.000000;2.000000;2.000000;2.000000;1.000000;1.000000;1.000000;1.000000,1.234131;nan;0.061697;1.332687;nan;1.230679;0.019404;nan;nan;nan;nan;nan;0.239531;nan;nan;nan;nan,2.000000;2.000000;2.000000;2.000000;2.000000;2.000000;2.000000;2.000000;2.000000;2.000000;2.000000;2.000000;2.000000;1.000000;1.000000;1.000000;1.000000,367,23608,155,13000,0,0,0,0,0,0,0,0,0,0,0,0,0,0,0,0,0,0,0,0,0,0,0,0,graph_0005__stability_0.4000,stability,0.4,graph_0005,epoch_0001
trace,aodv,0.572956,0.572892,2362,2890,105,1244,1874,0.322222,0.016607,81.917544,360,116,29,113,0,918,0.644444,1244,59148,10.724138,509.896552,0.500000,1.666667,2.000000,2.000000,2.000000;2.000000;2.000000;2.000000;2.000000;2.000000;2.000000;2.000000;2.000000;2.000000;2.000000;2.000000;1.000000;1.000000;1.000000;1.000000;1.000000;1.000000,34,0.666667,1,2.000000;2.000000;2.000000;2.000000;2.000000;2.000000;2.000000;2.000000;2.000000;2.000000;2.000000;2.000000;2.000000;1.000000;1.000000;1.000000;1.000000,0.228922;nan;nan;0.250816;0.565900;nan;nan;nan;0.167480;0.098499;0.021636;nan;0.222732;0.246043;0.193766;0.117981;nan,2.000000;2.000000;2.000000;2.000000;2.000000;2.000000;2.000000;2.000000;2.000000;2.000000;2.000000;2.000000;2.000000;1.000000;1.000000;1.000000;1.000000,0,0,0,0,0,0,0,0,0,0,743,35664,169,8788,165,7920,150,6240,16,480,1,56,0,0,0,0,0,0,graph_0005__stability_0.4000,stability,0.4,graph_0005,epoch_0001
trace,static,0.254073,0.253952,1019,802,105,0,0,0.397222,0.020393,72.513380,360,143,0,0,0,264,0.794444,0,0,0.000000,0.000000,0.500000,1.666667,2.000000,2.000000,2.000000;2.000000;2.000000;2.000000;2.000000;2.000000;2.000000;2.000000;2.000000;2.000000;2.000000;2.000000;1.000000;1.000000;1.000000;1.000000;1.000000;1.000000,34,0.666667,1,2.000000;2.000000;2.000000;2.000000;2.000000;2.000000;2.000000;2.000000;2.000000;2.000000;2.000000;2.000000;2.000000;1.000000;1.000000;1.000000;1.000000,0.061507;0.164311;0.070673;0.166673;0.121902;0.032404;0.126993;0.059437;0.146177;0.096289;0.019757;0.106213;0.073569;0.030957;0.151901;0.135933;nan,2.000000;2.000000;2.000000;2.000000;2.000000;2.000000;2.000000;2.000000;2.000000;2.000000;2.000000;2.000000;2.000000;1.000000;1.000000;1.000000;1.000000,0,0,0,0,0,0,0,0,0,0,0,0,0,0,0,0,0,0,0,0,0,0,0,0,0,0,0,0,graph_0005__stability_0.4000,stability,0.4,graph_0005,epoch_0001
trace,olsr,0.426347,0.426309,1261,1412,105,525,933,0.155556,0.007985,81.258477,360,56,20,0,0,566,0.311111,525,37216,9.375000,664.571429,0.500000,1.666667,2.000000,2.000000,2.000000;2.000000;2.000000;2.000000;2.000000;2.000000;2.000000;2.000000;2.000000;2.000000;2.000000;2.000000;1.000000;1.000000;1.000000;1.000000;1.000000;1.000000,34,0.666667,1,2.000000;2.000000;2.000000;2.000000;2.000000;2.000000;2.000000;2.000000;2.000000;2.000000;2.000000;2.000000;2.000000;1.000000;1.000000;1.000000;1.000000,1.234851;nan;0.452946;nan;nan;1.669109;nan;nan;nan;nan;0.233035;0.106213;0.228149;0.358269;nan;0.225536;nan,2.000000;2.000000;2.000000;2.000000;2.000000;2.000000;2.000000;2.000000;2.000000;2.000000;2.000000;2.000000;2.000000;1.000000;1.000000;1.000000;1.000000,366,23588,159,13628,0,0,0,0,0,0,0,0,0,0,0,0,0,0,0,0,0,0,0,0,0,0,0,0,graph_0005__stability_0.4000,stability,0.4,graph_0005,epoch_0003
trace,aodv,0.599438,0.599241,2483,3045,105,1256,1868,0.491667,0.024769,72.488161,360,177,21,112,0,658,0.983333,1256,59962,7.096045,338.768362,0.500000,1.666667,2.000000,2.000000,2.000000;2.000000;2.000000;2.000000;2.000000;2.000000;2.000000;2.000000;2.000000;2.000000;2.000000;2.000000;1.000000;1.000000;1.000000;1.000000;1.000000;1.000000,34,0.666667,1,2.000000;2.000000;2.000000;2.000000;2.000000;2.000000;2.000000;2.000000;2.000000;2.000000;2.000000;2.000000;2.000000;1.000000;1.000000;1.000000;1.000000,0.071335;nan;nan;0.276464;1.617945;1.613567;0.118017;1.712467;0.028052;nan;0.037956;nan;nan;nan;0.662300;0.632684;nan,2.000000;2.000000;2.000000;2.000000;2.000000;2.000000;2.000000;2.000000;2.000000;2.000000;2.000000;2.000000;2.000000;1.000000;1.000000;1.000000;1.000000,0,0,0,0,0,0,0,0,0,0,736,35328,198,10296,159,7632,142,6024,19,570,2,112,0,0,0,0,0,0,graph_0005__stability_0.4000,stability,0.4,graph_0005,epoch_0003
trace,static,0.254439,0.254422,1020,804,105,0,0,0.400000,0.020533,72.528914,360,144,0,0,0,262,0.800000,0,0,0.000000,0.000000,0.500000,1.666667,2.000000,2.000000,2.000000;2.000000;2.000000;2.000000;2.000000;2.000000;2.000000;2.000000;2.000000;2.000000;2.000000;2.000000;1.000000;1.000000;1.000000;1.000000;1.000000;1.000000,34,0.666667,1,2.000000;2.000000;2.000000;2.000000;2.000000;2.000000;2.000000;2.000000;2.000000;2.000000;2.000000;2.000000;2.000000;1.000000;1.000000;1.000000;1.000000,0.056507;0.166071;0.070673;0.166673;0.123142;0.037220;0.126993;0.059437;0.146177;0.096289;0.019757;0.106213;0.073569;0.030957;0.151901;0.135933;nan,2.000000;2.000000;2.000000;2.000000;2.000000;2.000000;2.000000;2.000000;2.000000;2.000000;2.000000;2.000000;2.000000;1.000000;1.000000;1.000000;1.000000,0,0,0,0,0,0,0,0,0,0,0,0,0,0,0,0,0,0,0,0,0,0,0,0,0,0,0,0,graph_0005__stability_0.4000,stability,0.4,graph_0005,epoch_0003
trace,olsr,0.436604,0.436550,1293,1457,105,534,957,0.180556,0.009769,74.936809,360,65,6,0,0,570,0.361111,534,37932,8.215385,583.569231,0.500000,1.666667,2.000000,2.000000,2.000000;2.000000;2.000000;2.000000;2.000000;2.000000;2.000000;2.000000;2.000000;2.000000;2.000000;2.000000;1.000000;1.000000;1.000000;1.000000;1.000000;1.000000,34,0.666667,1,2.000000;2.000000;2.000000;2.000000;2.000000;2.000000;2.000000;2.000000;2.000000;2.000000;2.000000;2.000000;2.000000;1.000000;1.000000;1.000000;1.000000,1.246713;nan;0.061697;0.157697;nan;1.505269;nan;nan;nan;nan;0.233475;0.106213;0.239117;0.358269;nan;nan;nan,2.000000;2.000000;2.000000;2.000000;2.000000;2.000000;2.000000;2.000000;2.000000;2.000000;2.000000;2.000000;2.000000;1.000000;1.000000;1.000000;1.000000,362,23256,172,14676,0,0,0,0,0,0,0,0,0,0,0,0,0,0,0,0,0,0,0,0,0,0,0,0,graph_0005__stability_0.4000,stability,0.4,graph_0005,epoch_0004
trace,aodv,0.612239,0.612103,2508,3030,105,1320,1928,0.338889,0.017464,70.290617,360,122,41,112,0,1095,0.677778,1320,62566,10.819672,512.836066,0.500000,1.666667,2.000000,2.000000,2.000000;2.000000;2.000000;2.000000;2.000000;2.000000;2.000000;2.000000;2.000000;2.000000;2.000000;2.000000;1.000000;1.000000;1.000000;1.000000;1.000000;1.000000,34,0.666667,1,2.000000;2.000000;2.000000;2.000000;2.000000;2.000000;2.000000;2.000000;2.000000;2.000000;2.000000;2.000000;2.000000;1.000000;1.000000;1.000000;1.000000,0.066391;nan;nan;0.427396;1.615840;1.617430;nan;nan;0.331156;nan;nan;nan;nan;0.213184;0.061552;0.117981;nan,2.000000;2.000000;2.000000;2.000000;2.000000;2.000000;2.000000;2.000000;2.000000;2.000000;2.000000;2.000000;2.000000;1.000000;1.000000;1.000000;1.000000,0,0,0,0,0,0,0,0,0,0,734,35232,195,10140,159,7632,209,8768,19,570,4,224,0,0,0,0,0,0,graph_0005__stability_0.4000,stability,0.4,graph_0005,epoch_0004
trace,static,0.253296,0.253290,1018,802,105,0,0,0.400000,0.020531,72.327434,360,144,0,0,0,262,0.800000,0,0,0.000000,0.000000,0.500000,1.666667,2.000000,2.000000,2.000000;2.000000;2.000000;2.000000;2.000000;2.000000;2.000000;2.000000;2.000000;2.000000;2.000000;2.000000;1.000000;1.000000;1.000000;1.000000;1.000000;1.000000,34,0.666667,1,2.000000;2.000000;2.000000;2.000000;2.000000;2.000000;2.000000;2.000000;2.000000;2.000000;2.000000;2.000000;2.000000;1.000000;1.000000;1.000000;1.000000,0.053651;0.168431;0.070673;0.166673;0.123102;0.039160;0.126993;0.059437;0.146177;0.096289;0.019757;0.106213;0.073569;0.030957;0.151901;0.135933;nan,2.000000;2.000000;2.000000;2.000000;2.000000;2.000000;2.000000;2.000000;2.000000;2.000000;2.000000;2.000000;2.000000;1.000000;1.000000;1.000000;1.000000,0,0,0,0,0,0,0,0,0,0,0,0,0,0,0,0,0,0,0,0,0,0,0,0,0,0,0,0,graph_0005__stability_0.4000,stability,0.4,graph_0005,epoch_0004
trace,olsr,0.474900,0.474761,1382,1538,105,535,975,0.197222,0.010672,75.810813,360,71,5,0,0,640,0.394444,535,37856,7.535211,533.183099,0.500000,1.666667,2.000000,2.000000,2.000000;2.000000;2.000000;2.000000;2.000000;2.000000;2.000000;2.000000;2.000000;2.000000;2.000000;2.000000;1.000000;1.000000;1.000000;1.000000;1.000000;1.000000,34,0.666667,1,2.000000;2.000000;2.000000;2.000000;2.000000;2.000000;2.000000;2.000000;2.000000;2.000000;2.000000;2.000000;2.000000;1.000000;1.000000;1.000000;1.000000,1.220111;nan;1.133914;0.157697;1.260628;1.251773;nan;nan;nan;nan;0.235827;0.106213;0.228149;0.358269;nan;nan;nan,2.000000;2.000000;2.000000;2.000000;2.000000;2.000000;2.000000;2.000000;2.000000;2.000000;2.000000;2.000000;2.000000;1.000000;1.000000;1.000000;1.000000,367,23624,168,14232,0,0,0,0,0,0,0,0,0,0,0,0,0,0,0,0,0,0,0,0,0,0,0,0,graph_0005__stability_0.4000,stability,0.4,graph_0005,epoch_0005
trace,aodv,0.583435,0.583415,2448,3016,105,1253,1909,0.386111,0.019457,71.681074,360,139,21,112,0,679,0.772222,1253,59838,9.014388,430.489209,0.500000,1.666667,2.000000,2.000000,2.000000;2.000000;2.000000;2.000000;2.000000;2.000000;2.000000;2.000000;2.000000;2.000000;2.000000;2.000000;1.000000;1.000000;1.000000;1.000000;1.000000;1.000000,34,0.666667,1,2.000000;2.000000;2.000000;2.000000;2.000000;2.000000;2.000000;2.000000;2.000000;2.000000;2.000000;2.000000;2.000000;1.000000;1.000000;1.000000;1.000000,0.063671;nan;nan;0.258708;1.658498;1.614515;nan;1.651078;0.014260;nan;0.045882;nan;nan;nan;0.683348;0.642124;nan,2.000000;2.000000;2.000000;2.000000;2.000000;2.000000;2.000000;2.000000;2.000000;2.000000;2.000000;2.000000;2.000000;1.000000;1.000000;1.000000;1.000000,0,0,0,0,0,0,0,0,0,0,735,35280,201,10452,159,7632,138,5848,19,570,1,56,0,0,0,0,0,0,graph_0005__stability_0.4000,stability,0.4,graph_0005,epoch_0005
trace,static,0.256397,0.256372,1021,806,105,0,0,0.402778,0.020676,72.344289,360,145,0,0,0,264,0.805556,0,0,0.000000,0.000000,0.500000,1.666667,2.000000,2.000000,2.000000;2.000000;2.000000;2.000000;2.000000;2.000000;2.000000;2.000000;2.000000;2.000000;2.000000;2.000000;1.000000;1.000000;1.000000;1.000000;1.000000;1.000000,34,0.666667,1,2.000000;2.000000;2.000000;2.000000;2.000000;2.000000;2.000000;2.000000;2.000000;2.000000;2.000000;2.000000;2.000000;1.000000;1.000000;1.000000;1.000000,0.061607;0.168545;0.070673;0.166673;0.123002;0.032404;0.126993;0.059437;0.146177;0.096289;0.019757;0.106213;0.073569;0.030957;0.151901;0.135933;nan,2.000000;2.000000;2.000000;2.000000;2.000000;2.000000;2.000000;2.000000;2.000000;2.000000;2.000000;2.000000;2.000000;1.000000;1.000000;1.000000;1.000000,0,0,0,0,0,0,0,0,0,0,0,0,0,0,0,0,0,0,0,0,0,0,0,0,0,0,0,0,graph_0005__stability_0.4000,stability,0.4,graph_0005,epoch_0005
trace,olsr,0.423116,0.423080,1251,1445,105,530,953,0.180556,0.009269,74.824893,360,65,0,0,0,537,0.361111,530,37748,8.153846,580.738462,0.500000,1.666667,2.000000,2.000000,2.000000;2.000000;2.000000;2.000000;2.000000;2.000000;2.000000;2.000000;2.000000;2.000000;2.000000;2.000000;1.000000;1.000000;1.000000;1.000000;1.000000;1.000000,34,0.666667,1,2.000000;2.000000;2.000000;2.000000;2.000000;2.000000;2.000000;2.000000;2.000000;2.000000;2.000000;2.000000;2.000000;1.000000;1.000000;1.000000;1.000000,1.221691;nan;nan;0.157697;1.254419;1.254977;0.212717;nan;nan;nan;nan;nan;0.287398;0.358269;nan;0.290513;nan,2.000000;2.000000;2.000000;2.000000;2.000000;2.000000;2.000000;2.000000;2.000000;2.000000;2.000000;2.000000;2.000000;1.000000;1.000000;1.000000;1.000000,366,23504,164,14244,0,0,0,0,0,0,0,0,0,0,0,0,0,0,0,0,0,0,0,0,0,0,0,0,graph_0005__stability_0.4000,stability,0.4,graph_0005,epoch_0002
trace,aodv,0.471734,0.471688,2069,2607,105,1157,1742,0.300000,0.016605,72.778433,360,108,11,170,0,742,0.600000,1157,55348,10.712963,512.481481,0.500000,1.666667,2.000000,2.000000,2.000000;2.000000;2.000000;2.000000;2.000000;2.000000;2.000000;2.000000;2.000000;2.000000;2.000000;2.000000;1.000000;1.000000;1.000000;1.000000;1.000000;1.000000,34,0.666667,1,2.000000;2.000000;2.000000;2.000000;2.000000;2.000000;2.000000;2.000000;2.000000;2.000000;2.000000;2.000000;2.000000;1.000000;1.000000;1.000000;1.000000,nan;nan;0.554819;0.157697;nan;nan;0.708296;nan;0.013668;nan;nan;nan;nan;0.052103;nan;nan;nan,2.000000;2.000000;2.000000;2.000000;2.000000;2.000000;2.000000;2.000000;2.000000;2.000000;2.000000;2.000000;2.000000;1.000000;1.000000;1.000000;1.000000,0,0,0,0,0,0,0,0,0,0,743,35664,171,8892,114,5472,113,4840,16,480,0,0,0,0,0,0,0,0,graph_0005__stability_0.4000,stability,0.4,graph_0005,epoch_0002
trace,static,0.258325,0.258213,1017,800,105,0,0,0.397222,0.020392,72.513313,360,143,0,0,0,259,0.794444,0,0,0.000000,0.000000,0.500000,1.666667,2.000000,2.000000,2.000000;2.000000;2.000000;2.000000;2.000000;2.000000;2.000000;2.000000;2.000000;2.000000;2.000000;2.000000;1.000000;1.000000;1.000000;1.000000;1.000000;1.000000,34,0.666667,1,2.000000;2.000000;2.000000;2.000000;2.000000;2.000000;2.000000;2.000000;2.000000;2.000000;2.000000;2.000000;2.000000;1.000000;1.000000;1.000000;1.000000,0.058527;0.166351;0.070673;0.166673;0.122162;0.034400;0.126993;0.059437;0.146177;0.096289;0.019757;0.106213;0.073569;0.030957;0.151901;0.135933;nan,2.000000;2.000000;2.000000;2.000000;2.000000;2.000000;2.000000;2.000000;2.000000;2.000000;2.000000;2.000000;2.000000;1.000000;1.000000;1.000000;1.000000,0,0,0,0,0,0,0,0,0,0,0,0,0,0,0,0,0,0,0,0,0,0,0,0,0,0,0,0,graph_0005__stability_0.4000,stability,0.4,graph_0005,epoch_0002
trace,olsr,0.509691,0.509632,1452,1682,105,562,1082,0.152778,0.007983,71.768210,360,55,11,0,0,755,0.305556,562,41288,10.218182,750.690909,0.500000,1.000000,1.000000,1.000000,1.000000;1.000000;1.000000;1.000000;1.000000;1.000000;1.000000;1.000000;1.000000;1.000000;1.000000;1.000000;1.000000;1.000000;1.000000;1.000000;1.000000;1.000000;1.000000;1.000000;1.000000;1.000000;1.000000;1.000000;1.000000;1.000000;1.000000;1.000000;1.000000;1.000000,58,nan,1,2.000000;1.000000;1.000000;1.000000;1.000000;1.000000;1.000000;1.000000;1.000000;1.000000;1.000000;1.000000;1.000000;1.000000;1.000000;1.000000;1.000000;1.000000;1.000000;1.000000;1.000000;1.000000;1.000000;1.000000;1.000000;1.000000;1.000000;1.000000;1.000000,0.277044;0.210201;nan;nan;nan;nan;0.373679;nan;nan;nan;nan;nan;nan;0.101057;0.248929;nan;0.223257;nan;nan;nan;nan;nan;nan;nan;nan;nan;nan;nan;nan,2.000000;1.000000;1.000000;1.000000;1.000000;1.000000;1.000000;1.000000;1.000000;1.000000;1.000000;1.000000;1.000000;1.000000;1.000000;1.000000;1.000000;1.000000;1.000000;1.000000;1.000000;1.000000;1.000000;1.000000;1.000000;1.000000;1.000000;1.000000;1.000000,353,23064,209,18224,0,0,0,0,0,0,0,0,0,0,0,0,0,0,0,0,0,0,0,0,0,0,0,0,graph_0001__stability_0.0000,stability,0.0,graph_0001,epoch_0001
trace,aodv,0.667459,0.667331,2494,2993,105,1312,1993,0.397222,0.020472,69.529874,360,143,36,0,0,1032,0.794444,1312,62468,9.174825,436.839161,0.500000,1.000000,1.000000,1.000000,1.000000;1.000000;1.000000;1.000000;1.000000;1.000000;1.000000;1.000000;1.000000;1.000000;1.000000;1.000000;1.000000;1.000000;1.000000;1.000000;1.000000;1.000000;1.000000;1.000000;1.000000;1.000000;1.000000;1.000000;1.000000;1.000000;1.000000;1.000000;1.000000;1.000000,58,nan,1,2.000000;1.000000;1.000000;1.000000;1.000000;1.000000;1.000000;1.000000;1.000000;1.000000;1.000000;1.000000;1.000000;1.000000;1.000000;1.000000;1.000000;1.000000;1.000000;1.000000;1.000000;1.000000;1.000000;1.000000;1.000000;1.000000;1.000000;1.000000;1.000000,nan;0.016577;nan;nan;0.078373;0.245298;0.041722;0.504505;nan;nan;0.043247;nan;0.594963;0.143497;0.066853;0.032933;0.163421;0.166774;0.128513;nan;nan;nan;nan;nan;nan;nan;0.360711;0.117981;nan,2.000000;1.000000;1.000000;1.000000;1.000000;1.000000;1.000000;1.000000;1.000000;1.000000;1.000000;1.000000;1.000000;1.000000;1.000000;1.000000;1.000000;1.000000;1.000000;1.000000;1.000000;1.000000;1.000000;1.000000;1.000000;1.000000;1.000000;1.000000;1.000000,0,0,0,0,0,0,0,0,0,0,748,35904,186,9672,197,9456,163,6896,18,540,0,0,0,0,0,0,0,0,graph_0001__stability_0.0000,stability,0.0,graph_0001,epoch_0001
trace,static,0.247570,0.247536,951,723,105,0,0,0.366667,0.018831,74.288253,360,132,0,0,0,330,0.733333,0,0,0.000000,0.000000,0.500000,1.000000,1.000000,1.000000,1.000000;1.000000;1.000000;1.000000;1.000000;1.000000;1.000000;1.000000;1.000000;1.000000;1.000000;1.000000;1.000000;1.000000;1.000000;1.000000;1.000000;1.000000;1.000000;1.000000;1.000000;1.000000;1.000000;1.000000;1.000000;1.000000;1.000000;1.000000;1.000000;1.000000,58,nan,1,2.000000;1.000000;1.000000;1.000000;1.000000;1.000000;1.000000;1.000000;1.000000;1.000000;1.000000;1.000000;1.000000;1.000000;1.000000;1.000000;1.000000;1.000000;1.000000;1.000000;1.000000;1.000000;1.000000;1.000000;1.000000;1.000000;1.000000;1.000000;1.000000,0.118800;0.025553;0.164733;0.161515;0.087349;0.049064;0.020077;0.149997;0.117916;0.081873;0.047953;0.005057;0.143953;0.110033;0.066853;0.050615;0.172397;0.147453;0.104273;0.079693;0.027253;0.166353;0.141693;0.098513;0.064917;0.030957;0.160877;0.126957;nan,2.000000;1.000000;1.000000;1.000000;1.000000;1.000000;1.000000;1.000000;1.000000;1.000000;1.000000;1.000000;1.000000;1.000000;1.000000;1.000000;1.000000;1.000000;1.000000;1.000000;1.000000;1.000000;1.000000;1.000000;1.000000;1.000000;1.000000;1.000000;1.000000,0,0,0,0,0,0,0,0,0,0,0,0,0,0,0,0,0,0,0,0,0,0,0,0,0,0,0,0,graph_0001__stability_0.0000,stability,0.0,graph_0001,epoch_0001
trace,olsr,0.367881,0.367415,1143,1518,105,566,1099,0.133333,0.006968,69.247688,360,48,1,0,0,474,0.266667,566,41124,11.791667,856.750000,0.500000,1.000000,1.000000,1.000000,1.000000;1.000000;1.000000;1.000000;1.000000;1.000000;1.000000;1.000000;1.000000;1.000000;1.000000;1.000000;1.000000;1.000000;1.000000;1.000000;1.000000;1.000000;1.000000;1.000000;1.000000;1.000000;1.000000;1.000000;1.000000;1.000000;1.000000;1.000000;1.000000;1.000000,58,nan,1,2.000000;1.000000;1.000000;1.000000;1.000000;1.000000;1.000000;1.000000;1.000000;1.000000;1.000000;1.000000;1.000000;1.000000;1.000000;1.000000;1.000000;1.000000;1.000000;1.000000;1.000000;1.000000;1.000000;1.000000;1.000000;1.000000;1.000000;1.000000;1.000000,0.254577;0.016577;nan;nan;0.078373;nan;nan;nan;nan;nan;nan;nan;nan;nan;nan;nan;nan;nan;nan;nan;nan;nan;nan;nan;nan;nan;nan;nan;nan,2.000000;1.000000;1.000000;1.000000;1.000000;1.000000;1.000000;1.000000;1.000000;1.000000;1.000000;1.000000;1.000000;1.000000;1.000000;1.000000;1.000000;1.000000;1.000000;1.000000;1.000000;1.000000;1.000000;1.000000;1.000000;1.000000;1.000000;1.000000;1.000000,357,23336,209,17788,0,0,0,0,0,0,0,0,0,0,0,0,0,0,0,0,0,0,0,0,0,0,0,0,graph_0001__stability_0.0000,stability,0.0,graph_0001,epoch_0003
trace,aodv,0.734739,0.733891,2608,3174,105,1408,2143,0.444444,0.022384,69.172226,360,160,31,0,0,1166,0.888889,1408,67012,8.800000,418.825000,0.500000,1.000000,1.000000,1.000000,1.000000;1.000000;1.000000;1.000000;1.000000;1.000000;1.000000;1.000000;1.000000;1.000000;1.000000;1.000000;1.000000;1.000000;1.000000;1.000000;1.000000;1.000000;1.000000;1.000000;1.000000;1.000000;1.000000;1.000000;1.000000;1.000000;1.000000;1.000000;1.000000;1.000000,58,nan,1,2.000000;1.000000;1.000000;1.000000;1.000000;1.000000;1.000000;1.000000;1.000000;1.000000;1.000000;1.000000;1.000000;1.000000;1.000000;1.000000;1.000000;1.000000;1.000000;1.000000;1.000000;1.000000;1.000000;1.000000;1.000000;1.000000;1.000000;1.000000;1.000000,0.094447;0.368520;0.018875;nan;0.078373;0.257420;0.042451;0.341801;0.287187;0.118379;0.038977;0.005057;0.134977;0.289662;0.066853;0.032933;0.163421;0.149483;0.095297;nan;nan;nan;nan;nan;nan;nan;0.340769;0.117981;nan,2.000000;1.000000;1.000000;1.000000;1.000000;1.000000;1.000000;1.000000;1.000000;1.000000;1.000000;1.000000;1.000000;1.000000;1.000000;1.000000;1.000000;1.000000;1.000000;1.000000;1.000000;1.000000;1.000000;1.000000;1.000000;1.000000;1.000000;1.000000;1.000000,0,0,0,0,0,0,0,0,0,0,723,34704,233,12116,243,11664,184,7752,24,720,1,56,0,0,0,0,0,0,graph_0001__stability_0.0000,stability,0.0,graph_0001,epoch_0003
trace,static,0.248608,0.248357,949,722,105,0,0,0.369444,0.018978,74.291648,360,133,0,0,0,327,0.738889,0,0,0.000000,0.000000,0.500000,1.000000,1.000000,1.000000,1.000000;1.000000;1.000000;1.000000;1.000000;1.000000;1.000000;1.000000;1.000000;1.000000;1.000000;1.000000;1.000000;1.000000;1.000000;1.000000;1.000000;1.000000;1.000000;1.000000;1.000000;1.000000;1.000000;1.000000;1.000000;1.000000;1.000000;1.000000;1.000000;1.000000,58,nan,1,2.000000;1.000000;1.000000;1.000000;1.000000;1.000000;1.000000;1.000000;1.000000;1.000000;1.000000;1.000000;1.000000;1.000000;1.000000;1.000000;1.000000;1.000000;1.000000;1.000000;1.000000;1.000000;1.000000;1.000000;1.000000;1.000000;1.000000;1.000000;1.000000,0.103754;0.025553;0.164733;0.155535;0.087349;0.052144;0.020077;0.149997;0.116880;0.081873;0.047953;0.005057;0.143953;0.110033;0.066853;0.050615;0.172397;0.147453;0.104273;0.070797;0.027253;0.166353;0.141693;0.098513;0.064917;0.030957;0.160877;0.126957;nan,2.000000;1.000000;1.000000;1.000000;1.000000;1.000000;1.000000;1.000000;1.000000;1.000000;1.000000;1.000000;1.000000;1.000000;1.000000;1.000000;1.000000;1.000000;1.000000;1.000000;1.000000;1.000000;1.000000;1.000000;1.000000;1.000000;1.000000;1.000000;1.000000,0,0,0,0,0,0,0,0,0,0,0,0,0,0,0,0,0,0,0,0,0,0,0,0,0,0,0,0,graph_0001__stability_0.0000,stability,0.0,graph_0001,epoch_0003
trace,olsr,0.428346,0.427873,1189,1527,105,563,1081,0.144444,0.007548,64.354138,360,52,3,0,0,563,0.288889,563,41768,10.826923,803.230769,0.500000,1.000000,1.000000,1.000000,1.000000;1.000000;1.000000;1.000000;1.000000;1.000000;1.000000;1.000000;1.000000;1.000000;1.000000;1.000000;1.000000;1.000000;1.000000;1.000000;1.000000;1.000000;1.000000;1.000000;1.000000;1.000000;1.000000;1.000000;1.000000;1.000000;1.000000;1.000000;1.000000;1.000000,58,nan,1,2.000000;1.000000;1.000000;1.000000;1.000000;1.000000;1.000000;1.000000;1.000000;1.000000;1.000000;1.000000;1.000000;1.000000;1.000000;1.000000;1.000000;1.000000;1.000000;1.000000;1.000000;1.000000;1.000000;1.000000;1.000000;1.000000;1.000000;1.000000;1.000000,0.293628;0.218197;nan;nan;nan;0.245659;0.211393;nan;nan;nan;nan;nan;nan;0.101057;0.248929;0.032933;0.220919;nan;nan;nan;nan;nan;nan;nan;nan;nan;nan;nan;nan,2.000000;1.000000;1.000000;1.000000;1.000000;1.000000;1.000000;1.000000;1.000000;1.000000;1.000000;1.000000;1.000000;1.000000;1.000000;1.000000;1.000000;1.000000;1.000000;1.000000;1.000000;1.000000;1.000000;1.000000;1.000000;1.000000;1.000000;1.000000;1.000000,350,22932,213,18836,0,0,0,0,0,0,0,0,0,0,0,0,0,0,0,0,0,0,0,0,0,0,0,0,graph_0001__stability_0.0000,stability,0.0,graph_0001,epoch_0004
trace,aodv,0.583017,0.582462,2272,2778,105,1236,1906,0.338889,0.017469,72.618872,360,122,18,56,0,869,0.677778,1236,58882,10.131148,482.639344,0.500000,1.000000,1.000000,1.000000,1.000000;1.000000;1.000000;1.000000;1.000000;1.000000;1.000000;1.000000;1.000000;1.000000;1.000000;1.000000;1.000000;1.000000;1.000000;1.000000;1.000000;1.000000;1.000000;1.000000;1.000000;1.000000;1.000000;1.000000;1.000000;1.000000;1.000000;1.000000;1.000000;1.000000,58,nan,1,2.000000;1.000000;1.000000;1.000000;1.000000;1.000000;1.000000;1.000000;1.000000;1.000000;1.000000;1.000000;1.000000;1.000000;1.000000;1.000000;1.000000;1.000000;1.000000;1.000000;1.000000;1.000000;1.000000;1.000000;1.000000;1.000000;1.000000;1.000000;1.000000,nan;0.016577;nan;0.723272;0.078373;nan;nan;nan;nan;nan;0.057999;nan;0.605490;0.460052;0.066853;0.032933;0.163421;0.158682;0.095297;nan;nan;nan;nan;nan;nan;nan;0.360095;0.117981;nan,2.000000;1.000000;1.000000;1.000000;1.000000;1.000000;1.000000;1.000000;1.000000;1.000000;1.000000;1.000000;1.000000;1.000000;1.000000;1.000000;1.000000;1.000000;1.000000;1.000000;1.000000;1.000000;1.000000;1.000000;1.000000;1.000000;1.000000;1.000000;1.000000,0,0,0,0,0,0,0,0,0,0,752,36096,172,8944,155,7440,137,5776,19,570,1,56,0,0,0,0,0,0,graph_0001__stability_0.0000,stability,0.0,graph_0001,epoch_0004
trace,static,0.243544,0.243349,949,722,105,0,0,0.369444,0.018976,74.291747,360,133,0,0,0,326,0.738889,0,0,0.000000,0.000000,0.500000,1.000000,1.000000,1.000000,1.000000;1.000000;1.000000;1.000000;1.000000;1.000000;1.000000;1.000000;1.000000;1.000000;1.000000;1.000000;1.000000;1.000000;1.000000;1.000000;1.000000;1.000000;1.000000;1.000000;1.000000;1.000000;1.000000;1.000000;1.000000;1.000000;1.000000;1.000000;1.000000;1.000000,58,nan,1,2.000000;1.000000;1.000000;1.000000;1.000000;1.000000;1.000000;1.000000;1.000000;1.000000;1.000000;1.000000;1.000000;1.000000;1.000000;1.000000;1.000000;1.000000;1.000000;1.000000;1.000000;1.000000;1.000000;1.000000;1.000000;1.000000;1.000000;1.000000;1.000000,0.110534;0.025553;0.164733;0.162335;0.087349;0.054004;0.020077;0.149997;0.116880;0.081873;0.047953;0.005057;0.143953;0.110033;0.066853;0.050615;0.172397;0.147453;0.104273;0.070797;0.027253;0.166353;0.141693;0.098513;0.064917;0.030957;0.160877;0.126957;nan,2.000000;1.000000;1.000000;1.000000;1.000000;1.000000;1.000000;1.000000;1.000000;1.000000;1.000000;1.000000;1.000000;1.000000;1.000000;1.000000;1.000000;1.000000;1.000000;1.000000;1.000000;1.000000;1.000000;1.000000;1.000000;1.000000;1.000000;1.000000;1.000000,0,0,0,0,0,0,0,0,0,0,0,0,0,0,0,0,0,0,0,0,0,0,0,0,0,0,0,0,graph_0001__stability_0.0000,stability,0.0,graph_0001,epoch_0004
trace,olsr,0.480759,0.480384,1424,1694,105,561,1061,0.183333,0.009417,71.593499,360,66,2,0,0,675,0.366667,561,41280,8.500000,625.454545,0.500000,1.000000,1.000000,1.000000,1.000000;1.000000;1.000000;1.000000;1.000000;1.000000;1.000000;1.000000;1.000000;1.000000;1.000000;1.000000;1.000000;1.000000;1.000000;1.000000;1.000000;1.000000;1.000000;1.000000;1.000000;1.000000;1.000000;1.000000;1.000000;1.000000;1.000000;1.000000;1.000000;1.000000,58,nan,1,2.000000;1.000000;1.000000;1.000000;1.000000;1.000000;1.000000;1.000000;1.000000;1.000000;1.000000;1.000000;1.000000;1.000000;1.000000;1.000000;1.000000;1.000000;1.000000;1.000000;1.000000;1.000000;1.000000;1.000000;1.000000;1.000000;1.000000;1.000000;1.000000,0.423637;0.016577;nan;nan;nan;0.553917;0.212217;0.313269;nan;nan;nan;nan;nan;0.273873;nan;0.032933;0.221637;nan;nan;nan;nan;nan;nan;nan;nan;nan;nan;0.445377;nan,2.000000;1.000000;1.000000;1.000000;1.000000;1.000000;1.000000;1.000000;1.000000;1.000000;1.000000;1.000000;1.000000;1.000000;1.000000;1.000000;1.000000;1.000000;1.000000;1.000000;1.000000;1.000000;1.000000;1.000000;1.000000;1.000000;1.000000;1.000000;1.000000,357,23300,202,17868,0,0,0,0,2,112,0,0,0,0,0,0,0,0,0,0,0,0,0,0,0,0,0,0,graph_0001__stability_0.0000,stability,0.0,graph_0001,epoch_0005
trace,aodv,0.805280,0.804386,3019,3646,105,1491,2234,0.550000,0.028349,77.520737,360,198,46,0,0,1256,1.100000,1491,71120,7.530303,359.191919,0.500000,1.000000,1.000000,1.000000,1.000000;1.000000;1.000000;1.000000;1.000000;1.000000;1.000000;1.000000;1.000000;1.000000;1.000000;1.000000;1.000000;1.000000;1.000000;1.000000;1.000000;1.000000;1.000000;1.000000;1.000000;1.000000;1.000000;1.000000;1.000000;1.000000;1.000000;1.000000;1.000000;1.000000,58,nan,1,2.000000;1.000000;1.000000;1.000000;1.000000;1.000000;1.000000;1.000000;1.000000;1.000000;1.000000;1.000000;1.000000;1.000000;1.000000;1.000000;1.000000;1.000000;1.000000;1.000000;1.000000;1.000000;1.000000;1.000000;1.000000;1.000000;1.000000;1.000000;1.000000,nan;0.016577;nan;nan;0.078373;0.260261;0.042003;0.499901;0.607923;0.262353;0.038977;0.035703;0.134977;0.101057;0.066853;0.032933;0.163421;0.218010;0.462261;0.212153;0.027173;0.654348;nan;0.089537;0.055901;0.021981;0.151901;0.117981;nan,2.000000;1.000000;1.000000;1.000000;1.000000;1.000000;1.000000;1.000000;1.000000;1.000000;1.000000;1.000000;1.000000;1.000000;1.000000;1.000000;1.000000;1.000000;1.000000;1.000000;1.000000;1.000000;1.000000;1.000000;1.000000;1.000000;1.000000;1.000000;1.000000,0,0,0,0,0,0,0,0,0,0,704,33792,284,14768,276,13248,194,8192,28,840,5,280,0,0,0,0,0,0,graph_0001__stability_0.0000,stability,0.0,graph_0001,epoch_0005
trace,static,0.246140,0.245857,949,722,105,0,0,0.369444,0.018977,74.291716,360,133,0,0,0,325,0.738889,0,0,0.000000,0.000000,0.500000,1.000000,1.000000,1.000000,1.000000;1.000000;1.000000;1.000000;1.000000;1.000000;1.000000;1.000000;1.000000;1.000000;1.000000;1.000000;1.000000;1.000000;1.000000;1.000000;1.000000;1.000000;1.000000;1.000000;1.000000;1.000000;1.000000;1.000000;1.000000;1.000000;1.000000;1.000000;1.000000;1.000000,58,nan,1,2.000000;1.000000;1.000000;1.000000;1.000000;1.000000;1.000000;1.000000;1.000000;1.000000;1.000000;1.000000;1.000000;1.000000;1.000000;1.000000;1.000000;1.000000;1.000000;1.000000;1.000000;1.000000;1.000000;1.000000;1.000000;1.000000;1.000000;1.000000;1.000000,0.106754;0.025553;0.164733;0.151183;0.087349;0.054924;0.020077;0.149997;0.125816;0.081873;0.047953;0.005057;0.143953;0.110033;0.066853;0.050615;0.172397;0.147453;0.104273;0.070797;0.027253;0.166353;0.141693;0.098513;0.064917;0.030957;0.160877;0.126957;nan,2.000000;1.000000;1.000000;1.000000;1.000000;1.000000;1.000000;1.000000;1.000000;1.000000;1.000000;1.000000;1.000000;1.000000;1.000000;1.000000;1.000000;1.000000;1.000000;1.000000;1.000000;1.000000;1.000000;1.000000;1.000000;1.000000;1.000000;1.000000;1.000000,0,0,0,0,0,0,0,0,0,0,0,0,0,0,0,0,0,0,0,0,0,0,0,0,0,0,0,0,graph_0001__stability_0.0000,stability,0.0,graph_0001,epoch_0005
trace,olsr,0.383642,0.383594,1184,1510,105,569,1081,0.116667,0.006097,68.524218,360,42,13,0,0,577,0.233333,569,41684,13.547619,992.476190,0.500000,1.000000,1.000000,1.000000,1.000000;1.000000;1.000000;1.000000;1.000000;1.000000;1.000000;1.000000;1.000000;1.000000;1.000000;1.000000;1.000000;1.000000;1.000000;1.000000;1.000000;1.000000;1.000000;1.000000;1.000000;1.000000;1.000000;1.000000;1.000000;1.000000;1.000000;1.000000;1.000000;1.000000,58,nan,1,2.000000;1.000000;1.000000;1.000000;1.000000;1.000000;1.000000;1.000000;1.000000;1.000000;1.000000;1.000000;1.000000;1.000000;1.000000;1.000000;1.000000;1.000000;1.000000;1.000000;1.000000;1.000000;1.000000;1.000000;1.000000;1.000000;1.000000;1.000000;1.000000,0.410617;0.211701;nan;nan;nan;0.232013;nan;nan;nan;nan;nan;nan;nan;0.101057;nan;nan;nan;nan;nan;nan;nan;nan;nan;nan;nan;nan;nan;nan;nan,2.000000;1.000000;1.000000;1.000000;1.000000;1.000000;1.000000;1.000000;1.000000;1.000000;1.000000;1.000000;1.000000;1.000000;1.000000;1.000000;1.000000;1.000000;1.000000;1.000000;1.000000;1.000000;1.000000;1.000000;1.000000;1.000000;1.000000;1.000000;1.000000,352,23016,217,18668,0,0,0,0,0,0,0,0,0,0,0,0,0,0,0,0,0,0,0,0,0,0,0,0,graph_0001__stability_0.0000,stability,0.0,graph_0001,epoch_0002
trace,aodv,0.808086,0.807946,3095,3677,105,1494,2190,0.572222,0.029493,76.192357,360,206,40,0,0,1324,1.144444,1494,71008,7.252427,344.699029,0.500000,1.000000,1.000000,1.000000,1.000000;1.000000;1.000000;1.000000;1.000000;1.000000;1.000000;1.000000;1.000000;1.000000;1.000000;1.000000;1.000000;1.000000;1.000000;1.000000;1.000000;1.000000;1.000000;1.000000;1.000000;1.000000;1.000000;1.000000;1.000000;1.000000;1.000000;1.000000;1.000000;1.000000,58,nan,1,2.000000;1.000000;1.000000;1.000000;1.000000;1.000000;1.000000;1.000000;1.000000;1.000000;1.000000;1.000000;1.000000;1.000000;1.000000;1.000000;1.000000;1.000000;1.000000;1.000000;1.000000;1.000000;1.000000;1.000000;1.000000;1.000000;1.000000;1.000000;1.000000,nan;0.016577;nan;0.730447;0.078373;0.251598;0.047787;0.503672;0.107101;0.425336;0.383510;0.022093;0.134977;0.101057;0.066853;0.032933;0.163421;0.214755;0.454225;0.219333;0.027173;0.496564;0.167806;0.436193;0.055901;0.021981;0.151901;0.117981;nan,2.000000;1.000000;1.000000;1.000000;1.000000;1.000000;1.000000;1.000000;1.000000;1.000000;1.000000;1.000000;1.000000;1.000000;1.000000;1.000000;1.000000;1.000000;1.000000;1.000000;1.000000;1.000000;1.000000;1.000000;1.000000;1.000000;1.000000;1.000000;1.000000,0,0,0,0,0,0,0,0,0,0,701,33648,278,14456,267,12816,222,9256,24,720,2,112,0,0,0,0,0,0,graph_0001__stability_0.0000,stability,0.0,graph_0001,epoch_0002
trace,static,0.246431,0.246415,954,727,105,0,0,0.369444,0.018975,74.291784,360,133,0,0,0,327,0.738889,0,0,0.000000,0.000000,0.500000,1.000000,1.000000,1.000000,1.000000;1.000000;1.000000;1.000000;1.000000;1.000000;1.000000;1.000000;1.000000;1.000000;1.000000;1.000000;1.000000;1.000000;1.000000;1.000000;1.000000;1.000000;1.000000;1.000000;1.000000;1.000000;1.000000;1.000000;1.000000;1.000000;1.000000;1.000000;1.000000;1.000000,58,nan,1,2.000000;1.000000;1.000000;1.000000;1.000000;1.000000;1.000000;1.000000;1.000000;1.000000;1.000000;1.000000;1.000000;1.000000;1.000000;1.000000;1.000000;1.000000;1.000000;1.000000;1.000000;1.000000;1.000000;1.000000;1.000000;1.000000;1.000000;1.000000;1.000000,0.125340;0.025553;0.164733;0.157635;0.087349;0.051164;0.020077;0.149997;0.116840;0.081873;0.047953;0.005057;0.143953;0.110033;0.066853;0.050615;0.172397;0.147453;0.104273;0.070797;0.027253;0.166353;0.141693;0.098513;0.064917;0.030957;0.160877;0.126957;nan,2.000000;1.000000;1.000000;1.000000;1.000000;1.000000;1.000000;1.000000;1.000000;1.000000;1.000000;1.000000;1.000000;1.000000;1.000000;1.000000;1.000000;1.000000;1.000000;1.000000;1.000000;1.000000;1.000000;1.000000;1.000000;1.000000;1.000000;1.000000;1.000000,0,0,0,0,0,0,0,0,0,0,0,0,0,0,0,0,0,0,0,0,0,0,0,0,0,0,0,0,graph_0001__stability_0.0000,stability,0.0,graph_0001,epoch_0002
trace,olsr,0.439724,0.439705,1301,1525,105,535,995,0.202778,0.010592,72.374930,360,73,0,0,0,706,0.405556,535,38424,7.328767,526.356164,0.500000,1.000000,1.000000,1.000000,1.000000;1.000000;1.000000;1.000000;1.000000;1.000000;1.000000;1.000000;1.000000;1.000000;1.000000;1.000000;1.000000;1.000000;1.000000;1.000000;1.000000;1.000000;1.000000;1.000000;1.000000;1.000000;1.000000;1.000000;1.000000;1.000000;1.000000;1.000000;1.000000;1.000000,58,nan,1,2.000000;1.000000;1.000000;1.000000;1.000000;1.000000;1.000000;1.000000;1.000000;1.000000;1.000000;1.000000;1.000000;1.000000;1.000000;1.000000;1.000000;1.000000;1.000000;1.000000;1.000000;1.000000;1.000000;1.000000;1.000000;1.000000;1.000000;1.000000;1.000000,nan;nan;nan;0.112293;nan;nan;nan;nan;nan;0.391909;0.377935;0.403437;0.134977;0.282295;0.239669;0.230515;nan;nan;nan;nan;nan;0.484793;nan;0.262069;0.228169;nan;nan;nan;nan,2.000000;1.000000;1.000000;1.000000;1.000000;1.000000;1.000000;1.000000;1.000000;1.000000;1.000000;1.000000;1.000000;1.000000;1.000000;1.000000;1.000000;1.000000;1.000000;1.000000;1.000000;1.000000;1.000000;1.000000;1.000000;1.000000;1.000000;1.000000;1.000000,361,23220,174,15204,0,0,0,0,0,0,0,0,0,0,0,0,0,0,0,0,0,0,0,0,0,0,0,0,graph_0005__stability_0.0000,stability,0.0,graph_0005,epoch_0001
trace,aodv,0.481936,0.481904,2203,2814,105,1242,1899,0.261111,0.013458,69.368078,360,94,45,175,0,775,0.522222,1242,58864,13.212766,626.212766,0.500000,1.000000,1.000000,1.000000,1.000000;1.000000;1.000000;1.000000;1.000000;1.000000;1.000000;1.000000;1.000000;1.000000;1.000000;1.000000;1.000000;1.000000;1.000000;1.000000;1.000000;1.000000;1.000000;1.000000;1.000000;1.000000;1.000000;1.000000;1.000000;1.000000;1.000000;1.000000;1.000000;1.000000,58,nan,1,2.000000;1.000000;1.000000;1.000000;1.000000;1.000000;1.000000;1.000000;1.000000;1.000000;1.000000;1.000000;1.000000;1.000000;1.000000;1.000000;1.000000;1.000000;1.000000;1.000000;1.000000;1.000000;1.000000;1.000000;1.000000;1.000000;1.000000;1.000000;1.000000,nan;0.016861;0.146781;0.112293;0.078941;nan;nan;nan;nan;nan;nan;nan;nan;nan;0.102509;nan;nan;nan;nan;nan;nan;nan;nan;nan;nan;0.213502;0.028223;0.117981;nan,2.000000;1.000000;1.000000;1.000000;1.000000;1.000000;1.000000;1.000000;1.000000;1.000000;1.000000;1.000000;1.000000;1.000000;1.000000;1.000000;1.000000;1.000000;1.000000;1.000000;1.000000;1.000000;1.000000;1.000000;1.000000;1.000000;1.000000;1.000000;1.000000,0,0,0,0,0,0,0,0,0,0,748,35904,165,8580,139,6672,176,7288,14,420,0,0,0,0,0,0,0,0,graph_0005__stability_0.0000,stability,0.0,graph_0005,epoch_0001
trace,static,0.255471,0.255427,1002,775,105,0,0,0.369444,0.018967,74.291860,360,133,0,0,0,395,0.738889,0,0,0.000000,0.000000,0.500000,1.000000,1.000000,1.000000,1.000000;1.000000;1.000000;1.000000;1.000000;1.000000;1.000000;1.000000;1.000000;1.000000;1.000000;1.000000;1.000000;1.000000;1.000000;1.000000;1.000000;1.000000;1.000000;1.000000;1.000000;1.000000;1.000000;1.000000;1.000000;1.000000;1.000000;1.000000;1.000000;1.000000,58,nan,1,2.000000;1.000000;1.000000;1.000000;1.000000;1.000000;1.000000;1.000000;1.000000;1.000000;1.000000;1.000000;1.000000;1.000000;1.000000;1.000000;1.000000;1.000000;1.000000;1.000000;1.000000;1.000000;1.000000;1.000000;1.000000;1.000000;1.000000;1.000000;1.000000,0.131944;0.072443;0.155757;0.120999;0.087917;0.062815;0.032562;0.149997;0.106817;0.082441;0.048237;0.014317;0.134977;0.110033;0.076113;0.060429;0.172397;0.138761;0.095297;0.070717;0.036797;0.166637;0.141693;0.089821;0.064613;0.030957;0.151901;0.135933;nan,2.000000;1.000000;1.000000;1.000000;1.000000;1.000000;1.000000;1.000000;1.000000;1.000000;1.000000;1.000000;1.000000;1.000000;1.000000;1.000000;1.000000;1.000000;1.000000;1.000000;1.000000;1.000000;1.000000;1.000000;1.000000;1.000000;1.000000;1.000000;1.000000,0,0,0,0,0,0,0,0,0,0,0,0,0,0,0,0,0,0,0,0,0,0,0,0,0,0,0,0,graph_0005__stability_0.0000,stability,0.0,graph_0005,epoch_0001
trace,olsr,0.477393,0.477329,1359,1501,105,519,960,0.169444,0.008849,73.123063,360,61,0,0,0,775,0.338889,519,36640,8.508197,600.655738,0.500000,1.000000,1.000000,1.000000,1.000000;1.000000;1.000000;1.000000;1.000000;1.000000;1.000000;1.000000;1.000000;1.000000;1.000000;1.000000;1.000000;1.000000;1.000000;1.000000;1.000000;1.000000;1.000000;1.000000;1.000000;1.000000;1.000000;1.000000;1.000000;1.000000;1.000000;1.000000;1.000000;1.000000,58,nan,1,2.000000;1.000000;1.000000;1.000000;1.000000;1.000000;1.000000;1.000000;1.000000;1.000000;1.000000;1.000000;1.000000;1.000000;1.000000;1.000000;1.000000;1.000000;1.000000;1.000000;1.000000;1.000000;1.000000;1.000000;1.000000;1.000000;1.000000;1.000000;1.000000,nan;nan;nan;0.112293;nan;nan;nan;nan;nan;nan;nan;0.959155;nan;0.282295;0.239669;nan;nan;nan;nan;nan;nan;0.235239;nan;0.263715;0.228169;nan;nan;nan;nan,2.000000;1.000000;1.000000;1.000000;1.000000;1.000000;1.000000;1.000000;1.000000;1.000000;1.000000;1.000000;1.000000;1.000000;1.000000;1.000000;1.000000;1.000000;1.000000;1.000000;1.000000;1.000000;1.000000;1.000000;1.000000;1.000000;1.000000;1.000000;1.000000,363,23336,156,13304,0,0,0,0,0,0,0,0,0,0,0,0,0,0,0,0,0,0,0,0,0,0,0,0,graph_0005__stability_0.0000,stability,0.0,graph_0005,epoch_0003
trace,aodv,0.865950,0.865812,3212,3765,105,1638,2313,0.577778,0.029773,75.020714,360,208,30,0,0,1479,1.155556,1638,77796,7.875000,374.019231,0.500000,1.000000,1.000000,1.000000,1.000000;1.000000;1.000000;1.000000;1.000000;1.000000;1.000000;1.000000;1.000000;1.000000;1.000000;1.000000;1.000000;1.000000;1.000000;1.000000;1.000000;1.000000;1.000000;1.000000;1.000000;1.000000;1.000000;1.000000;1.000000;1.000000;1.000000;1.000000;1.000000;1.000000,58,nan,1,2.000000;1.000000;1.000000;1.000000;1.000000;1.000000;1.000000;1.000000;1.000000;1.000000;1.000000;1.000000;1.000000;1.000000;1.000000;1.000000;1.000000;1.000000;1.000000;1.000000;1.000000;1.000000;1.000000;1.000000;1.000000;1.000000;1.000000;1.000000;1.000000,0.128010;0.543946;0.146781;0.118348;0.261902;0.044737;0.067459;0.004908;0.106817;nan;0.711693;0.045266;nan;nan;0.211565;0.258275;0.522558;nan;nan;0.123735;0.069074;nan;0.123741;0.229727;0.730153;0.407582;0.344820;0.117981;nan,2.000000;1.000000;1.000000;1.000000;1.000000;1.000000;1.000000;1.000000;1.000000;1.000000;1.000000;1.000000;1.000000;1.000000;1.000000;1.000000;1.000000;1.000000;1.000000;1.000000;1.000000;1.000000;1.000000;1.000000;1.000000;1.000000;1.000000;1.000000;1.000000,0,0,0,0,0,0,0,0,0,0,698,33504,288,14976,373,17904,236,9992,38,1140,5,280,0,0,0,0,0,0,graph_0005__stability_0.0000,stability,0.0,graph_0005,epoch_0003
trace,static,0.263945,0.263930,1000,773,105,0,0,0.369444,0.018964,74.291602,360,133,0,0,0,395,0.738889,0,0,0.000000,0.000000,0.500000,1.000000,1.000000,1.000000,1.000000;1.000000;1.000000;1.000000;1.000000;1.000000;1.000000;1.000000;1.000000;1.000000;1.000000;1.000000;1.000000;1.000000;1.000000;1.000000;1.000000;1.000000;1.000000;1.000000;1.000000;1.000000;1.000000;1.000000;1.000000;1.000000;1.000000;1.000000;1.000000;1.000000,58,nan,1,2.000000;1.000000;1.000000;1.000000;1.000000;1.000000;1.000000;1.000000;1.000000;1.000000;1.000000;1.000000;1.000000;1.000000;1.000000;1.000000;1.000000;1.000000;1.000000;1.000000;1.000000;1.000000;1.000000;1.000000;1.000000;1.000000;1.000000;1.000000;1.000000,0.131844;0.060229;0.155757;0.112293;0.087917;0.057835;0.032622;0.149997;0.106817;0.082441;0.048237;0.014317;0.134977;0.110033;0.076113;0.060429;0.172397;0.138761;0.095297;0.070717;0.036797;0.166637;0.141693;0.089821;0.064613;0.030957;0.151901;0.135933;nan,2.000000;1.000000;1.000000;1.000000;1.000000;1.000000;1.000000;1.000000;1.000000;1.000000;1.000000;1.000000;1.000000;1.000000;1.000000;1.000000;1.000000;1.000000;1.000000;1.000000;1.000000;1.000000;1.000000;1.000000;1.000000;1.000000;1.000000;1.000000;1.000000,0,0,0,0,0,0,0,0,0,0,0,0,0,0,0,0,0,0,0,0,0,0,0,0,0,0,0,0,graph_0005__stability_0.0000,stability,0.0,graph_0005,epoch_0003
trace,olsr,0.393314,0.392936,1141,1367,105,527,973,0.152778,0.007978,68.634807,360,55,0,0,0,581,0.305556,527,38192,9.581818,694.400000,0.500000,1.000000,1.000000,1.000000,1.000000;1.000000;1.000000;1.000000;1.000000;1.000000;1.000000;1.000000;1.000000;1.000000;1.000000;1.000000;1.000000;1.000000;1.000000;1.000000;1.000000;1.000000;1.000000;1.000000;1.000000;1.000000;1.000000;1.000000;1.000000;1.000000;1.000000;1.000000;1.000000;1.000000,58,nan,1,2.000000;1.000000;1.000000;1.000000;1.000000;1.000000;1.000000;1.000000;1.000000;1.000000;1.000000;1.000000;1.000000;1.000000;1.000000;1.000000;1.000000;1.000000;1.000000;1.000000;1.000000;1.000000;1.000000;1.000000;1.000000;1.000000;1.000000;1.000000;1.000000,nan;nan;nan;0.112293;nan;nan;nan;nan;nan;nan;0.530213;nan;nan;0.273319;nan;nan;nan;nan;nan;nan;nan;nan;nan;nan;0.237145;nan;nan;nan;nan,2.000000;1.000000;1.000000;1.000000;1.000000;1.000000;1.000000;1.000000;1.000000;1.000000;1.000000;1.000000;1.000000;1.000000;1.000000;1.000000;1.000000;1.000000;1.000000;1.000000;1.000000;1.000000;1.000000;1.000000;1.000000;1.000000;1.000000;1.000000;1.000000,361,23236,166,14956,0,0,0,0,0,0,0,0,0,0,0,0,0,0,0,0,0,0,0,0,0,0,0,0,graph_0005__stability_0.0000,stability,0.0,graph_0005,epoch_0004
trace,aodv,0.883254,0.882035,3318,3873,105,1630,2280,0.586111,0.030204,75.552716,360,211,55,0,0,1708,1.172222,1630,77192,7.725118,365.838863,0.500000,1.000000,1.000000,1.000000,1.000000;1.000000;1.000000;1.000000;1.000000;1.000000;1.000000;1.000000;1.000000;1.000000;1.000000;1.000000;1.000000;1.000000;1.000000;1.000000;1.000000;1.000000;1.000000;1.000000;1.000000;1.000000;1.000000;1.000000;1.000000;1.000000;1.000000;1.000000;1.000000;1.000000,58,nan,1,2.000000;1.000000;1.000000;1.000000;1.000000;1.000000;1.000000;1.000000;1.000000;1.000000;1.000000;1.000000;1.000000;1.000000;1.000000;1.000000;1.000000;1.000000;1.000000;1.000000;1.000000;1.000000;1.000000;1.000000;1.000000;1.000000;1.000000;1.000000;1.000000,0.240216;0.671937;0.146781;0.118873;0.124022;0.587315;0.202907;0.028199;0.210125;nan;nan;0.035132;nan;nan;0.730884;nan;nan;0.008280;nan;nan;0.027741;nan;nan;0.423351;0.076939;0.218391;0.032886;0.117981;nan,2.000000;1.000000;1.000000;1.000000;1.000000;1.000000;1.000000;1.000000;1.000000;1.000000;1.000000;1.000000;1.000000;1.000000;1.000000;1.000000;1.000000;1.000000;1.000000;1.000000;1.000000;1.000000;1.000000;1.000000;1.000000;1.000000;1.000000;1.000000;1.000000,0,0,0,0,0,0,0,0,0,0,700,33600,283,14716,345,16560,265,11128,34,1020,3,168,0,0,0,0,0,0,graph_0005__stability_0.0000,stability,0.0,graph_0005,epoch_0004
trace,static,0.258838,0.258384,1002,776,105,0,0,0.372222,0.019105,74.078654,360,134,0,0,0,397,0.744444,0,0,0.000000,0.000000,0.500000,1.000000,1.000000,1.000000,1.000000;1.000000;1.000000;1.000000;1.000000;1.000000;1.000000;1.000000;1.000000;1.000000;1.000000;1.000000;1.000000;1.000000;1.000000;1.000000;1.000000;1.000000;1.000000;1.000000;1.000000;1.000000;1.000000;1.000000;1.000000;1.000000;1.000000;1.000000;1.000000;1.000000,58,nan,1,2.000000;1.000000;1.000000;1.000000;1.000000;1.000000;1.000000;1.000000;1.000000;1.000000;1.000000;1.000000;1.000000;1.000000;1.000000;1.000000;1.000000;1.000000;1.000000;1.000000;1.000000;1.000000;1.000000;1.000000;1.000000;1.000000;1.000000;1.000000;1.000000,0.132244;0.064289;0.155757;0.112373;0.087917;0.054899;0.031542;0.149997;0.106817;0.082441;0.048237;0.014317;0.134977;0.110033;0.076113;0.060429;0.172397;0.138761;0.095297;0.070717;0.036797;0.166637;0.141693;0.089821;0.064613;0.030957;0.151901;0.135933;nan,2.000000;1.000000;1.000000;1.000000;1.000000;1.000000;1.000000;1.000000;1.000000;1.000000;1.000000;1.000000;1.000000;1.000000;1.000000;1.000000;1.000000;1.000000;1.000000;1.000000;1.000000;1.000000;1.000000;1.000000;1.000000;1.000000;1.000000;1.000000;1.000000,0,0,0,0,0,0,0,0,0,0,0,0,0,0,0,0,0,0,0,0,0,0,0,0,0,0,0,0,graph_0005__stability_0.0000,stability,0.0,graph_0005,epoch_0004
trace,olsr,0.346685,0.346663,1047,1326,105,527,970,0.116667,0.007561,67.420390,360,42,1,0,0,502,0.233333,527,37004,12.547619,881.047619,0.500000,1.000000,1.000000,1.000000,1.000000;1.000000;1.000000;1.000000;1.000000;1.000000;1.000000;1.000000;1.000000;1.000000;1.000000;1.000000;1.000000;1.000000;1.000000;1.000000;1.000000;1.000000;1.000000;1.000000;1.000000;1.000000;1.000000;1.000000;1.000000;1.000000;1.000000;1.000000;1.000000;1.000000,58,nan,1,2.000000;1.000000;1.000000;1.000000;1.000000;1.000000;1.000000;1.000000;1.000000;1.000000;1.000000;1.000000;1.000000;1.000000;1.000000;1.000000;1.000000;1.000000;1.000000;1.000000;1.000000;1.000000;1.000000;1.000000;1.000000;1.000000;1.000000;1.000000;1.000000,nan;nan;nan;0.112293;nan;nan;nan;nan;nan;nan;nan;nan;nan;nan;0.239669;0.221357;nan;nan;nan;nan;nan;0.234591;nan;nan;nan;nan;nan;nan;nan,2.000000;1.000000;1.000000;1.000000;1.000000;1.000000;1.000000;1.000000;1.000000;1.000000;1.000000;1.000000;1.000000;1.000000;1.000000;1.000000;1.000000;1.000000;1.000000;1.000000;1.000000;1.000000;1.000000;1.000000;1.000000;1.000000;1.000000;1.000000;1.000000,368,23688,159,13316,0,0,0,0,0,0,0,0,0,0,0,0,0,0,0,0,0,0,0,0,0,0,0,0,graph_0005__stability_0.0000,stability,0.0,graph_0005,epoch_0005
trace,aodv,0.849231,0.849198,3252,3837,105,1622,2298,0.580556,0.029923,75.475524,360,209,60,0,0,1523,1.161111,1622,76454,7.760766,365.808612,0.500000,1.000000,1.000000,1.000000,1.000000;1.000000;1.000000;1.000000;1.000000;1.000000;1.000000;1.000000;1.000000;1.000000;1.000000;1.000000;1.000000;1.000000;1.000000;1.000000;1.000000;1.000000;1.000000;1.000000;1.000000;1.000000;1.000000;1.000000;1.000000;1.000000;1.000000;1.000000;1.000000;1.000000,58,nan,1,2.000000;1.000000;1.000000;1.000000;1.000000;1.000000;1.000000;1.000000;1.000000;1.000000;1.000000;1.000000;1.000000;1.000000;1.000000;1.000000;1.000000;1.000000;1.000000;1.000000;1.000000;1.000000;1.000000;1.000000;1.000000;1.000000;1.000000;1.000000;1.000000,0.111203;0.365743;0.146781;0.112293;0.078941;0.087887;0.396036;nan;0.106817;nan;0.735350;0.037538;nan;nan;0.739928;0.412057;0.192967;0.015812;nan;nan;0.065154;nan;nan;0.432733;0.081659;0.206353;0.182864;0.117981;nan,2.000000;1.000000;1.000000;1.000000;1.000000;1.000000;1.000000;1.000000;1.000000;1.000000;1.000000;1.000000;1.000000;1.000000;1.000000;1.000000;1.000000;1.000000;1.000000;1.000000;1.000000;1.000000;1.000000;1.000000;1.000000;1.000000;1.000000;1.000000;1.000000,0,0,0,0,0,0,0,0,0,0,702,33696,278,14456,317,15216,285,11808,37,1110,3,168,0,0,0,0,0,0,graph_0005__stability_0.0000,stability,0.0,graph_0005,epoch_0005
trace,static,0.258901,0.258873,1000,773,105,0,0,0.369444,0.018965,74.291649,360,133,0,0,0,392,0.738889,0,0,0.000000,0.000000,0.500000,1.000000,1.000000,1.000000,1.000000;1.000000;1.000000;1.000000;1.000000;1.000000;1.000000;1.000000;1.000000;1.000000;1.000000;1.000000;1.000000;1.000000;1.000000;1.000000;1.000000;1.000000;1.000000;1.000000;1.000000;1.000000;1.000000;1.000000;1.000000;1.000000;1.000000;1.000000;1.000000;1.000000,58,nan,1,2.000000;1.000000;1.000000;1.000000;1.000000;1.000000;1.000000;1.000000;1.000000;1.000000;1.000000;1.000000;1.000000;1.000000;1.000000;1.000000;1.000000;1.000000;1.000000;1.000000;1.000000;1.000000;1.000000;1.000000;1.000000;1.000000;1.000000;1.000000;1.000000,0.132084;0.057587;0.155757;0.112293;0.087917;0.062855;0.031602;0.149997;0.106817;0.082441;0.048237;0.014317;0.134977;0.110033;0.076113;0.060429;0.172397;0.138761;0.095297;0.070717;0.036797;0.166637;0.141693;0.089821;0.064613;0.030957;0.151901;0.135933;nan,2.000000;1.000000;1.000000;1.000000;1.000000;1.000000;1.000000;1.000000;1.000000;1.000000;1.000000;1.000000;1.000000;1.000000;1.000000;1.000000;1.000000;1.000000;1.000000;1.000000;1.000000;1.000000;1.000000;1.000000;1.000000;1.000000;1.000000;1.000000;1.000000,0,0,0,0,0,0,0,0,0,0,0,0,0,0,0,0,0,0,0,0,0,0,0,0,0,0,0,0,graph_0005__stability_0.0000,stability,0.0,graph_0005,epoch_0005
trace,olsr,0.474478,0.474255,1411,1577,105,527,979,0.202778,0.011601,73.675086,360,73,0,0,0,726,0.405556,527,38140,7.219178,522.465753,0.500000,1.000000,1.000000,1.000000,1.000000;1.000000;1.000000;1.000000;1.000000;1.000000;1.000000;1.000000;1.000000;1.000000;1.000000;1.000000;1.000000;1.000000;1.000000;1.000000;1.000000;1.000000;1.000000;1.000000;1.000000;1.000000;1.000000;1.000000;1.000000;1.000000;1.000000;1.000000;1.000000;1.000000,58,nan,1,2.000000;1.000000;1.000000;1.000000;1.000000;1.000000;1.000000;1.000000;1.000000;1.000000;1.000000;1.000000;1.000000;1.000000;1.000000;1.000000;1.000000;1.000000;1.000000;1.000000;1.000000;1.000000;1.000000;1.000000;1.000000;1.000000;1.000000;1.000000;1.000000,nan;nan;nan;0.112293;nan;nan;nan;nan;nan;nan;0.366393;nan;nan;0.273319;nan;nan;nan;nan;nan;nan;0.220029;0.232725;nan;0.270775;0.228149;nan;nan;nan;nan,2.000000;1.000000;1.000000;1.000000;1.000000;1.000000;1.000000;1.000000;1.000000;1.000000;1.000000;1.000000;1.000000;1.000000;1.000000;1.000000;1.000000;1.000000;1.000000;1.000000;1.000000;1.000000;1.000000;1.000000;1.000000;1.000000;1.000000;1.000000;1.000000,362,23296,163,14732,0,0,0,0,2,112,0,0,0,0,0,0,0,0,0,0,0,0,0,0,0,0,0,0,graph_0005__stability_0.0000,stability,0.0,graph_0005,epoch_0002
trace,aodv,0.753127,0.752110,2918,3517,105,1477,2145,0.508333,0.026202,70.643096,360,183,51,57,0,1314,1.016667,1477,69910,8.071038,382.021858,0.500000,1.000000,1.000000,1.000000,1.000000;1.000000;1.000000;1.000000;1.000000;1.000000;1.000000;1.000000;1.000000;1.000000;1.000000;1.000000;1.000000;1.000000;1.000000;1.000000;1.000000;1.000000;1.000000;1.000000;1.000000;1.000000;1.000000;1.000000;1.000000;1.000000;1.000000;1.000000;1.000000;1.000000,58,nan,1,2.000000;1.000000;1.000000;1.000000;1.000000;1.000000;1.000000;1.000000;1.000000;1.000000;1.000000;1.000000;1.000000;1.000000;1.000000;1.000000;1.000000;1.000000;1.000000;1.000000;1.000000;1.000000;1.000000;1.000000;1.000000;1.000000;1.000000;1.000000;1.000000,0.126355;nan;0.146781;0.112293;nan;nan;0.031159;0.048049;0.106817;nan;0.728239;0.032694;0.134977;0.101057;0.067137;nan;nan;nan;nan;nan;nan;nan;0.311823;0.658104;0.091355;0.226341;0.004367;0.117981;nan,2.000000;1.000000;1.000000;1.000000;1.000000;1.000000;1.000000;1.000000;1.000000;1.000000;1.000000;1.000000;1.000000;1.000000;1.000000;1.000000;1.000000;1.000000;1.000000;1.000000;1.000000;1.000000;1.000000;1.000000;1.000000;1.000000;1.000000;1.000000;1.000000,0,0,0,0,0,0,0,0,0,0,720,34560,234,12168,255,12240,245,10200,21,630,2,112,0,0,0,0,0,0,graph_0005__stability_0.0000,stability,0.0,graph_0005,epoch_0002
trace,static,0.258674,0.258400,999,771,105,0,0,0.366667,0.018823,74.288209,360,132,0,0,0,394,0.733333,0,0,0.000000,0.000000,0.500000,1.000000,1.000000,1.000000,1.000000;1.000000;1.000000;1.000000;1.000000;1.000000;1.000000;1.000000;1.000000;1.000000;1.000000;1.000000;1.000000;1.000000;1.000000;1.000000;1.000000;1.000000;1.000000;1.000000;1.000000;1.000000;1.000000;1.000000;1.000000;1.000000;1.000000;1.000000;1.000000;1.000000,58,nan,1,2.000000;1.000000;1.000000;1.000000;1.000000;1.000000;1.000000;1.000000;1.000000;1.000000;1.000000;1.000000;1.000000;1.000000;1.000000;1.000000;1.000000;1.000000;1.000000;1.000000;1.000000;1.000000;1.000000;1.000000;1.000000;1.000000;1.000000;1.000000;1.000000,0.130138;0.064649;0.155757;0.120999;0.087917;0.059835;0.032402;0.149997;0.106817;0.082441;0.048237;0.014317;0.134977;0.110033;0.076113;0.060429;0.172397;0.138761;0.095297;0.070717;0.036797;0.166637;0.141693;0.089821;0.064613;0.030957;0.151901;0.135933;nan,2.000000;1.000000;1.000000;1.000000;1.000000;1.000000;1.000000;1.000000;1.000000;1.000000;1.000000;1.000000;1.000000;1.000000;1.000000;1.000000;1.000000;1.000000;1.000000;1.000000;1.000000;1.000000;1.000000;1.000000;1.000000;1.000000;1.000000;1.000000;1.000000,0,0,0,0,0,0,0,0,0,0,0,0,0,0,0,0,0,0,0,0,0,0,0,0,0,0,0,0,graph_0005__stability_0.0000,stability,0.0,graph_0005,epoch_0002
trace,olsr,0.450719,0.450588,1351,1719,105,548,1116,0.147222,0.008589,71.338032,360,53,37,0,0,626,0.294444,548,39932,10.339623,753.433962,0.500000,1.666667,2.000000,2.000000,2.000000;2.000000;2.000000;2.000000;2.000000;2.000000;2.000000;2.000000;2.000000;2.000000;2.000000;2.000000;1.000000;1.000000;1.000000;1.000000;1.000000;1.000000,34,0.750000,1,2.000000;2.000000;2.000000;2.000000;2.000000;2.000000;2.000000;2.000000;2.000000;2.000000;2.000000;2.000000;2.000000;1.000000;1.000000;1.000000;1.000000,1.226223;0.302353;nan;nan;nan;nan;nan;1.232739;0.220025;0.250883;nan;0.287735;nan;nan;nan;nan;nan,2.000000;2.000000;2.000000;2.000000;2.000000;2.000000;2.000000;2.000000;2.000000;2.000000;2.000000;2.000000;2.000000;1.000000;1.000000;1.000000;1.000000,356,23616,191,16260,0,0,0,0,1,56,0,0,0,0,0,0,0,0,0,0,0,0,0,0,0,0,0,0,graph_0003__stability_0.4000,stability,0.4,graph_0003,epoch_0001
trace,aodv,0.789464,0.789376,3045,3843,105,1501,2398,0.552778,0.028055,73.825501,360,199,62,0,0,1344,1.105556,1501,71178,7.542714,357.678392,0.500000,1.666667,2.000000,2.000000,2.000000;2.000000;2.000000;2.000000;2.000000;2.000000;2.000000;2.000000;2.000000;2.000000;2.000000;2.000000;1.000000;1.000000;1.000000;1.000000;1.000000;1.000000,34,0.750000,1,2.000000;2.000000;2.000000;2.000000;2.000000;2.000000;2.000000;2.000000;2.000000;2.000000;2.000000;2.000000;2.000000;1.000000;1.000000;1.000000;1.000000,0.033537;0.642481;1.389454;0.370769;nan;0.022301;1.691528;0.086050;1.488714;1.409569;nan;0.147684;0.731427;nan;nan;0.117697;nan,2.000000;2.000000;2.000000;2.000000;2.000000;2.000000;2.000000;2.000000;2.000000;2.000000;2.000000;2.000000;2.000000;1.000000;1.000000;1.000000;1.000000,0,0,0,0,0,0,0,0,0,0,702,33696,287,14924,230,11040,245,10200,29,870,8,448,0,0,0,0,0,0,graph_0003__stability_0.4000,stability,0.4,graph_0003,epoch_0001
trace,static,0.265810,0.265785,1051,838,105,0,0,0.408333,0.020967,72.528680,360,147,0,0,0,289,0.816667,0,0,0.000000,0.000000,0.500000,1.666667,2.000000,2.000000,2.000000;2.000000;2.000000;2.000000;2.000000;2.000000;2.000000;2.000000;2.000000;2.000000;2.000000;2.000000;1.000000;1.000000;1.000000;1.000000;1.000000;1.000000,34,0.750000,1,2.000000;2.000000;2.000000;2.000000;2.000000;2.000000;2.000000;2.000000;2.000000;2.000000;2.000000;2.000000;2.000000;1.000000;1.000000;1.000000;1.000000,0.101874;0.157670;0.071241;0.167241;0.098833;0.031277;0.137336;0.058949;0.146257;0.087029;0.019757;0.115473;0.064593;0.022265;0.160877;0.135649;nan,2.000000;2.000000;2.000000;2.000000;2.000000;2.000000;2.000000;2.000000;2.000000;2.000000;2.000000;2.000000;2.000000;1.000000;1.000000;1.000000;1.000000,0,0,0,0,0,0,0,0,0,0,0,0,0,0,0,0,0,0,0,0,0,0,0,0,0,0,0,0,graph_0003__stability_0.4000,stability,0.4,graph_0003,epoch_0001
trace,olsr,0.390214,0.390017,1194,1607,105,548,1140,0.172222,0.008646,76.093094,360,62,6,0,0,537,0.344444,548,40156,8.838710,647.677419,0.500000,1.666667,2.000000,2.000000,2.000000;2.000000;2.000000;2.000000;2.000000;2.000000;2.000000;2.000000;2.000000;2.000000;2.000000;2.000000;1.000000;1.000000;1.000000;1.000000;1.000000;1.000000,34,0.750000,1,2.000000;2.000000;2.000000;2.000000;2.000000;2.000000;2.000000;2.000000;2.000000;2.000000;2.000000;2.000000;2.000000;1.000000;1.000000;1.000000;1.000000,nan;0.221203;nan;nan;nan;nan;nan;nan;0.518061;0.078053;nan;nan;nan;nan;nan;0.117697;nan,2.000000;2.000000;2.000000;2.000000;2.000000;2.000000;2.000000;2.000000;2.000000;2.000000;2.000000;2.000000;2.000000;1.000000;1.000000;1.000000;1.000000,358,23772,190,16384,0,0,0,0,0,0,0,0,0,0,0,0,0,0,0,0,0,0,0,0,0,0,0,0,graph_0003__stability_0.4000,stability,0.4,graph_0003,epoch_0003
trace,aodv,0.813580,0.813509,3092,3827,105,1457,2313,0.586111,0.030033,76.576522,360,211,28,0,0,1326,1.172222,1457,69526,6.905213,329.507109,0.500000,1.666667,2.000000,2.000000,2.000000;2.000000;2.000000;2.000000;2.000000;2.000000;2.000000;2.000000;2.000000;2.000000;2.000000;2.000000;1.000000;1.000000;1.000000;1.000000;1.000000;1.000000,34,0.750000,1,2.000000;2.000000;2.000000;2.000000;2.000000;2.000000;2.000000;2.000000;2.000000;2.000000;2.000000;2.000000;2.000000;1.000000;1.000000;1.000000;1.000000,0.038926;0.129537;nan;0.376661;nan;0.069727;nan;1.632049;1.650345;1.418624;nan;0.285915;0.247020;nan;nan;0.135550;nan,2.000000;2.000000;2.000000;2.000000;2.000000;2.000000;2.000000;2.000000;2.000000;2.000000;2.000000;2.000000;2.000000;1.000000;1.000000;1.000000;1.000000,0,0,0,0,0,0,0,0,0,0,684,32832,284,14768,278,13344,186,7832,25,750,0,0,0,0,0,0,0,0,graph_0003__stability_0.4000,stability,0.4,graph_0003,epoch_0003
trace,static,0.265019,0.264886,1047,833,105,0,0,0.405556,0.020824,72.513522,360,146,0,0,0,287,0.811111,0,0,0.000000,0.000000,0.500000,1.666667,2.000000,2.000000,2.000000;2.000000;2.000000;2.000000;2.000000;2.000000;2.000000;2.000000;2.000000;2.000000;2.000000;2.000000;1.000000;1.000000;1.000000;1.000000;1.000000;1.000000,34,0.750000,1,2.000000;2.000000;2.000000;2.000000;2.000000;2.000000;2.000000;2.000000;2.000000;2.000000;2.000000;2.000000;2.000000;1.000000;1.000000;1.000000;1.000000,0.108894;0.151474;0.071241;0.167241;0.098833;0.031277;0.136196;0.058869;0.146177;0.087029;0.019757;0.115473;0.064593;0.022265;0.160877;0.135649;nan,2.000000;2.000000;2.000000;2.000000;2.000000;2.000000;2.000000;2.000000;2.000000;2.000000;2.000000;2.000000;2.000000;1.000000;1.000000;1.000000;1.000000,0,0,0,0,0,0,0,0,0,0,0,0,0,0,0,0,0,0,0,0,0,0,0,0,0,0,0,0,graph_0003__stability_0.4000,stability,0.4,graph_0003,epoch_0003
trace,olsr,0.519116,0.518983,1483,1813,105,547,1123,0.177778,0.010372,70.515640,360,64,8,0,0,702,0.355556,547,39504,8.546875,617.250000,0.500000,1.666667,2.000000,2.000000,2.000000;2.000000;2.000000;2.000000;2.000000;2.000000;2.000000;2.000000;2.000000;2.000000;2.000000;2.000000;1.000000;1.000000;1.000000;1.000000;1.000000;1.000000,34,0.750000,1,2.000000;2.000000;2.000000;2.000000;2.000000;2.000000;2.000000;2.000000;2.000000;2.000000;2.000000;2.000000;2.000000;1.000000;1.000000;1.000000;1.000000,1.229845;0.310775;nan;nan;nan;nan;1.273589;nan;nan;0.078053;nan;0.279229;nan;nan;nan;nan;nan,2.000000;2.000000;2.000000;2.000000;2.000000;2.000000;2.000000;2.000000;2.000000;2.000000;2.000000;2.000000;2.000000;1.000000;1.000000;1.000000;1.000000,357,23656,187,15680,0,0,0,0,3,168,0,0,0,0,0,0,0,0,0,0,0,0,0,0,0,0,0,0,graph_0003__stability_0.4000,stability,0.4,graph_0003,epoch_0004
trace,aodv,0.820881,0.820737,3159,3948,105,1515,2410,0.613889,0.031160,74.467396,360,221,33,0,0,1316,1.227778,1515,72126,6.855204,326.361991,0.500000,1.666667,2.000000,2.000000,2.000000;2.000000;2.000000;2.000000;2.000000;2.000000;2.000000;2.000000;2.000000;2.000000;2.000000;2.000000;1.000000;1.000000;1.000000;1.000000;1.000000;1.000000,34,0.750000,1,2.000000;2.000000;2.000000;2.000000;2.000000;2.000000;2.000000;2.000000;2.000000;2.000000;2.000000;2.000000;2.000000;1.000000;1.000000;1.000000;1.000000,0.033537;0.129537;1.664854;0.183429;nan;1.615363;1.525464;0.049893;nan;1.459113;nan;0.439428;0.232429;nan;nan;0.117697;nan,2.000000;2.000000;2.000000;2.000000;2.000000;2.000000;2.000000;2.000000;2.000000;2.000000;2.000000;2.000000;2.000000;1.000000;1.000000;1.000000;1.000000,0,0,0,0,0,0,0,0,0,0,698,33504,301,15652,260,12480,223,9448,31,930,2,112,0,0,0,0,0,0,graph_0003__stability_0.4000,stability,0.4,graph_0003,epoch_0004
trace,static,0.275863,0.275832,1050,836,105,0,0,0.405556,0.020827,72.513554,360,146,0,0,0,288,0.811111,0,0,0.000000,0.000000,0.500000,1.666667,2.000000,2.000000,2.000000;2.000000;2.000000;2.000000;2.000000;2.000000;2.000000;2.000000;2.000000;2.000000;2.000000;2.000000;1.000000;1.000000;1.000000;1.000000;1.000000;1.000000,34,0.750000,1,2.000000;2.000000;2.000000;2.000000;2.000000;2.000000;2.000000;2.000000;2.000000;2.000000;2.000000;2.000000;2.000000;1.000000;1.000000;1.000000;1.000000,0.113074;0.155630;0.071241;0.167241;0.098833;0.031277;0.135296;0.067845;0.146257;0.087029;0.019757;0.115473;0.064593;0.022265;0.160877;0.135649;nan,2.000000;2.000000;2.000000;2.000000;2.000000;2.000000;2.000000;2.000000;2.000000;2.000000;2.000000;2.000000;2.000000;1.000000;1.000000;1.000000;1.000000,0,0,0,0,0,0,0,0,0,0,0,0,0,0,0,0,0,0,0,0,0,0,0,0,0,0,0,0,graph_0003__stability_0.4000,stability,0.4,graph_0003,epoch_0004
trace,olsr,0.454232,0.454103,1386,1784,105,546,1134,0.150000,0.007703,74.768452,360,54,22,0,0,565,0.300000,546,39708,10.111111,735.333333,0.500000,1.666667,2.000000,2.000000,2.000000;2.000000;2.000000;2.000000;2.000000;2.000000;2.000000;2.000000;2.000000;2.000000;2.000000;2.000000;1.000000;1.000000;1.000000;1.000000;1.000000;1.000000,34,0.750000,1,2.000000;2.000000;2.000000;2.000000;2.000000;2.000000;2.000000;2.000000;2.000000;2.000000;2.000000;2.000000;2.000000;1.000000;1.000000;1.000000;1.000000,1.226723;0.212861;nan;nan;nan;nan;nan;1.238019;nan;0.078053;nan;0.287735;nan;nan;nan;0.289959;nan,2.000000;2.000000;2.000000;2.000000;2.000000;2.000000;2.000000;2.000000;2.000000;2.000000;2.000000;2.000000;2.000000;1.000000;1.000000;1.000000;1.000000,359,23776,184,15764,0,0,0,0,3,168,0,0,0,0,0,0,0,0,0,0,0,0,0,0,0,0,0,0,graph_0003__stability_0.4000,stability,0.4,graph_0003,epoch_0005
trace,aodv,0.723740,0.723685,2871,3627,105,1447,2288,0.511111,0.025945,76.632750,360,184,34,57,0,1247,1.022222,1447,68864,7.864130,374.260870,0.500000,1.666667,2.000000,2.000000,2.000000;2.000000;2.000000;2.000000;2.000000;2.000000;2.000000;2.000000;2.000000;2.000000;2.000000;2.000000;1.000000;1.000000;1.000000;1.000000;1.000000;1.000000,34,0.750000,1,2.000000;2.000000;2.000000;2.000000;2.000000;2.000000;2.000000;2.000000;2.000000;2.000000;2.000000;2.000000;2.000000;1.000000;1.000000;1.000000;1.000000,0.033537;0.129537;nan;nan;nan;0.057583;1.713030;0.051127;nan;1.415196;nan;0.106497;0.433847;nan;0.622468;0.129241;nan,2.000000;2.000000;2.000000;2.000000;2.000000;2.000000;2.000000;2.000000;2.000000;2.000000;2.000000;2.000000;2.000000;1.000000;1.000000;1.000000;1.000000,0,0,0,0,0,0,0,0,0,0,715,34320,247,12844,265,12720,189,8024,30,900,1,56,0,0,0,0,0,0,graph_0003__stability_0.4000,stability,0.4,graph_0003,epoch_0005
trace,static,0.260595,0.260559,1046,832,105,0,0,0.405556,0.020826,72.513444,360,146,0,0,0,287,0.811111,0,0,0.000000,0.000000,0.500000,1.666667,2.000000,2.000000,2.000000;2.000000;2.000000;2.000000;2.000000;2.000000;2.000000;2.000000;2.000000;2.000000;2.000000;2.000000;1.000000;1.000000;1.000000;1.000000;1.000000;1.000000,34,0.750000,1,2.000000;2.000000;2.000000;2.000000;2.000000;2.000000;2.000000;2.000000;2.000000;2.000000;2.000000;2.000000;2.000000;1.000000;1.000000;1.000000;1.000000,0.096274;0.157210;0.071241;0.167241;0.098833;0.031277;0.135176;0.058869;0.146177;0.087029;0.019757;0.115473;0.064593;0.022265;0.160877;0.135649;nan,2.000000;2.000000;2.000000;2.000000;2.000000;2.000000;2.000000;2.000000;2.000000;2.000000;2.000000;2.000000;2.000000;1.000000;1.000000;1.000000;1.000000,0,0,0,0,0,0,0,0,0,0,0,0,0,0,0,0,0,0,0,0,0,0,0,0,0,0,0,0,graph_0003__stability_0.4000,stability,0.4,graph_0003,epoch_0005
trace,olsr,0.536022,0.535988,1789,2211,105,566,1152,0.088889,0.007062,58.592678,360,32,17,0,0,430,0.177778,566,41328,17.687500,1291.500000,0.500000,1.666667,2.000000,2.000000,2.000000;2.000000;2.000000;2.000000;2.000000;2.000000;2.000000;2.000000;2.000000;2.000000;2.000000;2.000000;1.000000;1.000000;1.000000;1.000000;1.000000;1.000000,34,0.750000,1,2.000000;2.000000;2.000000;2.000000;2.000000;2.000000;2.000000;2.000000;2.000000;2.000000;2.000000;2.000000;2.000000;1.000000;1.000000;1.000000;1.000000,1.213681;0.212681;nan;1.232247;nan;nan;nan;nan;0.146177;nan;nan;nan;nan;nan;nan;nan;nan,2.000000;2.000000;2.000000;2.000000;2.000000;2.000000;2.000000;2.000000;2.000000;2.000000;2.000000;2.000000;2.000000;1.000000;1.000000;1.000000;1.000000,360,23924,196,16844,0,0,0,0,10,560,0,0,0,0,0,0,0,0,0,0,0,0,0,0,0,0,0,0,graph_0003__stability_0.4000,stability,0.4,graph_0003,epoch_0002
trace,aodv,0.736204,0.736109,2890,3620,105,1433,2257,0.516667,0.026222,76.946070,360,186,24,56,0,1255,1.033333,1433,68260,7.704301,366.989247,0.500000,1.666667,2.000000,2.000000,2.000000;2.000000;2.000000;2.000000;2.000000;2.000000;2.000000;2.000000;2.000000;2.000000;2.000000;2.000000;1.000000;1.000000;1.000000;1.000000;1.000000;1.000000,34,0.750000,1,2.000000;2.000000;2.000000;2.000000;2.000000;2.000000;2.000000;2.000000;2.000000;2.000000;2.000000;2.000000;2.000000;1.000000;1.000000;1.000000;1.000000,1.042061;nan;0.090389;1.675751;nan;0.022851;1.687283;0.049893;nan;nan;0.197124;0.634439;0.083793;nan;0.596664;0.125651;nan,2.000000;2.000000;2.000000;2.000000;2.000000;2.000000;2.000000;2.000000;2.000000;2.000000;2.000000;2.000000;2.000000;1.000000;1.000000;1.000000;1.000000,0,0,0,0,0,0,0,0,0,0,715,34320,255,13260,250,12000,184,7784,28,840,1,56,0,0,0,0,0,0,graph_0003__stability_0.4000,stability,0.4,graph_0003,epoch_0002
trace,static,0.264702,0.264694,1048,834,105,0,0,0.405556,0.020824,72.513426,360,146,0,0,0,289,0.811111,0,0,0.000000,0.000000,0.500000,1.666667,2.000000,2.000000,2.000000;2.000000;2.000000;2.000000;2.000000;2.000000;2.000000;2.000000;2.000000;2.000000;2.000000;2.000000;1.000000;1.000000;1.000000;1.000000;1.000000;1.000000,34,0.750000,1,2.000000;2.000000;2.000000;2.000000;2.000000;2.000000;2.000000;2.000000;2.000000;2.000000;2.000000;2.000000;2.000000;1.000000;1.000000;1.000000;1.000000,0.096348;0.159230;0.071241;0.167241;0.098833;0.031277;0.136356;0.058869;0.155153;0.087029;0.019757;0.115473;0.064593;0.022265;0.160877;0.135649;nan,2.000000;2.000000;2.000000;2.000000;2.000000;2.000000;2.000000;2.000000;2.000000;2.000000;2.000000;2.000000;2.000000;1.000000;1.000000;1.000000;1.000000,0,0,0,0,0,0,0,0,0,0,0,0,0,0,0,0,0,0,0,0,0,0,0,0,0,0,0,0,graph_0003__stability_0.4000,stability,0.4,graph_0003,epoch_0002
trace,olsr,0.455088,0.455055,1386,1638,105,557,1045,0.172222,0.012034,62.180524,360,62,6,0,0,475,0.344444,557,41056,8.983871,662.193548,0.500000,4.285714,4.000000,5.000000,5.000000;5.000000;4.000000;4.000000;4.000000;4.000000;4.000000,12,0.869565,1,5.000000;5.000000;5.000000;5.000000;5.000000;5.000000,2.243205;3.211509;1.584309;3.233639;nan;nan,5.000000;5.000000;5.000000;5.000000;5.000000;5.000000,351,22928,206,18128,0,0,0,0,0,0,0,0,0,0,0,0,0,0,0,0,0,0,0,0,0,0,0,0,graph_0001__stability_0.8000,stability,0.8,graph_0001,epoch_0001
trace,aodv,0.672203,0.672144,2759,3410,105,1160,1863,0.666667,0.033844,76.924929,360,240,12,56,0,777,1.333333,1160,55510,4.833333,231.291667,0.500000,4.285714,4.000000,5.000000,5.000000;5.000000;4.000000;4.000000;4.000000;4.000000;4.000000,12,0.869565,1,5.000000;5.000000;5.000000;5.000000;5.000000;5.000000,0.298303;0.090141;nan;0.112257;0.123741;0.134941,5.000000;5.000000;5.000000;5.000000;5.000000;5.000000,0,0,0,0,0,0,0,0,0,0,759,36432,143,7436,150,7200,97,4112,11,330,0,0,0,0,0,0,0,0,graph_0001__stability_0.8000,stability,0.8,graph_0001,epoch_0001
trace,static,0.260026,0.260003,1081,884,105,0,0,0.452778,0.022735,72.593940,360,163,0,0,0,164,0.905556,0,0,0.000000,0.000000,0.500000,4.285714,4.000000,5.000000,5.000000;5.000000;4.000000;4.000000;4.000000;4.000000;4.000000,12,0.869565,1,5.000000;5.000000;5.000000;5.000000;5.000000;5.000000,0.172536;0.099117;0.110033;0.130209;0.141693;0.143917,5.000000;5.000000;5.000000;5.000000;5.000000;5.000000,0,0,0,0,0,0,0,0,0,0,0,0,0,0,0,0,0,0,0,0,0,0,0,0,0,0,0,0,graph_0001__stability_0.8000,stability,0.8,graph_0001,epoch_0001
trace,olsr,0.369107,0.369091,1192,1508,105,561,1056,0.152778,0.009309,62.942636,360,55,8,0,0,347,0.305556,561,40944,10.200000,744.436364,0.500000,4.285714,4.000000,5.000000,5.000000;5.000000;4.000000;4.000000;4.000000;4.000000;4.000000,12,0.869565,1,5.000000;5.000000;5.000000;5.000000;5.000000;5.000000,nan;nan;nan;nan;1.215357;nan,5.000000;5.000000;5.000000;5.000000;5.000000;5.000000,355,23272,206,17672,0,0,0,0,0,0,0,0,0,0,0,0,0,0,0,0,0,0,0,0,0,0,0,0,graph_0001__stability_0.8000,stability,0.8,graph_0001,epoch_0003
trace,aodv,0.663881,0.663827,2721,3404,105,1123,1852,0.694444,0.042866,71.724338,360,250,3,56,0,724,1.388889,1123,54034,4.492000,216.136000,0.500000,4.285714,4.000000,5.000000,5.000000;5.000000;4.000000;4.000000;4.000000;4.000000;4.000000,12,0.869565,1,5.000000;5.000000;5.000000;5.000000;5.000000;5.000000,0.095901;0.090141;0.101057;0.459694;0.001427;nan,5.000000;5.000000;5.000000;5.000000;5.000000;5.000000,0,0,0,0,0,0,0,0,0,0,762,36576,147,7644,128,6144,81,3520,5,150,0,0,0,0,0,0,0,0,graph_0001__stability_0.8000,stability,0.8,graph_0001,epoch_0003
trace,static,0.265593,0.265580,1081,884,105,0,0,0.452778,0.022739,72.594000,360,163,0,0,0,164,0.905556,0,0,0.000000,0.000000,0.500000,4.285714,4.000000,5.000000,5.000000;5.000000;4.000000;4.000000;4.000000;4.000000;4.000000,12,0.869565,1,5.000000;5.000000;5.000000;5.000000;5.000000;5.000000,0.166076;0.099117;0.110033;0.130209;0.141693;0.143917,5.000000;5.000000;5.000000;5.000000;5.000000;5.000000,0,0,0,0,0,0,0,0,0,0,0,0,0,0,0,0,0,0,0,0,0,0,0,0,0,0,0,0,graph_0001__stability_0.8000,stability,0.8,graph_0001,epoch_0003
trace,olsr,0.361750,0.361729,1189,1509,105,554,1037,0.138889,0.009702,61.316118,360,50,30,0,0,356,0.277778,554,40956,11.080000,819.120000,0.500000,4.285714,4.000000,5.000000,5.000000;5.000000;4.000000;4.000000;4.000000;4.000000;4.000000,12,0.869565,1,5.000000;5.000000;5.000000;5.000000;5.000000;5.000000,nan;nan;1.584309;3.233639;nan;nan,5.000000;5.000000;5.000000;5.000000;5.000000;5.000000,350,22920,204,18036,0,0,0,0,0,0,0,0,0,0,0,0,0,0,0,0,0,0,0,0,0,0,0,0,graph_0001__stability_0.8000,stability,0.8,graph_0001,epoch_0004
trace,aodv,0.589858,0.589720,2544,3092,105,1118,1795,0.475000,0.029331,68.038979,360,171,4,56,0,668,0.950000,1118,53490,6.538012,312.807018,0.500000,4.285714,4.000000,5.000000,5.000000;5.000000;4.000000;4.000000;4.000000;4.000000;4.000000,12,0.869565,1,5.000000;5.000000;5.000000;5.000000;5.000000;5.000000,0.095901;0.090141;0.129167;nan;0.123741;nan,5.000000;5.000000;5.000000;5.000000;5.000000;5.000000,0,0,0,0,0,0,0,0,0,0,784,37632,113,5876,129,6192,78,3344,13,390,1,56,0,0,0,0,0,0,graph_0001__stability_0.8000,stability,0.8,graph_0001,epoch_0004
trace,static,0.257936,0.257918,1081,884,105,0,0,0.452778,0.022737,72.594038,360,163,0,0,0,162,0.905556,0,0,0.000000,0.000000,0.500000,4.285714,4.000000,5.000000,5.000000;5.000000;4.000000;4.000000;4.000000;4.000000;4.000000,12,0.869565,1,5.000000;5.000000;5.000000;5.000000;5.000000;5.000000,0.174476;0.099117;0.110033;0.130209;0.141693;0.143917,5.000000;5.000000;5.000000;5.000000;5.000000;5.000000,0,0,0,0,0,0,0,0,0,0,0,0,0,0,0,0,0,0,0,0,0,0,0,0,0,0,0,0,graph_0001__stability_0.8000,stability,0.8,graph_0001,epoch_0004
trace,olsr,0.295377,0.295343,986,1341,105,560,1051,0.097222,0.005924,56.299479,360,35,10,0,0,265,0.194444,560,40960,16.000000,1170.285714,0.500000,4.285714,4.000000,5.000000,5.000000;5.000000;4.000000;4.000000;4.000000;4.000000;4.000000,12,0.869565,1,5.000000;5.000000;5.000000;5.000000;5.000000;5.000000,nan;nan;nan;3.233639;1.279029;nan,5.000000;5.000000;5.000000;5.000000;5.000000;5.000000,357,23328,203,17632,0,0,0,0,0,0,0,0,0,0,0,0,0,0,0,0,0,0,0,0,0,0,0,0,graph_0001__stability_0.8000,stability,0.8,graph_0001,epoch_0005
trace,aodv,0.686674,0.686600,2814,3496,105,1179,1891,0.730556,0.037085,75.879052,360,263,11,56,0,774,1.461111,1179,56456,4.482890,214.661597,0.500000,4.285714,4.000000,5.000000,5.000000;5.000000;4.000000;4.000000;4.000000;4.000000;4.000000,12,0.869565,1,5.000000;5.000000;5.000000;5.000000;5.000000;5.000000,0.095901;0.090141;nan;1.446157;0.144088;0.134941,5.000000;5.000000;5.000000;5.000000;5.000000;5.000000,0,0,0,0,0,0,0,0,0,0,758,36384,151,7852,163,7824,91,3864,14,420,2,112,0,0,0,0,0,0,graph_0001__stability_0.8000,stability,0.8,graph_0001,epoch_0005
trace,static,0.260763,0.260745,1081,884,105,0,0,0.452778,0.022738,72.593937,360,163,0,0,0,164,0.905556,0,0,0.000000,0.000000,0.500000,4.285714,4.000000,5.000000,5.000000;5.000000;4.000000;4.000000;4.000000;4.000000;4.000000,12,0.869565,1,5.000000;5.000000;5.000000;5.000000;5.000000;5.000000,0.172080;0.099117;0.110033;0.130209;0.141693;0.143917,5.000000;5.000000;5.000000;5.000000;5.000000;5.000000,0,0,0,0,0,0,0,0,0,0,0,0,0,0,0,0,0,0,0,0,0,0,0,0,0,0,0,0,graph_0001__stability_0.8000,stability,0.8,graph_0001,epoch_0005
trace,olsr,0.410493,0.410444,1275,1564,105,572,1084,0.161111,0.009816,65.759618,360,58,8,0,0,419,0.322222,572,41772,9.862069,720.206897,0.500000,4.285714,4.000000,5.000000,5.000000;5.000000;4.000000;4.000000;4.000000;4.000000;4.000000,12,0.869565,1,5.000000;5.000000;5.000000;5.000000;5.000000;5.000000,2.243205;nan;nan;nan;1.279029;nan,5.000000;5.000000;5.000000;5.000000;5.000000;5.000000,348,22712,224,19060,0,0,0,0,0,0,0,0,0,0,0,0,0,0,0,0,0,0,0,0,0,0,0,0,graph_0001__stability_0.8000,stability,0.8,graph_0001,epoch_0002
trace,aodv,0.748717,0.748649,2922,3595,105,1230,1975,0.777778,0.039483,78.041583,360,280,9,0,0,870,1.555556,1230,58824,4.392857,210.085714,0.500000,4.285714,4.000000,5.000000,5.000000;5.000000;4.000000;4.000000;4.000000;4.000000;4.000000,12,0.869565,1,5.000000;5.000000;5.000000;5.000000;5.000000;5.000000,2.415956;0.090141;0.126051;1.452725;0.123741;0.134941,5.000000;5.000000;5.000000;5.000000;5.000000;5.000000,0,0,0,0,0,0,0,0,0,0,750,36000,167,8684,183,8784,112,4816,18,540,0,0,0,0,0,0,0,0,graph_0001__stability_0.8000,stability,0.8,graph_0001,epoch_0002
trace,static,0.263554,0.263526,1081,884,105,0,0,0.452778,0.022737,72.593968,360,163,0,0,0,164,0.905556,0,0,0.000000,0.000000,0.500000,4.285714,4.000000,5.000000,5.000000;5.000000;4.000000;4.000000;4.000000;4.000000;4.000000,12,0.869565,1,5.000000;5.000000;5.000000;5.000000;5.000000;5.000000,0.169796;0.099117;0.110033;0.130209;0.141693;0.143917,5.000000;5.000000;5.000000;5.000000;5.000000;5.000000,0,0,0,0,0,0,0,0,0,0,0,0,0,0,0,0,0,0,0,0,0,0,0,0,0,0,0,0,graph_0001__stability_0.8000,stability,0.8,graph_0001,epoch_0002
trace,olsr,0.311006,0.310957,1054,1515,105,547,1198,0.086111,0.006962,59.679889,360,31,42,0,0,328,0.172222,547,40700,17.645161,1312.903226,0.500000,4.285714,4.000000,5.000000,5.000000;5.000000;4.000000;4.000000;4.000000;4.000000;4.000000,12,0.739130,1,5.000000;5.000000;5.000000;5.000000;5.000000;5.000000,nan;nan;nan;nan;nan;nan,5.000000;5.000000;5.000000;5.000000;5.000000;5.000000,351,23940,196,16760,0,0,0,0,0,0,0,0,0,0,0,0,0,0,0,0,0,0,0,0,0,0,0,0,graph_0002__stability_0.8000,stability,0.8,graph_0002,epoch_0001
trace,aodv,0.582089,0.582034,2464,3277,105,1202,2083,0.438889,0.025715,74.914918,360,158,29,57,0,751,0.877778,1202,57354,7.607595,363.000000,0.500000,4.285714,4.000000,5.000000,5.000000;5.000000;4.000000;4.000000;4.000000;4.000000;4.000000,12,0.739130,1,5.000000;5.000000;5.000000;5.000000;5.000000;5.000000,4.062642;nan;0.101057;0.112541;0.013859;nan,5.000000;5.000000;5.000000;5.000000;5.000000;5.000000,0,0,0,0,0,0,0,0,0,0,748,35904,168,8736,138,6624,133,5640,15,450,0,0,0,0,0,0,0,0,graph_0002__stability_0.8000,stability,0.8,graph_0002,epoch_0001
trace,static,0.248868,0.248750,1033,832,105,0,0,0.441667,0.022291,72.448862,360,159,0,0,0,203,0.883333,0,0,0.000000,0.000000,0.500000,4.285714,4.000000,5.000000,5.000000;5.000000;4.000000;4.000000;4.000000;4.000000;4.000000,12,0.739130,1,5.000000;5.000000;5.000000;5.000000;5.000000;5.000000,0.141185;0.123600;0.110033;0.121517;0.141423;0.143917,5.000000;5.000000;5.000000;5.000000;5.000000;5.000000,0,0,0,0,0,0,0,0,0,0,0,0,0,0,0,0,0,0,0,0,0,0,0,0,0,0,0,0,graph_0002__stability_0.8000,stability,0.8,graph_0002,epoch_0001
trace,olsr,0.460213,0.460171,1403,1813,105,538,1164,0.158333,0.009839,60.134950,360,57,31,0,0,430,0.316667,538,40184,9.438596,704.982456,0.500000,4.285714,4.000000,5.000000,5.000000;5.000000;4.000000;4.000000;4.000000;4.000000;4.000000,12,0.739130,1,5.000000;5.000000;5.000000;5.000000;5.000000;5.000000,1.251189;nan;0.101341;2.906229;0.321865;nan,5.000000;5.000000;5.000000;5.000000;5.000000;5.000000,354,24120,181,15896,0,0,0,0,3,168,0,0,0,0,0,0,0,0,0,0,0,0,0,0,0,0,0,0,graph_0002__stability_0.8000,stability,0.8,graph_0002,epoch_0003
trace,aodv,0.611326,0.611163,2550,3484,105,1242,2202,0.591667,0.034667,73.502032,360,213,16,57,0,749,1.183333,1242,59446,5.830986,279.089202,0.500000,4.285714,4.000000,5.000000,5.000000;5.000000;4.000000;4.000000;4.000000;4.000000;4.000000,12,0.739130,1,5.000000;5.000000;5.000000;5.000000;5.000000;5.000000,1.601946;nan;0.101057;0.112541;0.008559;nan,5.000000;5.000000;5.000000;5.000000;5.000000;5.000000,0,0,0,0,0,0,0,0,0,0,744,35712,201,10452,142,6816,129,5608,23,690,3,168,0,0,0,0,0,0,graph_0002__stability_0.8000,stability,0.8,graph_0002,epoch_0003
trace,static,0.249096,0.249072,1034,833,105,0,0,0.441667,0.022289,72.448732,360,159,0,0,0,203,0.883333,0,0,0.000000,0.000000,0.500000,4.285714,4.000000,5.000000,5.000000;5.000000;4.000000;4.000000;4.000000;4.000000;4.000000,12,0.739130,1,5.000000;5.000000;5.000000;5.000000;5.000000;5.000000,0.142791;0.118344;0.110033;0.112541;0.141423;0.143917,5.000000;5.000000;5.000000;5.000000;5.000000;5.000000,0,0,0,0,0,0,0,0,0,0,0,0,0,0,0,0,0,0,0,0,0,0,0,0,0,0,0,0,graph_0002__stability_0.8000,stability,0.8,graph_0002,epoch_0003
trace,olsr,0.370331,0.369789,1232,1634,105,552,1212,0.102778,0.008310,56.394422,360,37,13,0,0,461,0.205556,552,40920,14.918919,1105.945946,0.500000,4.285714,4.000000,5.000000,5.000000;5.000000;4.000000;4.000000;4.000000;4.000000;4.000000,12,0.739130,1,5.000000;5.000000;5.000000;5.000000;5.000000;5.000000,1.251189;nan;0.273873;nan;nan;nan,5.000000;5.000000;5.000000;5.000000;5.000000;5.000000,348,23728,204,17192,0,0,0,0,0,0,0,0,0,0,0,0,0,0,0,0,0,0,0,0,0,0,0,0,graph_0002__stability_0.8000,stability,0.8,graph_0002,epoch_0004
trace,aodv,0.633241,0.632568,2578,3512,105,1233,2197,0.588889,0.034497,73.175049,360,212,13,57,0,869,1.177778,1233,58808,5.816038,277.396226,0.500000,4.285714,4.000000,5.000000,5.000000;5.000000;4.000000;4.000000;4.000000;4.000000;4.000000,12,0.739130,1,5.000000;5.000000;5.000000;5.000000;5.000000;5.000000,1.596263;nan;0.101057;0.112541;0.123741;nan,5.000000;5.000000;5.000000;5.000000;5.000000;5.000000,0,0,0,0,0,0,0,0,0,0,752,36096,176,9152,145,6960,134,5768,24,720,2,112,0,0,0,0,0,0,graph_0002__stability_0.8000,stability,0.8,graph_0002,epoch_0004
trace,static,0.252267,0.251960,1032,831,105,0,0,0.441667,0.022292,72.448838,360,159,0,0,0,204,0.883333,0,0,0.000000,0.000000,0.500000,4.285714,4.000000,5.000000,5.000000;5.000000;4.000000;4.000000;4.000000;4.000000;4.000000,12,0.739130,1,5.000000;5.000000;5.000000;5.000000;5.000000;5.000000,0.149611;0.124660;0.110033;0.112541;0.141423;0.143917,5.000000;5.000000;5.000000;5.000000;5.000000;5.000000,0,0,0,0,0,0,0,0,0,0,0,0,0,0,0,0,0,0,0,0,0,0,0,0,0,0,0,0,graph_0002__stability_0.8000,stability,0.8,graph_0002,epoch_0004
trace,olsr,0.381951,0.381925,1175,1643,105,538,1165,0.166667,0.013478,60.078923,360,60,3,0,0,412,0.333333,538,40332,8.966667,672.200000,0.500000,4.285714,4.000000,5.000000,5.000000;5.000000;4.000000;4.000000;4.000000;4.000000;4.000000,12,0.739130,1,5.000000;5.000000;5.000000;5.000000;5.000000;5.000000,1.289670;3.211239;0.289537;nan;nan;nan,5.000000;5.000000;5.000000;5.000000;5.000000;5.000000,355,24216,183,16116,0,0,0,0,0,0,0,0,0,0,0,0,0,0,0,0,0,0,0,0,0,0,0,0,graph_0002__stability_0.8000,stability,0.8,graph_0002,epoch_0005
trace,aodv,0.621288,0.621244,2549,3467,105,1248,2194,0.597222,0.035002,73.747246,360,215,13,57,0,786,1.194444,1248,59510,5.804651,276.790698,0.500000,4.285714,4.000000,5.000000,5.000000;5.000000;4.000000;4.000000;4.000000;4.000000;4.000000,12,0.739130,1,5.000000;5.000000;5.000000;5.000000;5.000000;5.000000,1.611431;nan;0.101057;2.430611;0.005331;nan,5.000000;5.000000;5.000000;5.000000;5.000000;5.000000,0,0,0,0,0,0,0,0,0,0,740,35520,196,10192,138,6624,152,6488,21,630,1,56,0,0,0,0,0,0,graph_0002__stability_0.8000,stability,0.8,graph_0002,epoch_0005
trace,static,0.251846,0.251813,1034,833,105,0,0,0.441667,0.022294,72.448870,360,159,0,0,0,206,0.883333,0,0,0.000000,0.000000,0.500000,4.285714,4.000000,5.000000,5.000000;5.000000;4.000000;4.000000;4.000000;4.000000;4.000000,12,0.739130,1,5.000000;5.000000;5.000000;5.000000;5.000000;5.000000,0.147105;0.122340;0.110033;0.121517;0.141423;0.143917,5.000000;5.000000;5.000000;5.000000;5.000000;5.000000,0,0,0,0,0,0,0,0,0,0,0,0,0,0,0,0,0,0,0,0,0,0,0,0,0,0,0,0,graph_0002__stability_0.8000,stability,0.8,graph_0002,epoch_0005
trace,olsr,0.558066,0.558045,1769,2204,105,543,1156,0.177778,0.014372,59.666461,360,64,24,0,0,533,0.355556,543,40524,8.484375,633.187500,0.500000,4.285714,4.000000,5.000000,5.000000;5.000000;4.000000;4.000000;4.000000;4.000000;4.000000,12,0.739130,1,5.000000;5.000000;5.000000;5.000000;5.000000;5.000000,1.251189;3.211239;0.101057;nan;nan;nan,5.000000;5.000000;5.000000;5.000000;5.000000;5.000000,357,24400,178,15676,0,0,0,0,8,448,0,0,0,0,0,0,0,0,0,0,0,0,0,0,0,0,0,0,graph_0002__stability_0.8000,stability,0.8,graph_0002,epoch_0002
trace,aodv,0.606127,0.606077,2500,3328,105,1230,2099,0.513889,0.030108,71.960557,360,185,30,57,0,742,1.027778,1230,58664,6.648649,317.102703,0.500000,4.285714,4.000000,5.000000,5.000000;5.000000;4.000000;4.000000;4.000000;4.000000;4.000000,12,0.739130,1,5.000000;5.000000;5.000000;5.000000;5.000000;5.000000,1.699992;nan;0.101057;0.006840;0.007799;nan,5.000000;5.000000;5.000000;5.000000;5.000000;5.000000,0,0,0,0,0,0,0,0,0,0,753,36144,173,8996,140,6720,149,6328,14,420,1,56,0,0,0,0,0,0,graph_0002__stability_0.8000,stability,0.8,graph_0002,epoch_0002
trace,static,0.248252,0.248239,1034,834,105,0,0,0.444444,0.022431,72.463257,360,160,0,0,0,203,0.888889,0,0,0.000000,0.000000,0.500000,4.285714,4.000000,5.000000,5.000000;5.000000;4.000000;4.000000;4.000000;4.000000;4.000000,12,0.739130,1,5.000000;5.000000;5.000000;5.000000;5.000000;5.000000,0.145751;0.120300;0.110033;0.112701;0.141423;0.143917,5.000000;5.000000;5.000000;5.000000;5.000000;5.000000,0,0,0,0,0,0,0,0,0,0,0,0,0,0,0,0,0,0,0,0,0,0,0,0,0,0,0,0,graph_0002__stability_0.8000,stability,0.8,graph_0002,epoch_0002
trace,olsr,0.421813,0.421782,1307,1607,105,582,1100,0.161111,0.008274,68.191390,360,58,12,0,0,540,0.322222,582,43720,10.034483,753.793103,0.500000,1.666667,2.000000,2.000000,2.000000;2.000000;2.000000;2.000000;2.000000;2.000000;2.000000;2.000000;2.000000;2.000000;2.000000;2.000000;1.000000;1.000000;1.000000;1.000000;1.000000;1.000000,34,0.833333,1,2.000000;2.000000;2.000000;2.000000;2.000000;2.000000;2.000000;2.000000;2.000000;2.000000;2.000000;2.000000;2.000000;1.000000;1.000000;1.000000;1.000000,0.248540;nan;nan;nan;nan;1.332737;0.118017;nan;0.215185;nan;nan;nan;nan;nan;0.151617;0.290229;nan,2.000000;2.000000;2.000000;2.000000;2.000000;2.000000;2.000000;2.000000;2.000000;2.000000;2.000000;2.000000;2.000000;1.000000;1.000000;1.000000;1.000000,350,22944,232,20776,0,0,0,0,0,0,0,0,0,0,0,0,0,0,0,0,0,0,0,0,0,0,0,0,graph_0001__stability_0.4000,stability,0.4,graph_0001,epoch_0001
trace,aodv,0.690487,0.690450,2763,3425,105,1340,2093,0.552778,0.028133,77.350683,360,199,15,56,0,860,1.105556,1340,64188,6.733668,322.552764,0.500000,1.666667,2.000000,2.000000,2.000000;2.000000;2.000000;2.000000;2.000000;2.000000;2.000000;2.000000;2.000000;2.000000;2.000000;2.000000;1.000000;1.000000;1.000000;1.000000;1.000000;1.000000,34,0.833333,1,2.000000;2.000000;2.000000;2.000000;2.000000;2.000000;2.000000;2.000000;2.000000;2.000000;2.000000;2.000000;2.000000;1.000000;1.000000;1.000000;1.000000,1.714227;0.641495;1.399328;0.157413;nan;nan;nan;0.229786;0.327042;nan;0.047795;nan;0.076181;0.363628;0.003965;0.117697;nan,2.000000;2.000000;2.000000;2.000000;2.000000;2.000000;2.000000;2.000000;2.000000;2.000000;2.000000;2.000000;2.000000;1.000000;1.000000;1.000000;1.000000,0,0,0,0,0,0,0,0,0,0,736,35328,214,11128,236,11328,128,5520,22,660,4,224,0,0,0,0,0,0,graph_0001__stability_0.4000,stability,0.4,graph_0001,epoch_0001
trace,static,0.250838,0.250827,989,777,105,0,0,0.411111,0.021114,72.213478,360,148,0,0,0,255,0.822222,0,0,0.000000,0.000000,0.500000,1.666667,2.000000,2.000000,2.000000;2.000000;2.000000;2.000000;2.000000;2.000000;2.000000;2.000000;2.000000;2.000000;2.000000;2.000000;1.000000;1.000000;1.000000;1.000000;1.000000;1.000000,34,0.833333,1,2.000000;2.000000;2.000000;2.000000;2.000000;2.000000;2.000000;2.000000;2.000000;2.000000;2.000000;2.000000;2.000000;1.000000;1.000000;1.000000;1.000000,0.076134;0.147793;0.082993;0.175157;0.099117;0.030993;0.126993;0.061216;0.155233;0.087313;0.021780;0.124165;0.064593;0.030673;0.151617;0.126673;nan,2.000000;2.000000;2.000000;2.000000;2.000000;2.000000;2.000000;2.000000;2.000000;2.000000;2.000000;2.000000;2.000000;1.000000;1.000000;1.000000;1.000000,0,0,0,0,0,0,0,0,0,0,0,0,0,0,0,0,0,0,0,0,0,0,0,0,0,0,0,0,graph_0001__stability_0.4000,stability,0.4,graph_0001,epoch_0001
trace,olsr,0.451678,0.451553,1406,1696,105,573,1079,0.227778,0.011471,75.246214,360,82,14,0,0,555,0.455556,573,42628,6.987805,519.853659,0.500000,1.666667,2.000000,2.000000,2.000000;2.000000;2.000000;2.000000;2.000000;2.000000;2.000000;2.000000;2.000000;2.000000;2.000000;2.000000;1.000000;1.000000;1.000000;1.000000;1.000000;1.000000,34,0.833333,1,2.000000;2.000000;2.000000;2.000000;2.000000;2.000000;2.000000;2.000000;2.000000;2.000000;2.000000;2.000000;2.000000;1.000000;1.000000;1.000000;1.000000,nan;0.217277;nan;nan;nan;1.169017;0.118017;nan;1.301829;nan;1.257001;nan;nan;0.216905;0.323959;nan;nan,2.000000;2.000000;2.000000;2.000000;2.000000;2.000000;2.000000;2.000000;2.000000;2.000000;2.000000;2.000000;2.000000;1.000000;1.000000;1.000000;1.000000,353,23132,220,19496,0,0,0,0,0,0,0,0,0,0,0,0,0,0,0,0,0,0,0,0,0,0,0,0,graph_0001__stability_0.4000,stability,0.4,graph_0001,epoch_0003
trace,aodv,0.674641,0.674618,2656,3277,105,1386,2093,0.477778,0.024250,77.253319,360,172,46,56,0,918,0.955556,1386,65922,8.058140,383.267442,0.500000,1.666667,2.000000,2.000000,2.000000;2.000000;2.000000;2.000000;2.000000;2.000000;2.000000;2.000000;2.000000;2.000000;2.000000;2.000000;1.000000;1.000000;1.000000;1.000000;1.000000;1.000000,34,0.833333,1,2.000000;2.000000;2.000000;2.000000;2.000000;2.000000;2.000000;2.000000;2.000000;2.000000;2.000000;2.000000;2.000000;1.000000;1.000000;1.000000;1.000000,nan;nan;0.234213;0.157413;nan;0.042894;0.118017;1.636713;1.211757;0.078337;1.569866;0.106213;nan;0.212018;0.654110;nan;nan,2.000000;2.000000;2.000000;2.000000;2.000000;2.000000;2.000000;2.000000;2.000000;2.000000;2.000000;2.000000;2.000000;1.000000;1.000000;1.000000;1.000000,0,0,0,0,0,0,0,0,0,0,725,34800,230,11960,214,10272,192,8088,23,690,2,112,0,0,0,0,0,0,graph_0001__stability_0.4000,stability,0.4,graph_0001,epoch_0003
trace,static,0.250847,0.250764,989,777,105,0,0,0.411111,0.021118,72.213660,360,148,0,0,0,254,0.822222,0,0,0.000000,0.000000,0.500000,1.666667,2.000000,2.000000,2.000000;2.000000;2.000000;2.000000;2.000000;2.000000;2.000000;2.000000;2.000000;2.000000;2.000000;2.000000;1.000000;1.000000;1.000000;1.000000;1.000000;1.000000,34,0.833333,1,2.000000;2.000000;2.000000;2.000000;2.000000;2.000000;2.000000;2.000000;2.000000;2.000000;2.000000;2.000000;2.000000;1.000000;1.000000;1.000000;1.000000,0.081094;0.147793;0.081953;0.169937;0.099117;0.030993;0.126993;0.061336;0.155233;0.087313;0.020784;0.124165;0.064593;0.030673;0.151617;0.126673;nan,2.000000;2.000000;2.000000;2.000000;2.000000;2.000000;2.000000;2.000000;2.000000;2.000000;2.000000;2.000000;2.000000;1.000000;1.000000;1.000000;1.000000,0,0,0,0,0,0,0,0,0,0,0,0,0,0,0,0,0,0,0,0,0,0,0,0,0,0,0,0,graph_0001__stability_0.4000,stability,0.4,graph_0001,epoch_0003
trace,olsr,0.475055,0.475025,1466,1733,105,582,1088,0.211111,0.010631,74.297098,360,76,10,0,0,592,0.422222,582,43524,7.657895,572.684211,0.500000,1.666667,2.000000,2.000000,2.000000;2.000000;2.000000;2.000000;2.000000;2.000000;2.000000;2.000000;2.000000;2.000000;2.000000;2.000000;1.000000;1.000000;1.000000;1.000000;1.000000;1.000000,34,0.833333,1,2.000000;2.000000;2.000000;2.000000;2.000000;2.000000;2.000000;2.000000;2.000000;2.000000;2.000000;2.000000;2.000000;1.000000;1.000000;1.000000;1.000000,1.393694;nan;0.061413;nan;nan;nan;0.299525;nan;1.292773;nan;1.329719;nan;nan;0.258293;0.324079;nan;nan,2.000000;2.000000;2.000000;2.000000;2.000000;2.000000;2.000000;2.000000;2.000000;2.000000;2.000000;2.000000;2.000000;1.000000;1.000000;1.000000;1.000000,348,22848,232,20564,0,0,0,0,2,112,0,0,0,0,0,0,0,0,0,0,0,0,0,0,0,0,0,0,graph_0001__stability_0.4000,stability,0.4,graph_0001,epoch_0004
trace,aodv,0.730232,0.730198,2847,3496,105,1427,2161,0.513889,0.026696,78.696055,360,185,35,56,0,973,1.027778,1427,67840,7.713514,366.702703,0.500000,1.666667,2.000000,2.000000,2.000000;2.000000;2.000000;2.000000;2.000000;2.000000;2.000000;2.000000;2.000000;2.000000;2.000000;2.000000;1.000000;1.000000;1.000000;1.000000;1.000000;1.000000,34,0.833333,1,2.000000;2.000000;2.000000;2.000000;2.000000;2.000000;2.000000;2.000000;2.000000;2.000000;2.000000;2.000000;2.000000;1.000000;1.000000;1.000000;1.000000,nan;nan;0.235908;0.157413;nan;0.198274;1.535151;1.472522;0.498378;0.097607;1.588784;0.106213;0.055617;0.378174;0.012299;0.117697;nan,2.000000;2.000000;2.000000;2.000000;2.000000;2.000000;2.000000;2.000000;2.000000;2.000000;2.000000;2.000000;2.000000;1.000000;1.000000;1.000000;1.000000,0,0,0,0,0,0,0,0,0,0,722,34656,223,11596,261,12528,197,8288,22,660,2,112,0,0,0,0,0,0,graph_0001__stability_0.4000,stability,0.4,graph_0001,epoch_0004
trace,static,0.254183,0.254178,989,777,105,0,0,0.411111,0.021116,72.213703,360,148,0,0,0,251,0.822222,0,0,0.000000,0.000000,0.500000,1.666667,2.000000,2.000000,2.000000;2.000000;2.000000;2.000000;2.000000;2.000000;2.000000;2.000000;2.000000;2.000000;2.000000;2.000000;1.000000;1.000000;1.000000;1.000000;1.000000;1.000000,34,0.833333,1,2.000000;2.000000;2.000000;2.000000;2.000000;2.000000;2.000000;2.000000;2.000000;2.000000;2.000000;2.000000;2.000000;1.000000;1.000000;1.000000;1.000000,0.084994;0.147793;0.081973;0.177137;0.099117;0.030993;0.126993;0.061336;0.155233;0.087313;0.020904;0.124165;0.064593;0.030673;0.151617;0.126673;nan,2.000000;2.000000;2.000000;2.000000;2.000000;2.000000;2.000000;2.000000;2.000000;2.000000;2.000000;2.000000;2.000000;1.000000;1.000000;1.000000;1.000000,0,0,0,0,0,0,0,0,0,0,0,0,0,0,0,0,0,0,0,0,0,0,0,0,0,0,0,0,graph_0001__stability_0.4000,stability,0.4,graph_0001,epoch_0004
trace,olsr,0.438191,0.437733,1322,1591,105,579,1083,0.202778,0.010212,72.007247,360,73,0,0,0,574,0.405556,579,43180,7.931507,591.506849,0.500000,1.666667,2.000000,2.000000,2.000000;2.000000;2.000000;2.000000;2.000000;2.000000;2.000000;2.000000;2.000000;2.000000;2.000000;2.000000;1.000000;1.000000;1.000000;1.000000;1.000000;1.000000,34,0.833333,1,2.000000;2.000000;2.000000;2.000000;2.000000;2.000000;2.000000;2.000000;2.000000;2.000000;2.000000;2.000000;2.000000;1.000000;1.000000;1.000000;1.000000,0.033537;nan;nan;nan;nan;nan;0.299525;nan;1.227175;nan;1.245541;nan;nan;0.234425;0.325909;0.300591;nan,2.000000;2.000000;2.000000;2.000000;2.000000;2.000000;2.000000;2.000000;2.000000;2.000000;2.000000;2.000000;2.000000;1.000000;1.000000;1.000000;1.000000,351,22888,228,20292,0,0,0,0,0,0,0,0,0,0,0,0,0,0,0,0,0,0,0,0,0,0,0,0,graph_0001__stability_0.4000,stability,0.4,graph_0001,epoch_0005
trace,aodv,0.611398,0.610991,2496,3146,105,1336,2052,0.416667,0.021639,80.002047,360,150,32,112,0,827,0.833333,1336,63630,8.906667,424.200000,0.500000,1.666667,2.000000,2.000000,2.000000;2.000000;2.000000;2.000000;2.000000;2.000000;2.000000;2.000000;2.000000;2.000000;2.000000;2.000000;1.000000;1.000000;1.000000;1.000000;1.000000;1.000000,34,0.833333,1,2.000000;2.000000;2.000000;2.000000;2.000000;2.000000;2.000000;2.000000;2.000000;2.000000;2.000000;2.000000;2.000000;1.000000;1.000000;1.000000;1.000000,nan;nan;0.229253;0.157413;1.752293;nan;nan;0.380032;0.006756;nan;0.218743;0.106213;nan;0.214963;0.021203;0.117697;nan,2.000000;2.000000;2.000000;2.000000;2.000000;2.000000;2.000000;2.000000;2.000000;2.000000;2.000000;2.000000;2.000000;1.000000;1.000000;1.000000;1.000000,0,0,0,0,0,0,0,0,0,0,735,35280,210,10920,201,9648,167,7040,21,630,2,112,0,0,0,0,0,0,graph_0001__stability_0.4000,stability,0.4,graph_0001,epoch_0005
trace,static,0.248333,0.248094,986,773,105,0,0,0.408333,0.020975,72.196371,360,147,0,0,0,257,0.816667,0,0,0.000000,0.000000,0.500000,1.666667,2.000000,2.000000,2.000000;2.000000;2.000000;2.000000;2.000000;2.000000;2.000000;2.000000;2.000000;2.000000;2.000000;2.000000;1.000000;1.000000;1.000000;1.000000;1.000000;1.000000,34,0.833333,1,2.000000;2.000000;2.000000;2.000000;2.000000;2.000000;2.000000;2.000000;2.000000;2.000000;2.000000;2.000000;2.000000;1.000000;1.000000;1.000000;1.000000,0.078434;0.147793;0.081407;0.175017;0.099117;0.030993;0.126993;0.052000;0.164129;0.087313;0.029840;0.124165;0.064593;0.030673;0.151617;0.126673;nan,2.000000;2.000000;2.000000;2.000000;2.000000;2.000000;2.000000;2.000000;2.000000;2.000000;2.000000;2.000000;2.000000;1.000000;1.000000;1.000000;1.000000,0,0,0,0,0,0,0,0,0,0,0,0,0,0,0,0,0,0,0,0,0,0,0,0,0,0,0,0,graph_0001__stability_0.4000,stability,0.4,graph_0001,epoch_0005
trace,olsr,0.371602,0.371553,1152,1470,105,574,1077,0.150000,0.007575,74.987988,360,54,0,0,0,455,0.300000,574,42296,10.629630,783.259259,0.500000,1.666667,2.000000,2.000000,2.000000;2.000000;2.000000;2.000000;2.000000;2.000000;2.000000;2.000000;2.000000;2.000000;2.000000;2.000000;1.000000;1.000000;1.000000;1.000000;1.000000;1.000000,34,0.833333,1,2.000000;2.000000;2.000000;2.000000;2.000000;2.000000;2.000000;2.000000;2.000000;2.000000;2.000000;2.000000;2.000000;1.000000;1.000000;1.000000;1.000000,1.227812;nan;nan;1.640949;nan;nan;nan;nan;nan;nan;1.257361;nan;0.228149;nan;0.490625;nan;nan,2.000000;2.000000;2.000000;2.000000;2.000000;2.000000;2.000000;2.000000;2.000000;2.000000;2.000000;2.000000;2.000000;1.000000;1.000000;1.000000;1.000000,352,23072,222,19224,0,0,0,0,0,0,0,0,0,0,0,0,0,0,0,0,0,0,0,0,0,0,0,0,graph_0001__stability_0.4000,stability,0.4,graph_0001,epoch_0002
trace,aodv,0.699958,0.699905,2812,3475,105,1387,2117,0.538889,0.027988,77.610076,360,194,42,57,0,1022,1.077778,1387,65896,7.149485,339.670103,0.500000,1.666667,2.000000,2.000000,2.000000;2.000000;2.000000;2.000000;2.000000;2.000000;2.000000;2.000000;2.000000;2.000000;2.000000;2.000000;1.000000;1.000000;1.000000;1.000000;1.000000;1.000000,34,0.833333,1,2.000000;2.000000;2.000000;2.000000;2.000000;2.000000;2.000000;2.000000;2.000000;2.000000;2.000000;2.000000;2.000000;1.000000;1.000000;1.000000;1.000000,nan;nan;0.396392;0.157413;1.752583;1.611794;1.544063;1.648041;0.146177;nan;0.207203;0.127639;nan;0.212899;0.020499;0.117697;nan,2.000000;2.000000;2.000000;2.000000;2.000000;2.000000;2.000000;2.000000;2.000000;2.000000;2.000000;2.000000;2.000000;1.000000;1.000000;1.000000;1.000000,0,0,0,0,0,0,0,0,0,0,730,35040,217,11284,208,9984,200,8472,26,780,6,336,0,0,0,0,0,0,graph_0001__stability_0.4000,stability,0.4,graph_0001,epoch_0002
trace,static,0.248958,0.248951,989,777,105,0,0,0.411111,0.021116,72.213535,360,148,0,0,0,253,0.822222,0,0,0.000000,0.000000,0.500000,1.666667,2.000000,2.000000,2.000000;2.000000;2.000000;2.000000;2.000000;2.000000;2.000000;2.000000;2.000000;2.000000;2.000000;2.000000;1.000000;1.000000;1.000000;1.000000;1.000000;1.000000,34,0.833333,1,2.000000;2.000000;2.000000;2.000000;2.000000;2.000000;2.000000;2.000000;2.000000;2.000000;2.000000;2.000000;2.000000;1.000000;1.000000;1.000000;1.000000,0.080094;0.147793;0.082073;0.172037;0.099117;0.030993;0.126993;0.061256;0.155233;0.087313;0.020864;0.124165;0.064593;0.030673;0.151617;0.126673;nan,2.000000;2.000000;2.000000;2.000000;2.000000;2.000000;2.000000;2.000000;2.000000;2.000000;2.000000;2.000000;2.000000;1.000000;1.000000;1.000000;1.000000,0,0,0,0,0,0,0,0,0,0,0,0,0,0,0,0,0,0,0,0,0,0,0,0,0,0,0,0,graph_0001__stability_0.4000,stability,0.4,graph_0001,epoch_0002
trace,olsr,0.497099,0.497042,1466,1909,105,549,1220,0.272222,0.013975,72.324738,360,98,10,0,0,671,0.544444,549,41252,5.602041,420.938776,0.500000,1.250000,1.000000,2.000000,2.000000;2.000000;2.000000;2.000000;2.000000;2.000000;1.000000;1.000000;1.000000;1.000000;1.000000;1.000000;1.000000;1.000000;1.000000;1.000000;1.000000;1.000000;1.000000;1.000000;1.000000;1.000000;1.000000;1.000000,46,1.000000,1,2.000000;2.000000;2.000000;2.000000;2.000000;2.000000;2.000000;1.000000;1.000000;1.000000;1.000000;1.000000;1.000000;1.000000;1.000000;1.000000;1.000000;1.000000;1.000000;1.000000;1.000000;1.000000;1.000000,1.219365;1.285109;1.225975;0.157413;1.245159;nan;0.495886;nan;nan;nan;nan;0.218883;nan;nan;0.249187;nan;nan;nan;nan;0.021413;nan;0.289959;nan,2.000000;2.000000;2.000000;2.000000;2.000000;2.000000;2.000000;1.000000;1.000000;1.000000;1.000000;1.000000;1.000000;1.000000;1.000000;1.000000;1.000000;1.000000;1.000000;1.000000;1.000000;1.000000;1.000000,353,24012,196,17240,0,0,0,0,0,0,0,0,0,0,0,0,0,0,0,0,0,0,0,0,0,0,0,0,graph_0002__stability_0.2000,stability,0.2,graph_0002,epoch_0001
trace,aodv,0.758793,0.758735,2895,3878,105,1480,2523,0.561111,0.028274,74.362583,360,202,42,56,0,1021,1.122222,1480,70276,7.326733,347.900990,0.500000,1.250000,1.000000,2.000000,2.000000;2.000000;2.000000;2.000000;2.000000;2.000000;1.000000;1.000000;1.000000;1.000000;1.000000;1.000000;1.000000;1.000000;1.000000;1.000000;1.000000;1.000000;1.000000;1.000000;1.000000;1.000000;1.000000;1.000000,46,1.000000,1,2.000000;2.000000;2.000000;2.000000;2.000000;2.000000;2.000000;1.000000;1.000000;1.000000;1.000000;1.000000;1.000000;1.000000;1.000000;1.000000;1.000000;1.000000;1.000000;1.000000;1.000000;1.000000;1.000000,1.549045;0.173917;0.411259;1.661036;nan;nan;nan;0.101057;0.239689;0.041691;0.024702;0.129501;nan;0.745792;0.238927;0.018695;0.123457;0.414371;nan;0.021413;0.016355;0.158857;nan,2.000000;2.000000;2.000000;2.000000;2.000000;2.000000;2.000000;1.000000;1.000000;1.000000;1.000000;1.000000;1.000000;1.000000;1.000000;1.000000;1.000000;1.000000;1.000000;1.000000;1.000000;1.000000;1.000000,0,0,0,0,0,0,0,0,0,0,705,33840,266,13832,275,13200,203,8448,30,900,1,56,0,0,0,0,0,0,graph_0002__stability_0.2000,stability,0.2,graph_0002,epoch_0001
trace,static,0.254552,0.254533,995,775,105,0,0,0.388889,0.019964,72.362376,360,140,0,0,0,310,0.777778,0,0,0.000000,0.000000,0.500000,1.250000,1.000000,2.000000,2.000000;2.000000;2.000000;2.000000;2.000000;2.000000;1.000000;1.000000;1.000000;1.000000;1.000000;1.000000;1.000000;1.000000;1.000000;1.000000;1.000000;1.000000;1.000000;1.000000;1.000000;1.000000;1.000000;1.000000,46,1.000000,1,2.000000;2.000000;2.000000;2.000000;2.000000;2.000000;2.000000;1.000000;1.000000;1.000000;1.000000;1.000000;1.000000;1.000000;1.000000;1.000000;1.000000;1.000000;1.000000;1.000000;1.000000;1.000000;1.000000,0.067281;0.162447;0.070957;0.166389;0.129862;0.056164;0.134977;0.101057;0.085103;0.032933;0.181089;0.139524;0.095581;0.079613;0.045583;0.166637;0.132433;0.107773;0.073569;0.021433;0.151677;0.135649;nan,2.000000;2.000000;2.000000;2.000000;2.000000;2.000000;2.000000;1.000000;1.000000;1.000000;1.000000;1.000000;1.000000;1.000000;1.000000;1.000000;1.000000;1.000000;1.000000;1.000000;1.000000;1.000000;1.000000,0,0,0,0,0,0,0,0,0,0,0,0,0,0,0,0,0,0,0,0,0,0,0,0,0,0,0,0,graph_0002__stability_0.2000,stability,0.2,graph_0002,epoch_0001
trace,olsr,0.461618,0.461569,1369,1810,105,540,1185,0.263889,0.017879,65.148686,360,95,1,0,0,535,0.527778,540,40744,5.684211,428.884211,0.500000,1.250000,1.000000,2.000000,2.000000;2.000000;2.000000;2.000000;2.000000;2.000000;1.000000;1.000000;1.000000;1.000000;1.000000;1.000000;1.000000;1.000000;1.000000;1.000000;1.000000;1.000000;1.000000;1.000000;1.000000;1.000000;1.000000;1.000000,46,1.000000,1,2.000000;2.000000;2.000000;2.000000;2.000000;2.000000;2.000000;1.000000;1.000000;1.000000;1.000000;1.000000;1.000000;1.000000;1.000000;1.000000;1.000000;1.000000;1.000000;1.000000;1.000000;1.000000;1.000000,1.219205;1.217495;0.061981;0.157413;1.245159;nan;0.155138;nan;0.239689;nan;0.216931;0.219243;nan;nan;0.232777;nan;nan;nan;nan;nan;nan;nan;nan,2.000000;2.000000;2.000000;2.000000;2.000000;2.000000;2.000000;1.000000;1.000000;1.000000;1.000000;1.000000;1.000000;1.000000;1.000000;1.000000;1.000000;1.000000;1.000000;1.000000;1.000000;1.000000;1.000000,357,24320,183,16424,0,0,0,0,0,0,0,0,0,0,0,0,0,0,0,0,0,0,0,0,0,0,0,0,graph_0002__stability_0.2000,stability,0.2,graph_0002,epoch_0003
trace,aodv,0.750799,0.750670,2947,3914,105,1505,2544,0.530556,0.026735,76.632737,360,191,40,57,0,1051,1.061111,1505,71580,7.879581,374.764398,0.500000,1.250000,1.000000,2.000000,2.000000;2.000000;2.000000;2.000000;2.000000;2.000000;1.000000;1.000000;1.000000;1.000000;1.000000;1.000000;1.000000;1.000000;1.000000;1.000000;1.000000;1.000000;1.000000;1.000000;1.000000;1.000000;1.000000;1.000000,46,1.000000,1,2.000000;2.000000;2.000000;2.000000;2.000000;2.000000;2.000000;1.000000;1.000000;1.000000;1.000000;1.000000;1.000000;1.000000;1.000000;1.000000;1.000000;1.000000;1.000000;1.000000;1.000000;1.000000;1.000000,1.539923;0.189833;0.408359;1.691464;nan;nan;nan;0.101057;0.067421;0.032933;0.347984;0.129501;nan;nan;nan;0.585133;0.123457;0.423502;0.258875;0.021413;0.001812;0.146707;nan,2.000000;2.000000;2.000000;2.000000;2.000000;2.000000;2.000000;1.000000;1.000000;1.000000;1.000000;1.000000;1.000000;1.000000;1.000000;1.000000;1.000000;1.000000;1.000000;1.000000;1.000000;1.000000;1.000000,0,0,0,0,0,0,0,0,0,0,702,33696,283,14716,246,11808,230,9728,32,960,12,672,0,0,0,0,0,0,graph_0002__stability_0.2000,stability,0.2,graph_0002,epoch_0003
trace,static,0.256384,0.256376,995,776,105,0,0,0.391667,0.020104,72.450163,360,141,0,0,0,308,0.783333,0,0,0.000000,0.000000,0.500000,1.250000,1.000000,2.000000,2.000000;2.000000;2.000000;2.000000;2.000000;2.000000;1.000000;1.000000;1.000000;1.000000;1.000000;1.000000;1.000000;1.000000;1.000000;1.000000;1.000000;1.000000;1.000000;1.000000;1.000000;1.000000;1.000000;1.000000,46,1.000000,1,2.000000;2.000000;2.000000;2.000000;2.000000;2.000000;2.000000;1.000000;1.000000;1.000000;1.000000;1.000000;1.000000;1.000000;1.000000;1.000000;1.000000;1.000000;1.000000;1.000000;1.000000;1.000000;1.000000,0.061501;0.175009;0.070957;0.166389;0.123366;0.060004;0.134977;0.101057;0.085103;0.032933;0.181089;0.138504;0.095581;0.079613;0.036957;0.166637;0.132433;0.107773;0.073569;0.021433;0.151677;0.135649;nan,2.000000;2.000000;2.000000;2.000000;2.000000;2.000000;2.000000;1.000000;1.000000;1.000000;1.000000;1.000000;1.000000;1.000000;1.000000;1.000000;1.000000;1.000000;1.000000;1.000000;1.000000;1.000000;1.000000,0,0,0,0,0,0,0,0,0,0,0,0,0,0,0,0,0,0,0,0,0,0,0,0,0,0,0,0,graph_0002__stability_0.2000,stability,0.2,graph_0002,epoch_0003
trace,olsr,0.554815,0.554673,1544,1955,105,550,1216,0.286111,0.014688,72.068313,360,103,2,0,0,650,0.572222,550,40828,5.339806,396.388350,0.500000,1.250000,1.000000,2.000000,2.000000;2.000000;2.000000;2.000000;2.000000;2.000000;1.000000;1.000000;1.000000;1.000000;1.000000;1.000000;1.000000;1.000000;1.000000;1.000000;1.000000;1.000000;1.000000;1.000000;1.000000;1.000000;1.000000;1.000000,46,1.000000,1,2.000000;2.000000;2.000000;2.000000;2.000000;2.000000;2.000000;1.000000;1.000000;1.000000;1.000000;1.000000;1.000000;1.000000;1.000000;1.000000;1.000000;1.000000;1.000000;1.000000;1.000000;1.000000;1.000000,1.214005;1.209879;1.225975;0.157413;1.245159;nan;0.335786;nan;nan;0.369319;nan;nan;nan;nan;0.228796;nan;nan;nan;nan;0.021413;nan;0.289959;nan,2.000000;2.000000;2.000000;2.000000;2.000000;2.000000;2.000000;1.000000;1.000000;1.000000;1.000000;1.000000;1.000000;1.000000;1.000000;1.000000;1.000000;1.000000;1.000000;1.000000;1.000000;1.000000;1.000000,352,23932,198,16896,0,0,0,0,0,0,0,0,0,0,0,0,0,0,0,0,0,0,0,0,0,0,0,0,graph_0002__stability_0.2000,stability,0.2,graph_0002,epoch_0004
trace,aodv,0.736078,0.736039,2795,3755,105,1399,2422,0.622222,0.031348,72.690263,360,224,17,56,0,1017,1.244444,1399,66862,6.245536,298.491071,0.500000,1.250000,1.000000,2.000000,2.000000;2.000000;2.000000;2.000000;2.000000;2.000000;1.000000;1.000000;1.000000;1.000000;1.000000;1.000000;1.000000;1.000000;1.000000;1.000000;1.000000;1.000000;1.000000;1.000000;1.000000;1.000000;1.000000;1.000000,46,1.000000,1,2.000000;2.000000;2.000000;2.000000;2.000000;2.000000;2.000000;1.000000;1.000000;1.000000;1.000000;1.000000;1.000000;1.000000;1.000000;1.000000;1.000000;1.000000;1.000000;1.000000;1.000000;1.000000;1.000000,1.541201;0.349027;0.101622;1.668544;0.458327;0.058475;nan;0.101057;0.277600;0.032933;nan;nan;nan;nan;nan;nan;nan;0.089821;0.055617;0.021413;0.151617;0.143787;nan,2.000000;2.000000;2.000000;2.000000;2.000000;2.000000;2.000000;1.000000;1.000000;1.000000;1.000000;1.000000;1.000000;1.000000;1.000000;1.000000;1.000000;1.000000;1.000000;1.000000;1.000000;1.000000;1.000000,0,0,0,0,0,0,0,0,0,0,706,33888,268,13936,232,11136,162,6920,29,870,2,112,0,0,0,0,0,0,graph_0002__stability_0.2000,stability,0.2,graph_0002,epoch_0004
trace,static,0.258964,0.258937,995,777,105,0,0,0.394444,0.020249,72.466587,360,142,0,0,0,312,0.788889,0,0,0.000000,0.000000,0.500000,1.250000,1.000000,2.000000,2.000000;2.000000;2.000000;2.000000;2.000000;2.000000;1.000000;1.000000;1.000000;1.000000;1.000000;1.000000;1.000000;1.000000;1.000000;1.000000;1.000000;1.000000;1.000000;1.000000;1.000000;1.000000;1.000000;1.000000,46,1.000000,1,2.000000;2.000000;2.000000;2.000000;2.000000;2.000000;2.000000;1.000000;1.000000;1.000000;1.000000;1.000000;1.000000;1.000000;1.000000;1.000000;1.000000;1.000000;1.000000;1.000000;1.000000;1.000000;1.000000,0.075261;0.182089;0.070957;0.166389;0.129102;0.054100;0.134977;0.101057;0.085103;0.032933;0.181089;0.137624;0.095581;0.079613;0.036957;0.166637;0.132433;0.107773;0.073569;0.021433;0.151677;0.135649;nan,2.000000;2.000000;2.000000;2.000000;2.000000;2.000000;2.000000;1.000000;1.000000;1.000000;1.000000;1.000000;1.000000;1.000000;1.000000;1.000000;1.000000;1.000000;1.000000;1.000000;1.000000;1.000000;1.000000,0,0,0,0,0,0,0,0,0,0,0,0,0,0,0,0,0,0,0,0,0,0,0,0,0,0,0,0,graph_0002__stability_0.2000,stability,0.2,graph_0002,epoch_0004
trace,olsr,0.488848,0.488821,1454,1857,105,540,1177,0.233333,0.012189,71.026505,360,84,5,0,0,597,0.466667,540,40148,6.428571,477.952381,0.500000,1.250000,1.000000,2.000000,2.000000;2.000000;2.000000;2.000000;2.000000;2.000000;1.000000;1.000000;1.000000;1.000000;1.000000;1.000000;1.000000;1.000000;1.000000;1.000000;1.000000;1.000000;1.000000;1.000000;1.000000;1.000000;1.000000;1.000000,46,1.000000,1,2.000000;2.000000;2.000000;2.000000;2.000000;2.000000;2.000000;1.000000;1.000000;1.000000;1.000000;1.000000;1.000000;1.000000;1.000000;1.000000;1.000000;1.000000;1.000000;1.000000;1.000000;1.000000;1.000000,1.233545;1.285109;0.061981;1.468133;1.245159;nan;0.328360;nan;nan;0.533159;nan;0.301769;nan;nan;0.215117;nan;nan;nan;nan;0.021413;nan;nan;nan,2.000000;2.000000;2.000000;2.000000;2.000000;2.000000;2.000000;1.000000;1.000000;1.000000;1.000000;1.000000;1.000000;1.000000;1.000000;1.000000;1.000000;1.000000;1.000000;1.000000;1.000000;1.000000;1.000000,354,24112,184,15924,0,0,0,0,2,112,0,0,0,0,0,0,0,0,0,0,0,0,0,0,0,0,0,0,graph_0002__stability_0.2000,stability,0.2,graph_0002,epoch_0005
trace,aodv,0.785747,0.785664,2983,3944,105,1538,2578,0.569444,0.028701,75.634698,360,205,19,57,0,1409,1.138889,1538,73448,7.502439,358.282927,0.500000,1.250000,1.000000,2.000000,2.000000;2.000000;2.000000;2.000000;2.000000;2.000000;1.000000;1.000000;1.000000;1.000000;1.000000;1.000000;1.000000;1.000000;1.000000;1.000000;1.000000;1.000000;1.000000;1.000000;1.000000;1.000000;1.000000;1.000000,46,1.000000,1,2.000000;2.000000;2.000000;2.000000;2.000000;2.000000;2.000000;1.000000;1.000000;1.000000;1.000000;1.000000;1.000000;1.000000;1.000000;1.000000;1.000000;1.000000;1.000000;1.000000;1.000000;1.000000;1.000000,1.542938;0.356088;0.589642;1.661700;nan;nan;nan;0.101057;0.067421;0.032933;0.349944;0.129501;0.095581;0.124007;0.219863;0.015979;0.123457;0.216307;0.209456;0.050351;0.173806;0.140311;nan,2.000000;2.000000;2.000000;2.000000;2.000000;2.000000;2.000000;1.000000;1.000000;1.000000;1.000000;1.000000;1.000000;1.000000;1.000000;1.000000;1.000000;1.000000;1.000000;1.000000;1.000000;1.000000;1.000000,0,0,0,0,0,0,0,0,0,0,704,33792,290,15080,318,15264,189,8072,32,960,5,280,0,0,0,0,0,0,graph_0002__stability_0.2000,stability,0.2,graph_0002,epoch_0005
trace,static,0.253283,0.253255,995,776,105,0,0,0.391667,0.020109,72.379425,360,141,0,0,0,311,0.783333,0,0,0.000000,0.000000,0.500000,1.250000,1.000000,2.000000,2.000000;2.000000;2.000000;2.000000;2.000000;2.000000;1.000000;1.000000;1.000000;1.000000;1.000000;1.000000;1.000000;1.000000;1.000000;1.000000;1.000000;1.000000;1.000000;1.000000;1.000000;1.000000;1.000000;1.000000,46,1.000000,1,2.000000;2.000000;2.000000;2.000000;2.000000;2.000000;2.000000;1.000000;1.000000;1.000000;1.000000;1.000000;1.000000;1.000000;1.000000;1.000000;1.000000;1.000000;1.000000;1.000000;1.000000;1.000000;1.000000,0.058015;0.178889;0.070957;0.166389;0.125476;0.055840;0.134977;0.101057;0.085103;0.032933;0.181089;0.137604;0.095581;0.079613;0.045583;0.166637;0.132433;0.107773;0.073569;0.021433;0.151677;0.135649;nan,2.000000;2.000000;2.000000;2.000000;2.000000;2.000000;2.000000;1.000000;1.000000;1.000000;1.000000;1.000000;1.000000;1.000000;1.000000;1.000000;1.000000;1.000000;1.000000;1.000000;1.000000;1.000000;1.000000,0,0,0,0,0,0,0,0,0,0,0,0,0,0,0,0,0,0,0,0,0,0,0,0,0,0,0,0,graph_0002__stability_0.2000,stability,0.2,graph_0002,epoch_0005
trace,olsr,0.472833,0.472774,1349,1752,105,534,1184,0.233333,0.011711,69.259245,360,84,0,0,0,592,0.466667,534,39692,6.357143,472.523810,0.500000,1.250000,1.000000,2.000000,2.000000;2.000000;2.000000;2.000000;2.000000;2.000000;1.000000;1.000000;1.000000;1.000000;1.000000;1.000000;1.000000;1.000000;1.000000;1.000000;1.000000;1.000000;1.000000;1.000000;1.000000;1.000000;1.000000;1.000000,46,1.000000,1,2.000000;2.000000;2.000000;2.000000;2.000000;2.000000;2.000000;1.000000;1.000000;1.000000;1.000000;1.000000;1.000000;1.000000;1.000000;1.000000;1.000000;1.000000;1.000000;1.000000;1.000000;1.000000;1.000000,1.234665;1.285109;1.225975;0.157413;1.245159;nan;0.494326;nan;nan;nan;0.537120;0.310455;nan;nan;0.226077;nan;nan;nan;0.418715;nan;nan;0.290229;nan,2.000000;2.000000;2.000000;2.000000;2.000000;2.000000;2.000000;1.000000;1.000000;1.000000;1.000000;1.000000;1.000000;1.000000;1.000000;1.000000;1.000000;1.000000;1.000000;1.000000;1.000000;1.000000;1.000000,358,24360,176,15332,0,0,0,0,0,0,0,0,0,0,0,0,0,0,0,0,0,0,0,0,0,0,0,0,graph_0002__stability_0.2000,stability,0.2,graph_0002,epoch_0002
trace,aodv,0.719729,0.719679,2796,3673,105,1365,2310,0.588889,0.029673,75.676474,360,212,23,57,0,1111,1.177778,1365,64974,6.438679,306.481132,0.500000,1.250000,1.000000,2.000000,2.000000;2.000000;2.000000;2.000000;2.000000;2.000000;1.000000;1.000000;1.000000;1.000000;1.000000;1.000000;1.000000;1.000000;1.000000;1.000000;1.000000;1.000000;1.000000;1.000000;1.000000;1.000000;1.000000;1.000000,46,1.000000,1,2.000000;2.000000;2.000000;2.000000;2.000000;2.000000;2.000000;1.000000;1.000000;1.000000;1.000000;1.000000;1.000000;1.000000;1.000000;1.000000;1.000000;1.000000;1.000000;1.000000;1.000000;1.000000;1.000000,1.542278;0.347838;0.409452;1.670916;nan;nan;nan;0.101057;0.239689;0.032933;nan;nan;nan;nan;nan;nan;nan;0.089821;0.210441;0.044532;0.164288;0.143129;nan,2.000000;2.000000;2.000000;2.000000;2.000000;2.000000;2.000000;1.000000;1.000000;1.000000;1.000000;1.000000;1.000000;1.000000;1.000000;1.000000;1.000000;1.000000;1.000000;1.000000;1.000000;1.000000;1.000000,0,0,0,0,0,0,0,0,0,0,719,34512,229,11908,224,10752,164,6880,27,810,2,112,0,0,0,0,0,0,graph_0002__stability_0.2000,stability,0.2,graph_0002,epoch_0002
trace,static,0.254292,0.254217,994,774,105,0,0,0.388889,0.019963,72.362544,360,140,0,0,0,310,0.777778,0,0,0.000000,0.000000,0.500000,1.250000,1.000000,2.000000,2.000000;2.000000;2.000000;2.000000;2.000000;2.000000;1.000000;1.000000;1.000000;1.000000;1.000000;1.000000;1.000000;1.000000;1.000000;1.000000;1.000000;1.000000;1.000000;1.000000;1.000000;1.000000;1.000000;1.000000,46,1.000000,1,2.000000;2.000000;2.000000;2.000000;2.000000;2.000000;2.000000;1.000000;1.000000;1.000000;1.000000;1.000000;1.000000;1.000000;1.000000;1.000000;1.000000;1.000000;1.000000;1.000000;1.000000;1.000000;1.000000,0.079001;0.177409;0.070957;0.166389;0.126242;0.058184;0.134977;0.101057;0.085103;0.032933;0.181089;0.138644;0.095581;0.079613;0.045773;0.166637;0.132433;0.107773;0.073569;0.021433;0.151677;0.135649;nan,2.000000;2.000000;2.000000;2.000000;2.000000;2.000000;2.000000;1.000000;1.000000;1.000000;1.000000;1.000000;1.000000;1.000000;1.000000;1.000000;1.000000;1.000000;1.000000;1.000000;1.000000;1.000000;1.000000,0,0,0,0,0,0,0,0,0,0,0,0,0,0,0,0,0,0,0,0,0,0,0,0,0,0,0,0,graph_0002__stability_0.2000,stability,0.2,graph_0002,epoch_0002
trace,olsr,0.470577,0.470085,1351,1531,105,527,973,0.172222,0.008996,72.886614,360,62,5,0,0,639,0.344444,527,37300,8.500000,601.612903,0.500000,1.250000,1.000000,2.000000,2.000000;2.000000;2.000000;2.000000;2.000000;2.000000;1.000000;1.000000;1.000000;1.000000;1.000000;1.000000;1.000000;1.000000;1.000000;1.000000;1.000000;1.000000;1.000000;1.000000;1.000000;1.000000;1.000000;1.000000,46,0.666667,1,2.000000;2.000000;2.000000;2.000000;2.000000;2.000000;2.000000;1.000000;1.000000;1.000000;1.000000;1.000000;1.000000;1.000000;1.000000;1.000000;1.000000;1.000000;1.000000;1.000000;1.000000;1.000000;1.000000,1.234131;nan;0.061697;1.332687;nan;nan;nan;0.273319;0.241015;0.230237;nan;nan;nan;nan;nan;0.242311;nan;nan;0.246101;nan;nan;nan;nan,2.000000;2.000000;2.000000;2.000000;2.000000;2.000000;2.000000;1.000000;1.000000;1.000000;1.000000;1.000000;1.000000;1.000000;1.000000;1.000000;1.000000;1.000000;1.000000;1.000000;1.000000;1.000000;1.000000,368,23672,159,13628,0,0,0,0,0,0,0,0,0,0,0,0,0,0,0,0,0,0,0,0,0,0,0,0,graph_0005__stability_0.2000,stability,0.2,graph_0005,epoch_0001
trace,aodv,0.646200,0.645346,2568,3105,105,1320,1937,0.402778,0.020759,76.268924,360,145,23,112,0,1089,0.805556,1320,62678,9.103448,432.262069,0.500000,1.250000,1.000000,2.000000,2.000000;2.000000;2.000000;2.000000;2.000000;2.000000;1.000000;1.000000;1.000000;1.000000;1.000000;1.000000;1.000000;1.000000;1.000000;1.000000;1.000000;1.000000;1.000000;1.000000;1.000000;1.000000;1.000000;1.000000,46,0.666667,1,2.000000;2.000000;2.000000;2.000000;2.000000;2.000000;2.000000;1.000000;1.000000;1.000000;1.000000;1.000000;1.000000;1.000000;1.000000;1.000000;1.000000;1.000000;1.000000;1.000000;1.000000;1.000000;1.000000,0.228922;nan;nan;0.250816;0.565900;nan;0.157364;0.101057;0.067137;0.070408;0.032251;0.010997;0.095297;nan;nan;nan;nan;nan;0.240631;0.228363;0.509396;0.117981;nan,2.000000;2.000000;2.000000;2.000000;2.000000;2.000000;2.000000;1.000000;1.000000;1.000000;1.000000;1.000000;1.000000;1.000000;1.000000;1.000000;1.000000;1.000000;1.000000;1.000000;1.000000;1.000000;1.000000,0,0,0,0,0,0,0,0,0,0,722,34656,202,10504,190,9120,187,7776,17,510,2,112,0,0,0,0,0,0,graph_0005__stability_0.2000,stability,0.2,graph_0005,epoch_0001
trace,static,0.256762,0.256308,1012,791,105,0,0,0.386111,0.019823,72.954785,360,139,0,0,0,325,0.772222,0,0,0.000000,0.000000,0.500000,1.250000,1.000000,2.000000,2.000000;2.000000;2.000000;2.000000;2.000000;2.000000;1.000000;1.000000;1.000000;1.000000;1.000000;1.000000;1.000000;1.000000;1.000000;1.000000;1.000000;1.000000;1.000000;1.000000;1.000000;1.000000;1.000000;1.000000,46,0.666667,1,2.000000;2.000000;2.000000;2.000000;2.000000;2.000000;2.000000;1.000000;1.000000;1.000000;1.000000;1.000000;1.000000;1.000000;1.000000;1.000000;1.000000;1.000000;1.000000;1.000000;1.000000;1.000000;1.000000,0.061507;0.164311;0.070673;0.166673;0.121902;0.032404;0.143953;0.101057;0.076113;0.051453;0.172397;0.138761;0.095297;0.070717;0.036797;0.166637;0.141693;0.089821;0.064613;0.030957;0.151901;0.135933;nan,2.000000;2.000000;2.000000;2.000000;2.000000;2.000000;2.000000;1.000000;1.000000;1.000000;1.000000;1.000000;1.000000;1.000000;1.000000;1.000000;1.000000;1.000000;1.000000;1.000000;1.000000;1.000000;1.000000,0,0,0,0,0,0,0,0,0,0,0,0,0,0,0,0,0,0,0,0,0,0,0,0,0,0,0,0,graph_0005__stability_0.2000,stability,0.2,graph_0005,epoch_0001
trace,olsr,0.437009,0.436994,1240,1405,105,518,947,0.136111,0.007109,76.748579,360,49,20,0,0,631,0.272222,518,36380,10.571429,742.448980,0.500000,1.250000,1.000000,2.000000,2.000000;2.000000;2.000000;2.000000;2.000000;2.000000;1.000000;1.000000;1.000000;1.000000;1.000000;1.000000;1.000000;1.000000;1.000000;1.000000;1.000000;1.000000;1.000000;1.000000;1.000000;1.000000;1.000000;1.000000,46,0.666667,1,2.000000;2.000000;2.000000;2.000000;2.000000;2.000000;2.000000;1.000000;1.000000;1.000000;1.000000;1.000000;1.000000;1.000000;1.000000;1.000000;1.000000;1.000000;1.000000;1.000000;1.000000;1.000000;1.000000,1.234851;nan;0.452946;nan;nan;nan;nan;0.273319;nan;nan;nan;nan;nan;nan;nan;0.235231;nan;0.274761;0.237125;nan;nan;nan;nan,2.000000;2.000000;2.000000;2.000000;2.000000;2.000000;2.000000;1.000000;1.000000;1.000000;1.000000;1.000000;1.000000;1.000000;1.000000;1.000000;1.000000;1.000000;1.000000;1.000000;1.000000;1.000000;1.000000,367,23600,151,12780,0,0,0,0,0,0,0,0,0,0,0,0,0,0,0,0,0,0,0,0,0,0,0,0,graph_0005__stability_0.2000,stability,0.2,graph_0005,epoch_0003
trace,aodv,0.752147,0.752017,2921,3482,105,1444,2100,0.519444,0.026767,77.759277,360,187,22,56,0,1174,1.038889,1444,68954,7.721925,368.737968,0.500000,1.250000,1.000000,2.000000,2.000000;2.000000;2.000000;2.000000;2.000000;2.000000;1.000000;1.000000;1.000000;1.000000;1.000000;1.000000;1.000000;1.000000;1.000000;1.000000;1.000000;1.000000;1.000000;1.000000;1.000000;1.000000;1.000000;1.000000,46,0.666667,1,2.000000;2.000000;2.000000;2.000000;2.000000;2.000000;2.000000;1.000000;1.000000;1.000000;1.000000;1.000000;1.000000;1.000000;1.000000;1.000000;1.000000;1.000000;1.000000;1.000000;1.000000;1.000000;1.000000,0.071335;nan;nan;0.276464;1.617945;nan;nan;nan;0.266673;0.271482;0.186311;0.490967;nan;0.091722;0.227595;nan;0.656438;0.211999;0.712073;0.367630;0.188524;0.117981;nan,2.000000;2.000000;2.000000;2.000000;2.000000;2.000000;2.000000;1.000000;1.000000;1.000000;1.000000;1.000000;1.000000;1.000000;1.000000;1.000000;1.000000;1.000000;1.000000;1.000000;1.000000;1.000000;1.000000,0,0,0,0,0,0,0,0,0,0,704,33792,260,13520,270,12960,178,7592,27,810,5,280,0,0,0,0,0,0,graph_0005__stability_0.2000,stability,0.2,graph_0005,epoch_0003
trace,static,0.256879,0.256870,1009,787,105,0,0,0.383333,0.019677,72.941683,360,138,0,0,0,325,0.766667,0,0,0.000000,0.000000,0.500000,1.250000,1.000000,2.000000,2.000000;2.000000;2.000000;2.000000;2.000000;2.000000;1.000000;1.000000;1.000000;1.000000;1.000000;1.000000;1.000000;1.000000;1.000000;1.000000;1.000000;1.000000;1.000000;1.000000;1.000000;1.000000;1.000000;1.000000,46,0.666667,1,2.000000;2.000000;2.000000;2.000000;2.000000;2.000000;2.000000;1.000000;1.000000;1.000000;1.000000;1.000000;1.000000;1.000000;1.000000;1.000000;1.000000;1.000000;1.000000;1.000000;1.000000;1.000000;1.000000,0.056507;0.166071;0.070673;0.166673;0.123142;0.037220;0.143953;0.101057;0.076113;0.051453;0.172397;0.138761;0.095297;0.070717;0.036797;0.166637;0.141693;0.089821;0.064613;0.030957;0.151901;0.135933;nan,2.000000;2.000000;2.000000;2.000000;2.000000;2.000000;2.000000;1.000000;1.000000;1.000000;1.000000;1.000000;1.000000;1.000000;1.000000;1.000000;1.000000;1.000000;1.000000;1.000000;1.000000;1.000000;1.000000,0,0,0,0,0,0,0,0,0,0,0,0,0,0,0,0,0,0,0,0,0,0,0,0,0,0,0,0,graph_0005__stability_0.2000,stability,0.2,graph_0005,epoch_0003
trace,olsr,0.387787,0.387724,1239,1394,105,522,942,0.163889,0.009556,69.931109,360,59,6,0,0,592,0.327778,522,37108,8.847458,628.949153,0.500000,1.250000,1.000000,2.000000,2.000000;2.000000;2.000000;2.000000;2.000000;2.000000;1.000000;1.000000;1.000000;1.000000;1.000000;1.000000;1.000000;1.000000;1.000000;1.000000;1.000000;1.000000;1.000000;1.000000;1.000000;1.000000;1.000000;1.000000,46,0.666667,1,2.000000;2.000000;2.000000;2.000000;2.000000;2.000000;2.000000;1.000000;1.000000;1.000000;1.000000;1.000000;1.000000;1.000000;1.000000;1.000000;1.000000;1.000000;1.000000;1.000000;1.000000;1.000000;1.000000,1.246713;nan;0.061697;0.157697;nan;nan;nan;0.273319;nan;nan;nan;nan;nan;nan;nan;0.225551;nan;0.262069;nan;nan;nan;nan;nan,2.000000;2.000000;2.000000;2.000000;2.000000;2.000000;2.000000;1.000000;1.000000;1.000000;1.000000;1.000000;1.000000;1.000000;1.000000;1.000000;1.000000;1.000000;1.000000;1.000000;1.000000;1.000000;1.000000,365,23448,157,13660,0,0,0,0,0,0,0,0,0,0,0,0,0,0,0,0,0,0,0,0,0,0,0,0,graph_0005__stability_0.2000,stability,0.2,graph_0005,epoch_0004
trace,aodv,0.734237,0.734162,2862,3400,105,1428,2085,0.455556,0.023476,77.538936,360,164,22,56,0,1167,0.911111,1428,67790,8.707317,413.353659,0.500000,1.250000,1.000000,2.000000,2.000000;2.000000;2.000000;2.000000;2.000000;2.000000;1.000000;1.000000;1.000000;1.000000;1.000000;1.000000;1.000000;1.000000;1.000000;1.000000;1.000000;1.000000;1.000000;1.000000;1.000000;1.000000;1.000000;1.000000,46,0.666667,1,2.000000;2.000000;2.000000;2.000000;2.000000;2.000000;2.000000;1.000000;1.000000;1.000000;1.000000;1.000000;1.000000;1.000000;1.000000;1.000000;1.000000;1.000000;1.000000;1.000000;1.000000;1.000000;1.000000,0.066391;nan;nan;0.427396;1.615840;nan;nan;nan;0.282866;nan;nan;0.024873;nan;0.102642;0.065222;nan;0.138791;0.298048;0.084790;0.217631;0.330676;0.117981;nan,2.000000;2.000000;2.000000;2.000000;2.000000;2.000000;2.000000;1.000000;1.000000;1.000000;1.000000;1.000000;1.000000;1.000000;1.000000;1.000000;1.000000;1.000000;1.000000;1.000000;1.000000;1.000000;1.000000,0,0,0,0,0,0,0,0,0,0,708,33984,247,12844,231,11088,213,8952,27,810,2,112,0,0,0,0,0,0,graph_0005__stability_0.2000,stability,0.2,graph_0005,epoch_0004
trace,static,0.253751,0.253730,1007,785,105,0,0,0.383333,0.019675,72.659087,360,138,0,0,0,329,0.766667,0,0,0.000000,0.000000,0.500000,1.250000,1.000000,2.000000,2.000000;2.000000;2.000000;2.000000;2.000000;2.000000;1.000000;1.000000;1.000000;1.000000;1.000000;1.000000;1.000000;1.000000;1.000000;1.000000;1.000000;1.000000;1.000000;1.000000;1.000000;1.000000;1.000000;1.000000,46,0.666667,1,2.000000;2.000000;2.000000;2.000000;2.000000;2.000000;2.000000;1.000000;1.000000;1.000000;1.000000;1.000000;1.000000;1.000000;1.000000;1.000000;1.000000;1.000000;1.000000;1.000000;1.000000;1.000000;1.000000,0.053651;0.168431;0.070673;0.166673;0.123102;0.039160;0.143953;0.101057;0.076113;0.051453;0.172397;0.138761;0.095297;0.079613;0.036717;0.166637;0.141693;0.089821;0.064613;0.030957;0.151901;0.135933;nan,2.000000;2.000000;2.000000;2.000000;2.000000;2.000000;2.000000;1.000000;1.000000;1.000000;1.000000;1.000000;1.000000;1.000000;1.000000;1.000000;1.000000;1.000000;1.000000;1.000000;1.000000;1.000000;1.000000,0,0,0,0,0,0,0,0,0,0,0,0,0,0,0,0,0,0,0,0,0,0,0,0,0,0,0,0,graph_0005__stability_0.2000,stability,0.2,graph_0005,epoch_0004
trace,olsr,0.480892,0.480870,1420,1604,105,529,969,0.216667,0.011122,76.639588,360,78,21,0,0,709,0.433333,529,37128,6.782051,476.000000,0.500000,1.250000,1.000000,2.000000,2.000000;2.000000;2.000000;2.000000;2.000000;2.000000;1.000000;1.000000;1.000000;1.000000;1.000000;1.000000;1.000000;1.000000;1.000000;1.000000;1.000000;1.000000;1.000000;1.000000;1.000000;1.000000;1.000000;1.000000,46,0.666667,1,2.000000;2.000000;2.000000;2.000000;2.000000;2.000000;2.000000;1.000000;1.000000;1.000000;1.000000;1.000000;1.000000;1.000000;1.000000;1.000000;1.000000;1.000000;1.000000;1.000000;1.000000;1.000000;1.000000,1.220111;nan;1.133914;0.157697;1.260628;nan;nan;nan;0.246649;0.227835;nan;nan;nan;nan;0.228235;0.247553;nan;0.262069;0.410035;0.358283;nan;0.445377;nan,2.000000;2.000000;2.000000;2.000000;2.000000;2.000000;2.000000;1.000000;1.000000;1.000000;1.000000;1.000000;1.000000;1.000000;1.000000;1.000000;1.000000;1.000000;1.000000;1.000000;1.000000;1.000000;1.000000,366,23520,163,13608,0,0,0,0,0,0,0,0,0,0,0,0,0,0,0,0,0,0,0,0,0,0,0,0,graph_0005__stability_0.2000,stability,0.2,graph_0005,epoch_0005
trace,aodv,0.761134,0.761048,2959,3542,105,1440,2105,0.530556,0.026736,78.387302,360,191,31,56,0,1107,1.061111,1440,68194,7.539267,357.036649,0.500000,1.250000,1.000000,2.000000,2.000000;2.000000;2.000000;2.000000;2.000000;2.000000;1.000000;1.000000;1.000000;1.000000;1.000000;1.000000;1.000000;1.000000;1.000000;1.000000;1.000000;1.000000;1.000000;1.000000;1.000000;1.000000;1.000000;1.000000,46,0.666667,1,2.000000;2.000000;2.000000;2.000000;2.000000;2.000000;2.000000;1.000000;1.000000;1.000000;1.000000;1.000000;1.000000;1.000000;1.000000;1.000000;1.000000;1.000000;1.000000;1.000000;1.000000;1.000000;1.000000,0.063671;nan;nan;0.258708;1.658498;nan;nan;nan;0.750148;0.248604;0.025211;0.009892;0.095297;0.285090;0.217659;nan;0.580443;0.416933;0.710125;0.694570;0.336948;0.630429;nan,2.000000;2.000000;2.000000;2.000000;2.000000;2.000000;2.000000;1.000000;1.000000;1.000000;1.000000;1.000000;1.000000;1.000000;1.000000;1.000000;1.000000;1.000000;1.000000;1.000000;1.000000;1.000000;1.000000,0,0,0,0,0,0,0,0,0,0,704,33792,243,12636,227,10896,236,9840,25,750,5,280,0,0,0,0,0,0,graph_0005__stability_0.2000,stability,0.2,graph_0005,epoch_0005
trace,static,0.258773,0.258743,1013,793,105,0,0,0.388889,0.019963,72.760506,360,140,0,0,0,325,0.777778,0,0,0.000000,0.000000,0.500000,1.250000,1.000000,2.000000,2.000000;2.000000;2.000000;2.000000;2.000000;2.000000;1.000000;1.000000;1.000000;1.000000;1.000000;1.000000;1.000000;1.000000;1.000000;1.000000;1.000000;1.000000;1.000000;1.000000;1.000000;1.000000;1.000000;1.000000,46,0.666667,1,2.000000;2.000000;2.000000;2.000000;2.000000;2.000000;2.000000;1.000000;1.000000;1.000000;1.000000;1.000000;1.000000;1.000000;1.000000;1.000000;1.000000;1.000000;1.000000;1.000000;1.000000;1.000000;1.000000,0.061607;0.168545;0.070673;0.166673;0.123002;0.032404;0.143953;0.101057;0.076113;0.051453;0.172397;0.138761;0.095297;0.070717;0.036797;0.166637;0.141693;0.089821;0.064613;0.030957;0.151901;0.135933;nan,2.000000;2.000000;2.000000;2.000000;2.000000;2.000000;2.000000;1.000000;1.000000;1.000000;1.000000;1.000000;1.000000;1.000000;1.000000;1.000000;1.000000;1.000000;1.000000;1.000000;1.000000;1.000000;1.000000,0,0,0,0,0,0,0,0,0,0,0,0,0,0,0,0,0,0,0,0,0,0,0,0,0,0,0,0,graph_0005__stability_0.2000,stability,0.2,graph_0005,epoch_0005
trace,olsr,0.489904,0.489867,1430,1584,105,531,963,0.200000,0.010446,74.238703,360,72,0,0,0,675,0.400000,531,37600,7.375000,522.222222,0.500000,1.250000,1.000000,2.000000,2.000000;2.000000;2.000000;2.000000;2.000000;2.000000;1.000000;1.000000;1.000000;1.000000;1.000000;1.000000;1.000000;1.000000;1.000000;1.000000;1.000000;1.000000;1.000000;1.000000;1.000000;1.000000;1.000000;1.000000,46,0.666667,1,2.000000;2.000000;2.000000;2.000000;2.000000;2.000000;2.000000;1.000000;1.000000;1.000000;1.000000;1.000000;1.000000;1.000000;1.000000;1.000000;1.000000;1.000000;1.000000;1.000000;1.000000;1.000000;1.000000,1.221691;nan;nan;0.157697;1.254419;0.358953;nan;0.282295;0.239669;0.224677;nan;nan;nan;nan;nan;0.243131;nan;0.262069;0.246101;nan;nan;nan;nan,2.000000;2.000000;2.000000;2.000000;2.000000;2.000000;2.000000;1.000000;1.000000;1.000000;1.000000;1.000000;1.000000;1.000000;1.000000;1.000000;1.000000;1.000000;1.000000;1.000000;1.000000;1.000000;1.000000,365,23424,166,14176,0,0,0,0,0,0,0,0,0,0,0,0,0,0,0,0,0,0,0,0,0,0,0,0,graph_0005__stability_0.2000,stability,0.2,graph_0005,epoch_0002
trace,aodv,0.572540,0.572399,2373,2995,105,1327,2005,0.330556,0.017039,75.211091,360,119,15,170,0,759,0.661111,1327,63002,11.151261,529.428571,0.500000,1.250000,1.000000,2.000000,2.000000;2.000000;2.000000;2.000000;2.000000;2.000000;1.000000;1.000000;1.000000;1.000000;1.000000;1.000000;1.000000;1.000000;1.000000;1.000000;1.000000;1.000000;1.000000;1.000000;1.000000;1.000000;1.000000;1.000000,46,0.666667,1,2.000000;2.000000;2.000000;2.000000;2.000000;2.000000;2.000000;1.000000;1.000000;1.000000;1.000000;1.000000;1.000000;1.000000;1.000000;1.000000;1.000000;1.000000;1.000000;1.000000;1.000000;1.000000;1.000000,nan;nan;0.554819;0.157697;nan;nan;nan;0.101057;0.250749;0.248353;0.205572;0.005962;0.095297;0.284174;0.217040;nan;nan;nan;nan;0.451156;0.185886;0.117981;nan,2.000000;2.000000;2.000000;2.000000;2.000000;2.000000;2.000000;1.000000;1.000000;1.000000;1.000000;1.000000;1.000000;1.000000;1.000000;1.000000;1.000000;1.000000;1.000000;1.000000;1.000000;1.000000;1.000000,0,0,0,0,0,0,0,0,0,0,734,35232,193,10036,197,9456,180,7536,21,630,2,112,0,0,0,0,0,0,graph_0005__stability_0.2000,stability,0.2,graph_0005,epoch_0002
trace,static,0.257046,0.257030,1012,790,105,0,0,0.383333,0.019679,72.869307,360,138,0,0,0,323,0.766667,0,0,0.000000,0.000000,0.500000,1.250000,1.000000,2.000000,2.000000;2.000000;2.000000;2.000000;2.000000;2.000000;1.000000;1.000000;1.000000;1.000000;1.000000;1.000000;1.000000;1.000000;1.000000;1.000000;1.000000;1.000000;1.000000;1.000000;1.000000;1.000000;1.000000;1.000000,46,0.666667,1,2.000000;2.000000;2.000000;2.000000;2.000000;2.000000;2.000000;1.000000;1.000000;1.000000;1.000000;1.000000;1.000000;1.000000;1.000000;1.000000;1.000000;1.000000;1.000000;1.000000;1.000000;1.000000;1.000000,0.058527;0.166351;0.070673;0.166673;0.122162;0.034400;0.143953;0.101057;0.076113;0.051453;0.172397;0.138761;0.095297;0.070717;0.045423;0.166637;0.141693;0.089821;0.064613;0.030957;0.151901;0.135933;nan,2.000000;2.000000;2.000000;2.000000;2.000000;2.000000;2.000000;1.000000;1.000000;1.000000;1.000000;1.000000;1.000000;1.000000;1.000000;1.000000;1.000000;1.000000;1.000000;1.000000;1.000000;1.000000;1.000000,0,0,0,0,0,0,0,0,0,0,0,0,0,0,0,0,0,0,0,0,0,0,0,0,0,0,0,0,graph_0005__stability_0.2000,stability,0.2,graph_0005,epoch_0002
trace,olsr,0.504645,0.504622,1485,1807,105,566,1110,0.136111,0.007505,69.599805,360,49,1,0,0,558,0.272222,566,42040,11.551020,857.959184,0.500000,1.000000,1.000000,1.000000,1.000000;1.000000;1.000000;1.000000;1.000000;1.000000;1.000000;1.000000;1.000000;1.000000;1.000000;1.000000;1.000000;1.000000;1.000000;1.000000;1.000000;1.000000;1.000000;1.000000;1.000000;1.000000;1.000000;1.000000;1.000000;1.000000;1.000000;1.000000;1.000000;1.000000,58,nan,1,2.000000;1.000000;1.000000;1.000000;1.000000;1.000000;1.000000;1.000000;1.000000;1.000000;1.000000;1.000000;1.000000;1.000000;1.000000;1.000000;1.000000;1.000000;1.000000;1.000000;1.000000;1.000000;1.000000;1.000000;1.000000;1.000000;1.000000;1.000000;1.000000,nan;nan;0.168686;0.285109;0.078373;nan;nan;nan;nan;nan;nan;0.531417;nan;nan;nan;nan;nan;nan;0.276535;nan;0.520368;0.214977;nan;nan;nan;0.221741;nan;nan;nan,2.000000;1.000000;1.000000;1.000000;1.000000;1.000000;1.000000;1.000000;1.000000;1.000000;1.000000;1.000000;1.000000;1.000000;1.000000;1.000000;1.000000;1.000000;1.000000;1.000000;1.000000;1.000000;1.000000;1.000000;1.000000;1.000000;1.000000;1.000000;1.000000,350,22808,214,19120,0,0,0,0,2,112,0,0,0,0,0,0,0,0,0,0,0,0,0,0,0,0,0,0,graph_0004__stability_0.0000,stability,0.0,graph_0004,epoch_0001
trace,aodv,0.801203,0.801131,3018,3677,105,1467,2260,0.552778,0.033860,75.020532,360,199,27,0,0,1635,1.105556,1467,70168,7.371859,352.603015,0.500000,1.000000,1.000000,1.000000,1.000000;1.000000;1.000000;1.000000;1.000000;1.000000;1.000000;1.000000;1.000000;1.000000;1.000000;1.000000;1.000000;1.000000;1.000000;1.000000;1.000000;1.000000;1.000000;1.000000;1.000000;1.000000;1.000000;1.000000;1.000000;1.000000;1.000000;1.000000;1.000000;1.000000,58,nan,1,2.000000;1.000000;1.000000;1.000000;1.000000;1.000000;1.000000;1.000000;1.000000;1.000000;1.000000;1.000000;1.000000;1.000000;1.000000;1.000000;1.000000;1.000000;1.000000;1.000000;1.000000;1.000000;1.000000;1.000000;1.000000;1.000000;1.000000;1.000000;1.000000,nan;0.540614;0.662521;0.154014;0.078373;0.044737;0.010817;nan;0.542965;0.072613;0.052546;0.016728;0.152839;nan;nan;0.032933;0.211948;0.128933;0.701066;0.061661;0.543071;0.157377;0.123173;0.089253;0.078648;0.231765;nan;nan;nan,2.000000;1.000000;1.000000;1.000000;1.000000;1.000000;1.000000;1.000000;1.000000;1.000000;1.000000;1.000000;1.000000;1.000000;1.000000;1.000000;1.000000;1.000000;1.000000;1.000000;1.000000;1.000000;1.000000;1.000000;1.000000;1.000000;1.000000;1.000000;1.000000,0,0,0,0,0,0,0,0,0,0,696,33408,294,15288,279,13392,168,7128,28,840,2,112,0,0,0,0,0,0,graph_0004__stability_0.0000,stability,0.0,graph_0004,epoch_0001
trace,static,0.252132,0.252124,967,741,105,0,0,0.372222,0.019118,74.078803,360,134,0,0,0,384,0.744444,0,0,0.000000,0.000000,0.500000,1.000000,1.000000,1.000000,1.000000;1.000000;1.000000;1.000000;1.000000;1.000000;1.000000;1.000000;1.000000;1.000000;1.000000;1.000000;1.000000;1.000000;1.000000;1.000000;1.000000;1.000000;1.000000;1.000000;1.000000;1.000000;1.000000;1.000000;1.000000;1.000000;1.000000;1.000000;1.000000;1.000000,58,nan,1,2.000000;1.000000;1.000000;1.000000;1.000000;1.000000;1.000000;1.000000;1.000000;1.000000;1.000000;1.000000;1.000000;1.000000;1.000000;1.000000;1.000000;1.000000;1.000000;1.000000;1.000000;1.000000;1.000000;1.000000;1.000000;1.000000;1.000000;1.000000;1.000000,0.094138;0.025269;0.154919;0.121633;0.136016;0.070397;0.019793;0.155680;0.116077;0.090565;0.048237;0.014317;0.143953;0.101341;0.067501;0.032933;0.181089;0.146885;0.104557;0.070797;0.045409;0.166353;0.123173;0.098229;0.064877;0.028780;0.160877;0.135379;nan,2.000000;1.000000;1.000000;1.000000;1.000000;1.000000;1.000000;1.000000;1.000000;1.000000;1.000000;1.000000;1.000000;1.000000;1.000000;1.000000;1.000000;1.000000;1.000000;1.000000;1.000000;1.000000;1.000000;1.000000;1.000000;1.000000;1.000000;1.000000;1.000000,0,0,0,0,0,0,0,0,0,0,0,0,0,0,0,0,0,0,0,0,0,0,0,0,0,0,0,0,graph_0004__stability_0.0000,stability,0.0,graph_0004,epoch_0001
trace,olsr,0.384567,0.384517,1205,1593,105,568,1126,0.186111,0.009558,63.097638,360,67,5,0,0,537,0.372222,568,42588,8.477612,635.641791,0.500000,1.000000,1.000000,1.000000,1.000000;1.000000;1.000000;1.000000;1.000000;1.000000;1.000000;1.000000;1.000000;1.000000;1.000000;1.000000;1.000000;1.000000;1.000000;1.000000;1.000000;1.000000;1.000000;1.000000;1.000000;1.000000;1.000000;1.000000;1.000000;1.000000;1.000000;1.000000;1.000000;1.000000,58,nan,1,2.000000;1.000000;1.000000;1.000000;1.000000;1.000000;1.000000;1.000000;1.000000;1.000000;1.000000;1.000000;1.000000;1.000000;1.000000;1.000000;1.000000;1.000000;1.000000;1.000000;1.000000;1.000000;1.000000;1.000000;1.000000;1.000000;1.000000;1.000000;1.000000,nan;0.194067;0.318759;0.285109;0.078373;0.217269;0.212577;nan;nan;0.072897;nan;nan;nan;nan;nan;nan;nan;nan;nan;nan;nan;nan;nan;nan;0.245831;nan;nan;0.299489;nan,2.000000;1.000000;1.000000;1.000000;1.000000;1.000000;1.000000;1.000000;1.000000;1.000000;1.000000;1.000000;1.000000;1.000000;1.000000;1.000000;1.000000;1.000000;1.000000;1.000000;1.000000;1.000000;1.000000;1.000000;1.000000;1.000000;1.000000;1.000000;1.000000,354,23152,214,19436,0,0,0,0,0,0,0,0,0,0,0,0,0,0,0,0,0,0,0,0,0,0,0,0,graph_0004__stability_0.0000,stability,0.0,graph_0004,epoch_0003
trace,aodv,0.718236,0.718088,2796,3385,105,1524,2228,0.436111,0.025460,78.475592,360,157,25,56,0,1441,0.872222,1524,72796,9.707006,463.668790,0.500000,1.000000,1.000000,1.000000,1.000000;1.000000;1.000000;1.000000;1.000000;1.000000;1.000000;1.000000;1.000000;1.000000;1.000000;1.000000;1.000000;1.000000;1.000000;1.000000;1.000000;1.000000;1.000000;1.000000;1.000000;1.000000;1.000000;1.000000;1.000000;1.000000;1.000000;1.000000;1.000000;1.000000,58,nan,1,2.000000;1.000000;1.000000;1.000000;1.000000;1.000000;1.000000;1.000000;1.000000;1.000000;1.000000;1.000000;1.000000;1.000000;1.000000;1.000000;1.000000;1.000000;1.000000;1.000000;1.000000;1.000000;1.000000;1.000000;1.000000;1.000000;1.000000;1.000000;1.000000,nan;nan;0.146213;nan;0.106962;0.217269;0.029287;0.490940;0.107101;0.257600;0.070654;0.036502;0.134977;0.142495;0.246246;0.032933;nan;nan;nan;nan;nan;0.031751;0.123173;0.089253;0.090447;0.211303;nan;0.635532;nan,2.000000;1.000000;1.000000;1.000000;1.000000;1.000000;1.000000;1.000000;1.000000;1.000000;1.000000;1.000000;1.000000;1.000000;1.000000;1.000000;1.000000;1.000000;1.000000;1.000000;1.000000;1.000000;1.000000;1.000000;1.000000;1.000000;1.000000;1.000000;1.000000,0,0,0,0,0,0,0,0,0,0,704,33792,288,14976,294,14112,199,8616,34,1020,5,280,0,0,0,0,0,0,graph_0004__stability_0.0000,stability,0.0,graph_0004,epoch_0003
trace,static,0.254399,0.254382,960,732,105,0,0,0.366667,0.018831,74.288114,360,132,0,0,0,381,0.733333,0,0,0.000000,0.000000,0.500000,1.000000,1.000000,1.000000,1.000000;1.000000;1.000000;1.000000;1.000000;1.000000;1.000000;1.000000;1.000000;1.000000;1.000000;1.000000;1.000000;1.000000;1.000000;1.000000;1.000000;1.000000;1.000000;1.000000;1.000000;1.000000;1.000000;1.000000;1.000000;1.000000;1.000000;1.000000;1.000000;1.000000,58,nan,1,2.000000;1.000000;1.000000;1.000000;1.000000;1.000000;1.000000;1.000000;1.000000;1.000000;1.000000;1.000000;1.000000;1.000000;1.000000;1.000000;1.000000;1.000000;1.000000;1.000000;1.000000;1.000000;1.000000;1.000000;1.000000;1.000000;1.000000;1.000000;1.000000,0.093004;0.025269;0.154919;0.121553;0.115716;0.073337;0.019793;0.155960;0.116077;0.090565;0.048237;0.014317;0.143953;0.101341;0.076397;0.032933;0.181089;0.146885;0.104557;0.070797;0.045409;0.166353;0.123173;0.098229;0.064877;0.027840;0.160877;0.135379;nan,2.000000;1.000000;1.000000;1.000000;1.000000;1.000000;1.000000;1.000000;1.000000;1.000000;1.000000;1.000000;1.000000;1.000000;1.000000;1.000000;1.000000;1.000000;1.000000;1.000000;1.000000;1.000000;1.000000;1.000000;1.000000;1.000000;1.000000;1.000000;1.000000,0,0,0,0,0,0,0,0,0,0,0,0,0,0,0,0,0,0,0,0,0,0,0,0,0,0,0,0,graph_0004__stability_0.0000,stability,0.0,graph_0004,epoch_0003
trace,olsr,0.434531,0.434471,1312,1655,105,567,1111,0.216667,0.012171,70.708631,360,78,1,0,0,638,0.433333,567,42168,7.269231,540.615385,0.500000,1.000000,1.000000,1.000000,1.000000;1.000000;1.000000;1.000000;1.000000;1.000000;1.000000;1.000000;1.000000;1.000000;1.000000;1.000000;1.000000;1.000000;1.000000;1.000000;1.000000;1.000000;1.000000;1.000000;1.000000;1.000000;1.000000;1.000000;1.000000;1.000000;1.000000;1.000000;1.000000;1.000000,58,nan,1,2.000000;1.000000;1.000000;1.000000;1.000000;1.000000;1.000000;1.000000;1.000000;1.000000;1.000000;1.000000;1.000000;1.000000;1.000000;1.000000;1.000000;1.000000;1.000000;1.000000;1.000000;1.000000;1.000000;1.000000;1.000000;1.000000;1.000000;1.000000;1.000000,nan;nan;0.166494;0.285109;0.078373;0.217269;0.212733;nan;nan;0.072613;nan;nan;nan;nan;nan;nan;nan;nan;nan;0.233909;0.228957;nan;0.123173;nan;0.266575;nan;nan;nan;nan,2.000000;1.000000;1.000000;1.000000;1.000000;1.000000;1.000000;1.000000;1.000000;1.000000;1.000000;1.000000;1.000000;1.000000;1.000000;1.000000;1.000000;1.000000;1.000000;1.000000;1.000000;1.000000;1.000000;1.000000;1.000000;1.000000;1.000000;1.000000;1.000000,353,23032,214,19136,0,0,0,0,0,0,0,0,0,0,0,0,0,0,0,0,0,0,0,0,0,0,0,0,graph_0004__stability_0.0000,stability,0.0,graph_0004,epoch_0004
trace,aodv,0.836564,0.836401,3169,3846,105,1605,2378,0.591667,0.035743,74.134273,360,213,51,0,0,1657,1.183333,1605,76330,7.535211,358.356808,0.500000,1.000000,1.000000,1.000000,1.000000;1.000000;1.000000;1.000000;1.000000;1.000000;1.000000;1.000000;1.000000;1.000000;1.000000;1.000000;1.000000;1.000000;1.000000;1.000000;1.000000;1.000000;1.000000;1.000000;1.000000;1.000000;1.000000;1.000000;1.000000;1.000000;1.000000;1.000000;1.000000;1.000000,58,nan,1,2.000000;1.000000;1.000000;1.000000;1.000000;1.000000;1.000000;1.000000;1.000000;1.000000;1.000000;1.000000;1.000000;1.000000;1.000000;1.000000;1.000000;1.000000;1.000000;1.000000;1.000000;1.000000;1.000000;1.000000;1.000000;1.000000;1.000000;1.000000;1.000000,nan;0.016293;0.146213;0.264514;0.078803;0.067494;0.010817;nan;0.534025;0.072613;0.055946;0.022908;0.134977;0.202875;0.108485;0.032933;0.024981;0.128933;0.095581;0.078587;0.075088;0.019395;0.123173;0.089253;0.071471;0.218777;nan;nan;nan,2.000000;1.000000;1.000000;1.000000;1.000000;1.000000;1.000000;1.000000;1.000000;1.000000;1.000000;1.000000;1.000000;1.000000;1.000000;1.000000;1.000000;1.000000;1.000000;1.000000;1.000000;1.000000;1.000000;1.000000;1.000000;1.000000;1.000000;1.000000;1.000000,0,0,0,0,0,0,0,0,0,0,691,33168,301,15652,349,16752,235,9888,29,870,0,0,0,0,0,0,0,0,graph_0004__stability_0.0000,stability,0.0,graph_0004,epoch_0004
trace,static,0.253775,0.253735,962,733,105,0,0,0.363889,0.018691,74.208469,360,131,0,0,0,386,0.727778,0,0,0.000000,0.000000,0.500000,1.000000,1.000000,1.000000,1.000000;1.000000;1.000000;1.000000;1.000000;1.000000;1.000000;1.000000;1.000000;1.000000;1.000000;1.000000;1.000000;1.000000;1.000000;1.000000;1.000000;1.000000;1.000000;1.000000;1.000000;1.000000;1.000000;1.000000;1.000000;1.000000;1.000000;1.000000;1.000000;1.000000,58,nan,1,2.000000;1.000000;1.000000;1.000000;1.000000;1.000000;1.000000;1.000000;1.000000;1.000000;1.000000;1.000000;1.000000;1.000000;1.000000;1.000000;1.000000;1.000000;1.000000;1.000000;1.000000;1.000000;1.000000;1.000000;1.000000;1.000000;1.000000;1.000000;1.000000,0.100064;0.025269;0.154919;0.130529;0.111876;0.064731;0.019793;0.168500;0.116077;0.090565;0.048237;0.014317;0.143953;0.101341;0.076397;0.032933;0.181089;0.146885;0.104557;0.079423;0.045409;0.166353;0.123173;0.098229;0.064877;0.026780;0.160877;0.135379;nan,2.000000;1.000000;1.000000;1.000000;1.000000;1.000000;1.000000;1.000000;1.000000;1.000000;1.000000;1.000000;1.000000;1.000000;1.000000;1.000000;1.000000;1.000000;1.000000;1.000000;1.000000;1.000000;1.000000;1.000000;1.000000;1.000000;1.000000;1.000000;1.000000,0,0,0,0,0,0,0,0,0,0,0,0,0,0,0,0,0,0,0,0,0,0,0,0,0,0,0,0,graph_0004__stability_0.0000,stability,0.0,graph_0004,epoch_0004
trace,olsr,0.452920,0.452893,1355,1684,105,572,1104,0.197222,0.011077,71.662124,360,71,1,0,0,674,0.394444,572,42036,8.056338,592.056338,0.500000,1.000000,1.000000,1.000000,1.000000;1.000000;1.000000;1.000000;1.000000;1.000000;1.000000;1.000000;1.000000;1.000000;1.000000;1.000000;1.000000;1.000000;1.000000;1.000000;1.000000;1.000000;1.000000;1.000000;1.000000;1.000000;1.000000;1.000000;1.000000;1.000000;1.000000;1.000000;1.000000;1.000000,58,nan,1,2.000000;1.000000;1.000000;1.000000;1.000000;1.000000;1.000000;1.000000;1.000000;1.000000;1.000000;1.000000;1.000000;1.000000;1.000000;1.000000;1.000000;1.000000;1.000000;1.000000;1.000000;1.000000;1.000000;1.000000;1.000000;1.000000;1.000000;1.000000;1.000000,nan;nan;0.214691;0.285109;0.078373;nan;0.665893;0.222133;0.279349;0.072613;nan;nan;nan;nan;nan;nan;nan;nan;nan;0.242615;0.229243;nan;0.123173;nan;0.400775;nan;nan;nan;nan,2.000000;1.000000;1.000000;1.000000;1.000000;1.000000;1.000000;1.000000;1.000000;1.000000;1.000000;1.000000;1.000000;1.000000;1.000000;1.000000;1.000000;1.000000;1.000000;1.000000;1.000000;1.000000;1.000000;1.000000;1.000000;1.000000;1.000000;1.000000;1.000000,354,23080,218,18956,0,0,0,0,0,0,0,0,0,0,0,0,0,0,0,0,0,0,0,0,0,0,0,0,graph_0004__stability_0.0000,stability,0.0,graph_0004,epoch_0005
trace,aodv,0.733712,0.733656,2838,3559,105,1465,2338,0.455556,0.030972,76.692517,360,164,44,0,0,1126,0.911111,1465,69750,8.932927,425.304878,0.500000,1.000000,1.000000,1.000000,1.000000;1.000000;1.000000;1.000000;1.000000;1.000000;1.000000;1.000000;1.000000;1.000000;1.000000;1.000000;1.000000;1.000000;1.000000;1.000000;1.000000;1.000000;1.000000;1.000000;1.000000;1.000000;1.000000;1.000000;1.000000;1.000000;1.000000;1.000000;1.000000;1.000000,58,nan,1,2.000000;1.000000;1.000000;1.000000;1.000000;1.000000;1.000000;1.000000;1.000000;1.000000;1.000000;1.000000;1.000000;1.000000;1.000000;1.000000;1.000000;1.000000;1.000000;1.000000;1.000000;1.000000;1.000000;1.000000;1.000000;1.000000;1.000000;1.000000;1.000000,nan;nan;nan;nan;0.078373;0.044737;0.206288;nan;0.538025;0.072613;0.063406;0.020965;0.494009;0.510939;nan;0.032933;nan;nan;0.296053;0.736625;0.212017;0.350979;0.123173;0.089253;0.721326;0.034611;nan;nan;nan,2.000000;1.000000;1.000000;1.000000;1.000000;1.000000;1.000000;1.000000;1.000000;1.000000;1.000000;1.000000;1.000000;1.000000;1.000000;1.000000;1.000000;1.000000;1.000000;1.000000;1.000000;1.000000;1.000000;1.000000;1.000000;1.000000;1.000000;1.000000;1.000000,0,0,0,0,0,0,0,0,0,0,708,33984,252,13104,293,14064,187,7848,25,750,0,0,0,0,0,0,0,0,graph_0004__stability_0.0000,stability,0.0,graph_0004,epoch_0005
trace,static,0.256855,0.256826,962,734,105,0,0,0.366667,0.018831,74.288184,360,132,0,0,0,386,0.733333,0,0,0.000000,0.000000,0.500000,1.000000,1.000000,1.000000,1.000000;1.000000;1.000000;1.000000;1.000000;1.000000;1.000000;1.000000;1.000000;1.000000;1.000000;1.000000;1.000000;1.000000;1.000000;1.000000;1.000000;1.000000;1.000000;1.000000;1.000000;1.000000;1.000000;1.000000;1.000000;1.000000;1.000000;1.000000;1.000000;1.000000,58,nan,1,2.000000;1.000000;1.000000;1.000000;1.000000;1.000000;1.000000;1.000000;1.000000;1.000000;1.000000;1.000000;1.000000;1.000000;1.000000;1.000000;1.000000;1.000000;1.000000;1.000000;1.000000;1.000000;1.000000;1.000000;1.000000;1.000000;1.000000;1.000000;1.000000,0.095698;0.025269;0.154919;0.130529;0.117436;0.066317;0.019793;0.160560;0.116077;0.090565;0.048237;0.014317;0.143953;0.101341;0.076397;0.032933;0.181089;0.146885;0.104557;0.070797;0.045409;0.166353;0.123173;0.098229;0.064877;0.026820;0.160877;0.135379;nan,2.000000;1.000000;1.000000;1.000000;1.000000;1.000000;1.000000;1.000000;1.000000;1.000000;1.000000;1.000000;1.000000;1.000000;1.000000;1.000000;1.000000;1.000000;1.000000;1.000000;1.000000;1.000000;1.000000;1.000000;1.000000;1.000000;1.000000;1.000000;1.000000,0,0,0,0,0,0,0,0,0,0,0,0,0,0,0,0,0,0,0,0,0,0,0,0,0,0,0,0,graph_0004__stability_0.0000,stability,0.0,graph_0004,epoch_0005
trace,olsr,0.486532,0.486491,1439,1750,105,562,1109,0.169444,0.009341,67.908986,360,61,12,0,0,655,0.338889,562,41776,9.213115,684.852459,0.500000,1.000000,1.000000,1.000000,1.000000;1.000000;1.000000;1.000000;1.000000;1.000000;1.000000;1.000000;1.000000;1.000000;1.000000;1.000000;1.000000;1.000000;1.000000;1.000000;1.000000;1.000000;1.000000;1.000000;1.000000;1.000000;1.000000;1.000000;1.000000;1.000000;1.000000;1.000000;1.000000;1.000000,58,nan,1,2.000000;1.000000;1.000000;1.000000;1.000000;1.000000;1.000000;1.000000;1.000000;1.000000;1.000000;1.000000;1.000000;1.000000;1.000000;1.000000;1.000000;1.000000;1.000000;1.000000;1.000000;1.000000;1.000000;1.000000;1.000000;1.000000;1.000000;1.000000;1.000000,nan;nan;0.227339;0.285109;0.078373;nan;0.665893;0.225357;0.279349;0.072613;nan;nan;nan;nan;0.248659;nan;nan;nan;nan;nan;0.527139;0.157377;nan;nan;nan;0.230867;nan;nan;nan,2.000000;1.000000;1.000000;1.000000;1.000000;1.000000;1.000000;1.000000;1.000000;1.000000;1.000000;1.000000;1.000000;1.000000;1.000000;1.000000;1.000000;1.000000;1.000000;1.000000;1.000000;1.000000;1.000000;1.000000;1.000000;1.000000;1.000000;1.000000;1.000000,350,22960,212,18816,0,0,0,0,0,0,0,0,0,0,0,0,0,0,0,0,0,0,0,0,0,0,0,0,graph_0004__stability_0.0000,stability,0.0,graph_0004,epoch_0002
trace,aodv,0.800569,0.800487,3129,3843,105,1588,2391,0.591667,0.032374,78.245068,360,213,58,0,0,1498,1.183333,1588,75508,7.455399,354.497653,0.500000,1.000000,1.000000,1.000000,1.000000;1.000000;1.000000;1.000000;1.000000;1.000000;1.000000;1.000000;1.000000;1.000000;1.000000;1.000000;1.000000;1.000000;1.000000;1.000000;1.000000;1.000000;1.000000;1.000000;1.000000;1.000000;1.000000;1.000000;1.000000;1.000000;1.000000;1.000000;1.000000;1.000000,58,nan,1,2.000000;1.000000;1.000000;1.000000;1.000000;1.000000;1.000000;1.000000;1.000000;1.000000;1.000000;1.000000;1.000000;1.000000;1.000000;1.000000;1.000000;1.000000;1.000000;1.000000;1.000000;1.000000;1.000000;1.000000;1.000000;1.000000;1.000000;1.000000;1.000000,nan;0.043738;0.657741;0.618201;0.078373;0.044737;0.010817;nan;0.534925;0.072613;0.039261;0.025848;0.667107;0.524338;0.241196;0.032933;nan;nan;0.749708;0.731821;0.206078;0.021647;0.123173;0.089253;0.091748;0.213461;nan;0.476112;nan,2.000000;1.000000;1.000000;1.000000;1.000000;1.000000;1.000000;1.000000;1.000000;1.000000;1.000000;1.000000;1.000000;1.000000;1.000000;1.000000;1.000000;1.000000;1.000000;1.000000;1.000000;1.000000;1.000000;1.000000;1.000000;1.000000;1.000000;1.000000;1.000000,0,0,0,0,0,0,0,0,0,0,685,32880,327,17004,310,14880,230,9664,36,1080,0,0,0,0,0,0,0,0,graph_0004__stability_0.0000,stability,0.0,graph_0004,epoch_0002
trace,static,0.250864,0.250751,960,732,105,0,0,0.366667,0.018830,74.288182,360,132,0,0,0,381,0.733333,0,0,0.000000,0.000000,0.500000,1.000000,1.000000,1.000000,1.000000;1.000000;1.000000;1.000000;1.000000;1.000000;1.000000;1.000000;1.000000;1.000000;1.000000;1.000000;1.000000;1.000000;1.000000;1.000000;1.000000;1.000000;1.000000;1.000000;1.000000;1.000000;1.000000;1.000000;1.000000;1.000000;1.000000;1.000000;1.000000;1.000000,58,nan,1,2.000000;1.000000;1.000000;1.000000;1.000000;1.000000;1.000000;1.000000;1.000000;1.000000;1.000000;1.000000;1.000000;1.000000;1.000000;1.000000;1.000000;1.000000;1.000000;1.000000;1.000000;1.000000;1.000000;1.000000;1.000000;1.000000;1.000000;1.000000;1.000000,0.092548;0.025269;0.154919;0.121553;0.123776;0.071477;0.019793;0.162920;0.116077;0.090565;0.048237;0.014317;0.143953;0.101341;0.076397;0.032933;0.181089;0.146885;0.104557;0.070797;0.045409;0.166353;0.123173;0.098229;0.064877;0.027720;0.160877;0.135379;nan,2.000000;1.000000;1.000000;1.000000;1.000000;1.000000;1.000000;1.000000;1.000000;1.000000;1.000000;1.000000;1.000000;1.000000;1.000000;1.000000;1.000000;1.000000;1.000000;1.000000;1.000000;1.000000;1.000000;1.000000;1.000000;1.000000;1.000000;1.000000;1.000000,0,0,0,0,0,0,0,0,0,0,0,0,0,0,0,0,0,0,0,0,0,0,0,0,0,0,0,0,graph_0004__stability_0.0000,stability,0.0,graph_0004,epoch_0002
trace,olsr,0.443250,0.443234,1298,1541,105,575,1081,0.150000,0.007574,69.231790,360,54,0,0,0,661,0.300000,575,42824,10.648148,793.037037,0.500000,1.250000,1.000000,2.000000,2.000000;2.000000;2.000000;2.000000;2.000000;2.000000;1.000000;1.000000;1.000000;1.000000;1.000000;1.000000;1.000000;1.000000;1.000000;1.000000;1.000000;1.000000;1.000000;1.000000;1.000000;1.000000;1.000000;1.000000,46,1.000000,1,2.000000;2.000000;2.000000;2.000000;2.000000;2.000000;2.000000;1.000000;1.000000;1.000000;1.000000;1.000000;1.000000;1.000000;1.000000;1.000000;1.000000;1.000000;1.000000;1.000000;1.000000;1.000000;1.000000,0.248540;nan;nan;nan;nan;0.214075;nan;nan;nan;nan;0.491017;0.320642;0.422693;nan;nan;nan;nan;nan;nan;nan;nan;nan;nan,2.000000;2.000000;2.000000;2.000000;2.000000;2.000000;2.000000;1.000000;1.000000;1.000000;1.000000;1.000000;1.000000;1.000000;1.000000;1.000000;1.000000;1.000000;1.000000;1.000000;1.000000;1.000000;1.000000,350,22896,225,19928,0,0,0,0,0,0,0,0,0,0,0,0,0,0,0,0,0,0,0,0,0,0,0,0,graph_0001__stability_0.2000,stability,0.2,graph_0001,epoch_0001
trace,aodv,0.723590,0.723545,2855,3520,105,1467,2231,0.491667,0.024960,75.201677,360,177,28,56,0,1036,0.983333,1467,69760,8.288136,394.124294,0.500000,1.250000,1.000000,2.000000,2.000000;2.000000;2.000000;2.000000;2.000000;2.000000;1.000000;1.000000;1.000000;1.000000;1.000000;1.000000;1.000000;1.000000;1.000000;1.000000;1.000000;1.000000;1.000000;1.000000;1.000000;1.000000;1.000000;1.000000,46,1.000000,1,2.000000;2.000000;2.000000;2.000000;2.000000;2.000000;2.000000;1.000000;1.000000;1.000000;1.000000;1.000000;1.000000;1.000000;1.000000;1.000000;1.000000;1.000000;1.000000;1.000000;1.000000;1.000000;1.000000,1.714227;0.641495;1.399328;0.157413;nan;nan;nan;nan;nan;0.061108;0.250392;0.128933;0.095013;0.061661;0.393961;nan;0.123741;0.089253;0.081915;0.072542;0.017956;0.117981;nan,2.000000;2.000000;2.000000;2.000000;2.000000;2.000000;2.000000;1.000000;1.000000;1.000000;1.000000;1.000000;1.000000;1.000000;1.000000;1.000000;1.000000;1.000000;1.000000;1.000000;1.000000;1.000000;1.000000,0,0,0,0,0,0,0,0,0,0,724,34752,241,12532,261,12528,215,9064,22,660,4,224,0,0,0,0,0,0,graph_0001__stability_0.2000,stability,0.2,graph_0001,epoch_0001
trace,static,0.240707,0.240694,963,745,105,0,0,0.394444,0.020258,72.466421,360,142,0,0,0,298,0.788889,0,0,0.000000,0.000000,0.500000,1.250000,1.000000,2.000000,2.000000;2.000000;2.000000;2.000000;2.000000;2.000000;1.000000;1.000000;1.000000;1.000000;1.000000;1.000000;1.000000;1.000000;1.000000;1.000000;1.000000;1.000000;1.000000;1.000000;1.000000;1.000000;1.000000;1.000000,46,1.000000,1,2.000000;2.000000;2.000000;2.000000;2.000000;2.000000;2.000000;1.000000;1.000000;1.000000;1.000000;1.000000;1.000000;1.000000;1.000000;1.000000;1.000000;1.000000;1.000000;1.000000;1.000000;1.000000;1.000000,0.076134;0.147793;0.082993;0.175157;0.099117;0.030993;0.153213;0.105159;0.076113;0.052076;0.172113;0.128933;0.112695;0.070637;0.038700;0.166433;0.132717;0.089253;0.064613;0.039953;0.160593;0.126957;nan,2.000000;2.000000;2.000000;2.000000;2.000000;2.000000;2.000000;1.000000;1.000000;1.000000;1.000000;1.000000;1.000000;1.000000;1.000000;1.000000;1.000000;1.000000;1.000000;1.000000;1.000000;1.000000;1.000000,0,0,0,0,0,0,0,0,0,0,0,0,0,0,0,0,0,0,0,0,0,0,0,0,0,0,0,0,graph_0001__stability_0.2000,stability,0.2,graph_0001,epoch_0001
trace,olsr,0.405661,0.405043,1242,1528,105,559,1065,0.158333,0.007974,69.028333,360,57,13,0,0,562,0.316667,559,41480,9.807018,727.719298,0.500000,1.250000,1.000000,2.000000,2.000000;2.000000;2.000000;2.000000;2.000000;2.000000;1.000000;1.000000;1.000000;1.000000;1.000000;1.000000;1.000000;1.000000;1.000000;1.000000;1.000000;1.000000;1.000000;1.000000;1.000000;1.000000;1.000000;1.000000,46,1.000000,1,2.000000;2.000000;2.000000;2.000000;2.000000;2.000000;2.000000;1.000000;1.000000;1.000000;1.000000;1.000000;1.000000;1.000000;1.000000;1.000000;1.000000;1.000000;1.000000;1.000000;1.000000;1.000000;1.000000,nan;0.217277;nan;nan;nan;0.423836;nan;nan;nan;nan;nan;0.231856;0.267829;0.242885;nan;nan;nan;nan;nan;nan;nan;nan;nan,2.000000;2.000000;2.000000;2.000000;2.000000;2.000000;2.000000;1.000000;1.000000;1.000000;1.000000;1.000000;1.000000;1.000000;1.000000;1.000000;1.000000;1.000000;1.000000;1.000000;1.000000;1.000000;1.000000,352,23060,207,18420,0,0,0,0,0,0,0,0,0,0,0,0,0,0,0,0,0,0,0,0,0,0,0,0,graph_0001__stability_0.2000,stability,0.2,graph_0001,epoch_0003
trace,aodv,0.605479,0.604798,2499,3166,105,1354,2084,0.369444,0.018753,77.611936,360,133,52,112,0,807,0.738889,1354,64356,10.180451,483.879699,0.500000,1.250000,1.000000,2.000000,2.000000;2.000000;2.000000;2.000000;2.000000;2.000000;1.000000;1.000000;1.000000;1.000000;1.000000;1.000000;1.000000;1.000000;1.000000;1.000000;1.000000;1.000000;1.000000;1.000000;1.000000;1.000000;1.000000;1.000000,46,1.000000,1,2.000000;2.000000;2.000000;2.000000;2.000000;2.000000;2.000000;1.000000;1.000000;1.000000;1.000000;1.000000;1.000000;1.000000;1.000000;1.000000;1.000000;1.000000;1.000000;1.000000;1.000000;1.000000;1.000000,nan;nan;0.234213;0.157413;nan;0.042894;nan;0.101057;nan;0.629409;nan;nan;0.290816;nan;nan;nan;nan;nan;nan;nan;0.653754;0.711964;nan,2.000000;2.000000;2.000000;2.000000;2.000000;2.000000;2.000000;1.000000;1.000000;1.000000;1.000000;1.000000;1.000000;1.000000;1.000000;1.000000;1.000000;1.000000;1.000000;1.000000;1.000000;1.000000;1.000000,0,0,0,0,0,0,0,0,0,0,731,35088,215,11180,193,9264,191,8000,20,600,4,224,0,0,0,0,0,0,graph_0001__stability_0.2000,stability,0.2,graph_0001,epoch_0003
trace,static,0.244185,0.243849,963,745,105,0,0,0.394444,0.020262,72.466559,360,142,0,0,0,296,0.788889,0,0,0.000000,0.000000,0.500000,1.250000,1.000000,2.000000,2.000000;2.000000;2.000000;2.000000;2.000000;2.000000;1.000000;1.000000;1.000000;1.000000;1.000000;1.000000;1.000000;1.000000;1.000000;1.000000;1.000000;1.000000;1.000000;1.000000;1.000000;1.000000;1.000000;1.000000,46,1.000000,1,2.000000;2.000000;2.000000;2.000000;2.000000;2.000000;2.000000;1.000000;1.000000;1.000000;1.000000;1.000000;1.000000;1.000000;1.000000;1.000000;1.000000;1.000000;1.000000;1.000000;1.000000;1.000000;1.000000,0.081094;0.147793;0.081953;0.169937;0.099117;0.030993;0.153213;0.108199;0.076113;0.052256;0.172113;0.128933;0.112695;0.070637;0.037944;0.166433;0.132717;0.089253;0.064613;0.039953;0.160593;0.126957;nan,2.000000;2.000000;2.000000;2.000000;2.000000;2.000000;2.000000;1.000000;1.000000;1.000000;1.000000;1.000000;1.000000;1.000000;1.000000;1.000000;1.000000;1.000000;1.000000;1.000000;1.000000;1.000000;1.000000,0,0,0,0,0,0,0,0,0,0,0,0,0,0,0,0,0,0,0,0,0,0,0,0,0,0,0,0,graph_0001__stability_0.2000,stability,0.2,graph_0001,epoch_0003
trace,olsr,0.431390,0.431377,1291,1565,105,572,1082,0.166667,0.008393,65.054430,360,60,0,0,0,524,0.333333,572,42588,9.533333,709.800000,0.500000,1.250000,1.000000,2.000000,2.000000;2.000000;2.000000;2.000000;2.000000;2.000000;1.000000;1.000000;1.000000;1.000000;1.000000;1.000000;1.000000;1.000000;1.000000;1.000000;1.000000;1.000000;1.000000;1.000000;1.000000;1.000000;1.000000;1.000000,46,1.000000,1,2.000000;2.000000;2.000000;2.000000;2.000000;2.000000;2.000000;1.000000;1.000000;1.000000;1.000000;1.000000;1.000000;1.000000;1.000000;1.000000;1.000000;1.000000;1.000000;1.000000;1.000000;1.000000;1.000000,1.393694;nan;0.061413;nan;nan;0.216477;0.216137;0.273589;nan;nan;nan;0.486585;nan;nan;nan;nan;nan;0.434615;nan;nan;nan;nan;nan,2.000000;2.000000;2.000000;2.000000;2.000000;2.000000;2.000000;1.000000;1.000000;1.000000;1.000000;1.000000;1.000000;1.000000;1.000000;1.000000;1.000000;1.000000;1.000000;1.000000;1.000000;1.000000;1.000000,350,22944,220,19532,0,0,0,0,2,112,0,0,0,0,0,0,0,0,0,0,0,0,0,0,0,0,0,0,graph_0001__stability_0.2000,stability,0.2,graph_0001,epoch_0004
trace,aodv,0.742531,0.742482,2834,3540,105,1443,2232,0.505556,0.025670,79.406547,360,182,40,56,0,898,1.011111,1443,68604,7.928571,376.945055,0.500000,1.250000,1.000000,2.000000,2.000000;2.000000;2.000000;2.000000;2.000000;2.000000;1.000000;1.000000;1.000000;1.000000;1.000000;1.000000;1.000000;1.000000;1.000000;1.000000;1.000000;1.000000;1.000000;1.000000;1.000000;1.000000;1.000000;1.000000,46,1.000000,1,2.000000;2.000000;2.000000;2.000000;2.000000;2.000000;2.000000;1.000000;1.000000;1.000000;1.000000;1.000000;1.000000;1.000000;1.000000;1.000000;1.000000;1.000000;1.000000;1.000000;1.000000;1.000000;1.000000,nan;nan;0.235908;0.157413;nan;0.196078;0.487534;0.101057;nan;0.509594;nan;nan;0.095013;0.061661;0.211717;0.507237;0.327136;0.089253;0.555920;nan;0.023992;0.117981;nan,2.000000;2.000000;2.000000;2.000000;2.000000;2.000000;2.000000;1.000000;1.000000;1.000000;1.000000;1.000000;1.000000;1.000000;1.000000;1.000000;1.000000;1.000000;1.000000;1.000000;1.000000;1.000000;1.000000,0,0,0,0,0,0,0,0,0,0,714,34272,234,12168,267,12816,201,8408,22,660,5,280,0,0,0,0,0,0,graph_0001__stability_0.2000,stability,0.2,graph_0001,epoch_0004
trace,static,0.242820,0.242790,963,745,105,0,0,0.394444,0.020260,72.466563,360,142,0,0,0,293,0.788889,0,0,0.000000,0.000000,0.500000,1.250000,1.000000,2.000000,2.000000;2.000000;2.000000;2.000000;2.000000;2.000000;1.000000;1.000000;1.000000;1.000000;1.000000;1.000000;1.000000;1.000000;1.000000;1.000000;1.000000;1.000000;1.000000;1.000000;1.000000;1.000000;1.000000;1.000000,46,1.000000,1,2.000000;2.000000;2.000000;2.000000;2.000000;2.000000;2.000000;1.000000;1.000000;1.000000;1.000000;1.000000;1.000000;1.000000;1.000000;1.000000;1.000000;1.000000;1.000000;1.000000;1.000000;1.000000;1.000000,0.084994;0.147793;0.081973;0.177137;0.099117;0.030993;0.153213;0.110039;0.076113;0.052336;0.172113;0.128933;0.112695;0.070637;0.037844;0.166433;0.132717;0.089253;0.064613;0.039953;0.160593;0.126957;nan,2.000000;2.000000;2.000000;2.000000;2.000000;2.000000;2.000000;1.000000;1.000000;1.000000;1.000000;1.000000;1.000000;1.000000;1.000000;1.000000;1.000000;1.000000;1.000000;1.000000;1.000000;1.000000;1.000000,0,0,0,0,0,0,0,0,0,0,0,0,0,0,0,0,0,0,0,0,0,0,0,0,0,0,0,0,graph_0001__stability_0.2000,stability,0.2,graph_0001,epoch_0004
trace,olsr,0.501552,0.501488,1499,1770,105,580,1088,0.177778,0.008953,66.707661,360,64,1,0,0,612,0.355556,580,43048,9.062500,672.625000,0.500000,1.250000,1.000000,2.000000,2.000000;2.000000;2.000000;2.000000;2.000000;2.000000;1.000000;1.000000;1.000000;1.000000;1.000000;1.000000;1.000000;1.000000;1.000000;1.000000;1.000000;1.000000;1.000000;1.000000;1.000000;1.000000;1.000000;1.000000,46,1.000000,1,2.000000;2.000000;2.000000;2.000000;2.000000;2.000000;2.000000;1.000000;1.000000;1.000000;1.000000;1.000000;1.000000;1.000000;1.000000;1.000000;1.000000;1.000000;1.000000;1.000000;1.000000;1.000000;1.000000,0.033537;nan;nan;nan;nan;0.218445;0.307509;0.282997;nan;nan;nan;0.295300;nan;nan;nan;nan;nan;nan;nan;nan;nan;nan;nan,2.000000;2.000000;2.000000;2.000000;2.000000;2.000000;2.000000;1.000000;1.000000;1.000000;1.000000;1.000000;1.000000;1.000000;1.000000;1.000000;1.000000;1.000000;1.000000;1.000000;1.000000;1.000000;1.000000,355,23152,219,19560,0,0,0,0,6,336,0,0,0,0,0,0,0,0,0,0,0,0,0,0,0,0,0,0,graph_0001__stability_0.2000,stability,0.2,graph_0001,epoch_0005
trace,aodv,0.593767,0.593723,2464,3207,105,1432,2229,0.297222,0.015990,75.190977,360,107,70,112,0,792,0.594444,1432,67510,13.383178,630.934579,0.500000,1.250000,1.000000,2.000000,2.000000;2.000000;2.000000;2.000000;2.000000;2.000000;1.000000;1.000000;1.000000;1.000000;1.000000;1.000000;1.000000;1.000000;1.000000;1.000000;1.000000;1.000000;1.000000;1.000000;1.000000;1.000000;1.000000;1.000000,46,1.000000,1,2.000000;2.000000;2.000000;2.000000;2.000000;2.000000;2.000000;1.000000;1.000000;1.000000;1.000000;1.000000;1.000000;1.000000;1.000000;1.000000;1.000000;1.000000;1.000000;1.000000;1.000000;1.000000;1.000000,nan;nan;0.229253;0.157413;1.752293;nan;nan;nan;nan;0.052721;0.163137;0.302033;0.303396;0.061661;0.215531;nan;0.115637;0.089253;0.055617;0.388794;0.335017;nan;nan,2.000000;2.000000;2.000000;2.000000;2.000000;2.000000;2.000000;1.000000;1.000000;1.000000;1.000000;1.000000;1.000000;1.000000;1.000000;1.000000;1.000000;1.000000;1.000000;1.000000;1.000000;1.000000;1.000000,0,0,0,0,0,0,0,0,0,0,741,35568,199,10348,206,9888,258,10736,23,690,5,280,0,0,0,0,0,0,graph_0001__stability_0.2000,stability,0.2,graph_0001,epoch_0005
trace,static,0.240922,0.240901,963,744,105,0,0,0.391667,0.020118,72.379482,360,141,0,0,0,299,0.783333,0,0,0.000000,0.000000,0.500000,1.250000,1.000000,2.000000,2.000000;2.000000;2.000000;2.000000;2.000000;2.000000;1.000000;1.000000;1.000000;1.000000;1.000000;1.000000;1.000000;1.000000;1.000000;1.000000;1.000000;1.000000;1.000000;1.000000;1.000000;1.000000;1.000000;1.000000,46,1.000000,1,2.000000;2.000000;2.000000;2.000000;2.000000;2.000000;2.000000;1.000000;1.000000;1.000000;1.000000;1.000000;1.000000;1.000000;1.000000;1.000000;1.000000;1.000000;1.000000;1.000000;1.000000;1.000000;1.000000,0.078434;0.147793;0.081407;0.175017;0.099117;0.030993;0.153213;0.111079;0.076113;0.043140;0.172113;0.128933;0.112695;0.070637;0.049220;0.175059;0.132717;0.089253;0.064613;0.039953;0.160593;0.126957;nan,2.000000;2.000000;2.000000;2.000000;2.000000;2.000000;2.000000;1.000000;1.000000;1.000000;1.000000;1.000000;1.000000;1.000000;1.000000;1.000000;1.000000;1.000000;1.000000;1.000000;1.000000;1.000000;1.000000,0,0,0,0,0,0,0,0,0,0,0,0,0,0,0,0,0,0,0,0,0,0,0,0,0,0,0,0,graph_0001__stability_0.2000,stability,0.2,graph_0001,epoch_0005
trace,olsr,0.432460,0.432116,1259,1525,105,565,1078,0.163889,0.008276,73.048843,360,59,0,0,0,591,0.327778,565,41380,9.576271,701.355932,0.500000,1.250000,1.000000,2.000000,2.000000;2.000000;2.000000;2.000000;2.000000;2.000000;1.000000;1.000000;1.000000;1.000000;1.000000;1.000000;1.000000;1.000000;1.000000;1.000000;1.000000;1.000000;1.000000;1.000000;1.000000;1.000000;1.000000;1.000000,46,1.000000,1,2.000000;2.000000;2.000000;2.000000;2.000000;2.000000;2.000000;1.000000;1.000000;1.000000;1.000000;1.000000;1.000000;1.000000;1.000000;1.000000;1.000000;1.000000;1.000000;1.000000;1.000000;1.000000;1.000000,1.227812;nan;nan;1.640949;nan;nan;nan;nan;nan;nan;nan;nan;0.095013;0.242885;nan;nan;nan;nan;nan;nan;nan;nan;nan,2.000000;2.000000;2.000000;2.000000;2.000000;2.000000;2.000000;1.000000;1.000000;1.000000;1.000000;1.000000;1.000000;1.000000;1.000000;1.000000;1.000000;1.000000;1.000000;1.000000;1.000000;1.000000;1.000000,350,22928,215,18452,0,0,0,0,0,0,0,0,0,0,0,0,0,0,0,0,0,0,0,0,0,0,0,0,graph_0001__stability_0.2000,stability,0.2,graph_0001,epoch_0002
trace,aodv,0.753861,0.752960,2902,3603,105,1521,2284,0.486111,0.024677,76.401707,360,175,66,57,0,1027,0.972222,1521,71896,8.691429,410.834286,0.500000,1.250000,1.000000,2.000000,2.000000;2.000000;2.000000;2.000000;2.000000;2.000000;1.000000;1.000000;1.000000;1.000000;1.000000;1.000000;1.000000;1.000000;1.000000;1.000000;1.000000;1.000000;1.000000;1.000000;1.000000;1.000000;1.000000;1.000000,46,1.000000,1,2.000000;2.000000;2.000000;2.000000;2.000000;2.000000;2.000000;1.000000;1.000000;1.000000;1.000000;1.000000;1.000000;1.000000;1.000000;1.000000;1.000000;1.000000;1.000000;1.000000;1.000000;1.000000;1.000000,nan;nan;0.396392;0.157413;1.752583;nan;0.135261;0.223037;0.067137;0.047757;0.348700;0.128933;0.095013;0.061661;0.231593;nan;0.123741;0.089253;0.091647;nan;nan;0.549338;nan,2.000000;2.000000;2.000000;2.000000;2.000000;2.000000;2.000000;1.000000;1.000000;1.000000;1.000000;1.000000;1.000000;1.000000;1.000000;1.000000;1.000000;1.000000;1.000000;1.000000;1.000000;1.000000;1.000000,0,0,0,0,0,0,0,0,0,0,726,34848,240,12480,256,12288,272,11392,24,720,3,168,0,0,0,0,0,0,graph_0001__stability_0.2000,stability,0.2,graph_0001,epoch_0002
trace,static,0.244121,0.243989,963,745,105,0,0,0.394444,0.020259,72.466457,360,142,0,0,0,293,0.788889,0,0,0.000000,0.000000,0.500000,1.250000,1.000000,2.000000,2.000000;2.000000;2.000000;2.000000;2.000000;2.000000;1.000000;1.000000;1.000000;1.000000;1.000000;1.000000;1.000000;1.000000;1.000000;1.000000;1.000000;1.000000;1.000000;1.000000;1.000000;1.000000;1.000000;1.000000,46,1.000000,1,2.000000;2.000000;2.000000;2.000000;2.000000;2.000000;2.000000;1.000000;1.000000;1.000000;1.000000;1.000000;1.000000;1.000000;1.000000;1.000000;1.000000;1.000000;1.000000;1.000000;1.000000;1.000000;1.000000,0.080094;0.147793;0.082073;0.172037;0.099117;0.030993;0.153213;0.107119;0.076113;0.052296;0.172113;0.128933;0.112695;0.070637;0.037844;0.166433;0.132717;0.089253;0.064613;0.039953;0.160593;0.126957;nan,2.000000;2.000000;2.000000;2.000000;2.000000;2.000000;2.000000;1.000000;1.000000;1.000000;1.000000;1.000000;1.000000;1.000000;1.000000;1.000000;1.000000;1.000000;1.000000;1.000000;1.000000;1.000000;1.000000,0,0,0,0,0,0,0,0,0,0,0,0,0,0,0,0,0,0,0,0,0,0,0,0,0,0,0,0,graph_0001__stability_0.2000,stability,0.2,graph_0001,epoch_0002
