event,sequence,app_tx_time_s,event_time_s,delay_s,frame_connected,usable_connected
tx,0,0.100000000,0.100000000,0.000000000,1,1
rx,0,0.100000000,0.153395048,0.053395048,1,1
tx,1,0.263840000,0.263840000,0.000000000,1,1
rx,1,0.263840000,0.264933016,0.001093016,1,1
tx,2,0.427680000,0.427680000,0.000000000,1,1
rx,2,0.427680000,0.428773016,0.001093016,1,1
tx,3,0.591520000,0.591520000,0.000000000,1,1
rx,3,0.591520000,0.592613016,0.001093016,1,1
tx,4,0.755360000,0.755360000,0.000000000,1,1
rx,4,0.755360000,0.756453016,0.001093016,1,1
tx,5,0.919200000,0.919200000,0.000000000,1,1
rx,5,0.919200000,0.920293016,0.001093016,1,1
tx,6,1.083040000,1.083040000,0.000000000,1,1
rx,6,1.083040000,1.084133016,0.001093016,1,1
tx,7,1.246880000,1.246880000,0.000000000,1,1
rx,7,1.246880000,1.247973016,0.001093016,1,1
tx,8,1.410720000,1.410720000,0.000000000,1,1
rx,8,1.410720000,1.411813016,0.001093016,1,1
tx,9,1.574560000,1.574560000,0.000000000,1,1
rx,9,1.574560000,1.575653016,0.001093016,1,1
tx,10,1.738400000,1.738400000,0.000000000,1,1
rx,10,1.738400000,1.739493016,0.001093016,1,1
tx,11,1.902240000,1.902240000,0.000000000,1,1
rx,11,1.902240000,1.903333016,0.001093016,1,1
tx,12,2.066080000,2.066080000,0.000000000,1,1
rx,12,2.066080000,2.067173016,0.001093016,1,1
tx,13,2.229920000,2.229920000,0.000000000,1,1
rx,13,2.229920000,2.231013016,0.001093016,1,1
tx,14,2.393760000,2.393760000,0.000000000,1,1
rx,14,2.393760000,2.394853016,0.001093016,1,1
tx,15,2.557600000,2.557600000,0.000000000,1,1
rx,15,2.557600000,2.558693016,0.001093016,1,1
tx,16,2.721440000,2.721440000,0.000000000,1,1
rx,16,2.721440000,2.722533016,0.001093016,1,1
tx,17,2.885280000,2.885280000,0.000000000,1,1
rx,17,2.885280000,2.886373016,0.001093016,1,1
tx,18,3.049120000,3.049120000,0.000000000,1,1
rx,18,3.049120000,3.050213016,0.001093016,1,1
tx,19,3.212960000,3.212960000,0.000000000,1,1
rx,19,3.212960000,3.214053016,0.001093016,1,1
tx,20,3.376800000,3.376800000,0.000000000,1,1
rx,20,3.376800000,3.377893016,0.001093016,1,1
tx,21,3.540640000,3.540640000,0.000000000,1,1
rx,21,3.540640000,3.541733016,0.001093016,1,1
tx,22,3.704480000,3.704480000,0.000000000,1,1
rx,22,3.704480000,3.705573016,0.001093016,1,1
tx,23,3.868320000,3.868320000,0.000000000,1,1
rx,23,3.868320000,3.869413016,0.001093016,1,1
tx,24,4.032160000,4.032160000,0.000000000,1,1
rx,24,4.032160000,4.033253016,0.001093016,1,1
tx,25,4.196000000,4.196000000,0.000000000,1,1
rx,25,4.196000000,4.197093016,0.001093016,1,1
tx,26,4.359840000,4.359840000,0.000000000,1,1
rx,26,4.359840000,4.360933016,0.001093016,1,1
tx,27,4.523680000,4.523680000,0.000000000,1,1
rx,27,4.523680000,4.524773016,0.001093016,1,1
tx,28,4.687520000,4.687520000,0.000000000,1,1
rx,28,4.687520000,4.688613016,0.001093016,1,1
tx,29,4.851360000,4.851360000,0.000000000,1,1
rx,29,4.851360000,4.852453016,0.001093016,1,1
tx,30,5.015200000,5.015200000,0.000000000,1,1
rx,30,5.015200000,5.016293016,0.001093016,1,1
tx,31,5.179040000,5.179040000,0.000000000,1,1
rx,31,5.179040000,5.180133016,0.001093016,1,1
tx,32,5.342880000,5.342880000,0.000000000,1,1
rx,32,5.342880000,5.343973016,0.001093016,1,1
tx,33,5.506720000,5.506720000,0.000000000,1,1
rx,33,5.506720000,5.507813016,0.001093016,1,1
tx,34,5.670560000,5.670560000,0.000000000,1,1
rx,34,5.670560000,5.671653016,0.001093016,1,1
tx,35,5.834400000,5.834400000,0.000000000,1,1
rx,35,5.834400000,5.835493016,0.001093016,1,1
tx,36,5.998240000,5.998240000,0.000000000,1,1
rx,36,5.998240000,5.999333016,0.001093016,1,1
tx,37,6.162080000,6.162080000,0.000000000,1,1
rx,37,6.162080000,6.163173016,0.001093016,1,1
tx,38,6.325920000,6.325920000,0.000000000,1,1
rx,38,6.325920000,6.327013016,0.001093016,1,1
tx,39,6.489760000,6.489760000,0.000000000,1,1
rx,39,6.489760000,6.490853016,0.001093016,1,1
tx,40,6.653600000,6.653600000,0.000000000,1,1
rx,40,6.653600000,6.654693016,0.001093016,1,1
tx,41,6.817440000,6.817440000,0.000000000,1,1
rx,41,6.817440000,6.818533016,0.001093016,1,1
tx,42,6.981280000,6.981280000,0.000000000,1,1
rx,42,6.981280000,6.982373016,0.001093016,1,1
tx,43,7.145120000,7.145120000,0.000000000,1,1
rx,43,7.145120000,7.146213016,0.001093016,1,1
tx,44,7.308960000,7.308960000,0.000000000,1,1
rx,44,7.308960000,7.310053016,0.001093016,1,1
tx,45,7.472800000,7.472800000,0.000000000,1,1
rx,45,7.472800000,7.473893016,0.001093016,1,1
tx,46,7.636640000,7.636640000,0.000000000,1,1
rx,46,7.636640000,7.637733016,0.001093016,1,1
tx,47,7.800480000,7.800480000,0.000000000,1,1
rx,47,7.800480000,7.801573016,0.001093016,1,1
tx,48,7.964320000,7.964320000,0.000000000,1,1
rx,48,7.964320000,7.965413016,0.001093016,1,1
tx,49,8.128160000,8.128160000,0.000000000,1,1
rx,49,8.128160000,8.129253016,0.001093016,1,1
tx,50,8.292000000,8.292000000,0.000000000,1,1
rx,50,8.292000000,8.293093016,0.001093016,1,1
tx,51,8.455840000,8.455840000,0.000000000,1,1
rx,51,8.455840000,8.456933016,0.001093016,1,1
tx,52,8.619680000,8.619680000,0.000000000,1,1
rx,52,8.619680000,8.620773016,0.001093016,1,1
tx,53,8.783520000,8.783520000,0.000000000,1,1
rx,53,8.783520000,8.784613016,0.001093016,1,1
tx,54,8.947360000,8.947360000,0.000000000,1,1
rx,54,8.947360000,8.948453016,0.001093016,1,1
tx,55,9.111200000,9.111200000,0.000000000,1,1
rx,55,9.111200000,9.112293016,0.001093016,1,1
tx,56,9.275040000,9.275040000,0.000000000,1,1
rx,56,9.275040000,9.276133016,0.001093016,1,1
tx,57,9.438880000,9.438880000,0.000000000,1,1
rx,57,9.438880000,9.439973016,0.001093016,1,1
tx,58,9.602720000,9.602720000,0.000000000,1,1
rx,58,9.602720000,9.603813016,0.001093016,1,1
tx,59,9.766560000,9.766560000,0.000000000,1,1
rx,59,9.766560000,9.767653016,0.001093016,1,1
tx,60,9.930400000,9.930400000,0.000000000,1,1
rx,60,9.930400000,9.931493016,0.001093016,1,1
tx,61,10.094240000,10.094240000,0.000000000,1,1
rx,61,10.094240000,10.095333016,0.001093016,1,1
tx,62,10.258080000,10.258080000,0.000000000,1,1
rx,62,10.258080000,10.259173016,0.001093016,1,1
tx,63,10.421920000,10.421920000,0.000000000,1,1
rx,63,10.421920000,10.423013016,0.001093016,1,1
tx,64,10.585760000,10.585760000,0.000000000,1,1
rx,64,10.585760000,10.586853016,0.001093016,1,1
tx,65,10.749600000,10.749600000,0.000000000,1,1
rx,65,10.749600000,10.750693016,0.001093016,1,1
tx,66,10.913440000,10.913440000,0.000000000,1,1
rx,66,10.913440000,10.914533016,0.001093016,1,1
tx,67,11.077280000,11.077280000,0.000000000,1,1
rx,67,11.077280000,11.078373016,0.001093016,1,1
tx,68,11.241120000,11.241120000,0.000000000,1,1
rx,68,11.241120000,11.242213016,0.001093016,1,1
tx,69,11.404960000,11.404960000,0.000000000,1,1
rx,69,11.404960000,11.406053016,0.001093016,1,1
tx,70,11.568800000,11.568800000,0.000000000,1,1
rx,70,11.568800000,11.569893016,0.001093016,1,1
tx,71,11.732640000,11.732640000,0.000000000,1,1
rx,71,11.732640000,11.733733016,0.001093016,1,1
tx,72,11.896480000,11.896480000,0.000000000,1,1
rx,72,11.896480000,11.897573016,0.001093016,1,1
tx,73,12.060320000,12.060320000,0.000000000,1,1
rx,73,12.060320000,12.061413016,0.001093016,1,1
tx,74,12.224160000,12.224160000,0.000000000,1,1
rx,74,12.224160000,12.225253016,0.001093016,1,1
tx,75,12.388000000,12.388000000,0.000000000,1,1
rx,75,12.388000000,12.389093016,0.001093016,1,1
tx,76,12.551840000,12.551840000,0.000000000,1,1
rx,76,12.551840000,12.552933016,0.001093016,1,1
tx,77,12.715680000,12.715680000,0.000000000,1,1
rx,77,12.715680000,12.716773016,0.001093016,1,1
tx,78,12.879520000,12.879520000,0.000000000,1,1
rx,78,12.879520000,12.880613016,0.001093016,1,1
tx,79,13.043360000,13.043360000,0.000000000,1,1
rx,79,13.043360000,13.044453016,0.001093016,1,1
tx,80,13.207200000,13.207200000,0.000000000,1,1
rx,80,13.207200000,13.208293016,0.001093016,1,1
tx,81,13.371040000,13.371040000,0.000000000,1,1
rx,81,13.371040000,13.372133016,0.001093016,1,1
tx,82,13.534880000,13.534880000,0.000000000,1,1
rx,82,13.534880000,13.535973016,0.001093016,1,1
tx,83,13.698720000,13.698720000,0.000000000,1,1
rx,83,13.698720000,13.699813016,0.001093016,1,1
tx,84,13.862560000,13.862560000,0.000000000,1,1
rx,84,13.862560000,13.863653016,0.001093016,1,1
tx,85,14.026400000,14.026400000,0.000000000,1,1
rx,85,14.026400000,14.027493016,0.001093016,1,1
tx,86,14.190240000,14.190240000,0.000000000,1,1
rx,86,14.190240000,14.191333016,0.001093016,1,1
tx,87,14.354080000,14.354080000,0.000000000,1,1
rx,87,14.354080000,14.355173016,0.001093016,1,1
tx,88,14.517920000,14.517920000,0.000000000,1,1
rx,88,14.517920000,14.519013016,0.001093016,1,1
tx,89,14.681760000,14.681760000,0.000000000,1,1
rx,89,14.681760000,14.682853016,0.001093016,1,1
tx,90,14.845600000,14.845600000,0.000000000,1,1
rx,90,14.845600000,14.846693016,0.001093016,1,1
tx,91,15.009440000,15.009440000,0.000000000,1,1
rx,91,15.009440000,15.010533016,0.001093016,1,1
tx,92,15.173280000,15.173280000,0.000000000,1,1
rx,92,15.173280000,15.174373016,0.001093016,1,1
tx,93,15.337120000,15.337120000,0.000000000,1,1
rx,93,15.337120000,15.338213016,0.001093016,1,1
tx,94,15.500960000,15.500960000,0.000000000,1,1
rx,94,15.500960000,15.502053016,0.001093016,1,1
tx,95,15.664800000,15.664800000,0.000000000,1,1
rx,95,15.664800000,15.665893016,0.001093016,1,1
tx,96,15.828640000,15.828640000,0.000000000,1,1
rx,96,15.828640000,15.829733016,0.001093016,1,1
tx,97,15.992480000,15.992480000,0.000000000,1,1
rx,97,15.992480000,15.993573016,0.001093016,1,1
tx,98,16.156320000,16.156320000,0.000000000,1,1
rx,98,16.156320000,16.157413016,0.001093016,1,1
tx,99,16.320160000,16.320160000,0.000000000,1,1
rx,99,16.320160000,16.321253016,0.001093016,1,1
tx,100,16.484000000,16.484000000,0.000000000,1,1
rx,100,16.484000000,16.485093016,0.001093016,1,1
tx,101,16.647840000,16.647840000,0.000000000,1,1
rx,101,16.647840000,16.648933016,0.001093016,1,1
tx,102,16.811680000,16.811680000,0.000000000,1,1
rx,102,16.811680000,16.812773016,0.001093016,1,1
tx,103,16.975520000,16.975520000,0.000000000,1,1
rx,103,16.975520000,16.976613016,0.001093016,1,1
tx,104,17.139360000,17.139360000,0.000000000,1,1
rx,104,17.139360000,17.140453016,0.001093016,1,1
tx,105,17.303200000,17.303200000,0.000000000,1,1
rx,105,17.303200000,17.304293016,0.001093016,1,1
tx,106,17.467040000,17.467040000,0.000000000,1,1
rx,106,17.467040000,17.468133016,0.001093016,1,1
tx,107,17.630880000,17.630880000,0.000000000,1,1
rx,107,17.630880000,17.631973016,0.001093016,1,1
tx,108,17.794720000,17.794720000,0.000000000,1,1
rx,108,17.794720000,17.795813016,0.001093016,1,1
tx,109,17.958560000,17.958560000,0.000000000,1,1
rx,109,17.958560000,17.959653016,0.001093016,1,1
tx,110,18.122400000,18.122400000,0.000000000,1,1
rx,110,18.122400000,18.123493016,0.001093016,1,1
tx,111,18.286240000,18.286240000,0.000000000,1,1
rx,111,18.286240000,18.287333016,0.001093016,1,1
tx,112,18.450080000,18.450080000,0.000000000,1,1
rx,112,18.450080000,18.451173016,0.001093016,1,1
tx,113,18.613920000,18.613920000,0.000000000,1,1
rx,113,18.613920000,18.615013016,0.001093016,1,1
tx,114,18.777760000,18.777760000,0.000000000,1,1
rx,114,18.777760000,18.778853016,0.001093016,1,1
tx,115,18.941600000,18.941600000,0.000000000,1,1
rx,115,18.941600000,18.942693016,0.001093016,1,1
tx,116,19.105440000,19.105440000,0.000000000,1,1
rx,116,19.105440000,19.106533016,0.001093016,1,1
tx,117,19.269280000,19.269280000,0.000000000,1,1
rx,117,19.269280000,19.270373016,0.001093016,1,1
tx,118,19.433120000,19.433120000,0.000000000,1,1
rx,118,19.433120000,19.434213016,0.001093016,1,1
tx,119,19.596960000,19.596960000,0.000000000,1,1
rx,119,19.596960000,19.598053016,0.001093016,1,1
tx,120,19.760800000,19.760800000,0.000000000,1,1
rx,120,19.760800000,19.761893016,0.001093016,1,1
tx,121,19.924640000,19.924640000,0.000000000,1,1
rx,121,19.924640000,19.925733016,0.001093016,1,1
tx,122,20.088480000,20.088480000,0.000000000,1,1
rx,122,20.088480000,20.089573016,0.001093016,1,1
tx,123,20.252320000,20.252320000,0.000000000,1,1
rx,123,20.252320000,20.253413016,0.001093016,1,1
tx,124,20.416160000,20.416160000,0.000000000,1,1
rx,124,20.416160000,20.417253016,0.001093016,1,1
tx,125,20.580000000,20.580000000,0.000000000,1,1
rx,125,20.580000000,20.581093016,0.001093016,1,1
tx,126,20.743840000,20.743840000,0.000000000,1,1
rx,126,20.743840000,20.744933016,0.001093016,1,1
tx,127,20.907680000,20.907680000,0.000000000,1,1
rx,127,20.907680000,20.908773016,0.001093016,1,1
tx,128,21.071520000,21.071520000,0.000000000,1,1
rx,128,21.071520000,21.072613016,0.001093016,1,1
tx,129,21.235360000,21.235360000,0.000000000,1,1
rx,129,21.235360000,21.236453016,0.001093016,1,1
tx,130,21.399200000,21.399200000,0.000000000,1,1
rx,130,21.399200000,21.400293016,0.001093016,1,1
tx,131,21.563040000,21.563040000,0.000000000,1,1
rx,131,21.563040000,21.564133016,0.001093016,1,1
tx,132,21.726880000,21.726880000,0.000000000,1,1
rx,132,21.726880000,21.727973016,0.001093016,1,1
tx,133,21.890720000,21.890720000,0.000000000,1,1
rx,133,21.890720000,21.891813016,0.001093016,1,1
tx,134,22.054560000,22.054560000,0.000000000,1,1
rx,134,22.054560000,22.055653016,0.001093016,1,1
tx,135,22.218400000,22.218400000,0.000000000,1,1
rx,135,22.218400000,22.219493016,0.001093016,1,1
tx,136,22.382240000,22.382240000,0.000000000,1,1
rx,136,22.382240000,22.383333016,0.001093016,1,1
tx,137,22.546080000,22.546080000,0.000000000,1,1
rx,137,22.546080000,22.547173016,0.001093016,1,1
tx,138,22.709920000,22.709920000,0.000000000,1,1
rx,138,22.709920000,22.711013016,0.001093016,1,1
tx,139,22.873760000,22.873760000,0.000000000,1,1
rx,139,22.873760000,22.874853016,0.001093016,1,1
tx,140,23.037600000,23.037600000,0.000000000,1,1
rx,140,23.037600000,23.038693016,0.001093016,1,1
tx,141,23.201440000,23.201440000,0.000000000,1,1
rx,141,23.201440000,23.202533016,0.001093016,1,1
tx,142,23.365280000,23.365280000,0.000000000,1,1
rx,142,23.365280000,23.366373016,0.001093016,1,1
tx,143,23.529120000,23.529120000,0.000000000,1,1
rx,143,23.529120000,23.530213016,0.001093016,1,1
tx,144,23.692960000,23.692960000,0.000000000,1,1
rx,144,23.692960000,23.694053016,0.001093016,1,1
tx,145,23.856800000,23.856800000,0.000000000,1,1
rx,145,23.856800000,23.857893016,0.001093016,1,1
tx,146,24.020640000,24.020640000,0.000000000,1,1
rx,146,24.020640000,24.021733016,0.001093016,1,1
tx,147,24.184480000,24.184480000,0.000000000,1,1
rx,147,24.184480000,24.185573016,0.001093016,1,1
tx,148,24.348320000,24.348320000,0.000000000,1,1
rx,148,24.348320000,24.349413016,0.001093016,1,1
tx,149,24.512160000,24.512160000,0.000000000,1,1
rx,149,24.512160000,24.513253016,0.001093016,1,1
tx,150,24.676000000,24.676000000,0.000000000,1,1
rx,150,24.676000000,24.677093016,0.001093016,1,1
tx,151,24.839840000,24.839840000,0.000000000,1,1
rx,151,24.839840000,24.840933016,0.001093016,1,1
tx,152,25.003680000,25.003680000,0.000000000,1,1
rx,152,25.003680000,25.004773016,0.001093016,1,1
tx,153,25.167520000,25.167520000,0.000000000,1,1
rx,153,25.167520000,25.168613016,0.001093016,1,1
tx,154,25.331360000,25.331360000,0.000000000,1,1
rx,154,25.331360000,25.332453016,0.001093016,1,1
tx,155,25.495200000,25.495200000,0.000000000,1,1
rx,155,25.495200000,25.496293016,0.001093016,1,1
tx,156,25.659040000,25.659040000,0.000000000,1,1
rx,156,25.659040000,25.660133016,0.001093016,1,1
tx,157,25.822880000,25.822880000,0.000000000,1,1
rx,157,25.822880000,25.823973016,0.001093016,1,1
tx,158,25.986720000,25.986720000,0.000000000,1,1
rx,158,25.986720000,25.987813016,0.001093016,1,1
tx,159,26.150560000,26.150560000,0.000000000,1,1
rx,159,26.150560000,26.151653016,0.001093016,1,1
tx,160,26.314400000,26.314400000,0.000000000,1,1
rx,160,26.314400000,26.315493016,0.001093016,1,1
tx,161,26.478240000,26.478240000,0.000000000,1,1
rx,161,26.478240000,26.479333016,0.001093016,1,1
tx,162,26.642080000,26.642080000,0.000000000,1,1
rx,162,26.642080000,26.643173016,0.001093016,1,1
tx,163,26.805920000,26.805920000,0.000000000,1,1
rx,163,26.805920000,26.807013016,0.001093016,1,1
tx,164,26.969760000,26.969760000,0.000000000,1,1
rx,164,26.969760000,26.970853016,0.001093016,1,1
tx,165,27.133600000,27.133600000,0.000000000,1,1
rx,165,27.133600000,27.134693016,0.001093016,1,1
tx,166,27.297440000,27.297440000,0.000000000,1,1
rx,166,27.297440000,27.298533016,0.001093016,1,1
tx,167,27.461280000,27.461280000,0.000000000,1,1
rx,167,27.461280000,27.462373016,0.001093016,1,1
tx,168,27.625120000,27.625120000,0.000000000,1,1
rx,168,27.625120000,27.626213016,0.001093016,1,1
tx,169,27.788960000,27.788960000,0.000000000,1,1
rx,169,27.788960000,27.790053016,0.001093016,1,1
tx,170,27.952800000,27.952800000,0.000000000,1,1
rx,170,27.952800000,27.953893016,0.001093016,1,1
tx,171,28.116640000,28.116640000,0.000000000,1,1
rx,171,28.116640000,28.117733016,0.001093016,1,1
tx,172,28.280480000,28.280480000,0.000000000,1,1
rx,172,28.280480000,28.281573016,0.001093016,1,1
tx,173,28.444320000,28.444320000,0.000000000,1,1
rx,173,28.444320000,28.445413016,0.001093016,1,1
tx,174,28.608160000,28.608160000,0.000000000,1,1
rx,174,28.608160000,28.609253016,0.001093016,1,1
tx,175,28.772000000,28.772000000,0.000000000,1,1
rx,175,28.772000000,28.773093016,0.001093016,1,1
tx,176,28.935840000,28.935840000,0.000000000,1,1
rx,176,28.935840000,28.936933016,0.001093016,1,1
tx,177,29.099680000,29.099680000,0.000000000,1,1
rx,177,29.099680000,29.100773016,0.001093016,1,1
tx,178,29.263520000,29.263520000,0.000000000,1,1
rx,178,29.263520000,29.264613016,0.001093016,1,1
tx,179,29.427360000,29.427360000,0.000000000,1,1
rx,179,29.427360000,29.428453016,0.001093016,1,1
tx,180,29.591200000,29.591200000,0.000000000,1,1
rx,180,29.591200000,29.592293016,0.001093016,1,1
tx,181,29.755040000,29.755040000,0.000000000,1,1
rx,181,29.755040000,29.756133016,0.001093016,1,1
tx,182,29.918880000,29.918880000,0.000000000,1,1
rx,182,29.918880000,29.919973016,0.001093016,1,1
tx,183,30.082720000,30.082720000,0.000000000,1,1
rx,183,30.082720000,30.083813016,0.001093016,1,1
tx,184,30.246560000,30.246560000,0.000000000,1,1
rx,184,30.246560000,30.247653016,0.001093016,1,1
tx,185,30.410400000,30.410400000,0.000000000,1,1
rx,185,30.410400000,30.411493016,0.001093016,1,1
tx,186,30.574240000,30.574240000,0.000000000,1,1
rx,186,30.574240000,30.575333016,0.001093016,1,1
tx,187,30.738080000,30.738080000,0.000000000,1,1
rx,187,30.738080000,30.739173016,0.001093016,1,1
tx,188,30.901920000,30.901920000,0.000000000,1,1
rx,188,30.901920000,30.903013016,0.001093016,1,1
tx,189,31.065760000,31.065760000,0.000000000,1,1
rx,189,31.065760000,31.066853016,0.001093016,1,1
tx,190,31.229600000,31.229600000,0.000000000,1,1
rx,190,31.229600000,31.230693016,0.001093016,1,1
tx,191,31.393440000,31.393440000,0.000000000,1,1
rx,191,31.393440000,31.394533016,0.001093016,1,1
tx,192,31.557280000,31.557280000,0.000000000,1,1
rx,192,31.557280000,31.558373016,0.001093016,1,1
tx,193,31.721120000,31.721120000,0.000000000,1,1
rx,193,31.721120000,31.722213016,0.001093016,1,1
tx,194,31.884960000,31.884960000,0.000000000,1,1
rx,194,31.884960000,31.886053016,0.001093016,1,1
tx,195,32.048800000,32.048800000,0.000000000,1,1
rx,195,32.048800000,32.049893016,0.001093016,1,1
tx,196,32.212640000,32.212640000,0.000000000,1,1
rx,196,32.212640000,32.213733016,0.001093016,1,1
tx,197,32.376480000,32.376480000,0.000000000,1,1
rx,197,32.376480000,32.377573016,0.001093016,1,1
tx,198,32.540320000,32.540320000,0.000000000,1,1
rx,198,32.540320000,32.541413016,0.001093016,1,1
tx,199,32.704160000,32.704160000,0.000000000,1,1
rx,199,32.704160000,32.705253016,0.001093016,1,1
tx,200,32.868000000,32.868000000,0.000000000,1,1
rx,200,32.868000000,32.869093016,0.001093016,1,1
tx,201,33.031840000,33.031840000,0.000000000,1,1
rx,201,33.031840000,33.032933016,0.001093016,1,1
tx,202,33.195680000,33.195680000,0.000000000,1,1
rx,202,33.195680000,33.196773016,0.001093016,1,1
tx,203,33.359520000,33.359520000,0.000000000,1,1
rx,203,33.359520000,33.360613016,0.001093016,1,1
tx,204,33.523360000,33.523360000,0.000000000,1,1
rx,204,33.523360000,33.524453016,0.001093016,1,1
tx,205,33.687200000,33.687200000,0.000000000,1,1
rx,205,33.687200000,33.688293016,0.001093016,1,1
tx,206,33.851040000,33.851040000,0.000000000,1,1
rx,206,33.851040000,33.852133016,0.001093016,1,1
tx,207,34.014880000,34.014880000,0.000000000,1,1
rx,207,34.014880000,34.015973016,0.001093016,1,1
tx,208,34.178720000,34.178720000,0.000000000,1,1
rx,208,34.178720000,34.179813016,0.001093016,1,1
tx,209,34.342560000,34.342560000,0.000000000,1,1
rx,209,34.342560000,34.343653016,0.001093016,1,1
tx,210,34.506400000,34.506400000,0.000000000,1,1
rx,210,34.506400000,34.507493016,0.001093016,1,1
tx,211,34.670240000,34.670240000,0.000000000,1,1
rx,211,34.670240000,34.671333016,0.001093016,1,1
tx,212,34.834080000,34.834080000,0.000000000,1,1
rx,212,34.834080000,34.835173016,0.001093016,1,1
tx,213,34.997920000,34.997920000,0.000000000,1,1
rx,213,34.997920000,34.999013016,0.001093016,1,1
tx,214,35.161760000,35.161760000,0.000000000,1,1
rx,214,35.161760000,35.162853016,0.001093016,1,1
tx,215,35.325600000,35.325600000,0.000000000,1,1
rx,215,35.325600000,35.326693016,0.001093016,1,1
tx,216,35.489440000,35.489440000,0.000000000,1,1
rx,216,35.489440000,35.490533016,0.001093016,1,1
tx,217,35.653280000,35.653280000,0.000000000,1,1
rx,217,35.653280000,35.654373016,0.001093016,1,1
tx,218,35.817120000,35.817120000,0.000000000,1,1
rx,218,35.817120000,35.818213016,0.001093016,1,1
tx,219,35.980960000,35.980960000,0.000000000,1,1
rx,219,35.980960000,35.982053016,0.001093016,1,1
tx,220,36.144800000,36.144800000,0.000000000,1,1
rx,220,36.144800000,36.145893016,0.001093016,1,1
tx,221,36.308640000,36.308640000,0.000000000,1,1
rx,221,36.308640000,36.309733016,0.001093016,1,1
tx,222,36.472480000,36.472480000,0.000000000,1,1
rx,222,36.472480000,36.473573016,0.001093016,1,1
tx,223,36.636320000,36.636320000,0.000000000,1,1
rx,223,36.636320000,36.637413016,0.001093016,1,1
tx,224,36.800160000,36.800160000,0.000000000,1,1
rx,224,36.800160000,36.801253016,0.001093016,1,1
tx,225,36.964000000,36.964000000,0.000000000,1,1
rx,225,36.964000000,36.965093016,0.001093016,1,1
tx,226,37.127840000,37.127840000,0.000000000,1,1
rx,226,37.127840000,37.128933016,0.001093016,1,1
tx,227,37.291680000,37.291680000,0.000000000,1,1
rx,227,37.291680000,37.292773016,0.001093016,1,1
tx,228,37.455520000,37.455520000,0.000000000,1,1
rx,228,37.455520000,37.456613016,0.001093016,1,1
tx,229,37.619360000,37.619360000,0.000000000,1,1
rx,229,37.619360000,37.620453016,0.001093016,1,1
tx,230,37.783200000,37.783200000,0.000000000,1,1
rx,230,37.783200000,37.784293016,0.001093016,1,1
tx,231,37.947040000,37.947040000,0.000000000,1,1
rx,231,37.947040000,37.948133016,0.001093016,1,1
tx,232,38.110880000,38.110880000,0.000000000,1,1
rx,232,38.110880000,38.111973016,0.001093016,1,1
tx,233,38.274720000,38.274720000,0.000000000,1,1
rx,233,38.274720000,38.275813016,0.001093016,1,1
tx,234,38.438560000,38.438560000,0.000000000,1,1
rx,234,38.438560000,38.439653016,0.001093016,1,1
tx,235,38.602400000,38.602400000,0.000000000,1,1
rx,235,38.602400000,38.603493016,0.001093016,1,1
tx,236,38.766240000,38.766240000,0.000000000,1,1
rx,236,38.766240000,38.767333016,0.001093016,1,1
tx,237,38.930080000,38.930080000,0.000000000,1,1
rx,237,38.930080000,38.931173016,0.001093016,1,1
tx,238,39.093920000,39.093920000,0.000000000,1,1
rx,238,39.093920000,39.095013016,0.001093016,1,1
tx,239,39.257760000,39.257760000,0.000000000,1,1
rx,239,39.257760000,39.258853016,0.001093016,1,1
tx,240,39.421600000,39.421600000,0.000000000,1,1
rx,240,39.421600000,39.422693016,0.001093016,1,1
tx,241,39.585440000,39.585440000,0.000000000,1,1
rx,241,39.585440000,39.586533016,0.001093016,1,1
tx,242,39.749280000,39.749280000,0.000000000,1,1
rx,242,39.749280000,39.750373016,0.001093016,1,1
tx,243,39.913120000,39.913120000,0.000000000,1,1
rx,243,39.913120000,39.914213016,0.001093016,1,1
tx,244,40.076960000,40.076960000,0.000000000,1,1
rx,244,40.076960000,40.078053016,0.001093016,1,1
tx,245,40.240800000,40.240800000,0.000000000,1,1
rx,245,40.240800000,40.241893016,0.001093016,1,1
tx,246,40.404640000,40.404640000,0.000000000,1,1
rx,246,40.404640000,40.405733016,0.001093016,1,1
tx,247,40.568480000,40.568480000,0.000000000,1,1
rx,247,40.568480000,40.569573016,0.001093016,1,1
tx,248,40.732320000,40.732320000,0.000000000,1,1
rx,248,40.732320000,40.733413016,0.001093016,1,1
tx,249,40.896160000,40.896160000,0.000000000,1,1
rx,249,40.896160000,40.897253016,0.001093016,1,1
tx,250,41.060000000,41.060000000,0.000000000,1,1
rx,250,41.060000000,41.061093016,0.001093016,1,1
tx,251,41.223840000,41.223840000,0.000000000,1,1
rx,251,41.223840000,41.224933016,0.001093016,1,1
tx,252,41.387680000,41.387680000,0.000000000,1,1
rx,252,41.387680000,41.388773016,0.001093016,1,1
tx,253,41.551520000,41.551520000,0.000000000,1,1
rx,253,41.551520000,41.552613016,0.001093016,1,1
tx,254,41.715360000,41.715360000,0.000000000,1,1
rx,254,41.715360000,41.716453016,0.001093016,1,1
tx,255,41.879200000,41.879200000,0.000000000,1,1
rx,255,41.879200000,41.880293016,0.001093016,1,1
tx,256,42.043040000,42.043040000,0.000000000,1,1
rx,256,42.043040000,42.044133016,0.001093016,1,1
tx,257,42.206880000,42.206880000,0.000000000,1,1
rx,257,42.206880000,42.207973016,0.001093016,1,1
tx,258,42.370720000,42.370720000,0.000000000,1,1
rx,258,42.370720000,42.371813016,0.001093016,1,1
tx,259,42.534560000,42.534560000,0.000000000,1,1
rx,259,42.534560000,42.535653016,0.001093016,1,1
tx,260,42.698400000,42.698400000,0.000000000,1,1
rx,260,42.698400000,42.699493016,0.001093016,1,1
tx,261,42.862240000,42.862240000,0.000000000,1,1
rx,261,42.862240000,42.863333016,0.001093016,1,1
tx,262,43.026080000,43.026080000,0.000000000,1,1
rx,262,43.026080000,43.027173016,0.001093016,1,1
tx,263,43.189920000,43.189920000,0.000000000,1,1
rx,263,43.189920000,43.191013016,0.001093016,1,1
tx,264,43.353760000,43.353760000,0.000000000,1,1
rx,264,43.353760000,43.354853016,0.001093016,1,1
tx,265,43.517600000,43.517600000,0.000000000,1,1
rx,265,43.517600000,43.518693016,0.001093016,1,1
tx,266,43.681440000,43.681440000,0.000000000,1,1
rx,266,43.681440000,43.682533016,0.001093016,1,1
tx,267,43.845280000,43.845280000,0.000000000,1,1
rx,267,43.845280000,43.846373016,0.001093016,1,1
tx,268,44.009120000,44.009120000,0.000000000,1,1
rx,268,44.009120000,44.010213016,0.001093016,1,1
tx,269,44.172960000,44.172960000,0.000000000,1,1
rx,269,44.172960000,44.174053016,0.001093016,1,1
tx,270,44.336800000,44.336800000,0.000000000,1,1
rx,270,44.336800000,44.337893016,0.001093016,1,1
tx,271,44.500640000,44.500640000,0.000000000,1,1
rx,271,44.500640000,44.501733016,0.001093016,1,1
tx,272,44.664480000,44.664480000,0.000000000,1,1
rx,272,44.664480000,44.665573016,0.001093016,1,1
tx,273,44.828320000,44.828320000,0.000000000,1,1
rx,273,44.828320000,44.829413016,0.001093016,1,1
tx,274,44.992160000,44.992160000,0.000000000,1,1
rx,274,44.992160000,44.993253016,0.001093016,1,1
tx,275,45.156000000,45.156000000,0.000000000,1,1
rx,275,45.156000000,45.157093016,0.001093016,1,1
tx,276,45.319840000,45.319840000,0.000000000,1,1
rx,276,45.319840000,45.320933016,0.001093016,1,1
tx,277,45.483680000,45.483680000,0.000000000,1,1
rx,277,45.483680000,45.484773016,0.001093016,1,1
tx,278,45.647520000,45.647520000,0.000000000,1,1
rx,278,45.647520000,45.648613016,0.001093016,1,1
tx,279,45.811360000,45.811360000,0.000000000,1,1
rx,279,45.811360000,45.812453016,0.001093016,1,1
tx,280,45.975200000,45.975200000,0.000000000,1,1
rx,280,45.975200000,45.976293016,0.001093016,1,1
tx,281,46.139040000,46.139040000,0.000000000,1,1
rx,281,46.139040000,46.140133016,0.001093016,1,1
tx,282,46.302880000,46.302880000,0.000000000,1,1
rx,282,46.302880000,46.303973016,0.001093016,1,1
tx,283,46.466720000,46.466720000,0.000000000,1,1
rx,283,46.466720000,46.467813016,0.001093016,1,1
tx,284,46.630560000,46.630560000,0.000000000,1,1
rx,284,46.630560000,46.631653016,0.001093016,1,1
tx,285,46.794400000,46.794400000,0.000000000,1,1
rx,285,46.794400000,46.795493016,0.001093016,1,1
tx,286,46.958240000,46.958240000,0.000000000,1,1
rx,286,46.958240000,46.959333016,0.001093016,1,1
tx,287,47.122080000,47.122080000,0.000000000,1,1
rx,287,47.122080000,47.123173016,0.001093016,1,1
tx,288,47.285920000,47.285920000,0.000000000,1,1
rx,288,47.285920000,47.287013016,0.001093016,1,1
tx,289,47.449760000,47.449760000,0.000000000,1,1
rx,289,47.449760000,47.450853016,0.001093016,1,1
tx,290,47.613600000,47.613600000,0.000000000,1,1
rx,290,47.613600000,47.614693016,0.001093016,1,1
tx,291,47.777440000,47.777440000,0.000000000,1,1
rx,291,47.777440000,47.778533016,0.001093016,1,1
tx,292,47.941280000,47.941280000,0.000000000,1,1
rx,292,47.941280000,47.942373016,0.001093016,1,1
tx,293,48.105120000,48.105120000,0.000000000,1,1
rx,293,48.105120000,48.106213016,0.001093016,1,1
tx,294,48.268960000,48.268960000,0.000000000,1,1
rx,294,48.268960000,48.270053016,0.001093016,1,1
tx,295,48.432800000,48.432800000,0.000000000,1,1
rx,295,48.432800000,48.433893016,0.001093016,1,1
tx,296,48.596640000,48.596640000,0.000000000,1,1
rx,296,48.596640000,48.597733016,0.001093016,1,1
tx,297,48.760480000,48.760480000,0.000000000,1,1
rx,297,48.760480000,48.761573016,0.001093016,1,1
tx,298,48.924320000,48.924320000,0.000000000,1,1
rx,298,48.924320000,48.925413016,0.001093016,1,1
tx,299,49.088160000,49.088160000,0.000000000,1,1
rx,299,49.088160000,49.089253016,0.001093016,1,1
tx,300,49.252000000,49.252000000,0.000000000,1,1
rx,300,49.252000000,49.253093016,0.001093016,1,1
tx,301,49.415840000,49.415840000,0.000000000,1,1
rx,301,49.415840000,49.416933016,0.001093016,1,1
tx,302,49.579680000,49.579680000,0.000000000,1,1
rx,302,49.579680000,49.580773016,0.001093016,1,1
tx,303,49.743520000,49.743520000,0.000000000,1,1
rx,303,49.743520000,49.744613016,0.001093016,1,1
tx,304,49.907360000,49.907360000,0.000000000,1,1
rx,304,49.907360000,49.908453016,0.001093016,1,1
tx,305,50.071200000,50.071200000,0.000000000,1,1
rx,305,50.071200000,50.072293016,0.001093016,1,1
tx,306,50.235040000,50.235040000,0.000000000,1,1
rx,306,50.235040000,50.236133016,0.001093016,1,1
tx,307,50.398880000,50.398880000,0.000000000,1,1
rx,307,50.398880000,50.399973016,0.001093016,1,1
tx,308,50.562720000,50.562720000,0.000000000,1,1
rx,308,50.562720000,50.563813016,0.001093016,1,1
tx,309,50.726560000,50.726560000,0.000000000,1,1
rx,309,50.726560000,50.727653016,0.001093016,1,1
tx,310,50.890400000,50.890400000,0.000000000,1,1
rx,310,50.890400000,50.891493016,0.001093016,1,1
tx,311,51.054240000,51.054240000,0.000000000,1,1
rx,311,51.054240000,51.055333016,0.001093016,1,1
tx,312,51.218080000,51.218080000,0.000000000,1,1
rx,312,51.218080000,51.219173016,0.001093016,1,1
tx,313,51.381920000,51.381920000,0.000000000,1,1
rx,313,51.381920000,51.383013016,0.001093016,1,1
tx,314,51.545760000,51.545760000,0.000000000,1,1
rx,314,51.545760000,51.546853016,0.001093016,1,1
tx,315,51.709600000,51.709600000,0.000000000,1,1
rx,315,51.709600000,51.710693016,0.001093016,1,1
tx,316,51.873440000,51.873440000,0.000000000,1,1
rx,316,51.873440000,51.874533016,0.001093016,1,1
tx,317,52.037280000,52.037280000,0.000000000,1,1
rx,317,52.037280000,52.038373016,0.001093016,1,1
tx,318,52.201120000,52.201120000,0.000000000,1,1
rx,318,52.201120000,52.202213016,0.001093016,1,1
tx,319,52.364960000,52.364960000,0.000000000,1,1
rx,319,52.364960000,52.366053016,0.001093016,1,1
tx,320,52.528800000,52.528800000,0.000000000,1,1
rx,320,52.528800000,52.529893016,0.001093016,1,1
tx,321,52.692640000,52.692640000,0.000000000,1,1
rx,321,52.692640000,52.693733016,0.001093016,1,1
tx,322,52.856480000,52.856480000,0.000000000,1,1
rx,322,52.856480000,52.857573016,0.001093016,1,1
tx,323,53.020320000,53.020320000,0.000000000,1,1
rx,323,53.020320000,53.021413016,0.001093016,1,1
tx,324,53.184160000,53.184160000,0.000000000,1,1
rx,324,53.184160000,53.185253016,0.001093016,1,1
tx,325,53.348000000,53.348000000,0.000000000,1,1
rx,325,53.348000000,53.349093016,0.001093016,1,1
tx,326,53.511840000,53.511840000,0.000000000,1,1
rx,326,53.511840000,53.512933016,0.001093016,1,1
tx,327,53.675680000,53.675680000,0.000000000,1,1
rx,327,53.675680000,53.676773016,0.001093016,1,1
tx,328,53.839520000,53.839520000,0.000000000,1,1
rx,328,53.839520000,53.840613016,0.001093016,1,1
tx,329,54.003360000,54.003360000,0.000000000,1,1
rx,329,54.003360000,54.004453016,0.001093016,1,1
tx,330,54.167200000,54.167200000,0.000000000,1,1
rx,330,54.167200000,54.168293016,0.001093016,1,1
tx,331,54.331040000,54.331040000,0.000000000,1,1
rx,331,54.331040000,54.332133016,0.001093016,1,1
tx,332,54.494880000,54.494880000,0.000000000,1,1
rx,332,54.494880000,54.495973016,0.001093016,1,1
tx,333,54.658720000,54.658720000,0.000000000,1,1
rx,333,54.658720000,54.659813016,0.001093016,1,1
tx,334,54.822560000,54.822560000,0.000000000,1,1
rx,334,54.822560000,54.823653016,0.001093016,1,1
tx,335,54.986400000,54.986400000,0.000000000,1,1
rx,335,54.986400000,54.987493016,0.001093016,1,1
tx,336,55.150240000,55.150240000,0.000000000,1,1
rx,336,55.150240000,55.151333016,0.001093016,1,1
tx,337,55.314080000,55.314080000,0.000000000,1,1
rx,337,55.314080000,55.315173016,0.001093016,1,1
tx,338,55.477920000,55.477920000,0.000000000,1,1
rx,338,55.477920000,55.479013016,0.001093016,1,1
tx,339,55.641760000,55.641760000,0.000000000,1,1
rx,339,55.641760000,55.642853016,0.001093016,1,1
tx,340,55.805600000,55.805600000,0.000000000,1,1
rx,340,55.805600000,55.806693016,0.001093016,1,1
tx,341,55.969440000,55.969440000,0.000000000,1,1
rx,341,55.969440000,55.970533016,0.001093016,1,1
tx,342,56.133280000,56.133280000,0.000000000,1,1
rx,342,56.133280000,56.134373016,0.001093016,1,1
tx,343,56.297120000,56.297120000,0.000000000,1,1
rx,343,56.297120000,56.298213016,0.001093016,1,1
tx,344,56.460960000,56.460960000,0.000000000,1,1
rx,344,56.460960000,56.462053016,0.001093016,1,1
tx,345,56.624800000,56.624800000,0.000000000,1,1
rx,345,56.624800000,56.625893016,0.001093016,1,1
tx,346,56.788640000,56.788640000,0.000000000,1,1
rx,346,56.788640000,56.789733016,0.001093016,1,1
tx,347,56.952480000,56.952480000,0.000000000,1,1
rx,347,56.952480000,56.953573016,0.001093016,1,1
tx,348,57.116320000,57.116320000,0.000000000,1,1
rx,348,57.116320000,57.117413016,0.001093016,1,1
tx,349,57.280160000,57.280160000,0.000000000,1,1
rx,349,57.280160000,57.281253016,0.001093016,1,1
tx,350,57.444000000,57.444000000,0.000000000,1,1
rx,350,57.444000000,57.445093016,0.001093016,1,1
tx,351,57.607840000,57.607840000,0.000000000,1,1
rx,351,57.607840000,57.608933016,0.001093016,1,1
tx,352,57.771680000,57.771680000,0.000000000,1,1
rx,352,57.771680000,57.772773016,0.001093016,1,1
tx,353,57.935520000,57.935520000,0.000000000,1,1
rx,353,57.935520000,57.936613016,0.001093016,1,1
tx,354,58.099360000,58.099360000,0.000000000,1,1
rx,354,58.099360000,58.100453016,0.001093016,1,1
tx,355,58.263200000,58.263200000,0.000000000,1,1
rx,355,58.263200000,58.264293016,0.001093016,1,1
tx,356,58.427040000,58.427040000,0.000000000,1,1
rx,356,58.427040000,58.428133016,0.001093016,1,1
tx,357,58.590880000,58.590880000,0.000000000,1,1
rx,357,58.590880000,58.591973016,0.001093016,1,1
tx,358,58.754720000,58.754720000,0.000000000,1,1
rx,358,58.754720000,58.755813016,0.001093016,1,1
tx,359,58.918560000,58.918560000,0.000000000,1,1
rx,359,58.918560000,58.919653016,0.001093016,1,1
tx,360,59.082400000,59.082400000,0.000000000,1,1
rx,360,59.082400000,59.083493016,0.001093016,1,1
tx,361,59.246240000,59.246240000,0.000000000,1,1
rx,361,59.246240000,59.247333016,0.001093016,1,1
tx,362,59.410080000,59.410080000,0.000000000,1,1
rx,362,59.410080000,59.411173016,0.001093016,1,1
tx,363,59.573920000,59.573920000,0.000000000,1,1
rx,363,59.573920000,59.575013016,0.001093016,1,1
tx,364,59.737760000,59.737760000,0.000000000,1,1
rx,364,59.737760000,59.738853016,0.001093016,1,1
tx,365,59.901600000,59.901600000,0.000000000,1,1
rx,365,59.901600000,59.902693016,0.001093016,1,1
tx,366,60.065440000,60.065440000,0.000000000,1,1
rx,366,60.065440000,60.066533016,0.001093016,1,1
tx,367,60.229280000,60.229280000,0.000000000,1,1
rx,367,60.229280000,60.230373016,0.001093016,1,1
tx,368,60.393120000,60.393120000,0.000000000,1,1
rx,368,60.393120000,60.394213016,0.001093016,1,1
tx,369,60.556960000,60.556960000,0.000000000,1,1
rx,369,60.556960000,60.558053016,0.001093016,1,1
tx,370,60.720800000,60.720800000,0.000000000,1,1
rx,370,60.720800000,60.721893016,0.001093016,1,1
tx,371,60.884640000,60.884640000,0.000000000,1,1
rx,371,60.884640000,60.885733016,0.001093016,1,1
tx,372,61.048480000,61.048480000,0.000000000,1,1
rx,372,61.048480000,61.049573016,0.001093016,1,1
tx,373,61.212320000,61.212320000,0.000000000,1,1
rx,373,61.212320000,61.213413016,0.001093016,1,1
tx,374,61.376160000,61.376160000,0.000000000,1,1
rx,374,61.376160000,61.377253016,0.001093016,1,1
tx,375,61.540000000,61.540000000,0.000000000,1,1
rx,375,61.540000000,61.541093016,0.001093016,1,1
tx,376,61.703840000,61.703840000,0.000000000,1,1
rx,376,61.703840000,61.704933016,0.001093016,1,1
tx,377,61.867680000,61.867680000,0.000000000,1,1
rx,377,61.867680000,61.868773016,0.001093016,1,1
tx,378,62.031520000,62.031520000,0.000000000,1,1
rx,378,62.031520000,62.032613016,0.001093016,1,1
tx,379,62.195360000,62.195360000,0.000000000,1,1
rx,379,62.195360000,62.196453016,0.001093016,1,1
tx,380,62.359200000,62.359200000,0.000000000,1,1
rx,380,62.359200000,62.360293016,0.001093016,1,1
tx,381,62.523040000,62.523040000,0.000000000,1,1
rx,381,62.523040000,62.524133016,0.001093016,1,1
tx,382,62.686880000,62.686880000,0.000000000,1,1
rx,382,62.686880000,62.687973016,0.001093016,1,1
tx,383,62.850720000,62.850720000,0.000000000,1,1
rx,383,62.850720000,62.851813016,0.001093016,1,1
tx,384,63.014560000,63.014560000,0.000000000,1,1
rx,384,63.014560000,63.015653016,0.001093016,1,1
tx,385,63.178400000,63.178400000,0.000000000,1,1
rx,385,63.178400000,63.179493016,0.001093016,1,1
tx,386,63.342240000,63.342240000,0.000000000,1,1
rx,386,63.342240000,63.343333016,0.001093016,1,1
tx,387,63.506080000,63.506080000,0.000000000,1,1
rx,387,63.506080000,63.507173016,0.001093016,1,1
tx,388,63.669920000,63.669920000,0.000000000,1,1
rx,388,63.669920000,63.671013016,0.001093016,1,1
tx,389,63.833760000,63.833760000,0.000000000,1,1
rx,389,63.833760000,63.834853016,0.001093016,1,1
tx,390,63.997600000,63.997600000,0.000000000,1,1
rx,390,63.997600000,63.998693016,0.001093016,1,1
tx,391,64.161440000,64.161440000,0.000000000,1,1
rx,391,64.161440000,64.162533016,0.001093016,1,1
tx,392,64.325280000,64.325280000,0.000000000,1,1
rx,392,64.325280000,64.326373016,0.001093016,1,1
tx,393,64.489120000,64.489120000,0.000000000,1,1
rx,393,64.489120000,64.490213016,0.001093016,1,1
tx,394,64.652960000,64.652960000,0.000000000,1,1
rx,394,64.652960000,64.654053016,0.001093016,1,1
tx,395,64.816800000,64.816800000,0.000000000,1,1
rx,395,64.816800000,64.817893016,0.001093016,1,1
tx,396,64.980640000,64.980640000,0.000000000,1,1
rx,396,64.980640000,64.981733016,0.001093016,1,1
tx,397,65.144480000,65.144480000,0.000000000,1,1
rx,397,65.144480000,65.145573016,0.001093016,1,1
tx,398,65.308320000,65.308320000,0.000000000,1,1
rx,398,65.308320000,65.309413016,0.001093016,1,1
tx,399,65.472160000,65.472160000,0.000000000,1,1
rx,399,65.472160000,65.473253016,0.001093016,1,1
tx,400,65.636000000,65.636000000,0.000000000,1,1
rx,400,65.636000000,65.637093016,0.001093016,1,1
tx,401,65.799840000,65.799840000,0.000000000,1,1
rx,401,65.799840000,65.800933016,0.001093016,1,1
tx,402,65.963680000,65.963680000,0.000000000,1,1
rx,402,65.963680000,65.964773016,0.001093016,1,1
tx,403,66.127520000,66.127520000,0.000000000,1,1
rx,403,66.127520000,66.128613016,0.001093016,1,1
tx,404,66.291360000,66.291360000,0.000000000,1,1
rx,404,66.291360000,66.292453016,0.001093016,1,1
tx,405,66.455200000,66.455200000,0.000000000,1,1
rx,405,66.455200000,66.456293016,0.001093016,1,1
tx,406,66.619040000,66.619040000,0.000000000,1,1
rx,406,66.619040000,66.620133016,0.001093016,1,1
tx,407,66.782880000,66.782880000,0.000000000,1,1
rx,407,66.782880000,66.783973016,0.001093016,1,1
tx,408,66.946720000,66.946720000,0.000000000,1,1
rx,408,66.946720000,66.947813016,0.001093016,1,1
tx,409,67.110560000,67.110560000,0.000000000,1,1
rx,409,67.110560000,67.111653016,0.001093016,1,1
tx,410,67.274400000,67.274400000,0.000000000,1,1
rx,410,67.274400000,67.275493016,0.001093016,1,1
tx,411,67.438240000,67.438240000,0.000000000,1,1
rx,411,67.438240000,67.439333016,0.001093016,1,1
tx,412,67.602080000,67.602080000,0.000000000,1,1
rx,412,67.602080000,67.603173016,0.001093016,1,1
tx,413,67.765920000,67.765920000,0.000000000,1,1
rx,413,67.765920000,67.767013016,0.001093016,1,1
tx,414,67.929760000,67.929760000,0.000000000,1,1
rx,414,67.929760000,67.930853016,0.001093016,1,1
tx,415,68.093600000,68.093600000,0.000000000,1,1
rx,415,68.093600000,68.094693016,0.001093016,1,1
tx,416,68.257440000,68.257440000,0.000000000,1,1
rx,416,68.257440000,68.258533016,0.001093016,1,1
tx,417,68.421280000,68.421280000,0.000000000,1,1
rx,417,68.421280000,68.422373016,0.001093016,1,1
tx,418,68.585120000,68.585120000,0.000000000,1,1
rx,418,68.585120000,68.586213016,0.001093016,1,1
tx,419,68.748960000,68.748960000,0.000000000,1,1
rx,419,68.748960000,68.750053016,0.001093016,1,1
tx,420,68.912800000,68.912800000,0.000000000,1,1
rx,420,68.912800000,68.913893016,0.001093016,1,1
tx,421,69.076640000,69.076640000,0.000000000,1,1
rx,421,69.076640000,69.077733016,0.001093016,1,1
tx,422,69.240480000,69.240480000,0.000000000,1,1
rx,422,69.240480000,69.241573016,0.001093016,1,1
tx,423,69.404320000,69.404320000,0.000000000,1,1
rx,423,69.404320000,69.405413016,0.001093016,1,1
tx,424,69.568160000,69.568160000,0.000000000,1,1
rx,424,69.568160000,69.569253016,0.001093016,1,1
tx,425,69.732000000,69.732000000,0.000000000,1,1
rx,425,69.732000000,69.733093016,0.001093016,1,1
tx,426,69.895840000,69.895840000,0.000000000,1,1
rx,426,69.895840000,69.896933016,0.001093016,1,1
tx,427,70.059680000,70.059680000,0.000000000,1,1
rx,427,70.059680000,70.060773016,0.001093016,1,1
tx,428,70.223520000,70.223520000,0.000000000,1,1
rx,428,70.223520000,70.224613016,0.001093016,1,1
tx,429,70.387360000,70.387360000,0.000000000,1,1
rx,429,70.387360000,70.388453016,0.001093016,1,1
tx,430,70.551200000,70.551200000,0.000000000,1,1
rx,430,70.551200000,70.552293016,0.001093016,1,1
tx,431,70.715040000,70.715040000,0.000000000,1,1
rx,431,70.715040000,70.716133016,0.001093016,1,1
tx,432,70.878880000,70.878880000,0.000000000,1,1
rx,432,70.878880000,70.879973016,0.001093016,1,1
tx,433,71.042720000,71.042720000,0.000000000,1,1
rx,433,71.042720000,71.043813016,0.001093016,1,1
tx,434,71.206560000,71.206560000,0.000000000,1,1
rx,434,71.206560000,71.207653016,0.001093016,1,1
tx,435,71.370400000,71.370400000,0.000000000,1,1
rx,435,71.370400000,71.371493016,0.001093016,1,1
tx,436,71.534240000,71.534240000,0.000000000,1,1
rx,436,71.534240000,71.535333016,0.001093016,1,1
tx,437,71.698080000,71.698080000,0.000000000,1,1
rx,437,71.698080000,71.699173016,0.001093016,1,1
tx,438,71.861920000,71.861920000,0.000000000,1,1
rx,438,71.861920000,71.863013016,0.001093016,1,1
tx,439,72.025760000,72.025760000,0.000000000,1,1
rx,439,72.025760000,72.026853016,0.001093016,1,1
tx,440,72.189600000,72.189600000,0.000000000,1,1
rx,440,72.189600000,72.190693016,0.001093016,1,1
tx,441,72.353440000,72.353440000,0.000000000,1,1
rx,441,72.353440000,72.354533016,0.001093016,1,1
tx,442,72.517280000,72.517280000,0.000000000,1,1
rx,442,72.517280000,72.518373016,0.001093016,1,1
tx,443,72.681120000,72.681120000,0.000000000,1,1
rx,443,72.681120000,72.682213016,0.001093016,1,1
tx,444,72.844960000,72.844960000,0.000000000,1,1
rx,444,72.844960000,72.846053016,0.001093016,1,1
tx,445,73.008800000,73.008800000,0.000000000,1,1
rx,445,73.008800000,73.009893016,0.001093016,1,1
tx,446,73.172640000,73.172640000,0.000000000,1,1
rx,446,73.172640000,73.173733016,0.001093016,1,1
tx,447,73.336480000,73.336480000,0.000000000,1,1
rx,447,73.336480000,73.337573016,0.001093016,1,1
tx,448,73.500320000,73.500320000,0.000000000,1,1
rx,448,73.500320000,73.501413016,0.001093016,1,1
tx,449,73.664160000,73.664160000,0.000000000,1,1
rx,449,73.664160000,73.665253016,0.001093016,1,1
tx,450,73.828000000,73.828000000,0.000000000,1,1
rx,450,73.828000000,73.829093016,0.001093016,1,1
tx,451,73.991840000,73.991840000,0.000000000,1,1
rx,451,73.991840000,73.992933016,0.001093016,1,1
tx,452,74.155680000,74.155680000,0.000000000,1,1
rx,452,74.155680000,74.156773016,0.001093016,1,1
tx,453,74.319520000,74.319520000,0.000000000,1,1
rx,453,74.319520000,74.320613016,0.001093016,1,1
tx,454,74.483360000,74.483360000,0.000000000,1,1
rx,454,74.483360000,74.484453016,0.001093016,1,1
tx,455,74.647200000,74.647200000,0.000000000,1,1
rx,455,74.647200000,74.648293016,0.001093016,1,1
tx,456,74.811040000,74.811040000,0.000000000,1,1
rx,456,74.811040000,74.812133016,0.001093016,1,1
tx,457,74.974880000,74.974880000,0.000000000,1,1
rx,457,74.974880000,74.975973016,0.001093016,1,1
tx,458,75.138720000,75.138720000,0.000000000,1,1
rx,458,75.138720000,75.139813016,0.001093016,1,1
tx,459,75.302560000,75.302560000,0.000000000,1,1
rx,459,75.302560000,75.303653016,0.001093016,1,1
tx,460,75.466400000,75.466400000,0.000000000,1,1
rx,460,75.466400000,75.467493016,0.001093016,1,1
tx,461,75.630240000,75.630240000,0.000000000,1,1
rx,461,75.630240000,75.631333016,0.001093016,1,1
tx,462,75.794080000,75.794080000,0.000000000,1,1
rx,462,75.794080000,75.795173016,0.001093016,1,1
tx,463,75.957920000,75.957920000,0.000000000,1,1
rx,463,75.957920000,75.959013016,0.001093016,1,1
tx,464,76.121760000,76.121760000,0.000000000,1,1
rx,464,76.121760000,76.122853016,0.001093016,1,1
tx,465,76.285600000,76.285600000,0.000000000,1,1
rx,465,76.285600000,76.286693016,0.001093016,1,1
tx,466,76.449440000,76.449440000,0.000000000,1,1
rx,466,76.449440000,76.450533016,0.001093016,1,1
tx,467,76.613280000,76.613280000,0.000000000,1,1
rx,467,76.613280000,76.614373016,0.001093016,1,1
tx,468,76.777120000,76.777120000,0.000000000,1,1
rx,468,76.777120000,76.778213016,0.001093016,1,1
tx,469,76.940960000,76.940960000,0.000000000,1,1
rx,469,76.940960000,76.942053016,0.001093016,1,1
tx,470,77.104800000,77.104800000,0.000000000,1,1
rx,470,77.104800000,77.105893016,0.001093016,1,1
tx,471,77.268640000,77.268640000,0.000000000,1,1
rx,471,77.268640000,77.269733016,0.001093016,1,1
tx,472,77.432480000,77.432480000,0.000000000,1,1
rx,472,77.432480000,77.433573016,0.001093016,1,1
tx,473,77.596320000,77.596320000,0.000000000,1,1
rx,473,77.596320000,77.597413016,0.001093016,1,1
tx,474,77.760160000,77.760160000,0.000000000,1,1
rx,474,77.760160000,77.761253016,0.001093016,1,1
tx,475,77.924000000,77.924000000,0.000000000,1,1
rx,475,77.924000000,77.925093016,0.001093016,1,1
tx,476,78.087840000,78.087840000,0.000000000,1,1
rx,476,78.087840000,78.088933016,0.001093016,1,1
tx,477,78.251680000,78.251680000,0.000000000,1,1
rx,477,78.251680000,78.252773016,0.001093016,1,1
tx,478,78.415520000,78.415520000,0.000000000,1,1
rx,478,78.415520000,78.416613016,0.001093016,1,1
tx,479,78.579360000,78.579360000,0.000000000,1,1
rx,479,78.579360000,78.580453016,0.001093016,1,1
tx,480,78.743200000,78.743200000,0.000000000,1,1
rx,480,78.743200000,78.744293016,0.001093016,1,1
tx,481,78.907040000,78.907040000,0.000000000,1,1
rx,481,78.907040000,78.908133016,0.001093016,1,1
tx,482,79.070880000,79.070880000,0.000000000,1,1
rx,482,79.070880000,79.071973016,0.001093016,1,1
tx,483,79.234720000,79.234720000,0.000000000,1,1
rx,483,79.234720000,79.235813016,0.001093016,1,1
tx,484,79.398560000,79.398560000,0.000000000,1,1
rx,484,79.398560000,79.399653016,0.001093016,1,1
tx,485,79.562400000,79.562400000,0.000000000,1,1
rx,485,79.562400000,79.563493016,0.001093016,1,1
tx,486,79.726240000,79.726240000,0.000000000,1,1
rx,486,79.726240000,79.727333016,0.001093016,1,1
tx,487,79.890080000,79.890080000,0.000000000,1,1
rx,487,79.890080000,79.891173016,0.001093016,1,1
tx,488,80.053920000,80.053920000,0.000000000,1,1
rx,488,80.053920000,80.055013016,0.001093016,1,1
tx,489,80.217760000,80.217760000,0.000000000,1,1
rx,489,80.217760000,80.218853016,0.001093016,1,1
tx,490,80.381600000,80.381600000,0.000000000,1,1
rx,490,80.381600000,80.382693016,0.001093016,1,1
tx,491,80.545440000,80.545440000,0.000000000,1,1
rx,491,80.545440000,80.546533016,0.001093016,1,1
tx,492,80.709280000,80.709280000,0.000000000,1,1
rx,492,80.709280000,80.710373016,0.001093016,1,1
tx,493,80.873120000,80.873120000,0.000000000,1,1
rx,493,80.873120000,80.874213016,0.001093016,1,1
tx,494,81.036960000,81.036960000,0.000000000,1,1
rx,494,81.036960000,81.038053016,0.001093016,1,1
tx,495,81.200800000,81.200800000,0.000000000,1,1
rx,495,81.200800000,81.201893016,0.001093016,1,1
tx,496,81.364640000,81.364640000,0.000000000,1,1
rx,496,81.364640000,81.365733016,0.001093016,1,1
tx,497,81.528480000,81.528480000,0.000000000,1,1
rx,497,81.528480000,81.529573016,0.001093016,1,1
tx,498,81.692320000,81.692320000,0.000000000,1,1
rx,498,81.692320000,81.693413016,0.001093016,1,1
tx,499,81.856160000,81.856160000,0.000000000,1,1
rx,499,81.856160000,81.857253016,0.001093016,1,1
tx,500,82.020000000,82.020000000,0.000000000,1,1
rx,500,82.020000000,82.021093016,0.001093016,1,1
tx,501,82.183840000,82.183840000,0.000000000,1,1
rx,501,82.183840000,82.184933016,0.001093016,1,1
tx,502,82.347680000,82.347680000,0.000000000,1,1
rx,502,82.347680000,82.348773016,0.001093016,1,1
tx,503,82.511520000,82.511520000,0.000000000,1,1
rx,503,82.511520000,82.512613016,0.001093016,1,1
tx,504,82.675360000,82.675360000,0.000000000,1,1
rx,504,82.675360000,82.676453016,0.001093016,1,1
tx,505,82.839200000,82.839200000,0.000000000,1,1
rx,505,82.839200000,82.840293016,0.001093016,1,1
tx,506,83.003040000,83.003040000,0.000000000,1,1
rx,506,83.003040000,83.004133016,0.001093016,1,1
tx,507,83.166880000,83.166880000,0.000000000,1,1
rx,507,83.166880000,83.167973016,0.001093016,1,1
tx,508,83.330720000,83.330720000,0.000000000,1,1
rx,508,83.330720000,83.331813016,0.001093016,1,1
tx,509,83.494560000,83.494560000,0.000000000,1,1
rx,509,83.494560000,83.495653016,0.001093016,1,1
tx,510,83.658400000,83.658400000,0.000000000,1,1
rx,510,83.658400000,83.659493016,0.001093016,1,1
tx,511,83.822240000,83.822240000,0.000000000,1,1
rx,511,83.822240000,83.823333016,0.001093016,1,1
tx,512,83.986080000,83.986080000,0.000000000,1,1
rx,512,83.986080000,83.987173016,0.001093016,1,1
tx,513,84.149920000,84.149920000,0.000000000,1,1
rx,513,84.149920000,84.151013016,0.001093016,1,1
tx,514,84.313760000,84.313760000,0.000000000,1,1
rx,514,84.313760000,84.314853016,0.001093016,1,1
tx,515,84.477600000,84.477600000,0.000000000,1,1
rx,515,84.477600000,84.478693016,0.001093016,1,1
tx,516,84.641440000,84.641440000,0.000000000,1,1
rx,516,84.641440000,84.642533016,0.001093016,1,1
tx,517,84.805280000,84.805280000,0.000000000,1,1
rx,517,84.805280000,84.806373016,0.001093016,1,1
tx,518,84.969120000,84.969120000,0.000000000,1,1
rx,518,84.969120000,84.970213016,0.001093016,1,1
tx,519,85.132960000,85.132960000,0.000000000,1,1
rx,519,85.132960000,85.134053016,0.001093016,1,1
tx,520,85.296800000,85.296800000,0.000000000,1,1
rx,520,85.296800000,85.297893016,0.001093016,1,1
tx,521,85.460640000,85.460640000,0.000000000,1,1
rx,521,85.460640000,85.461733016,0.001093016,1,1
tx,522,85.624480000,85.624480000,0.000000000,1,1
rx,522,85.624480000,85.625573016,0.001093016,1,1
tx,523,85.788320000,85.788320000,0.000000000,1,1
rx,523,85.788320000,85.789413016,0.001093016,1,1
tx,524,85.952160000,85.952160000,0.000000000,1,1
rx,524,85.952160000,85.953253016,0.001093016,1,1
tx,525,86.116000000,86.116000000,0.000000000,1,1
rx,525,86.116000000,86.117093016,0.001093016,1,1
tx,526,86.279840000,86.279840000,0.000000000,1,1
rx,526,86.279840000,86.280933016,0.001093016,1,1
tx,527,86.443680000,86.443680000,0.000000000,1,1
rx,527,86.443680000,86.444773016,0.001093016,1,1
tx,528,86.607520000,86.607520000,0.000000000,1,1
rx,528,86.607520000,86.608613016,0.001093016,1,1
tx,529,86.771360000,86.771360000,0.000000000,1,1
rx,529,86.771360000,86.772453016,0.001093016,1,1
tx,530,86.935200000,86.935200000,0.000000000,1,1
rx,530,86.935200000,86.936293016,0.001093016,1,1
tx,531,87.099040000,87.099040000,0.000000000,1,1
rx,531,87.099040000,87.100133016,0.001093016,1,1
tx,532,87.262880000,87.262880000,0.000000000,1,1
rx,532,87.262880000,87.263973016,0.001093016,1,1
tx,533,87.426720000,87.426720000,0.000000000,1,1
rx,533,87.426720000,87.427813016,0.001093016,1,1
tx,534,87.590560000,87.590560000,0.000000000,1,1
rx,534,87.590560000,87.591653016,0.001093016,1,1
tx,535,87.754400000,87.754400000,0.000000000,1,1
rx,535,87.754400000,87.755493016,0.001093016,1,1
tx,536,87.918240000,87.918240000,0.000000000,1,1
rx,536,87.918240000,87.919333016,0.001093016,1,1
tx,537,88.082080000,88.082080000,0.000000000,1,1
rx,537,88.082080000,88.083173016,0.001093016,1,1
tx,538,88.245920000,88.245920000,0.000000000,1,1
rx,538,88.245920000,88.247013016,0.001093016,1,1
tx,539,88.409760000,88.409760000,0.000000000,1,1
rx,539,88.409760000,88.410853016,0.001093016,1,1
tx,540,88.573600000,88.573600000,0.000000000,1,1
rx,540,88.573600000,88.574693016,0.001093016,1,1
tx,541,88.737440000,88.737440000,0.000000000,1,1
rx,541,88.737440000,88.738533016,0.001093016,1,1
tx,542,88.901280000,88.901280000,0.000000000,1,1
rx,542,88.901280000,88.902373016,0.001093016,1,1
tx,543,89.065120000,89.065120000,0.000000000,1,1
rx,543,89.065120000,89.066213016,0.001093016,1,1
tx,544,89.228960000,89.228960000,0.000000000,1,1
rx,544,89.228960000,89.230053016,0.001093016,1,1
tx,545,89.392800000,89.392800000,0.000000000,1,1
rx,545,89.392800000,89.393893016,0.001093016,1,1
tx,546,89.556640000,89.556640000,0.000000000,1,1
rx,546,89.556640000,89.557733016,0.001093016,1,1
tx,547,89.720480000,89.720480000,0.000000000,1,1
rx,547,89.720480000,89.721573016,0.001093016,1,1
tx,548,89.884320000,89.884320000,0.000000000,1,1
rx,548,89.884320000,89.885413016,0.001093016,1,1
tx,549,90.048160000,90.048160000,0.000000000,1,1
rx,549,90.048160000,90.049253016,0.001093016,1,1
tx,550,90.212000000,90.212000000,0.000000000,1,1
rx,550,90.212000000,90.213093016,0.001093016,1,1
tx,551,90.375840000,90.375840000,0.000000000,1,1
rx,551,90.375840000,90.376933016,0.001093016,1,1
tx,552,90.539680000,90.539680000,0.000000000,1,1
rx,552,90.539680000,90.540773016,0.001093016,1,1
tx,553,90.703520000,90.703520000,0.000000000,1,1
rx,553,90.703520000,90.704613016,0.001093016,1,1
tx,554,90.867360000,90.867360000,0.000000000,1,1
rx,554,90.867360000,90.868453016,0.001093016,1,1
tx,555,91.031200000,91.031200000,0.000000000,1,1
rx,555,91.031200000,91.032293016,0.001093016,1,1
tx,556,91.195040000,91.195040000,0.000000000,1,1
rx,556,91.195040000,91.196133016,0.001093016,1,1
tx,557,91.358880000,91.358880000,0.000000000,1,1
rx,557,91.358880000,91.359973016,0.001093016,1,1
tx,558,91.522720000,91.522720000,0.000000000,1,1
rx,558,91.522720000,91.523813016,0.001093016,1,1
tx,559,91.686560000,91.686560000,0.000000000,1,1
rx,559,91.686560000,91.687653016,0.001093016,1,1
tx,560,91.850400000,91.850400000,0.000000000,1,1
rx,560,91.850400000,91.851493016,0.001093016,1,1
tx,561,92.014240000,92.014240000,0.000000000,1,1
rx,561,92.014240000,92.015333016,0.001093016,1,1
tx,562,92.178080000,92.178080000,0.000000000,1,1
rx,562,92.178080000,92.179173016,0.001093016,1,1
tx,563,92.341920000,92.341920000,0.000000000,1,1
rx,563,92.341920000,92.343013016,0.001093016,1,1
tx,564,92.505760000,92.505760000,0.000000000,1,1
rx,564,92.505760000,92.506853016,0.001093016,1,1
tx,565,92.669600000,92.669600000,0.000000000,1,1
rx,565,92.669600000,92.670693016,0.001093016,1,1
tx,566,92.833440000,92.833440000,0.000000000,1,1
rx,566,92.833440000,92.834533016,0.001093016,1,1
tx,567,92.997280000,92.997280000,0.000000000,1,1
rx,567,92.997280000,92.998373016,0.001093016,1,1
tx,568,93.161120000,93.161120000,0.000000000,1,1
rx,568,93.161120000,93.162213016,0.001093016,1,1
tx,569,93.324960000,93.324960000,0.000000000,1,1
rx,569,93.324960000,93.326053016,0.001093016,1,1
tx,570,93.488800000,93.488800000,0.000000000,1,1
rx,570,93.488800000,93.489893016,0.001093016,1,1
tx,571,93.652640000,93.652640000,0.000000000,1,1
rx,571,93.652640000,93.653733016,0.001093016,1,1
tx,572,93.816480000,93.816480000,0.000000000,1,1
rx,572,93.816480000,93.817573016,0.001093016,1,1
tx,573,93.980320000,93.980320000,0.000000000,1,1
rx,573,93.980320000,93.981413016,0.001093016,1,1
tx,574,94.144160000,94.144160000,0.000000000,1,1
rx,574,94.144160000,94.145253016,0.001093016,1,1
tx,575,94.308000000,94.308000000,0.000000000,1,1
rx,575,94.308000000,94.309093016,0.001093016,1,1
tx,576,94.471840000,94.471840000,0.000000000,1,1
rx,576,94.471840000,94.472933016,0.001093016,1,1
tx,577,94.635680000,94.635680000,0.000000000,1,1
rx,577,94.635680000,94.636773016,0.001093016,1,1
tx,578,94.799520000,94.799520000,0.000000000,1,1
rx,578,94.799520000,94.800613016,0.001093016,1,1
tx,579,94.963360000,94.963360000,0.000000000,1,1
rx,579,94.963360000,94.964453016,0.001093016,1,1
tx,580,95.127200000,95.127200000,0.000000000,1,1
rx,580,95.127200000,95.128293016,0.001093016,1,1
tx,581,95.291040000,95.291040000,0.000000000,1,1
rx,581,95.291040000,95.292133016,0.001093016,1,1
tx,582,95.454880000,95.454880000,0.000000000,1,1
rx,582,95.454880000,95.455973016,0.001093016,1,1
tx,583,95.618720000,95.618720000,0.000000000,1,1
rx,583,95.618720000,95.619813016,0.001093016,1,1
tx,584,95.782560000,95.782560000,0.000000000,1,1
rx,584,95.782560000,95.783653016,0.001093016,1,1
tx,585,95.946400000,95.946400000,0.000000000,1,1
rx,585,95.946400000,95.947493016,0.001093016,1,1
tx,586,96.110240000,96.110240000,0.000000000,1,1
rx,586,96.110240000,96.111333016,0.001093016,1,1
tx,587,96.274080000,96.274080000,0.000000000,1,1
rx,587,96.274080000,96.275173016,0.001093016,1,1
tx,588,96.437920000,96.437920000,0.000000000,1,1
rx,588,96.437920000,96.439013016,0.001093016,1,1
tx,589,96.601760000,96.601760000,0.000000000,1,1
rx,589,96.601760000,96.602853016,0.001093016,1,1
tx,590,96.765600000,96.765600000,0.000000000,1,1
rx,590,96.765600000,96.766693016,0.001093016,1,1
tx,591,96.929440000,96.929440000,0.000000000,1,1
rx,591,96.929440000,96.930533016,0.001093016,1,1
tx,592,97.093280000,97.093280000,0.000000000,1,1
rx,592,97.093280000,97.094373016,0.001093016,1,1
tx,593,97.257120000,97.257120000,0.000000000,1,1
rx,593,97.257120000,97.258213016,0.001093016,1,1
tx,594,97.420960000,97.420960000,0.000000000,1,1
rx,594,97.420960000,97.422053016,0.001093016,1,1
tx,595,97.584800000,97.584800000,0.000000000,1,1
rx,595,97.584800000,97.585893016,0.001093016,1,1
tx,596,97.748640000,97.748640000,0.000000000,1,1
rx,596,97.748640000,97.749733016,0.001093016,1,1
tx,597,97.912480000,97.912480000,0.000000000,1,1
rx,597,97.912480000,97.913573016,0.001093016,1,1
tx,598,98.076320000,98.076320000,0.000000000,1,1
rx,598,98.076320000,98.077413016,0.001093016,1,1
tx,599,98.240160000,98.240160000,0.000000000,1,1
rx,599,98.240160000,98.241253016,0.001093016,1,1
tx,600,98.404000000,98.404000000,0.000000000,1,1
rx,600,98.404000000,98.405093016,0.001093016,1,1
tx,601,98.567840000,98.567840000,0.000000000,1,1
rx,601,98.567840000,98.568933016,0.001093016,1,1
tx,602,98.731680000,98.731680000,0.000000000,1,1
rx,602,98.731680000,98.732773016,0.001093016,1,1
tx,603,98.895520000,98.895520000,0.000000000,1,1
rx,603,98.895520000,98.896613016,0.001093016,1,1
tx,604,99.059360000,99.059360000,0.000000000,1,1
rx,604,99.059360000,99.060453016,0.001093016,1,1
tx,605,99.223200000,99.223200000,0.000000000,1,1
rx,605,99.223200000,99.224293016,0.001093016,1,1
tx,606,99.387040000,99.387040000,0.000000000,1,1
rx,606,99.387040000,99.388133016,0.001093016,1,1
tx,607,99.550880000,99.550880000,0.000000000,1,1
rx,607,99.550880000,99.551973016,0.001093016,1,1
tx,608,99.714720000,99.714720000,0.000000000,1,1
rx,608,99.714720000,99.715813016,0.001093016,1,1
tx,609,99.878560000,99.878560000,0.000000000,1,1
rx,609,99.878560000,99.879653016,0.001093016,1,1
tx,610,100.042400000,100.042400000,0.000000000,1,1
rx,610,100.042400000,100.043493016,0.001093016,1,1
tx,611,100.206240000,100.206240000,0.000000000,1,1
rx,611,100.206240000,100.207333016,0.001093016,1,1
tx,612,100.370080000,100.370080000,0.000000000,1,1
rx,612,100.370080000,100.371173016,0.001093016,1,1
tx,613,100.533920000,100.533920000,0.000000000,1,1
rx,613,100.533920000,100.535013016,0.001093016,1,1
tx,614,100.697760000,100.697760000,0.000000000,1,1
rx,614,100.697760000,100.698853016,0.001093016,1,1
tx,615,100.861600000,100.861600000,0.000000000,1,1
rx,615,100.861600000,100.862693016,0.001093016,1,1
tx,616,101.025440000,101.025440000,0.000000000,1,1
rx,616,101.025440000,101.026533016,0.001093016,1,1
tx,617,101.189280000,101.189280000,0.000000000,1,1
rx,617,101.189280000,101.190373016,0.001093016,1,1
tx,618,101.353120000,101.353120000,0.000000000,1,1
rx,618,101.353120000,101.354213016,0.001093016,1,1
tx,619,101.516960000,101.516960000,0.000000000,1,1
rx,619,101.516960000,101.518053016,0.001093016,1,1
tx,620,101.680800000,101.680800000,0.000000000,1,1
rx,620,101.680800000,101.681893016,0.001093016,1,1
tx,621,101.844640000,101.844640000,0.000000000,1,1
rx,621,101.844640000,101.845733016,0.001093016,1,1
tx,622,102.008480000,102.008480000,0.000000000,1,1
rx,622,102.008480000,102.009573016,0.001093016,1,1
tx,623,102.172320000,102.172320000,0.000000000,1,1
rx,623,102.172320000,102.173413016,0.001093016,1,1
tx,624,102.336160000,102.336160000,0.000000000,1,1
rx,624,102.336160000,102.337253016,0.001093016,1,1
tx,625,102.500000000,102.500000000,0.000000000,1,1
rx,625,102.500000000,102.501093016,0.001093016,1,1
tx,626,102.663840000,102.663840000,0.000000000,1,1
rx,626,102.663840000,102.664933016,0.001093016,1,1
tx,627,102.827680000,102.827680000,0.000000000,1,1
rx,627,102.827680000,102.828773016,0.001093016,1,1
tx,628,102.991520000,102.991520000,0.000000000,1,1
rx,628,102.991520000,102.992613016,0.001093016,1,1
tx,629,103.155360000,103.155360000,0.000000000,1,1
rx,629,103.155360000,103.156453016,0.001093016,1,1
tx,630,103.319200000,103.319200000,0.000000000,1,1
rx,630,103.319200000,103.320293016,0.001093016,1,1
tx,631,103.483040000,103.483040000,0.000000000,1,1
rx,631,103.483040000,103.484133016,0.001093016,1,1
tx,632,103.646880000,103.646880000,0.000000000,1,1
rx,632,103.646880000,103.647973016,0.001093016,1,1
tx,633,103.810720000,103.810720000,0.000000000,1,1
rx,633,103.810720000,103.811813016,0.001093016,1,1
tx,634,103.974560000,103.974560000,0.000000000,1,1
rx,634,103.974560000,103.975653016,0.001093016,1,1
tx,635,104.138400000,104.138400000,0.000000000,1,1
rx,635,104.138400000,104.139493016,0.001093016,1,1
tx,636,104.302240000,104.302240000,0.000000000,1,1
rx,636,104.302240000,104.303333016,0.001093016,1,1
tx,637,104.466080000,104.466080000,0.000000000,1,1
rx,637,104.466080000,104.467173016,0.001093016,1,1
tx,638,104.629920000,104.629920000,0.000000000,1,1
rx,638,104.629920000,104.631013016,0.001093016,1,1
tx,639,104.793760000,104.793760000,0.000000000,1,1
rx,639,104.793760000,104.794853016,0.001093016,1,1
tx,640,104.957600000,104.957600000,0.000000000,1,1
rx,640,104.957600000,104.958693016,0.001093016,1,1
tx,641,105.121440000,105.121440000,0.000000000,1,1
rx,641,105.121440000,105.122533016,0.001093016,1,1
tx,642,105.285280000,105.285280000,0.000000000,1,1
rx,642,105.285280000,105.286373016,0.001093016,1,1
tx,643,105.449120000,105.449120000,0.000000000,1,1
rx,643,105.449120000,105.450213016,0.001093016,1,1
tx,644,105.612960000,105.612960000,0.000000000,1,1
rx,644,105.612960000,105.614053016,0.001093016,1,1
tx,645,105.776800000,105.776800000,0.000000000,1,1
rx,645,105.776800000,105.777893016,0.001093016,1,1
tx,646,105.940640000,105.940640000,0.000000000,1,1
rx,646,105.940640000,105.941733016,0.001093016,1,1
tx,647,106.104480000,106.104480000,0.000000000,1,1
rx,647,106.104480000,106.105573016,0.001093016,1,1
tx,648,106.268320000,106.268320000,0.000000000,1,1
rx,648,106.268320000,106.269413016,0.001093016,1,1
tx,649,106.432160000,106.432160000,0.000000000,1,1
rx,649,106.432160000,106.433253016,0.001093016,1,1
tx,650,106.596000000,106.596000000,0.000000000,1,1
rx,650,106.596000000,106.597093016,0.001093016,1,1
tx,651,106.759840000,106.759840000,0.000000000,1,1
rx,651,106.759840000,106.760933016,0.001093016,1,1
tx,652,106.923680000,106.923680000,0.000000000,1,1
rx,652,106.923680000,106.924773016,0.001093016,1,1
tx,653,107.087520000,107.087520000,0.000000000,1,1
rx,653,107.087520000,107.088613016,0.001093016,1,1
tx,654,107.251360000,107.251360000,0.000000000,1,1
rx,654,107.251360000,107.252453016,0.001093016,1,1
tx,655,107.415200000,107.415200000,0.000000000,1,1
rx,655,107.415200000,107.416293016,0.001093016,1,1
tx,656,107.579040000,107.579040000,0.000000000,1,1
rx,656,107.579040000,107.580133016,0.001093016,1,1
tx,657,107.742880000,107.742880000,0.000000000,1,1
rx,657,107.742880000,107.743973016,0.001093016,1,1
tx,658,107.906720000,107.906720000,0.000000000,1,1
rx,658,107.906720000,107.907813016,0.001093016,1,1
tx,659,108.070560000,108.070560000,0.000000000,1,1
rx,659,108.070560000,108.071653016,0.001093016,1,1
tx,660,108.234400000,108.234400000,0.000000000,1,1
rx,660,108.234400000,108.235493016,0.001093016,1,1
tx,661,108.398240000,108.398240000,0.000000000,1,1
rx,661,108.398240000,108.399333016,0.001093016,1,1
tx,662,108.562080000,108.562080000,0.000000000,1,1
rx,662,108.562080000,108.563173016,0.001093016,1,1
tx,663,108.725920000,108.725920000,0.000000000,1,1
rx,663,108.725920000,108.727013016,0.001093016,1,1
tx,664,108.889760000,108.889760000,0.000000000,1,1
rx,664,108.889760000,108.890853016,0.001093016,1,1
tx,665,109.053600000,109.053600000,0.000000000,1,1
rx,665,109.053600000,109.054693016,0.001093016,1,1
tx,666,109.217440000,109.217440000,0.000000000,1,1
rx,666,109.217440000,109.218533016,0.001093016,1,1
tx,667,109.381280000,109.381280000,0.000000000,1,1
rx,667,109.381280000,109.382373016,0.001093016,1,1
tx,668,109.545120000,109.545120000,0.000000000,1,1
rx,668,109.545120000,109.546213016,0.001093016,1,1
tx,669,109.708960000,109.708960000,0.000000000,1,1
rx,669,109.708960000,109.710053016,0.001093016,1,1
tx,670,109.872800000,109.872800000,0.000000000,1,1
rx,670,109.872800000,109.873893016,0.001093016,1,1
tx,671,110.036640000,110.036640000,0.000000000,1,1
rx,671,110.036640000,110.037733016,0.001093016,1,1
tx,672,110.200480000,110.200480000,0.000000000,1,1
rx,672,110.200480000,110.201573016,0.001093016,1,1
tx,673,110.364320000,110.364320000,0.000000000,1,1
rx,673,110.364320000,110.365413016,0.001093016,1,1
tx,674,110.528160000,110.528160000,0.000000000,1,1
rx,674,110.528160000,110.529253016,0.001093016,1,1
tx,675,110.692000000,110.692000000,0.000000000,1,1
rx,675,110.692000000,110.693093016,0.001093016,1,1
tx,676,110.855840000,110.855840000,0.000000000,1,1
rx,676,110.855840000,110.856933016,0.001093016,1,1
tx,677,111.019680000,111.019680000,0.000000000,1,1
rx,677,111.019680000,111.020773016,0.001093016,1,1
tx,678,111.183520000,111.183520000,0.000000000,1,1
rx,678,111.183520000,111.184613016,0.001093016,1,1
tx,679,111.347360000,111.347360000,0.000000000,1,1
rx,679,111.347360000,111.348453016,0.001093016,1,1
tx,680,111.511200000,111.511200000,0.000000000,1,1
rx,680,111.511200000,111.512293016,0.001093016,1,1
tx,681,111.675040000,111.675040000,0.000000000,1,1
rx,681,111.675040000,111.676133016,0.001093016,1,1
tx,682,111.838880000,111.838880000,0.000000000,1,1
rx,682,111.838880000,111.839973016,0.001093016,1,1
tx,683,112.002720000,112.002720000,0.000000000,1,1
rx,683,112.002720000,112.003813016,0.001093016,1,1
tx,684,112.166560000,112.166560000,0.000000000,1,1
rx,684,112.166560000,112.167653016,0.001093016,1,1
tx,685,112.330400000,112.330400000,0.000000000,1,1
rx,685,112.330400000,112.331493016,0.001093016,1,1
tx,686,112.494240000,112.494240000,0.000000000,1,1
rx,686,112.494240000,112.495333016,0.001093016,1,1
tx,687,112.658080000,112.658080000,0.000000000,1,1
rx,687,112.658080000,112.659173016,0.001093016,1,1
tx,688,112.821920000,112.821920000,0.000000000,1,1
rx,688,112.821920000,112.823013016,0.001093016,1,1
tx,689,112.985760000,112.985760000,0.000000000,1,1
rx,689,112.985760000,112.986853016,0.001093016,1,1
tx,690,113.149600000,113.149600000,0.000000000,1,1
rx,690,113.149600000,113.150693016,0.001093016,1,1
tx,691,113.313440000,113.313440000,0.000000000,1,1
rx,691,113.313440000,113.314533016,0.001093016,1,1
tx,692,113.477280000,113.477280000,0.000000000,1,1
rx,692,113.477280000,113.478373016,0.001093016,1,1
tx,693,113.641120000,113.641120000,0.000000000,1,1
rx,693,113.641120000,113.642213016,0.001093016,1,1
tx,694,113.804960000,113.804960000,0.000000000,1,1
rx,694,113.804960000,113.806053016,0.001093016,1,1
tx,695,113.968800000,113.968800000,0.000000000,1,1
rx,695,113.968800000,113.969893016,0.001093016,1,1
tx,696,114.132640000,114.132640000,0.000000000,1,1
rx,696,114.132640000,114.133733016,0.001093016,1,1
tx,697,114.296480000,114.296480000,0.000000000,1,1
rx,697,114.296480000,114.297573016,0.001093016,1,1
tx,698,114.460320000,114.460320000,0.000000000,1,1
rx,698,114.460320000,114.461413016,0.001093016,1,1
tx,699,114.624160000,114.624160000,0.000000000,1,1
rx,699,114.624160000,114.625253016,0.001093016,1,1
tx,700,114.788000000,114.788000000,0.000000000,1,1
rx,700,114.788000000,114.789093016,0.001093016,1,1
tx,701,114.951840000,114.951840000,0.000000000,1,1
rx,701,114.951840000,114.952933016,0.001093016,1,1
tx,702,115.115680000,115.115680000,0.000000000,1,1
rx,702,115.115680000,115.116773016,0.001093016,1,1
tx,703,115.279520000,115.279520000,0.000000000,1,1
rx,703,115.279520000,115.280613016,0.001093016,1,1
tx,704,115.443360000,115.443360000,0.000000000,1,1
rx,704,115.443360000,115.444453016,0.001093016,1,1
tx,705,115.607200000,115.607200000,0.000000000,1,1
rx,705,115.607200000,115.608293016,0.001093016,1,1
tx,706,115.771040000,115.771040000,0.000000000,1,1
rx,706,115.771040000,115.772133016,0.001093016,1,1
tx,707,115.934880000,115.934880000,0.000000000,1,1
rx,707,115.934880000,115.935973016,0.001093016,1,1
tx,708,116.098720000,116.098720000,0.000000000,1,1
rx,708,116.098720000,116.099813016,0.001093016,1,1
tx,709,116.262560000,116.262560000,0.000000000,1,1
rx,709,116.262560000,116.263653016,0.001093016,1,1
tx,710,116.426400000,116.426400000,0.000000000,1,1
rx,710,116.426400000,116.427493016,0.001093016,1,1
tx,711,116.590240000,116.590240000,0.000000000,1,1
rx,711,116.590240000,116.591333016,0.001093016,1,1
tx,712,116.754080000,116.754080000,0.000000000,1,1
rx,712,116.754080000,116.755173016,0.001093016,1,1
tx,713,116.917920000,116.917920000,0.000000000,1,1
rx,713,116.917920000,116.919013016,0.001093016,1,1
tx,714,117.081760000,117.081760000,0.000000000,1,1
rx,714,117.081760000,117.082853016,0.001093016,1,1
tx,715,117.245600000,117.245600000,0.000000000,1,1
rx,715,117.245600000,117.246693016,0.001093016,1,1
tx,716,117.409440000,117.409440000,0.000000000,1,1
rx,716,117.409440000,117.410533016,0.001093016,1,1
tx,717,117.573280000,117.573280000,0.000000000,1,1
rx,717,117.573280000,117.574373016,0.001093016,1,1
tx,718,117.737120000,117.737120000,0.000000000,1,1
rx,718,117.737120000,117.738213016,0.001093016,1,1
tx,719,117.900960000,117.900960000,0.000000000,1,1
rx,719,117.900960000,117.902053016,0.001093016,1,1
tx,720,118.064800000,118.064800000,0.000000000,1,1
rx,720,118.064800000,118.065893016,0.001093016,1,1
tx,721,118.228640000,118.228640000,0.000000000,1,1
rx,721,118.228640000,118.229733016,0.001093016,1,1
tx,722,118.392480000,118.392480000,0.000000000,1,1
rx,722,118.392480000,118.393573016,0.001093016,1,1
tx,723,118.556320000,118.556320000,0.000000000,1,1
rx,723,118.556320000,118.557413016,0.001093016,1,1
tx,724,118.720160000,118.720160000,0.000000000,1,1
rx,724,118.720160000,118.721253016,0.001093016,1,1
tx,725,118.884000000,118.884000000,0.000000000,1,1
rx,725,118.884000000,118.885093016,0.001093016,1,1
tx,726,119.047840000,119.047840000,0.000000000,1,1
rx,726,119.047840000,119.048933016,0.001093016,1,1
tx,727,119.211680000,119.211680000,0.000000000,1,1
rx,727,119.211680000,119.212773016,0.001093016,1,1
tx,728,119.375520000,119.375520000,0.000000000,1,1
rx,728,119.375520000,119.376613016,0.001093016,1,1
tx,729,119.539360000,119.539360000,0.000000000,1,1
rx,729,119.539360000,119.540453016,0.001093016,1,1
tx,730,119.703200000,119.703200000,0.000000000,1,1
rx,730,119.703200000,119.704293016,0.001093016,1,1
tx,731,119.867040000,119.867040000,0.000000000,1,1
rx,731,119.867040000,119.868133016,0.001093016,1,1
tx,732,120.030880000,120.030880000,0.000000000,1,1
rx,732,120.030880000,120.031973016,0.001093016,1,1
tx,733,120.194720000,120.194720000,0.000000000,1,1
rx,733,120.194720000,120.225167048,0.030447048,1,1
tx,734,120.358560000,120.358560000,0.000000000,1,1
rx,734,120.358560000,120.359653016,0.001093016,1,1
tx,735,120.522400000,120.522400000,0.000000000,1,1
rx,735,120.522400000,120.523493016,0.001093016,1,1
tx,736,120.686240000,120.686240000,0.000000000,1,1
rx,736,120.686240000,120.687333016,0.001093016,1,1
tx,737,120.850080000,120.850080000,0.000000000,1,1
rx,737,120.850080000,120.851173016,0.001093016,1,1
tx,738,121.013920000,121.013920000,0.000000000,1,1
rx,738,121.013920000,121.015013016,0.001093016,1,1
tx,739,121.177760000,121.177760000,0.000000000,1,1
rx,739,121.177760000,121.178853016,0.001093016,1,1
tx,740,121.341600000,121.341600000,0.000000000,1,1
rx,740,121.341600000,121.342693016,0.001093016,1,1
tx,741,121.505440000,121.505440000,0.000000000,1,1
rx,741,121.505440000,121.506533016,0.001093016,1,1
tx,742,121.669280000,121.669280000,0.000000000,1,1
rx,742,121.669280000,121.670373016,0.001093016,1,1
tx,743,121.833120000,121.833120000,0.000000000,1,1
rx,743,121.833120000,121.834213016,0.001093016,1,1
tx,744,121.996960000,121.996960000,0.000000000,1,1
rx,744,121.996960000,121.998053016,0.001093016,1,1
tx,745,122.160800000,122.160800000,0.000000000,1,1
rx,745,122.160800000,122.161893016,0.001093016,1,1
tx,746,122.324640000,122.324640000,0.000000000,1,1
rx,746,122.324640000,122.325733016,0.001093016,1,1
tx,747,122.488480000,122.488480000,0.000000000,1,1
rx,747,122.488480000,122.489573016,0.001093016,1,1
tx,748,122.652320000,122.652320000,0.000000000,1,1
rx,748,122.652320000,122.653413016,0.001093016,1,1
tx,749,122.816160000,122.816160000,0.000000000,1,1
rx,749,122.816160000,122.817253016,0.001093016,1,1
tx,750,122.980000000,122.980000000,0.000000000,1,1
rx,750,122.980000000,122.981093016,0.001093016,1,1
tx,751,123.143840000,123.143840000,0.000000000,1,1
rx,751,123.143840000,123.144933016,0.001093016,1,1
tx,752,123.307680000,123.307680000,0.000000000,1,1
rx,752,123.307680000,123.308773016,0.001093016,1,1
tx,753,123.471520000,123.471520000,0.000000000,1,1
rx,753,123.471520000,123.472613016,0.001093016,1,1
tx,754,123.635360000,123.635360000,0.000000000,1,1
rx,754,123.635360000,123.636453016,0.001093016,1,1
tx,755,123.799200000,123.799200000,0.000000000,1,1
rx,755,123.799200000,123.800293016,0.001093016,1,1
tx,756,123.963040000,123.963040000,0.000000000,1,1
rx,756,123.963040000,123.964133016,0.001093016,1,1
tx,757,124.126880000,124.126880000,0.000000000,1,1
rx,757,124.126880000,124.127973016,0.001093016,1,1
tx,758,124.290720000,124.290720000,0.000000000,1,1
rx,758,124.290720000,124.291813016,0.001093016,1,1
tx,759,124.454560000,124.454560000,0.000000000,1,1
rx,759,124.454560000,124.455653016,0.001093016,1,1
tx,760,124.618400000,124.618400000,0.000000000,1,1
rx,760,124.618400000,124.619493016,0.001093016,1,1
tx,761,124.782240000,124.782240000,0.000000000,1,1
rx,761,124.782240000,124.783333016,0.001093016,1,1
tx,762,124.946080000,124.946080000,0.000000000,1,1
rx,762,124.946080000,124.947173016,0.001093016,1,1
tx,763,125.109920000,125.109920000,0.000000000,1,1
rx,763,125.109920000,125.111013016,0.001093016,1,1
tx,764,125.273760000,125.273760000,0.000000000,1,1
rx,764,125.273760000,125.274853016,0.001093016,1,1
tx,765,125.437600000,125.437600000,0.000000000,1,1
rx,765,125.437600000,125.438693016,0.001093016,1,1
tx,766,125.601440000,125.601440000,0.000000000,1,1
rx,766,125.601440000,125.602533016,0.001093016,1,1
tx,767,125.765280000,125.765280000,0.000000000,1,1
rx,767,125.765280000,125.766373016,0.001093016,1,1
tx,768,125.929120000,125.929120000,0.000000000,1,1
rx,768,125.929120000,125.930213016,0.001093016,1,1
tx,769,126.092960000,126.092960000,0.000000000,1,1
rx,769,126.092960000,126.094053016,0.001093016,1,1
tx,770,126.256800000,126.256800000,0.000000000,1,1
rx,770,126.256800000,126.257893016,0.001093016,1,1
tx,771,126.420640000,126.420640000,0.000000000,1,1
rx,771,126.420640000,126.421733016,0.001093016,1,1
tx,772,126.584480000,126.584480000,0.000000000,1,1
rx,772,126.584480000,126.585573016,0.001093016,1,1
tx,773,126.748320000,126.748320000,0.000000000,1,1
rx,773,126.748320000,126.749413016,0.001093016,1,1
tx,774,126.912160000,126.912160000,0.000000000,1,1
rx,774,126.912160000,126.913253016,0.001093016,1,1
tx,775,127.076000000,127.076000000,0.000000000,1,1
rx,775,127.076000000,127.077093016,0.001093016,1,1
tx,776,127.239840000,127.239840000,0.000000000,1,1
rx,776,127.239840000,127.240933016,0.001093016,1,1
tx,777,127.403680000,127.403680000,0.000000000,1,1
rx,777,127.403680000,127.404773016,0.001093016,1,1
tx,778,127.567520000,127.567520000,0.000000000,1,1
rx,778,127.567520000,127.568613016,0.001093016,1,1
tx,779,127.731360000,127.731360000,0.000000000,1,1
rx,779,127.731360000,127.732453016,0.001093016,1,1
tx,780,127.895200000,127.895200000,0.000000000,1,1
rx,780,127.895200000,127.896293016,0.001093016,1,1
tx,781,128.059040000,128.059040000,0.000000000,1,1
rx,781,128.059040000,128.060133016,0.001093016,1,1
tx,782,128.222880000,128.222880000,0.000000000,1,1
rx,782,128.222880000,128.223973016,0.001093016,1,1
tx,783,128.386720000,128.386720000,0.000000000,1,1
rx,783,128.386720000,128.387813016,0.001093016,1,1
tx,784,128.550560000,128.550560000,0.000000000,1,1
rx,784,128.550560000,128.551653016,0.001093016,1,1
tx,785,128.714400000,128.714400000,0.000000000,1,1
rx,785,128.714400000,128.715493016,0.001093016,1,1
tx,786,128.878240000,128.878240000,0.000000000,1,1
rx,786,128.878240000,128.879333016,0.001093016,1,1
tx,787,129.042080000,129.042080000,0.000000000,1,1
rx,787,129.042080000,129.043173016,0.001093016,1,1
tx,788,129.205920000,129.205920000,0.000000000,1,1
rx,788,129.205920000,129.207013016,0.001093016,1,1
tx,789,129.369760000,129.369760000,0.000000000,1,1
rx,789,129.369760000,129.370853016,0.001093016,1,1
tx,790,129.533600000,129.533600000,0.000000000,1,1
rx,790,129.533600000,129.534693016,0.001093016,1,1
tx,791,129.697440000,129.697440000,0.000000000,1,1
rx,791,129.697440000,129.698533016,0.001093016,1,1
tx,792,129.861280000,129.861280000,0.000000000,1,1
rx,792,129.861280000,129.862373016,0.001093016,1,1
tx,793,130.025120000,130.025120000,0.000000000,1,1
rx,793,130.025120000,130.026213016,0.001093016,1,1
tx,794,130.188960000,130.188960000,0.000000000,1,1
rx,794,130.188960000,130.190053016,0.001093016,1,1
tx,795,130.352800000,130.352800000,0.000000000,1,1
rx,795,130.352800000,130.353893016,0.001093016,1,1
tx,796,130.516640000,130.516640000,0.000000000,1,1
rx,796,130.516640000,130.517733016,0.001093016,1,1
tx,797,130.680480000,130.680480000,0.000000000,1,1
rx,797,130.680480000,130.681573016,0.001093016,1,1
tx,798,130.844320000,130.844320000,0.000000000,1,1
rx,798,130.844320000,130.845413016,0.001093016,1,1
tx,799,131.008160000,131.008160000,0.000000000,1,1
rx,799,131.008160000,131.009253016,0.001093016,1,1
tx,800,131.172000000,131.172000000,0.000000000,1,1
rx,800,131.172000000,131.173093016,0.001093016,1,1
tx,801,131.335840000,131.335840000,0.000000000,1,1
rx,801,131.335840000,131.336933016,0.001093016,1,1
tx,802,131.499680000,131.499680000,0.000000000,1,1
rx,802,131.499680000,131.500773016,0.001093016,1,1
tx,803,131.663520000,131.663520000,0.000000000,1,1
rx,803,131.663520000,131.664613016,0.001093016,1,1
tx,804,131.827360000,131.827360000,0.000000000,1,1
rx,804,131.827360000,131.828453016,0.001093016,1,1
tx,805,131.991200000,131.991200000,0.000000000,1,1
rx,805,131.991200000,131.992293016,0.001093016,1,1
tx,806,132.155040000,132.155040000,0.000000000,1,1
rx,806,132.155040000,132.156133016,0.001093016,1,1
tx,807,132.318880000,132.318880000,0.000000000,1,1
rx,807,132.318880000,132.319973016,0.001093016,1,1
tx,808,132.482720000,132.482720000,0.000000000,1,1
rx,808,132.482720000,132.483813016,0.001093016,1,1
tx,809,132.646560000,132.646560000,0.000000000,1,1
rx,809,132.646560000,132.647653016,0.001093016,1,1
tx,810,132.810400000,132.810400000,0.000000000,1,1
rx,810,132.810400000,132.811493016,0.001093016,1,1
tx,811,132.974240000,132.974240000,0.000000000,1,1
rx,811,132.974240000,132.975333016,0.001093016,1,1
tx,812,133.138080000,133.138080000,0.000000000,1,1
rx,812,133.138080000,133.139173016,0.001093016,1,1
tx,813,133.301920000,133.301920000,0.000000000,1,1
rx,813,133.301920000,133.303013016,0.001093016,1,1
tx,814,133.465760000,133.465760000,0.000000000,1,1
rx,814,133.465760000,133.466853016,0.001093016,1,1
tx,815,133.629600000,133.629600000,0.000000000,1,1
rx,815,133.629600000,133.630693016,0.001093016,1,1
tx,816,133.793440000,133.793440000,0.000000000,1,1
rx,816,133.793440000,133.794533016,0.001093016,1,1
tx,817,133.957280000,133.957280000,0.000000000,1,1
rx,817,133.957280000,133.958373016,0.001093016,1,1
tx,818,134.121120000,134.121120000,0.000000000,1,1
rx,818,134.121120000,134.122213016,0.001093016,1,1
tx,819,134.284960000,134.284960000,0.000000000,1,1
rx,819,134.284960000,134.286053016,0.001093016,1,1
tx,820,134.448800000,134.448800000,0.000000000,1,1
rx,820,134.448800000,134.449893016,0.001093016,1,1
tx,821,134.612640000,134.612640000,0.000000000,1,1
rx,821,134.612640000,134.613733016,0.001093016,1,1
tx,822,134.776480000,134.776480000,0.000000000,1,1
rx,822,134.776480000,134.777573016,0.001093016,1,1
tx,823,134.940320000,134.940320000,0.000000000,1,1
rx,823,134.940320000,134.941413016,0.001093016,1,1
tx,824,135.104160000,135.104160000,0.000000000,1,1
rx,824,135.104160000,135.105253016,0.001093016,1,1
tx,825,135.268000000,135.268000000,0.000000000,1,1
rx,825,135.268000000,135.269093016,0.001093016,1,1
tx,826,135.431840000,135.431840000,0.000000000,1,1
rx,826,135.431840000,135.432933016,0.001093016,1,1
tx,827,135.595680000,135.595680000,0.000000000,1,1
rx,827,135.595680000,135.596773016,0.001093016,1,1
tx,828,135.759520000,135.759520000,0.000000000,1,1
rx,828,135.759520000,135.760613016,0.001093016,1,1
tx,829,135.923360000,135.923360000,0.000000000,1,1
rx,829,135.923360000,135.924453016,0.001093016,1,1
tx,830,136.087200000,136.087200000,0.000000000,1,1
rx,830,136.087200000,136.088293016,0.001093016,1,1
tx,831,136.251040000,136.251040000,0.000000000,1,1
rx,831,136.251040000,136.252133016,0.001093016,1,1
tx,832,136.414880000,136.414880000,0.000000000,1,1
rx,832,136.414880000,136.415973016,0.001093016,1,1
tx,833,136.578720000,136.578720000,0.000000000,1,1
rx,833,136.578720000,136.579813016,0.001093016,1,1
tx,834,136.742560000,136.742560000,0.000000000,1,1
rx,834,136.742560000,136.743653016,0.001093016,1,1
tx,835,136.906400000,136.906400000,0.000000000,1,1
rx,835,136.906400000,136.907493016,0.001093016,1,1
tx,836,137.070240000,137.070240000,0.000000000,1,1
rx,836,137.070240000,137.071333016,0.001093016,1,1
tx,837,137.234080000,137.234080000,0.000000000,1,1
rx,837,137.234080000,137.235173016,0.001093016,1,1
tx,838,137.397920000,137.397920000,0.000000000,1,1
rx,838,137.397920000,137.399013016,0.001093016,1,1
tx,839,137.561760000,137.561760000,0.000000000,1,1
rx,839,137.561760000,137.562853016,0.001093016,1,1
tx,840,137.725600000,137.725600000,0.000000000,1,1
rx,840,137.725600000,137.726693016,0.001093016,1,1
tx,841,137.889440000,137.889440000,0.000000000,1,1
rx,841,137.889440000,137.890533016,0.001093016,1,1
tx,842,138.053280000,138.053280000,0.000000000,1,1
rx,842,138.053280000,138.054373016,0.001093016,1,1
tx,843,138.217120000,138.217120000,0.000000000,1,1
rx,843,138.217120000,138.218213016,0.001093016,1,1
tx,844,138.380960000,138.380960000,0.000000000,1,1
rx,844,138.380960000,138.382053016,0.001093016,1,1
tx,845,138.544800000,138.544800000,0.000000000,1,1
rx,845,138.544800000,138.545893016,0.001093016,1,1
tx,846,138.708640000,138.708640000,0.000000000,1,1
rx,846,138.708640000,138.709733016,0.001093016,1,1
tx,847,138.872480000,138.872480000,0.000000000,1,1
rx,847,138.872480000,138.873573016,0.001093016,1,1
tx,848,139.036320000,139.036320000,0.000000000,1,1
rx,848,139.036320000,139.037413016,0.001093016,1,1
tx,849,139.200160000,139.200160000,0.000000000,1,1
rx,849,139.200160000,139.201253016,0.001093016,1,1
tx,850,139.364000000,139.364000000,0.000000000,1,1
rx,850,139.364000000,139.365093016,0.001093016,1,1
tx,851,139.527840000,139.527840000,0.000000000,1,1
rx,851,139.527840000,139.528933016,0.001093016,1,1
tx,852,139.691680000,139.691680000,0.000000000,1,1
rx,852,139.691680000,139.692773016,0.001093016,1,1
tx,853,139.855520000,139.855520000,0.000000000,1,1
rx,853,139.855520000,139.856613016,0.001093016,1,1
tx,854,140.019360000,140.019360000,0.000000000,1,1
rx,854,140.019360000,140.020453016,0.001093016,1,1
tx,855,140.183200000,140.183200000,0.000000000,1,1
rx,855,140.183200000,140.184293016,0.001093016,1,1
tx,856,140.347040000,140.347040000,0.000000000,1,1
rx,856,140.347040000,140.348133016,0.001093016,1,1
tx,857,140.510880000,140.510880000,0.000000000,1,1
rx,857,140.510880000,140.511973016,0.001093016,1,1
tx,858,140.674720000,140.674720000,0.000000000,1,1
rx,858,140.674720000,140.675813016,0.001093016,1,1
tx,859,140.838560000,140.838560000,0.000000000,1,1
rx,859,140.838560000,140.839653016,0.001093016,1,1
tx,860,141.002400000,141.002400000,0.000000000,1,1
rx,860,141.002400000,141.003493016,0.001093016,1,1
tx,861,141.166240000,141.166240000,0.000000000,1,1
rx,861,141.166240000,141.167333016,0.001093016,1,1
tx,862,141.330080000,141.330080000,0.000000000,1,1
rx,862,141.330080000,141.331173016,0.001093016,1,1
tx,863,141.493920000,141.493920000,0.000000000,1,1
rx,863,141.493920000,141.495013016,0.001093016,1,1
tx,864,141.657760000,141.657760000,0.000000000,1,1
rx,864,141.657760000,141.658853016,0.001093016,1,1
tx,865,141.821600000,141.821600000,0.000000000,1,1
rx,865,141.821600000,141.822693016,0.001093016,1,1
tx,866,141.985440000,141.985440000,0.000000000,1,1
rx,866,141.985440000,141.986533016,0.001093016,1,1
tx,867,142.149280000,142.149280000,0.000000000,1,1
rx,867,142.149280000,142.150373016,0.001093016,1,1
tx,868,142.313120000,142.313120000,0.000000000,1,1
rx,868,142.313120000,142.314213016,0.001093016,1,1
tx,869,142.476960000,142.476960000,0.000000000,1,1
rx,869,142.476960000,142.478053016,0.001093016,1,1
tx,870,142.640800000,142.640800000,0.000000000,1,1
rx,870,142.640800000,142.641893016,0.001093016,1,1
tx,871,142.804640000,142.804640000,0.000000000,1,1
rx,871,142.804640000,142.805733016,0.001093016,1,1
tx,872,142.968480000,142.968480000,0.000000000,1,1
rx,872,142.968480000,142.969573016,0.001093016,1,1
tx,873,143.132320000,143.132320000,0.000000000,1,1
rx,873,143.132320000,143.133413016,0.001093016,1,1
tx,874,143.296160000,143.296160000,0.000000000,1,1
rx,874,143.296160000,143.297253016,0.001093016,1,1
tx,875,143.460000000,143.460000000,0.000000000,1,1
rx,875,143.460000000,143.461093016,0.001093016,1,1
tx,876,143.623840000,143.623840000,0.000000000,1,1
rx,876,143.623840000,143.624933016,0.001093016,1,1
tx,877,143.787680000,143.787680000,0.000000000,1,1
rx,877,143.787680000,143.788773016,0.001093016,1,1
tx,878,143.951520000,143.951520000,0.000000000,1,1
rx,878,143.951520000,143.952613016,0.001093016,1,1
tx,879,144.115360000,144.115360000,0.000000000,1,1
rx,879,144.115360000,144.116453016,0.001093016,1,1
tx,880,144.279200000,144.279200000,0.000000000,1,1
rx,880,144.279200000,144.280293016,0.001093016,1,1
tx,881,144.443040000,144.443040000,0.000000000,1,1
rx,881,144.443040000,144.444133016,0.001093016,1,1
tx,882,144.606880000,144.606880000,0.000000000,1,1
rx,882,144.606880000,144.607973016,0.001093016,1,1
tx,883,144.770720000,144.770720000,0.000000000,1,1
rx,883,144.770720000,144.771813016,0.001093016,1,1
tx,884,144.934560000,144.934560000,0.000000000,1,1
rx,884,144.934560000,144.935653016,0.001093016,1,1
tx,885,145.098400000,145.098400000,0.000000000,1,1
rx,885,145.098400000,145.099493016,0.001093016,1,1
tx,886,145.262240000,145.262240000,0.000000000,1,1
rx,886,145.262240000,145.263333016,0.001093016,1,1
tx,887,145.426080000,145.426080000,0.000000000,1,1
rx,887,145.426080000,145.427173016,0.001093016,1,1
tx,888,145.589920000,145.589920000,0.000000000,1,1
rx,888,145.589920000,145.591013016,0.001093016,1,1
tx,889,145.753760000,145.753760000,0.000000000,1,1
rx,889,145.753760000,145.754853016,0.001093016,1,1
tx,890,145.917600000,145.917600000,0.000000000,1,1
rx,890,145.917600000,145.918693016,0.001093016,1,1
tx,891,146.081440000,146.081440000,0.000000000,1,1
rx,891,146.081440000,146.082533016,0.001093016,1,1
tx,892,146.245280000,146.245280000,0.000000000,1,1
rx,892,146.245280000,146.246373016,0.001093016,1,1
tx,893,146.409120000,146.409120000,0.000000000,1,1
rx,893,146.409120000,146.410213016,0.001093016,1,1
tx,894,146.572960000,146.572960000,0.000000000,1,1
rx,894,146.572960000,146.574053016,0.001093016,1,1
tx,895,146.736800000,146.736800000,0.000000000,1,1
rx,895,146.736800000,146.737893016,0.001093016,1,1
tx,896,146.900640000,146.900640000,0.000000000,1,1
rx,896,146.900640000,146.901733016,0.001093016,1,1
tx,897,147.064480000,147.064480000,0.000000000,1,1
rx,897,147.064480000,147.065573016,0.001093016,1,1
tx,898,147.228320000,147.228320000,0.000000000,1,1
rx,898,147.228320000,147.229413016,0.001093016,1,1
tx,899,147.392160000,147.392160000,0.000000000,1,1
rx,899,147.392160000,147.393253016,0.001093016,1,1
tx,900,147.556000000,147.556000000,0.000000000,1,1
rx,900,147.556000000,147.557093016,0.001093016,1,1
tx,901,147.719840000,147.719840000,0.000000000,1,1
rx,901,147.719840000,147.720933016,0.001093016,1,1
tx,902,147.883680000,147.883680000,0.000000000,1,1
rx,902,147.883680000,147.884773016,0.001093016,1,1
tx,903,148.047520000,148.047520000,0.000000000,1,1
rx,903,148.047520000,148.048613016,0.001093016,1,1
tx,904,148.211360000,148.211360000,0.000000000,1,1
rx,904,148.211360000,148.212453016,0.001093016,1,1
tx,905,148.375200000,148.375200000,0.000000000,1,1
rx,905,148.375200000,148.376293016,0.001093016,1,1
tx,906,148.539040000,148.539040000,0.000000000,1,1
rx,906,148.539040000,148.540133016,0.001093016,1,1
tx,907,148.702880000,148.702880000,0.000000000,1,1
rx,907,148.702880000,148.703973016,0.001093016,1,1
tx,908,148.866720000,148.866720000,0.000000000,1,1
rx,908,148.866720000,148.867813016,0.001093016,1,1
tx,909,149.030560000,149.030560000,0.000000000,1,1
rx,909,149.030560000,149.031653016,0.001093016,1,1
tx,910,149.194400000,149.194400000,0.000000000,1,1
rx,910,149.194400000,149.195493016,0.001093016,1,1
tx,911,149.358240000,149.358240000,0.000000000,1,1
rx,911,149.358240000,149.359333016,0.001093016,1,1
tx,912,149.522080000,149.522080000,0.000000000,1,1
rx,912,149.522080000,149.523173016,0.001093016,1,1
tx,913,149.685920000,149.685920000,0.000000000,1,1
rx,913,149.685920000,149.687013016,0.001093016,1,1
tx,914,149.849760000,149.849760000,0.000000000,1,1
rx,914,149.849760000,149.850853016,0.001093016,1,1
tx,915,150.013600000,150.013600000,0.000000000,1,1
rx,915,150.013600000,150.014693016,0.001093016,1,1
tx,916,150.177440000,150.177440000,0.000000000,1,1
rx,916,150.177440000,150.178533016,0.001093016,1,1
tx,917,150.341280000,150.341280000,0.000000000,1,1
rx,917,150.341280000,150.342373016,0.001093016,1,1
tx,918,150.505120000,150.505120000,0.000000000,1,1
rx,918,150.505120000,150.506213016,0.001093016,1,1
tx,919,150.668960000,150.668960000,0.000000000,1,1
rx,919,150.668960000,150.670053016,0.001093016,1,1
tx,920,150.832800000,150.832800000,0.000000000,1,1
rx,920,150.832800000,150.833893016,0.001093016,1,1
tx,921,150.996640000,150.996640000,0.000000000,1,1
rx,921,150.996640000,150.997733016,0.001093016,1,1
tx,922,151.160480000,151.160480000,0.000000000,1,1
rx,922,151.160480000,151.161573016,0.001093016,1,1
tx,923,151.324320000,151.324320000,0.000000000,1,1
rx,923,151.324320000,151.325413016,0.001093016,1,1
tx,924,151.488160000,151.488160000,0.000000000,1,1
rx,924,151.488160000,151.489253016,0.001093016,1,1
tx,925,151.652000000,151.652000000,0.000000000,1,1
rx,925,151.652000000,151.653093016,0.001093016,1,1
tx,926,151.815840000,151.815840000,0.000000000,1,1
rx,926,151.815840000,151.816933016,0.001093016,1,1
tx,927,151.979680000,151.979680000,0.000000000,1,1
rx,927,151.979680000,151.980773016,0.001093016,1,1
tx,928,152.143520000,152.143520000,0.000000000,1,1
rx,928,152.143520000,152.144613016,0.001093016,1,1
tx,929,152.307360000,152.307360000,0.000000000,1,1
rx,929,152.307360000,152.308453016,0.001093016,1,1
tx,930,152.471200000,152.471200000,0.000000000,1,1
rx,930,152.471200000,152.472293016,0.001093016,1,1
tx,931,152.635040000,152.635040000,0.000000000,1,1
rx,931,152.635040000,152.636133016,0.001093016,1,1
tx,932,152.798880000,152.798880000,0.000000000,1,1
rx,932,152.798880000,152.799973016,0.001093016,1,1
tx,933,152.962720000,152.962720000,0.000000000,1,1
rx,933,152.962720000,152.963813016,0.001093016,1,1
tx,934,153.126560000,153.126560000,0.000000000,1,1
rx,934,153.126560000,153.127653016,0.001093016,1,1
tx,935,153.290400000,153.290400000,0.000000000,1,1
rx,935,153.290400000,153.291493016,0.001093016,1,1
tx,936,153.454240000,153.454240000,0.000000000,1,1
rx,936,153.454240000,153.455333016,0.001093016,1,1
tx,937,153.618080000,153.618080000,0.000000000,1,1
rx,937,153.618080000,153.619173016,0.001093016,1,1
tx,938,153.781920000,153.781920000,0.000000000,1,1
rx,938,153.781920000,153.783013016,0.001093016,1,1
tx,939,153.945760000,153.945760000,0.000000000,1,1
rx,939,153.945760000,153.946853016,0.001093016,1,1
tx,940,154.109600000,154.109600000,0.000000000,1,1
rx,940,154.109600000,154.110693016,0.001093016,1,1
tx,941,154.273440000,154.273440000,0.000000000,1,1
rx,941,154.273440000,154.274533016,0.001093016,1,1
tx,942,154.437280000,154.437280000,0.000000000,1,1
rx,942,154.437280000,154.438373016,0.001093016,1,1
tx,943,154.601120000,154.601120000,0.000000000,1,1
rx,943,154.601120000,154.602213016,0.001093016,1,1
tx,944,154.764960000,154.764960000,0.000000000,1,1
rx,944,154.764960000,154.766053016,0.001093016,1,1
tx,945,154.928800000,154.928800000,0.000000000,1,1
rx,945,154.928800000,154.929893016,0.001093016,1,1
tx,946,155.092640000,155.092640000,0.000000000,1,1
rx,946,155.092640000,155.093733016,0.001093016,1,1
tx,947,155.256480000,155.256480000,0.000000000,1,1
rx,947,155.256480000,155.257573016,0.001093016,1,1
tx,948,155.420320000,155.420320000,0.000000000,1,1
rx,948,155.420320000,155.421413016,0.001093016,1,1
tx,949,155.584160000,155.584160000,0.000000000,1,1
rx,949,155.584160000,155.585253016,0.001093016,1,1
tx,950,155.748000000,155.748000000,0.000000000,1,1
rx,950,155.748000000,155.749093016,0.001093016,1,1
tx,951,155.911840000,155.911840000,0.000000000,1,1
rx,951,155.911840000,155.912933016,0.001093016,1,1
tx,952,156.075680000,156.075680000,0.000000000,1,1
rx,952,156.075680000,156.076773016,0.001093016,1,1
tx,953,156.239520000,156.239520000,0.000000000,1,1
rx,953,156.239520000,156.240613016,0.001093016,1,1
tx,954,156.403360000,156.403360000,0.000000000,1,1
rx,954,156.403360000,156.404453016,0.001093016,1,1
tx,955,156.567200000,156.567200000,0.000000000,1,1
rx,955,156.567200000,156.568293016,0.001093016,1,1
tx,956,156.731040000,156.731040000,0.000000000,1,1
rx,956,156.731040000,156.732133016,0.001093016,1,1
tx,957,156.894880000,156.894880000,0.000000000,1,1
rx,957,156.894880000,156.895973016,0.001093016,1,1
tx,958,157.058720000,157.058720000,0.000000000,1,1
rx,958,157.058720000,157.059813016,0.001093016,1,1
tx,959,157.222560000,157.222560000,0.000000000,1,1
rx,959,157.222560000,157.223653016,0.001093016,1,1
tx,960,157.386400000,157.386400000,0.000000000,1,1
rx,960,157.386400000,157.387493016,0.001093016,1,1
tx,961,157.550240000,157.550240000,0.000000000,1,1
rx,961,157.550240000,157.551333016,0.001093016,1,1
tx,962,157.714080000,157.714080000,0.000000000,1,1
rx,962,157.714080000,157.715173016,0.001093016,1,1
tx,963,157.877920000,157.877920000,0.000000000,1,1
rx,963,157.877920000,157.879013016,0.001093016,1,1
tx,964,158.041760000,158.041760000,0.000000000,1,1
rx,964,158.041760000,158.042853016,0.001093016,1,1
tx,965,158.205600000,158.205600000,0.000000000,1,1
rx,965,158.205600000,158.206693016,0.001093016,1,1
tx,966,158.369440000,158.369440000,0.000000000,1,1
rx,966,158.369440000,158.370533016,0.001093016,1,1
tx,967,158.533280000,158.533280000,0.000000000,1,1
rx,967,158.533280000,158.534373016,0.001093016,1,1
tx,968,158.697120000,158.697120000,0.000000000,1,1
rx,968,158.697120000,158.698213016,0.001093016,1,1
tx,969,158.860960000,158.860960000,0.000000000,1,1
rx,969,158.860960000,158.862053016,0.001093016,1,1
tx,970,159.024800000,159.024800000,0.000000000,1,1
rx,970,159.024800000,159.025893016,0.001093016,1,1
tx,971,159.188640000,159.188640000,0.000000000,1,1
rx,971,159.188640000,159.189733016,0.001093016,1,1
tx,972,159.352480000,159.352480000,0.000000000,1,1
rx,972,159.352480000,159.353573016,0.001093016,1,1
tx,973,159.516320000,159.516320000,0.000000000,1,1
rx,973,159.516320000,159.517413016,0.001093016,1,1
tx,974,159.680160000,159.680160000,0.000000000,1,1
rx,974,159.680160000,159.681253016,0.001093016,1,1
tx,975,159.844000000,159.844000000,0.000000000,1,1
rx,975,159.844000000,159.845093016,0.001093016,1,1
tx,976,160.007840000,160.007840000,0.000000000,1,1
rx,976,160.007840000,160.008933016,0.001093016,1,1
tx,977,160.171680000,160.171680000,0.000000000,1,1
rx,977,160.171680000,160.172773016,0.001093016,1,1
tx,978,160.335520000,160.335520000,0.000000000,1,1
rx,978,160.335520000,160.336613016,0.001093016,1,1
tx,979,160.499360000,160.499360000,0.000000000,1,1
rx,979,160.499360000,160.500453016,0.001093016,1,1
tx,980,160.663200000,160.663200000,0.000000000,1,1
rx,980,160.663200000,160.664293016,0.001093016,1,1
tx,981,160.827040000,160.827040000,0.000000000,1,1
rx,981,160.827040000,160.828133016,0.001093016,1,1
tx,982,160.990880000,160.990880000,0.000000000,1,1
rx,982,160.990880000,160.991973016,0.001093016,1,1
tx,983,161.154720000,161.154720000,0.000000000,1,1
rx,983,161.154720000,161.155813016,0.001093016,1,1
tx,984,161.318560000,161.318560000,0.000000000,1,1
rx,984,161.318560000,161.319653016,0.001093016,1,1
tx,985,161.482400000,161.482400000,0.000000000,1,1
rx,985,161.482400000,161.483493016,0.001093016,1,1
tx,986,161.646240000,161.646240000,0.000000000,1,1
rx,986,161.646240000,161.647333016,0.001093016,1,1
tx,987,161.810080000,161.810080000,0.000000000,1,1
rx,987,161.810080000,161.811173016,0.001093016,1,1
tx,988,161.973920000,161.973920000,0.000000000,1,1
rx,988,161.973920000,161.975013016,0.001093016,1,1
tx,989,162.137760000,162.137760000,0.000000000,1,1
rx,989,162.137760000,162.138853016,0.001093016,1,1
tx,990,162.301600000,162.301600000,0.000000000,1,1
rx,990,162.301600000,162.302693016,0.001093016,1,1
tx,991,162.465440000,162.465440000,0.000000000,1,1
rx,991,162.465440000,162.466533016,0.001093016,1,1
tx,992,162.629280000,162.629280000,0.000000000,1,1
rx,992,162.629280000,162.630373016,0.001093016,1,1
tx,993,162.793120000,162.793120000,0.000000000,1,1
rx,993,162.793120000,162.794213016,0.001093016,1,1
tx,994,162.956960000,162.956960000,0.000000000,1,1
rx,994,162.956960000,162.958053016,0.001093016,1,1
tx,995,163.120800000,163.120800000,0.000000000,1,1
rx,995,163.120800000,163.121893016,0.001093016,1,1
tx,996,163.284640000,163.284640000,0.000000000,1,1
rx,996,163.284640000,163.285733016,0.001093016,1,1
tx,997,163.448480000,163.448480000,0.000000000,1,1
rx,997,163.448480000,163.449573016,0.001093016,1,1
tx,998,163.612320000,163.612320000,0.000000000,1,1
rx,998,163.612320000,163.613413016,0.001093016,1,1
tx,999,163.776160000,163.776160000,0.000000000,1,1
rx,999,163.776160000,163.777253016,0.001093016,1,1
tx,1000,163.940000000,163.940000000,0.000000000,1,1
rx,1000,163.940000000,163.941093016,0.001093016,1,1
tx,1001,164.103840000,164.103840000,0.000000000,1,1
rx,1001,164.103840000,164.104933016,0.001093016,1,1
tx,1002,164.267680000,164.267680000,0.000000000,1,1
rx,1002,164.267680000,164.268773016,0.001093016,1,1
tx,1003,164.431520000,164.431520000,0.000000000,1,1
rx,1003,164.431520000,164.432613016,0.001093016,1,1
tx,1004,164.595360000,164.595360000,0.000000000,1,1
rx,1004,164.595360000,164.596453016,0.001093016,1,1
tx,1005,164.759200000,164.759200000,0.000000000,1,1
rx,1005,164.759200000,164.760293016,0.001093016,1,1
tx,1006,164.923040000,164.923040000,0.000000000,1,1
rx,1006,164.923040000,164.924133016,0.001093016,1,1
tx,1007,165.086880000,165.086880000,0.000000000,1,1
rx,1007,165.086880000,165.087973016,0.001093016,1,1
tx,1008,165.250720000,165.250720000,0.000000000,1,1
rx,1008,165.250720000,165.251813016,0.001093016,1,1
tx,1009,165.414560000,165.414560000,0.000000000,1,1
rx,1009,165.414560000,165.415653016,0.001093016,1,1
tx,1010,165.578400000,165.578400000,0.000000000,1,1
rx,1010,165.578400000,165.579493016,0.001093016,1,1
tx,1011,165.742240000,165.742240000,0.000000000,1,1
rx,1011,165.742240000,165.743333016,0.001093016,1,1
tx,1012,165.906080000,165.906080000,0.000000000,1,1
rx,1012,165.906080000,165.907173016,0.001093016,1,1
tx,1013,166.069920000,166.069920000,0.000000000,1,1
rx,1013,166.069920000,166.071013016,0.001093016,1,1
tx,1014,166.233760000,166.233760000,0.000000000,1,1
rx,1014,166.233760000,166.234853016,0.001093016,1,1
tx,1015,166.397600000,166.397600000,0.000000000,1,1
rx,1015,166.397600000,166.398693016,0.001093016,1,1
tx,1016,166.561440000,166.561440000,0.000000000,1,1
rx,1016,166.561440000,166.562533016,0.001093016,1,1
tx,1017,166.725280000,166.725280000,0.000000000,1,1
rx,1017,166.725280000,166.726373016,0.001093016,1,1
tx,1018,166.889120000,166.889120000,0.000000000,1,1
rx,1018,166.889120000,166.890213016,0.001093016,1,1
tx,1019,167.052960000,167.052960000,0.000000000,1,1
rx,1019,167.052960000,167.054053016,0.001093016,1,1
tx,1020,167.216800000,167.216800000,0.000000000,1,1
rx,1020,167.216800000,167.217893016,0.001093016,1,1
tx,1021,167.380640000,167.380640000,0.000000000,1,1
rx,1021,167.380640000,167.381733016,0.001093016,1,1
tx,1022,167.544480000,167.544480000,0.000000000,1,1
rx,1022,167.544480000,167.545573016,0.001093016,1,1
tx,1023,167.708320000,167.708320000,0.000000000,1,1
rx,1023,167.708320000,167.709413016,0.001093016,1,1
tx,1024,167.872160000,167.872160000,0.000000000,1,1
rx,1024,167.872160000,167.873253016,0.001093016,1,1
tx,1025,168.036000000,168.036000000,0.000000000,1,1
rx,1025,168.036000000,168.037093016,0.001093016,1,1
tx,1026,168.199840000,168.199840000,0.000000000,1,1
rx,1026,168.199840000,168.200933016,0.001093016,1,1
tx,1027,168.363680000,168.363680000,0.000000000,1,1
rx,1027,168.363680000,168.364773016,0.001093016,1,1
tx,1028,168.527520000,168.527520000,0.000000000,1,1
rx,1028,168.527520000,168.528613016,0.001093016,1,1
tx,1029,168.691360000,168.691360000,0.000000000,1,1
rx,1029,168.691360000,168.692453016,0.001093016,1,1
tx,1030,168.855200000,168.855200000,0.000000000,1,1
rx,1030,168.855200000,168.856293016,0.001093016,1,1
tx,1031,169.019040000,169.019040000,0.000000000,1,1
rx,1031,169.019040000,169.020133016,0.001093016,1,1
tx,1032,169.182880000,169.182880000,0.000000000,1,1
rx,1032,169.182880000,169.183973016,0.001093016,1,1
tx,1033,169.346720000,169.346720000,0.000000000,1,1
rx,1033,169.346720000,169.347813016,0.001093016,1,1
tx,1034,169.510560000,169.510560000,0.000000000,1,1
rx,1034,169.510560000,169.511653016,0.001093016,1,1
tx,1035,169.674400000,169.674400000,0.000000000,1,1
rx,1035,169.674400000,169.675493016,0.001093016,1,1
tx,1036,169.838240000,169.838240000,0.000000000,1,1
rx,1036,169.838240000,169.839333016,0.001093016,1,1
tx,1037,170.002080000,170.002080000,0.000000000,1,1
rx,1037,170.002080000,170.003173016,0.001093016,1,1
tx,1038,170.165920000,170.165920000,0.000000000,1,1
rx,1038,170.165920000,170.167013016,0.001093016,1,1
tx,1039,170.329760000,170.329760000,0.000000000,1,1
rx,1039,170.329760000,170.330853016,0.001093016,1,1
tx,1040,170.493600000,170.493600000,0.000000000,1,1
rx,1040,170.493600000,170.494693016,0.001093016,1,1
tx,1041,170.657440000,170.657440000,0.000000000,1,1
rx,1041,170.657440000,170.658533016,0.001093016,1,1
tx,1042,170.821280000,170.821280000,0.000000000,1,1
rx,1042,170.821280000,170.822373016,0.001093016,1,1
tx,1043,170.985120000,170.985120000,0.000000000,1,1
rx,1043,170.985120000,170.986213016,0.001093016,1,1
tx,1044,171.148960000,171.148960000,0.000000000,1,1
rx,1044,171.148960000,171.150053016,0.001093016,1,1
tx,1045,171.312800000,171.312800000,0.000000000,1,1
rx,1045,171.312800000,171.313893016,0.001093016,1,1
tx,1046,171.476640000,171.476640000,0.000000000,1,1
rx,1046,171.476640000,171.477733016,0.001093016,1,1
tx,1047,171.640480000,171.640480000,0.000000000,1,1
rx,1047,171.640480000,171.641573016,0.001093016,1,1
tx,1048,171.804320000,171.804320000,0.000000000,1,1
rx,1048,171.804320000,171.805413016,0.001093016,1,1
tx,1049,171.968160000,171.968160000,0.000000000,1,1
rx,1049,171.968160000,171.969253016,0.001093016,1,1
tx,1050,172.132000000,172.132000000,0.000000000,1,1
rx,1050,172.132000000,172.133093016,0.001093016,1,1
tx,1051,172.295840000,172.295840000,0.000000000,1,1
rx,1051,172.295840000,172.296933016,0.001093016,1,1
tx,1052,172.459680000,172.459680000,0.000000000,1,1
rx,1052,172.459680000,172.460773016,0.001093016,1,1
tx,1053,172.623520000,172.623520000,0.000000000,1,1
rx,1053,172.623520000,172.624613016,0.001093016,1,1
tx,1054,172.787360000,172.787360000,0.000000000,1,1
rx,1054,172.787360000,172.788453016,0.001093016,1,1
tx,1055,172.951200000,172.951200000,0.000000000,1,1
rx,1055,172.951200000,172.952293016,0.001093016,1,1
tx,1056,173.115040000,173.115040000,0.000000000,1,1
rx,1056,173.115040000,173.116133016,0.001093016,1,1
tx,1057,173.278880000,173.278880000,0.000000000,1,1
rx,1057,173.278880000,173.279973016,0.001093016,1,1
tx,1058,173.442720000,173.442720000,0.000000000,1,1
rx,1058,173.442720000,173.443813016,0.001093016,1,1
tx,1059,173.606560000,173.606560000,0.000000000,1,1
rx,1059,173.606560000,173.607653016,0.001093016,1,1
tx,1060,173.770400000,173.770400000,0.000000000,1,1
rx,1060,173.770400000,173.771493016,0.001093016,1,1
tx,1061,173.934240000,173.934240000,0.000000000,1,1
rx,1061,173.934240000,173.935333016,0.001093016,1,1
tx,1062,174.098080000,174.098080000,0.000000000,1,1
rx,1062,174.098080000,174.099173016,0.001093016,1,1
tx,1063,174.261920000,174.261920000,0.000000000,1,1
rx,1063,174.261920000,174.263013016,0.001093016,1,1
tx,1064,174.425760000,174.425760000,0.000000000,1,1
rx,1064,174.425760000,174.426853016,0.001093016,1,1
tx,1065,174.589600000,174.589600000,0.000000000,1,1
rx,1065,174.589600000,174.590693016,0.001093016,1,1
tx,1066,174.753440000,174.753440000,0.000000000,1,1
rx,1066,174.753440000,174.754533016,0.001093016,1,1
tx,1067,174.917280000,174.917280000,0.000000000,1,1
rx,1067,174.917280000,174.918373016,0.001093016,1,1
tx,1068,175.081120000,175.081120000,0.000000000,1,1
rx,1068,175.081120000,175.082213016,0.001093016,1,1
tx,1069,175.244960000,175.244960000,0.000000000,1,1
rx,1069,175.244960000,175.246053016,0.001093016,1,1
tx,1070,175.408800000,175.408800000,0.000000000,1,1
rx,1070,175.408800000,175.409893016,0.001093016,1,1
tx,1071,175.572640000,175.572640000,0.000000000,1,1
rx,1071,175.572640000,175.573733016,0.001093016,1,1
tx,1072,175.736480000,175.736480000,0.000000000,1,1
rx,1072,175.736480000,175.737573016,0.001093016,1,1
tx,1073,175.900320000,175.900320000,0.000000000,1,1
rx,1073,175.900320000,175.901413016,0.001093016,1,1
tx,1074,176.064160000,176.064160000,0.000000000,1,1
rx,1074,176.064160000,176.065253016,0.001093016,1,1
tx,1075,176.228000000,176.228000000,0.000000000,1,1
rx,1075,176.228000000,176.229093016,0.001093016,1,1
tx,1076,176.391840000,176.391840000,0.000000000,1,1
rx,1076,176.391840000,176.392933016,0.001093016,1,1
tx,1077,176.555680000,176.555680000,0.000000000,1,1
rx,1077,176.555680000,176.556773016,0.001093016,1,1
tx,1078,176.719520000,176.719520000,0.000000000,1,1
rx,1078,176.719520000,176.720613016,0.001093016,1,1
tx,1079,176.883360000,176.883360000,0.000000000,1,1
rx,1079,176.883360000,176.884453016,0.001093016,1,1
tx,1080,177.047200000,177.047200000,0.000000000,1,1
rx,1080,177.047200000,177.048293016,0.001093016,1,1
tx,1081,177.211040000,177.211040000,0.000000000,1,1
rx,1081,177.211040000,177.212133016,0.001093016,1,1
tx,1082,177.374880000,177.374880000,0.000000000,1,1
rx,1082,177.374880000,177.375973016,0.001093016,1,1
tx,1083,177.538720000,177.538720000,0.000000000,1,1
rx,1083,177.538720000,177.539813016,0.001093016,1,1
tx,1084,177.702560000,177.702560000,0.000000000,1,1
rx,1084,177.702560000,177.703653016,0.001093016,1,1
tx,1085,177.866400000,177.866400000,0.000000000,1,1
rx,1085,177.866400000,177.867493016,0.001093016,1,1
tx,1086,178.030240000,178.030240000,0.000000000,1,1
rx,1086,178.030240000,178.031333016,0.001093016,1,1
tx,1087,178.194080000,178.194080000,0.000000000,1,1
rx,1087,178.194080000,178.195173016,0.001093016,1,1
tx,1088,178.357920000,178.357920000,0.000000000,1,1
rx,1088,178.357920000,178.359013016,0.001093016,1,1
tx,1089,178.521760000,178.521760000,0.000000000,1,1
rx,1089,178.521760000,178.522853016,0.001093016,1,1
tx,1090,178.685600000,178.685600000,0.000000000,1,1
rx,1090,178.685600000,178.686693016,0.001093016,1,1
tx,1091,178.849440000,178.849440000,0.000000000,1,1
rx,1091,178.849440000,178.850533016,0.001093016,1,1
tx,1092,179.013280000,179.013280000,0.000000000,1,1
rx,1092,179.013280000,179.014373016,0.001093016,1,1
tx,1093,179.177120000,179.177120000,0.000000000,1,1
rx,1093,179.177120000,179.178213016,0.001093016,1,1
tx,1094,179.340960000,179.340960000,0.000000000,1,1
rx,1094,179.340960000,179.342053016,0.001093016,1,1
tx,1095,179.504800000,179.504800000,0.000000000,1,1
rx,1095,179.504800000,179.505893016,0.001093016,1,1
tx,1096,179.668640000,179.668640000,0.000000000,1,1
rx,1096,179.668640000,179.669733016,0.001093016,1,1
tx,1097,179.832480000,179.832480000,0.000000000,1,1
rx,1097,179.832480000,179.833573016,0.001093016,1,1
tx,1098,179.996320000,179.996320000,0.000000000,1,1
rx,1098,179.996320000,179.997413016,0.001093016,1,1
tx,1099,180.160160000,180.160160000,0.000000000,1,1
rx,1099,180.160160000,180.161253016,0.001093016,1,1
tx,1100,180.324000000,180.324000000,0.000000000,1,1
rx,1100,180.324000000,180.325093016,0.001093016,1,1
tx,1101,180.487840000,180.487840000,0.000000000,1,1
rx,1101,180.487840000,180.488933016,0.001093016,1,1
tx,1102,180.651680000,180.651680000,0.000000000,1,1
rx,1102,180.651680000,180.652773016,0.001093016,1,1
tx,1103,180.815520000,180.815520000,0.000000000,1,1
rx,1103,180.815520000,180.816613016,0.001093016,1,1
tx,1104,180.979360000,180.979360000,0.000000000,1,1
rx,1104,180.979360000,180.980453016,0.001093016,1,1
tx,1105,181.143200000,181.143200000,0.000000000,1,1
rx,1105,181.143200000,181.144293016,0.001093016,1,1
tx,1106,181.307040000,181.307040000,0.000000000,1,1
rx,1106,181.307040000,181.308133016,0.001093016,1,1
tx,1107,181.470880000,181.470880000,0.000000000,1,1
rx,1107,181.470880000,181.471973016,0.001093016,1,1
tx,1108,181.634720000,181.634720000,0.000000000,1,1
rx,1108,181.634720000,181.635813016,0.001093016,1,1
tx,1109,181.798560000,181.798560000,0.000000000,1,1
rx,1109,181.798560000,181.799653016,0.001093016,1,1
tx,1110,181.962400000,181.962400000,0.000000000,1,1
rx,1110,181.962400000,181.963493016,0.001093016,1,1
tx,1111,182.126240000,182.126240000,0.000000000,1,1
rx,1111,182.126240000,182.127333016,0.001093016,1,1
tx,1112,182.290080000,182.290080000,0.000000000,1,1
rx,1112,182.290080000,182.291173016,0.001093016,1,1
tx,1113,182.453920000,182.453920000,0.000000000,1,1
rx,1113,182.453920000,182.455013016,0.001093016,1,1
tx,1114,182.617760000,182.617760000,0.000000000,1,1
rx,1114,182.617760000,182.618853016,0.001093016,1,1
tx,1115,182.781600000,182.781600000,0.000000000,1,1
rx,1115,182.781600000,182.782693016,0.001093016,1,1
tx,1116,182.945440000,182.945440000,0.000000000,1,1
rx,1116,182.945440000,182.946533016,0.001093016,1,1
tx,1117,183.109280000,183.109280000,0.000000000,1,1
rx,1117,183.109280000,183.110373016,0.001093016,1,1
tx,1118,183.273120000,183.273120000,0.000000000,1,1
rx,1118,183.273120000,183.274213016,0.001093016,1,1
tx,1119,183.436960000,183.436960000,0.000000000,1,1
rx,1119,183.436960000,183.438053016,0.001093016,1,1
tx,1120,183.600800000,183.600800000,0.000000000,1,1
rx,1120,183.600800000,183.601893016,0.001093016,1,1
tx,1121,183.764640000,183.764640000,0.000000000,1,1
rx,1121,183.764640000,183.765733016,0.001093016,1,1
tx,1122,183.928480000,183.928480000,0.000000000,1,1
rx,1122,183.928480000,183.929573016,0.001093016,1,1
tx,1123,184.092320000,184.092320000,0.000000000,1,1
rx,1123,184.092320000,184.093413016,0.001093016,1,1
tx,1124,184.256160000,184.256160000,0.000000000,1,1
rx,1124,184.256160000,184.257253016,0.001093016,1,1
tx,1125,184.420000000,184.420000000,0.000000000,1,1
rx,1125,184.420000000,184.421093016,0.001093016,1,1
tx,1126,184.583840000,184.583840000,0.000000000,1,1
rx,1126,184.583840000,184.584933016,0.001093016,1,1
tx,1127,184.747680000,184.747680000,0.000000000,1,1
rx,1127,184.747680000,184.748773016,0.001093016,1,1
tx,1128,184.911520000,184.911520000,0.000000000,1,1
rx,1128,184.911520000,184.912613016,0.001093016,1,1
tx,1129,185.075360000,185.075360000,0.000000000,1,1
rx,1129,185.075360000,185.076453016,0.001093016,1,1
tx,1130,185.239200000,185.239200000,0.000000000,1,1
rx,1130,185.239200000,185.240293016,0.001093016,1,1
tx,1131,185.403040000,185.403040000,0.000000000,1,1
rx,1131,185.403040000,185.404133016,0.001093016,1,1
tx,1132,185.566880000,185.566880000,0.000000000,1,1
rx,1132,185.566880000,185.567973016,0.001093016,1,1
tx,1133,185.730720000,185.730720000,0.000000000,1,1
rx,1133,185.730720000,185.731813016,0.001093016,1,1
tx,1134,185.894560000,185.894560000,0.000000000,1,1
rx,1134,185.894560000,185.895653016,0.001093016,1,1
tx,1135,186.058400000,186.058400000,0.000000000,1,1
rx,1135,186.058400000,186.059493016,0.001093016,1,1
tx,1136,186.222240000,186.222240000,0.000000000,1,1
rx,1136,186.222240000,186.223333016,0.001093016,1,1
tx,1137,186.386080000,186.386080000,0.000000000,1,1
rx,1137,186.386080000,186.387173016,0.001093016,1,1
tx,1138,186.549920000,186.549920000,0.000000000,1,1
rx,1138,186.549920000,186.551013016,0.001093016,1,1
tx,1139,186.713760000,186.713760000,0.000000000,1,1
rx,1139,186.713760000,186.714853016,0.001093016,1,1
tx,1140,186.877600000,186.877600000,0.000000000,1,1
rx,1140,186.877600000,186.878693016,0.001093016,1,1
tx,1141,187.041440000,187.041440000,0.000000000,1,1
rx,1141,187.041440000,187.042533016,0.001093016,1,1
tx,1142,187.205280000,187.205280000,0.000000000,1,1
rx,1142,187.205280000,187.206373016,0.001093016,1,1
tx,1143,187.369120000,187.369120000,0.000000000,1,1
rx,1143,187.369120000,187.370213016,0.001093016,1,1
tx,1144,187.532960000,187.532960000,0.000000000,1,1
rx,1144,187.532960000,187.534053016,0.001093016,1,1
tx,1145,187.696800000,187.696800000,0.000000000,1,1
rx,1145,187.696800000,187.697893016,0.001093016,1,1
tx,1146,187.860640000,187.860640000,0.000000000,1,1
rx,1146,187.860640000,187.861733016,0.001093016,1,1
tx,1147,188.024480000,188.024480000,0.000000000,1,1
rx,1147,188.024480000,188.025573016,0.001093016,1,1
tx,1148,188.188320000,188.188320000,0.000000000,1,1
rx,1148,188.188320000,188.189413016,0.001093016,1,1
tx,1149,188.352160000,188.352160000,0.000000000,1,1
rx,1149,188.352160000,188.353253016,0.001093016,1,1
tx,1150,188.516000000,188.516000000,0.000000000,1,1
rx,1150,188.516000000,188.517093016,0.001093016,1,1
tx,1151,188.679840000,188.679840000,0.000000000,1,1
rx,1151,188.679840000,188.680933016,0.001093016,1,1
tx,1152,188.843680000,188.843680000,0.000000000,1,1
rx,1152,188.843680000,188.844773016,0.001093016,1,1
tx,1153,189.007520000,189.007520000,0.000000000,1,1
rx,1153,189.007520000,189.008613016,0.001093016,1,1
tx,1154,189.171360000,189.171360000,0.000000000,1,1
rx,1154,189.171360000,189.172453016,0.001093016,1,1
tx,1155,189.335200000,189.335200000,0.000000000,1,1
rx,1155,189.335200000,189.336293016,0.001093016,1,1
tx,1156,189.499040000,189.499040000,0.000000000,1,1
rx,1156,189.499040000,189.500133016,0.001093016,1,1
tx,1157,189.662880000,189.662880000,0.000000000,1,1
rx,1157,189.662880000,189.663973016,0.001093016,1,1
tx,1158,189.826720000,189.826720000,0.000000000,1,1
rx,1158,189.826720000,189.827813016,0.001093016,1,1
tx,1159,189.990560000,189.990560000,0.000000000,1,1
rx,1159,189.990560000,189.991653016,0.001093016,1,1
tx,1160,190.154400000,190.154400000,0.000000000,1,1
rx,1160,190.154400000,190.155493016,0.001093016,1,1
tx,1161,190.318240000,190.318240000,0.000000000,1,1
rx,1161,190.318240000,190.319333016,0.001093016,1,1
tx,1162,190.482080000,190.482080000,0.000000000,1,1
rx,1162,190.482080000,190.483173016,0.001093016,1,1
tx,1163,190.645920000,190.645920000,0.000000000,1,1
rx,1163,190.645920000,190.647013016,0.001093016,1,1
tx,1164,190.809760000,190.809760000,0.000000000,1,1
rx,1164,190.809760000,190.810853016,0.001093016,1,1
tx,1165,190.973600000,190.973600000,0.000000000,1,1
rx,1165,190.973600000,190.974693016,0.001093016,1,1
tx,1166,191.137440000,191.137440000,0.000000000,1,1
rx,1166,191.137440000,191.138533016,0.001093016,1,1
tx,1167,191.301280000,191.301280000,0.000000000,1,1
rx,1167,191.301280000,191.302373016,0.001093016,1,1
tx,1168,191.465120000,191.465120000,0.000000000,1,1
rx,1168,191.465120000,191.466213016,0.001093016,1,1
tx,1169,191.628960000,191.628960000,0.000000000,1,1
rx,1169,191.628960000,191.630053016,0.001093016,1,1
tx,1170,191.792800000,191.792800000,0.000000000,1,1
rx,1170,191.792800000,191.793893016,0.001093016,1,1
tx,1171,191.956640000,191.956640000,0.000000000,1,1
rx,1171,191.956640000,191.957733016,0.001093016,1,1
tx,1172,192.120480000,192.120480000,0.000000000,1,1
rx,1172,192.120480000,192.121573016,0.001093016,1,1
tx,1173,192.284320000,192.284320000,0.000000000,1,1
rx,1173,192.284320000,192.285413016,0.001093016,1,1
tx,1174,192.448160000,192.448160000,0.000000000,1,1
rx,1174,192.448160000,192.449253016,0.001093016,1,1
tx,1175,192.612000000,192.612000000,0.000000000,1,1
rx,1175,192.612000000,192.613093016,0.001093016,1,1
tx,1176,192.775840000,192.775840000,0.000000000,1,1
rx,1176,192.775840000,192.776933016,0.001093016,1,1
tx,1177,192.939680000,192.939680000,0.000000000,1,1
rx,1177,192.939680000,192.940773016,0.001093016,1,1
tx,1178,193.103520000,193.103520000,0.000000000,1,1
rx,1178,193.103520000,193.104613016,0.001093016,1,1
tx,1179,193.267360000,193.267360000,0.000000000,1,1
rx,1179,193.267360000,193.268453016,0.001093016,1,1
tx,1180,193.431200000,193.431200000,0.000000000,1,1
rx,1180,193.431200000,193.432293016,0.001093016,1,1
tx,1181,193.595040000,193.595040000,0.000000000,1,1
rx,1181,193.595040000,193.596133016,0.001093016,1,1
tx,1182,193.758880000,193.758880000,0.000000000,1,1
rx,1182,193.758880000,193.759973016,0.001093016,1,1
tx,1183,193.922720000,193.922720000,0.000000000,1,1
rx,1183,193.922720000,193.923813016,0.001093016,1,1
tx,1184,194.086560000,194.086560000,0.000000000,1,1
rx,1184,194.086560000,194.087653016,0.001093016,1,1
tx,1185,194.250400000,194.250400000,0.000000000,1,1
rx,1185,194.250400000,194.251493016,0.001093016,1,1
tx,1186,194.414240000,194.414240000,0.000000000,1,1
rx,1186,194.414240000,194.415333016,0.001093016,1,1
tx,1187,194.578080000,194.578080000,0.000000000,1,1
rx,1187,194.578080000,194.579173016,0.001093016,1,1
tx,1188,194.741920000,194.741920000,0.000000000,1,1
rx,1188,194.741920000,194.743013016,0.001093016,1,1
tx,1189,194.905760000,194.905760000,0.000000000,1,1
rx,1189,194.905760000,194.906853016,0.001093016,1,1
tx,1190,195.069600000,195.069600000,0.000000000,1,1
rx,1190,195.069600000,195.070693016,0.001093016,1,1
tx,1191,195.233440000,195.233440000,0.000000000,1,1
rx,1191,195.233440000,195.234533016,0.001093016,1,1
tx,1192,195.397280000,195.397280000,0.000000000,1,1
rx,1192,195.397280000,195.398373016,0.001093016,1,1
tx,1193,195.561120000,195.561120000,0.000000000,1,1
rx,1193,195.561120000,195.562213016,0.001093016,1,1
tx,1194,195.724960000,195.724960000,0.000000000,1,1
rx,1194,195.724960000,195.726053016,0.001093016,1,1
tx,1195,195.888800000,195.888800000,0.000000000,1,1
rx,1195,195.888800000,195.889893016,0.001093016,1,1
tx,1196,196.052640000,196.052640000,0.000000000,1,1
rx,1196,196.052640000,196.053733016,0.001093016,1,1
tx,1197,196.216480000,196.216480000,0.000000000,1,1
rx,1197,196.216480000,196.217573016,0.001093016,1,1
tx,1198,196.380320000,196.380320000,0.000000000,1,1
rx,1198,196.380320000,196.381413016,0.001093016,1,1
tx,1199,196.544160000,196.544160000,0.000000000,1,1
rx,1199,196.544160000,196.545253016,0.001093016,1,1
tx,1200,196.708000000,196.708000000,0.000000000,1,1
rx,1200,196.708000000,196.709093016,0.001093016,1,1
tx,1201,196.871840000,196.871840000,0.000000000,1,1
rx,1201,196.871840000,196.872933016,0.001093016,1,1
tx,1202,197.035680000,197.035680000,0.000000000,1,1
rx,1202,197.035680000,197.036773016,0.001093016,1,1
tx,1203,197.199520000,197.199520000,0.000000000,1,1
rx,1203,197.199520000,197.200613016,0.001093016,1,1
tx,1204,197.363360000,197.363360000,0.000000000,1,1
rx,1204,197.363360000,197.364453016,0.001093016,1,1
tx,1205,197.527200000,197.527200000,0.000000000,1,1
rx,1205,197.527200000,197.528293016,0.001093016,1,1
tx,1206,197.691040000,197.691040000,0.000000000,1,1
rx,1206,197.691040000,197.692133016,0.001093016,1,1
tx,1207,197.854880000,197.854880000,0.000000000,1,1
rx,1207,197.854880000,197.855973016,0.001093016,1,1
tx,1208,198.018720000,198.018720000,0.000000000,1,1
rx,1208,198.018720000,198.019813016,0.001093016,1,1
tx,1209,198.182560000,198.182560000,0.000000000,1,1
rx,1209,198.182560000,198.183653016,0.001093016,1,1
tx,1210,198.346400000,198.346400000,0.000000000,1,1
rx,1210,198.346400000,198.347493016,0.001093016,1,1
tx,1211,198.510240000,198.510240000,0.000000000,1,1
rx,1211,198.510240000,198.511333016,0.001093016,1,1
tx,1212,198.674080000,198.674080000,0.000000000,1,1
rx,1212,198.674080000,198.675173016,0.001093016,1,1
tx,1213,198.837920000,198.837920000,0.000000000,1,1
rx,1213,198.837920000,198.839013016,0.001093016,1,1
tx,1214,199.001760000,199.001760000,0.000000000,1,1
rx,1214,199.001760000,199.002853016,0.001093016,1,1
tx,1215,199.165600000,199.165600000,0.000000000,1,1
rx,1215,199.165600000,199.166693016,0.001093016,1,1
tx,1216,199.329440000,199.329440000,0.000000000,1,1
rx,1216,199.329440000,199.330533016,0.001093016,1,1
tx,1217,199.493280000,199.493280000,0.000000000,1,1
rx,1217,199.493280000,199.494373016,0.001093016,1,1
tx,1218,199.657120000,199.657120000,0.000000000,1,1
rx,1218,199.657120000,199.658213016,0.001093016,1,1
tx,1219,199.820960000,199.820960000,0.000000000,1,1
rx,1219,199.820960000,199.822053016,0.001093016,1,1
tx,1220,199.984800000,199.984800000,0.000000000,1,1
rx,1220,199.984800000,199.985893016,0.001093016,1,1
tx,1221,200.148640000,200.148640000,0.000000000,1,1
rx,1221,200.148640000,200.149733016,0.001093016,1,1
tx,1222,200.312480000,200.312480000,0.000000000,1,1
rx,1222,200.312480000,200.313573016,0.001093016,1,1
tx,1223,200.476320000,200.476320000,0.000000000,1,1
rx,1223,200.476320000,200.477413016,0.001093016,1,1
tx,1224,200.640160000,200.640160000,0.000000000,1,1
rx,1224,200.640160000,200.641253016,0.001093016,1,1
tx,1225,200.804000000,200.804000000,0.000000000,1,1
rx,1225,200.804000000,200.805093016,0.001093016,1,1
tx,1226,200.967840000,200.967840000,0.000000000,1,1
rx,1226,200.967840000,200.968933016,0.001093016,1,1
tx,1227,201.131680000,201.131680000,0.000000000,1,1
rx,1227,201.131680000,201.132773016,0.001093016,1,1
tx,1228,201.295520000,201.295520000,0.000000000,1,1
rx,1228,201.295520000,201.296613016,0.001093016,1,1
tx,1229,201.459360000,201.459360000,0.000000000,1,1
rx,1229,201.459360000,201.460453016,0.001093016,1,1
tx,1230,201.623200000,201.623200000,0.000000000,1,1
rx,1230,201.623200000,201.624293016,0.001093016,1,1
tx,1231,201.787040000,201.787040000,0.000000000,1,1
rx,1231,201.787040000,201.788133016,0.001093016,1,1
tx,1232,201.950880000,201.950880000,0.000000000,1,1
rx,1232,201.950880000,201.951973016,0.001093016,1,1
tx,1233,202.114720000,202.114720000,0.000000000,1,1
rx,1233,202.114720000,202.115813016,0.001093016,1,1
tx,1234,202.278560000,202.278560000,0.000000000,1,1
rx,1234,202.278560000,202.279653016,0.001093016,1,1
tx,1235,202.442400000,202.442400000,0.000000000,1,1
rx,1235,202.442400000,202.443493016,0.001093016,1,1
tx,1236,202.606240000,202.606240000,0.000000000,1,1
rx,1236,202.606240000,202.607333016,0.001093016,1,1
tx,1237,202.770080000,202.770080000,0.000000000,1,1
rx,1237,202.770080000,202.771173016,0.001093016,1,1
tx,1238,202.933920000,202.933920000,0.000000000,1,1
rx,1238,202.933920000,202.935013016,0.001093016,1,1
tx,1239,203.097760000,203.097760000,0.000000000,1,1
rx,1239,203.097760000,203.098853016,0.001093016,1,1
tx,1240,203.261600000,203.261600000,0.000000000,1,1
rx,1240,203.261600000,203.262693016,0.001093016,1,1
tx,1241,203.425440000,203.425440000,0.000000000,1,1
rx,1241,203.425440000,203.426533016,0.001093016,1,1
tx,1242,203.589280000,203.589280000,0.000000000,1,1
rx,1242,203.589280000,203.590373016,0.001093016,1,1
tx,1243,203.753120000,203.753120000,0.000000000,1,1
rx,1243,203.753120000,203.754213016,0.001093016,1,1
tx,1244,203.916960000,203.916960000,0.000000000,1,1
rx,1244,203.916960000,203.918053016,0.001093016,1,1
tx,1245,204.080800000,204.080800000,0.000000000,1,1
rx,1245,204.080800000,204.081893016,0.001093016,1,1
tx,1246,204.244640000,204.244640000,0.000000000,1,1
rx,1246,204.244640000,204.245733016,0.001093016,1,1
tx,1247,204.408480000,204.408480000,0.000000000,1,1
rx,1247,204.408480000,204.409573016,0.001093016,1,1
tx,1248,204.572320000,204.572320000,0.000000000,1,1
rx,1248,204.572320000,204.573413016,0.001093016,1,1
tx,1249,204.736160000,204.736160000,0.000000000,1,1
rx,1249,204.736160000,204.737253016,0.001093016,1,1
tx,1250,204.900000000,204.900000000,0.000000000,1,1
rx,1250,204.900000000,204.901093016,0.001093016,1,1
tx,1251,205.063840000,205.063840000,0.000000000,1,1
rx,1251,205.063840000,205.064933016,0.001093016,1,1
tx,1252,205.227680000,205.227680000,0.000000000,1,1
rx,1252,205.227680000,205.228773016,0.001093016,1,1
tx,1253,205.391520000,205.391520000,0.000000000,1,1
rx,1253,205.391520000,205.392613016,0.001093016,1,1
tx,1254,205.555360000,205.555360000,0.000000000,1,1
rx,1254,205.555360000,205.556453016,0.001093016,1,1
tx,1255,205.719200000,205.719200000,0.000000000,1,1
rx,1255,205.719200000,205.720293016,0.001093016,1,1
tx,1256,205.883040000,205.883040000,0.000000000,1,1
rx,1256,205.883040000,205.884133016,0.001093016,1,1
tx,1257,206.046880000,206.046880000,0.000000000,1,1
rx,1257,206.046880000,206.047973016,0.001093016,1,1
tx,1258,206.210720000,206.210720000,0.000000000,1,1
rx,1258,206.210720000,206.211813016,0.001093016,1,1
tx,1259,206.374560000,206.374560000,0.000000000,1,1
rx,1259,206.374560000,206.375653016,0.001093016,1,1
tx,1260,206.538400000,206.538400000,0.000000000,1,1
rx,1260,206.538400000,206.539493016,0.001093016,1,1
tx,1261,206.702240000,206.702240000,0.000000000,1,1
rx,1261,206.702240000,206.703333016,0.001093016,1,1
tx,1262,206.866080000,206.866080000,0.000000000,1,1
rx,1262,206.866080000,206.867173016,0.001093016,1,1
tx,1263,207.029920000,207.029920000,0.000000000,1,1
rx,1263,207.029920000,207.031013016,0.001093016,1,1
tx,1264,207.193760000,207.193760000,0.000000000,1,1
rx,1264,207.193760000,207.194853016,0.001093016,1,1
tx,1265,207.357600000,207.357600000,0.000000000,1,1
rx,1265,207.357600000,207.358693016,0.001093016,1,1
tx,1266,207.521440000,207.521440000,0.000000000,1,1
rx,1266,207.521440000,207.522533016,0.001093016,1,1
tx,1267,207.685280000,207.685280000,0.000000000,1,1
rx,1267,207.685280000,207.686373016,0.001093016,1,1
tx,1268,207.849120000,207.849120000,0.000000000,1,1
rx,1268,207.849120000,207.850213016,0.001093016,1,1
tx,1269,208.012960000,208.012960000,0.000000000,1,1
rx,1269,208.012960000,208.014053016,0.001093016,1,1
tx,1270,208.176800000,208.176800000,0.000000000,1,1
rx,1270,208.176800000,208.177893016,0.001093016,1,1
tx,1271,208.340640000,208.340640000,0.000000000,1,1
rx,1271,208.340640000,208.341733016,0.001093016,1,1
tx,1272,208.504480000,208.504480000,0.000000000,1,1
rx,1272,208.504480000,208.505573016,0.001093016,1,1
tx,1273,208.668320000,208.668320000,0.000000000,1,1
rx,1273,208.668320000,208.669413016,0.001093016,1,1
tx,1274,208.832160000,208.832160000,0.000000000,1,1
rx,1274,208.832160000,208.833253016,0.001093016,1,1
tx,1275,208.996000000,208.996000000,0.000000000,1,1
rx,1275,208.996000000,208.997093016,0.001093016,1,1
tx,1276,209.159840000,209.159840000,0.000000000,1,1
rx,1276,209.159840000,209.160933016,0.001093016,1,1
tx,1277,209.323680000,209.323680000,0.000000000,1,1
rx,1277,209.323680000,209.324773016,0.001093016,1,1
tx,1278,209.487520000,209.487520000,0.000000000,1,1
rx,1278,209.487520000,209.488613016,0.001093016,1,1
tx,1279,209.651360000,209.651360000,0.000000000,1,1
rx,1279,209.651360000,209.652453016,0.001093016,1,1
tx,1280,209.815200000,209.815200000,0.000000000,1,1
rx,1280,209.815200000,209.816293016,0.001093016,1,1
tx,1281,209.979040000,209.979040000,0.000000000,1,1
rx,1281,209.979040000,209.980133016,0.001093016,1,1
tx,1282,210.142880000,210.142880000,0.000000000,1,1
rx,1282,210.142880000,210.143973016,0.001093016,1,1
tx,1283,210.306720000,210.306720000,0.000000000,1,1
rx,1283,210.306720000,210.307813016,0.001093016,1,1
tx,1284,210.470560000,210.470560000,0.000000000,1,1
rx,1284,210.470560000,210.471653016,0.001093016,1,1
tx,1285,210.634400000,210.634400000,0.000000000,1,1
rx,1285,210.634400000,210.635493016,0.001093016,1,1
tx,1286,210.798240000,210.798240000,0.000000000,1,1
rx,1286,210.798240000,210.799333016,0.001093016,1,1
tx,1287,210.962080000,210.962080000,0.000000000,1,1
rx,1287,210.962080000,210.963173016,0.001093016,1,1
tx,1288,211.125920000,211.125920000,0.000000000,1,1
rx,1288,211.125920000,211.127013016,0.001093016,1,1
tx,1289,211.289760000,211.289760000,0.000000000,1,1
rx,1289,211.289760000,211.290853016,0.001093016,1,1
tx,1290,211.453600000,211.453600000,0.000000000,1,1
rx,1290,211.453600000,211.454693016,0.001093016,1,1
tx,1291,211.617440000,211.617440000,0.000000000,1,1
rx,1291,211.617440000,211.618533016,0.001093016,1,1
tx,1292,211.781280000,211.781280000,0.000000000,1,1
rx,1292,211.781280000,211.782373016,0.001093016,1,1
tx,1293,211.945120000,211.945120000,0.000000000,1,1
rx,1293,211.945120000,211.946213016,0.001093016,1,1
tx,1294,212.108960000,212.108960000,0.000000000,1,1
rx,1294,212.108960000,212.110053016,0.001093016,1,1
tx,1295,212.272800000,212.272800000,0.000000000,1,1
rx,1295,212.272800000,212.273893016,0.001093016,1,1
tx,1296,212.436640000,212.436640000,0.000000000,1,1
rx,1296,212.436640000,212.437733016,0.001093016,1,1
tx,1297,212.600480000,212.600480000,0.000000000,1,1
rx,1297,212.600480000,212.601573016,0.001093016,1,1
tx,1298,212.764320000,212.764320000,0.000000000,1,1
rx,1298,212.764320000,212.765413016,0.001093016,1,1
tx,1299,212.928160000,212.928160000,0.000000000,1,1
rx,1299,212.928160000,212.929253016,0.001093016,1,1
tx,1300,213.092000000,213.092000000,0.000000000,1,1
rx,1300,213.092000000,213.093093016,0.001093016,1,1
tx,1301,213.255840000,213.255840000,0.000000000,1,1
rx,1301,213.255840000,213.256933016,0.001093016,1,1
tx,1302,213.419680000,213.419680000,0.000000000,1,1
rx,1302,213.419680000,213.420773016,0.001093016,1,1
tx,1303,213.583520000,213.583520000,0.000000000,1,1
rx,1303,213.583520000,213.584613016,0.001093016,1,1
tx,1304,213.747360000,213.747360000,0.000000000,1,1
rx,1304,213.747360000,213.748453016,0.001093016,1,1
tx,1305,213.911200000,213.911200000,0.000000000,1,1
rx,1305,213.911200000,213.912293016,0.001093016,1,1
tx,1306,214.075040000,214.075040000,0.000000000,1,1
rx,1306,214.075040000,214.076133016,0.001093016,1,1
tx,1307,214.238880000,214.238880000,0.000000000,1,1
rx,1307,214.238880000,214.239973016,0.001093016,1,1
tx,1308,214.402720000,214.402720000,0.000000000,1,1
rx,1308,214.402720000,214.403813016,0.001093016,1,1
tx,1309,214.566560000,214.566560000,0.000000000,1,1
rx,1309,214.566560000,214.567653016,0.001093016,1,1
tx,1310,214.730400000,214.730400000,0.000000000,1,1
rx,1310,214.730400000,214.731493016,0.001093016,1,1
tx,1311,214.894240000,214.894240000,0.000000000,1,1
rx,1311,214.894240000,214.895333016,0.001093016,1,1
tx,1312,215.058080000,215.058080000,0.000000000,1,1
rx,1312,215.058080000,215.059173016,0.001093016,1,1
tx,1313,215.221920000,215.221920000,0.000000000,1,1
rx,1313,215.221920000,215.223013016,0.001093016,1,1
tx,1314,215.385760000,215.385760000,0.000000000,1,1
rx,1314,215.385760000,215.386853016,0.001093016,1,1
tx,1315,215.549600000,215.549600000,0.000000000,1,1
rx,1315,215.549600000,215.550693016,0.001093016,1,1
tx,1316,215.713440000,215.713440000,0.000000000,1,1
rx,1316,215.713440000,215.714533016,0.001093016,1,1
tx,1317,215.877280000,215.877280000,0.000000000,1,1
rx,1317,215.877280000,215.878373016,0.001093016,1,1
tx,1318,216.041120000,216.041120000,0.000000000,1,1
rx,1318,216.041120000,216.042213016,0.001093016,1,1
tx,1319,216.204960000,216.204960000,0.000000000,1,1
rx,1319,216.204960000,216.206053016,0.001093016,1,1
tx,1320,216.368800000,216.368800000,0.000000000,1,1
rx,1320,216.368800000,216.369893016,0.001093016,1,1
tx,1321,216.532640000,216.532640000,0.000000000,1,1
rx,1321,216.532640000,216.533733016,0.001093016,1,1
tx,1322,216.696480000,216.696480000,0.000000000,1,1
rx,1322,216.696480000,216.697573016,0.001093016,1,1
tx,1323,216.860320000,216.860320000,0.000000000,1,1
rx,1323,216.860320000,216.861413016,0.001093016,1,1
tx,1324,217.024160000,217.024160000,0.000000000,1,1
rx,1324,217.024160000,217.025253016,0.001093016,1,1
tx,1325,217.188000000,217.188000000,0.000000000,1,1
rx,1325,217.188000000,217.189093016,0.001093016,1,1
tx,1326,217.351840000,217.351840000,0.000000000,1,1
rx,1326,217.351840000,217.352933016,0.001093016,1,1
tx,1327,217.515680000,217.515680000,0.000000000,1,1
rx,1327,217.515680000,217.516773016,0.001093016,1,1
tx,1328,217.679520000,217.679520000,0.000000000,1,1
rx,1328,217.679520000,217.680613016,0.001093016,1,1
tx,1329,217.843360000,217.843360000,0.000000000,1,1
rx,1329,217.843360000,217.844453016,0.001093016,1,1
tx,1330,218.007200000,218.007200000,0.000000000,1,1
rx,1330,218.007200000,218.008293016,0.001093016,1,1
tx,1331,218.171040000,218.171040000,0.000000000,1,1
rx,1331,218.171040000,218.172133016,0.001093016,1,1
tx,1332,218.334880000,218.334880000,0.000000000,1,1
rx,1332,218.334880000,218.335973016,0.001093016,1,1
tx,1333,218.498720000,218.498720000,0.000000000,1,1
rx,1333,218.498720000,218.499813016,0.001093016,1,1
tx,1334,218.662560000,218.662560000,0.000000000,1,1
rx,1334,218.662560000,218.663653016,0.001093016,1,1
tx,1335,218.826400000,218.826400000,0.000000000,1,1
rx,1335,218.826400000,218.827493016,0.001093016,1,1
tx,1336,218.990240000,218.990240000,0.000000000,1,1
rx,1336,218.990240000,218.991333016,0.001093016,1,1
tx,1337,219.154080000,219.154080000,0.000000000,1,1
rx,1337,219.154080000,219.155173016,0.001093016,1,1
tx,1338,219.317920000,219.317920000,0.000000000,1,1
rx,1338,219.317920000,219.319013016,0.001093016,1,1
tx,1339,219.481760000,219.481760000,0.000000000,1,1
rx,1339,219.481760000,219.482853016,0.001093016,1,1
tx,1340,219.645600000,219.645600000,0.000000000,1,1
rx,1340,219.645600000,219.646693016,0.001093016,1,1
tx,1341,219.809440000,219.809440000,0.000000000,1,1
rx,1341,219.809440000,219.810533016,0.001093016,1,1
tx,1342,219.973280000,219.973280000,0.000000000,1,1
rx,1342,219.973280000,219.974373016,0.001093016,1,1
tx,1343,220.137120000,220.137120000,0.000000000,1,1
rx,1343,220.137120000,220.138213016,0.001093016,1,1
tx,1344,220.300960000,220.300960000,0.000000000,1,1
rx,1344,220.300960000,220.302053016,0.001093016,1,1
tx,1345,220.464800000,220.464800000,0.000000000,1,1
rx,1345,220.464800000,220.465893016,0.001093016,1,1
tx,1346,220.628640000,220.628640000,0.000000000,1,1
rx,1346,220.628640000,220.629733016,0.001093016,1,1
tx,1347,220.792480000,220.792480000,0.000000000,1,1
rx,1347,220.792480000,220.793573016,0.001093016,1,1
tx,1348,220.956320000,220.956320000,0.000000000,1,1
rx,1348,220.956320000,220.957413016,0.001093016,1,1
tx,1349,221.120160000,221.120160000,0.000000000,1,1
rx,1349,221.120160000,221.121253016,0.001093016,1,1
tx,1350,221.284000000,221.284000000,0.000000000,1,1
rx,1350,221.284000000,221.285093016,0.001093016,1,1
tx,1351,221.447840000,221.447840000,0.000000000,1,1
rx,1351,221.447840000,221.448933016,0.001093016,1,1
tx,1352,221.611680000,221.611680000,0.000000000,1,1
rx,1352,221.611680000,221.612773016,0.001093016,1,1
tx,1353,221.775520000,221.775520000,0.000000000,1,1
rx,1353,221.775520000,221.776613016,0.001093016,1,1
tx,1354,221.939360000,221.939360000,0.000000000,1,1
rx,1354,221.939360000,221.940453016,0.001093016,1,1
tx,1355,222.103200000,222.103200000,0.000000000,1,1
rx,1355,222.103200000,222.104293016,0.001093016,1,1
tx,1356,222.267040000,222.267040000,0.000000000,1,1
rx,1356,222.267040000,222.268133016,0.001093016,1,1
tx,1357,222.430880000,222.430880000,0.000000000,1,1
rx,1357,222.430880000,222.431973016,0.001093016,1,1
tx,1358,222.594720000,222.594720000,0.000000000,1,1
rx,1358,222.594720000,222.595813016,0.001093016,1,1
tx,1359,222.758560000,222.758560000,0.000000000,1,1
rx,1359,222.758560000,222.759653016,0.001093016,1,1
tx,1360,222.922400000,222.922400000,0.000000000,1,1
rx,1360,222.922400000,222.923493016,0.001093016,1,1
tx,1361,223.086240000,223.086240000,0.000000000,1,1
rx,1361,223.086240000,223.087333016,0.001093016,1,1
tx,1362,223.250080000,223.250080000,0.000000000,1,1
rx,1362,223.250080000,223.251173016,0.001093016,1,1
tx,1363,223.413920000,223.413920000,0.000000000,1,1
rx,1363,223.413920000,223.415013016,0.001093016,1,1
tx,1364,223.577760000,223.577760000,0.000000000,1,1
rx,1364,223.577760000,223.578853016,0.001093016,1,1
tx,1365,223.741600000,223.741600000,0.000000000,1,1
rx,1365,223.741600000,223.742693016,0.001093016,1,1
tx,1366,223.905440000,223.905440000,0.000000000,1,1
rx,1366,223.905440000,223.906533016,0.001093016,1,1
tx,1367,224.069280000,224.069280000,0.000000000,1,1
rx,1367,224.069280000,224.070373016,0.001093016,1,1
tx,1368,224.233120000,224.233120000,0.000000000,1,1
rx,1368,224.233120000,224.234213016,0.001093016,1,1
tx,1369,224.396960000,224.396960000,0.000000000,1,1
rx,1369,224.396960000,224.398053016,0.001093016,1,1
tx,1370,224.560800000,224.560800000,0.000000000,1,1
rx,1370,224.560800000,224.561893016,0.001093016,1,1
tx,1371,224.724640000,224.724640000,0.000000000,1,1
rx,1371,224.724640000,224.725733016,0.001093016,1,1
tx,1372,224.888480000,224.888480000,0.000000000,1,1
rx,1372,224.888480000,224.889573016,0.001093016,1,1
tx,1373,225.052320000,225.052320000,0.000000000,1,1
rx,1373,225.052320000,225.053413016,0.001093016,1,1
tx,1374,225.216160000,225.216160000,0.000000000,1,1
rx,1374,225.216160000,225.217253016,0.001093016,1,1
tx,1375,225.380000000,225.380000000,0.000000000,1,1
rx,1375,225.380000000,225.381093016,0.001093016,1,1
tx,1376,225.543840000,225.543840000,0.000000000,1,1
rx,1376,225.543840000,225.544933016,0.001093016,1,1
tx,1377,225.707680000,225.707680000,0.000000000,1,1
rx,1377,225.707680000,225.708773016,0.001093016,1,1
tx,1378,225.871520000,225.871520000,0.000000000,1,1
rx,1378,225.871520000,225.872613016,0.001093016,1,1
tx,1379,226.035360000,226.035360000,0.000000000,1,1
rx,1379,226.035360000,226.036453016,0.001093016,1,1
tx,1380,226.199200000,226.199200000,0.000000000,1,1
rx,1380,226.199200000,226.200293016,0.001093016,1,1
tx,1381,226.363040000,226.363040000,0.000000000,1,1
rx,1381,226.363040000,226.364133016,0.001093016,1,1
tx,1382,226.526880000,226.526880000,0.000000000,1,1
rx,1382,226.526880000,226.527973016,0.001093016,1,1
tx,1383,226.690720000,226.690720000,0.000000000,1,1
rx,1383,226.690720000,226.691813016,0.001093016,1,1
tx,1384,226.854560000,226.854560000,0.000000000,1,1
rx,1384,226.854560000,226.855653016,0.001093016,1,1
tx,1385,227.018400000,227.018400000,0.000000000,1,1
rx,1385,227.018400000,227.019493016,0.001093016,1,1
tx,1386,227.182240000,227.182240000,0.000000000,1,1
rx,1386,227.182240000,227.183333016,0.001093016,1,1
tx,1387,227.346080000,227.346080000,0.000000000,1,1
rx,1387,227.346080000,227.347173016,0.001093016,1,1
tx,1388,227.509920000,227.509920000,0.000000000,1,1
rx,1388,227.509920000,227.511013016,0.001093016,1,1
tx,1389,227.673760000,227.673760000,0.000000000,1,1
rx,1389,227.673760000,227.674853016,0.001093016,1,1
tx,1390,227.837600000,227.837600000,0.000000000,1,1
rx,1390,227.837600000,227.838693016,0.001093016,1,1
tx,1391,228.001440000,228.001440000,0.000000000,1,1
rx,1391,228.001440000,228.002533016,0.001093016,1,1
tx,1392,228.165280000,228.165280000,0.000000000,1,1
rx,1392,228.165280000,228.166373016,0.001093016,1,1
tx,1393,228.329120000,228.329120000,0.000000000,1,1
rx,1393,228.329120000,228.330213016,0.001093016,1,1
tx,1394,228.492960000,228.492960000,0.000000000,1,1
rx,1394,228.492960000,228.494053016,0.001093016,1,1
tx,1395,228.656800000,228.656800000,0.000000000,1,1
rx,1395,228.656800000,228.657893016,0.001093016,1,1
tx,1396,228.820640000,228.820640000,0.000000000,1,1
rx,1396,228.820640000,228.821733016,0.001093016,1,1
tx,1397,228.984480000,228.984480000,0.000000000,1,1
rx,1397,228.984480000,228.985573016,0.001093016,1,1
tx,1398,229.148320000,229.148320000,0.000000000,1,1
rx,1398,229.148320000,229.149413016,0.001093016,1,1
tx,1399,229.312160000,229.312160000,0.000000000,1,1
rx,1399,229.312160000,229.313253016,0.001093016,1,1
tx,1400,229.476000000,229.476000000,0.000000000,1,1
rx,1400,229.476000000,229.477093016,0.001093016,1,1
tx,1401,229.639840000,229.639840000,0.000000000,1,1
rx,1401,229.639840000,229.640933016,0.001093016,1,1
tx,1402,229.803680000,229.803680000,0.000000000,1,1
rx,1402,229.803680000,229.804773016,0.001093016,1,1
tx,1403,229.967520000,229.967520000,0.000000000,1,1
rx,1403,229.967520000,229.968613016,0.001093016,1,1
tx,1404,230.131360000,230.131360000,0.000000000,1,1
rx,1404,230.131360000,230.132453016,0.001093016,1,1
tx,1405,230.295200000,230.295200000,0.000000000,1,1
rx,1405,230.295200000,230.296293016,0.001093016,1,1
tx,1406,230.459040000,230.459040000,0.000000000,1,1
rx,1406,230.459040000,230.460133016,0.001093016,1,1
tx,1407,230.622880000,230.622880000,0.000000000,1,1
rx,1407,230.622880000,230.623973016,0.001093016,1,1
tx,1408,230.786720000,230.786720000,0.000000000,1,1
rx,1408,230.786720000,230.787813016,0.001093016,1,1
tx,1409,230.950560000,230.950560000,0.000000000,1,1
rx,1409,230.950560000,230.951653016,0.001093016,1,1
tx,1410,231.114400000,231.114400000,0.000000000,1,1
rx,1410,231.114400000,231.115493016,0.001093016,1,1
tx,1411,231.278240000,231.278240000,0.000000000,1,1
rx,1411,231.278240000,231.279333016,0.001093016,1,1
tx,1412,231.442080000,231.442080000,0.000000000,1,1
rx,1412,231.442080000,231.443173016,0.001093016,1,1
tx,1413,231.605920000,231.605920000,0.000000000,1,1
rx,1413,231.605920000,231.607013016,0.001093016,1,1
tx,1414,231.769760000,231.769760000,0.000000000,1,1
rx,1414,231.769760000,231.770853016,0.001093016,1,1
tx,1415,231.933600000,231.933600000,0.000000000,1,1
rx,1415,231.933600000,231.934693016,0.001093016,1,1
tx,1416,232.097440000,232.097440000,0.000000000,1,1
rx,1416,232.097440000,232.098533016,0.001093016,1,1
tx,1417,232.261280000,232.261280000,0.000000000,1,1
rx,1417,232.261280000,232.262373016,0.001093016,1,1
tx,1418,232.425120000,232.425120000,0.000000000,1,1
rx,1418,232.425120000,232.426213016,0.001093016,1,1
tx,1419,232.588960000,232.588960000,0.000000000,1,1
rx,1419,232.588960000,232.590053016,0.001093016,1,1
tx,1420,232.752800000,232.752800000,0.000000000,1,1
rx,1420,232.752800000,232.753893016,0.001093016,1,1
tx,1421,232.916640000,232.916640000,0.000000000,1,1
rx,1421,232.916640000,232.917733016,0.001093016,1,1
tx,1422,233.080480000,233.080480000,0.000000000,1,1
rx,1422,233.080480000,233.081573016,0.001093016,1,1
tx,1423,233.244320000,233.244320000,0.000000000,1,1
rx,1423,233.244320000,233.245413016,0.001093016,1,1
tx,1424,233.408160000,233.408160000,0.000000000,1,1
rx,1424,233.408160000,233.409253016,0.001093016,1,1
tx,1425,233.572000000,233.572000000,0.000000000,1,1
rx,1425,233.572000000,233.573093016,0.001093016,1,1
tx,1426,233.735840000,233.735840000,0.000000000,1,1
rx,1426,233.735840000,233.736933016,0.001093016,1,1
tx,1427,233.899680000,233.899680000,0.000000000,1,1
rx,1427,233.899680000,233.900773016,0.001093016,1,1
tx,1428,234.063520000,234.063520000,0.000000000,1,1
rx,1428,234.063520000,234.064613016,0.001093016,1,1
tx,1429,234.227360000,234.227360000,0.000000000,1,1
rx,1429,234.227360000,234.228453016,0.001093016,1,1
tx,1430,234.391200000,234.391200000,0.000000000,1,1
rx,1430,234.391200000,234.392293016,0.001093016,1,1
tx,1431,234.555040000,234.555040000,0.000000000,1,1
rx,1431,234.555040000,234.556133016,0.001093016,1,1
tx,1432,234.718880000,234.718880000,0.000000000,1,1
rx,1432,234.718880000,234.719973016,0.001093016,1,1
tx,1433,234.882720000,234.882720000,0.000000000,1,1
rx,1433,234.882720000,234.883813016,0.001093016,1,1
tx,1434,235.046560000,235.046560000,0.000000000,1,1
rx,1434,235.046560000,235.047653016,0.001093016,1,1
tx,1435,235.210400000,235.210400000,0.000000000,1,1
rx,1435,235.210400000,235.211493016,0.001093016,1,1
tx,1436,235.374240000,235.374240000,0.000000000,1,1
rx,1436,235.374240000,235.375333016,0.001093016,1,1
tx,1437,235.538080000,235.538080000,0.000000000,1,1
rx,1437,235.538080000,235.539173016,0.001093016,1,1
tx,1438,235.701920000,235.701920000,0.000000000,1,1
rx,1438,235.701920000,235.703013016,0.001093016,1,1
tx,1439,235.865760000,235.865760000,0.000000000,1,1
rx,1439,235.865760000,235.866853016,0.001093016,1,1
