scenario,protocol,wall_time_s,cpu_time_s,ip_tx_cb_calls,ip_rx_cb_calls,frame_apply_calls,routing_tx,routing_rx,pdr,goodput_mbps,eed_mean_s,app_tx_pkts,app_rx_pkts,ip_drop_no_route,ip_drop_route_err,phy_tx_drop,phy_rx_drop,routing_efficiency,control_packets,control_bytes,control_packets_per_delivered,control_bytes_per_delivered,oracle_uptime_ratio,oracle_mean_up_run_s,oracle_median_up_run_s,oracle_p90_up_run_s,oracle_up_runs_s,oracle_transition_count,oracle_path_identity_retention,oracle_has_alternative_paths,oracle_outage_durations_s,reestablishment_times_s,reestablishment_outage_durations_s,olsr_hello_packets,olsr_hello_bytes,olsr_tc_packets,olsr_tc_bytes,olsr_mid_packets,olsr_mid_bytes,olsr_hna_packets,olsr_hna_bytes,olsr_other_packets,olsr_other_bytes,aodv_hello_packets,aodv_hello_bytes,aodv_rreq_packets,aodv_rreq_bytes,aodv_rrep_packets,aodv_rrep_bytes,aodv_rerr_packets,aodv_rerr_bytes,aodv_rrep_ack_packets,aodv_rrep_ack_bytes,aodv_other_packets,aodv_other_bytes,dsdv_update_packets,dsdv_update_bytes,dsdv_other_packets,dsdv_other_bytes,static_other_packets,static_other_bytes,label,param_name,param_value,realization_id,replay_epoch
trace,olsr,0.432129,0.432107,1342,1616,105,567,1067,0.225000,0.011556,69.573514,360,81,10,0,0,568,0.450000,567,41588,7.000000,513.432099,0.500000,4.285714,4.000000,5.000000,5.000000;5.000000;4.000000;4.000000;4.000000;4.000000;4.000000,12,0.565217,1,5.000000;5.000000;5.000000;5.000000;5.000000;5.000000,0.292517;2.228469;1.575333;0.284789;nan;1.454069,5.000000;5.000000;5.000000;5.000000;5.000000;5.000000,353,23144,214,18444,0,0,0,0,0,0,0,0,0,0,0,0,0,0,0,0,0,0,0,0,0,0,0,0,graph_0001__pathPersistency_0.5000,pathPersistency,0.5,graph_0001,epoch_0001
trace,aodv,0.633529,0.633463,2592,3163,105,1247,1902,0.594444,0.030169,76.025263,360,214,6,56,0,906,1.188889,1247,59736,5.827103,279.140187,0.500000,4.285714,4.000000,5.000000,5.000000;5.000000;4.000000;4.000000;4.000000;4.000000;4.000000,12,0.565217,1,5.000000;5.000000;5.000000;5.000000;5.000000;5.000000,0.765043;0.428261;0.101057;nan;1.537529;1.290229,5.000000;5.000000;5.000000;5.000000;5.000000;5.000000,0,0,0,0,0,0,0,0,0,0,751,36048,190,9880,177,8496,108,4656,20,600,1,56,0,0,0,0,0,0,graph_0001__pathPersistency_0.5000,pathPersistency,0.5,graph_0001,epoch_0001
trace,static,0.234457,0.234443,946,738,105,0,0,0.422222,0.021201,72.621087,360,152,0,0,0,239,0.844444,0,0,0.000000,0.000000,0.500000,4.285714,4.000000,5.000000,5.000000;5.000000;4.000000;4.000000;4.000000;4.000000;4.000000,12,0.565217,1,5.000000;5.000000;5.000000;5.000000;5.000000;5.000000,0.128597;0.098833;0.110033;0.139549;0.132433;0.143363,5.000000;5.000000;5.000000;5.000000;5.000000;5.000000,0,0,0,0,0,0,0,0,0,0,0,0,0,0,0,0,0,0,0,0,0,0,0,0,0,0,0,0,graph_0001__pathPersistency_0.5000,pathPersistency,0.5,graph_0001,epoch_0001
trace,olsr,0.399429,0.399355,1230,1529,105,574,1091,0.163889,0.008765,67.956003,360,59,3,0,0,484,0.327778,574,42760,9.728814,724.745763,0.500000,4.285714,4.000000,5.000000,5.000000;5.000000;4.000000;4.000000;4.000000;4.000000;4.000000,12,0.565217,1,5.000000;5.000000;5.000000;5.000000;5.000000;5.000000,0.095617;2.256273;0.282565;0.284789;0.214209;nan,5.000000;5.000000;5.000000;5.000000;5.000000;5.000000,351,23064,223,19696,0,0,0,0,0,0,0,0,0,0,0,0,0,0,0,0,0,0,0,0,0,0,0,0,graph_0001__pathPersistency_0.5000,pathPersistency,0.5,graph_0001,epoch_0003
trace,aodv,0.669714,0.669568,2684,3281,105,1208,1842,0.733333,0.036954,74.553046,360,264,3,56,0,973,1.466667,1208,57946,4.575758,219.492424,0.500000,4.285714,4.000000,5.000000,5.000000;5.000000;4.000000;4.000000;4.000000;4.000000;4.000000,12,0.565217,1,5.000000;5.000000;5.000000;5.000000;5.000000;5.000000,0.790637;0.209379;0.101057;nan;0.794856;0.134657,5.000000;5.000000;5.000000;5.000000;5.000000;5.000000,0,0,0,0,0,0,0,0,0,0,752,36096,176,9152,156,7488,107,4648,15,450,2,112,0,0,0,0,0,0,graph_0001__pathPersistency_0.5000,pathPersistency,0.5,graph_0001,epoch_0003
trace,static,0.234207,0.234190,941,733,105,0,0,0.422222,0.021205,72.620941,360,152,0,0,0,235,0.844444,0,0,0.000000,0.000000,0.500000,4.285714,4.000000,5.000000,5.000000;5.000000;4.000000;4.000000;4.000000;4.000000;4.000000,12,0.565217,1,5.000000;5.000000;5.000000;5.000000;5.000000;5.000000,0.128737;0.098833;0.110033;0.121517;0.132433;0.143363,5.000000;5.000000;5.000000;5.000000;5.000000;5.000000,0,0,0,0,0,0,0,0,0,0,0,0,0,0,0,0,0,0,0,0,0,0,0,0,0,0,0,0,graph_0001__pathPersistency_0.5000,pathPersistency,0.5,graph_0001,epoch_0003
trace,olsr,0.454000,0.453960,1420,1696,105,565,1062,0.247222,0.015062,70.325592,360,89,0,0,0,560,0.494444,565,42240,6.348315,474.606742,0.500000,4.285714,4.000000,5.000000,5.000000;5.000000;4.000000;4.000000;4.000000;4.000000;4.000000,12,0.565217,1,5.000000;5.000000;5.000000;5.000000;5.000000;5.000000,0.460437;2.228469;0.282565;0.284789;1.213041;nan,5.000000;5.000000;5.000000;5.000000;5.000000;5.000000,350,23024,215,19216,0,0,0,0,0,0,0,0,0,0,0,0,0,0,0,0,0,0,0,0,0,0,0,0,graph_0001__pathPersistency_0.5000,pathPersistency,0.5,graph_0001,epoch_0004
trace,aodv,0.590362,0.590215,2406,3056,105,1205,1891,0.577778,0.029116,75.814258,360,208,3,113,0,747,1.155556,1205,57660,5.793269,277.211538,0.500000,4.285714,4.000000,5.000000,5.000000;5.000000;4.000000;4.000000;4.000000;4.000000;4.000000,12,0.565217,1,5.000000;5.000000;5.000000;5.000000;5.000000;5.000000,0.768336;nan;0.450344;nan;1.548110;1.290229,5.000000;5.000000;5.000000;5.000000;5.000000;5.000000,0,0,0,0,0,0,0,0,0,0,759,36432,160,8320,157,7536,109,4720,18,540,2,112,0,0,0,0,0,0,graph_0001__pathPersistency_0.5000,pathPersistency,0.5,graph_0001,epoch_0004
trace,static,0.243709,0.243706,945,738,105,0,0,0.425000,0.021342,72.634923,360,153,0,0,0,236,0.850000,0,0,0.000000,0.000000,0.500000,4.285714,4.000000,5.000000,5.000000;5.000000;4.000000;4.000000;4.000000;4.000000;4.000000,12,0.565217,1,5.000000;5.000000;5.000000;5.000000;5.000000;5.000000,0.134757;0.098833;0.110033;0.121597;0.132433;0.143363,5.000000;5.000000;5.000000;5.000000;5.000000;5.000000,0,0,0,0,0,0,0,0,0,0,0,0,0,0,0,0,0,0,0,0,0,0,0,0,0,0,0,0,graph_0001__pathPersistency_0.5000,pathPersistency,0.5,graph_0001,epoch_0004
trace,olsr,0.431204,0.430612,1342,1640,105,562,1068,0.247222,0.012699,70.069162,360,89,5,0,0,564,0.494444,562,41164,6.314607,462.516854,0.500000,4.285714,4.000000,5.000000,5.000000;5.000000;4.000000;4.000000;4.000000;4.000000;4.000000,12,0.565217,1,5.000000;5.000000;5.000000;5.000000;5.000000;5.000000,0.457731;2.228469;0.282565;0.284789;nan;1.289959,5.000000;5.000000;5.000000;5.000000;5.000000;5.000000,357,23352,205,17812,0,0,0,0,0,0,0,0,0,0,0,0,0,0,0,0,0,0,0,0,0,0,0,0,graph_0001__pathPersistency_0.5000,pathPersistency,0.5,graph_0001,epoch_0005
trace,aodv,0.575503,0.574822,2399,3000,105,1178,1813,0.566667,0.028554,77.107742,360,204,9,113,0,866,1.133333,1178,56270,5.774510,275.833333,0.500000,4.285714,4.000000,5.000000,5.000000;5.000000;4.000000;4.000000;4.000000;4.000000;4.000000,12,0.565217,1,5.000000;5.000000;5.000000;5.000000;5.000000;5.000000,0.772314;nan;0.442628;nan;0.967140;1.471626,5.000000;5.000000;5.000000;5.000000;5.000000;5.000000,0,0,0,0,0,0,0,0,0,0,746,35808,166,8632,136,6528,112,4736,17,510,1,56,0,0,0,0,0,0,graph_0001__pathPersistency_0.5000,pathPersistency,0.5,graph_0001,epoch_0005
trace,static,0.235580,0.235306,942,734,105,0,0,0.422222,0.021204,72.621016,360,152,0,0,0,238,0.844444,0,0,0.000000,0.000000,0.500000,4.285714,4.000000,5.000000,5.000000;5.000000;4.000000;4.000000;4.000000;4.000000;4.000000,12,0.565217,1,5.000000;5.000000;5.000000;5.000000;5.000000;5.000000,0.129871;0.098833;0.110033;0.130493;0.132433;0.143363,5.000000;5.000000;5.000000;5.000000;5.000000;5.000000,0,0,0,0,0,0,0,0,0,0,0,0,0,0,0,0,0,0,0,0,0,0,0,0,0,0,0,0,graph_0001__pathPersistency_0.5000,pathPersistency,0.5,graph_0001,epoch_0005
trace,olsr,0.415905,0.415854,1337,1636,105,564,1052,0.236111,0.016014,68.588900,360,85,3,0,0,534,0.472222,564,41340,6.635294,486.352941,0.500000,4.285714,4.000000,5.000000,5.000000;5.000000;4.000000;4.000000;4.000000;4.000000;4.000000,12,0.565217,1,5.000000;5.000000;5.000000;5.000000;5.000000;5.000000,0.095617;2.228469;0.282529;0.284789;nan;nan,5.000000;5.000000;5.000000;5.000000;5.000000;5.000000,351,22960,213,18380,0,0,0,0,0,0,0,0,0,0,0,0,0,0,0,0,0,0,0,0,0,0,0,0,graph_0001__pathPersistency_0.5000,pathPersistency,0.5,graph_0001,epoch_0002
trace,aodv,0.689406,0.689363,2700,3307,105,1255,1909,0.683333,0.035262,74.831922,360,246,11,56,0,911,1.366667,1255,59884,5.101626,243.430894,0.500000,4.285714,4.000000,5.000000,5.000000;5.000000;4.000000;4.000000;4.000000;4.000000;4.000000,12,0.565217,1,5.000000;5.000000;5.000000;5.000000;5.000000;5.000000,0.095333;0.129275;0.123901;nan;1.526338;1.467817,5.000000;5.000000;5.000000;5.000000;5.000000;5.000000,0,0,0,0,0,0,0,0,0,0,739,35472,183,9516,181,8688,132,5608,20,600,0,0,0,0,0,0,0,0,graph_0001__pathPersistency_0.5000,pathPersistency,0.5,graph_0001,epoch_0002
trace,static,0.231289,0.231131,947,740,105,0,0,0.425000,0.021342,72.445491,360,153,0,0,0,240,0.850000,0,0,0.000000,0.000000,0.500000,4.285714,4.000000,5.000000,5.000000;5.000000;4.000000;4.000000;4.000000;4.000000;4.000000,12,0.565217,1,5.000000;5.000000;5.000000;5.000000;5.000000;5.000000,0.133637;0.098833;0.110033;0.130653;0.132433;0.143363,5.000000;5.000000;5.000000;5.000000;5.000000;5.000000,0,0,0,0,0,0,0,0,0,0,0,0,0,0,0,0,0,0,0,0,0,0,0,0,0,0,0,0,graph_0001__pathPersistency_0.5000,pathPersistency,0.5,graph_0001,epoch_0002
trace,olsr,0.296745,0.296643,994,1487,105,551,1196,0.108333,0.009043,60.737173,360,39,12,0,0,293,0.216667,551,41076,14.128205,1053.230769,0.500000,4.285714,4.000000,5.000000,5.000000;5.000000;4.000000;4.000000;4.000000;4.000000;4.000000,12,0.956522,1,5.000000;5.000000;5.000000;5.000000;5.000000;5.000000,nan;3.220485;nan;nan;nan;nan,5.000000;5.000000;5.000000;5.000000;5.000000;5.000000,350,23932,201,17144,0,0,0,0,0,0,0,0,0,0,0,0,0,0,0,0,0,0,0,0,0,0,0,0,graph_0002__pathPersistency_1.0000,pathPersistency,1.0,graph_0002,epoch_0001
trace,aodv,0.601508,0.601476,2428,3383,105,1196,2181,0.508333,0.025614,75.010515,360,183,35,112,0,688,1.016667,1196,56782,6.535519,310.284153,0.500000,4.285714,4.000000,5.000000,5.000000;5.000000;4.000000;4.000000;4.000000;4.000000;4.000000,12,0.956522,1,5.000000;5.000000;5.000000;5.000000;5.000000;5.000000,nan;0.089857;0.101057;2.572365;nan;0.134657,5.000000;5.000000;5.000000;5.000000;5.000000;5.000000,0,0,0,0,0,0,0,0,0,0,771,37008,130,6760,139,6672,143,5952,13,390,0,0,0,0,0,0,0,0,graph_0002__pathPersistency_1.0000,pathPersistency,1.0,graph_0002,epoch_0001
trace,static,0.260814,0.260807,1080,886,105,0,0,0.461111,0.023143,73.086873,360,166,0,0,0,147,0.922222,0,0,0.000000,0.000000,0.500000,4.285714,4.000000,5.000000,5.000000;5.000000;4.000000;4.000000;4.000000;4.000000;4.000000,12,0.956522,1,5.000000;5.000000;5.000000;5.000000;5.000000;5.000000,0.141185;0.111812;0.132286;0.121517;0.151796;0.143633,5.000000;5.000000;5.000000;5.000000;5.000000;5.000000,0,0,0,0,0,0,0,0,0,0,0,0,0,0,0,0,0,0,0,0,0,0,0,0,0,0,0,0,graph_0002__pathPersistency_1.0000,pathPersistency,1.0,graph_0002,epoch_0001
trace,olsr,0.397243,0.397219,1194,1650,105,533,1168,0.169444,0.014142,59.922747,360,61,36,0,0,407,0.338889,533,39380,8.737705,645.573770,0.500000,4.285714,4.000000,5.000000,5.000000;5.000000;4.000000;4.000000;4.000000;4.000000;4.000000,12,0.956522,1,5.000000;5.000000;5.000000;5.000000;5.000000;5.000000,nan;1.794554;0.119315;nan;nan;nan,5.000000;5.000000;5.000000;5.000000;5.000000;5.000000,361,24640,172,14740,0,0,0,0,0,0,0,0,0,0,0,0,0,0,0,0,0,0,0,0,0,0,0,0,graph_0002__pathPersistency_1.0000,pathPersistency,1.0,graph_0002,epoch_0003
trace,aodv,0.656493,0.656456,2668,3588,105,1305,2297,0.472222,0.023796,74.801496,360,170,62,56,0,924,0.944444,1305,61726,7.676471,363.094118,0.500000,4.285714,4.000000,5.000000,5.000000;5.000000;4.000000;4.000000;4.000000;4.000000;4.000000,12,0.956522,1,5.000000;5.000000;5.000000;5.000000;5.000000;5.000000,nan;0.089857;1.684103;0.112541;3.767048;0.134657,5.000000;5.000000;5.000000;5.000000;5.000000;5.000000,0,0,0,0,0,0,0,0,0,0,748,35904,190,9880,148,7104,198,8208,21,630,0,0,0,0,0,0,0,0,graph_0002__pathPersistency_1.0000,pathPersistency,1.0,graph_0002,epoch_0003
trace,static,0.260958,0.260938,1082,889,105,0,0,0.463889,0.023280,73.096795,360,167,0,0,0,151,0.927778,0,0,0.000000,0.000000,0.500000,4.285714,4.000000,5.000000,5.000000;5.000000;4.000000;4.000000;4.000000;4.000000;4.000000,12,0.956522,1,5.000000;5.000000;5.000000;5.000000;5.000000;5.000000,0.142791;0.110692;0.125450;0.121517;0.150696;0.143633,5.000000;5.000000;5.000000;5.000000;5.000000;5.000000,0,0,0,0,0,0,0,0,0,0,0,0,0,0,0,0,0,0,0,0,0,0,0,0,0,0,0,0,graph_0002__pathPersistency_1.0000,pathPersistency,1.0,graph_0002,epoch_0003
trace,olsr,0.416680,0.416653,1304,1749,105,550,1195,0.133333,0.008462,63.956106,360,48,48,0,0,497,0.266667,550,40664,11.458333,847.166667,0.500000,4.285714,4.000000,5.000000,5.000000;5.000000;4.000000;4.000000;4.000000;4.000000;4.000000,12,0.956522,1,5.000000;5.000000;5.000000;5.000000;5.000000;5.000000,nan;3.220485;nan;nan;nan;nan,5.000000;5.000000;5.000000;5.000000;5.000000;5.000000,349,23832,199,16720,0,0,0,0,2,112,0,0,0,0,0,0,0,0,0,0,0,0,0,0,0,0,0,0,graph_0002__pathPersistency_1.0000,pathPersistency,1.0,graph_0002,epoch_0004
trace,aodv,0.694284,0.694228,2776,3712,105,1250,2227,0.655556,0.033027,78.018495,360,236,27,56,0,816,1.311111,1250,59528,5.296610,252.237288,0.500000,4.285714,4.000000,5.000000,5.000000;5.000000;4.000000;4.000000;4.000000;4.000000;4.000000,12,0.956522,1,5.000000;5.000000;5.000000;5.000000;5.000000;5.000000,nan;0.089857;1.708495;0.112541;0.123741;0.134657,5.000000;5.000000;5.000000;5.000000;5.000000;5.000000,0,0,0,0,0,0,0,0,0,0,748,35904,187,9724,158,7584,135,5656,22,660,0,0,0,0,0,0,0,0,graph_0002__pathPersistency_1.0000,pathPersistency,1.0,graph_0002,epoch_0004
trace,static,0.256300,0.256282,1082,889,105,0,0,0.463889,0.023283,73.096937,360,167,0,0,0,151,0.927778,0,0,0.000000,0.000000,0.500000,4.285714,4.000000,5.000000,5.000000;5.000000;4.000000;4.000000;4.000000;4.000000;4.000000,12,0.956522,1,5.000000;5.000000;5.000000;5.000000;5.000000;5.000000,0.149611;0.115712;0.131306;0.121517;0.149696;0.143633,5.000000;5.000000;5.000000;5.000000;5.000000;5.000000,0,0,0,0,0,0,0,0,0,0,0,0,0,0,0,0,0,0,0,0,0,0,0,0,0,0,0,0,graph_0002__pathPersistency_1.0000,pathPersistency,1.0,graph_0002,epoch_0004
trace,olsr,0.326573,0.326560,1128,1555,105,540,1177,0.155556,0.012928,58.916356,360,56,41,0,0,345,0.311111,540,39888,9.642857,712.285714,0.500000,4.285714,4.000000,5.000000,5.000000;5.000000;4.000000;4.000000;4.000000;4.000000;4.000000,12,0.956522,1,5.000000;5.000000;5.000000;5.000000;5.000000;5.000000,nan;3.220485;0.625660;nan;nan;nan,5.000000;5.000000;5.000000;5.000000;5.000000;5.000000,357,24320,183,15568,0,0,0,0,0,0,0,0,0,0,0,0,0,0,0,0,0,0,0,0,0,0,0,0,graph_0002__pathPersistency_1.0000,pathPersistency,1.0,graph_0002,epoch_0005
trace,aodv,0.684525,0.684474,2747,3631,105,1258,2223,0.552778,0.027861,77.663245,360,199,24,56,0,872,1.105556,1258,59868,6.321608,300.844221,0.500000,4.285714,4.000000,5.000000,5.000000;5.000000;4.000000;4.000000;4.000000;4.000000;4.000000,12,0.956522,1,5.000000;5.000000;5.000000;5.000000;5.000000;5.000000,nan;0.089857;0.101057;1.857222;0.022015;0.134657,5.000000;5.000000;5.000000;5.000000;5.000000;5.000000,0,0,0,0,0,0,0,0,0,0,743,35664,194,10088,154,7392,144,6008,22,660,1,56,0,0,0,0,0,0,graph_0002__pathPersistency_1.0000,pathPersistency,1.0,graph_0002,epoch_0005
trace,static,0.256346,0.256329,1080,886,105,0,0,0.461111,0.023146,73.086915,360,166,0,0,0,147,0.922222,0,0,0.000000,0.000000,0.500000,4.285714,4.000000,5.000000,5.000000;5.000000;4.000000;4.000000;4.000000;4.000000;4.000000,12,0.956522,1,5.000000;5.000000;5.000000;5.000000;5.000000;5.000000,0.147105;0.110792;0.127580;0.121517;0.149696;0.143633,5.000000;5.000000;5.000000;5.000000;5.000000;5.000000,0,0,0,0,0,0,0,0,0,0,0,0,0,0,0,0,0,0,0,0,0,0,0,0,0,0,0,0,graph_0002__pathPersistency_1.0000,pathPersistency,1.0,graph_0002,epoch_0005
trace,olsr,0.398282,0.398261,1213,1657,105,538,1158,0.186111,0.014761,58.917386,360,67,28,0,0,421,0.372222,538,39824,8.029851,594.388060,0.500000,4.285714,4.000000,5.000000,5.000000;5.000000;4.000000;4.000000;4.000000;4.000000;4.000000,12,0.956522,1,5.000000;5.000000;5.000000;5.000000;5.000000;5.000000,3.594345;0.763036;nan;nan;nan;nan,5.000000;5.000000;5.000000;5.000000;5.000000;5.000000,357,24344,181,15480,0,0,0,0,0,0,0,0,0,0,0,0,0,0,0,0,0,0,0,0,0,0,0,0,graph_0002__pathPersistency_1.0000,pathPersistency,1.0,graph_0002,epoch_0002
trace,aodv,0.601594,0.601546,2478,3390,105,1183,2129,0.561111,0.028273,74.809163,360,202,12,112,0,700,1.122222,1183,56480,5.856436,279.603960,0.500000,4.285714,4.000000,5.000000,5.000000;5.000000;4.000000;4.000000;4.000000;4.000000;4.000000,12,0.956522,1,5.000000;5.000000;5.000000;5.000000;5.000000;5.000000,nan;0.089857;0.101057;0.112541;nan;0.010223,5.000000;5.000000;5.000000;5.000000;5.000000;5.000000,0,0,0,0,0,0,0,0,0,0,762,36576,152,7904,137,6576,120,5064,12,360,0,0,0,0,0,0,0,0,graph_0002__pathPersistency_1.0000,pathPersistency,1.0,graph_0002,epoch_0002
trace,static,0.256713,0.256705,1082,889,105,0,0,0.463889,0.023282,73.096881,360,167,0,0,0,151,0.927778,0,0,0.000000,0.000000,0.500000,4.285714,4.000000,5.000000,5.000000;5.000000;4.000000;4.000000;4.000000;4.000000;4.000000,12,0.956522,1,5.000000;5.000000;5.000000;5.000000;5.000000;5.000000,0.145751;0.115892;0.128186;0.121517;0.150736;0.143633,5.000000;5.000000;5.000000;5.000000;5.000000;5.000000,0,0,0,0,0,0,0,0,0,0,0,0,0,0,0,0,0,0,0,0,0,0,0,0,0,0,0,0,graph_0002__pathPersistency_1.0000,pathPersistency,1.0,graph_0002,epoch_0002
trace,olsr,0.420734,0.420693,1270,1578,105,538,1074,0.133333,0.007089,69.297982,360,48,10,0,0,408,0.266667,538,39508,11.208333,823.083333,0.500000,4.285714,4.000000,5.000000,5.000000;5.000000;4.000000;4.000000;4.000000;4.000000;4.000000,12,1.000000,1,5.000000;5.000000;5.000000;5.000000;5.000000;5.000000,nan;nan;2.242767;0.216417;3.245109;nan,5.000000;5.000000;5.000000;5.000000;5.000000;5.000000,362,23996,176,15512,0,0,0,0,0,0,0,0,0,0,0,0,0,0,0,0,0,0,0,0,0,0,0,0,graph_0003__pathPersistency_1.0000,pathPersistency,1.0,graph_0003,epoch_0001
trace,aodv,0.711303,0.711137,2818,3575,105,1196,2000,0.675000,0.034258,73.797577,360,243,14,56,0,906,1.350000,1196,57106,4.921811,235.004115,0.500000,4.285714,4.000000,5.000000,5.000000;5.000000;4.000000;4.000000;4.000000;4.000000;4.000000,12,1.000000,1,5.000000;5.000000;5.000000;5.000000;5.000000;5.000000,2.577157;0.090141;0.100773;0.289484;3.497930;0.134941,5.000000;5.000000;5.000000;5.000000;5.000000;5.000000,0,0,0,0,0,0,0,0,0,0,762,36576,153,7956,159,7632,104,4376,17,510,1,56,0,0,0,0,0,0,graph_0003__pathPersistency_1.0000,pathPersistency,1.0,graph_0003,epoch_0001
trace,static,0.257584,0.257568,1055,863,105,0,0,0.466667,0.023427,73.107616,360,168,0,0,0,135,0.933333,0,0,0.000000,0.000000,0.500000,4.285714,4.000000,5.000000,5.000000;5.000000;4.000000;4.000000;4.000000;4.000000;4.000000,12,1.000000,1,5.000000;5.000000;5.000000;5.000000;5.000000;5.000000,0.161200;0.116396;0.109749;0.121233;0.132433;0.156442,5.000000;5.000000;5.000000;5.000000;5.000000;5.000000,0,0,0,0,0,0,0,0,0,0,0,0,0,0,0,0,0,0,0,0,0,0,0,0,0,0,0,0,graph_0003__pathPersistency_1.0000,pathPersistency,1.0,graph_0003,epoch_0001
trace,olsr,0.307577,0.307562,1007,1424,105,549,1099,0.088889,0.004726,57.305722,360,32,13,0,0,273,0.177778,549,40020,17.156250,1250.625000,0.500000,4.285714,4.000000,5.000000,5.000000;5.000000;4.000000;4.000000;4.000000;4.000000;4.000000,12,1.000000,1,5.000000;5.000000;5.000000;5.000000;5.000000;5.000000,nan;nan;nan;nan;3.736629;nan,5.000000;5.000000;5.000000;5.000000;5.000000;5.000000,357,23692,192,16328,0,0,0,0,0,0,0,0,0,0,0,0,0,0,0,0,0,0,0,0,0,0,0,0,graph_0003__pathPersistency_1.0000,pathPersistency,1.0,graph_0003,epoch_0003
trace,aodv,0.619790,0.619626,2514,3293,105,1171,1990,0.600000,0.032860,74.420247,360,216,29,56,0,686,1.200000,1171,55998,5.421296,259.250000,0.500000,4.285714,4.000000,5.000000,5.000000;5.000000;4.000000;4.000000;4.000000;4.000000;4.000000,12,1.000000,1,5.000000;5.000000;5.000000;5.000000;5.000000;5.000000,0.095617;nan;0.100773;0.112257;0.150877;nan,5.000000;5.000000;5.000000;5.000000;5.000000;5.000000,0,0,0,0,0,0,0,0,0,0,744,35712,173,8996,121,5808,118,5032,15,450,0,0,0,0,0,0,0,0,graph_0003__pathPersistency_1.0000,pathPersistency,1.0,graph_0003,epoch_0003
trace,static,0.254252,0.254218,1055,863,105,0,0,0.466667,0.023427,73.107592,360,168,0,0,0,135,0.933333,0,0,0.000000,0.000000,0.500000,4.285714,4.000000,5.000000,5.000000;5.000000;4.000000;4.000000;4.000000;4.000000;4.000000,12,1.000000,1,5.000000;5.000000;5.000000;5.000000;5.000000;5.000000,0.157374;0.112536;0.109749;0.121233;0.132433;0.161642,5.000000;5.000000;5.000000;5.000000;5.000000;5.000000,0,0,0,0,0,0,0,0,0,0,0,0,0,0,0,0,0,0,0,0,0,0,0,0,0,0,0,0,graph_0003__pathPersistency_1.0000,pathPersistency,1.0,graph_0003,epoch_0003
trace,olsr,0.363068,0.362845,1122,1469,105,540,1073,0.086111,0.004579,59.353106,360,31,0,0,0,335,0.172222,540,39260,17.419355,1266.451613,0.500000,4.285714,4.000000,5.000000,5.000000;5.000000;4.000000;4.000000;4.000000;4.000000;4.000000,12,1.000000,1,5.000000;5.000000;5.000000;5.000000;5.000000;5.000000,nan;nan;nan;2.742469;nan;nan,5.000000;5.000000;5.000000;5.000000;5.000000;5.000000,357,23624,183,15636,0,0,0,0,0,0,0,0,0,0,0,0,0,0,0,0,0,0,0,0,0,0,0,0,graph_0003__pathPersistency_1.0000,pathPersistency,1.0,graph_0003,epoch_0004
trace,aodv,0.715123,0.714402,2818,3547,105,1244,2043,0.597222,0.030314,70.719182,360,215,19,56,0,897,1.194444,1244,59184,5.786047,275.274419,0.500000,4.285714,4.000000,5.000000,5.000000;5.000000;4.000000;4.000000;4.000000;4.000000;4.000000,12,1.000000,1,5.000000;5.000000;5.000000;5.000000;5.000000;5.000000,2.573388;0.090141;0.100773;0.215641;3.496231;0.172223,5.000000;5.000000;5.000000;5.000000;5.000000;5.000000,0,0,0,0,0,0,0,0,0,0,752,36096,159,8268,168,8064,141,5984,22,660,2,112,0,0,0,0,0,0,graph_0003__pathPersistency_1.0000,pathPersistency,1.0,graph_0003,epoch_0004
trace,static,0.256389,0.256196,1055,863,105,0,0,0.466667,0.023430,73.107734,360,168,0,0,0,135,0.933333,0,0,0.000000,0.000000,0.500000,4.285714,4.000000,5.000000,5.000000;5.000000;4.000000;4.000000;4.000000;4.000000;4.000000,12,1.000000,1,5.000000;5.000000;5.000000;5.000000;5.000000;5.000000,0.167040;0.120336;0.109749;0.121233;0.132433;0.159582,5.000000;5.000000;5.000000;5.000000;5.000000;5.000000,0,0,0,0,0,0,0,0,0,0,0,0,0,0,0,0,0,0,0,0,0,0,0,0,0,0,0,0,graph_0003__pathPersistency_1.0000,pathPersistency,1.0,graph_0003,epoch_0004
trace,olsr,0.318566,0.318497,1014,1409,105,540,1084,0.083333,0.004431,60.820598,360,30,9,0,0,237,0.166667,540,39572,18.000000,1319.066667,0.500000,4.285714,4.000000,5.000000,5.000000;5.000000;4.000000;4.000000;4.000000;4.000000;4.000000,12,1.000000,1,5.000000;5.000000;5.000000;5.000000;5.000000;5.000000,nan;nan;nan;nan;nan;nan,5.000000;5.000000;5.000000;5.000000;5.000000;5.000000,362,23976,178,15596,0,0,0,0,0,0,0,0,0,0,0,0,0,0,0,0,0,0,0,0,0,0,0,0,graph_0003__pathPersistency_1.0000,pathPersistency,1.0,graph_0003,epoch_0005
trace,aodv,0.619541,0.619457,2546,3336,105,1197,2027,0.544444,0.027637,77.775599,360,196,12,112,0,631,1.088889,1197,57286,6.107143,292.275510,0.500000,4.285714,4.000000,5.000000,5.000000;5.000000;4.000000;4.000000;4.000000;4.000000;4.000000,12,1.000000,1,5.000000;5.000000;5.000000;5.000000;5.000000;5.000000,nan;0.504346;0.100773;0.297080;3.483413;0.134941,5.000000;5.000000;5.000000;5.000000;5.000000;5.000000,0,0,0,0,0,0,0,0,0,0,757,36336,166,8632,145,6960,108,4624,17,510,4,224,0,0,0,0,0,0,graph_0003__pathPersistency_1.0000,pathPersistency,1.0,graph_0003,epoch_0005
trace,static,0.252477,0.252443,1055,863,105,0,0,0.466667,0.023430,73.107568,360,168,0,0,0,135,0.933333,0,0,0.000000,0.000000,0.500000,4.285714,4.000000,5.000000,5.000000;5.000000;4.000000;4.000000;4.000000;4.000000;4.000000,12,1.000000,1,5.000000;5.000000;5.000000;5.000000;5.000000;5.000000,0.154880;0.108676;0.109749;0.121233;0.132433;0.156542,5.000000;5.000000;5.000000;5.000000;5.000000;5.000000,0,0,0,0,0,0,0,0,0,0,0,0,0,0,0,0,0,0,0,0,0,0,0,0,0,0,0,0,graph_0003__pathPersistency_1.0000,pathPersistency,1.0,graph_0003,epoch_0005
trace,olsr,0.389314,0.389234,1185,1545,105,548,1094,0.125000,0.006646,59.452763,360,45,9,0,0,383,0.250000,548,40060,12.177778,890.222222,0.500000,4.285714,4.000000,5.000000,5.000000;5.000000;4.000000;4.000000;4.000000;4.000000;4.000000,12,1.000000,1,5.000000;5.000000;5.000000;5.000000;5.000000;5.000000,nan;nan;nan;nan;3.245109;nan,5.000000;5.000000;5.000000;5.000000;5.000000;5.000000,361,23924,187,16136,0,0,0,0,0,0,0,0,0,0,0,0,0,0,0,0,0,0,0,0,0,0,0,0,graph_0003__pathPersistency_1.0000,pathPersistency,1.0,graph_0003,epoch_0002
trace,aodv,0.671319,0.671188,2714,3499,105,1269,2106,0.552778,0.028054,72.978200,360,199,53,56,0,735,1.105556,1269,60204,6.376884,302.532663,0.500000,4.285714,4.000000,5.000000,5.000000;5.000000;4.000000;4.000000;4.000000;4.000000;4.000000,12,1.000000,1,5.000000;5.000000;5.000000;5.000000;5.000000;5.000000,2.571150;0.288801;0.100773;0.450952;3.497859;0.000985,5.000000;5.000000;5.000000;5.000000;5.000000;5.000000,0,0,0,0,0,0,0,0,0,0,742,35616,183,9516,143,6864,178,7440,20,600,3,168,0,0,0,0,0,0,graph_0003__pathPersistency_1.0000,pathPersistency,1.0,graph_0003,epoch_0002
trace,static,0.255916,0.255902,1055,863,105,0,0,0.466667,0.023427,73.107631,360,168,0,0,0,135,0.933333,0,0,0.000000,0.000000,0.500000,4.285714,4.000000,5.000000,5.000000;5.000000;4.000000;4.000000;4.000000;4.000000;4.000000,12,1.000000,1,5.000000;5.000000;5.000000;5.000000;5.000000;5.000000,0.159040;0.124196;0.109749;0.121233;0.132433;0.154996,5.000000;5.000000;5.000000;5.000000;5.000000;5.000000,0,0,0,0,0,0,0,0,0,0,0,0,0,0,0,0,0,0,0,0,0,0,0,0,0,0,0,0,graph_0003__pathPersistency_1.0000,pathPersistency,1.0,graph_0003,epoch_0002
trace,olsr,0.480690,0.480650,1387,1557,105,518,959,0.172222,0.009917,69.333083,360,62,7,0,0,696,0.344444,518,36320,8.354839,585.806452,0.500000,4.285714,4.000000,5.000000,5.000000;5.000000;4.000000;4.000000;4.000000;4.000000;4.000000,12,0.304348,1,5.000000;5.000000;5.000000;5.000000;5.000000;5.000000,1.251539;2.228199;1.256629;0.284519;0.223953;nan,5.000000;5.000000;5.000000;5.000000;5.000000;5.000000,365,23464,153,12856,0,0,0,0,0,0,0,0,0,0,0,0,0,0,0,0,0,0,0,0,0,0,0,0,graph_0005__pathPersistency_0.2500,pathPersistency,0.25,graph_0005,epoch_0001
trace,aodv,0.715083,0.715048,2846,3414,105,1416,2083,0.463889,0.023439,76.794243,360,167,37,57,0,1037,0.927778,1416,67330,8.479042,403.173653,0.500000,4.285714,4.000000,5.000000,5.000000;5.000000;4.000000;4.000000;4.000000;4.000000;4.000000,12,0.304348,1,5.000000;5.000000;5.000000;5.000000;5.000000;5.000000,0.096185;2.720947;0.101057;0.128575;0.559987;0.708811,5.000000;5.000000;5.000000;5.000000;5.000000;5.000000,0,0,0,0,0,0,0,0,0,0,716,34368,237,12324,241,11568,195,8208,25,750,2,112,0,0,0,0,0,0,graph_0005__pathPersistency_0.2500,pathPersistency,0.25,graph_0005,epoch_0001
trace,static,0.273458,0.273338,1071,858,105,0,0,0.408333,0.020553,72.863158,360,147,0,0,0,318,0.816667,0,0,0.000000,0.000000,0.500000,4.285714,4.000000,5.000000,5.000000;5.000000;4.000000;4.000000;4.000000;4.000000;4.000000,12,0.304348,1,5.000000;5.000000;5.000000;5.000000;5.000000;5.000000,0.105161;0.098833;0.110033;0.121233;0.150749;0.143917,5.000000;5.000000;5.000000;5.000000;5.000000;5.000000,0,0,0,0,0,0,0,0,0,0,0,0,0,0,0,0,0,0,0,0,0,0,0,0,0,0,0,0,graph_0005__pathPersistency_0.2500,pathPersistency,0.25,graph_0005,epoch_0001
trace,olsr,0.384595,0.384533,1157,1383,105,508,928,0.158333,0.012145,66.746774,360,57,10,0,0,497,0.316667,508,35264,8.912281,618.666667,0.500000,4.285714,4.000000,5.000000,5.000000;5.000000;4.000000;4.000000;4.000000;4.000000;4.000000,12,0.304348,1,5.000000;5.000000;5.000000;5.000000;5.000000;5.000000,1.251189;2.228199;1.256629;0.284519;nan;nan,5.000000;5.000000;5.000000;5.000000;5.000000;5.000000,367,23624,141,11640,0,0,0,0,0,0,0,0,0,0,0,0,0,0,0,0,0,0,0,0,0,0,0,0,graph_0005__pathPersistency_0.2500,pathPersistency,0.25,graph_0005,epoch_0003
trace,aodv,0.717440,0.717407,2832,3443,105,1467,2164,0.480556,0.025196,75.563574,360,173,33,56,0,1126,0.961111,1467,69952,8.479769,404.346821,0.500000,4.285714,4.000000,5.000000,5.000000;5.000000;4.000000;4.000000;4.000000;4.000000;4.000000,12,0.304348,1,5.000000;5.000000;5.000000;5.000000;5.000000;5.000000,0.460129;2.098736;0.696048;0.112257;0.646449;0.134941,5.000000;5.000000;5.000000;5.000000;5.000000;5.000000,0,0,0,0,0,0,0,0,0,0,708,33984,254,13208,281,13488,193,8264,28,840,3,168,0,0,0,0,0,0,graph_0005__pathPersistency_0.2500,pathPersistency,0.25,graph_0005,epoch_0003
trace,static,0.274679,0.274663,1073,860,105,0,0,0.408333,0.020550,72.795271,360,147,0,0,0,320,0.816667,0,0,0.000000,0.000000,0.500000,4.285714,4.000000,5.000000,5.000000;5.000000;4.000000;4.000000;4.000000;4.000000;4.000000,12,0.304348,1,5.000000;5.000000;5.000000;5.000000;5.000000;5.000000,0.105161;0.098833;0.110033;0.121233;0.159645;0.143917,5.000000;5.000000;5.000000;5.000000;5.000000;5.000000,0,0,0,0,0,0,0,0,0,0,0,0,0,0,0,0,0,0,0,0,0,0,0,0,0,0,0,0,graph_0005__pathPersistency_0.2500,pathPersistency,0.25,graph_0005,epoch_0003
trace,olsr,0.389360,0.389227,1186,1403,105,517,945,0.122222,0.009374,67.748888,360,44,21,0,0,505,0.244444,517,35724,11.750000,811.909091,0.500000,4.285714,4.000000,5.000000,5.000000;5.000000;4.000000;4.000000;4.000000;4.000000;4.000000,12,0.304348,1,5.000000;5.000000;5.000000;5.000000;5.000000;5.000000,1.251189;2.228199;1.256629;0.284519;nan;nan,5.000000;5.000000;5.000000;5.000000;5.000000;5.000000,370,23824,147,11900,0,0,0,0,0,0,0,0,0,0,0,0,0,0,0,0,0,0,0,0,0,0,0,0,graph_0005__pathPersistency_0.2500,pathPersistency,0.25,graph_0005,epoch_0004
trace,aodv,0.732358,0.732293,2895,3496,105,1511,2192,0.555556,0.029130,76.848448,360,200,12,56,0,1412,1.111111,1511,72068,7.555000,360.340000,0.500000,4.285714,4.000000,5.000000,5.000000;5.000000;4.000000;4.000000;4.000000;4.000000;4.000000,12,0.304348,1,5.000000;5.000000;5.000000;5.000000;5.000000;5.000000,4.482229;0.463832;0.101057;0.126415;1.290699;0.134941,5.000000;5.000000;5.000000;5.000000;5.000000;5.000000,0,0,0,0,0,0,0,0,0,0,710,34080,263,13676,312,14976,192,8264,32,960,2,112,0,0,0,0,0,0,graph_0005__pathPersistency_0.2500,pathPersistency,0.25,graph_0005,epoch_0004
trace,static,0.266812,0.266766,1070,857,105,0,0,0.408333,0.020606,72.468532,360,147,0,0,0,318,0.816667,0,0,0.000000,0.000000,0.500000,4.285714,4.000000,5.000000,5.000000;5.000000;4.000000;4.000000;4.000000;4.000000;4.000000,12,0.304348,1,5.000000;5.000000;5.000000;5.000000;5.000000;5.000000,0.105161;0.098833;0.110033;0.121233;0.150749;0.143917,5.000000;5.000000;5.000000;5.000000;5.000000;5.000000,0,0,0,0,0,0,0,0,0,0,0,0,0,0,0,0,0,0,0,0,0,0,0,0,0,0,0,0,graph_0005__pathPersistency_0.2500,pathPersistency,0.25,graph_0005,epoch_0004
trace,olsr,0.446350,0.446328,1321,1525,105,525,943,0.225000,0.011292,74.365084,360,81,5,0,0,580,0.450000,525,36544,6.481481,451.160494,0.500000,4.285714,4.000000,5.000000,5.000000;5.000000;4.000000;4.000000;4.000000;4.000000;4.000000,12,0.304348,1,5.000000;5.000000;5.000000;5.000000;5.000000;5.000000,1.251189;2.228199;1.256629;0.294049;nan;0.213617,5.000000;5.000000;5.000000;5.000000;5.000000;5.000000,365,23484,160,13060,0,0,0,0,0,0,0,0,0,0,0,0,0,0,0,0,0,0,0,0,0,0,0,0,graph_0005__pathPersistency_0.2500,pathPersistency,0.25,graph_0005,epoch_0005
trace,aodv,0.769102,0.769029,2960,3534,105,1535,2247,0.466667,0.026806,75.404478,360,168,36,0,0,1231,0.933333,1535,72958,9.136905,434.273810,0.500000,4.285714,4.000000,5.000000,5.000000;5.000000;4.000000;4.000000;4.000000;4.000000;4.000000,12,0.304348,1,5.000000;5.000000;5.000000;5.000000;5.000000;5.000000,nan;0.262401;0.101057;0.112257;0.855554;nan,5.000000;5.000000;5.000000;5.000000;5.000000;5.000000,0,0,0,0,0,0,0,0,0,0,699,33552,278,14456,297,14256,224,9480,33,990,4,224,0,0,0,0,0,0,graph_0005__pathPersistency_0.2500,pathPersistency,0.25,graph_0005,epoch_0005
trace,static,0.277639,0.277622,1072,860,105,0,0,0.411111,0.020749,72.484100,360,148,0,0,0,320,0.822222,0,0,0.000000,0.000000,0.500000,4.285714,4.000000,5.000000,5.000000;5.000000;4.000000;4.000000;4.000000;4.000000;4.000000,12,0.304348,1,5.000000;5.000000;5.000000;5.000000;5.000000;5.000000,0.105161;0.098833;0.110033;0.121233;0.150749;0.143917,5.000000;5.000000;5.000000;5.000000;5.000000;5.000000,0,0,0,0,0,0,0,0,0,0,0,0,0,0,0,0,0,0,0,0,0,0,0,0,0,0,0,0,graph_0005__pathPersistency_0.2500,pathPersistency,0.25,graph_0005,epoch_0005
trace,olsr,0.270058,0.270022,998,1151,105,518,933,0.063889,0.008174,57.989203,360,23,0,0,0,320,0.127778,518,36064,22.521739,1568.000000,0.500000,4.285714,4.000000,5.000000,5.000000;5.000000;4.000000;4.000000;4.000000;4.000000;4.000000,12,0.304348,1,5.000000;5.000000;5.000000;5.000000;5.000000;5.000000,1.251189;2.228199;nan;nan;nan;nan,5.000000;5.000000;5.000000;5.000000;5.000000;5.000000,367,23608,151,12456,0,0,0,0,0,0,0,0,0,0,0,0,0,0,0,0,0,0,0,0,0,0,0,0,graph_0005__pathPersistency_0.2500,pathPersistency,0.25,graph_0005,epoch_0002
trace,aodv,0.808495,0.808341,3116,3693,105,1547,2228,0.561111,0.029428,76.115550,360,202,42,0,0,1458,1.122222,1547,73424,7.658416,363.485149,0.500000,4.285714,4.000000,5.000000,5.000000;5.000000;4.000000;4.000000;4.000000;4.000000;4.000000,12,0.304348,1,5.000000;5.000000;5.000000;5.000000;5.000000;5.000000,0.133581;0.089857;0.101057;0.112257;1.447255;0.134941,5.000000;5.000000;5.000000;5.000000;5.000000;5.000000,0,0,0,0,0,0,0,0,0,0,698,33504,284,14768,290,13920,240,10104,32,960,3,168,0,0,0,0,0,0,graph_0005__pathPersistency_0.2500,pathPersistency,0.25,graph_0005,epoch_0002
trace,static,0.269899,0.269897,1071,858,105,0,0,0.408333,0.020552,72.863063,360,147,0,0,0,318,0.816667,0,0,0.000000,0.000000,0.500000,4.285714,4.000000,5.000000,5.000000;5.000000;4.000000;4.000000;4.000000;4.000000;4.000000,12,0.304348,1,5.000000;5.000000;5.000000;5.000000;5.000000;5.000000,0.105161;0.098833;0.110033;0.121233;0.150749;0.143917,5.000000;5.000000;5.000000;5.000000;5.000000;5.000000,0,0,0,0,0,0,0,0,0,0,0,0,0,0,0,0,0,0,0,0,0,0,0,0,0,0,0,0,graph_0005__pathPersistency_0.2500,pathPersistency,0.25,graph_0005,epoch_0002
trace,olsr,0.386238,0.386196,1190,1557,105,548,1117,0.166667,0.008861,67.855998,360,60,9,0,0,332,0.333333,548,40572,9.133333,676.200000,0.500000,4.285714,4.000000,5.000000,5.000000;5.000000;4.000000;4.000000;4.000000;4.000000;4.000000,12,0.826087,1,5.000000;5.000000;5.000000;5.000000;5.000000;5.000000,2.243135;nan;1.779337;0.112257;nan;nan,5.000000;5.000000;5.000000;5.000000;5.000000;5.000000,361,24036,187,16536,0,0,0,0,0,0,0,0,0,0,0,0,0,0,0,0,0,0,0,0,0,0,0,0,graph_0003__pathPersistency_0.7500,pathPersistency,0.75,graph_0003,epoch_0001
trace,aodv,0.691260,0.691088,2725,3520,105,1329,2185,0.488889,0.024882,71.879074,360,176,68,56,0,896,0.977778,1329,62980,7.551136,357.840909,0.500000,4.285714,4.000000,5.000000,5.000000;5.000000;4.000000;4.000000;4.000000;4.000000;4.000000,12,0.826087,1,5.000000;5.000000;5.000000;5.000000;5.000000;5.000000,2.574701;0.262389;0.100773;0.309468;3.500796;0.002989,5.000000;5.000000;5.000000;5.000000;5.000000;5.000000,0,0,0,0,0,0,0,0,0,0,744,35712,185,9620,160,7680,215,8984,16,480,9,504,0,0,0,0,0,0,graph_0003__pathPersistency_0.7500,pathPersistency,0.75,graph_0003,epoch_0001
trace,static,0.251038,0.251033,1023,826,105,0,0,0.452778,0.022858,72.520466,360,163,0,0,0,179,0.905556,0,0,0.000000,0.000000,0.500000,4.285714,4.000000,5.000000,5.000000;5.000000;4.000000;4.000000;4.000000;4.000000;4.000000,12,0.826087,1,5.000000;5.000000;5.000000;5.000000;5.000000;5.000000,0.150295;0.089857;0.109749;0.121233;0.145299;0.146630,5.000000;5.000000;5.000000;5.000000;5.000000;5.000000,0,0,0,0,0,0,0,0,0,0,0,0,0,0,0,0,0,0,0,0,0,0,0,0,0,0,0,0,graph_0003__pathPersistency_0.7500,pathPersistency,0.75,graph_0003,epoch_0001
trace,olsr,0.318291,0.318269,1021,1455,105,548,1116,0.116667,0.006563,62.281495,360,42,0,0,0,254,0.233333,548,40104,13.047619,954.857143,0.500000,4.285714,4.000000,5.000000,5.000000;5.000000;4.000000;4.000000;4.000000;4.000000;4.000000,12,0.826087,1,5.000000;5.000000;5.000000;5.000000;5.000000;5.000000,2.234229;nan;nan;nan;0.295989;nan,5.000000;5.000000;5.000000;5.000000;5.000000;5.000000,359,23836,189,16268,0,0,0,0,0,0,0,0,0,0,0,0,0,0,0,0,0,0,0,0,0,0,0,0,graph_0003__pathPersistency_0.7500,pathPersistency,0.75,graph_0003,epoch_0003
trace,aodv,0.581579,0.581552,2418,3195,105,1295,2106,0.402778,0.020913,74.277953,360,145,68,113,0,713,0.805556,1295,61492,8.931034,424.082759,0.500000,4.285714,4.000000,5.000000,5.000000;5.000000;4.000000;4.000000;4.000000;4.000000;4.000000,12,0.826087,1,5.000000;5.000000;5.000000;5.000000;5.000000;5.000000,nan;0.262389;0.100773;0.450321;3.512250;0.008070,5.000000;5.000000;5.000000;5.000000;5.000000;5.000000,0,0,0,0,0,0,0,0,0,0,738,35424,193,10036,145,6960,196,8200,16,480,7,392,0,0,0,0,0,0,graph_0003__pathPersistency_0.7500,pathPersistency,0.75,graph_0003,epoch_0003
trace,static,0.251765,0.251745,1023,826,105,0,0,0.452778,0.022857,72.520453,360,163,0,0,0,179,0.905556,0,0,0.000000,0.000000,0.500000,4.285714,4.000000,5.000000,5.000000;5.000000;4.000000;4.000000;4.000000;4.000000;4.000000,12,0.826087,1,5.000000;5.000000;5.000000;5.000000;5.000000;5.000000,0.154375;0.089857;0.109749;0.121233;0.144663;0.151750,5.000000;5.000000;5.000000;5.000000;5.000000;5.000000,0,0,0,0,0,0,0,0,0,0,0,0,0,0,0,0,0,0,0,0,0,0,0,0,0,0,0,0,graph_0003__pathPersistency_0.7500,pathPersistency,0.75,graph_0003,epoch_0003
trace,olsr,0.394693,0.394662,1231,1588,105,539,1098,0.186111,0.010858,73.896475,360,67,1,0,0,351,0.372222,539,39440,8.044776,588.656716,0.500000,4.285714,4.000000,5.000000,5.000000;5.000000;4.000000;4.000000;4.000000;4.000000;4.000000,12,0.826087,1,5.000000;5.000000;5.000000;5.000000;5.000000;5.000000,2.234229;nan;1.448817;2.250599;0.295919;nan,5.000000;5.000000;5.000000;5.000000;5.000000;5.000000,356,23596,183,15844,0,0,0,0,0,0,0,0,0,0,0,0,0,0,0,0,0,0,0,0,0,0,0,0,graph_0003__pathPersistency_0.7500,pathPersistency,0.75,graph_0003,epoch_0004
trace,aodv,0.687017,0.686940,2744,3525,105,1287,2091,0.619444,0.031530,78.440710,360,223,58,56,0,914,1.238889,1287,60828,5.771300,272.771300,0.500000,4.285714,4.000000,5.000000,5.000000;5.000000;4.000000;4.000000;4.000000;4.000000;4.000000,12,0.826087,1,5.000000;5.000000;5.000000;5.000000;5.000000;5.000000,nan;0.089857;0.100773;0.112257;0.123457;0.134941,5.000000;5.000000;5.000000;5.000000;5.000000;5.000000,0,0,0,0,0,0,0,0,0,0,760,36480,168,8736,133,6384,210,8696,14,420,2,112,0,0,0,0,0,0,graph_0003__pathPersistency_0.7500,pathPersistency,0.75,graph_0003,epoch_0004
trace,static,0.244848,0.244838,1027,831,105,0,0,0.455556,0.022936,72.710980,360,164,0,0,0,181,0.911111,0,0,0.000000,0.000000,0.500000,4.285714,4.000000,5.000000,5.000000;5.000000;4.000000;4.000000;4.000000;4.000000;4.000000,12,0.826087,1,5.000000;5.000000;5.000000;5.000000;5.000000;5.000000,0.160495;0.089857;0.109749;0.121233;0.140019;0.149690,5.000000;5.000000;5.000000;5.000000;5.000000;5.000000,0,0,0,0,0,0,0,0,0,0,0,0,0,0,0,0,0,0,0,0,0,0,0,0,0,0,0,0,graph_0003__pathPersistency_0.7500,pathPersistency,0.75,graph_0003,epoch_0004
trace,olsr,0.315779,0.315766,1007,1389,105,537,1075,0.091667,0.004903,54.491249,360,33,1,0,0,284,0.183333,537,39016,16.272727,1182.303030,0.500000,4.285714,4.000000,5.000000,5.000000;5.000000;4.000000;4.000000;4.000000;4.000000;4.000000,12,0.826087,1,5.000000;5.000000;5.000000;5.000000;5.000000;5.000000,2.234229;nan;nan;3.725429;3.736629;nan,5.000000;5.000000;5.000000;5.000000;5.000000;5.000000,361,23896,176,15120,0,0,0,0,0,0,0,0,0,0,0,0,0,0,0,0,0,0,0,0,0,0,0,0,graph_0003__pathPersistency_0.7500,pathPersistency,0.75,graph_0003,epoch_0005
trace,aodv,0.572994,0.572966,2401,3201,105,1237,2091,0.422222,0.021555,73.319357,360,152,42,112,0,623,0.844444,1237,58600,8.138158,385.526316,0.500000,4.285714,4.000000,5.000000,5.000000;5.000000;4.000000;4.000000;4.000000;4.000000;4.000000,12,0.826087,1,5.000000;5.000000;5.000000;5.000000;5.000000;5.000000,0.784206;nan;0.100773;0.309208;3.499112;0.001065,5.000000;5.000000;5.000000;5.000000;5.000000;5.000000,0,0,0,0,0,0,0,0,0,0,766,36768,142,7384,132,6336,177,7408,16,480,4,224,0,0,0,0,0,0,graph_0003__pathPersistency_0.7500,pathPersistency,0.75,graph_0003,epoch_0005
trace,static,0.247835,0.247813,1025,828,105,0,0,0.452778,0.022860,72.520374,360,163,0,0,0,179,0.905556,0,0,0.000000,0.000000,0.500000,4.285714,4.000000,5.000000,5.000000;5.000000;4.000000;4.000000;4.000000;4.000000;4.000000,12,0.826087,1,5.000000;5.000000;5.000000;5.000000;5.000000;5.000000,0.147295;0.089857;0.109749;0.121233;0.134439;0.146630,5.000000;5.000000;5.000000;5.000000;5.000000;5.000000,0,0,0,0,0,0,0,0,0,0,0,0,0,0,0,0,0,0,0,0,0,0,0,0,0,0,0,0,graph_0003__pathPersistency_0.7500,pathPersistency,0.75,graph_0003,epoch_0005
trace,olsr,0.414770,0.414711,1306,1664,105,543,1096,0.202778,0.010208,68.004476,360,73,7,0,0,391,0.405556,543,39420,7.438356,540.000000,0.500000,4.285714,4.000000,5.000000,5.000000;5.000000;4.000000;4.000000;4.000000;4.000000;4.000000,12,0.826087,1,5.000000;5.000000;5.000000;5.000000;5.000000;5.000000,2.234229;nan;1.750529;0.112257;nan;2.273269,5.000000;5.000000;5.000000;5.000000;5.000000;5.000000,363,24048,180,15372,0,0,0,0,0,0,0,0,0,0,0,0,0,0,0,0,0,0,0,0,0,0,0,0,graph_0003__pathPersistency_0.7500,pathPersistency,0.75,graph_0003,epoch_0002
trace,aodv,0.712619,0.712592,2802,3599,105,1347,2184,0.622222,0.031758,75.978932,360,224,40,56,0,868,1.244444,1347,63888,6.013393,285.214286,0.500000,4.285714,4.000000,5.000000,5.000000;5.000000;4.000000;4.000000;4.000000;4.000000;4.000000,12,0.826087,1,5.000000;5.000000;5.000000;5.000000;5.000000;5.000000,0.123766;nan;0.100773;0.298544;0.123457;0.002729,5.000000;5.000000;5.000000;5.000000;5.000000;5.000000,0,0,0,0,0,0,0,0,0,0,753,36144,190,9880,180,8640,201,8456,20,600,3,168,0,0,0,0,0,0,graph_0003__pathPersistency_0.7500,pathPersistency,0.75,graph_0003,epoch_0002
trace,static,0.251004,0.250961,1023,826,105,0,0,0.452778,0.022857,72.520330,360,163,0,0,0,179,0.905556,0,0,0.000000,0.000000,0.500000,4.285714,4.000000,5.000000,5.000000;5.000000;4.000000;4.000000;4.000000;4.000000;4.000000,12,0.826087,1,5.000000;5.000000;5.000000;5.000000;5.000000;5.000000,0.146275;0.089857;0.109749;0.121233;0.139719;0.144674,5.000000;5.000000;5.000000;5.000000;5.000000;5.000000,0,0,0,0,0,0,0,0,0,0,0,0,0,0,0,0,0,0,0,0,0,0,0,0,0,0,0,0,graph_0003__pathPersistency_0.7500,pathPersistency,0.75,graph_0003,epoch_0002
trace,olsr,0.353670,0.353649,1077,1600,105,567,1247,0.077778,0.007794,56.981585,360,28,24,0,0,445,0.155556,567,42468,20.250000,1516.714286,0.500000,4.285714,4.000000,5.000000,5.000000;5.000000;4.000000;4.000000;4.000000;4.000000;4.000000,12,0.000000,1,5.000000;5.000000;5.000000;5.000000;5.000000;5.000000,nan;2.228199;0.282295;nan;nan;nan,5.000000;5.000000;5.000000;5.000000;5.000000;5.000000,347,23676,220,18792,0,0,0,0,0,0,0,0,0,0,0,0,0,0,0,0,0,0,0,0,0,0,0,0,graph_0002__pathPersistency_0.0000,pathPersistency,0.0,graph_0002,epoch_0001
trace,aodv,0.747905,0.747715,2911,3844,105,1431,2454,0.477778,0.029129,69.084868,360,172,44,0,0,1308,0.955556,1431,68038,8.319767,395.569767,0.500000,4.285714,4.000000,5.000000,5.000000;5.000000;4.000000;4.000000;4.000000;4.000000;4.000000,12,0.000000,1,5.000000;5.000000;5.000000;5.000000;5.000000;5.000000,0.095617;0.605387;0.139090;0.695216;0.123741;nan,5.000000;5.000000;5.000000;5.000000;5.000000;5.000000,0,0,0,0,0,0,0,0,0,0,722,34656,229,11908,247,11856,201,8528,27,810,5,280,0,0,0,0,0,0,graph_0002__pathPersistency_0.0000,pathPersistency,0.0,graph_0002,epoch_0001
trace,static,0.260523,0.260515,1007,786,105,0,0,0.386111,0.019487,72.417441,360,139,0,0,0,368,0.772222,0,0,0.000000,0.000000,0.500000,4.285714,4.000000,5.000000,5.000000;5.000000;4.000000;4.000000;4.000000;4.000000;4.000000,12,0.000000,1,5.000000;5.000000;5.000000;5.000000;5.000000;5.000000,0.113569;0.098833;0.110317;0.121517;0.132717;0.143653,5.000000;5.000000;5.000000;5.000000;5.000000;5.000000,0,0,0,0,0,0,0,0,0,0,0,0,0,0,0,0,0,0,0,0,0,0,0,0,0,0,0,0,graph_0002__pathPersistency_0.0000,pathPersistency,0.0,graph_0002,epoch_0001
trace,olsr,0.603451,0.603405,2012,2432,105,563,1219,0.127778,0.006831,59.137760,360,46,15,0,0,771,0.255556,563,42044,12.239130,914.000000,0.500000,4.285714,4.000000,5.000000,5.000000;5.000000;4.000000;4.000000;4.000000;4.000000;4.000000,12,0.000000,1,5.000000;5.000000;5.000000;5.000000;5.000000;5.000000,3.381309;2.228199;nan;nan;2.339190;nan,5.000000;5.000000;5.000000;5.000000;5.000000;5.000000,351,23928,201,17500,0,0,0,0,11,616,0,0,0,0,0,0,0,0,0,0,0,0,0,0,0,0,0,0,graph_0002__pathPersistency_0.0000,pathPersistency,0.0,graph_0002,epoch_0003
trace,aodv,0.783727,0.783649,2968,3902,105,1481,2488,0.541667,0.033012,68.426761,360,195,38,0,0,1083,1.083333,1481,70406,7.594872,361.056410,0.500000,4.285714,4.000000,5.000000,5.000000;5.000000;4.000000;4.000000;4.000000;4.000000;4.000000,12,0.000000,1,5.000000;5.000000;5.000000;5.000000;5.000000;5.000000,0.095617;0.089857;0.131151;0.696293;0.123741;nan,5.000000;5.000000;5.000000;5.000000;5.000000;5.000000,0,0,0,0,0,0,0,0,0,0,701,33648,253,13156,279,13392,218,9232,27,810,3,168,0,0,0,0,0,0,graph_0002__pathPersistency_0.0000,pathPersistency,0.0,graph_0002,epoch_0003
trace,static,0.262035,0.262020,1005,784,105,0,0,0.386111,0.019485,72.489300,360,139,0,0,0,370,0.772222,0,0,0.000000,0.000000,0.500000,4.285714,4.000000,5.000000,5.000000;5.000000;4.000000;4.000000;4.000000;4.000000;4.000000,12,0.000000,1,5.000000;5.000000;5.000000;5.000000;5.000000;5.000000,0.113569;0.098833;0.110317;0.121517;0.132717;0.143653,5.000000;5.000000;5.000000;5.000000;5.000000;5.000000,0,0,0,0,0,0,0,0,0,0,0,0,0,0,0,0,0,0,0,0,0,0,0,0,0,0,0,0,graph_0002__pathPersistency_0.0000,pathPersistency,0.0,graph_0002,epoch_0003
trace,olsr,0.405184,0.405166,1194,1658,105,553,1203,0.108333,0.010795,58.969430,360,39,28,0,0,540,0.216667,553,40704,14.179487,1043.692308,0.500000,4.285714,4.000000,5.000000,5.000000;5.000000;4.000000;4.000000;4.000000;4.000000;4.000000,12,0.000000,1,5.000000;5.000000;5.000000;5.000000;5.000000;5.000000,nan;2.228199;0.282295;nan;nan;nan,5.000000;5.000000;5.000000;5.000000;5.000000;5.000000,351,23956,202,16748,0,0,0,0,0,0,0,0,0,0,0,0,0,0,0,0,0,0,0,0,0,0,0,0,graph_0002__pathPersistency_0.0000,pathPersistency,0.0,graph_0002,epoch_0004
trace,aodv,0.742812,0.742636,2852,3798,105,1422,2444,0.511111,0.025754,76.758774,360,184,44,57,0,1349,1.022222,1422,67682,7.728261,367.836957,0.500000,4.285714,4.000000,5.000000,5.000000;5.000000;4.000000;4.000000;4.000000;4.000000;4.000000,12,0.000000,1,5.000000;5.000000;5.000000;5.000000;5.000000;5.000000,nan;0.089857;0.001108;1.110057;0.123741;0.176883,5.000000;5.000000;5.000000;5.000000;5.000000;5.000000,0,0,0,0,0,0,0,0,0,0,709,34032,237,12324,253,12144,196,8320,25,750,2,112,0,0,0,0,0,0,graph_0002__pathPersistency_0.0000,pathPersistency,0.0,graph_0002,epoch_0004
trace,static,0.262950,0.262925,1011,791,105,0,0,0.388889,0.019628,72.641423,360,140,0,0,0,371,0.777778,0,0,0.000000,0.000000,0.500000,4.285714,4.000000,5.000000,5.000000;5.000000;4.000000;4.000000;4.000000;4.000000;4.000000,12,0.000000,1,5.000000;5.000000;5.000000;5.000000;5.000000;5.000000,0.113569;0.098833;0.110317;0.130223;0.132717;0.143653,5.000000;5.000000;5.000000;5.000000;5.000000;5.000000,0,0,0,0,0,0,0,0,0,0,0,0,0,0,0,0,0,0,0,0,0,0,0,0,0,0,0,0,graph_0002__pathPersistency_0.0000,pathPersistency,0.0,graph_0002,epoch_0004
trace,olsr,0.660838,0.660245,2066,2490,105,551,1199,0.150000,0.007973,61.974115,360,54,38,0,0,747,0.300000,551,40608,10.203704,752.000000,0.500000,4.285714,4.000000,5.000000,5.000000;5.000000;4.000000;4.000000;4.000000;4.000000;4.000000,12,0.000000,1,5.000000;5.000000;5.000000;5.000000;5.000000;5.000000,3.381309;2.228199;0.437159;nan;2.581341;nan,5.000000;5.000000;5.000000;5.000000;5.000000;5.000000,354,24148,184,15732,0,0,0,0,13,728,0,0,0,0,0,0,0,0,0,0,0,0,0,0,0,0,0,0,graph_0002__pathPersistency_0.0000,pathPersistency,0.0,graph_0002,epoch_0005
trace,aodv,0.697857,0.697252,2727,3681,105,1398,2445,0.427778,0.025951,68.301920,360,154,2,57,0,985,0.855556,1398,66838,9.077922,434.012987,0.500000,4.285714,4.000000,5.000000,5.000000;5.000000;4.000000;4.000000;4.000000;4.000000;4.000000,12,0.000000,1,5.000000;5.000000;5.000000;5.000000;5.000000;5.000000,0.095617;0.615724;nan;0.260096;0.123741;nan,5.000000;5.000000;5.000000;5.000000;5.000000;5.000000,0,0,0,0,0,0,0,0,0,0,728,34944,225,11700,254,12192,155,6792,31,930,5,280,0,0,0,0,0,0,graph_0002__pathPersistency_0.0000,pathPersistency,0.0,graph_0002,epoch_0005
trace,static,0.264696,0.264474,1006,786,105,0,0,0.388889,0.019630,72.298438,360,140,0,0,0,369,0.777778,0,0,0.000000,0.000000,0.500000,4.285714,4.000000,5.000000,5.000000;5.000000;4.000000;4.000000;4.000000;4.000000;4.000000,12,0.000000,1,5.000000;5.000000;5.000000;5.000000;5.000000;5.000000,0.113569;0.098833;0.110317;0.121517;0.132717;0.143653,5.000000;5.000000;5.000000;5.000000;5.000000;5.000000,0,0,0,0,0,0,0,0,0,0,0,0,0,0,0,0,0,0,0,0,0,0,0,0,0,0,0,0,graph_0002__pathPersistency_0.0000,pathPersistency,0.0,graph_0002,epoch_0005
trace,olsr,0.651509,0.651449,2119,2513,105,556,1181,0.119444,0.011964,57.570387,360,43,37,0,0,749,0.238889,556,41016,12.930233,953.860465,0.500000,4.285714,4.000000,5.000000,5.000000;5.000000;4.000000;4.000000;4.000000;4.000000;4.000000,12,0.000000,1,5.000000;5.000000;5.000000;5.000000;5.000000;5.000000,3.381309;2.228199;0.600999;nan;nan;nan,5.000000;5.000000;5.000000;5.000000;5.000000;5.000000,360,24544,183,15744,0,0,0,0,13,728,0,0,0,0,0,0,0,0,0,0,0,0,0,0,0,0,0,0,graph_0002__pathPersistency_0.0000,pathPersistency,0.0,graph_0002,epoch_0002
trace,aodv,0.700683,0.700618,2739,3608,105,1377,2327,0.433333,0.025895,66.575531,360,156,12,57,0,1409,0.866667,1377,65720,8.826923,421.282051,0.500000,4.285714,4.000000,5.000000,5.000000;5.000000;4.000000;4.000000;4.000000;4.000000;4.000000,12,0.000000,1,5.000000;5.000000;5.000000;5.000000;5.000000;5.000000,0.095617;0.604962;0.147090;nan;0.123741;nan,5.000000;5.000000;5.000000;5.000000;5.000000;5.000000,0,0,0,0,0,0,0,0,0,0,715,34320,229,11908,232,11136,176,7528,22,660,3,168,0,0,0,0,0,0,graph_0002__pathPersistency_0.0000,pathPersistency,0.0,graph_0002,epoch_0002
trace,static,0.262375,0.262354,1007,786,105,0,0,0.386111,0.019487,72.489437,360,139,0,0,0,369,0.772222,0,0,0.000000,0.000000,0.500000,4.285714,4.000000,5.000000,5.000000;5.000000;4.000000;4.000000;4.000000;4.000000;4.000000,12,0.000000,1,5.000000;5.000000;5.000000;5.000000;5.000000;5.000000,0.113569;0.098833;0.110317;0.130223;0.132717;0.143653,5.000000;5.000000;5.000000;5.000000;5.000000;5.000000,0,0,0,0,0,0,0,0,0,0,0,0,0,0,0,0,0,0,0,0,0,0,0,0,0,0,0,0,graph_0002__pathPersistency_0.0000,pathPersistency,0.0,graph_0002,epoch_0002
trace,olsr,0.307373,0.307366,1054,1515,105,547,1198,0.086111,0.006962,59.679889,360,31,42,0,0,328,0.172222,547,40700,17.645161,1312.903226,0.500000,4.285714,4.000000,5.000000,5.000000;5.000000;4.000000;4.000000;4.000000;4.000000;4.000000,12,0.739130,1,5.000000;5.000000;5.000000;5.000000;5.000000;5.000000,nan;nan;nan;nan;nan;nan,5.000000;5.000000;5.000000;5.000000;5.000000;5.000000,351,23940,196,16760,0,0,0,0,0,0,0,0,0,0,0,0,0,0,0,0,0,0,0,0,0,0,0,0,graph_0002__pathPersistency_0.7500,pathPersistency,0.75,graph_0002,epoch_0001
trace,aodv,0.588333,0.588273,2464,3277,105,1202,2083,0.438889,0.025715,74.914918,360,158,29,57,0,751,0.877778,1202,57354,7.607595,363.000000,0.500000,4.285714,4.000000,5.000000,5.000000;5.000000;4.000000;4.000000;4.000000;4.000000;4.000000,12,0.739130,1,5.000000;5.000000;5.000000;5.000000;5.000000;5.000000,4.062642;nan;0.101057;0.112541;0.013859;nan,5.000000;5.000000;5.000000;5.000000;5.000000;5.000000,0,0,0,0,0,0,0,0,0,0,748,35904,168,8736,138,6624,133,5640,15,450,0,0,0,0,0,0,0,0,graph_0002__pathPersistency_0.7500,pathPersistency,0.75,graph_0002,epoch_0001
trace,static,0.249525,0.249503,1033,832,105,0,0,0.441667,0.022291,72.448862,360,159,0,0,0,203,0.883333,0,0,0.000000,0.000000,0.500000,4.285714,4.000000,5.000000,5.000000;5.000000;4.000000;4.000000;4.000000;4.000000;4.000000,12,0.739130,1,5.000000;5.000000;5.000000;5.000000;5.000000;5.000000,0.141185;0.123600;0.110033;0.121517;0.141423;0.143917,5.000000;5.000000;5.000000;5.000000;5.000000;5.000000,0,0,0,0,0,0,0,0,0,0,0,0,0,0,0,0,0,0,0,0,0,0,0,0,0,0,0,0,graph_0002__pathPersistency_0.7500,pathPersistency,0.75,graph_0002,epoch_0001
trace,olsr,0.459087,0.459044,1403,1813,105,538,1164,0.158333,0.009839,60.134950,360,57,31,0,0,430,0.316667,538,40184,9.438596,704.982456,0.500000,4.285714,4.000000,5.000000,5.000000;5.000000;4.000000;4.000000;4.000000;4.000000;4.000000,12,0.739130,1,5.000000;5.000000;5.000000;5.000000;5.000000;5.000000,1.251189;nan;0.101341;2.906229;0.321865;nan,5.000000;5.000000;5.000000;5.000000;5.000000;5.000000,354,24120,181,15896,0,0,0,0,3,168,0,0,0,0,0,0,0,0,0,0,0,0,0,0,0,0,0,0,graph_0002__pathPersistency_0.7500,pathPersistency,0.75,graph_0002,epoch_0003
trace,aodv,0.631406,0.631348,2550,3484,105,1242,2202,0.591667,0.034667,73.502032,360,213,16,57,0,749,1.183333,1242,59446,5.830986,279.089202,0.500000,4.285714,4.000000,5.000000,5.000000;5.000000;4.000000;4.000000;4.000000;4.000000;4.000000,12,0.739130,1,5.000000;5.000000;5.000000;5.000000;5.000000;5.000000,1.601946;nan;0.101057;0.112541;0.008559;nan,5.000000;5.000000;5.000000;5.000000;5.000000;5.000000,0,0,0,0,0,0,0,0,0,0,744,35712,201,10452,142,6816,129,5608,23,690,3,168,0,0,0,0,0,0,graph_0002__pathPersistency_0.7500,pathPersistency,0.75,graph_0002,epoch_0003
trace,static,0.253421,0.253407,1034,833,105,0,0,0.441667,0.022289,72.448732,360,159,0,0,0,203,0.883333,0,0,0.000000,0.000000,0.500000,4.285714,4.000000,5.000000,5.000000;5.000000;4.000000;4.000000;4.000000;4.000000;4.000000,12,0.739130,1,5.000000;5.000000;5.000000;5.000000;5.000000;5.000000,0.142791;0.118344;0.110033;0.112541;0.141423;0.143917,5.000000;5.000000;5.000000;5.000000;5.000000;5.000000,0,0,0,0,0,0,0,0,0,0,0,0,0,0,0,0,0,0,0,0,0,0,0,0,0,0,0,0,graph_0002__pathPersistency_0.7500,pathPersistency,0.75,graph_0002,epoch_0003
trace,olsr,0.367698,0.367666,1232,1634,105,552,1212,0.102778,0.008310,56.394422,360,37,13,0,0,461,0.205556,552,40920,14.918919,1105.945946,0.500000,4.285714,4.000000,5.000000,5.000000;5.000000;4.000000;4.000000;4.000000;4.000000;4.000000,12,0.739130,1,5.000000;5.000000;5.000000;5.000000;5.000000;5.000000,1.251189;nan;0.273873;nan;nan;nan,5.000000;5.000000;5.000000;5.000000;5.000000;5.000000,348,23728,204,17192,0,0,0,0,0,0,0,0,0,0,0,0,0,0,0,0,0,0,0,0,0,0,0,0,graph_0002__pathPersistency_0.7500,pathPersistency,0.75,graph_0002,epoch_0004
trace,aodv,0.633456,0.633400,2578,3512,105,1233,2197,0.588889,0.034497,73.175049,360,212,13,57,0,869,1.177778,1233,58808,5.816038,277.396226,0.500000,4.285714,4.000000,5.000000,5.000000;5.000000;4.000000;4.000000;4.000000;4.000000;4.000000,12,0.739130,1,5.000000;5.000000;5.000000;5.000000;5.000000;5.000000,1.596263;nan;0.101057;0.112541;0.123741;nan,5.000000;5.000000;5.000000;5.000000;5.000000;5.000000,0,0,0,0,0,0,0,0,0,0,752,36096,176,9152,145,6960,134,5768,24,720,2,112,0,0,0,0,0,0,graph_0002__pathPersistency_0.7500,pathPersistency,0.75,graph_0002,epoch_0004
trace,static,0.249644,0.249483,1032,831,105,0,0,0.441667,0.022292,72.448838,360,159,0,0,0,204,0.883333,0,0,0.000000,0.000000,0.500000,4.285714,4.000000,5.000000,5.000000;5.000000;4.000000;4.000000;4.000000;4.000000;4.000000,12,0.739130,1,5.000000;5.000000;5.000000;5.000000;5.000000;5.000000,0.149611;0.124660;0.110033;0.112541;0.141423;0.143917,5.000000;5.000000;5.000000;5.000000;5.000000;5.000000,0,0,0,0,0,0,0,0,0,0,0,0,0,0,0,0,0,0,0,0,0,0,0,0,0,0,0,0,graph_0002__pathPersistency_0.7500,pathPersistency,0.75,graph_0002,epoch_0004
trace,olsr,0.386121,0.385780,1175,1643,105,538,1165,0.166667,0.013478,60.078923,360,60,3,0,0,412,0.333333,538,40332,8.966667,672.200000,0.500000,4.285714,4.000000,5.000000,5.000000;5.000000;4.000000;4.000000;4.000000;4.000000;4.000000,12,0.739130,1,5.000000;5.000000;5.000000;5.000000;5.000000;5.000000,1.289670;3.211239;0.289537;nan;nan;nan,5.000000;5.000000;5.000000;5.000000;5.000000;5.000000,355,24216,183,16116,0,0,0,0,0,0,0,0,0,0,0,0,0,0,0,0,0,0,0,0,0,0,0,0,graph_0002__pathPersistency_0.7500,pathPersistency,0.75,graph_0002,epoch_0005
trace,aodv,0.634121,0.633460,2549,3467,105,1248,2194,0.597222,0.035002,73.747246,360,215,13,57,0,786,1.194444,1248,59510,5.804651,276.790698,0.500000,4.285714,4.000000,5.000000,5.000000;5.000000;4.000000;4.000000;4.000000;4.000000;4.000000,12,0.739130,1,5.000000;5.000000;5.000000;5.000000;5.000000;5.000000,1.611431;nan;0.101057;2.430611;0.005331;nan,5.000000;5.000000;5.000000;5.000000;5.000000;5.000000,0,0,0,0,0,0,0,0,0,0,740,35520,196,10192,138,6624,152,6488,21,630,1,56,0,0,0,0,0,0,graph_0002__pathPersistency_0.7500,pathPersistency,0.75,graph_0002,epoch_0005
trace,static,0.255204,0.254945,1034,833,105,0,0,0.441667,0.022294,72.448870,360,159,0,0,0,206,0.883333,0,0,0.000000,0.000000,0.500000,4.285714,4.000000,5.000000,5.000000;5.000000;4.000000;4.000000;4.000000;4.000000;4.000000,12,0.739130,1,5.000000;5.000000;5.000000;5.000000;5.000000;5.000000,0.147105;0.122340;0.110033;0.121517;0.141423;0.143917,5.000000;5.000000;5.000000;5.000000;5.000000;5.000000,0,0,0,0,0,0,0,0,0,0,0,0,0,0,0,0,0,0,0,0,0,0,0,0,0,0,0,0,graph_0002__pathPersistency_0.7500,pathPersistency,0.75,graph_0002,epoch_0005
trace,olsr,0.561086,0.561060,1769,2204,105,543,1156,0.177778,0.014372,59.666461,360,64,24,0,0,533,0.355556,543,40524,8.484375,633.187500,0.500000,4.285714,4.000000,5.000000,5.000000;5.000000;4.000000;4.000000;4.000000;4.000000;4.000000,12,0.739130,1,5.000000;5.000000;5.000000;5.000000;5.000000;5.000000,1.251189;3.211239;0.101057;nan;nan;nan,5.000000;5.000000;5.000000;5.000000;5.000000;5.000000,357,24400,178,15676,0,0,0,0,8,448,0,0,0,0,0,0,0,0,0,0,0,0,0,0,0,0,0,0,graph_0002__pathPersistency_0.7500,pathPersistency,0.75,graph_0002,epoch_0002
trace,aodv,0.608245,0.608202,2500,3328,105,1230,2099,0.513889,0.030108,71.960557,360,185,30,57,0,742,1.027778,1230,58664,6.648649,317.102703,0.500000,4.285714,4.000000,5.000000,5.000000;5.000000;4.000000;4.000000;4.000000;4.000000;4.000000,12,0.739130,1,5.000000;5.000000;5.000000;5.000000;5.000000;5.000000,1.699992;nan;0.101057;0.006840;0.007799;nan,5.000000;5.000000;5.000000;5.000000;5.000000;5.000000,0,0,0,0,0,0,0,0,0,0,753,36144,173,8996,140,6720,149,6328,14,420,1,56,0,0,0,0,0,0,graph_0002__pathPersistency_0.7500,pathPersistency,0.75,graph_0002,epoch_0002
trace,static,0.250823,0.250798,1034,834,105,0,0,0.444444,0.022431,72.463257,360,160,0,0,0,203,0.888889,0,0,0.000000,0.000000,0.500000,4.285714,4.000000,5.000000,5.000000;5.000000;4.000000;4.000000;4.000000;4.000000;4.000000,12,0.739130,1,5.000000;5.000000;5.000000;5.000000;5.000000;5.000000,0.145751;0.120300;0.110033;0.112701;0.141423;0.143917,5.000000;5.000000;5.000000;5.000000;5.000000;5.000000,0,0,0,0,0,0,0,0,0,0,0,0,0,0,0,0,0,0,0,0,0,0,0,0,0,0,0,0,graph_0002__pathPersistency_0.7500,pathPersistency,0.75,graph_0002,epoch_0002
trace,olsr,0.456719,0.456657,1386,1638,105,557,1045,0.172222,0.012034,62.180524,360,62,6,0,0,475,0.344444,557,41056,8.983871,662.193548,0.500000,4.285714,4.000000,5.000000,5.000000;5.000000;4.000000;4.000000;4.000000;4.000000;4.000000,12,0.869565,1,5.000000;5.000000;5.000000;5.000000;5.000000;5.000000,2.243205;3.211509;1.584309;3.233639;nan;nan,5.000000;5.000000;5.000000;5.000000;5.000000;5.000000,351,22928,206,18128,0,0,0,0,0,0,0,0,0,0,0,0,0,0,0,0,0,0,0,0,0,0,0,0,graph_0001__pathPersistency_0.7500,pathPersistency,0.75,graph_0001,epoch_0001
trace,aodv,0.678314,0.678268,2759,3410,105,1160,1863,0.666667,0.033844,76.924929,360,240,12,56,0,777,1.333333,1160,55510,4.833333,231.291667,0.500000,4.285714,4.000000,5.000000,5.000000;5.000000;4.000000;4.000000;4.000000;4.000000;4.000000,12,0.869565,1,5.000000;5.000000;5.000000;5.000000;5.000000;5.000000,0.298303;0.090141;nan;0.112257;0.123741;0.134941,5.000000;5.000000;5.000000;5.000000;5.000000;5.000000,0,0,0,0,0,0,0,0,0,0,759,36432,143,7436,150,7200,97,4112,11,330,0,0,0,0,0,0,0,0,graph_0001__pathPersistency_0.7500,pathPersistency,0.75,graph_0001,epoch_0001
trace,static,0.264489,0.264455,1081,884,105,0,0,0.452778,0.022735,72.593940,360,163,0,0,0,164,0.905556,0,0,0.000000,0.000000,0.500000,4.285714,4.000000,5.000000,5.000000;5.000000;4.000000;4.000000;4.000000;4.000000;4.000000,12,0.869565,1,5.000000;5.000000;5.000000;5.000000;5.000000;5.000000,0.172536;0.099117;0.110033;0.130209;0.141693;0.143917,5.000000;5.000000;5.000000;5.000000;5.000000;5.000000,0,0,0,0,0,0,0,0,0,0,0,0,0,0,0,0,0,0,0,0,0,0,0,0,0,0,0,0,graph_0001__pathPersistency_0.7500,pathPersistency,0.75,graph_0001,epoch_0001
trace,olsr,0.367157,0.366830,1192,1508,105,561,1056,0.152778,0.009309,62.942636,360,55,8,0,0,347,0.305556,561,40944,10.200000,744.436364,0.500000,4.285714,4.000000,5.000000,5.000000;5.000000;4.000000;4.000000;4.000000;4.000000;4.000000,12,0.869565,1,5.000000;5.000000;5.000000;5.000000;5.000000;5.000000,nan;nan;nan;nan;1.215357;nan,5.000000;5.000000;5.000000;5.000000;5.000000;5.000000,355,23272,206,17672,0,0,0,0,0,0,0,0,0,0,0,0,0,0,0,0,0,0,0,0,0,0,0,0,graph_0001__pathPersistency_0.7500,pathPersistency,0.75,graph_0001,epoch_0003
trace,aodv,0.669610,0.668975,2721,3404,105,1123,1852,0.694444,0.042866,71.724338,360,250,3,56,0,724,1.388889,1123,54034,4.492000,216.136000,0.500000,4.285714,4.000000,5.000000,5.000000;5.000000;4.000000;4.000000;4.000000;4.000000;4.000000,12,0.869565,1,5.000000;5.000000;5.000000;5.000000;5.000000;5.000000,0.095901;0.090141;0.101057;0.459694;0.001427;nan,5.000000;5.000000;5.000000;5.000000;5.000000;5.000000,0,0,0,0,0,0,0,0,0,0,762,36576,147,7644,128,6144,81,3520,5,150,0,0,0,0,0,0,0,0,graph_0001__pathPersistency_0.7500,pathPersistency,0.75,graph_0001,epoch_0003
trace,static,0.262886,0.262382,1081,884,105,0,0,0.452778,0.022739,72.594000,360,163,0,0,0,164,0.905556,0,0,0.000000,0.000000,0.500000,4.285714,4.000000,5.000000,5.000000;5.000000;4.000000;4.000000;4.000000;4.000000;4.000000,12,0.869565,1,5.000000;5.000000;5.000000;5.000000;5.000000;5.000000,0.166076;0.099117;0.110033;0.130209;0.141693;0.143917,5.000000;5.000000;5.000000;5.000000;5.000000;5.000000,0,0,0,0,0,0,0,0,0,0,0,0,0,0,0,0,0,0,0,0,0,0,0,0,0,0,0,0,graph_0001__pathPersistency_0.7500,pathPersistency,0.75,graph_0001,epoch_0003
trace,olsr,0.367431,0.367046,1189,1509,105,554,1037,0.138889,0.009702,61.316118,360,50,30,0,0,356,0.277778,554,40956,11.080000,819.120000,0.500000,4.285714,4.000000,5.000000,5.000000;5.000000;4.000000;4.000000;4.000000;4.000000;4.000000,12,0.869565,1,5.000000;5.000000;5.000000;5.000000;5.000000;5.000000,nan;nan;1.584309;3.233639;nan;nan,5.000000;5.000000;5.000000;5.000000;5.000000;5.000000,350,22920,204,18036,0,0,0,0,0,0,0,0,0,0,0,0,0,0,0,0,0,0,0,0,0,0,0,0,graph_0001__pathPersistency_0.7500,pathPersistency,0.75,graph_0001,epoch_0004
trace,aodv,0.599800,0.598883,2544,3092,105,1118,1795,0.475000,0.029331,68.038979,360,171,4,56,0,668,0.950000,1118,53490,6.538012,312.807018,0.500000,4.285714,4.000000,5.000000,5.000000;5.000000;4.000000;4.000000;4.000000;4.000000;4.000000,12,0.869565,1,5.000000;5.000000;5.000000;5.000000;5.000000;5.000000,0.095901;0.090141;0.129167;nan;0.123741;nan,5.000000;5.000000;5.000000;5.000000;5.000000;5.000000,0,0,0,0,0,0,0,0,0,0,784,37632,113,5876,129,6192,78,3344,13,390,1,56,0,0,0,0,0,0,graph_0001__pathPersistency_0.7500,pathPersistency,0.75,graph_0001,epoch_0004
trace,static,0.264117,0.263722,1081,884,105,0,0,0.452778,0.022737,72.594038,360,163,0,0,0,162,0.905556,0,0,0.000000,0.000000,0.500000,4.285714,4.000000,5.000000,5.000000;5.000000;4.000000;4.000000;4.000000;4.000000;4.000000,12,0.869565,1,5.000000;5.000000;5.000000;5.000000;5.000000;5.000000,0.174476;0.099117;0.110033;0.130209;0.141693;0.143917,5.000000;5.000000;5.000000;5.000000;5.000000;5.000000,0,0,0,0,0,0,0,0,0,0,0,0,0,0,0,0,0,0,0,0,0,0,0,0,0,0,0,0,graph_0001__pathPersistency_0.7500,pathPersistency,0.75,graph_0001,epoch_0004
trace,olsr,0.300023,0.300002,986,1341,105,560,1051,0.097222,0.005924,56.299479,360,35,10,0,0,265,0.194444,560,40960,16.000000,1170.285714,0.500000,4.285714,4.000000,5.000000,5.000000;5.000000;4.000000;4.000000;4.000000;4.000000;4.000000,12,0.869565,1,5.000000;5.000000;5.000000;5.000000;5.000000;5.000000,nan;nan;nan;3.233639;1.279029;nan,5.000000;5.000000;5.000000;5.000000;5.000000;5.000000,357,23328,203,17632,0,0,0,0,0,0,0,0,0,0,0,0,0,0,0,0,0,0,0,0,0,0,0,0,graph_0001__pathPersistency_0.7500,pathPersistency,0.75,graph_0001,epoch_0005
trace,aodv,0.698163,0.698128,2814,3496,105,1179,1891,0.730556,0.037085,75.879052,360,263,11,56,0,774,1.461111,1179,56456,4.482890,214.661597,0.500000,4.285714,4.000000,5.000000,5.000000;5.000000;4.000000;4.000000;4.000000;4.000000;4.000000,12,0.869565,1,5.000000;5.000000;5.000000;5.000000;5.000000;5.000000,0.095901;0.090141;nan;1.446157;0.144088;0.134941,5.000000;5.000000;5.000000;5.000000;5.000000;5.000000,0,0,0,0,0,0,0,0,0,0,758,36384,151,7852,163,7824,91,3864,14,420,2,112,0,0,0,0,0,0,graph_0001__pathPersistency_0.7500,pathPersistency,0.75,graph_0001,epoch_0005
trace,static,0.263699,0.263674,1081,884,105,0,0,0.452778,0.022738,72.593937,360,163,0,0,0,164,0.905556,0,0,0.000000,0.000000,0.500000,4.285714,4.000000,5.000000,5.000000;5.000000;4.000000;4.000000;4.000000;4.000000;4.000000,12,0.869565,1,5.000000;5.000000;5.000000;5.000000;5.000000;5.000000,0.172080;0.099117;0.110033;0.130209;0.141693;0.143917,5.000000;5.000000;5.000000;5.000000;5.000000;5.000000,0,0,0,0,0,0,0,0,0,0,0,0,0,0,0,0,0,0,0,0,0,0,0,0,0,0,0,0,graph_0001__pathPersistency_0.7500,pathPersistency,0.75,graph_0001,epoch_0005
trace,olsr,0.422983,0.422971,1275,1564,105,572,1084,0.161111,0.009816,65.759618,360,58,8,0,0,419,0.322222,572,41772,9.862069,720.206897,0.500000,4.285714,4.000000,5.000000,5.000000;5.000000;4.000000;4.000000;4.000000;4.000000;4.000000,12,0.869565,1,5.000000;5.000000;5.000000;5.000000;5.000000;5.000000,2.243205;nan;nan;nan;1.279029;nan,5.000000;5.000000;5.000000;5.000000;5.000000;5.000000,348,22712,224,19060,0,0,0,0,0,0,0,0,0,0,0,0,0,0,0,0,0,0,0,0,0,0,0,0,graph_0001__pathPersistency_0.7500,pathPersistency,0.75,graph_0001,epoch_0002
trace,aodv,0.763310,0.763234,2922,3595,105,1230,1975,0.777778,0.039483,78.041583,360,280,9,0,0,870,1.555556,1230,58824,4.392857,210.085714,0.500000,4.285714,4.000000,5.000000,5.000000;5.000000;4.000000;4.000000;4.000000;4.000000;4.000000,12,0.869565,1,5.000000;5.000000;5.000000;5.000000;5.000000;5.000000,2.415956;0.090141;0.126051;1.452725;0.123741;0.134941,5.000000;5.000000;5.000000;5.000000;5.000000;5.000000,0,0,0,0,0,0,0,0,0,0,750,36000,167,8684,183,8784,112,4816,18,540,0,0,0,0,0,0,0,0,graph_0001__pathPersistency_0.7500,pathPersistency,0.75,graph_0001,epoch_0002
trace,static,0.265069,0.265056,1081,884,105,0,0,0.452778,0.022737,72.593968,360,163,0,0,0,164,0.905556,0,0,0.000000,0.000000,0.500000,4.285714,4.000000,5.000000,5.000000;5.000000;4.000000;4.000000;4.000000;4.000000;4.000000,12,0.869565,1,5.000000;5.000000;5.000000;5.000000;5.000000;5.000000,0.169796;0.099117;0.110033;0.130209;0.141693;0.143917,5.000000;5.000000;5.000000;5.000000;5.000000;5.000000,0,0,0,0,0,0,0,0,0,0,0,0,0,0,0,0,0,0,0,0,0,0,0,0,0,0,0,0,graph_0001__pathPersistency_0.7500,pathPersistency,0.75,graph_0001,epoch_0002
trace,olsr,0.340862,0.340802,1039,1393,105,566,1095,0.097222,0.005080,74.549806,360,35,0,0,0,375,0.194444,566,41548,16.171429,1187.085714,0.500000,4.285714,4.000000,5.000000,5.000000;5.000000;4.000000;4.000000;4.000000;4.000000;4.000000,12,0.391304,1,5.000000;5.000000;5.000000;5.000000;5.000000;5.000000,nan;nan;nan;2.259845;0.296189;0.250321,5.000000;5.000000;5.000000;5.000000;5.000000;5.000000,357,23368,209,18180,0,0,0,0,0,0,0,0,0,0,0,0,0,0,0,0,0,0,0,0,0,0,0,0,graph_0004__pathPersistency_0.2500,pathPersistency,0.25,graph_0004,epoch_0001
trace,aodv,0.584972,0.584931,2547,3108,105,1239,1992,0.280556,0.015091,90.213023,360,101,11,56,0,1052,0.561111,1239,59204,12.267327,586.178218,0.500000,4.285714,4.000000,5.000000,5.000000;5.000000;4.000000;4.000000;4.000000;4.000000;4.000000,12,0.391304,1,5.000000;5.000000;5.000000;5.000000;5.000000;5.000000,nan;3.063693;nan;0.664890;3.742670;1.632075,5.000000;5.000000;5.000000;5.000000;5.000000;5.000000,0,0,0,0,0,0,0,0,0,0,749,35952,169,8788,182,8736,121,5136,16,480,2,112,0,0,0,0,0,0,graph_0004__pathPersistency_0.2500,pathPersistency,0.25,graph_0004,epoch_0001
trace,static,0.297082,0.297067,1051,842,105,0,0,0.419444,0.021063,72.206792,360,151,0,0,0,287,0.838889,0,0,0.000000,0.000000,0.500000,4.285714,4.000000,5.000000,5.000000;5.000000;4.000000;4.000000;4.000000;4.000000;4.000000,12,0.391304,1,5.000000;5.000000;5.000000;5.000000;5.000000;5.000000,0.131973;0.099117;0.118739;0.121677;0.133001;0.134941,5.000000;5.000000;5.000000;5.000000;5.000000;5.000000,0,0,0,0,0,0,0,0,0,0,0,0,0,0,0,0,0,0,0,0,0,0,0,0,0,0,0,0,graph_0004__pathPersistency_0.2500,pathPersistency,0.25,graph_0004,epoch_0001
trace,olsr,0.378418,0.378395,1177,1526,105,566,1085,0.088889,0.004645,68.770896,360,32,11,0,0,400,0.177778,566,42004,17.687500,1312.625000,0.500000,4.285714,4.000000,5.000000,5.000000;5.000000;4.000000;4.000000;4.000000;4.000000;4.000000,12,0.391304,1,5.000000;5.000000;5.000000;5.000000;5.000000;5.000000,nan;nan;nan;3.242615;0.296189;0.307389,5.000000;5.000000;5.000000;5.000000;5.000000;5.000000,357,23424,207,18468,0,0,0,0,2,112,0,0,0,0,0,0,0,0,0,0,0,0,0,0,0,0,0,0,graph_0004__pathPersistency_0.2500,pathPersistency,0.25,graph_0004,epoch_0003
trace,aodv,0.693018,0.692978,2802,3498,105,1461,2207,0.516667,0.029629,68.836474,360,186,37,57,0,1128,1.033333,1461,69608,7.854839,374.236559,0.500000,4.285714,4.000000,5.000000,5.000000;5.000000;4.000000;4.000000;4.000000;4.000000;4.000000,12,0.391304,1,5.000000;5.000000;5.000000;5.000000;5.000000;5.000000,0.095901;0.114624;2.504247;nan;0.312331;nan,5.000000;5.000000;5.000000;5.000000;5.000000;5.000000,0,0,0,0,0,0,0,0,0,0,703,33744,258,13416,227,10896,240,10328,24,720,9,504,0,0,0,0,0,0,graph_0004__pathPersistency_0.2500,pathPersistency,0.25,graph_0004,epoch_0003
trace,static,0.261362,0.261325,1044,833,105,0,0,0.413889,0.020782,72.367261,360,149,0,0,0,287,0.827778,0,0,0.000000,0.000000,0.500000,4.285714,4.000000,5.000000,5.000000;5.000000;4.000000;4.000000;4.000000;4.000000;4.000000,12,0.391304,1,5.000000;5.000000;5.000000;5.000000;5.000000;5.000000,0.135253;0.099117;0.118739;0.130493;0.133001;0.134941,5.000000;5.000000;5.000000;5.000000;5.000000;5.000000,0,0,0,0,0,0,0,0,0,0,0,0,0,0,0,0,0,0,0,0,0,0,0,0,0,0,0,0,graph_0004__pathPersistency_0.2500,pathPersistency,0.25,graph_0004,epoch_0003
trace,olsr,0.393175,0.393129,1117,1422,105,560,1063,0.083333,0.004681,71.108569,360,30,0,0,0,481,0.166667,560,41452,18.666667,1381.733333,0.500000,4.285714,4.000000,5.000000,5.000000;5.000000;4.000000;4.000000;4.000000;4.000000;4.000000,12,0.391304,1,5.000000;5.000000;5.000000;5.000000;5.000000;5.000000,nan;nan;0.437429;2.269453;3.736629;nan,5.000000;5.000000;5.000000;5.000000;5.000000;5.000000,356,23312,204,18140,0,0,0,0,0,0,0,0,0,0,0,0,0,0,0,0,0,0,0,0,0,0,0,0,graph_0004__pathPersistency_0.2500,pathPersistency,0.25,graph_0004,epoch_0004
trace,aodv,0.605036,0.604990,2620,3136,105,1294,2009,0.250000,0.013446,89.618516,360,90,15,56,0,1080,0.500000,1294,61586,14.377778,684.288889,0.500000,4.285714,4.000000,5.000000,5.000000;5.000000;4.000000;4.000000;4.000000;4.000000;4.000000,12,0.391304,1,5.000000;5.000000;5.000000;5.000000;5.000000;5.000000,nan;3.083844;nan;0.686001;0.471315;0.305197,5.000000;5.000000;5.000000;5.000000;5.000000;5.000000,0,0,0,0,0,0,0,0,0,0,746,35808,169,8788,210,10080,151,6344,17,510,1,56,0,0,0,0,0,0,graph_0004__pathPersistency_0.2500,pathPersistency,0.25,graph_0004,epoch_0004
trace,static,0.262664,0.262647,1049,839,105,0,0,0.416667,0.020924,72.189900,360,150,0,0,0,287,0.833333,0,0,0.000000,0.000000,0.500000,4.285714,4.000000,5.000000,5.000000;5.000000;4.000000;4.000000;4.000000;4.000000;4.000000,12,0.391304,1,5.000000;5.000000;5.000000;5.000000;5.000000;5.000000,0.125337;0.099117;0.118739;0.130493;0.133001;0.134941,5.000000;5.000000;5.000000;5.000000;5.000000;5.000000,0,0,0,0,0,0,0,0,0,0,0,0,0,0,0,0,0,0,0,0,0,0,0,0,0,0,0,0,graph_0004__pathPersistency_0.2500,pathPersistency,0.25,graph_0004,epoch_0004
trace,olsr,0.412894,0.412878,1288,1555,105,569,1089,0.088889,0.004463,76.777804,360,32,9,0,0,485,0.177778,569,41996,17.781250,1312.375000,0.500000,4.285714,4.000000,5.000000,5.000000;5.000000;4.000000;4.000000;4.000000;4.000000;4.000000,12,0.391304,1,5.000000;5.000000;5.000000;5.000000;5.000000;5.000000,nan;1.442332;0.273319;nan;nan;0.221385,5.000000;5.000000;5.000000;5.000000;5.000000;5.000000,353,23112,216,18884,0,0,0,0,0,0,0,0,0,0,0,0,0,0,0,0,0,0,0,0,0,0,0,0,graph_0004__pathPersistency_0.2500,pathPersistency,0.25,graph_0004,epoch_0005
trace,aodv,0.776590,0.776488,3023,3731,105,1336,2121,0.758333,0.038480,75.225051,360,273,10,0,0,1062,1.516667,1336,63894,4.893773,234.043956,0.500000,4.285714,4.000000,5.000000,5.000000;5.000000;4.000000;4.000000;4.000000;4.000000;4.000000,12,0.391304,1,5.000000;5.000000;5.000000;5.000000;5.000000;5.000000,2.413000;0.764056;0.120840;0.184249;0.327912;1.624507,5.000000;5.000000;5.000000;5.000000;5.000000;5.000000,0,0,0,0,0,0,0,0,0,0,705,33840,247,12844,217,10416,140,5984,27,810,0,0,0,0,0,0,0,0,graph_0004__pathPersistency_0.2500,pathPersistency,0.25,graph_0004,epoch_0005
trace,static,0.264264,0.264146,1048,838,105,0,0,0.416667,0.020922,72.189820,360,150,0,0,0,286,0.833333,0,0,0.000000,0.000000,0.500000,4.285714,4.000000,5.000000,5.000000;5.000000;4.000000;4.000000;4.000000;4.000000;4.000000,12,0.391304,1,5.000000;5.000000;5.000000;5.000000;5.000000;5.000000,0.127213;0.099117;0.118739;0.121517;0.133001;0.134941,5.000000;5.000000;5.000000;5.000000;5.000000;5.000000,0,0,0,0,0,0,0,0,0,0,0,0,0,0,0,0,0,0,0,0,0,0,0,0,0,0,0,0,graph_0004__pathPersistency_0.2500,pathPersistency,0.25,graph_0004,epoch_0005
trace,olsr,0.463759,0.462986,1391,1688,105,562,1083,0.202778,0.010181,81.856552,360,73,4,0,0,546,0.405556,562,41344,7.698630,566.356164,0.500000,4.285714,4.000000,5.000000,5.000000;5.000000;4.000000;4.000000;4.000000;4.000000;4.000000,12,0.391304,1,5.000000;5.000000;5.000000;5.000000;5.000000;5.000000,nan;0.940979;0.446731;2.261023;2.270775;0.307389,5.000000;5.000000;5.000000;5.000000;5.000000;5.000000,353,23208,209,18136,0,0,0,0,0,0,0,0,0,0,0,0,0,0,0,0,0,0,0,0,0,0,0,0,graph_0004__pathPersistency_0.2500,pathPersistency,0.25,graph_0004,epoch_0002
trace,aodv,0.727678,0.727041,2878,3581,105,1336,2089,0.644444,0.033551,74.105290,360,232,21,57,0,1089,1.288889,1336,63828,5.758621,275.120690,0.500000,4.285714,4.000000,5.000000,5.000000;5.000000;4.000000;4.000000;4.000000;4.000000;4.000000,12,0.391304,1,5.000000;5.000000;5.000000;5.000000;5.000000;5.000000,3.741955;0.759116;0.128531;nan;0.482956;1.629103,5.000000;5.000000;5.000000;5.000000;5.000000;5.000000,0,0,0,0,0,0,0,0,0,0,715,34320,232,12064,197,9456,165,7048,22,660,5,280,0,0,0,0,0,0,graph_0004__pathPersistency_0.2500,pathPersistency,0.25,graph_0004,epoch_0002
trace,static,0.263722,0.263380,1044,833,105,0,0,0.413889,0.020781,72.367150,360,149,0,0,0,287,0.827778,0,0,0.000000,0.000000,0.500000,4.285714,4.000000,5.000000,5.000000;5.000000;4.000000;4.000000;4.000000;4.000000;4.000000,12,0.391304,1,5.000000;5.000000;5.000000;5.000000;5.000000;5.000000,0.132053;0.099117;0.118739;0.130493;0.133001;0.134941,5.000000;5.000000;5.000000;5.000000;5.000000;5.000000,0,0,0,0,0,0,0,0,0,0,0,0,0,0,0,0,0,0,0,0,0,0,0,0,0,0,0,0,graph_0004__pathPersistency_0.2500,pathPersistency,0.25,graph_0004,epoch_0002
trace,olsr,0.313848,0.313823,1181,1415,105,567,1093,0.122222,0.006538,69.781132,360,44,7,0,0,445,0.244444,567,41980,12.886364,954.090909,0.500000,4.285714,4.000000,5.000000,5.000000;5.000000;4.000000;4.000000;4.000000;4.000000;4.000000,12,0.043478,1,5.000000;5.000000;5.000000;5.000000;5.000000;5.000000,nan;0.262389;nan;0.284789;nan;nan,5.000000;5.000000;5.000000;5.000000;5.000000;5.000000,354,23228,213,18752,0,0,0,0,0,0,0,0,0,0,0,0,0,0,0,0,0,0,0,0,0,0,0,0,graph_0001__pathPersistency_0.0000,pathPersistency,0.0,graph_0001,epoch_0001
trace,aodv,0.409908,0.409890,1986,2448,105,1180,1864,0.055556,0.004447,61.722412,360,20,5,113,0,510,0.111111,1180,56210,59.000000,2810.500000,0.500000,4.285714,4.000000,5.000000,5.000000;5.000000;4.000000;4.000000;4.000000;4.000000;4.000000,12,0.043478,1,5.000000;5.000000;5.000000;5.000000;5.000000;5.000000,0.595829;3.551351;nan;nan;nan;nan,5.000000;5.000000;5.000000;5.000000;5.000000;5.000000,0,0,0,0,0,0,0,0,0,0,777,37296,118,6136,160,7680,110,4648,15,450,0,0,0,0,0,0,0,0,graph_0001__pathPersistency_0.0000,pathPersistency,0.0,graph_0001,epoch_0001
trace,static,0.257145,0.257125,989,769,105,0,0,0.388889,0.019636,72.134655,360,140,0,0,0,357,0.777778,0,0,0.000000,0.000000,0.500000,4.285714,4.000000,5.000000,5.000000;5.000000;4.000000;4.000000;4.000000;4.000000;4.000000,12,0.043478,1,5.000000;5.000000;5.000000;5.000000;5.000000;5.000000,0.113569;0.108093;0.121416;0.121517;0.132797;0.143917,5.000000;5.000000;5.000000;5.000000;5.000000;5.000000,0,0,0,0,0,0,0,0,0,0,0,0,0,0,0,0,0,0,0,0,0,0,0,0,0,0,0,0,graph_0001__pathPersistency_0.0000,pathPersistency,0.0,graph_0001,epoch_0001
trace,olsr,0.448913,0.448888,1363,1646,105,570,1104,0.213889,0.011377,71.649900,360,77,2,0,0,653,0.427778,570,42300,7.402597,549.350649,0.500000,4.285714,4.000000,5.000000,5.000000;5.000000;4.000000;4.000000;4.000000;4.000000;4.000000,12,0.043478,1,5.000000;5.000000;5.000000;5.000000;5.000000;5.000000,0.095617;0.262389;0.115253;0.284789;0.470285;nan,5.000000;5.000000;5.000000;5.000000;5.000000;5.000000,357,23376,213,18924,0,0,0,0,0,0,0,0,0,0,0,0,0,0,0,0,0,0,0,0,0,0,0,0,graph_0001__pathPersistency_0.0000,pathPersistency,0.0,graph_0001,epoch_0003
trace,aodv,0.627098,0.627057,2538,3230,105,1317,2066,0.516667,0.026182,73.931159,360,186,5,112,0,867,1.033333,1317,62786,7.080645,337.559140,0.500000,4.285714,4.000000,5.000000,5.000000;5.000000;4.000000;4.000000;4.000000;4.000000;4.000000,12,0.043478,1,5.000000;5.000000;5.000000;5.000000;5.000000;5.000000,0.540074;0.090141;nan;1.775817;nan;0.537240,5.000000;5.000000;5.000000;5.000000;5.000000;5.000000,0,0,0,0,0,0,0,0,0,0,745,35760,196,10192,218,10464,135,5680,23,690,0,0,0,0,0,0,0,0,graph_0001__pathPersistency_0.0000,pathPersistency,0.0,graph_0001,epoch_0003
trace,static,0.257004,0.256986,986,765,105,0,0,0.386111,0.019500,72.043955,360,139,0,0,0,356,0.772222,0,0,0.000000,0.000000,0.500000,4.285714,4.000000,5.000000,5.000000;5.000000;4.000000;4.000000;4.000000;4.000000;4.000000,12,0.043478,1,5.000000;5.000000;5.000000;5.000000;5.000000;5.000000,0.113569;0.108093;0.120480;0.121517;0.132797;0.143917,5.000000;5.000000;5.000000;5.000000;5.000000;5.000000,0,0,0,0,0,0,0,0,0,0,0,0,0,0,0,0,0,0,0,0,0,0,0,0,0,0,0,0,graph_0001__pathPersistency_0.0000,pathPersistency,0.0,graph_0001,epoch_0003
trace,olsr,0.360948,0.360880,1131,1470,105,556,1066,0.169444,0.009012,74.065339,360,61,7,0,0,471,0.338889,556,41200,9.114754,675.409836,0.500000,4.285714,4.000000,5.000000,5.000000;5.000000;4.000000;4.000000;4.000000;4.000000;4.000000,12,0.043478,1,5.000000;5.000000;5.000000;5.000000;5.000000;5.000000,nan;0.262389;nan;1.472317;0.296473;nan,5.000000;5.000000;5.000000;5.000000;5.000000;5.000000,356,23384,200,17816,0,0,0,0,0,0,0,0,0,0,0,0,0,0,0,0,0,0,0,0,0,0,0,0,graph_0001__pathPersistency_0.0000,pathPersistency,0.0,graph_0001,epoch_0004
trace,aodv,0.626245,0.626188,2436,3150,105,1332,2133,0.427778,0.021678,70.766009,360,154,7,112,0,853,0.855556,1332,63626,8.649351,413.155844,0.500000,4.285714,4.000000,5.000000,5.000000;5.000000;4.000000;4.000000;4.000000;4.000000;4.000000,12,0.043478,1,5.000000;5.000000;5.000000;5.000000;5.000000;5.000000,0.536467;0.090141;nan;0.644532;nan;0.342477,5.000000;5.000000;5.000000;5.000000;5.000000;5.000000,0,0,0,0,0,0,0,0,0,0,741,35568,211,10972,229,10992,126,5344,25,750,0,0,0,0,0,0,0,0,graph_0001__pathPersistency_0.0000,pathPersistency,0.0,graph_0001,epoch_0004
trace,static,0.259029,0.259008,985,765,105,0,0,0.388889,0.019638,72.134678,360,140,0,0,0,356,0.777778,0,0,0.000000,0.000000,0.500000,4.285714,4.000000,5.000000,5.000000;5.000000;4.000000;4.000000;4.000000;4.000000;4.000000,12,0.043478,1,5.000000;5.000000;5.000000;5.000000;5.000000;5.000000,0.113569;0.108093;0.120460;0.121517;0.132797;0.143917,5.000000;5.000000;5.000000;5.000000;5.000000;5.000000,0,0,0,0,0,0,0,0,0,0,0,0,0,0,0,0,0,0,0,0,0,0,0,0,0,0,0,0,graph_0001__pathPersistency_0.0000,pathPersistency,0.0,graph_0001,epoch_0004
trace,olsr,0.451138,0.451098,1417,1725,105,568,1103,0.255556,0.013697,74.428193,360,92,9,0,0,654,0.511111,568,42252,6.173913,459.260870,0.500000,4.285714,4.000000,5.000000,5.000000;5.000000;4.000000;4.000000;4.000000;4.000000;4.000000,12,0.043478,1,5.000000;5.000000;5.000000;5.000000;5.000000;5.000000,nan;0.262389;0.296615;0.293765;0.460113;nan,5.000000;5.000000;5.000000;5.000000;5.000000;5.000000,357,23336,211,18916,0,0,0,0,0,0,0,0,0,0,0,0,0,0,0,0,0,0,0,0,0,0,0,0,graph_0001__pathPersistency_0.0000,pathPersistency,0.0,graph_0001,epoch_0005
trace,aodv,0.614492,0.614400,2443,3100,105,1337,2085,0.411111,0.020833,71.427513,360,148,9,112,0,1035,0.822222,1337,63724,9.033784,430.567568,0.500000,4.285714,4.000000,5.000000,5.000000;5.000000;4.000000;4.000000;4.000000;4.000000;4.000000,12,0.043478,1,5.000000;5.000000;5.000000;5.000000;5.000000;5.000000,0.568688;0.090141;nan;1.690069;nan;0.330318,5.000000;5.000000;5.000000;5.000000;5.000000;5.000000,0,0,0,0,0,0,0,0,0,0,733,35184,210,10920,217,10416,151,6424,26,780,0,0,0,0,0,0,0,0,graph_0001__pathPersistency_0.0000,pathPersistency,0.0,graph_0001,epoch_0005
trace,static,0.251952,0.251812,985,765,105,0,0,0.388889,0.019639,72.134631,360,140,0,0,0,355,0.777778,0,0,0.000000,0.000000,0.500000,4.285714,4.000000,5.000000,5.000000;5.000000;4.000000;4.000000;4.000000;4.000000;4.000000,12,0.043478,1,5.000000;5.000000;5.000000;5.000000;5.000000;5.000000,0.113569;0.108093;0.129396;0.121517;0.132797;0.143917,5.000000;5.000000;5.000000;5.000000;5.000000;5.000000,0,0,0,0,0,0,0,0,0,0,0,0,0,0,0,0,0,0,0,0,0,0,0,0,0,0,0,0,graph_0001__pathPersistency_0.0000,pathPersistency,0.0,graph_0001,epoch_0005
trace,olsr,0.422521,0.422499,1292,1619,105,574,1132,0.188889,0.013418,63.930724,360,68,1,0,0,557,0.377778,574,42392,8.441176,623.411765,0.500000,4.285714,4.000000,5.000000,5.000000;5.000000;4.000000;4.000000;4.000000;4.000000;4.000000,12,0.043478,1,5.000000;5.000000;5.000000;5.000000;5.000000;5.000000,0.095617;0.274857;nan;0.293765;nan;nan,5.000000;5.000000;5.000000;5.000000;5.000000;5.000000,349,22832,225,19560,0,0,0,0,0,0,0,0,0,0,0,0,0,0,0,0,0,0,0,0,0,0,0,0,graph_0001__pathPersistency_0.0000,pathPersistency,0.0,graph_0001,epoch_0002
trace,aodv,0.544844,0.544763,2271,2761,105,1232,1913,0.091667,0.008050,65.426911,360,33,23,113,0,892,0.183333,1232,58554,37.333333,1774.363636,0.500000,4.285714,4.000000,5.000000,5.000000;5.000000;4.000000;4.000000;4.000000;4.000000;4.000000,12,0.043478,1,5.000000;5.000000;5.000000;5.000000;5.000000;5.000000,3.400458;nan;nan;nan;nan;nan,5.000000;5.000000;5.000000;5.000000;5.000000;5.000000,0,0,0,0,0,0,0,0,0,0,756,36288,149,7748,167,8016,143,5992,17,510,0,0,0,0,0,0,0,0,graph_0001__pathPersistency_0.0000,pathPersistency,0.0,graph_0001,epoch_0002
trace,static,0.258263,0.258224,990,771,105,0,0,0.391667,0.019778,71.947663,360,141,0,0,0,358,0.783333,0,0,0.000000,0.000000,0.500000,4.285714,4.000000,5.000000,5.000000;5.000000;4.000000;4.000000;4.000000;4.000000;4.000000,12,0.043478,1,5.000000;5.000000;5.000000;5.000000;5.000000;5.000000,0.113569;0.108093;0.120460;0.121517;0.132797;0.143917,5.000000;5.000000;5.000000;5.000000;5.000000;5.000000,0,0,0,0,0,0,0,0,0,0,0,0,0,0,0,0,0,0,0,0,0,0,0,0,0,0,0,0,graph_0001__pathPersistency_0.0000,pathPersistency,0.0,graph_0001,epoch_0002
trace,olsr,0.312859,0.312851,1100,1496,105,556,1050,0.147222,0.007393,65.284208,360,53,0,0,0,248,0.294444,556,40808,10.490566,769.962264,0.500000,4.285714,4.000000,5.000000,5.000000;5.000000;4.000000;4.000000;4.000000;4.000000;4.000000,12,0.869565,1,5.000000;5.000000;5.000000;5.000000;5.000000;5.000000,nan;nan;nan;nan;nan;1.258767,5.000000;5.000000;5.000000;5.000000;5.000000;5.000000,357,23236,199,17572,0,0,0,0,0,0,0,0,0,0,0,0,0,0,0,0,0,0,0,0,0,0,0,0,graph_0004__pathPersistency_0.7500,pathPersistency,0.75,graph_0004,epoch_0001
trace,aodv,0.694076,0.693924,2812,3460,105,1276,1980,0.594444,0.030178,78.241410,360,214,34,56,0,825,1.188889,1276,60654,5.962617,283.429907,0.500000,4.285714,4.000000,5.000000,5.000000;5.000000;4.000000;4.000000;4.000000;4.000000;4.000000,12,0.869565,1,5.000000;5.000000;5.000000;5.000000;5.000000;5.000000,1.429615;nan;0.101341;1.108358;0.490504;0.330529,5.000000;5.000000;5.000000;5.000000;5.000000;5.000000,0,0,0,0,0,0,0,0,0,0,729,34992,195,10140,162,7776,174,7240,15,450,1,56,0,0,0,0,0,0,graph_0004__pathPersistency_0.7500,pathPersistency,0.75,graph_0004,epoch_0001
trace,static,0.274910,0.274872,1135,939,105,0,0,0.455556,0.022876,72.644167,360,164,0,0,0,172,0.911111,0,0,0.000000,0.000000,0.500000,4.285714,4.000000,5.000000,5.000000;5.000000;4.000000;4.000000;4.000000;4.000000;4.000000,12,0.869565,1,5.000000;5.000000;5.000000;5.000000;5.000000;5.000000,0.119337;0.163918;0.136038;0.121247;0.123457;0.144201,5.000000;5.000000;5.000000;5.000000;5.000000;5.000000,0,0,0,0,0,0,0,0,0,0,0,0,0,0,0,0,0,0,0,0,0,0,0,0,0,0,0,0,graph_0004__pathPersistency_0.7500,pathPersistency,0.75,graph_0004,epoch_0001
trace,olsr,0.318995,0.318936,1081,1466,105,571,1060,0.116667,0.005858,64.325265,360,42,9,0,0,245,0.233333,571,42204,13.595238,1004.857143,0.500000,4.285714,4.000000,5.000000,5.000000;5.000000;4.000000;4.000000;4.000000;4.000000;4.000000,12,0.869565,1,5.000000;5.000000;5.000000;5.000000;5.000000;5.000000,nan;nan;nan;nan;nan;1.622537,5.000000;5.000000;5.000000;5.000000;5.000000;5.000000,356,23312,215,18892,0,0,0,0,0,0,0,0,0,0,0,0,0,0,0,0,0,0,0,0,0,0,0,0,graph_0004__pathPersistency_0.7500,pathPersistency,0.75,graph_0004,epoch_0003
trace,aodv,0.596068,0.595991,2662,3091,105,1218,1886,0.133333,0.009616,63.287766,360,48,17,56,0,814,0.266667,1218,58154,25.375000,1211.541667,0.500000,4.285714,4.000000,5.000000,5.000000;5.000000;4.000000;4.000000;4.000000;4.000000;4.000000,12,0.869565,1,5.000000;5.000000;5.000000;5.000000;5.000000;5.000000,nan;nan;3.097008;1.118444;nan;nan,5.000000;5.000000;5.000000;5.000000;5.000000;5.000000,0,0,0,0,0,0,0,0,0,0,750,36000,170,8840,156,7488,127,5376,15,450,0,0,0,0,0,0,0,0,graph_0004__pathPersistency_0.7500,pathPersistency,0.75,graph_0004,epoch_0003
trace,static,0.267659,0.267546,1135,939,105,0,0,0.455556,0.022874,72.644133,360,164,0,0,0,172,0.911111,0,0,0.000000,0.000000,0.500000,4.285714,4.000000,5.000000,5.000000;5.000000;4.000000;4.000000;4.000000;4.000000;4.000000,12,0.869565,1,5.000000;5.000000;5.000000;5.000000;5.000000;5.000000,0.118257;0.163064;0.138958;0.121247;0.123457;0.144201,5.000000;5.000000;5.000000;5.000000;5.000000;5.000000,0,0,0,0,0,0,0,0,0,0,0,0,0,0,0,0,0,0,0,0,0,0,0,0,0,0,0,0,graph_0004__pathPersistency_0.7500,pathPersistency,0.75,graph_0004,epoch_0003
trace,olsr,0.550773,0.550734,1912,2276,105,582,1069,0.233333,0.011718,74.389555,360,84,0,0,0,525,0.466667,582,42312,6.928571,503.714286,0.500000,4.285714,4.000000,5.000000,5.000000;5.000000;4.000000;4.000000;4.000000;4.000000;4.000000,12,0.869565,1,5.000000;5.000000;5.000000;5.000000;5.000000;5.000000,nan;nan;nan;nan;0.123457;1.290229,5.000000;5.000000;5.000000;5.000000;5.000000;5.000000,356,23176,208,18128,0,0,0,0,18,1008,0,0,0,0,0,0,0,0,0,0,0,0,0,0,0,0,0,0,graph_0004__pathPersistency_0.7500,pathPersistency,0.75,graph_0004,epoch_0004
trace,aodv,0.682636,0.682608,2762,3427,105,1274,1999,0.572222,0.029047,77.059455,360,206,38,56,0,760,1.144444,1274,60700,6.184466,294.660194,0.500000,4.285714,4.000000,5.000000,5.000000;5.000000;4.000000;4.000000;4.000000;4.000000;4.000000,12,0.869565,1,5.000000;5.000000;5.000000;5.000000;5.000000;5.000000,1.444630;nan;0.442346;1.112138;0.123457;0.500429,5.000000;5.000000;5.000000;5.000000;5.000000;5.000000,0,0,0,0,0,0,0,0,0,0,717,34416,213,11076,170,8160,157,6512,16,480,1,56,0,0,0,0,0,0,graph_0004__pathPersistency_0.7500,pathPersistency,0.75,graph_0004,epoch_0004
trace,static,0.274453,0.274442,1135,939,105,0,0,0.455556,0.022877,72.644089,360,164,0,0,0,172,0.911111,0,0,0.000000,0.000000,0.500000,4.285714,4.000000,5.000000,5.000000;5.000000;4.000000;4.000000;4.000000;4.000000;4.000000,12,0.869565,1,5.000000;5.000000;5.000000;5.000000;5.000000;5.000000,0.118217;0.157004;0.130332;0.121247;0.123457;0.144201,5.000000;5.000000;5.000000;5.000000;5.000000;5.000000,0,0,0,0,0,0,0,0,0,0,0,0,0,0,0,0,0,0,0,0,0,0,0,0,0,0,0,0,graph_0004__pathPersistency_0.7500,pathPersistency,0.75,graph_0004,epoch_0004
trace,olsr,0.330185,0.329839,1091,1454,105,572,1050,0.108333,0.005761,56.901273,360,39,1,0,0,279,0.216667,572,42132,14.666667,1080.307692,0.500000,4.285714,4.000000,5.000000,5.000000;5.000000;4.000000;4.000000;4.000000;4.000000;4.000000,12,0.869565,1,5.000000;5.000000;5.000000;5.000000;5.000000;5.000000,nan;nan;nan;nan;nan;nan,5.000000;5.000000;5.000000;5.000000;5.000000;5.000000,354,23024,218,19108,0,0,0,0,0,0,0,0,0,0,0,0,0,0,0,0,0,0,0,0,0,0,0,0,graph_0004__pathPersistency_0.7500,pathPersistency,0.75,graph_0004,epoch_0005
trace,aodv,0.692267,0.691385,2805,3478,105,1197,1915,0.644444,0.032712,77.757939,360,232,27,56,0,702,1.288889,1197,57098,5.159483,246.112069,0.500000,4.285714,4.000000,5.000000,5.000000;5.000000;4.000000;4.000000;4.000000;4.000000;4.000000,12,0.869565,1,5.000000;5.000000;5.000000;5.000000;5.000000;5.000000,1.262955;nan;1.905939;1.430962;0.661528;0.178189,5.000000;5.000000;5.000000;5.000000;5.000000;5.000000,0,0,0,0,0,0,0,0,0,0,733,35184,180,9360,138,6624,135,5600,11,330,0,0,0,0,0,0,0,0,graph_0004__pathPersistency_0.7500,pathPersistency,0.75,graph_0004,epoch_0005
trace,static,0.276581,0.276346,1135,939,105,0,0,0.455556,0.022874,72.644085,360,164,0,0,0,172,0.911111,0,0,0.000000,0.000000,0.500000,4.285714,4.000000,5.000000,5.000000;5.000000;4.000000;4.000000;4.000000;4.000000;4.000000,12,0.869565,1,5.000000;5.000000;5.000000;5.000000;5.000000;5.000000,0.118177;0.161838;0.132078;0.121247;0.123457;0.144201,5.000000;5.000000;5.000000;5.000000;5.000000;5.000000,0,0,0,0,0,0,0,0,0,0,0,0,0,0,0,0,0,0,0,0,0,0,0,0,0,0,0,0,graph_0004__pathPersistency_0.7500,pathPersistency,0.75,graph_0004,epoch_0005
trace,olsr,0.308899,0.308896,1128,1515,105,566,1068,0.091667,0.041764,47.886211,360,33,5,0,0,278,0.183333,566,41588,17.151515,1260.242424,0.500000,4.285714,4.000000,5.000000,5.000000;5.000000;4.000000;4.000000;4.000000;4.000000;4.000000,12,0.869565,1,5.000000;5.000000;5.000000;5.000000;5.000000;5.000000,nan;nan;nan;nan;nan;nan,5.000000;5.000000;5.000000;5.000000;5.000000;5.000000,353,23128,213,18460,0,0,0,0,0,0,0,0,0,0,0,0,0,0,0,0,0,0,0,0,0,0,0,0,graph_0004__pathPersistency_0.7500,pathPersistency,0.75,graph_0004,epoch_0002
trace,aodv,0.710837,0.710768,2862,3529,105,1243,1972,0.622222,0.032117,78.623000,360,224,18,56,0,808,1.244444,1243,59298,5.549107,264.723214,0.500000,4.285714,4.000000,5.000000,5.000000;5.000000;4.000000;4.000000;4.000000;4.000000;4.000000,12,0.869565,1,5.000000;5.000000;5.000000;5.000000;5.000000;5.000000,1.270774;nan;0.101341;0.479779;0.000255;0.346989,5.000000;5.000000;5.000000;5.000000;5.000000;5.000000,0,0,0,0,0,0,0,0,0,0,719,34512,207,10764,148,7104,146,6072,17,510,6,336,0,0,0,0,0,0,graph_0004__pathPersistency_0.7500,pathPersistency,0.75,graph_0004,epoch_0002
trace,static,0.271220,0.271211,1135,939,105,0,0,0.455556,0.022873,72.644073,360,164,0,0,0,172,0.911111,0,0,0.000000,0.000000,0.500000,4.285714,4.000000,5.000000,5.000000;5.000000;4.000000;4.000000;4.000000;4.000000;4.000000,12,0.869565,1,5.000000;5.000000;5.000000;5.000000;5.000000;5.000000,0.119297;0.156688;0.136878;0.121247;0.123457;0.144201,5.000000;5.000000;5.000000;5.000000;5.000000;5.000000,0,0,0,0,0,0,0,0,0,0,0,0,0,0,0,0,0,0,0,0,0,0,0,0,0,0,0,0,graph_0004__pathPersistency_0.7500,pathPersistency,0.75,graph_0004,epoch_0002
trace,olsr,0.440403,0.440337,1299,1490,105,530,973,0.144444,0.008425,69.880513,360,52,42,0,0,596,0.288889,530,37472,10.192308,720.615385,0.500000,4.285714,4.000000,5.000000,5.000000;5.000000;4.000000;4.000000;4.000000;4.000000;4.000000,12,0.521739,1,5.000000;5.000000;5.000000;5.000000;5.000000;5.000000,1.252229;3.366373;nan;2.250599;3.254085;nan,5.000000;5.000000;5.000000;5.000000;5.000000;5.000000,365,23520,165,13952,0,0,0,0,0,0,0,0,0,0,0,0,0,0,0,0,0,0,0,0,0,0,0,0,graph_0005__pathPersistency_0.5000,pathPersistency,0.5,graph_0005,epoch_0001
trace,aodv,0.639654,0.639616,2648,3255,105,1338,2023,0.436111,0.021974,77.223317,360,157,13,112,0,877,0.872222,1338,64022,8.522293,407.783439,0.500000,4.285714,4.000000,5.000000,5.000000;5.000000;4.000000;4.000000;4.000000;4.000000;4.000000,12,0.521739,1,5.000000;5.000000;5.000000;5.000000;5.000000;5.000000,0.122441;2.099016;0.101057;2.661784;3.687587;2.286243,5.000000;5.000000;5.000000;5.000000;5.000000;5.000000,0,0,0,0,0,0,0,0,0,0,716,34368,231,12012,214,10272,155,6632,19,570,3,168,0,0,0,0,0,0,graph_0005__pathPersistency_0.5000,pathPersistency,0.5,graph_0005,epoch_0001
trace,static,0.268260,0.268230,1071,867,105,0,0,0.433333,0.021751,73.645478,360,156,0,0,0,270,0.866667,0,0,0.000000,0.000000,0.500000,4.285714,4.000000,5.000000,5.000000;5.000000;4.000000;4.000000;4.000000;4.000000;4.000000,12,0.521739,1,5.000000;5.000000;5.000000;5.000000;5.000000;5.000000,0.105161;0.098833;0.110033;0.130229;0.141693;0.143633,5.000000;5.000000;5.000000;5.000000;5.000000;5.000000,0,0,0,0,0,0,0,0,0,0,0,0,0,0,0,0,0,0,0,0,0,0,0,0,0,0,0,0,graph_0005__pathPersistency_0.5000,pathPersistency,0.5,graph_0005,epoch_0001
trace,olsr,0.470515,0.470456,1357,1507,105,523,951,0.175000,0.008783,75.619875,360,63,0,0,0,563,0.350000,523,36804,8.301587,584.190476,0.500000,4.285714,4.000000,5.000000,5.000000;5.000000;4.000000;4.000000;4.000000;4.000000;4.000000,12,0.521739,1,5.000000;5.000000;5.000000;5.000000;5.000000;5.000000,1.260597;3.211239;1.256629;2.414709;nan;1.315022,5.000000;5.000000;5.000000;5.000000;5.000000;5.000000,368,23720,155,13084,0,0,0,0,0,0,0,0,0,0,0,0,0,0,0,0,0,0,0,0,0,0,0,0,graph_0005__pathPersistency_0.5000,pathPersistency,0.5,graph_0005,epoch_0003
trace,aodv,0.584665,0.584534,2430,3052,105,1275,1936,0.436111,0.023686,76.219669,360,157,33,113,0,819,0.872222,1275,60810,8.121019,387.324841,0.500000,4.285714,4.000000,5.000000,5.000000;5.000000;4.000000;4.000000;4.000000;4.000000;4.000000,12,0.521739,1,5.000000;5.000000;5.000000;5.000000;5.000000;5.000000,4.647221;0.612083;0.130214;3.085443;2.530230;nan,5.000000;5.000000;5.000000;5.000000;5.000000;5.000000,0,0,0,0,0,0,0,0,0,0,743,35664,186,9672,183,8784,147,6184,15,450,1,56,0,0,0,0,0,0,graph_0005__pathPersistency_0.5000,pathPersistency,0.5,graph_0005,epoch_0003
trace,static,0.266722,0.266702,1071,867,105,0,0,0.433333,0.021748,73.645468,360,156,0,0,0,266,0.866667,0,0,0.000000,0.000000,0.500000,4.285714,4.000000,5.000000,5.000000;5.000000;4.000000;4.000000;4.000000;4.000000;4.000000,12,0.521739,1,5.000000;5.000000;5.000000;5.000000;5.000000;5.000000,0.105161;0.098833;0.110033;0.130229;0.141693;0.143633,5.000000;5.000000;5.000000;5.000000;5.000000;5.000000,0,0,0,0,0,0,0,0,0,0,0,0,0,0,0,0,0,0,0,0,0,0,0,0,0,0,0,0,graph_0005__pathPersistency_0.5000,pathPersistency,0.5,graph_0005,epoch_0003
trace,olsr,0.451599,0.451475,1336,1531,105,529,958,0.177778,0.009619,71.076387,360,64,21,0,0,629,0.355556,529,37304,8.265625,582.875000,0.500000,4.285714,4.000000,5.000000,5.000000;5.000000;4.000000;4.000000;4.000000;4.000000;4.000000,12,0.521739,1,5.000000;5.000000;5.000000;5.000000;5.000000;5.000000,1.251189;3.211239;1.256629;3.242885;3.745605;nan,5.000000;5.000000;5.000000;5.000000;5.000000;5.000000,366,23552,163,13752,0,0,0,0,0,0,0,0,0,0,0,0,0,0,0,0,0,0,0,0,0,0,0,0,graph_0005__pathPersistency_0.5000,pathPersistency,0.5,graph_0005,epoch_0004
trace,aodv,0.675448,0.675415,2702,3286,105,1360,1990,0.450000,0.026359,72.048117,360,162,49,56,0,1021,0.900000,1360,64478,8.395062,398.012346,0.500000,4.285714,4.000000,5.000000,5.000000;5.000000;4.000000;4.000000;4.000000;4.000000;4.000000,12,0.521739,1,5.000000;5.000000;5.000000;5.000000;5.000000;5.000000,0.136569;0.104541;0.112384;3.081807;2.520713;nan,5.000000;5.000000;5.000000;5.000000;5.000000;5.000000,0,0,0,0,0,0,0,0,0,0,733,35184,195,10140,210,10080,202,8448,19,570,1,56,0,0,0,0,0,0,graph_0005__pathPersistency_0.5000,pathPersistency,0.5,graph_0005,epoch_0004
trace,static,0.267181,0.267160,1072,869,105,0,0,0.436111,0.021885,73.467603,360,157,0,0,0,267,0.872222,0,0,0.000000,0.000000,0.500000,4.285714,4.000000,5.000000,5.000000;5.000000;4.000000;4.000000;4.000000;4.000000;4.000000,12,0.521739,1,5.000000;5.000000;5.000000;5.000000;5.000000;5.000000,0.105161;0.098833;0.110033;0.130229;0.141693;0.143633,5.000000;5.000000;5.000000;5.000000;5.000000;5.000000,0,0,0,0,0,0,0,0,0,0,0,0,0,0,0,0,0,0,0,0,0,0,0,0,0,0,0,0,graph_0005__pathPersistency_0.5000,pathPersistency,0.5,graph_0005,epoch_0004
trace,olsr,0.479540,0.479512,1411,1582,105,531,969,0.197222,0.010672,71.797786,360,71,2,0,0,651,0.394444,531,37328,7.478873,525.746479,0.500000,4.285714,4.000000,5.000000,5.000000;5.000000;4.000000;4.000000;4.000000;4.000000;4.000000,12,0.521739,1,5.000000;5.000000;5.000000;5.000000;5.000000;5.000000,1.251189;3.211239;1.256629;2.614566;nan;nan,5.000000;5.000000;5.000000;5.000000;5.000000;5.000000,369,23760,162,13568,0,0,0,0,0,0,0,0,0,0,0,0,0,0,0,0,0,0,0,0,0,0,0,0,graph_0005__pathPersistency_0.5000,pathPersistency,0.5,graph_0005,epoch_0005
trace,aodv,0.587490,0.587440,2423,2969,105,1196,1790,0.533333,0.026876,79.488208,360,192,7,113,0,844,1.066667,1196,57148,6.229167,297.645833,0.500000,4.285714,4.000000,5.000000,5.000000;5.000000;4.000000;4.000000;4.000000;4.000000;4.000000,12,0.521739,1,5.000000;5.000000;5.000000;5.000000;5.000000;5.000000,nan;0.272445;0.120624;3.083907;2.556696;0.174573,5.000000;5.000000;5.000000;5.000000;5.000000;5.000000,0,0,0,0,0,0,0,0,0,0,747,35856,163,8476,146,7008,123,5272,16,480,1,56,0,0,0,0,0,0,graph_0005__pathPersistency_0.5000,pathPersistency,0.5,graph_0005,epoch_0005
trace,static,0.264334,0.264288,1072,869,105,0,0,0.436111,0.021888,73.467681,360,157,0,0,0,270,0.872222,0,0,0.000000,0.000000,0.500000,4.285714,4.000000,5.000000,5.000000;5.000000;4.000000;4.000000;4.000000;4.000000;4.000000,12,0.521739,1,5.000000;5.000000;5.000000;5.000000;5.000000;5.000000,0.105161;0.098833;0.110033;0.130229;0.141693;0.143633,5.000000;5.000000;5.000000;5.000000;5.000000;5.000000,0,0,0,0,0,0,0,0,0,0,0,0,0,0,0,0,0,0,0,0,0,0,0,0,0,0,0,0,graph_0005__pathPersistency_0.5000,pathPersistency,0.5,graph_0005,epoch_0005
trace,olsr,0.303159,0.303102,1112,1274,105,526,952,0.105556,0.005712,71.150282,360,38,0,0,0,373,0.211111,526,36880,13.842105,970.526316,0.500000,4.285714,4.000000,5.000000,5.000000;5.000000;4.000000;4.000000;4.000000;4.000000;4.000000,12,0.521739,1,5.000000;5.000000;5.000000;5.000000;5.000000;5.000000,1.251189;3.211239;1.739373;nan;3.736629;nan,5.000000;5.000000;5.000000;5.000000;5.000000;5.000000,366,23544,160,13336,0,0,0,0,0,0,0,0,0,0,0,0,0,0,0,0,0,0,0,0,0,0,0,0,graph_0005__pathPersistency_0.5000,pathPersistency,0.5,graph_0005,epoch_0002
trace,aodv,0.612302,0.612132,2531,3158,105,1250,1931,0.500000,0.025195,79.637429,360,180,14,112,0,791,1.000000,1250,59748,6.944444,331.933333,0.500000,4.285714,4.000000,5.000000,5.000000;5.000000;4.000000;4.000000;4.000000;4.000000;4.000000,12,0.521739,1,5.000000;5.000000;5.000000;5.000000;5.000000;5.000000,0.469833;2.082168;0.101057;2.675168;2.515712;0.341577,5.000000;5.000000;5.000000;5.000000;5.000000;5.000000,0,0,0,0,0,0,0,0,0,0,735,35280,188,9776,172,8256,129,5552,22,660,4,224,0,0,0,0,0,0,graph_0005__pathPersistency_0.5000,pathPersistency,0.5,graph_0005,epoch_0002
trace,static,0.264842,0.264826,1071,867,105,0,0,0.433333,0.021749,73.645413,360,156,0,0,0,268,0.866667,0,0,0.000000,0.000000,0.500000,4.285714,4.000000,5.000000,5.000000;5.000000;4.000000;4.000000;4.000000;4.000000;4.000000,12,0.521739,1,5.000000;5.000000;5.000000;5.000000;5.000000;5.000000,0.105161;0.098833;0.110033;0.130229;0.141693;0.143633,5.000000;5.000000;5.000000;5.000000;5.000000;5.000000,0,0,0,0,0,0,0,0,0,0,0,0,0,0,0,0,0,0,0,0,0,0,0,0,0,0,0,0,graph_0005__pathPersistency_0.5000,pathPersistency,0.5,graph_0005,epoch_0002
trace,olsr,0.465473,0.465434,1410,1769,105,561,1142,0.216667,0.010907,63.975780,360,78,8,0,0,515,0.433333,561,40584,7.192308,520.307692,0.500000,4.285714,4.000000,5.000000,5.000000;5.000000;4.000000;4.000000;4.000000;4.000000;4.000000,12,0.608696,1,5.000000;5.000000;5.000000;5.000000;5.000000;5.000000,0.095333;nan;3.231685;1.276805;nan;2.273269,5.000000;5.000000;5.000000;5.000000;5.000000;5.000000,362,24004,199,16580,0,0,0,0,0,0,0,0,0,0,0,0,0,0,0,0,0,0,0,0,0,0,0,0,graph_0003__pathPersistency_0.5000,pathPersistency,0.5,graph_0003,epoch_0001
trace,aodv,0.623160,0.623118,2547,3302,105,1240,2031,0.541667,0.027647,68.625478,360,195,17,112,0,794,1.083333,1240,58968,6.358974,302.400000,0.500000,4.285714,4.000000,5.000000,5.000000;5.000000;4.000000;4.000000;4.000000;4.000000;4.000000,12,0.608696,1,5.000000;5.000000;5.000000;5.000000;5.000000;5.000000,0.095333;0.089857;nan;0.000440;nan;0.188381,5.000000;5.000000;5.000000;5.000000;5.000000;5.000000,0,0,0,0,0,0,0,0,0,0,762,36576,160,8320,147,7056,149,6304,20,600,2,112,0,0,0,0,0,0,graph_0003__pathPersistency_0.5000,pathPersistency,0.5,graph_0003,epoch_0001
trace,static,0.262982,0.262971,1050,844,105,0,0,0.427778,0.021595,72.429658,360,154,0,0,0,234,0.855556,0,0,0.000000,0.000000,0.500000,4.285714,4.000000,5.000000,5.000000;5.000000;4.000000;4.000000;4.000000;4.000000;4.000000,12,0.608696,1,5.000000;5.000000;5.000000;5.000000;5.000000;5.000000,0.113015;0.098833;0.119300;0.130209;0.132149;0.153177,5.000000;5.000000;5.000000;5.000000;5.000000;5.000000,0,0,0,0,0,0,0,0,0,0,0,0,0,0,0,0,0,0,0,0,0,0,0,0,0,0,0,0,graph_0003__pathPersistency_0.5000,pathPersistency,0.5,graph_0003,epoch_0001
trace,olsr,0.430416,0.430012,1339,1701,105,550,1103,0.202778,0.010208,63.308704,360,73,7,0,0,489,0.405556,550,40144,7.534247,549.917808,0.500000,4.285714,4.000000,5.000000,5.000000;5.000000;4.000000;4.000000;4.000000;4.000000;4.000000,12,0.608696,1,5.000000;5.000000;5.000000;5.000000;5.000000;5.000000,0.268433;nan;3.419408;1.219171;nan;2.281975,5.000000;5.000000;5.000000;5.000000;5.000000;5.000000,359,23776,191,16368,0,0,0,0,0,0,0,0,0,0,0,0,0,0,0,0,0,0,0,0,0,0,0,0,graph_0003__pathPersistency_0.5000,pathPersistency,0.5,graph_0003,epoch_0003
trace,aodv,0.612389,0.611568,2509,3256,105,1304,2122,0.444444,0.023138,70.040079,360,160,19,112,0,888,0.888889,1304,62376,8.150000,389.850000,0.500000,4.285714,4.000000,5.000000,5.000000;5.000000;4.000000;4.000000;4.000000;4.000000;4.000000,12,0.608696,1,5.000000;5.000000;5.000000;5.000000;5.000000;5.000000,0.095333;0.413251;nan;0.112257;nan;2.619204,5.000000;5.000000;5.000000;5.000000;5.000000;5.000000,0,0,0,0,0,0,0,0,0,0,739,35472,217,11284,163,7824,153,6680,26,780,6,336,0,0,0,0,0,0,graph_0003__pathPersistency_0.5000,pathPersistency,0.5,graph_0003,epoch_0003
trace,static,0.263947,0.263591,1052,846,105,0,0,0.427778,0.021595,72.429732,360,154,0,0,0,235,0.855556,0,0,0.000000,0.000000,0.500000,4.285714,4.000000,5.000000,5.000000;5.000000;4.000000;4.000000;4.000000;4.000000;4.000000,12,0.608696,1,5.000000;5.000000;5.000000;5.000000;5.000000;5.000000,0.113015;0.098833;0.112180;0.130209;0.132149;0.153177,5.000000;5.000000;5.000000;5.000000;5.000000;5.000000,0,0,0,0,0,0,0,0,0,0,0,0,0,0,0,0,0,0,0,0,0,0,0,0,0,0,0,0,graph_0003__pathPersistency_0.5000,pathPersistency,0.5,graph_0003,epoch_0003
trace,olsr,0.416152,0.416060,1299,1680,105,546,1108,0.225000,0.011360,61.618685,360,81,13,0,0,505,0.450000,546,39912,6.740741,492.740741,0.500000,4.285714,4.000000,5.000000,5.000000;5.000000;4.000000;4.000000;4.000000;4.000000;4.000000,12,0.608696,1,5.000000;5.000000;5.000000;5.000000;5.000000;5.000000,0.095333;0.753909;3.231685;1.276805;nan;2.281975,5.000000;5.000000;5.000000;5.000000;5.000000;5.000000,359,23776,187,16136,0,0,0,0,0,0,0,0,0,0,0,0,0,0,0,0,0,0,0,0,0,0,0,0,graph_0003__pathPersistency_0.5000,pathPersistency,0.5,graph_0003,epoch_0004
trace,aodv,0.571345,0.571297,2396,3080,105,1240,1969,0.469444,0.025209,66.330510,360,169,15,112,0,901,0.938889,1240,59170,7.337278,350.118343,0.500000,4.285714,4.000000,5.000000,5.000000;5.000000;4.000000;4.000000;4.000000;4.000000;4.000000,12,0.608696,1,5.000000;5.000000;5.000000;5.000000;5.000000;5.000000,0.097149;0.089857;nan;0.112257;nan;nan,5.000000;5.000000;5.000000;5.000000;5.000000;5.000000,0,0,0,0,0,0,0,0,0,0,762,36576,169,8788,150,7200,129,5576,25,750,5,280,0,0,0,0,0,0,graph_0003__pathPersistency_0.5000,pathPersistency,0.5,graph_0003,epoch_0004
trace,static,0.261887,0.261829,1049,844,105,0,0,0.430556,0.021738,72.444851,360,155,0,0,0,235,0.861111,0,0,0.000000,0.000000,0.500000,4.285714,4.000000,5.000000,5.000000;5.000000;4.000000;4.000000;4.000000;4.000000;4.000000,12,0.608696,1,5.000000;5.000000;5.000000;5.000000;5.000000;5.000000,0.113015;0.098833;0.114300;0.130209;0.132149;0.153177,5.000000;5.000000;5.000000;5.000000;5.000000;5.000000,0,0,0,0,0,0,0,0,0,0,0,0,0,0,0,0,0,0,0,0,0,0,0,0,0,0,0,0,graph_0003__pathPersistency_0.5000,pathPersistency,0.5,graph_0003,epoch_0004
trace,olsr,0.478384,0.478358,1434,1745,105,545,1099,0.236111,0.011921,64.878845,360,85,12,0,0,585,0.472222,545,39636,6.411765,466.305882,0.500000,4.285714,4.000000,5.000000,5.000000;5.000000;4.000000;4.000000;4.000000;4.000000;4.000000,12,0.608696,1,5.000000;5.000000;5.000000;5.000000;5.000000;5.000000,0.095333;nan;3.231685;1.276805;1.210277;2.281975,5.000000;5.000000;5.000000;5.000000;5.000000;5.000000,362,23952,183,15684,0,0,0,0,0,0,0,0,0,0,0,0,0,0,0,0,0,0,0,0,0,0,0,0,graph_0003__pathPersistency_0.5000,pathPersistency,0.5,graph_0003,epoch_0005
trace,aodv,0.622879,0.622681,2545,3304,105,1309,2119,0.450000,0.022973,67.563832,360,162,35,112,0,903,0.900000,1309,62214,8.080247,384.037037,0.500000,4.285714,4.000000,5.000000,5.000000;5.000000;4.000000;4.000000;4.000000;4.000000;4.000000,12,0.608696,1,5.000000;5.000000;5.000000;5.000000;5.000000;5.000000,1.589860;0.089857;nan;0.112257;nan;0.350633,5.000000;5.000000;5.000000;5.000000;5.000000;5.000000,0,0,0,0,0,0,0,0,0,0,754,36192,189,9828,159,7632,178,7536,23,690,6,336,0,0,0,0,0,0,graph_0003__pathPersistency_0.5000,pathPersistency,0.5,graph_0003,epoch_0005
trace,static,0.260438,0.260431,1047,841,105,0,0,0.427778,0.021598,72.429675,360,154,0,0,0,232,0.855556,0,0,0.000000,0.000000,0.500000,4.285714,4.000000,5.000000,5.000000;5.000000;4.000000;4.000000;4.000000;4.000000;4.000000,12,0.608696,1,5.000000;5.000000;5.000000;5.000000;5.000000;5.000000,0.113015;0.098833;0.115440;0.130209;0.132149;0.153177,5.000000;5.000000;5.000000;5.000000;5.000000;5.000000,0,0,0,0,0,0,0,0,0,0,0,0,0,0,0,0,0,0,0,0,0,0,0,0,0,0,0,0,graph_0003__pathPersistency_0.5000,pathPersistency,0.5,graph_0003,epoch_0005
trace,olsr,0.411530,0.411251,1296,1674,105,547,1107,0.205556,0.010348,62.982357,360,74,6,0,0,479,0.411111,547,39620,7.391892,535.405405,0.500000,4.285714,4.000000,5.000000,5.000000;5.000000;4.000000;4.000000;4.000000;4.000000;4.000000,12,0.608696,1,5.000000;5.000000;5.000000;5.000000;5.000000;5.000000,0.268433;nan;3.231685;1.276805;nan;2.273469,5.000000;5.000000;5.000000;5.000000;5.000000;5.000000,359,23736,188,15884,0,0,0,0,0,0,0,0,0,0,0,0,0,0,0,0,0,0,0,0,0,0,0,0,graph_0003__pathPersistency_0.5000,pathPersistency,0.5,graph_0003,epoch_0002
trace,aodv,0.592614,0.592226,2457,3209,105,1215,1995,0.477778,0.024385,69.494479,360,172,48,112,0,700,0.955556,1215,57624,7.063953,335.023256,0.500000,4.285714,4.000000,5.000000,5.000000;5.000000;4.000000;4.000000;4.000000;4.000000;4.000000,12,0.608696,1,5.000000;5.000000;5.000000;5.000000;5.000000;5.000000,0.095333;nan;0.297442;0.684160;nan;0.196761,5.000000;5.000000;5.000000;5.000000;5.000000;5.000000,0,0,0,0,0,0,0,0,0,0,756,36288,153,7956,111,5328,173,7288,18,540,4,224,0,0,0,0,0,0,graph_0003__pathPersistency_0.5000,pathPersistency,0.5,graph_0003,epoch_0002
trace,static,0.263416,0.263408,1050,844,105,0,0,0.427778,0.021595,72.429626,360,154,0,0,0,235,0.855556,0,0,0.000000,0.000000,0.500000,4.285714,4.000000,5.000000,5.000000;5.000000;4.000000;4.000000;4.000000;4.000000;4.000000,12,0.608696,1,5.000000;5.000000;5.000000;5.000000;5.000000;5.000000,0.113015;0.098833;0.111444;0.130209;0.132149;0.153177,5.000000;5.000000;5.000000;5.000000;5.000000;5.000000,0,0,0,0,0,0,0,0,0,0,0,0,0,0,0,0,0,0,0,0,0,0,0,0,0,0,0,0,graph_0003__pathPersistency_0.5000,pathPersistency,0.5,graph_0003,epoch_0002
trace,olsr,0.318464,0.318130,992,1410,105,539,1093,0.122222,0.006276,72.114883,360,44,2,0,0,409,0.244444,539,39124,12.250000,889.181818,0.500000,4.285714,4.000000,5.000000,5.000000;5.000000;4.000000;4.000000;4.000000;4.000000;4.000000,12,0.000000,1,5.000000;5.000000;5.000000;5.000000;5.000000;5.000000,nan;nan;3.260954;0.111973;3.408949;0.315895,5.000000;5.000000;5.000000;5.000000;5.000000;5.000000,358,23772,181,15352,0,0,0,0,0,0,0,0,0,0,0,0,0,0,0,0,0,0,0,0,0,0,0,0,graph_0003__pathPersistency_0.0000,pathPersistency,0.0,graph_0003,epoch_0001
trace,aodv,0.680779,0.680242,2658,3443,105,1436,2275,0.397222,0.020073,72.936256,360,143,50,113,0,1109,0.794444,1436,67966,10.041958,475.286713,0.500000,4.285714,4.000000,5.000000,5.000000;5.000000;4.000000;4.000000;4.000000;4.000000;4.000000,12,0.000000,1,5.000000;5.000000;5.000000;5.000000;5.000000;5.000000,nan;0.280418;1.060624;nan;0.123457;0.349433,5.000000;5.000000;5.000000;5.000000;5.000000;5.000000,0,0,0,0,0,0,0,0,0,0,716,34368,236,12272,224,10752,221,9248,33,990,6,336,0,0,0,0,0,0,graph_0003__pathPersistency_0.0000,pathPersistency,0.0,graph_0003,epoch_0001
trace,static,0.276401,0.276384,1012,791,105,0,0,0.386111,0.019438,72.229013,360,139,0,0,0,388,0.772222,0,0,0.000000,0.000000,0.500000,4.285714,4.000000,5.000000,5.000000;5.000000;4.000000;4.000000;4.000000;4.000000;4.000000,12,0.000000,1,5.000000;5.000000;5.000000;5.000000;5.000000;5.000000,0.105161;0.099117;0.119009;0.129925;0.141409;0.144301,5.000000;5.000000;5.000000;5.000000;5.000000;5.000000,0,0,0,0,0,0,0,0,0,0,0,0,0,0,0,0,0,0,0,0,0,0,0,0,0,0,0,0,graph_0003__pathPersistency_0.0000,pathPersistency,0.0,graph_0003,epoch_0001
trace,olsr,0.279138,0.279113,909,1365,105,531,1087,0.083333,0.004279,56.685496,360,30,15,0,0,355,0.166667,531,38456,17.700000,1281.866667,0.500000,4.285714,4.000000,5.000000,5.000000;5.000000;4.000000;4.000000;4.000000;4.000000;4.000000,12,0.000000,1,5.000000;5.000000;5.000000;5.000000;5.000000;5.000000,1.259895;nan;nan;nan;3.736629;1.445093,5.000000;5.000000;5.000000;5.000000;5.000000;5.000000,363,24088,168,14368,0,0,0,0,0,0,0,0,0,0,0,0,0,0,0,0,0,0,0,0,0,0,0,0,graph_0003__pathPersistency_0.0000,pathPersistency,0.0,graph_0003,epoch_0003
trace,aodv,0.712791,0.712605,2846,3594,105,1362,2210,0.538889,0.027149,72.033061,360,194,9,57,0,1269,1.077778,1362,65048,7.020619,335.298969,0.500000,4.285714,4.000000,5.000000,5.000000;5.000000;4.000000;4.000000;4.000000;4.000000;4.000000,12,0.000000,1,5.000000;5.000000;5.000000;5.000000;5.000000;5.000000,3.490237;2.405549;0.101057;nan;0.123457;0.153229,5.000000;5.000000;5.000000;5.000000;5.000000;5.000000,0,0,0,0,0,0,0,0,0,0,700,33600,251,13052,219,10512,167,7056,22,660,3,168,0,0,0,0,0,0,graph_0003__pathPersistency_0.0000,pathPersistency,0.0,graph_0003,epoch_0003
trace,static,0.263597,0.263584,1013,792,105,0,0,0.386111,0.019492,72.020490,360,139,0,0,0,388,0.772222,0,0,0.000000,0.000000,0.500000,4.285714,4.000000,5.000000,5.000000;5.000000;4.000000;4.000000;4.000000;4.000000;4.000000,12,0.000000,1,5.000000;5.000000;5.000000;5.000000;5.000000;5.000000,0.105161;0.099117;0.119009;0.129925;0.141409;0.144301,5.000000;5.000000;5.000000;5.000000;5.000000;5.000000,0,0,0,0,0,0,0,0,0,0,0,0,0,0,0,0,0,0,0,0,0,0,0,0,0,0,0,0,graph_0003__pathPersistency_0.0000,pathPersistency,0.0,graph_0003,epoch_0003
trace,olsr,0.271990,0.271804,889,1369,105,535,1105,0.077778,0.004016,62.422208,360,28,27,0,0,360,0.155556,535,38720,19.107143,1382.857143,0.500000,4.285714,4.000000,5.000000,5.000000;5.000000;4.000000;4.000000;4.000000;4.000000;4.000000,12,0.000000,1,5.000000;5.000000;5.000000;5.000000;5.000000;5.000000,nan;nan;nan;nan;0.139452;1.299225,5.000000;5.000000;5.000000;5.000000;5.000000;5.000000,358,23764,177,14956,0,0,0,0,0,0,0,0,0,0,0,0,0,0,0,0,0,0,0,0,0,0,0,0,graph_0003__pathPersistency_0.0000,pathPersistency,0.0,graph_0003,epoch_0004
trace,aodv,0.636511,0.635883,2543,3316,105,1354,2232,0.344444,0.018553,80.043259,360,124,18,113,0,1068,0.688889,1354,64722,10.919355,521.951613,0.500000,4.285714,4.000000,5.000000,5.000000;5.000000;4.000000;4.000000;4.000000;4.000000;4.000000,12,0.000000,1,5.000000;5.000000;5.000000;5.000000;5.000000;5.000000,4.443904;0.090141;0.101057;nan;0.123457;0.302932,5.000000;5.000000;5.000000;5.000000;5.000000;5.000000,0,0,0,0,0,0,0,0,0,0,726,34848,236,12272,223,10704,146,6208,23,690,0,0,0,0,0,0,0,0,graph_0003__pathPersistency_0.0000,pathPersistency,0.0,graph_0003,epoch_0004
trace,static,0.267699,0.267467,1009,787,105,0,0,0.383333,0.019354,72.000631,360,138,0,0,0,386,0.766667,0,0,0.000000,0.000000,0.500000,4.285714,4.000000,5.000000,5.000000;5.000000;4.000000;4.000000;4.000000;4.000000;4.000000,12,0.000000,1,5.000000;5.000000;5.000000;5.000000;5.000000;5.000000,0.105161;0.099117;0.119009;0.129925;0.141409;0.144301,5.000000;5.000000;5.000000;5.000000;5.000000;5.000000,0,0,0,0,0,0,0,0,0,0,0,0,0,0,0,0,0,0,0,0,0,0,0,0,0,0,0,0,graph_0003__pathPersistency_0.0000,pathPersistency,0.0,graph_0003,epoch_0004
trace,olsr,0.294442,0.294331,977,1445,105,530,1094,0.130556,0.006704,77.187085,360,47,2,0,0,356,0.261111,530,38384,11.276596,816.680851,0.500000,4.285714,4.000000,5.000000,5.000000;5.000000;4.000000;4.000000;4.000000;4.000000;4.000000,12,0.000000,1,5.000000;5.000000;5.000000;5.000000;5.000000;5.000000,nan;nan;nan;nan;0.139332;0.242831,5.000000;5.000000;5.000000;5.000000;5.000000;5.000000,364,24144,166,14240,0,0,0,0,0,0,0,0,0,0,0,0,0,0,0,0,0,0,0,0,0,0,0,0,graph_0003__pathPersistency_0.0000,pathPersistency,0.0,graph_0003,epoch_0005
trace,aodv,0.649257,0.649224,2606,3369,105,1322,2178,0.425000,0.024904,71.896982,360,153,10,57,0,1017,0.850000,1322,63212,8.640523,413.150327,0.500000,4.285714,4.000000,5.000000,5.000000;5.000000;4.000000;4.000000;4.000000;4.000000;4.000000,12,0.000000,1,5.000000;5.000000;5.000000;5.000000;5.000000;5.000000,2.654298;1.218855;0.101057;nan;0.660916;nan,5.000000;5.000000;5.000000;5.000000;5.000000;5.000000,0,0,0,0,0,0,0,0,0,0,719,34512,224,11648,209,10032,152,6480,18,540,0,0,0,0,0,0,0,0,graph_0003__pathPersistency_0.0000,pathPersistency,0.0,graph_0003,epoch_0005
trace,static,0.263543,0.263537,1012,791,105,0,0,0.386111,0.019439,72.229029,360,139,0,0,0,386,0.772222,0,0,0.000000,0.000000,0.500000,4.285714,4.000000,5.000000,5.000000;5.000000;4.000000;4.000000;4.000000;4.000000;4.000000,12,0.000000,1,5.000000;5.000000;5.000000;5.000000;5.000000;5.000000,0.105161;0.099117;0.119009;0.129925;0.141409;0.144301,5.000000;5.000000;5.000000;5.000000;5.000000;5.000000,0,0,0,0,0,0,0,0,0,0,0,0,0,0,0,0,0,0,0,0,0,0,0,0,0,0,0,0,graph_0003__pathPersistency_0.0000,pathPersistency,0.0,graph_0003,epoch_0005
trace,olsr,0.337551,0.337536,1039,1457,105,536,1090,0.119444,0.006133,62.415500,360,43,8,0,0,465,0.238889,536,38820,12.465116,902.790698,0.500000,4.285714,4.000000,5.000000,5.000000;5.000000;4.000000;4.000000;4.000000;4.000000;4.000000,12,0.000000,1,5.000000;5.000000;5.000000;5.000000;5.000000;5.000000,1.270918;1.254405;nan;nan;nan;0.219095,5.000000;5.000000;5.000000;5.000000;5.000000;5.000000,362,24024,174,14796,0,0,0,0,0,0,0,0,0,0,0,0,0,0,0,0,0,0,0,0,0,0,0,0,graph_0003__pathPersistency_0.0000,pathPersistency,0.0,graph_0003,epoch_0002
trace,aodv,0.712812,0.712664,2791,3568,105,1369,2228,0.536111,0.028115,76.558489,360,193,17,56,0,1066,1.072222,1369,65244,7.093264,338.051813,0.500000,4.285714,4.000000,5.000000,5.000000;5.000000;4.000000;4.000000;4.000000;4.000000;4.000000,12,0.000000,1,5.000000;5.000000;5.000000;5.000000;5.000000;5.000000,4.460128;0.292816;3.402777;1.527713;0.668617;0.011181,5.000000;5.000000;5.000000;5.000000;5.000000;5.000000,0,0,0,0,0,0,0,0,0,0,719,34512,241,12532,208,9984,171,7264,28,840,2,112,0,0,0,0,0,0,graph_0003__pathPersistency_0.0000,pathPersistency,0.0,graph_0003,epoch_0002
trace,static,0.266780,0.266764,1009,787,105,0,0,0.383333,0.019351,72.210600,360,138,0,0,0,385,0.766667,0,0,0.000000,0.000000,0.500000,4.285714,4.000000,5.000000,5.000000;5.000000;4.000000;4.000000;4.000000;4.000000;4.000000,12,0.000000,1,5.000000;5.000000;5.000000;5.000000;5.000000;5.000000,0.105161;0.099117;0.119009;0.129925;0.141409;0.144301,5.000000;5.000000;5.000000;5.000000;5.000000;5.000000,0,0,0,0,0,0,0,0,0,0,0,0,0,0,0,0,0,0,0,0,0,0,0,0,0,0,0,0,graph_0003__pathPersistency_0.0000,pathPersistency,0.0,graph_0003,epoch_0002
trace,olsr,0.449857,0.449837,1356,1502,105,536,957,0.147222,0.008423,62.898949,360,53,11,0,0,525,0.294444,536,38148,10.113208,719.773585,0.500000,4.285714,4.000000,5.000000,5.000000;5.000000;4.000000;4.000000;4.000000;4.000000;4.000000,12,1.000000,1,5.000000;5.000000;5.000000;5.000000;5.000000;5.000000,nan;nan;3.468001;nan;nan;nan,5.000000;5.000000;5.000000;5.000000;5.000000;5.000000,364,23360,172,14788,0,0,0,0,0,0,0,0,0,0,0,0,0,0,0,0,0,0,0,0,0,0,0,0,graph_0005__pathPersistency_1.0000,pathPersistency,1.0,graph_0005,epoch_0001
trace,aodv,0.572263,0.572207,2411,2930,105,1147,1738,0.472222,0.023793,80.531240,360,170,6,112,0,637,0.944444,1147,54988,6.747059,323.458824,0.500000,4.285714,4.000000,5.000000,5.000000;5.000000;4.000000;4.000000;4.000000;4.000000;4.000000,12,1.000000,1,5.000000;5.000000;5.000000;5.000000;5.000000;5.000000,nan;0.115258;nan;3.733543;0.123457;1.656770,5.000000;5.000000;5.000000;5.000000;5.000000;5.000000,0,0,0,0,0,0,0,0,0,0,761,36528,158,8216,128,6144,85,3624,14,420,1,56,0,0,0,0,0,0,graph_0005__pathPersistency_1.0000,pathPersistency,1.0,graph_0005,epoch_0001
trace,static,0.260062,0.260048,1081,889,105,0,0,0.466667,0.023424,73.107767,360,168,0,0,0,109,0.933333,0,0,0.000000,0.000000,0.500000,4.285714,4.000000,5.000000,5.000000;5.000000;4.000000;4.000000;4.000000;4.000000;4.000000,12,1.000000,1,5.000000;5.000000;5.000000;5.000000;5.000000;5.000000,0.186698;0.099117;0.110033;0.145876;0.132163;0.151653,5.000000;5.000000;5.000000;5.000000;5.000000;5.000000,0,0,0,0,0,0,0,0,0,0,0,0,0,0,0,0,0,0,0,0,0,0,0,0,0,0,0,0,graph_0005__pathPersistency_1.0000,pathPersistency,1.0,graph_0005,epoch_0001
trace,olsr,0.674716,0.674640,2089,2225,105,541,936,0.144444,0.008263,63.317335,360,52,3,0,0,694,0.288889,541,38256,10.403846,735.692308,0.500000,4.285714,4.000000,5.000000,5.000000;5.000000;4.000000;4.000000;4.000000;4.000000;4.000000,12,1.000000,1,5.000000;5.000000;5.000000;5.000000;5.000000;5.000000,nan;nan;nan;2.259845;nan;nan,5.000000;5.000000;5.000000;5.000000;5.000000;5.000000,365,23476,164,14108,0,0,0,0,12,672,0,0,0,0,0,0,0,0,0,0,0,0,0,0,0,0,0,0,graph_0005__pathPersistency_1.0000,pathPersistency,1.0,graph_0005,epoch_0003
trace,aodv,0.448780,0.448745,2111,2533,105,1097,1709,0.286111,0.016758,74.830565,360,103,11,56,0,369,0.572222,1097,52564,10.650485,510.330097,0.500000,4.285714,4.000000,5.000000,5.000000;5.000000;4.000000;4.000000;4.000000;4.000000;4.000000,12,1.000000,1,5.000000;5.000000;5.000000;5.000000;5.000000;5.000000,nan;nan;0.599724;nan;0.123457;nan,5.000000;5.000000;5.000000;5.000000;5.000000;5.000000,0,0,0,0,0,0,0,0,0,0,767,36816,134,6968,101,4848,80,3456,14,420,1,56,0,0,0,0,0,0,graph_0005__pathPersistency_1.0000,pathPersistency,1.0,graph_0005,epoch_0003
trace,static,0.254656,0.254517,1081,889,105,0,0,0.466667,0.023421,73.107743,360,168,0,0,0,109,0.933333,0,0,0.000000,0.000000,0.500000,4.285714,4.000000,5.000000,5.000000;5.000000;4.000000;4.000000;4.000000;4.000000;4.000000,12,1.000000,1,5.000000;5.000000;5.000000;5.000000;5.000000;5.000000,0.181418;0.099117;0.110033;0.150872;0.132163;0.155793,5.000000;5.000000;5.000000;5.000000;5.000000;5.000000,0,0,0,0,0,0,0,0,0,0,0,0,0,0,0,0,0,0,0,0,0,0,0,0,0,0,0,0,graph_0005__pathPersistency_1.0000,pathPersistency,1.0,graph_0005,epoch_0003
trace,olsr,0.376798,0.376536,1217,1423,105,525,920,0.152778,0.011102,62.586553,360,55,45,0,0,473,0.305556,525,37424,9.545455,680.436364,0.500000,4.285714,4.000000,5.000000,5.000000;5.000000;4.000000;4.000000;4.000000;4.000000;4.000000,12,1.000000,1,5.000000;5.000000;5.000000;5.000000;5.000000;5.000000,nan;nan;nan;2.259845;nan;nan,5.000000;5.000000;5.000000;5.000000;5.000000;5.000000,365,23484,160,13940,0,0,0,0,0,0,0,0,0,0,0,0,0,0,0,0,0,0,0,0,0,0,0,0,graph_0005__pathPersistency_1.0000,pathPersistency,1.0,graph_0005,epoch_0004
trace,aodv,0.575759,0.574989,2451,3015,105,1164,1769,0.558333,0.028128,80.971101,360,201,6,112,0,612,1.116667,1164,55778,5.791045,277.502488,0.500000,4.285714,4.000000,5.000000,5.000000;5.000000;4.000000;4.000000;4.000000;4.000000;4.000000,12,1.000000,1,5.000000;5.000000;5.000000;5.000000;5.000000;5.000000,nan;0.128933;nan;0.708380;0.123457;1.480162,5.000000;5.000000;5.000000;5.000000;5.000000;5.000000,0,0,0,0,0,0,0,0,0,0,762,36576,166,8632,113,5424,102,4464,19,570,2,112,0,0,0,0,0,0,graph_0005__pathPersistency_1.0000,pathPersistency,1.0,graph_0005,epoch_0004
trace,static,0.256298,0.256012,1081,889,105,0,0,0.466667,0.023418,73.107715,360,168,0,0,0,109,0.933333,0,0,0.000000,0.000000,0.500000,4.285714,4.000000,5.000000,5.000000;5.000000;4.000000;4.000000;4.000000;4.000000;4.000000,12,1.000000,1,5.000000;5.000000;5.000000;5.000000;5.000000;5.000000,0.179798;0.099117;0.110033;0.151812;0.132163;0.157793,5.000000;5.000000;5.000000;5.000000;5.000000;5.000000,0,0,0,0,0,0,0,0,0,0,0,0,0,0,0,0,0,0,0,0,0,0,0,0,0,0,0,0,graph_0005__pathPersistency_1.0000,pathPersistency,1.0,graph_0005,epoch_0004
trace,olsr,0.401147,0.401119,1278,1474,105,531,939,0.155556,0.009252,64.201658,360,56,7,0,0,422,0.311111,531,37592,9.482143,671.285714,0.500000,4.285714,4.000000,5.000000,5.000000;5.000000;4.000000;4.000000;4.000000;4.000000;4.000000,12,1.000000,1,5.000000;5.000000;5.000000;5.000000;5.000000;5.000000,nan;nan;3.456889;2.575220;2.262069;nan,5.000000;5.000000;5.000000;5.000000;5.000000;5.000000,367,23604,164,13988,0,0,0,0,0,0,0,0,0,0,0,0,0,0,0,0,0,0,0,0,0,0,0,0,graph_0005__pathPersistency_1.0000,pathPersistency,1.0,graph_0005,epoch_0005
trace,aodv,0.661425,0.661372,2727,3310,105,1226,1842,0.677778,0.034155,78.409876,360,244,27,56,0,681,1.355556,1226,58430,5.024590,239.467213,0.500000,4.285714,4.000000,5.000000,5.000000;5.000000;4.000000;4.000000;4.000000;4.000000;4.000000,12,1.000000,1,5.000000;5.000000;5.000000;5.000000;5.000000;5.000000,nan;0.128288;1.541492;0.112257;0.123457;0.000663,5.000000;5.000000;5.000000;5.000000;5.000000;5.000000,0,0,0,0,0,0,0,0,0,0,760,36480,173,8996,141,6768,137,5736,15,450,0,0,0,0,0,0,0,0,graph_0005__pathPersistency_1.0000,pathPersistency,1.0,graph_0005,epoch_0005
trace,static,0.253890,0.253872,1081,889,105,0,0,0.466667,0.023421,73.107707,360,168,0,0,0,109,0.933333,0,0,0.000000,0.000000,0.500000,4.285714,4.000000,5.000000,5.000000;5.000000;4.000000;4.000000;4.000000;4.000000;4.000000,12,1.000000,1,5.000000;5.000000;5.000000;5.000000;5.000000;5.000000,0.177242;0.099117;0.110033;0.144876;0.132163;0.158713,5.000000;5.000000;5.000000;5.000000;5.000000;5.000000,0,0,0,0,0,0,0,0,0,0,0,0,0,0,0,0,0,0,0,0,0,0,0,0,0,0,0,0,graph_0005__pathPersistency_1.0000,pathPersistency,1.0,graph_0005,epoch_0005
trace,olsr,0.411643,0.411229,1270,1438,105,533,926,0.150000,0.009519,63.759980,360,54,11,0,0,423,0.300000,533,37760,9.870370,699.259259,0.500000,4.285714,4.000000,5.000000,5.000000;5.000000;4.000000;4.000000;4.000000;4.000000;4.000000,12,1.000000,1,5.000000;5.000000;5.000000;5.000000;5.000000;5.000000,nan;nan;nan;nan;nan;nan,5.000000;5.000000;5.000000;5.000000;5.000000;5.000000,363,23304,170,14456,0,0,0,0,0,0,0,0,0,0,0,0,0,0,0,0,0,0,0,0,0,0,0,0,graph_0005__pathPersistency_1.0000,pathPersistency,1.0,graph_0005,epoch_0002
trace,aodv,0.568351,0.567696,2406,3003,105,1182,1822,0.538889,0.027155,80.112358,360,194,11,112,0,507,1.077778,1182,56580,6.092784,291.649485,0.500000,4.285714,4.000000,5.000000,5.000000;5.000000;4.000000;4.000000;4.000000;4.000000;4.000000,12,1.000000,1,5.000000;5.000000;5.000000;5.000000;5.000000;5.000000,nan;0.131789;nan;3.422028;0.123457;0.134941,5.000000;5.000000;5.000000;5.000000;5.000000;5.000000,0,0,0,0,0,0,0,0,0,0,755,36240,168,8736,131,6288,109,4720,18,540,1,56,0,0,0,0,0,0,graph_0005__pathPersistency_1.0000,pathPersistency,1.0,graph_0005,epoch_0002
trace,static,0.258427,0.258190,1081,889,105,0,0,0.466667,0.023422,73.107744,360,168,0,0,0,109,0.933333,0,0,0.000000,0.000000,0.500000,4.285714,4.000000,5.000000,5.000000;5.000000;4.000000;4.000000;4.000000;4.000000;4.000000,12,1.000000,1,5.000000;5.000000;5.000000;5.000000;5.000000;5.000000,0.183152;0.099117;0.110033;0.147752;0.132163;0.153573,5.000000;5.000000;5.000000;5.000000;5.000000;5.000000,0,0,0,0,0,0,0,0,0,0,0,0,0,0,0,0,0,0,0,0,0,0,0,0,0,0,0,0,graph_0005__pathPersistency_1.0000,pathPersistency,1.0,graph_0005,epoch_0002
trace,olsr,0.390999,0.390975,1165,1382,105,516,936,0.144444,0.009789,70.440380,360,52,7,0,0,570,0.288889,516,36368,9.923077,699.384615,0.500000,4.285714,4.000000,5.000000,5.000000;5.000000;4.000000;4.000000;4.000000;4.000000;4.000000,12,0.130435,1,5.000000;5.000000;5.000000;5.000000;5.000000;5.000000,1.250919;0.262119;0.273589;3.242885;nan;nan,5.000000;5.000000;5.000000;5.000000;5.000000;5.000000,364,23416,152,12952,0,0,0,0,0,0,0,0,0,0,0,0,0,0,0,0,0,0,0,0,0,0,0,0,graph_0005__pathPersistency_0.0000,pathPersistency,0.0,graph_0005,epoch_0001
trace,aodv,0.728010,0.727849,2888,3432,105,1311,1940,0.552778,0.032385,72.792290,360,199,27,0,0,1241,1.105556,1311,62446,6.587940,313.798995,0.500000,4.285714,4.000000,5.000000,5.000000;5.000000;4.000000;4.000000;4.000000;4.000000;4.000000,12,0.130435,1,5.000000;5.000000;5.000000;5.000000;5.000000;5.000000,0.096185;0.089857;0.294952;1.808102;0.530455;nan,5.000000;5.000000;5.000000;5.000000;5.000000;5.000000,0,0,0,0,0,0,0,0,0,0,728,34944,197,10244,190,9120,175,7456,19,570,2,112,0,0,0,0,0,0,graph_0005__pathPersistency_0.0000,pathPersistency,0.0,graph_0005,epoch_0001
trace,static,0.272612,0.272595,1045,825,105,0,0,0.388889,0.019629,72.864838,360,140,0,0,0,337,0.777778,0,0,0.000000,0.000000,0.500000,4.285714,4.000000,5.000000,5.000000;5.000000;4.000000;4.000000;4.000000;4.000000;4.000000,12,0.130435,1,5.000000;5.000000;5.000000;5.000000;5.000000;5.000000,0.105161;0.098833;0.101057;0.130493;0.150669;0.152325,5.000000;5.000000;5.000000;5.000000;5.000000;5.000000,0,0,0,0,0,0,0,0,0,0,0,0,0,0,0,0,0,0,0,0,0,0,0,0,0,0,0,0,graph_0005__pathPersistency_0.0000,pathPersistency,0.0,graph_0005,epoch_0001
trace,olsr,0.371087,0.371068,1132,1335,105,513,914,0.122222,0.006151,75.932816,360,44,12,0,0,522,0.244444,513,35972,11.659091,817.545455,0.500000,4.285714,4.000000,5.000000,5.000000;5.000000;4.000000;4.000000;4.000000;4.000000;4.000000,12,0.130435,1,5.000000;5.000000;5.000000;5.000000;5.000000;5.000000,1.250919;nan;1.920965;3.242885;nan;0.224045,5.000000;5.000000;5.000000;5.000000;5.000000;5.000000,365,23480,148,12492,0,0,0,0,0,0,0,0,0,0,0,0,0,0,0,0,0,0,0,0,0,0,0,0,graph_0005__pathPersistency_0.0000,pathPersistency,0.0,graph_0005,epoch_0003
trace,aodv,0.636535,0.636468,2636,3326,105,1267,1992,0.536111,0.031402,72.134464,360,193,27,56,0,771,1.072222,1267,60372,6.564767,312.808290,0.500000,4.285714,4.000000,5.000000,5.000000;5.000000;4.000000;4.000000;4.000000;4.000000;4.000000,12,0.130435,1,5.000000;5.000000;5.000000;5.000000;5.000000;5.000000,0.455371;0.089857;nan;1.637937;1.541142;nan,5.000000;5.000000;5.000000;5.000000;5.000000;5.000000,0,0,0,0,0,0,0,0,0,0,754,36192,171,8892,183,8784,143,6024,16,480,0,0,0,0,0,0,0,0,graph_0005__pathPersistency_0.0000,pathPersistency,0.0,graph_0005,epoch_0003
trace,static,0.269681,0.269657,1046,827,105,0,0,0.391667,0.019767,72.743487,360,141,0,0,0,336,0.783333,0,0,0.000000,0.000000,0.500000,4.285714,4.000000,5.000000,5.000000;5.000000;4.000000;4.000000;4.000000;4.000000;4.000000,12,0.130435,1,5.000000;5.000000;5.000000;5.000000;5.000000;5.000000,0.105161;0.098833;0.101057;0.121517;0.150669;0.152325,5.000000;5.000000;5.000000;5.000000;5.000000;5.000000,0,0,0,0,0,0,0,0,0,0,0,0,0,0,0,0,0,0,0,0,0,0,0,0,0,0,0,0,graph_0005__pathPersistency_0.0000,pathPersistency,0.0,graph_0005,epoch_0003
trace,olsr,0.314965,0.314674,976,1235,105,521,932,0.080556,0.004207,73.913333,360,29,20,0,0,431,0.161111,521,36872,17.965517,1271.448276,0.500000,4.285714,4.000000,5.000000,5.000000;5.000000;4.000000;4.000000;4.000000;4.000000;4.000000,12,0.130435,1,5.000000;5.000000;5.000000;5.000000;5.000000;5.000000,1.250919;nan;nan;3.406725;1.279109;0.229265,5.000000;5.000000;5.000000;5.000000;5.000000;5.000000,366,23588,155,13284,0,0,0,0,0,0,0,0,0,0,0,0,0,0,0,0,0,0,0,0,0,0,0,0,graph_0005__pathPersistency_0.0000,pathPersistency,0.0,graph_0005,epoch_0004
trace,aodv,0.550448,0.549913,2348,2976,105,1172,1832,0.438889,0.025709,75.586573,360,158,9,112,0,759,0.877778,1172,55964,7.417722,354.202532,0.500000,4.285714,4.000000,5.000000,5.000000;5.000000;4.000000;4.000000;4.000000;4.000000;4.000000,12,0.130435,1,5.000000;5.000000;5.000000;5.000000;5.000000;5.000000,4.472728;0.089857;nan;1.308259;1.540242;nan,5.000000;5.000000;5.000000;5.000000;5.000000;5.000000,0,0,0,0,0,0,0,0,0,0,759,36432,139,7228,149,7152,113,4792,12,360,0,0,0,0,0,0,0,0,graph_0005__pathPersistency_0.0000,pathPersistency,0.0,graph_0005,epoch_0004
trace,static,0.278309,0.278023,1047,830,105,0,0,0.397222,0.019989,72.771355,360,143,0,0,0,334,0.794444,0,0,0.000000,0.000000,0.500000,4.285714,4.000000,5.000000,5.000000;5.000000;4.000000;4.000000;4.000000;4.000000;4.000000,12,0.130435,1,5.000000;5.000000;5.000000;5.000000;5.000000;5.000000,0.105161;0.098833;0.101057;0.121517;0.150669;0.152325,5.000000;5.000000;5.000000;5.000000;5.000000;5.000000,0,0,0,0,0,0,0,0,0,0,0,0,0,0,0,0,0,0,0,0,0,0,0,0,0,0,0,0,graph_0005__pathPersistency_0.0000,pathPersistency,0.0,graph_0005,epoch_0004
trace,olsr,0.379593,0.379546,1090,1295,105,520,923,0.088889,0.004588,70.622503,360,32,9,0,0,486,0.177778,520,36440,16.250000,1138.750000,0.500000,4.285714,4.000000,5.000000,5.000000;5.000000;4.000000;4.000000;4.000000;4.000000;4.000000,12,0.130435,1,5.000000;5.000000;5.000000;5.000000;5.000000;5.000000,1.251189;nan;2.940186;3.234193;nan;0.252133,5.000000;5.000000;5.000000;5.000000;5.000000;5.000000,367,23592,153,12848,0,0,0,0,0,0,0,0,0,0,0,0,0,0,0,0,0,0,0,0,0,0,0,0,graph_0005__pathPersistency_0.0000,pathPersistency,0.0,graph_0005,epoch_0005
trace,aodv,0.625966,0.625848,2582,3210,105,1316,2015,0.397222,0.023275,76.614538,360,143,41,56,0,877,0.794444,1316,62550,9.202797,437.412587,0.500000,4.285714,4.000000,5.000000,5.000000;5.000000;4.000000;4.000000;4.000000;4.000000;4.000000,12,0.130435,1,5.000000;5.000000;5.000000;5.000000;5.000000;5.000000,4.053459;0.089857;nan;1.310322;1.538034;nan,5.000000;5.000000;5.000000;5.000000;5.000000;5.000000,0,0,0,0,0,0,0,0,0,0,748,35904,176,9152,202,9696,172,7232,17,510,1,56,0,0,0,0,0,0,graph_0005__pathPersistency_0.0000,pathPersistency,0.0,graph_0005,epoch_0005
trace,static,0.271879,0.271820,1046,828,105,0,0,0.394444,0.019908,72.553367,360,142,0,0,0,337,0.788889,0,0,0.000000,0.000000,0.500000,4.285714,4.000000,5.000000,5.000000;5.000000;4.000000;4.000000;4.000000;4.000000;4.000000,12,0.130435,1,5.000000;5.000000;5.000000;5.000000;5.000000;5.000000,0.105161;0.098833;0.101057;0.130493;0.150669;0.152325,5.000000;5.000000;5.000000;5.000000;5.000000;5.000000,0,0,0,0,0,0,0,0,0,0,0,0,0,0,0,0,0,0,0,0,0,0,0,0,0,0,0,0,graph_0005__pathPersistency_0.0000,pathPersistency,0.0,graph_0005,epoch_0005
trace,olsr,0.318036,0.317987,997,1201,105,511,904,0.086111,0.005835,68.521023,360,31,3,0,0,447,0.172222,511,35768,16.483871,1153.806452,0.500000,4.285714,4.000000,5.000000,5.000000;5.000000;4.000000;4.000000;4.000000;4.000000;4.000000,12,0.130435,1,5.000000;5.000000;5.000000;5.000000;5.000000;5.000000,1.251189;nan;1.031777;3.242885;nan;nan,5.000000;5.000000;5.000000;5.000000;5.000000;5.000000,365,23488,146,12280,0,0,0,0,0,0,0,0,0,0,0,0,0,0,0,0,0,0,0,0,0,0,0,0,graph_0005__pathPersistency_0.0000,pathPersistency,0.0,graph_0005,epoch_0002
trace,aodv,0.641901,0.641876,2676,3298,105,1270,1949,0.516667,0.030273,72.654623,360,186,12,56,0,916,1.033333,1270,60716,6.827957,326.430108,0.500000,4.285714,4.000000,5.000000,5.000000;5.000000;4.000000;4.000000;4.000000;4.000000;4.000000,12,0.130435,1,5.000000;5.000000;5.000000;5.000000;5.000000;5.000000,0.133581;0.089857;nan;1.629194;1.547878;nan,5.000000;5.000000;5.000000;5.000000;5.000000;5.000000,0,0,0,0,0,0,0,0,0,0,744,35712,185,9620,187,8976,132,5696,20,600,2,112,0,0,0,0,0,0,graph_0005__pathPersistency_0.0000,pathPersistency,0.0,graph_0005,epoch_0002
trace,static,0.266404,0.266385,1040,820,105,0,0,0.388889,0.019628,72.864563,360,140,0,0,0,330,0.777778,0,0,0.000000,0.000000,0.500000,4.285714,4.000000,5.000000,5.000000;5.000000;4.000000;4.000000;4.000000;4.000000;4.000000,12,0.130435,1,5.000000;5.000000;5.000000;5.000000;5.000000;5.000000,0.105161;0.098833;0.101057;0.121517;0.150669;0.152325,5.000000;5.000000;5.000000;5.000000;5.000000;5.000000,0,0,0,0,0,0,0,0,0,0,0,0,0,0,0,0,0,0,0,0,0,0,0,0,0,0,0,0,graph_0005__pathPersistency_0.0000,pathPersistency,0.0,graph_0005,epoch_0002
trace,olsr,0.362909,0.362886,1136,1400,105,527,968,0.150000,0.011509,65.128061,360,54,13,0,0,537,0.300000,527,36888,9.759259,683.111111,0.500000,4.285714,4.000000,5.000000,5.000000;5.000000;4.000000;4.000000;4.000000;4.000000;4.000000,12,0.652174,1,5.000000;5.000000;5.000000;5.000000;5.000000;5.000000,3.259585;3.211239;1.624659;0.284789;nan;nan,5.000000;5.000000;5.000000;5.000000;5.000000;5.000000,366,23548,161,13340,0,0,0,0,0,0,0,0,0,0,0,0,0,0,0,0,0,0,0,0,0,0,0,0,graph_0005__pathPersistency_0.7500,pathPersistency,0.75,graph_0005,epoch_0001
trace,aodv,0.711741,0.711672,2832,3456,105,1379,2053,0.558333,0.028132,72.811438,360,201,52,57,0,1027,1.116667,1379,65220,6.860697,324.477612,0.500000,4.285714,4.000000,5.000000,5.000000;5.000000;4.000000;4.000000;4.000000;4.000000;4.000000,12,0.652174,1,5.000000;5.000000;5.000000;5.000000;5.000000;5.000000,2.497821;0.266501;0.101057;0.286300;nan;0.134657,5.000000;5.000000;5.000000;5.000000;5.000000;5.000000,0,0,0,0,0,0,0,0,0,0,736,35328,209,10868,185,8880,220,9248,28,840,1,56,0,0,0,0,0,0,graph_0005__pathPersistency_0.7500,pathPersistency,0.75,graph_0005,epoch_0001
trace,static,0.257731,0.257704,1062,858,105,0,0,0.433333,0.021751,72.896269,360,156,0,0,0,263,0.866667,0,0,0.000000,0.000000,0.500000,4.285714,4.000000,5.000000,5.000000;5.000000;4.000000;4.000000;4.000000;4.000000;4.000000,12,0.652174,1,5.000000;5.000000;5.000000;5.000000;5.000000;5.000000,0.137637;0.098833;0.110033;0.143794;0.123741;0.143653,5.000000;5.000000;5.000000;5.000000;5.000000;5.000000,0,0,0,0,0,0,0,0,0,0,0,0,0,0,0,0,0,0,0,0,0,0,0,0,0,0,0,0,graph_0005__pathPersistency_0.7500,pathPersistency,0.75,graph_0005,epoch_0001
trace,olsr,0.398956,0.398933,1229,1455,105,521,943,0.186111,0.011810,66.104164,360,67,22,0,0,580,0.372222,521,36496,7.776119,544.716418,0.500000,4.285714,4.000000,5.000000,5.000000;5.000000;4.000000;4.000000;4.000000;4.000000;4.000000,12,0.652174,1,5.000000;5.000000;5.000000;5.000000;5.000000;5.000000,3.241533;3.211239;1.256629;nan;nan;nan,5.000000;5.000000;5.000000;5.000000;5.000000;5.000000,364,23476,157,13020,0,0,0,0,0,0,0,0,0,0,0,0,0,0,0,0,0,0,0,0,0,0,0,0,graph_0005__pathPersistency_0.7500,pathPersistency,0.75,graph_0005,epoch_0003
trace,aodv,0.704258,0.704099,2820,3371,105,1349,1956,0.600000,0.030226,72.037442,360,216,31,57,0,996,1.200000,1349,64126,6.245370,296.879630,0.500000,4.285714,4.000000,5.000000,5.000000;5.000000;4.000000;4.000000;4.000000;4.000000;4.000000,12,0.652174,1,5.000000;5.000000;5.000000;5.000000;5.000000;5.000000,2.105909;0.112481;0.101057;0.480528;nan;0.134657,5.000000;5.000000;5.000000;5.000000;5.000000;5.000000,0,0,0,0,0,0,0,0,0,0,735,35280,211,10972,197,9456,177,7496,27,810,2,112,0,0,0,0,0,0,graph_0005__pathPersistency_0.7500,pathPersistency,0.75,graph_0005,epoch_0003
trace,static,0.264436,0.264434,1062,859,105,0,0,0.436111,0.021887,72.908086,360,157,0,0,0,263,0.872222,0,0,0.000000,0.000000,0.500000,4.285714,4.000000,5.000000,5.000000;5.000000;4.000000;4.000000;4.000000;4.000000;4.000000,12,0.652174,1,5.000000;5.000000;5.000000;5.000000;5.000000;5.000000,0.141363;0.098833;0.110033;0.143814;0.123741;0.143653,5.000000;5.000000;5.000000;5.000000;5.000000;5.000000,0,0,0,0,0,0,0,0,0,0,0,0,0,0,0,0,0,0,0,0,0,0,0,0,0,0,0,0,graph_0005__pathPersistency_0.7500,pathPersistency,0.75,graph_0005,epoch_0003
trace,olsr,0.403665,0.403635,1200,1400,105,513,920,0.163889,0.011360,64.852595,360,59,0,0,0,605,0.327778,513,36236,8.694915,614.169492,0.500000,4.285714,4.000000,5.000000,5.000000;5.000000;4.000000;4.000000;4.000000;4.000000;4.000000,12,0.652174,1,5.000000;5.000000;5.000000;5.000000;5.000000;5.000000,3.381119;3.211239;1.266897;nan;nan;nan,5.000000;5.000000;5.000000;5.000000;5.000000;5.000000,367,23652,146,12584,0,0,0,0,0,0,0,0,0,0,0,0,0,0,0,0,0,0,0,0,0,0,0,0,graph_0005__pathPersistency_0.7500,pathPersistency,0.75,graph_0005,epoch_0004
trace,aodv,0.712897,0.712724,2820,3390,105,1323,1973,0.552778,0.027849,72.953470,360,199,26,56,0,1031,1.105556,1323,62946,6.648241,316.311558,0.500000,4.285714,4.000000,5.000000,5.000000;5.000000;4.000000;4.000000;4.000000;4.000000;4.000000,12,0.652174,1,5.000000;5.000000;5.000000;5.000000;5.000000;5.000000,2.317673;0.106361;0.101057;nan;0.123741;0.153935,5.000000;5.000000;5.000000;5.000000;5.000000;5.000000,0,0,0,0,0,0,0,0,0,0,730,35040,208,10816,189,9072,171,7216,23,690,2,112,0,0,0,0,0,0,graph_0005__pathPersistency_0.7500,pathPersistency,0.75,graph_0005,epoch_0004
trace,static,0.263349,0.263341,1063,861,105,0,0,0.438889,0.022024,72.736149,360,158,0,0,0,259,0.877778,0,0,0.000000,0.000000,0.500000,4.285714,4.000000,5.000000,5.000000;5.000000;4.000000;4.000000;4.000000;4.000000;4.000000,12,0.652174,1,5.000000;5.000000;5.000000;5.000000;5.000000;5.000000,0.143103;0.098833;0.110033;0.142934;0.123741;0.143653,5.000000;5.000000;5.000000;5.000000;5.000000;5.000000,0,0,0,0,0,0,0,0,0,0,0,0,0,0,0,0,0,0,0,0,0,0,0,0,0,0,0,0,graph_0005__pathPersistency_0.7500,pathPersistency,0.75,graph_0005,epoch_0004
trace,olsr,0.441014,0.440869,1292,1478,105,523,945,0.155556,0.008899,70.673348,360,56,22,0,0,640,0.311111,523,36380,9.339286,649.642857,0.500000,4.285714,4.000000,5.000000,5.000000;5.000000;4.000000;4.000000;4.000000;4.000000;4.000000,12,0.652174,1,5.000000;5.000000;5.000000;5.000000;5.000000;5.000000,3.276254;nan;1.256629;nan;0.304965;nan,5.000000;5.000000;5.000000;5.000000;5.000000;5.000000,369,23784,154,12596,0,0,0,0,0,0,0,0,0,0,0,0,0,0,0,0,0,0,0,0,0,0,0,0,graph_0005__pathPersistency_0.7500,pathPersistency,0.75,graph_0005,epoch_0005
trace,aodv,0.609619,0.609598,2483,3068,105,1301,1925,0.438889,0.022117,71.408655,360,158,50,113,0,719,0.877778,1301,61686,8.234177,390.417722,0.500000,4.285714,4.000000,5.000000,5.000000;5.000000;4.000000;4.000000;4.000000;4.000000;4.000000,12,0.652174,1,5.000000;5.000000;5.000000;5.000000;5.000000;5.000000,2.260189;0.112761;0.101057;nan;nan;0.134657,5.000000;5.000000;5.000000;5.000000;5.000000;5.000000,0,0,0,0,0,0,0,0,0,0,744,35712,186,9672,164,7872,186,7800,21,630,0,0,0,0,0,0,0,0,graph_0005__pathPersistency_0.7500,pathPersistency,0.75,graph_0005,epoch_0005
trace,static,0.265225,0.265198,1063,860,105,0,0,0.436111,0.021888,72.723370,360,157,0,0,0,264,0.872222,0,0,0.000000,0.000000,0.500000,4.285714,4.000000,5.000000,5.000000;5.000000;4.000000;4.000000;4.000000;4.000000;4.000000,12,0.652174,1,5.000000;5.000000;5.000000;5.000000;5.000000;5.000000,0.135931;0.098833;0.110033;0.142894;0.123741;0.143653,5.000000;5.000000;5.000000;5.000000;5.000000;5.000000,0,0,0,0,0,0,0,0,0,0,0,0,0,0,0,0,0,0,0,0,0,0,0,0,0,0,0,0,graph_0005__pathPersistency_0.7500,pathPersistency,0.75,graph_0005,epoch_0005
trace,olsr,0.448542,0.448447,1345,1529,105,527,961,0.158333,0.010977,64.446670,360,57,7,0,0,644,0.316667,527,36912,9.245614,647.578947,0.500000,4.285714,4.000000,5.000000,5.000000;5.000000;4.000000;4.000000;4.000000;4.000000;4.000000,12,0.652174,1,5.000000;5.000000;5.000000;5.000000;5.000000;5.000000,3.381119;3.211239;1.256629;nan;nan;nan,5.000000;5.000000;5.000000;5.000000;5.000000;5.000000,364,23400,163,13512,0,0,0,0,0,0,0,0,0,0,0,0,0,0,0,0,0,0,0,0,0,0,0,0,graph_0005__pathPersistency_0.7500,pathPersistency,0.75,graph_0005,epoch_0002
trace,aodv,0.666200,0.666134,2689,3359,105,1358,2087,0.477778,0.024076,71.531623,360,172,16,113,0,1037,0.955556,1358,64838,7.895349,376.965116,0.500000,4.285714,4.000000,5.000000,5.000000;5.000000;4.000000;4.000000;4.000000;4.000000;4.000000,12,0.652174,1,5.000000;5.000000;5.000000;5.000000;5.000000;5.000000,1.449069;nan;0.685603;0.056067;nan;0.168867,5.000000;5.000000;5.000000;5.000000;5.000000;5.000000,0,0,0,0,0,0,0,0,0,0,734,35232,218,11336,213,10224,159,6896,29,870,5,280,0,0,0,0,0,0,graph_0005__pathPersistency_0.7500,pathPersistency,0.75,graph_0005,epoch_0002
trace,static,0.263733,0.263574,1062,858,105,0,0,0.433333,0.021749,72.896205,360,156,0,0,0,263,0.866667,0,0,0.000000,0.000000,0.500000,4.285714,4.000000,5.000000,5.000000;5.000000;4.000000;4.000000;4.000000;4.000000;4.000000,12,0.652174,1,5.000000;5.000000;5.000000;5.000000;5.000000;5.000000,0.139303;0.098833;0.110033;0.143954;0.123741;0.143653,5.000000;5.000000;5.000000;5.000000;5.000000;5.000000,0,0,0,0,0,0,0,0,0,0,0,0,0,0,0,0,0,0,0,0,0,0,0,0,0,0,0,0,graph_0005__pathPersistency_0.7500,pathPersistency,0.75,graph_0005,epoch_0002
trace,olsr,0.496035,0.495891,1471,1906,105,562,1239,0.241667,0.012406,73.007491,360,87,11,0,0,780,0.483333,562,42596,6.459770,489.609195,0.500000,4.285714,4.000000,5.000000,5.000000;5.000000;4.000000;4.000000;4.000000;4.000000;4.000000,12,0.347826,1,5.000000;5.000000;5.000000;5.000000;5.000000;5.000000,1.260205;0.262389;nan;2.592989;0.295989;0.213077,5.000000;5.000000;5.000000;5.000000;5.000000;5.000000,350,23884,212,18712,0,0,0,0,0,0,0,0,0,0,0,0,0,0,0,0,0,0,0,0,0,0,0,0,graph_0002__pathPersistency_0.2500,pathPersistency,0.25,graph_0002,epoch_0001
trace,aodv,0.903724,0.903658,3394,4408,105,1692,2785,0.630556,0.031773,71.796736,360,227,54,0,0,1672,1.261111,1692,80020,7.453744,352.511013,0.500000,4.285714,4.000000,5.000000,5.000000;5.000000;4.000000;4.000000;4.000000;4.000000;4.000000,12,0.347826,1,5.000000;5.000000;5.000000;5.000000;5.000000;5.000000,0.095901;0.932504;0.101057;1.846290;0.123457;1.213609,5.000000;5.000000;5.000000;5.000000;5.000000;5.000000,0,0,0,0,0,0,0,0,0,0,699,33552,302,15704,359,17232,288,12160,42,1260,2,112,0,0,0,0,0,0,graph_0002__pathPersistency_0.2500,pathPersistency,0.25,graph_0002,epoch_0001
trace,static,0.251560,0.251536,1006,793,105,0,0,0.408333,0.020609,71.843064,360,147,0,0,0,275,0.816667,0,0,0.000000,0.000000,0.500000,4.285714,4.000000,5.000000,5.000000;5.000000;4.000000;4.000000;4.000000;4.000000;4.000000,12,0.347826,1,5.000000;5.000000;5.000000;5.000000;5.000000;5.000000,0.120767;0.089573;0.110033;0.121597;0.132433;0.152609,5.000000;5.000000;5.000000;5.000000;5.000000;5.000000,0,0,0,0,0,0,0,0,0,0,0,0,0,0,0,0,0,0,0,0,0,0,0,0,0,0,0,0,graph_0002__pathPersistency_0.2500,pathPersistency,0.25,graph_0002,epoch_0001
trace,olsr,0.481400,0.481329,1442,1883,105,553,1206,0.233333,0.012292,70.252270,360,84,12,0,0,636,0.466667,553,42364,6.583333,504.333333,0.500000,4.285714,4.000000,5.000000,5.000000;5.000000;4.000000;4.000000;4.000000;4.000000;4.000000,12,0.347826,1,5.000000;5.000000;5.000000;5.000000;5.000000;5.000000,0.268149;0.262389;0.273319;nan;nan;0.134657,5.000000;5.000000;5.000000;5.000000;5.000000;5.000000,350,23892,202,18416,0,0,0,0,1,56,0,0,0,0,0,0,0,0,0,0,0,0,0,0,0,0,0,0,graph_0002__pathPersistency_0.2500,pathPersistency,0.25,graph_0002,epoch_0003
trace,aodv,0.670045,0.669873,2625,3568,105,1379,2407,0.408333,0.021048,74.206902,360,147,15,113,0,968,0.816667,1379,65610,9.380952,446.326531,0.500000,4.285714,4.000000,5.000000,5.000000;5.000000;4.000000;4.000000;4.000000;4.000000;4.000000,12,0.347826,1,5.000000;5.000000;5.000000;5.000000;5.000000;5.000000,nan;0.262389;0.101057;1.962775;nan;0.473806,5.000000;5.000000;5.000000;5.000000;5.000000;5.000000,0,0,0,0,0,0,0,0,0,0,723,34704,227,11804,224,10752,174,7368,29,870,2,112,0,0,0,0,0,0,graph_0002__pathPersistency_0.2500,pathPersistency,0.25,graph_0002,epoch_0003
trace,static,0.257861,0.257814,1006,793,105,0,0,0.408333,0.020549,72.040346,360,147,0,0,0,275,0.816667,0,0,0.000000,0.000000,0.500000,4.285714,4.000000,5.000000,5.000000;5.000000;4.000000;4.000000;4.000000;4.000000;4.000000,12,0.347826,1,5.000000;5.000000;5.000000;5.000000;5.000000;5.000000,0.132503;0.089573;0.110033;0.121517;0.132433;0.152609,5.000000;5.000000;5.000000;5.000000;5.000000;5.000000,0,0,0,0,0,0,0,0,0,0,0,0,0,0,0,0,0,0,0,0,0,0,0,0,0,0,0,0,graph_0002__pathPersistency_0.2500,pathPersistency,0.25,graph_0002,epoch_0003
trace,olsr,0.440453,0.440428,1290,1739,105,557,1227,0.186111,0.009554,71.171573,360,67,33,0,0,608,0.372222,557,42532,8.313433,634.805970,0.500000,4.285714,4.000000,5.000000,5.000000;5.000000;4.000000;4.000000;4.000000;4.000000;4.000000,12,0.347826,1,5.000000;5.000000;5.000000;5.000000;5.000000;5.000000,nan;0.262389;0.282565;nan;0.287013;0.307473,5.000000;5.000000;5.000000;5.000000;5.000000;5.000000,348,23728,209,18804,0,0,0,0,0,0,0,0,0,0,0,0,0,0,0,0,0,0,0,0,0,0,0,0,graph_0002__pathPersistency_0.2500,pathPersistency,0.25,graph_0002,epoch_0004
trace,aodv,0.822335,0.822184,3080,4068,105,1516,2599,0.616667,0.031780,73.116087,360,222,43,0,0,1236,1.233333,1516,72080,6.828829,324.684685,0.500000,4.285714,4.000000,5.000000,5.000000;5.000000;4.000000;4.000000;4.000000;4.000000;4.000000,12,0.347826,1,5.000000;5.000000;5.000000;5.000000;5.000000;5.000000,1.582134;0.934234;0.290709;1.809107;0.123457;0.566600,5.000000;5.000000;5.000000;5.000000;5.000000;5.000000,0,0,0,0,0,0,0,0,0,0,700,33600,267,13884,307,14736,204,8616,34,1020,4,224,0,0,0,0,0,0,graph_0002__pathPersistency_0.2500,pathPersistency,0.25,graph_0002,epoch_0004
trace,static,0.259517,0.259505,1008,795,105,0,0,0.408333,0.020552,72.040552,360,147,0,0,0,278,0.816667,0,0,0.000000,0.000000,0.500000,4.285714,4.000000,5.000000,5.000000;5.000000;4.000000;4.000000;4.000000;4.000000;4.000000,12,0.347826,1,5.000000;5.000000;5.000000;5.000000;5.000000;5.000000,0.133769;0.089573;0.110033;0.130493;0.132433;0.152609,5.000000;5.000000;5.000000;5.000000;5.000000;5.000000,0,0,0,0,0,0,0,0,0,0,0,0,0,0,0,0,0,0,0,0,0,0,0,0,0,0,0,0,graph_0002__pathPersistency_0.2500,pathPersistency,0.25,graph_0002,epoch_0004
trace,olsr,0.366892,0.366765,1113,1635,105,549,1224,0.125000,0.010685,59.609278,360,45,3,0,0,449,0.250000,549,40748,12.200000,905.511111,0.500000,4.285714,4.000000,5.000000,5.000000;5.000000;4.000000;4.000000;4.000000;4.000000;4.000000,12,0.347826,1,5.000000;5.000000;5.000000;5.000000;5.000000;5.000000,0.268149;0.262389;nan;nan;nan;nan,5.000000;5.000000;5.000000;5.000000;5.000000;5.000000,353,24088,196,16660,0,0,0,0,0,0,0,0,0,0,0,0,0,0,0,0,0,0,0,0,0,0,0,0,graph_0002__pathPersistency_0.2500,pathPersistency,0.25,graph_0002,epoch_0005
trace,aodv,0.666194,0.666160,2647,3644,105,1385,2436,0.486111,0.028489,70.704185,360,175,25,57,0,840,0.972222,1385,65948,7.914286,376.845714,0.500000,4.285714,4.000000,5.000000,5.000000;5.000000;4.000000;4.000000;4.000000;4.000000;4.000000,12,0.347826,1,5.000000;5.000000;5.000000;5.000000;5.000000;5.000000,1.380833;nan;0.101057;1.308654;0.123457;nan,5.000000;5.000000;5.000000;5.000000;5.000000;5.000000,0,0,0,0,0,0,0,0,0,0,726,34848,211,10972,246,11808,178,7600,24,720,0,0,0,0,0,0,0,0,graph_0002__pathPersistency_0.2500,pathPersistency,0.25,graph_0002,epoch_0005
trace,static,0.256229,0.256207,1008,795,105,0,0,0.408333,0.020553,72.040517,360,147,0,0,0,276,0.816667,0,0,0.000000,0.000000,0.500000,4.285714,4.000000,5.000000,5.000000;5.000000;4.000000;4.000000;4.000000;4.000000;4.000000,12,0.347826,1,5.000000;5.000000;5.000000;5.000000;5.000000;5.000000,0.135129;0.089573;0.110033;0.130493;0.132433;0.152609,5.000000;5.000000;5.000000;5.000000;5.000000;5.000000,0,0,0,0,0,0,0,0,0,0,0,0,0,0,0,0,0,0,0,0,0,0,0,0,0,0,0,0,graph_0002__pathPersistency_0.2500,pathPersistency,0.25,graph_0002,epoch_0005
trace,olsr,0.483101,0.483067,1422,1852,105,557,1230,0.211111,0.010837,71.053530,360,76,9,0,0,668,0.422222,557,41628,7.328947,547.736842,0.500000,4.285714,4.000000,5.000000,5.000000;5.000000;4.000000;4.000000;4.000000;4.000000;4.000000,12,0.347826,1,5.000000;5.000000;5.000000;5.000000;5.000000;5.000000,0.268149;0.264279;0.273319;2.587525;0.451137;0.214409,5.000000;5.000000;5.000000;5.000000;5.000000;5.000000,355,24224,201,17348,0,0,0,0,1,56,0,0,0,0,0,0,0,0,0,0,0,0,0,0,0,0,0,0,graph_0002__pathPersistency_0.2500,pathPersistency,0.25,graph_0002,epoch_0002
trace,aodv,0.622753,0.622678,2547,3506,105,1411,2432,0.347222,0.024779,67.262635,360,125,25,113,0,896,0.694444,1411,67080,11.288000,536.640000,0.500000,4.285714,4.000000,5.000000,5.000000;5.000000;4.000000;4.000000;4.000000;4.000000;4.000000,12,0.347826,1,5.000000;5.000000;5.000000;5.000000;5.000000;5.000000,nan;0.089573;0.101057;1.962785;nan;nan,5.000000;5.000000;5.000000;5.000000;5.000000;5.000000,0,0,0,0,0,0,0,0,0,0,731,35088,222,11544,239,11472,190,8080,28,840,1,56,0,0,0,0,0,0,graph_0002__pathPersistency_0.2500,pathPersistency,0.25,graph_0002,epoch_0002
trace,static,0.251522,0.251417,1006,793,105,0,0,0.408333,0.020549,72.040503,360,147,0,0,0,276,0.816667,0,0,0.000000,0.000000,0.500000,4.285714,4.000000,5.000000,5.000000;5.000000;4.000000;4.000000;4.000000;4.000000;4.000000,12,0.347826,1,5.000000;5.000000;5.000000;5.000000;5.000000;5.000000,0.130683;0.089573;0.110033;0.121517;0.132433;0.152609,5.000000;5.000000;5.000000;5.000000;5.000000;5.000000,0,0,0,0,0,0,0,0,0,0,0,0,0,0,0,0,0,0,0,0,0,0,0,0,0,0,0,0,graph_0002__pathPersistency_0.2500,pathPersistency,0.25,graph_0002,epoch_0002
trace,olsr,0.517618,0.517573,1542,1851,105,569,1125,0.302778,0.015289,71.651855,360,109,0,0,0,707,0.605556,569,42268,5.220183,387.779817,0.500000,4.285714,4.000000,5.000000,5.000000;5.000000;4.000000;4.000000;4.000000;4.000000;4.000000,12,0.043478,1,5.000000;5.000000;5.000000;5.000000;5.000000;5.000000,0.095333;0.089573;2.403509;2.259855;3.268168;0.307119,5.000000;5.000000;5.000000;5.000000;5.000000;5.000000,354,23144,215,19124,0,0,0,0,0,0,0,0,0,0,0,0,0,0,0,0,0,0,0,0,0,0,0,0,graph_0004__pathPersistency_0.0000,pathPersistency,0.0,graph_0004,epoch_0001
trace,aodv,0.810694,0.810626,3097,3811,105,1552,2394,0.577778,0.030540,78.655254,360,208,24,0,0,1419,1.155556,1552,73648,7.461538,354.076923,0.500000,4.285714,4.000000,5.000000,5.000000;5.000000;4.000000;4.000000;4.000000;4.000000;4.000000,12,0.043478,1,5.000000;5.000000;5.000000;5.000000;5.000000;5.000000,0.095333;0.089573;0.299462;0.152773;0.145331;0.503817,5.000000;5.000000;5.000000;5.000000;5.000000;5.000000,0,0,0,0,0,0,0,0,0,0,692,33216,287,14924,306,14688,233,9800,34,1020,0,0,0,0,0,0,0,0,graph_0004__pathPersistency_0.0000,pathPersistency,0.0,graph_0004,epoch_0001
trace,static,0.275442,0.275424,1040,819,105,0,0,0.386111,0.019497,72.165332,360,139,0,0,0,402,0.772222,0,0,0.000000,0.000000,0.500000,4.285714,4.000000,5.000000,5.000000;5.000000;4.000000;4.000000;4.000000;4.000000;4.000000,12,0.043478,1,5.000000;5.000000;5.000000;5.000000;5.000000;5.000000,0.104309;0.089573;0.110317;0.121842;0.132447;0.152893,5.000000;5.000000;5.000000;5.000000;5.000000;5.000000,0,0,0,0,0,0,0,0,0,0,0,0,0,0,0,0,0,0,0,0,0,0,0,0,0,0,0,0,graph_0004__pathPersistency_0.0000,pathPersistency,0.0,graph_0004,epoch_0001
trace,olsr,0.520300,0.520064,1559,1846,105,565,1086,0.319444,0.016547,68.977869,360,115,0,0,0,773,0.638889,565,41864,4.913043,364.034783,0.500000,4.285714,4.000000,5.000000,5.000000;5.000000;4.000000;4.000000;4.000000;4.000000;4.000000,12,0.043478,1,5.000000;5.000000;5.000000;5.000000;5.000000;5.000000,0.095333;0.089573;1.265619;2.259575;nan;0.306999,5.000000;5.000000;5.000000;5.000000;5.000000;5.000000,352,23072,213,18792,0,0,0,0,0,0,0,0,0,0,0,0,0,0,0,0,0,0,0,0,0,0,0,0,graph_0004__pathPersistency_0.0000,pathPersistency,0.0,graph_0004,epoch_0003
trace,aodv,0.830626,0.830567,2997,3735,105,1611,2453,0.488889,0.025087,73.393457,360,176,80,0,0,1530,0.977778,1611,76058,9.153409,432.147727,0.500000,4.285714,4.000000,5.000000,5.000000;5.000000;4.000000;4.000000;4.000000;4.000000;4.000000,12,0.043478,1,5.000000;5.000000;5.000000;5.000000;5.000000;5.000000,0.095333;0.089573;0.292966;0.150210;0.163882;0.894481,5.000000;5.000000;5.000000;5.000000;5.000000;5.000000,0,0,0,0,0,0,0,0,0,0,695,33360,283,14716,304,14592,294,12288,33,990,2,112,0,0,0,0,0,0,graph_0004__pathPersistency_0.0000,pathPersistency,0.0,graph_0004,epoch_0003
trace,static,0.272935,0.272920,1037,815,105,0,0,0.383333,0.019355,72.356618,360,138,0,0,0,401,0.766667,0,0,0.000000,0.000000,0.500000,4.285714,4.000000,5.000000,5.000000;5.000000;4.000000;4.000000;4.000000;4.000000;4.000000,12,0.043478,1,5.000000;5.000000;5.000000;5.000000;5.000000;5.000000,0.104309;0.089573;0.110317;0.121842;0.132447;0.152893,5.000000;5.000000;5.000000;5.000000;5.000000;5.000000,0,0,0,0,0,0,0,0,0,0,0,0,0,0,0,0,0,0,0,0,0,0,0,0,0,0,0,0,graph_0004__pathPersistency_0.0000,pathPersistency,0.0,graph_0004,epoch_0003
trace,olsr,0.443708,0.443225,1341,1658,105,559,1087,0.216667,0.011129,63.019301,360,78,11,0,0,648,0.433333,559,41756,7.166667,535.333333,0.500000,4.285714,4.000000,5.000000,5.000000;5.000000;4.000000;4.000000;4.000000;4.000000;4.000000,12,0.043478,1,5.000000;5.000000;5.000000;5.000000;5.000000;5.000000,0.095333;0.089573;nan;nan;nan;0.225713,5.000000;5.000000;5.000000;5.000000;5.000000;5.000000,357,23444,202,18312,0,0,0,0,0,0,0,0,0,0,0,0,0,0,0,0,0,0,0,0,0,0,0,0,graph_0004__pathPersistency_0.0000,pathPersistency,0.0,graph_0004,epoch_0004
trace,aodv,0.821654,0.820837,3100,3764,105,1587,2386,0.552778,0.029224,77.731113,360,199,26,0,0,1598,1.105556,1587,75748,7.974874,380.643216,0.500000,4.285714,4.000000,5.000000,5.000000;5.000000;4.000000;4.000000;4.000000;4.000000;4.000000,12,0.043478,1,5.000000;5.000000;5.000000;5.000000;5.000000;5.000000,1.609712;0.089573;0.169135;0.692980;0.145508;0.474913,5.000000;5.000000;5.000000;5.000000;5.000000;5.000000,0,0,0,0,0,0,0,0,0,0,685,32880,334,17368,323,15504,207,8856,38,1140,0,0,0,0,0,0,0,0,graph_0004__pathPersistency_0.0000,pathPersistency,0.0,graph_0004,epoch_0004
trace,static,0.279014,0.278591,1047,827,105,0,0,0.388889,0.019639,72.183787,360,140,0,0,0,406,0.777778,0,0,0.000000,0.000000,0.500000,4.285714,4.000000,5.000000,5.000000;5.000000;4.000000;4.000000;4.000000;4.000000;4.000000,12,0.043478,1,5.000000;5.000000;5.000000;5.000000;5.000000;5.000000,0.104309;0.089573;0.110317;0.121842;0.132447;0.152893,5.000000;5.000000;5.000000;5.000000;5.000000;5.000000,0,0,0,0,0,0,0,0,0,0,0,0,0,0,0,0,0,0,0,0,0,0,0,0,0,0,0,0,graph_0004__pathPersistency_0.0000,pathPersistency,0.0,graph_0004,epoch_0004
trace,olsr,0.524152,0.524115,1555,1838,105,569,1106,0.291667,0.014686,72.975180,360,105,1,0,0,776,0.583333,569,42092,5.419048,400.876190,0.500000,4.285714,4.000000,5.000000,5.000000;5.000000;4.000000;4.000000;4.000000;4.000000;4.000000,12,0.043478,1,5.000000;5.000000;5.000000;5.000000;5.000000;5.000000,0.095333;0.089573;3.240411;0.293765;0.295989;0.252957,5.000000;5.000000;5.000000;5.000000;5.000000;5.000000,352,23064,217,19028,0,0,0,0,0,0,0,0,0,0,0,0,0,0,0,0,0,0,0,0,0,0,0,0,graph_0004__pathPersistency_0.0000,pathPersistency,0.0,graph_0004,epoch_0005
trace,aodv,0.804049,0.803863,3082,3780,105,1542,2361,0.561111,0.028633,75.414249,360,202,38,0,0,1401,1.122222,1542,73390,7.633663,363.316832,0.500000,4.285714,4.000000,5.000000,5.000000;5.000000;4.000000;4.000000;4.000000;4.000000;4.000000,12,0.043478,1,5.000000;5.000000;5.000000;5.000000;5.000000;5.000000,0.095333;0.089573;2.575317;0.159302;0.787665;0.218937,5.000000;5.000000;5.000000;5.000000;5.000000;5.000000,0,0,0,0,0,0,0,0,0,0,712,34176,262,13624,321,15408,206,8848,37,1110,4,224,0,0,0,0,0,0,graph_0004__pathPersistency_0.0000,pathPersistency,0.0,graph_0004,epoch_0005
trace,static,0.275917,0.275905,1045,825,105,0,0,0.388889,0.019636,72.183823,360,140,0,0,0,404,0.777778,0,0,0.000000,0.000000,0.500000,4.285714,4.000000,5.000000,5.000000;5.000000;4.000000;4.000000;4.000000;4.000000;4.000000,12,0.043478,1,5.000000;5.000000;5.000000;5.000000;5.000000;5.000000,0.104309;0.089573;0.110317;0.121842;0.132447;0.152893,5.000000;5.000000;5.000000;5.000000;5.000000;5.000000,0,0,0,0,0,0,0,0,0,0,0,0,0,0,0,0,0,0,0,0,0,0,0,0,0,0,0,0,graph_0004__pathPersistency_0.0000,pathPersistency,0.0,graph_0004,epoch_0005
trace,olsr,0.469208,0.469169,1408,1729,105,567,1106,0.252778,0.012981,65.956743,360,91,0,0,0,722,0.505556,567,42284,6.230769,464.659341,0.500000,4.285714,4.000000,5.000000,5.000000;5.000000;4.000000;4.000000;4.000000;4.000000;4.000000,12,0.043478,1,5.000000;5.000000;5.000000;5.000000;5.000000;5.000000,0.095333;0.089573;nan;nan;nan;0.221413,5.000000;5.000000;5.000000;5.000000;5.000000;5.000000,350,22992,217,19292,0,0,0,0,0,0,0,0,0,0,0,0,0,0,0,0,0,0,0,0,0,0,0,0,graph_0004__pathPersistency_0.0000,pathPersistency,0.0,graph_0004,epoch_0002
trace,aodv,0.865374,0.865199,3161,3863,105,1551,2368,0.602778,0.031570,77.584016,360,217,28,0,0,1581,1.205556,1551,73886,7.147465,340.488479,0.500000,4.285714,4.000000,5.000000,5.000000;5.000000;4.000000;4.000000;4.000000;4.000000;4.000000,12,0.043478,1,5.000000;5.000000;5.000000;5.000000;5.000000;5.000000,0.095333;0.089573;1.261560;1.618105;0.141291;0.473480,5.000000;5.000000;5.000000;5.000000;5.000000;5.000000,0,0,0,0,0,0,0,0,0,0,680,32640,321,16692,301,14448,207,8768,39,1170,3,168,0,0,0,0,0,0,graph_0004__pathPersistency_0.0000,pathPersistency,0.0,graph_0004,epoch_0002
trace,static,0.279163,0.279136,1040,818,105,0,0,0.383333,0.019354,72.284212,360,138,0,0,0,403,0.766667,0,0,0.000000,0.000000,0.500000,4.285714,4.000000,5.000000,5.000000;5.000000;4.000000;4.000000;4.000000;4.000000;4.000000,12,0.043478,1,5.000000;5.000000;5.000000;5.000000;5.000000;5.000000,0.104309;0.089573;0.110317;0.121842;0.132447;0.152893,5.000000;5.000000;5.000000;5.000000;5.000000;5.000000,0,0,0,0,0,0,0,0,0,0,0,0,0,0,0,0,0,0,0,0,0,0,0,0,0,0,0,0,graph_0004__pathPersistency_0.0000,pathPersistency,0.0,graph_0004,epoch_0002
trace,olsr,0.329245,0.329212,1123,1558,105,547,1198,0.063889,0.010784,53.665515,360,23,39,0,0,431,0.127778,547,40944,23.782609,1780.173913,0.500000,4.285714,4.000000,5.000000,5.000000;5.000000;4.000000;4.000000;4.000000;4.000000;4.000000,12,0.608696,1,5.000000;5.000000;5.000000;5.000000;5.000000;5.000000,4.210297;nan;nan;nan;nan;nan,5.000000;5.000000;5.000000;5.000000;5.000000;5.000000,351,23932,196,17012,0,0,0,0,0,0,0,0,0,0,0,0,0,0,0,0,0,0,0,0,0,0,0,0,graph_0002__pathPersistency_0.5000,pathPersistency,0.5,graph_0002,epoch_0001
trace,aodv,0.663658,0.663592,2621,3606,105,1378,2401,0.488889,0.024773,77.048362,360,176,32,114,0,872,0.977778,1378,65862,7.829545,374.215909,0.500000,4.285714,4.000000,5.000000,5.000000;5.000000;4.000000;4.000000;4.000000;4.000000;4.000000,12,0.608696,1,5.000000;5.000000;5.000000;5.000000;5.000000;5.000000,4.618516;0.089857;0.298397;0.112541;nan;1.486304,5.000000;5.000000;5.000000;5.000000;5.000000;5.000000,0,0,0,0,0,0,0,0,0,0,724,34752,228,11856,227,10896,166,7160,25,750,8,448,0,0,0,0,0,0,graph_0002__pathPersistency_0.5000,pathPersistency,0.5,graph_0002,epoch_0001
trace,static,0.259079,0.259046,1054,849,105,0,0,0.430556,0.021731,72.347412,360,155,0,0,0,200,0.861111,0,0,0.000000,0.000000,0.500000,4.285714,4.000000,5.000000,5.000000;5.000000;4.000000;4.000000;4.000000;4.000000;4.000000,12,0.608696,1,5.000000;5.000000;5.000000;5.000000;5.000000;5.000000,0.126670;0.112871;0.110317;0.121247;0.132433;0.152913,5.000000;5.000000;5.000000;5.000000;5.000000;5.000000,0,0,0,0,0,0,0,0,0,0,0,0,0,0,0,0,0,0,0,0,0,0,0,0,0,0,0,0,graph_0002__pathPersistency_0.5000,pathPersistency,0.5,graph_0002,epoch_0001
trace,olsr,0.409975,0.409916,1307,1775,105,543,1165,0.097222,0.008077,60.721676,360,35,44,0,0,411,0.194444,543,40432,15.514286,1155.200000,0.500000,4.285714,4.000000,5.000000,5.000000;5.000000;4.000000;4.000000;4.000000;4.000000;4.000000,12,0.608696,1,5.000000;5.000000;5.000000;5.000000;5.000000;5.000000,1.251269;3.398166;nan;nan;nan;nan,5.000000;5.000000;5.000000;5.000000;5.000000;5.000000,351,23928,186,16168,0,0,0,0,6,336,0,0,0,0,0,0,0,0,0,0,0,0,0,0,0,0,0,0,graph_0002__pathPersistency_0.5000,pathPersistency,0.5,graph_0002,epoch_0003
trace,aodv,0.633470,0.633393,2591,3549,105,1371,2386,0.419444,0.021255,76.131826,360,151,38,114,0,884,0.838889,1371,65394,9.079470,433.072848,0.500000,4.285714,4.000000,5.000000,5.000000;5.000000;4.000000;4.000000;4.000000;4.000000;4.000000,12,0.608696,1,5.000000;5.000000;5.000000;5.000000;5.000000;5.000000,4.656348;0.093991;0.939636;0.475932;nan;1.459759,5.000000;5.000000;5.000000;5.000000;5.000000;5.000000,0,0,0,0,0,0,0,0,0,0,734,35232,226,11752,201,9648,187,7968,19,570,4,224,0,0,0,0,0,0,graph_0002__pathPersistency_0.5000,pathPersistency,0.5,graph_0002,epoch_0003
trace,static,0.254670,0.254542,1053,848,105,0,0,0.430556,0.021729,72.347427,360,155,0,0,0,200,0.861111,0,0,0.000000,0.000000,0.500000,4.285714,4.000000,5.000000,5.000000;5.000000;4.000000;4.000000;4.000000;4.000000;4.000000,12,0.608696,1,5.000000;5.000000;5.000000;5.000000;5.000000;5.000000,0.134726;0.108915;0.110317;0.121247;0.132433;0.152913,5.000000;5.000000;5.000000;5.000000;5.000000;5.000000,0,0,0,0,0,0,0,0,0,0,0,0,0,0,0,0,0,0,0,0,0,0,0,0,0,0,0,0,graph_0002__pathPersistency_0.5000,pathPersistency,0.5,graph_0002,epoch_0003
trace,olsr,0.356096,0.356060,1150,1589,105,547,1210,0.094444,0.007848,59.074154,360,34,18,0,0,446,0.188889,547,40660,16.088235,1195.882353,0.500000,4.285714,4.000000,5.000000,5.000000;5.000000;4.000000;4.000000;4.000000;4.000000;4.000000,12,0.608696,1,5.000000;5.000000;5.000000;5.000000;5.000000;5.000000,1.251209;3.398606;1.274311;nan;nan;nan,5.000000;5.000000;5.000000;5.000000;5.000000;5.000000,348,23712,199,16948,0,0,0,0,0,0,0,0,0,0,0,0,0,0,0,0,0,0,0,0,0,0,0,0,graph_0002__pathPersistency_0.5000,pathPersistency,0.5,graph_0002,epoch_0004
trace,aodv,0.669716,0.669672,2697,3699,105,1297,2346,0.530556,0.026804,76.442670,360,191,8,114,0,953,1.061111,1297,62052,6.790576,324.879581,0.500000,4.285714,4.000000,5.000000,5.000000;5.000000;4.000000;4.000000;4.000000;4.000000;4.000000,12,0.608696,1,5.000000;5.000000;5.000000;5.000000;5.000000;5.000000,4.636676;2.010251;0.101341;2.594108;nan;2.126658,5.000000;5.000000;5.000000;5.000000;5.000000;5.000000,0,0,0,0,0,0,0,0,0,0,729,34992,227,11804,172,8256,145,6280,24,720,0,0,0,0,0,0,0,0,graph_0002__pathPersistency_0.5000,pathPersistency,0.5,graph_0002,epoch_0004
trace,static,0.261112,0.261090,1058,854,105,0,0,0.433333,0.021871,72.362982,360,156,0,0,0,200,0.866667,0,0,0.000000,0.000000,0.500000,4.285714,4.000000,5.000000,5.000000;5.000000;4.000000;4.000000;4.000000;4.000000;4.000000,12,0.608696,1,5.000000;5.000000;5.000000;5.000000;5.000000;5.000000,0.133466;0.115751;0.110317;0.121247;0.132433;0.152913,5.000000;5.000000;5.000000;5.000000;5.000000;5.000000,0,0,0,0,0,0,0,0,0,0,0,0,0,0,0,0,0,0,0,0,0,0,0,0,0,0,0,0,graph_0002__pathPersistency_0.5000,pathPersistency,0.5,graph_0002,epoch_0004
trace,olsr,0.451446,0.451403,1325,1719,105,538,1173,0.125000,0.006530,68.352611,360,45,53,0,0,585,0.250000,538,39848,11.955556,885.511111,0.500000,4.285714,4.000000,5.000000,5.000000;5.000000;4.000000;4.000000;4.000000;4.000000;4.000000,12,0.608696,1,5.000000;5.000000;5.000000;5.000000;5.000000;5.000000,4.209937;nan;1.274311;1.594720;nan;0.218615,5.000000;5.000000;5.000000;5.000000;5.000000;5.000000,357,24344,181,15504,0,0,0,0,0,0,0,0,0,0,0,0,0,0,0,0,0,0,0,0,0,0,0,0,graph_0002__pathPersistency_0.5000,pathPersistency,0.5,graph_0002,epoch_0005
trace,aodv,0.646199,0.646067,2650,3607,105,1307,2291,0.516667,0.026188,77.254552,360,186,33,114,0,1024,1.033333,1307,62100,7.026882,333.870968,0.500000,4.285714,4.000000,5.000000,5.000000;5.000000;4.000000;4.000000;4.000000;4.000000;4.000000,12,0.608696,1,5.000000;5.000000;5.000000;5.000000;5.000000;5.000000,4.649932;1.923715;0.950313;0.727614;nan;1.487453,5.000000;5.000000;5.000000;5.000000;5.000000;5.000000,0,0,0,0,0,0,0,0,0,0,736,35328,197,10244,170,8160,184,7768,20,600,0,0,0,0,0,0,0,0,graph_0002__pathPersistency_0.5000,pathPersistency,0.5,graph_0002,epoch_0005
trace,static,0.258467,0.258455,1054,849,105,0,0,0.430556,0.021734,72.347513,360,155,0,0,0,200,0.861111,0,0,0.000000,0.000000,0.500000,4.285714,4.000000,5.000000,5.000000;5.000000;4.000000;4.000000;4.000000;4.000000;4.000000,12,0.608696,1,5.000000;5.000000;5.000000;5.000000;5.000000;5.000000,0.132206;0.113891;0.110317;0.121247;0.132433;0.152913,5.000000;5.000000;5.000000;5.000000;5.000000;5.000000,0,0,0,0,0,0,0,0,0,0,0,0,0,0,0,0,0,0,0,0,0,0,0,0,0,0,0,0,graph_0002__pathPersistency_0.5000,pathPersistency,0.5,graph_0002,epoch_0005
trace,olsr,0.535016,0.534993,1674,2139,105,556,1187,0.072222,0.005999,54.980241,360,26,15,0,0,379,0.144444,556,40968,21.384615,1575.692308,0.500000,4.285714,4.000000,5.000000,5.000000;5.000000;4.000000;4.000000;4.000000;4.000000;4.000000,12,0.608696,1,5.000000;5.000000;5.000000;5.000000;5.000000;5.000000,4.210077;nan;nan;nan;nan;nan,5.000000;5.000000;5.000000;5.000000;5.000000;5.000000,357,24352,181,15608,0,0,0,0,18,1008,0,0,0,0,0,0,0,0,0,0,0,0,0,0,0,0,0,0,graph_0002__pathPersistency_0.5000,pathPersistency,0.5,graph_0002,epoch_0002
trace,aodv,0.641863,0.641818,2656,3527,105,1323,2231,0.494444,0.025055,77.384433,360,178,31,114,0,1067,0.988889,1323,63072,7.432584,354.337079,0.500000,4.285714,4.000000,5.000000,5.000000;5.000000;4.000000;4.000000;4.000000;4.000000;4.000000,12,0.608696,1,5.000000;5.000000;5.000000;5.000000;5.000000;5.000000,4.632672;1.933420;0.101341;0.713876;nan;1.646028,5.000000;5.000000;5.000000;5.000000;5.000000;5.000000,0,0,0,0,0,0,0,0,0,0,740,35520,201,10452,190,9120,165,7144,26,780,1,56,0,0,0,0,0,0,graph_0002__pathPersistency_0.5000,pathPersistency,0.5,graph_0002,epoch_0002
trace,static,0.258129,0.258109,1058,854,105,0,0,0.433333,0.021870,72.363038,360,156,0,0,0,202,0.866667,0,0,0.000000,0.000000,0.500000,4.285714,4.000000,5.000000,5.000000;5.000000;4.000000;4.000000;4.000000;4.000000;4.000000,12,0.608696,1,5.000000;5.000000;5.000000;5.000000;5.000000;5.000000,0.134506;0.110811;0.110317;0.121247;0.132433;0.152913,5.000000;5.000000;5.000000;5.000000;5.000000;5.000000,0,0,0,0,0,0,0,0,0,0,0,0,0,0,0,0,0,0,0,0,0,0,0,0,0,0,0,0,graph_0002__pathPersistency_0.5000,pathPersistency,0.5,graph_0002,epoch_0002
trace,olsr,0.370002,0.369934,1290,1577,105,560,1044,0.113889,0.007552,53.261446,360,41,0,0,0,373,0.227778,560,41372,13.658537,1009.073171,0.500000,4.285714,4.000000,5.000000,5.000000;5.000000;4.000000;4.000000;4.000000;4.000000;4.000000,12,1.000000,1,5.000000;5.000000;5.000000;5.000000;5.000000;5.000000,nan;nan;nan;nan;nan;nan,5.000000;5.000000;5.000000;5.000000;5.000000;5.000000,359,23412,201,17960,0,0,0,0,0,0,0,0,0,0,0,0,0,0,0,0,0,0,0,0,0,0,0,0,graph_0004__pathPersistency_1.0000,pathPersistency,1.0,graph_0004,epoch_0001
trace,aodv,0.679647,0.679579,2775,3409,105,1273,1991,0.522222,0.026511,75.828834,360,188,32,56,0,793,1.044444,1273,60422,6.771277,321.393617,0.500000,4.285714,4.000000,5.000000,5.000000;5.000000;4.000000;4.000000;4.000000;4.000000;4.000000,12,1.000000,1,5.000000;5.000000;5.000000;5.000000;5.000000;5.000000,1.429615;nan;0.101341;1.290087;0.123173;0.350653,5.000000;5.000000;5.000000;5.000000;5.000000;5.000000,0,0,0,0,0,0,0,0,0,0,741,35568,186,9672,151,7248,181,7488,13,390,1,56,0,0,0,0,0,0,graph_0004__pathPersistency_1.0000,pathPersistency,1.0,graph_0004,epoch_0001
trace,static,0.269194,0.269171,1147,955,105,0,0,0.466667,0.023434,73.107977,360,168,0,0,0,134,0.933333,0,0,0.000000,0.000000,0.500000,4.285714,4.000000,5.000000,5.000000;5.000000;4.000000;4.000000;4.000000;4.000000;4.000000,12,1.000000,1,5.000000;5.000000;5.000000;5.000000;5.000000;5.000000,0.119337;0.163918;0.136038;0.112541;0.132149;0.153177,5.000000;5.000000;5.000000;5.000000;5.000000;5.000000,0,0,0,0,0,0,0,0,0,0,0,0,0,0,0,0,0,0,0,0,0,0,0,0,0,0,0,0,graph_0004__pathPersistency_1.0000,pathPersistency,1.0,graph_0004,epoch_0001
trace,olsr,0.379035,0.379007,1225,1540,105,562,1030,0.150000,0.007977,69.771802,360,54,7,0,0,321,0.300000,562,41500,10.407407,768.518519,0.500000,4.285714,4.000000,5.000000,5.000000;5.000000;4.000000;4.000000;4.000000;4.000000;4.000000,12,1.000000,1,5.000000;5.000000;5.000000;5.000000;5.000000;5.000000,nan;nan;nan;3.242615;2.113082;nan,5.000000;5.000000;5.000000;5.000000;5.000000;5.000000,355,23228,207,18272,0,0,0,0,0,0,0,0,0,0,0,0,0,0,0,0,0,0,0,0,0,0,0,0,graph_0004__pathPersistency_1.0000,pathPersistency,1.0,graph_0004,epoch_0003
trace,aodv,0.596429,0.596371,2669,3145,105,1223,1903,0.205556,0.011059,76.793223,360,74,26,56,0,807,0.411111,1223,58292,16.527027,787.729730,0.500000,4.285714,4.000000,5.000000,5.000000;5.000000;4.000000;4.000000;4.000000;4.000000;4.000000,12,1.000000,1,5.000000;5.000000;5.000000;5.000000;5.000000;5.000000,nan;nan;nan;nan;1.471940;nan,5.000000;5.000000;5.000000;5.000000;5.000000;5.000000,0,0,0,0,0,0,0,0,0,0,748,35904,172,8944,147,7056,142,5968,14,420,0,0,0,0,0,0,0,0,graph_0004__pathPersistency_1.0000,pathPersistency,1.0,graph_0004,epoch_0003
trace,static,0.267508,0.267471,1147,955,105,0,0,0.466667,0.023431,73.107950,360,168,0,0,0,134,0.933333,0,0,0.000000,0.000000,0.500000,4.285714,4.000000,5.000000,5.000000;5.000000;4.000000;4.000000;4.000000;4.000000;4.000000,12,1.000000,1,5.000000;5.000000;5.000000;5.000000;5.000000;5.000000,0.118257;0.163064;0.138958;0.112541;0.132149;0.153177,5.000000;5.000000;5.000000;5.000000;5.000000;5.000000,0,0,0,0,0,0,0,0,0,0,0,0,0,0,0,0,0,0,0,0,0,0,0,0,0,0,0,0,graph_0004__pathPersistency_1.0000,pathPersistency,1.0,graph_0004,epoch_0003
trace,olsr,0.460928,0.460903,1507,1834,105,569,1037,0.136111,0.007281,58.197725,360,49,1,0,0,435,0.272222,569,42100,11.612245,859.183673,0.500000,4.285714,4.000000,5.000000,5.000000;5.000000;4.000000;4.000000;4.000000;4.000000;4.000000,12,1.000000,1,5.000000;5.000000;5.000000;5.000000;5.000000;5.000000,nan;nan;nan;3.580791;nan;nan,5.000000;5.000000;5.000000;5.000000;5.000000;5.000000,354,23080,205,18460,0,0,0,0,10,560,0,0,0,0,0,0,0,0,0,0,0,0,0,0,0,0,0,0,graph_0004__pathPersistency_1.0000,pathPersistency,1.0,graph_0004,epoch_0004
trace,aodv,0.703846,0.703773,2829,3517,105,1283,2010,0.641667,0.032571,78.288565,360,231,34,56,0,820,1.283333,1283,61180,5.554113,264.848485,0.500000,4.285714,4.000000,5.000000,5.000000;5.000000;4.000000;4.000000;4.000000;4.000000;4.000000,12,1.000000,1,5.000000;5.000000;5.000000;5.000000;5.000000;5.000000,1.444630;nan;0.442346;0.144135;1.453252;0.333329,5.000000;5.000000;5.000000;5.000000;5.000000;5.000000,0,0,0,0,0,0,0,0,0,0,722,34656,212,11024,174,8352,160,6672,14,420,1,56,0,0,0,0,0,0,graph_0004__pathPersistency_1.0000,pathPersistency,1.0,graph_0004,epoch_0004
trace,static,0.275307,0.275190,1147,955,105,0,0,0.466667,0.023435,73.107913,360,168,0,0,0,134,0.933333,0,0,0.000000,0.000000,0.500000,4.285714,4.000000,5.000000,5.000000;5.000000;4.000000;4.000000;4.000000;4.000000;4.000000,12,1.000000,1,5.000000;5.000000;5.000000;5.000000;5.000000;5.000000,0.118217;0.157004;0.130332;0.112541;0.132149;0.153177,5.000000;5.000000;5.000000;5.000000;5.000000;5.000000,0,0,0,0,0,0,0,0,0,0,0,0,0,0,0,0,0,0,0,0,0,0,0,0,0,0,0,0,graph_0004__pathPersistency_1.0000,pathPersistency,1.0,graph_0004,epoch_0004
trace,olsr,0.425501,0.425446,1327,1617,105,569,1038,0.163889,0.008873,68.331465,360,59,1,0,0,391,0.327778,569,42032,9.644068,712.406780,0.500000,4.285714,4.000000,5.000000,5.000000;5.000000;4.000000;4.000000;4.000000;4.000000;4.000000,12,1.000000,1,5.000000;5.000000;5.000000;5.000000;5.000000;5.000000,nan;nan;nan;3.233909;1.292792;nan,5.000000;5.000000;5.000000;5.000000;5.000000;5.000000,356,23176,213,18856,0,0,0,0,0,0,0,0,0,0,0,0,0,0,0,0,0,0,0,0,0,0,0,0,graph_0004__pathPersistency_1.0000,pathPersistency,1.0,graph_0004,epoch_0005
trace,aodv,0.576649,0.576496,2360,3014,105,1124,1847,0.475000,0.028069,71.053481,360,171,17,56,0,553,0.950000,1124,53708,6.573099,314.081871,0.500000,4.285714,4.000000,5.000000,5.000000;5.000000;4.000000;4.000000;4.000000;4.000000;4.000000,12,1.000000,1,5.000000;5.000000;5.000000;5.000000;5.000000;5.000000,1.262955;nan;1.905939;nan;1.622044;nan,5.000000;5.000000;5.000000;5.000000;5.000000;5.000000,0,0,0,0,0,0,0,0,0,0,754,36192,153,7956,90,4320,118,4944,8,240,1,56,0,0,0,0,0,0,graph_0004__pathPersistency_1.0000,pathPersistency,1.0,graph_0004,epoch_0005
trace,static,0.272254,0.272226,1147,955,105,0,0,0.466667,0.023432,73.107909,360,168,0,0,0,134,0.933333,0,0,0.000000,0.000000,0.500000,4.285714,4.000000,5.000000,5.000000;5.000000;4.000000;4.000000;4.000000;4.000000;4.000000,12,1.000000,1,5.000000;5.000000;5.000000;5.000000;5.000000;5.000000,0.118177;0.161838;0.132078;0.112541;0.132149;0.153177,5.000000;5.000000;5.000000;5.000000;5.000000;5.000000,0,0,0,0,0,0,0,0,0,0,0,0,0,0,0,0,0,0,0,0,0,0,0,0,0,0,0,0,graph_0004__pathPersistency_1.0000,pathPersistency,1.0,graph_0004,epoch_0005
trace,olsr,0.288852,0.288835,1069,1451,105,561,1062,0.091667,0.041764,47.886211,360,33,5,0,0,219,0.183333,561,41440,17.000000,1255.757576,0.500000,4.285714,4.000000,5.000000,5.000000;5.000000;4.000000;4.000000;4.000000;4.000000;4.000000,12,1.000000,1,5.000000;5.000000;5.000000;5.000000;5.000000;5.000000,nan;nan;nan;nan;nan;nan,5.000000;5.000000;5.000000;5.000000;5.000000;5.000000,353,23072,208,18368,0,0,0,0,0,0,0,0,0,0,0,0,0,0,0,0,0,0,0,0,0,0,0,0,graph_0004__pathPersistency_1.0000,pathPersistency,1.0,graph_0004,epoch_0002
trace,aodv,0.583261,0.583230,2354,2996,105,1188,1926,0.394444,0.023768,70.641163,360,142,18,56,0,583,0.788889,1188,56824,8.366197,400.169014,0.500000,4.285714,4.000000,5.000000,5.000000;5.000000;4.000000;4.000000;4.000000;4.000000;4.000000,12,1.000000,1,5.000000;5.000000;5.000000;5.000000;5.000000;5.000000,1.270774;nan;0.101341;nan;0.123173;nan,5.000000;5.000000;5.000000;5.000000;5.000000;5.000000,0,0,0,0,0,0,0,0,0,0,745,35760,178,9256,121,5808,128,5416,12,360,4,224,0,0,0,0,0,0,graph_0004__pathPersistency_1.0000,pathPersistency,1.0,graph_0004,epoch_0002
trace,static,0.273769,0.273755,1147,955,105,0,0,0.466667,0.023430,73.107891,360,168,0,0,0,134,0.933333,0,0,0.000000,0.000000,0.500000,4.285714,4.000000,5.000000,5.000000;5.000000;4.000000;4.000000;4.000000;4.000000;4.000000,12,1.000000,1,5.000000;5.000000;5.000000;5.000000;5.000000;5.000000,0.119297;0.156688;0.136878;0.112541;0.132149;0.153177,5.000000;5.000000;5.000000;5.000000;5.000000;5.000000,0,0,0,0,0,0,0,0,0,0,0,0,0,0,0,0,0,0,0,0,0,0,0,0,0,0,0,0,graph_0004__pathPersistency_1.0000,pathPersistency,1.0,graph_0004,epoch_0002
trace,olsr,0.462065,0.462040,1373,1685,105,546,1092,0.188889,0.009509,73.856651,360,68,25,0,0,558,0.377778,546,39792,8.029412,585.176471,0.500000,4.285714,4.000000,5.000000,5.000000;5.000000;4.000000;4.000000;4.000000;4.000000;4.000000,12,0.434783,1,5.000000;5.000000;5.000000;5.000000;5.000000;5.000000,nan;1.245429;0.592293;3.089268;nan;2.281975,5.000000;5.000000;5.000000;5.000000;5.000000;5.000000,360,23932,186,15860,0,0,0,0,0,0,0,0,0,0,0,0,0,0,0,0,0,0,0,0,0,0,0,0,graph_0003__pathPersistency_0.2500,pathPersistency,0.25,graph_0003,epoch_0001
trace,aodv,0.824378,0.824277,3125,3904,105,1415,2243,0.780556,0.039555,73.697576,360,281,30,0,0,1184,1.561111,1415,67196,5.035587,239.131673,0.500000,4.285714,4.000000,5.000000,5.000000;5.000000;4.000000;4.000000;4.000000;4.000000;4.000000,12,0.434783,1,5.000000;5.000000;5.000000;5.000000;5.000000;5.000000,0.095617;0.291203;0.101057;0.555137;0.123741;0.005230,5.000000;5.000000;5.000000;5.000000;5.000000;5.000000,0,0,0,0,0,0,0,0,0,0,720,34560,230,11960,236,11328,205,8576,22,660,2,112,0,0,0,0,0,0,graph_0003__pathPersistency_0.2500,pathPersistency,0.25,graph_0003,epoch_0001
trace,static,0.256636,0.256603,1014,807,105,0,0,0.425000,0.021395,72.712229,360,153,0,0,0,267,0.850000,0,0,0.000000,0.000000,0.500000,4.285714,4.000000,5.000000,5.000000;5.000000;4.000000;4.000000;4.000000;4.000000;4.000000,12,0.434783,1,5.000000;5.000000;5.000000;5.000000;5.000000;5.000000,0.113569;0.108093;0.110033;0.112257;0.132877;0.152609,5.000000;5.000000;5.000000;5.000000;5.000000;5.000000,0,0,0,0,0,0,0,0,0,0,0,0,0,0,0,0,0,0,0,0,0,0,0,0,0,0,0,0,graph_0003__pathPersistency_0.2500,pathPersistency,0.25,graph_0003,epoch_0001
trace,olsr,0.459574,0.459543,1385,1722,105,538,1090,0.177778,0.008950,71.293466,360,64,13,0,0,470,0.355556,538,39516,8.406250,617.437500,0.500000,4.285714,4.000000,5.000000,5.000000;5.000000;4.000000;4.000000;4.000000;4.000000;4.000000,12,0.434783,1,5.000000;5.000000;5.000000;5.000000;5.000000;5.000000,nan;1.245429;0.101057;1.278211;nan;2.282245,5.000000;5.000000;5.000000;5.000000;5.000000;5.000000,360,23880,176,15524,0,0,0,0,2,112,0,0,0,0,0,0,0,0,0,0,0,0,0,0,0,0,0,0,graph_0003__pathPersistency_0.2500,pathPersistency,0.25,graph_0003,epoch_0003
trace,aodv,0.822074,0.821980,3128,3905,105,1419,2270,0.705556,0.035745,72.103529,360,254,32,0,0,1183,1.411111,1419,67464,5.586614,265.606299,0.500000,4.285714,4.000000,5.000000,5.000000;5.000000;4.000000;4.000000;4.000000;4.000000;4.000000,12,0.434783,1,5.000000;5.000000;5.000000;5.000000;5.000000;5.000000,0.095617;0.125146;0.437968;0.112257;0.123741;1.721419,5.000000;5.000000;5.000000;5.000000;5.000000;5.000000,0,0,0,0,0,0,0,0,0,0,719,34512,239,12428,218,10464,217,9176,22,660,4,224,0,0,0,0,0,0,graph_0003__pathPersistency_0.2500,pathPersistency,0.25,graph_0003,epoch_0003
trace,static,0.264189,0.264182,1010,802,105,0,0,0.422222,0.021315,72.508043,360,152,0,0,0,265,0.844444,0,0,0.000000,0.000000,0.500000,4.285714,4.000000,5.000000,5.000000;5.000000;4.000000;4.000000;4.000000;4.000000;4.000000,12,0.434783,1,5.000000;5.000000;5.000000;5.000000;5.000000;5.000000,0.113569;0.108093;0.110033;0.112257;0.132877;0.152609,5.000000;5.000000;5.000000;5.000000;5.000000;5.000000,0,0,0,0,0,0,0,0,0,0,0,0,0,0,0,0,0,0,0,0,0,0,0,0,0,0,0,0,graph_0003__pathPersistency_0.2500,pathPersistency,0.25,graph_0003,epoch_0003
trace,olsr,0.385922,0.385878,1188,1553,105,540,1085,0.127778,0.006832,69.588785,360,46,41,0,0,437,0.255556,540,39088,11.739130,849.739130,0.500000,4.285714,4.000000,5.000000,5.000000;5.000000;4.000000;4.000000;4.000000;4.000000;4.000000,12,0.434783,1,5.000000;5.000000;5.000000;5.000000;5.000000;5.000000,nan;1.245429;nan;2.744083;nan;nan,5.000000;5.000000;5.000000;5.000000;5.000000;5.000000,358,23776,182,15312,0,0,0,0,0,0,0,0,0,0,0,0,0,0,0,0,0,0,0,0,0,0,0,0,graph_0003__pathPersistency_0.2500,pathPersistency,0.25,graph_0003,epoch_0004
trace,aodv,0.607809,0.607681,2499,3270,105,1147,1956,0.580556,0.037368,79.122598,360,209,0,113,0,904,1.161111,1147,55206,5.488038,264.143541,0.500000,4.285714,4.000000,5.000000,5.000000;5.000000;4.000000;4.000000;4.000000;4.000000;4.000000,12,0.434783,1,5.000000;5.000000;5.000000;5.000000;5.000000;5.000000,2.941883;3.410841;0.101057;0.551275;nan;0.306440,5.000000;5.000000;5.000000;5.000000;5.000000;5.000000,0,0,0,0,0,0,0,0,0,0,742,35616,175,9100,125,6000,93,4104,11,330,1,56,0,0,0,0,0,0,graph_0003__pathPersistency_0.2500,pathPersistency,0.25,graph_0003,epoch_0004
trace,static,0.258754,0.258728,1014,806,105,0,0,0.422222,0.021318,72.507957,360,152,0,0,0,266,0.844444,0,0,0.000000,0.000000,0.500000,4.285714,4.000000,5.000000,5.000000;5.000000;4.000000;4.000000;4.000000;4.000000;4.000000,12,0.434783,1,5.000000;5.000000;5.000000;5.000000;5.000000;5.000000,0.113569;0.108093;0.110033;0.112257;0.132877;0.152609,5.000000;5.000000;5.000000;5.000000;5.000000;5.000000,0,0,0,0,0,0,0,0,0,0,0,0,0,0,0,0,0,0,0,0,0,0,0,0,0,0,0,0,graph_0003__pathPersistency_0.2500,pathPersistency,0.25,graph_0003,epoch_0004
trace,olsr,0.420633,0.420483,1298,1659,105,547,1105,0.219444,0.011049,72.922461,360,79,15,0,0,489,0.438889,547,40128,6.924051,507.949367,0.500000,4.285714,4.000000,5.000000,5.000000;5.000000;4.000000;4.000000;4.000000;4.000000;4.000000,12,0.434783,1,5.000000;5.000000;5.000000;5.000000;5.000000;5.000000,nan;1.247249;0.279316;1.276805;nan;2.282245,5.000000;5.000000;5.000000;5.000000;5.000000;5.000000,360,23888,187,16240,0,0,0,0,0,0,0,0,0,0,0,0,0,0,0,0,0,0,0,0,0,0,0,0,graph_0003__pathPersistency_0.2500,pathPersistency,0.25,graph_0003,epoch_0005
trace,aodv,0.661607,0.661556,2671,3517,105,1342,2229,0.500000,0.030593,67.164554,360,180,28,56,0,835,1.000000,1342,63650,7.455556,353.611111,0.500000,4.285714,4.000000,5.000000,5.000000;5.000000;4.000000;4.000000;4.000000;4.000000;4.000000,12,0.434783,1,5.000000;5.000000;5.000000;5.000000;5.000000;5.000000,0.106220;0.281686;nan;0.112257;0.000139;nan,5.000000;5.000000;5.000000;5.000000;5.000000;5.000000,0,0,0,0,0,0,0,0,0,0,743,35664,194,10088,169,8112,219,9224,15,450,2,112,0,0,0,0,0,0,graph_0003__pathPersistency_0.2500,pathPersistency,0.25,graph_0003,epoch_0005
trace,static,0.255578,0.255564,1014,806,105,0,0,0.422222,0.021317,72.507889,360,152,0,0,0,266,0.844444,0,0,0.000000,0.000000,0.500000,4.285714,4.000000,5.000000,5.000000;5.000000;4.000000;4.000000;4.000000;4.000000;4.000000,12,0.434783,1,5.000000;5.000000;5.000000;5.000000;5.000000;5.000000,0.113569;0.108093;0.110033;0.112257;0.132877;0.152609,5.000000;5.000000;5.000000;5.000000;5.000000;5.000000,0,0,0,0,0,0,0,0,0,0,0,0,0,0,0,0,0,0,0,0,0,0,0,0,0,0,0,0,graph_0003__pathPersistency_0.2500,pathPersistency,0.25,graph_0003,epoch_0005
trace,olsr,0.570225,0.570192,1713,2017,105,547,1099,0.197222,0.009956,73.869031,360,71,37,0,0,600,0.394444,547,39588,7.704225,557.577465,0.500000,4.285714,4.000000,5.000000,5.000000;5.000000;4.000000;4.000000;4.000000;4.000000;4.000000,12,0.434783,1,5.000000;5.000000;5.000000;5.000000;5.000000;5.000000,nan;1.245429;0.273589;1.276805;nan;2.281975,5.000000;5.000000;5.000000;5.000000;5.000000;5.000000,360,23904,183,15460,0,0,0,0,4,224,0,0,0,0,0,0,0,0,0,0,0,0,0,0,0,0,0,0,graph_0003__pathPersistency_0.2500,pathPersistency,0.25,graph_0003,epoch_0002
trace,aodv,0.630027,0.629963,2581,3419,105,1309,2191,0.450000,0.022802,79.677987,360,162,42,112,0,988,0.900000,1309,62096,8.080247,383.308642,0.500000,4.285714,4.000000,5.000000,5.000000;5.000000;4.000000;4.000000;4.000000;4.000000;4.000000,12,0.434783,1,5.000000;5.000000;5.000000;5.000000;5.000000;5.000000,2.501691;1.653990;0.101057;3.497788;0.123741;0.895603,5.000000;5.000000;5.000000;5.000000;5.000000;5.000000,0,0,0,0,0,0,0,0,0,0,720,34560,203,10556,150,7200,215,9072,18,540,3,168,0,0,0,0,0,0,graph_0003__pathPersistency_0.2500,pathPersistency,0.25,graph_0003,epoch_0002
trace,static,0.254701,0.254679,1006,796,105,0,0,0.416667,0.021034,72.671239,360,150,0,0,0,263,0.833333,0,0,0.000000,0.000000,0.500000,4.285714,4.000000,5.000000,5.000000;5.000000;4.000000;4.000000;4.000000;4.000000;4.000000,12,0.434783,1,5.000000;5.000000;5.000000;5.000000;5.000000;5.000000,0.113569;0.108093;0.110033;0.112257;0.132877;0.152609,5.000000;5.000000;5.000000;5.000000;5.000000;5.000000,0,0,0,0,0,0,0,0,0,0,0,0,0,0,0,0,0,0,0,0,0,0,0,0,0,0,0,0,graph_0003__pathPersistency_0.2500,pathPersistency,0.25,graph_0003,epoch_0002
trace,olsr,0.443159,0.443028,1404,1666,105,560,1050,0.194444,0.010340,62.573897,360,70,32,0,0,451,0.388889,560,40764,8.000000,582.342857,0.500000,4.285714,4.000000,5.000000,5.000000;5.000000;4.000000;4.000000;4.000000;4.000000;4.000000,12,1.000000,1,5.000000;5.000000;5.000000;5.000000;5.000000;5.000000,nan;1.245429;0.428737;nan;nan;nan,5.000000;5.000000;5.000000;5.000000;5.000000;5.000000,355,23188,205,17576,0,0,0,0,0,0,0,0,0,0,0,0,0,0,0,0,0,0,0,0,0,0,0,0,graph_0001__pathPersistency_1.0000,pathPersistency,1.0,graph_0001,epoch_0001
trace,aodv,0.732008,0.731975,2911,3588,105,1177,1924,0.788889,0.040049,76.856616,360,284,6,0,0,757,1.577778,1177,56556,4.144366,199.140845,0.500000,4.285714,4.000000,5.000000,5.000000;5.000000;4.000000;4.000000;4.000000;4.000000;4.000000,12,1.000000,1,5.000000;5.000000;5.000000;5.000000;5.000000;5.000000,0.298303;0.089573;1.256629;1.450091;0.123741;1.487875,5.000000;5.000000;5.000000;5.000000;5.000000;5.000000,0,0,0,0,0,0,0,0,0,0,750,36000,167,8684,161,7728,86,3728,12,360,1,56,0,0,0,0,0,0,graph_0001__pathPersistency_1.0000,pathPersistency,1.0,graph_0001,epoch_0001
trace,static,0.261358,0.261345,1096,904,105,0,0,0.466667,0.023432,73.107825,360,168,0,0,0,128,0.933333,0,0,0.000000,0.000000,0.500000,4.285714,4.000000,5.000000,5.000000;5.000000;4.000000;4.000000;4.000000;4.000000;4.000000,12,1.000000,1,5.000000;5.000000;5.000000;5.000000;5.000000;5.000000,0.172536;0.089573;0.110033;0.130209;0.141693;0.165490,5.000000;5.000000;5.000000;5.000000;5.000000;5.000000,0,0,0,0,0,0,0,0,0,0,0,0,0,0,0,0,0,0,0,0,0,0,0,0,0,0,0,0,graph_0001__pathPersistency_1.0000,pathPersistency,1.0,graph_0001,epoch_0001
trace,olsr,0.391057,0.391035,1238,1591,105,566,1076,0.211111,0.011229,65.837111,360,76,8,0,0,321,0.422222,566,41488,7.447368,545.894737,0.500000,4.285714,4.000000,5.000000,5.000000;5.000000;4.000000;4.000000;4.000000;4.000000;4.000000,12,1.000000,1,5.000000;5.000000;5.000000;5.000000;5.000000;5.000000,nan;nan;0.428737;nan;nan;nan,5.000000;5.000000;5.000000;5.000000;5.000000;5.000000,354,23176,212,18312,0,0,0,0,0,0,0,0,0,0,0,0,0,0,0,0,0,0,0,0,0,0,0,0,graph_0001__pathPersistency_1.0000,pathPersistency,1.0,graph_0001,epoch_0003
trace,aodv,0.562960,0.562930,2418,3104,105,1056,1778,0.602778,0.035620,70.254925,360,217,3,56,0,530,1.205556,1056,50620,4.866359,233.271889,0.500000,4.285714,4.000000,5.000000,5.000000;5.000000;4.000000;4.000000;4.000000;4.000000;4.000000,12,1.000000,1,5.000000;5.000000;5.000000;5.000000;5.000000;5.000000,0.095901;0.089573;0.101057;nan;0.006580;nan,5.000000;5.000000;5.000000;5.000000;5.000000;5.000000,0,0,0,0,0,0,0,0,0,0,784,37632,104,5408,88,4224,74,3176,6,180,0,0,0,0,0,0,0,0,graph_0001__pathPersistency_1.0000,pathPersistency,1.0,graph_0001,epoch_0003
trace,static,0.262259,0.262245,1096,904,105,0,0,0.466667,0.023437,73.107884,360,168,0,0,0,128,0.933333,0,0,0.000000,0.000000,0.500000,4.285714,4.000000,5.000000,5.000000;5.000000;4.000000;4.000000;4.000000;4.000000;4.000000,12,1.000000,1,5.000000;5.000000;5.000000;5.000000;5.000000;5.000000,0.166076;0.089573;0.110033;0.130209;0.141693;0.170570,5.000000;5.000000;5.000000;5.000000;5.000000;5.000000,0,0,0,0,0,0,0,0,0,0,0,0,0,0,0,0,0,0,0,0,0,0,0,0,0,0,0,0,graph_0001__pathPersistency_1.0000,pathPersistency,1.0,graph_0001,epoch_0003
trace,olsr,0.320530,0.320511,1099,1472,105,563,1063,0.136111,0.007239,63.971170,360,49,9,0,0,284,0.272222,563,41268,11.489796,842.204082,0.500000,4.285714,4.000000,5.000000,5.000000;5.000000;4.000000;4.000000;4.000000;4.000000;4.000000,12,1.000000,1,5.000000;5.000000;5.000000;5.000000;5.000000;5.000000,nan;nan;nan;nan;nan;nan,5.000000;5.000000;5.000000;5.000000;5.000000;5.000000,354,23144,209,18124,0,0,0,0,0,0,0,0,0,0,0,0,0,0,0,0,0,0,0,0,0,0,0,0,graph_0001__pathPersistency_1.0000,pathPersistency,1.0,graph_0001,epoch_0004
trace,aodv,0.725856,0.725793,2914,3550,105,1122,1808,0.852778,0.043301,76.510059,360,307,3,0,0,702,1.705556,1122,53830,3.654723,175.342020,0.500000,4.285714,4.000000,5.000000,5.000000;5.000000;4.000000;4.000000;4.000000;4.000000;4.000000,12,1.000000,1,5.000000;5.000000;5.000000;5.000000;5.000000;5.000000,0.095901;0.089573;0.131135;1.451621;0.123741;1.484598,5.000000;5.000000;5.000000;5.000000;5.000000;5.000000,0,0,0,0,0,0,0,0,0,0,768,36864,133,6916,136,6528,73,3136,11,330,1,56,0,0,0,0,0,0,graph_0001__pathPersistency_1.0000,pathPersistency,1.0,graph_0001,epoch_0004
trace,static,0.262359,0.262332,1096,904,105,0,0,0.466667,0.023435,73.107921,360,168,0,0,0,128,0.933333,0,0,0.000000,0.000000,0.500000,4.285714,4.000000,5.000000,5.000000;5.000000;4.000000;4.000000;4.000000;4.000000;4.000000,12,1.000000,1,5.000000;5.000000;5.000000;5.000000;5.000000;5.000000,0.174476;0.089573;0.110033;0.130209;0.141693;0.173630,5.000000;5.000000;5.000000;5.000000;5.000000;5.000000,0,0,0,0,0,0,0,0,0,0,0,0,0,0,0,0,0,0,0,0,0,0,0,0,0,0,0,0,graph_0001__pathPersistency_1.0000,pathPersistency,1.0,graph_0001,epoch_0004
trace,olsr,0.378672,0.378640,1215,1513,105,566,1060,0.152778,0.009703,65.401686,360,55,0,0,0,380,0.305556,566,41004,10.290909,745.527273,0.500000,4.285714,4.000000,5.000000,5.000000;5.000000;4.000000;4.000000;4.000000;4.000000;4.000000,12,1.000000,1,5.000000;5.000000;5.000000;5.000000;5.000000;5.000000,nan;nan;nan;nan;nan;nan,5.000000;5.000000;5.000000;5.000000;5.000000;5.000000,358,23312,208,17692,0,0,0,0,0,0,0,0,0,0,0,0,0,0,0,0,0,0,0,0,0,0,0,0,graph_0001__pathPersistency_1.0000,pathPersistency,1.0,graph_0001,epoch_0005
trace,aodv,0.742543,0.742359,2974,3659,105,1174,1901,0.863889,0.043853,75.588129,360,311,7,0,0,744,1.727778,1174,56330,3.774920,181.125402,0.500000,4.285714,4.000000,5.000000,5.000000;5.000000;4.000000;4.000000;4.000000;4.000000;4.000000,12,1.000000,1,5.000000;5.000000;5.000000;5.000000;5.000000;5.000000,0.095901;0.089573;0.129275;1.454241;0.123741;1.487739,5.000000;5.000000;5.000000;5.000000;5.000000;5.000000,0,0,0,0,0,0,0,0,0,0,761,36528,156,8112,163,7824,83,3536,11,330,0,0,0,0,0,0,0,0,graph_0001__pathPersistency_1.0000,pathPersistency,1.0,graph_0001,epoch_0005
trace,static,0.257699,0.257690,1096,904,105,0,0,0.466667,0.023436,73.107823,360,168,0,0,0,128,0.933333,0,0,0.000000,0.000000,0.500000,4.285714,4.000000,5.000000,5.000000;5.000000;4.000000;4.000000;4.000000;4.000000;4.000000,12,1.000000,1,5.000000;5.000000;5.000000;5.000000;5.000000;5.000000,0.172080;0.089573;0.110033;0.130209;0.141693;0.156614,5.000000;5.000000;5.000000;5.000000;5.000000;5.000000,0,0,0,0,0,0,0,0,0,0,0,0,0,0,0,0,0,0,0,0,0,0,0,0,0,0,0,0,graph_0001__pathPersistency_1.0000,pathPersistency,1.0,graph_0001,epoch_0005
trace,olsr,0.397968,0.397521,1247,1533,105,569,1069,0.125000,0.007963,63.001953,360,45,24,0,0,335,0.250000,569,42164,12.644444,936.977778,0.500000,4.285714,4.000000,5.000000,5.000000;5.000000;4.000000;4.000000;4.000000;4.000000;4.000000,12,1.000000,1,5.000000;5.000000;5.000000;5.000000;5.000000;5.000000,nan;nan;nan;nan;nan;nan,5.000000;5.000000;5.000000;5.000000;5.000000;5.000000,346,22560,223,19604,0,0,0,0,0,0,0,0,0,0,0,0,0,0,0,0,0,0,0,0,0,0,0,0,graph_0001__pathPersistency_1.0000,pathPersistency,1.0,graph_0001,epoch_0002
trace,aodv,0.676851,0.675975,2576,3200,105,1129,1873,0.655556,0.033279,80.916406,360,236,4,0,0,682,1.311111,1129,54058,4.783898,229.059322,0.500000,4.285714,4.000000,5.000000,5.000000;5.000000;4.000000;4.000000;4.000000;4.000000;4.000000,12,1.000000,1,5.000000;5.000000;5.000000;5.000000;5.000000;5.000000,nan;1.441412;0.143207;1.455686;0.123741;1.478566,5.000000;5.000000;5.000000;5.000000;5.000000;5.000000,0,0,0,0,0,0,0,0,0,0,767,36816,134,6968,132,6336,81,3488,15,450,0,0,0,0,0,0,0,0,graph_0001__pathPersistency_1.0000,pathPersistency,1.0,graph_0001,epoch_0002
trace,static,0.264256,0.264061,1096,904,105,0,0,0.466667,0.023434,73.107853,360,168,0,0,0,128,0.933333,0,0,0.000000,0.000000,0.500000,4.285714,4.000000,5.000000,5.000000;5.000000;4.000000;4.000000;4.000000;4.000000;4.000000,12,1.000000,1,5.000000;5.000000;5.000000;5.000000;5.000000;5.000000,0.169796;0.089573;0.110033;0.130209;0.141693;0.168530,5.000000;5.000000;5.000000;5.000000;5.000000;5.000000,0,0,0,0,0,0,0,0,0,0,0,0,0,0,0,0,0,0,0,0,0,0,0,0,0,0,0,0,graph_0001__pathPersistency_1.0000,pathPersistency,1.0,graph_0001,epoch_0002
trace,olsr,0.379207,0.379158,1174,1447,105,573,1064,0.122222,0.006386,76.231329,360,44,30,0,0,589,0.244444,573,42492,13.022727,965.727273,0.500000,4.285714,4.000000,5.000000,5.000000;5.000000;4.000000;4.000000;4.000000;4.000000;4.000000,12,0.391304,1,5.000000;5.000000;5.000000;5.000000;5.000000;5.000000,nan;0.762717;nan;0.284789;3.435493;0.214469,5.000000;5.000000;5.000000;5.000000;5.000000;5.000000,349,22884,224,19608,0,0,0,0,0,0,0,0,0,0,0,0,0,0,0,0,0,0,0,0,0,0,0,0,graph_0001__pathPersistency_0.2500,pathPersistency,0.25,graph_0001,epoch_0001
trace,aodv,0.591696,0.591683,2432,3076,105,1248,1967,0.483333,0.028556,74.759430,360,174,6,56,0,819,0.966667,1248,59696,7.172414,343.080460,0.500000,4.285714,4.000000,5.000000,5.000000;5.000000;4.000000;4.000000;4.000000;4.000000;4.000000,12,0.391304,1,5.000000;5.000000;5.000000;5.000000;5.000000;5.000000,0.608735;0.090141;3.511914;0.112257;2.436915;nan,5.000000;5.000000;5.000000;5.000000;5.000000;5.000000,0,0,0,0,0,0,0,0,0,0,753,36144,170,8840,188,9024,114,4920,20,600,3,168,0,0,0,0,0,0,graph_0001__pathPersistency_0.2500,pathPersistency,0.25,graph_0001,epoch_0001
trace,static,0.251428,0.251409,990,777,105,0,0,0.408333,0.020618,72.027227,360,147,0,0,0,277,0.816667,0,0,0.000000,0.000000,0.500000,4.285714,4.000000,5.000000,5.000000;5.000000;4.000000;4.000000;4.000000;4.000000;4.000000,12,0.391304,1,5.000000;5.000000;5.000000;5.000000;5.000000;5.000000,0.135636;0.099117;0.110053;0.121233;0.141489;0.145656,5.000000;5.000000;5.000000;5.000000;5.000000;5.000000,0,0,0,0,0,0,0,0,0,0,0,0,0,0,0,0,0,0,0,0,0,0,0,0,0,0,0,0,graph_0001__pathPersistency_0.2500,pathPersistency,0.25,graph_0001,epoch_0001
trace,olsr,0.293549,0.293503,991,1396,105,590,1114,0.105556,0.007870,67.380239,360,38,12,0,0,366,0.211111,590,44592,15.526316,1173.473684,0.500000,4.285714,4.000000,5.000000,5.000000;5.000000;4.000000;4.000000;4.000000;4.000000;4.000000,12,0.391304,1,5.000000;5.000000;5.000000;5.000000;5.000000;5.000000,1.292397;nan;nan;0.284789;nan;nan,5.000000;5.000000;5.000000;5.000000;5.000000;5.000000,350,23008,240,21584,0,0,0,0,0,0,0,0,0,0,0,0,0,0,0,0,0,0,0,0,0,0,0,0,graph_0001__pathPersistency_0.2500,pathPersistency,0.25,graph_0001,epoch_0003
trace,aodv,0.617743,0.617615,2511,3205,105,1241,1964,0.580556,0.034017,66.665545,360,209,16,57,0,808,1.161111,1241,59326,5.937799,283.856459,0.500000,4.285714,4.000000,5.000000,5.000000;5.000000;4.000000;4.000000;4.000000;4.000000;4.000000,12,0.391304,1,5.000000;5.000000;5.000000;5.000000;5.000000;5.000000,0.615378;0.698348;0.101057;0.474836;2.688236;nan,5.000000;5.000000;5.000000;5.000000;5.000000;5.000000,0,0,0,0,0,0,0,0,0,0,748,35904,178,9256,176,8448,118,5088,21,630,0,0,0,0,0,0,0,0,graph_0001__pathPersistency_0.2500,pathPersistency,0.25,graph_0001,epoch_0003
trace,static,0.245947,0.245939,983,770,105,0,0,0.408333,0.020565,72.224362,360,147,0,0,0,273,0.816667,0,0,0.000000,0.000000,0.500000,4.285714,4.000000,5.000000,5.000000;5.000000;4.000000;4.000000;4.000000;4.000000;4.000000,12,0.391304,1,5.000000;5.000000;5.000000;5.000000;5.000000;5.000000,0.134736;0.099117;0.110053;0.121233;0.141489;0.144780,5.000000;5.000000;5.000000;5.000000;5.000000;5.000000,0,0,0,0,0,0,0,0,0,0,0,0,0,0,0,0,0,0,0,0,0,0,0,0,0,0,0,0,graph_0001__pathPersistency_0.2500,pathPersistency,0.25,graph_0001,epoch_0003
trace,olsr,0.472496,0.472376,1395,1629,105,570,1072,0.197222,0.010130,76.213500,360,71,7,0,0,584,0.394444,570,43224,8.028169,608.788732,0.500000,4.285714,4.000000,5.000000,5.000000;5.000000;4.000000;4.000000;4.000000;4.000000;4.000000,12,0.391304,1,5.000000;5.000000;5.000000;5.000000;5.000000;5.000000,1.251553;0.262673;1.258399;1.423053;0.295989;0.211201,5.000000;5.000000;5.000000;5.000000;5.000000;5.000000,349,22940,221,20284,0,0,0,0,0,0,0,0,0,0,0,0,0,0,0,0,0,0,0,0,0,0,0,0,graph_0001__pathPersistency_0.2500,pathPersistency,0.25,graph_0001,epoch_0004
trace,aodv,0.613778,0.613746,2470,3147,105,1256,1970,0.491667,0.028809,66.445598,360,177,41,56,0,966,0.983333,1256,59868,7.096045,338.237288,0.500000,4.285714,4.000000,5.000000,5.000000;5.000000;4.000000;4.000000;4.000000;4.000000;4.000000,12,0.391304,1,5.000000;5.000000;5.000000;5.000000;5.000000;5.000000,0.455861;0.942503;1.490824;0.470913;2.687016;nan,5.000000;5.000000;5.000000;5.000000;5.000000;5.000000,0,0,0,0,0,0,0,0,0,0,749,35952,170,8840,171,8208,147,6272,18,540,1,56,0,0,0,0,0,0,graph_0001__pathPersistency_0.2500,pathPersistency,0.25,graph_0001,epoch_0004
trace,static,0.254132,0.254087,986,773,105,0,0,0.408333,0.020620,72.027123,360,147,0,0,0,273,0.816667,0,0,0.000000,0.000000,0.500000,4.285714,4.000000,5.000000,5.000000;5.000000;4.000000;4.000000;4.000000;4.000000;4.000000,12,0.391304,1,5.000000;5.000000;5.000000;5.000000;5.000000;5.000000,0.134876;0.099117;0.110053;0.121233;0.141489;0.144640,5.000000;5.000000;5.000000;5.000000;5.000000;5.000000,0,0,0,0,0,0,0,0,0,0,0,0,0,0,0,0,0,0,0,0,0,0,0,0,0,0,0,0,graph_0001__pathPersistency_0.2500,pathPersistency,0.25,graph_0001,epoch_0004
trace,olsr,0.408980,0.408936,1264,1546,105,584,1103,0.150000,0.007705,71.724311,360,54,12,0,0,556,0.300000,584,43348,10.814815,802.740741,0.500000,4.285714,4.000000,5.000000,5.000000;5.000000;4.000000;4.000000;4.000000;4.000000;4.000000,12,0.391304,1,5.000000;5.000000;5.000000;5.000000;5.000000;5.000000,0.277409;0.271365;0.437443;1.422693;3.572789;0.307189,5.000000;5.000000;5.000000;5.000000;5.000000;5.000000,351,22984,233,20364,0,0,0,0,0,0,0,0,0,0,0,0,0,0,0,0,0,0,0,0,0,0,0,0,graph_0001__pathPersistency_0.2500,pathPersistency,0.25,graph_0001,epoch_0005
trace,aodv,0.686708,0.686681,2710,3420,105,1324,2103,0.638889,0.037433,73.403776,360,230,12,0,0,1053,1.277778,1324,63274,5.756522,275.104348,0.500000,4.285714,4.000000,5.000000,5.000000;5.000000;4.000000;4.000000;4.000000;4.000000;4.000000,12,0.391304,1,5.000000;5.000000;5.000000;5.000000;5.000000;5.000000,0.597280;0.433201;0.101057;0.462708;0.123457;nan,5.000000;5.000000;5.000000;5.000000;5.000000;5.000000,0,0,0,0,0,0,0,0,0,0,742,35616,191,9932,238,11424,126,5440,25,750,2,112,0,0,0,0,0,0,graph_0001__pathPersistency_0.2500,pathPersistency,0.25,graph_0001,epoch_0005
trace,static,0.246704,0.246686,983,769,105,0,0,0.405556,0.020481,72.008397,360,146,0,0,0,273,0.811111,0,0,0.000000,0.000000,0.500000,4.285714,4.000000,5.000000,5.000000;5.000000;4.000000;4.000000;4.000000;4.000000;4.000000,12,0.391304,1,5.000000;5.000000;5.000000;5.000000;5.000000;5.000000,0.125324;0.099117;0.110053;0.121233;0.141489;0.153696,5.000000;5.000000;5.000000;5.000000;5.000000;5.000000,0,0,0,0,0,0,0,0,0,0,0,0,0,0,0,0,0,0,0,0,0,0,0,0,0,0,0,0,graph_0001__pathPersistency_0.2500,pathPersistency,0.25,graph_0001,epoch_0005
trace,olsr,0.435171,0.435133,1280,1560,105,585,1114,0.169444,0.008705,76.280519,360,61,0,0,0,594,0.338889,585,44528,9.590164,729.967213,0.500000,4.285714,4.000000,5.000000,5.000000;5.000000;4.000000;4.000000;4.000000;4.000000;4.000000,12,0.391304,1,5.000000;5.000000;5.000000;5.000000;5.000000;5.000000,0.268149;0.271365;nan;nan;0.295989;0.210491,5.000000;5.000000;5.000000;5.000000;5.000000;5.000000,346,22736,239,21792,0,0,0,0,0,0,0,0,0,0,0,0,0,0,0,0,0,0,0,0,0,0,0,0,graph_0001__pathPersistency_0.2500,pathPersistency,0.25,graph_0001,epoch_0002
trace,aodv,0.626987,0.626949,2521,3202,105,1315,2040,0.480556,0.028947,66.359949,360,173,38,56,0,902,0.961111,1315,62524,7.601156,361.410405,0.500000,4.285714,4.000000,5.000000,5.000000;5.000000;4.000000;4.000000;4.000000;4.000000;4.000000,12,0.391304,1,5.000000;5.000000;5.000000;5.000000;5.000000;5.000000,0.461721;0.473715;0.695451;0.516064;2.694028;nan,5.000000;5.000000;5.000000;5.000000;5.000000;5.000000,0,0,0,0,0,0,0,0,0,0,745,35760,188,9776,201,9648,159,6680,22,660,0,0,0,0,0,0,0,0,graph_0001__pathPersistency_0.2500,pathPersistency,0.25,graph_0001,epoch_0002
trace,static,0.255138,0.255124,989,776,105,0,0,0.408333,0.020620,71.829939,360,147,0,0,0,275,0.816667,0,0,0.000000,0.000000,0.500000,4.285714,4.000000,5.000000,5.000000;5.000000;4.000000;4.000000;4.000000;4.000000;4.000000,12,0.391304,1,5.000000;5.000000;5.000000;5.000000;5.000000;5.000000,0.134536;0.099117;0.110053;0.121233;0.141489;0.144760,5.000000;5.000000;5.000000;5.000000;5.000000;5.000000,0,0,0,0,0,0,0,0,0,0,0,0,0,0,0,0,0,0,0,0,0,0,0,0,0,0,0,0,graph_0001__pathPersistency_0.2500,pathPersistency,0.25,graph_0001,epoch_0002
trace,olsr,0.381367,0.381323,1276,1570,105,559,1048,0.125000,0.006648,56.121690,360,45,33,0,0,385,0.250000,559,41308,12.422222,917.955556,0.500000,4.285714,4.000000,5.000000,5.000000;5.000000;4.000000;4.000000;4.000000;4.000000;4.000000,12,0.608696,1,5.000000;5.000000;5.000000;5.000000;5.000000;5.000000,nan;nan;2.412485;1.103719;nan;nan,5.000000;5.000000;5.000000;5.000000;5.000000;5.000000,357,23308,202,18000,0,0,0,0,0,0,0,0,0,0,0,0,0,0,0,0,0,0,0,0,0,0,0,0,graph_0004__pathPersistency_0.5000,pathPersistency,0.5,graph_0004,epoch_0001
trace,aodv,0.658269,0.658121,2714,3413,105,1278,2017,0.591667,0.030037,78.376845,360,213,51,56,0,867,1.183333,1278,60494,6.000000,284.009390,0.500000,4.285714,4.000000,5.000000,5.000000;5.000000;4.000000;4.000000;4.000000;4.000000;4.000000,12,0.608696,1,5.000000;5.000000;5.000000;5.000000;5.000000;5.000000,1.429615;nan;0.421692;0.455972;1.694764;0.503296,5.000000;5.000000;5.000000;5.000000;5.000000;5.000000,0,0,0,0,0,0,0,0,0,0,732,35136,187,9724,134,6432,209,8696,15,450,1,56,0,0,0,0,0,0,graph_0004__pathPersistency_0.5000,pathPersistency,0.5,graph_0004,epoch_0001
trace,static,0.261359,0.261311,1062,856,105,0,0,0.427778,0.021481,71.896719,360,154,0,0,0,216,0.855556,0,0,0.000000,0.000000,0.500000,4.285714,4.000000,5.000000,5.000000;5.000000;4.000000;4.000000;4.000000;4.000000;4.000000,12,0.608696,1,5.000000;5.000000;5.000000;5.000000;5.000000;5.000000,0.119337;0.163918;0.110317;0.112541;0.132717;0.169388,5.000000;5.000000;5.000000;5.000000;5.000000;5.000000,0,0,0,0,0,0,0,0,0,0,0,0,0,0,0,0,0,0,0,0,0,0,0,0,0,0,0,0,graph_0004__pathPersistency_0.5000,pathPersistency,0.5,graph_0004,epoch_0001
trace,olsr,0.417168,0.417044,1332,1620,105,567,1036,0.180556,0.009602,70.165288,360,65,34,0,0,435,0.361111,567,41804,8.723077,643.138462,0.500000,4.285714,4.000000,5.000000,5.000000;5.000000;4.000000;4.000000;4.000000;4.000000;4.000000,12,0.608696,1,5.000000;5.000000;5.000000;5.000000;5.000000;5.000000,nan;nan;2.271259;0.302471;3.431075;nan,5.000000;5.000000;5.000000;5.000000;5.000000;5.000000,354,23200,213,18604,0,0,0,0,0,0,0,0,0,0,0,0,0,0,0,0,0,0,0,0,0,0,0,0,graph_0004__pathPersistency_0.5000,pathPersistency,0.5,graph_0004,epoch_0003
trace,aodv,0.532235,0.532199,2385,2927,105,1140,1824,0.250000,0.012691,78.873252,360,90,16,112,0,683,0.500000,1140,54366,12.666667,604.066667,0.500000,4.285714,4.000000,5.000000,5.000000;5.000000;4.000000;4.000000;4.000000;4.000000;4.000000,12,0.608696,1,5.000000;5.000000;5.000000;5.000000;5.000000;5.000000,nan;nan;nan;3.081556;nan;0.638120,5.000000;5.000000;5.000000;5.000000;5.000000;5.000000,0,0,0,0,0,0,0,0,0,0,755,36240,144,7488,109,5232,119,5016,13,390,0,0,0,0,0,0,0,0,graph_0004__pathPersistency_0.5000,pathPersistency,0.5,graph_0004,epoch_0003
trace,static,0.262768,0.262743,1062,856,105,0,0,0.427778,0.021479,71.896684,360,154,0,0,0,217,0.855556,0,0,0.000000,0.000000,0.500000,4.285714,4.000000,5.000000,5.000000;5.000000;4.000000;4.000000;4.000000;4.000000;4.000000,12,0.608696,1,5.000000;5.000000;5.000000;5.000000;5.000000;5.000000,0.118257;0.163064;0.110317;0.112541;0.132717;0.168128,5.000000;5.000000;5.000000;5.000000;5.000000;5.000000,0,0,0,0,0,0,0,0,0,0,0,0,0,0,0,0,0,0,0,0,0,0,0,0,0,0,0,0,graph_0004__pathPersistency_0.5000,pathPersistency,0.5,graph_0004,epoch_0003
trace,olsr,0.363698,0.363580,1193,1514,105,556,1027,0.138889,0.008637,57.853146,360,50,11,0,0,349,0.277778,556,41568,11.120000,831.360000,0.500000,4.285714,4.000000,5.000000,5.000000;5.000000;4.000000;4.000000;4.000000;4.000000;4.000000,12,0.608696,1,5.000000;5.000000;5.000000;5.000000;5.000000;5.000000,nan;nan;nan;nan;0.215569;nan,5.000000;5.000000;5.000000;5.000000;5.000000;5.000000,355,23176,201,18392,0,0,0,0,0,0,0,0,0,0,0,0,0,0,0,0,0,0,0,0,0,0,0,0,graph_0004__pathPersistency_0.5000,pathPersistency,0.5,graph_0004,epoch_0004
trace,aodv,0.653410,0.653335,2671,3320,105,1213,1913,0.591667,0.030033,78.213640,360,213,40,56,0,871,1.183333,1213,57884,5.694836,271.755869,0.500000,4.285714,4.000000,5.000000,5.000000;5.000000;4.000000;4.000000;4.000000;4.000000;4.000000,12,0.608696,1,5.000000;5.000000;5.000000;5.000000;5.000000;5.000000,1.444630;nan;0.305260;0.112541;1.696265;0.488626,5.000000;5.000000;5.000000;5.000000;5.000000;5.000000,0,0,0,0,0,0,0,0,0,0,743,35664,184,9568,129,6192,142,5984,14,420,1,56,0,0,0,0,0,0,graph_0004__pathPersistency_0.5000,pathPersistency,0.5,graph_0004,epoch_0004
trace,static,0.260123,0.260093,1062,856,105,0,0,0.427778,0.021482,71.896635,360,154,0,0,0,217,0.855556,0,0,0.000000,0.000000,0.500000,4.285714,4.000000,5.000000,5.000000;5.000000;4.000000;4.000000;4.000000;4.000000;4.000000,12,0.608696,1,5.000000;5.000000;5.000000;5.000000;5.000000;5.000000,0.118217;0.157004;0.110317;0.112541;0.132717;0.167308,5.000000;5.000000;5.000000;5.000000;5.000000;5.000000,0,0,0,0,0,0,0,0,0,0,0,0,0,0,0,0,0,0,0,0,0,0,0,0,0,0,0,0,graph_0004__pathPersistency_0.5000,pathPersistency,0.5,graph_0004,epoch_0004
trace,olsr,0.417121,0.416703,1308,1599,105,565,1032,0.155556,0.008272,67.105790,360,56,11,0,0,434,0.311111,565,41708,10.089286,744.785714,0.500000,4.285714,4.000000,5.000000,5.000000;5.000000;4.000000;4.000000;4.000000;4.000000;4.000000,12,0.608696,1,5.000000;5.000000;5.000000;5.000000;5.000000;5.000000,nan;nan;2.272789;nan;0.229155;nan,5.000000;5.000000;5.000000;5.000000;5.000000;5.000000,349,22736,216,18972,0,0,0,0,0,0,0,0,0,0,0,0,0,0,0,0,0,0,0,0,0,0,0,0,graph_0004__pathPersistency_0.5000,pathPersistency,0.5,graph_0004,epoch_0005
trace,aodv,0.573394,0.572724,2401,3088,105,1140,1856,0.538889,0.027354,78.086552,360,194,18,119,0,623,1.077778,1140,54502,5.876289,280.938144,0.500000,4.285714,4.000000,5.000000,5.000000;5.000000;4.000000;4.000000;4.000000;4.000000;4.000000,12,0.608696,1,5.000000;5.000000;5.000000;5.000000;5.000000;5.000000,1.262955;nan;nan;0.112541;1.706020;0.478580,5.000000;5.000000;5.000000;5.000000;5.000000;5.000000,0,0,0,0,0,0,0,0,0,0,747,35856,160,8320,107,5136,112,4744,13,390,1,56,0,0,0,0,0,0,graph_0004__pathPersistency_0.5000,pathPersistency,0.5,graph_0004,epoch_0005
trace,static,0.274549,0.274192,1064,859,105,0,0,0.430556,0.021619,71.915027,360,155,0,0,0,216,0.861111,0,0,0.000000,0.000000,0.500000,4.285714,4.000000,5.000000,5.000000;5.000000;4.000000;4.000000;4.000000;4.000000;4.000000,12,0.608696,1,5.000000;5.000000;5.000000;5.000000;5.000000;5.000000,0.118177;0.161838;0.110317;0.112541;0.132717;0.167308,5.000000;5.000000;5.000000;5.000000;5.000000;5.000000,0,0,0,0,0,0,0,0,0,0,0,0,0,0,0,0,0,0,0,0,0,0,0,0,0,0,0,0,graph_0004__pathPersistency_0.5000,pathPersistency,0.5,graph_0004,epoch_0005
trace,olsr,0.407836,0.407809,1352,1660,105,554,1041,0.158333,0.008419,65.716613,360,57,39,0,0,467,0.316667,554,40692,9.719298,713.894737,0.500000,4.285714,4.000000,5.000000,5.000000;5.000000;4.000000;4.000000;4.000000;4.000000;4.000000,12,0.608696,1,5.000000;5.000000;5.000000;5.000000;5.000000;5.000000,nan;nan;2.427143;0.302471;3.736629;nan,5.000000;5.000000;5.000000;5.000000;5.000000;5.000000,352,23040,202,17652,0,0,0,0,0,0,0,0,0,0,0,0,0,0,0,0,0,0,0,0,0,0,0,0,graph_0004__pathPersistency_0.5000,pathPersistency,0.5,graph_0004,epoch_0002
trace,aodv,0.596866,0.596714,2501,3201,105,1250,1996,0.452778,0.023371,75.149575,360,163,39,112,0,643,0.905556,1250,59332,7.668712,364.000000,0.500000,4.285714,4.000000,5.000000,5.000000;5.000000;4.000000;4.000000;4.000000;4.000000;4.000000,12,0.608696,1,5.000000;5.000000;5.000000;5.000000;5.000000;5.000000,1.270774;nan;0.424794;0.480234;nan;0.483488,5.000000;5.000000;5.000000;5.000000;5.000000;5.000000,0,0,0,0,0,0,0,0,0,0,731,35088,182,9464,136,6528,179,7488,18,540,4,224,0,0,0,0,0,0,graph_0004__pathPersistency_0.5000,pathPersistency,0.5,graph_0004,epoch_0002
trace,static,0.263107,0.263093,1062,856,105,0,0,0.427778,0.021478,71.896621,360,154,0,0,0,219,0.855556,0,0,0.000000,0.000000,0.500000,4.285714,4.000000,5.000000,5.000000;5.000000;4.000000;4.000000;4.000000;4.000000;4.000000,12,0.608696,1,5.000000;5.000000;5.000000;5.000000;5.000000;5.000000,0.119297;0.156688;0.110317;0.112541;0.132717;0.168308,5.000000;5.000000;5.000000;5.000000;5.000000;5.000000,0,0,0,0,0,0,0,0,0,0,0,0,0,0,0,0,0,0,0,0,0,0,0,0,0,0,0,0,graph_0004__pathPersistency_0.5000,pathPersistency,0.5,graph_0004,epoch_0002
