scenario,protocol,wall_time_s,cpu_time_s,ip_tx_cb_calls,ip_rx_cb_calls,frame_apply_calls,routing_tx,routing_rx,pdr,goodput_mbps,eed_mean_s,app_tx_pkts,app_rx_pkts,ip_drop_no_route,ip_drop_route_err,phy_tx_drop,phy_rx_drop,routing_efficiency,control_packets,control_bytes,control_packets_per_delivered,control_bytes_per_delivered,oracle_uptime_ratio,oracle_mean_up_run_s,oracle_median_up_run_s,oracle_p90_up_run_s,oracle_up_runs_s,oracle_transition_count,oracle_path_identity_retention,oracle_has_alternative_paths,oracle_outage_durations_s,reestablishment_times_s,reestablishment_outage_durations_s,olsr_hello_packets,olsr_hello_bytes,olsr_tc_packets,olsr_tc_bytes,olsr_mid_packets,olsr_mid_bytes,olsr_hna_packets,olsr_hna_bytes,olsr_other_packets,olsr_other_bytes,aodv_hello_packets,aodv_hello_bytes,aodv_rreq_packets,aodv_rreq_bytes,aodv_rrep_packets,aodv_rrep_bytes,aodv_rerr_packets,aodv_rerr_bytes,aodv_rrep_ack_packets,aodv_rrep_ack_bytes,aodv_other_packets,aodv_other_bytes,dsdv_update_packets,dsdv_update_bytes,dsdv_other_packets,dsdv_other_bytes,static_other_packets,static_other_bytes,label,param_name,param_value,realization_id,replay_epoch
trace,olsr,0.398219,0.396458,1428,1475,105,333,511,0.580556,0.029137,75.694875,360,209,0,0,0,286,1.161111,333,21824,1.593301,104.421053,0.500000,2.307692,2.000000,3.000000,3.000000;3.000000;3.000000;3.000000;2.000000;2.000000;2.000000;2.000000;2.000000;2.000000;2.000000;2.000000;2.000000,24,nan,0,3.000000;3.000000;3.000000;3.000000;3.000000;3.000000;2.000000;2.000000;2.000000;2.000000;2.000000;2.000000,0.163173;0.061413;2.581293;0.021733;0.100773;0.015973;0.111973;0.044133;0.140133;0.072293;0.004453;0.100453,3.000000;3.000000;3.000000;3.000000;3.000000;3.000000;2.000000;2.000000;2.000000;2.000000;2.000000;2.000000,228,13696,105,8128,0,0,0,0,0,0,0,0,0,0,0,0,0,0,0,0,0,0,0,0,0,0,0,0,graph_0002__stability_0.6000,stability,0.6,graph_0002,epoch_0001
trace,aodv,0.475567,0.475297,2049,2258,105,681,924,0.716667,0.036112,73.440092,360,258,12,56,0,343,1.433333,681,32678,2.639535,126.658915,0.500000,2.307692,2.000000,3.000000,3.000000;3.000000;3.000000;3.000000;2.000000;2.000000;2.000000;2.000000;2.000000;2.000000;2.000000;2.000000;2.000000,24,nan,0,3.000000;3.000000;3.000000;3.000000;3.000000;3.000000;2.000000;2.000000;2.000000;2.000000;2.000000;2.000000,1.500149;1.235865;0.484468;1.521934;1.764342;nan;nan;0.044133;1.479325;0.072293;0.004453;0.100453,3.000000;3.000000;3.000000;3.000000;3.000000;3.000000;2.000000;2.000000;2.000000;2.000000;2.000000;2.000000,0,0,0,0,0,0,0,0,0,0,471,22608,93,4836,71,3408,39,1616,7,210,0,0,0,0,0,0,0,0,graph_0002__stability_0.6000,stability,0.6,graph_0002,epoch_0001
trace,static,0.186089,0.186064,847,647,105,0,0,0.444444,0.022306,73.550898,360,160,0,0,0,81,0.888889,0,0,0.000000,0.000000,0.500000,2.307692,2.000000,3.000000,3.000000;3.000000;3.000000;3.000000;2.000000;2.000000;2.000000;2.000000;2.000000;2.000000;2.000000;2.000000;2.000000,24,nan,0,3.000000;3.000000;3.000000;3.000000;3.000000;3.000000;2.000000;2.000000;2.000000;2.000000;2.000000;2.000000,0.171879;0.070389;0.132469;0.030749;0.109749;0.024969;0.120949;0.053109;0.149109;0.081269;0.013429;0.109429,3.000000;3.000000;3.000000;3.000000;3.000000;3.000000;2.000000;2.000000;2.000000;2.000000;2.000000;2.000000,0,0,0,0,0,0,0,0,0,0,0,0,0,0,0,0,0,0,0,0,0,0,0,0,0,0,0,0,graph_0002__stability_0.6000,stability,0.6,graph_0002,epoch_0001
trace,olsr,0.413984,0.413735,1498,1546,105,331,509,0.630556,0.031647,74.531718,360,227,3,0,0,285,1.261111,331,21760,1.458150,95.859031,0.500000,2.307692,2.000000,3.000000,3.000000;3.000000;3.000000;3.000000;2.000000;2.000000;2.000000;2.000000;2.000000;2.000000;2.000000;2.000000;2.000000,24,nan,0,3.000000;3.000000;3.000000;3.000000;3.000000;3.000000;2.000000;2.000000;2.000000;2.000000;2.000000;2.000000,0.163173;0.061413;0.123493;0.021733;0.100773;0.015973;0.111973;0.044133;0.140133;0.072293;0.004453;0.100453,3.000000;3.000000;3.000000;3.000000;3.000000;3.000000;2.000000;2.000000;2.000000;2.000000;2.000000;2.000000,229,13760,102,8000,0,0,0,0,0,0,0,0,0,0,0,0,0,0,0,0,0,0,0,0,0,0,0,0,graph_0002__stability_0.6000,stability,0.6,graph_0002,epoch_0003
trace,aodv,0.460753,0.460534,2072,2260,105,686,904,0.733333,0.036946,75.613192,360,264,10,56,0,430,1.466667,686,32980,2.598485,124.924242,0.500000,2.307692,2.000000,3.000000,3.000000;3.000000;3.000000;3.000000;2.000000;2.000000;2.000000;2.000000;2.000000;2.000000;2.000000;2.000000;2.000000,24,nan,0,3.000000;3.000000;3.000000;3.000000;3.000000;3.000000;2.000000;2.000000;2.000000;2.000000;2.000000;2.000000,1.489473;1.563322;0.470448;nan;nan;0.015973;1.440028;1.538603;1.487605;0.072293;0.004453;0.100453,3.000000;3.000000;3.000000;3.000000;3.000000;3.000000;2.000000;2.000000;2.000000;2.000000;2.000000;2.000000,0,0,0,0,0,0,0,0,0,0,466,22368,100,5200,73,3504,41,1728,6,180,0,0,0,0,0,0,0,0,graph_0002__stability_0.6000,stability,0.6,graph_0002,epoch_0003
trace,static,0.180299,0.180129,847,647,105,0,0,0.444444,0.022303,73.550845,360,160,0,0,0,82,0.888889,0,0,0.000000,0.000000,0.500000,2.307692,2.000000,3.000000,3.000000;3.000000;3.000000;3.000000;2.000000;2.000000;2.000000;2.000000;2.000000;2.000000;2.000000;2.000000;2.000000,24,nan,0,3.000000;3.000000;3.000000;3.000000;3.000000;3.000000;2.000000;2.000000;2.000000;2.000000;2.000000;2.000000,0.171879;0.070389;0.132469;0.030749;0.109749;0.024969;0.120949;0.053109;0.149109;0.081269;0.013429;0.109429,3.000000;3.000000;3.000000;3.000000;3.000000;3.000000;2.000000;2.000000;2.000000;2.000000;2.000000;2.000000,0,0,0,0,0,0,0,0,0,0,0,0,0,0,0,0,0,0,0,0,0,0,0,0,0,0,0,0,graph_0002__stability_0.6000,stability,0.6,graph_0002,epoch_0003
trace,olsr,0.398469,0.398315,1425,1461,105,328,494,0.580556,0.029139,75.745927,360,209,1,0,0,298,1.161111,328,21664,1.569378,103.655502,0.500000,2.307692,2.000000,3.000000,3.000000;3.000000;3.000000;3.000000;2.000000;2.000000;2.000000;2.000000;2.000000;2.000000;2.000000;2.000000;2.000000,24,nan,0,3.000000;3.000000;3.000000;3.000000;3.000000;3.000000;2.000000;2.000000;2.000000;2.000000;2.000000;2.000000,0.163173;0.061413;2.744933;0.021733;0.100773;0.015973;0.111973;0.044133;0.140133;0.072293;0.004453;0.100453,3.000000;3.000000;3.000000;3.000000;3.000000;3.000000;2.000000;2.000000;2.000000;2.000000;2.000000;2.000000,228,13696,100,7968,0,0,0,0,0,0,0,0,0,0,0,0,0,0,0,0,0,0,0,0,0,0,0,0,graph_0002__stability_0.6000,stability,0.6,graph_0002,epoch_0004
trace,aodv,0.469342,0.469313,2070,2288,105,680,926,0.738889,0.037237,75.614604,360,266,10,56,0,347,1.477778,680,32652,2.556391,122.751880,0.500000,2.307692,2.000000,3.000000,3.000000;3.000000;3.000000;3.000000;2.000000;2.000000;2.000000;2.000000;2.000000;2.000000;2.000000;2.000000;2.000000,24,nan,0,3.000000;3.000000;3.000000;3.000000;3.000000;3.000000;2.000000;2.000000;2.000000;2.000000;2.000000;2.000000,1.494381;1.410217;0.487948;nan;nan;0.015973;1.444514;1.544904;1.481185;0.072293;0.004453;0.100453,3.000000;3.000000;3.000000;3.000000;3.000000;3.000000;2.000000;2.000000;2.000000;2.000000;2.000000;2.000000,0,0,0,0,0,0,0,0,0,0,469,22512,96,4992,65,3120,44,1848,6,180,0,0,0,0,0,0,0,0,graph_0002__stability_0.6000,stability,0.6,graph_0002,epoch_0004
trace,static,0.183775,0.183611,847,647,105,0,0,0.444444,0.022307,73.550922,360,160,0,0,0,83,0.888889,0,0,0.000000,0.000000,0.500000,2.307692,2.000000,3.000000,3.000000;3.000000;3.000000;3.000000;2.000000;2.000000;2.000000;2.000000;2.000000;2.000000;2.000000;2.000000;2.000000,24,nan,0,3.000000;3.000000;3.000000;3.000000;3.000000;3.000000;2.000000;2.000000;2.000000;2.000000;2.000000;2.000000,0.171879;0.070389;0.132469;0.030749;0.109749;0.024969;0.120949;0.053109;0.149109;0.081269;0.013429;0.109429,3.000000;3.000000;3.000000;3.000000;3.000000;3.000000;2.000000;2.000000;2.000000;2.000000;2.000000;2.000000,0,0,0,0,0,0,0,0,0,0,0,0,0,0,0,0,0,0,0,0,0,0,0,0,0,0,0,0,graph_0002__stability_0.6000,stability,0.6,graph_0002,epoch_0004
trace,olsr,0.411232,0.410529,1507,1561,105,333,519,0.633333,0.031789,74.768501,360,228,0,0,0,281,1.266667,333,21920,1.460526,96.140351,0.500000,2.307692,2.000000,3.000000,3.000000;3.000000;3.000000;3.000000;2.000000;2.000000;2.000000;2.000000;2.000000;2.000000;2.000000;2.000000;2.000000,24,nan,0,3.000000;3.000000;3.000000;3.000000;3.000000;3.000000;2.000000;2.000000;2.000000;2.000000;2.000000;2.000000,0.163173;0.061413;0.123493;0.021733;0.102233;0.015973;0.111973;0.044133;0.140133;0.072293;0.004453;0.100453,3.000000;3.000000;3.000000;3.000000;3.000000;3.000000;2.000000;2.000000;2.000000;2.000000;2.000000;2.000000,230,13824,103,8096,0,0,0,0,0,0,0,0,0,0,0,0,0,0,0,0,0,0,0,0,0,0,0,0,graph_0002__stability_0.6000,stability,0.6,graph_0002,epoch_0005
trace,aodv,0.515212,0.515060,2300,2524,105,709,961,0.877778,0.044243,75.151650,360,316,16,0,0,393,1.755556,709,33894,2.243671,107.259494,0.500000,2.307692,2.000000,3.000000,3.000000;3.000000;3.000000;3.000000;2.000000;2.000000;2.000000;2.000000;2.000000;2.000000;2.000000;2.000000;2.000000,24,nan,0,3.000000;3.000000;3.000000;3.000000;3.000000;3.000000;2.000000;2.000000;2.000000;2.000000;2.000000;2.000000,1.499134;1.232005;0.470568;1.358270;1.589384;0.522608;1.437033;1.549984;1.484864;0.072293;0.004453;0.100453,3.000000;3.000000;3.000000;3.000000;3.000000;3.000000;2.000000;2.000000;2.000000;2.000000;2.000000;2.000000,0,0,0,0,0,0,0,0,0,0,463,22224,104,5408,75,3600,58,2392,9,270,0,0,0,0,0,0,0,0,graph_0002__stability_0.6000,stability,0.6,graph_0002,epoch_0005
trace,static,0.179252,0.179213,847,647,105,0,0,0.444444,0.022308,73.550926,360,160,0,0,0,83,0.888889,0,0,0.000000,0.000000,0.500000,2.307692,2.000000,3.000000,3.000000;3.000000;3.000000;3.000000;2.000000;2.000000;2.000000;2.000000;2.000000;2.000000;2.000000;2.000000;2.000000,24,nan,0,3.000000;3.000000;3.000000;3.000000;3.000000;3.000000;2.000000;2.000000;2.000000;2.000000;2.000000;2.000000,0.171879;0.070389;0.132469;0.030749;0.109749;0.024969;0.120949;0.053109;0.149109;0.081269;0.013429;0.109429,3.000000;3.000000;3.000000;3.000000;3.000000;3.000000;2.000000;2.000000;2.000000;2.000000;2.000000;2.000000,0,0,0,0,0,0,0,0,0,0,0,0,0,0,0,0,0,0,0,0,0,0,0,0,0,0,0,0,graph_0002__stability_0.6000,stability,0.6,graph_0002,epoch_0005
trace,olsr,0.415782,0.415770,1500,1537,105,326,495,0.633333,0.031787,74.821125,360,228,0,0,0,288,1.266667,326,21624,1.429825,94.842105,0.500000,2.307692,2.000000,3.000000,3.000000;3.000000;3.000000;3.000000;2.000000;2.000000;2.000000;2.000000;2.000000;2.000000;2.000000;2.000000;2.000000,24,nan,0,3.000000;3.000000;3.000000;3.000000;3.000000;3.000000;2.000000;2.000000;2.000000;2.000000;2.000000;2.000000,0.163173;0.061413;0.123493;0.021733;0.100773;0.015973;0.111973;0.044133;0.140133;0.072293;0.004453;0.100453,3.000000;3.000000;3.000000;3.000000;3.000000;3.000000;2.000000;2.000000;2.000000;2.000000;2.000000;2.000000,227,13632,99,7992,0,0,0,0,0,0,0,0,0,0,0,0,0,0,0,0,0,0,0,0,0,0,0,0,graph_0002__stability_0.6000,stability,0.6,graph_0002,epoch_0002
trace,aodv,0.525337,0.525098,2303,2520,105,713,949,0.886111,0.044646,75.216804,360,319,22,0,0,415,1.772222,713,34070,2.235110,106.802508,0.500000,2.307692,2.000000,3.000000,3.000000;3.000000;3.000000;3.000000;2.000000;2.000000;2.000000;2.000000;2.000000;2.000000;2.000000;2.000000;2.000000,24,nan,0,3.000000;3.000000;3.000000;3.000000;3.000000;3.000000;2.000000;2.000000;2.000000;2.000000;2.000000;2.000000,1.494321;1.222881;0.471768;1.350841;1.264830;0.534968;1.447788;1.544745;1.490105;0.072293;0.004453;0.100453,3.000000;3.000000;3.000000;3.000000;3.000000;3.000000;2.000000;2.000000;2.000000;2.000000;2.000000;2.000000,0,0,0,0,0,0,0,0,0,0,463,22224,106,5512,75,3600,60,2464,9,270,0,0,0,0,0,0,0,0,graph_0002__stability_0.6000,stability,0.6,graph_0002,epoch_0002
trace,static,0.182180,0.181966,847,647,105,0,0,0.444444,0.022307,73.550918,360,160,0,0,0,84,0.888889,0,0,0.000000,0.000000,0.500000,2.307692,2.000000,3.000000,3.000000;3.000000;3.000000;3.000000;2.000000;2.000000;2.000000;2.000000;2.000000;2.000000;2.000000;2.000000;2.000000,24,nan,0,3.000000;3.000000;3.000000;3.000000;3.000000;3.000000;2.000000;2.000000;2.000000;2.000000;2.000000;2.000000,0.171879;0.070389;0.132469;0.030749;0.109749;0.024969;0.120949;0.053109;0.149109;0.081269;0.013429;0.109429,3.000000;3.000000;3.000000;3.000000;3.000000;3.000000;2.000000;2.000000;2.000000;2.000000;2.000000;2.000000,0,0,0,0,0,0,0,0,0,0,0,0,0,0,0,0,0,0,0,0,0,0,0,0,0,0,0,0,graph_0002__stability_0.6000,stability,0.6,graph_0002,epoch_0002
trace,olsr,0.392365,0.392279,1352,1388,105,325,480,0.533333,0.026767,76.966512,360,192,10,0,0,296,1.066667,325,21472,1.692708,111.833333,0.500000,2.307692,2.000000,3.000000,3.000000;3.000000;3.000000;3.000000;2.000000;2.000000;2.000000;2.000000;2.000000;2.000000;2.000000;2.000000;2.000000,24,nan,0,3.000000;3.000000;3.000000;3.000000;3.000000;3.000000;2.000000;2.000000;2.000000;2.000000;2.000000;2.000000,0.163173;0.061413;nan;1.660133;0.100773;0.015973;0.111973;0.044133;0.140133;0.072293;0.004453;0.100453,3.000000;3.000000;3.000000;3.000000;3.000000;3.000000;2.000000;2.000000;2.000000;2.000000;2.000000;2.000000,227,13632,98,7840,0,0,0,0,0,0,0,0,0,0,0,0,0,0,0,0,0,0,0,0,0,0,0,0,graph_0004__stability_0.6000,stability,0.6,graph_0004,epoch_0001
trace,aodv,0.518630,0.518405,2290,2499,105,704,934,0.897222,0.045210,74.968536,360,323,16,0,0,400,1.794444,704,33660,2.179567,104.210526,0.500000,2.307692,2.000000,3.000000,3.000000;3.000000;3.000000;3.000000;2.000000;2.000000;2.000000;2.000000;2.000000;2.000000;2.000000;2.000000;2.000000,24,nan,0,3.000000;3.000000;3.000000;3.000000;3.000000;3.000000;2.000000;2.000000;2.000000;2.000000;2.000000;2.000000,0.515689;1.217449;0.465304;0.544768;0.453605;1.689129;1.460964;0.044133;0.140133;0.072293;1.503504;0.100453,3.000000;3.000000;3.000000;3.000000;3.000000;3.000000;2.000000;2.000000;2.000000;2.000000;2.000000;2.000000,0,0,0,0,0,0,0,0,0,0,471,22608,94,4888,78,3744,51,2120,10,300,0,0,0,0,0,0,0,0,graph_0004__stability_0.6000,stability,0.6,graph_0004,epoch_0001
trace,static,0.181789,0.181772,854,654,105,0,0,0.444444,0.022306,73.550887,360,160,0,0,0,86,0.888889,0,0,0.000000,0.000000,0.500000,2.307692,2.000000,3.000000,3.000000;3.000000;3.000000;3.000000;2.000000;2.000000;2.000000;2.000000;2.000000;2.000000;2.000000;2.000000;2.000000,24,nan,0,3.000000;3.000000;3.000000;3.000000;3.000000;3.000000;2.000000;2.000000;2.000000;2.000000;2.000000;2.000000,0.172149;0.070389;0.132469;0.030769;0.109749;0.025009;0.120949;0.053189;0.149109;0.080999;0.013429;0.109429,3.000000;3.000000;3.000000;3.000000;3.000000;3.000000;2.000000;2.000000;2.000000;2.000000;2.000000;2.000000,0,0,0,0,0,0,0,0,0,0,0,0,0,0,0,0,0,0,0,0,0,0,0,0,0,0,0,0,graph_0004__stability_0.6000,stability,0.6,graph_0004,epoch_0001
trace,olsr,0.398049,0.397775,1422,1455,105,328,494,0.569444,0.028581,76.658851,360,205,13,0,0,303,1.138889,328,21592,1.600000,105.326829,0.500000,2.307692,2.000000,3.000000,3.000000;3.000000;3.000000;3.000000;2.000000;2.000000;2.000000;2.000000;2.000000;2.000000;2.000000;2.000000;2.000000,24,nan,0,3.000000;3.000000;3.000000;3.000000;3.000000;3.000000;2.000000;2.000000;2.000000;2.000000;2.000000;2.000000,0.163173;0.061413;nan;0.021733;0.100773;0.015973;0.111973;0.044133;0.140133;0.072293;0.004453;0.100453,3.000000;3.000000;3.000000;3.000000;3.000000;3.000000;2.000000;2.000000;2.000000;2.000000;2.000000;2.000000,229,13760,99,7832,0,0,0,0,0,0,0,0,0,0,0,0,0,0,0,0,0,0,0,0,0,0,0,0,graph_0004__stability_0.6000,stability,0.6,graph_0004,epoch_0003
trace,aodv,0.454610,0.454483,2033,2234,105,655,884,0.750000,0.037801,73.293413,360,270,6,56,0,344,1.500000,655,31484,2.425926,116.607407,0.500000,2.307692,2.000000,3.000000,3.000000;3.000000;3.000000;3.000000;2.000000;2.000000;2.000000;2.000000;2.000000;2.000000;2.000000;2.000000;2.000000,24,nan,0,3.000000;3.000000;3.000000;3.000000;3.000000;3.000000;2.000000;2.000000;2.000000;2.000000;2.000000;2.000000,0.511894;1.389281;0.471424;0.548788;0.445984;nan;nan;0.044133;0.140133;0.072293;1.509244;0.100453,3.000000;3.000000;3.000000;3.000000;3.000000;3.000000;2.000000;2.000000;2.000000;2.000000;2.000000;2.000000,0,0,0,0,0,0,0,0,0,0,477,22896,81,4212,63,3024,26,1112,8,240,0,0,0,0,0,0,0,0,graph_0004__stability_0.6000,stability,0.6,graph_0004,epoch_0003
trace,static,0.178411,0.178403,854,654,105,0,0,0.444444,0.022307,73.550907,360,160,0,0,0,85,0.888889,0,0,0.000000,0.000000,0.500000,2.307692,2.000000,3.000000,3.000000;3.000000;3.000000;3.000000;2.000000;2.000000;2.000000;2.000000;2.000000;2.000000;2.000000;2.000000;2.000000,24,nan,0,3.000000;3.000000;3.000000;3.000000;3.000000;3.000000;2.000000;2.000000;2.000000;2.000000;2.000000;2.000000,0.172149;0.070389;0.132469;0.030769;0.109749;0.025009;0.120949;0.053189;0.149109;0.080999;0.013429;0.109429,3.000000;3.000000;3.000000;3.000000;3.000000;3.000000;2.000000;2.000000;2.000000;2.000000;2.000000;2.000000,0,0,0,0,0,0,0,0,0,0,0,0,0,0,0,0,0,0,0,0,0,0,0,0,0,0,0,0,graph_0004__stability_0.6000,stability,0.6,graph_0004,epoch_0003
trace,olsr,0.429070,0.428710,1481,1524,105,332,505,0.619444,0.031089,75.345112,360,223,0,0,0,284,1.238889,332,21816,1.488789,97.829596,0.500000,2.307692,2.000000,3.000000,3.000000;3.000000;3.000000;3.000000;2.000000;2.000000;2.000000;2.000000;2.000000;2.000000;2.000000;2.000000;2.000000,24,nan,0,3.000000;3.000000;3.000000;3.000000;3.000000;3.000000;2.000000;2.000000;2.000000;2.000000;2.000000;2.000000,0.163173;0.061413;0.123493;0.021733;0.100773;0.015973;0.111973;0.044133;0.140133;0.072293;0.004453;0.100453,3.000000;3.000000;3.000000;3.000000;3.000000;3.000000;2.000000;2.000000;2.000000;2.000000;2.000000;2.000000,230,13824,102,7992,0,0,0,0,0,0,0,0,0,0,0,0,0,0,0,0,0,0,0,0,0,0,0,0,graph_0004__stability_0.6000,stability,0.6,graph_0004,epoch_0004
trace,aodv,0.518863,0.518841,2264,2475,105,680,922,0.888889,0.044786,74.739267,360,320,9,0,0,445,1.777778,680,32718,2.125000,102.243750,0.500000,2.307692,2.000000,3.000000,3.000000;3.000000;3.000000;3.000000;2.000000;2.000000;2.000000;2.000000;2.000000;2.000000;2.000000;2.000000;2.000000,24,nan,0,3.000000;3.000000;3.000000;3.000000;3.000000;3.000000;2.000000;2.000000;2.000000;2.000000;2.000000;2.000000,0.517866;1.224630;0.468110;0.536168;0.457869;1.677390;1.443610;0.044133;0.140133;0.072293;1.499384;0.100453,3.000000;3.000000;3.000000;3.000000;3.000000;3.000000;2.000000;2.000000;2.000000;2.000000;2.000000;2.000000,0,0,0,0,0,0,0,0,0,0,471,22608,92,4784,76,3648,36,1528,5,150,0,0,0,0,0,0,0,0,graph_0004__stability_0.6000,stability,0.6,graph_0004,epoch_0004
trace,static,0.184511,0.184489,854,654,105,0,0,0.444444,0.022306,73.550898,360,160,0,0,0,84,0.888889,0,0,0.000000,0.000000,0.500000,2.307692,2.000000,3.000000,3.000000;3.000000;3.000000;3.000000;2.000000;2.000000;2.000000;2.000000;2.000000;2.000000;2.000000;2.000000;2.000000,24,nan,0,3.000000;3.000000;3.000000;3.000000;3.000000;3.000000;2.000000;2.000000;2.000000;2.000000;2.000000;2.000000,0.172149;0.070389;0.132469;0.030769;0.109749;0.025009;0.120949;0.053189;0.149109;0.080999;0.013429;0.109429,3.000000;3.000000;3.000000;3.000000;3.000000;3.000000;2.000000;2.000000;2.000000;2.000000;2.000000;2.000000,0,0,0,0,0,0,0,0,0,0,0,0,0,0,0,0,0,0,0,0,0,0,0,0,0,0,0,0,graph_0004__stability_0.6000,stability,0.6,graph_0004,epoch_0004
trace,olsr,0.402649,0.402036,1417,1452,105,331,498,0.569444,0.028576,76.671632,360,205,4,0,0,298,1.138889,331,21736,1.614634,106.029268,0.500000,2.307692,2.000000,3.000000,3.000000;3.000000;3.000000;3.000000;2.000000;2.000000;2.000000;2.000000;2.000000;2.000000;2.000000;2.000000;2.000000,24,nan,0,3.000000;3.000000;3.000000;3.000000;3.000000;3.000000;2.000000;2.000000;2.000000;2.000000;2.000000;2.000000,0.163173;0.061413;2.590069;0.021733;0.100773;0.015973;0.111973;0.044133;0.140133;0.072293;0.004453;0.100453,3.000000;3.000000;3.000000;3.000000;3.000000;3.000000;2.000000;2.000000;2.000000;2.000000;2.000000;2.000000,229,13760,102,7976,0,0,0,0,0,0,0,0,0,0,0,0,0,0,0,0,0,0,0,0,0,0,0,0,graph_0004__stability_0.6000,stability,0.6,graph_0004,epoch_0005
trace,aodv,0.523390,0.523217,2264,2481,105,677,925,0.894444,0.045064,74.884889,360,322,7,0,0,418,1.788889,677,32570,2.102484,101.149068,0.500000,2.307692,2.000000,3.000000,3.000000;3.000000;3.000000;3.000000;2.000000;2.000000;2.000000;2.000000;2.000000;2.000000;2.000000;2.000000;2.000000,24,nan,0,3.000000;3.000000;3.000000;3.000000;3.000000;3.000000;2.000000;2.000000;2.000000;2.000000;2.000000;2.000000,0.514854;1.234389;0.466522;0.546268;0.464924;1.673298;1.447002;0.044133;0.140133;0.072293;1.497930;0.100453,3.000000;3.000000;3.000000;3.000000;3.000000;3.000000;2.000000;2.000000;2.000000;2.000000;2.000000;2.000000,0,0,0,0,0,0,0,0,0,0,473,22704,89,4628,76,3648,34,1440,5,150,0,0,0,0,0,0,0,0,graph_0004__stability_0.6000,stability,0.6,graph_0004,epoch_0005
trace,static,0.187109,0.186888,854,654,105,0,0,0.444444,0.022303,73.550851,360,160,0,0,0,85,0.888889,0,0,0.000000,0.000000,0.500000,2.307692,2.000000,3.000000,3.000000;3.000000;3.000000;3.000000;2.000000;2.000000;2.000000;2.000000;2.000000;2.000000;2.000000;2.000000;2.000000,24,nan,0,3.000000;3.000000;3.000000;3.000000;3.000000;3.000000;2.000000;2.000000;2.000000;2.000000;2.000000;2.000000,0.172149;0.070389;0.132469;0.030769;0.109749;0.025009;0.120949;0.053189;0.149109;0.080999;0.013429;0.109429,3.000000;3.000000;3.000000;3.000000;3.000000;3.000000;2.000000;2.000000;2.000000;2.000000;2.000000;2.000000,0,0,0,0,0,0,0,0,0,0,0,0,0,0,0,0,0,0,0,0,0,0,0,0,0,0,0,0,graph_0004__stability_0.6000,stability,0.6,graph_0004,epoch_0005
trace,olsr,0.426100,0.425888,1502,1538,105,329,497,0.633333,0.031787,75.455228,360,228,0,0,0,301,1.266667,329,21624,1.442982,94.842105,0.500000,2.307692,2.000000,3.000000,3.000000;3.000000;3.000000;3.000000;2.000000;2.000000;2.000000;2.000000;2.000000;2.000000;2.000000;2.000000;2.000000,24,nan,0,3.000000;3.000000;3.000000;3.000000;3.000000;3.000000;2.000000;2.000000;2.000000;2.000000;2.000000;2.000000,0.163173;0.061413;0.123493;0.021733;0.100773;0.015973;0.111973;0.044133;0.140133;0.072293;0.004453;0.100453,3.000000;3.000000;3.000000;3.000000;3.000000;3.000000;2.000000;2.000000;2.000000;2.000000;2.000000;2.000000,230,13824,99,7800,0,0,0,0,0,0,0,0,0,0,0,0,0,0,0,0,0,0,0,0,0,0,0,0,graph_0004__stability_0.6000,stability,0.6,graph_0004,epoch_0002
trace,aodv,0.458156,0.458066,2039,2226,105,659,881,0.736111,0.037716,74.036689,360,265,4,56,0,347,1.472222,659,31686,2.486792,119.569811,0.500000,2.307692,2.000000,3.000000,3.000000;3.000000;3.000000;3.000000;2.000000;2.000000;2.000000;2.000000;2.000000;2.000000;2.000000;2.000000;2.000000,24,nan,0,3.000000;3.000000;3.000000;3.000000;3.000000;3.000000;2.000000;2.000000;2.000000;2.000000;2.000000;2.000000,0.513808;1.401545;0.467394;0.537968;0.442945;nan;nan;0.044133;0.140133;0.072293;1.495930;0.100453,3.000000;3.000000;3.000000;3.000000;3.000000;3.000000;2.000000;2.000000;2.000000;2.000000;2.000000;2.000000,0,0,0,0,0,0,0,0,0,0,477,22896,81,4212,66,3168,28,1200,7,210,0,0,0,0,0,0,0,0,graph_0004__stability_0.6000,stability,0.6,graph_0004,epoch_0002
trace,static,0.185174,0.184832,854,654,105,0,0,0.444444,0.022306,73.550909,360,160,0,0,0,85,0.888889,0,0,0.000000,0.000000,0.500000,2.307692,2.000000,3.000000,3.000000;3.000000;3.000000;3.000000;2.000000;2.000000;2.000000;2.000000;2.000000;2.000000;2.000000;2.000000;2.000000,24,nan,0,3.000000;3.000000;3.000000;3.000000;3.000000;3.000000;2.000000;2.000000;2.000000;2.000000;2.000000;2.000000,0.172149;0.070389;0.132469;0.030769;0.109749;0.025009;0.120949;0.053189;0.149109;0.080999;0.013429;0.109429,3.000000;3.000000;3.000000;3.000000;3.000000;3.000000;2.000000;2.000000;2.000000;2.000000;2.000000;2.000000,0,0,0,0,0,0,0,0,0,0,0,0,0,0,0,0,0,0,0,0,0,0,0,0,0,0,0,0,graph_0004__stability_0.6000,stability,0.6,graph_0004,epoch_0002
trace,olsr,0.396925,0.396343,1441,1498,105,332,511,0.605556,0.030394,73.469531,360,218,0,0,0,296,1.211111,332,21936,1.522936,100.623853,0.500000,2.307692,2.000000,3.000000,3.000000;3.000000;3.000000;3.000000;2.000000;2.000000;2.000000;2.000000;2.000000;2.000000;2.000000;2.000000;2.000000,24,nan,0,3.000000;3.000000;3.000000;3.000000;3.000000;3.000000;2.000000;2.000000;2.000000;2.000000;2.000000;2.000000,0.163173;0.061413;0.123493;0.021733;0.100773;0.015973;0.111973;0.044133;0.140133;0.563813;0.004453;0.100453,3.000000;3.000000;3.000000;3.000000;3.000000;3.000000;2.000000;2.000000;2.000000;2.000000;2.000000;2.000000,227,13632,105,8304,0,0,0,0,0,0,0,0,0,0,0,0,0,0,0,0,0,0,0,0,0,0,0,0,graph_0005__stability_0.6000,stability,0.6,graph_0005,epoch_0001
trace,aodv,0.496697,0.496272,2179,2398,105,673,927,0.822222,0.043883,73.706096,360,296,10,0,0,423,1.644444,673,32312,2.273649,109.162162,0.500000,2.307692,2.000000,3.000000,3.000000;3.000000;3.000000;3.000000;2.000000;2.000000;2.000000;2.000000;2.000000;2.000000;2.000000;2.000000;2.000000,24,nan,0,3.000000;3.000000;3.000000;3.000000;3.000000;3.000000;2.000000;2.000000;2.000000;2.000000;2.000000;2.000000,1.516282;0.416848;1.463673;1.357713;1.443164;0.544048;0.111973;0.044133;0.140133;1.407345;1.499902;nan,3.000000;3.000000;3.000000;3.000000;3.000000;3.000000;2.000000;2.000000;2.000000;2.000000;2.000000;2.000000,0,0,0,0,0,0,0,0,0,0,467,22416,94,4888,71,3408,29,1240,12,360,0,0,0,0,0,0,0,0,graph_0005__stability_0.6000,stability,0.6,graph_0005,epoch_0001
trace,static,0.184181,0.184154,850,650,105,0,0,0.444444,0.022307,73.550926,360,160,0,0,0,84,0.888889,0,0,0.000000,0.000000,0.500000,2.307692,2.000000,3.000000,3.000000;3.000000;3.000000;3.000000;2.000000;2.000000;2.000000;2.000000;2.000000;2.000000;2.000000;2.000000;2.000000,24,nan,0,3.000000;3.000000;3.000000;3.000000;3.000000;3.000000;2.000000;2.000000;2.000000;2.000000;2.000000;2.000000,0.172149;0.070389;0.132469;0.030729;0.109749;0.024949;0.120949;0.053269;0.149109;0.081269;0.013159;0.109429,3.000000;3.000000;3.000000;3.000000;3.000000;3.000000;2.000000;2.000000;2.000000;2.000000;2.000000;2.000000,0,0,0,0,0,0,0,0,0,0,0,0,0,0,0,0,0,0,0,0,0,0,0,0,0,0,0,0,graph_0005__stability_0.6000,stability,0.6,graph_0005,epoch_0001
trace,olsr,0.413435,0.413399,1491,1542,105,332,514,0.630556,0.031649,74.448777,360,227,0,0,0,313,1.261111,332,21888,1.462555,96.422907,0.500000,2.307692,2.000000,3.000000,3.000000;3.000000;3.000000;3.000000;2.000000;2.000000;2.000000;2.000000;2.000000;2.000000;2.000000;2.000000;2.000000,24,nan,0,3.000000;3.000000;3.000000;3.000000;3.000000;3.000000;2.000000;2.000000;2.000000;2.000000;2.000000;2.000000,0.163173;0.061413;0.123493;0.021733;0.100773;0.015973;0.111973;0.044133;0.140133;0.072293;0.004453;0.100453,3.000000;3.000000;3.000000;3.000000;3.000000;3.000000;2.000000;2.000000;2.000000;2.000000;2.000000;2.000000,229,13760,103,8128,0,0,0,0,0,0,0,0,0,0,0,0,0,0,0,0,0,0,0,0,0,0,0,0,graph_0005__stability_0.6000,stability,0.6,graph_0005,epoch_0003
trace,aodv,0.433404,0.433372,1949,2151,105,663,897,0.663889,0.035442,74.024195,360,239,14,56,0,323,1.327778,663,31778,2.774059,132.962343,0.500000,2.307692,2.000000,3.000000,3.000000;3.000000;3.000000;3.000000;2.000000;2.000000;2.000000;2.000000;2.000000;2.000000;2.000000;2.000000;2.000000,24,nan,0,3.000000;3.000000;3.000000;3.000000;3.000000;3.000000;2.000000;2.000000;2.000000;2.000000;2.000000;2.000000,1.824465;0.416308;1.465053;nan;nan;0.015973;0.111973;0.044133;0.140133;1.411495;1.503381;nan,3.000000;3.000000;3.000000;3.000000;3.000000;3.000000;2.000000;2.000000;2.000000;2.000000;2.000000;2.000000,0,0,0,0,0,0,0,0,0,0,472,22656,87,4524,58,2784,37,1544,9,270,0,0,0,0,0,0,0,0,graph_0005__stability_0.6000,stability,0.6,graph_0005,epoch_0003
trace,static,0.182914,0.182895,850,650,105,0,0,0.444444,0.022308,73.550924,360,160,0,0,0,84,0.888889,0,0,0.000000,0.000000,0.500000,2.307692,2.000000,3.000000,3.000000;3.000000;3.000000;3.000000;2.000000;2.000000;2.000000;2.000000;2.000000;2.000000;2.000000;2.000000;2.000000,24,nan,0,3.000000;3.000000;3.000000;3.000000;3.000000;3.000000;2.000000;2.000000;2.000000;2.000000;2.000000;2.000000,0.172149;0.070389;0.132469;0.030729;0.109749;0.024949;0.120949;0.053269;0.149109;0.081269;0.013159;0.109429,3.000000;3.000000;3.000000;3.000000;3.000000;3.000000;2.000000;2.000000;2.000000;2.000000;2.000000;2.000000,0,0,0,0,0,0,0,0,0,0,0,0,0,0,0,0,0,0,0,0,0,0,0,0,0,0,0,0,graph_0005__stability_0.6000,stability,0.6,graph_0005,epoch_0003
trace,olsr,0.351520,0.351064,1292,1356,105,330,505,0.522222,0.026208,70.772546,360,188,1,0,0,268,1.044444,330,21800,1.755319,115.957447,0.500000,2.307692,2.000000,3.000000,3.000000;3.000000;3.000000;3.000000;2.000000;2.000000;2.000000;2.000000;2.000000;2.000000;2.000000;2.000000;2.000000,24,nan,0,3.000000;3.000000;3.000000;3.000000;3.000000;3.000000;2.000000;2.000000;2.000000;2.000000;2.000000;2.000000,0.163173;0.061413;0.123493;0.021733;0.100773;0.015973;0.111973;nan;nan;1.055413;0.004453;0.100453,3.000000;3.000000;3.000000;3.000000;3.000000;3.000000;2.000000;2.000000;2.000000;2.000000;2.000000;2.000000,226,13568,104,8232,0,0,0,0,0,0,0,0,0,0,0,0,0,0,0,0,0,0,0,0,0,0,0,0,graph_0005__stability_0.6000,stability,0.6,graph_0005,epoch_0004
trace,aodv,0.497442,0.497327,2185,2391,105,679,925,0.811111,0.043292,73.908135,360,292,9,0,0,398,1.622222,679,32566,2.325342,111.527397,0.500000,2.307692,2.000000,3.000000,3.000000;3.000000;3.000000;3.000000;2.000000;2.000000;2.000000;2.000000;2.000000;2.000000;2.000000;2.000000;2.000000,24,nan,0,3.000000;3.000000;3.000000;3.000000;3.000000;3.000000;2.000000;2.000000;2.000000;2.000000;2.000000;2.000000,1.817345;0.425308;1.465989;1.687969;1.436985;0.531206;0.111973;0.044133;0.140133;1.402465;1.487250;nan,3.000000;3.000000;3.000000;3.000000;3.000000;3.000000;2.000000;2.000000;2.000000;2.000000;2.000000;2.000000,0,0,0,0,0,0,0,0,0,0,468,22464,95,4940,70,3360,35,1472,11,330,0,0,0,0,0,0,0,0,graph_0005__stability_0.6000,stability,0.6,graph_0005,epoch_0004
trace,static,0.181400,0.181382,850,650,105,0,0,0.444444,0.022304,73.550872,360,160,0,0,0,85,0.888889,0,0,0.000000,0.000000,0.500000,2.307692,2.000000,3.000000,3.000000;3.000000;3.000000;3.000000;2.000000;2.000000;2.000000;2.000000;2.000000;2.000000;2.000000;2.000000;2.000000,24,nan,0,3.000000;3.000000;3.000000;3.000000;3.000000;3.000000;2.000000;2.000000;2.000000;2.000000;2.000000;2.000000,0.172149;0.070389;0.132469;0.030729;0.109749;0.024949;0.120949;0.053269;0.149109;0.081269;0.013159;0.109429,3.000000;3.000000;3.000000;3.000000;3.000000;3.000000;2.000000;2.000000;2.000000;2.000000;2.000000;2.000000,0,0,0,0,0,0,0,0,0,0,0,0,0,0,0,0,0,0,0,0,0,0,0,0,0,0,0,0,graph_0005__stability_0.6000,stability,0.6,graph_0005,epoch_0004
trace,olsr,0.421435,0.421209,1499,1560,105,334,525,0.633333,0.031790,74.509374,360,228,2,0,0,306,1.266667,334,22024,1.464912,96.596491,0.500000,2.307692,2.000000,3.000000,3.000000;3.000000;3.000000;3.000000;2.000000;2.000000;2.000000;2.000000;2.000000;2.000000;2.000000;2.000000;2.000000,24,nan,0,3.000000;3.000000;3.000000;3.000000;3.000000;3.000000;2.000000;2.000000;2.000000;2.000000;2.000000;2.000000,0.163173;0.061413;0.123493;0.021733;0.100773;0.015973;0.111973;0.044133;0.140133;0.072293;0.004453;0.100453,3.000000;3.000000;3.000000;3.000000;3.000000;3.000000;2.000000;2.000000;2.000000;2.000000;2.000000;2.000000,229,13760,105,8264,0,0,0,0,0,0,0,0,0,0,0,0,0,0,0,0,0,0,0,0,0,0,0,0,graph_0005__stability_0.6000,stability,0.6,graph_0005,epoch_0005
trace,aodv,0.509396,0.509357,2186,2390,105,677,920,0.813889,0.043450,73.950447,360,293,9,0,0,421,1.627778,677,32496,2.310580,110.907850,0.500000,2.307692,2.000000,3.000000,3.000000;3.000000;3.000000;3.000000;2.000000;2.000000;2.000000;2.000000;2.000000;2.000000;2.000000;2.000000;2.000000,24,nan,0,3.000000;3.000000;3.000000;3.000000;3.000000;3.000000;2.000000;2.000000;2.000000;2.000000;2.000000;2.000000,1.828921;0.418484;1.451644;1.676727;1.436434;0.532329;0.111973;0.044133;0.140133;1.416333;1.490240;nan,3.000000;3.000000;3.000000;3.000000;3.000000;3.000000;2.000000;2.000000;2.000000;2.000000;2.000000;2.000000,0,0,0,0,0,0,0,0,0,0,468,22464,95,4940,70,3360,34,1432,10,300,0,0,0,0,0,0,0,0,graph_0005__stability_0.6000,stability,0.6,graph_0005,epoch_0005
trace,static,0.185841,0.185818,850,650,105,0,0,0.444444,0.022309,73.550947,360,160,0,0,0,84,0.888889,0,0,0.000000,0.000000,0.500000,2.307692,2.000000,3.000000,3.000000;3.000000;3.000000;3.000000;2.000000;2.000000;2.000000;2.000000;2.000000;2.000000;2.000000;2.000000;2.000000,24,nan,0,3.000000;3.000000;3.000000;3.000000;3.000000;3.000000;2.000000;2.000000;2.000000;2.000000;2.000000;2.000000,0.172149;0.070389;0.132469;0.030729;0.109749;0.024949;0.120949;0.053269;0.149109;0.081269;0.013159;0.109429,3.000000;3.000000;3.000000;3.000000;3.000000;3.000000;2.000000;2.000000;2.000000;2.000000;2.000000;2.000000,0,0,0,0,0,0,0,0,0,0,0,0,0,0,0,0,0,0,0,0,0,0,0,0,0,0,0,0,graph_0005__stability_0.6000,stability,0.6,graph_0005,epoch_0005
trace,olsr,0.387810,0.387409,1397,1454,105,328,508,0.580556,0.029134,73.158799,360,209,0,0,0,272,1.161111,328,21712,1.569378,103.885167,0.500000,2.307692,2.000000,3.000000,3.000000;3.000000;3.000000;3.000000;2.000000;2.000000;2.000000;2.000000;2.000000;2.000000;2.000000;2.000000;2.000000,24,nan,0,3.000000;3.000000;3.000000;3.000000;3.000000;3.000000;2.000000;2.000000;2.000000;2.000000;2.000000;2.000000,0.163173;0.061413;0.123493;0.021733;0.100773;0.015973;0.111973;nan;0.140133;0.072293;0.004453;0.100453,3.000000;3.000000;3.000000;3.000000;3.000000;3.000000;2.000000;2.000000;2.000000;2.000000;2.000000;2.000000,228,13696,100,8016,0,0,0,0,0,0,0,0,0,0,0,0,0,0,0,0,0,0,0,0,0,0,0,0,graph_0005__stability_0.6000,stability,0.6,graph_0005,epoch_0002
trace,aodv,0.495239,0.494424,2188,2410,105,685,942,0.819444,0.043737,73.787600,360,295,11,0,0,403,1.638889,685,32892,2.322034,111.498305,0.500000,2.307692,2.000000,3.000000,3.000000;3.000000;3.000000;3.000000;2.000000;2.000000;2.000000;2.000000;2.000000;2.000000;2.000000;2.000000;2.000000,24,nan,0,3.000000;3.000000;3.000000;3.000000;3.000000;3.000000;2.000000;2.000000;2.000000;2.000000;2.000000;2.000000,1.673845;0.416325;1.452370;1.352510;1.441038;0.534069;0.111973;0.044133;0.140133;1.414291;1.498410;nan,3.000000;3.000000;3.000000;3.000000;3.000000;3.000000;2.000000;2.000000;2.000000;2.000000;2.000000;2.000000,0,0,0,0,0,0,0,0,0,0,466,22368,98,5096,76,3648,35,1480,10,300,0,0,0,0,0,0,0,0,graph_0005__stability_0.6000,stability,0.6,graph_0005,epoch_0002
trace,static,0.184613,0.183410,850,650,105,0,0,0.444444,0.022304,73.550860,360,160,0,0,0,85,0.888889,0,0,0.000000,0.000000,0.500000,2.307692,2.000000,3.000000,3.000000;3.000000;3.000000;3.000000;2.000000;2.000000;2.000000;2.000000;2.000000;2.000000;2.000000;2.000000;2.000000,24,nan,0,3.000000;3.000000;3.000000;3.000000;3.000000;3.000000;2.000000;2.000000;2.000000;2.000000;2.000000;2.000000,0.172149;0.070389;0.132469;0.030729;0.109749;0.024949;0.120949;0.053269;0.149109;0.081269;0.013159;0.109429,3.000000;3.000000;3.000000;3.000000;3.000000;3.000000;2.000000;2.000000;2.000000;2.000000;2.000000;2.000000,0,0,0,0,0,0,0,0,0,0,0,0,0,0,0,0,0,0,0,0,0,0,0,0,0,0,0,0,graph_0005__stability_0.6000,stability,0.6,graph_0005,epoch_0002
trace,olsr,0.432219,0.432189,1564,1648,105,335,533,0.683333,0.034296,74.705120,360,246,0,0,0,355,1.366667,335,22080,1.361789,89.756098,0.500000,1.666667,2.000000,2.000000,2.000000;2.000000;2.000000;2.000000;2.000000;2.000000;2.000000;2.000000;2.000000;2.000000;2.000000;2.000000;1.000000;1.000000;1.000000;1.000000;1.000000;1.000000,34,nan,0,2.000000;2.000000;2.000000;2.000000;2.000000;2.000000;2.000000;2.000000;2.000000;2.000000;2.000000;2.000000;2.000000;1.000000;1.000000;1.000000;1.000000,0.033253;0.129253;0.061413;0.157413;0.089573;0.021733;0.117733;0.049893;0.145893;0.078053;0.010213;0.106213;0.055333;0.021413;0.151333;0.117413;nan,2.000000;2.000000;2.000000;2.000000;2.000000;2.000000;2.000000;2.000000;2.000000;2.000000;2.000000;2.000000;2.000000;1.000000;1.000000;1.000000;1.000000,229,13760,106,8320,0,0,0,0,0,0,0,0,0,0,0,0,0,0,0,0,0,0,0,0,0,0,0,0,graph_0002__stability_0.4000,stability,0.4,graph_0002,epoch_0001
trace,aodv,0.544944,0.544916,2267,2487,105,753,1013,0.833333,0.041991,75.398663,360,300,20,0,0,467,1.666667,753,36030,2.510000,120.100000,0.500000,1.666667,2.000000,2.000000,2.000000;2.000000;2.000000;2.000000;2.000000;2.000000;2.000000;2.000000;2.000000;2.000000;2.000000;2.000000;1.000000;1.000000;1.000000;1.000000;1.000000;1.000000,34,nan,0,2.000000;2.000000;2.000000;2.000000;2.000000;2.000000;2.000000;2.000000;2.000000;2.000000;2.000000;2.000000;2.000000;1.000000;1.000000;1.000000;1.000000,0.033253;1.459928;0.061413;0.157413;1.430308;0.021733;0.117733;1.551828;0.145893;1.411044;0.010213;0.106213;0.055333;0.021413;0.151333;0.117413;nan,2.000000;2.000000;2.000000;2.000000;2.000000;2.000000;2.000000;2.000000;2.000000;2.000000;2.000000;2.000000;2.000000;1.000000;1.000000;1.000000;1.000000,0,0,0,0,0,0,0,0,0,0,463,22224,111,5772,103,4944,69,2880,7,210,0,0,0,0,0,0,0,0,graph_0002__stability_0.4000,stability,0.4,graph_0002,epoch_0001
trace,static,0.185906,0.185875,831,622,105,0,0,0.419444,0.021532,72.324827,360,151,0,0,0,114,0.838889,0,0,0.000000,0.000000,0.500000,1.666667,2.000000,2.000000,2.000000;2.000000;2.000000;2.000000;2.000000;2.000000;2.000000;2.000000;2.000000;2.000000;2.000000;2.000000;1.000000;1.000000;1.000000;1.000000;1.000000;1.000000,34,nan,0,2.000000;2.000000;2.000000;2.000000;2.000000;2.000000;2.000000;2.000000;2.000000;2.000000;2.000000;2.000000;2.000000;1.000000;1.000000;1.000000;1.000000,0.042269;0.138229;0.070389;0.166389;0.098549;0.030709;0.126709;0.058869;0.154869;0.087029;0.019189;0.115189;0.064309;0.030389;0.160309;0.126389;nan,2.000000;2.000000;2.000000;2.000000;2.000000;2.000000;2.000000;2.000000;2.000000;2.000000;2.000000;2.000000;2.000000;1.000000;1.000000;1.000000;1.000000,0,0,0,0,0,0,0,0,0,0,0,0,0,0,0,0,0,0,0,0,0,0,0,0,0,0,0,0,graph_0002__stability_0.4000,stability,0.4,graph_0002,epoch_0001
trace,olsr,0.440664,0.439561,1556,1635,105,331,526,0.677778,0.034018,74.797086,360,244,0,0,0,354,1.355556,331,21880,1.356557,89.672131,0.500000,1.666667,2.000000,2.000000,2.000000;2.000000;2.000000;2.000000;2.000000;2.000000;2.000000;2.000000;2.000000;2.000000;2.000000;2.000000;1.000000;1.000000;1.000000;1.000000;1.000000;1.000000,34,nan,0,2.000000;2.000000;2.000000;2.000000;2.000000;2.000000;2.000000;2.000000;2.000000;2.000000;2.000000;2.000000;2.000000;1.000000;1.000000;1.000000;1.000000,0.033253;0.129253;0.061413;0.157413;0.089573;0.021733;0.117733;0.049893;0.145893;0.078053;0.010213;0.106213;0.055333;0.021413;0.151333;0.117750;nan,2.000000;2.000000;2.000000;2.000000;2.000000;2.000000;2.000000;2.000000;2.000000;2.000000;2.000000;2.000000;2.000000;1.000000;1.000000;1.000000;1.000000,228,13696,103,8184,0,0,0,0,0,0,0,0,0,0,0,0,0,0,0,0,0,0,0,0,0,0,0,0,graph_0002__stability_0.4000,stability,0.4,graph_0002,epoch_0003
trace,aodv,0.553591,0.553112,2251,2434,105,738,972,0.819444,0.041284,75.652641,360,295,14,0,0,562,1.638889,738,35398,2.501695,119.993220,0.500000,1.666667,2.000000,2.000000,2.000000;2.000000;2.000000;2.000000;2.000000;2.000000;2.000000;2.000000;2.000000;2.000000;2.000000;2.000000;1.000000;1.000000;1.000000;1.000000;1.000000;1.000000,34,nan,0,2.000000;2.000000;2.000000;2.000000;2.000000;2.000000;2.000000;2.000000;2.000000;2.000000;2.000000;2.000000;2.000000;1.000000;1.000000;1.000000;1.000000,0.033253;1.467788;0.061413;0.157413;1.423785;0.021733;0.117733;1.536328;0.145893;1.417938;0.010213;0.106213;0.055333;0.021413;0.151333;0.117413;nan,2.000000;2.000000;2.000000;2.000000;2.000000;2.000000;2.000000;2.000000;2.000000;2.000000;2.000000;2.000000;2.000000;1.000000;1.000000;1.000000;1.000000,0,0,0,0,0,0,0,0,0,0,464,22272,107,5564,103,4944,57,2408,7,210,0,0,0,0,0,0,0,0,graph_0002__stability_0.4000,stability,0.4,graph_0002,epoch_0003
trace,static,0.185020,0.184753,831,622,105,0,0,0.419444,0.021529,72.324768,360,151,0,0,0,115,0.838889,0,0,0.000000,0.000000,0.500000,1.666667,2.000000,2.000000,2.000000;2.000000;2.000000;2.000000;2.000000;2.000000;2.000000;2.000000;2.000000;2.000000;2.000000;2.000000;1.000000;1.000000;1.000000;1.000000;1.000000;1.000000,34,nan,0,2.000000;2.000000;2.000000;2.000000;2.000000;2.000000;2.000000;2.000000;2.000000;2.000000;2.000000;2.000000;2.000000;1.000000;1.000000;1.000000;1.000000,0.042269;0.138229;0.070389;0.166389;0.098549;0.030709;0.126709;0.058869;0.154869;0.087029;0.019189;0.115189;0.064309;0.030389;0.160309;0.126389;nan,2.000000;2.000000;2.000000;2.000000;2.000000;2.000000;2.000000;2.000000;2.000000;2.000000;2.000000;2.000000;2.000000;1.000000;1.000000;1.000000;1.000000,0,0,0,0,0,0,0,0,0,0,0,0,0,0,0,0,0,0,0,0,0,0,0,0,0,0,0,0,graph_0002__stability_0.4000,stability,0.4,graph_0002,epoch_0003
trace,olsr,0.438999,0.438816,1551,1635,105,332,531,0.675000,0.033880,74.921356,360,243,2,0,0,356,1.350000,332,21936,1.366255,90.271605,0.500000,1.666667,2.000000,2.000000,2.000000;2.000000;2.000000;2.000000;2.000000;2.000000;2.000000;2.000000;2.000000;2.000000;2.000000;2.000000;1.000000;1.000000;1.000000;1.000000;1.000000;1.000000,34,nan,0,2.000000;2.000000;2.000000;2.000000;2.000000;2.000000;2.000000;2.000000;2.000000;2.000000;2.000000;2.000000;2.000000;1.000000;1.000000;1.000000;1.000000,0.033253;0.129253;0.061413;0.157413;0.089573;0.021733;0.117733;0.049893;0.145893;0.078053;0.010213;0.106213;0.055333;0.021413;0.151333;0.117413;nan,2.000000;2.000000;2.000000;2.000000;2.000000;2.000000;2.000000;2.000000;2.000000;2.000000;2.000000;2.000000;2.000000;1.000000;1.000000;1.000000;1.000000,227,13632,105,8304,0,0,0,0,0,0,0,0,0,0,0,0,0,0,0,0,0,0,0,0,0,0,0,0,graph_0002__stability_0.4000,stability,0.4,graph_0002,epoch_0004
trace,aodv,0.541931,0.541798,2265,2487,105,751,1013,0.830556,0.041857,75.638200,360,299,21,0,0,449,1.661111,751,35910,2.511706,120.100334,0.500000,1.666667,2.000000,2.000000,2.000000;2.000000;2.000000;2.000000;2.000000;2.000000;2.000000;2.000000;2.000000;2.000000;2.000000;2.000000;1.000000;1.000000;1.000000;1.000000;1.000000;1.000000,34,nan,0,2.000000;2.000000;2.000000;2.000000;2.000000;2.000000;2.000000;2.000000;2.000000;2.000000;2.000000;2.000000;2.000000;1.000000;1.000000;1.000000;1.000000,0.033253;1.472988;0.061413;0.157413;1.428964;0.021733;0.117733;1.378888;0.145893;1.415084;0.010213;0.106213;0.055333;0.021413;0.151333;0.117413;nan,2.000000;2.000000;2.000000;2.000000;2.000000;2.000000;2.000000;2.000000;2.000000;2.000000;2.000000;2.000000;2.000000;1.000000;1.000000;1.000000;1.000000,0,0,0,0,0,0,0,0,0,0,464,22272,107,5564,103,4944,70,2920,7,210,0,0,0,0,0,0,0,0,graph_0002__stability_0.4000,stability,0.4,graph_0002,epoch_0004
trace,static,0.182854,0.182824,828,618,105,0,0,0.416667,0.021390,72.308639,360,150,0,0,0,111,0.833333,0,0,0.000000,0.000000,0.500000,1.666667,2.000000,2.000000,2.000000;2.000000;2.000000;2.000000;2.000000;2.000000;2.000000;2.000000;2.000000;2.000000;2.000000;2.000000;1.000000;1.000000;1.000000;1.000000;1.000000;1.000000,34,nan,0,2.000000;2.000000;2.000000;2.000000;2.000000;2.000000;2.000000;2.000000;2.000000;2.000000;2.000000;2.000000;2.000000;1.000000;1.000000;1.000000;1.000000,0.042269;0.138229;0.070389;0.166389;0.098549;0.030709;0.126709;0.058869;0.154869;0.087029;0.019189;0.115189;0.064309;0.030389;0.160309;0.126389;nan,2.000000;2.000000;2.000000;2.000000;2.000000;2.000000;2.000000;2.000000;2.000000;2.000000;2.000000;2.000000;2.000000;1.000000;1.000000;1.000000;1.000000,0,0,0,0,0,0,0,0,0,0,0,0,0,0,0,0,0,0,0,0,0,0,0,0,0,0,0,0,graph_0002__stability_0.4000,stability,0.4,graph_0002,epoch_0004
trace,olsr,0.430201,0.429960,1554,1638,105,332,532,0.677778,0.034020,74.653652,360,244,0,0,0,353,1.355556,332,21888,1.360656,89.704918,0.500000,1.666667,2.000000,2.000000,2.000000;2.000000;2.000000;2.000000;2.000000;2.000000;2.000000;2.000000;2.000000;2.000000;2.000000;2.000000;1.000000;1.000000;1.000000;1.000000;1.000000;1.000000,34,nan,0,2.000000;2.000000;2.000000;2.000000;2.000000;2.000000;2.000000;2.000000;2.000000;2.000000;2.000000;2.000000;2.000000;1.000000;1.000000;1.000000;1.000000,0.033253;0.129253;0.061413;0.157413;0.089573;0.021733;0.117733;0.049893;0.145893;0.078053;0.010213;0.106213;0.055333;0.021413;0.151333;0.117413;nan,2.000000;2.000000;2.000000;2.000000;2.000000;2.000000;2.000000;2.000000;2.000000;2.000000;2.000000;2.000000;2.000000;1.000000;1.000000;1.000000;1.000000,228,13696,104,8192,0,0,0,0,0,0,0,0,0,0,0,0,0,0,0,0,0,0,0,0,0,0,0,0,graph_0002__stability_0.4000,stability,0.4,graph_0002,epoch_0005
trace,aodv,0.534968,0.534769,2269,2477,105,746,1007,0.825000,0.041583,75.311898,360,297,10,0,0,545,1.650000,746,35820,2.511785,120.606061,0.500000,1.666667,2.000000,2.000000,2.000000;2.000000;2.000000;2.000000;2.000000;2.000000;2.000000;2.000000;2.000000;2.000000;2.000000;2.000000;1.000000;1.000000;1.000000;1.000000;1.000000;1.000000,34,nan,0,2.000000;2.000000;2.000000;2.000000;2.000000;2.000000;2.000000;2.000000;2.000000;2.000000;2.000000;2.000000;2.000000;1.000000;1.000000;1.000000;1.000000,0.033253;1.474048;0.061413;0.157413;1.438845;0.021733;0.117733;1.551568;0.145893;1.404214;0.010213;0.106213;0.055333;0.022833;0.151333;0.117413;nan,2.000000;2.000000;2.000000;2.000000;2.000000;2.000000;2.000000;2.000000;2.000000;2.000000;2.000000;2.000000;2.000000;1.000000;1.000000;1.000000;1.000000,0,0,0,0,0,0,0,0,0,0,464,22272,111,5772,109,5232,54,2304,8,240,0,0,0,0,0,0,0,0,graph_0002__stability_0.4000,stability,0.4,graph_0002,epoch_0005
trace,static,0.184044,0.183867,828,618,105,0,0,0.416667,0.021391,72.308645,360,150,0,0,0,111,0.833333,0,0,0.000000,0.000000,0.500000,1.666667,2.000000,2.000000,2.000000;2.000000;2.000000;2.000000;2.000000;2.000000;2.000000;2.000000;2.000000;2.000000;2.000000;2.000000;1.000000;1.000000;1.000000;1.000000;1.000000;1.000000,34,nan,0,2.000000;2.000000;2.000000;2.000000;2.000000;2.000000;2.000000;2.000000;2.000000;2.000000;2.000000;2.000000;2.000000;1.000000;1.000000;1.000000;1.000000,0.042269;0.138229;0.070389;0.166389;0.098549;0.030709;0.126709;0.058869;0.154869;0.087029;0.019189;0.115189;0.064309;0.030389;0.160309;0.126389;nan,2.000000;2.000000;2.000000;2.000000;2.000000;2.000000;2.000000;2.000000;2.000000;2.000000;2.000000;2.000000;2.000000;1.000000;1.000000;1.000000;1.000000,0,0,0,0,0,0,0,0,0,0,0,0,0,0,0,0,0,0,0,0,0,0,0,0,0,0,0,0,graph_0002__stability_0.4000,stability,0.4,graph_0002,epoch_0005
trace,olsr,0.413253,0.413207,1497,1585,105,331,526,0.641667,0.032206,75.342425,360,231,0,0,0,345,1.283333,331,21856,1.432900,94.614719,0.500000,1.666667,2.000000,2.000000,2.000000;2.000000;2.000000;2.000000;2.000000;2.000000;2.000000;2.000000;2.000000;2.000000;2.000000;2.000000;1.000000;1.000000;1.000000;1.000000;1.000000;1.000000,34,nan,0,2.000000;2.000000;2.000000;2.000000;2.000000;2.000000;2.000000;2.000000;2.000000;2.000000;2.000000;2.000000;2.000000;1.000000;1.000000;1.000000;1.000000,0.033253;0.129253;0.061413;0.157413;0.744933;0.021733;0.117733;0.049893;0.145893;0.078053;0.010213;0.106213;0.055333;0.021413;0.151333;0.117413;nan,2.000000;2.000000;2.000000;2.000000;2.000000;2.000000;2.000000;2.000000;2.000000;2.000000;2.000000;2.000000;2.000000;1.000000;1.000000;1.000000;1.000000,227,13632,104,8224,0,0,0,0,0,0,0,0,0,0,0,0,0,0,0,0,0,0,0,0,0,0,0,0,graph_0002__stability_0.4000,stability,0.4,graph_0002,epoch_0002
trace,aodv,0.542086,0.541859,2286,2497,105,773,1020,0.833333,0.041987,75.215751,360,300,24,0,0,465,1.666667,773,36880,2.576667,122.933333,0.500000,1.666667,2.000000,2.000000,2.000000;2.000000;2.000000;2.000000;2.000000;2.000000;2.000000;2.000000;2.000000;2.000000;2.000000;2.000000;1.000000;1.000000;1.000000;1.000000;1.000000;1.000000,34,nan,0,2.000000;2.000000;2.000000;2.000000;2.000000;2.000000;2.000000;2.000000;2.000000;2.000000;2.000000;2.000000;2.000000;1.000000;1.000000;1.000000;1.000000,0.033253;1.461348;0.061413;0.157413;1.436745;0.021733;0.117733;1.543388;0.145893;1.416783;0.010213;0.106213;0.055333;0.021413;0.151333;0.117413;nan,2.000000;2.000000;2.000000;2.000000;2.000000;2.000000;2.000000;2.000000;2.000000;2.000000;2.000000;2.000000;2.000000;1.000000;1.000000;1.000000;1.000000,0,0,0,0,0,0,0,0,0,0,462,22176,116,6032,104,4992,83,3440,8,240,0,0,0,0,0,0,0,0,graph_0002__stability_0.4000,stability,0.4,graph_0002,epoch_0002
trace,static,0.182499,0.182288,828,618,105,0,0,0.416667,0.021390,72.308631,360,150,0,0,0,111,0.833333,0,0,0.000000,0.000000,0.500000,1.666667,2.000000,2.000000,2.000000;2.000000;2.000000;2.000000;2.000000;2.000000;2.000000;2.000000;2.000000;2.000000;2.000000;2.000000;1.000000;1.000000;1.000000;1.000000;1.000000;1.000000,34,nan,0,2.000000;2.000000;2.000000;2.000000;2.000000;2.000000;2.000000;2.000000;2.000000;2.000000;2.000000;2.000000;2.000000;1.000000;1.000000;1.000000;1.000000,0.042269;0.138229;0.070389;0.166389;0.098549;0.030709;0.126709;0.058869;0.154869;0.087029;0.019189;0.115189;0.064309;0.030389;0.160309;0.126389;nan,2.000000;2.000000;2.000000;2.000000;2.000000;2.000000;2.000000;2.000000;2.000000;2.000000;2.000000;2.000000;2.000000;1.000000;1.000000;1.000000;1.000000,0,0,0,0,0,0,0,0,0,0,0,0,0,0,0,0,0,0,0,0,0,0,0,0,0,0,0,0,graph_0002__stability_0.4000,stability,0.4,graph_0002,epoch_0002
trace,olsr,0.428301,0.428256,1582,1720,105,334,553,0.775000,0.038900,74.630286,360,279,0,0,0,410,1.550000,334,22048,1.197133,79.025090,0.500000,1.000000,1.000000,1.000000,1.000000;1.000000;1.000000;1.000000;1.000000;1.000000;1.000000;1.000000;1.000000;1.000000;1.000000;1.000000;1.000000;1.000000;1.000000;1.000000;1.000000;1.000000;1.000000;1.000000;1.000000;1.000000;1.000000;1.000000;1.000000;1.000000;1.000000;1.000000;1.000000;1.000000,58,nan,0,2.000000;1.000000;1.000000;1.000000;1.000000;1.000000;1.000000;1.000000;1.000000;1.000000;1.000000;1.000000;1.000000;1.000000;1.000000;1.000000;1.000000;1.000000;1.000000;1.000000;1.000000;1.000000;1.000000;1.000000;1.000000;1.000000;1.000000;1.000000;1.000000,0.050213;0.016293;0.146213;0.112293;0.078373;0.044453;0.010533;0.140453;0.106553;0.072613;0.038693;0.004773;0.134693;0.101835;0.066853;0.032933;0.162853;0.128933;0.095013;0.061093;0.027173;0.157093;0.123173;0.089253;0.055333;0.021413;0.151333;0.117413;nan,2.000000;1.000000;1.000000;1.000000;1.000000;1.000000;1.000000;1.000000;1.000000;1.000000;1.000000;1.000000;1.000000;1.000000;1.000000;1.000000;1.000000;1.000000;1.000000;1.000000;1.000000;1.000000;1.000000;1.000000;1.000000;1.000000;1.000000;1.000000;1.000000,229,13760,105,8288,0,0,0,0,0,0,0,0,0,0,0,0,0,0,0,0,0,0,0,0,0,0,0,0,graph_0003__stability_0.0000,stability,0.0,graph_0003,epoch_0001
trace,aodv,0.521677,0.521056,2197,2415,105,702,950,0.913889,0.046056,74.925471,360,329,1,0,0,362,1.827778,702,33958,2.133739,103.215805,0.500000,1.000000,1.000000,1.000000,1.000000;1.000000;1.000000;1.000000;1.000000;1.000000;1.000000;1.000000;1.000000;1.000000;1.000000;1.000000;1.000000;1.000000;1.000000;1.000000;1.000000;1.000000;1.000000;1.000000;1.000000;1.000000;1.000000;1.000000;1.000000;1.000000;1.000000;1.000000;1.000000;1.000000,58,nan,0,2.000000;1.000000;1.000000;1.000000;1.000000;1.000000;1.000000;1.000000;1.000000;1.000000;1.000000;1.000000;1.000000;1.000000;1.000000;1.000000;1.000000;1.000000;1.000000;1.000000;1.000000;1.000000;1.000000;1.000000;1.000000;1.000000;1.000000;1.000000;1.000000,nan;0.016293;0.146213;0.112293;0.078373;0.044453;0.010533;0.140453;0.106533;0.072613;0.038693;0.004773;0.134693;0.100773;0.066853;0.032933;0.162853;0.128933;0.095013;0.061093;0.027173;0.157093;0.123173;0.089253;0.055333;0.021413;0.151333;0.117413;nan,2.000000;1.000000;1.000000;1.000000;1.000000;1.000000;1.000000;1.000000;1.000000;1.000000;1.000000;1.000000;1.000000;1.000000;1.000000;1.000000;1.000000;1.000000;1.000000;1.000000;1.000000;1.000000;1.000000;1.000000;1.000000;1.000000;1.000000;1.000000;1.000000,0,0,0,0,0,0,0,0,0,0,480,23040,89,4628,116,5568,14,632,3,90,0,0,0,0,0,0,0,0,graph_0003__stability_0.0000,stability,0.0,graph_0003,epoch_0001
trace,static,0.166018,0.166001,775,547,105,0,0,0.366667,0.018824,74.286992,360,132,0,0,0,198,0.733333,0,0,0.000000,0.000000,0.500000,1.000000,1.000000,1.000000,1.000000;1.000000;1.000000;1.000000;1.000000;1.000000;1.000000;1.000000;1.000000;1.000000;1.000000;1.000000;1.000000;1.000000;1.000000;1.000000;1.000000;1.000000;1.000000;1.000000;1.000000;1.000000;1.000000;1.000000;1.000000;1.000000;1.000000;1.000000;1.000000;1.000000,58,nan,0,2.000000;1.000000;1.000000;1.000000;1.000000;1.000000;1.000000;1.000000;1.000000;1.000000;1.000000;1.000000;1.000000;1.000000;1.000000;1.000000;1.000000;1.000000;1.000000;1.000000;1.000000;1.000000;1.000000;1.000000;1.000000;1.000000;1.000000;1.000000;1.000000,0.068165;0.025269;0.155189;0.121269;0.087349;0.053429;0.019509;0.149429;0.115509;0.081589;0.047669;0.013479;0.143669;0.109749;0.084805;0.041909;0.171829;0.137909;0.103989;0.070149;0.036149;0.166069;0.132149;0.098229;0.064369;0.030389;0.160309;0.126389;nan,2.000000;1.000000;1.000000;1.000000;1.000000;1.000000;1.000000;1.000000;1.000000;1.000000;1.000000;1.000000;1.000000;1.000000;1.000000;1.000000;1.000000;1.000000;1.000000;1.000000;1.000000;1.000000;1.000000;1.000000;1.000000;1.000000;1.000000;1.000000;1.000000,0,0,0,0,0,0,0,0,0,0,0,0,0,0,0,0,0,0,0,0,0,0,0,0,0,0,0,0,graph_0003__stability_0.0000,stability,0.0,graph_0003,epoch_0001
trace,olsr,0.429034,0.428990,1582,1713,105,334,548,0.769444,0.038615,74.761180,360,277,0,0,0,410,1.538889,334,22120,1.205776,79.855596,0.500000,1.000000,1.000000,1.000000,1.000000;1.000000;1.000000;1.000000;1.000000;1.000000;1.000000;1.000000;1.000000;1.000000;1.000000;1.000000;1.000000;1.000000;1.000000;1.000000;1.000000;1.000000;1.000000;1.000000;1.000000;1.000000;1.000000;1.000000;1.000000;1.000000;1.000000;1.000000;1.000000;1.000000,58,nan,0,2.000000;1.000000;1.000000;1.000000;1.000000;1.000000;1.000000;1.000000;1.000000;1.000000;1.000000;1.000000;1.000000;1.000000;1.000000;1.000000;1.000000;1.000000;1.000000;1.000000;1.000000;1.000000;1.000000;1.000000;1.000000;1.000000;1.000000;1.000000;1.000000,0.050213;0.016293;0.146213;0.112293;0.078373;0.044453;0.010533;0.140453;0.106533;0.072613;0.039483;0.004773;0.134693;0.100773;0.066853;0.032933;0.162853;0.128933;0.095013;0.061093;0.027173;0.157093;0.123173;0.089253;0.055333;0.021413;0.151333;0.117413;nan,2.000000;1.000000;1.000000;1.000000;1.000000;1.000000;1.000000;1.000000;1.000000;1.000000;1.000000;1.000000;1.000000;1.000000;1.000000;1.000000;1.000000;1.000000;1.000000;1.000000;1.000000;1.000000;1.000000;1.000000;1.000000;1.000000;1.000000;1.000000;1.000000,229,13760,105,8360,0,0,0,0,0,0,0,0,0,0,0,0,0,0,0,0,0,0,0,0,0,0,0,0,graph_0003__stability_0.0000,stability,0.0,graph_0003,epoch_0003
trace,aodv,0.523460,0.523360,2198,2427,105,700,959,0.916667,0.046186,74.835775,360,330,0,0,0,374,1.833333,700,33870,2.121212,102.636364,0.500000,1.000000,1.000000,1.000000,1.000000;1.000000;1.000000;1.000000;1.000000;1.000000;1.000000;1.000000;1.000000;1.000000;1.000000;1.000000;1.000000;1.000000;1.000000;1.000000;1.000000;1.000000;1.000000;1.000000;1.000000;1.000000;1.000000;1.000000;1.000000;1.000000;1.000000;1.000000;1.000000;1.000000,58,nan,0,2.000000;1.000000;1.000000;1.000000;1.000000;1.000000;1.000000;1.000000;1.000000;1.000000;1.000000;1.000000;1.000000;1.000000;1.000000;1.000000;1.000000;1.000000;1.000000;1.000000;1.000000;1.000000;1.000000;1.000000;1.000000;1.000000;1.000000;1.000000;1.000000,nan;0.016293;0.146213;0.112293;0.078373;0.044453;0.010533;0.140453;0.106533;0.072613;0.038693;0.004773;0.134693;0.100773;0.066853;0.032933;0.162853;0.128933;0.095013;0.061093;0.027173;0.157093;0.123173;0.089253;0.055333;0.021413;0.151333;0.117413;nan,2.000000;1.000000;1.000000;1.000000;1.000000;1.000000;1.000000;1.000000;1.000000;1.000000;1.000000;1.000000;1.000000;1.000000;1.000000;1.000000;1.000000;1.000000;1.000000;1.000000;1.000000;1.000000;1.000000;1.000000;1.000000;1.000000;1.000000;1.000000;1.000000,0,0,0,0,0,0,0,0,0,0,479,22992,89,4628,116,5568,13,592,3,90,0,0,0,0,0,0,0,0,graph_0003__stability_0.0000,stability,0.0,graph_0003,epoch_0003
trace,static,0.176136,0.175961,776,549,105,0,0,0.369444,0.018964,74.072276,360,133,0,0,0,193,0.738889,0,0,0.000000,0.000000,0.500000,1.000000,1.000000,1.000000,1.000000;1.000000;1.000000;1.000000;1.000000;1.000000;1.000000;1.000000;1.000000;1.000000;1.000000;1.000000;1.000000;1.000000;1.000000;1.000000;1.000000;1.000000;1.000000;1.000000;1.000000;1.000000;1.000000;1.000000;1.000000;1.000000;1.000000;1.000000;1.000000;1.000000,58,nan,0,2.000000;1.000000;1.000000;1.000000;1.000000;1.000000;1.000000;1.000000;1.000000;1.000000;1.000000;1.000000;1.000000;1.000000;1.000000;1.000000;1.000000;1.000000;1.000000;1.000000;1.000000;1.000000;1.000000;1.000000;1.000000;1.000000;1.000000;1.000000;1.000000,0.059269;0.025269;0.155189;0.121269;0.087349;0.053429;0.019509;0.149429;0.115509;0.081589;0.047669;0.013479;0.143669;0.109749;0.075829;0.041909;0.171829;0.137909;0.103989;0.070149;0.036149;0.166069;0.132149;0.098229;0.064369;0.030389;0.160309;0.126389;nan,2.000000;1.000000;1.000000;1.000000;1.000000;1.000000;1.000000;1.000000;1.000000;1.000000;1.000000;1.000000;1.000000;1.000000;1.000000;1.000000;1.000000;1.000000;1.000000;1.000000;1.000000;1.000000;1.000000;1.000000;1.000000;1.000000;1.000000;1.000000;1.000000,0,0,0,0,0,0,0,0,0,0,0,0,0,0,0,0,0,0,0,0,0,0,0,0,0,0,0,0,graph_0003__stability_0.0000,stability,0.0,graph_0003,epoch_0003
trace,olsr,0.421405,0.421236,1577,1708,105,331,543,0.769444,0.038623,74.659469,360,277,0,0,0,402,1.538889,331,22000,1.194946,79.422383,0.500000,1.000000,1.000000,1.000000,1.000000;1.000000;1.000000;1.000000;1.000000;1.000000;1.000000;1.000000;1.000000;1.000000;1.000000;1.000000;1.000000;1.000000;1.000000;1.000000;1.000000;1.000000;1.000000;1.000000;1.000000;1.000000;1.000000;1.000000;1.000000;1.000000;1.000000;1.000000;1.000000;1.000000,58,nan,0,2.000000;1.000000;1.000000;1.000000;1.000000;1.000000;1.000000;1.000000;1.000000;1.000000;1.000000;1.000000;1.000000;1.000000;1.000000;1.000000;1.000000;1.000000;1.000000;1.000000;1.000000;1.000000;1.000000;1.000000;1.000000;1.000000;1.000000;1.000000;1.000000,0.050213;0.016293;0.146213;0.112293;0.078373;0.044453;0.010533;0.140453;0.106533;0.072613;0.038693;0.004773;0.134693;0.100773;0.066853;0.032933;0.162853;0.128933;0.095013;0.061093;0.027173;0.157093;0.123173;0.089253;0.055333;0.021413;0.151333;0.117413;nan,2.000000;1.000000;1.000000;1.000000;1.000000;1.000000;1.000000;1.000000;1.000000;1.000000;1.000000;1.000000;1.000000;1.000000;1.000000;1.000000;1.000000;1.000000;1.000000;1.000000;1.000000;1.000000;1.000000;1.000000;1.000000;1.000000;1.000000;1.000000;1.000000,227,13632,104,8368,0,0,0,0,0,0,0,0,0,0,0,0,0,0,0,0,0,0,0,0,0,0,0,0,graph_0003__stability_0.0000,stability,0.0,graph_0003,epoch_0004
trace,aodv,0.526665,0.526299,2202,2416,105,720,967,0.894444,0.045077,74.943920,360,322,5,0,0,401,1.788889,720,34764,2.236025,107.962733,0.500000,1.000000,1.000000,1.000000,1.000000;1.000000;1.000000;1.000000;1.000000;1.000000;1.000000;1.000000;1.000000;1.000000;1.000000;1.000000;1.000000;1.000000;1.000000;1.000000;1.000000;1.000000;1.000000;1.000000;1.000000;1.000000;1.000000;1.000000;1.000000;1.000000;1.000000;1.000000;1.000000;1.000000,58,nan,0,2.000000;1.000000;1.000000;1.000000;1.000000;1.000000;1.000000;1.000000;1.000000;1.000000;1.000000;1.000000;1.000000;1.000000;1.000000;1.000000;1.000000;1.000000;1.000000;1.000000;1.000000;1.000000;1.000000;1.000000;1.000000;1.000000;1.000000;1.000000;1.000000,nan;0.016293;0.146213;0.112293;0.078373;0.044453;0.010533;0.140453;0.106533;0.072613;0.038693;0.004773;0.134693;0.100773;0.066853;0.032933;0.162853;0.128933;0.095013;0.061093;0.027173;0.157093;0.123173;0.089253;0.055333;0.021413;0.151333;0.117413;nan,2.000000;1.000000;1.000000;1.000000;1.000000;1.000000;1.000000;1.000000;1.000000;1.000000;1.000000;1.000000;1.000000;1.000000;1.000000;1.000000;1.000000;1.000000;1.000000;1.000000;1.000000;1.000000;1.000000;1.000000;1.000000;1.000000;1.000000;1.000000;1.000000,0,0,0,0,0,0,0,0,0,0,478,22944,95,4940,120,5760,23,1000,4,120,0,0,0,0,0,0,0,0,graph_0003__stability_0.0000,stability,0.0,graph_0003,epoch_0004
trace,static,0.171845,0.171830,776,548,105,0,0,0.366667,0.018825,74.287008,360,132,0,0,0,193,0.733333,0,0,0.000000,0.000000,0.500000,1.000000,1.000000,1.000000,1.000000;1.000000;1.000000;1.000000;1.000000;1.000000;1.000000;1.000000;1.000000;1.000000;1.000000;1.000000;1.000000;1.000000;1.000000;1.000000;1.000000;1.000000;1.000000;1.000000;1.000000;1.000000;1.000000;1.000000;1.000000;1.000000;1.000000;1.000000;1.000000;1.000000,58,nan,0,2.000000;1.000000;1.000000;1.000000;1.000000;1.000000;1.000000;1.000000;1.000000;1.000000;1.000000;1.000000;1.000000;1.000000;1.000000;1.000000;1.000000;1.000000;1.000000;1.000000;1.000000;1.000000;1.000000;1.000000;1.000000;1.000000;1.000000;1.000000;1.000000,0.068165;0.025269;0.155189;0.121269;0.087349;0.053429;0.019509;0.149429;0.115509;0.081589;0.047669;0.013479;0.143669;0.109749;0.084885;0.041909;0.171829;0.137909;0.103989;0.070149;0.036149;0.166069;0.132149;0.098229;0.064369;0.030389;0.160309;0.126389;nan,2.000000;1.000000;1.000000;1.000000;1.000000;1.000000;1.000000;1.000000;1.000000;1.000000;1.000000;1.000000;1.000000;1.000000;1.000000;1.000000;1.000000;1.000000;1.000000;1.000000;1.000000;1.000000;1.000000;1.000000;1.000000;1.000000;1.000000;1.000000;1.000000,0,0,0,0,0,0,0,0,0,0,0,0,0,0,0,0,0,0,0,0,0,0,0,0,0,0,0,0,graph_0003__stability_0.0000,stability,0.0,graph_0003,epoch_0004
trace,olsr,0.405413,0.405083,1506,1643,105,333,545,0.730556,0.039060,73.188697,360,263,0,0,0,385,1.461111,333,21992,1.266160,83.619772,0.500000,1.000000,1.000000,1.000000,1.000000;1.000000;1.000000;1.000000;1.000000;1.000000;1.000000;1.000000;1.000000;1.000000;1.000000;1.000000;1.000000;1.000000;1.000000;1.000000;1.000000;1.000000;1.000000;1.000000;1.000000;1.000000;1.000000;1.000000;1.000000;1.000000;1.000000;1.000000;1.000000;1.000000,58,nan,0,2.000000;1.000000;1.000000;1.000000;1.000000;1.000000;1.000000;1.000000;1.000000;1.000000;1.000000;1.000000;1.000000;1.000000;1.000000;1.000000;1.000000;1.000000;1.000000;1.000000;1.000000;1.000000;1.000000;1.000000;1.000000;1.000000;1.000000;1.000000;1.000000,0.050213;0.016293;0.146213;0.112293;0.078373;0.044453;0.010533;0.140453;0.106533;0.072613;0.038693;0.004773;0.134693;0.100773;0.066853;0.032933;0.162853;0.128933;0.095013;0.061093;0.027173;0.157093;0.123173;0.089253;0.055333;0.021413;0.151333;nan;nan,2.000000;1.000000;1.000000;1.000000;1.000000;1.000000;1.000000;1.000000;1.000000;1.000000;1.000000;1.000000;1.000000;1.000000;1.000000;1.000000;1.000000;1.000000;1.000000;1.000000;1.000000;1.000000;1.000000;1.000000;1.000000;1.000000;1.000000;1.000000;1.000000,230,13824,103,8168,0,0,0,0,0,0,0,0,0,0,0,0,0,0,0,0,0,0,0,0,0,0,0,0,graph_0003__stability_0.0000,stability,0.0,graph_0003,epoch_0005
trace,aodv,0.523489,0.523118,2198,2411,105,700,944,0.913889,0.046050,74.924949,360,329,0,0,0,366,1.827778,700,33870,2.127660,102.948328,0.500000,1.000000,1.000000,1.000000,1.000000;1.000000;1.000000;1.000000;1.000000;1.000000;1.000000;1.000000;1.000000;1.000000;1.000000;1.000000;1.000000;1.000000;1.000000;1.000000;1.000000;1.000000;1.000000;1.000000;1.000000;1.000000;1.000000;1.000000;1.000000;1.000000;1.000000;1.000000;1.000000;1.000000,58,nan,0,2.000000;1.000000;1.000000;1.000000;1.000000;1.000000;1.000000;1.000000;1.000000;1.000000;1.000000;1.000000;1.000000;1.000000;1.000000;1.000000;1.000000;1.000000;1.000000;1.000000;1.000000;1.000000;1.000000;1.000000;1.000000;1.000000;1.000000;1.000000;1.000000,nan;0.016293;0.146213;0.112293;0.078373;0.044453;0.010533;0.140453;0.106533;0.072613;0.038693;0.004773;0.134693;0.100773;0.066853;0.032933;0.162853;0.128933;0.095013;0.061093;0.027173;0.157093;0.123173;0.089253;0.055333;0.021413;0.151333;0.117413;nan,2.000000;1.000000;1.000000;1.000000;1.000000;1.000000;1.000000;1.000000;1.000000;1.000000;1.000000;1.000000;1.000000;1.000000;1.000000;1.000000;1.000000;1.000000;1.000000;1.000000;1.000000;1.000000;1.000000;1.000000;1.000000;1.000000;1.000000;1.000000;1.000000,0,0,0,0,0,0,0,0,0,0,479,22992,89,4628,116,5568,13,592,3,90,0,0,0,0,0,0,0,0,graph_0003__stability_0.0000,stability,0.0,graph_0003,epoch_0005
trace,static,0.172567,0.172530,773,545,105,0,0,0.366667,0.018821,74.286793,360,132,0,0,0,194,0.733333,0,0,0.000000,0.000000,0.500000,1.000000,1.000000,1.000000,1.000000;1.000000;1.000000;1.000000;1.000000;1.000000;1.000000;1.000000;1.000000;1.000000;1.000000;1.000000;1.000000;1.000000;1.000000;1.000000;1.000000;1.000000;1.000000;1.000000;1.000000;1.000000;1.000000;1.000000;1.000000;1.000000;1.000000;1.000000;1.000000;1.000000,58,nan,0,2.000000;1.000000;1.000000;1.000000;1.000000;1.000000;1.000000;1.000000;1.000000;1.000000;1.000000;1.000000;1.000000;1.000000;1.000000;1.000000;1.000000;1.000000;1.000000;1.000000;1.000000;1.000000;1.000000;1.000000;1.000000;1.000000;1.000000;1.000000;1.000000,0.059189;0.025269;0.155189;0.121269;0.087349;0.053429;0.019509;0.149429;0.115509;0.081589;0.047669;0.013479;0.143669;0.109749;0.075829;0.041909;0.171829;0.137909;0.103989;0.070149;0.036149;0.166069;0.132149;0.098229;0.064369;0.030389;0.160309;0.126389;nan,2.000000;1.000000;1.000000;1.000000;1.000000;1.000000;1.000000;1.000000;1.000000;1.000000;1.000000;1.000000;1.000000;1.000000;1.000000;1.000000;1.000000;1.000000;1.000000;1.000000;1.000000;1.000000;1.000000;1.000000;1.000000;1.000000;1.000000;1.000000;1.000000,0,0,0,0,0,0,0,0,0,0,0,0,0,0,0,0,0,0,0,0,0,0,0,0,0,0,0,0,graph_0003__stability_0.0000,stability,0.0,graph_0003,epoch_0005
trace,olsr,0.438885,0.438758,1575,1704,105,330,541,0.772222,0.038753,74.813155,360,278,0,0,0,416,1.544444,330,21944,1.187050,78.935252,0.500000,1.000000,1.000000,1.000000,1.000000;1.000000;1.000000;1.000000;1.000000;1.000000;1.000000;1.000000;1.000000;1.000000;1.000000;1.000000;1.000000;1.000000;1.000000;1.000000;1.000000;1.000000;1.000000;1.000000;1.000000;1.000000;1.000000;1.000000;1.000000;1.000000;1.000000;1.000000;1.000000;1.000000,58,nan,0,2.000000;1.000000;1.000000;1.000000;1.000000;1.000000;1.000000;1.000000;1.000000;1.000000;1.000000;1.000000;1.000000;1.000000;1.000000;1.000000;1.000000;1.000000;1.000000;1.000000;1.000000;1.000000;1.000000;1.000000;1.000000;1.000000;1.000000;1.000000;1.000000,0.050213;0.016293;0.146213;0.112293;0.078373;0.044453;0.010533;0.140453;0.106533;0.072613;0.038693;0.004773;0.134693;0.100773;0.066853;0.032933;0.162853;0.128933;0.095013;0.061093;0.027173;0.157093;0.123173;0.089253;0.055333;0.021413;0.151333;0.117413;nan,2.000000;1.000000;1.000000;1.000000;1.000000;1.000000;1.000000;1.000000;1.000000;1.000000;1.000000;1.000000;1.000000;1.000000;1.000000;1.000000;1.000000;1.000000;1.000000;1.000000;1.000000;1.000000;1.000000;1.000000;1.000000;1.000000;1.000000;1.000000;1.000000,225,13504,105,8440,0,0,0,0,0,0,0,0,0,0,0,0,0,0,0,0,0,0,0,0,0,0,0,0,graph_0003__stability_0.0000,stability,0.0,graph_0003,epoch_0002
trace,aodv,0.512253,0.511815,2202,2424,105,705,958,0.913889,0.046046,74.925172,360,329,0,0,0,368,1.827778,705,34104,2.142857,103.659574,0.500000,1.000000,1.000000,1.000000,1.000000;1.000000;1.000000;1.000000;1.000000;1.000000;1.000000;1.000000;1.000000;1.000000;1.000000;1.000000;1.000000;1.000000;1.000000;1.000000;1.000000;1.000000;1.000000;1.000000;1.000000;1.000000;1.000000;1.000000;1.000000;1.000000;1.000000;1.000000;1.000000;1.000000,58,nan,0,2.000000;1.000000;1.000000;1.000000;1.000000;1.000000;1.000000;1.000000;1.000000;1.000000;1.000000;1.000000;1.000000;1.000000;1.000000;1.000000;1.000000;1.000000;1.000000;1.000000;1.000000;1.000000;1.000000;1.000000;1.000000;1.000000;1.000000;1.000000;1.000000,nan;0.016293;0.146213;0.112293;0.078373;0.044453;0.010533;0.140453;0.107283;0.072613;0.038693;0.004773;0.134693;0.100773;0.066853;0.032933;0.162853;0.128933;0.095013;0.061093;0.027173;0.157093;0.123173;0.089253;0.055333;0.021413;0.151333;0.117413;nan,2.000000;1.000000;1.000000;1.000000;1.000000;1.000000;1.000000;1.000000;1.000000;1.000000;1.000000;1.000000;1.000000;1.000000;1.000000;1.000000;1.000000;1.000000;1.000000;1.000000;1.000000;1.000000;1.000000;1.000000;1.000000;1.000000;1.000000;1.000000;1.000000,0,0,0,0,0,0,0,0,0,0,479,22992,92,4784,117,5616,13,592,4,120,0,0,0,0,0,0,0,0,graph_0003__stability_0.0000,stability,0.0,graph_0003,epoch_0002
trace,static,0.171367,0.171358,776,549,105,0,0,0.369444,0.018963,74.072297,360,133,0,0,0,195,0.738889,0,0,0.000000,0.000000,0.500000,1.000000,1.000000,1.000000,1.000000;1.000000;1.000000;1.000000;1.000000;1.000000;1.000000;1.000000;1.000000;1.000000;1.000000;1.000000;1.000000;1.000000;1.000000;1.000000;1.000000;1.000000;1.000000;1.000000;1.000000;1.000000;1.000000;1.000000;1.000000;1.000000;1.000000;1.000000;1.000000;1.000000,58,nan,0,2.000000;1.000000;1.000000;1.000000;1.000000;1.000000;1.000000;1.000000;1.000000;1.000000;1.000000;1.000000;1.000000;1.000000;1.000000;1.000000;1.000000;1.000000;1.000000;1.000000;1.000000;1.000000;1.000000;1.000000;1.000000;1.000000;1.000000;1.000000;1.000000,0.059269;0.025269;0.155189;0.121269;0.087349;0.053429;0.019509;0.149429;0.115509;0.081589;0.047669;0.013479;0.143669;0.109749;0.075829;0.041909;0.171829;0.137909;0.103989;0.070149;0.036149;0.166069;0.132149;0.098229;0.064369;0.030389;0.160309;0.126389;nan,2.000000;1.000000;1.000000;1.000000;1.000000;1.000000;1.000000;1.000000;1.000000;1.000000;1.000000;1.000000;1.000000;1.000000;1.000000;1.000000;1.000000;1.000000;1.000000;1.000000;1.000000;1.000000;1.000000;1.000000;1.000000;1.000000;1.000000;1.000000;1.000000,0,0,0,0,0,0,0,0,0,0,0,0,0,0,0,0,0,0,0,0,0,0,0,0,0,0,0,0,graph_0003__stability_0.0000,stability,0.0,graph_0003,epoch_0002
trace,olsr,0.424020,0.423931,1585,1705,105,330,536,0.761111,0.038199,75.019235,360,274,0,0,0,421,1.522222,330,21848,1.204380,79.737226,0.500000,1.000000,1.000000,1.000000,1.000000;1.000000;1.000000;1.000000;1.000000;1.000000;1.000000;1.000000;1.000000;1.000000;1.000000;1.000000;1.000000;1.000000;1.000000;1.000000;1.000000;1.000000;1.000000;1.000000;1.000000;1.000000;1.000000;1.000000;1.000000;1.000000;1.000000;1.000000;1.000000;1.000000,58,nan,0,2.000000;1.000000;1.000000;1.000000;1.000000;1.000000;1.000000;1.000000;1.000000;1.000000;1.000000;1.000000;1.000000;1.000000;1.000000;1.000000;1.000000;1.000000;1.000000;1.000000;1.000000;1.000000;1.000000;1.000000;1.000000;1.000000;1.000000;1.000000;1.000000,0.050213;0.016293;0.146213;0.112293;0.078373;0.044453;0.010533;0.140453;0.106533;0.072613;0.038693;0.004773;0.134693;0.100773;0.066853;0.032933;0.162853;0.128933;0.095013;0.061093;0.027173;0.157093;0.123173;0.089253;0.055333;0.021413;0.151333;0.117413;nan,2.000000;1.000000;1.000000;1.000000;1.000000;1.000000;1.000000;1.000000;1.000000;1.000000;1.000000;1.000000;1.000000;1.000000;1.000000;1.000000;1.000000;1.000000;1.000000;1.000000;1.000000;1.000000;1.000000;1.000000;1.000000;1.000000;1.000000;1.000000;1.000000,227,13632,103,8216,0,0,0,0,0,0,0,0,0,0,0,0,0,0,0,0,0,0,0,0,0,0,0,0,graph_0002__stability_0.0000,stability,0.0,graph_0002,epoch_0001
trace,aodv,0.527418,0.527049,2227,2417,105,727,947,0.913889,0.046050,74.923799,360,329,1,0,0,414,1.827778,727,35152,2.209726,106.844985,0.500000,1.000000,1.000000,1.000000,1.000000;1.000000;1.000000;1.000000;1.000000;1.000000;1.000000;1.000000;1.000000;1.000000;1.000000;1.000000;1.000000;1.000000;1.000000;1.000000;1.000000;1.000000;1.000000;1.000000;1.000000;1.000000;1.000000;1.000000;1.000000;1.000000;1.000000;1.000000;1.000000;1.000000,58,nan,0,2.000000;1.000000;1.000000;1.000000;1.000000;1.000000;1.000000;1.000000;1.000000;1.000000;1.000000;1.000000;1.000000;1.000000;1.000000;1.000000;1.000000;1.000000;1.000000;1.000000;1.000000;1.000000;1.000000;1.000000;1.000000;1.000000;1.000000;1.000000;1.000000,nan;0.016293;0.146213;0.112293;0.078373;0.044453;0.010533;0.140453;0.106533;0.072613;0.038693;0.004773;0.134693;0.100773;0.066853;0.032933;0.162853;0.128933;0.095013;0.061093;0.027173;0.157093;0.123173;0.089253;0.055333;0.021413;0.151333;0.117413;nan,2.000000;1.000000;1.000000;1.000000;1.000000;1.000000;1.000000;1.000000;1.000000;1.000000;1.000000;1.000000;1.000000;1.000000;1.000000;1.000000;1.000000;1.000000;1.000000;1.000000;1.000000;1.000000;1.000000;1.000000;1.000000;1.000000;1.000000;1.000000;1.000000,0,0,0,0,0,0,0,0,0,0,473,22704,108,5616,118,5664,20,928,8,240,0,0,0,0,0,0,0,0,graph_0002__stability_0.0000,stability,0.0,graph_0002,epoch_0001
trace,static,0.177209,0.177176,787,560,105,0,0,0.369444,0.018965,74.072377,360,133,0,0,0,205,0.738889,0,0,0.000000,0.000000,0.500000,1.000000,1.000000,1.000000,1.000000;1.000000;1.000000;1.000000;1.000000;1.000000;1.000000;1.000000;1.000000;1.000000;1.000000;1.000000;1.000000;1.000000;1.000000;1.000000;1.000000;1.000000;1.000000;1.000000;1.000000;1.000000;1.000000;1.000000;1.000000;1.000000;1.000000;1.000000;1.000000;1.000000,58,nan,0,2.000000;1.000000;1.000000;1.000000;1.000000;1.000000;1.000000;1.000000;1.000000;1.000000;1.000000;1.000000;1.000000;1.000000;1.000000;1.000000;1.000000;1.000000;1.000000;1.000000;1.000000;1.000000;1.000000;1.000000;1.000000;1.000000;1.000000;1.000000;1.000000,0.059349;0.025269;0.155189;0.121269;0.087349;0.053429;0.019509;0.149429;0.115509;0.081589;0.047669;0.013749;0.143669;0.109749;0.084805;0.041909;0.171829;0.137909;0.103989;0.070149;0.036149;0.166069;0.132149;0.098229;0.064349;0.030389;0.160309;0.126389;nan,2.000000;1.000000;1.000000;1.000000;1.000000;1.000000;1.000000;1.000000;1.000000;1.000000;1.000000;1.000000;1.000000;1.000000;1.000000;1.000000;1.000000;1.000000;1.000000;1.000000;1.000000;1.000000;1.000000;1.000000;1.000000;1.000000;1.000000;1.000000;1.000000,0,0,0,0,0,0,0,0,0,0,0,0,0,0,0,0,0,0,0,0,0,0,0,0,0,0,0,0,graph_0002__stability_0.0000,stability,0.0,graph_0002,epoch_0001
trace,olsr,0.434114,0.434014,1590,1715,105,334,543,0.766667,0.038479,74.977425,360,276,0,0,0,416,1.533333,334,21976,1.210145,79.623188,0.500000,1.000000,1.000000,1.000000,1.000000;1.000000;1.000000;1.000000;1.000000;1.000000;1.000000;1.000000;1.000000;1.000000;1.000000;1.000000;1.000000;1.000000;1.000000;1.000000;1.000000;1.000000;1.000000;1.000000;1.000000;1.000000;1.000000;1.000000;1.000000;1.000000;1.000000;1.000000;1.000000;1.000000,58,nan,0,2.000000;1.000000;1.000000;1.000000;1.000000;1.000000;1.000000;1.000000;1.000000;1.000000;1.000000;1.000000;1.000000;1.000000;1.000000;1.000000;1.000000;1.000000;1.000000;1.000000;1.000000;1.000000;1.000000;1.000000;1.000000;1.000000;1.000000;1.000000;1.000000,0.050213;0.016293;0.146213;0.112293;0.078373;0.044453;0.010533;0.140453;0.106533;0.072613;0.038693;0.004773;0.134693;0.100773;0.066853;0.032933;0.162853;0.128933;0.095013;0.061093;0.027173;0.157093;0.123173;0.089253;0.055333;0.021413;0.151333;0.117450;nan,2.000000;1.000000;1.000000;1.000000;1.000000;1.000000;1.000000;1.000000;1.000000;1.000000;1.000000;1.000000;1.000000;1.000000;1.000000;1.000000;1.000000;1.000000;1.000000;1.000000;1.000000;1.000000;1.000000;1.000000;1.000000;1.000000;1.000000;1.000000;1.000000,228,13696,106,8280,0,0,0,0,0,0,0,0,0,0,0,0,0,0,0,0,0,0,0,0,0,0,0,0,graph_0002__stability_0.0000,stability,0.0,graph_0002,epoch_0003
trace,aodv,0.526451,0.526104,2242,2437,105,738,965,0.908333,0.045763,74.956399,360,327,1,0,0,440,1.816667,738,35644,2.256881,109.003058,0.500000,1.000000,1.000000,1.000000,1.000000;1.000000;1.000000;1.000000;1.000000;1.000000;1.000000;1.000000;1.000000;1.000000;1.000000;1.000000;1.000000;1.000000;1.000000;1.000000;1.000000;1.000000;1.000000;1.000000;1.000000;1.000000;1.000000;1.000000;1.000000;1.000000;1.000000;1.000000;1.000000;1.000000,58,nan,0,2.000000;1.000000;1.000000;1.000000;1.000000;1.000000;1.000000;1.000000;1.000000;1.000000;1.000000;1.000000;1.000000;1.000000;1.000000;1.000000;1.000000;1.000000;1.000000;1.000000;1.000000;1.000000;1.000000;1.000000;1.000000;1.000000;1.000000;1.000000;1.000000,nan;0.016293;0.146213;0.112293;0.078373;0.044453;0.010533;0.140453;0.106533;0.072613;0.038693;0.004773;0.134693;0.100773;0.066853;0.032933;0.162853;0.128933;0.095013;0.061093;0.027173;0.157093;0.123173;0.089253;0.055333;0.021413;0.151333;0.117413;nan,2.000000;1.000000;1.000000;1.000000;1.000000;1.000000;1.000000;1.000000;1.000000;1.000000;1.000000;1.000000;1.000000;1.000000;1.000000;1.000000;1.000000;1.000000;1.000000;1.000000;1.000000;1.000000;1.000000;1.000000;1.000000;1.000000;1.000000;1.000000;1.000000,0,0,0,0,0,0,0,0,0,0,472,22656,112,5824,120,5760,24,1104,10,300,0,0,0,0,0,0,0,0,graph_0002__stability_0.0000,stability,0.0,graph_0002,epoch_0003
trace,static,0.173142,0.173121,783,555,105,0,0,0.366667,0.018820,74.286753,360,132,0,0,0,200,0.733333,0,0,0.000000,0.000000,0.500000,1.000000,1.000000,1.000000,1.000000;1.000000;1.000000;1.000000;1.000000;1.000000;1.000000;1.000000;1.000000;1.000000;1.000000;1.000000;1.000000;1.000000;1.000000;1.000000;1.000000;1.000000;1.000000;1.000000;1.000000;1.000000;1.000000;1.000000;1.000000;1.000000;1.000000;1.000000;1.000000;1.000000,58,nan,0,2.000000;1.000000;1.000000;1.000000;1.000000;1.000000;1.000000;1.000000;1.000000;1.000000;1.000000;1.000000;1.000000;1.000000;1.000000;1.000000;1.000000;1.000000;1.000000;1.000000;1.000000;1.000000;1.000000;1.000000;1.000000;1.000000;1.000000;1.000000;1.000000,0.059189;0.025269;0.155189;0.121269;0.087349;0.053429;0.019509;0.149429;0.115509;0.081589;0.047669;0.013749;0.143669;0.109749;0.075829;0.041909;0.171829;0.137909;0.103989;0.070149;0.036149;0.166069;0.132149;0.098229;0.064349;0.030389;0.160309;0.126389;nan,2.000000;1.000000;1.000000;1.000000;1.000000;1.000000;1.000000;1.000000;1.000000;1.000000;1.000000;1.000000;1.000000;1.000000;1.000000;1.000000;1.000000;1.000000;1.000000;1.000000;1.000000;1.000000;1.000000;1.000000;1.000000;1.000000;1.000000;1.000000;1.000000,0,0,0,0,0,0,0,0,0,0,0,0,0,0,0,0,0,0,0,0,0,0,0,0,0,0,0,0,graph_0002__stability_0.0000,stability,0.0,graph_0002,epoch_0003
trace,olsr,0.434397,0.434133,1588,1717,105,332,545,0.766667,0.038480,75.020790,360,276,0,0,0,415,1.533333,332,21960,1.202899,79.565217,0.500000,1.000000,1.000000,1.000000,1.000000;1.000000;1.000000;1.000000;1.000000;1.000000;1.000000;1.000000;1.000000;1.000000;1.000000;1.000000;1.000000;1.000000;1.000000;1.000000;1.000000;1.000000;1.000000;1.000000;1.000000;1.000000;1.000000;1.000000;1.000000;1.000000;1.000000;1.000000;1.000000;1.000000,58,nan,0,2.000000;1.000000;1.000000;1.000000;1.000000;1.000000;1.000000;1.000000;1.000000;1.000000;1.000000;1.000000;1.000000;1.000000;1.000000;1.000000;1.000000;1.000000;1.000000;1.000000;1.000000;1.000000;1.000000;1.000000;1.000000;1.000000;1.000000;1.000000;1.000000,0.050213;0.016293;0.146213;0.112293;0.078373;0.044453;0.010533;0.140453;0.106533;0.072613;0.038693;0.004773;0.134693;0.100773;0.066853;0.032933;0.162853;0.128933;0.095013;0.061093;0.027173;0.157093;0.123173;0.089253;0.055333;0.021413;0.151333;0.117413;nan,2.000000;1.000000;1.000000;1.000000;1.000000;1.000000;1.000000;1.000000;1.000000;1.000000;1.000000;1.000000;1.000000;1.000000;1.000000;1.000000;1.000000;1.000000;1.000000;1.000000;1.000000;1.000000;1.000000;1.000000;1.000000;1.000000;1.000000;1.000000;1.000000,227,13632,105,8328,0,0,0,0,0,0,0,0,0,0,0,0,0,0,0,0,0,0,0,0,0,0,0,0,graph_0002__stability_0.0000,stability,0.0,graph_0002,epoch_0004
trace,aodv,0.528130,0.527915,2238,2433,105,730,956,0.913889,0.046055,74.925803,360,329,0,0,0,405,1.827778,730,35288,2.218845,107.258359,0.500000,1.000000,1.000000,1.000000,1.000000;1.000000;1.000000;1.000000;1.000000;1.000000;1.000000;1.000000;1.000000;1.000000;1.000000;1.000000;1.000000;1.000000;1.000000;1.000000;1.000000;1.000000;1.000000;1.000000;1.000000;1.000000;1.000000;1.000000;1.000000;1.000000;1.000000;1.000000;1.000000;1.000000,58,nan,0,2.000000;1.000000;1.000000;1.000000;1.000000;1.000000;1.000000;1.000000;1.000000;1.000000;1.000000;1.000000;1.000000;1.000000;1.000000;1.000000;1.000000;1.000000;1.000000;1.000000;1.000000;1.000000;1.000000;1.000000;1.000000;1.000000;1.000000;1.000000;1.000000,nan;0.016293;0.146213;0.112293;0.078373;0.044453;0.010533;0.140453;0.106533;0.072613;0.038693;0.004773;0.134693;0.100773;0.066853;0.032933;0.162853;0.128933;0.095013;0.061093;0.027173;0.157093;0.123173;0.089253;0.055333;0.021413;0.151333;0.117413;nan,2.000000;1.000000;1.000000;1.000000;1.000000;1.000000;1.000000;1.000000;1.000000;1.000000;1.000000;1.000000;1.000000;1.000000;1.000000;1.000000;1.000000;1.000000;1.000000;1.000000;1.000000;1.000000;1.000000;1.000000;1.000000;1.000000;1.000000;1.000000;1.000000,0,0,0,0,0,0,0,0,0,0,473,22704,108,5616,119,5712,22,1016,8,240,0,0,0,0,0,0,0,0,graph_0002__stability_0.0000,stability,0.0,graph_0002,epoch_0004
trace,static,0.172149,0.172141,785,558,105,0,0,0.369444,0.018966,74.290379,360,133,0,0,0,204,0.738889,0,0,0.000000,0.000000,0.500000,1.000000,1.000000,1.000000,1.000000;1.000000;1.000000;1.000000;1.000000;1.000000;1.000000;1.000000;1.000000;1.000000;1.000000;1.000000;1.000000;1.000000;1.000000;1.000000;1.000000;1.000000;1.000000;1.000000;1.000000;1.000000;1.000000;1.000000;1.000000;1.000000;1.000000;1.000000;1.000000;1.000000,58,nan,0,2.000000;1.000000;1.000000;1.000000;1.000000;1.000000;1.000000;1.000000;1.000000;1.000000;1.000000;1.000000;1.000000;1.000000;1.000000;1.000000;1.000000;1.000000;1.000000;1.000000;1.000000;1.000000;1.000000;1.000000;1.000000;1.000000;1.000000;1.000000;1.000000,0.059189;0.025269;0.155189;0.121269;0.087349;0.053429;0.019509;0.149429;0.115509;0.081589;0.047669;0.013749;0.143669;0.109749;0.075909;0.041909;0.171829;0.137909;0.103989;0.070149;0.036149;0.166069;0.132149;0.098229;0.064349;0.030389;0.160309;0.126389;nan,2.000000;1.000000;1.000000;1.000000;1.000000;1.000000;1.000000;1.000000;1.000000;1.000000;1.000000;1.000000;1.000000;1.000000;1.000000;1.000000;1.000000;1.000000;1.000000;1.000000;1.000000;1.000000;1.000000;1.000000;1.000000;1.000000;1.000000;1.000000;1.000000,0,0,0,0,0,0,0,0,0,0,0,0,0,0,0,0,0,0,0,0,0,0,0,0,0,0,0,0,graph_0002__stability_0.0000,stability,0.0,graph_0002,epoch_0004
trace,olsr,0.398167,0.398128,1470,1598,105,333,542,0.691667,0.034717,73.870762,360,249,0,0,0,390,1.383333,333,21872,1.337349,87.839357,0.500000,1.000000,1.000000,1.000000,1.000000;1.000000;1.000000;1.000000;1.000000;1.000000;1.000000;1.000000;1.000000;1.000000;1.000000;1.000000;1.000000;1.000000;1.000000;1.000000;1.000000;1.000000;1.000000;1.000000;1.000000;1.000000;1.000000;1.000000;1.000000;1.000000;1.000000;1.000000;1.000000;1.000000,58,nan,0,2.000000;1.000000;1.000000;1.000000;1.000000;1.000000;1.000000;1.000000;1.000000;1.000000;1.000000;1.000000;1.000000;1.000000;1.000000;1.000000;1.000000;1.000000;1.000000;1.000000;1.000000;1.000000;1.000000;1.000000;1.000000;1.000000;1.000000;1.000000;1.000000,0.050213;0.016293;0.146213;0.112293;0.078373;0.044453;0.010533;0.140453;0.106533;0.072613;0.038693;0.004773;0.134693;0.101263;0.066853;0.032933;0.162853;0.128933;0.095013;nan;nan;0.484773;0.123173;0.089253;0.055333;0.021413;0.151333;0.117413;nan,2.000000;1.000000;1.000000;1.000000;1.000000;1.000000;1.000000;1.000000;1.000000;1.000000;1.000000;1.000000;1.000000;1.000000;1.000000;1.000000;1.000000;1.000000;1.000000;1.000000;1.000000;1.000000;1.000000;1.000000;1.000000;1.000000;1.000000;1.000000;1.000000,230,13824,103,8048,0,0,0,0,0,0,0,0,0,0,0,0,0,0,0,0,0,0,0,0,0,0,0,0,graph_0002__stability_0.0000,stability,0.0,graph_0002,epoch_0005
trace,aodv,0.514796,0.514767,2233,2429,105,729,955,0.913889,0.046063,74.926258,360,329,1,0,0,397,1.827778,729,35256,2.215805,107.161094,0.500000,1.000000,1.000000,1.000000,1.000000;1.000000;1.000000;1.000000;1.000000;1.000000;1.000000;1.000000;1.000000;1.000000;1.000000;1.000000;1.000000;1.000000;1.000000;1.000000;1.000000;1.000000;1.000000;1.000000;1.000000;1.000000;1.000000;1.000000;1.000000;1.000000;1.000000;1.000000;1.000000;1.000000,58,nan,0,2.000000;1.000000;1.000000;1.000000;1.000000;1.000000;1.000000;1.000000;1.000000;1.000000;1.000000;1.000000;1.000000;1.000000;1.000000;1.000000;1.000000;1.000000;1.000000;1.000000;1.000000;1.000000;1.000000;1.000000;1.000000;1.000000;1.000000;1.000000;1.000000,nan;0.016293;0.146213;0.112293;0.078373;0.044453;0.011887;0.140453;0.106533;0.072613;0.038693;0.004773;0.134693;0.100773;0.066853;0.032933;0.162853;0.128933;0.095013;0.061093;0.027173;0.157093;0.123173;0.089253;0.055333;0.023033;0.151333;0.117413;nan,2.000000;1.000000;1.000000;1.000000;1.000000;1.000000;1.000000;1.000000;1.000000;1.000000;1.000000;1.000000;1.000000;1.000000;1.000000;1.000000;1.000000;1.000000;1.000000;1.000000;1.000000;1.000000;1.000000;1.000000;1.000000;1.000000;1.000000;1.000000;1.000000,0,0,0,0,0,0,0,0,0,0,473,22704,110,5720,118,5664,20,928,8,240,0,0,0,0,0,0,0,0,graph_0002__stability_0.0000,stability,0.0,graph_0002,epoch_0005
trace,static,0.175794,0.175777,788,561,105,0,0,0.369444,0.018966,74.290451,360,133,0,0,0,199,0.738889,0,0,0.000000,0.000000,0.500000,1.000000,1.000000,1.000000,1.000000;1.000000;1.000000;1.000000;1.000000;1.000000;1.000000;1.000000;1.000000;1.000000;1.000000;1.000000;1.000000;1.000000;1.000000;1.000000;1.000000;1.000000;1.000000;1.000000;1.000000;1.000000;1.000000;1.000000;1.000000;1.000000;1.000000;1.000000;1.000000;1.000000,58,nan,0,2.000000;1.000000;1.000000;1.000000;1.000000;1.000000;1.000000;1.000000;1.000000;1.000000;1.000000;1.000000;1.000000;1.000000;1.000000;1.000000;1.000000;1.000000;1.000000;1.000000;1.000000;1.000000;1.000000;1.000000;1.000000;1.000000;1.000000;1.000000;1.000000,0.067975;0.025269;0.155189;0.121269;0.087349;0.053429;0.019509;0.149429;0.115509;0.081589;0.047669;0.013749;0.143669;0.109749;0.075909;0.041909;0.171829;0.137909;0.103989;0.070149;0.036149;0.166069;0.132149;0.098229;0.064349;0.030389;0.160309;0.126389;nan,2.000000;1.000000;1.000000;1.000000;1.000000;1.000000;1.000000;1.000000;1.000000;1.000000;1.000000;1.000000;1.000000;1.000000;1.000000;1.000000;1.000000;1.000000;1.000000;1.000000;1.000000;1.000000;1.000000;1.000000;1.000000;1.000000;1.000000;1.000000;1.000000,0,0,0,0,0,0,0,0,0,0,0,0,0,0,0,0,0,0,0,0,0,0,0,0,0,0,0,0,graph_0002__stability_0.0000,stability,0.0,graph_0002,epoch_0005
trace,olsr,0.436194,0.436024,1587,1705,105,332,534,0.766667,0.038480,74.961290,360,276,0,0,0,432,1.533333,332,21792,1.202899,78.956522,0.500000,1.000000,1.000000,1.000000,1.000000;1.000000;1.000000;1.000000;1.000000;1.000000;1.000000;1.000000;1.000000;1.000000;1.000000;1.000000;1.000000;1.000000;1.000000;1.000000;1.000000;1.000000;1.000000;1.000000;1.000000;1.000000;1.000000;1.000000;1.000000;1.000000;1.000000;1.000000;1.000000;1.000000,58,nan,0,2.000000;1.000000;1.000000;1.000000;1.000000;1.000000;1.000000;1.000000;1.000000;1.000000;1.000000;1.000000;1.000000;1.000000;1.000000;1.000000;1.000000;1.000000;1.000000;1.000000;1.000000;1.000000;1.000000;1.000000;1.000000;1.000000;1.000000;1.000000;1.000000,0.050213;0.016293;0.146213;0.112293;0.078373;0.044453;0.010533;0.140453;0.106533;0.072613;0.038693;0.004773;0.134693;0.100773;0.066853;0.032933;0.162853;0.128933;0.095013;0.061093;0.027173;0.157093;0.123173;0.089253;0.055333;0.021413;0.151333;0.117413;nan,2.000000;1.000000;1.000000;1.000000;1.000000;1.000000;1.000000;1.000000;1.000000;1.000000;1.000000;1.000000;1.000000;1.000000;1.000000;1.000000;1.000000;1.000000;1.000000;1.000000;1.000000;1.000000;1.000000;1.000000;1.000000;1.000000;1.000000;1.000000;1.000000,227,13632,105,8160,0,0,0,0,0,0,0,0,0,0,0,0,0,0,0,0,0,0,0,0,0,0,0,0,graph_0002__stability_0.0000,stability,0.0,graph_0002,epoch_0002
trace,aodv,0.533627,0.533314,2231,2408,105,727,935,0.913889,0.046046,74.924418,360,329,0,0,0,412,1.827778,727,35160,2.209726,106.869301,0.500000,1.000000,1.000000,1.000000,1.000000;1.000000;1.000000;1.000000;1.000000;1.000000;1.000000;1.000000;1.000000;1.000000;1.000000;1.000000;1.000000;1.000000;1.000000;1.000000;1.000000;1.000000;1.000000;1.000000;1.000000;1.000000;1.000000;1.000000;1.000000;1.000000;1.000000;1.000000;1.000000;1.000000,58,nan,0,2.000000;1.000000;1.000000;1.000000;1.000000;1.000000;1.000000;1.000000;1.000000;1.000000;1.000000;1.000000;1.000000;1.000000;1.000000;1.000000;1.000000;1.000000;1.000000;1.000000;1.000000;1.000000;1.000000;1.000000;1.000000;1.000000;1.000000;1.000000;1.000000,nan;0.016293;0.146213;0.112293;0.078373;0.044453;0.011203;0.140453;0.106533;0.072613;0.038693;0.004773;0.134693;0.100773;0.066853;0.032933;0.162853;0.128933;0.095013;0.061093;0.027763;0.157093;0.123173;0.089253;0.055333;0.021413;0.151333;0.117413;nan,2.000000;1.000000;1.000000;1.000000;1.000000;1.000000;1.000000;1.000000;1.000000;1.000000;1.000000;1.000000;1.000000;1.000000;1.000000;1.000000;1.000000;1.000000;1.000000;1.000000;1.000000;1.000000;1.000000;1.000000;1.000000;1.000000;1.000000;1.000000;1.000000,0,0,0,0,0,0,0,0,0,0,473,22704,108,5616,119,5712,19,888,8,240,0,0,0,0,0,0,0,0,graph_0002__stability_0.0000,stability,0.0,graph_0002,epoch_0002
trace,static,0.180312,0.180302,783,555,105,0,0,0.366667,0.018823,74.286829,360,132,0,0,0,197,0.733333,0,0,0.000000,0.000000,0.500000,1.000000,1.000000,1.000000,1.000000;1.000000;1.000000;1.000000;1.000000;1.000000;1.000000;1.000000;1.000000;1.000000;1.000000;1.000000;1.000000;1.000000;1.000000;1.000000;1.000000;1.000000;1.000000;1.000000;1.000000;1.000000;1.000000;1.000000;1.000000;1.000000;1.000000;1.000000;1.000000;1.000000,58,nan,0,2.000000;1.000000;1.000000;1.000000;1.000000;1.000000;1.000000;1.000000;1.000000;1.000000;1.000000;1.000000;1.000000;1.000000;1.000000;1.000000;1.000000;1.000000;1.000000;1.000000;1.000000;1.000000;1.000000;1.000000;1.000000;1.000000;1.000000;1.000000;1.000000,0.059189;0.025269;0.155189;0.121269;0.087349;0.053429;0.019509;0.149429;0.115509;0.081589;0.047669;0.013749;0.143669;0.109749;0.075829;0.041909;0.171829;0.137909;0.103989;0.070149;0.036149;0.166069;0.132149;0.098229;0.064349;0.030389;0.160309;0.126389;nan,2.000000;1.000000;1.000000;1.000000;1.000000;1.000000;1.000000;1.000000;1.000000;1.000000;1.000000;1.000000;1.000000;1.000000;1.000000;1.000000;1.000000;1.000000;1.000000;1.000000;1.000000;1.000000;1.000000;1.000000;1.000000;1.000000;1.000000;1.000000;1.000000,0,0,0,0,0,0,0,0,0,0,0,0,0,0,0,0,0,0,0,0,0,0,0,0,0,0,0,0,graph_0002__stability_0.0000,stability,0.0,graph_0002,epoch_0002
trace,olsr,0.448696,0.448470,1587,1702,105,332,544,0.730556,0.036669,75.070668,360,263,0,0,0,377,1.461111,332,21984,1.262357,83.589354,0.500000,1.250000,1.000000,2.000000,2.000000;2.000000;2.000000;2.000000;2.000000;2.000000;1.000000;1.000000;1.000000;1.000000;1.000000;1.000000;1.000000;1.000000;1.000000;1.000000;1.000000;1.000000;1.000000;1.000000;1.000000;1.000000;1.000000;1.000000,46,nan,0,2.000000;2.000000;2.000000;2.000000;2.000000;2.000000;2.000000;1.000000;1.000000;1.000000;1.000000;1.000000;1.000000;1.000000;1.000000;1.000000;1.000000;1.000000;1.000000;1.000000;1.000000;1.000000;1.000000,0.033253;0.129253;0.061413;0.157413;0.089573;0.021733;0.134693;0.100773;0.066853;0.032933;0.162853;0.128933;0.095013;0.061093;0.027173;0.157093;0.123173;0.089253;0.055333;0.021413;0.151333;0.117413;nan,2.000000;2.000000;2.000000;2.000000;2.000000;2.000000;2.000000;1.000000;1.000000;1.000000;1.000000;1.000000;1.000000;1.000000;1.000000;1.000000;1.000000;1.000000;1.000000;1.000000;1.000000;1.000000;1.000000,229,13760,103,8224,0,0,0,0,0,0,0,0,0,0,0,0,0,0,0,0,0,0,0,0,0,0,0,0,graph_0003__stability_0.2000,stability,0.2,graph_0003,epoch_0001
trace,aodv,0.547609,0.547373,2256,2498,105,749,1016,0.888889,0.044797,75.273651,360,320,15,0,0,409,1.777778,749,35984,2.340625,112.450000,0.500000,1.250000,1.000000,2.000000,2.000000;2.000000;2.000000;2.000000;2.000000;2.000000;1.000000;1.000000;1.000000;1.000000;1.000000;1.000000;1.000000;1.000000;1.000000;1.000000;1.000000;1.000000;1.000000;1.000000;1.000000;1.000000;1.000000;1.000000,46,nan,0,2.000000;2.000000;2.000000;2.000000;2.000000;2.000000;2.000000;1.000000;1.000000;1.000000;1.000000;1.000000;1.000000;1.000000;1.000000;1.000000;1.000000;1.000000;1.000000;1.000000;1.000000;1.000000;1.000000,0.033253;0.129253;1.392188;0.157413;1.430568;0.021733;0.134693;0.100773;0.066853;0.032933;0.162853;0.128933;0.095013;0.061093;0.027173;0.157093;0.123173;0.089253;0.055333;0.021413;0.151333;0.117413;nan,2.000000;2.000000;2.000000;2.000000;2.000000;2.000000;2.000000;1.000000;1.000000;1.000000;1.000000;1.000000;1.000000;1.000000;1.000000;1.000000;1.000000;1.000000;1.000000;1.000000;1.000000;1.000000;1.000000,0,0,0,0,0,0,0,0,0,0,465,22320,112,5824,116,5568,52,2152,4,120,0,0,0,0,0,0,0,0,graph_0003__stability_0.2000,stability,0.2,graph_0003,epoch_0001
trace,static,0.171345,0.171332,804,585,105,0,0,0.391667,0.020108,72.449178,360,141,0,0,0,150,0.783333,0,0,0.000000,0.000000,0.500000,1.250000,1.000000,2.000000,2.000000;2.000000;2.000000;2.000000;2.000000;2.000000;1.000000;1.000000;1.000000;1.000000;1.000000;1.000000;1.000000;1.000000;1.000000;1.000000;1.000000;1.000000;1.000000;1.000000;1.000000;1.000000;1.000000;1.000000,46,nan,0,2.000000;2.000000;2.000000;2.000000;2.000000;2.000000;2.000000;1.000000;1.000000;1.000000;1.000000;1.000000;1.000000;1.000000;1.000000;1.000000;1.000000;1.000000;1.000000;1.000000;1.000000;1.000000;1.000000,0.042249;0.138229;0.070389;0.166119;0.098549;0.030709;0.143669;0.109479;0.084805;0.041909;0.171829;0.137909;0.103989;0.070069;0.036149;0.166069;0.132149;0.098229;0.064349;0.030389;0.160309;0.126389;nan,2.000000;2.000000;2.000000;2.000000;2.000000;2.000000;2.000000;1.000000;1.000000;1.000000;1.000000;1.000000;1.000000;1.000000;1.000000;1.000000;1.000000;1.000000;1.000000;1.000000;1.000000;1.000000;1.000000,0,0,0,0,0,0,0,0,0,0,0,0,0,0,0,0,0,0,0,0,0,0,0,0,0,0,0,0,graph_0003__stability_0.2000,stability,0.2,graph_0003,epoch_0001
trace,olsr,0.422852,0.422808,1588,1701,105,332,541,0.733333,0.036803,75.078838,360,264,0,0,0,377,1.466667,332,21936,1.257576,83.090909,0.500000,1.250000,1.000000,2.000000,2.000000;2.000000;2.000000;2.000000;2.000000;2.000000;1.000000;1.000000;1.000000;1.000000;1.000000;1.000000;1.000000;1.000000;1.000000;1.000000;1.000000;1.000000;1.000000;1.000000;1.000000;1.000000;1.000000;1.000000,46,nan,0,2.000000;2.000000;2.000000;2.000000;2.000000;2.000000;2.000000;1.000000;1.000000;1.000000;1.000000;1.000000;1.000000;1.000000;1.000000;1.000000;1.000000;1.000000;1.000000;1.000000;1.000000;1.000000;1.000000,0.033253;0.129253;0.061413;0.157413;0.089573;0.021733;0.134693;0.100773;0.066853;0.032933;0.162853;0.128933;0.095013;0.061093;0.027173;0.157093;0.123173;0.089253;0.055333;0.021413;0.151333;0.117413;nan,2.000000;2.000000;2.000000;2.000000;2.000000;2.000000;2.000000;1.000000;1.000000;1.000000;1.000000;1.000000;1.000000;1.000000;1.000000;1.000000;1.000000;1.000000;1.000000;1.000000;1.000000;1.000000;1.000000,230,13824,102,8112,0,0,0,0,0,0,0,0,0,0,0,0,0,0,0,0,0,0,0,0,0,0,0,0,graph_0003__stability_0.2000,stability,0.2,graph_0003,epoch_0003
trace,aodv,0.536111,0.536059,2250,2482,105,732,999,0.883333,0.044506,75.311928,360,318,7,0,0,467,1.766667,732,35288,2.301887,110.968553,0.500000,1.250000,1.000000,2.000000,2.000000;2.000000;2.000000;2.000000;2.000000;2.000000;1.000000;1.000000;1.000000;1.000000;1.000000;1.000000;1.000000;1.000000;1.000000;1.000000;1.000000;1.000000;1.000000;1.000000;1.000000;1.000000;1.000000;1.000000,46,nan,0,2.000000;2.000000;2.000000;2.000000;2.000000;2.000000;2.000000;1.000000;1.000000;1.000000;1.000000;1.000000;1.000000;1.000000;1.000000;1.000000;1.000000;1.000000;1.000000;1.000000;1.000000;1.000000;1.000000,0.033253;0.129253;1.408568;0.157413;1.432328;0.022423;0.134693;0.100773;0.066853;0.032933;0.162853;0.128933;0.095013;0.061093;0.027173;0.157093;0.123173;0.089253;0.055333;0.021413;0.151333;0.117413;nan,2.000000;2.000000;2.000000;2.000000;2.000000;2.000000;2.000000;1.000000;1.000000;1.000000;1.000000;1.000000;1.000000;1.000000;1.000000;1.000000;1.000000;1.000000;1.000000;1.000000;1.000000;1.000000;1.000000,0,0,0,0,0,0,0,0,0,0,466,22368,110,5720,116,5568,36,1512,4,120,0,0,0,0,0,0,0,0,graph_0003__stability_0.2000,stability,0.2,graph_0003,epoch_0003
trace,static,0.179499,0.179483,806,587,105,0,0,0.391667,0.020105,72.449129,360,141,0,0,0,153,0.783333,0,0,0.000000,0.000000,0.500000,1.250000,1.000000,2.000000,2.000000;2.000000;2.000000;2.000000;2.000000;2.000000;1.000000;1.000000;1.000000;1.000000;1.000000;1.000000;1.000000;1.000000;1.000000;1.000000;1.000000;1.000000;1.000000;1.000000;1.000000;1.000000;1.000000;1.000000,46,nan,0,2.000000;2.000000;2.000000;2.000000;2.000000;2.000000;2.000000;1.000000;1.000000;1.000000;1.000000;1.000000;1.000000;1.000000;1.000000;1.000000;1.000000;1.000000;1.000000;1.000000;1.000000;1.000000;1.000000,0.042249;0.138229;0.070389;0.166119;0.098549;0.030709;0.143669;0.109479;0.084615;0.041909;0.171829;0.137909;0.103989;0.070069;0.036149;0.166069;0.132149;0.098229;0.064349;0.030389;0.160309;0.126389;nan,2.000000;2.000000;2.000000;2.000000;2.000000;2.000000;2.000000;1.000000;1.000000;1.000000;1.000000;1.000000;1.000000;1.000000;1.000000;1.000000;1.000000;1.000000;1.000000;1.000000;1.000000;1.000000;1.000000,0,0,0,0,0,0,0,0,0,0,0,0,0,0,0,0,0,0,0,0,0,0,0,0,0,0,0,0,graph_0003__stability_0.2000,stability,0.2,graph_0003,epoch_0003
trace,olsr,0.428126,0.427772,1589,1694,105,333,534,0.733333,0.036811,75.078903,360,264,0,0,0,389,1.466667,333,21896,1.261364,82.939394,0.500000,1.250000,1.000000,2.000000,2.000000;2.000000;2.000000;2.000000;2.000000;2.000000;1.000000;1.000000;1.000000;1.000000;1.000000;1.000000;1.000000;1.000000;1.000000;1.000000;1.000000;1.000000;1.000000;1.000000;1.000000;1.000000;1.000000;1.000000,46,nan,0,2.000000;2.000000;2.000000;2.000000;2.000000;2.000000;2.000000;1.000000;1.000000;1.000000;1.000000;1.000000;1.000000;1.000000;1.000000;1.000000;1.000000;1.000000;1.000000;1.000000;1.000000;1.000000;1.000000,0.033253;0.129253;0.061413;0.157413;0.089573;0.021733;0.134693;0.100773;0.066853;0.032933;0.162853;0.128933;0.095013;0.061093;0.027173;0.157093;0.123173;0.089253;0.055333;0.022595;0.151333;0.117413;nan,2.000000;2.000000;2.000000;2.000000;2.000000;2.000000;2.000000;1.000000;1.000000;1.000000;1.000000;1.000000;1.000000;1.000000;1.000000;1.000000;1.000000;1.000000;1.000000;1.000000;1.000000;1.000000;1.000000,229,13760,104,8136,0,0,0,0,0,0,0,0,0,0,0,0,0,0,0,0,0,0,0,0,0,0,0,0,graph_0003__stability_0.2000,stability,0.2,graph_0003,epoch_0004
trace,aodv,0.540572,0.540358,2282,2513,105,751,1010,0.886111,0.044657,75.574636,360,319,13,0,0,414,1.772222,751,36030,2.354232,112.946708,0.500000,1.250000,1.000000,2.000000,2.000000;2.000000;2.000000;2.000000;2.000000;2.000000;1.000000;1.000000;1.000000;1.000000;1.000000;1.000000;1.000000;1.000000;1.000000;1.000000;1.000000;1.000000;1.000000;1.000000;1.000000;1.000000;1.000000;1.000000,46,nan,0,2.000000;2.000000;2.000000;2.000000;2.000000;2.000000;2.000000;1.000000;1.000000;1.000000;1.000000;1.000000;1.000000;1.000000;1.000000;1.000000;1.000000;1.000000;1.000000;1.000000;1.000000;1.000000;1.000000,0.033253;0.129253;1.406048;0.157413;1.429928;0.021733;0.134693;0.100773;0.066853;0.032933;0.162853;nan;0.445359;0.061093;0.027173;0.157093;0.123173;0.089253;0.055333;0.021413;0.151333;0.117413;nan,2.000000;2.000000;2.000000;2.000000;2.000000;2.000000;2.000000;1.000000;1.000000;1.000000;1.000000;1.000000;1.000000;1.000000;1.000000;1.000000;1.000000;1.000000;1.000000;1.000000;1.000000;1.000000;1.000000,0,0,0,0,0,0,0,0,0,0,465,22320,114,5928,112,5376,55,2256,5,150,0,0,0,0,0,0,0,0,graph_0003__stability_0.2000,stability,0.2,graph_0003,epoch_0004
trace,static,0.178444,0.178421,804,585,105,0,0,0.391667,0.020108,72.449193,360,141,0,0,0,150,0.783333,0,0,0.000000,0.000000,0.500000,1.250000,1.000000,2.000000,2.000000;2.000000;2.000000;2.000000;2.000000;2.000000;1.000000;1.000000;1.000000;1.000000;1.000000;1.000000;1.000000;1.000000;1.000000;1.000000;1.000000;1.000000;1.000000;1.000000;1.000000;1.000000;1.000000;1.000000,46,nan,0,2.000000;2.000000;2.000000;2.000000;2.000000;2.000000;2.000000;1.000000;1.000000;1.000000;1.000000;1.000000;1.000000;1.000000;1.000000;1.000000;1.000000;1.000000;1.000000;1.000000;1.000000;1.000000;1.000000,0.042249;0.138229;0.070389;0.166119;0.098549;0.030709;0.143669;0.109479;0.084805;0.041909;0.171829;0.137909;0.103989;0.070069;0.036149;0.166069;0.132149;0.098229;0.064349;0.030389;0.160309;0.126389;nan,2.000000;2.000000;2.000000;2.000000;2.000000;2.000000;2.000000;1.000000;1.000000;1.000000;1.000000;1.000000;1.000000;1.000000;1.000000;1.000000;1.000000;1.000000;1.000000;1.000000;1.000000;1.000000;1.000000,0,0,0,0,0,0,0,0,0,0,0,0,0,0,0,0,0,0,0,0,0,0,0,0,0,0,0,0,graph_0003__stability_0.2000,stability,0.2,graph_0003,epoch_0004
trace,olsr,0.431204,0.431105,1591,1709,105,335,549,0.733333,0.036804,75.078859,360,264,0,0,0,372,1.466667,335,22080,1.268939,83.636364,0.500000,1.250000,1.000000,2.000000,2.000000;2.000000;2.000000;2.000000;2.000000;2.000000;1.000000;1.000000;1.000000;1.000000;1.000000;1.000000;1.000000;1.000000;1.000000;1.000000;1.000000;1.000000;1.000000;1.000000;1.000000;1.000000;1.000000;1.000000,46,nan,0,2.000000;2.000000;2.000000;2.000000;2.000000;2.000000;2.000000;1.000000;1.000000;1.000000;1.000000;1.000000;1.000000;1.000000;1.000000;1.000000;1.000000;1.000000;1.000000;1.000000;1.000000;1.000000;1.000000,0.033253;0.129253;0.061413;0.157413;0.089573;0.021733;0.134693;0.100773;0.066853;0.032933;0.162853;0.128933;0.095013;0.061093;0.027173;0.157093;0.123173;0.089253;0.055333;0.021413;0.151333;0.117413;nan,2.000000;2.000000;2.000000;2.000000;2.000000;2.000000;2.000000;1.000000;1.000000;1.000000;1.000000;1.000000;1.000000;1.000000;1.000000;1.000000;1.000000;1.000000;1.000000;1.000000;1.000000;1.000000;1.000000,228,13696,107,8384,0,0,0,0,0,0,0,0,0,0,0,0,0,0,0,0,0,0,0,0,0,0,0,0,graph_0003__stability_0.2000,stability,0.2,graph_0003,epoch_0005
trace,aodv,0.537214,0.537151,2272,2508,105,759,1020,0.888889,0.044790,75.273566,360,320,15,0,0,380,1.777778,759,36400,2.371875,113.750000,0.500000,1.250000,1.000000,2.000000,2.000000;2.000000;2.000000;2.000000;2.000000;2.000000;1.000000;1.000000;1.000000;1.000000;1.000000;1.000000;1.000000;1.000000;1.000000;1.000000;1.000000;1.000000;1.000000;1.000000;1.000000;1.000000;1.000000;1.000000,46,nan,0,2.000000;2.000000;2.000000;2.000000;2.000000;2.000000;2.000000;1.000000;1.000000;1.000000;1.000000;1.000000;1.000000;1.000000;1.000000;1.000000;1.000000;1.000000;1.000000;1.000000;1.000000;1.000000;1.000000,0.033253;0.129253;1.405488;0.157413;1.425368;0.021733;0.134693;0.100773;0.066853;0.032933;0.162853;0.128933;0.095013;0.061093;0.027173;0.157093;0.123173;0.089253;0.055333;0.021413;0.151333;0.117413;nan,2.000000;2.000000;2.000000;2.000000;2.000000;2.000000;2.000000;1.000000;1.000000;1.000000;1.000000;1.000000;1.000000;1.000000;1.000000;1.000000;1.000000;1.000000;1.000000;1.000000;1.000000;1.000000;1.000000,0,0,0,0,0,0,0,0,0,0,465,22320,114,5928,116,5568,60,2464,4,120,0,0,0,0,0,0,0,0,graph_0003__stability_0.2000,stability,0.2,graph_0003,epoch_0005
trace,static,0.178425,0.178410,806,587,105,0,0,0.391667,0.020105,72.449124,360,141,0,0,0,150,0.783333,0,0,0.000000,0.000000,0.500000,1.250000,1.000000,2.000000,2.000000;2.000000;2.000000;2.000000;2.000000;2.000000;1.000000;1.000000;1.000000;1.000000;1.000000;1.000000;1.000000;1.000000;1.000000;1.000000;1.000000;1.000000;1.000000;1.000000;1.000000;1.000000;1.000000;1.000000,46,nan,0,2.000000;2.000000;2.000000;2.000000;2.000000;2.000000;2.000000;1.000000;1.000000;1.000000;1.000000;1.000000;1.000000;1.000000;1.000000;1.000000;1.000000;1.000000;1.000000;1.000000;1.000000;1.000000;1.000000,0.042249;0.138229;0.070389;0.166119;0.098549;0.030709;0.143669;0.109479;0.084615;0.041909;0.171829;0.137909;0.103989;0.070069;0.036149;0.166069;0.132149;0.098229;0.064349;0.030389;0.160309;0.126389;nan,2.000000;2.000000;2.000000;2.000000;2.000000;2.000000;2.000000;1.000000;1.000000;1.000000;1.000000;1.000000;1.000000;1.000000;1.000000;1.000000;1.000000;1.000000;1.000000;1.000000;1.000000;1.000000;1.000000,0,0,0,0,0,0,0,0,0,0,0,0,0,0,0,0,0,0,0,0,0,0,0,0,0,0,0,0,graph_0003__stability_0.2000,stability,0.2,graph_0003,epoch_0005
trace,olsr,0.460781,0.460415,1586,1696,105,331,537,0.733333,0.036802,75.124268,360,264,0,0,0,382,1.466667,331,21784,1.253788,82.515152,0.500000,1.250000,1.000000,2.000000,2.000000;2.000000;2.000000;2.000000;2.000000;2.000000;1.000000;1.000000;1.000000;1.000000;1.000000;1.000000;1.000000;1.000000;1.000000;1.000000;1.000000;1.000000;1.000000;1.000000;1.000000;1.000000;1.000000;1.000000,46,nan,0,2.000000;2.000000;2.000000;2.000000;2.000000;2.000000;2.000000;1.000000;1.000000;1.000000;1.000000;1.000000;1.000000;1.000000;1.000000;1.000000;1.000000;1.000000;1.000000;1.000000;1.000000;1.000000;1.000000,0.033253;0.129253;0.061413;0.157413;0.089573;0.021733;0.134693;0.100773;0.066853;0.032933;0.162853;0.128933;0.095013;0.061093;0.027173;0.157093;0.123173;0.089253;0.055333;0.021413;0.151333;0.117413;nan,2.000000;2.000000;2.000000;2.000000;2.000000;2.000000;2.000000;1.000000;1.000000;1.000000;1.000000;1.000000;1.000000;1.000000;1.000000;1.000000;1.000000;1.000000;1.000000;1.000000;1.000000;1.000000;1.000000,223,13376,108,8408,0,0,0,0,0,0,0,0,0,0,0,0,0,0,0,0,0,0,0,0,0,0,0,0,graph_0003__stability_0.2000,stability,0.2,graph_0003,epoch_0002
trace,aodv,0.541255,0.541222,2264,2499,105,738,1004,0.883333,0.044506,75.468495,360,318,11,0,0,435,1.766667,738,35506,2.320755,111.654088,0.500000,1.250000,1.000000,2.000000,2.000000;2.000000;2.000000;2.000000;2.000000;2.000000;1.000000;1.000000;1.000000;1.000000;1.000000;1.000000;1.000000;1.000000;1.000000;1.000000;1.000000;1.000000;1.000000;1.000000;1.000000;1.000000;1.000000;1.000000,46,nan,0,2.000000;2.000000;2.000000;2.000000;2.000000;2.000000;2.000000;1.000000;1.000000;1.000000;1.000000;1.000000;1.000000;1.000000;1.000000;1.000000;1.000000;1.000000;1.000000;1.000000;1.000000;1.000000;1.000000,0.033253;0.129253;1.389148;0.157413;1.438348;0.021733;0.134693;0.100773;0.066853;0.032933;0.162853;0.128933;0.095013;0.061093;0.027173;0.157093;nan;0.433381;0.055333;0.021413;0.151333;0.117413;nan,2.000000;2.000000;2.000000;2.000000;2.000000;2.000000;2.000000;1.000000;1.000000;1.000000;1.000000;1.000000;1.000000;1.000000;1.000000;1.000000;1.000000;1.000000;1.000000;1.000000;1.000000;1.000000;1.000000,0,0,0,0,0,0,0,0,0,0,464,22272,112,5824,111,5328,48,1992,3,90,0,0,0,0,0,0,0,0,graph_0003__stability_0.2000,stability,0.2,graph_0003,epoch_0002
trace,static,0.180754,0.180578,803,584,105,0,0,0.391667,0.020104,72.449044,360,141,0,0,0,150,0.783333,0,0,0.000000,0.000000,0.500000,1.250000,1.000000,2.000000,2.000000;2.000000;2.000000;2.000000;2.000000;2.000000;1.000000;1.000000;1.000000;1.000000;1.000000;1.000000;1.000000;1.000000;1.000000;1.000000;1.000000;1.000000;1.000000;1.000000;1.000000;1.000000;1.000000;1.000000,46,nan,0,2.000000;2.000000;2.000000;2.000000;2.000000;2.000000;2.000000;1.000000;1.000000;1.000000;1.000000;1.000000;1.000000;1.000000;1.000000;1.000000;1.000000;1.000000;1.000000;1.000000;1.000000;1.000000;1.000000,0.042249;0.138229;0.070389;0.166119;0.098549;0.030709;0.143669;0.109479;0.075829;0.041909;0.171829;0.137909;0.103989;0.070069;0.036149;0.166069;0.132149;0.098229;0.064349;0.030389;0.160309;0.126389;nan,2.000000;2.000000;2.000000;2.000000;2.000000;2.000000;2.000000;1.000000;1.000000;1.000000;1.000000;1.000000;1.000000;1.000000;1.000000;1.000000;1.000000;1.000000;1.000000;1.000000;1.000000;1.000000;1.000000,0,0,0,0,0,0,0,0,0,0,0,0,0,0,0,0,0,0,0,0,0,0,0,0,0,0,0,0,graph_0003__stability_0.2000,stability,0.2,graph_0003,epoch_0002
trace,olsr,0.432572,0.432443,1577,1659,105,329,520,0.697222,0.034993,74.593382,360,251,0,0,0,387,1.394444,329,21720,1.310757,86.533865,0.500000,1.666667,2.000000,2.000000,2.000000;2.000000;2.000000;2.000000;2.000000;2.000000;2.000000;2.000000;2.000000;2.000000;2.000000;2.000000;1.000000;1.000000;1.000000;1.000000;1.000000;1.000000,34,nan,0,2.000000;2.000000;2.000000;2.000000;2.000000;2.000000;2.000000;2.000000;2.000000;2.000000;2.000000;2.000000;2.000000;1.000000;1.000000;1.000000;1.000000,0.033253;0.129253;0.061413;0.157413;0.089573;0.021733;0.117733;0.049893;0.145893;0.078053;0.010213;0.106213;0.055333;0.021413;0.151333;0.117413;nan,2.000000;2.000000;2.000000;2.000000;2.000000;2.000000;2.000000;2.000000;2.000000;2.000000;2.000000;2.000000;2.000000;1.000000;1.000000;1.000000;1.000000,228,13696,101,8024,0,0,0,0,0,0,0,0,0,0,0,0,0,0,0,0,0,0,0,0,0,0,0,0,graph_0004__stability_0.4000,stability,0.4,graph_0004,epoch_0001
trace,aodv,0.556736,0.556136,2289,2497,105,768,1024,0.838889,0.042270,75.197450,360,302,10,0,0,506,1.677778,768,36844,2.543046,122.000000,0.500000,1.666667,2.000000,2.000000,2.000000;2.000000;2.000000;2.000000;2.000000;2.000000;2.000000;2.000000;2.000000;2.000000;2.000000;2.000000;1.000000;1.000000;1.000000;1.000000;1.000000;1.000000,34,nan,0,2.000000;2.000000;2.000000;2.000000;2.000000;2.000000;2.000000;2.000000;2.000000;2.000000;2.000000;2.000000;2.000000;1.000000;1.000000;1.000000;1.000000,0.033253;0.129253;0.061413;1.493050;1.415868;0.021733;0.117733;0.049893;1.476127;0.078053;0.010213;0.106213;0.055333;0.021413;0.151333;0.117413;nan,2.000000;2.000000;2.000000;2.000000;2.000000;2.000000;2.000000;2.000000;2.000000;2.000000;2.000000;2.000000;2.000000;1.000000;1.000000;1.000000;1.000000,0,0,0,0,0,0,0,0,0,0,459,22032,129,6708,113,5424,55,2320,12,360,0,0,0,0,0,0,0,0,graph_0004__stability_0.4000,stability,0.4,graph_0004,epoch_0001
trace,static,0.180477,0.180407,830,620,105,0,0,0.416667,0.021389,72.308664,360,150,0,0,0,115,0.833333,0,0,0.000000,0.000000,0.500000,1.666667,2.000000,2.000000,2.000000;2.000000;2.000000;2.000000;2.000000;2.000000;2.000000;2.000000;2.000000;2.000000;2.000000;2.000000;1.000000;1.000000;1.000000;1.000000;1.000000;1.000000,34,nan,0,2.000000;2.000000;2.000000;2.000000;2.000000;2.000000;2.000000;2.000000;2.000000;2.000000;2.000000;2.000000;2.000000;1.000000;1.000000;1.000000;1.000000,0.042249;0.137959;0.070389;0.166389;0.098549;0.030709;0.126709;0.067925;0.154869;0.087029;0.019189;0.115189;0.064309;0.030389;0.160309;0.126389;nan,2.000000;2.000000;2.000000;2.000000;2.000000;2.000000;2.000000;2.000000;2.000000;2.000000;2.000000;2.000000;2.000000;1.000000;1.000000;1.000000;1.000000,0,0,0,0,0,0,0,0,0,0,0,0,0,0,0,0,0,0,0,0,0,0,0,0,0,0,0,0,graph_0004__stability_0.4000,stability,0.4,graph_0004,epoch_0001
trace,olsr,0.449871,0.449628,1578,1669,105,332,530,0.702778,0.035273,74.768342,360,253,0,0,0,390,1.405556,332,21840,1.312253,86.324111,0.500000,1.666667,2.000000,2.000000,2.000000;2.000000;2.000000;2.000000;2.000000;2.000000;2.000000;2.000000;2.000000;2.000000;2.000000;2.000000;1.000000;1.000000;1.000000;1.000000;1.000000;1.000000,34,nan,0,2.000000;2.000000;2.000000;2.000000;2.000000;2.000000;2.000000;2.000000;2.000000;2.000000;2.000000;2.000000;2.000000;1.000000;1.000000;1.000000;1.000000,0.033253;0.129253;0.061413;0.157413;0.089573;0.021733;0.117733;0.049893;0.145893;0.078053;0.010213;0.106213;0.055333;0.021413;0.151333;0.117413;nan,2.000000;2.000000;2.000000;2.000000;2.000000;2.000000;2.000000;2.000000;2.000000;2.000000;2.000000;2.000000;2.000000;1.000000;1.000000;1.000000;1.000000,228,13696,104,8144,0,0,0,0,0,0,0,0,0,0,0,0,0,0,0,0,0,0,0,0,0,0,0,0,graph_0004__stability_0.4000,stability,0.4,graph_0004,epoch_0003
trace,aodv,0.549796,0.549412,2277,2496,105,761,1024,0.844444,0.042561,75.288637,360,304,12,0,0,460,1.688889,761,36528,2.503289,120.157895,0.500000,1.666667,2.000000,2.000000,2.000000;2.000000;2.000000;2.000000;2.000000;2.000000;2.000000;2.000000;2.000000;2.000000;2.000000;2.000000;1.000000;1.000000;1.000000;1.000000;1.000000;1.000000,34,nan,0,2.000000;2.000000;2.000000;2.000000;2.000000;2.000000;2.000000;2.000000;2.000000;2.000000;2.000000;2.000000;2.000000;1.000000;1.000000;1.000000;1.000000,0.033253;0.129253;0.061413;1.493030;1.438448;0.021733;0.117733;0.049893;1.484108;0.078053;0.010213;0.106213;0.055333;0.021413;0.151333;0.117413;nan,2.000000;2.000000;2.000000;2.000000;2.000000;2.000000;2.000000;2.000000;2.000000;2.000000;2.000000;2.000000;2.000000;1.000000;1.000000;1.000000;1.000000,0,0,0,0,0,0,0,0,0,0,460,22080,124,6448,111,5328,58,2432,8,240,0,0,0,0,0,0,0,0,graph_0004__stability_0.4000,stability,0.4,graph_0004,epoch_0003
trace,static,0.186210,0.186032,831,622,105,0,0,0.419444,0.021532,72.324842,360,151,0,0,0,114,0.838889,0,0,0.000000,0.000000,0.500000,1.666667,2.000000,2.000000,2.000000;2.000000;2.000000;2.000000;2.000000;2.000000;2.000000;2.000000;2.000000;2.000000;2.000000;2.000000;1.000000;1.000000;1.000000;1.000000;1.000000;1.000000,34,nan,0,2.000000;2.000000;2.000000;2.000000;2.000000;2.000000;2.000000;2.000000;2.000000;2.000000;2.000000;2.000000;2.000000;1.000000;1.000000;1.000000;1.000000,0.042249;0.137959;0.070389;0.166389;0.098549;0.030709;0.126709;0.059109;0.154869;0.087029;0.019189;0.115189;0.064309;0.030389;0.160309;0.126389;nan,2.000000;2.000000;2.000000;2.000000;2.000000;2.000000;2.000000;2.000000;2.000000;2.000000;2.000000;2.000000;2.000000;1.000000;1.000000;1.000000;1.000000,0,0,0,0,0,0,0,0,0,0,0,0,0,0,0,0,0,0,0,0,0,0,0,0,0,0,0,0,graph_0004__stability_0.4000,stability,0.4,graph_0004,epoch_0003
trace,olsr,0.428773,0.428483,1575,1666,105,329,528,0.700000,0.035132,74.726786,360,252,0,0,0,387,1.400000,329,21840,1.305556,86.666667,0.500000,1.666667,2.000000,2.000000,2.000000;2.000000;2.000000;2.000000;2.000000;2.000000;2.000000;2.000000;2.000000;2.000000;2.000000;2.000000;1.000000;1.000000;1.000000;1.000000;1.000000;1.000000,34,nan,0,2.000000;2.000000;2.000000;2.000000;2.000000;2.000000;2.000000;2.000000;2.000000;2.000000;2.000000;2.000000;2.000000;1.000000;1.000000;1.000000;1.000000,0.033253;0.129253;0.061413;0.157413;0.089573;0.021733;0.117733;0.049893;0.145893;0.078053;0.010213;0.106213;0.055333;0.021413;0.151333;0.117413;nan,2.000000;2.000000;2.000000;2.000000;2.000000;2.000000;2.000000;2.000000;2.000000;2.000000;2.000000;2.000000;2.000000;1.000000;1.000000;1.000000;1.000000,229,13760,100,8080,0,0,0,0,0,0,0,0,0,0,0,0,0,0,0,0,0,0,0,0,0,0,0,0,graph_0004__stability_0.4000,stability,0.4,graph_0004,epoch_0004
trace,aodv,0.536140,0.536082,2289,2503,105,763,1027,0.838889,0.042267,75.296553,360,302,8,0,0,511,1.677778,763,36644,2.526490,121.337748,0.500000,1.666667,2.000000,2.000000,2.000000;2.000000;2.000000;2.000000;2.000000;2.000000;2.000000;2.000000;2.000000;2.000000;2.000000;2.000000;1.000000;1.000000;1.000000;1.000000;1.000000;1.000000,34,nan,0,2.000000;2.000000;2.000000;2.000000;2.000000;2.000000;2.000000;2.000000;2.000000;2.000000;2.000000;2.000000;2.000000;1.000000;1.000000;1.000000;1.000000,0.033643;0.129253;0.061413;1.482632;1.430768;0.021733;0.117733;0.049893;1.478279;0.078053;0.010213;0.106213;0.055333;0.021413;0.151333;0.117413;nan,2.000000;2.000000;2.000000;2.000000;2.000000;2.000000;2.000000;2.000000;2.000000;2.000000;2.000000;2.000000;2.000000;1.000000;1.000000;1.000000;1.000000,0,0,0,0,0,0,0,0,0,0,462,22176,126,6552,112,5376,53,2240,10,300,0,0,0,0,0,0,0,0,graph_0004__stability_0.4000,stability,0.4,graph_0004,epoch_0004
trace,static,0.183015,0.182980,829,619,105,0,0,0.416667,0.021389,72.308675,360,150,0,0,0,113,0.833333,0,0,0.000000,0.000000,0.500000,1.666667,2.000000,2.000000,2.000000;2.000000;2.000000;2.000000;2.000000;2.000000;2.000000;2.000000;2.000000;2.000000;2.000000;2.000000;1.000000;1.000000;1.000000;1.000000;1.000000;1.000000,34,nan,0,2.000000;2.000000;2.000000;2.000000;2.000000;2.000000;2.000000;2.000000;2.000000;2.000000;2.000000;2.000000;2.000000;1.000000;1.000000;1.000000;1.000000,0.042249;0.137959;0.070389;0.166389;0.098549;0.030709;0.126709;0.067845;0.154869;0.087029;0.019189;0.115189;0.064309;0.030389;0.160309;0.126389;nan,2.000000;2.000000;2.000000;2.000000;2.000000;2.000000;2.000000;2.000000;2.000000;2.000000;2.000000;2.000000;2.000000;1.000000;1.000000;1.000000;1.000000,0,0,0,0,0,0,0,0,0,0,0,0,0,0,0,0,0,0,0,0,0,0,0,0,0,0,0,0,graph_0004__stability_0.4000,stability,0.4,graph_0004,epoch_0004
trace,olsr,0.435841,0.435668,1578,1664,105,331,526,0.697222,0.034988,74.683132,360,251,0,0,0,396,1.394444,331,21856,1.318725,87.075697,0.500000,1.666667,2.000000,2.000000,2.000000;2.000000;2.000000;2.000000;2.000000;2.000000;2.000000;2.000000;2.000000;2.000000;2.000000;2.000000;1.000000;1.000000;1.000000;1.000000;1.000000;1.000000,34,nan,0,2.000000;2.000000;2.000000;2.000000;2.000000;2.000000;2.000000;2.000000;2.000000;2.000000;2.000000;2.000000;2.000000;1.000000;1.000000;1.000000;1.000000,0.033253;0.129253;0.061413;0.157413;0.089573;0.021733;0.117733;0.049893;0.145893;0.078053;0.010213;0.106213;0.055333;0.021413;0.151803;0.117413;nan,2.000000;2.000000;2.000000;2.000000;2.000000;2.000000;2.000000;2.000000;2.000000;2.000000;2.000000;2.000000;2.000000;1.000000;1.000000;1.000000;1.000000,229,13760,102,8096,0,0,0,0,0,0,0,0,0,0,0,0,0,0,0,0,0,0,0,0,0,0,0,0,graph_0004__stability_0.4000,stability,0.4,graph_0004,epoch_0005
trace,aodv,0.560260,0.559985,2273,2479,105,743,1006,0.836111,0.042125,75.295060,360,301,2,0,0,510,1.672222,743,35858,2.468439,119.129568,0.500000,1.666667,2.000000,2.000000,2.000000;2.000000;2.000000;2.000000;2.000000;2.000000;2.000000;2.000000;2.000000;2.000000;2.000000;2.000000;1.000000;1.000000;1.000000;1.000000;1.000000;1.000000,34,nan,0,2.000000;2.000000;2.000000;2.000000;2.000000;2.000000;2.000000;2.000000;2.000000;2.000000;2.000000;2.000000;2.000000;1.000000;1.000000;1.000000;1.000000,0.033253;0.129253;0.061413;1.488304;1.428368;0.021733;0.117733;0.049893;1.482754;0.078053;0.010213;0.106213;0.055333;0.021413;0.151333;0.117413;nan,2.000000;2.000000;2.000000;2.000000;2.000000;2.000000;2.000000;2.000000;2.000000;2.000000;2.000000;2.000000;2.000000;1.000000;1.000000;1.000000;1.000000,0,0,0,0,0,0,0,0,0,0,461,22128,124,6448,112,5376,39,1696,7,210,0,0,0,0,0,0,0,0,graph_0004__stability_0.4000,stability,0.4,graph_0004,epoch_0005
trace,static,0.184992,0.184942,828,618,105,0,0,0.416667,0.021386,72.308557,360,150,0,0,0,113,0.833333,0,0,0.000000,0.000000,0.500000,1.666667,2.000000,2.000000,2.000000;2.000000;2.000000;2.000000;2.000000;2.000000;2.000000;2.000000;2.000000;2.000000;2.000000;2.000000;1.000000;1.000000;1.000000;1.000000;1.000000;1.000000,34,nan,0,2.000000;2.000000;2.000000;2.000000;2.000000;2.000000;2.000000;2.000000;2.000000;2.000000;2.000000;2.000000;2.000000;1.000000;1.000000;1.000000;1.000000,0.042249;0.137959;0.070389;0.166389;0.098549;0.030709;0.126709;0.058869;0.154869;0.087029;0.019189;0.115189;0.064309;0.030389;0.160309;0.126389;nan,2.000000;2.000000;2.000000;2.000000;2.000000;2.000000;2.000000;2.000000;2.000000;2.000000;2.000000;2.000000;2.000000;1.000000;1.000000;1.000000;1.000000,0,0,0,0,0,0,0,0,0,0,0,0,0,0,0,0,0,0,0,0,0,0,0,0,0,0,0,0,graph_0004__stability_0.4000,stability,0.4,graph_0004,epoch_0005
trace,olsr,0.442911,0.442848,1578,1664,105,330,525,0.697222,0.034993,74.736900,360,251,0,0,0,394,1.394444,330,21800,1.314741,86.852590,0.500000,1.666667,2.000000,2.000000,2.000000;2.000000;2.000000;2.000000;2.000000;2.000000;2.000000;2.000000;2.000000;2.000000;2.000000;2.000000;1.000000;1.000000;1.000000;1.000000;1.000000;1.000000,34,nan,0,2.000000;2.000000;2.000000;2.000000;2.000000;2.000000;2.000000;2.000000;2.000000;2.000000;2.000000;2.000000;2.000000;1.000000;1.000000;1.000000;1.000000,0.033253;0.129253;0.061413;0.157413;0.089573;0.021733;0.117733;0.049893;0.145893;0.078053;0.010213;0.106213;0.055333;0.021413;0.151333;0.117413;nan,2.000000;2.000000;2.000000;2.000000;2.000000;2.000000;2.000000;2.000000;2.000000;2.000000;2.000000;2.000000;2.000000;1.000000;1.000000;1.000000;1.000000,230,13824,100,7976,0,0,0,0,0,0,0,0,0,0,0,0,0,0,0,0,0,0,0,0,0,0,0,0,graph_0004__stability_0.4000,stability,0.4,graph_0004,epoch_0002
trace,aodv,0.547248,0.547108,2302,2503,105,752,1006,0.838889,0.042982,76.160598,360,302,5,0,0,525,1.677778,752,36152,2.490066,119.708609,0.500000,1.666667,2.000000,2.000000,2.000000;2.000000;2.000000;2.000000;2.000000;2.000000;2.000000;2.000000;2.000000;2.000000;2.000000;2.000000;1.000000;1.000000;1.000000;1.000000;1.000000;1.000000,34,nan,0,2.000000;2.000000;2.000000;2.000000;2.000000;2.000000;2.000000;2.000000;2.000000;2.000000;2.000000;2.000000;2.000000;1.000000;1.000000;1.000000;1.000000,0.033253;0.129253;0.061413;1.489534;1.416488;0.021733;0.117733;1.554118;1.488039;0.078053;0.010213;0.106213;0.055333;0.021413;0.151333;0.117413;nan,2.000000;2.000000;2.000000;2.000000;2.000000;2.000000;2.000000;2.000000;2.000000;2.000000;2.000000;2.000000;2.000000;1.000000;1.000000;1.000000;1.000000,0,0,0,0,0,0,0,0,0,0,461,22128,123,6396,110,5280,48,2048,10,300,0,0,0,0,0,0,0,0,graph_0004__stability_0.4000,stability,0.4,graph_0004,epoch_0002
trace,static,0.179337,0.179297,831,621,105,0,0,0.416667,0.021389,72.308675,360,150,0,0,0,114,0.833333,0,0,0.000000,0.000000,0.500000,1.666667,2.000000,2.000000,2.000000;2.000000;2.000000;2.000000;2.000000;2.000000;2.000000;2.000000;2.000000;2.000000;2.000000;2.000000;1.000000;1.000000;1.000000;1.000000;1.000000;1.000000,34,nan,0,2.000000;2.000000;2.000000;2.000000;2.000000;2.000000;2.000000;2.000000;2.000000;2.000000;2.000000;2.000000;2.000000;1.000000;1.000000;1.000000;1.000000,0.042249;0.137959;0.070389;0.166389;0.098549;0.030709;0.126709;0.067735;0.154869;0.087029;0.019189;0.115189;0.064309;0.030389;0.160309;0.126389;nan,2.000000;2.000000;2.000000;2.000000;2.000000;2.000000;2.000000;2.000000;2.000000;2.000000;2.000000;2.000000;2.000000;1.000000;1.000000;1.000000;1.000000,0,0,0,0,0,0,0,0,0,0,0,0,0,0,0,0,0,0,0,0,0,0,0,0,0,0,0,0,graph_0004__stability_0.4000,stability,0.4,graph_0004,epoch_0002
trace,olsr,0.408377,0.407029,1494,1524,105,324,491,0.616667,0.030950,74.052122,360,222,1,0,0,303,1.233333,324,21272,1.459459,95.819820,0.500000,4.285714,4.000000,5.000000,5.000000;5.000000;4.000000;4.000000;4.000000;4.000000;4.000000,12,nan,0,5.000000;5.000000;5.000000;5.000000;5.000000;5.000000,0.095333;0.090043;0.100773;0.111973;0.124475;0.134373,5.000000;5.000000;5.000000;5.000000;5.000000;5.000000,228,13696,96,7576,0,0,0,0,0,0,0,0,0,0,0,0,0,0,0,0,0,0,0,0,0,0,0,0,graph_0004__stability_0.8000,stability,0.8,graph_0004,epoch_0001
trace,aodv,0.462176,0.461936,2020,2194,105,664,866,0.727778,0.036672,77.522527,360,262,14,56,0,326,1.455556,664,31708,2.534351,121.022901,0.500000,4.285714,4.000000,5.000000,5.000000;5.000000;4.000000;4.000000;4.000000;4.000000;4.000000,12,nan,0,5.000000;5.000000;5.000000;5.000000;5.000000;5.000000,1.433685;nan;0.100773;0.111973;0.309613;0.134373,5.000000;5.000000;5.000000;5.000000;5.000000;5.000000,0,0,0,0,0,0,0,0,0,0,477,22896,78,4056,48,2304,55,2272,6,180,0,0,0,0,0,0,0,0,graph_0004__stability_0.8000,stability,0.8,graph_0004,epoch_0001
trace,static,0.182881,0.182847,866,674,105,0,0,0.466667,0.023421,73.106687,360,168,0,0,0,44,0.933333,0,0,0.000000,0.000000,0.500000,4.285714,4.000000,5.000000,5.000000;5.000000;4.000000;4.000000;4.000000;4.000000;4.000000,12,nan,0,5.000000;5.000000;5.000000;5.000000;5.000000;5.000000,0.104309;0.098549;0.109749;0.120949;0.132149;0.143349,5.000000;5.000000;5.000000;5.000000;5.000000;5.000000,0,0,0,0,0,0,0,0,0,0,0,0,0,0,0,0,0,0,0,0,0,0,0,0,0,0,0,0,graph_0004__stability_0.8000,stability,0.8,graph_0004,epoch_0001
trace,olsr,0.409064,0.409006,1496,1541,105,331,514,0.613889,0.030811,74.087475,360,221,0,0,0,305,1.227778,331,21664,1.497738,98.027149,0.500000,4.285714,4.000000,5.000000,5.000000;5.000000;4.000000;4.000000;4.000000;4.000000;4.000000,12,nan,0,5.000000;5.000000;5.000000;5.000000;5.000000;5.000000,0.095333;0.089573;0.100773;0.111973;0.123173;0.134373,5.000000;5.000000;5.000000;5.000000;5.000000;5.000000,229,13760,102,7904,0,0,0,0,0,0,0,0,0,0,0,0,0,0,0,0,0,0,0,0,0,0,0,0,graph_0004__stability_0.8000,stability,0.8,graph_0004,epoch_0003
trace,aodv,0.444980,0.444960,1999,2184,105,636,851,0.741667,0.037381,76.896803,360,267,7,56,0,331,1.483333,636,30576,2.382022,114.516854,0.500000,4.285714,4.000000,5.000000,5.000000;5.000000;4.000000;4.000000;4.000000;4.000000;4.000000,12,nan,0,5.000000;5.000000;5.000000;5.000000;5.000000;5.000000,1.429945;nan;0.100773;0.111973;0.493428;0.134373,5.000000;5.000000;5.000000;5.000000;5.000000;5.000000,0,0,0,0,0,0,0,0,0,0,477,22896,77,4004,48,2304,28,1192,6,180,0,0,0,0,0,0,0,0,graph_0004__stability_0.8000,stability,0.8,graph_0004,epoch_0003
trace,static,0.179879,0.179840,866,674,105,0,0,0.466667,0.023422,73.106706,360,168,0,0,0,44,0.933333,0,0,0.000000,0.000000,0.500000,4.285714,4.000000,5.000000,5.000000;5.000000;4.000000;4.000000;4.000000;4.000000;4.000000,12,nan,0,5.000000;5.000000;5.000000;5.000000;5.000000;5.000000,0.104309;0.098549;0.109749;0.120949;0.132149;0.143349,5.000000;5.000000;5.000000;5.000000;5.000000;5.000000,0,0,0,0,0,0,0,0,0,0,0,0,0,0,0,0,0,0,0,0,0,0,0,0,0,0,0,0,graph_0004__stability_0.8000,stability,0.8,graph_0004,epoch_0003
trace,olsr,0.413702,0.413680,1497,1536,105,329,505,0.608333,0.030532,73.766331,360,219,4,0,0,304,1.216667,329,21696,1.502283,99.068493,0.500000,4.285714,4.000000,5.000000,5.000000;5.000000;4.000000;4.000000;4.000000;4.000000;4.000000,12,nan,0,5.000000;5.000000;5.000000;5.000000;5.000000;5.000000,0.095333;0.089573;0.100773;0.111973;0.450853;0.134373,5.000000;5.000000;5.000000;5.000000;5.000000;5.000000,230,13824,99,7872,0,0,0,0,0,0,0,0,0,0,0,0,0,0,0,0,0,0,0,0,0,0,0,0,graph_0004__stability_0.8000,stability,0.8,graph_0004,epoch_0004
trace,aodv,0.453101,0.452901,2003,2187,105,639,854,0.741667,0.037368,76.896716,360,267,6,56,0,334,1.483333,639,30720,2.393258,115.056180,0.500000,4.285714,4.000000,5.000000,5.000000;5.000000;4.000000;4.000000;4.000000;4.000000;4.000000,12,nan,0,5.000000;5.000000;5.000000;5.000000;5.000000;5.000000,1.425970;nan;0.100773;0.111973;0.495233;0.134373,5.000000;5.000000;5.000000;5.000000;5.000000;5.000000,0,0,0,0,0,0,0,0,0,0,477,22896,79,4108,48,2304,29,1232,6,180,0,0,0,0,0,0,0,0,graph_0004__stability_0.8000,stability,0.8,graph_0004,epoch_0004
trace,static,0.178786,0.178676,866,674,105,0,0,0.466667,0.023422,73.106698,360,168,0,0,0,44,0.933333,0,0,0.000000,0.000000,0.500000,4.285714,4.000000,5.000000,5.000000;5.000000;4.000000;4.000000;4.000000;4.000000;4.000000,12,nan,0,5.000000;5.000000;5.000000;5.000000;5.000000;5.000000,0.104309;0.098549;0.109749;0.120949;0.132149;0.143349,5.000000;5.000000;5.000000;5.000000;5.000000;5.000000,0,0,0,0,0,0,0,0,0,0,0,0,0,0,0,0,0,0,0,0,0,0,0,0,0,0,0,0,graph_0004__stability_0.8000,stability,0.8,graph_0004,epoch_0004
trace,olsr,0.426544,0.425965,1501,1539,105,329,503,0.616667,0.030945,74.132571,360,222,2,0,0,311,1.233333,329,21624,1.481982,97.405405,0.500000,4.285714,4.000000,5.000000,5.000000;5.000000;4.000000;4.000000;4.000000;4.000000;4.000000,12,nan,0,5.000000;5.000000;5.000000;5.000000;5.000000;5.000000,0.095333;0.089573;0.100773;0.111973;0.123173;0.134373,5.000000;5.000000;5.000000;5.000000;5.000000;5.000000,229,13760,100,7864,0,0,0,0,0,0,0,0,0,0,0,0,0,0,0,0,0,0,0,0,0,0,0,0,graph_0004__stability_0.8000,stability,0.8,graph_0004,epoch_0005
trace,aodv,0.451218,0.451066,2003,2185,105,651,866,0.722222,0.036387,77.572581,360,260,11,56,0,335,1.444444,651,31160,2.503846,119.846154,0.500000,4.285714,4.000000,5.000000,5.000000;5.000000;4.000000;4.000000;4.000000;4.000000;4.000000,12,nan,0,5.000000;5.000000;5.000000;5.000000;5.000000;5.000000,1.423441;nan;0.100773;0.111973;0.498913;0.134373,5.000000;5.000000;5.000000;5.000000;5.000000;5.000000,0,0,0,0,0,0,0,0,0,0,478,22944,75,3900,48,2304,44,1832,6,180,0,0,0,0,0,0,0,0,graph_0004__stability_0.8000,stability,0.8,graph_0004,epoch_0005
trace,static,0.181941,0.181916,866,674,105,0,0,0.466667,0.023418,73.106646,360,168,0,0,0,44,0.933333,0,0,0.000000,0.000000,0.500000,4.285714,4.000000,5.000000,5.000000;5.000000;4.000000;4.000000;4.000000;4.000000;4.000000,12,nan,0,5.000000;5.000000;5.000000;5.000000;5.000000;5.000000,0.104309;0.098549;0.109749;0.120949;0.132149;0.143349,5.000000;5.000000;5.000000;5.000000;5.000000;5.000000,0,0,0,0,0,0,0,0,0,0,0,0,0,0,0,0,0,0,0,0,0,0,0,0,0,0,0,0,graph_0004__stability_0.8000,stability,0.8,graph_0004,epoch_0005
trace,olsr,0.408335,0.408194,1499,1548,105,328,512,0.619444,0.031089,74.123958,360,223,1,0,0,298,1.238889,328,21640,1.470852,97.040359,0.500000,4.285714,4.000000,5.000000,5.000000;5.000000;4.000000;4.000000;4.000000;4.000000;4.000000,12,nan,0,5.000000;5.000000;5.000000;5.000000;5.000000;5.000000,0.095333;0.089573;0.100773;0.111973;0.123173;0.134373,5.000000;5.000000;5.000000;5.000000;5.000000;5.000000,230,13824,98,7816,0,0,0,0,0,0,0,0,0,0,0,0,0,0,0,0,0,0,0,0,0,0,0,0,graph_0004__stability_0.8000,stability,0.8,graph_0004,epoch_0002
trace,aodv,0.444857,0.444612,1999,2172,105,652,860,0.716667,0.036719,77.921661,360,258,11,56,0,310,1.433333,652,31216,2.527132,120.992248,0.500000,4.285714,4.000000,5.000000,5.000000;5.000000;4.000000;4.000000;4.000000;4.000000;4.000000,12,nan,0,5.000000;5.000000;5.000000;5.000000;5.000000;5.000000,1.423334;nan;0.100773;0.111973;0.505158;0.134373,5.000000;5.000000;5.000000;5.000000;5.000000;5.000000,0,0,0,0,0,0,0,0,0,0,477,22896,77,4004,48,2304,44,1832,6,180,0,0,0,0,0,0,0,0,graph_0004__stability_0.8000,stability,0.8,graph_0004,epoch_0002
trace,static,0.180208,0.180188,866,674,105,0,0,0.466667,0.023422,73.106698,360,168,0,0,0,44,0.933333,0,0,0.000000,0.000000,0.500000,4.285714,4.000000,5.000000,5.000000;5.000000;4.000000;4.000000;4.000000;4.000000;4.000000,12,nan,0,5.000000;5.000000;5.000000;5.000000;5.000000;5.000000,0.104309;0.098549;0.109749;0.120949;0.132149;0.143349,5.000000;5.000000;5.000000;5.000000;5.000000;5.000000,0,0,0,0,0,0,0,0,0,0,0,0,0,0,0,0,0,0,0,0,0,0,0,0,0,0,0,0,graph_0004__stability_0.8000,stability,0.8,graph_0004,epoch_0002
trace,olsr,0.391735,0.390734,1398,1441,105,330,505,0.577778,0.029001,75.990420,360,208,0,0,0,296,1.155556,330,21920,1.586538,105.384615,0.500000,2.307692,2.000000,3.000000,3.000000;3.000000;3.000000;3.000000;2.000000;2.000000;2.000000;2.000000;2.000000;2.000000;2.000000;2.000000;2.000000,24,nan,0,3.000000;3.000000;3.000000;3.000000;3.000000;3.000000;2.000000;2.000000;2.000000;2.000000;2.000000;2.000000,0.163173;0.061413;2.581093;0.021733;0.100773;0.015973;0.111973;0.044133;0.140133;0.072293;0.004453;0.100453,3.000000;3.000000;3.000000;3.000000;3.000000;3.000000;2.000000;2.000000;2.000000;2.000000;2.000000;2.000000,227,13632,103,8288,0,0,0,0,0,0,0,0,0,0,0,0,0,0,0,0,0,0,0,0,0,0,0,0,graph_0003__stability_0.6000,stability,0.6,graph_0003,epoch_0001
trace,aodv,0.499635,0.499578,2209,2412,105,655,890,0.858333,0.045823,73.487347,360,309,0,0,0,470,1.716667,655,31570,2.119741,102.168285,0.500000,2.307692,2.000000,3.000000,3.000000;3.000000;3.000000;3.000000;2.000000;2.000000;2.000000;2.000000;2.000000;2.000000;2.000000;2.000000;2.000000,24,nan,0,3.000000;3.000000;3.000000;3.000000;3.000000;3.000000;2.000000;2.000000;2.000000;2.000000;2.000000;2.000000,0.526164;0.421165;0.484558;0.021733;1.433285;0.531628;1.455128;1.541265;0.140133;1.413506;0.004453;nan,3.000000;3.000000;3.000000;3.000000;3.000000;3.000000;2.000000;2.000000;2.000000;2.000000;2.000000;2.000000,0,0,0,0,0,0,0,0,0,0,475,22800,85,4420,71,3408,15,672,9,270,0,0,0,0,0,0,0,0,graph_0003__stability_0.6000,stability,0.6,graph_0003,epoch_0001
trace,static,0.181988,0.181963,847,647,105,0,0,0.444444,0.022308,73.550931,360,160,0,0,0,84,0.888889,0,0,0.000000,0.000000,0.500000,2.307692,2.000000,3.000000,3.000000;3.000000;3.000000;3.000000;2.000000;2.000000;2.000000;2.000000;2.000000;2.000000;2.000000;2.000000;2.000000,24,nan,0,3.000000;3.000000;3.000000;3.000000;3.000000;3.000000;2.000000;2.000000;2.000000;2.000000;2.000000;2.000000,0.172149;0.070389;0.132469;0.030729;0.109749;0.024949;0.120949;0.053189;0.149109;0.081269;0.013429;0.109429,3.000000;3.000000;3.000000;3.000000;3.000000;3.000000;2.000000;2.000000;2.000000;2.000000;2.000000;2.000000,0,0,0,0,0,0,0,0,0,0,0,0,0,0,0,0,0,0,0,0,0,0,0,0,0,0,0,0,graph_0003__stability_0.6000,stability,0.6,graph_0003,epoch_0001
trace,olsr,0.394800,0.394622,1482,1536,105,333,518,0.636111,0.031924,74.853095,360,229,0,0,0,284,1.272222,333,22016,1.454148,96.139738,0.500000,2.307692,2.000000,3.000000,3.000000;3.000000;3.000000;3.000000;2.000000;2.000000;2.000000;2.000000;2.000000;2.000000;2.000000;2.000000;2.000000,24,nan,0,3.000000;3.000000;3.000000;3.000000;3.000000;3.000000;2.000000;2.000000;2.000000;2.000000;2.000000;2.000000,0.163173;0.061413;0.123493;0.021733;0.100773;0.015973;0.111973;0.044133;0.140133;0.072293;0.004453;0.100453,3.000000;3.000000;3.000000;3.000000;3.000000;3.000000;2.000000;2.000000;2.000000;2.000000;2.000000;2.000000,229,13760,104,8256,0,0,0,0,0,0,0,0,0,0,0,0,0,0,0,0,0,0,0,0,0,0,0,0,graph_0003__stability_0.6000,stability,0.6,graph_0003,epoch_0003
trace,aodv,0.506042,0.505948,2223,2458,105,680,934,0.866667,0.046256,73.540287,360,312,10,0,0,369,1.733333,680,32542,2.179487,104.301282,0.500000,2.307692,2.000000,3.000000,3.000000;3.000000;3.000000;3.000000;2.000000;2.000000;2.000000;2.000000;2.000000;2.000000;2.000000;2.000000;2.000000,24,nan,0,3.000000;3.000000;3.000000;3.000000;3.000000;3.000000;2.000000;2.000000;2.000000;2.000000;2.000000;2.000000,0.507845;0.428965;0.480068;0.022583;1.275703;0.530728;1.458068;1.546522;0.140133;1.409789;0.004453;nan,3.000000;3.000000;3.000000;3.000000;3.000000;3.000000;2.000000;2.000000;2.000000;2.000000;2.000000;2.000000,0,0,0,0,0,0,0,0,0,0,475,22800,86,4472,69,3312,41,1688,9,270,0,0,0,0,0,0,0,0,graph_0003__stability_0.6000,stability,0.6,graph_0003,epoch_0003
trace,static,0.178752,0.178716,847,647,105,0,0,0.444444,0.022305,73.550876,360,160,0,0,0,82,0.888889,0,0,0.000000,0.000000,0.500000,2.307692,2.000000,3.000000,3.000000;3.000000;3.000000;3.000000;2.000000;2.000000;2.000000;2.000000;2.000000;2.000000;2.000000;2.000000;2.000000,24,nan,0,3.000000;3.000000;3.000000;3.000000;3.000000;3.000000;2.000000;2.000000;2.000000;2.000000;2.000000;2.000000,0.172149;0.070389;0.132469;0.030729;0.109749;0.024949;0.120949;0.053189;0.149109;0.081269;0.013429;0.109429,3.000000;3.000000;3.000000;3.000000;3.000000;3.000000;2.000000;2.000000;2.000000;2.000000;2.000000;2.000000,0,0,0,0,0,0,0,0,0,0,0,0,0,0,0,0,0,0,0,0,0,0,0,0,0,0,0,0,graph_0003__stability_0.6000,stability,0.6,graph_0003,epoch_0003
trace,olsr,0.389124,0.389081,1394,1460,105,333,519,0.583333,0.029281,76.045600,360,210,0,0,0,276,1.166667,333,22016,1.585714,104.838095,0.500000,2.307692,2.000000,3.000000,3.000000;3.000000;3.000000;3.000000;2.000000;2.000000;2.000000;2.000000;2.000000;2.000000;2.000000;2.000000;2.000000,24,nan,0,3.000000;3.000000;3.000000;3.000000;3.000000;3.000000;2.000000;2.000000;2.000000;2.000000;2.000000;2.000000,0.163173;0.061413;2.426229;0.021733;0.100773;0.015973;0.111973;0.044133;0.140133;0.072293;0.004453;0.100453,3.000000;3.000000;3.000000;3.000000;3.000000;3.000000;2.000000;2.000000;2.000000;2.000000;2.000000;2.000000,229,13760,104,8256,0,0,0,0,0,0,0,0,0,0,0,0,0,0,0,0,0,0,0,0,0,0,0,0,graph_0003__stability_0.6000,stability,0.6,graph_0003,epoch_0004
trace,aodv,0.513146,0.513079,2221,2439,105,669,912,0.863889,0.046119,73.545680,360,311,5,0,0,415,1.727778,669,32102,2.151125,103.221865,0.500000,2.307692,2.000000,3.000000,3.000000;3.000000;3.000000;3.000000;2.000000;2.000000;2.000000;2.000000;2.000000;2.000000;2.000000;2.000000;2.000000,24,nan,0,3.000000;3.000000;3.000000;3.000000;3.000000;3.000000;2.000000;2.000000;2.000000;2.000000;2.000000;2.000000,0.514968;0.415404;0.484969;0.021733;1.434196;0.544288;1.452082;1.542984;0.140133;1.414304;0.004453;nan,3.000000;3.000000;3.000000;3.000000;3.000000;3.000000;2.000000;2.000000;2.000000;2.000000;2.000000;2.000000,0,0,0,0,0,0,0,0,0,0,474,22752,86,4472,69,3312,31,1296,9,270,0,0,0,0,0,0,0,0,graph_0003__stability_0.6000,stability,0.6,graph_0003,epoch_0004
trace,static,0.184942,0.184921,847,647,105,0,0,0.444444,0.022309,73.550949,360,160,0,0,0,84,0.888889,0,0,0.000000,0.000000,0.500000,2.307692,2.000000,3.000000,3.000000;3.000000;3.000000;3.000000;2.000000;2.000000;2.000000;2.000000;2.000000;2.000000;2.000000;2.000000;2.000000,24,nan,0,3.000000;3.000000;3.000000;3.000000;3.000000;3.000000;2.000000;2.000000;2.000000;2.000000;2.000000;2.000000,0.172149;0.070389;0.132469;0.030729;0.109749;0.024949;0.120949;0.053189;0.149109;0.081269;0.013429;0.109429,3.000000;3.000000;3.000000;3.000000;3.000000;3.000000;2.000000;2.000000;2.000000;2.000000;2.000000;2.000000,0,0,0,0,0,0,0,0,0,0,0,0,0,0,0,0,0,0,0,0,0,0,0,0,0,0,0,0,graph_0003__stability_0.6000,stability,0.6,graph_0003,epoch_0004
trace,olsr,0.404988,0.404361,1445,1494,105,332,512,0.611111,0.030670,75.198172,360,220,0,0,0,283,1.222222,332,21936,1.509091,99.709091,0.500000,2.307692,2.000000,3.000000,3.000000;3.000000;3.000000;3.000000;2.000000;2.000000;2.000000;2.000000;2.000000;2.000000;2.000000;2.000000;2.000000,24,nan,0,3.000000;3.000000;3.000000;3.000000;3.000000;3.000000;2.000000;2.000000;2.000000;2.000000;2.000000;2.000000,0.163173;0.061413;0.123493;0.021733;0.100773;0.015973;0.111973;0.044133;0.140133;0.072293;0.004453;0.100453,3.000000;3.000000;3.000000;3.000000;3.000000;3.000000;2.000000;2.000000;2.000000;2.000000;2.000000;2.000000,229,13760,103,8176,0,0,0,0,0,0,0,0,0,0,0,0,0,0,0,0,0,0,0,0,0,0,0,0,graph_0003__stability_0.6000,stability,0.6,graph_0003,epoch_0005
trace,aodv,0.518698,0.518517,2218,2436,105,677,914,0.866667,0.046261,73.538873,360,312,10,0,0,396,1.733333,677,32430,2.169872,103.942308,0.500000,2.307692,2.000000,3.000000,3.000000;3.000000;3.000000;3.000000;2.000000;2.000000;2.000000;2.000000;2.000000;2.000000;2.000000;2.000000;2.000000,24,nan,0,3.000000;3.000000;3.000000;3.000000;3.000000;3.000000;2.000000;2.000000;2.000000;2.000000;2.000000;2.000000,0.511085;0.420045;0.477504;0.021733;1.265245;0.532548;1.449748;1.548106;0.140133;1.411637;0.004453;nan,3.000000;3.000000;3.000000;3.000000;3.000000;3.000000;2.000000;2.000000;2.000000;2.000000;2.000000;2.000000,0,0,0,0,0,0,0,0,0,0,475,22800,86,4472,69,3312,38,1576,9,270,0,0,0,0,0,0,0,0,graph_0003__stability_0.6000,stability,0.6,graph_0003,epoch_0005
trace,static,0.187074,0.186801,847,647,105,0,0,0.444444,0.022305,73.550938,360,160,0,0,0,84,0.888889,0,0,0.000000,0.000000,0.500000,2.307692,2.000000,3.000000,3.000000;3.000000;3.000000;3.000000;2.000000;2.000000;2.000000;2.000000;2.000000;2.000000;2.000000;2.000000;2.000000,24,nan,0,3.000000;3.000000;3.000000;3.000000;3.000000;3.000000;2.000000;2.000000;2.000000;2.000000;2.000000;2.000000,0.172149;0.070389;0.132469;0.030729;0.109749;0.024949;0.120949;0.053189;0.149109;0.081269;0.013429;0.109429,3.000000;3.000000;3.000000;3.000000;3.000000;3.000000;2.000000;2.000000;2.000000;2.000000;2.000000;2.000000,0,0,0,0,0,0,0,0,0,0,0,0,0,0,0,0,0,0,0,0,0,0,0,0,0,0,0,0,graph_0003__stability_0.6000,stability,0.6,graph_0003,epoch_0005
trace,olsr,0.395645,0.395629,1481,1535,105,333,519,0.633333,0.031783,74.809686,360,228,0,0,0,287,1.266667,333,22088,1.460526,96.877193,0.500000,2.307692,2.000000,3.000000,3.000000;3.000000;3.000000;3.000000;2.000000;2.000000;2.000000;2.000000;2.000000;2.000000;2.000000;2.000000;2.000000,24,nan,0,3.000000;3.000000;3.000000;3.000000;3.000000;3.000000;2.000000;2.000000;2.000000;2.000000;2.000000;2.000000,0.163173;0.061413;0.123493;0.021733;0.100773;0.015973;0.111973;0.044133;0.140133;0.072293;0.004453;0.100453,3.000000;3.000000;3.000000;3.000000;3.000000;3.000000;2.000000;2.000000;2.000000;2.000000;2.000000;2.000000,225,13504,108,8584,0,0,0,0,0,0,0,0,0,0,0,0,0,0,0,0,0,0,0,0,0,0,0,0,graph_0003__stability_0.6000,stability,0.6,graph_0003,epoch_0002
trace,aodv,0.494697,0.494388,2210,2417,105,658,896,0.858333,0.045811,73.488788,360,309,1,0,0,477,1.716667,658,31698,2.129450,102.582524,0.500000,2.307692,2.000000,3.000000,3.000000;3.000000;3.000000;3.000000;2.000000;2.000000;2.000000;2.000000;2.000000;2.000000;2.000000;2.000000;2.000000,24,nan,0,3.000000;3.000000;3.000000;3.000000;3.000000;3.000000;2.000000;2.000000;2.000000;2.000000;2.000000;2.000000,0.523674;0.416373;0.484645;0.021733;1.444738;0.539108;1.446248;1.552665;0.140133;1.419913;0.004453;nan,3.000000;3.000000;3.000000;3.000000;3.000000;3.000000;2.000000;2.000000;2.000000;2.000000;2.000000;2.000000,0,0,0,0,0,0,0,0,0,0,475,22800,85,4420,71,3408,18,800,9,270,0,0,0,0,0,0,0,0,graph_0003__stability_0.6000,stability,0.6,graph_0003,epoch_0002
trace,static,0.180768,0.180765,847,647,105,0,0,0.444444,0.022304,73.550869,360,160,0,0,0,85,0.888889,0,0,0.000000,0.000000,0.500000,2.307692,2.000000,3.000000,3.000000;3.000000;3.000000;3.000000;2.000000;2.000000;2.000000;2.000000;2.000000;2.000000;2.000000;2.000000;2.000000,24,nan,0,3.000000;3.000000;3.000000;3.000000;3.000000;3.000000;2.000000;2.000000;2.000000;2.000000;2.000000;2.000000,0.172149;0.070389;0.132469;0.030729;0.109749;0.024949;0.120949;0.053189;0.149109;0.081269;0.013429;0.109429,3.000000;3.000000;3.000000;3.000000;3.000000;3.000000;2.000000;2.000000;2.000000;2.000000;2.000000;2.000000,0,0,0,0,0,0,0,0,0,0,0,0,0,0,0,0,0,0,0,0,0,0,0,0,0,0,0,0,graph_0003__stability_0.6000,stability,0.6,graph_0003,epoch_0002
trace,olsr,0.401353,0.401129,1454,1500,105,335,516,0.558333,0.032565,70.637080,360,201,24,0,0,289,1.116667,335,22056,1.666667,109.731343,0.500000,4.285714,4.000000,5.000000,5.000000;5.000000;4.000000;4.000000;4.000000;4.000000;4.000000,12,nan,0,5.000000;5.000000;5.000000;5.000000;5.000000;5.000000,0.095333;0.089573;0.100773;0.111973;0.123173;nan,5.000000;5.000000;5.000000;5.000000;5.000000;5.000000,229,13760,106,8296,0,0,0,0,0,0,0,0,0,0,0,0,0,0,0,0,0,0,0,0,0,0,0,0,graph_0003__stability_0.8000,stability,0.8,graph_0003,epoch_0001
trace,aodv,0.404189,0.403198,1846,2081,105,643,888,0.666667,0.039066,68.123367,360,240,5,56,0,253,1.333333,643,30820,2.679167,128.416667,0.500000,4.285714,4.000000,5.000000,5.000000;5.000000;4.000000;4.000000;4.000000;4.000000;4.000000,12,nan,0,5.000000;5.000000;5.000000;5.000000;5.000000;5.000000,0.095333;0.089573;0.100773;nan;0.123173;nan,5.000000;5.000000;5.000000;5.000000;5.000000;5.000000,0,0,0,0,0,0,0,0,0,0,478,22944,78,4056,45,2160,36,1480,6,180,0,0,0,0,0,0,0,0,graph_0003__stability_0.8000,stability,0.8,graph_0003,epoch_0001
trace,static,0.179076,0.179067,872,680,105,0,0,0.466667,0.023424,73.106725,360,168,0,0,0,46,0.933333,0,0,0.000000,0.000000,0.500000,4.285714,4.000000,5.000000,5.000000;5.000000;4.000000;4.000000;4.000000;4.000000;4.000000,12,nan,0,5.000000;5.000000;5.000000;5.000000;5.000000;5.000000,0.104039;0.098549;0.109749;0.120679;0.132149;0.143349,5.000000;5.000000;5.000000;5.000000;5.000000;5.000000,0,0,0,0,0,0,0,0,0,0,0,0,0,0,0,0,0,0,0,0,0,0,0,0,0,0,0,0,graph_0003__stability_0.8000,stability,0.8,graph_0003,epoch_0001
trace,olsr,0.402685,0.402403,1460,1504,105,330,509,0.563889,0.030144,70.884766,360,203,22,0,0,284,1.127778,330,21896,1.625616,107.862069,0.500000,4.285714,4.000000,5.000000,5.000000;5.000000;4.000000;4.000000;4.000000;4.000000;4.000000,12,nan,0,5.000000;5.000000;5.000000;5.000000;5.000000;5.000000,0.095333;0.089573;0.100773;0.111973;0.123173;nan,5.000000;5.000000;5.000000;5.000000;5.000000;5.000000,229,13760,101,8136,0,0,0,0,0,0,0,0,0,0,0,0,0,0,0,0,0,0,0,0,0,0,0,0,graph_0003__stability_0.8000,stability,0.8,graph_0003,epoch_0003
trace,aodv,0.395910,0.395870,1839,2083,105,639,893,0.666667,0.039055,68.124619,360,240,5,56,0,250,1.333333,639,30660,2.662500,127.750000,0.500000,4.285714,4.000000,5.000000,5.000000;5.000000;4.000000;4.000000;4.000000;4.000000;4.000000,12,nan,0,5.000000;5.000000;5.000000;5.000000;5.000000;5.000000,0.095333;0.089573;0.100773;nan;0.123173;nan,5.000000;5.000000;5.000000;5.000000;5.000000;5.000000,0,0,0,0,0,0,0,0,0,0,477,22896,78,4056,45,2160,33,1368,6,180,0,0,0,0,0,0,0,0,graph_0003__stability_0.8000,stability,0.8,graph_0003,epoch_0003
trace,static,0.183913,0.183905,872,680,105,0,0,0.466667,0.023420,73.106673,360,168,0,0,0,46,0.933333,0,0,0.000000,0.000000,0.500000,4.285714,4.000000,5.000000,5.000000;5.000000;4.000000;4.000000;4.000000;4.000000;4.000000,12,nan,0,5.000000;5.000000;5.000000;5.000000;5.000000;5.000000,0.104039;0.098549;0.109749;0.120679;0.132149;0.143349,5.000000;5.000000;5.000000;5.000000;5.000000;5.000000,0,0,0,0,0,0,0,0,0,0,0,0,0,0,0,0,0,0,0,0,0,0,0,0,0,0,0,0,graph_0003__stability_0.8000,stability,0.8,graph_0003,epoch_0003
trace,olsr,0.400180,0.400156,1457,1501,105,331,510,0.561111,0.032729,70.689608,360,202,23,0,0,294,1.122222,331,21904,1.638614,108.435644,0.500000,4.285714,4.000000,5.000000,5.000000;5.000000;4.000000;4.000000;4.000000;4.000000;4.000000,12,nan,0,5.000000;5.000000;5.000000;5.000000;5.000000;5.000000,0.095333;0.089573;0.100773;0.111973;0.123173;nan,5.000000;5.000000;5.000000;5.000000;5.000000;5.000000,229,13760,102,8144,0,0,0,0,0,0,0,0,0,0,0,0,0,0,0,0,0,0,0,0,0,0,0,0,graph_0003__stability_0.8000,stability,0.8,graph_0003,epoch_0004
trace,aodv,0.402750,0.402435,1837,2068,105,630,877,0.663889,0.038904,68.117598,360,239,0,56,0,242,1.327778,630,30284,2.635983,126.711297,0.500000,4.285714,4.000000,5.000000,5.000000;5.000000;4.000000;4.000000;4.000000;4.000000;4.000000,12,nan,0,5.000000;5.000000;5.000000;5.000000;5.000000;5.000000,0.095333;0.089573;0.100773;nan;0.123173;nan,5.000000;5.000000;5.000000;5.000000;5.000000;5.000000,0,0,0,0,0,0,0,0,0,0,478,22944,76,3952,45,2160,25,1048,6,180,0,0,0,0,0,0,0,0,graph_0003__stability_0.8000,stability,0.8,graph_0003,epoch_0004
trace,static,0.185344,0.185303,872,680,105,0,0,0.466667,0.023424,73.106738,360,168,0,0,0,46,0.933333,0,0,0.000000,0.000000,0.500000,4.285714,4.000000,5.000000,5.000000;5.000000;4.000000;4.000000;4.000000;4.000000;4.000000,12,nan,0,5.000000;5.000000;5.000000;5.000000;5.000000;5.000000,0.104039;0.098549;0.109749;0.120679;0.132149;0.143349,5.000000;5.000000;5.000000;5.000000;5.000000;5.000000,0,0,0,0,0,0,0,0,0,0,0,0,0,0,0,0,0,0,0,0,0,0,0,0,0,0,0,0,graph_0003__stability_0.8000,stability,0.8,graph_0003,epoch_0004
trace,olsr,0.407364,0.407050,1487,1538,105,329,516,0.594444,0.030689,72.499664,360,214,10,0,0,278,1.188889,329,21768,1.537383,101.719626,0.500000,4.285714,4.000000,5.000000,5.000000;5.000000;4.000000;4.000000;4.000000;4.000000;4.000000,12,nan,0,5.000000;5.000000;5.000000;5.000000;5.000000;5.000000,0.095333;0.089573;0.100773;0.111973;0.123173;0.134373,5.000000;5.000000;5.000000;5.000000;5.000000;5.000000,227,13632,102,8136,0,0,0,0,0,0,0,0,0,0,0,0,0,0,0,0,0,0,0,0,0,0,0,0,graph_0003__stability_0.8000,stability,0.8,graph_0003,epoch_0005
trace,aodv,0.397080,0.396729,1840,2065,105,632,873,0.663889,0.038897,68.117260,360,239,0,56,0,252,1.327778,632,30388,2.644351,127.146444,0.500000,4.285714,4.000000,5.000000,5.000000;5.000000;4.000000;4.000000;4.000000;4.000000;4.000000,12,nan,0,5.000000;5.000000;5.000000;5.000000;5.000000;5.000000,0.095333;0.089573;0.100773;nan;0.123173;nan,5.000000;5.000000;5.000000;5.000000;5.000000;5.000000,0,0,0,0,0,0,0,0,0,0,478,22944,78,4056,45,2160,25,1048,6,180,0,0,0,0,0,0,0,0,graph_0003__stability_0.8000,stability,0.8,graph_0003,epoch_0005
trace,static,0.180956,0.180803,872,680,105,0,0,0.466667,0.023420,73.106676,360,168,0,0,0,46,0.933333,0,0,0.000000,0.000000,0.500000,4.285714,4.000000,5.000000,5.000000;5.000000;4.000000;4.000000;4.000000;4.000000;4.000000,12,nan,0,5.000000;5.000000;5.000000;5.000000;5.000000;5.000000,0.104039;0.098549;0.109749;0.120679;0.132149;0.143349,5.000000;5.000000;5.000000;5.000000;5.000000;5.000000,0,0,0,0,0,0,0,0,0,0,0,0,0,0,0,0,0,0,0,0,0,0,0,0,0,0,0,0,graph_0003__stability_0.8000,stability,0.8,graph_0003,epoch_0005
trace,olsr,0.406531,0.406503,1463,1509,105,331,512,0.569444,0.029313,71.098954,360,205,20,0,0,297,1.138889,331,21880,1.614634,106.731707,0.500000,4.285714,4.000000,5.000000,5.000000;5.000000;4.000000;4.000000;4.000000;4.000000;4.000000,12,nan,0,5.000000;5.000000;5.000000;5.000000;5.000000;5.000000,0.095333;0.089573;0.100773;0.111973;0.123173;1.281253,5.000000;5.000000;5.000000;5.000000;5.000000;5.000000,225,13504,106,8376,0,0,0,0,0,0,0,0,0,0,0,0,0,0,0,0,0,0,0,0,0,0,0,0,graph_0003__stability_0.8000,stability,0.8,graph_0003,epoch_0002
trace,aodv,0.403577,0.403513,1837,2071,105,630,880,0.663889,0.038893,68.118463,360,239,0,56,0,235,1.327778,630,30284,2.635983,126.711297,0.500000,4.285714,4.000000,5.000000,5.000000;5.000000;4.000000;4.000000;4.000000;4.000000;4.000000,12,nan,0,5.000000;5.000000;5.000000;5.000000;5.000000;5.000000,0.095333;0.089573;0.100773;nan;0.123173;nan,5.000000;5.000000;5.000000;5.000000;5.000000;5.000000,0,0,0,0,0,0,0,0,0,0,478,22944,76,3952,45,2160,25,1048,6,180,0,0,0,0,0,0,0,0,graph_0003__stability_0.8000,stability,0.8,graph_0003,epoch_0002
trace,static,0.180217,0.180214,872,680,105,0,0,0.466667,0.023419,73.106661,360,168,0,0,0,46,0.933333,0,0,0.000000,0.000000,0.500000,4.285714,4.000000,5.000000,5.000000;5.000000;4.000000;4.000000;4.000000;4.000000;4.000000,12,nan,0,5.000000;5.000000;5.000000;5.000000;5.000000;5.000000,0.104039;0.098549;0.109749;0.120679;0.132149;0.143349,5.000000;5.000000;5.000000;5.000000;5.000000;5.000000,0,0,0,0,0,0,0,0,0,0,0,0,0,0,0,0,0,0,0,0,0,0,0,0,0,0,0,0,graph_0003__stability_0.8000,stability,0.8,graph_0003,epoch_0002
trace,olsr,0.424771,0.424730,1579,1672,105,329,520,0.727778,0.036526,75.406304,360,262,0,0,0,394,1.455556,329,21600,1.255725,82.442748,0.500000,1.250000,1.000000,2.000000,2.000000;2.000000;2.000000;2.000000;2.000000;2.000000;1.000000;1.000000;1.000000;1.000000;1.000000;1.000000;1.000000;1.000000;1.000000;1.000000;1.000000;1.000000;1.000000;1.000000;1.000000;1.000000;1.000000;1.000000,46,nan,0,2.000000;2.000000;2.000000;2.000000;2.000000;2.000000;2.000000;1.000000;1.000000;1.000000;1.000000;1.000000;1.000000;1.000000;1.000000;1.000000;1.000000;1.000000;1.000000;1.000000;1.000000;1.000000;1.000000,0.033253;0.129253;0.061413;0.157413;0.089573;0.021733;0.134693;0.100773;0.066853;0.032933;0.162853;0.128933;0.095013;0.061093;0.027173;0.157093;0.123173;0.089253;0.055333;0.021413;0.151333;0.117413;nan,2.000000;2.000000;2.000000;2.000000;2.000000;2.000000;2.000000;1.000000;1.000000;1.000000;1.000000;1.000000;1.000000;1.000000;1.000000;1.000000;1.000000;1.000000;1.000000;1.000000;1.000000;1.000000;1.000000,227,13632,102,7968,0,0,0,0,0,0,0,0,0,0,0,0,0,0,0,0,0,0,0,0,0,0,0,0,graph_0004__stability_0.2000,stability,0.2,graph_0004,epoch_0001
trace,aodv,0.545400,0.545371,2281,2503,105,736,998,0.888889,0.044790,75.642383,360,320,0,0,0,473,1.777778,736,35474,2.300000,110.856250,0.500000,1.250000,1.000000,2.000000,2.000000;2.000000;2.000000;2.000000;2.000000;2.000000;1.000000;1.000000;1.000000;1.000000;1.000000;1.000000;1.000000;1.000000;1.000000;1.000000;1.000000;1.000000;1.000000;1.000000;1.000000;1.000000;1.000000;1.000000,46,nan,0,2.000000;2.000000;2.000000;2.000000;2.000000;2.000000;2.000000;1.000000;1.000000;1.000000;1.000000;1.000000;1.000000;1.000000;1.000000;1.000000;1.000000;1.000000;1.000000;1.000000;1.000000;1.000000;1.000000,0.033253;0.129253;0.061413;1.493050;1.415868;0.021733;nan;0.100773;0.066853;0.032933;0.162853;0.128933;0.095013;0.061093;0.027173;0.157093;0.123173;0.089253;0.055333;0.021413;0.151333;0.117413;nan,2.000000;2.000000;2.000000;2.000000;2.000000;2.000000;2.000000;1.000000;1.000000;1.000000;1.000000;1.000000;1.000000;1.000000;1.000000;1.000000;1.000000;1.000000;1.000000;1.000000;1.000000;1.000000;1.000000,0,0,0,0,0,0,0,0,0,0,465,22320,120,6240,111,5328,29,1256,11,330,0,0,0,0,0,0,0,0,graph_0004__stability_0.2000,stability,0.2,graph_0004,epoch_0001
trace,static,0.178704,0.178697,810,591,105,0,0,0.391667,0.020105,72.449065,360,141,0,0,0,152,0.783333,0,0,0.000000,0.000000,0.500000,1.250000,1.000000,2.000000,2.000000;2.000000;2.000000;2.000000;2.000000;2.000000;1.000000;1.000000;1.000000;1.000000;1.000000;1.000000;1.000000;1.000000;1.000000;1.000000;1.000000;1.000000;1.000000;1.000000;1.000000;1.000000;1.000000;1.000000,46,nan,0,2.000000;2.000000;2.000000;2.000000;2.000000;2.000000;2.000000;1.000000;1.000000;1.000000;1.000000;1.000000;1.000000;1.000000;1.000000;1.000000;1.000000;1.000000;1.000000;1.000000;1.000000;1.000000;1.000000,0.042249;0.137959;0.070389;0.166389;0.098549;0.030709;0.143669;0.109749;0.075829;0.041909;0.171829;0.137909;0.103989;0.070149;0.036149;0.165799;0.132149;0.098229;0.064349;0.030389;0.160309;0.126389;nan,2.000000;2.000000;2.000000;2.000000;2.000000;2.000000;2.000000;1.000000;1.000000;1.000000;1.000000;1.000000;1.000000;1.000000;1.000000;1.000000;1.000000;1.000000;1.000000;1.000000;1.000000;1.000000;1.000000,0,0,0,0,0,0,0,0,0,0,0,0,0,0,0,0,0,0,0,0,0,0,0,0,0,0,0,0,graph_0004__stability_0.2000,stability,0.2,graph_0004,epoch_0001
trace,olsr,0.412238,0.412207,1505,1618,105,335,540,0.677778,0.034018,74.848675,360,244,2,0,0,369,1.355556,335,21840,1.372951,89.508197,0.500000,1.250000,1.000000,2.000000,2.000000;2.000000;2.000000;2.000000;2.000000;2.000000;1.000000;1.000000;1.000000;1.000000;1.000000;1.000000;1.000000;1.000000;1.000000;1.000000;1.000000;1.000000;1.000000;1.000000;1.000000;1.000000;1.000000;1.000000,46,nan,0,2.000000;2.000000;2.000000;2.000000;2.000000;2.000000;2.000000;1.000000;1.000000;1.000000;1.000000;1.000000;1.000000;1.000000;1.000000;1.000000;1.000000;1.000000;1.000000;1.000000;1.000000;1.000000;1.000000,0.033253;0.129253;0.061413;0.157413;0.089573;0.021733;0.134693;0.100773;0.066853;0.032933;0.162853;0.128933;nan;0.061093;0.027173;0.157093;0.123173;0.089253;0.055333;0.021413;0.151333;0.117413;nan,2.000000;2.000000;2.000000;2.000000;2.000000;2.000000;2.000000;1.000000;1.000000;1.000000;1.000000;1.000000;1.000000;1.000000;1.000000;1.000000;1.000000;1.000000;1.000000;1.000000;1.000000;1.000000;1.000000,229,13760,106,8080,0,0,0,0,0,0,0,0,0,0,0,0,0,0,0,0,0,0,0,0,0,0,0,0,graph_0004__stability_0.2000,stability,0.2,graph_0004,epoch_0003
trace,aodv,0.539089,0.539065,2268,2502,105,735,1004,0.888889,0.044802,75.642702,360,320,5,0,0,428,1.777778,735,35392,2.296875,110.600000,0.500000,1.250000,1.000000,2.000000,2.000000;2.000000;2.000000;2.000000;2.000000;2.000000;1.000000;1.000000;1.000000;1.000000;1.000000;1.000000;1.000000;1.000000;1.000000;1.000000;1.000000;1.000000;1.000000;1.000000;1.000000;1.000000;1.000000;1.000000,46,nan,0,2.000000;2.000000;2.000000;2.000000;2.000000;2.000000;2.000000;1.000000;1.000000;1.000000;1.000000;1.000000;1.000000;1.000000;1.000000;1.000000;1.000000;1.000000;1.000000;1.000000;1.000000;1.000000;1.000000,0.033253;0.129253;0.061413;1.493030;1.438448;0.021733;nan;0.100773;0.066853;0.032933;0.162853;0.128933;0.095013;0.061093;0.027173;0.157093;0.123173;0.089253;0.055333;0.021413;0.151333;0.117413;nan,2.000000;2.000000;2.000000;2.000000;2.000000;2.000000;2.000000;1.000000;1.000000;1.000000;1.000000;1.000000;1.000000;1.000000;1.000000;1.000000;1.000000;1.000000;1.000000;1.000000;1.000000;1.000000;1.000000,0,0,0,0,0,0,0,0,0,0,467,22416,114,5928,110,5280,36,1528,8,240,0,0,0,0,0,0,0,0,graph_0004__stability_0.2000,stability,0.2,graph_0004,epoch_0003
trace,static,0.177262,0.177253,811,592,105,0,0,0.391667,0.020106,72.449158,360,141,0,0,0,154,0.783333,0,0,0.000000,0.000000,0.500000,1.250000,1.000000,2.000000,2.000000;2.000000;2.000000;2.000000;2.000000;2.000000;1.000000;1.000000;1.000000;1.000000;1.000000;1.000000;1.000000;1.000000;1.000000;1.000000;1.000000;1.000000;1.000000;1.000000;1.000000;1.000000;1.000000;1.000000,46,nan,0,2.000000;2.000000;2.000000;2.000000;2.000000;2.000000;2.000000;1.000000;1.000000;1.000000;1.000000;1.000000;1.000000;1.000000;1.000000;1.000000;1.000000;1.000000;1.000000;1.000000;1.000000;1.000000;1.000000,0.042249;0.137959;0.070389;0.166389;0.098549;0.030709;0.143669;0.109749;0.084805;0.041909;0.171829;0.137909;0.103989;0.070149;0.036149;0.165799;0.132149;0.098229;0.064349;0.030389;0.160309;0.126389;nan,2.000000;2.000000;2.000000;2.000000;2.000000;2.000000;2.000000;1.000000;1.000000;1.000000;1.000000;1.000000;1.000000;1.000000;1.000000;1.000000;1.000000;1.000000;1.000000;1.000000;1.000000;1.000000;1.000000,0,0,0,0,0,0,0,0,0,0,0,0,0,0,0,0,0,0,0,0,0,0,0,0,0,0,0,0,graph_0004__stability_0.2000,stability,0.2,graph_0004,epoch_0003
trace,olsr,0.439789,0.439439,1577,1683,105,333,538,0.722222,0.036248,75.357452,360,260,1,0,0,396,1.444444,333,21968,1.280769,84.492308,0.500000,1.250000,1.000000,2.000000,2.000000;2.000000;2.000000;2.000000;2.000000;2.000000;1.000000;1.000000;1.000000;1.000000;1.000000;1.000000;1.000000;1.000000;1.000000;1.000000;1.000000;1.000000;1.000000;1.000000;1.000000;1.000000;1.000000;1.000000,46,nan,0,2.000000;2.000000;2.000000;2.000000;2.000000;2.000000;2.000000;1.000000;1.000000;1.000000;1.000000;1.000000;1.000000;1.000000;1.000000;1.000000;1.000000;1.000000;1.000000;1.000000;1.000000;1.000000;1.000000,0.033253;0.129253;0.061413;0.157413;0.089573;0.021733;0.134693;0.100773;0.066853;0.032933;0.162853;0.128933;0.095013;0.061093;0.027173;0.157093;0.123173;0.089253;0.055333;0.021413;0.151333;0.117413;nan,2.000000;2.000000;2.000000;2.000000;2.000000;2.000000;2.000000;1.000000;1.000000;1.000000;1.000000;1.000000;1.000000;1.000000;1.000000;1.000000;1.000000;1.000000;1.000000;1.000000;1.000000;1.000000;1.000000,230,13824,103,8144,0,0,0,0,0,0,0,0,0,0,0,0,0,0,0,0,0,0,0,0,0,0,0,0,graph_0004__stability_0.2000,stability,0.2,graph_0004,epoch_0004
trace,aodv,0.557081,0.556459,2314,2555,105,757,1033,0.886111,0.044646,75.821271,360,319,6,0,0,485,1.772222,757,36330,2.373041,113.887147,0.500000,1.250000,1.000000,2.000000,2.000000;2.000000;2.000000;2.000000;2.000000;2.000000;1.000000;1.000000;1.000000;1.000000;1.000000;1.000000;1.000000;1.000000;1.000000;1.000000;1.000000;1.000000;1.000000;1.000000;1.000000;1.000000;1.000000;1.000000,46,nan,0,2.000000;2.000000;2.000000;2.000000;2.000000;2.000000;2.000000;1.000000;1.000000;1.000000;1.000000;1.000000;1.000000;1.000000;1.000000;1.000000;1.000000;1.000000;1.000000;1.000000;1.000000;1.000000;1.000000,0.033643;0.129253;0.061413;1.482632;1.430768;0.021733;nan;0.100773;nan;0.560736;0.162853;0.128933;0.095013;0.061093;0.027173;0.157093;0.123173;0.089253;0.055333;0.021413;0.151333;0.117413;nan,2.000000;2.000000;2.000000;2.000000;2.000000;2.000000;2.000000;1.000000;1.000000;1.000000;1.000000;1.000000;1.000000;1.000000;1.000000;1.000000;1.000000;1.000000;1.000000;1.000000;1.000000;1.000000;1.000000,0,0,0,0,0,0,0,0,0,0,465,22320,125,6500,108,5184,46,1936,13,390,0,0,0,0,0,0,0,0,graph_0004__stability_0.2000,stability,0.2,graph_0004,epoch_0004
trace,static,0.181753,0.181263,813,595,105,0,0,0.394444,0.020248,72.465331,360,142,0,0,0,154,0.788889,0,0,0.000000,0.000000,0.500000,1.250000,1.000000,2.000000,2.000000;2.000000;2.000000;2.000000;2.000000;2.000000;1.000000;1.000000;1.000000;1.000000;1.000000;1.000000;1.000000;1.000000;1.000000;1.000000;1.000000;1.000000;1.000000;1.000000;1.000000;1.000000;1.000000;1.000000,46,nan,0,2.000000;2.000000;2.000000;2.000000;2.000000;2.000000;2.000000;1.000000;1.000000;1.000000;1.000000;1.000000;1.000000;1.000000;1.000000;1.000000;1.000000;1.000000;1.000000;1.000000;1.000000;1.000000;1.000000,0.042249;0.137959;0.070389;0.166389;0.098549;0.030709;0.143669;0.109749;0.075909;0.041909;0.171829;0.137909;0.103989;0.070149;0.036149;0.165799;0.132149;0.098229;0.064349;0.030389;0.160309;0.126389;nan,2.000000;2.000000;2.000000;2.000000;2.000000;2.000000;2.000000;1.000000;1.000000;1.000000;1.000000;1.000000;1.000000;1.000000;1.000000;1.000000;1.000000;1.000000;1.000000;1.000000;1.000000;1.000000;1.000000,0,0,0,0,0,0,0,0,0,0,0,0,0,0,0,0,0,0,0,0,0,0,0,0,0,0,0,0,graph_0004__stability_0.2000,stability,0.2,graph_0004,epoch_0004
trace,olsr,0.420688,0.420635,1582,1677,105,330,522,0.730556,0.036660,75.441780,360,263,0,0,0,410,1.461111,330,21680,1.254753,82.433460,0.500000,1.250000,1.000000,2.000000,2.000000;2.000000;2.000000;2.000000;2.000000;2.000000;1.000000;1.000000;1.000000;1.000000;1.000000;1.000000;1.000000;1.000000;1.000000;1.000000;1.000000;1.000000;1.000000;1.000000;1.000000;1.000000;1.000000;1.000000,46,nan,0,2.000000;2.000000;2.000000;2.000000;2.000000;2.000000;2.000000;1.000000;1.000000;1.000000;1.000000;1.000000;1.000000;1.000000;1.000000;1.000000;1.000000;1.000000;1.000000;1.000000;1.000000;1.000000;1.000000,0.033253;0.129253;0.061413;0.157413;0.089573;0.021733;0.134693;0.100773;0.066853;0.032933;0.162853;0.128933;0.095013;0.061093;0.027173;0.157093;0.123173;0.090853;0.055333;0.021413;0.151333;0.117413;nan,2.000000;2.000000;2.000000;2.000000;2.000000;2.000000;2.000000;1.000000;1.000000;1.000000;1.000000;1.000000;1.000000;1.000000;1.000000;1.000000;1.000000;1.000000;1.000000;1.000000;1.000000;1.000000;1.000000,229,13760,101,7920,0,0,0,0,0,0,0,0,0,0,0,0,0,0,0,0,0,0,0,0,0,0,0,0,graph_0004__stability_0.2000,stability,0.2,graph_0004,epoch_0005
trace,aodv,0.545501,0.544786,2284,2517,105,737,1011,0.886111,0.044644,75.729233,360,319,0,0,0,446,1.772222,737,35546,2.310345,111.429467,0.500000,1.250000,1.000000,2.000000,2.000000;2.000000;2.000000;2.000000;2.000000;2.000000;1.000000;1.000000;1.000000;1.000000;1.000000;1.000000;1.000000;1.000000;1.000000;1.000000;1.000000;1.000000;1.000000;1.000000;1.000000;1.000000;1.000000;1.000000,46,nan,0,2.000000;2.000000;2.000000;2.000000;2.000000;2.000000;2.000000;1.000000;1.000000;1.000000;1.000000;1.000000;1.000000;1.000000;1.000000;1.000000;1.000000;1.000000;1.000000;1.000000;1.000000;1.000000;1.000000,0.033253;0.129253;0.061413;1.488304;1.428368;0.021733;nan;0.100773;0.066853;0.032933;0.162853;0.128933;0.095013;0.061093;0.027173;0.157093;0.123173;0.089253;0.055333;0.021413;0.151333;0.117413;nan,2.000000;2.000000;2.000000;2.000000;2.000000;2.000000;2.000000;1.000000;1.000000;1.000000;1.000000;1.000000;1.000000;1.000000;1.000000;1.000000;1.000000;1.000000;1.000000;1.000000;1.000000;1.000000;1.000000,0,0,0,0,0,0,0,0,0,0,467,22416,119,6188,111,5328,31,1344,9,270,0,0,0,0,0,0,0,0,graph_0004__stability_0.2000,stability,0.2,graph_0004,epoch_0005
trace,static,0.178661,0.178579,813,595,105,0,0,0.394444,0.020245,72.465288,360,142,0,0,0,155,0.788889,0,0,0.000000,0.000000,0.500000,1.250000,1.000000,2.000000,2.000000;2.000000;2.000000;2.000000;2.000000;2.000000;1.000000;1.000000;1.000000;1.000000;1.000000;1.000000;1.000000;1.000000;1.000000;1.000000;1.000000;1.000000;1.000000;1.000000;1.000000;1.000000;1.000000;1.000000,46,nan,0,2.000000;2.000000;2.000000;2.000000;2.000000;2.000000;2.000000;1.000000;1.000000;1.000000;1.000000;1.000000;1.000000;1.000000;1.000000;1.000000;1.000000;1.000000;1.000000;1.000000;1.000000;1.000000;1.000000,0.042249;0.137959;0.070389;0.166389;0.098549;0.030709;0.143669;0.109749;0.075909;0.041909;0.171829;0.137909;0.103989;0.070149;0.036149;0.165799;0.132149;0.098229;0.064349;0.030389;0.160309;0.126389;nan,2.000000;2.000000;2.000000;2.000000;2.000000;2.000000;2.000000;1.000000;1.000000;1.000000;1.000000;1.000000;1.000000;1.000000;1.000000;1.000000;1.000000;1.000000;1.000000;1.000000;1.000000;1.000000;1.000000,0,0,0,0,0,0,0,0,0,0,0,0,0,0,0,0,0,0,0,0,0,0,0,0,0,0,0,0,graph_0004__stability_0.2000,stability,0.2,graph_0004,epoch_0005
trace,olsr,0.430353,0.430211,1579,1684,105,330,532,0.730556,0.036666,75.534876,360,263,0,0,0,391,1.461111,330,21872,1.254753,83.163498,0.500000,1.250000,1.000000,2.000000,2.000000;2.000000;2.000000;2.000000;2.000000;2.000000;1.000000;1.000000;1.000000;1.000000;1.000000;1.000000;1.000000;1.000000;1.000000;1.000000;1.000000;1.000000;1.000000;1.000000;1.000000;1.000000;1.000000;1.000000,46,nan,0,2.000000;2.000000;2.000000;2.000000;2.000000;2.000000;2.000000;1.000000;1.000000;1.000000;1.000000;1.000000;1.000000;1.000000;1.000000;1.000000;1.000000;1.000000;1.000000;1.000000;1.000000;1.000000;1.000000,0.033253;0.129253;0.061413;0.157413;0.089573;0.021733;0.134693;0.100773;0.066853;0.032933;0.162853;0.128933;0.095013;0.061093;0.027173;0.157093;0.123173;0.089253;0.055333;0.021413;0.151333;0.117413;nan,2.000000;2.000000;2.000000;2.000000;2.000000;2.000000;2.000000;1.000000;1.000000;1.000000;1.000000;1.000000;1.000000;1.000000;1.000000;1.000000;1.000000;1.000000;1.000000;1.000000;1.000000;1.000000;1.000000,228,13696,102,8176,0,0,0,0,0,0,0,0,0,0,0,0,0,0,0,0,0,0,0,0,0,0,0,0,graph_0004__stability_0.2000,stability,0.2,graph_0004,epoch_0002
trace,aodv,0.538147,0.538103,2279,2491,105,742,1002,0.863889,0.044262,76.379311,360,311,1,0,0,501,1.727778,742,35736,2.385852,114.906752,0.500000,1.250000,1.000000,2.000000,2.000000;2.000000;2.000000;2.000000;2.000000;2.000000;1.000000;1.000000;1.000000;1.000000;1.000000;1.000000;1.000000;1.000000;1.000000;1.000000;1.000000;1.000000;1.000000;1.000000;1.000000;1.000000;1.000000;1.000000,46,nan,0,2.000000;2.000000;2.000000;2.000000;2.000000;2.000000;2.000000;1.000000;1.000000;1.000000;1.000000;1.000000;1.000000;1.000000;1.000000;1.000000;1.000000;1.000000;1.000000;1.000000;1.000000;1.000000;1.000000,0.033253;0.129253;0.061413;1.489534;1.416488;0.021733;nan;0.100773;0.066853;0.032933;0.162853;0.128933;0.095013;0.061093;0.027903;0.157093;0.123173;0.089253;0.055333;0.021413;0.151333;0.117413;nan,2.000000;2.000000;2.000000;2.000000;2.000000;2.000000;2.000000;1.000000;1.000000;1.000000;1.000000;1.000000;1.000000;1.000000;1.000000;1.000000;1.000000;1.000000;1.000000;1.000000;1.000000;1.000000;1.000000,0,0,0,0,0,0,0,0,0,0,466,22368,120,6240,112,5376,32,1392,12,360,0,0,0,0,0,0,0,0,graph_0004__stability_0.2000,stability,0.2,graph_0004,epoch_0002
trace,static,0.177072,0.177064,810,591,105,0,0,0.391667,0.020106,72.449081,360,141,0,0,0,152,0.783333,0,0,0.000000,0.000000,0.500000,1.250000,1.000000,2.000000,2.000000;2.000000;2.000000;2.000000;2.000000;2.000000;1.000000;1.000000;1.000000;1.000000;1.000000;1.000000;1.000000;1.000000;1.000000;1.000000;1.000000;1.000000;1.000000;1.000000;1.000000;1.000000;1.000000;1.000000,46,nan,0,2.000000;2.000000;2.000000;2.000000;2.000000;2.000000;2.000000;1.000000;1.000000;1.000000;1.000000;1.000000;1.000000;1.000000;1.000000;1.000000;1.000000;1.000000;1.000000;1.000000;1.000000;1.000000;1.000000,0.042249;0.137959;0.070389;0.166389;0.098549;0.030709;0.143669;0.109749;0.075829;0.041909;0.171829;0.137909;0.103989;0.070149;0.036149;0.165799;0.132149;0.098229;0.064349;0.030389;0.160309;0.126389;nan,2.000000;2.000000;2.000000;2.000000;2.000000;2.000000;2.000000;1.000000;1.000000;1.000000;1.000000;1.000000;1.000000;1.000000;1.000000;1.000000;1.000000;1.000000;1.000000;1.000000;1.000000;1.000000;1.000000,0,0,0,0,0,0,0,0,0,0,0,0,0,0,0,0,0,0,0,0,0,0,0,0,0,0,0,0,graph_0004__stability_0.2000,stability,0.2,graph_0004,epoch_0002
trace,olsr,0.437863,0.437515,1562,1606,105,329,498,0.638889,0.032063,75.714179,360,230,5,0,0,318,1.277778,329,21792,1.430435,94.747826,0.500000,2.307692,2.000000,3.000000,3.000000;3.000000;3.000000;3.000000;2.000000;2.000000;2.000000;2.000000;2.000000;2.000000;2.000000;2.000000;2.000000,24,nan,0,3.000000;3.000000;3.000000;3.000000;3.000000;3.000000;2.000000;2.000000;2.000000;2.000000;2.000000;2.000000,0.163173;0.061413;0.123493;0.021733;0.100773;0.015973;0.111973;0.044133;0.140133;0.072293;0.004453;0.100453,3.000000;3.000000;3.000000;3.000000;3.000000;3.000000;2.000000;2.000000;2.000000;2.000000;2.000000;2.000000,227,13632,102,8160,0,0,0,0,0,0,0,0,0,0,0,0,0,0,0,0,0,0,0,0,0,0,0,0,graph_0001__stability_0.6000,stability,0.6,graph_0001,epoch_0001
trace,aodv,0.557313,0.557113,2278,2517,105,737,1002,0.841667,0.044928,73.647983,360,303,12,0,0,400,1.683333,737,35190,2.432343,116.138614,0.500000,2.307692,2.000000,3.000000,3.000000;3.000000;3.000000;3.000000;2.000000;2.000000;2.000000;2.000000;2.000000;2.000000;2.000000;2.000000;2.000000,24,nan,0,3.000000;3.000000;3.000000;3.000000;3.000000;3.000000;2.000000;2.000000;2.000000;2.000000;2.000000;2.000000,1.506336;0.409703;0.461069;0.538228;1.596329;1.346905;0.111973;1.536896;0.140133;0.072293;0.004453;nan,3.000000;3.000000;3.000000;3.000000;3.000000;3.000000;2.000000;2.000000;2.000000;2.000000;2.000000;2.000000,0,0,0,0,0,0,0,0,0,0,454,21792,122,6344,81,3888,67,2776,13,390,0,0,0,0,0,0,0,0,graph_0001__stability_0.6000,stability,0.6,graph_0001,epoch_0001
trace,static,0.191491,0.191473,860,660,105,0,0,0.444444,0.022305,73.550883,360,160,0,0,0,91,0.888889,0,0,0.000000,0.000000,0.500000,2.307692,2.000000,3.000000,3.000000;3.000000;3.000000;3.000000;2.000000;2.000000;2.000000;2.000000;2.000000;2.000000;2.000000;2.000000;2.000000,24,nan,0,3.000000;3.000000;3.000000;3.000000;3.000000;3.000000;2.000000;2.000000;2.000000;2.000000;2.000000;2.000000,0.172149;0.070389;0.132469;0.030729;0.109749;0.024989;0.120949;0.053189;0.149109;0.081269;0.013429;0.109429,3.000000;3.000000;3.000000;3.000000;3.000000;3.000000;2.000000;2.000000;2.000000;2.000000;2.000000;2.000000,0,0,0,0,0,0,0,0,0,0,0,0,0,0,0,0,0,0,0,0,0,0,0,0,0,0,0,0,graph_0001__stability_0.6000,stability,0.6,graph_0001,epoch_0001
trace,olsr,0.429390,0.429159,1570,1630,105,326,510,0.655556,0.032906,75.445413,360,236,0,0,0,301,1.311111,326,21720,1.381356,92.033898,0.500000,2.307692,2.000000,3.000000,3.000000;3.000000;3.000000;3.000000;2.000000;2.000000;2.000000;2.000000;2.000000;2.000000;2.000000;2.000000;2.000000,24,nan,0,3.000000;3.000000;3.000000;3.000000;3.000000;3.000000;2.000000;2.000000;2.000000;2.000000;2.000000;2.000000,0.163173;0.061413;0.123493;0.021733;0.100773;0.015973;0.111973;0.044133;0.140133;0.072293;0.004453;0.100453,3.000000;3.000000;3.000000;3.000000;3.000000;3.000000;2.000000;2.000000;2.000000;2.000000;2.000000;2.000000,228,13696,98,8024,0,0,0,0,0,0,0,0,0,0,0,0,0,0,0,0,0,0,0,0,0,0,0,0,graph_0001__stability_0.6000,stability,0.6,graph_0001,epoch_0003
trace,aodv,0.514512,0.514319,2264,2510,105,747,1023,0.833333,0.044489,73.452169,360,300,11,0,0,399,1.666667,747,35752,2.490000,119.173333,0.500000,2.307692,2.000000,3.000000,3.000000;3.000000;3.000000;3.000000;2.000000;2.000000;2.000000;2.000000;2.000000;2.000000;2.000000;2.000000;2.000000,24,nan,0,3.000000;3.000000;3.000000;3.000000;3.000000;3.000000;2.000000;2.000000;2.000000;2.000000;2.000000;2.000000,1.484108;0.416144;0.466400;0.533290;0.100773;1.348505;0.111973;1.543774;0.140133;0.072293;0.004453;nan,3.000000;3.000000;3.000000;3.000000;3.000000;3.000000;2.000000;2.000000;2.000000;2.000000;2.000000;2.000000,0,0,0,0,0,0,0,0,0,0,456,21888,128,6656,88,4224,63,2624,12,360,0,0,0,0,0,0,0,0,graph_0001__stability_0.6000,stability,0.6,graph_0001,epoch_0003
trace,static,0.186147,0.186135,860,660,105,0,0,0.444444,0.022309,73.550955,360,160,0,0,0,90,0.888889,0,0,0.000000,0.000000,0.500000,2.307692,2.000000,3.000000,3.000000;3.000000;3.000000;3.000000;2.000000;2.000000;2.000000;2.000000;2.000000;2.000000;2.000000;2.000000;2.000000,24,nan,0,3.000000;3.000000;3.000000;3.000000;3.000000;3.000000;2.000000;2.000000;2.000000;2.000000;2.000000;2.000000,0.172149;0.070389;0.132469;0.030729;0.109749;0.024989;0.120949;0.053189;0.149109;0.081269;0.013429;0.109429,3.000000;3.000000;3.000000;3.000000;3.000000;3.000000;2.000000;2.000000;2.000000;2.000000;2.000000;2.000000,0,0,0,0,0,0,0,0,0,0,0,0,0,0,0,0,0,0,0,0,0,0,0,0,0,0,0,0,graph_0001__stability_0.6000,stability,0.6,graph_0001,epoch_0003
trace,olsr,0.436488,0.436460,1572,1624,105,328,505,0.652778,0.032761,75.458850,360,235,0,0,0,304,1.305556,328,21592,1.395745,91.880851,0.500000,2.307692,2.000000,3.000000,3.000000;3.000000;3.000000;3.000000;2.000000;2.000000;2.000000;2.000000;2.000000;2.000000;2.000000;2.000000;2.000000,24,nan,0,3.000000;3.000000;3.000000;3.000000;3.000000;3.000000;2.000000;2.000000;2.000000;2.000000;2.000000;2.000000,0.163173;0.061413;0.123493;0.021733;0.100773;0.015973;0.111973;0.044133;0.140133;0.072293;0.004453;0.100453,3.000000;3.000000;3.000000;3.000000;3.000000;3.000000;2.000000;2.000000;2.000000;2.000000;2.000000;2.000000,229,13760,99,7832,0,0,0,0,0,0,0,0,0,0,0,0,0,0,0,0,0,0,0,0,0,0,0,0,graph_0001__stability_0.6000,stability,0.6,graph_0001,epoch_0004
trace,aodv,0.484851,0.484803,2046,2263,105,731,978,0.680556,0.036324,71.705607,360,245,10,56,0,370,1.361111,731,35040,2.983673,143.020408,0.500000,2.307692,2.000000,3.000000,3.000000;3.000000;3.000000;3.000000;2.000000;2.000000;2.000000;2.000000;2.000000;2.000000;2.000000;2.000000;2.000000,24,nan,0,3.000000;3.000000;3.000000;3.000000;3.000000;3.000000;2.000000;2.000000;2.000000;2.000000;2.000000;2.000000,1.822973;0.404318;0.479761;0.541605;1.584340;nan;nan;0.044133;0.140133;0.072293;0.004453;nan,3.000000;3.000000;3.000000;3.000000;3.000000;3.000000;2.000000;2.000000;2.000000;2.000000;2.000000;2.000000,0,0,0,0,0,0,0,0,0,0,467,22416,117,6084,82,3936,55,2304,10,300,0,0,0,0,0,0,0,0,graph_0001__stability_0.6000,stability,0.6,graph_0001,epoch_0004
trace,static,0.198421,0.198380,860,660,105,0,0,0.444444,0.022306,73.550888,360,160,0,0,0,87,0.888889,0,0,0.000000,0.000000,0.500000,2.307692,2.000000,3.000000,3.000000;3.000000;3.000000;3.000000;2.000000;2.000000;2.000000;2.000000;2.000000;2.000000;2.000000;2.000000;2.000000,24,nan,0,3.000000;3.000000;3.000000;3.000000;3.000000;3.000000;2.000000;2.000000;2.000000;2.000000;2.000000;2.000000,0.172149;0.070389;0.132469;0.030729;0.109749;0.024989;0.120949;0.053189;0.149109;0.081269;0.013429;0.109429,3.000000;3.000000;3.000000;3.000000;3.000000;3.000000;2.000000;2.000000;2.000000;2.000000;2.000000;2.000000,0,0,0,0,0,0,0,0,0,0,0,0,0,0,0,0,0,0,0,0,0,0,0,0,0,0,0,0,graph_0001__stability_0.6000,stability,0.6,graph_0001,epoch_0004
trace,olsr,0.441461,0.441323,1573,1623,105,329,504,0.652778,0.032762,75.539803,360,235,0,0,0,311,1.305556,329,21768,1.400000,92.629787,0.500000,2.307692,2.000000,3.000000,3.000000;3.000000;3.000000;3.000000;2.000000;2.000000;2.000000;2.000000;2.000000;2.000000;2.000000;2.000000;2.000000,24,nan,0,3.000000;3.000000;3.000000;3.000000;3.000000;3.000000;2.000000;2.000000;2.000000;2.000000;2.000000;2.000000,0.163173;0.061413;0.123493;0.021733;0.100773;0.015973;0.111973;0.044133;0.140133;0.072293;0.004453;0.100453,3.000000;3.000000;3.000000;3.000000;3.000000;3.000000;2.000000;2.000000;2.000000;2.000000;2.000000;2.000000,227,13632,102,8136,0,0,0,0,0,0,0,0,0,0,0,0,0,0,0,0,0,0,0,0,0,0,0,0,graph_0001__stability_0.6000,stability,0.6,graph_0001,epoch_0005
trace,aodv,0.510408,0.510283,2214,2434,105,713,974,0.811111,0.044075,74.186759,360,292,8,0,0,414,1.622222,713,34174,2.441781,117.034247,0.500000,2.307692,2.000000,3.000000,3.000000;3.000000;3.000000;3.000000;2.000000;2.000000;2.000000;2.000000;2.000000;2.000000;2.000000;2.000000;2.000000,24,nan,0,3.000000;3.000000;3.000000;3.000000;3.000000;3.000000;2.000000;2.000000;2.000000;2.000000;2.000000;2.000000,1.821425;0.417514;0.468144;0.536190;0.100773;1.346260;0.111973;1.537885;0.140133;0.072293;0.004453;nan,3.000000;3.000000;3.000000;3.000000;3.000000;3.000000;2.000000;2.000000;2.000000;2.000000;2.000000;2.000000,0,0,0,0,0,0,0,0,0,0,462,22176,113,5876,77,3696,50,2096,11,330,0,0,0,0,0,0,0,0,graph_0001__stability_0.6000,stability,0.6,graph_0001,epoch_0005
trace,static,0.185489,0.185471,860,660,105,0,0,0.444444,0.022306,73.550897,360,160,0,0,0,89,0.888889,0,0,0.000000,0.000000,0.500000,2.307692,2.000000,3.000000,3.000000;3.000000;3.000000;3.000000;2.000000;2.000000;2.000000;2.000000;2.000000;2.000000;2.000000;2.000000;2.000000,24,nan,0,3.000000;3.000000;3.000000;3.000000;3.000000;3.000000;2.000000;2.000000;2.000000;2.000000;2.000000;2.000000,0.172149;0.070389;0.132469;0.030729;0.109749;0.024989;0.120949;0.053189;0.149109;0.081269;0.013429;0.109429,3.000000;3.000000;3.000000;3.000000;3.000000;3.000000;2.000000;2.000000;2.000000;2.000000;2.000000;2.000000,0,0,0,0,0,0,0,0,0,0,0,0,0,0,0,0,0,0,0,0,0,0,0,0,0,0,0,0,graph_0001__stability_0.6000,stability,0.6,graph_0001,epoch_0005
trace,olsr,0.442403,0.441877,1578,1636,105,334,516,0.655556,0.032906,75.483482,360,236,0,0,0,306,1.311111,334,21952,1.415254,93.016949,0.500000,2.307692,2.000000,3.000000,3.000000;3.000000;3.000000;3.000000;2.000000;2.000000;2.000000;2.000000;2.000000;2.000000;2.000000;2.000000;2.000000,24,nan,0,3.000000;3.000000;3.000000;3.000000;3.000000;3.000000;2.000000;2.000000;2.000000;2.000000;2.000000;2.000000,0.163173;0.061413;0.123493;0.021733;0.100773;0.015973;0.111973;0.044133;0.140133;0.072293;0.004453;0.100453,3.000000;3.000000;3.000000;3.000000;3.000000;3.000000;2.000000;2.000000;2.000000;2.000000;2.000000;2.000000,230,13824,104,8128,0,0,0,0,0,0,0,0,0,0,0,0,0,0,0,0,0,0,0,0,0,0,0,0,graph_0001__stability_0.6000,stability,0.6,graph_0001,epoch_0002
trace,aodv,0.521926,0.521852,2262,2485,105,726,983,0.825000,0.044042,73.623304,360,297,10,0,0,427,1.650000,726,34702,2.444444,116.841751,0.500000,2.307692,2.000000,3.000000,3.000000;3.000000;3.000000;3.000000;2.000000;2.000000;2.000000;2.000000;2.000000;2.000000;2.000000;2.000000;2.000000,24,nan,0,3.000000;3.000000;3.000000;3.000000;3.000000;3.000000;2.000000;2.000000;2.000000;2.000000;2.000000;2.000000,1.822445;0.414794;0.476618;0.539208;1.594741;1.674710;0.111973;1.540489;0.140133;0.072293;0.004453;nan,3.000000;3.000000;3.000000;3.000000;3.000000;3.000000;2.000000;2.000000;2.000000;2.000000;2.000000;2.000000,0,0,0,0,0,0,0,0,0,0,458,21984,116,6032,81,3888,58,2408,13,390,0,0,0,0,0,0,0,0,graph_0001__stability_0.6000,stability,0.6,graph_0001,epoch_0002
trace,static,0.185829,0.185822,860,660,105,0,0,0.444444,0.022309,73.550947,360,160,0,0,0,88,0.888889,0,0,0.000000,0.000000,0.500000,2.307692,2.000000,3.000000,3.000000;3.000000;3.000000;3.000000;2.000000;2.000000;2.000000;2.000000;2.000000;2.000000;2.000000;2.000000;2.000000,24,nan,0,3.000000;3.000000;3.000000;3.000000;3.000000;3.000000;2.000000;2.000000;2.000000;2.000000;2.000000;2.000000,0.172149;0.070389;0.132469;0.030729;0.109749;0.024989;0.120949;0.053189;0.149109;0.081269;0.013429;0.109429,3.000000;3.000000;3.000000;3.000000;3.000000;3.000000;2.000000;2.000000;2.000000;2.000000;2.000000;2.000000,0,0,0,0,0,0,0,0,0,0,0,0,0,0,0,0,0,0,0,0,0,0,0,0,0,0,0,0,graph_0001__stability_0.6000,stability,0.6,graph_0001,epoch_0002
trace,olsr,0.407109,0.407079,1364,1390,105,327,499,0.500000,0.025816,74.190564,360,180,10,0,0,266,1.000000,327,21548,1.816667,119.711111,0.500000,4.285714,4.000000,5.000000,5.000000;5.000000;4.000000;4.000000;4.000000;4.000000;4.000000,12,nan,0,5.000000;5.000000;5.000000;5.000000;5.000000;5.000000,0.095333;0.089573;0.100773;0.111973;0.123173;0.134373,5.000000;5.000000;5.000000;5.000000;5.000000;5.000000,228,13696,99,7852,0,0,0,0,0,0,0,0,0,0,0,0,0,0,0,0,0,0,0,0,0,0,0,0,graph_0005__stability_0.8000,stability,0.8,graph_0005,epoch_0001
trace,aodv,0.469756,0.469706,1965,2171,105,640,868,0.738889,0.037227,78.749398,360,266,16,56,0,257,1.477778,640,30672,2.406015,115.308271,0.500000,4.285714,4.000000,5.000000,5.000000;5.000000;4.000000;4.000000;4.000000;4.000000;4.000000,12,nan,0,5.000000;5.000000;5.000000;5.000000;5.000000;5.000000,4.476148;0.089573;0.100773;0.111973;0.479878;0.134373,5.000000;5.000000;5.000000;5.000000;5.000000;5.000000,0,0,0,0,0,0,0,0,0,0,483,23184,68,3536,44,2112,41,1720,4,120,0,0,0,0,0,0,0,0,graph_0005__stability_0.8000,stability,0.8,graph_0005,epoch_0001
trace,static,0.194735,0.194721,866,674,105,0,0,0.466667,0.023423,73.106717,360,168,0,0,0,44,0.933333,0,0,0.000000,0.000000,0.500000,4.285714,4.000000,5.000000,5.000000;5.000000;4.000000;4.000000;4.000000;4.000000;4.000000,12,nan,0,5.000000;5.000000;5.000000;5.000000;5.000000;5.000000,0.104309;0.098549;0.109749;0.120949;0.132149;0.143349,5.000000;5.000000;5.000000;5.000000;5.000000;5.000000,0,0,0,0,0,0,0,0,0,0,0,0,0,0,0,0,0,0,0,0,0,0,0,0,0,0,0,0,graph_0005__stability_0.8000,stability,0.8,graph_0005,epoch_0001
trace,olsr,0.402398,0.402363,1405,1430,105,324,494,0.530556,0.026630,75.241193,360,191,11,0,0,275,1.061111,324,21380,1.696335,111.937173,0.500000,4.285714,4.000000,5.000000,5.000000;5.000000;4.000000;4.000000;4.000000;4.000000;4.000000,12,nan,0,5.000000;5.000000;5.000000;5.000000;5.000000;5.000000,0.095333;0.089573;0.100773;0.111973;0.123173;0.134373,5.000000;5.000000;5.000000;5.000000;5.000000;5.000000,228,13696,96,7684,0,0,0,0,0,0,0,0,0,0,0,0,0,0,0,0,0,0,0,0,0,0,0,0,graph_0005__stability_0.8000,stability,0.8,graph_0005,epoch_0003
trace,aodv,0.436238,0.436206,1950,2138,105,624,841,0.741667,0.037377,78.725943,360,267,8,56,0,283,1.483333,624,30024,2.337079,112.449438,0.500000,4.285714,4.000000,5.000000,5.000000;5.000000;4.000000;4.000000;4.000000;4.000000;4.000000,12,nan,0,5.000000;5.000000;5.000000;5.000000;5.000000;5.000000,4.455713;0.089573;0.100773;0.111973;0.001163;0.134373,5.000000;5.000000;5.000000;5.000000;5.000000;5.000000,0,0,0,0,0,0,0,0,0,0,488,23424,64,3328,44,2112,24,1040,4,120,0,0,0,0,0,0,0,0,graph_0005__stability_0.8000,stability,0.8,graph_0005,epoch_0003
trace,static,0.182701,0.182684,866,674,105,0,0,0.466667,0.023423,73.106722,360,168,0,0,0,44,0.933333,0,0,0.000000,0.000000,0.500000,4.285714,4.000000,5.000000,5.000000;5.000000;4.000000;4.000000;4.000000;4.000000;4.000000,12,nan,0,5.000000;5.000000;5.000000;5.000000;5.000000;5.000000,0.104309;0.098549;0.109749;0.120949;0.132149;0.143349,5.000000;5.000000;5.000000;5.000000;5.000000;5.000000,0,0,0,0,0,0,0,0,0,0,0,0,0,0,0,0,0,0,0,0,0,0,0,0,0,0,0,0,graph_0005__stability_0.8000,stability,0.8,graph_0005,epoch_0003
trace,olsr,0.414245,0.414209,1475,1497,105,328,501,0.566667,0.028438,73.397073,360,204,5,0,0,288,1.133333,328,21616,1.607843,105.960784,0.500000,4.285714,4.000000,5.000000,5.000000;5.000000;4.000000;4.000000;4.000000;4.000000;4.000000,12,nan,0,5.000000;5.000000;5.000000;5.000000;5.000000;5.000000,0.095333;0.089573;0.100773;0.111973;0.123173;0.134373,5.000000;5.000000;5.000000;5.000000;5.000000;5.000000,229,13760,99,7856,0,0,0,0,0,0,0,0,0,0,0,0,0,0,0,0,0,0,0,0,0,0,0,0,graph_0005__stability_0.8000,stability,0.8,graph_0005,epoch_0004
trace,aodv,0.427405,0.427205,1956,2155,105,633,855,0.738889,0.037229,79.158457,360,266,15,56,0,259,1.477778,633,30366,2.379699,114.157895,0.500000,4.285714,4.000000,5.000000,5.000000;5.000000;4.000000;4.000000;4.000000;4.000000;4.000000,12,nan,0,5.000000;5.000000;5.000000;5.000000;5.000000;5.000000,4.457881;0.282278;0.100773;0.111973;0.123173;0.134373,5.000000;5.000000;5.000000;5.000000;5.000000;5.000000,0,0,0,0,0,0,0,0,0,0,482,23136,68,3536,44,2112,34,1432,5,150,0,0,0,0,0,0,0,0,graph_0005__stability_0.8000,stability,0.8,graph_0005,epoch_0004
trace,static,0.181232,0.180941,866,674,105,0,0,0.466667,0.023420,73.106670,360,168,0,0,0,44,0.933333,0,0,0.000000,0.000000,0.500000,4.285714,4.000000,5.000000,5.000000;5.000000;4.000000;4.000000;4.000000;4.000000;4.000000,12,nan,0,5.000000;5.000000;5.000000;5.000000;5.000000;5.000000,0.104309;0.098549;0.109749;0.120949;0.132149;0.143349,5.000000;5.000000;5.000000;5.000000;5.000000;5.000000,0,0,0,0,0,0,0,0,0,0,0,0,0,0,0,0,0,0,0,0,0,0,0,0,0,0,0,0,graph_0005__stability_0.8000,stability,0.8,graph_0005,epoch_0004
trace,olsr,0.394220,0.394180,1427,1448,105,328,500,0.536111,0.027842,72.306175,360,193,4,0,0,286,1.072222,328,21640,1.699482,112.124352,0.500000,4.285714,4.000000,5.000000,5.000000;5.000000;4.000000;4.000000;4.000000;4.000000;4.000000,12,nan,0,5.000000;5.000000;5.000000;5.000000;5.000000;5.000000,0.095333;0.089573;0.100773;0.111973;0.287013;0.134373,5.000000;5.000000;5.000000;5.000000;5.000000;5.000000,229,13760,99,7880,0,0,0,0,0,0,0,0,0,0,0,0,0,0,0,0,0,0,0,0,0,0,0,0,graph_0005__stability_0.8000,stability,0.8,graph_0005,epoch_0005
trace,aodv,0.446324,0.446063,1973,2164,105,664,879,0.722222,0.036397,79.169264,360,260,20,56,0,298,1.444444,664,31792,2.553846,122.276923,0.500000,4.285714,4.000000,5.000000,5.000000;5.000000;4.000000;4.000000;4.000000;4.000000;4.000000,12,nan,0,5.000000;5.000000;5.000000;5.000000;5.000000;5.000000,4.460140;0.277337;0.100773;1.277341;0.123173;0.134373,5.000000;5.000000;5.000000;5.000000;5.000000;5.000000,0,0,0,0,0,0,0,0,0,0,477,22896,77,4004,58,2784,46,1928,6,180,0,0,0,0,0,0,0,0,graph_0005__stability_0.8000,stability,0.8,graph_0005,epoch_0005
trace,static,0.182375,0.182308,866,674,105,0,0,0.466667,0.023424,73.106741,360,168,0,0,0,44,0.933333,0,0,0.000000,0.000000,0.500000,4.285714,4.000000,5.000000,5.000000;5.000000;4.000000;4.000000;4.000000;4.000000;4.000000,12,nan,0,5.000000;5.000000;5.000000;5.000000;5.000000;5.000000,0.104309;0.098549;0.109749;0.120949;0.132149;0.143349,5.000000;5.000000;5.000000;5.000000;5.000000;5.000000,0,0,0,0,0,0,0,0,0,0,0,0,0,0,0,0,0,0,0,0,0,0,0,0,0,0,0,0,graph_0005__stability_0.8000,stability,0.8,graph_0005,epoch_0005
trace,olsr,0.385369,0.385284,1353,1405,105,328,505,0.511111,0.025650,75.528491,360,184,14,0,0,245,1.022222,328,21520,1.782609,116.956522,0.500000,4.285714,4.000000,5.000000,5.000000;5.000000;4.000000;4.000000;4.000000;4.000000;4.000000,12,nan,0,5.000000;5.000000;5.000000;5.000000;5.000000;5.000000,0.095333;0.089573;0.100773;0.111973;0.123173;0.134373,5.000000;5.000000;5.000000;5.000000;5.000000;5.000000,229,13760,99,7760,0,0,0,0,0,0,0,0,0,0,0,0,0,0,0,0,0,0,0,0,0,0,0,0,graph_0005__stability_0.8000,stability,0.8,graph_0005,epoch_0002
trace,aodv,0.443959,0.443760,1961,2155,105,639,862,0.730556,0.036809,78.633089,360,263,12,56,0,299,1.461111,639,30736,2.429658,116.866920,0.500000,4.285714,4.000000,5.000000,5.000000;5.000000;4.000000;4.000000;4.000000;4.000000;4.000000,12,nan,0,5.000000;5.000000;5.000000;5.000000;5.000000;5.000000,4.462658;0.089573;0.100773;0.111973;0.968285;0.134373,5.000000;5.000000;5.000000;5.000000;5.000000;5.000000,0,0,0,0,0,0,0,0,0,0,481,23088,76,3952,49,2352,29,1224,4,120,0,0,0,0,0,0,0,0,graph_0005__stability_0.8000,stability,0.8,graph_0005,epoch_0002
trace,static,0.178637,0.178627,866,674,105,0,0,0.466667,0.023419,73.106659,360,168,0,0,0,44,0.933333,0,0,0.000000,0.000000,0.500000,4.285714,4.000000,5.000000,5.000000;5.000000;4.000000;4.000000;4.000000;4.000000;4.000000,12,nan,0,5.000000;5.000000;5.000000;5.000000;5.000000;5.000000,0.104309;0.098549;0.109749;0.120949;0.132149;0.143349,5.000000;5.000000;5.000000;5.000000;5.000000;5.000000,0,0,0,0,0,0,0,0,0,0,0,0,0,0,0,0,0,0,0,0,0,0,0,0,0,0,0,0,graph_0005__stability_0.8000,stability,0.8,graph_0005,epoch_0002
trace,olsr,0.414903,0.414810,1506,1594,105,333,536,0.666667,0.033461,74.911123,360,240,0,0,0,342,1.333333,333,21968,1.387500,91.533333,0.500000,1.666667,2.000000,2.000000,2.000000;2.000000;2.000000;2.000000;2.000000;2.000000;2.000000;2.000000;2.000000;2.000000;2.000000;2.000000;1.000000;1.000000;1.000000;1.000000;1.000000;1.000000,34,nan,0,2.000000;2.000000;2.000000;2.000000;2.000000;2.000000;2.000000;2.000000;2.000000;2.000000;2.000000;2.000000;2.000000;1.000000;1.000000;1.000000;1.000000,0.033253;0.129253;0.061413;0.157413;0.089573;0.021733;0.117733;0.049893;0.145893;0.078053;0.010213;0.106213;0.056322;0.021413;0.151333;0.117413;nan,2.000000;2.000000;2.000000;2.000000;2.000000;2.000000;2.000000;2.000000;2.000000;2.000000;2.000000;2.000000;2.000000;1.000000;1.000000;1.000000;1.000000,226,13568,107,8400,0,0,0,0,0,0,0,0,0,0,0,0,0,0,0,0,0,0,0,0,0,0,0,0,graph_0005__stability_0.4000,stability,0.4,graph_0005,epoch_0001
trace,aodv,0.519115,0.519098,2250,2467,105,747,997,0.847222,0.042686,76.178295,360,305,22,0,0,372,1.694444,747,35742,2.449180,117.186885,0.500000,1.666667,2.000000,2.000000,2.000000;2.000000;2.000000;2.000000;2.000000;2.000000;2.000000;2.000000;2.000000;2.000000;2.000000;2.000000;1.000000;1.000000;1.000000;1.000000;1.000000;1.000000,34,nan,0,2.000000;2.000000;2.000000;2.000000;2.000000;2.000000;2.000000;2.000000;2.000000;2.000000;2.000000;2.000000;2.000000;1.000000;1.000000;1.000000;1.000000,0.033253;0.129253;0.061413;0.157413;0.089573;1.522565;0.117733;1.385289;0.145893;1.425428;1.520368;0.106213;0.055333;0.021413;0.151333;0.117413;nan,2.000000;2.000000;2.000000;2.000000;2.000000;2.000000;2.000000;2.000000;2.000000;2.000000;2.000000;2.000000;2.000000;1.000000;1.000000;1.000000;1.000000,0,0,0,0,0,0,0,0,0,0,469,22512,101,5252,105,5040,69,2848,3,90,0,0,0,0,0,0,0,0,graph_0005__stability_0.4000,stability,0.4,graph_0005,epoch_0001
trace,static,0.175544,0.175536,818,608,105,0,0,0.416667,0.021390,72.308639,360,150,0,0,0,110,0.833333,0,0,0.000000,0.000000,0.500000,1.666667,2.000000,2.000000,2.000000;2.000000;2.000000;2.000000;2.000000;2.000000;2.000000;2.000000;2.000000;2.000000;2.000000;2.000000;1.000000;1.000000;1.000000;1.000000;1.000000;1.000000,34,nan,0,2.000000;2.000000;2.000000;2.000000;2.000000;2.000000;2.000000;2.000000;2.000000;2.000000;2.000000;2.000000;2.000000;1.000000;1.000000;1.000000;1.000000,0.042269;0.138229;0.070389;0.166389;0.098549;0.030709;0.126709;0.058869;0.154869;0.087029;0.019189;0.115189;0.064309;0.030389;0.160309;0.126389;nan,2.000000;2.000000;2.000000;2.000000;2.000000;2.000000;2.000000;2.000000;2.000000;2.000000;2.000000;2.000000;2.000000;1.000000;1.000000;1.000000;1.000000,0,0,0,0,0,0,0,0,0,0,0,0,0,0,0,0,0,0,0,0,0,0,0,0,0,0,0,0,graph_0005__stability_0.4000,stability,0.4,graph_0005,epoch_0001
trace,olsr,0.414025,0.413839,1531,1602,105,332,516,0.686111,0.034438,74.736196,360,247,0,0,0,361,1.372222,332,21840,1.344130,88.421053,0.500000,1.666667,2.000000,2.000000,2.000000;2.000000;2.000000;2.000000;2.000000;2.000000;2.000000;2.000000;2.000000;2.000000;2.000000;2.000000;1.000000;1.000000;1.000000;1.000000;1.000000;1.000000,34,nan,0,2.000000;2.000000;2.000000;2.000000;2.000000;2.000000;2.000000;2.000000;2.000000;2.000000;2.000000;2.000000;2.000000;1.000000;1.000000;1.000000;1.000000,0.033253;0.129253;0.061413;0.157413;0.089573;0.021733;0.117733;0.049893;0.145893;0.078053;0.010213;0.106213;0.055333;0.021413;0.151333;0.117413;nan,2.000000;2.000000;2.000000;2.000000;2.000000;2.000000;2.000000;2.000000;2.000000;2.000000;2.000000;2.000000;2.000000;1.000000;1.000000;1.000000;1.000000,228,13696,104,8144,0,0,0,0,0,0,0,0,0,0,0,0,0,0,0,0,0,0,0,0,0,0,0,0,graph_0005__stability_0.4000,stability,0.4,graph_0005,epoch_0003
trace,aodv,0.528709,0.527665,2232,2441,105,732,977,0.841667,0.042417,76.002440,360,303,21,0,0,378,1.683333,732,35070,2.415842,115.742574,0.500000,1.666667,2.000000,2.000000,2.000000;2.000000;2.000000;2.000000;2.000000;2.000000;2.000000;2.000000;2.000000;2.000000;2.000000;2.000000;1.000000;1.000000;1.000000;1.000000;1.000000;1.000000,34,nan,0,2.000000;2.000000;2.000000;2.000000;2.000000;2.000000;2.000000;2.000000;2.000000;2.000000;2.000000;2.000000;2.000000;1.000000;1.000000;1.000000;1.000000,0.034043;0.129253;0.061413;0.157413;0.089573;1.520805;0.117733;1.389084;0.145893;1.421188;1.508289;0.106213;0.055333;0.021413;0.151333;0.117413;nan,2.000000;2.000000;2.000000;2.000000;2.000000;2.000000;2.000000;2.000000;2.000000;2.000000;2.000000;2.000000;2.000000;1.000000;1.000000;1.000000;1.000000,0,0,0,0,0,0,0,0,0,0,469,22512,97,5044,102,4896,61,2528,3,90,0,0,0,0,0,0,0,0,graph_0005__stability_0.4000,stability,0.4,graph_0005,epoch_0003
trace,static,0.178862,0.178786,821,611,105,0,0,0.416667,0.021391,72.308708,360,150,0,0,0,110,0.833333,0,0,0.000000,0.000000,0.500000,1.666667,2.000000,2.000000,2.000000;2.000000;2.000000;2.000000;2.000000;2.000000;2.000000;2.000000;2.000000;2.000000;2.000000;2.000000;1.000000;1.000000;1.000000;1.000000;1.000000;1.000000,34,nan,0,2.000000;2.000000;2.000000;2.000000;2.000000;2.000000;2.000000;2.000000;2.000000;2.000000;2.000000;2.000000;2.000000;1.000000;1.000000;1.000000;1.000000,0.042269;0.138229;0.070389;0.166389;0.098549;0.030709;0.126709;0.067655;0.154869;0.087029;0.019189;0.115189;0.064309;0.030389;0.160309;0.126389;nan,2.000000;2.000000;2.000000;2.000000;2.000000;2.000000;2.000000;2.000000;2.000000;2.000000;2.000000;2.000000;2.000000;1.000000;1.000000;1.000000;1.000000,0,0,0,0,0,0,0,0,0,0,0,0,0,0,0,0,0,0,0,0,0,0,0,0,0,0,0,0,graph_0005__stability_0.4000,stability,0.4,graph_0005,epoch_0003
trace,olsr,0.412662,0.412602,1540,1623,105,337,532,0.688889,0.034572,74.709930,360,248,0,0,0,358,1.377778,337,22048,1.358871,88.903226,0.500000,1.666667,2.000000,2.000000,2.000000;2.000000;2.000000;2.000000;2.000000;2.000000;2.000000;2.000000;2.000000;2.000000;2.000000;2.000000;1.000000;1.000000;1.000000;1.000000;1.000000;1.000000,34,nan,0,2.000000;2.000000;2.000000;2.000000;2.000000;2.000000;2.000000;2.000000;2.000000;2.000000;2.000000;2.000000;2.000000;1.000000;1.000000;1.000000;1.000000,0.033253;0.129253;0.061413;0.157413;0.089573;0.021733;0.117733;0.049893;0.145893;0.078053;0.010213;0.106213;0.055333;0.021413;0.151333;0.117413;nan,2.000000;2.000000;2.000000;2.000000;2.000000;2.000000;2.000000;2.000000;2.000000;2.000000;2.000000;2.000000;2.000000;1.000000;1.000000;1.000000;1.000000,229,13760,108,8288,0,0,0,0,0,0,0,0,0,0,0,0,0,0,0,0,0,0,0,0,0,0,0,0,graph_0005__stability_0.4000,stability,0.4,graph_0005,epoch_0004
trace,aodv,0.516828,0.516247,2223,2425,105,714,959,0.841667,0.042408,76.001240,360,303,14,0,0,451,1.683333,714,34390,2.356436,113.498350,0.500000,1.666667,2.000000,2.000000,2.000000;2.000000;2.000000;2.000000;2.000000;2.000000;2.000000;2.000000;2.000000;2.000000;2.000000;2.000000;1.000000;1.000000;1.000000;1.000000;1.000000;1.000000,34,nan,0,2.000000;2.000000;2.000000;2.000000;2.000000;2.000000;2.000000;2.000000;2.000000;2.000000;2.000000;2.000000;2.000000;1.000000;1.000000;1.000000;1.000000,0.033253;0.129253;0.061413;0.157413;0.089573;1.521114;0.117733;1.550333;0.145893;1.417668;1.499268;0.106213;0.055333;0.021413;0.151333;0.117413;nan,2.000000;2.000000;2.000000;2.000000;2.000000;2.000000;2.000000;2.000000;2.000000;2.000000;2.000000;2.000000;2.000000;1.000000;1.000000;1.000000;1.000000,0,0,0,0,0,0,0,0,0,0,470,22560,99,5148,102,4896,40,1696,3,90,0,0,0,0,0,0,0,0,graph_0005__stability_0.4000,stability,0.4,graph_0005,epoch_0004
trace,static,0.174620,0.174419,820,610,105,0,0,0.416667,0.021387,72.308646,360,150,0,0,0,112,0.833333,0,0,0.000000,0.000000,0.500000,1.666667,2.000000,2.000000,2.000000;2.000000;2.000000;2.000000;2.000000;2.000000;2.000000;2.000000;2.000000;2.000000;2.000000;2.000000;1.000000;1.000000;1.000000;1.000000;1.000000;1.000000,34,nan,0,2.000000;2.000000;2.000000;2.000000;2.000000;2.000000;2.000000;2.000000;2.000000;2.000000;2.000000;2.000000;2.000000;1.000000;1.000000;1.000000;1.000000,0.042269;0.138229;0.070389;0.166389;0.098549;0.030709;0.126709;0.067845;0.154869;0.087029;0.019189;0.115189;0.064309;0.030389;0.160309;0.126389;nan,2.000000;2.000000;2.000000;2.000000;2.000000;2.000000;2.000000;2.000000;2.000000;2.000000;2.000000;2.000000;2.000000;1.000000;1.000000;1.000000;1.000000,0,0,0,0,0,0,0,0,0,0,0,0,0,0,0,0,0,0,0,0,0,0,0,0,0,0,0,0,graph_0005__stability_0.4000,stability,0.4,graph_0005,epoch_0004
trace,olsr,0.427693,0.427348,1532,1610,105,331,521,0.688889,0.034579,74.710003,360,248,0,0,0,353,1.377778,331,21904,1.334677,88.322581,0.500000,1.666667,2.000000,2.000000,2.000000;2.000000;2.000000;2.000000;2.000000;2.000000;2.000000;2.000000;2.000000;2.000000;2.000000;2.000000;1.000000;1.000000;1.000000;1.000000;1.000000;1.000000,34,nan,0,2.000000;2.000000;2.000000;2.000000;2.000000;2.000000;2.000000;2.000000;2.000000;2.000000;2.000000;2.000000;2.000000;1.000000;1.000000;1.000000;1.000000,0.033253;0.129253;0.061413;0.157413;0.089573;0.021733;0.117733;0.049893;0.145893;0.078053;0.010213;0.106213;0.055333;0.021413;0.151333;0.117413;nan,2.000000;2.000000;2.000000;2.000000;2.000000;2.000000;2.000000;2.000000;2.000000;2.000000;2.000000;2.000000;2.000000;1.000000;1.000000;1.000000;1.000000,227,13632,104,8272,0,0,0,0,0,0,0,0,0,0,0,0,0,0,0,0,0,0,0,0,0,0,0,0,graph_0005__stability_0.4000,stability,0.4,graph_0005,epoch_0005
trace,aodv,0.533585,0.533077,2227,2433,105,732,978,0.836111,0.042137,76.243607,360,301,19,0,0,387,1.672222,732,35102,2.431894,116.617940,0.500000,1.666667,2.000000,2.000000,2.000000;2.000000;2.000000;2.000000;2.000000;2.000000;2.000000;2.000000;2.000000;2.000000;2.000000;2.000000;1.000000;1.000000;1.000000;1.000000;1.000000;1.000000,34,nan,0,2.000000;2.000000;2.000000;2.000000;2.000000;2.000000;2.000000;2.000000;2.000000;2.000000;2.000000;2.000000;2.000000;1.000000;1.000000;1.000000;1.000000,0.033253;0.129253;0.061413;0.157413;0.089573;1.521645;0.117733;1.558332;0.145893;1.421648;1.515057;0.106213;0.055333;0.021413;0.151333;0.117413;nan,2.000000;2.000000;2.000000;2.000000;2.000000;2.000000;2.000000;2.000000;2.000000;2.000000;2.000000;2.000000;2.000000;1.000000;1.000000;1.000000;1.000000,0,0,0,0,0,0,0,0,0,0,473,22704,97,5044,102,4896,57,2368,3,90,0,0,0,0,0,0,0,0,graph_0005__stability_0.4000,stability,0.4,graph_0005,epoch_0005
trace,static,0.174009,0.173981,820,610,105,0,0,0.416667,0.021392,72.308726,360,150,0,0,0,111,0.833333,0,0,0.000000,0.000000,0.500000,1.666667,2.000000,2.000000,2.000000;2.000000;2.000000;2.000000;2.000000;2.000000;2.000000;2.000000;2.000000;2.000000;2.000000;2.000000;1.000000;1.000000;1.000000;1.000000;1.000000;1.000000,34,nan,0,2.000000;2.000000;2.000000;2.000000;2.000000;2.000000;2.000000;2.000000;2.000000;2.000000;2.000000;2.000000;2.000000;1.000000;1.000000;1.000000;1.000000,0.042269;0.138229;0.070389;0.166389;0.098549;0.030709;0.126709;0.067845;0.154869;0.087029;0.019189;0.115189;0.064309;0.030389;0.160309;0.126389;nan,2.000000;2.000000;2.000000;2.000000;2.000000;2.000000;2.000000;2.000000;2.000000;2.000000;2.000000;2.000000;2.000000;1.000000;1.000000;1.000000;1.000000,0,0,0,0,0,0,0,0,0,0,0,0,0,0,0,0,0,0,0,0,0,0,0,0,0,0,0,0,graph_0005__stability_0.4000,stability,0.4,graph_0005,epoch_0005
trace,olsr,0.435111,0.434894,1527,1606,105,331,525,0.677778,0.034013,74.893262,360,244,0,0,0,350,1.355556,331,21856,1.356557,89.573770,0.500000,1.666667,2.000000,2.000000,2.000000;2.000000;2.000000;2.000000;2.000000;2.000000;2.000000;2.000000;2.000000;2.000000;2.000000;2.000000;1.000000;1.000000;1.000000;1.000000;1.000000;1.000000,34,nan,0,2.000000;2.000000;2.000000;2.000000;2.000000;2.000000;2.000000;2.000000;2.000000;2.000000;2.000000;2.000000;2.000000;1.000000;1.000000;1.000000;1.000000,0.033253;0.129253;0.061413;0.157413;0.089573;0.021733;0.117733;0.049893;0.145893;0.078053;0.010213;0.106213;0.055333;0.021413;0.151333;0.117413;nan,2.000000;2.000000;2.000000;2.000000;2.000000;2.000000;2.000000;2.000000;2.000000;2.000000;2.000000;2.000000;2.000000;1.000000;1.000000;1.000000;1.000000,230,13824,101,8032,0,0,0,0,0,0,0,0,0,0,0,0,0,0,0,0,0,0,0,0,0,0,0,0,graph_0005__stability_0.4000,stability,0.4,graph_0005,epoch_0002
trace,aodv,0.529722,0.529664,2218,2421,105,721,971,0.827778,0.041708,76.234153,360,298,15,0,0,443,1.655556,721,34678,2.419463,116.369128,0.500000,1.666667,2.000000,2.000000,2.000000;2.000000;2.000000;2.000000;2.000000;2.000000;2.000000;2.000000;2.000000;2.000000;2.000000;2.000000;1.000000;1.000000;1.000000;1.000000;1.000000;1.000000,34,nan,0,2.000000;2.000000;2.000000;2.000000;2.000000;2.000000;2.000000;2.000000;2.000000;2.000000;2.000000;2.000000;2.000000;1.000000;1.000000;1.000000;1.000000,0.033253;0.129253;0.061413;0.157413;0.089573;1.519505;0.117733;1.552598;0.145893;1.419768;1.498508;0.106213;0.055333;0.021413;0.151333;0.117413;nan,2.000000;2.000000;2.000000;2.000000;2.000000;2.000000;2.000000;2.000000;2.000000;2.000000;2.000000;2.000000;2.000000;1.000000;1.000000;1.000000;1.000000,0,0,0,0,0,0,0,0,0,0,470,22560,97,5044,105,5040,46,1944,3,90,0,0,0,0,0,0,0,0,graph_0005__stability_0.4000,stability,0.4,graph_0005,epoch_0002
trace,static,0.181248,0.181139,821,612,105,0,0,0.419444,0.021529,72.324791,360,151,0,0,0,112,0.838889,0,0,0.000000,0.000000,0.500000,1.666667,2.000000,2.000000,2.000000;2.000000;2.000000;2.000000;2.000000;2.000000;2.000000;2.000000;2.000000;2.000000;2.000000;2.000000;1.000000;1.000000;1.000000;1.000000;1.000000;1.000000,34,nan,0,2.000000;2.000000;2.000000;2.000000;2.000000;2.000000;2.000000;2.000000;2.000000;2.000000;2.000000;2.000000;2.000000;1.000000;1.000000;1.000000;1.000000,0.042269;0.138229;0.070389;0.166389;0.098549;0.030709;0.126709;0.059029;0.154869;0.087029;0.019189;0.115189;0.064309;0.030389;0.160309;0.126389;nan,2.000000;2.000000;2.000000;2.000000;2.000000;2.000000;2.000000;2.000000;2.000000;2.000000;2.000000;2.000000;2.000000;1.000000;1.000000;1.000000;1.000000,0,0,0,0,0,0,0,0,0,0,0,0,0,0,0,0,0,0,0,0,0,0,0,0,0,0,0,0,graph_0005__stability_0.4000,stability,0.4,graph_0005,epoch_0002
trace,olsr,0.432689,0.432531,1610,1740,105,335,547,0.772222,0.038755,75.064982,360,278,0,0,0,419,1.544444,335,22152,1.205036,79.683453,0.500000,1.000000,1.000000,1.000000,1.000000;1.000000;1.000000;1.000000;1.000000;1.000000;1.000000;1.000000;1.000000;1.000000;1.000000;1.000000;1.000000;1.000000;1.000000;1.000000;1.000000;1.000000;1.000000;1.000000;1.000000;1.000000;1.000000;1.000000;1.000000;1.000000;1.000000;1.000000;1.000000;1.000000,58,nan,0,2.000000;1.000000;1.000000;1.000000;1.000000;1.000000;1.000000;1.000000;1.000000;1.000000;1.000000;1.000000;1.000000;1.000000;1.000000;1.000000;1.000000;1.000000;1.000000;1.000000;1.000000;1.000000;1.000000;1.000000;1.000000;1.000000;1.000000;1.000000;1.000000,0.050213;0.016293;0.146213;0.112293;0.078373;0.044453;0.010533;0.140453;0.106533;0.073143;0.038693;0.004773;0.134693;0.100773;0.066853;0.032933;0.162853;0.128933;0.095013;0.061093;0.027173;0.157093;0.123173;0.089253;0.055333;0.021413;0.151333;0.117413;nan,2.000000;1.000000;1.000000;1.000000;1.000000;1.000000;1.000000;1.000000;1.000000;1.000000;1.000000;1.000000;1.000000;1.000000;1.000000;1.000000;1.000000;1.000000;1.000000;1.000000;1.000000;1.000000;1.000000;1.000000;1.000000;1.000000;1.000000;1.000000;1.000000,228,13696,107,8456,0,0,0,0,0,0,0,0,0,0,0,0,0,0,0,0,0,0,0,0,0,0,0,0,graph_0001__stability_0.0000,stability,0.0,graph_0001,epoch_0001
trace,aodv,0.527366,0.527329,2206,2446,105,730,1009,0.891667,0.045699,75.519619,360,321,0,0,0,393,1.783333,730,35300,2.274143,109.968847,0.500000,1.000000,1.000000,1.000000,1.000000;1.000000;1.000000;1.000000;1.000000;1.000000;1.000000;1.000000;1.000000;1.000000;1.000000;1.000000;1.000000;1.000000;1.000000;1.000000;1.000000;1.000000;1.000000;1.000000;1.000000;1.000000;1.000000;1.000000;1.000000;1.000000;1.000000;1.000000;1.000000;1.000000,58,nan,0,2.000000;1.000000;1.000000;1.000000;1.000000;1.000000;1.000000;1.000000;1.000000;1.000000;1.000000;1.000000;1.000000;1.000000;1.000000;1.000000;1.000000;1.000000;1.000000;1.000000;1.000000;1.000000;1.000000;1.000000;1.000000;1.000000;1.000000;1.000000;1.000000,0.050213;0.016293;0.146213;0.112293;0.078373;0.044453;0.010533;0.140453;0.106533;0.072613;0.038693;0.004773;0.134693;0.100773;0.066853;0.032933;0.162853;0.128933;0.095013;0.061093;0.027173;0.157093;0.123173;0.089253;0.055333;0.021413;0.151333;0.117413;nan,2.000000;1.000000;1.000000;1.000000;1.000000;1.000000;1.000000;1.000000;1.000000;1.000000;1.000000;1.000000;1.000000;1.000000;1.000000;1.000000;1.000000;1.000000;1.000000;1.000000;1.000000;1.000000;1.000000;1.000000;1.000000;1.000000;1.000000;1.000000;1.000000,0,0,0,0,0,0,0,0,0,0,465,22320,117,6084,117,5616,27,1160,4,120,0,0,0,0,0,0,0,0,graph_0001__stability_0.0000,stability,0.0,graph_0001,epoch_0001
trace,static,0.175376,0.175364,798,571,105,0,0,0.369444,0.018964,74.290331,360,133,0,0,0,202,0.738889,0,0,0.000000,0.000000,0.500000,1.000000,1.000000,1.000000,1.000000;1.000000;1.000000;1.000000;1.000000;1.000000;1.000000;1.000000;1.000000;1.000000;1.000000;1.000000;1.000000;1.000000;1.000000;1.000000;1.000000;1.000000;1.000000;1.000000;1.000000;1.000000;1.000000;1.000000;1.000000;1.000000;1.000000;1.000000;1.000000;1.000000,58,nan,0,2.000000;1.000000;1.000000;1.000000;1.000000;1.000000;1.000000;1.000000;1.000000;1.000000;1.000000;1.000000;1.000000;1.000000;1.000000;1.000000;1.000000;1.000000;1.000000;1.000000;1.000000;1.000000;1.000000;1.000000;1.000000;1.000000;1.000000;1.000000;1.000000,0.059189;0.025269;0.154919;0.121269;0.087079;0.053429;0.019509;0.149429;0.115509;0.081589;0.047669;0.013749;0.143669;0.109749;0.075559;0.041639;0.171829;0.137909;0.103989;0.070149;0.036149;0.166069;0.132149;0.098229;0.064349;0.030389;0.160039;0.126389;nan,2.000000;1.000000;1.000000;1.000000;1.000000;1.000000;1.000000;1.000000;1.000000;1.000000;1.000000;1.000000;1.000000;1.000000;1.000000;1.000000;1.000000;1.000000;1.000000;1.000000;1.000000;1.000000;1.000000;1.000000;1.000000;1.000000;1.000000;1.000000;1.000000,0,0,0,0,0,0,0,0,0,0,0,0,0,0,0,0,0,0,0,0,0,0,0,0,0,0,0,0,graph_0001__stability_0.0000,stability,0.0,graph_0001,epoch_0001
trace,olsr,0.430403,0.430370,1611,1747,105,333,549,0.777778,0.039042,74.964561,360,280,0,0,0,409,1.555556,333,22088,1.189286,78.885714,0.500000,1.000000,1.000000,1.000000,1.000000;1.000000;1.000000;1.000000;1.000000;1.000000;1.000000;1.000000;1.000000;1.000000;1.000000;1.000000;1.000000;1.000000;1.000000;1.000000;1.000000;1.000000;1.000000;1.000000;1.000000;1.000000;1.000000;1.000000;1.000000;1.000000;1.000000;1.000000;1.000000;1.000000,58,nan,0,2.000000;1.000000;1.000000;1.000000;1.000000;1.000000;1.000000;1.000000;1.000000;1.000000;1.000000;1.000000;1.000000;1.000000;1.000000;1.000000;1.000000;1.000000;1.000000;1.000000;1.000000;1.000000;1.000000;1.000000;1.000000;1.000000;1.000000;1.000000;1.000000,0.050213;0.016293;0.146213;0.112293;0.078373;0.044453;0.010533;0.140453;0.106533;0.072613;0.038693;0.004773;0.134693;0.100773;0.066853;0.032933;0.162853;0.128933;0.095013;0.061093;0.027173;0.157093;0.123173;0.089253;0.055333;0.021413;0.151333;0.117413;nan,2.000000;1.000000;1.000000;1.000000;1.000000;1.000000;1.000000;1.000000;1.000000;1.000000;1.000000;1.000000;1.000000;1.000000;1.000000;1.000000;1.000000;1.000000;1.000000;1.000000;1.000000;1.000000;1.000000;1.000000;1.000000;1.000000;1.000000;1.000000;1.000000,229,13760,104,8328,0,0,0,0,0,0,0,0,0,0,0,0,0,0,0,0,0,0,0,0,0,0,0,0,graph_0001__stability_0.0000,stability,0.0,graph_0001,epoch_0003
trace,aodv,0.535722,0.535658,2214,2462,105,738,1023,0.894444,0.045078,75.414059,360,322,1,0,0,367,1.788889,738,35684,2.291925,110.819876,0.500000,1.000000,1.000000,1.000000,1.000000;1.000000;1.000000;1.000000;1.000000;1.000000;1.000000;1.000000;1.000000;1.000000;1.000000;1.000000;1.000000;1.000000;1.000000;1.000000;1.000000;1.000000;1.000000;1.000000;1.000000;1.000000;1.000000;1.000000;1.000000;1.000000;1.000000;1.000000;1.000000;1.000000,58,nan,0,2.000000;1.000000;1.000000;1.000000;1.000000;1.000000;1.000000;1.000000;1.000000;1.000000;1.000000;1.000000;1.000000;1.000000;1.000000;1.000000;1.000000;1.000000;1.000000;1.000000;1.000000;1.000000;1.000000;1.000000;1.000000;1.000000;1.000000;1.000000;1.000000,0.050213;0.016293;0.146213;0.112293;0.078373;0.044453;0.010533;0.140453;0.106533;0.072613;0.038693;0.004773;0.134693;0.100773;0.066853;0.032933;0.162853;0.128933;0.095013;0.061093;0.027173;0.157093;0.123173;0.089253;0.055333;0.021413;0.151333;0.117413;nan,2.000000;1.000000;1.000000;1.000000;1.000000;1.000000;1.000000;1.000000;1.000000;1.000000;1.000000;1.000000;1.000000;1.000000;1.000000;1.000000;1.000000;1.000000;1.000000;1.000000;1.000000;1.000000;1.000000;1.000000;1.000000;1.000000;1.000000;1.000000;1.000000,0,0,0,0,0,0,0,0,0,0,465,22320,119,6188,121,5808,29,1248,4,120,0,0,0,0,0,0,0,0,graph_0001__stability_0.0000,stability,0.0,graph_0001,epoch_0003
trace,static,0.181139,0.181131,799,571,105,0,0,0.366667,0.018825,74.286939,360,132,0,0,0,199,0.733333,0,0,0.000000,0.000000,0.500000,1.000000,1.000000,1.000000,1.000000;1.000000;1.000000;1.000000;1.000000;1.000000;1.000000;1.000000;1.000000;1.000000;1.000000;1.000000;1.000000;1.000000;1.000000;1.000000;1.000000;1.000000;1.000000;1.000000;1.000000;1.000000;1.000000;1.000000;1.000000;1.000000;1.000000;1.000000;1.000000;1.000000,58,nan,0,2.000000;1.000000;1.000000;1.000000;1.000000;1.000000;1.000000;1.000000;1.000000;1.000000;1.000000;1.000000;1.000000;1.000000;1.000000;1.000000;1.000000;1.000000;1.000000;1.000000;1.000000;1.000000;1.000000;1.000000;1.000000;1.000000;1.000000;1.000000;1.000000,0.068165;0.025269;0.154919;0.121269;0.087079;0.053429;0.019509;0.149429;0.115509;0.081589;0.047669;0.013749;0.143669;0.109749;0.075559;0.041639;0.171829;0.137909;0.103989;0.070149;0.036149;0.166069;0.132149;0.098229;0.064349;0.030389;0.160039;0.126389;nan,2.000000;1.000000;1.000000;1.000000;1.000000;1.000000;1.000000;1.000000;1.000000;1.000000;1.000000;1.000000;1.000000;1.000000;1.000000;1.000000;1.000000;1.000000;1.000000;1.000000;1.000000;1.000000;1.000000;1.000000;1.000000;1.000000;1.000000;1.000000;1.000000,0,0,0,0,0,0,0,0,0,0,0,0,0,0,0,0,0,0,0,0,0,0,0,0,0,0,0,0,graph_0001__stability_0.0000,stability,0.0,graph_0001,epoch_0003
trace,olsr,0.439795,0.439513,1610,1744,105,334,548,0.777778,0.039034,74.885964,360,280,0,0,0,409,1.555556,334,22072,1.192857,78.828571,0.500000,1.000000,1.000000,1.000000,1.000000;1.000000;1.000000;1.000000;1.000000;1.000000;1.000000;1.000000;1.000000;1.000000;1.000000;1.000000;1.000000;1.000000;1.000000;1.000000;1.000000;1.000000;1.000000;1.000000;1.000000;1.000000;1.000000;1.000000;1.000000;1.000000;1.000000;1.000000;1.000000;1.000000,58,nan,0,2.000000;1.000000;1.000000;1.000000;1.000000;1.000000;1.000000;1.000000;1.000000;1.000000;1.000000;1.000000;1.000000;1.000000;1.000000;1.000000;1.000000;1.000000;1.000000;1.000000;1.000000;1.000000;1.000000;1.000000;1.000000;1.000000;1.000000;1.000000;1.000000,0.050213;0.016293;0.146213;0.112293;0.078373;0.044453;0.010533;0.140453;0.106533;0.072613;0.038693;0.004773;0.134693;0.100773;0.066853;0.032933;0.162853;0.128933;0.095013;0.061863;0.027173;0.157093;0.123173;0.089253;0.055333;0.021413;0.151333;0.117413;nan,2.000000;1.000000;1.000000;1.000000;1.000000;1.000000;1.000000;1.000000;1.000000;1.000000;1.000000;1.000000;1.000000;1.000000;1.000000;1.000000;1.000000;1.000000;1.000000;1.000000;1.000000;1.000000;1.000000;1.000000;1.000000;1.000000;1.000000;1.000000;1.000000,227,13632,107,8440,0,0,0,0,0,0,0,0,0,0,0,0,0,0,0,0,0,0,0,0,0,0,0,0,graph_0001__stability_0.0000,stability,0.0,graph_0001,epoch_0004
trace,aodv,0.537894,0.537555,2209,2450,105,717,994,0.900000,0.045348,75.503927,360,324,0,0,0,375,1.800000,717,34678,2.212963,107.030864,0.500000,1.000000,1.000000,1.000000,1.000000;1.000000;1.000000;1.000000;1.000000;1.000000;1.000000;1.000000;1.000000;1.000000;1.000000;1.000000;1.000000;1.000000;1.000000;1.000000;1.000000;1.000000;1.000000;1.000000;1.000000;1.000000;1.000000;1.000000;1.000000;1.000000;1.000000;1.000000;1.000000;1.000000,58,nan,0,2.000000;1.000000;1.000000;1.000000;1.000000;1.000000;1.000000;1.000000;1.000000;1.000000;1.000000;1.000000;1.000000;1.000000;1.000000;1.000000;1.000000;1.000000;1.000000;1.000000;1.000000;1.000000;1.000000;1.000000;1.000000;1.000000;1.000000;1.000000;1.000000,0.050213;0.016293;0.146213;0.112293;0.078373;0.044453;0.010533;0.140453;0.106533;0.072613;0.038693;0.004773;0.134693;0.100773;0.066853;0.032933;0.162853;0.128933;0.095013;0.061093;0.027173;0.157093;0.123173;0.089253;nan;0.534769;0.151333;0.117413;nan,2.000000;1.000000;1.000000;1.000000;1.000000;1.000000;1.000000;1.000000;1.000000;1.000000;1.000000;1.000000;1.000000;1.000000;1.000000;1.000000;1.000000;1.000000;1.000000;1.000000;1.000000;1.000000;1.000000;1.000000;1.000000;1.000000;1.000000;1.000000;1.000000,0,0,0,0,0,0,0,0,0,0,466,22368,111,5772,112,5376,25,1072,3,90,0,0,0,0,0,0,0,0,graph_0001__stability_0.0000,stability,0.0,graph_0001,epoch_0004
trace,static,0.182907,0.182887,798,571,105,0,0,0.369444,0.018964,74.290328,360,133,0,0,0,201,0.738889,0,0,0.000000,0.000000,0.500000,1.000000,1.000000,1.000000,1.000000;1.000000;1.000000;1.000000;1.000000;1.000000;1.000000;1.000000;1.000000;1.000000;1.000000;1.000000;1.000000;1.000000;1.000000;1.000000;1.000000;1.000000;1.000000;1.000000;1.000000;1.000000;1.000000;1.000000;1.000000;1.000000;1.000000;1.000000;1.000000;1.000000,58,nan,0,2.000000;1.000000;1.000000;1.000000;1.000000;1.000000;1.000000;1.000000;1.000000;1.000000;1.000000;1.000000;1.000000;1.000000;1.000000;1.000000;1.000000;1.000000;1.000000;1.000000;1.000000;1.000000;1.000000;1.000000;1.000000;1.000000;1.000000;1.000000;1.000000,0.059189;0.025269;0.154919;0.121269;0.087079;0.053429;0.019509;0.149429;0.115509;0.081589;0.047669;0.013749;0.143669;0.109749;0.075559;0.041639;0.171829;0.137909;0.103989;0.070149;0.036149;0.166069;0.132149;0.098229;0.064349;0.030389;0.160039;0.126389;nan,2.000000;1.000000;1.000000;1.000000;1.000000;1.000000;1.000000;1.000000;1.000000;1.000000;1.000000;1.000000;1.000000;1.000000;1.000000;1.000000;1.000000;1.000000;1.000000;1.000000;1.000000;1.000000;1.000000;1.000000;1.000000;1.000000;1.000000;1.000000;1.000000,0,0,0,0,0,0,0,0,0,0,0,0,0,0,0,0,0,0,0,0,0,0,0,0,0,0,0,0,graph_0001__stability_0.0000,stability,0.0,graph_0001,epoch_0004
trace,olsr,0.437099,0.437018,1608,1741,105,334,548,0.775000,0.038896,75.049592,360,279,0,0,0,405,1.550000,334,22048,1.197133,79.025090,0.500000,1.000000,1.000000,1.000000,1.000000;1.000000;1.000000;1.000000;1.000000;1.000000;1.000000;1.000000;1.000000;1.000000;1.000000;1.000000;1.000000;1.000000;1.000000;1.000000;1.000000;1.000000;1.000000;1.000000;1.000000;1.000000;1.000000;1.000000;1.000000;1.000000;1.000000;1.000000;1.000000;1.000000,58,nan,0,2.000000;1.000000;1.000000;1.000000;1.000000;1.000000;1.000000;1.000000;1.000000;1.000000;1.000000;1.000000;1.000000;1.000000;1.000000;1.000000;1.000000;1.000000;1.000000;1.000000;1.000000;1.000000;1.000000;1.000000;1.000000;1.000000;1.000000;1.000000;1.000000,0.050213;0.016293;0.146213;0.112293;0.078373;0.044453;0.010533;0.140453;0.106533;0.072613;0.038693;0.004773;0.134693;0.100773;0.066853;0.032933;0.162853;0.128933;0.095013;0.061093;0.027173;0.157093;0.123173;0.089253;0.055333;0.021413;0.151333;0.117413;nan,2.000000;1.000000;1.000000;1.000000;1.000000;1.000000;1.000000;1.000000;1.000000;1.000000;1.000000;1.000000;1.000000;1.000000;1.000000;1.000000;1.000000;1.000000;1.000000;1.000000;1.000000;1.000000;1.000000;1.000000;1.000000;1.000000;1.000000;1.000000;1.000000,227,13632,107,8416,0,0,0,0,0,0,0,0,0,0,0,0,0,0,0,0,0,0,0,0,0,0,0,0,graph_0001__stability_0.0000,stability,0.0,graph_0001,epoch_0005
trace,aodv,0.525856,0.525831,2212,2453,105,739,1019,0.888889,0.045551,75.607277,360,320,1,0,0,366,1.777778,739,35732,2.309375,111.662500,0.500000,1.000000,1.000000,1.000000,1.000000;1.000000;1.000000;1.000000;1.000000;1.000000;1.000000;1.000000;1.000000;1.000000;1.000000;1.000000;1.000000;1.000000;1.000000;1.000000;1.000000;1.000000;1.000000;1.000000;1.000000;1.000000;1.000000;1.000000;1.000000;1.000000;1.000000;1.000000;1.000000;1.000000,58,nan,0,2.000000;1.000000;1.000000;1.000000;1.000000;1.000000;1.000000;1.000000;1.000000;1.000000;1.000000;1.000000;1.000000;1.000000;1.000000;1.000000;1.000000;1.000000;1.000000;1.000000;1.000000;1.000000;1.000000;1.000000;1.000000;1.000000;1.000000;1.000000;1.000000,0.050213;0.016293;0.146213;0.112293;0.078373;0.044453;0.010533;0.140453;0.106533;0.072613;0.038693;0.004773;0.134693;0.100773;0.066853;0.032933;0.162853;0.128933;0.095013;0.061093;0.027173;0.157093;0.123173;0.089253;0.055333;0.021413;0.151333;0.117413;nan,2.000000;1.000000;1.000000;1.000000;1.000000;1.000000;1.000000;1.000000;1.000000;1.000000;1.000000;1.000000;1.000000;1.000000;1.000000;1.000000;1.000000;1.000000;1.000000;1.000000;1.000000;1.000000;1.000000;1.000000;1.000000;1.000000;1.000000;1.000000;1.000000,0,0,0,0,0,0,0,0,0,0,466,22368,119,6188,121,5808,29,1248,4,120,0,0,0,0,0,0,0,0,graph_0001__stability_0.0000,stability,0.0,graph_0001,epoch_0005
trace,static,0.178347,0.178332,798,571,105,0,0,0.369444,0.018965,74.290331,360,133,0,0,0,199,0.738889,0,0,0.000000,0.000000,0.500000,1.000000,1.000000,1.000000,1.000000;1.000000;1.000000;1.000000;1.000000;1.000000;1.000000;1.000000;1.000000;1.000000;1.000000;1.000000;1.000000;1.000000;1.000000;1.000000;1.000000;1.000000;1.000000;1.000000;1.000000;1.000000;1.000000;1.000000;1.000000;1.000000;1.000000;1.000000;1.000000;1.000000,58,nan,0,2.000000;1.000000;1.000000;1.000000;1.000000;1.000000;1.000000;1.000000;1.000000;1.000000;1.000000;1.000000;1.000000;1.000000;1.000000;1.000000;1.000000;1.000000;1.000000;1.000000;1.000000;1.000000;1.000000;1.000000;1.000000;1.000000;1.000000;1.000000;1.000000,0.059189;0.025269;0.154919;0.121269;0.087079;0.053429;0.019509;0.149429;0.115509;0.081589;0.047669;0.013749;0.143669;0.109749;0.075559;0.041639;0.171829;0.137909;0.103989;0.070149;0.036149;0.166069;0.132149;0.098229;0.064349;0.030389;0.160039;0.126389;nan,2.000000;1.000000;1.000000;1.000000;1.000000;1.000000;1.000000;1.000000;1.000000;1.000000;1.000000;1.000000;1.000000;1.000000;1.000000;1.000000;1.000000;1.000000;1.000000;1.000000;1.000000;1.000000;1.000000;1.000000;1.000000;1.000000;1.000000;1.000000;1.000000,0,0,0,0,0,0,0,0,0,0,0,0,0,0,0,0,0,0,0,0,0,0,0,0,0,0,0,0,graph_0001__stability_0.0000,stability,0.0,graph_0001,epoch_0005
trace,olsr,0.435846,0.435496,1616,1746,105,337,547,0.777778,0.039041,74.782375,360,280,0,0,0,417,1.555556,337,22216,1.203571,79.342857,0.500000,1.000000,1.000000,1.000000,1.000000;1.000000;1.000000;1.000000;1.000000;1.000000;1.000000;1.000000;1.000000;1.000000;1.000000;1.000000;1.000000;1.000000;1.000000;1.000000;1.000000;1.000000;1.000000;1.000000;1.000000;1.000000;1.000000;1.000000;1.000000;1.000000;1.000000;1.000000;1.000000;1.000000,58,nan,0,2.000000;1.000000;1.000000;1.000000;1.000000;1.000000;1.000000;1.000000;1.000000;1.000000;1.000000;1.000000;1.000000;1.000000;1.000000;1.000000;1.000000;1.000000;1.000000;1.000000;1.000000;1.000000;1.000000;1.000000;1.000000;1.000000;1.000000;1.000000;1.000000,0.050213;0.016293;0.146213;0.112293;0.078373;0.044453;0.010533;0.140453;0.106533;0.072613;0.038693;0.004773;0.134693;0.100773;0.066853;0.032933;0.162853;0.128933;0.095013;0.061093;0.027173;0.157093;0.123173;0.089253;0.055333;0.021413;0.151333;0.117413;nan,2.000000;1.000000;1.000000;1.000000;1.000000;1.000000;1.000000;1.000000;1.000000;1.000000;1.000000;1.000000;1.000000;1.000000;1.000000;1.000000;1.000000;1.000000;1.000000;1.000000;1.000000;1.000000;1.000000;1.000000;1.000000;1.000000;1.000000;1.000000;1.000000,229,13760,108,8456,0,0,0,0,0,0,0,0,0,0,0,0,0,0,0,0,0,0,0,0,0,0,0,0,graph_0001__stability_0.0000,stability,0.0,graph_0001,epoch_0002
trace,aodv,0.520785,0.520546,2209,2449,105,730,1007,0.897222,0.045216,75.327663,360,323,0,0,0,383,1.794444,730,35300,2.260062,109.287926,0.500000,1.000000,1.000000,1.000000,1.000000;1.000000;1.000000;1.000000;1.000000;1.000000;1.000000;1.000000;1.000000;1.000000;1.000000;1.000000;1.000000;1.000000;1.000000;1.000000;1.000000;1.000000;1.000000;1.000000;1.000000;1.000000;1.000000;1.000000;1.000000;1.000000;1.000000;1.000000;1.000000;1.000000,58,nan,0,2.000000;1.000000;1.000000;1.000000;1.000000;1.000000;1.000000;1.000000;1.000000;1.000000;1.000000;1.000000;1.000000;1.000000;1.000000;1.000000;1.000000;1.000000;1.000000;1.000000;1.000000;1.000000;1.000000;1.000000;1.000000;1.000000;1.000000;1.000000;1.000000,0.050213;0.016293;0.146213;0.112293;0.078373;0.044453;0.010533;0.140453;0.106533;0.072613;0.038693;0.004773;0.134693;0.100773;0.066853;0.032933;0.162853;0.128933;0.095013;0.061093;0.027173;0.157093;0.123173;0.089253;0.055333;0.021413;0.151333;0.117413;nan,2.000000;1.000000;1.000000;1.000000;1.000000;1.000000;1.000000;1.000000;1.000000;1.000000;1.000000;1.000000;1.000000;1.000000;1.000000;1.000000;1.000000;1.000000;1.000000;1.000000;1.000000;1.000000;1.000000;1.000000;1.000000;1.000000;1.000000;1.000000;1.000000,0,0,0,0,0,0,0,0,0,0,465,22320,117,6084,117,5616,27,1160,4,120,0,0,0,0,0,0,0,0,graph_0001__stability_0.0000,stability,0.0,graph_0001,epoch_0002
trace,static,0.178667,0.178525,798,570,105,0,0,0.366667,0.018825,74.286867,360,132,0,0,0,200,0.733333,0,0,0.000000,0.000000,0.500000,1.000000,1.000000,1.000000,1.000000;1.000000;1.000000;1.000000;1.000000;1.000000;1.000000;1.000000;1.000000;1.000000;1.000000;1.000000;1.000000;1.000000;1.000000;1.000000;1.000000;1.000000;1.000000;1.000000;1.000000;1.000000;1.000000;1.000000;1.000000;1.000000;1.000000;1.000000;1.000000;1.000000,58,nan,0,2.000000;1.000000;1.000000;1.000000;1.000000;1.000000;1.000000;1.000000;1.000000;1.000000;1.000000;1.000000;1.000000;1.000000;1.000000;1.000000;1.000000;1.000000;1.000000;1.000000;1.000000;1.000000;1.000000;1.000000;1.000000;1.000000;1.000000;1.000000;1.000000,0.059189;0.025269;0.154919;0.121269;0.087079;0.053429;0.019509;0.149429;0.115509;0.081589;0.047669;0.013749;0.143669;0.109749;0.075559;0.041639;0.171829;0.137909;0.103989;0.070149;0.036149;0.166069;0.132149;0.098229;0.064349;0.030389;0.160039;0.126389;nan,2.000000;1.000000;1.000000;1.000000;1.000000;1.000000;1.000000;1.000000;1.000000;1.000000;1.000000;1.000000;1.000000;1.000000;1.000000;1.000000;1.000000;1.000000;1.000000;1.000000;1.000000;1.000000;1.000000;1.000000;1.000000;1.000000;1.000000;1.000000;1.000000,0,0,0,0,0,0,0,0,0,0,0,0,0,0,0,0,0,0,0,0,0,0,0,0,0,0,0,0,graph_0001__stability_0.0000,stability,0.0,graph_0001,epoch_0002
trace,olsr,0.428481,0.428450,1593,1723,105,330,544,0.766667,0.038480,75.093102,360,276,0,0,0,420,1.533333,330,21944,1.195652,79.507246,0.500000,1.000000,1.000000,1.000000,1.000000;1.000000;1.000000;1.000000;1.000000;1.000000;1.000000;1.000000;1.000000;1.000000;1.000000;1.000000;1.000000;1.000000;1.000000;1.000000;1.000000;1.000000;1.000000;1.000000;1.000000;1.000000;1.000000;1.000000;1.000000;1.000000;1.000000;1.000000;1.000000;1.000000,58,nan,0,2.000000;1.000000;1.000000;1.000000;1.000000;1.000000;1.000000;1.000000;1.000000;1.000000;1.000000;1.000000;1.000000;1.000000;1.000000;1.000000;1.000000;1.000000;1.000000;1.000000;1.000000;1.000000;1.000000;1.000000;1.000000;1.000000;1.000000;1.000000;1.000000,0.050213;0.016293;0.146213;0.112293;0.078373;0.044453;0.010533;0.140453;0.106533;0.072613;0.038693;0.004773;0.134693;0.100773;0.066853;0.032933;0.162853;0.128933;0.095013;0.061093;0.027173;0.157093;0.123173;0.089253;0.056202;0.021413;0.151333;0.117413;nan,2.000000;1.000000;1.000000;1.000000;1.000000;1.000000;1.000000;1.000000;1.000000;1.000000;1.000000;1.000000;1.000000;1.000000;1.000000;1.000000;1.000000;1.000000;1.000000;1.000000;1.000000;1.000000;1.000000;1.000000;1.000000;1.000000;1.000000;1.000000;1.000000,226,13568,104,8376,0,0,0,0,0,0,0,0,0,0,0,0,0,0,0,0,0,0,0,0,0,0,0,0,graph_0005__stability_0.0000,stability,0.0,graph_0005,epoch_0001
trace,aodv,0.527477,0.527110,2229,2467,105,720,988,0.916667,0.046184,74.835514,360,330,0,0,0,381,1.833333,720,34782,2.181818,105.400000,0.500000,1.000000,1.000000,1.000000,1.000000;1.000000;1.000000;1.000000;1.000000;1.000000;1.000000;1.000000;1.000000;1.000000;1.000000;1.000000;1.000000;1.000000;1.000000;1.000000;1.000000;1.000000;1.000000;1.000000;1.000000;1.000000;1.000000;1.000000;1.000000;1.000000;1.000000;1.000000;1.000000;1.000000,58,nan,0,2.000000;1.000000;1.000000;1.000000;1.000000;1.000000;1.000000;1.000000;1.000000;1.000000;1.000000;1.000000;1.000000;1.000000;1.000000;1.000000;1.000000;1.000000;1.000000;1.000000;1.000000;1.000000;1.000000;1.000000;1.000000;1.000000;1.000000;1.000000;1.000000,nan;0.016293;0.146213;0.112293;0.078373;0.044453;0.010533;0.140453;0.106533;0.072613;0.038693;0.004773;0.134693;0.100773;0.066853;0.032933;0.162853;0.128933;0.095013;0.061093;0.027173;0.157093;0.123173;0.089253;0.055333;0.021413;0.151333;0.117413;nan,2.000000;1.000000;1.000000;1.000000;1.000000;1.000000;1.000000;1.000000;1.000000;1.000000;1.000000;1.000000;1.000000;1.000000;1.000000;1.000000;1.000000;1.000000;1.000000;1.000000;1.000000;1.000000;1.000000;1.000000;1.000000;1.000000;1.000000;1.000000;1.000000,0,0,0,0,0,0,0,0,0,0,473,22704,103,5356,116,5568,21,944,7,210,0,0,0,0,0,0,0,0,graph_0005__stability_0.0000,stability,0.0,graph_0005,epoch_0001
trace,static,0.178996,0.178922,790,562,105,0,0,0.366667,0.018824,74.286911,360,132,0,0,0,203,0.733333,0,0,0.000000,0.000000,0.500000,1.000000,1.000000,1.000000,1.000000;1.000000;1.000000;1.000000;1.000000;1.000000;1.000000;1.000000;1.000000;1.000000;1.000000;1.000000;1.000000;1.000000;1.000000;1.000000;1.000000;1.000000;1.000000;1.000000;1.000000;1.000000;1.000000;1.000000;1.000000;1.000000;1.000000;1.000000;1.000000;1.000000,58,nan,0,2.000000;1.000000;1.000000;1.000000;1.000000;1.000000;1.000000;1.000000;1.000000;1.000000;1.000000;1.000000;1.000000;1.000000;1.000000;1.000000;1.000000;1.000000;1.000000;1.000000;1.000000;1.000000;1.000000;1.000000;1.000000;1.000000;1.000000;1.000000;1.000000,0.067895;0.025269;0.155189;0.121269;0.087349;0.053429;0.019509;0.149429;0.115509;0.081589;0.047669;0.013749;0.143669;0.109749;0.075829;0.041909;0.171829;0.137909;0.103989;0.070069;0.036149;0.166069;0.132149;0.098229;0.064309;0.030389;0.160309;0.126389;nan,2.000000;1.000000;1.000000;1.000000;1.000000;1.000000;1.000000;1.000000;1.000000;1.000000;1.000000;1.000000;1.000000;1.000000;1.000000;1.000000;1.000000;1.000000;1.000000;1.000000;1.000000;1.000000;1.000000;1.000000;1.000000;1.000000;1.000000;1.000000;1.000000,0,0,0,0,0,0,0,0,0,0,0,0,0,0,0,0,0,0,0,0,0,0,0,0,0,0,0,0,graph_0005__stability_0.0000,stability,0.0,graph_0005,epoch_0001
trace,olsr,0.445606,0.443636,1599,1728,105,331,546,0.761111,0.038202,75.223322,360,274,0,0,0,424,1.522222,331,21976,1.208029,80.204380,0.500000,1.000000,1.000000,1.000000,1.000000;1.000000;1.000000;1.000000;1.000000;1.000000;1.000000;1.000000;1.000000;1.000000;1.000000;1.000000;1.000000;1.000000;1.000000;1.000000;1.000000;1.000000;1.000000;1.000000;1.000000;1.000000;1.000000;1.000000;1.000000;1.000000;1.000000;1.000000;1.000000;1.000000,58,nan,0,2.000000;1.000000;1.000000;1.000000;1.000000;1.000000;1.000000;1.000000;1.000000;1.000000;1.000000;1.000000;1.000000;1.000000;1.000000;1.000000;1.000000;1.000000;1.000000;1.000000;1.000000;1.000000;1.000000;1.000000;1.000000;1.000000;1.000000;1.000000;1.000000,0.050213;0.016293;0.146213;0.112293;0.078373;0.044453;0.010533;0.140453;0.106533;0.072613;0.038693;0.004773;0.134693;0.100773;0.066853;0.032933;0.162853;0.128933;0.095013;0.061093;0.027173;0.157093;0.123173;0.089253;0.055333;0.021413;0.151333;0.117413;nan,2.000000;1.000000;1.000000;1.000000;1.000000;1.000000;1.000000;1.000000;1.000000;1.000000;1.000000;1.000000;1.000000;1.000000;1.000000;1.000000;1.000000;1.000000;1.000000;1.000000;1.000000;1.000000;1.000000;1.000000;1.000000;1.000000;1.000000;1.000000;1.000000,229,13760,102,8216,0,0,0,0,0,0,0,0,0,0,0,0,0,0,0,0,0,0,0,0,0,0,0,0,graph_0005__stability_0.0000,stability,0.0,graph_0005,epoch_0003
trace,aodv,0.540877,0.539986,2229,2463,105,720,984,0.916667,0.046196,74.835829,360,330,0,0,0,368,1.833333,720,34782,2.181818,105.400000,0.500000,1.000000,1.000000,1.000000,1.000000;1.000000;1.000000;1.000000;1.000000;1.000000;1.000000;1.000000;1.000000;1.000000;1.000000;1.000000;1.000000;1.000000;1.000000;1.000000;1.000000;1.000000;1.000000;1.000000;1.000000;1.000000;1.000000;1.000000;1.000000;1.000000;1.000000;1.000000;1.000000;1.000000,58,nan,0,2.000000;1.000000;1.000000;1.000000;1.000000;1.000000;1.000000;1.000000;1.000000;1.000000;1.000000;1.000000;1.000000;1.000000;1.000000;1.000000;1.000000;1.000000;1.000000;1.000000;1.000000;1.000000;1.000000;1.000000;1.000000;1.000000;1.000000;1.000000;1.000000,nan;0.016293;0.146213;0.112293;0.078373;0.044453;0.010533;0.140453;0.106533;0.072613;0.038693;0.004773;0.134693;0.100773;0.066853;0.032933;0.162853;0.128933;0.095013;0.061093;0.027173;0.157093;0.123173;0.089253;0.055333;0.021413;0.151333;0.117413;nan,2.000000;1.000000;1.000000;1.000000;1.000000;1.000000;1.000000;1.000000;1.000000;1.000000;1.000000;1.000000;1.000000;1.000000;1.000000;1.000000;1.000000;1.000000;1.000000;1.000000;1.000000;1.000000;1.000000;1.000000;1.000000;1.000000;1.000000;1.000000;1.000000,0,0,0,0,0,0,0,0,0,0,473,22704,103,5356,116,5568,21,944,7,210,0,0,0,0,0,0,0,0,graph_0005__stability_0.0000,stability,0.0,graph_0005,epoch_0003
trace,static,0.184057,0.184010,793,566,105,0,0,0.369444,0.018966,74.290449,360,133,0,0,0,201,0.738889,0,0,0.000000,0.000000,0.500000,1.000000,1.000000,1.000000,1.000000;1.000000;1.000000;1.000000;1.000000;1.000000;1.000000;1.000000;1.000000;1.000000;1.000000;1.000000;1.000000;1.000000;1.000000;1.000000;1.000000;1.000000;1.000000;1.000000;1.000000;1.000000;1.000000;1.000000;1.000000;1.000000;1.000000;1.000000;1.000000;1.000000,58,nan,0,2.000000;1.000000;1.000000;1.000000;1.000000;1.000000;1.000000;1.000000;1.000000;1.000000;1.000000;1.000000;1.000000;1.000000;1.000000;1.000000;1.000000;1.000000;1.000000;1.000000;1.000000;1.000000;1.000000;1.000000;1.000000;1.000000;1.000000;1.000000;1.000000,0.067895;0.025269;0.155189;0.121269;0.087349;0.053429;0.019509;0.149429;0.115509;0.081589;0.047669;0.013749;0.143669;0.109749;0.075909;0.041909;0.171829;0.137909;0.103989;0.070069;0.036149;0.166069;0.132149;0.098229;0.064309;0.030389;0.160309;0.126389;nan,2.000000;1.000000;1.000000;1.000000;1.000000;1.000000;1.000000;1.000000;1.000000;1.000000;1.000000;1.000000;1.000000;1.000000;1.000000;1.000000;1.000000;1.000000;1.000000;1.000000;1.000000;1.000000;1.000000;1.000000;1.000000;1.000000;1.000000;1.000000;1.000000,0,0,0,0,0,0,0,0,0,0,0,0,0,0,0,0,0,0,0,0,0,0,0,0,0,0,0,0,graph_0005__stability_0.0000,stability,0.0,graph_0005,epoch_0003
trace,olsr,0.442586,0.442237,1603,1734,105,334,547,0.772222,0.038754,75.058109,360,278,0,0,0,423,1.544444,334,22048,1.201439,79.309353,0.500000,1.000000,1.000000,1.000000,1.000000;1.000000;1.000000;1.000000;1.000000;1.000000;1.000000;1.000000;1.000000;1.000000;1.000000;1.000000;1.000000;1.000000;1.000000;1.000000;1.000000;1.000000;1.000000;1.000000;1.000000;1.000000;1.000000;1.000000;1.000000;1.000000;1.000000;1.000000;1.000000;1.000000,58,nan,0,2.000000;1.000000;1.000000;1.000000;1.000000;1.000000;1.000000;1.000000;1.000000;1.000000;1.000000;1.000000;1.000000;1.000000;1.000000;1.000000;1.000000;1.000000;1.000000;1.000000;1.000000;1.000000;1.000000;1.000000;1.000000;1.000000;1.000000;1.000000;1.000000,0.050213;0.016293;0.146213;0.112293;0.078373;0.044453;0.010533;0.140453;0.106533;0.072613;0.038693;0.004773;0.134693;0.100773;0.066853;0.032933;0.162853;0.128933;0.095013;0.061093;0.027173;0.157093;0.123173;0.089253;0.055333;0.021413;0.151333;0.117413;nan,2.000000;1.000000;1.000000;1.000000;1.000000;1.000000;1.000000;1.000000;1.000000;1.000000;1.000000;1.000000;1.000000;1.000000;1.000000;1.000000;1.000000;1.000000;1.000000;1.000000;1.000000;1.000000;1.000000;1.000000;1.000000;1.000000;1.000000;1.000000;1.000000,228,13696,106,8352,0,0,0,0,0,0,0,0,0,0,0,0,0,0,0,0,0,0,0,0,0,0,0,0,graph_0005__stability_0.0000,stability,0.0,graph_0005,epoch_0004
trace,aodv,0.533135,0.533055,2227,2462,105,720,986,0.913889,0.046047,74.924789,360,329,0,0,0,364,1.827778,720,34782,2.188450,105.720365,0.500000,1.000000,1.000000,1.000000,1.000000;1.000000;1.000000;1.000000;1.000000;1.000000;1.000000;1.000000;1.000000;1.000000;1.000000;1.000000;1.000000;1.000000;1.000000;1.000000;1.000000;1.000000;1.000000;1.000000;1.000000;1.000000;1.000000;1.000000;1.000000;1.000000;1.000000;1.000000;1.000000;1.000000,58,nan,0,2.000000;1.000000;1.000000;1.000000;1.000000;1.000000;1.000000;1.000000;1.000000;1.000000;1.000000;1.000000;1.000000;1.000000;1.000000;1.000000;1.000000;1.000000;1.000000;1.000000;1.000000;1.000000;1.000000;1.000000;1.000000;1.000000;1.000000;1.000000;1.000000,nan;0.016293;0.146213;0.112293;0.078373;0.044453;0.010533;0.140453;0.106533;0.072613;0.038693;0.004773;0.134693;0.100773;0.066853;0.032933;0.162853;0.128933;0.095013;0.061093;0.027173;0.157093;0.123173;0.089253;0.055333;0.021413;0.151333;0.117413;nan,2.000000;1.000000;1.000000;1.000000;1.000000;1.000000;1.000000;1.000000;1.000000;1.000000;1.000000;1.000000;1.000000;1.000000;1.000000;1.000000;1.000000;1.000000;1.000000;1.000000;1.000000;1.000000;1.000000;1.000000;1.000000;1.000000;1.000000;1.000000;1.000000,0,0,0,0,0,0,0,0,0,0,473,22704,103,5356,116,5568,21,944,7,210,0,0,0,0,0,0,0,0,graph_0005__stability_0.0000,stability,0.0,graph_0005,epoch_0004
trace,static,0.170440,0.170416,787,559,105,0,0,0.366667,0.018821,74.286790,360,132,0,0,0,198,0.733333,0,0,0.000000,0.000000,0.500000,1.000000,1.000000,1.000000,1.000000;1.000000;1.000000;1.000000;1.000000;1.000000;1.000000;1.000000;1.000000;1.000000;1.000000;1.000000;1.000000;1.000000;1.000000;1.000000;1.000000;1.000000;1.000000;1.000000;1.000000;1.000000;1.000000;1.000000;1.000000;1.000000;1.000000;1.000000;1.000000;1.000000,58,nan,0,2.000000;1.000000;1.000000;1.000000;1.000000;1.000000;1.000000;1.000000;1.000000;1.000000;1.000000;1.000000;1.000000;1.000000;1.000000;1.000000;1.000000;1.000000;1.000000;1.000000;1.000000;1.000000;1.000000;1.000000;1.000000;1.000000;1.000000;1.000000;1.000000,0.059189;0.025269;0.155189;0.121269;0.087349;0.053429;0.019509;0.149429;0.115509;0.081589;0.047669;0.013749;0.143669;0.109749;0.075829;0.041909;0.171829;0.137909;0.103989;0.070069;0.036149;0.166069;0.132149;0.098229;0.064309;0.030389;0.160309;0.126389;nan,2.000000;1.000000;1.000000;1.000000;1.000000;1.000000;1.000000;1.000000;1.000000;1.000000;1.000000;1.000000;1.000000;1.000000;1.000000;1.000000;1.000000;1.000000;1.000000;1.000000;1.000000;1.000000;1.000000;1.000000;1.000000;1.000000;1.000000;1.000000;1.000000,0,0,0,0,0,0,0,0,0,0,0,0,0,0,0,0,0,0,0,0,0,0,0,0,0,0,0,0,graph_0005__stability_0.0000,stability,0.0,graph_0005,epoch_0004
trace,olsr,0.446266,0.446010,1609,1749,105,336,557,0.775000,0.038901,75.049770,360,279,0,0,0,421,1.550000,336,22136,1.204301,79.340502,0.500000,1.000000,1.000000,1.000000,1.000000;1.000000;1.000000;1.000000;1.000000;1.000000;1.000000;1.000000;1.000000;1.000000;1.000000;1.000000;1.000000;1.000000;1.000000;1.000000;1.000000;1.000000;1.000000;1.000000;1.000000;1.000000;1.000000;1.000000;1.000000;1.000000;1.000000;1.000000;1.000000;1.000000,58,nan,0,2.000000;1.000000;1.000000;1.000000;1.000000;1.000000;1.000000;1.000000;1.000000;1.000000;1.000000;1.000000;1.000000;1.000000;1.000000;1.000000;1.000000;1.000000;1.000000;1.000000;1.000000;1.000000;1.000000;1.000000;1.000000;1.000000;1.000000;1.000000;1.000000,0.050213;0.016293;0.146213;0.112293;0.078373;0.044453;0.010533;0.140453;0.106533;0.072613;0.038693;0.004773;0.134693;0.100773;0.066853;0.032933;0.162853;0.128933;0.095013;0.061093;0.027173;0.157093;0.123173;0.089253;0.055333;0.021413;0.151333;0.117413;nan,2.000000;1.000000;1.000000;1.000000;1.000000;1.000000;1.000000;1.000000;1.000000;1.000000;1.000000;1.000000;1.000000;1.000000;1.000000;1.000000;1.000000;1.000000;1.000000;1.000000;1.000000;1.000000;1.000000;1.000000;1.000000;1.000000;1.000000;1.000000;1.000000,227,13632,109,8504,0,0,0,0,0,0,0,0,0,0,0,0,0,0,0,0,0,0,0,0,0,0,0,0,graph_0005__stability_0.0000,stability,0.0,graph_0005,epoch_0005
trace,aodv,0.523740,0.523152,2228,2457,105,723,982,0.913889,0.046056,74.924481,360,329,1,0,0,388,1.827778,723,34902,2.197568,106.085106,0.500000,1.000000,1.000000,1.000000,1.000000;1.000000;1.000000;1.000000;1.000000;1.000000;1.000000;1.000000;1.000000;1.000000;1.000000;1.000000;1.000000;1.000000;1.000000;1.000000;1.000000;1.000000;1.000000;1.000000;1.000000;1.000000;1.000000;1.000000;1.000000;1.000000;1.000000;1.000000;1.000000;1.000000,58,nan,0,2.000000;1.000000;1.000000;1.000000;1.000000;1.000000;1.000000;1.000000;1.000000;1.000000;1.000000;1.000000;1.000000;1.000000;1.000000;1.000000;1.000000;1.000000;1.000000;1.000000;1.000000;1.000000;1.000000;1.000000;1.000000;1.000000;1.000000;1.000000;1.000000,nan;0.016293;0.146213;0.112293;0.078373;0.044453;0.010533;0.140453;0.106533;0.072613;0.038693;0.004773;0.134693;0.100773;0.066853;0.033403;0.162853;0.128933;0.095013;0.061093;0.027173;0.157093;0.123173;0.089253;0.055333;0.021413;0.151333;0.117413;nan,2.000000;1.000000;1.000000;1.000000;1.000000;1.000000;1.000000;1.000000;1.000000;1.000000;1.000000;1.000000;1.000000;1.000000;1.000000;1.000000;1.000000;1.000000;1.000000;1.000000;1.000000;1.000000;1.000000;1.000000;1.000000;1.000000;1.000000;1.000000;1.000000,0,0,0,0,0,0,0,0,0,0,473,22704,103,5356,116,5568,24,1064,7,210,0,0,0,0,0,0,0,0,graph_0005__stability_0.0000,stability,0.0,graph_0005,epoch_0005
trace,static,0.179381,0.179354,786,557,105,0,0,0.363889,0.018682,74.206999,360,131,0,0,0,193,0.727778,0,0,0.000000,0.000000,0.500000,1.000000,1.000000,1.000000,1.000000;1.000000;1.000000;1.000000;1.000000;1.000000;1.000000;1.000000;1.000000;1.000000;1.000000;1.000000;1.000000;1.000000;1.000000;1.000000;1.000000;1.000000;1.000000;1.000000;1.000000;1.000000;1.000000;1.000000;1.000000;1.000000;1.000000;1.000000;1.000000;1.000000,58,nan,0,2.000000;1.000000;1.000000;1.000000;1.000000;1.000000;1.000000;1.000000;1.000000;1.000000;1.000000;1.000000;1.000000;1.000000;1.000000;1.000000;1.000000;1.000000;1.000000;1.000000;1.000000;1.000000;1.000000;1.000000;1.000000;1.000000;1.000000;1.000000;1.000000,0.059189;0.025269;0.155189;0.121269;0.087349;0.053429;0.019509;0.149429;0.115509;0.081589;0.047669;0.013749;0.143669;0.109749;0.075829;0.041909;0.171829;0.137909;0.103989;0.070069;0.036149;0.166069;0.132149;0.098229;0.064309;0.030389;0.160309;0.126389;nan,2.000000;1.000000;1.000000;1.000000;1.000000;1.000000;1.000000;1.000000;1.000000;1.000000;1.000000;1.000000;1.000000;1.000000;1.000000;1.000000;1.000000;1.000000;1.000000;1.000000;1.000000;1.000000;1.000000;1.000000;1.000000;1.000000;1.000000;1.000000;1.000000,0,0,0,0,0,0,0,0,0,0,0,0,0,0,0,0,0,0,0,0,0,0,0,0,0,0,0,0,graph_0005__stability_0.0000,stability,0.0,graph_0005,epoch_0005
trace,olsr,0.430845,0.430810,1605,1744,105,334,555,0.772222,0.038753,74.971754,360,278,0,0,0,414,1.544444,334,22168,1.201439,79.741007,0.500000,1.000000,1.000000,1.000000,1.000000;1.000000;1.000000;1.000000;1.000000;1.000000;1.000000;1.000000;1.000000;1.000000;1.000000;1.000000;1.000000;1.000000;1.000000;1.000000;1.000000;1.000000;1.000000;1.000000;1.000000;1.000000;1.000000;1.000000;1.000000;1.000000;1.000000;1.000000;1.000000;1.000000,58,nan,0,2.000000;1.000000;1.000000;1.000000;1.000000;1.000000;1.000000;1.000000;1.000000;1.000000;1.000000;1.000000;1.000000;1.000000;1.000000;1.000000;1.000000;1.000000;1.000000;1.000000;1.000000;1.000000;1.000000;1.000000;1.000000;1.000000;1.000000;1.000000;1.000000,0.050213;0.016293;0.146213;0.112293;0.078373;0.044453;0.010533;0.140453;0.106533;0.072613;0.038693;0.004773;0.134693;0.100773;0.066853;0.032933;0.162853;0.128933;0.095013;0.061093;0.027173;0.157093;0.123173;0.089253;0.055333;0.021413;0.151333;0.117413;nan,2.000000;1.000000;1.000000;1.000000;1.000000;1.000000;1.000000;1.000000;1.000000;1.000000;1.000000;1.000000;1.000000;1.000000;1.000000;1.000000;1.000000;1.000000;1.000000;1.000000;1.000000;1.000000;1.000000;1.000000;1.000000;1.000000;1.000000;1.000000;1.000000,230,13824,104,8344,0,0,0,0,0,0,0,0,0,0,0,0,0,0,0,0,0,0,0,0,0,0,0,0,graph_0005__stability_0.0000,stability,0.0,graph_0005,epoch_0002
trace,aodv,0.543572,0.543495,2231,2470,105,723,992,0.913889,0.046047,74.923043,360,329,1,0,0,386,1.827778,723,34902,2.197568,106.085106,0.500000,1.000000,1.000000,1.000000,1.000000;1.000000;1.000000;1.000000;1.000000;1.000000;1.000000;1.000000;1.000000;1.000000;1.000000;1.000000;1.000000;1.000000;1.000000;1.000000;1.000000;1.000000;1.000000;1.000000;1.000000;1.000000;1.000000;1.000000;1.000000;1.000000;1.000000;1.000000;1.000000;1.000000,58,nan,0,2.000000;1.000000;1.000000;1.000000;1.000000;1.000000;1.000000;1.000000;1.000000;1.000000;1.000000;1.000000;1.000000;1.000000;1.000000;1.000000;1.000000;1.000000;1.000000;1.000000;1.000000;1.000000;1.000000;1.000000;1.000000;1.000000;1.000000;1.000000;1.000000,nan;0.016293;0.146213;0.112293;0.078373;0.044453;0.010533;0.140453;0.106533;0.072613;0.038693;0.004773;0.134693;0.100773;0.066853;0.032933;0.162853;0.128933;0.095013;0.061093;0.027173;0.157093;0.123173;0.089253;0.055333;0.021413;0.151333;0.117413;nan,2.000000;1.000000;1.000000;1.000000;1.000000;1.000000;1.000000;1.000000;1.000000;1.000000;1.000000;1.000000;1.000000;1.000000;1.000000;1.000000;1.000000;1.000000;1.000000;1.000000;1.000000;1.000000;1.000000;1.000000;1.000000;1.000000;1.000000;1.000000;1.000000,0,0,0,0,0,0,0,0,0,0,473,22704,103,5356,116,5568,24,1064,7,210,0,0,0,0,0,0,0,0,graph_0005__stability_0.0000,stability,0.0,graph_0005,epoch_0002
trace,static,0.176258,0.176237,788,560,105,0,0,0.366667,0.018820,74.286837,360,132,0,0,0,200,0.733333,0,0,0.000000,0.000000,0.500000,1.000000,1.000000,1.000000,1.000000;1.000000;1.000000;1.000000;1.000000;1.000000;1.000000;1.000000;1.000000;1.000000;1.000000;1.000000;1.000000;1.000000;1.000000;1.000000;1.000000;1.000000;1.000000;1.000000;1.000000;1.000000;1.000000;1.000000;1.000000;1.000000;1.000000;1.000000;1.000000;1.000000,58,nan,0,2.000000;1.000000;1.000000;1.000000;1.000000;1.000000;1.000000;1.000000;1.000000;1.000000;1.000000;1.000000;1.000000;1.000000;1.000000;1.000000;1.000000;1.000000;1.000000;1.000000;1.000000;1.000000;1.000000;1.000000;1.000000;1.000000;1.000000;1.000000;1.000000,0.059189;0.025269;0.155189;0.121269;0.087349;0.053429;0.019509;0.149429;0.115509;0.081589;0.047669;0.013749;0.143669;0.109749;0.084805;0.041909;0.171829;0.137909;0.103989;0.070069;0.036149;0.166069;0.132149;0.098229;0.064309;0.030389;0.160309;0.126389;nan,2.000000;1.000000;1.000000;1.000000;1.000000;1.000000;1.000000;1.000000;1.000000;1.000000;1.000000;1.000000;1.000000;1.000000;1.000000;1.000000;1.000000;1.000000;1.000000;1.000000;1.000000;1.000000;1.000000;1.000000;1.000000;1.000000;1.000000;1.000000;1.000000,0,0,0,0,0,0,0,0,0,0,0,0,0,0,0,0,0,0,0,0,0,0,0,0,0,0,0,0,graph_0005__stability_0.0000,stability,0.0,graph_0005,epoch_0002
trace,olsr,0.442013,0.441987,1593,1700,105,335,545,0.713889,0.035833,74.825178,360,257,0,0,0,376,1.427778,335,22200,1.303502,86.381323,0.500000,1.666667,2.000000,2.000000,2.000000;2.000000;2.000000;2.000000;2.000000;2.000000;2.000000;2.000000;2.000000;2.000000;2.000000;2.000000;1.000000;1.000000;1.000000;1.000000;1.000000;1.000000,34,nan,0,2.000000;2.000000;2.000000;2.000000;2.000000;2.000000;2.000000;2.000000;2.000000;2.000000;2.000000;2.000000;2.000000;1.000000;1.000000;1.000000;1.000000,0.033253;0.129253;0.061413;0.157413;0.089573;0.021733;0.117733;0.049893;0.145893;0.078053;0.010213;0.106213;0.055333;0.021413;0.151333;0.117413;nan,2.000000;2.000000;2.000000;2.000000;2.000000;2.000000;2.000000;2.000000;2.000000;2.000000;2.000000;2.000000;2.000000;1.000000;1.000000;1.000000;1.000000,229,13760,106,8440,0,0,0,0,0,0,0,0,0,0,0,0,0,0,0,0,0,0,0,0,0,0,0,0,graph_0003__stability_0.4000,stability,0.4,graph_0003,epoch_0001
trace,aodv,0.551942,0.551837,2308,2538,105,778,1043,0.861111,0.043397,75.013522,360,310,15,0,0,487,1.722222,778,37264,2.509677,120.206452,0.500000,1.666667,2.000000,2.000000,2.000000;2.000000;2.000000;2.000000;2.000000;2.000000;2.000000;2.000000;2.000000;2.000000;2.000000;2.000000;1.000000;1.000000;1.000000;1.000000;1.000000;1.000000,34,nan,0,2.000000;2.000000;2.000000;2.000000;2.000000;2.000000;2.000000;2.000000;2.000000;2.000000;2.000000;2.000000;2.000000;1.000000;1.000000;1.000000;1.000000,0.033253;0.129253;1.392188;0.157413;1.430568;0.021733;0.117733;1.574718;0.145893;0.078053;0.010213;0.106213;0.055333;0.021413;0.151333;0.117413;nan,2.000000;2.000000;2.000000;2.000000;2.000000;2.000000;2.000000;2.000000;2.000000;2.000000;2.000000;2.000000;2.000000;1.000000;1.000000;1.000000;1.000000,0,0,0,0,0,0,0,0,0,0,454,21792,133,6916,115,5520,66,2736,10,300,0,0,0,0,0,0,0,0,graph_0003__stability_0.4000,stability,0.4,graph_0003,epoch_0001
trace,static,0.177693,0.177676,831,621,105,0,0,0.416667,0.021391,72.308650,360,150,0,0,0,112,0.833333,0,0,0.000000,0.000000,0.500000,1.666667,2.000000,2.000000,2.000000;2.000000;2.000000;2.000000;2.000000;2.000000;2.000000;2.000000;2.000000;2.000000;2.000000;2.000000;1.000000;1.000000;1.000000;1.000000;1.000000;1.000000,34,nan,0,2.000000;2.000000;2.000000;2.000000;2.000000;2.000000;2.000000;2.000000;2.000000;2.000000;2.000000;2.000000;2.000000;1.000000;1.000000;1.000000;1.000000,0.042249;0.138229;0.070389;0.166119;0.098549;0.030709;0.126709;0.058869;0.154869;0.087029;0.019189;0.115189;0.064309;0.030389;0.160309;0.126389;nan,2.000000;2.000000;2.000000;2.000000;2.000000;2.000000;2.000000;2.000000;2.000000;2.000000;2.000000;2.000000;2.000000;1.000000;1.000000;1.000000;1.000000,0,0,0,0,0,0,0,0,0,0,0,0,0,0,0,0,0,0,0,0,0,0,0,0,0,0,0,0,graph_0003__stability_0.4000,stability,0.4,graph_0003,epoch_0001
trace,olsr,0.426088,0.426057,1590,1690,105,334,539,0.708333,0.035548,74.625661,360,255,0,0,0,367,1.416667,334,22072,1.309804,86.556863,0.500000,1.666667,2.000000,2.000000,2.000000;2.000000;2.000000;2.000000;2.000000;2.000000;2.000000;2.000000;2.000000;2.000000;2.000000;2.000000;1.000000;1.000000;1.000000;1.000000;1.000000;1.000000,34,nan,0,2.000000;2.000000;2.000000;2.000000;2.000000;2.000000;2.000000;2.000000;2.000000;2.000000;2.000000;2.000000;2.000000;1.000000;1.000000;1.000000;1.000000,0.033253;0.129253;0.061413;0.157413;0.089573;0.021733;0.117733;0.049893;0.145893;0.078053;0.010213;0.106213;0.055333;0.021413;0.151333;0.117413;nan,2.000000;2.000000;2.000000;2.000000;2.000000;2.000000;2.000000;2.000000;2.000000;2.000000;2.000000;2.000000;2.000000;1.000000;1.000000;1.000000;1.000000,229,13760,105,8312,0,0,0,0,0,0,0,0,0,0,0,0,0,0,0,0,0,0,0,0,0,0,0,0,graph_0003__stability_0.4000,stability,0.4,graph_0003,epoch_0003
trace,aodv,0.550305,0.550147,2292,2529,105,813,1089,0.797222,0.040167,74.766667,360,287,34,0,0,496,1.594444,813,38800,2.832753,135.191638,0.500000,1.666667,2.000000,2.000000,2.000000;2.000000;2.000000;2.000000;2.000000;2.000000;2.000000;2.000000;2.000000;2.000000;2.000000;2.000000;1.000000;1.000000;1.000000;1.000000;1.000000;1.000000,34,nan,0,2.000000;2.000000;2.000000;2.000000;2.000000;2.000000;2.000000;2.000000;2.000000;2.000000;2.000000;2.000000;2.000000;1.000000;1.000000;1.000000;1.000000,0.033253;0.129253;1.408568;0.157413;1.432328;0.022423;0.117733;1.702329;0.145893;0.078053;0.010213;0.106213;0.055333;0.021413;0.151333;0.117413;nan,2.000000;2.000000;2.000000;2.000000;2.000000;2.000000;2.000000;2.000000;2.000000;2.000000;2.000000;2.000000;2.000000;1.000000;1.000000;1.000000;1.000000,0,0,0,0,0,0,0,0,0,0,455,21840,142,7384,120,5760,84,3456,12,360,0,0,0,0,0,0,0,0,graph_0003__stability_0.4000,stability,0.4,graph_0003,epoch_0003
trace,static,0.184138,0.184134,831,621,105,0,0,0.416667,0.021388,72.308591,360,150,0,0,0,113,0.833333,0,0,0.000000,0.000000,0.500000,1.666667,2.000000,2.000000,2.000000;2.000000;2.000000;2.000000;2.000000;2.000000;2.000000;2.000000;2.000000;2.000000;2.000000;2.000000;1.000000;1.000000;1.000000;1.000000;1.000000;1.000000,34,nan,0,2.000000;2.000000;2.000000;2.000000;2.000000;2.000000;2.000000;2.000000;2.000000;2.000000;2.000000;2.000000;2.000000;1.000000;1.000000;1.000000;1.000000,0.042249;0.138229;0.070389;0.166119;0.098549;0.030709;0.126709;0.058869;0.154869;0.087029;0.019189;0.115189;0.064309;0.030389;0.160309;0.126389;nan,2.000000;2.000000;2.000000;2.000000;2.000000;2.000000;2.000000;2.000000;2.000000;2.000000;2.000000;2.000000;2.000000;1.000000;1.000000;1.000000;1.000000,0,0,0,0,0,0,0,0,0,0,0,0,0,0,0,0,0,0,0,0,0,0,0,0,0,0,0,0,graph_0003__stability_0.4000,stability,0.4,graph_0003,epoch_0003
trace,olsr,0.436492,0.436392,1588,1687,105,335,540,0.705556,0.035416,74.635170,360,254,0,0,0,375,1.411111,335,22176,1.318898,87.307087,0.500000,1.666667,2.000000,2.000000,2.000000;2.000000;2.000000;2.000000;2.000000;2.000000;2.000000;2.000000;2.000000;2.000000;2.000000;2.000000;1.000000;1.000000;1.000000;1.000000;1.000000;1.000000,34,nan,0,2.000000;2.000000;2.000000;2.000000;2.000000;2.000000;2.000000;2.000000;2.000000;2.000000;2.000000;2.000000;2.000000;1.000000;1.000000;1.000000;1.000000,0.033253;0.129253;0.061413;0.157413;0.089573;0.021733;0.117733;0.049893;0.145893;0.078053;0.010213;0.106213;0.055333;0.021413;0.151333;0.117413;nan,2.000000;2.000000;2.000000;2.000000;2.000000;2.000000;2.000000;2.000000;2.000000;2.000000;2.000000;2.000000;2.000000;1.000000;1.000000;1.000000;1.000000,228,13696,107,8480,0,0,0,0,0,0,0,0,0,0,0,0,0,0,0,0,0,0,0,0,0,0,0,0,graph_0003__stability_0.4000,stability,0.4,graph_0003,epoch_0004
trace,aodv,0.549817,0.549620,2286,2522,105,814,1089,0.794444,0.040037,74.922155,360,286,35,0,0,439,1.588889,814,38790,2.846154,135.629371,0.500000,1.666667,2.000000,2.000000,2.000000;2.000000;2.000000;2.000000;2.000000;2.000000;2.000000;2.000000;2.000000;2.000000;2.000000;2.000000;1.000000;1.000000;1.000000;1.000000;1.000000;1.000000,34,nan,0,2.000000;2.000000;2.000000;2.000000;2.000000;2.000000;2.000000;2.000000;2.000000;2.000000;2.000000;2.000000;2.000000;1.000000;1.000000;1.000000;1.000000,0.033253;0.129253;1.406048;0.157413;1.429928;0.021733;0.117733;1.704288;0.145893;0.078053;0.010213;0.106213;0.055333;0.021413;0.151333;0.117413;nan,2.000000;2.000000;2.000000;2.000000;2.000000;2.000000;2.000000;2.000000;2.000000;2.000000;2.000000;2.000000;2.000000;1.000000;1.000000;1.000000;1.000000,0,0,0,0,0,0,0,0,0,0,457,21936,137,7124,119,5712,90,3688,11,330,0,0,0,0,0,0,0,0,graph_0003__stability_0.4000,stability,0.4,graph_0003,epoch_0004
trace,static,0.183806,0.183554,831,621,105,0,0,0.416667,0.021392,72.308664,360,150,0,0,0,114,0.833333,0,0,0.000000,0.000000,0.500000,1.666667,2.000000,2.000000,2.000000;2.000000;2.000000;2.000000;2.000000;2.000000;2.000000;2.000000;2.000000;2.000000;2.000000;2.000000;1.000000;1.000000;1.000000;1.000000;1.000000;1.000000,34,nan,0,2.000000;2.000000;2.000000;2.000000;2.000000;2.000000;2.000000;2.000000;2.000000;2.000000;2.000000;2.000000;2.000000;1.000000;1.000000;1.000000;1.000000,0.042249;0.138229;0.070389;0.166119;0.098549;0.030709;0.126709;0.058869;0.154869;0.087029;0.019189;0.115189;0.064309;0.030389;0.160309;0.126389;nan,2.000000;2.000000;2.000000;2.000000;2.000000;2.000000;2.000000;2.000000;2.000000;2.000000;2.000000;2.000000;2.000000;1.000000;1.000000;1.000000;1.000000,0,0,0,0,0,0,0,0,0,0,0,0,0,0,0,0,0,0,0,0,0,0,0,0,0,0,0,0,graph_0003__stability_0.4000,stability,0.4,graph_0003,epoch_0004
trace,olsr,0.437380,0.437158,1580,1673,105,334,531,0.702778,0.035270,74.494510,360,253,0,0,0,376,1.405556,334,21976,1.320158,86.861660,0.500000,1.666667,2.000000,2.000000,2.000000;2.000000;2.000000;2.000000;2.000000;2.000000;2.000000;2.000000;2.000000;2.000000;2.000000;2.000000;1.000000;1.000000;1.000000;1.000000;1.000000;1.000000,34,nan,0,2.000000;2.000000;2.000000;2.000000;2.000000;2.000000;2.000000;2.000000;2.000000;2.000000;2.000000;2.000000;2.000000;1.000000;1.000000;1.000000;1.000000,0.033253;0.129253;0.061413;0.157413;0.089573;0.021733;0.117733;0.049893;0.145893;0.078053;0.010213;0.106213;0.055333;0.021413;0.151333;0.117413;nan,2.000000;2.000000;2.000000;2.000000;2.000000;2.000000;2.000000;2.000000;2.000000;2.000000;2.000000;2.000000;2.000000;1.000000;1.000000;1.000000;1.000000,227,13632,107,8344,0,0,0,0,0,0,0,0,0,0,0,0,0,0,0,0,0,0,0,0,0,0,0,0,graph_0003__stability_0.4000,stability,0.4,graph_0003,epoch_0005
trace,aodv,0.567877,0.567506,2340,2565,105,794,1060,0.858333,0.043251,74.980022,360,309,10,0,0,473,1.716667,794,38054,2.569579,123.152104,0.500000,1.666667,2.000000,2.000000,2.000000;2.000000;2.000000;2.000000;2.000000;2.000000;2.000000;2.000000;2.000000;2.000000;2.000000;2.000000;1.000000;1.000000;1.000000;1.000000;1.000000;1.000000,34,nan,0,2.000000;2.000000;2.000000;2.000000;2.000000;2.000000;2.000000;2.000000;2.000000;2.000000;2.000000;2.000000;2.000000;1.000000;1.000000;1.000000;1.000000,0.033253;0.129253;1.405488;0.157413;1.425368;0.021733;0.117733;1.379548;0.145893;0.078053;0.010213;0.106213;0.055333;0.021413;0.151333;0.117413;nan,2.000000;2.000000;2.000000;2.000000;2.000000;2.000000;2.000000;2.000000;2.000000;2.000000;2.000000;2.000000;2.000000;1.000000;1.000000;1.000000;1.000000,0,0,0,0,0,0,0,0,0,0,455,21840,142,7384,120,5760,68,2800,9,270,0,0,0,0,0,0,0,0,graph_0003__stability_0.4000,stability,0.4,graph_0003,epoch_0005
trace,static,0.177178,0.177167,834,624,105,0,0,0.416667,0.021388,72.308653,360,150,0,0,0,114,0.833333,0,0,0.000000,0.000000,0.500000,1.666667,2.000000,2.000000,2.000000;2.000000;2.000000;2.000000;2.000000;2.000000;2.000000;2.000000;2.000000;2.000000;2.000000;2.000000;1.000000;1.000000;1.000000;1.000000;1.000000;1.000000,34,nan,0,2.000000;2.000000;2.000000;2.000000;2.000000;2.000000;2.000000;2.000000;2.000000;2.000000;2.000000;2.000000;2.000000;1.000000;1.000000;1.000000;1.000000,0.042249;0.138229;0.070389;0.166119;0.098549;0.030709;0.126709;0.067655;0.154869;0.087029;0.019189;0.115189;0.064309;0.030389;0.160309;0.126389;nan,2.000000;2.000000;2.000000;2.000000;2.000000;2.000000;2.000000;2.000000;2.000000;2.000000;2.000000;2.000000;2.000000;1.000000;1.000000;1.000000;1.000000,0,0,0,0,0,0,0,0,0,0,0,0,0,0,0,0,0,0,0,0,0,0,0,0,0,0,0,0,graph_0003__stability_0.4000,stability,0.4,graph_0003,epoch_0005
trace,olsr,0.451481,0.450149,1591,1692,105,332,537,0.711111,0.035686,74.694271,360,256,0,0,0,380,1.422222,332,21960,1.296875,85.781250,0.500000,1.666667,2.000000,2.000000,2.000000;2.000000;2.000000;2.000000;2.000000;2.000000;2.000000;2.000000;2.000000;2.000000;2.000000;2.000000;1.000000;1.000000;1.000000;1.000000;1.000000;1.000000,34,nan,0,2.000000;2.000000;2.000000;2.000000;2.000000;2.000000;2.000000;2.000000;2.000000;2.000000;2.000000;2.000000;2.000000;1.000000;1.000000;1.000000;1.000000,0.033253;0.129253;0.061413;0.157413;0.089573;0.021733;0.117733;0.049893;0.145893;0.078053;0.010213;0.106213;0.055333;0.021413;0.151333;0.117413;nan,2.000000;2.000000;2.000000;2.000000;2.000000;2.000000;2.000000;2.000000;2.000000;2.000000;2.000000;2.000000;2.000000;1.000000;1.000000;1.000000;1.000000,225,13504,107,8456,0,0,0,0,0,0,0,0,0,0,0,0,0,0,0,0,0,0,0,0,0,0,0,0,graph_0003__stability_0.4000,stability,0.4,graph_0003,epoch_0002
trace,aodv,0.546507,0.545664,2321,2556,105,769,1040,0.866667,0.043666,75.191532,360,312,12,0,0,454,1.733333,769,36840,2.464744,118.076923,0.500000,1.666667,2.000000,2.000000,2.000000;2.000000;2.000000;2.000000;2.000000;2.000000;2.000000;2.000000;2.000000;2.000000;2.000000;2.000000;1.000000;1.000000;1.000000;1.000000;1.000000;1.000000,34,nan,0,2.000000;2.000000;2.000000;2.000000;2.000000;2.000000;2.000000;2.000000;2.000000;2.000000;2.000000;2.000000;2.000000;1.000000;1.000000;1.000000;1.000000,0.033253;0.129253;1.389148;0.157413;1.438348;0.021733;0.117733;1.387868;0.145893;0.078053;0.010213;0.106213;nan;0.021413;0.151333;0.117413;nan,2.000000;2.000000;2.000000;2.000000;2.000000;2.000000;2.000000;2.000000;2.000000;2.000000;2.000000;2.000000;2.000000;1.000000;1.000000;1.000000;1.000000,0,0,0,0,0,0,0,0,0,0,455,21840,130,6760,109,5232,67,2768,8,240,0,0,0,0,0,0,0,0,graph_0003__stability_0.4000,stability,0.4,graph_0003,epoch_0002
trace,static,0.186970,0.186399,834,624,105,0,0,0.416667,0.021387,72.308643,360,150,0,0,0,114,0.833333,0,0,0.000000,0.000000,0.500000,1.666667,2.000000,2.000000,2.000000;2.000000;2.000000;2.000000;2.000000;2.000000;2.000000;2.000000;2.000000;2.000000;2.000000;2.000000;1.000000;1.000000;1.000000;1.000000;1.000000;1.000000,34,nan,0,2.000000;2.000000;2.000000;2.000000;2.000000;2.000000;2.000000;2.000000;2.000000;2.000000;2.000000;2.000000;2.000000;1.000000;1.000000;1.000000;1.000000,0.042249;0.138229;0.070389;0.166119;0.098549;0.030709;0.126709;0.067655;0.154869;0.087029;0.019189;0.115189;0.064309;0.030389;0.160309;0.126389;nan,2.000000;2.000000;2.000000;2.000000;2.000000;2.000000;2.000000;2.000000;2.000000;2.000000;2.000000;2.000000;2.000000;1.000000;1.000000;1.000000;1.000000,0,0,0,0,0,0,0,0,0,0,0,0,0,0,0,0,0,0,0,0,0,0,0,0,0,0,0,0,graph_0003__stability_0.4000,stability,0.4,graph_0003,epoch_0002
trace,olsr,0.366339,0.364613,1294,1354,105,330,505,0.425000,0.021329,77.802432,360,153,33,0,0,231,0.850000,330,21668,2.156863,141.620915,0.500000,4.285714,4.000000,5.000000,5.000000;5.000000;4.000000;4.000000;4.000000;4.000000;4.000000,12,nan,0,5.000000;5.000000;5.000000;5.000000;5.000000;5.000000,1.087079;nan;1.739173;0.111973;0.123173;0.134373,5.000000;5.000000;5.000000;5.000000;5.000000;5.000000,226,13568,104,8100,0,0,0,0,0,0,0,0,0,0,0,0,0,0,0,0,0,0,0,0,0,0,0,0,graph_0001__stability_0.8000,stability,0.8,graph_0001,epoch_0001
trace,aodv,0.406060,0.405721,1844,2047,105,622,840,0.666667,0.039061,73.122945,360,240,0,56,0,281,1.333333,622,29908,2.591667,124.616667,0.500000,4.285714,4.000000,5.000000,5.000000;5.000000;4.000000;4.000000;4.000000;4.000000;4.000000,12,nan,0,5.000000;5.000000;5.000000;5.000000;5.000000;5.000000,1.419237;nan;0.100773;0.111973;0.123173;nan,5.000000;5.000000;5.000000;5.000000;5.000000;5.000000,0,0,0,0,0,0,0,0,0,0,485,23280,68,3536,41,1968,22,944,6,180,0,0,0,0,0,0,0,0,graph_0001__stability_0.8000,stability,0.8,graph_0001,epoch_0001
trace,static,0.184104,0.183410,866,674,105,0,0,0.466667,0.023420,73.106676,360,168,0,0,0,44,0.933333,0,0,0.000000,0.000000,0.500000,4.285714,4.000000,5.000000,5.000000;5.000000;4.000000;4.000000;4.000000;4.000000;4.000000,12,nan,0,5.000000;5.000000;5.000000;5.000000;5.000000;5.000000,0.104309;0.098549;0.109749;0.120949;0.132149;0.143349,5.000000;5.000000;5.000000;5.000000;5.000000;5.000000,0,0,0,0,0,0,0,0,0,0,0,0,0,0,0,0,0,0,0,0,0,0,0,0,0,0,0,0,graph_0001__stability_0.8000,stability,0.8,graph_0001,epoch_0001
trace,olsr,0.368544,0.368502,1323,1351,105,323,486,0.436111,0.021891,77.459088,360,157,35,0,0,250,0.872222,323,21328,2.057325,135.847134,0.500000,4.285714,4.000000,5.000000,5.000000;5.000000;4.000000;4.000000;4.000000;4.000000;4.000000,12,nan,0,5.000000;5.000000;5.000000;5.000000;5.000000;5.000000,0.095333;3.375349;1.748149;0.111973;0.123173;0.134373,5.000000;5.000000;5.000000;5.000000;5.000000;5.000000,229,13760,94,7568,0,0,0,0,0,0,0,0,0,0,0,0,0,0,0,0,0,0,0,0,0,0,0,0,graph_0001__stability_0.8000,stability,0.8,graph_0001,epoch_0003
trace,aodv,0.397613,0.397402,1849,2070,105,631,861,0.669444,0.039230,73.040214,360,241,5,56,0,229,1.338889,631,30204,2.618257,125.327801,0.500000,4.285714,4.000000,5.000000,5.000000;5.000000;4.000000;4.000000;4.000000;4.000000;4.000000,12,nan,0,5.000000;5.000000;5.000000;5.000000;5.000000;5.000000,1.260159;nan;0.100773;0.111973;0.123173;nan,5.000000;5.000000;5.000000;5.000000;5.000000;5.000000,0,0,0,0,0,0,0,0,0,0,485,23280,64,3328,40,1920,36,1496,6,180,0,0,0,0,0,0,0,0,graph_0001__stability_0.8000,stability,0.8,graph_0001,epoch_0003
trace,static,0.178873,0.178857,866,674,105,0,0,0.466667,0.023425,73.106746,360,168,0,0,0,44,0.933333,0,0,0.000000,0.000000,0.500000,4.285714,4.000000,5.000000,5.000000;5.000000;4.000000;4.000000;4.000000;4.000000;4.000000,12,nan,0,5.000000;5.000000;5.000000;5.000000;5.000000;5.000000,0.104309;0.098549;0.109749;0.120949;0.132149;0.143349,5.000000;5.000000;5.000000;5.000000;5.000000;5.000000,0,0,0,0,0,0,0,0,0,0,0,0,0,0,0,0,0,0,0,0,0,0,0,0,0,0,0,0,graph_0001__stability_0.8000,stability,0.8,graph_0001,epoch_0003
trace,olsr,0.368417,0.368221,1276,1331,105,324,491,0.441667,0.022166,73.996401,360,159,32,0,0,225,0.883333,324,21248,2.037736,133.635220,0.500000,4.285714,4.000000,5.000000,5.000000;5.000000;4.000000;4.000000;4.000000;4.000000;4.000000,12,nan,0,5.000000;5.000000;5.000000;5.000000;5.000000;5.000000,0.095333;nan;1.748149;0.111973;0.123173;0.134373,5.000000;5.000000;5.000000;5.000000;5.000000;5.000000,228,13696,96,7552,0,0,0,0,0,0,0,0,0,0,0,0,0,0,0,0,0,0,0,0,0,0,0,0,graph_0001__stability_0.8000,stability,0.8,graph_0001,epoch_0004
trace,aodv,0.413349,0.413037,1844,2047,105,620,838,0.666667,0.039057,73.126770,360,240,0,56,0,254,1.333333,620,29804,2.583333,124.183333,0.500000,4.285714,4.000000,5.000000,5.000000;5.000000;4.000000;4.000000;4.000000;4.000000;4.000000,12,nan,0,5.000000;5.000000;5.000000;5.000000;5.000000;5.000000,1.430532;nan;0.100773;0.111973;0.123173;nan,5.000000;5.000000;5.000000;5.000000;5.000000;5.000000,0,0,0,0,0,0,0,0,0,0,485,23280,66,3432,41,1968,22,944,6,180,0,0,0,0,0,0,0,0,graph_0001__stability_0.8000,stability,0.8,graph_0001,epoch_0004
trace,static,0.191403,0.191377,866,674,105,0,0,0.466667,0.023421,73.106687,360,168,0,0,0,44,0.933333,0,0,0.000000,0.000000,0.500000,4.285714,4.000000,5.000000,5.000000;5.000000;4.000000;4.000000;4.000000;4.000000;4.000000,12,nan,0,5.000000;5.000000;5.000000;5.000000;5.000000;5.000000,0.104309;0.098549;0.109749;0.120949;0.132149;0.143349,5.000000;5.000000;5.000000;5.000000;5.000000;5.000000,0,0,0,0,0,0,0,0,0,0,0,0,0,0,0,0,0,0,0,0,0,0,0,0,0,0,0,0,graph_0001__stability_0.8000,stability,0.8,graph_0001,epoch_0004
trace,olsr,0.364611,0.364602,1283,1319,105,327,498,0.366667,0.018402,76.261468,360,132,58,0,0,258,0.733333,327,21496,2.477273,162.848485,0.500000,4.285714,4.000000,5.000000,5.000000;5.000000;4.000000;4.000000;4.000000;4.000000;4.000000,12,nan,0,5.000000;5.000000;5.000000;5.000000;5.000000;5.000000,0.095333;1.073043;2.239669;1.258853;0.123173;0.134373,5.000000;5.000000;5.000000;5.000000;5.000000;5.000000,226,13568,101,7928,0,0,0,0,0,0,0,0,0,0,0,0,0,0,0,0,0,0,0,0,0,0,0,0,graph_0001__stability_0.8000,stability,0.8,graph_0001,epoch_0005
trace,aodv,0.403528,0.403400,1836,2039,105,620,844,0.650000,0.038837,73.833754,360,234,0,56,0,272,1.300000,620,29806,2.649573,127.376068,0.500000,4.285714,4.000000,5.000000,5.000000;5.000000;4.000000;4.000000;4.000000;4.000000;4.000000,12,nan,0,5.000000;5.000000;5.000000;5.000000;5.000000;5.000000,1.432853;nan;0.100773;0.111973;0.123173;nan,5.000000;5.000000;5.000000;5.000000;5.000000;5.000000,0,0,0,0,0,0,0,0,0,0,485,23280,67,3484,41,1968,20,864,7,210,0,0,0,0,0,0,0,0,graph_0001__stability_0.8000,stability,0.8,graph_0001,epoch_0005
trace,static,0.184092,0.183901,866,674,105,0,0,0.466667,0.023421,73.106692,360,168,0,0,0,44,0.933333,0,0,0.000000,0.000000,0.500000,4.285714,4.000000,5.000000,5.000000;5.000000;4.000000;4.000000;4.000000;4.000000;4.000000,12,nan,0,5.000000;5.000000;5.000000;5.000000;5.000000;5.000000,0.104309;0.098549;0.109749;0.120949;0.132149;0.143349,5.000000;5.000000;5.000000;5.000000;5.000000;5.000000,0,0,0,0,0,0,0,0,0,0,0,0,0,0,0,0,0,0,0,0,0,0,0,0,0,0,0,0,graph_0001__stability_0.8000,stability,0.8,graph_0001,epoch_0005
trace,olsr,0.413841,0.413838,1474,1511,105,332,510,0.527778,0.026492,72.661546,360,190,29,0,0,255,1.055556,332,21816,1.747368,114.821053,0.500000,4.285714,4.000000,5.000000,5.000000;5.000000;4.000000;4.000000;4.000000;4.000000;4.000000,12,nan,0,5.000000;5.000000;5.000000;5.000000;5.000000;5.000000,0.095333;0.089573;0.100773;3.552613;0.123173;0.134373,5.000000;5.000000;5.000000;5.000000;5.000000;5.000000,230,13824,102,7992,0,0,0,0,0,0,0,0,0,0,0,0,0,0,0,0,0,0,0,0,0,0,0,0,graph_0001__stability_0.8000,stability,0.8,graph_0001,epoch_0002
trace,aodv,0.410080,0.409906,1856,2067,105,637,857,0.669444,0.039229,73.041595,360,241,5,56,0,247,1.338889,637,30500,2.643154,126.556017,0.500000,4.285714,4.000000,5.000000,5.000000;5.000000;4.000000;4.000000;4.000000;4.000000;4.000000,12,nan,0,5.000000;5.000000;5.000000;5.000000;5.000000;5.000000,1.262781;nan;0.100773;0.111973;0.123173;nan,5.000000;5.000000;5.000000;5.000000;5.000000;5.000000,0,0,0,0,0,0,0,0,0,0,485,23280,68,3536,41,1968,37,1536,6,180,0,0,0,0,0,0,0,0,graph_0001__stability_0.8000,stability,0.8,graph_0001,epoch_0002
trace,static,0.180897,0.180877,866,674,105,0,0,0.466667,0.023424,73.106739,360,168,0,0,0,44,0.933333,0,0,0.000000,0.000000,0.500000,4.285714,4.000000,5.000000,5.000000;5.000000;4.000000;4.000000;4.000000;4.000000;4.000000,12,nan,0,5.000000;5.000000;5.000000;5.000000;5.000000;5.000000,0.104309;0.098549;0.109749;0.120949;0.132149;0.143349,5.000000;5.000000;5.000000;5.000000;5.000000;5.000000,0,0,0,0,0,0,0,0,0,0,0,0,0,0,0,0,0,0,0,0,0,0,0,0,0,0,0,0,graph_0001__stability_0.8000,stability,0.8,graph_0001,epoch_0002
trace,olsr,0.399382,0.398997,1436,1458,105,326,493,0.588889,0.029556,74.143759,360,212,2,0,0,229,1.177778,326,21432,1.537736,101.094340,0.500000,4.285714,4.000000,5.000000,5.000000;5.000000;4.000000;4.000000;4.000000;4.000000;4.000000,12,nan,0,5.000000;5.000000;5.000000;5.000000;5.000000;5.000000,0.095333;0.089573;0.100773;0.111973;0.123173;0.134373,5.000000;5.000000;5.000000;5.000000;5.000000;5.000000,228,13696,98,7736,0,0,0,0,0,0,0,0,0,0,0,0,0,0,0,0,0,0,0,0,0,0,0,0,graph_0002__stability_0.8000,stability,0.8,graph_0002,epoch_0001
trace,aodv,0.384681,0.384663,1806,2004,105,637,855,0.625000,0.031493,81.194761,360,225,3,112,0,285,1.250000,637,30610,2.831111,136.044444,0.500000,4.285714,4.000000,5.000000,5.000000;5.000000;4.000000;4.000000;4.000000;4.000000;4.000000,12,nan,0,5.000000;5.000000;5.000000;5.000000;5.000000;5.000000,4.464721;0.089573;nan;0.111973;0.123173;0.134373,5.000000;5.000000;5.000000;5.000000;5.000000;5.000000,0,0,0,0,0,0,0,0,0,0,484,23232,72,3744,48,2304,26,1120,7,210,0,0,0,0,0,0,0,0,graph_0002__stability_0.8000,stability,0.8,graph_0002,epoch_0001
trace,static,0.181050,0.180702,867,675,105,0,0,0.466667,0.023422,73.106698,360,168,0,0,0,45,0.933333,0,0,0.000000,0.000000,0.500000,4.285714,4.000000,5.000000,5.000000;5.000000;4.000000;4.000000;4.000000;4.000000;4.000000,12,nan,0,5.000000;5.000000;5.000000;5.000000;5.000000;5.000000,0.104309;0.098549;0.109749;0.120949;0.132149;0.143349,5.000000;5.000000;5.000000;5.000000;5.000000;5.000000,0,0,0,0,0,0,0,0,0,0,0,0,0,0,0,0,0,0,0,0,0,0,0,0,0,0,0,0,graph_0002__stability_0.8000,stability,0.8,graph_0002,epoch_0001
trace,olsr,0.460132,0.460129,1435,1458,105,325,493,0.588889,0.029556,74.115065,360,212,1,0,0,236,1.177778,325,21448,1.533019,101.169811,0.500000,4.285714,4.000000,5.000000,5.000000;5.000000;4.000000;4.000000;4.000000;4.000000;4.000000,12,nan,0,5.000000;5.000000;5.000000;5.000000;5.000000;5.000000,0.095333;0.089573;0.100773;0.111973;0.123173;0.134373,5.000000;5.000000;5.000000;5.000000;5.000000;5.000000,229,13760,96,7688,0,0,0,0,0,0,0,0,0,0,0,0,0,0,0,0,0,0,0,0,0,0,0,0,graph_0002__stability_0.8000,stability,0.8,graph_0002,epoch_0003
trace,aodv,0.424636,0.424506,1815,1977,105,644,829,0.616667,0.031068,81.451027,360,222,3,112,0,339,1.233333,644,30920,2.900901,139.279279,0.500000,4.285714,4.000000,5.000000,5.000000;5.000000;4.000000;4.000000;4.000000;4.000000;4.000000,12,nan,0,5.000000;5.000000;5.000000;5.000000;5.000000;5.000000,4.451701;0.089573;nan;0.111973;0.123173;0.134373,5.000000;5.000000;5.000000;5.000000;5.000000;5.000000,0,0,0,0,0,0,0,0,0,0,485,23280,69,3588,52,2496,32,1376,6,180,0,0,0,0,0,0,0,0,graph_0002__stability_0.8000,stability,0.8,graph_0002,epoch_0003
trace,static,0.193130,0.193121,867,675,105,0,0,0.466667,0.023418,73.106646,360,168,0,0,0,45,0.933333,0,0,0.000000,0.000000,0.500000,4.285714,4.000000,5.000000,5.000000;5.000000;4.000000;4.000000;4.000000;4.000000;4.000000,12,nan,0,5.000000;5.000000;5.000000;5.000000;5.000000;5.000000,0.104309;0.098549;0.109749;0.120949;0.132149;0.143349,5.000000;5.000000;5.000000;5.000000;5.000000;5.000000,0,0,0,0,0,0,0,0,0,0,0,0,0,0,0,0,0,0,0,0,0,0,0,0,0,0,0,0,graph_0002__stability_0.8000,stability,0.8,graph_0002,epoch_0003
trace,olsr,0.408551,0.408207,1434,1458,105,324,494,0.588889,0.029557,74.011684,360,212,2,0,0,236,1.177778,324,21464,1.528302,101.245283,0.500000,4.285714,4.000000,5.000000,5.000000;5.000000;4.000000;4.000000;4.000000;4.000000;4.000000,12,nan,0,5.000000;5.000000;5.000000;5.000000;5.000000;5.000000,0.095333;0.089573;0.100773;0.111973;0.123173;0.134373,5.000000;5.000000;5.000000;5.000000;5.000000;5.000000,227,13632,97,7832,0,0,0,0,0,0,0,0,0,0,0,0,0,0,0,0,0,0,0,0,0,0,0,0,graph_0002__stability_0.8000,stability,0.8,graph_0002,epoch_0004
trace,aodv,0.402295,0.402009,1808,2011,105,642,863,0.616667,0.031077,81.461174,360,222,8,112,0,264,1.233333,642,30766,2.891892,138.585586,0.500000,4.285714,4.000000,5.000000,5.000000;5.000000;4.000000;4.000000;4.000000;4.000000;4.000000,12,nan,0,5.000000;5.000000;5.000000;5.000000;5.000000;5.000000,4.462901;0.089573;nan;0.111973;0.123173;0.134373,5.000000;5.000000;5.000000;5.000000;5.000000;5.000000,0,0,0,0,0,0,0,0,0,0,484,23232,68,3536,46,2208,39,1640,5,150,0,0,0,0,0,0,0,0,graph_0002__stability_0.8000,stability,0.8,graph_0002,epoch_0004
trace,static,0.188691,0.188510,867,675,105,0,0,0.466667,0.023423,73.106717,360,168,0,0,0,45,0.933333,0,0,0.000000,0.000000,0.500000,4.285714,4.000000,5.000000,5.000000;5.000000;4.000000;4.000000;4.000000;4.000000;4.000000,12,nan,0,5.000000;5.000000;5.000000;5.000000;5.000000;5.000000,0.104309;0.098549;0.109749;0.120949;0.132149;0.143349,5.000000;5.000000;5.000000;5.000000;5.000000;5.000000,0,0,0,0,0,0,0,0,0,0,0,0,0,0,0,0,0,0,0,0,0,0,0,0,0,0,0,0,graph_0002__stability_0.8000,stability,0.8,graph_0002,epoch_0004
trace,olsr,0.380385,0.379950,1385,1409,105,328,497,0.555556,0.027885,73.414433,360,200,0,0,0,238,1.111111,328,21520,1.640000,107.600000,0.500000,4.285714,4.000000,5.000000,5.000000;5.000000;4.000000;4.000000;4.000000;4.000000;4.000000,12,nan,0,5.000000;5.000000;5.000000;5.000000;5.000000;5.000000,0.095333;0.089573;0.100773;0.111973;0.123173;0.134373,5.000000;5.000000;5.000000;5.000000;5.000000;5.000000,230,13824,98,7696,0,0,0,0,0,0,0,0,0,0,0,0,0,0,0,0,0,0,0,0,0,0,0,0,graph_0002__stability_0.8000,stability,0.8,graph_0002,epoch_0005
trace,aodv,0.391613,0.391587,1813,2013,105,622,840,0.638889,0.032202,80.957634,360,230,0,112,0,253,1.277778,622,29950,2.704348,130.217391,0.500000,4.285714,4.000000,5.000000,5.000000;5.000000;4.000000;4.000000;4.000000;4.000000;4.000000,12,nan,0,5.000000;5.000000;5.000000;5.000000;5.000000;5.000000,4.467901;1.918141;nan;0.111973;0.123173;0.134373,5.000000;5.000000;5.000000;5.000000;5.000000;5.000000,0,0,0,0,0,0,0,0,0,0,484,23232,70,3640,43,2064,20,864,5,150,0,0,0,0,0,0,0,0,graph_0002__stability_0.8000,stability,0.8,graph_0002,epoch_0005
trace,static,0.185930,0.185576,867,675,105,0,0,0.466667,0.023423,73.106722,360,168,0,0,0,45,0.933333,0,0,0.000000,0.000000,0.500000,4.285714,4.000000,5.000000,5.000000;5.000000;4.000000;4.000000;4.000000;4.000000;4.000000,12,nan,0,5.000000;5.000000;5.000000;5.000000;5.000000;5.000000,0.104309;0.098549;0.109749;0.120949;0.132149;0.143349,5.000000;5.000000;5.000000;5.000000;5.000000;5.000000,0,0,0,0,0,0,0,0,0,0,0,0,0,0,0,0,0,0,0,0,0,0,0,0,0,0,0,0,graph_0002__stability_0.8000,stability,0.8,graph_0002,epoch_0005
trace,olsr,0.429980,0.429958,1440,1465,105,327,497,0.591667,0.029696,74.220782,360,213,2,0,0,241,1.183333,327,21584,1.535211,101.333333,0.500000,4.285714,4.000000,5.000000,5.000000;5.000000;4.000000;4.000000;4.000000;4.000000;4.000000,12,nan,0,5.000000;5.000000;5.000000;5.000000;5.000000;5.000000,0.095333;0.089573;0.428453;0.111973;0.123173;0.134373,5.000000;5.000000;5.000000;5.000000;5.000000;5.000000,225,13504,102,8080,0,0,0,0,0,0,0,0,0,0,0,0,0,0,0,0,0,0,0,0,0,0,0,0,graph_0002__stability_0.8000,stability,0.8,graph_0002,epoch_0002
trace,aodv,0.480541,0.480526,1805,1987,105,634,838,0.616667,0.031070,81.453390,360,222,4,112,0,324,1.233333,634,30442,2.855856,137.126126,0.500000,4.285714,4.000000,5.000000,5.000000;5.000000;4.000000;4.000000;4.000000;4.000000;4.000000,12,nan,0,5.000000;5.000000;5.000000;5.000000;5.000000;5.000000,4.463297;0.089573;nan;0.111973;0.123173;0.134373,5.000000;5.000000;5.000000;5.000000;5.000000;5.000000,0,0,0,0,0,0,0,0,0,0,485,23280,67,3484,46,2208,31,1320,5,150,0,0,0,0,0,0,0,0,graph_0002__stability_0.8000,stability,0.8,graph_0002,epoch_0002
trace,static,0.185906,0.185798,867,675,105,0,0,0.466667,0.023422,73.106705,360,168,0,0,0,45,0.933333,0,0,0.000000,0.000000,0.500000,4.285714,4.000000,5.000000,5.000000;5.000000;4.000000;4.000000;4.000000;4.000000;4.000000,12,nan,0,5.000000;5.000000;5.000000;5.000000;5.000000;5.000000,0.104309;0.098549;0.109749;0.120949;0.132149;0.143349,5.000000;5.000000;5.000000;5.000000;5.000000;5.000000,0,0,0,0,0,0,0,0,0,0,0,0,0,0,0,0,0,0,0,0,0,0,0,0,0,0,0,0,graph_0002__stability_0.8000,stability,0.8,graph_0002,epoch_0002
trace,olsr,0.430871,0.430556,1564,1659,105,331,531,0.708333,0.035548,75.256839,360,255,0,0,0,353,1.416667,331,21928,1.298039,85.992157,0.500000,1.666667,2.000000,2.000000,2.000000;2.000000;2.000000;2.000000;2.000000;2.000000;2.000000;2.000000;2.000000;2.000000;2.000000;2.000000;1.000000;1.000000;1.000000;1.000000;1.000000;1.000000,34,nan,0,2.000000;2.000000;2.000000;2.000000;2.000000;2.000000;2.000000;2.000000;2.000000;2.000000;2.000000;2.000000;2.000000;1.000000;1.000000;1.000000;1.000000,0.033253;0.129253;0.061413;0.157413;0.089573;0.021733;0.117733;0.049893;0.145893;0.078053;0.010213;0.106213;0.055333;0.021413;0.151333;0.117413;nan,2.000000;2.000000;2.000000;2.000000;2.000000;2.000000;2.000000;2.000000;2.000000;2.000000;2.000000;2.000000;2.000000;1.000000;1.000000;1.000000;1.000000,224,13440,107,8488,0,0,0,0,0,0,0,0,0,0,0,0,0,0,0,0,0,0,0,0,0,0,0,0,graph_0001__stability_0.4000,stability,0.4,graph_0001,epoch_0001
trace,aodv,0.544614,0.543979,2297,2522,105,733,991,0.888889,0.044792,75.586603,360,320,7,0,0,488,1.777778,733,35274,2.290625,110.231250,0.500000,1.666667,2.000000,2.000000,2.000000;2.000000;2.000000;2.000000;2.000000;2.000000;2.000000;2.000000;2.000000;2.000000;2.000000;2.000000;1.000000;1.000000;1.000000;1.000000;1.000000;1.000000,34,nan,0,2.000000;2.000000;2.000000;2.000000;2.000000;2.000000;2.000000;2.000000;2.000000;2.000000;2.000000;2.000000;2.000000;1.000000;1.000000;1.000000;1.000000,0.033253;0.129253;0.061413;1.487210;1.429288;1.516605;1.458565;1.559424;0.145893;0.078053;0.010213;0.106213;0.055333;0.021413;0.151333;0.117413;nan,2.000000;2.000000;2.000000;2.000000;2.000000;2.000000;2.000000;2.000000;2.000000;2.000000;2.000000;2.000000;2.000000;1.000000;1.000000;1.000000;1.000000,0,0,0,0,0,0,0,0,0,0,462,22176,118,6136,105,5040,37,1592,11,330,0,0,0,0,0,0,0,0,graph_0001__stability_0.4000,stability,0.4,graph_0001,epoch_0001
trace,static,0.178163,0.178118,827,617,105,0,0,0.416667,0.021388,72.308593,360,150,0,0,0,114,0.833333,0,0,0.000000,0.000000,0.500000,1.666667,2.000000,2.000000,2.000000;2.000000;2.000000;2.000000;2.000000;2.000000;2.000000;2.000000;2.000000;2.000000;2.000000;2.000000;1.000000;1.000000;1.000000;1.000000;1.000000;1.000000,34,nan,0,2.000000;2.000000;2.000000;2.000000;2.000000;2.000000;2.000000;2.000000;2.000000;2.000000;2.000000;2.000000;2.000000;1.000000;1.000000;1.000000;1.000000,0.042269;0.138229;0.070389;0.166389;0.098549;0.030709;0.126709;0.058869;0.154869;0.087029;0.019189;0.115189;0.064309;0.030389;0.160309;0.126389;nan,2.000000;2.000000;2.000000;2.000000;2.000000;2.000000;2.000000;2.000000;2.000000;2.000000;2.000000;2.000000;2.000000;1.000000;1.000000;1.000000;1.000000,0,0,0,0,0,0,0,0,0,0,0,0,0,0,0,0,0,0,0,0,0,0,0,0,0,0,0,0,graph_0001__stability_0.4000,stability,0.4,graph_0001,epoch_0001
trace,olsr,0.408109,0.407777,1496,1597,105,332,529,0.677778,0.034022,74.742666,360,244,0,0,0,339,1.355556,332,21912,1.360656,89.803279,0.500000,1.666667,2.000000,2.000000,2.000000;2.000000;2.000000;2.000000;2.000000;2.000000;2.000000;2.000000;2.000000;2.000000;2.000000;2.000000;1.000000;1.000000;1.000000;1.000000;1.000000;1.000000,34,nan,0,2.000000;2.000000;2.000000;2.000000;2.000000;2.000000;2.000000;2.000000;2.000000;2.000000;2.000000;2.000000;2.000000;1.000000;1.000000;1.000000;1.000000,0.033253;0.129253;0.061413;0.157413;0.089573;0.021733;0.117733;0.049893;0.145893;0.733413;0.010213;0.106213;0.055333;0.021413;0.151333;0.117413;nan,2.000000;2.000000;2.000000;2.000000;2.000000;2.000000;2.000000;2.000000;2.000000;2.000000;2.000000;2.000000;2.000000;1.000000;1.000000;1.000000;1.000000,229,13760,103,8152,0,0,0,0,0,0,0,0,0,0,0,0,0,0,0,0,0,0,0,0,0,0,0,0,graph_0001__stability_0.4000,stability,0.4,graph_0001,epoch_0003
trace,aodv,0.533353,0.533296,2285,2515,105,726,994,0.880556,0.044378,75.724511,360,317,5,0,0,476,1.761111,726,34948,2.290221,110.246057,0.500000,1.666667,2.000000,2.000000,2.000000;2.000000;2.000000;2.000000;2.000000;2.000000;2.000000;2.000000;2.000000;2.000000;2.000000;2.000000;1.000000;1.000000;1.000000;1.000000;1.000000;1.000000,34,nan,0,2.000000;2.000000;2.000000;2.000000;2.000000;2.000000;2.000000;2.000000;2.000000;2.000000;2.000000;2.000000;2.000000;1.000000;1.000000;1.000000;1.000000,0.033253;0.129253;0.061413;1.496787;1.431748;1.519388;1.447658;1.396785;0.145893;0.078053;0.010213;0.106213;0.055333;0.021413;0.151333;0.117413;nan,2.000000;2.000000;2.000000;2.000000;2.000000;2.000000;2.000000;2.000000;2.000000;2.000000;2.000000;2.000000;2.000000;1.000000;1.000000;1.000000;1.000000,0,0,0,0,0,0,0,0,0,0,461,22128,115,5980,106,5088,32,1392,12,360,0,0,0,0,0,0,0,0,graph_0001__stability_0.4000,stability,0.4,graph_0001,epoch_0003
trace,static,0.180284,0.179936,829,620,105,0,0,0.419444,0.021535,72.324880,360,151,0,0,0,115,0.838889,0,0,0.000000,0.000000,0.500000,1.666667,2.000000,2.000000,2.000000;2.000000;2.000000;2.000000;2.000000;2.000000;2.000000;2.000000;2.000000;2.000000;2.000000;2.000000;1.000000;1.000000;1.000000;1.000000;1.000000;1.000000,34,nan,0,2.000000;2.000000;2.000000;2.000000;2.000000;2.000000;2.000000;2.000000;2.000000;2.000000;2.000000;2.000000;2.000000;1.000000;1.000000;1.000000;1.000000,0.042269;0.138229;0.070389;0.166389;0.098549;0.030709;0.126709;0.058869;0.154869;0.087029;0.019189;0.115189;0.064309;0.030389;0.160309;0.126389;nan,2.000000;2.000000;2.000000;2.000000;2.000000;2.000000;2.000000;2.000000;2.000000;2.000000;2.000000;2.000000;2.000000;1.000000;1.000000;1.000000;1.000000,0,0,0,0,0,0,0,0,0,0,0,0,0,0,0,0,0,0,0,0,0,0,0,0,0,0,0,0,graph_0001__stability_0.4000,stability,0.4,graph_0001,epoch_0003
trace,olsr,0.430382,0.430315,1564,1652,105,331,523,0.711111,0.035689,75.151437,360,256,0,0,0,366,1.422222,331,21808,1.292969,85.187500,0.500000,1.666667,2.000000,2.000000,2.000000;2.000000;2.000000;2.000000;2.000000;2.000000;2.000000;2.000000;2.000000;2.000000;2.000000;2.000000;1.000000;1.000000;1.000000;1.000000;1.000000;1.000000,34,nan,0,2.000000;2.000000;2.000000;2.000000;2.000000;2.000000;2.000000;2.000000;2.000000;2.000000;2.000000;2.000000;2.000000;1.000000;1.000000;1.000000;1.000000,0.033253;0.129253;0.061413;0.157413;0.089693;0.021733;0.117733;0.049893;0.145893;0.078053;0.010213;0.106213;0.055333;0.021413;0.151333;0.117413;nan,2.000000;2.000000;2.000000;2.000000;2.000000;2.000000;2.000000;2.000000;2.000000;2.000000;2.000000;2.000000;2.000000;1.000000;1.000000;1.000000;1.000000,228,13696,103,8112,0,0,0,0,0,0,0,0,0,0,0,0,0,0,0,0,0,0,0,0,0,0,0,0,graph_0001__stability_0.4000,stability,0.4,graph_0001,epoch_0004
trace,aodv,0.534034,0.534001,2302,2530,105,734,995,0.888889,0.044788,75.586480,360,320,7,0,0,458,1.777778,734,35330,2.293750,110.406250,0.500000,1.666667,2.000000,2.000000,2.000000;2.000000;2.000000;2.000000;2.000000;2.000000;2.000000;2.000000;2.000000;2.000000;2.000000;2.000000;1.000000;1.000000;1.000000;1.000000;1.000000;1.000000,34,nan,0,2.000000;2.000000;2.000000;2.000000;2.000000;2.000000;2.000000;2.000000;2.000000;2.000000;2.000000;2.000000;2.000000;1.000000;1.000000;1.000000;1.000000,0.033253;0.129253;0.061413;1.487728;1.416028;1.516248;1.455804;1.385989;0.145893;0.078053;0.010213;0.106213;0.055333;0.021413;0.151333;0.117413;nan,2.000000;2.000000;2.000000;2.000000;2.000000;2.000000;2.000000;2.000000;2.000000;2.000000;2.000000;2.000000;2.000000;1.000000;1.000000;1.000000;1.000000,0,0,0,0,0,0,0,0,0,0,461,22128,120,6240,105,5040,37,1592,11,330,0,0,0,0,0,0,0,0,graph_0001__stability_0.4000,stability,0.4,graph_0001,epoch_0004
trace,static,0.182144,0.182124,829,620,105,0,0,0.419444,0.021531,72.324819,360,151,0,0,0,116,0.838889,0,0,0.000000,0.000000,0.500000,1.666667,2.000000,2.000000,2.000000;2.000000;2.000000;2.000000;2.000000;2.000000;2.000000;2.000000;2.000000;2.000000;2.000000;2.000000;1.000000;1.000000;1.000000;1.000000;1.000000;1.000000,34,nan,0,2.000000;2.000000;2.000000;2.000000;2.000000;2.000000;2.000000;2.000000;2.000000;2.000000;2.000000;2.000000;2.000000;1.000000;1.000000;1.000000;1.000000,0.042269;0.138229;0.070389;0.166389;0.098549;0.030709;0.126709;0.058869;0.154869;0.087029;0.019189;0.115189;0.064309;0.030389;0.160309;0.126389;nan,2.000000;2.000000;2.000000;2.000000;2.000000;2.000000;2.000000;2.000000;2.000000;2.000000;2.000000;2.000000;2.000000;1.000000;1.000000;1.000000;1.000000,0,0,0,0,0,0,0,0,0,0,0,0,0,0,0,0,0,0,0,0,0,0,0,0,0,0,0,0,graph_0001__stability_0.4000,stability,0.4,graph_0001,epoch_0004
trace,olsr,0.383250,0.383228,1396,1509,105,333,534,0.605556,0.030392,74.861950,360,218,13,0,0,317,1.211111,333,21884,1.527523,100.385321,0.500000,1.666667,2.000000,2.000000,2.000000;2.000000;2.000000;2.000000;2.000000;2.000000;2.000000;2.000000;2.000000;2.000000;2.000000;2.000000;1.000000;1.000000;1.000000;1.000000;1.000000;1.000000,34,nan,0,2.000000;2.000000;2.000000;2.000000;2.000000;2.000000;2.000000;2.000000;2.000000;2.000000;2.000000;2.000000;2.000000;1.000000;1.000000;1.000000;1.000000,0.033253;0.129253;0.061413;0.157413;0.089573;nan;0.117733;0.049893;nan;0.251069;0.010213;0.106213;0.055333;0.021413;0.151333;0.117413;nan,2.000000;2.000000;2.000000;2.000000;2.000000;2.000000;2.000000;2.000000;2.000000;2.000000;2.000000;2.000000;2.000000;1.000000;1.000000;1.000000;1.000000,228,13696,105,8188,0,0,0,0,0,0,0,0,0,0,0,0,0,0,0,0,0,0,0,0,0,0,0,0,graph_0001__stability_0.4000,stability,0.4,graph_0001,epoch_0005
trace,aodv,0.543020,0.542960,2291,2517,105,740,1002,0.869444,0.044554,76.132778,360,313,11,0,0,476,1.738889,740,35568,2.364217,113.635783,0.500000,1.666667,2.000000,2.000000,2.000000;2.000000;2.000000;2.000000;2.000000;2.000000;2.000000;2.000000;2.000000;2.000000;2.000000;2.000000;1.000000;1.000000;1.000000;1.000000;1.000000;1.000000,34,nan,0,2.000000;2.000000;2.000000;2.000000;2.000000;2.000000;2.000000;2.000000;2.000000;2.000000;2.000000;2.000000;2.000000;1.000000;1.000000;1.000000;1.000000,0.033253;0.129253;0.061413;1.494364;1.424188;1.527604;1.463105;1.385865;0.145893;0.078053;0.010213;0.106213;0.055333;0.021413;0.151333;0.117413;nan,2.000000;2.000000;2.000000;2.000000;2.000000;2.000000;2.000000;2.000000;2.000000;2.000000;2.000000;2.000000;2.000000;1.000000;1.000000;1.000000;1.000000,0,0,0,0,0,0,0,0,0,0,461,22128,120,6240,106,5088,41,1752,12,360,0,0,0,0,0,0,0,0,graph_0001__stability_0.4000,stability,0.4,graph_0001,epoch_0005
trace,static,0.183301,0.183125,827,617,105,0,0,0.416667,0.021389,72.308611,360,150,0,0,0,113,0.833333,0,0,0.000000,0.000000,0.500000,1.666667,2.000000,2.000000,2.000000;2.000000;2.000000;2.000000;2.000000;2.000000;2.000000;2.000000;2.000000;2.000000;2.000000;2.000000;1.000000;1.000000;1.000000;1.000000;1.000000;1.000000,34,nan,0,2.000000;2.000000;2.000000;2.000000;2.000000;2.000000;2.000000;2.000000;2.000000;2.000000;2.000000;2.000000;2.000000;1.000000;1.000000;1.000000;1.000000,0.042269;0.138229;0.070389;0.166389;0.098549;0.030709;0.126709;0.058869;0.154869;0.087029;0.019189;0.115189;0.064309;0.030389;0.160309;0.126389;nan,2.000000;2.000000;2.000000;2.000000;2.000000;2.000000;2.000000;2.000000;2.000000;2.000000;2.000000;2.000000;2.000000;1.000000;1.000000;1.000000;1.000000,0,0,0,0,0,0,0,0,0,0,0,0,0,0,0,0,0,0,0,0,0,0,0,0,0,0,0,0,graph_0001__stability_0.4000,stability,0.4,graph_0001,epoch_0005
trace,olsr,0.424875,0.424679,1569,1664,105,333,531,0.713889,0.035834,75.424010,360,257,0,0,0,354,1.427778,333,21944,1.295720,85.385214,0.500000,1.666667,2.000000,2.000000,2.000000;2.000000;2.000000;2.000000;2.000000;2.000000;2.000000;2.000000;2.000000;2.000000;2.000000;2.000000;1.000000;1.000000;1.000000;1.000000;1.000000;1.000000,34,nan,0,2.000000;2.000000;2.000000;2.000000;2.000000;2.000000;2.000000;2.000000;2.000000;2.000000;2.000000;2.000000;2.000000;1.000000;1.000000;1.000000;1.000000,0.033253;0.129253;0.061413;0.157413;0.089573;0.021733;0.117733;0.049893;0.145893;0.078053;0.010213;0.106213;0.055333;0.021413;0.151333;0.117413;nan,2.000000;2.000000;2.000000;2.000000;2.000000;2.000000;2.000000;2.000000;2.000000;2.000000;2.000000;2.000000;2.000000;1.000000;1.000000;1.000000;1.000000,230,13824,103,8120,0,0,0,0,0,0,0,0,0,0,0,0,0,0,0,0,0,0,0,0,0,0,0,0,graph_0001__stability_0.4000,stability,0.4,graph_0001,epoch_0002
trace,aodv,0.530209,0.529979,2317,2544,105,747,1008,0.888889,0.044796,75.587565,360,320,6,0,0,495,1.777778,747,35998,2.334375,112.493750,0.500000,1.666667,2.000000,2.000000,2.000000;2.000000;2.000000;2.000000;2.000000;2.000000;2.000000;2.000000;2.000000;2.000000;2.000000;2.000000;1.000000;1.000000;1.000000;1.000000;1.000000;1.000000,34,nan,0,2.000000;2.000000;2.000000;2.000000;2.000000;2.000000;2.000000;2.000000;2.000000;2.000000;2.000000;2.000000;2.000000;1.000000;1.000000;1.000000;1.000000,0.033253;0.129253;0.061413;1.494528;1.420068;1.516424;1.458648;1.385105;0.145893;0.078053;0.010213;0.106213;0.055333;0.021413;0.151333;0.117413;nan,2.000000;2.000000;2.000000;2.000000;2.000000;2.000000;2.000000;2.000000;2.000000;2.000000;2.000000;2.000000;2.000000;1.000000;1.000000;1.000000;1.000000,0,0,0,0,0,0,0,0,0,0,461,22128,127,6604,113,5424,35,1512,11,330,0,0,0,0,0,0,0,0,graph_0001__stability_0.4000,stability,0.4,graph_0001,epoch_0002
trace,static,0.182111,0.181910,831,622,105,0,0,0.419444,0.021534,72.324930,360,151,0,0,0,119,0.838889,0,0,0.000000,0.000000,0.500000,1.666667,2.000000,2.000000,2.000000;2.000000;2.000000;2.000000;2.000000;2.000000;2.000000;2.000000;2.000000;2.000000;2.000000;2.000000;1.000000;1.000000;1.000000;1.000000;1.000000;1.000000,34,nan,0,2.000000;2.000000;2.000000;2.000000;2.000000;2.000000;2.000000;2.000000;2.000000;2.000000;2.000000;2.000000;2.000000;1.000000;1.000000;1.000000;1.000000,0.042269;0.138229;0.070389;0.166389;0.098549;0.030709;0.126709;0.058869;0.154869;0.087029;0.019189;0.115189;0.073015;0.030389;0.160309;0.126389;nan,2.000000;2.000000;2.000000;2.000000;2.000000;2.000000;2.000000;2.000000;2.000000;2.000000;2.000000;2.000000;2.000000;1.000000;1.000000;1.000000;1.000000,0,0,0,0,0,0,0,0,0,0,0,0,0,0,0,0,0,0,0,0,0,0,0,0,0,0,0,0,graph_0001__stability_0.4000,stability,0.4,graph_0001,epoch_0002
trace,olsr,0.428051,0.428005,1577,1679,105,330,529,0.725000,0.036387,75.441839,360,261,0,0,0,401,1.450000,330,21824,1.264368,83.616858,0.500000,1.250000,1.000000,2.000000,2.000000;2.000000;2.000000;2.000000;2.000000;2.000000;1.000000;1.000000;1.000000;1.000000;1.000000;1.000000;1.000000;1.000000;1.000000;1.000000;1.000000;1.000000;1.000000;1.000000;1.000000;1.000000;1.000000;1.000000,46,nan,0,2.000000;2.000000;2.000000;2.000000;2.000000;2.000000;2.000000;1.000000;1.000000;1.000000;1.000000;1.000000;1.000000;1.000000;1.000000;1.000000;1.000000;1.000000;1.000000;1.000000;1.000000;1.000000;1.000000,0.033253;0.129253;0.061413;0.157413;0.089573;0.021733;0.134693;0.100773;0.066853;0.032933;0.162853;0.128933;0.095013;0.061093;0.027173;0.157093;0.123173;0.089253;0.055333;0.021413;0.151333;0.117413;nan,2.000000;2.000000;2.000000;2.000000;2.000000;2.000000;2.000000;1.000000;1.000000;1.000000;1.000000;1.000000;1.000000;1.000000;1.000000;1.000000;1.000000;1.000000;1.000000;1.000000;1.000000;1.000000;1.000000,229,13760,101,8064,0,0,0,0,0,0,0,0,0,0,0,0,0,0,0,0,0,0,0,0,0,0,0,0,graph_0002__stability_0.2000,stability,0.2,graph_0002,epoch_0001
trace,aodv,0.549381,0.549336,2281,2516,105,768,1038,0.866667,0.043671,75.887748,360,312,13,0,0,438,1.733333,768,36854,2.461538,118.121795,0.500000,1.250000,1.000000,2.000000,2.000000;2.000000;2.000000;2.000000;2.000000;2.000000;1.000000;1.000000;1.000000;1.000000;1.000000;1.000000;1.000000;1.000000;1.000000;1.000000;1.000000;1.000000;1.000000;1.000000;1.000000;1.000000;1.000000;1.000000,46,nan,0,2.000000;2.000000;2.000000;2.000000;2.000000;2.000000;2.000000;1.000000;1.000000;1.000000;1.000000;1.000000;1.000000;1.000000;1.000000;1.000000;1.000000;1.000000;1.000000;1.000000;1.000000;1.000000;1.000000,0.033253;1.459928;0.061413;0.157413;1.430308;0.021733;0.134693;0.100773;0.066853;0.032933;0.162853;0.128933;0.095013;0.061093;0.027173;0.157093;0.123173;0.089253;0.055333;0.021413;0.151333;0.117413;nan,2.000000;2.000000;2.000000;2.000000;2.000000;2.000000;2.000000;1.000000;1.000000;1.000000;1.000000;1.000000;1.000000;1.000000;1.000000;1.000000;1.000000;1.000000;1.000000;1.000000;1.000000;1.000000;1.000000,0,0,0,0,0,0,0,0,0,0,462,22176,122,6344,116,5568,59,2496,9,270,0,0,0,0,0,0,0,0,graph_0002__stability_0.2000,stability,0.2,graph_0002,epoch_0001
trace,static,0.182055,0.182029,809,590,105,0,0,0.391667,0.020106,72.449084,360,141,0,0,0,155,0.783333,0,0,0.000000,0.000000,0.500000,1.250000,1.000000,2.000000,2.000000;2.000000;2.000000;2.000000;2.000000;2.000000;1.000000;1.000000;1.000000;1.000000;1.000000;1.000000;1.000000;1.000000;1.000000;1.000000;1.000000;1.000000;1.000000;1.000000;1.000000;1.000000;1.000000;1.000000,46,nan,0,2.000000;2.000000;2.000000;2.000000;2.000000;2.000000;2.000000;1.000000;1.000000;1.000000;1.000000;1.000000;1.000000;1.000000;1.000000;1.000000;1.000000;1.000000;1.000000;1.000000;1.000000;1.000000;1.000000,0.042269;0.138229;0.070389;0.166389;0.098549;0.030709;0.143669;0.109749;0.075829;0.041909;0.171829;0.137909;0.103989;0.070309;0.036149;0.166069;0.132149;0.098229;0.064329;0.030389;0.160309;0.126389;nan,2.000000;2.000000;2.000000;2.000000;2.000000;2.000000;2.000000;1.000000;1.000000;1.000000;1.000000;1.000000;1.000000;1.000000;1.000000;1.000000;1.000000;1.000000;1.000000;1.000000;1.000000;1.000000;1.000000,0,0,0,0,0,0,0,0,0,0,0,0,0,0,0,0,0,0,0,0,0,0,0,0,0,0,0,0,graph_0002__stability_0.2000,stability,0.2,graph_0002,epoch_0001
trace,olsr,0.447608,0.445982,1589,1700,105,331,537,0.736111,0.036945,75.842401,360,265,0,0,0,396,1.472222,331,21856,1.249057,82.475472,0.500000,1.250000,1.000000,2.000000,2.000000;2.000000;2.000000;2.000000;2.000000;2.000000;1.000000;1.000000;1.000000;1.000000;1.000000;1.000000;1.000000;1.000000;1.000000;1.000000;1.000000;1.000000;1.000000;1.000000;1.000000;1.000000;1.000000;1.000000,46,nan,0,2.000000;2.000000;2.000000;2.000000;2.000000;2.000000;2.000000;1.000000;1.000000;1.000000;1.000000;1.000000;1.000000;1.000000;1.000000;1.000000;1.000000;1.000000;1.000000;1.000000;1.000000;1.000000;1.000000,0.033253;0.129253;0.061413;0.157413;0.089573;0.021733;0.134693;0.100773;0.066853;0.032933;0.162853;0.128933;0.095013;0.061093;0.027173;0.157093;0.123173;0.089253;0.055333;0.021413;0.154063;0.117550;nan,2.000000;2.000000;2.000000;2.000000;2.000000;2.000000;2.000000;1.000000;1.000000;1.000000;1.000000;1.000000;1.000000;1.000000;1.000000;1.000000;1.000000;1.000000;1.000000;1.000000;1.000000;1.000000;1.000000,229,13760,102,8096,0,0,0,0,0,0,0,0,0,0,0,0,0,0,0,0,0,0,0,0,0,0,0,0,graph_0002__stability_0.2000,stability,0.2,graph_0002,epoch_0003
trace,aodv,0.550974,0.549933,2255,2454,105,742,986,0.855556,0.043104,76.134867,360,308,7,0,0,525,1.711111,742,35692,2.409091,115.883117,0.500000,1.250000,1.000000,2.000000,2.000000;2.000000;2.000000;2.000000;2.000000;2.000000;1.000000;1.000000;1.000000;1.000000;1.000000;1.000000;1.000000;1.000000;1.000000;1.000000;1.000000;1.000000;1.000000;1.000000;1.000000;1.000000;1.000000;1.000000,46,nan,0,2.000000;2.000000;2.000000;2.000000;2.000000;2.000000;2.000000;1.000000;1.000000;1.000000;1.000000;1.000000;1.000000;1.000000;1.000000;1.000000;1.000000;1.000000;1.000000;1.000000;1.000000;1.000000;1.000000,0.033253;1.467788;0.061413;0.157413;1.423785;0.021733;0.134693;0.100773;0.066853;0.032933;0.162853;0.128933;0.095013;0.061093;0.027173;0.157093;0.123173;0.089253;0.055333;0.021413;0.151333;0.117413;nan,2.000000;2.000000;2.000000;2.000000;2.000000;2.000000;2.000000;1.000000;1.000000;1.000000;1.000000;1.000000;1.000000;1.000000;1.000000;1.000000;1.000000;1.000000;1.000000;1.000000;1.000000;1.000000;1.000000,0,0,0,0,0,0,0,0,0,0,463,22224,111,5772,114,5472,46,1984,8,240,0,0,0,0,0,0,0,0,graph_0002__stability_0.2000,stability,0.2,graph_0002,epoch_0003
trace,static,0.185922,0.185893,810,592,105,0,0,0.394444,0.020245,72.465299,360,142,0,0,0,154,0.788889,0,0,0.000000,0.000000,0.500000,1.250000,1.000000,2.000000,2.000000;2.000000;2.000000;2.000000;2.000000;2.000000;1.000000;1.000000;1.000000;1.000000;1.000000;1.000000;1.000000;1.000000;1.000000;1.000000;1.000000;1.000000;1.000000;1.000000;1.000000;1.000000;1.000000;1.000000,46,nan,0,2.000000;2.000000;2.000000;2.000000;2.000000;2.000000;2.000000;1.000000;1.000000;1.000000;1.000000;1.000000;1.000000;1.000000;1.000000;1.000000;1.000000;1.000000;1.000000;1.000000;1.000000;1.000000;1.000000,0.042269;0.138229;0.070389;0.166389;0.098549;0.030709;0.143669;0.109749;0.075909;0.041909;0.171829;0.137909;0.103989;0.070309;0.036149;0.166069;0.132149;0.098229;0.064329;0.030389;0.160309;0.126389;nan,2.000000;2.000000;2.000000;2.000000;2.000000;2.000000;2.000000;1.000000;1.000000;1.000000;1.000000;1.000000;1.000000;1.000000;1.000000;1.000000;1.000000;1.000000;1.000000;1.000000;1.000000;1.000000;1.000000,0,0,0,0,0,0,0,0,0,0,0,0,0,0,0,0,0,0,0,0,0,0,0,0,0,0,0,0,graph_0002__stability_0.2000,stability,0.2,graph_0002,epoch_0003
trace,olsr,0.432431,0.432417,1578,1684,105,329,534,0.719444,0.036110,75.802940,360,259,2,0,0,391,1.438889,329,21648,1.270270,83.583012,0.500000,1.250000,1.000000,2.000000,2.000000;2.000000;2.000000;2.000000;2.000000;2.000000;1.000000;1.000000;1.000000;1.000000;1.000000;1.000000;1.000000;1.000000;1.000000;1.000000;1.000000;1.000000;1.000000;1.000000;1.000000;1.000000;1.000000;1.000000,46,nan,0,2.000000;2.000000;2.000000;2.000000;2.000000;2.000000;2.000000;1.000000;1.000000;1.000000;1.000000;1.000000;1.000000;1.000000;1.000000;1.000000;1.000000;1.000000;1.000000;1.000000;1.000000;1.000000;1.000000,0.033253;0.129253;0.061413;0.157413;0.089573;0.021733;0.134693;0.100773;0.066853;0.032933;0.162853;0.128933;0.095013;0.061093;0.027173;0.157093;0.123173;0.089253;0.055333;0.021413;0.151333;0.117413;nan,2.000000;2.000000;2.000000;2.000000;2.000000;2.000000;2.000000;1.000000;1.000000;1.000000;1.000000;1.000000;1.000000;1.000000;1.000000;1.000000;1.000000;1.000000;1.000000;1.000000;1.000000;1.000000;1.000000,227,13632,102,8016,0,0,0,0,0,0,0,0,0,0,0,0,0,0,0,0,0,0,0,0,0,0,0,0,graph_0002__stability_0.2000,stability,0.2,graph_0002,epoch_0004
trace,aodv,0.541585,0.541565,2266,2501,105,752,1026,0.861111,0.043396,75.994250,360,310,11,0,0,418,1.722222,752,36084,2.425806,116.400000,0.500000,1.250000,1.000000,2.000000,2.000000;2.000000;2.000000;2.000000;2.000000;2.000000;1.000000;1.000000;1.000000;1.000000;1.000000;1.000000;1.000000;1.000000;1.000000;1.000000;1.000000;1.000000;1.000000;1.000000;1.000000;1.000000;1.000000;1.000000,46,nan,0,2.000000;2.000000;2.000000;2.000000;2.000000;2.000000;2.000000;1.000000;1.000000;1.000000;1.000000;1.000000;1.000000;1.000000;1.000000;1.000000;1.000000;1.000000;1.000000;1.000000;1.000000;1.000000;1.000000,0.033253;1.472988;0.061413;0.157413;1.428964;0.021733;0.134693;0.100773;0.066853;0.032933;0.162853;0.128933;0.095013;0.061093;0.027173;0.157093;0.123173;0.089253;0.055333;0.021413;0.151333;0.117413;nan,2.000000;2.000000;2.000000;2.000000;2.000000;2.000000;2.000000;1.000000;1.000000;1.000000;1.000000;1.000000;1.000000;1.000000;1.000000;1.000000;1.000000;1.000000;1.000000;1.000000;1.000000;1.000000;1.000000,0,0,0,0,0,0,0,0,0,0,463,22224,111,5772,114,5472,56,2376,8,240,0,0,0,0,0,0,0,0,graph_0002__stability_0.2000,stability,0.2,graph_0002,epoch_0004
trace,static,0.174421,0.174297,810,592,105,0,0,0.394444,0.020250,72.465367,360,142,0,0,0,155,0.788889,0,0,0.000000,0.000000,0.500000,1.250000,1.000000,2.000000,2.000000;2.000000;2.000000;2.000000;2.000000;2.000000;1.000000;1.000000;1.000000;1.000000;1.000000;1.000000;1.000000;1.000000;1.000000;1.000000;1.000000;1.000000;1.000000;1.000000;1.000000;1.000000;1.000000;1.000000,46,nan,0,2.000000;2.000000;2.000000;2.000000;2.000000;2.000000;2.000000;1.000000;1.000000;1.000000;1.000000;1.000000;1.000000;1.000000;1.000000;1.000000;1.000000;1.000000;1.000000;1.000000;1.000000;1.000000;1.000000,0.042269;0.138229;0.070389;0.166389;0.098549;0.030709;0.143669;0.109749;0.075909;0.041909;0.171829;0.137909;0.103989;0.070309;0.036149;0.166069;0.132149;0.098229;0.064329;0.030389;0.160309;0.126389;nan,2.000000;2.000000;2.000000;2.000000;2.000000;2.000000;2.000000;1.000000;1.000000;1.000000;1.000000;1.000000;1.000000;1.000000;1.000000;1.000000;1.000000;1.000000;1.000000;1.000000;1.000000;1.000000;1.000000,0,0,0,0,0,0,0,0,0,0,0,0,0,0,0,0,0,0,0,0,0,0,0,0,0,0,0,0,graph_0002__stability_0.2000,stability,0.2,graph_0002,epoch_0004
trace,olsr,0.435021,0.434833,1587,1694,105,332,538,0.725000,0.036390,75.591143,360,261,0,0,0,392,1.450000,332,21840,1.272031,83.678161,0.500000,1.250000,1.000000,2.000000,2.000000;2.000000;2.000000;2.000000;2.000000;2.000000;1.000000;1.000000;1.000000;1.000000;1.000000;1.000000;1.000000;1.000000;1.000000;1.000000;1.000000;1.000000;1.000000;1.000000;1.000000;1.000000;1.000000;1.000000,46,nan,0,2.000000;2.000000;2.000000;2.000000;2.000000;2.000000;2.000000;1.000000;1.000000;1.000000;1.000000;1.000000;1.000000;1.000000;1.000000;1.000000;1.000000;1.000000;1.000000;1.000000;1.000000;1.000000;1.000000,0.033253;0.129253;0.061413;0.157413;0.089573;0.021733;0.134693;0.100773;0.066853;0.032933;0.162853;0.128933;0.095013;0.061093;0.027173;0.157093;0.123173;0.089253;0.055333;0.021413;0.151333;0.117413;nan,2.000000;2.000000;2.000000;2.000000;2.000000;2.000000;2.000000;1.000000;1.000000;1.000000;1.000000;1.000000;1.000000;1.000000;1.000000;1.000000;1.000000;1.000000;1.000000;1.000000;1.000000;1.000000;1.000000,228,13696,104,8144,0,0,0,0,0,0,0,0,0,0,0,0,0,0,0,0,0,0,0,0,0,0,0,0,graph_0002__stability_0.2000,stability,0.2,graph_0002,epoch_0005
trace,aodv,0.533518,0.533338,2270,2493,105,746,1016,0.863889,0.043543,75.872979,360,311,2,0,0,519,1.727778,746,35978,2.398714,115.684887,0.500000,1.250000,1.000000,2.000000,2.000000;2.000000;2.000000;2.000000;2.000000;2.000000;1.000000;1.000000;1.000000;1.000000;1.000000;1.000000;1.000000;1.000000;1.000000;1.000000;1.000000;1.000000;1.000000;1.000000;1.000000;1.000000;1.000000;1.000000,46,nan,0,2.000000;2.000000;2.000000;2.000000;2.000000;2.000000;2.000000;1.000000;1.000000;1.000000;1.000000;1.000000;1.000000;1.000000;1.000000;1.000000;1.000000;1.000000;1.000000;1.000000;1.000000;1.000000;1.000000,0.033253;1.474048;0.061413;0.157413;1.438845;0.021733;0.134693;0.100773;0.066853;0.032933;0.162853;0.128933;0.095013;0.061093;0.027173;0.157093;0.123173;0.089253;0.055333;0.023073;0.151333;0.117413;nan,2.000000;2.000000;2.000000;2.000000;2.000000;2.000000;2.000000;1.000000;1.000000;1.000000;1.000000;1.000000;1.000000;1.000000;1.000000;1.000000;1.000000;1.000000;1.000000;1.000000;1.000000;1.000000;1.000000,0,0,0,0,0,0,0,0,0,0,463,22224,117,6084,120,5760,37,1640,9,270,0,0,0,0,0,0,0,0,graph_0002__stability_0.2000,stability,0.2,graph_0002,epoch_0005
trace,static,0.179976,0.179860,810,591,105,0,0,0.391667,0.020107,72.449181,360,141,0,0,0,152,0.783333,0,0,0.000000,0.000000,0.500000,1.250000,1.000000,2.000000,2.000000;2.000000;2.000000;2.000000;2.000000;2.000000;1.000000;1.000000;1.000000;1.000000;1.000000;1.000000;1.000000;1.000000;1.000000;1.000000;1.000000;1.000000;1.000000;1.000000;1.000000;1.000000;1.000000;1.000000,46,nan,0,2.000000;2.000000;2.000000;2.000000;2.000000;2.000000;2.000000;1.000000;1.000000;1.000000;1.000000;1.000000;1.000000;1.000000;1.000000;1.000000;1.000000;1.000000;1.000000;1.000000;1.000000;1.000000;1.000000,0.042269;0.138229;0.070389;0.166389;0.098549;0.030709;0.143669;0.109749;0.084535;0.041909;0.171829;0.137909;0.103989;0.070309;0.036149;0.166069;0.132149;0.098229;0.064329;0.030389;0.160309;0.126389;nan,2.000000;2.000000;2.000000;2.000000;2.000000;2.000000;2.000000;1.000000;1.000000;1.000000;1.000000;1.000000;1.000000;1.000000;1.000000;1.000000;1.000000;1.000000;1.000000;1.000000;1.000000;1.000000;1.000000,0,0,0,0,0,0,0,0,0,0,0,0,0,0,0,0,0,0,0,0,0,0,0,0,0,0,0,0,graph_0002__stability_0.2000,stability,0.2,graph_0002,epoch_0005
trace,olsr,0.415164,0.414930,1522,1628,105,328,523,0.691667,0.034715,76.360017,360,249,0,0,0,391,1.383333,328,21640,1.317269,86.907631,0.500000,1.250000,1.000000,2.000000,2.000000;2.000000;2.000000;2.000000;2.000000;2.000000;1.000000;1.000000;1.000000;1.000000;1.000000;1.000000;1.000000;1.000000;1.000000;1.000000;1.000000;1.000000;1.000000;1.000000;1.000000;1.000000;1.000000;1.000000,46,nan,0,2.000000;2.000000;2.000000;2.000000;2.000000;2.000000;2.000000;1.000000;1.000000;1.000000;1.000000;1.000000;1.000000;1.000000;1.000000;1.000000;1.000000;1.000000;1.000000;1.000000;1.000000;1.000000;1.000000,0.033253;0.129253;0.061413;0.157413;0.744933;0.021733;0.134693;0.100773;0.066853;0.032933;0.162853;0.128933;0.095013;0.061093;0.027173;0.157093;0.123173;0.089253;0.055333;0.021413;0.151333;0.117413;nan,2.000000;2.000000;2.000000;2.000000;2.000000;2.000000;2.000000;1.000000;1.000000;1.000000;1.000000;1.000000;1.000000;1.000000;1.000000;1.000000;1.000000;1.000000;1.000000;1.000000;1.000000;1.000000;1.000000,226,13568,102,8072,0,0,0,0,0,0,0,0,0,0,0,0,0,0,0,0,0,0,0,0,0,0,0,0,graph_0002__stability_0.2000,stability,0.2,graph_0002,epoch_0002
trace,aodv,0.555481,0.554905,2313,2542,105,798,1060,0.863889,0.043526,75.686755,360,311,16,0,0,474,1.727778,798,38192,2.565916,122.803859,0.500000,1.250000,1.000000,2.000000,2.000000;2.000000;2.000000;2.000000;2.000000;2.000000;1.000000;1.000000;1.000000;1.000000;1.000000;1.000000;1.000000;1.000000;1.000000;1.000000;1.000000;1.000000;1.000000;1.000000;1.000000;1.000000;1.000000;1.000000,46,nan,0,2.000000;2.000000;2.000000;2.000000;2.000000;2.000000;2.000000;1.000000;1.000000;1.000000;1.000000;1.000000;1.000000;1.000000;1.000000;1.000000;1.000000;1.000000;1.000000;1.000000;1.000000;1.000000;1.000000,0.033253;1.461348;0.061413;0.157413;1.436745;0.021733;0.134693;0.100773;0.066853;0.032933;0.162853;0.128933;0.095013;0.061093;0.027583;0.157093;0.123173;0.089253;0.055333;0.021413;0.151333;0.117413;nan,2.000000;2.000000;2.000000;2.000000;2.000000;2.000000;2.000000;1.000000;1.000000;1.000000;1.000000;1.000000;1.000000;1.000000;1.000000;1.000000;1.000000;1.000000;1.000000;1.000000;1.000000;1.000000;1.000000,0,0,0,0,0,0,0,0,0,0,460,22080,131,6812,123,5904,74,3096,10,300,0,0,0,0,0,0,0,0,graph_0002__stability_0.2000,stability,0.2,graph_0002,epoch_0002
trace,static,0.180030,0.179811,810,591,105,0,0,0.391667,0.020106,72.449159,360,141,0,0,0,154,0.783333,0,0,0.000000,0.000000,0.500000,1.250000,1.000000,2.000000,2.000000;2.000000;2.000000;2.000000;2.000000;2.000000;1.000000;1.000000;1.000000;1.000000;1.000000;1.000000;1.000000;1.000000;1.000000;1.000000;1.000000;1.000000;1.000000;1.000000;1.000000;1.000000;1.000000;1.000000,46,nan,0,2.000000;2.000000;2.000000;2.000000;2.000000;2.000000;2.000000;1.000000;1.000000;1.000000;1.000000;1.000000;1.000000;1.000000;1.000000;1.000000;1.000000;1.000000;1.000000;1.000000;1.000000;1.000000;1.000000,0.042269;0.138229;0.070389;0.166389;0.098549;0.030709;0.143669;0.109749;0.084535;0.041909;0.171829;0.137909;0.103989;0.070309;0.036149;0.166069;0.132149;0.098229;0.064329;0.030389;0.160309;0.126389;nan,2.000000;2.000000;2.000000;2.000000;2.000000;2.000000;2.000000;1.000000;1.000000;1.000000;1.000000;1.000000;1.000000;1.000000;1.000000;1.000000;1.000000;1.000000;1.000000;1.000000;1.000000;1.000000;1.000000,0,0,0,0,0,0,0,0,0,0,0,0,0,0,0,0,0,0,0,0,0,0,0,0,0,0,0,0,graph_0002__stability_0.2000,stability,0.2,graph_0002,epoch_0002
trace,olsr,0.384876,0.384676,1426,1536,105,330,532,0.633333,0.031788,75.072111,360,228,1,0,0,349,1.266667,330,21752,1.447368,95.403509,0.500000,1.250000,1.000000,2.000000,2.000000;2.000000;2.000000;2.000000;2.000000;2.000000;1.000000;1.000000;1.000000;1.000000;1.000000;1.000000;1.000000;1.000000;1.000000;1.000000;1.000000;1.000000;1.000000;1.000000;1.000000;1.000000;1.000000;1.000000,46,nan,0,2.000000;2.000000;2.000000;2.000000;2.000000;2.000000;2.000000;1.000000;1.000000;1.000000;1.000000;1.000000;1.000000;1.000000;1.000000;1.000000;1.000000;1.000000;1.000000;1.000000;1.000000;1.000000;1.000000,0.033253;0.129253;0.061413;0.157413;0.089573;0.021733;0.298533;0.100773;0.066853;0.032933;0.162853;nan;nan;0.061093;0.027173;0.157093;0.123173;0.089253;0.056422;0.021413;0.151333;0.117413;nan,2.000000;2.000000;2.000000;2.000000;2.000000;2.000000;2.000000;1.000000;1.000000;1.000000;1.000000;1.000000;1.000000;1.000000;1.000000;1.000000;1.000000;1.000000;1.000000;1.000000;1.000000;1.000000;1.000000,226,13568,104,8184,0,0,0,0,0,0,0,0,0,0,0,0,0,0,0,0,0,0,0,0,0,0,0,0,graph_0005__stability_0.2000,stability,0.2,graph_0005,epoch_0001
trace,aodv,0.463282,0.462940,2005,2242,105,726,997,0.716667,0.036108,76.862226,360,258,12,56,0,308,1.433333,726,34916,2.813953,135.333333,0.500000,1.250000,1.000000,2.000000,2.000000;2.000000;2.000000;2.000000;2.000000;2.000000;1.000000;1.000000;1.000000;1.000000;1.000000;1.000000;1.000000;1.000000;1.000000;1.000000;1.000000;1.000000;1.000000;1.000000;1.000000;1.000000;1.000000;1.000000,46,nan,0,2.000000;2.000000;2.000000;2.000000;2.000000;2.000000;2.000000;1.000000;1.000000;1.000000;1.000000;1.000000;1.000000;1.000000;1.000000;1.000000;1.000000;1.000000;1.000000;1.000000;1.000000;1.000000;1.000000,0.033253;0.129253;0.061413;0.157413;0.089573;nan;nan;nan;0.494544;0.032933;0.162853;0.128933;0.095013;0.061093;0.027173;0.157093;0.123173;0.089253;0.055333;0.021413;0.151333;0.117413;nan,2.000000;2.000000;2.000000;2.000000;2.000000;2.000000;2.000000;1.000000;1.000000;1.000000;1.000000;1.000000;1.000000;1.000000;1.000000;1.000000;1.000000;1.000000;1.000000;1.000000;1.000000;1.000000;1.000000,0,0,0,0,0,0,0,0,0,0,469,22512,104,5408,101,4848,46,1968,6,180,0,0,0,0,0,0,0,0,graph_0005__stability_0.2000,stability,0.2,graph_0005,epoch_0001
trace,static,0.182851,0.182839,809,590,105,0,0,0.391667,0.020107,72.449175,360,141,0,0,0,156,0.783333,0,0,0.000000,0.000000,0.500000,1.250000,1.000000,2.000000,2.000000;2.000000;2.000000;2.000000;2.000000;2.000000;1.000000;1.000000;1.000000;1.000000;1.000000;1.000000;1.000000;1.000000;1.000000;1.000000;1.000000;1.000000;1.000000;1.000000;1.000000;1.000000;1.000000;1.000000,46,nan,0,2.000000;2.000000;2.000000;2.000000;2.000000;2.000000;2.000000;1.000000;1.000000;1.000000;1.000000;1.000000;1.000000;1.000000;1.000000;1.000000;1.000000;1.000000;1.000000;1.000000;1.000000;1.000000;1.000000,0.042269;0.138229;0.070389;0.166389;0.098549;0.030709;0.143669;0.109749;0.084805;0.041909;0.171829;0.137909;0.103989;0.070229;0.036149;0.166069;0.132149;0.098229;0.064329;0.030389;0.160309;0.126389;nan,2.000000;2.000000;2.000000;2.000000;2.000000;2.000000;2.000000;1.000000;1.000000;1.000000;1.000000;1.000000;1.000000;1.000000;1.000000;1.000000;1.000000;1.000000;1.000000;1.000000;1.000000;1.000000;1.000000,0,0,0,0,0,0,0,0,0,0,0,0,0,0,0,0,0,0,0,0,0,0,0,0,0,0,0,0,graph_0005__stability_0.2000,stability,0.2,graph_0005,epoch_0001
trace,olsr,0.416453,0.416239,1509,1620,105,332,535,0.691667,0.034716,75.192268,360,249,0,0,0,372,1.383333,332,21888,1.333333,87.903614,0.500000,1.250000,1.000000,2.000000,2.000000;2.000000;2.000000;2.000000;2.000000;2.000000;1.000000;1.000000;1.000000;1.000000;1.000000;1.000000;1.000000;1.000000;1.000000;1.000000;1.000000;1.000000;1.000000;1.000000;1.000000;1.000000;1.000000;1.000000,46,nan,0,2.000000;2.000000;2.000000;2.000000;2.000000;2.000000;2.000000;1.000000;1.000000;1.000000;1.000000;1.000000;1.000000;1.000000;1.000000;1.000000;1.000000;1.000000;1.000000;1.000000;1.000000;1.000000;1.000000,0.033253;0.129253;0.061413;0.157413;0.089573;0.021733;0.134693;0.100773;0.066853;0.032933;0.162853;0.128933;nan;0.061093;0.027173;0.157093;0.123173;0.089253;0.055333;0.021413;0.151333;0.117413;nan,2.000000;2.000000;2.000000;2.000000;2.000000;2.000000;2.000000;1.000000;1.000000;1.000000;1.000000;1.000000;1.000000;1.000000;1.000000;1.000000;1.000000;1.000000;1.000000;1.000000;1.000000;1.000000;1.000000,227,13632,105,8256,0,0,0,0,0,0,0,0,0,0,0,0,0,0,0,0,0,0,0,0,0,0,0,0,graph_0005__stability_0.2000,stability,0.2,graph_0005,epoch_0003
trace,aodv,0.463652,0.463219,1989,2225,105,720,987,0.716667,0.036117,76.801075,360,258,15,56,0,296,1.433333,720,34596,2.790698,134.093023,0.500000,1.250000,1.000000,2.000000,2.000000;2.000000;2.000000;2.000000;2.000000;2.000000;1.000000;1.000000;1.000000;1.000000;1.000000;1.000000;1.000000;1.000000;1.000000;1.000000;1.000000;1.000000;1.000000;1.000000;1.000000;1.000000;1.000000;1.000000,46,nan,0,2.000000;2.000000;2.000000;2.000000;2.000000;2.000000;2.000000;1.000000;1.000000;1.000000;1.000000;1.000000;1.000000;1.000000;1.000000;1.000000;1.000000;1.000000;1.000000;1.000000;1.000000;1.000000;1.000000,0.034043;0.129253;0.061413;0.157413;0.089573;nan;nan;nan;0.494049;0.032933;0.162853;0.128933;0.095013;0.061093;0.027173;0.157093;0.123173;0.089253;0.055333;0.021413;0.151333;0.117413;nan,2.000000;2.000000;2.000000;2.000000;2.000000;2.000000;2.000000;1.000000;1.000000;1.000000;1.000000;1.000000;1.000000;1.000000;1.000000;1.000000;1.000000;1.000000;1.000000;1.000000;1.000000;1.000000;1.000000,0,0,0,0,0,0,0,0,0,0,469,22512,100,5200,98,4704,47,2000,6,180,0,0,0,0,0,0,0,0,graph_0005__stability_0.2000,stability,0.2,graph_0005,epoch_0003
trace,static,0.181566,0.181361,809,590,105,0,0,0.391667,0.020107,72.449194,360,141,0,0,0,156,0.783333,0,0,0.000000,0.000000,0.500000,1.250000,1.000000,2.000000,2.000000;2.000000;2.000000;2.000000;2.000000;2.000000;1.000000;1.000000;1.000000;1.000000;1.000000;1.000000;1.000000;1.000000;1.000000;1.000000;1.000000;1.000000;1.000000;1.000000;1.000000;1.000000;1.000000;1.000000,46,nan,0,2.000000;2.000000;2.000000;2.000000;2.000000;2.000000;2.000000;1.000000;1.000000;1.000000;1.000000;1.000000;1.000000;1.000000;1.000000;1.000000;1.000000;1.000000;1.000000;1.000000;1.000000;1.000000;1.000000,0.042269;0.138229;0.070389;0.166389;0.098549;0.030709;0.143669;0.109749;0.084805;0.041909;0.171829;0.137909;0.103989;0.070229;0.036149;0.166069;0.132149;0.098229;0.064329;0.030389;0.160309;0.126389;nan,2.000000;2.000000;2.000000;2.000000;2.000000;2.000000;2.000000;1.000000;1.000000;1.000000;1.000000;1.000000;1.000000;1.000000;1.000000;1.000000;1.000000;1.000000;1.000000;1.000000;1.000000;1.000000;1.000000,0,0,0,0,0,0,0,0,0,0,0,0,0,0,0,0,0,0,0,0,0,0,0,0,0,0,0,0,graph_0005__stability_0.2000,stability,0.2,graph_0005,epoch_0003
trace,olsr,0.444620,0.444590,1576,1679,105,334,536,0.725000,0.036384,75.576080,360,261,0,0,0,402,1.450000,334,21808,1.279693,83.555556,0.500000,1.250000,1.000000,2.000000,2.000000;2.000000;2.000000;2.000000;2.000000;2.000000;1.000000;1.000000;1.000000;1.000000;1.000000;1.000000;1.000000;1.000000;1.000000;1.000000;1.000000;1.000000;1.000000;1.000000;1.000000;1.000000;1.000000;1.000000,46,nan,0,2.000000;2.000000;2.000000;2.000000;2.000000;2.000000;2.000000;1.000000;1.000000;1.000000;1.000000;1.000000;1.000000;1.000000;1.000000;1.000000;1.000000;1.000000;1.000000;1.000000;1.000000;1.000000;1.000000,0.033253;0.129253;0.061413;0.157413;0.089573;0.021733;0.134693;0.100773;0.066853;0.032933;0.162853;0.128933;0.095013;0.061093;0.027173;0.157093;0.123173;0.089253;0.055333;0.021413;0.151333;0.117413;nan,2.000000;2.000000;2.000000;2.000000;2.000000;2.000000;2.000000;1.000000;1.000000;1.000000;1.000000;1.000000;1.000000;1.000000;1.000000;1.000000;1.000000;1.000000;1.000000;1.000000;1.000000;1.000000;1.000000,229,13760,105,8048,0,0,0,0,0,0,0,0,0,0,0,0,0,0,0,0,0,0,0,0,0,0,0,0,graph_0005__stability_0.2000,stability,0.2,graph_0005,epoch_0004
trace,aodv,0.480140,0.479739,1992,2231,105,718,988,0.719444,0.036249,76.734371,360,259,14,56,0,282,1.438889,718,34564,2.772201,133.451737,0.500000,1.250000,1.000000,2.000000,2.000000;2.000000;2.000000;2.000000;2.000000;2.000000;1.000000;1.000000;1.000000;1.000000;1.000000;1.000000;1.000000;1.000000;1.000000;1.000000;1.000000;1.000000;1.000000;1.000000;1.000000;1.000000;1.000000;1.000000,46,nan,0,2.000000;2.000000;2.000000;2.000000;2.000000;2.000000;2.000000;1.000000;1.000000;1.000000;1.000000;1.000000;1.000000;1.000000;1.000000;1.000000;1.000000;1.000000;1.000000;1.000000;1.000000;1.000000;1.000000,0.033253;0.129253;0.061413;0.157413;0.089573;nan;nan;nan;0.502089;0.032933;0.162853;0.128933;0.095013;0.061093;0.027173;0.157093;0.123173;0.089253;0.055333;0.021413;0.151333;0.117413;nan,2.000000;2.000000;2.000000;2.000000;2.000000;2.000000;2.000000;1.000000;1.000000;1.000000;1.000000;1.000000;1.000000;1.000000;1.000000;1.000000;1.000000;1.000000;1.000000;1.000000;1.000000;1.000000;1.000000,0,0,0,0,0,0,0,0,0,0,469,22512,104,5408,98,4704,41,1760,6,180,0,0,0,0,0,0,0,0,graph_0005__stability_0.2000,stability,0.2,graph_0005,epoch_0004
trace,static,0.176076,0.176073,808,589,105,0,0,0.391667,0.020104,72.449058,360,141,0,0,0,153,0.783333,0,0,0.000000,0.000000,0.500000,1.250000,1.000000,2.000000,2.000000;2.000000;2.000000;2.000000;2.000000;2.000000;1.000000;1.000000;1.000000;1.000000;1.000000;1.000000;1.000000;1.000000;1.000000;1.000000;1.000000;1.000000;1.000000;1.000000;1.000000;1.000000;1.000000;1.000000,46,nan,0,2.000000;2.000000;2.000000;2.000000;2.000000;2.000000;2.000000;1.000000;1.000000;1.000000;1.000000;1.000000;1.000000;1.000000;1.000000;1.000000;1.000000;1.000000;1.000000;1.000000;1.000000;1.000000;1.000000,0.042269;0.138229;0.070389;0.166389;0.098549;0.030709;0.143669;0.109749;0.075829;0.041909;0.171829;0.137909;0.103989;0.070229;0.036149;0.166069;0.132149;0.098229;0.064329;0.030389;0.160309;0.126389;nan,2.000000;2.000000;2.000000;2.000000;2.000000;2.000000;2.000000;1.000000;1.000000;1.000000;1.000000;1.000000;1.000000;1.000000;1.000000;1.000000;1.000000;1.000000;1.000000;1.000000;1.000000;1.000000;1.000000,0,0,0,0,0,0,0,0,0,0,0,0,0,0,0,0,0,0,0,0,0,0,0,0,0,0,0,0,graph_0005__stability_0.2000,stability,0.2,graph_0005,epoch_0004
trace,olsr,0.439011,0.436935,1577,1691,105,332,544,0.727778,0.036531,75.666472,360,262,0,0,0,393,1.455556,332,21960,1.267176,83.816794,0.500000,1.250000,1.000000,2.000000,2.000000;2.000000;2.000000;2.000000;2.000000;2.000000;1.000000;1.000000;1.000000;1.000000;1.000000;1.000000;1.000000;1.000000;1.000000;1.000000;1.000000;1.000000;1.000000;1.000000;1.000000;1.000000;1.000000;1.000000,46,nan,0,2.000000;2.000000;2.000000;2.000000;2.000000;2.000000;2.000000;1.000000;1.000000;1.000000;1.000000;1.000000;1.000000;1.000000;1.000000;1.000000;1.000000;1.000000;1.000000;1.000000;1.000000;1.000000;1.000000,0.033253;0.129253;0.061413;0.157413;0.089573;0.021733;0.134693;0.100773;0.066853;0.032933;0.162853;0.128933;0.095013;0.061093;0.027173;0.157093;0.123173;0.089253;0.055333;0.021413;0.151333;0.117413;nan,2.000000;2.000000;2.000000;2.000000;2.000000;2.000000;2.000000;1.000000;1.000000;1.000000;1.000000;1.000000;1.000000;1.000000;1.000000;1.000000;1.000000;1.000000;1.000000;1.000000;1.000000;1.000000;1.000000,227,13632,105,8328,0,0,0,0,0,0,0,0,0,0,0,0,0,0,0,0,0,0,0,0,0,0,0,0,graph_0005__stability_0.2000,stability,0.2,graph_0005,epoch_0005
trace,aodv,0.466515,0.464723,1985,2219,105,719,987,0.711111,0.035837,77.011767,360,256,14,56,0,299,1.422222,719,34588,2.808594,135.109375,0.500000,1.250000,1.000000,2.000000,2.000000;2.000000;2.000000;2.000000;2.000000;2.000000;1.000000;1.000000;1.000000;1.000000;1.000000;1.000000;1.000000;1.000000;1.000000;1.000000;1.000000;1.000000;1.000000;1.000000;1.000000;1.000000;1.000000;1.000000,46,nan,0,2.000000;2.000000;2.000000;2.000000;2.000000;2.000000;2.000000;1.000000;1.000000;1.000000;1.000000;1.000000;1.000000;1.000000;1.000000;1.000000;1.000000;1.000000;1.000000;1.000000;1.000000;1.000000;1.000000,0.033253;0.129253;0.061413;0.157413;0.089573;nan;nan;nan;0.502685;0.034273;0.162853;0.128933;0.095013;0.061093;0.027173;0.157093;0.123173;0.089253;0.055333;0.021413;0.151333;0.117413;nan,2.000000;2.000000;2.000000;2.000000;2.000000;2.000000;2.000000;1.000000;1.000000;1.000000;1.000000;1.000000;1.000000;1.000000;1.000000;1.000000;1.000000;1.000000;1.000000;1.000000;1.000000;1.000000;1.000000,0,0,0,0,0,0,0,0,0,0,470,22560,102,5304,98,4704,43,1840,6,180,0,0,0,0,0,0,0,0,graph_0005__stability_0.2000,stability,0.2,graph_0005,epoch_0005
trace,static,0.176525,0.176515,809,590,105,0,0,0.391667,0.020108,72.449210,360,141,0,0,0,154,0.783333,0,0,0.000000,0.000000,0.500000,1.250000,1.000000,2.000000,2.000000;2.000000;2.000000;2.000000;2.000000;2.000000;1.000000;1.000000;1.000000;1.000000;1.000000;1.000000;1.000000;1.000000;1.000000;1.000000;1.000000;1.000000;1.000000;1.000000;1.000000;1.000000;1.000000;1.000000,46,nan,0,2.000000;2.000000;2.000000;2.000000;2.000000;2.000000;2.000000;1.000000;1.000000;1.000000;1.000000;1.000000;1.000000;1.000000;1.000000;1.000000;1.000000;1.000000;1.000000;1.000000;1.000000;1.000000;1.000000,0.042269;0.138229;0.070389;0.166389;0.098549;0.030709;0.143669;0.109749;0.084805;0.041909;0.171829;0.137909;0.103989;0.070229;0.036149;0.166069;0.132149;0.098229;0.064329;0.030389;0.160309;0.126389;nan,2.000000;2.000000;2.000000;2.000000;2.000000;2.000000;2.000000;1.000000;1.000000;1.000000;1.000000;1.000000;1.000000;1.000000;1.000000;1.000000;1.000000;1.000000;1.000000;1.000000;1.000000;1.000000;1.000000,0,0,0,0,0,0,0,0,0,0,0,0,0,0,0,0,0,0,0,0,0,0,0,0,0,0,0,0,graph_0005__stability_0.2000,stability,0.2,graph_0005,epoch_0005
trace,olsr,0.418847,0.418505,1563,1663,105,332,533,0.713889,0.035826,75.825550,360,257,0,0,0,402,1.427778,332,21768,1.291829,84.700389,0.500000,1.250000,1.000000,2.000000,2.000000;2.000000;2.000000;2.000000;2.000000;2.000000;1.000000;1.000000;1.000000;1.000000;1.000000;1.000000;1.000000;1.000000;1.000000;1.000000;1.000000;1.000000;1.000000;1.000000;1.000000;1.000000;1.000000;1.000000,46,nan,0,2.000000;2.000000;2.000000;2.000000;2.000000;2.000000;2.000000;1.000000;1.000000;1.000000;1.000000;1.000000;1.000000;1.000000;1.000000;1.000000;1.000000;1.000000;1.000000;1.000000;1.000000;1.000000;1.000000,0.033253;0.129253;0.061413;0.157413;0.089573;0.021733;0.134693;0.100773;0.066853;0.032933;0.162853;0.128933;0.095013;0.061093;0.027173;0.157093;0.123173;0.089253;0.055333;0.021413;0.151333;0.117413;nan,2.000000;2.000000;2.000000;2.000000;2.000000;2.000000;2.000000;1.000000;1.000000;1.000000;1.000000;1.000000;1.000000;1.000000;1.000000;1.000000;1.000000;1.000000;1.000000;1.000000;1.000000;1.000000;1.000000,229,13760,103,8008,0,0,0,0,0,0,0,0,0,0,0,0,0,0,0,0,0,0,0,0,0,0,0,0,graph_0005__stability_0.2000,stability,0.2,graph_0005,epoch_0002
trace,aodv,0.455656,0.455264,1983,2219,105,720,993,0.705556,0.035550,77.064079,360,254,13,56,0,312,1.411111,720,34638,2.834646,136.370079,0.500000,1.250000,1.000000,2.000000,2.000000;2.000000;2.000000;2.000000;2.000000;2.000000;1.000000;1.000000;1.000000;1.000000;1.000000;1.000000;1.000000;1.000000;1.000000;1.000000;1.000000;1.000000;1.000000;1.000000;1.000000;1.000000;1.000000;1.000000,46,nan,0,2.000000;2.000000;2.000000;2.000000;2.000000;2.000000;2.000000;1.000000;1.000000;1.000000;1.000000;1.000000;1.000000;1.000000;1.000000;1.000000;1.000000;1.000000;1.000000;1.000000;1.000000;1.000000;1.000000,0.033253;0.129253;0.061413;0.157413;0.089573;nan;nan;nan;0.506069;0.032933;0.162853;0.128933;0.095013;0.061093;0.027173;0.157093;0.123173;0.089253;0.055333;0.021413;0.151333;0.117413;nan,2.000000;2.000000;2.000000;2.000000;2.000000;2.000000;2.000000;1.000000;1.000000;1.000000;1.000000;1.000000;1.000000;1.000000;1.000000;1.000000;1.000000;1.000000;1.000000;1.000000;1.000000;1.000000;1.000000,0,0,0,0,0,0,0,0,0,0,469,22512,101,5252,101,4848,42,1816,7,210,0,0,0,0,0,0,0,0,graph_0005__stability_0.2000,stability,0.2,graph_0005,epoch_0002
trace,static,0.175924,0.175921,808,589,105,0,0,0.391667,0.020104,72.449036,360,141,0,0,0,157,0.783333,0,0,0.000000,0.000000,0.500000,1.250000,1.000000,2.000000,2.000000;2.000000;2.000000;2.000000;2.000000;2.000000;1.000000;1.000000;1.000000;1.000000;1.000000;1.000000;1.000000;1.000000;1.000000;1.000000;1.000000;1.000000;1.000000;1.000000;1.000000;1.000000;1.000000;1.000000,46,nan,0,2.000000;2.000000;2.000000;2.000000;2.000000;2.000000;2.000000;1.000000;1.000000;1.000000;1.000000;1.000000;1.000000;1.000000;1.000000;1.000000;1.000000;1.000000;1.000000;1.000000;1.000000;1.000000;1.000000,0.042269;0.138229;0.070389;0.166389;0.098549;0.030709;0.143669;0.109749;0.075829;0.041909;0.171829;0.137909;0.103989;0.070229;0.036149;0.166069;0.132149;0.098229;0.064329;0.030389;0.160309;0.126389;nan,2.000000;2.000000;2.000000;2.000000;2.000000;2.000000;2.000000;1.000000;1.000000;1.000000;1.000000;1.000000;1.000000;1.000000;1.000000;1.000000;1.000000;1.000000;1.000000;1.000000;1.000000;1.000000;1.000000,0,0,0,0,0,0,0,0,0,0,0,0,0,0,0,0,0,0,0,0,0,0,0,0,0,0,0,0,graph_0005__stability_0.2000,stability,0.2,graph_0005,epoch_0002
trace,olsr,0.426834,0.426753,1592,1729,105,333,549,0.780556,0.039175,74.545794,360,281,0,0,0,411,1.561111,333,21968,1.185053,78.177936,0.500000,1.000000,1.000000,1.000000,1.000000;1.000000;1.000000;1.000000;1.000000;1.000000;1.000000;1.000000;1.000000;1.000000;1.000000;1.000000;1.000000;1.000000;1.000000;1.000000;1.000000;1.000000;1.000000;1.000000;1.000000;1.000000;1.000000;1.000000;1.000000;1.000000;1.000000;1.000000;1.000000;1.000000,58,nan,0,2.000000;1.000000;1.000000;1.000000;1.000000;1.000000;1.000000;1.000000;1.000000;1.000000;1.000000;1.000000;1.000000;1.000000;1.000000;1.000000;1.000000;1.000000;1.000000;1.000000;1.000000;1.000000;1.000000;1.000000;1.000000;1.000000;1.000000;1.000000;1.000000,0.050213;0.016293;0.146213;0.112293;0.078373;0.044453;0.011354;0.140453;0.106533;0.072613;0.038693;0.004773;0.134693;0.100773;0.066853;0.032933;0.162853;0.128933;0.095013;0.061093;0.027173;0.157093;0.123173;0.089253;0.055333;0.021413;0.151333;0.117413;nan,2.000000;1.000000;1.000000;1.000000;1.000000;1.000000;1.000000;1.000000;1.000000;1.000000;1.000000;1.000000;1.000000;1.000000;1.000000;1.000000;1.000000;1.000000;1.000000;1.000000;1.000000;1.000000;1.000000;1.000000;1.000000;1.000000;1.000000;1.000000;1.000000,227,13632,106,8336,0,0,0,0,0,0,0,0,0,0,0,0,0,0,0,0,0,0,0,0,0,0,0,0,graph_0004__stability_0.0000,stability,0.0,graph_0004,epoch_0001
trace,aodv,0.546112,0.545848,2268,2504,105,755,1027,0.900000,0.045350,75.367280,360,324,0,0,0,464,1.800000,755,36372,2.330247,112.259259,0.500000,1.000000,1.000000,1.000000,1.000000;1.000000;1.000000;1.000000;1.000000;1.000000;1.000000;1.000000;1.000000;1.000000;1.000000;1.000000;1.000000;1.000000;1.000000;1.000000;1.000000;1.000000;1.000000;1.000000;1.000000;1.000000;1.000000;1.000000;1.000000;1.000000;1.000000;1.000000;1.000000;1.000000,58,nan,0,2.000000;1.000000;1.000000;1.000000;1.000000;1.000000;1.000000;1.000000;1.000000;1.000000;1.000000;1.000000;1.000000;1.000000;1.000000;1.000000;1.000000;1.000000;1.000000;1.000000;1.000000;1.000000;1.000000;1.000000;1.000000;1.000000;1.000000;1.000000;1.000000,0.050213;0.016293;0.146213;0.112293;0.078373;0.044453;0.010533;0.140453;0.106533;0.072613;0.038693;0.004773;0.134693;0.100773;0.066853;nan;0.512594;0.128933;0.095013;0.061093;0.027173;0.157093;0.123173;0.089253;0.055333;0.021413;0.151333;0.117413;nan,2.000000;1.000000;1.000000;1.000000;1.000000;1.000000;1.000000;1.000000;1.000000;1.000000;1.000000;1.000000;1.000000;1.000000;1.000000;1.000000;1.000000;1.000000;1.000000;1.000000;1.000000;1.000000;1.000000;1.000000;1.000000;1.000000;1.000000;1.000000;1.000000,0,0,0,0,0,0,0,0,0,0,469,22512,122,6344,126,6048,24,1048,14,420,0,0,0,0,0,0,0,0,graph_0004__stability_0.0000,stability,0.0,graph_0004,epoch_0001
trace,static,0.177535,0.177430,783,555,105,0,0,0.366667,0.018822,74.286869,360,132,0,0,0,195,0.733333,0,0,0.000000,0.000000,0.500000,1.000000,1.000000,1.000000,1.000000;1.000000;1.000000;1.000000;1.000000;1.000000;1.000000;1.000000;1.000000;1.000000;1.000000;1.000000;1.000000;1.000000;1.000000;1.000000;1.000000;1.000000;1.000000;1.000000;1.000000;1.000000;1.000000;1.000000;1.000000;1.000000;1.000000;1.000000;1.000000;1.000000,58,nan,0,2.000000;1.000000;1.000000;1.000000;1.000000;1.000000;1.000000;1.000000;1.000000;1.000000;1.000000;1.000000;1.000000;1.000000;1.000000;1.000000;1.000000;1.000000;1.000000;1.000000;1.000000;1.000000;1.000000;1.000000;1.000000;1.000000;1.000000;1.000000;1.000000,0.059189;0.025269;0.155189;0.121269;0.087349;0.053429;0.019509;0.149429;0.115509;0.081589;0.047669;0.013749;0.143669;0.109749;0.084615;0.041909;0.171829;0.137909;0.103989;0.069799;0.036149;0.166069;0.132149;0.098229;0.064329;0.030389;0.160309;0.126389;nan,2.000000;1.000000;1.000000;1.000000;1.000000;1.000000;1.000000;1.000000;1.000000;1.000000;1.000000;1.000000;1.000000;1.000000;1.000000;1.000000;1.000000;1.000000;1.000000;1.000000;1.000000;1.000000;1.000000;1.000000;1.000000;1.000000;1.000000;1.000000;1.000000,0,0,0,0,0,0,0,0,0,0,0,0,0,0,0,0,0,0,0,0,0,0,0,0,0,0,0,0,graph_0004__stability_0.0000,stability,0.0,graph_0004,epoch_0001
trace,olsr,0.439850,0.439508,1589,1724,105,334,549,0.777778,0.039037,74.670089,360,280,0,0,0,417,1.555556,334,22024,1.192857,78.657143,0.500000,1.000000,1.000000,1.000000,1.000000;1.000000;1.000000;1.000000;1.000000;1.000000;1.000000;1.000000;1.000000;1.000000;1.000000;1.000000;1.000000;1.000000;1.000000;1.000000;1.000000;1.000000;1.000000;1.000000;1.000000;1.000000;1.000000;1.000000;1.000000;1.000000;1.000000;1.000000;1.000000;1.000000,58,nan,0,2.000000;1.000000;1.000000;1.000000;1.000000;1.000000;1.000000;1.000000;1.000000;1.000000;1.000000;1.000000;1.000000;1.000000;1.000000;1.000000;1.000000;1.000000;1.000000;1.000000;1.000000;1.000000;1.000000;1.000000;1.000000;1.000000;1.000000;1.000000;1.000000,0.050213;0.016293;0.146213;0.112293;0.078373;0.044453;0.010533;0.140453;0.106533;0.072613;0.038693;0.004773;0.134693;0.100773;0.066853;0.032933;0.162853;0.128933;0.095013;0.061093;0.027173;0.157093;0.123173;0.089253;0.055333;0.021413;0.151333;0.117413;nan,2.000000;1.000000;1.000000;1.000000;1.000000;1.000000;1.000000;1.000000;1.000000;1.000000;1.000000;1.000000;1.000000;1.000000;1.000000;1.000000;1.000000;1.000000;1.000000;1.000000;1.000000;1.000000;1.000000;1.000000;1.000000;1.000000;1.000000;1.000000;1.000000,229,13760,105,8264,0,0,0,0,0,0,0,0,0,0,0,0,0,0,0,0,0,0,0,0,0,0,0,0,graph_0004__stability_0.0000,stability,0.0,graph_0004,epoch_0003
trace,aodv,0.549751,0.549688,2241,2477,105,744,1010,0.916667,0.046202,74.724602,360,330,0,0,0,399,1.833333,744,35902,2.254545,108.793939,0.500000,1.000000,1.000000,1.000000,1.000000;1.000000;1.000000;1.000000;1.000000;1.000000;1.000000;1.000000;1.000000;1.000000;1.000000;1.000000;1.000000;1.000000;1.000000;1.000000;1.000000;1.000000;1.000000;1.000000;1.000000;1.000000;1.000000;1.000000;1.000000;1.000000;1.000000;1.000000;1.000000;1.000000,58,nan,0,2.000000;1.000000;1.000000;1.000000;1.000000;1.000000;1.000000;1.000000;1.000000;1.000000;1.000000;1.000000;1.000000;1.000000;1.000000;1.000000;1.000000;1.000000;1.000000;1.000000;1.000000;1.000000;1.000000;1.000000;1.000000;1.000000;1.000000;1.000000;1.000000,0.050213;0.016293;0.146213;0.112293;0.078373;0.044453;0.010533;0.140453;0.106533;0.072613;0.038693;0.004773;0.134693;0.100773;0.066853;0.032933;0.162853;0.128933;0.095013;0.061093;0.027173;0.157093;0.123173;0.089253;0.055333;0.021413;0.151333;0.117413;nan,2.000000;1.000000;1.000000;1.000000;1.000000;1.000000;1.000000;1.000000;1.000000;1.000000;1.000000;1.000000;1.000000;1.000000;1.000000;1.000000;1.000000;1.000000;1.000000;1.000000;1.000000;1.000000;1.000000;1.000000;1.000000;1.000000;1.000000;1.000000;1.000000,0,0,0,0,0,0,0,0,0,0,474,22752,113,5876,129,6192,17,752,11,330,0,0,0,0,0,0,0,0,graph_0004__stability_0.0000,stability,0.0,graph_0004,epoch_0003
trace,static,0.170400,0.170220,784,556,105,0,0,0.366667,0.018823,74.286962,360,132,0,0,0,197,0.733333,0,0,0.000000,0.000000,0.500000,1.000000,1.000000,1.000000,1.000000;1.000000;1.000000;1.000000;1.000000;1.000000;1.000000;1.000000;1.000000;1.000000;1.000000;1.000000;1.000000;1.000000;1.000000;1.000000;1.000000;1.000000;1.000000;1.000000;1.000000;1.000000;1.000000;1.000000;1.000000;1.000000;1.000000;1.000000;1.000000;1.000000,58,nan,0,2.000000;1.000000;1.000000;1.000000;1.000000;1.000000;1.000000;1.000000;1.000000;1.000000;1.000000;1.000000;1.000000;1.000000;1.000000;1.000000;1.000000;1.000000;1.000000;1.000000;1.000000;1.000000;1.000000;1.000000;1.000000;1.000000;1.000000;1.000000;1.000000,0.068165;0.025269;0.155189;0.121269;0.087349;0.053429;0.019509;0.149429;0.115509;0.081589;0.047669;0.013749;0.143669;0.109749;0.084615;0.041909;0.171829;0.137909;0.103989;0.069799;0.036149;0.166069;0.132149;0.098229;0.064329;0.030389;0.160309;0.126389;nan,2.000000;1.000000;1.000000;1.000000;1.000000;1.000000;1.000000;1.000000;1.000000;1.000000;1.000000;1.000000;1.000000;1.000000;1.000000;1.000000;1.000000;1.000000;1.000000;1.000000;1.000000;1.000000;1.000000;1.000000;1.000000;1.000000;1.000000;1.000000;1.000000,0,0,0,0,0,0,0,0,0,0,0,0,0,0,0,0,0,0,0,0,0,0,0,0,0,0,0,0,graph_0004__stability_0.0000,stability,0.0,graph_0004,epoch_0003
trace,olsr,0.440573,0.438784,1594,1732,105,336,552,0.783333,0.039315,74.752104,360,282,0,0,0,413,1.566667,336,22160,1.191489,78.581560,0.500000,1.000000,1.000000,1.000000,1.000000;1.000000;1.000000;1.000000;1.000000;1.000000;1.000000;1.000000;1.000000;1.000000;1.000000;1.000000;1.000000;1.000000;1.000000;1.000000;1.000000;1.000000;1.000000;1.000000;1.000000;1.000000;1.000000;1.000000;1.000000;1.000000;1.000000;1.000000;1.000000;1.000000,58,nan,0,2.000000;1.000000;1.000000;1.000000;1.000000;1.000000;1.000000;1.000000;1.000000;1.000000;1.000000;1.000000;1.000000;1.000000;1.000000;1.000000;1.000000;1.000000;1.000000;1.000000;1.000000;1.000000;1.000000;1.000000;1.000000;1.000000;1.000000;1.000000;1.000000,0.050803;0.016293;0.146213;0.112293;0.078373;0.044453;0.010533;0.140453;0.106533;0.072613;0.038693;0.004773;0.134693;0.100773;0.066853;0.032933;0.162853;0.128933;0.095013;0.061093;0.027173;0.157093;0.123173;0.089253;0.055333;0.021413;0.151333;0.117413;nan,2.000000;1.000000;1.000000;1.000000;1.000000;1.000000;1.000000;1.000000;1.000000;1.000000;1.000000;1.000000;1.000000;1.000000;1.000000;1.000000;1.000000;1.000000;1.000000;1.000000;1.000000;1.000000;1.000000;1.000000;1.000000;1.000000;1.000000;1.000000;1.000000,230,13824,106,8336,0,0,0,0,0,0,0,0,0,0,0,0,0,0,0,0,0,0,0,0,0,0,0,0,graph_0004__stability_0.0000,stability,0.0,graph_0004,epoch_0004
trace,aodv,0.529827,0.529035,2238,2471,105,740,1003,0.916667,0.046186,74.725682,360,330,0,0,0,396,1.833333,740,35694,2.242424,108.163636,0.500000,1.000000,1.000000,1.000000,1.000000;1.000000;1.000000;1.000000;1.000000;1.000000;1.000000;1.000000;1.000000;1.000000;1.000000;1.000000;1.000000;1.000000;1.000000;1.000000;1.000000;1.000000;1.000000;1.000000;1.000000;1.000000;1.000000;1.000000;1.000000;1.000000;1.000000;1.000000;1.000000;1.000000,58,nan,0,2.000000;1.000000;1.000000;1.000000;1.000000;1.000000;1.000000;1.000000;1.000000;1.000000;1.000000;1.000000;1.000000;1.000000;1.000000;1.000000;1.000000;1.000000;1.000000;1.000000;1.000000;1.000000;1.000000;1.000000;1.000000;1.000000;1.000000;1.000000;1.000000,0.050213;0.016293;0.146213;0.112293;0.078373;0.044453;0.010533;0.140453;0.106533;0.072613;0.038693;0.004773;0.134693;0.100773;0.066853;0.032933;0.162853;0.128933;0.095013;0.061093;0.027173;0.157093;0.123173;0.089253;0.055333;0.021413;0.151333;0.117413;nan,2.000000;1.000000;1.000000;1.000000;1.000000;1.000000;1.000000;1.000000;1.000000;1.000000;1.000000;1.000000;1.000000;1.000000;1.000000;1.000000;1.000000;1.000000;1.000000;1.000000;1.000000;1.000000;1.000000;1.000000;1.000000;1.000000;1.000000;1.000000;1.000000,0,0,0,0,0,0,0,0,0,0,474,22752,109,5668,129,6192,17,752,11,330,0,0,0,0,0,0,0,0,graph_0004__stability_0.0000,stability,0.0,graph_0004,epoch_0004
trace,static,0.175354,0.174705,784,556,105,0,0,0.366667,0.018823,74.286962,360,132,0,0,0,197,0.733333,0,0,0.000000,0.000000,0.500000,1.000000,1.000000,1.000000,1.000000;1.000000;1.000000;1.000000;1.000000;1.000000;1.000000;1.000000;1.000000;1.000000;1.000000;1.000000;1.000000;1.000000;1.000000;1.000000;1.000000;1.000000;1.000000;1.000000;1.000000;1.000000;1.000000;1.000000;1.000000;1.000000;1.000000;1.000000;1.000000;1.000000,58,nan,0,2.000000;1.000000;1.000000;1.000000;1.000000;1.000000;1.000000;1.000000;1.000000;1.000000;1.000000;1.000000;1.000000;1.000000;1.000000;1.000000;1.000000;1.000000;1.000000;1.000000;1.000000;1.000000;1.000000;1.000000;1.000000;1.000000;1.000000;1.000000;1.000000,0.068165;0.025269;0.155189;0.121269;0.087349;0.053429;0.019509;0.149429;0.115509;0.081589;0.047669;0.013749;0.143669;0.109749;0.084615;0.041909;0.171829;0.137909;0.103989;0.069799;0.036149;0.166069;0.132149;0.098229;0.064329;0.030389;0.160309;0.126389;nan,2.000000;1.000000;1.000000;1.000000;1.000000;1.000000;1.000000;1.000000;1.000000;1.000000;1.000000;1.000000;1.000000;1.000000;1.000000;1.000000;1.000000;1.000000;1.000000;1.000000;1.000000;1.000000;1.000000;1.000000;1.000000;1.000000;1.000000;1.000000;1.000000,0,0,0,0,0,0,0,0,0,0,0,0,0,0,0,0,0,0,0,0,0,0,0,0,0,0,0,0,graph_0004__stability_0.0000,stability,0.0,graph_0004,epoch_0004
trace,olsr,0.418970,0.418839,1591,1715,105,330,531,0.786111,0.039448,74.596627,360,283,0,0,0,434,1.572222,330,21728,1.166078,76.777385,0.500000,1.000000,1.000000,1.000000,1.000000;1.000000;1.000000;1.000000;1.000000;1.000000;1.000000;1.000000;1.000000;1.000000;1.000000;1.000000;1.000000;1.000000;1.000000;1.000000;1.000000;1.000000;1.000000;1.000000;1.000000;1.000000;1.000000;1.000000;1.000000;1.000000;1.000000;1.000000;1.000000;1.000000,58,nan,0,2.000000;1.000000;1.000000;1.000000;1.000000;1.000000;1.000000;1.000000;1.000000;1.000000;1.000000;1.000000;1.000000;1.000000;1.000000;1.000000;1.000000;1.000000;1.000000;1.000000;1.000000;1.000000;1.000000;1.000000;1.000000;1.000000;1.000000;1.000000;1.000000,0.050213;0.016293;0.146213;0.112293;0.078373;0.044453;0.010533;0.140453;0.106533;0.072613;0.038693;0.004773;0.134693;0.100773;0.066853;0.032933;0.162853;0.128933;0.095013;0.061093;0.027173;0.157093;0.123173;0.090793;0.055333;0.021413;0.151333;0.117413;nan,2.000000;1.000000;1.000000;1.000000;1.000000;1.000000;1.000000;1.000000;1.000000;1.000000;1.000000;1.000000;1.000000;1.000000;1.000000;1.000000;1.000000;1.000000;1.000000;1.000000;1.000000;1.000000;1.000000;1.000000;1.000000;1.000000;1.000000;1.000000;1.000000,226,13568,104,8160,0,0,0,0,0,0,0,0,0,0,0,0,0,0,0,0,0,0,0,0,0,0,0,0,graph_0004__stability_0.0000,stability,0.0,graph_0004,epoch_0005
trace,aodv,0.538523,0.538108,2234,2468,105,741,1006,0.913889,0.046044,74.724417,360,329,0,0,0,385,1.827778,741,35768,2.252280,108.717325,0.500000,1.000000,1.000000,1.000000,1.000000;1.000000;1.000000;1.000000;1.000000;1.000000;1.000000;1.000000;1.000000;1.000000;1.000000;1.000000;1.000000;1.000000;1.000000;1.000000;1.000000;1.000000;1.000000;1.000000;1.000000;1.000000;1.000000;1.000000;1.000000;1.000000;1.000000;1.000000;1.000000;1.000000,58,nan,0,2.000000;1.000000;1.000000;1.000000;1.000000;1.000000;1.000000;1.000000;1.000000;1.000000;1.000000;1.000000;1.000000;1.000000;1.000000;1.000000;1.000000;1.000000;1.000000;1.000000;1.000000;1.000000;1.000000;1.000000;1.000000;1.000000;1.000000;1.000000;1.000000,0.050213;0.016293;0.146213;0.112293;0.078373;0.044453;0.010533;0.140453;0.106533;0.072613;0.038693;0.004773;0.134693;0.100773;0.066853;0.032933;0.162853;0.128933;0.095013;0.061093;0.027173;0.157093;0.123173;0.089253;0.055333;0.021413;0.151333;0.117413;nan,2.000000;1.000000;1.000000;1.000000;1.000000;1.000000;1.000000;1.000000;1.000000;1.000000;1.000000;1.000000;1.000000;1.000000;1.000000;1.000000;1.000000;1.000000;1.000000;1.000000;1.000000;1.000000;1.000000;1.000000;1.000000;1.000000;1.000000;1.000000;1.000000,0,0,0,0,0,0,0,0,0,0,474,22752,111,5772,128,6144,18,800,10,300,0,0,0,0,0,0,0,0,graph_0004__stability_0.0000,stability,0.0,graph_0004,epoch_0005
trace,static,0.177794,0.177778,783,555,105,0,0,0.366667,0.018820,74.286817,360,132,0,0,0,193,0.733333,0,0,0.000000,0.000000,0.500000,1.000000,1.000000,1.000000,1.000000;1.000000;1.000000;1.000000;1.000000;1.000000;1.000000;1.000000;1.000000;1.000000;1.000000;1.000000;1.000000;1.000000;1.000000;1.000000;1.000000;1.000000;1.000000;1.000000;1.000000;1.000000;1.000000;1.000000;1.000000;1.000000;1.000000;1.000000;1.000000;1.000000,58,nan,0,2.000000;1.000000;1.000000;1.000000;1.000000;1.000000;1.000000;1.000000;1.000000;1.000000;1.000000;1.000000;1.000000;1.000000;1.000000;1.000000;1.000000;1.000000;1.000000;1.000000;1.000000;1.000000;1.000000;1.000000;1.000000;1.000000;1.000000;1.000000;1.000000,0.059189;0.025269;0.155189;0.121269;0.087349;0.053429;0.019509;0.149429;0.115509;0.081589;0.047669;0.013749;0.143669;0.109749;0.084615;0.041909;0.171829;0.137909;0.103989;0.069799;0.036149;0.166069;0.132149;0.098229;0.064329;0.030389;0.160309;0.126389;nan,2.000000;1.000000;1.000000;1.000000;1.000000;1.000000;1.000000;1.000000;1.000000;1.000000;1.000000;1.000000;1.000000;1.000000;1.000000;1.000000;1.000000;1.000000;1.000000;1.000000;1.000000;1.000000;1.000000;1.000000;1.000000;1.000000;1.000000;1.000000;1.000000,0,0,0,0,0,0,0,0,0,0,0,0,0,0,0,0,0,0,0,0,0,0,0,0,0,0,0,0,graph_0004__stability_0.0000,stability,0.0,graph_0004,epoch_0005
trace,olsr,0.439474,0.439108,1596,1738,105,334,554,0.783333,0.039315,74.764683,360,282,0,0,0,413,1.566667,334,22048,1.184397,78.184397,0.500000,1.000000,1.000000,1.000000,1.000000;1.000000;1.000000;1.000000;1.000000;1.000000;1.000000;1.000000;1.000000;1.000000;1.000000;1.000000;1.000000;1.000000;1.000000;1.000000;1.000000;1.000000;1.000000;1.000000;1.000000;1.000000;1.000000;1.000000;1.000000;1.000000;1.000000;1.000000;1.000000;1.000000,58,nan,0,2.000000;1.000000;1.000000;1.000000;1.000000;1.000000;1.000000;1.000000;1.000000;1.000000;1.000000;1.000000;1.000000;1.000000;1.000000;1.000000;1.000000;1.000000;1.000000;1.000000;1.000000;1.000000;1.000000;1.000000;1.000000;1.000000;1.000000;1.000000;1.000000,0.050213;0.016293;0.146213;0.112293;0.078373;0.044453;0.010533;0.140453;0.106533;0.072613;0.038693;0.004773;0.134693;0.100773;0.066853;0.032933;0.162853;0.128933;0.095013;0.061093;0.027173;0.157093;0.123173;0.089253;0.055333;0.021413;0.151333;0.117413;nan,2.000000;1.000000;1.000000;1.000000;1.000000;1.000000;1.000000;1.000000;1.000000;1.000000;1.000000;1.000000;1.000000;1.000000;1.000000;1.000000;1.000000;1.000000;1.000000;1.000000;1.000000;1.000000;1.000000;1.000000;1.000000;1.000000;1.000000;1.000000;1.000000,230,13824,104,8224,0,0,0,0,0,0,0,0,0,0,0,0,0,0,0,0,0,0,0,0,0,0,0,0,graph_0004__stability_0.0000,stability,0.0,graph_0004,epoch_0002
trace,aodv,0.532556,0.532117,2220,2441,105,729,983,0.908333,0.046540,74.997304,360,327,0,0,0,371,1.816667,729,35178,2.229358,107.577982,0.500000,1.000000,1.000000,1.000000,1.000000;1.000000;1.000000;1.000000;1.000000;1.000000;1.000000;1.000000;1.000000;1.000000;1.000000;1.000000;1.000000;1.000000;1.000000;1.000000;1.000000;1.000000;1.000000;1.000000;1.000000;1.000000;1.000000;1.000000;1.000000;1.000000;1.000000;1.000000;1.000000;1.000000,58,nan,0,2.000000;1.000000;1.000000;1.000000;1.000000;1.000000;1.000000;1.000000;1.000000;1.000000;1.000000;1.000000;1.000000;1.000000;1.000000;1.000000;1.000000;1.000000;1.000000;1.000000;1.000000;1.000000;1.000000;1.000000;1.000000;1.000000;1.000000;1.000000;1.000000,0.050213;0.016293;0.146213;0.112293;0.078373;0.044453;0.010533;0.140453;0.106533;0.072613;0.038693;0.004773;0.134693;0.100773;0.066853;0.032933;0.162853;0.128933;0.095013;0.061093;0.027523;0.157093;0.123173;0.089253;0.055333;0.021413;0.151333;0.117413;nan,2.000000;1.000000;1.000000;1.000000;1.000000;1.000000;1.000000;1.000000;1.000000;1.000000;1.000000;1.000000;1.000000;1.000000;1.000000;1.000000;1.000000;1.000000;1.000000;1.000000;1.000000;1.000000;1.000000;1.000000;1.000000;1.000000;1.000000;1.000000;1.000000,0,0,0,0,0,0,0,0,0,0,473,22704,103,5356,127,6096,17,752,9,270,0,0,0,0,0,0,0,0,graph_0004__stability_0.0000,stability,0.0,graph_0004,epoch_0002
trace,static,0.178925,0.178891,785,558,105,0,0,0.369444,0.018965,74.072383,360,133,0,0,0,199,0.738889,0,0,0.000000,0.000000,0.500000,1.000000,1.000000,1.000000,1.000000;1.000000;1.000000;1.000000;1.000000;1.000000;1.000000;1.000000;1.000000;1.000000;1.000000;1.000000;1.000000;1.000000;1.000000;1.000000;1.000000;1.000000;1.000000;1.000000;1.000000;1.000000;1.000000;1.000000;1.000000;1.000000;1.000000;1.000000;1.000000;1.000000,58,nan,0,2.000000;1.000000;1.000000;1.000000;1.000000;1.000000;1.000000;1.000000;1.000000;1.000000;1.000000;1.000000;1.000000;1.000000;1.000000;1.000000;1.000000;1.000000;1.000000;1.000000;1.000000;1.000000;1.000000;1.000000;1.000000;1.000000;1.000000;1.000000;1.000000,0.059269;0.025269;0.155189;0.121269;0.087349;0.053429;0.019509;0.149429;0.115509;0.081589;0.047669;0.013749;0.143669;0.109749;0.084615;0.041909;0.171829;0.137909;0.103989;0.069799;0.036149;0.166069;0.132149;0.098229;0.064329;0.030389;0.160309;0.126389;nan,2.000000;1.000000;1.000000;1.000000;1.000000;1.000000;1.000000;1.000000;1.000000;1.000000;1.000000;1.000000;1.000000;1.000000;1.000000;1.000000;1.000000;1.000000;1.000000;1.000000;1.000000;1.000000;1.000000;1.000000;1.000000;1.000000;1.000000;1.000000;1.000000,0,0,0,0,0,0,0,0,0,0,0,0,0,0,0,0,0,0,0,0,0,0,0,0,0,0,0,0,graph_0004__stability_0.0000,stability,0.0,graph_0004,epoch_0002
trace,olsr,0.435531,0.435347,1581,1679,105,332,531,0.719444,0.036106,75.494977,360,259,0,0,0,380,1.438889,332,21912,1.281853,84.602317,0.500000,1.250000,1.000000,2.000000,2.000000;2.000000;2.000000;2.000000;2.000000;2.000000;1.000000;1.000000;1.000000;1.000000;1.000000;1.000000;1.000000;1.000000;1.000000;1.000000;1.000000;1.000000;1.000000;1.000000;1.000000;1.000000;1.000000;1.000000,46,nan,0,2.000000;2.000000;2.000000;2.000000;2.000000;2.000000;2.000000;1.000000;1.000000;1.000000;1.000000;1.000000;1.000000;1.000000;1.000000;1.000000;1.000000;1.000000;1.000000;1.000000;1.000000;1.000000;1.000000,0.033253;0.129253;0.061413;0.157413;0.089573;0.021733;0.134693;0.100773;0.066853;0.032933;0.162853;0.128933;0.095013;0.061093;0.027173;0.157093;0.123173;0.089253;0.055333;0.021413;0.151333;0.117413;nan,2.000000;2.000000;2.000000;2.000000;2.000000;2.000000;2.000000;1.000000;1.000000;1.000000;1.000000;1.000000;1.000000;1.000000;1.000000;1.000000;1.000000;1.000000;1.000000;1.000000;1.000000;1.000000;1.000000,225,13504,107,8408,0,0,0,0,0,0,0,0,0,0,0,0,0,0,0,0,0,0,0,0,0,0,0,0,graph_0001__stability_0.2000,stability,0.2,graph_0001,epoch_0001
trace,aodv,0.477733,0.477681,2062,2296,105,715,976,0.755556,0.038073,76.194772,360,272,5,56,0,377,1.511111,715,34436,2.628676,126.602941,0.500000,1.250000,1.000000,2.000000,2.000000;2.000000;2.000000;2.000000;2.000000;2.000000;1.000000;1.000000;1.000000;1.000000;1.000000;1.000000;1.000000;1.000000;1.000000;1.000000;1.000000;1.000000;1.000000;1.000000;1.000000;1.000000;1.000000;1.000000,46,nan,0,2.000000;2.000000;2.000000;2.000000;2.000000;2.000000;2.000000;1.000000;1.000000;1.000000;1.000000;1.000000;1.000000;1.000000;1.000000;1.000000;1.000000;1.000000;1.000000;1.000000;1.000000;1.000000;1.000000,0.033253;0.129253;0.061413;1.487210;1.429288;nan;nan;nan;0.504584;0.032933;0.162853;0.128933;0.095013;0.061093;0.027173;0.157093;0.123173;0.089253;0.055333;0.021413;0.151333;0.117413;nan,2.000000;2.000000;2.000000;2.000000;2.000000;2.000000;2.000000;1.000000;1.000000;1.000000;1.000000;1.000000;1.000000;1.000000;1.000000;1.000000;1.000000;1.000000;1.000000;1.000000;1.000000;1.000000;1.000000,0,0,0,0,0,0,0,0,0,0,468,22464,108,5616,97,4656,36,1520,6,180,0,0,0,0,0,0,0,0,graph_0001__stability_0.2000,stability,0.2,graph_0001,epoch_0001
trace,static,0.171401,0.171399,813,595,105,0,0,0.394444,0.020247,72.465301,360,142,0,0,0,156,0.788889,0,0,0.000000,0.000000,0.500000,1.250000,1.000000,2.000000,2.000000;2.000000;2.000000;2.000000;2.000000;2.000000;1.000000;1.000000;1.000000;1.000000;1.000000;1.000000;1.000000;1.000000;1.000000;1.000000;1.000000;1.000000;1.000000;1.000000;1.000000;1.000000;1.000000;1.000000,46,nan,0,2.000000;2.000000;2.000000;2.000000;2.000000;2.000000;2.000000;1.000000;1.000000;1.000000;1.000000;1.000000;1.000000;1.000000;1.000000;1.000000;1.000000;1.000000;1.000000;1.000000;1.000000;1.000000;1.000000,0.042269;0.138229;0.070389;0.166389;0.098549;0.030709;0.143669;0.109749;0.075829;0.041909;0.171829;0.137639;0.103989;0.070069;0.036149;0.166069;0.132149;0.098229;0.064349;0.030389;0.160309;0.126389;nan,2.000000;2.000000;2.000000;2.000000;2.000000;2.000000;2.000000;1.000000;1.000000;1.000000;1.000000;1.000000;1.000000;1.000000;1.000000;1.000000;1.000000;1.000000;1.000000;1.000000;1.000000;1.000000;1.000000,0,0,0,0,0,0,0,0,0,0,0,0,0,0,0,0,0,0,0,0,0,0,0,0,0,0,0,0,graph_0001__stability_0.2000,stability,0.2,graph_0001,epoch_0001
trace,olsr,0.436011,0.435888,1578,1679,105,329,529,0.725000,0.036392,75.449035,360,261,0,0,0,375,1.450000,329,21792,1.260536,83.494253,0.500000,1.250000,1.000000,2.000000,2.000000;2.000000;2.000000;2.000000;2.000000;2.000000;1.000000;1.000000;1.000000;1.000000;1.000000;1.000000;1.000000;1.000000;1.000000;1.000000;1.000000;1.000000;1.000000;1.000000;1.000000;1.000000;1.000000;1.000000,46,nan,0,2.000000;2.000000;2.000000;2.000000;2.000000;2.000000;2.000000;1.000000;1.000000;1.000000;1.000000;1.000000;1.000000;1.000000;1.000000;1.000000;1.000000;1.000000;1.000000;1.000000;1.000000;1.000000;1.000000,0.033253;0.129253;0.061413;0.157413;0.089573;0.021733;0.134693;0.100773;0.066853;0.032933;0.162853;0.128933;0.095013;0.061093;0.027173;0.157093;0.123173;0.089253;0.055333;0.021413;0.151333;0.117413;nan,2.000000;2.000000;2.000000;2.000000;2.000000;2.000000;2.000000;1.000000;1.000000;1.000000;1.000000;1.000000;1.000000;1.000000;1.000000;1.000000;1.000000;1.000000;1.000000;1.000000;1.000000;1.000000;1.000000,229,13760,100,8032,0,0,0,0,0,0,0,0,0,0,0,0,0,0,0,0,0,0,0,0,0,0,0,0,graph_0001__stability_0.2000,stability,0.2,graph_0001,epoch_0003
trace,aodv,0.473461,0.473316,2051,2283,105,703,967,0.750000,0.037798,76.399123,360,270,2,56,0,403,1.500000,703,33888,2.603704,125.511111,0.500000,1.250000,1.000000,2.000000,2.000000;2.000000;2.000000;2.000000;2.000000;2.000000;1.000000;1.000000;1.000000;1.000000;1.000000;1.000000;1.000000;1.000000;1.000000;1.000000;1.000000;1.000000;1.000000;1.000000;1.000000;1.000000;1.000000;1.000000,46,nan,0,2.000000;2.000000;2.000000;2.000000;2.000000;2.000000;2.000000;1.000000;1.000000;1.000000;1.000000;1.000000;1.000000;1.000000;1.000000;1.000000;1.000000;1.000000;1.000000;1.000000;1.000000;1.000000;1.000000,0.033253;0.129253;0.061413;1.496787;1.431748;nan;nan;nan;0.490009;0.032933;0.162853;0.128933;0.095013;0.061093;0.027173;0.157093;0.123173;0.089253;0.055333;0.021413;0.151333;0.117413;nan,2.000000;2.000000;2.000000;2.000000;2.000000;2.000000;2.000000;1.000000;1.000000;1.000000;1.000000;1.000000;1.000000;1.000000;1.000000;1.000000;1.000000;1.000000;1.000000;1.000000;1.000000;1.000000;1.000000,0,0,0,0,0,0,0,0,0,0,468,22464,103,5356,97,4656,29,1232,6,180,0,0,0,0,0,0,0,0,graph_0001__stability_0.2000,stability,0.2,graph_0001,epoch_0003
trace,static,0.181132,0.181130,811,592,105,0,0,0.391667,0.020109,72.449138,360,141,0,0,0,153,0.783333,0,0,0.000000,0.000000,0.500000,1.250000,1.000000,2.000000,2.000000;2.000000;2.000000;2.000000;2.000000;2.000000;1.000000;1.000000;1.000000;1.000000;1.000000;1.000000;1.000000;1.000000;1.000000;1.000000;1.000000;1.000000;1.000000;1.000000;1.000000;1.000000;1.000000;1.000000,46,nan,0,2.000000;2.000000;2.000000;2.000000;2.000000;2.000000;2.000000;1.000000;1.000000;1.000000;1.000000;1.000000;1.000000;1.000000;1.000000;1.000000;1.000000;1.000000;1.000000;1.000000;1.000000;1.000000;1.000000,0.042269;0.138229;0.070389;0.166389;0.098549;0.030709;0.143669;0.109749;0.075829;0.041909;0.171829;0.137639;0.103989;0.070069;0.036149;0.166069;0.132149;0.098229;0.064349;0.030389;0.160309;0.126389;nan,2.000000;2.000000;2.000000;2.000000;2.000000;2.000000;2.000000;1.000000;1.000000;1.000000;1.000000;1.000000;1.000000;1.000000;1.000000;1.000000;1.000000;1.000000;1.000000;1.000000;1.000000;1.000000;1.000000,0,0,0,0,0,0,0,0,0,0,0,0,0,0,0,0,0,0,0,0,0,0,0,0,0,0,0,0,graph_0001__stability_0.2000,stability,0.2,graph_0001,epoch_0003
trace,olsr,0.427185,0.427149,1576,1679,105,331,534,0.719444,0.036107,75.372067,360,259,1,0,0,381,1.438889,331,21928,1.277992,84.664093,0.500000,1.250000,1.000000,2.000000,2.000000;2.000000;2.000000;2.000000;2.000000;2.000000;1.000000;1.000000;1.000000;1.000000;1.000000;1.000000;1.000000;1.000000;1.000000;1.000000;1.000000;1.000000;1.000000;1.000000;1.000000;1.000000;1.000000;1.000000,46,nan,0,2.000000;2.000000;2.000000;2.000000;2.000000;2.000000;2.000000;1.000000;1.000000;1.000000;1.000000;1.000000;1.000000;1.000000;1.000000;1.000000;1.000000;1.000000;1.000000;1.000000;1.000000;1.000000;1.000000,0.033253;0.129253;0.061413;0.157413;0.089693;0.021733;0.298533;0.100773;0.066853;0.032933;0.162853;0.128933;0.095013;0.061523;0.027173;0.157093;0.123173;0.089253;0.055333;0.021413;0.151333;0.117413;nan,2.000000;2.000000;2.000000;2.000000;2.000000;2.000000;2.000000;1.000000;1.000000;1.000000;1.000000;1.000000;1.000000;1.000000;1.000000;1.000000;1.000000;1.000000;1.000000;1.000000;1.000000;1.000000;1.000000,227,13632,104,8296,0,0,0,0,0,0,0,0,0,0,0,0,0,0,0,0,0,0,0,0,0,0,0,0,graph_0001__stability_0.2000,stability,0.2,graph_0001,epoch_0004
trace,aodv,0.468268,0.467701,2062,2293,105,712,970,0.755556,0.038070,76.194063,360,272,5,56,0,393,1.511111,712,34284,2.617647,126.044118,0.500000,1.250000,1.000000,2.000000,2.000000;2.000000;2.000000;2.000000;2.000000;2.000000;1.000000;1.000000;1.000000;1.000000;1.000000;1.000000;1.000000;1.000000;1.000000;1.000000;1.000000;1.000000;1.000000;1.000000;1.000000;1.000000;1.000000;1.000000,46,nan,0,2.000000;2.000000;2.000000;2.000000;2.000000;2.000000;2.000000;1.000000;1.000000;1.000000;1.000000;1.000000;1.000000;1.000000;1.000000;1.000000;1.000000;1.000000;1.000000;1.000000;1.000000;1.000000;1.000000,0.033253;0.129253;0.061413;1.487728;1.416028;nan;nan;nan;0.497764;0.032933;0.162853;0.128933;0.095013;0.061093;0.027173;0.157093;0.123173;0.089253;0.055333;0.021413;0.151333;0.117413;nan,2.000000;2.000000;2.000000;2.000000;2.000000;2.000000;2.000000;1.000000;1.000000;1.000000;1.000000;1.000000;1.000000;1.000000;1.000000;1.000000;1.000000;1.000000;1.000000;1.000000;1.000000;1.000000;1.000000,0,0,0,0,0,0,0,0,0,0,468,22464,106,5512,97,4656,35,1472,6,180,0,0,0,0,0,0,0,0,graph_0001__stability_0.2000,stability,0.2,graph_0001,epoch_0004
trace,static,0.180899,0.180835,813,595,105,0,0,0.394444,0.020248,72.465373,360,142,0,0,0,155,0.788889,0,0,0.000000,0.000000,0.500000,1.250000,1.000000,2.000000,2.000000;2.000000;2.000000;2.000000;2.000000;2.000000;1.000000;1.000000;1.000000;1.000000;1.000000;1.000000;1.000000;1.000000;1.000000;1.000000;1.000000;1.000000;1.000000;1.000000;1.000000;1.000000;1.000000;1.000000,46,nan,0,2.000000;2.000000;2.000000;2.000000;2.000000;2.000000;2.000000;1.000000;1.000000;1.000000;1.000000;1.000000;1.000000;1.000000;1.000000;1.000000;1.000000;1.000000;1.000000;1.000000;1.000000;1.000000;1.000000,0.042269;0.138229;0.070389;0.166389;0.098549;0.030709;0.143669;0.109749;0.075829;0.041909;0.171829;0.137639;0.103989;0.070069;0.036149;0.166069;0.132149;0.098229;0.064349;0.030389;0.160309;0.126389;nan,2.000000;2.000000;2.000000;2.000000;2.000000;2.000000;2.000000;1.000000;1.000000;1.000000;1.000000;1.000000;1.000000;1.000000;1.000000;1.000000;1.000000;1.000000;1.000000;1.000000;1.000000;1.000000;1.000000,0,0,0,0,0,0,0,0,0,0,0,0,0,0,0,0,0,0,0,0,0,0,0,0,0,0,0,0,graph_0001__stability_0.2000,stability,0.2,graph_0001,epoch_0004
trace,olsr,0.409728,0.409019,1470,1583,105,333,535,0.650000,0.032622,75.787859,360,234,13,0,0,348,1.300000,333,21820,1.423077,93.247863,0.500000,1.250000,1.000000,2.000000,2.000000;2.000000;2.000000;2.000000;2.000000;2.000000;1.000000;1.000000;1.000000;1.000000;1.000000;1.000000;1.000000;1.000000;1.000000;1.000000;1.000000;1.000000;1.000000;1.000000;1.000000;1.000000;1.000000;1.000000,46,nan,0,2.000000;2.000000;2.000000;2.000000;2.000000;2.000000;2.000000;1.000000;1.000000;1.000000;1.000000;1.000000;1.000000;1.000000;1.000000;1.000000;1.000000;1.000000;1.000000;1.000000;1.000000;1.000000;1.000000,0.033253;0.129253;0.061413;0.157413;0.089573;nan;nan;0.437629;0.066853;0.032933;0.162853;0.128933;0.095013;0.061093;0.027173;0.157093;0.123173;0.089253;0.055333;0.021413;0.151333;0.117413;nan,2.000000;2.000000;2.000000;2.000000;2.000000;2.000000;2.000000;1.000000;1.000000;1.000000;1.000000;1.000000;1.000000;1.000000;1.000000;1.000000;1.000000;1.000000;1.000000;1.000000;1.000000;1.000000;1.000000,227,13632,106,8188,0,0,0,0,0,0,0,0,0,0,0,0,0,0,0,0,0,0,0,0,0,0,0,0,graph_0001__stability_0.2000,stability,0.2,graph_0001,epoch_0005
trace,aodv,0.494137,0.493946,2055,2282,105,716,973,0.738889,0.037864,76.887506,360,266,8,56,0,383,1.477778,716,34452,2.691729,129.518797,0.500000,1.250000,1.000000,2.000000,2.000000;2.000000;2.000000;2.000000;2.000000;2.000000;1.000000;1.000000;1.000000;1.000000;1.000000;1.000000;1.000000;1.000000;1.000000;1.000000;1.000000;1.000000;1.000000;1.000000;1.000000;1.000000;1.000000;1.000000,46,nan,0,2.000000;2.000000;2.000000;2.000000;2.000000;2.000000;2.000000;1.000000;1.000000;1.000000;1.000000;1.000000;1.000000;1.000000;1.000000;1.000000;1.000000;1.000000;1.000000;1.000000;1.000000;1.000000;1.000000,0.033253;0.129253;0.061413;1.494364;1.424188;nan;nan;nan;0.493504;0.032933;0.162853;0.128933;0.095013;0.061093;0.027173;0.157093;0.123173;0.089253;0.055333;0.021413;0.151333;0.117413;nan,2.000000;2.000000;2.000000;2.000000;2.000000;2.000000;2.000000;1.000000;1.000000;1.000000;1.000000;1.000000;1.000000;1.000000;1.000000;1.000000;1.000000;1.000000;1.000000;1.000000;1.000000;1.000000;1.000000,0,0,0,0,0,0,0,0,0,0,468,22464,106,5512,97,4656,39,1640,6,180,0,0,0,0,0,0,0,0,graph_0001__stability_0.2000,stability,0.2,graph_0001,epoch_0005
trace,static,0.181647,0.181424,813,595,105,0,0,0.394444,0.020248,72.465333,360,142,0,0,0,155,0.788889,0,0,0.000000,0.000000,0.500000,1.250000,1.000000,2.000000,2.000000;2.000000;2.000000;2.000000;2.000000;2.000000;1.000000;1.000000;1.000000;1.000000;1.000000;1.000000;1.000000;1.000000;1.000000;1.000000;1.000000;1.000000;1.000000;1.000000;1.000000;1.000000;1.000000;1.000000,46,nan,0,2.000000;2.000000;2.000000;2.000000;2.000000;2.000000;2.000000;1.000000;1.000000;1.000000;1.000000;1.000000;1.000000;1.000000;1.000000;1.000000;1.000000;1.000000;1.000000;1.000000;1.000000;1.000000;1.000000,0.042269;0.138229;0.070389;0.166389;0.098549;0.030709;0.143669;0.109749;0.075829;0.041909;0.171829;0.137639;0.103989;0.070069;0.036149;0.166069;0.132149;0.098229;0.064349;0.030389;0.160309;0.126389;nan,2.000000;2.000000;2.000000;2.000000;2.000000;2.000000;2.000000;1.000000;1.000000;1.000000;1.000000;1.000000;1.000000;1.000000;1.000000;1.000000;1.000000;1.000000;1.000000;1.000000;1.000000;1.000000;1.000000,0,0,0,0,0,0,0,0,0,0,0,0,0,0,0,0,0,0,0,0,0,0,0,0,0,0,0,0,graph_0001__stability_0.2000,stability,0.2,graph_0001,epoch_0005
trace,olsr,0.475466,0.475315,1580,1680,105,332,533,0.719444,0.036113,75.454561,360,259,0,0,0,375,1.438889,332,21768,1.281853,84.046332,0.500000,1.250000,1.000000,2.000000,2.000000;2.000000;2.000000;2.000000;2.000000;2.000000;1.000000;1.000000;1.000000;1.000000;1.000000;1.000000;1.000000;1.000000;1.000000;1.000000;1.000000;1.000000;1.000000;1.000000;1.000000;1.000000;1.000000;1.000000,46,nan,0,2.000000;2.000000;2.000000;2.000000;2.000000;2.000000;2.000000;1.000000;1.000000;1.000000;1.000000;1.000000;1.000000;1.000000;1.000000;1.000000;1.000000;1.000000;1.000000;1.000000;1.000000;1.000000;1.000000,0.033253;0.129253;0.061413;0.157413;0.089573;0.021733;0.134693;0.100773;0.066853;0.032933;0.162853;0.128933;0.095013;0.061093;0.027173;0.157093;0.123173;0.089253;0.055333;0.021413;0.151333;0.117413;nan,2.000000;2.000000;2.000000;2.000000;2.000000;2.000000;2.000000;1.000000;1.000000;1.000000;1.000000;1.000000;1.000000;1.000000;1.000000;1.000000;1.000000;1.000000;1.000000;1.000000;1.000000;1.000000;1.000000,229,13760,103,8008,0,0,0,0,0,0,0,0,0,0,0,0,0,0,0,0,0,0,0,0,0,0,0,0,graph_0001__stability_0.2000,stability,0.2,graph_0001,epoch_0002
trace,aodv,0.486592,0.486546,2072,2305,105,707,966,0.758333,0.038217,76.378644,360,273,5,56,0,401,1.516667,707,34044,2.589744,124.703297,0.500000,1.250000,1.000000,2.000000,2.000000;2.000000;2.000000;2.000000;2.000000;2.000000;1.000000;1.000000;1.000000;1.000000;1.000000;1.000000;1.000000;1.000000;1.000000;1.000000;1.000000;1.000000;1.000000;1.000000;1.000000;1.000000;1.000000;1.000000,46,nan,0,2.000000;2.000000;2.000000;2.000000;2.000000;2.000000;2.000000;1.000000;1.000000;1.000000;1.000000;1.000000;1.000000;1.000000;1.000000;1.000000;1.000000;1.000000;1.000000;1.000000;1.000000;1.000000;1.000000,0.033253;0.129253;0.061413;1.494528;1.420068;nan;nan;nan;0.500869;0.032933;0.162853;0.128933;0.095013;0.061093;0.027173;nan;0.473984;0.089253;0.055333;0.021413;0.151333;0.117413;nan,2.000000;2.000000;2.000000;2.000000;2.000000;2.000000;2.000000;1.000000;1.000000;1.000000;1.000000;1.000000;1.000000;1.000000;1.000000;1.000000;1.000000;1.000000;1.000000;1.000000;1.000000;1.000000;1.000000,0,0,0,0,0,0,0,0,0,0,468,22464,106,5512,93,4464,34,1424,6,180,0,0,0,0,0,0,0,0,graph_0001__stability_0.2000,stability,0.2,graph_0001,epoch_0002
trace,static,0.181821,0.181693,811,592,105,0,0,0.391667,0.020108,72.449132,360,141,0,0,0,154,0.783333,0,0,0.000000,0.000000,0.500000,1.250000,1.000000,2.000000,2.000000;2.000000;2.000000;2.000000;2.000000;2.000000;1.000000;1.000000;1.000000;1.000000;1.000000;1.000000;1.000000;1.000000;1.000000;1.000000;1.000000;1.000000;1.000000;1.000000;1.000000;1.000000;1.000000;1.000000,46,nan,0,2.000000;2.000000;2.000000;2.000000;2.000000;2.000000;2.000000;1.000000;1.000000;1.000000;1.000000;1.000000;1.000000;1.000000;1.000000;1.000000;1.000000;1.000000;1.000000;1.000000;1.000000;1.000000;1.000000,0.042269;0.138229;0.070389;0.166389;0.098549;0.030709;0.143669;0.109749;0.075829;0.041909;0.171829;0.137639;0.103989;0.070069;0.036149;0.166069;0.132149;0.098229;0.064349;0.030389;0.160309;0.126389;nan,2.000000;2.000000;2.000000;2.000000;2.000000;2.000000;2.000000;1.000000;1.000000;1.000000;1.000000;1.000000;1.000000;1.000000;1.000000;1.000000;1.000000;1.000000;1.000000;1.000000;1.000000;1.000000;1.000000,0,0,0,0,0,0,0,0,0,0,0,0,0,0,0,0,0,0,0,0,0,0,0,0,0,0,0,0,graph_0001__stability_0.2000,stability,0.2,graph_0001,epoch_0002
