event,sequence,app_tx_time_s,event_time_s,delay_s,frame_connected,usable_connected
tx,0,0.100000000,0.100000000,0.000000000,1,1
tx,1,0.108192000,0.108192000,0.000000000,1,1
rx,0,0.100000000,0.114029002,0.014029002,1,1
rx,1,0.108192000,0.114623670,0.006431670,1,1
tx,2,0.116384000,0.116384000,0.000000000,1,1
rx,2,0.116384000,0.116624334,0.000240334,1,1
tx,3,0.124576000,0.124576000,0.000000000,1,1
rx,3,0.124576000,0.124816334,0.000240334,1,1
tx,4,0.132768000,0.132768000,0.000000000,1,1
rx,4,0.132768000,0.133008334,0.000240334,1,1
tx,5,0.140960000,0.140960000,0.000000000,1,1
rx,5,0.140960000,0.141200334,0.000240334,1,1
tx,6,0.149152000,0.149152000,0.000000000,1,1
rx,6,0.149152000,0.149392334,0.000240334,1,1
tx,7,0.157344000,0.157344000,0.000000000,1,1
rx,7,0.157344000,0.157584334,0.000240334,1,1
tx,8,0.165536000,0.165536000,0.000000000,1,1
rx,8,0.165536000,0.165776334,0.000240334,1,1
tx,9,0.173728000,0.173728000,0.000000000,1,1
rx,9,0.173728000,0.173968334,0.000240334,1,1
tx,10,0.181920000,0.181920000,0.000000000,1,1
rx,10,0.181920000,0.182160334,0.000240334,1,1
tx,11,0.190112000,0.190112000,0.000000000,1,1
rx,11,0.190112000,0.190352334,0.000240334,1,1
tx,12,0.198304000,0.198304000,0.000000000,1,1
rx,12,0.198304000,0.198544334,0.000240334,1,1
tx,13,0.206496000,0.206496000,0.000000000,1,1
rx,13,0.206496000,0.206736334,0.000240334,1,1
tx,14,0.214688000,0.214688000,0.000000000,1,1
rx,14,0.214688000,0.214928334,0.000240334,1,1
tx,15,0.222880000,0.222880000,0.000000000,1,1
rx,15,0.222880000,0.223120334,0.000240334,1,1
tx,16,0.231072000,0.231072000,0.000000000,1,1
rx,16,0.231072000,0.231312334,0.000240334,1,1
tx,17,0.239264000,0.239264000,0.000000000,1,1
rx,17,0.239264000,0.239504334,0.000240334,1,1
tx,18,0.247456000,0.247456000,0.000000000,1,1
rx,18,0.247456000,0.247696334,0.000240334,1,1
tx,19,0.255648000,0.255648000,0.000000000,1,1
rx,19,0.255648000,0.255888334,0.000240334,1,1
tx,20,0.263840000,0.263840000,0.000000000,1,1
rx,20,0.263840000,0.264080334,0.000240334,1,1
tx,21,0.272032000,0.272032000,0.000000000,1,1
rx,21,0.272032000,0.272272334,0.000240334,1,1
tx,22,0.280224000,0.280224000,0.000000000,1,1
rx,22,0.280224000,0.280464334,0.000240334,1,1
tx,23,0.288416000,0.288416000,0.000000000,1,1
rx,23,0.288416000,0.288656334,0.000240334,1,1
tx,24,0.296608000,0.296608000,0.000000000,1,1
rx,24,0.296608000,0.296848334,0.000240334,1,1
tx,25,0.304800000,0.304800000,0.000000000,1,1
rx,25,0.304800000,0.305040334,0.000240334,1,1
tx,26,0.312992000,0.312992000,0.000000000,1,1
rx,26,0.312992000,0.313232334,0.000240334,1,1
tx,27,0.321184000,0.321184000,0.000000000,1,1
rx,27,0.321184000,0.321424334,0.000240334,1,1
tx,28,0.329376000,0.329376000,0.000000000,1,1
rx,28,0.329376000,0.329616334,0.000240334,1,1
tx,29,0.337568000,0.337568000,0.000000000,1,1
rx,29,0.337568000,0.337808334,0.000240334,1,1
tx,30,0.345760000,0.345760000,0.000000000,1,1
rx,30,0.345760000,0.346000334,0.000240334,1,1
tx,31,0.353952000,0.353952000,0.000000000,1,1
rx,31,0.353952000,0.354192334,0.000240334,1,1
tx,32,0.362144000,0.362144000,0.000000000,1,1
rx,32,0.362144000,0.362384334,0.000240334,1,1
tx,33,0.370336000,0.370336000,0.000000000,1,1
rx,33,0.370336000,0.370576334,0.000240334,1,1
tx,34,0.378528000,0.378528000,0.000000000,1,1
rx,34,0.378528000,0.378768334,0.000240334,1,1
tx,35,0.386720000,0.386720000,0.000000000,1,1
rx,35,0.386720000,0.386960334,0.000240334,1,1
tx,36,0.394912000,0.394912000,0.000000000,1,1
rx,36,0.394912000,0.395152334,0.000240334,1,1
tx,37,0.403104000,0.403104000,0.000000000,1,1
rx,37,0.403104000,0.403344334,0.000240334,1,1
tx,38,0.411296000,0.411296000,0.000000000,1,1
rx,38,0.411296000,0.411536334,0.000240334,1,1
tx,39,0.419488000,0.419488000,0.000000000,1,1
rx,39,0.419488000,0.419728334,0.000240334,1,1
tx,40,0.427680000,0.427680000,0.000000000,1,1
rx,40,0.427680000,0.427920334,0.000240334,1,1
tx,41,0.435872000,0.435872000,0.000000000,1,1
rx,41,0.435872000,0.436112334,0.000240334,1,1
tx,42,0.444064000,0.444064000,0.000000000,1,1
rx,42,0.444064000,0.444304334,0.000240334,1,1
tx,43,0.452256000,0.452256000,0.000000000,1,1
rx,43,0.452256000,0.452496334,0.000240334,1,1
tx,44,0.460448000,0.460448000,0.000000000,1,1
rx,44,0.460448000,0.460688334,0.000240334,1,1
tx,45,0.468640000,0.468640000,0.000000000,1,1
rx,45,0.468640000,0.468880334,0.000240334,1,1
tx,46,0.476832000,0.476832000,0.000000000,1,1
rx,46,0.476832000,0.477072334,0.000240334,1,1
tx,47,0.485024000,0.485024000,0.000000000,1,1
rx,47,0.485024000,0.485264334,0.000240334,1,1
tx,48,0.493216000,0.493216000,0.000000000,1,1
rx,48,0.493216000,0.493456334,0.000240334,1,1
tx,49,0.501408000,0.501408000,0.000000000,1,1
rx,49,0.501408000,0.501648334,0.000240334,1,1
tx,50,0.509600000,0.509600000,0.000000000,1,1
rx,50,0.509600000,0.509840334,0.000240334,1,1
tx,51,0.517792000,0.517792000,0.000000000,1,1
rx,51,0.517792000,0.518032334,0.000240334,1,1
tx,52,0.525984000,0.525984000,0.000000000,1,1
rx,52,0.525984000,0.526224334,0.000240334,1,1
tx,53,0.534176000,0.534176000,0.000000000,1,1
rx,53,0.534176000,0.534416334,0.000240334,1,1
tx,54,0.542368000,0.542368000,0.000000000,1,1
rx,54,0.542368000,0.542608334,0.000240334,1,1
tx,55,0.550560000,0.550560000,0.000000000,1,1
rx,55,0.550560000,0.550800334,0.000240334,1,1
tx,56,0.558752000,0.558752000,0.000000000,1,1
rx,56,0.558752000,0.558992334,0.000240334,1,1
tx,57,0.566944000,0.566944000,0.000000000,1,1
rx,57,0.566944000,0.567184334,0.000240334,1,1
tx,58,0.575136000,0.575136000,0.000000000,1,1
rx,58,0.575136000,0.575376334,0.000240334,1,1
tx,59,0.583328000,0.583328000,0.000000000,1,1
rx,59,0.583328000,0.583568334,0.000240334,1,1
tx,60,0.591520000,0.591520000,0.000000000,1,1
rx,60,0.591520000,0.591760334,0.000240334,1,1
tx,61,0.599712000,0.599712000,0.000000000,1,1
rx,61,0.599712000,0.599952334,0.000240334,1,1
tx,62,0.607904000,0.607904000,0.000000000,1,1
rx,62,0.607904000,0.608144334,0.000240334,1,1
tx,63,0.616096000,0.616096000,0.000000000,1,1
rx,63,0.616096000,0.616336334,0.000240334,1,1
tx,64,0.624288000,0.624288000,0.000000000,1,1
rx,64,0.624288000,0.624528334,0.000240334,1,1
tx,65,0.632480000,0.632480000,0.000000000,1,1
rx,65,0.632480000,0.632720334,0.000240334,1,1
tx,66,0.640672000,0.640672000,0.000000000,1,1
rx,66,0.640672000,0.640912334,0.000240334,1,1
tx,67,0.648864000,0.648864000,0.000000000,1,1
rx,67,0.648864000,0.649104334,0.000240334,1,1
tx,68,0.657056000,0.657056000,0.000000000,1,1
rx,68,0.657056000,0.657296334,0.000240334,1,1
tx,69,0.665248000,0.665248000,0.000000000,1,1
rx,69,0.665248000,0.665488334,0.000240334,1,1
tx,70,0.673440000,0.673440000,0.000000000,1,1
rx,70,0.673440000,0.673680334,0.000240334,1,1
tx,71,0.681632000,0.681632000,0.000000000,1,1
rx,71,0.681632000,0.681872334,0.000240334,1,1
tx,72,0.689824000,0.689824000,0.000000000,1,1
rx,72,0.689824000,0.690064334,0.000240334,1,1
tx,73,0.698016000,0.698016000,0.000000000,1,1
rx,73,0.698016000,0.698256334,0.000240334,1,1
tx,74,0.706208000,0.706208000,0.000000000,1,1
rx,74,0.706208000,0.706448334,0.000240334,1,1
tx,75,0.714400000,0.714400000,0.000000000,1,1
rx,75,0.714400000,0.714640334,0.000240334,1,1
tx,76,0.722592000,0.722592000,0.000000000,1,1
rx,76,0.722592000,0.722832334,0.000240334,1,1
tx,77,0.730784000,0.730784000,0.000000000,1,1
rx,77,0.730784000,0.731024334,0.000240334,1,1
tx,78,0.738976000,0.738976000,0.000000000,1,1
rx,78,0.738976000,0.739216334,0.000240334,1,1
tx,79,0.747168000,0.747168000,0.000000000,1,1
rx,79,0.747168000,0.747408334,0.000240334,1,1
tx,80,0.755360000,0.755360000,0.000000000,1,1
rx,80,0.755360000,0.755600334,0.000240334,1,1
tx,81,0.763552000,0.763552000,0.000000000,1,1
rx,81,0.763552000,0.763792334,0.000240334,1,1
tx,82,0.771744000,0.771744000,0.000000000,1,1
rx,82,0.771744000,0.771984334,0.000240334,1,1
tx,83,0.779936000,0.779936000,0.000000000,1,1
rx,83,0.779936000,0.780176334,0.000240334,1,1
tx,84,0.788128000,0.788128000,0.000000000,1,1
rx,84,0.788128000,0.788368334,0.000240334,1,1
tx,85,0.796320000,0.796320000,0.000000000,1,1
rx,85,0.796320000,0.796560334,0.000240334,1,1
tx,86,0.804512000,0.804512000,0.000000000,1,1
rx,86,0.804512000,0.804752334,0.000240334,1,1
tx,87,0.812704000,0.812704000,0.000000000,1,1
rx,87,0.812704000,0.812944334,0.000240334,1,1
tx,88,0.820896000,0.820896000,0.000000000,1,1
rx,88,0.820896000,0.821136334,0.000240334,1,1
tx,89,0.829088000,0.829088000,0.000000000,1,1
rx,89,0.829088000,0.829328334,0.000240334,1,1
tx,90,0.837280000,0.837280000,0.000000000,1,1
rx,90,0.837280000,0.837520334,0.000240334,1,1
tx,91,0.845472000,0.845472000,0.000000000,1,1
rx,91,0.845472000,0.845712334,0.000240334,1,1
tx,92,0.853664000,0.853664000,0.000000000,1,1
rx,92,0.853664000,0.853904334,0.000240334,1,1
tx,93,0.861856000,0.861856000,0.000000000,1,1
rx,93,0.861856000,0.862096334,0.000240334,1,1
tx,94,0.870048000,0.870048000,0.000000000,1,1
rx,94,0.870048000,0.870288334,0.000240334,1,1
tx,95,0.878240000,0.878240000,0.000000000,1,1
rx,95,0.878240000,0.878480334,0.000240334,1,1
tx,96,0.886432000,0.886432000,0.000000000,1,1
rx,96,0.886432000,0.886672334,0.000240334,1,1
tx,97,0.894624000,0.894624000,0.000000000,1,1
rx,97,0.894624000,0.894864334,0.000240334,1,1
tx,98,0.902816000,0.902816000,0.000000000,1,1
rx,98,0.902816000,0.903056334,0.000240334,1,1
tx,99,0.911008000,0.911008000,0.000000000,1,1
rx,99,0.911008000,0.911248334,0.000240334,1,1
tx,100,0.919200000,0.919200000,0.000000000,1,1
rx,100,0.919200000,0.919440334,0.000240334,1,1
tx,101,0.927392000,0.927392000,0.000000000,1,1
rx,101,0.927392000,0.927632334,0.000240334,1,1
tx,102,0.935584000,0.935584000,0.000000000,1,1
rx,102,0.935584000,0.935824334,0.000240334,1,1
tx,103,0.943776000,0.943776000,0.000000000,1,1
rx,103,0.943776000,0.944016334,0.000240334,1,1
tx,104,0.951968000,0.951968000,0.000000000,1,1
rx,104,0.951968000,0.952208334,0.000240334,1,1
tx,105,0.960160000,0.960160000,0.000000000,1,1
rx,105,0.960160000,0.960400334,0.000240334,1,1
tx,106,0.968352000,0.968352000,0.000000000,1,1
rx,106,0.968352000,0.968592334,0.000240334,1,1
tx,107,0.976544000,0.976544000,0.000000000,1,1
rx,107,0.976544000,0.976784334,0.000240334,1,1
tx,108,0.984736000,0.984736000,0.000000000,1,1
rx,108,0.984736000,0.984976334,0.000240334,1,1
tx,109,0.992928000,0.992928000,0.000000000,1,1
rx,109,0.992928000,0.993168334,0.000240334,1,1
tx,110,1.001120000,1.001120000,0.000000000,0,0
tx,111,1.009312000,1.009312000,0.000000000,0,0
tx,112,1.017504000,1.017504000,0.000000000,0,0
tx,113,1.025696000,1.025696000,0.000000000,0,0
tx,114,1.033888000,1.033888000,0.000000000,0,0
tx,115,1.042080000,1.042080000,0.000000000,0,0
tx,116,1.050272000,1.050272000,0.000000000,0,0
tx,117,1.058464000,1.058464000,0.000000000,0,0
tx,118,1.066656000,1.066656000,0.000000000,0,0
tx,119,1.074848000,1.074848000,0.000000000,0,0
tx,120,1.083040000,1.083040000,0.000000000,0,0
tx,121,1.091232000,1.091232000,0.000000000,0,0
tx,122,1.099424000,1.099424000,0.000000000,0,0
tx,123,1.107616000,1.107616000,0.000000000,0,0
tx,124,1.115808000,1.115808000,0.000000000,0,0
tx,125,1.124000000,1.124000000,0.000000000,0,0
tx,126,1.132192000,1.132192000,0.000000000,0,0
tx,127,1.140384000,1.140384000,0.000000000,0,0
tx,128,1.148576000,1.148576000,0.000000000,0,0
tx,129,1.156768000,1.156768000,0.000000000,0,0
tx,130,1.164960000,1.164960000,0.000000000,0,0
tx,131,1.173152000,1.173152000,0.000000000,0,0
tx,132,1.181344000,1.181344000,0.000000000,0,0
tx,133,1.189536000,1.189536000,0.000000000,0,0
tx,134,1.197728000,1.197728000,0.000000000,0,0
tx,135,1.205920000,1.205920000,0.000000000,0,0
tx,136,1.214112000,1.214112000,0.000000000,0,0
tx,137,1.222304000,1.222304000,0.000000000,0,0
tx,138,1.230496000,1.230496000,0.000000000,0,0
tx,139,1.238688000,1.238688000,0.000000000,0,0
tx,140,1.246880000,1.246880000,0.000000000,0,0
tx,141,1.255072000,1.255072000,0.000000000,0,0
tx,142,1.263264000,1.263264000,0.000000000,0,0
tx,143,1.271456000,1.271456000,0.000000000,0,0
tx,144,1.279648000,1.279648000,0.000000000,0,0
tx,145,1.287840000,1.287840000,0.000000000,0,0
tx,146,1.296032000,1.296032000,0.000000000,0,0
tx,147,1.304224000,1.304224000,0.000000000,0,0
tx,148,1.312416000,1.312416000,0.000000000,0,0
tx,149,1.320608000,1.320608000,0.000000000,0,0
tx,150,1.328800000,1.328800000,0.000000000,0,0
tx,151,1.336992000,1.336992000,0.000000000,0,0
tx,152,1.345184000,1.345184000,0.000000000,0,0
tx,153,1.353376000,1.353376000,0.000000000,0,0
tx,154,1.361568000,1.361568000,0.000000000,0,0
tx,155,1.369760000,1.369760000,0.000000000,0,0
tx,156,1.377952000,1.377952000,0.000000000,0,0
tx,157,1.386144000,1.386144000,0.000000000,0,0
tx,158,1.394336000,1.394336000,0.000000000,0,0
tx,159,1.402528000,1.402528000,0.000000000,0,0
tx,160,1.410720000,1.410720000,0.000000000,0,0
tx,161,1.418912000,1.418912000,0.000000000,0,0
tx,162,1.427104000,1.427104000,0.000000000,0,0
tx,163,1.435296000,1.435296000,0.000000000,0,0
tx,164,1.443488000,1.443488000,0.000000000,0,0
tx,165,1.451680000,1.451680000,0.000000000,0,0
tx,166,1.459872000,1.459872000,0.000000000,0,0
tx,167,1.468064000,1.468064000,0.000000000,0,0
tx,168,1.476256000,1.476256000,0.000000000,0,0
tx,169,1.484448000,1.484448000,0.000000000,0,0
tx,170,1.492640000,1.492640000,0.000000000,0,0
tx,171,1.500832000,1.500832000,0.000000000,0,0
tx,172,1.509024000,1.509024000,0.000000000,0,0
tx,173,1.517216000,1.517216000,0.000000000,0,0
tx,174,1.525408000,1.525408000,0.000000000,0,0
tx,175,1.533600000,1.533600000,0.000000000,0,0
tx,176,1.541792000,1.541792000,0.000000000,0,0
tx,177,1.549984000,1.549984000,0.000000000,0,0
tx,178,1.558176000,1.558176000,0.000000000,0,0
tx,179,1.566368000,1.566368000,0.000000000,0,0
tx,180,1.574560000,1.574560000,0.000000000,0,0
tx,181,1.582752000,1.582752000,0.000000000,0,0
tx,182,1.590944000,1.590944000,0.000000000,0,0
tx,183,1.599136000,1.599136000,0.000000000,0,0
tx,184,1.607328000,1.607328000,0.000000000,0,0
tx,185,1.615520000,1.615520000,0.000000000,0,0
tx,186,1.623712000,1.623712000,0.000000000,0,0
tx,187,1.631904000,1.631904000,0.000000000,0,0
tx,188,1.640096000,1.640096000,0.000000000,0,0
tx,189,1.648288000,1.648288000,0.000000000,0,0
tx,190,1.656480000,1.656480000,0.000000000,0,0
tx,191,1.664672000,1.664672000,0.000000000,0,0
tx,192,1.672864000,1.672864000,0.000000000,0,0
tx,193,1.681056000,1.681056000,0.000000000,0,0
tx,194,1.689248000,1.689248000,0.000000000,0,0
tx,195,1.697440000,1.697440000,0.000000000,0,0
tx,196,1.705632000,1.705632000,0.000000000,0,0
tx,197,1.713824000,1.713824000,0.000000000,0,0
tx,198,1.722016000,1.722016000,0.000000000,0,0
tx,199,1.730208000,1.730208000,0.000000000,0,0
tx,200,1.738400000,1.738400000,0.000000000,0,0
tx,201,1.746592000,1.746592000,0.000000000,0,0
tx,202,1.754784000,1.754784000,0.000000000,0,0
tx,203,1.762976000,1.762976000,0.000000000,0,0
tx,204,1.771168000,1.771168000,0.000000000,0,0
tx,205,1.779360000,1.779360000,0.000000000,0,0
tx,206,1.787552000,1.787552000,0.000000000,0,0
tx,207,1.795744000,1.795744000,0.000000000,0,0
tx,208,1.803936000,1.803936000,0.000000000,0,0
tx,209,1.812128000,1.812128000,0.000000000,0,0
tx,210,1.820320000,1.820320000,0.000000000,0,0
tx,211,1.828512000,1.828512000,0.000000000,0,0
tx,212,1.836704000,1.836704000,0.000000000,0,0
tx,213,1.844896000,1.844896000,0.000000000,0,0
tx,214,1.853088000,1.853088000,0.000000000,0,0
tx,215,1.861280000,1.861280000,0.000000000,0,0
tx,216,1.869472000,1.869472000,0.000000000,0,0
tx,217,1.877664000,1.877664000,0.000000000,0,0
tx,218,1.885856000,1.885856000,0.000000000,0,0
tx,219,1.894048000,1.894048000,0.000000000,0,0
tx,220,1.902240000,1.902240000,0.000000000,0,0
tx,221,1.910432000,1.910432000,0.000000000,0,0
tx,222,1.918624000,1.918624000,0.000000000,0,0
tx,223,1.926816000,1.926816000,0.000000000,0,0
tx,224,1.935008000,1.935008000,0.000000000,0,0
tx,225,1.943200000,1.943200000,0.000000000,0,0
tx,226,1.951392000,1.951392000,0.000000000,0,0
tx,227,1.959584000,1.959584000,0.000000000,0,0
tx,228,1.967776000,1.967776000,0.000000000,0,0
tx,229,1.975968000,1.975968000,0.000000000,0,0
tx,230,1.984160000,1.984160000,0.000000000,0,0
tx,231,1.992352000,1.992352000,0.000000000,0,0
tx,232,2.000544000,2.000544000,0.000000000,1,1
tx,233,2.008736000,2.008736000,0.000000000,1,1
rx,172,1.509024000,2.016644334,0.507620334,1,1
tx,234,2.016928000,2.016928000,0.000000000,1,1
rx,173,1.517216000,2.017219002,0.500003002,1,1
rx,174,1.525408000,2.017583670,0.492175670,1,1
rx,175,1.533600000,2.017968338,0.484368338,1,1
rx,176,1.541792000,2.018293006,0.476501006,1,1
rx,177,1.549984000,2.018717674,0.468733674,1,1
rx,178,1.558176000,2.019082342,0.460906342,1,1
rx,179,1.566368000,2.019407010,0.453039010,1,1
rx,180,1.574560000,2.019811678,0.445251678,1,1
rx,181,1.582752000,2.020116346,0.437364346,1,1
rx,182,1.590944000,2.020561014,0.429617014,1,1
rx,183,1.599136000,2.020965682,0.421829682,1,1
rx,184,1.607328000,2.021370350,0.414042350,1,1
rx,185,1.615520000,2.021915018,0.406395018,1,1
rx,186,1.623712000,2.022379686,0.398667686,1,1
rx,187,1.631904000,2.022824354,0.390920354,1,1
rx,188,1.640096000,2.023349022,0.383253022,1,1
rx,189,1.648288000,2.023873690,0.375585690,1,1
rx,190,1.656480000,2.024218358,0.367738358,1,1
rx,191,1.664672000,2.024783026,0.360111026,1,1
tx,235,2.025120000,2.025120000,0.000000000,1,1
rx,192,1.672864000,2.025347694,0.352483694,1,1
rx,193,1.681056000,2.025712362,0.344656362,1,1
rx,194,1.689248000,2.026077030,0.336829030,1,1
rx,195,1.697440000,2.026541698,0.329101698,1,1
rx,196,1.705632000,2.027026366,0.321394366,1,1
rx,197,1.713824000,2.027511034,0.313687034,1,1
rx,198,1.722016000,2.027915702,0.305899702,1,1
rx,199,1.730208000,2.028400370,0.298192370,1,1
rx,200,1.738400000,2.028705038,0.290305038,1,1
rx,201,1.746592000,2.029149706,0.282557706,1,1
rx,202,1.754784000,2.029674374,0.274890374,1,1
rx,203,1.762976000,2.030179042,0.267203042,1,1
rx,204,1.771168000,2.030523710,0.259355710,1,1
rx,205,1.779360000,2.031108378,0.251748378,1,1
rx,206,1.787552000,2.031593046,0.244041046,1,1
rx,207,1.795744000,2.031977714,0.236233714,1,1
rx,208,1.803936000,2.032342382,0.228406382,1,1
rx,209,1.812128000,2.032927050,0.220799050,1,1
rx,210,1.820320000,2.033271718,0.212951718,1,1
tx,236,2.033312000,2.033312000,0.000000000,1,1
rx,211,1.828512000,2.033636386,0.205124386,1,1
rx,212,1.836704000,2.034101054,0.197397054,1,1
rx,213,1.844896000,2.034685722,0.189789722,1,1
rx,214,1.853088000,2.035030390,0.181942390,1,1
rx,215,1.861280000,2.035555058,0.174275058,1,1
rx,216,1.869472000,2.036079726,0.166607726,1,1
rx,217,1.877664000,2.036404394,0.158740394,1,1
rx,218,1.885856000,2.036849062,0.150993062,1,1
rx,219,1.894048000,2.037353730,0.143305730,1,1
rx,220,1.902240000,2.037738398,0.135498398,1,1
rx,221,1.910432000,2.038043066,0.127611066,1,1
rx,222,1.918624000,2.038607734,0.119983734,1,1
rx,223,1.926816000,2.038912402,0.112096402,1,1
rx,224,1.935008000,2.039397070,0.104389070,1,1
rx,225,1.943200000,2.039781738,0.096581738,1,1
rx,226,1.951392000,2.040166406,0.088774406,1,1
rx,227,1.959584000,2.040611074,0.081027074,1,1
rx,228,1.967776000,2.041015742,0.073239742,1,1
rx,229,1.975968000,2.041340410,0.065372410,1,1
tx,237,2.041504000,2.041504000,0.000000000,1,1
rx,230,1.984160000,2.041665078,0.057505078,1,1
rx,231,1.992352000,2.042089746,0.049737746,1,1
rx,232,2.000544000,2.042414414,0.041870414,1,1
rx,233,2.008736000,2.042699082,0.033963082,1,1
rx,234,2.016928000,2.043183750,0.026255750,1,1
rx,235,2.025120000,2.043648418,0.018528418,1,1
rx,236,2.033312000,2.044073086,0.010761086,1,1
rx,237,2.041504000,2.044397754,0.002893754,1,1
tx,238,2.049696000,2.049696000,0.000000000,1,1
rx,238,2.049696000,2.049936334,0.000240334,1,1
tx,239,2.057888000,2.057888000,0.000000000,1,1
rx,239,2.057888000,2.058128334,0.000240334,1,1
tx,240,2.066080000,2.066080000,0.000000000,1,1
rx,240,2.066080000,2.066320334,0.000240334,1,1
tx,241,2.074272000,2.074272000,0.000000000,1,1
rx,241,2.074272000,2.074512334,0.000240334,1,1
tx,242,2.082464000,2.082464000,0.000000000,1,1
rx,242,2.082464000,2.082704334,0.000240334,1,1
tx,243,2.090656000,2.090656000,0.000000000,1,1
rx,243,2.090656000,2.090896334,0.000240334,1,1
tx,244,2.098848000,2.098848000,0.000000000,1,1
rx,244,2.098848000,2.099088334,0.000240334,1,1
tx,245,2.107040000,2.107040000,0.000000000,1,1
rx,245,2.107040000,2.107280334,0.000240334,1,1
tx,246,2.115232000,2.115232000,0.000000000,1,1
rx,246,2.115232000,2.115472334,0.000240334,1,1
tx,247,2.123424000,2.123424000,0.000000000,1,1
rx,247,2.123424000,2.123664334,0.000240334,1,1
tx,248,2.131616000,2.131616000,0.000000000,1,1
rx,248,2.131616000,2.131856334,0.000240334,1,1
tx,249,2.139808000,2.139808000,0.000000000,1,1
rx,249,2.139808000,2.140048334,0.000240334,1,1
tx,250,2.148000000,2.148000000,0.000000000,1,1
rx,250,2.148000000,2.148240334,0.000240334,1,1
tx,251,2.156192000,2.156192000,0.000000000,1,1
rx,251,2.156192000,2.156432334,0.000240334,1,1
tx,252,2.164384000,2.164384000,0.000000000,1,1
rx,252,2.164384000,2.164624334,0.000240334,1,1
tx,253,2.172576000,2.172576000,0.000000000,1,1
rx,253,2.172576000,2.172816334,0.000240334,1,1
tx,254,2.180768000,2.180768000,0.000000000,1,1
rx,254,2.180768000,2.181008334,0.000240334,1,1
tx,255,2.188960000,2.188960000,0.000000000,1,1
rx,255,2.188960000,2.189200334,0.000240334,1,1
tx,256,2.197152000,2.197152000,0.000000000,1,1
rx,256,2.197152000,2.197392334,0.000240334,1,1
tx,257,2.205344000,2.205344000,0.000000000,1,1
rx,257,2.205344000,2.205584334,0.000240334,1,1
tx,258,2.213536000,2.213536000,0.000000000,1,1
rx,258,2.213536000,2.213776334,0.000240334,1,1
tx,259,2.221728000,2.221728000,0.000000000,1,1
rx,259,2.221728000,2.221968334,0.000240334,1,1
tx,260,2.229920000,2.229920000,0.000000000,1,1
rx,260,2.229920000,2.230160334,0.000240334,1,1
tx,261,2.238112000,2.238112000,0.000000000,1,1
rx,261,2.238112000,2.238352334,0.000240334,1,1
tx,262,2.246304000,2.246304000,0.000000000,1,1
rx,262,2.246304000,2.246544334,0.000240334,1,1
tx,263,2.254496000,2.254496000,0.000000000,1,1
rx,263,2.254496000,2.254736334,0.000240334,1,1
tx,264,2.262688000,2.262688000,0.000000000,1,1
rx,264,2.262688000,2.262928334,0.000240334,1,1
tx,265,2.270880000,2.270880000,0.000000000,1,1
rx,265,2.270880000,2.271120334,0.000240334,1,1
tx,266,2.279072000,2.279072000,0.000000000,1,1
rx,266,2.279072000,2.279312334,0.000240334,1,1
tx,267,2.287264000,2.287264000,0.000000000,1,1
rx,267,2.287264000,2.287504334,0.000240334,1,1
tx,268,2.295456000,2.295456000,0.000000000,1,1
rx,268,2.295456000,2.295696334,0.000240334,1,1
tx,269,2.303648000,2.303648000,0.000000000,1,1
rx,269,2.303648000,2.303888334,0.000240334,1,1
tx,270,2.311840000,2.311840000,0.000000000,1,1
rx,270,2.311840000,2.312080334,0.000240334,1,1
tx,271,2.320032000,2.320032000,0.000000000,1,1
rx,271,2.320032000,2.320272334,0.000240334,1,1
tx,272,2.328224000,2.328224000,0.000000000,1,1
rx,272,2.328224000,2.328464334,0.000240334,1,1
tx,273,2.336416000,2.336416000,0.000000000,1,1
rx,273,2.336416000,2.336656334,0.000240334,1,1
tx,274,2.344608000,2.344608000,0.000000000,1,1
rx,274,2.344608000,2.344848334,0.000240334,1,1
tx,275,2.352800000,2.352800000,0.000000000,1,1
rx,275,2.352800000,2.353040334,0.000240334,1,1
tx,276,2.360992000,2.360992000,0.000000000,1,1
rx,276,2.360992000,2.361232334,0.000240334,1,1
tx,277,2.369184000,2.369184000,0.000000000,1,1
rx,277,2.369184000,2.369424334,0.000240334,1,1
tx,278,2.377376000,2.377376000,0.000000000,1,1
rx,278,2.377376000,2.377616334,0.000240334,1,1
tx,279,2.385568000,2.385568000,0.000000000,1,1
rx,279,2.385568000,2.385808334,0.000240334,1,1
tx,280,2.393760000,2.393760000,0.000000000,1,1
rx,280,2.393760000,2.394000334,0.000240334,1,1
tx,281,2.401952000,2.401952000,0.000000000,1,1
rx,281,2.401952000,2.402192334,0.000240334,1,1
tx,282,2.410144000,2.410144000,0.000000000,1,1
rx,282,2.410144000,2.410384334,0.000240334,1,1
tx,283,2.418336000,2.418336000,0.000000000,1,1
rx,283,2.418336000,2.418576334,0.000240334,1,1
tx,284,2.426528000,2.426528000,0.000000000,1,1
rx,284,2.426528000,2.426768334,0.000240334,1,1
tx,285,2.434720000,2.434720000,0.000000000,1,1
rx,285,2.434720000,2.434960334,0.000240334,1,1
tx,286,2.442912000,2.442912000,0.000000000,1,1
rx,286,2.442912000,2.443152334,0.000240334,1,1
tx,287,2.451104000,2.451104000,0.000000000,1,1
rx,287,2.451104000,2.451344334,0.000240334,1,1
tx,288,2.459296000,2.459296000,0.000000000,1,1
rx,288,2.459296000,2.459536334,0.000240334,1,1
tx,289,2.467488000,2.467488000,0.000000000,1,1
rx,289,2.467488000,2.467728334,0.000240334,1,1
tx,290,2.475680000,2.475680000,0.000000000,1,1
rx,290,2.475680000,2.475920334,0.000240334,1,1
tx,291,2.483872000,2.483872000,0.000000000,1,1
rx,291,2.483872000,2.484112334,0.000240334,1,1
tx,292,2.492064000,2.492064000,0.000000000,1,1
rx,292,2.492064000,2.492304334,0.000240334,1,1
tx,293,2.500256000,2.500256000,0.000000000,1,1
rx,293,2.500256000,2.500496334,0.000240334,1,1
tx,294,2.508448000,2.508448000,0.000000000,1,1
rx,294,2.508448000,2.508688334,0.000240334,1,1
tx,295,2.516640000,2.516640000,0.000000000,1,1
rx,295,2.516640000,2.516880334,0.000240334,1,1
tx,296,2.524832000,2.524832000,0.000000000,1,1
rx,296,2.524832000,2.525072334,0.000240334,1,1
tx,297,2.533024000,2.533024000,0.000000000,1,1
rx,297,2.533024000,2.533264334,0.000240334,1,1
tx,298,2.541216000,2.541216000,0.000000000,1,1
rx,298,2.541216000,2.541456334,0.000240334,1,1
tx,299,2.549408000,2.549408000,0.000000000,1,1
rx,299,2.549408000,2.549648334,0.000240334,1,1
tx,300,2.557600000,2.557600000,0.000000000,1,1
rx,300,2.557600000,2.557840334,0.000240334,1,1
tx,301,2.565792000,2.565792000,0.000000000,1,1
rx,301,2.565792000,2.566032334,0.000240334,1,1
tx,302,2.573984000,2.573984000,0.000000000,1,1
rx,302,2.573984000,2.574224334,0.000240334,1,1
tx,303,2.582176000,2.582176000,0.000000000,1,1
rx,303,2.582176000,2.582416334,0.000240334,1,1
tx,304,2.590368000,2.590368000,0.000000000,1,1
rx,304,2.590368000,2.590608334,0.000240334,1,1
tx,305,2.598560000,2.598560000,0.000000000,1,1
rx,305,2.598560000,2.598800334,0.000240334,1,1
tx,306,2.606752000,2.606752000,0.000000000,1,1
rx,306,2.606752000,2.606992334,0.000240334,1,1
tx,307,2.614944000,2.614944000,0.000000000,1,1
rx,307,2.614944000,2.615184334,0.000240334,1,1
tx,308,2.623136000,2.623136000,0.000000000,1,1
rx,308,2.623136000,2.623376334,0.000240334,1,1
tx,309,2.631328000,2.631328000,0.000000000,1,1
rx,309,2.631328000,2.631568334,0.000240334,1,1
tx,310,2.639520000,2.639520000,0.000000000,1,1
rx,310,2.639520000,2.639760334,0.000240334,1,1
tx,311,2.647712000,2.647712000,0.000000000,1,1
rx,311,2.647712000,2.647952334,0.000240334,1,1
tx,312,2.655904000,2.655904000,0.000000000,1,1
rx,312,2.655904000,2.656144334,0.000240334,1,1
tx,313,2.664096000,2.664096000,0.000000000,1,1
rx,313,2.664096000,2.664336334,0.000240334,1,1
tx,314,2.672288000,2.672288000,0.000000000,1,1
rx,314,2.672288000,2.672528334,0.000240334,1,1
tx,315,2.680480000,2.680480000,0.000000000,1,1
rx,315,2.680480000,2.680720334,0.000240334,1,1
tx,316,2.688672000,2.688672000,0.000000000,1,1
rx,316,2.688672000,2.688912334,0.000240334,1,1
tx,317,2.696864000,2.696864000,0.000000000,1,1
rx,317,2.696864000,2.697104334,0.000240334,1,1
tx,318,2.705056000,2.705056000,0.000000000,1,1
rx,318,2.705056000,2.705296334,0.000240334,1,1
tx,319,2.713248000,2.713248000,0.000000000,1,1
rx,319,2.713248000,2.713488334,0.000240334,1,1
tx,320,2.721440000,2.721440000,0.000000000,1,1
rx,320,2.721440000,2.721680334,0.000240334,1,1
tx,321,2.729632000,2.729632000,0.000000000,1,1
rx,321,2.729632000,2.729872334,0.000240334,1,1
tx,322,2.737824000,2.737824000,0.000000000,1,1
rx,322,2.737824000,2.738064334,0.000240334,1,1
tx,323,2.746016000,2.746016000,0.000000000,1,1
rx,323,2.746016000,2.746256334,0.000240334,1,1
tx,324,2.754208000,2.754208000,0.000000000,1,1
rx,324,2.754208000,2.754448334,0.000240334,1,1
tx,325,2.762400000,2.762400000,0.000000000,1,1
rx,325,2.762400000,2.762640334,0.000240334,1,1
tx,326,2.770592000,2.770592000,0.000000000,1,1
rx,326,2.770592000,2.770832334,0.000240334,1,1
tx,327,2.778784000,2.778784000,0.000000000,1,1
rx,327,2.778784000,2.779024334,0.000240334,1,1
tx,328,2.786976000,2.786976000,0.000000000,1,1
rx,328,2.786976000,2.787216334,0.000240334,1,1
tx,329,2.795168000,2.795168000,0.000000000,1,1
rx,329,2.795168000,2.795408334,0.000240334,1,1
tx,330,2.803360000,2.803360000,0.000000000,1,1
rx,330,2.803360000,2.803600334,0.000240334,1,1
tx,331,2.811552000,2.811552000,0.000000000,1,1
rx,331,2.811552000,2.811792334,0.000240334,1,1
tx,332,2.819744000,2.819744000,0.000000000,1,1
rx,332,2.819744000,2.819984334,0.000240334,1,1
tx,333,2.827936000,2.827936000,0.000000000,1,1
rx,333,2.827936000,2.828176334,0.000240334,1,1
tx,334,2.836128000,2.836128000,0.000000000,1,1
rx,334,2.836128000,2.836368334,0.000240334,1,1
tx,335,2.844320000,2.844320000,0.000000000,1,1
rx,335,2.844320000,2.844560334,0.000240334,1,1
tx,336,2.852512000,2.852512000,0.000000000,1,1
rx,336,2.852512000,2.852752334,0.000240334,1,1
tx,337,2.860704000,2.860704000,0.000000000,1,1
rx,337,2.860704000,2.860944334,0.000240334,1,1
tx,338,2.868896000,2.868896000,0.000000000,1,1
rx,338,2.868896000,2.869136334,0.000240334,1,1
tx,339,2.877088000,2.877088000,0.000000000,1,1
rx,339,2.877088000,2.877328334,0.000240334,1,1
tx,340,2.885280000,2.885280000,0.000000000,1,1
rx,340,2.885280000,2.885520334,0.000240334,1,1
tx,341,2.893472000,2.893472000,0.000000000,1,1
rx,341,2.893472000,2.893712334,0.000240334,1,1
tx,342,2.901664000,2.901664000,0.000000000,1,1
rx,342,2.901664000,2.901904334,0.000240334,1,1
tx,343,2.909856000,2.909856000,0.000000000,1,1
rx,343,2.909856000,2.910096334,0.000240334,1,1
tx,344,2.918048000,2.918048000,0.000000000,1,1
rx,344,2.918048000,2.918288334,0.000240334,1,1
tx,345,2.926240000,2.926240000,0.000000000,1,1
rx,345,2.926240000,2.926480334,0.000240334,1,1
tx,346,2.934432000,2.934432000,0.000000000,1,1
rx,346,2.934432000,2.934672334,0.000240334,1,1
tx,347,2.942624000,2.942624000,0.000000000,1,1
rx,347,2.942624000,2.942864334,0.000240334,1,1
tx,348,2.950816000,2.950816000,0.000000000,1,1
rx,348,2.950816000,2.951056334,0.000240334,1,1
tx,349,2.959008000,2.959008000,0.000000000,1,1
rx,349,2.959008000,2.959248334,0.000240334,1,1
tx,350,2.967200000,2.967200000,0.000000000,1,1
rx,350,2.967200000,2.967440334,0.000240334,1,1
tx,351,2.975392000,2.975392000,0.000000000,1,1
rx,351,2.975392000,2.975632334,0.000240334,1,1
tx,352,2.983584000,2.983584000,0.000000000,1,1
rx,352,2.983584000,2.983824334,0.000240334,1,1
tx,353,2.991776000,2.991776000,0.000000000,1,1
rx,353,2.991776000,2.992016334,0.000240334,1,1
tx,354,2.999968000,2.999968000,0.000000000,1,1
tx,355,3.008160000,3.008160000,0.000000000,0,0
tx,356,3.016352000,3.016352000,0.000000000,0,0
tx,357,3.024544000,3.024544000,0.000000000,0,0
tx,358,3.032736000,3.032736000,0.000000000,0,0
tx,359,3.040928000,3.040928000,0.000000000,0,0
tx,360,3.049120000,3.049120000,0.000000000,0,0
tx,361,3.057312000,3.057312000,0.000000000,0,0
tx,362,3.065504000,3.065504000,0.000000000,0,0
tx,363,3.073696000,3.073696000,0.000000000,0,0
tx,364,3.081888000,3.081888000,0.000000000,0,0
tx,365,3.090080000,3.090080000,0.000000000,0,0
tx,366,3.098272000,3.098272000,0.000000000,0,0
tx,367,3.106464000,3.106464000,0.000000000,0,0
tx,368,3.114656000,3.114656000,0.000000000,0,0
tx,369,3.122848000,3.122848000,0.000000000,0,0
tx,370,3.131040000,3.131040000,0.000000000,0,0
tx,371,3.139232000,3.139232000,0.000000000,0,0
tx,372,3.147424000,3.147424000,0.000000000,0,0
tx,373,3.155616000,3.155616000,0.000000000,0,0
tx,374,3.163808000,3.163808000,0.000000000,0,0
tx,375,3.172000000,3.172000000,0.000000000,0,0
tx,376,3.180192000,3.180192000,0.000000000,0,0
tx,377,3.188384000,3.188384000,0.000000000,0,0
tx,378,3.196576000,3.196576000,0.000000000,0,0
tx,379,3.204768000,3.204768000,0.000000000,0,0
tx,380,3.212960000,3.212960000,0.000000000,0,0
tx,381,3.221152000,3.221152000,0.000000000,0,0
tx,382,3.229344000,3.229344000,0.000000000,0,0
tx,383,3.237536000,3.237536000,0.000000000,0,0
tx,384,3.245728000,3.245728000,0.000000000,0,0
tx,385,3.253920000,3.253920000,0.000000000,0,0
tx,386,3.262112000,3.262112000,0.000000000,0,0
tx,387,3.270304000,3.270304000,0.000000000,0,0
tx,388,3.278496000,3.278496000,0.000000000,0,0
tx,389,3.286688000,3.286688000,0.000000000,0,0
tx,390,3.294880000,3.294880000,0.000000000,0,0
tx,391,3.303072000,3.303072000,0.000000000,0,0
tx,392,3.311264000,3.311264000,0.000000000,0,0
tx,393,3.319456000,3.319456000,0.000000000,0,0
tx,394,3.327648000,3.327648000,0.000000000,0,0
tx,395,3.335840000,3.335840000,0.000000000,0,0
tx,396,3.344032000,3.344032000,0.000000000,0,0
tx,397,3.352224000,3.352224000,0.000000000,0,0
tx,398,3.360416000,3.360416000,0.000000000,0,0
tx,399,3.368608000,3.368608000,0.000000000,0,0
tx,400,3.376800000,3.376800000,0.000000000,0,0
tx,401,3.384992000,3.384992000,0.000000000,0,0
tx,402,3.393184000,3.393184000,0.000000000,0,0
tx,403,3.401376000,3.401376000,0.000000000,0,0
tx,404,3.409568000,3.409568000,0.000000000,0,0
tx,405,3.417760000,3.417760000,0.000000000,0,0
tx,406,3.425952000,3.425952000,0.000000000,0,0
tx,407,3.434144000,3.434144000,0.000000000,0,0
tx,408,3.442336000,3.442336000,0.000000000,0,0
tx,409,3.450528000,3.450528000,0.000000000,0,0
tx,410,3.458720000,3.458720000,0.000000000,0,0
tx,411,3.466912000,3.466912000,0.000000000,0,0
tx,412,3.475104000,3.475104000,0.000000000,0,0
tx,413,3.483296000,3.483296000,0.000000000,0,0
tx,414,3.491488000,3.491488000,0.000000000,0,0
tx,415,3.499680000,3.499680000,0.000000000,0,0
tx,416,3.507872000,3.507872000,0.000000000,0,0
tx,417,3.516064000,3.516064000,0.000000000,0,0
tx,418,3.524256000,3.524256000,0.000000000,0,0
tx,419,3.532448000,3.532448000,0.000000000,0,0
tx,420,3.540640000,3.540640000,0.000000000,0,0
tx,421,3.548832000,3.548832000,0.000000000,0,0
tx,422,3.557024000,3.557024000,0.000000000,0,0
tx,423,3.565216000,3.565216000,0.000000000,0,0
tx,424,3.573408000,3.573408000,0.000000000,0,0
tx,425,3.581600000,3.581600000,0.000000000,0,0
tx,426,3.589792000,3.589792000,0.000000000,0,0
tx,427,3.597984000,3.597984000,0.000000000,0,0
tx,428,3.606176000,3.606176000,0.000000000,0,0
tx,429,3.614368000,3.614368000,0.000000000,0,0
tx,430,3.622560000,3.622560000,0.000000000,0,0
tx,431,3.630752000,3.630752000,0.000000000,0,0
tx,432,3.638944000,3.638944000,0.000000000,0,0
tx,433,3.647136000,3.647136000,0.000000000,0,0
tx,434,3.655328000,3.655328000,0.000000000,0,0
tx,435,3.663520000,3.663520000,0.000000000,0,0
tx,436,3.671712000,3.671712000,0.000000000,0,0
tx,437,3.679904000,3.679904000,0.000000000,0,0
tx,438,3.688096000,3.688096000,0.000000000,0,0
tx,439,3.696288000,3.696288000,0.000000000,0,0
tx,440,3.704480000,3.704480000,0.000000000,0,0
tx,441,3.712672000,3.712672000,0.000000000,0,0
tx,442,3.720864000,3.720864000,0.000000000,0,0
tx,443,3.729056000,3.729056000,0.000000000,0,0
tx,444,3.737248000,3.737248000,0.000000000,0,0
tx,445,3.745440000,3.745440000,0.000000000,0,0
tx,446,3.753632000,3.753632000,0.000000000,0,0
tx,447,3.761824000,3.761824000,0.000000000,0,0
tx,448,3.770016000,3.770016000,0.000000000,0,0
tx,449,3.778208000,3.778208000,0.000000000,0,0
tx,450,3.786400000,3.786400000,0.000000000,0,0
tx,451,3.794592000,3.794592000,0.000000000,0,0
tx,452,3.802784000,3.802784000,0.000000000,0,0
tx,453,3.810976000,3.810976000,0.000000000,0,0
tx,454,3.819168000,3.819168000,0.000000000,0,0
tx,455,3.827360000,3.827360000,0.000000000,0,0
tx,456,3.835552000,3.835552000,0.000000000,0,0
tx,457,3.843744000,3.843744000,0.000000000,0,0
tx,458,3.851936000,3.851936000,0.000000000,0,0
tx,459,3.860128000,3.860128000,0.000000000,0,0
tx,460,3.868320000,3.868320000,0.000000000,0,0
tx,461,3.876512000,3.876512000,0.000000000,0,0
tx,462,3.884704000,3.884704000,0.000000000,0,0
tx,463,3.892896000,3.892896000,0.000000000,0,0
tx,464,3.901088000,3.901088000,0.000000000,0,0
tx,465,3.909280000,3.909280000,0.000000000,0,0
tx,466,3.917472000,3.917472000,0.000000000,0,0
tx,467,3.925664000,3.925664000,0.000000000,0,0
tx,468,3.933856000,3.933856000,0.000000000,0,0
tx,469,3.942048000,3.942048000,0.000000000,0,0
tx,470,3.950240000,3.950240000,0.000000000,0,0
tx,471,3.958432000,3.958432000,0.000000000,0,0
tx,472,3.966624000,3.966624000,0.000000000,0,0
tx,473,3.974816000,3.974816000,0.000000000,0,0
tx,474,3.983008000,3.983008000,0.000000000,0,0
tx,475,3.991200000,3.991200000,0.000000000,0,0
tx,476,3.999392000,3.999392000,0.000000000,0,0
tx,477,4.007584000,4.007584000,0.000000000,1,1
tx,478,4.015776000,4.015776000,0.000000000,1,1
rx,417,3.516064000,4.018644334,0.502580334,1,1
rx,418,3.524256000,4.019299002,0.495043002,1,1
rx,419,3.532448000,4.019723670,0.487275670,1,1
rx,420,3.540640000,4.020068338,0.479428338,1,1
rx,421,3.548832000,4.020373006,0.471541006,1,1
rx,422,3.557024000,4.020777674,0.463753674,1,1
rx,423,3.565216000,4.021322342,0.456106342,1,1
rx,424,3.573408000,4.021627010,0.448219010,1,1
rx,425,3.581600000,4.022011678,0.440411678,1,1
rx,426,3.589792000,4.022516346,0.432724346,1,1
rx,427,3.597984000,4.022861014,0.424877014,1,1
rx,428,3.606176000,4.023325682,0.417149682,1,1
rx,429,3.614368000,4.023910350,0.409542350,1,1
tx,479,4.023968000,4.023968000,0.000000000,1,1
rx,430,3.622560000,4.024495018,0.401935018,1,1
rx,431,3.630752000,4.024939686,0.394187686,1,1
rx,432,3.638944000,4.025404354,0.386460354,1,1
rx,433,3.647136000,4.025729022,0.378593022,1,1
rx,434,3.655328000,4.026113690,0.370785690,1,1
rx,435,3.663520000,4.026418358,0.362898358,1,1
rx,436,3.671712000,4.026783026,0.355071026,1,1
rx,437,3.679904000,4.027147694,0.347243694,1,1
rx,438,3.688096000,4.027652362,0.339556362,1,1
rx,439,3.696288000,4.027937030,0.331649030,1,1
rx,440,3.704480000,4.028341698,0.323861698,1,1
rx,441,3.712672000,4.028686366,0.316014366,1,1
rx,442,3.720864000,4.028991034,0.308127034,1,1
rx,443,3.729056000,4.029495702,0.300439702,1,1
rx,444,3.737248000,4.030060370,0.292812370,1,1
rx,445,3.745440000,4.030525038,0.285085038,1,1
rx,446,3.753632000,4.031109706,0.277477706,1,1
rx,447,3.761824000,4.031694374,0.269870374,1,1
rx,448,3.770016000,4.032159042,0.262143042,1,1
tx,480,4.032160000,4.032160000,0.000000000,1,1
rx,449,3.778208000,4.032583710,0.254375710,1,1
rx,450,3.786400000,4.032908378,0.246508378,1,1
rx,451,3.794592000,4.033273046,0.238681046,1,1
rx,452,3.802784000,4.033737714,0.230953714,1,1
rx,453,3.810976000,4.034182382,0.223206382,1,1
rx,454,3.819168000,4.034727050,0.215559050,1,1
rx,455,3.827360000,4.035191718,0.207831718,1,1
rx,456,3.835552000,4.035536386,0.199984386,1,1
rx,457,3.843744000,4.035861054,0.192117054,1,1
rx,458,3.851936000,4.036265722,0.184329722,1,1
rx,459,3.860128000,4.036590390,0.176462390,1,1
rx,460,3.868320000,4.036955058,0.168635058,1,1
rx,461,3.876512000,4.037339726,0.160827726,1,1
rx,462,3.884704000,4.037664394,0.152960394,1,1
rx,463,3.892896000,4.038049062,0.145153062,1,1
rx,464,3.901088000,4.038473730,0.137385730,1,1
rx,465,3.909280000,4.038998398,0.129718398,1,1
rx,466,3.917472000,4.039563066,0.122091066,1,1
rx,467,3.925664000,4.040027734,0.114363734,1,1
tx,481,4.040352000,4.040352000,0.000000000,1,1
rx,468,3.933856000,4.040492402,0.106636402,1,1
rx,469,3.942048000,4.041017070,0.098969070,1,1
rx,470,3.950240000,4.041541738,0.091301738,1,1
rx,471,3.958432000,4.042126406,0.083694406,1,1
rx,472,3.966624000,4.042551074,0.075927074,1,1
rx,473,3.974816000,4.043035742,0.068219742,1,1
rx,474,3.983008000,4.043320410,0.060312410,1,1
rx,475,3.991200000,4.043725078,0.052525078,1,1
rx,476,3.999392000,4.044069746,0.044677746,1,1
rx,477,4.007584000,4.044394414,0.036810414,1,1
rx,478,4.015776000,4.044699082,0.028923082,1,1
rx,479,4.023968000,4.045003750,0.021035750,1,1
rx,480,4.032160000,4.045508418,0.013348418,1,1
rx,481,4.040352000,4.045833086,0.005481086,1,1
tx,482,4.048544000,4.048544000,0.000000000,1,1
rx,482,4.048544000,4.048784334,0.000240334,1,1
tx,483,4.056736000,4.056736000,0.000000000,1,1
rx,483,4.056736000,4.056976334,0.000240334,1,1
tx,484,4.064928000,4.064928000,0.000000000,1,1
rx,484,4.064928000,4.065168334,0.000240334,1,1
tx,485,4.073120000,4.073120000,0.000000000,1,1
rx,485,4.073120000,4.073360334,0.000240334,1,1
tx,486,4.081312000,4.081312000,0.000000000,1,1
rx,486,4.081312000,4.081552334,0.000240334,1,1
tx,487,4.089504000,4.089504000,0.000000000,1,1
rx,487,4.089504000,4.089744334,0.000240334,1,1
tx,488,4.097696000,4.097696000,0.000000000,1,1
rx,488,4.097696000,4.097936334,0.000240334,1,1
tx,489,4.105888000,4.105888000,0.000000000,1,1
rx,489,4.105888000,4.106128334,0.000240334,1,1
tx,490,4.114080000,4.114080000,0.000000000,1,1
rx,490,4.114080000,4.114320334,0.000240334,1,1
tx,491,4.122272000,4.122272000,0.000000000,1,1
rx,491,4.122272000,4.122512334,0.000240334,1,1
tx,492,4.130464000,4.130464000,0.000000000,1,1
rx,492,4.130464000,4.130704334,0.000240334,1,1
tx,493,4.138656000,4.138656000,0.000000000,1,1
rx,493,4.138656000,4.138896334,0.000240334,1,1
tx,494,4.146848000,4.146848000,0.000000000,1,1
rx,494,4.146848000,4.147088334,0.000240334,1,1
tx,495,4.155040000,4.155040000,0.000000000,1,1
rx,495,4.155040000,4.155280334,0.000240334,1,1
tx,496,4.163232000,4.163232000,0.000000000,1,1
rx,496,4.163232000,4.163472334,0.000240334,1,1
tx,497,4.171424000,4.171424000,0.000000000,1,1
rx,497,4.171424000,4.171664334,0.000240334,1,1
tx,498,4.179616000,4.179616000,0.000000000,1,1
rx,498,4.179616000,4.179856334,0.000240334,1,1
tx,499,4.187808000,4.187808000,0.000000000,1,1
rx,499,4.187808000,4.188048334,0.000240334,1,1
tx,500,4.196000000,4.196000000,0.000000000,1,1
rx,500,4.196000000,4.196240334,0.000240334,1,1
tx,501,4.204192000,4.204192000,0.000000000,1,1
rx,501,4.204192000,4.204432334,0.000240334,1,1
tx,502,4.212384000,4.212384000,0.000000000,1,1
rx,502,4.212384000,4.212624334,0.000240334,1,1
tx,503,4.220576000,4.220576000,0.000000000,1,1
rx,503,4.220576000,4.220816334,0.000240334,1,1
tx,504,4.228768000,4.228768000,0.000000000,1,1
rx,504,4.228768000,4.229008334,0.000240334,1,1
tx,505,4.236960000,4.236960000,0.000000000,1,1
rx,505,4.236960000,4.237200334,0.000240334,1,1
tx,506,4.245152000,4.245152000,0.000000000,1,1
rx,506,4.245152000,4.245392334,0.000240334,1,1
tx,507,4.253344000,4.253344000,0.000000000,1,1
rx,507,4.253344000,4.253584334,0.000240334,1,1
tx,508,4.261536000,4.261536000,0.000000000,1,1
rx,508,4.261536000,4.261776334,0.000240334,1,1
tx,509,4.269728000,4.269728000,0.000000000,1,1
rx,509,4.269728000,4.269968334,0.000240334,1,1
tx,510,4.277920000,4.277920000,0.000000000,1,1
rx,510,4.277920000,4.278160334,0.000240334,1,1
tx,511,4.286112000,4.286112000,0.000000000,1,1
rx,511,4.286112000,4.286352334,0.000240334,1,1
tx,512,4.294304000,4.294304000,0.000000000,1,1
rx,512,4.294304000,4.294544334,0.000240334,1,1
tx,513,4.302496000,4.302496000,0.000000000,1,1
rx,513,4.302496000,4.302736334,0.000240334,1,1
tx,514,4.310688000,4.310688000,0.000000000,1,1
rx,514,4.310688000,4.310928334,0.000240334,1,1
tx,515,4.318880000,4.318880000,0.000000000,1,1
rx,515,4.318880000,4.319120334,0.000240334,1,1
tx,516,4.327072000,4.327072000,0.000000000,1,1
rx,516,4.327072000,4.327312334,0.000240334,1,1
tx,517,4.335264000,4.335264000,0.000000000,1,1
rx,517,4.335264000,4.335504334,0.000240334,1,1
tx,518,4.343456000,4.343456000,0.000000000,1,1
rx,518,4.343456000,4.343696334,0.000240334,1,1
tx,519,4.351648000,4.351648000,0.000000000,1,1
rx,519,4.351648000,4.351888334,0.000240334,1,1
tx,520,4.359840000,4.359840000,0.000000000,1,1
rx,520,4.359840000,4.360080334,0.000240334,1,1
tx,521,4.368032000,4.368032000,0.000000000,1,1
rx,521,4.368032000,4.368272334,0.000240334,1,1
tx,522,4.376224000,4.376224000,0.000000000,1,1
rx,522,4.376224000,4.376464334,0.000240334,1,1
tx,523,4.384416000,4.384416000,0.000000000,1,1
rx,523,4.384416000,4.384656334,0.000240334,1,1
tx,524,4.392608000,4.392608000,0.000000000,1,1
rx,524,4.392608000,4.392848334,0.000240334,1,1
tx,525,4.400800000,4.400800000,0.000000000,1,1
rx,525,4.400800000,4.401040334,0.000240334,1,1
tx,526,4.408992000,4.408992000,0.000000000,1,1
rx,526,4.408992000,4.409232334,0.000240334,1,1
tx,527,4.417184000,4.417184000,0.000000000,1,1
rx,527,4.417184000,4.417424334,0.000240334,1,1
tx,528,4.425376000,4.425376000,0.000000000,1,1
rx,528,4.425376000,4.425616334,0.000240334,1,1
tx,529,4.433568000,4.433568000,0.000000000,1,1
rx,529,4.433568000,4.433808334,0.000240334,1,1
tx,530,4.441760000,4.441760000,0.000000000,1,1
rx,530,4.441760000,4.442000334,0.000240334,1,1
tx,531,4.449952000,4.449952000,0.000000000,1,1
rx,531,4.449952000,4.450192334,0.000240334,1,1
tx,532,4.458144000,4.458144000,0.000000000,1,1
rx,532,4.458144000,4.458384334,0.000240334,1,1
tx,533,4.466336000,4.466336000,0.000000000,1,1
rx,533,4.466336000,4.466576334,0.000240334,1,1
tx,534,4.474528000,4.474528000,0.000000000,1,1
rx,534,4.474528000,4.474768334,0.000240334,1,1
tx,535,4.482720000,4.482720000,0.000000000,1,1
rx,535,4.482720000,4.482960334,0.000240334,1,1
tx,536,4.490912000,4.490912000,0.000000000,1,1
rx,536,4.490912000,4.491152334,0.000240334,1,1
tx,537,4.499104000,4.499104000,0.000000000,1,1
rx,537,4.499104000,4.499344334,0.000240334,1,1
tx,538,4.507296000,4.507296000,0.000000000,1,1
rx,538,4.507296000,4.507536334,0.000240334,1,1
tx,539,4.515488000,4.515488000,0.000000000,1,1
rx,539,4.515488000,4.515728334,0.000240334,1,1
tx,540,4.523680000,4.523680000,0.000000000,1,1
rx,540,4.523680000,4.523920334,0.000240334,1,1
tx,541,4.531872000,4.531872000,0.000000000,1,1
rx,541,4.531872000,4.532112334,0.000240334,1,1
tx,542,4.540064000,4.540064000,0.000000000,1,1
rx,542,4.540064000,4.540304334,0.000240334,1,1
tx,543,4.548256000,4.548256000,0.000000000,1,1
rx,543,4.548256000,4.548496334,0.000240334,1,1
tx,544,4.556448000,4.556448000,0.000000000,1,1
rx,544,4.556448000,4.556688334,0.000240334,1,1
tx,545,4.564640000,4.564640000,0.000000000,1,1
rx,545,4.564640000,4.564880334,0.000240334,1,1
tx,546,4.572832000,4.572832000,0.000000000,1,1
rx,546,4.572832000,4.573072334,0.000240334,1,1
tx,547,4.581024000,4.581024000,0.000000000,1,1
rx,547,4.581024000,4.581264334,0.000240334,1,1
tx,548,4.589216000,4.589216000,0.000000000,1,1
rx,548,4.589216000,4.589456334,0.000240334,1,1
tx,549,4.597408000,4.597408000,0.000000000,1,1
rx,549,4.597408000,4.597648334,0.000240334,1,1
tx,550,4.605600000,4.605600000,0.000000000,1,1
rx,550,4.605600000,4.605840334,0.000240334,1,1
tx,551,4.613792000,4.613792000,0.000000000,1,1
rx,551,4.613792000,4.614032334,0.000240334,1,1
tx,552,4.621984000,4.621984000,0.000000000,1,1
rx,552,4.621984000,4.622224334,0.000240334,1,1
tx,553,4.630176000,4.630176000,0.000000000,1,1
rx,553,4.630176000,4.630416334,0.000240334,1,1
tx,554,4.638368000,4.638368000,0.000000000,1,1
rx,554,4.638368000,4.638608334,0.000240334,1,1
tx,555,4.646560000,4.646560000,0.000000000,1,1
rx,555,4.646560000,4.646800334,0.000240334,1,1
tx,556,4.654752000,4.654752000,0.000000000,1,1
rx,556,4.654752000,4.654992334,0.000240334,1,1
tx,557,4.662944000,4.662944000,0.000000000,1,1
rx,557,4.662944000,4.663184334,0.000240334,1,1
tx,558,4.671136000,4.671136000,0.000000000,1,1
rx,558,4.671136000,4.671376334,0.000240334,1,1
tx,559,4.679328000,4.679328000,0.000000000,1,1
rx,559,4.679328000,4.679568334,0.000240334,1,1
tx,560,4.687520000,4.687520000,0.000000000,1,1
rx,560,4.687520000,4.687760334,0.000240334,1,1
tx,561,4.695712000,4.695712000,0.000000000,1,1
rx,561,4.695712000,4.695952334,0.000240334,1,1
tx,562,4.703904000,4.703904000,0.000000000,1,1
rx,562,4.703904000,4.704144334,0.000240334,1,1
tx,563,4.712096000,4.712096000,0.000000000,1,1
rx,563,4.712096000,4.712336334,0.000240334,1,1
tx,564,4.720288000,4.720288000,0.000000000,1,1
rx,564,4.720288000,4.720528334,0.000240334,1,1
tx,565,4.728480000,4.728480000,0.000000000,1,1
rx,565,4.728480000,4.728720334,0.000240334,1,1
tx,566,4.736672000,4.736672000,0.000000000,1,1
rx,566,4.736672000,4.736912334,0.000240334,1,1
tx,567,4.744864000,4.744864000,0.000000000,1,1
rx,567,4.744864000,4.745104334,0.000240334,1,1
tx,568,4.753056000,4.753056000,0.000000000,1,1
rx,568,4.753056000,4.753296334,0.000240334,1,1
tx,569,4.761248000,4.761248000,0.000000000,1,1
rx,569,4.761248000,4.761488334,0.000240334,1,1
tx,570,4.769440000,4.769440000,0.000000000,1,1
rx,570,4.769440000,4.769680334,0.000240334,1,1
tx,571,4.777632000,4.777632000,0.000000000,1,1
rx,571,4.777632000,4.777872334,0.000240334,1,1
tx,572,4.785824000,4.785824000,0.000000000,1,1
rx,572,4.785824000,4.786064334,0.000240334,1,1
tx,573,4.794016000,4.794016000,0.000000000,1,1
rx,573,4.794016000,4.794256334,0.000240334,1,1
tx,574,4.802208000,4.802208000,0.000000000,1,1
rx,574,4.802208000,4.802448334,0.000240334,1,1
tx,575,4.810400000,4.810400000,0.000000000,1,1
rx,575,4.810400000,4.810640334,0.000240334,1,1
tx,576,4.818592000,4.818592000,0.000000000,1,1
rx,576,4.818592000,4.818832334,0.000240334,1,1
tx,577,4.826784000,4.826784000,0.000000000,1,1
rx,577,4.826784000,4.827024334,0.000240334,1,1
tx,578,4.834976000,4.834976000,0.000000000,1,1
rx,578,4.834976000,4.835216334,0.000240334,1,1
tx,579,4.843168000,4.843168000,0.000000000,1,1
rx,579,4.843168000,4.843408334,0.000240334,1,1
tx,580,4.851360000,4.851360000,0.000000000,1,1
rx,580,4.851360000,4.851600334,0.000240334,1,1
tx,581,4.859552000,4.859552000,0.000000000,1,1
rx,581,4.859552000,4.859792334,0.000240334,1,1
tx,582,4.867744000,4.867744000,0.000000000,1,1
rx,582,4.867744000,4.867984334,0.000240334,1,1
tx,583,4.875936000,4.875936000,0.000000000,1,1
rx,583,4.875936000,4.876176334,0.000240334,1,1
tx,584,4.884128000,4.884128000,0.000000000,1,1
rx,584,4.884128000,4.884368334,0.000240334,1,1
tx,585,4.892320000,4.892320000,0.000000000,1,1
rx,585,4.892320000,4.892560334,0.000240334,1,1
tx,586,4.900512000,4.900512000,0.000000000,1,1
rx,586,4.900512000,4.900752334,0.000240334,1,1
tx,587,4.908704000,4.908704000,0.000000000,1,1
rx,587,4.908704000,4.908944334,0.000240334,1,1
tx,588,4.916896000,4.916896000,0.000000000,1,1
rx,588,4.916896000,4.917136334,0.000240334,1,1
tx,589,4.925088000,4.925088000,0.000000000,1,1
rx,589,4.925088000,4.925328334,0.000240334,1,1
tx,590,4.933280000,4.933280000,0.000000000,1,1
rx,590,4.933280000,4.933520334,0.000240334,1,1
tx,591,4.941472000,4.941472000,0.000000000,1,1
rx,591,4.941472000,4.941712334,0.000240334,1,1
tx,592,4.949664000,4.949664000,0.000000000,1,1
rx,592,4.949664000,4.949904334,0.000240334,1,1
tx,593,4.957856000,4.957856000,0.000000000,1,1
rx,593,4.957856000,4.958096334,0.000240334,1,1
tx,594,4.966048000,4.966048000,0.000000000,1,1
rx,594,4.966048000,4.966288334,0.000240334,1,1
tx,595,4.974240000,4.974240000,0.000000000,1,1
rx,595,4.974240000,4.974480334,0.000240334,1,1
tx,596,4.982432000,4.982432000,0.000000000,1,1
rx,596,4.982432000,4.982672334,0.000240334,1,1
tx,597,4.990624000,4.990624000,0.000000000,1,1
rx,597,4.990624000,4.990864334,0.000240334,1,1
tx,598,4.998816000,4.998816000,0.000000000,1,1
rx,598,4.998816000,4.999056334,0.000240334,1,1
tx,599,5.007008000,5.007008000,0.000000000,0,0
tx,600,5.015200000,5.015200000,0.000000000,0,0
tx,601,5.023392000,5.023392000,0.000000000,0,0
tx,602,5.031584000,5.031584000,0.000000000,0,0
tx,603,5.039776000,5.039776000,0.000000000,0,0
tx,604,5.047968000,5.047968000,0.000000000,0,0
tx,605,5.056160000,5.056160000,0.000000000,0,0
tx,606,5.064352000,5.064352000,0.000000000,0,0
tx,607,5.072544000,5.072544000,0.000000000,0,0
tx,608,5.080736000,5.080736000,0.000000000,0,0
tx,609,5.088928000,5.088928000,0.000000000,0,0
tx,610,5.097120000,5.097120000,0.000000000,0,0
tx,611,5.105312000,5.105312000,0.000000000,0,0
tx,612,5.113504000,5.113504000,0.000000000,0,0
tx,613,5.121696000,5.121696000,0.000000000,0,0
tx,614,5.129888000,5.129888000,0.000000000,0,0
tx,615,5.138080000,5.138080000,0.000000000,0,0
tx,616,5.146272000,5.146272000,0.000000000,0,0
tx,617,5.154464000,5.154464000,0.000000000,0,0
tx,618,5.162656000,5.162656000,0.000000000,0,0
tx,619,5.170848000,5.170848000,0.000000000,0,0
tx,620,5.179040000,5.179040000,0.000000000,0,0
tx,621,5.187232000,5.187232000,0.000000000,0,0
tx,622,5.195424000,5.195424000,0.000000000,0,0
tx,623,5.203616000,5.203616000,0.000000000,0,0
tx,624,5.211808000,5.211808000,0.000000000,0,0
tx,625,5.220000000,5.220000000,0.000000000,0,0
tx,626,5.228192000,5.228192000,0.000000000,0,0
tx,627,5.236384000,5.236384000,0.000000000,0,0
tx,628,5.244576000,5.244576000,0.000000000,0,0
tx,629,5.252768000,5.252768000,0.000000000,0,0
tx,630,5.260960000,5.260960000,0.000000000,0,0
tx,631,5.269152000,5.269152000,0.000000000,0,0
tx,632,5.277344000,5.277344000,0.000000000,0,0
tx,633,5.285536000,5.285536000,0.000000000,0,0
tx,634,5.293728000,5.293728000,0.000000000,0,0
tx,635,5.301920000,5.301920000,0.000000000,0,0
tx,636,5.310112000,5.310112000,0.000000000,0,0
tx,637,5.318304000,5.318304000,0.000000000,0,0
tx,638,5.326496000,5.326496000,0.000000000,0,0
tx,639,5.334688000,5.334688000,0.000000000,0,0
tx,640,5.342880000,5.342880000,0.000000000,0,0
tx,641,5.351072000,5.351072000,0.000000000,0,0
tx,642,5.359264000,5.359264000,0.000000000,0,0
tx,643,5.367456000,5.367456000,0.000000000,0,0
tx,644,5.375648000,5.375648000,0.000000000,0,0
tx,645,5.383840000,5.383840000,0.000000000,0,0
tx,646,5.392032000,5.392032000,0.000000000,0,0
tx,647,5.400224000,5.400224000,0.000000000,0,0
tx,648,5.408416000,5.408416000,0.000000000,0,0
tx,649,5.416608000,5.416608000,0.000000000,0,0
tx,650,5.424800000,5.424800000,0.000000000,0,0
tx,651,5.432992000,5.432992000,0.000000000,0,0
tx,652,5.441184000,5.441184000,0.000000000,0,0
tx,653,5.449376000,5.449376000,0.000000000,0,0
tx,654,5.457568000,5.457568000,0.000000000,0,0
tx,655,5.465760000,5.465760000,0.000000000,0,0
tx,656,5.473952000,5.473952000,0.000000000,0,0
tx,657,5.482144000,5.482144000,0.000000000,0,0
tx,658,5.490336000,5.490336000,0.000000000,0,0
tx,659,5.498528000,5.498528000,0.000000000,0,0
tx,660,5.506720000,5.506720000,0.000000000,0,0
tx,661,5.514912000,5.514912000,0.000000000,0,0
tx,662,5.523104000,5.523104000,0.000000000,0,0
tx,663,5.531296000,5.531296000,0.000000000,0,0
tx,664,5.539488000,5.539488000,0.000000000,0,0
tx,665,5.547680000,5.547680000,0.000000000,0,0
tx,666,5.555872000,5.555872000,0.000000000,0,0
tx,667,5.564064000,5.564064000,0.000000000,0,0
tx,668,5.572256000,5.572256000,0.000000000,0,0
tx,669,5.580448000,5.580448000,0.000000000,0,0
tx,670,5.588640000,5.588640000,0.000000000,0,0
tx,671,5.596832000,5.596832000,0.000000000,0,0
tx,672,5.605024000,5.605024000,0.000000000,0,0
tx,673,5.613216000,5.613216000,0.000000000,0,0
tx,674,5.621408000,5.621408000,0.000000000,0,0
tx,675,5.629600000,5.629600000,0.000000000,0,0
tx,676,5.637792000,5.637792000,0.000000000,0,0
tx,677,5.645984000,5.645984000,0.000000000,0,0
tx,678,5.654176000,5.654176000,0.000000000,0,0
tx,679,5.662368000,5.662368000,0.000000000,0,0
tx,680,5.670560000,5.670560000,0.000000000,0,0
tx,681,5.678752000,5.678752000,0.000000000,0,0
tx,682,5.686944000,5.686944000,0.000000000,0,0
tx,683,5.695136000,5.695136000,0.000000000,0,0
tx,684,5.703328000,5.703328000,0.000000000,0,0
tx,685,5.711520000,5.711520000,0.000000000,0,0
tx,686,5.719712000,5.719712000,0.000000000,0,0
tx,687,5.727904000,5.727904000,0.000000000,0,0
tx,688,5.736096000,5.736096000,0.000000000,0,0
tx,689,5.744288000,5.744288000,0.000000000,0,0
tx,690,5.752480000,5.752480000,0.000000000,0,0
tx,691,5.760672000,5.760672000,0.000000000,0,0
tx,692,5.768864000,5.768864000,0.000000000,0,0
tx,693,5.777056000,5.777056000,0.000000000,0,0
tx,694,5.785248000,5.785248000,0.000000000,0,0
tx,695,5.793440000,5.793440000,0.000000000,0,0
tx,696,5.801632000,5.801632000,0.000000000,0,0
tx,697,5.809824000,5.809824000,0.000000000,0,0
tx,698,5.818016000,5.818016000,0.000000000,0,0
tx,699,5.826208000,5.826208000,0.000000000,0,0
tx,700,5.834400000,5.834400000,0.000000000,0,0
tx,701,5.842592000,5.842592000,0.000000000,0,0
tx,702,5.850784000,5.850784000,0.000000000,0,0
tx,703,5.858976000,5.858976000,0.000000000,0,0
tx,704,5.867168000,5.867168000,0.000000000,0,0
tx,705,5.875360000,5.875360000,0.000000000,0,0
tx,706,5.883552000,5.883552000,0.000000000,0,0
tx,707,5.891744000,5.891744000,0.000000000,0,0
tx,708,5.899936000,5.899936000,0.000000000,0,0
tx,709,5.908128000,5.908128000,0.000000000,0,0
tx,710,5.916320000,5.916320000,0.000000000,0,0
tx,711,5.924512000,5.924512000,0.000000000,0,0
tx,712,5.932704000,5.932704000,0.000000000,0,0
tx,713,5.940896000,5.940896000,0.000000000,0,0
tx,714,5.949088000,5.949088000,0.000000000,0,0
tx,715,5.957280000,5.957280000,0.000000000,0,0
tx,716,5.965472000,5.965472000,0.000000000,0,0
tx,717,5.973664000,5.973664000,0.000000000,0,0
tx,718,5.981856000,5.981856000,0.000000000,0,0
tx,719,5.990048000,5.990048000,0.000000000,0,0
tx,720,5.998240000,5.998240000,0.000000000,0,0
tx,721,6.006432000,6.006432000,0.000000000,1,1
tx,722,6.014624000,6.014624000,0.000000000,1,1
tx,723,6.022816000,6.022816000,0.000000000,1,1
rx,661,5.514912000,6.023312334,0.508400334,1,1
rx,663,5.531296000,6.024067002,0.492771002,1,1
rx,664,5.539488000,6.024651670,0.485163670,1,1
rx,665,5.547680000,6.025076338,0.477396338,1,1
rx,666,5.555872000,6.025461006,0.469589006,1,1
rx,667,5.564064000,6.025845674,0.461781674,1,1
rx,668,5.572256000,6.026210342,0.453954342,1,1
rx,669,5.580448000,6.026515010,0.446067010,1,1
rx,670,5.588640000,6.026879678,0.438239678,1,1
rx,671,5.596832000,6.027224346,0.430392346,1,1
rx,672,5.605024000,6.027789014,0.422765014,1,1
rx,673,5.613216000,6.028273682,0.415057682,1,1
rx,674,5.621408000,6.028818350,0.407410350,1,1
rx,675,5.629600000,6.029143018,0.399543018,1,1
rx,676,5.637792000,6.029647686,0.391855686,1,1
rx,677,5.645984000,6.030072354,0.384088354,1,1
rx,678,5.654176000,6.030597022,0.376421022,1,1
tx,724,6.031008000,6.031008000,0.000000000,1,1
rx,679,5.662368000,6.031041690,0.368673690,1,1
rx,680,5.670560000,6.031406358,0.360846358,1,1
rx,681,5.678752000,6.031991026,0.353239026,1,1
rx,682,5.686944000,6.032315694,0.345371694,1,1
rx,683,5.695136000,6.032860362,0.337724362,1,1
rx,684,5.703328000,6.033165030,0.329837030,1,1
rx,685,5.711520000,6.033449698,0.321929698,1,1
rx,686,5.719712000,6.034014366,0.314302366,1,1
rx,687,5.727904000,6.034359034,0.306455034,1,1
rx,688,5.736096000,6.034923702,0.298827702,1,1
rx,689,5.744288000,6.035288370,0.291000370,1,1
rx,690,5.752480000,6.035753038,0.283273038,1,1
rx,691,5.760672000,6.036217706,0.275545706,1,1
rx,692,5.768864000,6.036722374,0.267858374,1,1
rx,693,5.777056000,6.037287042,0.260231042,1,1
rx,694,5.785248000,6.037831710,0.252583710,1,1
rx,695,5.793440000,6.038296378,0.244856378,1,1
rx,696,5.801632000,6.038661046,0.237029046,1,1
rx,697,5.809824000,6.038965714,0.229141714,1,1
tx,725,6.039200000,6.039200000,0.000000000,1,1
rx,698,5.818016000,6.039430382,0.221414382,1,1
rx,699,5.826208000,6.039815050,0.213607050,1,1
rx,700,5.834400000,6.040299718,0.205899718,1,1
rx,701,5.842592000,6.040644386,0.198052386,1,1
rx,702,5.850784000,6.041189054,0.190405054,1,1
rx,703,5.858976000,6.041513722,0.182537722,1,1
rx,704,5.867168000,6.042098390,0.174930390,1,1
rx,705,5.875360000,6.042563058,0.167203058,1,1
rx,706,5.883552000,6.042927726,0.159375726,1,1
rx,707,5.891744000,6.043252394,0.151508394,1,1
rx,708,5.899936000,6.043757062,0.143821062,1,1
rx,709,5.908128000,6.044081730,0.135953730,1,1
rx,710,5.916320000,6.044386398,0.128066398,1,1
rx,711,5.924512000,6.044971066,0.120459066,1,1
rx,712,5.932704000,6.045475734,0.112771734,1,1
rx,713,5.940896000,6.046040402,0.105144402,1,1
rx,714,5.949088000,6.046605070,0.097517070,1,1
rx,715,5.957280000,6.047109738,0.089829738,1,1
tx,726,6.047392000,6.047392000,0.000000000,1,1
rx,716,5.965472000,6.047474406,0.082002406,1,1
rx,717,5.973664000,6.047799074,0.074135074,1,1
rx,718,5.981856000,6.048203742,0.066347742,1,1
rx,719,5.990048000,6.048708410,0.058660410,1,1
rx,720,5.998240000,6.049293078,0.051053078,1,1
rx,721,6.006432000,6.049857746,0.043425746,1,1
rx,722,6.014624000,6.050302414,0.035678414,1,1
rx,723,6.022816000,6.050687082,0.027871082,1,1
rx,724,6.031008000,6.051011750,0.020003750,1,1
rx,725,6.039200000,6.051476418,0.012276418,1,1
rx,726,6.047392000,6.051901086,0.004509086,1,1
tx,727,6.055584000,6.055584000,0.000000000,1,1
rx,727,6.055584000,6.055824334,0.000240334,1,1
tx,728,6.063776000,6.063776000,0.000000000,1,1
rx,728,6.063776000,6.064016334,0.000240334,1,1
tx,729,6.071968000,6.071968000,0.000000000,1,1
rx,729,6.071968000,6.072208334,0.000240334,1,1
tx,730,6.080160000,6.080160000,0.000000000,1,1
rx,730,6.080160000,6.080400334,0.000240334,1,1
tx,731,6.088352000,6.088352000,0.000000000,1,1
rx,731,6.088352000,6.088592334,0.000240334,1,1
tx,732,6.096544000,6.096544000,0.000000000,1,1
rx,732,6.096544000,6.096784334,0.000240334,1,1
tx,733,6.104736000,6.104736000,0.000000000,1,1
rx,733,6.104736000,6.104976334,0.000240334,1,1
tx,734,6.112928000,6.112928000,0.000000000,1,1
rx,734,6.112928000,6.113168334,0.000240334,1,1
tx,735,6.121120000,6.121120000,0.000000000,1,1
rx,735,6.121120000,6.121360334,0.000240334,1,1
tx,736,6.129312000,6.129312000,0.000000000,1,1
rx,736,6.129312000,6.129552334,0.000240334,1,1
tx,737,6.137504000,6.137504000,0.000000000,1,1
rx,737,6.137504000,6.137744334,0.000240334,1,1
tx,738,6.145696000,6.145696000,0.000000000,1,1
rx,738,6.145696000,6.145936334,0.000240334,1,1
tx,739,6.153888000,6.153888000,0.000000000,1,1
rx,739,6.153888000,6.154128334,0.000240334,1,1
tx,740,6.162080000,6.162080000,0.000000000,1,1
rx,740,6.162080000,6.162320334,0.000240334,1,1
tx,741,6.170272000,6.170272000,0.000000000,1,1
rx,741,6.170272000,6.170512334,0.000240334,1,1
tx,742,6.178464000,6.178464000,0.000000000,1,1
rx,742,6.178464000,6.178704334,0.000240334,1,1
tx,743,6.186656000,6.186656000,0.000000000,1,1
rx,743,6.186656000,6.186896334,0.000240334,1,1
tx,744,6.194848000,6.194848000,0.000000000,1,1
rx,744,6.194848000,6.195088334,0.000240334,1,1
tx,745,6.203040000,6.203040000,0.000000000,1,1
rx,745,6.203040000,6.203280334,0.000240334,1,1
tx,746,6.211232000,6.211232000,0.000000000,1,1
rx,746,6.211232000,6.211472334,0.000240334,1,1
tx,747,6.219424000,6.219424000,0.000000000,1,1
rx,747,6.219424000,6.219664334,0.000240334,1,1
tx,748,6.227616000,6.227616000,0.000000000,1,1
rx,748,6.227616000,6.227856334,0.000240334,1,1
tx,749,6.235808000,6.235808000,0.000000000,1,1
rx,749,6.235808000,6.236048334,0.000240334,1,1
tx,750,6.244000000,6.244000000,0.000000000,1,1
rx,750,6.244000000,6.244240334,0.000240334,1,1
tx,751,6.252192000,6.252192000,0.000000000,1,1
rx,751,6.252192000,6.252432334,0.000240334,1,1
tx,752,6.260384000,6.260384000,0.000000000,1,1
rx,752,6.260384000,6.260624334,0.000240334,1,1
tx,753,6.268576000,6.268576000,0.000000000,1,1
rx,753,6.268576000,6.268816334,0.000240334,1,1
tx,754,6.276768000,6.276768000,0.000000000,1,1
rx,754,6.276768000,6.277008334,0.000240334,1,1
tx,755,6.284960000,6.284960000,0.000000000,1,1
rx,755,6.284960000,6.285200334,0.000240334,1,1
tx,756,6.293152000,6.293152000,0.000000000,1,1
rx,756,6.293152000,6.293392334,0.000240334,1,1
tx,757,6.301344000,6.301344000,0.000000000,1,1
rx,757,6.301344000,6.301584334,0.000240334,1,1
tx,758,6.309536000,6.309536000,0.000000000,1,1
rx,758,6.309536000,6.309776334,0.000240334,1,1
tx,759,6.317728000,6.317728000,0.000000000,1,1
rx,759,6.317728000,6.317968334,0.000240334,1,1
tx,760,6.325920000,6.325920000,0.000000000,1,1
rx,760,6.325920000,6.326160334,0.000240334,1,1
tx,761,6.334112000,6.334112000,0.000000000,1,1
rx,761,6.334112000,6.334352334,0.000240334,1,1
tx,762,6.342304000,6.342304000,0.000000000,1,1
rx,762,6.342304000,6.342544334,0.000240334,1,1
tx,763,6.350496000,6.350496000,0.000000000,1,1
rx,763,6.350496000,6.350736334,0.000240334,1,1
tx,764,6.358688000,6.358688000,0.000000000,1,1
rx,764,6.358688000,6.358928334,0.000240334,1,1
tx,765,6.366880000,6.366880000,0.000000000,1,1
rx,765,6.366880000,6.367120334,0.000240334,1,1
tx,766,6.375072000,6.375072000,0.000000000,1,1
rx,766,6.375072000,6.375312334,0.000240334,1,1
tx,767,6.383264000,6.383264000,0.000000000,1,1
rx,767,6.383264000,6.383504334,0.000240334,1,1
tx,768,6.391456000,6.391456000,0.000000000,1,1
rx,768,6.391456000,6.391696334,0.000240334,1,1
tx,769,6.399648000,6.399648000,0.000000000,1,1
rx,769,6.399648000,6.399888334,0.000240334,1,1
tx,770,6.407840000,6.407840000,0.000000000,1,1
rx,770,6.407840000,6.408080334,0.000240334,1,1
tx,771,6.416032000,6.416032000,0.000000000,1,1
rx,771,6.416032000,6.416272334,0.000240334,1,1
tx,772,6.424224000,6.424224000,0.000000000,1,1
rx,772,6.424224000,6.424464334,0.000240334,1,1
tx,773,6.432416000,6.432416000,0.000000000,1,1
rx,773,6.432416000,6.432656334,0.000240334,1,1
tx,774,6.440608000,6.440608000,0.000000000,1,1
rx,774,6.440608000,6.440848334,0.000240334,1,1
tx,775,6.448800000,6.448800000,0.000000000,1,1
rx,775,6.448800000,6.449040334,0.000240334,1,1
tx,776,6.456992000,6.456992000,0.000000000,1,1
rx,776,6.456992000,6.457232334,0.000240334,1,1
tx,777,6.465184000,6.465184000,0.000000000,1,1
rx,777,6.465184000,6.465424334,0.000240334,1,1
tx,778,6.473376000,6.473376000,0.000000000,1,1
rx,778,6.473376000,6.473616334,0.000240334,1,1
tx,779,6.481568000,6.481568000,0.000000000,1,1
rx,779,6.481568000,6.481808334,0.000240334,1,1
tx,780,6.489760000,6.489760000,0.000000000,1,1
rx,780,6.489760000,6.490000334,0.000240334,1,1
tx,781,6.497952000,6.497952000,0.000000000,1,1
rx,781,6.497952000,6.498192334,0.000240334,1,1
tx,782,6.506144000,6.506144000,0.000000000,1,1
rx,782,6.506144000,6.506384334,0.000240334,1,1
tx,783,6.514336000,6.514336000,0.000000000,1,1
rx,783,6.514336000,6.514576334,0.000240334,1,1
tx,784,6.522528000,6.522528000,0.000000000,1,1
rx,784,6.522528000,6.522768334,0.000240334,1,1
tx,785,6.530720000,6.530720000,0.000000000,1,1
rx,785,6.530720000,6.530960334,0.000240334,1,1
tx,786,6.538912000,6.538912000,0.000000000,1,1
rx,786,6.538912000,6.539152334,0.000240334,1,1
tx,787,6.547104000,6.547104000,0.000000000,1,1
rx,787,6.547104000,6.547344334,0.000240334,1,1
tx,788,6.555296000,6.555296000,0.000000000,1,1
rx,788,6.555296000,6.555536334,0.000240334,1,1
tx,789,6.563488000,6.563488000,0.000000000,1,1
rx,789,6.563488000,6.563728334,0.000240334,1,1
tx,790,6.571680000,6.571680000,0.000000000,1,1
rx,790,6.571680000,6.571920334,0.000240334,1,1
tx,791,6.579872000,6.579872000,0.000000000,1,1
rx,791,6.579872000,6.580112334,0.000240334,1,1
tx,792,6.588064000,6.588064000,0.000000000,1,1
rx,792,6.588064000,6.588304334,0.000240334,1,1
tx,793,6.596256000,6.596256000,0.000000000,1,1
rx,793,6.596256000,6.596496334,0.000240334,1,1
tx,794,6.604448000,6.604448000,0.000000000,1,1
rx,794,6.604448000,6.604688334,0.000240334,1,1
tx,795,6.612640000,6.612640000,0.000000000,1,1
rx,795,6.612640000,6.612880334,0.000240334,1,1
tx,796,6.620832000,6.620832000,0.000000000,1,1
rx,796,6.620832000,6.621072334,0.000240334,1,1
tx,797,6.629024000,6.629024000,0.000000000,1,1
rx,797,6.629024000,6.629264334,0.000240334,1,1
tx,798,6.637216000,6.637216000,0.000000000,1,1
rx,798,6.637216000,6.637456334,0.000240334,1,1
tx,799,6.645408000,6.645408000,0.000000000,1,1
rx,799,6.645408000,6.645648334,0.000240334,1,1
tx,800,6.653600000,6.653600000,0.000000000,1,1
rx,800,6.653600000,6.653840334,0.000240334,1,1
tx,801,6.661792000,6.661792000,0.000000000,1,1
rx,801,6.661792000,6.662032334,0.000240334,1,1
tx,802,6.669984000,6.669984000,0.000000000,1,1
rx,802,6.669984000,6.670224334,0.000240334,1,1
tx,803,6.678176000,6.678176000,0.000000000,1,1
rx,803,6.678176000,6.678416334,0.000240334,1,1
tx,804,6.686368000,6.686368000,0.000000000,1,1
rx,804,6.686368000,6.686608334,0.000240334,1,1
tx,805,6.694560000,6.694560000,0.000000000,1,1
rx,805,6.694560000,6.694800334,0.000240334,1,1
tx,806,6.702752000,6.702752000,0.000000000,1,1
rx,806,6.702752000,6.702992334,0.000240334,1,1
tx,807,6.710944000,6.710944000,0.000000000,1,1
rx,807,6.710944000,6.711184334,0.000240334,1,1
tx,808,6.719136000,6.719136000,0.000000000,1,1
rx,808,6.719136000,6.719376334,0.000240334,1,1
tx,809,6.727328000,6.727328000,0.000000000,1,1
rx,809,6.727328000,6.727568334,0.000240334,1,1
tx,810,6.735520000,6.735520000,0.000000000,1,1
rx,810,6.735520000,6.735760334,0.000240334,1,1
tx,811,6.743712000,6.743712000,0.000000000,1,1
rx,811,6.743712000,6.743952334,0.000240334,1,1
tx,812,6.751904000,6.751904000,0.000000000,1,1
rx,812,6.751904000,6.752144334,0.000240334,1,1
tx,813,6.760096000,6.760096000,0.000000000,1,1
rx,813,6.760096000,6.760336334,0.000240334,1,1
tx,814,6.768288000,6.768288000,0.000000000,1,1
rx,814,6.768288000,6.768528334,0.000240334,1,1
tx,815,6.776480000,6.776480000,0.000000000,1,1
rx,815,6.776480000,6.776720334,0.000240334,1,1
tx,816,6.784672000,6.784672000,0.000000000,1,1
rx,816,6.784672000,6.784912334,0.000240334,1,1
tx,817,6.792864000,6.792864000,0.000000000,1,1
rx,817,6.792864000,6.793104334,0.000240334,1,1
tx,818,6.801056000,6.801056000,0.000000000,1,1
rx,818,6.801056000,6.801296334,0.000240334,1,1
tx,819,6.809248000,6.809248000,0.000000000,1,1
rx,819,6.809248000,6.809488334,0.000240334,1,1
tx,820,6.817440000,6.817440000,0.000000000,1,1
rx,820,6.817440000,6.817680334,0.000240334,1,1
tx,821,6.825632000,6.825632000,0.000000000,1,1
rx,821,6.825632000,6.825872334,0.000240334,1,1
tx,822,6.833824000,6.833824000,0.000000000,1,1
rx,822,6.833824000,6.834064334,0.000240334,1,1
tx,823,6.842016000,6.842016000,0.000000000,1,1
rx,823,6.842016000,6.842256334,0.000240334,1,1
tx,824,6.850208000,6.850208000,0.000000000,1,1
rx,824,6.850208000,6.850448334,0.000240334,1,1
tx,825,6.858400000,6.858400000,0.000000000,1,1
rx,825,6.858400000,6.858640334,0.000240334,1,1
tx,826,6.866592000,6.866592000,0.000000000,1,1
rx,826,6.866592000,6.866832334,0.000240334,1,1
tx,827,6.874784000,6.874784000,0.000000000,1,1
rx,827,6.874784000,6.875024334,0.000240334,1,1
tx,828,6.882976000,6.882976000,0.000000000,1,1
rx,828,6.882976000,6.883216334,0.000240334,1,1
tx,829,6.891168000,6.891168000,0.000000000,1,1
rx,829,6.891168000,6.891408334,0.000240334,1,1
tx,830,6.899360000,6.899360000,0.000000000,1,1
rx,830,6.899360000,6.899600334,0.000240334,1,1
tx,831,6.907552000,6.907552000,0.000000000,1,1
rx,831,6.907552000,6.907792334,0.000240334,1,1
tx,832,6.915744000,6.915744000,0.000000000,1,1
rx,832,6.915744000,6.915984334,0.000240334,1,1
tx,833,6.923936000,6.923936000,0.000000000,1,1
rx,833,6.923936000,6.924176334,0.000240334,1,1
tx,834,6.932128000,6.932128000,0.000000000,1,1
rx,834,6.932128000,6.932368334,0.000240334,1,1
tx,835,6.940320000,6.940320000,0.000000000,1,1
rx,835,6.940320000,6.940560334,0.000240334,1,1
tx,836,6.948512000,6.948512000,0.000000000,1,1
rx,836,6.948512000,6.948752334,0.000240334,1,1
tx,837,6.956704000,6.956704000,0.000000000,1,1
rx,837,6.956704000,6.956944334,0.000240334,1,1
tx,838,6.964896000,6.964896000,0.000000000,1,1
rx,838,6.964896000,6.965136334,0.000240334,1,1
tx,839,6.973088000,6.973088000,0.000000000,1,1
rx,839,6.973088000,6.973328334,0.000240334,1,1
tx,840,6.981280000,6.981280000,0.000000000,1,1
rx,840,6.981280000,6.981520334,0.000240334,1,1
tx,841,6.989472000,6.989472000,0.000000000,1,1
rx,841,6.989472000,6.989712334,0.000240334,1,1
tx,842,6.997664000,6.997664000,0.000000000,1,1
rx,842,6.997664000,6.997904334,0.000240334,1,1
tx,843,7.005856000,7.005856000,0.000000000,0,0
tx,844,7.014048000,7.014048000,0.000000000,0,0
tx,845,7.022240000,7.022240000,0.000000000,0,0
tx,846,7.030432000,7.030432000,0.000000000,0,0
tx,847,7.038624000,7.038624000,0.000000000,0,0
tx,848,7.046816000,7.046816000,0.000000000,0,0
tx,849,7.055008000,7.055008000,0.000000000,0,0
tx,850,7.063200000,7.063200000,0.000000000,0,0
tx,851,7.071392000,7.071392000,0.000000000,0,0
tx,852,7.079584000,7.079584000,0.000000000,0,0
tx,853,7.087776000,7.087776000,0.000000000,0,0
tx,854,7.095968000,7.095968000,0.000000000,0,0
tx,855,7.104160000,7.104160000,0.000000000,0,0
tx,856,7.112352000,7.112352000,0.000000000,0,0
tx,857,7.120544000,7.120544000,0.000000000,0,0
tx,858,7.128736000,7.128736000,0.000000000,0,0
tx,859,7.136928000,7.136928000,0.000000000,0,0
tx,860,7.145120000,7.145120000,0.000000000,0,0
tx,861,7.153312000,7.153312000,0.000000000,0,0
tx,862,7.161504000,7.161504000,0.000000000,0,0
tx,863,7.169696000,7.169696000,0.000000000,0,0
tx,864,7.177888000,7.177888000,0.000000000,0,0
tx,865,7.186080000,7.186080000,0.000000000,0,0
tx,866,7.194272000,7.194272000,0.000000000,0,0
tx,867,7.202464000,7.202464000,0.000000000,0,0
tx,868,7.210656000,7.210656000,0.000000000,0,0
tx,869,7.218848000,7.218848000,0.000000000,0,0
tx,870,7.227040000,7.227040000,0.000000000,0,0
tx,871,7.235232000,7.235232000,0.000000000,0,0
tx,872,7.243424000,7.243424000,0.000000000,0,0
tx,873,7.251616000,7.251616000,0.000000000,0,0
tx,874,7.259808000,7.259808000,0.000000000,0,0
tx,875,7.268000000,7.268000000,0.000000000,0,0
tx,876,7.276192000,7.276192000,0.000000000,0,0
tx,877,7.284384000,7.284384000,0.000000000,0,0
tx,878,7.292576000,7.292576000,0.000000000,0,0
tx,879,7.300768000,7.300768000,0.000000000,0,0
tx,880,7.308960000,7.308960000,0.000000000,0,0
tx,881,7.317152000,7.317152000,0.000000000,0,0
tx,882,7.325344000,7.325344000,0.000000000,0,0
tx,883,7.333536000,7.333536000,0.000000000,0,0
tx,884,7.341728000,7.341728000,0.000000000,0,0
tx,885,7.349920000,7.349920000,0.000000000,0,0
tx,886,7.358112000,7.358112000,0.000000000,0,0
tx,887,7.366304000,7.366304000,0.000000000,0,0
tx,888,7.374496000,7.374496000,0.000000000,0,0
tx,889,7.382688000,7.382688000,0.000000000,0,0
tx,890,7.390880000,7.390880000,0.000000000,0,0
tx,891,7.399072000,7.399072000,0.000000000,0,0
tx,892,7.407264000,7.407264000,0.000000000,0,0
tx,893,7.415456000,7.415456000,0.000000000,0,0
tx,894,7.423648000,7.423648000,0.000000000,0,0
tx,895,7.431840000,7.431840000,0.000000000,0,0
tx,896,7.440032000,7.440032000,0.000000000,0,0
tx,897,7.448224000,7.448224000,0.000000000,0,0
tx,898,7.456416000,7.456416000,0.000000000,0,0
tx,899,7.464608000,7.464608000,0.000000000,0,0
tx,900,7.472800000,7.472800000,0.000000000,0,0
tx,901,7.480992000,7.480992000,0.000000000,0,0
tx,902,7.489184000,7.489184000,0.000000000,0,0
tx,903,7.497376000,7.497376000,0.000000000,0,0
tx,904,7.505568000,7.505568000,0.000000000,0,0
tx,905,7.513760000,7.513760000,0.000000000,0,0
tx,906,7.521952000,7.521952000,0.000000000,0,0
tx,907,7.530144000,7.530144000,0.000000000,0,0
tx,908,7.538336000,7.538336000,0.000000000,0,0
tx,909,7.546528000,7.546528000,0.000000000,0,0
tx,910,7.554720000,7.554720000,0.000000000,0,0
tx,911,7.562912000,7.562912000,0.000000000,0,0
tx,912,7.571104000,7.571104000,0.000000000,0,0
tx,913,7.579296000,7.579296000,0.000000000,0,0
tx,914,7.587488000,7.587488000,0.000000000,0,0
tx,915,7.595680000,7.595680000,0.000000000,0,0
tx,916,7.603872000,7.603872000,0.000000000,0,0
tx,917,7.612064000,7.612064000,0.000000000,0,0
tx,918,7.620256000,7.620256000,0.000000000,0,0
tx,919,7.628448000,7.628448000,0.000000000,0,0
tx,920,7.636640000,7.636640000,0.000000000,0,0
tx,921,7.644832000,7.644832000,0.000000000,0,0
tx,922,7.653024000,7.653024000,0.000000000,0,0
tx,923,7.661216000,7.661216000,0.000000000,0,0
tx,924,7.669408000,7.669408000,0.000000000,0,0
tx,925,7.677600000,7.677600000,0.000000000,0,0
tx,926,7.685792000,7.685792000,0.000000000,0,0
tx,927,7.693984000,7.693984000,0.000000000,0,0
tx,928,7.702176000,7.702176000,0.000000000,0,0
tx,929,7.710368000,7.710368000,0.000000000,0,0
tx,930,7.718560000,7.718560000,0.000000000,0,0
tx,931,7.726752000,7.726752000,0.000000000,0,0
tx,932,7.734944000,7.734944000,0.000000000,0,0
tx,933,7.743136000,7.743136000,0.000000000,0,0
tx,934,7.751328000,7.751328000,0.000000000,0,0
tx,935,7.759520000,7.759520000,0.000000000,0,0
tx,936,7.767712000,7.767712000,0.000000000,0,0
tx,937,7.775904000,7.775904000,0.000000000,0,0
tx,938,7.784096000,7.784096000,0.000000000,0,0
tx,939,7.792288000,7.792288000,0.000000000,0,0
tx,940,7.800480000,7.800480000,0.000000000,0,0
tx,941,7.808672000,7.808672000,0.000000000,0,0
tx,942,7.816864000,7.816864000,0.000000000,0,0
tx,943,7.825056000,7.825056000,0.000000000,0,0
tx,944,7.833248000,7.833248000,0.000000000,0,0
tx,945,7.841440000,7.841440000,0.000000000,0,0
tx,946,7.849632000,7.849632000,0.000000000,0,0
tx,947,7.857824000,7.857824000,0.000000000,0,0
tx,948,7.866016000,7.866016000,0.000000000,0,0
tx,949,7.874208000,7.874208000,0.000000000,0,0
tx,950,7.882400000,7.882400000,0.000000000,0,0
tx,951,7.890592000,7.890592000,0.000000000,0,0
tx,952,7.898784000,7.898784000,0.000000000,0,0
tx,953,7.906976000,7.906976000,0.000000000,0,0
tx,954,7.915168000,7.915168000,0.000000000,0,0
tx,955,7.923360000,7.923360000,0.000000000,0,0
tx,956,7.931552000,7.931552000,0.000000000,0,0
tx,957,7.939744000,7.939744000,0.000000000,0,0
tx,958,7.947936000,7.947936000,0.000000000,0,0
tx,959,7.956128000,7.956128000,0.000000000,0,0
tx,960,7.964320000,7.964320000,0.000000000,0,0
tx,961,7.972512000,7.972512000,0.000000000,0,0
tx,962,7.980704000,7.980704000,0.000000000,0,0
tx,963,7.988896000,7.988896000,0.000000000,0,0
tx,964,7.997088000,7.997088000,0.000000000,0,0
tx,965,8.005280000,8.005280000,0.000000000,1,1
tx,966,8.013472000,8.013472000,0.000000000,1,1
tx,967,8.021664000,8.021664000,0.000000000,1,1
tx,968,8.029856000,8.029856000,0.000000000,1,1
rx,907,7.530144000,8.033604334,0.503460334,1,1
rx,908,7.538336000,8.034339002,0.496003002,1,1
rx,909,7.546528000,8.034903670,0.488375670,1,1
rx,910,7.554720000,8.035188338,0.480468338,1,1
rx,911,7.562912000,8.035513006,0.472601006,1,1
rx,912,7.571104000,8.036057674,0.464953674,1,1
rx,913,7.579296000,8.036642342,0.457346342,1,1
rx,914,7.587488000,8.037087010,0.449599010,1,1
rx,915,7.595680000,8.037411678,0.441731678,1,1
rx,916,7.603872000,8.037776346,0.433904346,1,1
tx,969,8.038048000,8.038048000,0.000000000,1,1
rx,917,7.612064000,8.038221014,0.426157014,1,1
rx,918,7.620256000,8.038565682,0.418309682,1,1
rx,919,7.628448000,8.039150350,0.410702350,1,1
rx,920,7.636640000,8.039515018,0.402875018,1,1
rx,921,7.644832000,8.039819686,0.394987686,1,1
rx,922,7.653024000,8.040184354,0.387160354,1,1
rx,923,7.661216000,8.040649022,0.379433022,1,1
rx,924,7.669408000,8.041013690,0.371605690,1,1
rx,925,7.677600000,8.041378358,0.363778358,1,1
rx,926,7.685792000,8.041963026,0.356171026,1,1
rx,927,7.693984000,8.042467694,0.348483694,1,1
rx,928,7.702176000,8.042972362,0.340796362,1,1
rx,929,7.710368000,8.043517030,0.333149030,1,1
rx,930,7.718560000,8.043841698,0.325281698,1,1
rx,931,7.726752000,8.044146366,0.317394366,1,1
rx,932,7.734944000,8.044511034,0.309567034,1,1
rx,933,7.743136000,8.044935702,0.301799702,1,1
rx,934,7.751328000,8.045240370,0.293912370,1,1
rx,935,7.759520000,8.045585038,0.286065038,1,1
rx,936,7.767712000,8.046029706,0.278317706,1,1
tx,970,8.046240000,8.046240000,0.000000000,1,1
rx,937,7.775904000,8.046454374,0.270550374,1,1
rx,938,7.784096000,8.046819042,0.262723042,1,1
rx,939,7.792288000,8.047383710,0.255095710,1,1
rx,940,7.800480000,8.047748378,0.247268378,1,1
rx,941,7.808672000,8.048033046,0.239361046,1,1
rx,942,7.816864000,8.048537714,0.231673714,1,1
rx,943,7.825056000,8.048962382,0.223906382,1,1
rx,944,7.833248000,8.049327050,0.216079050,1,1
rx,945,7.841440000,8.049771718,0.208331718,1,1
rx,946,7.849632000,8.050196386,0.200564386,1,1
rx,947,7.857824000,8.050601054,0.192777054,1,1
rx,948,7.866016000,8.051005722,0.184989722,1,1
rx,949,7.874208000,8.051510390,0.177302390,1,1
rx,950,7.882400000,8.052015058,0.169615058,1,1
rx,951,7.890592000,8.052579726,0.161987726,1,1
rx,952,7.898784000,8.053044394,0.154260394,1,1
rx,953,7.906976000,8.053369062,0.146393062,1,1
rx,954,7.915168000,8.053853730,0.138685730,1,1
rx,955,7.923360000,8.054158398,0.130798398,1,1
tx,971,8.054432000,8.054432000,0.000000000,1,1
rx,956,7.931552000,8.054543066,0.122991066,1,1
rx,957,7.939744000,8.055027734,0.115283734,1,1
rx,958,7.947936000,8.055332402,0.107396402,1,1
rx,959,7.956128000,8.055697070,0.099569070,1,1
rx,960,7.964320000,8.056181738,0.091861738,1,1
rx,961,7.972512000,8.056706406,0.084194406,1,1
rx,962,7.980704000,8.057171074,0.076467074,1,1
rx,963,7.988896000,8.057615742,0.068719742,1,1
rx,964,7.997088000,8.058200410,0.061112410,1,1
rx,965,8.005280000,8.058645078,0.053365078,1,1
rx,966,8.013472000,8.059009746,0.045537746,1,1
rx,967,8.021664000,8.059494414,0.037830414,1,1
rx,968,8.029856000,8.059779082,0.029923082,1,1
rx,969,8.038048000,8.060243750,0.022195750,1,1
rx,970,8.046240000,8.060788418,0.014548418,1,1
rx,971,8.054432000,8.061073086,0.006641086,1,1
tx,972,8.062624000,8.062624000,0.000000000,1,1
rx,972,8.062624000,8.062864334,0.000240334,1,1
tx,973,8.070816000,8.070816000,0.000000000,1,1
rx,973,8.070816000,8.071056334,0.000240334,1,1
tx,974,8.079008000,8.079008000,0.000000000,1,1
rx,974,8.079008000,8.079248334,0.000240334,1,1
tx,975,8.087200000,8.087200000,0.000000000,1,1
rx,975,8.087200000,8.087440334,0.000240334,1,1
tx,976,8.095392000,8.095392000,0.000000000,1,1
rx,976,8.095392000,8.095632334,0.000240334,1,1
tx,977,8.103584000,8.103584000,0.000000000,1,1
rx,977,8.103584000,8.103824334,0.000240334,1,1
tx,978,8.111776000,8.111776000,0.000000000,1,1
rx,978,8.111776000,8.112016334,0.000240334,1,1
tx,979,8.119968000,8.119968000,0.000000000,1,1
rx,979,8.119968000,8.120208334,0.000240334,1,1
tx,980,8.128160000,8.128160000,0.000000000,1,1
rx,980,8.128160000,8.128400334,0.000240334,1,1
tx,981,8.136352000,8.136352000,0.000000000,1,1
rx,981,8.136352000,8.136592334,0.000240334,1,1
tx,982,8.144544000,8.144544000,0.000000000,1,1
rx,982,8.144544000,8.144784334,0.000240334,1,1
tx,983,8.152736000,8.152736000,0.000000000,1,1
rx,983,8.152736000,8.152976334,0.000240334,1,1
tx,984,8.160928000,8.160928000,0.000000000,1,1
rx,984,8.160928000,8.161168334,0.000240334,1,1
tx,985,8.169120000,8.169120000,0.000000000,1,1
rx,985,8.169120000,8.169360334,0.000240334,1,1
tx,986,8.177312000,8.177312000,0.000000000,1,1
rx,986,8.177312000,8.177552334,0.000240334,1,1
tx,987,8.185504000,8.185504000,0.000000000,1,1
rx,987,8.185504000,8.185744334,0.000240334,1,1
tx,988,8.193696000,8.193696000,0.000000000,1,1
rx,988,8.193696000,8.193936334,0.000240334,1,1
tx,989,8.201888000,8.201888000,0.000000000,1,1
rx,989,8.201888000,8.202128334,0.000240334,1,1
tx,990,8.210080000,8.210080000,0.000000000,1,1
rx,990,8.210080000,8.210320334,0.000240334,1,1
tx,991,8.218272000,8.218272000,0.000000000,1,1
rx,991,8.218272000,8.218512334,0.000240334,1,1
tx,992,8.226464000,8.226464000,0.000000000,1,1
rx,992,8.226464000,8.226704334,0.000240334,1,1
tx,993,8.234656000,8.234656000,0.000000000,1,1
rx,993,8.234656000,8.234896334,0.000240334,1,1
tx,994,8.242848000,8.242848000,0.000000000,1,1
rx,994,8.242848000,8.243088334,0.000240334,1,1
tx,995,8.251040000,8.251040000,0.000000000,1,1
rx,995,8.251040000,8.251280334,0.000240334,1,1
tx,996,8.259232000,8.259232000,0.000000000,1,1
rx,996,8.259232000,8.259472334,0.000240334,1,1
tx,997,8.267424000,8.267424000,0.000000000,1,1
rx,997,8.267424000,8.267664334,0.000240334,1,1
tx,998,8.275616000,8.275616000,0.000000000,1,1
rx,998,8.275616000,8.275856334,0.000240334,1,1
tx,999,8.283808000,8.283808000,0.000000000,1,1
rx,999,8.283808000,8.284048334,0.000240334,1,1
tx,1000,8.292000000,8.292000000,0.000000000,1,1
rx,1000,8.292000000,8.292240334,0.000240334,1,1
tx,1001,8.300192000,8.300192000,0.000000000,1,1
rx,1001,8.300192000,8.300432334,0.000240334,1,1
tx,1002,8.308384000,8.308384000,0.000000000,1,1
rx,1002,8.308384000,8.308624334,0.000240334,1,1
tx,1003,8.316576000,8.316576000,0.000000000,1,1
rx,1003,8.316576000,8.316816334,0.000240334,1,1
tx,1004,8.324768000,8.324768000,0.000000000,1,1
rx,1004,8.324768000,8.325008334,0.000240334,1,1
tx,1005,8.332960000,8.332960000,0.000000000,1,1
rx,1005,8.332960000,8.333200334,0.000240334,1,1
tx,1006,8.341152000,8.341152000,0.000000000,1,1
rx,1006,8.341152000,8.341392334,0.000240334,1,1
tx,1007,8.349344000,8.349344000,0.000000000,1,1
rx,1007,8.349344000,8.349584334,0.000240334,1,1
tx,1008,8.357536000,8.357536000,0.000000000,1,1
rx,1008,8.357536000,8.357776334,0.000240334,1,1
tx,1009,8.365728000,8.365728000,0.000000000,1,1
rx,1009,8.365728000,8.365968334,0.000240334,1,1
tx,1010,8.373920000,8.373920000,0.000000000,1,1
rx,1010,8.373920000,8.374160334,0.000240334,1,1
tx,1011,8.382112000,8.382112000,0.000000000,1,1
rx,1011,8.382112000,8.382352334,0.000240334,1,1
tx,1012,8.390304000,8.390304000,0.000000000,1,1
rx,1012,8.390304000,8.390544334,0.000240334,1,1
tx,1013,8.398496000,8.398496000,0.000000000,1,1
rx,1013,8.398496000,8.398736334,0.000240334,1,1
tx,1014,8.406688000,8.406688000,0.000000000,1,1
rx,1014,8.406688000,8.406928334,0.000240334,1,1
tx,1015,8.414880000,8.414880000,0.000000000,1,1
rx,1015,8.414880000,8.415120334,0.000240334,1,1
tx,1016,8.423072000,8.423072000,0.000000000,1,1
rx,1016,8.423072000,8.423312334,0.000240334,1,1
tx,1017,8.431264000,8.431264000,0.000000000,1,1
rx,1017,8.431264000,8.431504334,0.000240334,1,1
tx,1018,8.439456000,8.439456000,0.000000000,1,1
rx,1018,8.439456000,8.439696334,0.000240334,1,1
tx,1019,8.447648000,8.447648000,0.000000000,1,1
rx,1019,8.447648000,8.447888334,0.000240334,1,1
tx,1020,8.455840000,8.455840000,0.000000000,1,1
rx,1020,8.455840000,8.456080334,0.000240334,1,1
tx,1021,8.464032000,8.464032000,0.000000000,1,1
rx,1021,8.464032000,8.464272334,0.000240334,1,1
tx,1022,8.472224000,8.472224000,0.000000000,1,1
rx,1022,8.472224000,8.472464334,0.000240334,1,1
tx,1023,8.480416000,8.480416000,0.000000000,1,1
rx,1023,8.480416000,8.480656334,0.000240334,1,1
tx,1024,8.488608000,8.488608000,0.000000000,1,1
rx,1024,8.488608000,8.488848334,0.000240334,1,1
tx,1025,8.496800000,8.496800000,0.000000000,1,1
rx,1025,8.496800000,8.497040334,0.000240334,1,1
tx,1026,8.504992000,8.504992000,0.000000000,1,1
rx,1026,8.504992000,8.505232334,0.000240334,1,1
tx,1027,8.513184000,8.513184000,0.000000000,1,1
rx,1027,8.513184000,8.513424334,0.000240334,1,1
tx,1028,8.521376000,8.521376000,0.000000000,1,1
rx,1028,8.521376000,8.521616334,0.000240334,1,1
tx,1029,8.529568000,8.529568000,0.000000000,1,1
rx,1029,8.529568000,8.529808334,0.000240334,1,1
tx,1030,8.537760000,8.537760000,0.000000000,1,1
rx,1030,8.537760000,8.538000334,0.000240334,1,1
tx,1031,8.545952000,8.545952000,0.000000000,1,1
rx,1031,8.545952000,8.546192334,0.000240334,1,1
tx,1032,8.554144000,8.554144000,0.000000000,1,1
rx,1032,8.554144000,8.554384334,0.000240334,1,1
tx,1033,8.562336000,8.562336000,0.000000000,1,1
rx,1033,8.562336000,8.562576334,0.000240334,1,1
tx,1034,8.570528000,8.570528000,0.000000000,1,1
rx,1034,8.570528000,8.570768334,0.000240334,1,1
tx,1035,8.578720000,8.578720000,0.000000000,1,1
rx,1035,8.578720000,8.578960334,0.000240334,1,1
tx,1036,8.586912000,8.586912000,0.000000000,1,1
rx,1036,8.586912000,8.587152334,0.000240334,1,1
tx,1037,8.595104000,8.595104000,0.000000000,1,1
rx,1037,8.595104000,8.595344334,0.000240334,1,1
tx,1038,8.603296000,8.603296000,0.000000000,1,1
rx,1038,8.603296000,8.603536334,0.000240334,1,1
tx,1039,8.611488000,8.611488000,0.000000000,1,1
rx,1039,8.611488000,8.611728334,0.000240334,1,1
tx,1040,8.619680000,8.619680000,0.000000000,1,1
rx,1040,8.619680000,8.619920334,0.000240334,1,1
tx,1041,8.627872000,8.627872000,0.000000000,1,1
rx,1041,8.627872000,8.628112334,0.000240334,1,1
tx,1042,8.636064000,8.636064000,0.000000000,1,1
rx,1042,8.636064000,8.636304334,0.000240334,1,1
tx,1043,8.644256000,8.644256000,0.000000000,1,1
rx,1043,8.644256000,8.644496334,0.000240334,1,1
tx,1044,8.652448000,8.652448000,0.000000000,1,1
rx,1044,8.652448000,8.652688334,0.000240334,1,1
tx,1045,8.660640000,8.660640000,0.000000000,1,1
rx,1045,8.660640000,8.660880334,0.000240334,1,1
tx,1046,8.668832000,8.668832000,0.000000000,1,1
rx,1046,8.668832000,8.669072334,0.000240334,1,1
tx,1047,8.677024000,8.677024000,0.000000000,1,1
rx,1047,8.677024000,8.677264334,0.000240334,1,1
tx,1048,8.685216000,8.685216000,0.000000000,1,1
rx,1048,8.685216000,8.685456334,0.000240334,1,1
tx,1049,8.693408000,8.693408000,0.000000000,1,1
rx,1049,8.693408000,8.693648334,0.000240334,1,1
tx,1050,8.701600000,8.701600000,0.000000000,1,1
rx,1050,8.701600000,8.701840334,0.000240334,1,1
tx,1051,8.709792000,8.709792000,0.000000000,1,1
rx,1051,8.709792000,8.710032334,0.000240334,1,1
tx,1052,8.717984000,8.717984000,0.000000000,1,1
rx,1052,8.717984000,8.718224334,0.000240334,1,1
tx,1053,8.726176000,8.726176000,0.000000000,1,1
rx,1053,8.726176000,8.726416334,0.000240334,1,1
tx,1054,8.734368000,8.734368000,0.000000000,1,1
rx,1054,8.734368000,8.734608334,0.000240334,1,1
tx,1055,8.742560000,8.742560000,0.000000000,1,1
rx,1055,8.742560000,8.742800334,0.000240334,1,1
tx,1056,8.750752000,8.750752000,0.000000000,1,1
rx,1056,8.750752000,8.750992334,0.000240334,1,1
tx,1057,8.758944000,8.758944000,0.000000000,1,1
rx,1057,8.758944000,8.759184334,0.000240334,1,1
tx,1058,8.767136000,8.767136000,0.000000000,1,1
rx,1058,8.767136000,8.767376334,0.000240334,1,1
tx,1059,8.775328000,8.775328000,0.000000000,1,1
rx,1059,8.775328000,8.775568334,0.000240334,1,1
tx,1060,8.783520000,8.783520000,0.000000000,1,1
rx,1060,8.783520000,8.783760334,0.000240334,1,1
tx,1061,8.791712000,8.791712000,0.000000000,1,1
rx,1061,8.791712000,8.791952334,0.000240334,1,1
tx,1062,8.799904000,8.799904000,0.000000000,1,1
rx,1062,8.799904000,8.800144334,0.000240334,1,1
tx,1063,8.808096000,8.808096000,0.000000000,1,1
rx,1063,8.808096000,8.808336334,0.000240334,1,1
tx,1064,8.816288000,8.816288000,0.000000000,1,1
rx,1064,8.816288000,8.816528334,0.000240334,1,1
tx,1065,8.824480000,8.824480000,0.000000000,1,1
rx,1065,8.824480000,8.824720334,0.000240334,1,1
tx,1066,8.832672000,8.832672000,0.000000000,1,1
rx,1066,8.832672000,8.832912334,0.000240334,1,1
tx,1067,8.840864000,8.840864000,0.000000000,1,1
rx,1067,8.840864000,8.841104334,0.000240334,1,1
tx,1068,8.849056000,8.849056000,0.000000000,1,1
rx,1068,8.849056000,8.849296334,0.000240334,1,1
tx,1069,8.857248000,8.857248000,0.000000000,1,1
rx,1069,8.857248000,8.857488334,0.000240334,1,1
tx,1070,8.865440000,8.865440000,0.000000000,1,1
rx,1070,8.865440000,8.865680334,0.000240334,1,1
tx,1071,8.873632000,8.873632000,0.000000000,1,1
rx,1071,8.873632000,8.873872334,0.000240334,1,1
tx,1072,8.881824000,8.881824000,0.000000000,1,1
rx,1072,8.881824000,8.882064334,0.000240334,1,1
tx,1073,8.890016000,8.890016000,0.000000000,1,1
rx,1073,8.890016000,8.890256334,0.000240334,1,1
tx,1074,8.898208000,8.898208000,0.000000000,1,1
rx,1074,8.898208000,8.898448334,0.000240334,1,1
tx,1075,8.906400000,8.906400000,0.000000000,1,1
rx,1075,8.906400000,8.906640334,0.000240334,1,1
tx,1076,8.914592000,8.914592000,0.000000000,1,1
rx,1076,8.914592000,8.914832334,0.000240334,1,1
tx,1077,8.922784000,8.922784000,0.000000000,1,1
rx,1077,8.922784000,8.923024334,0.000240334,1,1
tx,1078,8.930976000,8.930976000,0.000000000,1,1
rx,1078,8.930976000,8.931216334,0.000240334,1,1
tx,1079,8.939168000,8.939168000,0.000000000,1,1
rx,1079,8.939168000,8.939408334,0.000240334,1,1
tx,1080,8.947360000,8.947360000,0.000000000,1,1
rx,1080,8.947360000,8.947600334,0.000240334,1,1
tx,1081,8.955552000,8.955552000,0.000000000,1,1
rx,1081,8.955552000,8.955792334,0.000240334,1,1
tx,1082,8.963744000,8.963744000,0.000000000,1,1
rx,1082,8.963744000,8.963984334,0.000240334,1,1
tx,1083,8.971936000,8.971936000,0.000000000,1,1
rx,1083,8.971936000,8.972176334,0.000240334,1,1
tx,1084,8.980128000,8.980128000,0.000000000,1,1
rx,1084,8.980128000,8.980368334,0.000240334,1,1
tx,1085,8.988320000,8.988320000,0.000000000,1,1
rx,1085,8.988320000,8.988560334,0.000240334,1,1
tx,1086,8.996512000,8.996512000,0.000000000,1,1
rx,1086,8.996512000,8.996752334,0.000240334,1,1
tx,1087,9.004704000,9.004704000,0.000000000,0,0
tx,1088,9.012896000,9.012896000,0.000000000,0,0
tx,1089,9.021088000,9.021088000,0.000000000,0,0
tx,1090,9.029280000,9.029280000,0.000000000,0,0
tx,1091,9.037472000,9.037472000,0.000000000,0,0
tx,1092,9.045664000,9.045664000,0.000000000,0,0
tx,1093,9.053856000,9.053856000,0.000000000,0,0
tx,1094,9.062048000,9.062048000,0.000000000,0,0
tx,1095,9.070240000,9.070240000,0.000000000,0,0
tx,1096,9.078432000,9.078432000,0.000000000,0,0
tx,1097,9.086624000,9.086624000,0.000000000,0,0
tx,1098,9.094816000,9.094816000,0.000000000,0,0
tx,1099,9.103008000,9.103008000,0.000000000,0,0
tx,1100,9.111200000,9.111200000,0.000000000,0,0
tx,1101,9.119392000,9.119392000,0.000000000,0,0
tx,1102,9.127584000,9.127584000,0.000000000,0,0
tx,1103,9.135776000,9.135776000,0.000000000,0,0
tx,1104,9.143968000,9.143968000,0.000000000,0,0
tx,1105,9.152160000,9.152160000,0.000000000,0,0
tx,1106,9.160352000,9.160352000,0.000000000,0,0
tx,1107,9.168544000,9.168544000,0.000000000,0,0
tx,1108,9.176736000,9.176736000,0.000000000,0,0
tx,1109,9.184928000,9.184928000,0.000000000,0,0
tx,1110,9.193120000,9.193120000,0.000000000,0,0
tx,1111,9.201312000,9.201312000,0.000000000,0,0
tx,1112,9.209504000,9.209504000,0.000000000,0,0
tx,1113,9.217696000,9.217696000,0.000000000,0,0
tx,1114,9.225888000,9.225888000,0.000000000,0,0
tx,1115,9.234080000,9.234080000,0.000000000,0,0
tx,1116,9.242272000,9.242272000,0.000000000,0,0
tx,1117,9.250464000,9.250464000,0.000000000,0,0
tx,1118,9.258656000,9.258656000,0.000000000,0,0
tx,1119,9.266848000,9.266848000,0.000000000,0,0
tx,1120,9.275040000,9.275040000,0.000000000,0,0
tx,1121,9.283232000,9.283232000,0.000000000,0,0
tx,1122,9.291424000,9.291424000,0.000000000,0,0
tx,1123,9.299616000,9.299616000,0.000000000,0,0
tx,1124,9.307808000,9.307808000,0.000000000,0,0
tx,1125,9.316000000,9.316000000,0.000000000,0,0
tx,1126,9.324192000,9.324192000,0.000000000,0,0
tx,1127,9.332384000,9.332384000,0.000000000,0,0
tx,1128,9.340576000,9.340576000,0.000000000,0,0
tx,1129,9.348768000,9.348768000,0.000000000,0,0
tx,1130,9.356960000,9.356960000,0.000000000,0,0
tx,1131,9.365152000,9.365152000,0.000000000,0,0
tx,1132,9.373344000,9.373344000,0.000000000,0,0
tx,1133,9.381536000,9.381536000,0.000000000,0,0
tx,1134,9.389728000,9.389728000,0.000000000,0,0
tx,1135,9.397920000,9.397920000,0.000000000,0,0
tx,1136,9.406112000,9.406112000,0.000000000,0,0
tx,1137,9.414304000,9.414304000,0.000000000,0,0
tx,1138,9.422496000,9.422496000,0.000000000,0,0
tx,1139,9.430688000,9.430688000,0.000000000,0,0
tx,1140,9.438880000,9.438880000,0.000000000,0,0
tx,1141,9.447072000,9.447072000,0.000000000,0,0
tx,1142,9.455264000,9.455264000,0.000000000,0,0
tx,1143,9.463456000,9.463456000,0.000000000,0,0
tx,1144,9.471648000,9.471648000,0.000000000,0,0
tx,1145,9.479840000,9.479840000,0.000000000,0,0
tx,1146,9.488032000,9.488032000,0.000000000,0,0
tx,1147,9.496224000,9.496224000,0.000000000,0,0
tx,1148,9.504416000,9.504416000,0.000000000,0,0
tx,1149,9.512608000,9.512608000,0.000000000,0,0
tx,1150,9.520800000,9.520800000,0.000000000,0,0
tx,1151,9.528992000,9.528992000,0.000000000,0,0
tx,1152,9.537184000,9.537184000,0.000000000,0,0
tx,1153,9.545376000,9.545376000,0.000000000,0,0
tx,1154,9.553568000,9.553568000,0.000000000,0,0
tx,1155,9.561760000,9.561760000,0.000000000,0,0
tx,1156,9.569952000,9.569952000,0.000000000,0,0
tx,1157,9.578144000,9.578144000,0.000000000,0,0
tx,1158,9.586336000,9.586336000,0.000000000,0,0
tx,1159,9.594528000,9.594528000,0.000000000,0,0
tx,1160,9.602720000,9.602720000,0.000000000,0,0
tx,1161,9.610912000,9.610912000,0.000000000,0,0
tx,1162,9.619104000,9.619104000,0.000000000,0,0
tx,1163,9.627296000,9.627296000,0.000000000,0,0
tx,1164,9.635488000,9.635488000,0.000000000,0,0
tx,1165,9.643680000,9.643680000,0.000000000,0,0
tx,1166,9.651872000,9.651872000,0.000000000,0,0
tx,1167,9.660064000,9.660064000,0.000000000,0,0
tx,1168,9.668256000,9.668256000,0.000000000,0,0
tx,1169,9.676448000,9.676448000,0.000000000,0,0
tx,1170,9.684640000,9.684640000,0.000000000,0,0
tx,1171,9.692832000,9.692832000,0.000000000,0,0
tx,1172,9.701024000,9.701024000,0.000000000,0,0
tx,1173,9.709216000,9.709216000,0.000000000,0,0
tx,1174,9.717408000,9.717408000,0.000000000,0,0
tx,1175,9.725600000,9.725600000,0.000000000,0,0
tx,1176,9.733792000,9.733792000,0.000000000,0,0
tx,1177,9.741984000,9.741984000,0.000000000,0,0
tx,1178,9.750176000,9.750176000,0.000000000,0,0
tx,1179,9.758368000,9.758368000,0.000000000,0,0
tx,1180,9.766560000,9.766560000,0.000000000,0,0
tx,1181,9.774752000,9.774752000,0.000000000,0,0
tx,1182,9.782944000,9.782944000,0.000000000,0,0
tx,1183,9.791136000,9.791136000,0.000000000,0,0
tx,1184,9.799328000,9.799328000,0.000000000,0,0
tx,1185,9.807520000,9.807520000,0.000000000,0,0
tx,1186,9.815712000,9.815712000,0.000000000,0,0
tx,1187,9.823904000,9.823904000,0.000000000,0,0
tx,1188,9.832096000,9.832096000,0.000000000,0,0
tx,1189,9.840288000,9.840288000,0.000000000,0,0
tx,1190,9.848480000,9.848480000,0.000000000,0,0
tx,1191,9.856672000,9.856672000,0.000000000,0,0
tx,1192,9.864864000,9.864864000,0.000000000,0,0
tx,1193,9.873056000,9.873056000,0.000000000,0,0
tx,1194,9.881248000,9.881248000,0.000000000,0,0
tx,1195,9.889440000,9.889440000,0.000000000,0,0
tx,1196,9.897632000,9.897632000,0.000000000,0,0
tx,1197,9.905824000,9.905824000,0.000000000,0,0
tx,1198,9.914016000,9.914016000,0.000000000,0,0
tx,1199,9.922208000,9.922208000,0.000000000,0,0
tx,1200,9.930400000,9.930400000,0.000000000,0,0
tx,1201,9.938592000,9.938592000,0.000000000,0,0
tx,1202,9.946784000,9.946784000,0.000000000,0,0
tx,1203,9.954976000,9.954976000,0.000000000,0,0
tx,1204,9.963168000,9.963168000,0.000000000,0,0
tx,1205,9.971360000,9.971360000,0.000000000,0,0
tx,1206,9.979552000,9.979552000,0.000000000,0,0
tx,1207,9.987744000,9.987744000,0.000000000,0,0
tx,1208,9.995936000,9.995936000,0.000000000,0,0
tx,1209,10.004128000,10.004128000,0.000000000,1,1
rx,1148,9.504416000,10.011596334,0.507180334,1,1
rx,1149,9.512608000,10.012291002,0.499683002,1,1
tx,1210,10.012320000,10.012320000,0.000000000,1,1
rx,1150,9.520800000,10.012595670,0.491795670,1,1
rx,1151,9.528992000,10.013100338,0.484108338,1,1
rx,1152,9.537184000,10.013685006,0.476501006,1,1
rx,1153,9.545376000,10.014229674,0.468853674,1,1
rx,1154,9.553568000,10.014554342,0.460986342,1,1
rx,1155,9.561760000,10.015119010,0.453359010,1,1
rx,1156,9.569952000,10.015643678,0.445691678,1,1
rx,1157,9.578144000,10.016128346,0.437984346,1,1
rx,1158,9.586336000,10.016413014,0.430077014,1,1
rx,1159,9.594528000,10.016777682,0.422249682,1,1
rx,1160,9.602720000,10.017322350,0.414602350,1,1
rx,1161,9.610912000,10.017707018,0.406795018,1,1
rx,1162,9.619104000,10.018151686,0.399047686,1,1
rx,1163,9.627296000,10.018456354,0.391160354,1,1
rx,1164,9.635488000,10.018961022,0.383473022,1,1
rx,1165,9.643680000,10.019445690,0.375765690,1,1
rx,1166,9.651872000,10.019970358,0.368098358,1,1
rx,1167,9.660064000,10.020495026,0.360431026,1,1
tx,1211,10.020512000,10.020512000,0.000000000,1,1
rx,1168,9.668256000,10.021019694,0.352763694,1,1
rx,1169,9.676448000,10.021444362,0.344996362,1,1
rx,1170,9.684640000,10.021829030,0.337189030,1,1
rx,1171,9.692832000,10.022333698,0.329501698,1,1
rx,1172,9.701024000,10.022758366,0.321734366,1,1
rx,1173,9.709216000,10.023063034,0.313847034,1,1
rx,1174,9.717408000,10.023567702,0.306159702,1,1
rx,1175,9.725600000,10.024032370,0.298432370,1,1
rx,1176,9.733792000,10.024597038,0.290805038,1,1
rx,1177,9.741984000,10.024881706,0.282897706,1,1
rx,1178,9.750176000,10.025426374,0.275250374,1,1
rx,1179,9.758368000,10.025731042,0.267363042,1,1
rx,1180,9.766560000,10.026095710,0.259535710,1,1
rx,1181,9.774752000,10.026660378,0.251908378,1,1
rx,1182,9.782944000,10.027045046,0.244101046,1,1
rx,1183,9.791136000,10.027429714,0.236293714,1,1
rx,1184,9.799328000,10.028014382,0.228686382,1,1
rx,1185,9.807520000,10.028299050,0.220779050,1,1
rx,1186,9.815712000,10.028623718,0.212911718,1,1
tx,1212,10.028704000,10.028704000,0.000000000,1,1
rx,1187,9.823904000,10.029088386,0.205184386,1,1
rx,1188,9.832096000,10.029493054,0.197397054,1,1
rx,1189,9.840288000,10.029837722,0.189549722,1,1
rx,1190,9.848480000,10.030122390,0.181642390,1,1
rx,1191,9.856672000,10.030447058,0.173775058,1,1
rx,1192,9.864864000,10.030871726,0.166007726,1,1
rx,1193,9.873056000,10.031156394,0.158100394,1,1
rx,1194,9.881248000,10.031521062,0.150273062,1,1
rx,1195,9.889440000,10.031845730,0.142405730,1,1
rx,1196,9.897632000,10.032430398,0.134798398,1,1
rx,1197,9.905824000,10.032935066,0.127111066,1,1
rx,1198,9.914016000,10.033219734,0.119203734,1,1
rx,1199,9.922208000,10.033524402,0.111316402,1,1
rx,1200,9.930400000,10.033989070,0.103589070,1,1
rx,1201,9.938592000,10.034473738,0.095881738,1,1
rx,1202,9.946784000,10.034918406,0.088134406,1,1
rx,1203,9.954976000,10.035483074,0.080507074,1,1
rx,1204,9.963168000,10.035767742,0.072599742,1,1
rx,1205,9.971360000,10.036152410,0.064792410,1,1
rx,1206,9.979552000,10.036537078,0.056985078,1,1
tx,1213,10.036896000,10.036896000,0.000000000,1,1
rx,1207,9.987744000,10.036941746,0.049197746,1,1
rx,1208,9.995936000,10.037306414,0.041370414,1,1
rx,1209,10.004128000,10.037671082,0.033543082,1,1
rx,1210,10.012320000,10.038175750,0.025855750,1,1
rx,1211,10.020512000,10.038640418,0.018128418,1,1
rx,1212,10.028704000,10.039065086,0.010361086,1,1
rx,1213,10.036896000,10.039409754,0.002513754,1,1
tx,1214,10.045088000,10.045088000,0.000000000,1,1
rx,1214,10.045088000,10.045328334,0.000240334,1,1
tx,1215,10.053280000,10.053280000,0.000000000,1,1
rx,1215,10.053280000,10.053520334,0.000240334,1,1
tx,1216,10.061472000,10.061472000,0.000000000,1,1
rx,1216,10.061472000,10.061712334,0.000240334,1,1
tx,1217,10.069664000,10.069664000,0.000000000,1,1
rx,1217,10.069664000,10.069904334,0.000240334,1,1
tx,1218,10.077856000,10.077856000,0.000000000,1,1
rx,1218,10.077856000,10.078096334,0.000240334,1,1
tx,1219,10.086048000,10.086048000,0.000000000,1,1
rx,1219,10.086048000,10.086288334,0.000240334,1,1
tx,1220,10.094240000,10.094240000,0.000000000,1,1
rx,1220,10.094240000,10.094480334,0.000240334,1,1
tx,1221,10.102432000,10.102432000,0.000000000,1,1
rx,1221,10.102432000,10.102672334,0.000240334,1,1
tx,1222,10.110624000,10.110624000,0.000000000,1,1
rx,1222,10.110624000,10.110864334,0.000240334,1,1
tx,1223,10.118816000,10.118816000,0.000000000,1,1
rx,1223,10.118816000,10.119056334,0.000240334,1,1
tx,1224,10.127008000,10.127008000,0.000000000,1,1
rx,1224,10.127008000,10.127248334,0.000240334,1,1
tx,1225,10.135200000,10.135200000,0.000000000,1,1
rx,1225,10.135200000,10.135440334,0.000240334,1,1
tx,1226,10.143392000,10.143392000,0.000000000,1,1
rx,1226,10.143392000,10.143632334,0.000240334,1,1
tx,1227,10.151584000,10.151584000,0.000000000,1,1
rx,1227,10.151584000,10.151824334,0.000240334,1,1
tx,1228,10.159776000,10.159776000,0.000000000,1,1
rx,1228,10.159776000,10.160016334,0.000240334,1,1
tx,1229,10.167968000,10.167968000,0.000000000,1,1
rx,1229,10.167968000,10.168208334,0.000240334,1,1
tx,1230,10.176160000,10.176160000,0.000000000,1,1
rx,1230,10.176160000,10.176400334,0.000240334,1,1
tx,1231,10.184352000,10.184352000,0.000000000,1,1
rx,1231,10.184352000,10.184592334,0.000240334,1,1
tx,1232,10.192544000,10.192544000,0.000000000,1,1
rx,1232,10.192544000,10.192784334,0.000240334,1,1
tx,1233,10.200736000,10.200736000,0.000000000,1,1
rx,1233,10.200736000,10.200976334,0.000240334,1,1
tx,1234,10.208928000,10.208928000,0.000000000,1,1
rx,1234,10.208928000,10.209168334,0.000240334,1,1
tx,1235,10.217120000,10.217120000,0.000000000,1,1
rx,1235,10.217120000,10.217360334,0.000240334,1,1
tx,1236,10.225312000,10.225312000,0.000000000,1,1
rx,1236,10.225312000,10.225552334,0.000240334,1,1
tx,1237,10.233504000,10.233504000,0.000000000,1,1
rx,1237,10.233504000,10.233744334,0.000240334,1,1
tx,1238,10.241696000,10.241696000,0.000000000,1,1
rx,1238,10.241696000,10.241936334,0.000240334,1,1
tx,1239,10.249888000,10.249888000,0.000000000,1,1
rx,1239,10.249888000,10.250128334,0.000240334,1,1
tx,1240,10.258080000,10.258080000,0.000000000,1,1
rx,1240,10.258080000,10.258320334,0.000240334,1,1
tx,1241,10.266272000,10.266272000,0.000000000,1,1
rx,1241,10.266272000,10.266512334,0.000240334,1,1
tx,1242,10.274464000,10.274464000,0.000000000,1,1
rx,1242,10.274464000,10.274704334,0.000240334,1,1
tx,1243,10.282656000,10.282656000,0.000000000,1,1
rx,1243,10.282656000,10.282896334,0.000240334,1,1
tx,1244,10.290848000,10.290848000,0.000000000,1,1
rx,1244,10.290848000,10.291088334,0.000240334,1,1
tx,1245,10.299040000,10.299040000,0.000000000,1,1
rx,1245,10.299040000,10.299280334,0.000240334,1,1
tx,1246,10.307232000,10.307232000,0.000000000,1,1
rx,1246,10.307232000,10.307472334,0.000240334,1,1
tx,1247,10.315424000,10.315424000,0.000000000,1,1
rx,1247,10.315424000,10.315664334,0.000240334,1,1
tx,1248,10.323616000,10.323616000,0.000000000,1,1
rx,1248,10.323616000,10.323856334,0.000240334,1,1
tx,1249,10.331808000,10.331808000,0.000000000,1,1
rx,1249,10.331808000,10.332048334,0.000240334,1,1
tx,1250,10.340000000,10.340000000,0.000000000,1,1
rx,1250,10.340000000,10.340240334,0.000240334,1,1
tx,1251,10.348192000,10.348192000,0.000000000,1,1
rx,1251,10.348192000,10.348432334,0.000240334,1,1
tx,1252,10.356384000,10.356384000,0.000000000,1,1
rx,1252,10.356384000,10.356624334,0.000240334,1,1
tx,1253,10.364576000,10.364576000,0.000000000,1,1
rx,1253,10.364576000,10.364816334,0.000240334,1,1
tx,1254,10.372768000,10.372768000,0.000000000,1,1
rx,1254,10.372768000,10.373008334,0.000240334,1,1
tx,1255,10.380960000,10.380960000,0.000000000,1,1
rx,1255,10.380960000,10.381200334,0.000240334,1,1
tx,1256,10.389152000,10.389152000,0.000000000,1,1
rx,1256,10.389152000,10.389392334,0.000240334,1,1
tx,1257,10.397344000,10.397344000,0.000000000,1,1
rx,1257,10.397344000,10.397584334,0.000240334,1,1
tx,1258,10.405536000,10.405536000,0.000000000,1,1
rx,1258,10.405536000,10.405776334,0.000240334,1,1
tx,1259,10.413728000,10.413728000,0.000000000,1,1
rx,1259,10.413728000,10.413968334,0.000240334,1,1
tx,1260,10.421920000,10.421920000,0.000000000,1,1
rx,1260,10.421920000,10.422160334,0.000240334,1,1
tx,1261,10.430112000,10.430112000,0.000000000,1,1
rx,1261,10.430112000,10.430352334,0.000240334,1,1
tx,1262,10.438304000,10.438304000,0.000000000,1,1
rx,1262,10.438304000,10.438544334,0.000240334,1,1
tx,1263,10.446496000,10.446496000,0.000000000,1,1
rx,1263,10.446496000,10.446736334,0.000240334,1,1
tx,1264,10.454688000,10.454688000,0.000000000,1,1
rx,1264,10.454688000,10.454928334,0.000240334,1,1
tx,1265,10.462880000,10.462880000,0.000000000,1,1
rx,1265,10.462880000,10.463120334,0.000240334,1,1
tx,1266,10.471072000,10.471072000,0.000000000,1,1
rx,1266,10.471072000,10.471312334,0.000240334,1,1
tx,1267,10.479264000,10.479264000,0.000000000,1,1
rx,1267,10.479264000,10.479504334,0.000240334,1,1
tx,1268,10.487456000,10.487456000,0.000000000,1,1
rx,1268,10.487456000,10.487696334,0.000240334,1,1
tx,1269,10.495648000,10.495648000,0.000000000,1,1
rx,1269,10.495648000,10.495888334,0.000240334,1,1
tx,1270,10.503840000,10.503840000,0.000000000,1,1
rx,1270,10.503840000,10.504080334,0.000240334,1,1
tx,1271,10.512032000,10.512032000,0.000000000,1,1
rx,1271,10.512032000,10.512272334,0.000240334,1,1
tx,1272,10.520224000,10.520224000,0.000000000,1,1
rx,1272,10.520224000,10.520464334,0.000240334,1,1
tx,1273,10.528416000,10.528416000,0.000000000,1,1
rx,1273,10.528416000,10.528656334,0.000240334,1,1
tx,1274,10.536608000,10.536608000,0.000000000,1,1
rx,1274,10.536608000,10.536848334,0.000240334,1,1
tx,1275,10.544800000,10.544800000,0.000000000,1,1
rx,1275,10.544800000,10.545040334,0.000240334,1,1
tx,1276,10.552992000,10.552992000,0.000000000,1,1
rx,1276,10.552992000,10.553232334,0.000240334,1,1
tx,1277,10.561184000,10.561184000,0.000000000,1,1
rx,1277,10.561184000,10.561424334,0.000240334,1,1
tx,1278,10.569376000,10.569376000,0.000000000,1,1
rx,1278,10.569376000,10.569616334,0.000240334,1,1
tx,1279,10.577568000,10.577568000,0.000000000,1,1
rx,1279,10.577568000,10.577808334,0.000240334,1,1
tx,1280,10.585760000,10.585760000,0.000000000,1,1
rx,1280,10.585760000,10.586000334,0.000240334,1,1
tx,1281,10.593952000,10.593952000,0.000000000,1,1
rx,1281,10.593952000,10.594192334,0.000240334,1,1
tx,1282,10.602144000,10.602144000,0.000000000,1,1
rx,1282,10.602144000,10.602384334,0.000240334,1,1
tx,1283,10.610336000,10.610336000,0.000000000,1,1
rx,1283,10.610336000,10.610576334,0.000240334,1,1
tx,1284,10.618528000,10.618528000,0.000000000,1,1
rx,1284,10.618528000,10.618768334,0.000240334,1,1
tx,1285,10.626720000,10.626720000,0.000000000,1,1
rx,1285,10.626720000,10.626960334,0.000240334,1,1
tx,1286,10.634912000,10.634912000,0.000000000,1,1
rx,1286,10.634912000,10.635152334,0.000240334,1,1
tx,1287,10.643104000,10.643104000,0.000000000,1,1
rx,1287,10.643104000,10.643344334,0.000240334,1,1
tx,1288,10.651296000,10.651296000,0.000000000,1,1
rx,1288,10.651296000,10.651536334,0.000240334,1,1
tx,1289,10.659488000,10.659488000,0.000000000,1,1
rx,1289,10.659488000,10.659728334,0.000240334,1,1
tx,1290,10.667680000,10.667680000,0.000000000,1,1
rx,1290,10.667680000,10.667920334,0.000240334,1,1
tx,1291,10.675872000,10.675872000,0.000000000,1,1
rx,1291,10.675872000,10.676112334,0.000240334,1,1
tx,1292,10.684064000,10.684064000,0.000000000,1,1
rx,1292,10.684064000,10.684304334,0.000240334,1,1
tx,1293,10.692256000,10.692256000,0.000000000,1,1
rx,1293,10.692256000,10.692496334,0.000240334,1,1
tx,1294,10.700448000,10.700448000,0.000000000,1,1
rx,1294,10.700448000,10.700688334,0.000240334,1,1
tx,1295,10.708640000,10.708640000,0.000000000,1,1
rx,1295,10.708640000,10.708880334,0.000240334,1,1
tx,1296,10.716832000,10.716832000,0.000000000,1,1
rx,1296,10.716832000,10.717072334,0.000240334,1,1
tx,1297,10.725024000,10.725024000,0.000000000,1,1
rx,1297,10.725024000,10.725264334,0.000240334,1,1
tx,1298,10.733216000,10.733216000,0.000000000,1,1
rx,1298,10.733216000,10.733456334,0.000240334,1,1
tx,1299,10.741408000,10.741408000,0.000000000,1,1
rx,1299,10.741408000,10.741648334,0.000240334,1,1
tx,1300,10.749600000,10.749600000,0.000000000,1,1
rx,1300,10.749600000,10.749840334,0.000240334,1,1
tx,1301,10.757792000,10.757792000,0.000000000,1,1
rx,1301,10.757792000,10.758032334,0.000240334,1,1
tx,1302,10.765984000,10.765984000,0.000000000,1,1
rx,1302,10.765984000,10.766224334,0.000240334,1,1
tx,1303,10.774176000,10.774176000,0.000000000,1,1
rx,1303,10.774176000,10.774416334,0.000240334,1,1
tx,1304,10.782368000,10.782368000,0.000000000,1,1
rx,1304,10.782368000,10.782608334,0.000240334,1,1
tx,1305,10.790560000,10.790560000,0.000000000,1,1
rx,1305,10.790560000,10.790800334,0.000240334,1,1
tx,1306,10.798752000,10.798752000,0.000000000,1,1
rx,1306,10.798752000,10.798992334,0.000240334,1,1
tx,1307,10.806944000,10.806944000,0.000000000,1,1
rx,1307,10.806944000,10.807184334,0.000240334,1,1
tx,1308,10.815136000,10.815136000,0.000000000,1,1
rx,1308,10.815136000,10.815376334,0.000240334,1,1
tx,1309,10.823328000,10.823328000,0.000000000,1,1
rx,1309,10.823328000,10.823568334,0.000240334,1,1
tx,1310,10.831520000,10.831520000,0.000000000,1,1
rx,1310,10.831520000,10.831760334,0.000240334,1,1
tx,1311,10.839712000,10.839712000,0.000000000,1,1
rx,1311,10.839712000,10.839952334,0.000240334,1,1
tx,1312,10.847904000,10.847904000,0.000000000,1,1
rx,1312,10.847904000,10.848144334,0.000240334,1,1
tx,1313,10.856096000,10.856096000,0.000000000,1,1
rx,1313,10.856096000,10.856336334,0.000240334,1,1
tx,1314,10.864288000,10.864288000,0.000000000,1,1
rx,1314,10.864288000,10.864528334,0.000240334,1,1
tx,1315,10.872480000,10.872480000,0.000000000,1,1
rx,1315,10.872480000,10.872720334,0.000240334,1,1
tx,1316,10.880672000,10.880672000,0.000000000,1,1
rx,1316,10.880672000,10.880912334,0.000240334,1,1
tx,1317,10.888864000,10.888864000,0.000000000,1,1
rx,1317,10.888864000,10.889104334,0.000240334,1,1
tx,1318,10.897056000,10.897056000,0.000000000,1,1
rx,1318,10.897056000,10.897296334,0.000240334,1,1
tx,1319,10.905248000,10.905248000,0.000000000,1,1
rx,1319,10.905248000,10.905488334,0.000240334,1,1
tx,1320,10.913440000,10.913440000,0.000000000,1,1
rx,1320,10.913440000,10.913680334,0.000240334,1,1
tx,1321,10.921632000,10.921632000,0.000000000,1,1
rx,1321,10.921632000,10.921872334,0.000240334,1,1
tx,1322,10.929824000,10.929824000,0.000000000,1,1
rx,1322,10.929824000,10.930064334,0.000240334,1,1
tx,1323,10.938016000,10.938016000,0.000000000,1,1
rx,1323,10.938016000,10.938256334,0.000240334,1,1
tx,1324,10.946208000,10.946208000,0.000000000,1,1
rx,1324,10.946208000,10.946448334,0.000240334,1,1
tx,1325,10.954400000,10.954400000,0.000000000,1,1
rx,1325,10.954400000,10.954640334,0.000240334,1,1
tx,1326,10.962592000,10.962592000,0.000000000,1,1
rx,1326,10.962592000,10.962832334,0.000240334,1,1
tx,1327,10.970784000,10.970784000,0.000000000,1,1
rx,1327,10.970784000,10.971024334,0.000240334,1,1
tx,1328,10.978976000,10.978976000,0.000000000,1,1
rx,1328,10.978976000,10.979216334,0.000240334,1,1
tx,1329,10.987168000,10.987168000,0.000000000,1,1
rx,1329,10.987168000,10.987408334,0.000240334,1,1
tx,1330,10.995360000,10.995360000,0.000000000,1,1
rx,1330,10.995360000,10.995600334,0.000240334,1,1
tx,1331,11.003552000,11.003552000,0.000000000,0,0
tx,1332,11.011744000,11.011744000,0.000000000,0,0
tx,1333,11.019936000,11.019936000,0.000000000,0,0
tx,1334,11.028128000,11.028128000,0.000000000,0,0
tx,1335,11.036320000,11.036320000,0.000000000,0,0
tx,1336,11.044512000,11.044512000,0.000000000,0,0
tx,1337,11.052704000,11.052704000,0.000000000,0,0
tx,1338,11.060896000,11.060896000,0.000000000,0,0
tx,1339,11.069088000,11.069088000,0.000000000,0,0
tx,1340,11.077280000,11.077280000,0.000000000,0,0
tx,1341,11.085472000,11.085472000,0.000000000,0,0
tx,1342,11.093664000,11.093664000,0.000000000,0,0
tx,1343,11.101856000,11.101856000,0.000000000,0,0
tx,1344,11.110048000,11.110048000,0.000000000,0,0
tx,1345,11.118240000,11.118240000,0.000000000,0,0
tx,1346,11.126432000,11.126432000,0.000000000,0,0
tx,1347,11.134624000,11.134624000,0.000000000,0,0
tx,1348,11.142816000,11.142816000,0.000000000,0,0
tx,1349,11.151008000,11.151008000,0.000000000,0,0
tx,1350,11.159200000,11.159200000,0.000000000,0,0
tx,1351,11.167392000,11.167392000,0.000000000,0,0
tx,1352,11.175584000,11.175584000,0.000000000,0,0
tx,1353,11.183776000,11.183776000,0.000000000,0,0
tx,1354,11.191968000,11.191968000,0.000000000,0,0
tx,1355,11.200160000,11.200160000,0.000000000,0,0
tx,1356,11.208352000,11.208352000,0.000000000,0,0
tx,1357,11.216544000,11.216544000,0.000000000,0,0
tx,1358,11.224736000,11.224736000,0.000000000,0,0
tx,1359,11.232928000,11.232928000,0.000000000,0,0
tx,1360,11.241120000,11.241120000,0.000000000,0,0
tx,1361,11.249312000,11.249312000,0.000000000,0,0
tx,1362,11.257504000,11.257504000,0.000000000,0,0
tx,1363,11.265696000,11.265696000,0.000000000,0,0
tx,1364,11.273888000,11.273888000,0.000000000,0,0
tx,1365,11.282080000,11.282080000,0.000000000,0,0
tx,1366,11.290272000,11.290272000,0.000000000,0,0
tx,1367,11.298464000,11.298464000,0.000000000,0,0
tx,1368,11.306656000,11.306656000,0.000000000,0,0
tx,1369,11.314848000,11.314848000,0.000000000,0,0
tx,1370,11.323040000,11.323040000,0.000000000,0,0
tx,1371,11.331232000,11.331232000,0.000000000,0,0
tx,1372,11.339424000,11.339424000,0.000000000,0,0
tx,1373,11.347616000,11.347616000,0.000000000,0,0
tx,1374,11.355808000,11.355808000,0.000000000,0,0
tx,1375,11.364000000,11.364000000,0.000000000,0,0
tx,1376,11.372192000,11.372192000,0.000000000,0,0
tx,1377,11.380384000,11.380384000,0.000000000,0,0
tx,1378,11.388576000,11.388576000,0.000000000,0,0
tx,1379,11.396768000,11.396768000,0.000000000,0,0
tx,1380,11.404960000,11.404960000,0.000000000,0,0
tx,1381,11.413152000,11.413152000,0.000000000,0,0
tx,1382,11.421344000,11.421344000,0.000000000,0,0
tx,1383,11.429536000,11.429536000,0.000000000,0,0
tx,1384,11.437728000,11.437728000,0.000000000,0,0
tx,1385,11.445920000,11.445920000,0.000000000,0,0
tx,1386,11.454112000,11.454112000,0.000000000,0,0
tx,1387,11.462304000,11.462304000,0.000000000,0,0
tx,1388,11.470496000,11.470496000,0.000000000,0,0
tx,1389,11.478688000,11.478688000,0.000000000,0,0
tx,1390,11.486880000,11.486880000,0.000000000,0,0
tx,1391,11.495072000,11.495072000,0.000000000,0,0
tx,1392,11.503264000,11.503264000,0.000000000,0,0
tx,1393,11.511456000,11.511456000,0.000000000,0,0
tx,1394,11.519648000,11.519648000,0.000000000,0,0
tx,1395,11.527840000,11.527840000,0.000000000,0,0
tx,1396,11.536032000,11.536032000,0.000000000,0,0
tx,1397,11.544224000,11.544224000,0.000000000,0,0
tx,1398,11.552416000,11.552416000,0.000000000,0,0
tx,1399,11.560608000,11.560608000,0.000000000,0,0
tx,1400,11.568800000,11.568800000,0.000000000,0,0
tx,1401,11.576992000,11.576992000,0.000000000,0,0
tx,1402,11.585184000,11.585184000,0.000000000,0,0
tx,1403,11.593376000,11.593376000,0.000000000,0,0
tx,1404,11.601568000,11.601568000,0.000000000,0,0
tx,1405,11.609760000,11.609760000,0.000000000,0,0
tx,1406,11.617952000,11.617952000,0.000000000,0,0
tx,1407,11.626144000,11.626144000,0.000000000,0,0
tx,1408,11.634336000,11.634336000,0.000000000,0,0
tx,1409,11.642528000,11.642528000,0.000000000,0,0
tx,1410,11.650720000,11.650720000,0.000000000,0,0
tx,1411,11.658912000,11.658912000,0.000000000,0,0
tx,1412,11.667104000,11.667104000,0.000000000,0,0
tx,1413,11.675296000,11.675296000,0.000000000,0,0
tx,1414,11.683488000,11.683488000,0.000000000,0,0
tx,1415,11.691680000,11.691680000,0.000000000,0,0
tx,1416,11.699872000,11.699872000,0.000000000,0,0
tx,1417,11.708064000,11.708064000,0.000000000,0,0
tx,1418,11.716256000,11.716256000,0.000000000,0,0
tx,1419,11.724448000,11.724448000,0.000000000,0,0
tx,1420,11.732640000,11.732640000,0.000000000,0,0
tx,1421,11.740832000,11.740832000,0.000000000,0,0
tx,1422,11.749024000,11.749024000,0.000000000,0,0
tx,1423,11.757216000,11.757216000,0.000000000,0,0
tx,1424,11.765408000,11.765408000,0.000000000,0,0
tx,1425,11.773600000,11.773600000,0.000000000,0,0
tx,1426,11.781792000,11.781792000,0.000000000,0,0
tx,1427,11.789984000,11.789984000,0.000000000,0,0
tx,1428,11.798176000,11.798176000,0.000000000,0,0
tx,1429,11.806368000,11.806368000,0.000000000,0,0
tx,1430,11.814560000,11.814560000,0.000000000,0,0
tx,1431,11.822752000,11.822752000,0.000000000,0,0
tx,1432,11.830944000,11.830944000,0.000000000,0,0
tx,1433,11.839136000,11.839136000,0.000000000,0,0
tx,1434,11.847328000,11.847328000,0.000000000,0,0
tx,1435,11.855520000,11.855520000,0.000000000,0,0
tx,1436,11.863712000,11.863712000,0.000000000,0,0
tx,1437,11.871904000,11.871904000,0.000000000,0,0
tx,1438,11.880096000,11.880096000,0.000000000,0,0
tx,1439,11.888288000,11.888288000,0.000000000,0,0
tx,1440,11.896480000,11.896480000,0.000000000,0,0
tx,1441,11.904672000,11.904672000,0.000000000,0,0
tx,1442,11.912864000,11.912864000,0.000000000,0,0
tx,1443,11.921056000,11.921056000,0.000000000,0,0
tx,1444,11.929248000,11.929248000,0.000000000,0,0
tx,1445,11.937440000,11.937440000,0.000000000,0,0
tx,1446,11.945632000,11.945632000,0.000000000,0,0
tx,1447,11.953824000,11.953824000,0.000000000,0,0
tx,1448,11.962016000,11.962016000,0.000000000,0,0
tx,1449,11.970208000,11.970208000,0.000000000,0,0
tx,1450,11.978400000,11.978400000,0.000000000,0,0
tx,1451,11.986592000,11.986592000,0.000000000,0,0
tx,1452,11.994784000,11.994784000,0.000000000,0,0
tx,1453,12.002976000,12.002976000,0.000000000,1,1
tx,1454,12.011168000,12.011168000,0.000000000,1,1
tx,1455,12.019360000,12.019360000,0.000000000,1,1
tx,1456,12.027552000,12.027552000,0.000000000,1,1
rx,1394,11.519648000,12.027564334,0.507916334,1,1
rx,1396,11.536032000,12.028399002,0.492367002,1,1
rx,1397,11.544224000,12.028823670,0.484599670,1,1
rx,1398,11.552416000,12.029228338,0.476812338,1,1
rx,1399,11.560608000,12.029733006,0.469125006,1,1
rx,1400,11.568800000,12.030237674,0.461437674,1,1
rx,1401,11.576992000,12.030782342,0.453790342,1,1
rx,1402,11.585184000,12.031067010,0.445883010,1,1
rx,1403,11.593376000,12.031431678,0.438055678,1,1
rx,1404,11.601568000,12.031976346,0.430408346,1,1
rx,1405,11.609760000,12.032381014,0.422621014,1,1
rx,1406,11.617952000,12.032805682,0.414853682,1,1
rx,1407,11.626144000,12.033130350,0.406986350,1,1
rx,1408,11.634336000,12.033535018,0.399199018,1,1
rx,1409,11.642528000,12.033939686,0.391411686,1,1
rx,1410,11.650720000,12.034284354,0.383564354,1,1
rx,1411,11.658912000,12.034849022,0.375937022,1,1
rx,1412,11.667104000,12.035153690,0.368049690,1,1
rx,1413,11.675296000,12.035598358,0.360302358,1,1
tx,1457,12.035744000,12.035744000,0.000000000,1,1
rx,1414,11.683488000,12.036163026,0.352675026,1,1
rx,1415,11.691680000,12.036587694,0.344907694,1,1
rx,1416,11.699872000,12.036992362,0.337120362,1,1
rx,1417,11.708064000,12.037517030,0.329453030,1,1
rx,1418,11.716256000,12.038001698,0.321745698,1,1
rx,1419,11.724448000,12.038346366,0.313898366,1,1
rx,1420,11.732640000,12.038831034,0.306191034,1,1
rx,1421,11.740832000,12.039115702,0.298283702,1,1
rx,1422,11.749024000,12.039460370,0.290436370,1,1
rx,1423,11.757216000,12.040025038,0.282809038,1,1
rx,1424,11.765408000,12.040369706,0.274961706,1,1
rx,1425,11.773600000,12.040834374,0.267234374,1,1
rx,1426,11.781792000,12.041339042,0.259547042,1,1
rx,1427,11.789984000,12.041843710,0.251859710,1,1
rx,1428,11.798176000,12.042248378,0.244072378,1,1
rx,1429,11.806368000,12.042733046,0.236365046,1,1
rx,1430,11.814560000,12.043317714,0.228757714,1,1
rx,1431,11.822752000,12.043862382,0.221110382,1,1
tx,1458,12.043936000,12.043936000,0.000000000,1,1
rx,1432,11.830944000,12.044327050,0.213383050,1,1
rx,1433,11.839136000,12.044691718,0.205555718,1,1
rx,1434,11.847328000,12.044996386,0.197668386,1,1
rx,1435,11.855520000,12.045461054,0.189941054,1,1
rx,1436,11.863712000,12.046025722,0.182313722,1,1
rx,1437,11.871904000,12.046530390,0.174626390,1,1
rx,1438,11.880096000,12.047035058,0.166939058,1,1
rx,1439,11.888288000,12.047339726,0.159051726,1,1
rx,1440,11.896480000,12.047704394,0.151224394,1,1
rx,1441,11.904672000,12.048249062,0.143577062,1,1
rx,1442,11.912864000,12.048653730,0.135789730,1,1
rx,1443,11.921056000,12.049018398,0.127962398,1,1
rx,1444,11.929248000,12.049343066,0.120095066,1,1
rx,1445,11.937440000,12.049767734,0.112327734,1,1
rx,1446,11.945632000,12.050232402,0.104600402,1,1
rx,1447,11.953824000,12.050537070,0.096713070,1,1
rx,1448,11.962016000,12.051041738,0.089025738,1,1
rx,1449,11.970208000,12.051606406,0.081398406,1,1
rx,1450,11.978400000,12.051931074,0.073531074,1,1
tx,1459,12.052128000,12.052128000,0.000000000,1,1
rx,1451,11.986592000,12.052315742,0.065723742,1,1
rx,1452,11.994784000,12.052840410,0.058056410,1,1
rx,1453,12.002976000,12.053225078,0.050249078,1,1
rx,1454,12.011168000,12.053629746,0.042461746,1,1
rx,1455,12.019360000,12.054154414,0.034794414,1,1
rx,1456,12.027552000,12.054659082,0.027107082,1,1
rx,1457,12.035744000,12.055243750,0.019499750,1,1
rx,1458,12.043936000,12.055528418,0.011592418,1,1
rx,1459,12.052128000,12.056113086,0.003985086,1,1
tx,1460,12.060320000,12.060320000,0.000000000,1,1
rx,1460,12.060320000,12.060560334,0.000240334,1,1
tx,1461,12.068512000,12.068512000,0.000000000,1,1
rx,1461,12.068512000,12.068752334,0.000240334,1,1
tx,1462,12.076704000,12.076704000,0.000000000,1,1
rx,1462,12.076704000,12.076944334,0.000240334,1,1
tx,1463,12.084896000,12.084896000,0.000000000,1,1
rx,1463,12.084896000,12.085136334,0.000240334,1,1
tx,1464,12.093088000,12.093088000,0.000000000,1,1
rx,1464,12.093088000,12.093328334,0.000240334,1,1
tx,1465,12.101280000,12.101280000,0.000000000,1,1
rx,1465,12.101280000,12.101520334,0.000240334,1,1
tx,1466,12.109472000,12.109472000,0.000000000,1,1
rx,1466,12.109472000,12.109712334,0.000240334,1,1
tx,1467,12.117664000,12.117664000,0.000000000,1,1
rx,1467,12.117664000,12.117904334,0.000240334,1,1
tx,1468,12.125856000,12.125856000,0.000000000,1,1
rx,1468,12.125856000,12.126096334,0.000240334,1,1
tx,1469,12.134048000,12.134048000,0.000000000,1,1
rx,1469,12.134048000,12.134288334,0.000240334,1,1
tx,1470,12.142240000,12.142240000,0.000000000,1,1
rx,1470,12.142240000,12.142480334,0.000240334,1,1
tx,1471,12.150432000,12.150432000,0.000000000,1,1
rx,1471,12.150432000,12.150672334,0.000240334,1,1
tx,1472,12.158624000,12.158624000,0.000000000,1,1
rx,1472,12.158624000,12.158864334,0.000240334,1,1
tx,1473,12.166816000,12.166816000,0.000000000,1,1
rx,1473,12.166816000,12.167056334,0.000240334,1,1
tx,1474,12.175008000,12.175008000,0.000000000,1,1
rx,1474,12.175008000,12.175248334,0.000240334,1,1
tx,1475,12.183200000,12.183200000,0.000000000,1,1
rx,1475,12.183200000,12.183440334,0.000240334,1,1
tx,1476,12.191392000,12.191392000,0.000000000,1,1
rx,1476,12.191392000,12.191632334,0.000240334,1,1
tx,1477,12.199584000,12.199584000,0.000000000,1,1
rx,1477,12.199584000,12.199824334,0.000240334,1,1
tx,1478,12.207776000,12.207776000,0.000000000,1,1
rx,1478,12.207776000,12.208016334,0.000240334,1,1
tx,1479,12.215968000,12.215968000,0.000000000,1,1
rx,1479,12.215968000,12.216208334,0.000240334,1,1
tx,1480,12.224160000,12.224160000,0.000000000,1,1
rx,1480,12.224160000,12.224400334,0.000240334,1,1
tx,1481,12.232352000,12.232352000,0.000000000,1,1
rx,1481,12.232352000,12.232592334,0.000240334,1,1
tx,1482,12.240544000,12.240544000,0.000000000,1,1
rx,1482,12.240544000,12.240784334,0.000240334,1,1
tx,1483,12.248736000,12.248736000,0.000000000,1,1
rx,1483,12.248736000,12.248976334,0.000240334,1,1
tx,1484,12.256928000,12.256928000,0.000000000,1,1
rx,1484,12.256928000,12.257168334,0.000240334,1,1
tx,1485,12.265120000,12.265120000,0.000000000,1,1
rx,1485,12.265120000,12.265360334,0.000240334,1,1
tx,1486,12.273312000,12.273312000,0.000000000,1,1
rx,1486,12.273312000,12.273552334,0.000240334,1,1
tx,1487,12.281504000,12.281504000,0.000000000,1,1
rx,1487,12.281504000,12.281744334,0.000240334,1,1
tx,1488,12.289696000,12.289696000,0.000000000,1,1
rx,1488,12.289696000,12.289936334,0.000240334,1,1
tx,1489,12.297888000,12.297888000,0.000000000,1,1
rx,1489,12.297888000,12.298128334,0.000240334,1,1
tx,1490,12.306080000,12.306080000,0.000000000,1,1
rx,1490,12.306080000,12.306320334,0.000240334,1,1
tx,1491,12.314272000,12.314272000,0.000000000,1,1
rx,1491,12.314272000,12.314512334,0.000240334,1,1
tx,1492,12.322464000,12.322464000,0.000000000,1,1
rx,1492,12.322464000,12.322704334,0.000240334,1,1
tx,1493,12.330656000,12.330656000,0.000000000,1,1
rx,1493,12.330656000,12.330896334,0.000240334,1,1
tx,1494,12.338848000,12.338848000,0.000000000,1,1
rx,1494,12.338848000,12.339088334,0.000240334,1,1
tx,1495,12.347040000,12.347040000,0.000000000,1,1
rx,1495,12.347040000,12.347280334,0.000240334,1,1
tx,1496,12.355232000,12.355232000,0.000000000,1,1
rx,1496,12.355232000,12.355472334,0.000240334,1,1
tx,1497,12.363424000,12.363424000,0.000000000,1,1
rx,1497,12.363424000,12.363664334,0.000240334,1,1
tx,1498,12.371616000,12.371616000,0.000000000,1,1
rx,1498,12.371616000,12.371856334,0.000240334,1,1
tx,1499,12.379808000,12.379808000,0.000000000,1,1
rx,1499,12.379808000,12.380048334,0.000240334,1,1
tx,1500,12.388000000,12.388000000,0.000000000,1,1
rx,1500,12.388000000,12.388240334,0.000240334,1,1
tx,1501,12.396192000,12.396192000,0.000000000,1,1
rx,1501,12.396192000,12.396432334,0.000240334,1,1
tx,1502,12.404384000,12.404384000,0.000000000,1,1
rx,1502,12.404384000,12.404624334,0.000240334,1,1
tx,1503,12.412576000,12.412576000,0.000000000,1,1
rx,1503,12.412576000,12.412816334,0.000240334,1,1
tx,1504,12.420768000,12.420768000,0.000000000,1,1
rx,1504,12.420768000,12.421008334,0.000240334,1,1
tx,1505,12.428960000,12.428960000,0.000000000,1,1
rx,1505,12.428960000,12.429200334,0.000240334,1,1
tx,1506,12.437152000,12.437152000,0.000000000,1,1
rx,1506,12.437152000,12.437392334,0.000240334,1,1
tx,1507,12.445344000,12.445344000,0.000000000,1,1
rx,1507,12.445344000,12.445584334,0.000240334,1,1
tx,1508,12.453536000,12.453536000,0.000000000,1,1
rx,1508,12.453536000,12.453776334,0.000240334,1,1
tx,1509,12.461728000,12.461728000,0.000000000,1,1
rx,1509,12.461728000,12.461968334,0.000240334,1,1
tx,1510,12.469920000,12.469920000,0.000000000,1,1
rx,1510,12.469920000,12.470160334,0.000240334,1,1
tx,1511,12.478112000,12.478112000,0.000000000,1,1
rx,1511,12.478112000,12.478352334,0.000240334,1,1
tx,1512,12.486304000,12.486304000,0.000000000,1,1
rx,1512,12.486304000,12.486544334,0.000240334,1,1
tx,1513,12.494496000,12.494496000,0.000000000,1,1
rx,1513,12.494496000,12.494736334,0.000240334,1,1
tx,1514,12.502688000,12.502688000,0.000000000,1,1
rx,1514,12.502688000,12.502928334,0.000240334,1,1
tx,1515,12.510880000,12.510880000,0.000000000,1,1
rx,1515,12.510880000,12.511120334,0.000240334,1,1
tx,1516,12.519072000,12.519072000,0.000000000,1,1
rx,1516,12.519072000,12.519312334,0.000240334,1,1
tx,1517,12.527264000,12.527264000,0.000000000,1,1
rx,1517,12.527264000,12.527504334,0.000240334,1,1
tx,1518,12.535456000,12.535456000,0.000000000,1,1
rx,1518,12.535456000,12.535696334,0.000240334,1,1
tx,1519,12.543648000,12.543648000,0.000000000,1,1
rx,1519,12.543648000,12.543888334,0.000240334,1,1
tx,1520,12.551840000,12.551840000,0.000000000,1,1
rx,1520,12.551840000,12.552080334,0.000240334,1,1
tx,1521,12.560032000,12.560032000,0.000000000,1,1
rx,1521,12.560032000,12.560272334,0.000240334,1,1
tx,1522,12.568224000,12.568224000,0.000000000,1,1
rx,1522,12.568224000,12.568464334,0.000240334,1,1
tx,1523,12.576416000,12.576416000,0.000000000,1,1
rx,1523,12.576416000,12.576656334,0.000240334,1,1
tx,1524,12.584608000,12.584608000,0.000000000,1,1
rx,1524,12.584608000,12.584848334,0.000240334,1,1
tx,1525,12.592800000,12.592800000,0.000000000,1,1
rx,1525,12.592800000,12.593040334,0.000240334,1,1
tx,1526,12.600992000,12.600992000,0.000000000,1,1
rx,1526,12.600992000,12.601232334,0.000240334,1,1
tx,1527,12.609184000,12.609184000,0.000000000,1,1
rx,1527,12.609184000,12.609424334,0.000240334,1,1
tx,1528,12.617376000,12.617376000,0.000000000,1,1
rx,1528,12.617376000,12.617616334,0.000240334,1,1
tx,1529,12.625568000,12.625568000,0.000000000,1,1
rx,1529,12.625568000,12.625808334,0.000240334,1,1
tx,1530,12.633760000,12.633760000,0.000000000,1,1
rx,1530,12.633760000,12.634000334,0.000240334,1,1
tx,1531,12.641952000,12.641952000,0.000000000,1,1
rx,1531,12.641952000,12.642192334,0.000240334,1,1
tx,1532,12.650144000,12.650144000,0.000000000,1,1
rx,1532,12.650144000,12.650384334,0.000240334,1,1
tx,1533,12.658336000,12.658336000,0.000000000,1,1
rx,1533,12.658336000,12.658576334,0.000240334,1,1
tx,1534,12.666528000,12.666528000,0.000000000,1,1
rx,1534,12.666528000,12.666768334,0.000240334,1,1
tx,1535,12.674720000,12.674720000,0.000000000,1,1
rx,1535,12.674720000,12.674960334,0.000240334,1,1
tx,1536,12.682912000,12.682912000,0.000000000,1,1
rx,1536,12.682912000,12.683152334,0.000240334,1,1
tx,1537,12.691104000,12.691104000,0.000000000,1,1
rx,1537,12.691104000,12.691344334,0.000240334,1,1
tx,1538,12.699296000,12.699296000,0.000000000,1,1
rx,1538,12.699296000,12.699536334,0.000240334,1,1
tx,1539,12.707488000,12.707488000,0.000000000,1,1
rx,1539,12.707488000,12.707728334,0.000240334,1,1
tx,1540,12.715680000,12.715680000,0.000000000,1,1
rx,1540,12.715680000,12.715920334,0.000240334,1,1
tx,1541,12.723872000,12.723872000,0.000000000,1,1
rx,1541,12.723872000,12.724112334,0.000240334,1,1
tx,1542,12.732064000,12.732064000,0.000000000,1,1
rx,1542,12.732064000,12.732304334,0.000240334,1,1
tx,1543,12.740256000,12.740256000,0.000000000,1,1
rx,1543,12.740256000,12.740496334,0.000240334,1,1
tx,1544,12.748448000,12.748448000,0.000000000,1,1
rx,1544,12.748448000,12.748688334,0.000240334,1,1
tx,1545,12.756640000,12.756640000,0.000000000,1,1
rx,1545,12.756640000,12.756880334,0.000240334,1,1
tx,1546,12.764832000,12.764832000,0.000000000,1,1
rx,1546,12.764832000,12.765072334,0.000240334,1,1
tx,1547,12.773024000,12.773024000,0.000000000,1,1
rx,1547,12.773024000,12.773264334,0.000240334,1,1
tx,1548,12.781216000,12.781216000,0.000000000,1,1
rx,1548,12.781216000,12.781456334,0.000240334,1,1
tx,1549,12.789408000,12.789408000,0.000000000,1,1
rx,1549,12.789408000,12.789648334,0.000240334,1,1
tx,1550,12.797600000,12.797600000,0.000000000,1,1
rx,1550,12.797600000,12.797840334,0.000240334,1,1
tx,1551,12.805792000,12.805792000,0.000000000,1,1
rx,1551,12.805792000,12.806032334,0.000240334,1,1
tx,1552,12.813984000,12.813984000,0.000000000,1,1
rx,1552,12.813984000,12.814224334,0.000240334,1,1
tx,1553,12.822176000,12.822176000,0.000000000,1,1
rx,1553,12.822176000,12.822416334,0.000240334,1,1
tx,1554,12.830368000,12.830368000,0.000000000,1,1
rx,1554,12.830368000,12.830608334,0.000240334,1,1
tx,1555,12.838560000,12.838560000,0.000000000,1,1
rx,1555,12.838560000,12.838800334,0.000240334,1,1
tx,1556,12.846752000,12.846752000,0.000000000,1,1
rx,1556,12.846752000,12.846992334,0.000240334,1,1
tx,1557,12.854944000,12.854944000,0.000000000,1,1
rx,1557,12.854944000,12.855184334,0.000240334,1,1
tx,1558,12.863136000,12.863136000,0.000000000,1,1
rx,1558,12.863136000,12.863376334,0.000240334,1,1
tx,1559,12.871328000,12.871328000,0.000000000,1,1
rx,1559,12.871328000,12.871568334,0.000240334,1,1
tx,1560,12.879520000,12.879520000,0.000000000,1,1
rx,1560,12.879520000,12.879760334,0.000240334,1,1
tx,1561,12.887712000,12.887712000,0.000000000,1,1
rx,1561,12.887712000,12.887952334,0.000240334,1,1
tx,1562,12.895904000,12.895904000,0.000000000,1,1
rx,1562,12.895904000,12.896144334,0.000240334,1,1
tx,1563,12.904096000,12.904096000,0.000000000,1,1
rx,1563,12.904096000,12.904336334,0.000240334,1,1
tx,1564,12.912288000,12.912288000,0.000000000,1,1
rx,1564,12.912288000,12.912528334,0.000240334,1,1
tx,1565,12.920480000,12.920480000,0.000000000,1,1
rx,1565,12.920480000,12.920720334,0.000240334,1,1
tx,1566,12.928672000,12.928672000,0.000000000,1,1
rx,1566,12.928672000,12.928912334,0.000240334,1,1
tx,1567,12.936864000,12.936864000,0.000000000,1,1
rx,1567,12.936864000,12.937104334,0.000240334,1,1
tx,1568,12.945056000,12.945056000,0.000000000,1,1
rx,1568,12.945056000,12.945296334,0.000240334,1,1
tx,1569,12.953248000,12.953248000,0.000000000,1,1
rx,1569,12.953248000,12.953488334,0.000240334,1,1
tx,1570,12.961440000,12.961440000,0.000000000,1,1
rx,1570,12.961440000,12.961680334,0.000240334,1,1
tx,1571,12.969632000,12.969632000,0.000000000,1,1
rx,1571,12.969632000,12.969872334,0.000240334,1,1
tx,1572,12.977824000,12.977824000,0.000000000,1,1
rx,1572,12.977824000,12.978064334,0.000240334,1,1
tx,1573,12.986016000,12.986016000,0.000000000,1,1
rx,1573,12.986016000,12.986256334,0.000240334,1,1
tx,1574,12.994208000,12.994208000,0.000000000,1,1
rx,1574,12.994208000,12.994448334,0.000240334,1,1
tx,1575,13.002400000,13.002400000,0.000000000,0,0
tx,1576,13.010592000,13.010592000,0.000000000,0,0
tx,1577,13.018784000,13.018784000,0.000000000,0,0
tx,1578,13.026976000,13.026976000,0.000000000,0,0
tx,1579,13.035168000,13.035168000,0.000000000,0,0
tx,1580,13.043360000,13.043360000,0.000000000,0,0
tx,1581,13.051552000,13.051552000,0.000000000,0,0
tx,1582,13.059744000,13.059744000,0.000000000,0,0
tx,1583,13.067936000,13.067936000,0.000000000,0,0
tx,1584,13.076128000,13.076128000,0.000000000,0,0
tx,1585,13.084320000,13.084320000,0.000000000,0,0
tx,1586,13.092512000,13.092512000,0.000000000,0,0
tx,1587,13.100704000,13.100704000,0.000000000,0,0
tx,1588,13.108896000,13.108896000,0.000000000,0,0
tx,1589,13.117088000,13.117088000,0.000000000,0,0
tx,1590,13.125280000,13.125280000,0.000000000,0,0
tx,1591,13.133472000,13.133472000,0.000000000,0,0
tx,1592,13.141664000,13.141664000,0.000000000,0,0
tx,1593,13.149856000,13.149856000,0.000000000,0,0
tx,1594,13.158048000,13.158048000,0.000000000,0,0
tx,1595,13.166240000,13.166240000,0.000000000,0,0
tx,1596,13.174432000,13.174432000,0.000000000,0,0
tx,1597,13.182624000,13.182624000,0.000000000,0,0
tx,1598,13.190816000,13.190816000,0.000000000,0,0
tx,1599,13.199008000,13.199008000,0.000000000,0,0
tx,1600,13.207200000,13.207200000,0.000000000,0,0
tx,1601,13.215392000,13.215392000,0.000000000,0,0
tx,1602,13.223584000,13.223584000,0.000000000,0,0
tx,1603,13.231776000,13.231776000,0.000000000,0,0
tx,1604,13.239968000,13.239968000,0.000000000,0,0
tx,1605,13.248160000,13.248160000,0.000000000,0,0
tx,1606,13.256352000,13.256352000,0.000000000,0,0
tx,1607,13.264544000,13.264544000,0.000000000,0,0
tx,1608,13.272736000,13.272736000,0.000000000,0,0
tx,1609,13.280928000,13.280928000,0.000000000,0,0
tx,1610,13.289120000,13.289120000,0.000000000,0,0
tx,1611,13.297312000,13.297312000,0.000000000,0,0
tx,1612,13.305504000,13.305504000,0.000000000,0,0
tx,1613,13.313696000,13.313696000,0.000000000,0,0
tx,1614,13.321888000,13.321888000,0.000000000,0,0
tx,1615,13.330080000,13.330080000,0.000000000,0,0
tx,1616,13.338272000,13.338272000,0.000000000,0,0
tx,1617,13.346464000,13.346464000,0.000000000,0,0
tx,1618,13.354656000,13.354656000,0.000000000,0,0
tx,1619,13.362848000,13.362848000,0.000000000,0,0
tx,1620,13.371040000,13.371040000,0.000000000,0,0
tx,1621,13.379232000,13.379232000,0.000000000,0,0
tx,1622,13.387424000,13.387424000,0.000000000,0,0
tx,1623,13.395616000,13.395616000,0.000000000,0,0
tx,1624,13.403808000,13.403808000,0.000000000,0,0
tx,1625,13.412000000,13.412000000,0.000000000,0,0
tx,1626,13.420192000,13.420192000,0.000000000,0,0
tx,1627,13.428384000,13.428384000,0.000000000,0,0
tx,1628,13.436576000,13.436576000,0.000000000,0,0
tx,1629,13.444768000,13.444768000,0.000000000,0,0
tx,1630,13.452960000,13.452960000,0.000000000,0,0
tx,1631,13.461152000,13.461152000,0.000000000,0,0
tx,1632,13.469344000,13.469344000,0.000000000,0,0
tx,1633,13.477536000,13.477536000,0.000000000,0,0
tx,1634,13.485728000,13.485728000,0.000000000,0,0
tx,1635,13.493920000,13.493920000,0.000000000,0,0
tx,1636,13.502112000,13.502112000,0.000000000,0,0
tx,1637,13.510304000,13.510304000,0.000000000,0,0
tx,1638,13.518496000,13.518496000,0.000000000,0,0
tx,1639,13.526688000,13.526688000,0.000000000,0,0
tx,1640,13.534880000,13.534880000,0.000000000,0,0
tx,1641,13.543072000,13.543072000,0.000000000,0,0
tx,1642,13.551264000,13.551264000,0.000000000,0,0
tx,1643,13.559456000,13.559456000,0.000000000,0,0
tx,1644,13.567648000,13.567648000,0.000000000,0,0
tx,1645,13.575840000,13.575840000,0.000000000,0,0
tx,1646,13.584032000,13.584032000,0.000000000,0,0
tx,1647,13.592224000,13.592224000,0.000000000,0,0
tx,1648,13.600416000,13.600416000,0.000000000,0,0
tx,1649,13.608608000,13.608608000,0.000000000,0,0
tx,1650,13.616800000,13.616800000,0.000000000,0,0
tx,1651,13.624992000,13.624992000,0.000000000,0,0
tx,1652,13.633184000,13.633184000,0.000000000,0,0
tx,1653,13.641376000,13.641376000,0.000000000,0,0
tx,1654,13.649568000,13.649568000,0.000000000,0,0
tx,1655,13.657760000,13.657760000,0.000000000,0,0
tx,1656,13.665952000,13.665952000,0.000000000,0,0
tx,1657,13.674144000,13.674144000,0.000000000,0,0
tx,1658,13.682336000,13.682336000,0.000000000,0,0
tx,1659,13.690528000,13.690528000,0.000000000,0,0
tx,1660,13.698720000,13.698720000,0.000000000,0,0
tx,1661,13.706912000,13.706912000,0.000000000,0,0
tx,1662,13.715104000,13.715104000,0.000000000,0,0
tx,1663,13.723296000,13.723296000,0.000000000,0,0
tx,1664,13.731488000,13.731488000,0.000000000,0,0
tx,1665,13.739680000,13.739680000,0.000000000,0,0
tx,1666,13.747872000,13.747872000,0.000000000,0,0
tx,1667,13.756064000,13.756064000,0.000000000,0,0
tx,1668,13.764256000,13.764256000,0.000000000,0,0
tx,1669,13.772448000,13.772448000,0.000000000,0,0
tx,1670,13.780640000,13.780640000,0.000000000,0,0
tx,1671,13.788832000,13.788832000,0.000000000,0,0
tx,1672,13.797024000,13.797024000,0.000000000,0,0
tx,1673,13.805216000,13.805216000,0.000000000,0,0
tx,1674,13.813408000,13.813408000,0.000000000,0,0
tx,1675,13.821600000,13.821600000,0.000000000,0,0
tx,1676,13.829792000,13.829792000,0.000000000,0,0
tx,1677,13.837984000,13.837984000,0.000000000,0,0
tx,1678,13.846176000,13.846176000,0.000000000,0,0
tx,1679,13.854368000,13.854368000,0.000000000,0,0
tx,1680,13.862560000,13.862560000,0.000000000,0,0
tx,1681,13.870752000,13.870752000,0.000000000,0,0
tx,1682,13.878944000,13.878944000,0.000000000,0,0
tx,1683,13.887136000,13.887136000,0.000000000,0,0
tx,1684,13.895328000,13.895328000,0.000000000,0,0
tx,1685,13.903520000,13.903520000,0.000000000,0,0
tx,1686,13.911712000,13.911712000,0.000000000,0,0
tx,1687,13.919904000,13.919904000,0.000000000,0,0
tx,1688,13.928096000,13.928096000,0.000000000,0,0
tx,1689,13.936288000,13.936288000,0.000000000,0,0
tx,1690,13.944480000,13.944480000,0.000000000,0,0
tx,1691,13.952672000,13.952672000,0.000000000,0,0
tx,1692,13.960864000,13.960864000,0.000000000,0,0
tx,1693,13.969056000,13.969056000,0.000000000,0,0
tx,1694,13.977248000,13.977248000,0.000000000,0,0
tx,1695,13.985440000,13.985440000,0.000000000,0,0
tx,1696,13.993632000,13.993632000,0.000000000,0,0
tx,1697,14.001824000,14.001824000,0.000000000,1,1
tx,1698,14.010016000,14.010016000,0.000000000,1,1
rx,1637,13.510304000,14.011752334,0.501448334,1,1
rx,1638,13.518496000,14.012407002,0.493911002,1,1
rx,1639,13.526688000,14.012931670,0.486243670,1,1
rx,1640,13.534880000,14.013356338,0.478476338,1,1
rx,1641,13.543072000,14.013741006,0.470669006,1,1
rx,1642,13.551264000,14.014245674,0.462981674,1,1
rx,1643,13.559456000,14.014690342,0.455234342,1,1
rx,1644,13.567648000,14.015155010,0.447507010,1,1
rx,1645,13.575840000,14.015519678,0.439679678,1,1
rx,1646,13.584032000,14.015944346,0.431912346,1,1
rx,1647,13.592224000,14.016249014,0.424025014,1,1
rx,1648,13.600416000,14.016613682,0.416197682,1,1
rx,1649,13.608608000,14.017098350,0.408490350,1,1
rx,1650,13.616800000,14.017603018,0.400803018,1,1
rx,1651,13.624992000,14.017887686,0.392895686,1,1
tx,1699,14.018208000,14.018208000,0.000000000,1,1
rx,1652,13.633184000,14.018352354,0.385168354,1,1
rx,1653,13.641376000,14.018757022,0.377381022,1,1
rx,1654,13.649568000,14.019261690,0.369693690,1,1
rx,1655,13.657760000,14.019546358,0.361786358,1,1
rx,1656,13.665952000,14.020071026,0.354119026,1,1
rx,1657,13.674144000,14.020435694,0.346291694,1,1
rx,1658,13.682336000,14.020920362,0.338584362,1,1
rx,1659,13.690528000,14.021505030,0.330977030,1,1
rx,1660,13.698720000,14.021929698,0.323209698,1,1
rx,1661,13.706912000,14.022354366,0.315442366,1,1
rx,1662,13.715104000,14.022679034,0.307575034,1,1
rx,1663,13.723296000,14.023223702,0.299927702,1,1
rx,1664,13.731488000,14.023528370,0.292040370,1,1
rx,1665,13.739680000,14.023933038,0.284253038,1,1
rx,1666,13.747872000,14.024417706,0.276545706,1,1
rx,1667,13.756064000,14.024742374,0.268678374,1,1
rx,1668,13.764256000,14.025127042,0.260871042,1,1
rx,1669,13.772448000,14.025471710,0.253023710,1,1
rx,1670,13.780640000,14.026056378,0.245416378,1,1
tx,1700,14.026400000,14.026400000,0.000000000,1,1
rx,1671,13.788832000,14.026401046,0.237569046,1,1
rx,1672,13.797024000,14.026745714,0.229721714,1,1
rx,1673,13.805216000,14.027190382,0.221974382,1,1
rx,1674,13.813408000,14.027615050,0.214207050,1,1
rx,1675,13.821600000,14.028119718,0.206519718,1,1
rx,1676,13.829792000,14.028404386,0.198612386,1,1
rx,1677,13.837984000,14.028769054,0.190785054,1,1
rx,1678,13.846176000,14.029133722,0.182957722,1,1
rx,1679,13.854368000,14.029718390,0.175350390,1,1
rx,1680,13.862560000,14.030043058,0.167483058,1,1
rx,1681,13.870752000,14.030507726,0.159755726,1,1
rx,1682,13.878944000,14.030872394,0.151928394,1,1
rx,1683,13.887136000,14.031217062,0.144081062,1,1
rx,1684,13.895328000,14.031801730,0.136473730,1,1
rx,1685,13.903520000,14.032386398,0.128866398,1,1
rx,1686,13.911712000,14.032771066,0.121059066,1,1
rx,1687,13.919904000,14.033095734,0.113191734,1,1
rx,1688,13.928096000,14.033540402,0.105444402,1,1
rx,1689,13.936288000,14.034125070,0.097837070,1,1
tx,1701,14.034592000,14.034592000,0.000000000,1,1
rx,1690,13.944480000,14.034689738,0.090209738,1,1
rx,1691,13.952672000,14.034974406,0.082302406,1,1
rx,1692,13.960864000,14.035339074,0.074475074,1,1
rx,1693,13.969056000,14.035763742,0.066707742,1,1
rx,1694,13.977248000,14.036188410,0.058940410,1,1
rx,1695,13.985440000,14.036573078,0.051133078,1,1
rx,1696,13.993632000,14.036877746,0.043245746,1,1
rx,1697,14.001824000,14.037162414,0.035338414,1,1
rx,1698,14.010016000,14.037467082,0.027451082,1,1
rx,1699,14.018208000,14.037811750,0.019603750,1,1
rx,1700,14.026400000,14.038256418,0.011856418,1,1
rx,1701,14.034592000,14.038541086,0.003949086,1,1
tx,1702,14.042784000,14.042784000,0.000000000,1,1
rx,1702,14.042784000,14.043024334,0.000240334,1,1
tx,1703,14.050976000,14.050976000,0.000000000,1,1
rx,1703,14.050976000,14.051216334,0.000240334,1,1
tx,1704,14.059168000,14.059168000,0.000000000,1,1
rx,1704,14.059168000,14.059408334,0.000240334,1,1
tx,1705,14.067360000,14.067360000,0.000000000,1,1
rx,1705,14.067360000,14.067600334,0.000240334,1,1
tx,1706,14.075552000,14.075552000,0.000000000,1,1
rx,1706,14.075552000,14.075792334,0.000240334,1,1
tx,1707,14.083744000,14.083744000,0.000000000,1,1
rx,1707,14.083744000,14.083984334,0.000240334,1,1
tx,1708,14.091936000,14.091936000,0.000000000,1,1
rx,1708,14.091936000,14.092176334,0.000240334,1,1
tx,1709,14.100128000,14.100128000,0.000000000,1,1
rx,1709,14.100128000,14.100368334,0.000240334,1,1
tx,1710,14.108320000,14.108320000,0.000000000,1,1
rx,1710,14.108320000,14.108560334,0.000240334,1,1
tx,1711,14.116512000,14.116512000,0.000000000,1,1
rx,1711,14.116512000,14.116752334,0.000240334,1,1
tx,1712,14.124704000,14.124704000,0.000000000,1,1
rx,1712,14.124704000,14.124944334,0.000240334,1,1
tx,1713,14.132896000,14.132896000,0.000000000,1,1
rx,1713,14.132896000,14.133136334,0.000240334,1,1
tx,1714,14.141088000,14.141088000,0.000000000,1,1
rx,1714,14.141088000,14.141328334,0.000240334,1,1
tx,1715,14.149280000,14.149280000,0.000000000,1,1
rx,1715,14.149280000,14.149520334,0.000240334,1,1
tx,1716,14.157472000,14.157472000,0.000000000,1,1
rx,1716,14.157472000,14.157712334,0.000240334,1,1
tx,1717,14.165664000,14.165664000,0.000000000,1,1
rx,1717,14.165664000,14.165904334,0.000240334,1,1
tx,1718,14.173856000,14.173856000,0.000000000,1,1
rx,1718,14.173856000,14.174096334,0.000240334,1,1
tx,1719,14.182048000,14.182048000,0.000000000,1,1
rx,1719,14.182048000,14.182288334,0.000240334,1,1
tx,1720,14.190240000,14.190240000,0.000000000,1,1
rx,1720,14.190240000,14.190480334,0.000240334,1,1
tx,1721,14.198432000,14.198432000,0.000000000,1,1
rx,1721,14.198432000,14.198672334,0.000240334,1,1
tx,1722,14.206624000,14.206624000,0.000000000,1,1
rx,1722,14.206624000,14.206864334,0.000240334,1,1
tx,1723,14.214816000,14.214816000,0.000000000,1,1
rx,1723,14.214816000,14.215056334,0.000240334,1,1
tx,1724,14.223008000,14.223008000,0.000000000,1,1
rx,1724,14.223008000,14.223248334,0.000240334,1,1
tx,1725,14.231200000,14.231200000,0.000000000,1,1
rx,1725,14.231200000,14.231440334,0.000240334,1,1
tx,1726,14.239392000,14.239392000,0.000000000,1,1
rx,1726,14.239392000,14.239632334,0.000240334,1,1
tx,1727,14.247584000,14.247584000,0.000000000,1,1
rx,1727,14.247584000,14.247824334,0.000240334,1,1
tx,1728,14.255776000,14.255776000,0.000000000,1,1
rx,1728,14.255776000,14.256016334,0.000240334,1,1
tx,1729,14.263968000,14.263968000,0.000000000,1,1
rx,1729,14.263968000,14.264208334,0.000240334,1,1
tx,1730,14.272160000,14.272160000,0.000000000,1,1
rx,1730,14.272160000,14.272400334,0.000240334,1,1
tx,1731,14.280352000,14.280352000,0.000000000,1,1
rx,1731,14.280352000,14.280592334,0.000240334,1,1
tx,1732,14.288544000,14.288544000,0.000000000,1,1
rx,1732,14.288544000,14.288784334,0.000240334,1,1
tx,1733,14.296736000,14.296736000,0.000000000,1,1
rx,1733,14.296736000,14.296976334,0.000240334,1,1
tx,1734,14.304928000,14.304928000,0.000000000,1,1
rx,1734,14.304928000,14.305168334,0.000240334,1,1
tx,1735,14.313120000,14.313120000,0.000000000,1,1
rx,1735,14.313120000,14.313360334,0.000240334,1,1
tx,1736,14.321312000,14.321312000,0.000000000,1,1
rx,1736,14.321312000,14.321552334,0.000240334,1,1
tx,1737,14.329504000,14.329504000,0.000000000,1,1
rx,1737,14.329504000,14.329744334,0.000240334,1,1
tx,1738,14.337696000,14.337696000,0.000000000,1,1
rx,1738,14.337696000,14.337936334,0.000240334,1,1
tx,1739,14.345888000,14.345888000,0.000000000,1,1
rx,1739,14.345888000,14.346128334,0.000240334,1,1
tx,1740,14.354080000,14.354080000,0.000000000,1,1
rx,1740,14.354080000,14.354320334,0.000240334,1,1
tx,1741,14.362272000,14.362272000,0.000000000,1,1
rx,1741,14.362272000,14.362512334,0.000240334,1,1
tx,1742,14.370464000,14.370464000,0.000000000,1,1
rx,1742,14.370464000,14.370704334,0.000240334,1,1
tx,1743,14.378656000,14.378656000,0.000000000,1,1
rx,1743,14.378656000,14.378896334,0.000240334,1,1
tx,1744,14.386848000,14.386848000,0.000000000,1,1
rx,1744,14.386848000,14.387088334,0.000240334,1,1
tx,1745,14.395040000,14.395040000,0.000000000,1,1
rx,1745,14.395040000,14.395280334,0.000240334,1,1
tx,1746,14.403232000,14.403232000,0.000000000,1,1
rx,1746,14.403232000,14.403472334,0.000240334,1,1
tx,1747,14.411424000,14.411424000,0.000000000,1,1
rx,1747,14.411424000,14.411664334,0.000240334,1,1
tx,1748,14.419616000,14.419616000,0.000000000,1,1
rx,1748,14.419616000,14.419856334,0.000240334,1,1
tx,1749,14.427808000,14.427808000,0.000000000,1,1
rx,1749,14.427808000,14.428048334,0.000240334,1,1
tx,1750,14.436000000,14.436000000,0.000000000,1,1
rx,1750,14.436000000,14.436240334,0.000240334,1,1
tx,1751,14.444192000,14.444192000,0.000000000,1,1
rx,1751,14.444192000,14.444432334,0.000240334,1,1
tx,1752,14.452384000,14.452384000,0.000000000,1,1
rx,1752,14.452384000,14.452624334,0.000240334,1,1
tx,1753,14.460576000,14.460576000,0.000000000,1,1
rx,1753,14.460576000,14.460816334,0.000240334,1,1
tx,1754,14.468768000,14.468768000,0.000000000,1,1
rx,1754,14.468768000,14.469008334,0.000240334,1,1
tx,1755,14.476960000,14.476960000,0.000000000,1,1
rx,1755,14.476960000,14.477200334,0.000240334,1,1
tx,1756,14.485152000,14.485152000,0.000000000,1,1
rx,1756,14.485152000,14.485392334,0.000240334,1,1
tx,1757,14.493344000,14.493344000,0.000000000,1,1
rx,1757,14.493344000,14.493584334,0.000240334,1,1
tx,1758,14.501536000,14.501536000,0.000000000,1,1
rx,1758,14.501536000,14.501776334,0.000240334,1,1
tx,1759,14.509728000,14.509728000,0.000000000,1,1
rx,1759,14.509728000,14.509968334,0.000240334,1,1
tx,1760,14.517920000,14.517920000,0.000000000,1,1
rx,1760,14.517920000,14.518160334,0.000240334,1,1
tx,1761,14.526112000,14.526112000,0.000000000,1,1
rx,1761,14.526112000,14.526352334,0.000240334,1,1
tx,1762,14.534304000,14.534304000,0.000000000,1,1
rx,1762,14.534304000,14.534544334,0.000240334,1,1
tx,1763,14.542496000,14.542496000,0.000000000,1,1
rx,1763,14.542496000,14.542736334,0.000240334,1,1
tx,1764,14.550688000,14.550688000,0.000000000,1,1
rx,1764,14.550688000,14.550928334,0.000240334,1,1
tx,1765,14.558880000,14.558880000,0.000000000,1,1
rx,1765,14.558880000,14.559120334,0.000240334,1,1
tx,1766,14.567072000,14.567072000,0.000000000,1,1
rx,1766,14.567072000,14.567312334,0.000240334,1,1
tx,1767,14.575264000,14.575264000,0.000000000,1,1
rx,1767,14.575264000,14.575504334,0.000240334,1,1
tx,1768,14.583456000,14.583456000,0.000000000,1,1
rx,1768,14.583456000,14.583696334,0.000240334,1,1
tx,1769,14.591648000,14.591648000,0.000000000,1,1
rx,1769,14.591648000,14.591888334,0.000240334,1,1
tx,1770,14.599840000,14.599840000,0.000000000,1,1
rx,1770,14.599840000,14.600080334,0.000240334,1,1
tx,1771,14.608032000,14.608032000,0.000000000,1,1
rx,1771,14.608032000,14.608272334,0.000240334,1,1
tx,1772,14.616224000,14.616224000,0.000000000,1,1
rx,1772,14.616224000,14.616464334,0.000240334,1,1
tx,1773,14.624416000,14.624416000,0.000000000,1,1
rx,1773,14.624416000,14.624656334,0.000240334,1,1
tx,1774,14.632608000,14.632608000,0.000000000,1,1
rx,1774,14.632608000,14.632848334,0.000240334,1,1
tx,1775,14.640800000,14.640800000,0.000000000,1,1
rx,1775,14.640800000,14.641040334,0.000240334,1,1
tx,1776,14.648992000,14.648992000,0.000000000,1,1
rx,1776,14.648992000,14.649232334,0.000240334,1,1
tx,1777,14.657184000,14.657184000,0.000000000,1,1
rx,1777,14.657184000,14.657424334,0.000240334,1,1
tx,1778,14.665376000,14.665376000,0.000000000,1,1
rx,1778,14.665376000,14.665616334,0.000240334,1,1
tx,1779,14.673568000,14.673568000,0.000000000,1,1
rx,1779,14.673568000,14.673808334,0.000240334,1,1
tx,1780,14.681760000,14.681760000,0.000000000,1,1
rx,1780,14.681760000,14.682000334,0.000240334,1,1
tx,1781,14.689952000,14.689952000,0.000000000,1,1
rx,1781,14.689952000,14.690192334,0.000240334,1,1
tx,1782,14.698144000,14.698144000,0.000000000,1,1
rx,1782,14.698144000,14.698384334,0.000240334,1,1
tx,1783,14.706336000,14.706336000,0.000000000,1,1
rx,1783,14.706336000,14.706576334,0.000240334,1,1
tx,1784,14.714528000,14.714528000,0.000000000,1,1
rx,1784,14.714528000,14.714768334,0.000240334,1,1
tx,1785,14.722720000,14.722720000,0.000000000,1,1
rx,1785,14.722720000,14.722960334,0.000240334,1,1
tx,1786,14.730912000,14.730912000,0.000000000,1,1
rx,1786,14.730912000,14.731152334,0.000240334,1,1
tx,1787,14.739104000,14.739104000,0.000000000,1,1
rx,1787,14.739104000,14.739344334,0.000240334,1,1
tx,1788,14.747296000,14.747296000,0.000000000,1,1
rx,1788,14.747296000,14.747536334,0.000240334,1,1
tx,1789,14.755488000,14.755488000,0.000000000,1,1
rx,1789,14.755488000,14.755728334,0.000240334,1,1
tx,1790,14.763680000,14.763680000,0.000000000,1,1
rx,1790,14.763680000,14.763920334,0.000240334,1,1
tx,1791,14.771872000,14.771872000,0.000000000,1,1
rx,1791,14.771872000,14.772112334,0.000240334,1,1
tx,1792,14.780064000,14.780064000,0.000000000,1,1
rx,1792,14.780064000,14.780304334,0.000240334,1,1
tx,1793,14.788256000,14.788256000,0.000000000,1,1
rx,1793,14.788256000,14.788496334,0.000240334,1,1
tx,1794,14.796448000,14.796448000,0.000000000,1,1
rx,1794,14.796448000,14.796688334,0.000240334,1,1
tx,1795,14.804640000,14.804640000,0.000000000,1,1
rx,1795,14.804640000,14.804880334,0.000240334,1,1
tx,1796,14.812832000,14.812832000,0.000000000,1,1
rx,1796,14.812832000,14.813072334,0.000240334,1,1
tx,1797,14.821024000,14.821024000,0.000000000,1,1
rx,1797,14.821024000,14.821264334,0.000240334,1,1
tx,1798,14.829216000,14.829216000,0.000000000,1,1
rx,1798,14.829216000,14.829456334,0.000240334,1,1
tx,1799,14.837408000,14.837408000,0.000000000,1,1
rx,1799,14.837408000,14.837648334,0.000240334,1,1
tx,1800,14.845600000,14.845600000,0.000000000,1,1
rx,1800,14.845600000,14.845840334,0.000240334,1,1
tx,1801,14.853792000,14.853792000,0.000000000,1,1
rx,1801,14.853792000,14.854032334,0.000240334,1,1
tx,1802,14.861984000,14.861984000,0.000000000,1,1
rx,1802,14.861984000,14.862224334,0.000240334,1,1
tx,1803,14.870176000,14.870176000,0.000000000,1,1
rx,1803,14.870176000,14.870416334,0.000240334,1,1
tx,1804,14.878368000,14.878368000,0.000000000,1,1
rx,1804,14.878368000,14.878608334,0.000240334,1,1
tx,1805,14.886560000,14.886560000,0.000000000,1,1
rx,1805,14.886560000,14.886800334,0.000240334,1,1
tx,1806,14.894752000,14.894752000,0.000000000,1,1
rx,1806,14.894752000,14.894992334,0.000240334,1,1
tx,1807,14.902944000,14.902944000,0.000000000,1,1
rx,1807,14.902944000,14.903184334,0.000240334,1,1
tx,1808,14.911136000,14.911136000,0.000000000,1,1
rx,1808,14.911136000,14.911376334,0.000240334,1,1
tx,1809,14.919328000,14.919328000,0.000000000,1,1
rx,1809,14.919328000,14.919568334,0.000240334,1,1
tx,1810,14.927520000,14.927520000,0.000000000,1,1
rx,1810,14.927520000,14.927760334,0.000240334,1,1
tx,1811,14.935712000,14.935712000,0.000000000,1,1
rx,1811,14.935712000,14.935952334,0.000240334,1,1
tx,1812,14.943904000,14.943904000,0.000000000,1,1
rx,1812,14.943904000,14.944144334,0.000240334,1,1
tx,1813,14.952096000,14.952096000,0.000000000,1,1
rx,1813,14.952096000,14.952336334,0.000240334,1,1
tx,1814,14.960288000,14.960288000,0.000000000,1,1
rx,1814,14.960288000,14.960528334,0.000240334,1,1
tx,1815,14.968480000,14.968480000,0.000000000,1,1
rx,1815,14.968480000,14.968720334,0.000240334,1,1
tx,1816,14.976672000,14.976672000,0.000000000,1,1
rx,1816,14.976672000,14.976912334,0.000240334,1,1
tx,1817,14.984864000,14.984864000,0.000000000,1,1
rx,1817,14.984864000,14.985104334,0.000240334,1,1
tx,1818,14.993056000,14.993056000,0.000000000,1,1
rx,1818,14.993056000,14.993296334,0.000240334,1,1
tx,1819,15.001248000,15.001248000,0.000000000,0,0
tx,1820,15.009440000,15.009440000,0.000000000,0,0
tx,1821,15.017632000,15.017632000,0.000000000,0,0
tx,1822,15.025824000,15.025824000,0.000000000,0,0
tx,1823,15.034016000,15.034016000,0.000000000,0,0
tx,1824,15.042208000,15.042208000,0.000000000,0,0
tx,1825,15.050400000,15.050400000,0.000000000,0,0
tx,1826,15.058592000,15.058592000,0.000000000,0,0
tx,1827,15.066784000,15.066784000,0.000000000,0,0
tx,1828,15.074976000,15.074976000,0.000000000,0,0
tx,1829,15.083168000,15.083168000,0.000000000,0,0
tx,1830,15.091360000,15.091360000,0.000000000,0,0
tx,1831,15.099552000,15.099552000,0.000000000,0,0
tx,1832,15.107744000,15.107744000,0.000000000,0,0
tx,1833,15.115936000,15.115936000,0.000000000,0,0
tx,1834,15.124128000,15.124128000,0.000000000,0,0
tx,1835,15.132320000,15.132320000,0.000000000,0,0
tx,1836,15.140512000,15.140512000,0.000000000,0,0
tx,1837,15.148704000,15.148704000,0.000000000,0,0
tx,1838,15.156896000,15.156896000,0.000000000,0,0
tx,1839,15.165088000,15.165088000,0.000000000,0,0
tx,1840,15.173280000,15.173280000,0.000000000,0,0
tx,1841,15.181472000,15.181472000,0.000000000,0,0
tx,1842,15.189664000,15.189664000,0.000000000,0,0
tx,1843,15.197856000,15.197856000,0.000000000,0,0
tx,1844,15.206048000,15.206048000,0.000000000,0,0
tx,1845,15.214240000,15.214240000,0.000000000,0,0
tx,1846,15.222432000,15.222432000,0.000000000,0,0
tx,1847,15.230624000,15.230624000,0.000000000,0,0
tx,1848,15.238816000,15.238816000,0.000000000,0,0
tx,1849,15.247008000,15.247008000,0.000000000,0,0
tx,1850,15.255200000,15.255200000,0.000000000,0,0
tx,1851,15.263392000,15.263392000,0.000000000,0,0
tx,1852,15.271584000,15.271584000,0.000000000,0,0
tx,1853,15.279776000,15.279776000,0.000000000,0,0
tx,1854,15.287968000,15.287968000,0.000000000,0,0
tx,1855,15.296160000,15.296160000,0.000000000,0,0
tx,1856,15.304352000,15.304352000,0.000000000,0,0
tx,1857,15.312544000,15.312544000,0.000000000,0,0
tx,1858,15.320736000,15.320736000,0.000000000,0,0
tx,1859,15.328928000,15.328928000,0.000000000,0,0
tx,1860,15.337120000,15.337120000,0.000000000,0,0
tx,1861,15.345312000,15.345312000,0.000000000,0,0
tx,1862,15.353504000,15.353504000,0.000000000,0,0
tx,1863,15.361696000,15.361696000,0.000000000,0,0
tx,1864,15.369888000,15.369888000,0.000000000,0,0
tx,1865,15.378080000,15.378080000,0.000000000,0,0
tx,1866,15.386272000,15.386272000,0.000000000,0,0
tx,1867,15.394464000,15.394464000,0.000000000,0,0
tx,1868,15.402656000,15.402656000,0.000000000,0,0
tx,1869,15.410848000,15.410848000,0.000000000,0,0
tx,1870,15.419040000,15.419040000,0.000000000,0,0
tx,1871,15.427232000,15.427232000,0.000000000,0,0
tx,1872,15.435424000,15.435424000,0.000000000,0,0
tx,1873,15.443616000,15.443616000,0.000000000,0,0
tx,1874,15.451808000,15.451808000,0.000000000,0,0
tx,1875,15.460000000,15.460000000,0.000000000,0,0
tx,1876,15.468192000,15.468192000,0.000000000,0,0
tx,1877,15.476384000,15.476384000,0.000000000,0,0
tx,1878,15.484576000,15.484576000,0.000000000,0,0
tx,1879,15.492768000,15.492768000,0.000000000,0,0
tx,1880,15.500960000,15.500960000,0.000000000,0,0
tx,1881,15.509152000,15.509152000,0.000000000,0,0
tx,1882,15.517344000,15.517344000,0.000000000,0,0
tx,1883,15.525536000,15.525536000,0.000000000,0,0
tx,1884,15.533728000,15.533728000,0.000000000,0,0
tx,1885,15.541920000,15.541920000,0.000000000,0,0
tx,1886,15.550112000,15.550112000,0.000000000,0,0
tx,1887,15.558304000,15.558304000,0.000000000,0,0
tx,1888,15.566496000,15.566496000,0.000000000,0,0
tx,1889,15.574688000,15.574688000,0.000000000,0,0
tx,1890,15.582880000,15.582880000,0.000000000,0,0
tx,1891,15.591072000,15.591072000,0.000000000,0,0
tx,1892,15.599264000,15.599264000,0.000000000,0,0
tx,1893,15.607456000,15.607456000,0.000000000,0,0
tx,1894,15.615648000,15.615648000,0.000000000,0,0
tx,1895,15.623840000,15.623840000,0.000000000,0,0
tx,1896,15.632032000,15.632032000,0.000000000,0,0
tx,1897,15.640224000,15.640224000,0.000000000,0,0
tx,1898,15.648416000,15.648416000,0.000000000,0,0
tx,1899,15.656608000,15.656608000,0.000000000,0,0
tx,1900,15.664800000,15.664800000,0.000000000,0,0
tx,1901,15.672992000,15.672992000,0.000000000,0,0
tx,1902,15.681184000,15.681184000,0.000000000,0,0
tx,1903,15.689376000,15.689376000,0.000000000,0,0
tx,1904,15.697568000,15.697568000,0.000000000,0,0
tx,1905,15.705760000,15.705760000,0.000000000,0,0
tx,1906,15.713952000,15.713952000,0.000000000,0,0
tx,1907,15.722144000,15.722144000,0.000000000,0,0
tx,1908,15.730336000,15.730336000,0.000000000,0,0
tx,1909,15.738528000,15.738528000,0.000000000,0,0
tx,1910,15.746720000,15.746720000,0.000000000,0,0
tx,1911,15.754912000,15.754912000,0.000000000,0,0
tx,1912,15.763104000,15.763104000,0.000000000,0,0
tx,1913,15.771296000,15.771296000,0.000000000,0,0
tx,1914,15.779488000,15.779488000,0.000000000,0,0
tx,1915,15.787680000,15.787680000,0.000000000,0,0
tx,1916,15.795872000,15.795872000,0.000000000,0,0
tx,1917,15.804064000,15.804064000,0.000000000,0,0
tx,1918,15.812256000,15.812256000,0.000000000,0,0
tx,1919,15.820448000,15.820448000,0.000000000,0,0
tx,1920,15.828640000,15.828640000,0.000000000,0,0
tx,1921,15.836832000,15.836832000,0.000000000,0,0
tx,1922,15.845024000,15.845024000,0.000000000,0,0
tx,1923,15.853216000,15.853216000,0.000000000,0,0
tx,1924,15.861408000,15.861408000,0.000000000,0,0
tx,1925,15.869600000,15.869600000,0.000000000,0,0
tx,1926,15.877792000,15.877792000,0.000000000,0,0
tx,1927,15.885984000,15.885984000,0.000000000,0,0
tx,1928,15.894176000,15.894176000,0.000000000,0,0
tx,1929,15.902368000,15.902368000,0.000000000,0,0
tx,1930,15.910560000,15.910560000,0.000000000,0,0
tx,1931,15.918752000,15.918752000,0.000000000,0,0
tx,1932,15.926944000,15.926944000,0.000000000,0,0
tx,1933,15.935136000,15.935136000,0.000000000,0,0
tx,1934,15.943328000,15.943328000,0.000000000,0,0
tx,1935,15.951520000,15.951520000,0.000000000,0,0
tx,1936,15.959712000,15.959712000,0.000000000,0,0
tx,1937,15.967904000,15.967904000,0.000000000,0,0
tx,1938,15.976096000,15.976096000,0.000000000,0,0
tx,1939,15.984288000,15.984288000,0.000000000,0,0
tx,1940,15.992480000,15.992480000,0.000000000,0,0
tx,1941,16.000672000,16.000672000,0.000000000,1,1
tx,1942,16.008864000,16.008864000,0.000000000,1,1
tx,1943,16.017056000,16.017056000,0.000000000,1,1
rx,1881,15.509152000,16.017568334,0.508416334,1,1
rx,1883,15.525536000,16.018163002,0.492627002,1,1
rx,1884,15.533728000,16.018447670,0.484719670,1,1
rx,1885,15.541920000,16.018872338,0.476952338,1,1
rx,1886,15.550112000,16.019237006,0.469125006,1,1
rx,1887,15.558304000,16.019541674,0.461237674,1,1
rx,1888,15.566496000,16.020006342,0.453510342,1,1
rx,1889,15.574688000,16.020291010,0.445603010,1,1
rx,1890,15.582880000,16.020875678,0.437995678,1,1
rx,1891,15.591072000,16.021320346,0.430248346,1,1
rx,1892,15.599264000,16.021845014,0.422581014,1,1
rx,1893,15.607456000,16.022129682,0.414673682,1,1
rx,1894,15.615648000,16.022554350,0.406906350,1,1
rx,1895,15.623840000,16.023059018,0.399219018,1,1
rx,1896,15.632032000,16.023403686,0.391371686,1,1
rx,1897,15.640224000,16.023788354,0.383564354,1,1
rx,1898,15.648416000,16.024373022,0.375957022,1,1
rx,1899,15.656608000,16.024757690,0.368149690,1,1
tx,1944,16.025248000,16.025248000,0.000000000,1,1
rx,1900,15.664800000,16.025262358,0.360462358,1,1
rx,1901,15.672992000,16.025627026,0.352635026,1,1
rx,1902,15.681184000,16.025931694,0.344747694,1,1
rx,1903,15.689376000,16.026456362,0.337080362,1,1
rx,1904,15.697568000,16.026781030,0.329213030,1,1
rx,1905,15.705760000,16.027225698,0.321465698,1,1
rx,1906,15.713952000,16.027510366,0.313558366,1,1
rx,1907,15.722144000,16.027975034,0.305831034,1,1
rx,1908,15.730336000,16.028519702,0.298183702,1,1
rx,1909,15.738528000,16.028964370,0.290436370,1,1
rx,1910,15.746720000,16.029269038,0.282549038,1,1
rx,1911,15.754912000,16.029593706,0.274681706,1,1
rx,1912,15.763104000,16.030018374,0.266914374,1,1
rx,1913,15.771296000,16.030323042,0.259027042,1,1
rx,1914,15.779488000,16.030707710,0.251219710,1,1
rx,1915,15.787680000,16.031192378,0.243512378,1,1
rx,1916,15.795872000,16.031517046,0.235645046,1,1
rx,1917,15.804064000,16.031981714,0.227917714,1,1
rx,1918,15.812256000,16.032426382,0.220170382,1,1
rx,1919,15.820448000,16.032871050,0.212423050,1,1
rx,1920,15.828640000,16.033375718,0.204735718,1,1
tx,1945,16.033440000,16.033440000,0.000000000,1,1
rx,1921,15.836832000,16.033680386,0.196848386,1,1
rx,1922,15.845024000,16.034085054,0.189061054,1,1
rx,1923,15.853216000,16.034649722,0.181433722,1,1
rx,1924,15.861408000,16.035114390,0.173706390,1,1
rx,1925,15.869600000,16.035679058,0.166079058,1,1
rx,1926,15.877792000,16.035983726,0.158191726,1,1
rx,1927,15.885984000,16.036508394,0.150524394,1,1
rx,1928,15.894176000,16.036993062,0.142817062,1,1
rx,1929,15.902368000,16.037577730,0.135209730,1,1
rx,1930,15.910560000,16.038042398,0.127482398,1,1
rx,1931,15.918752000,16.038607066,0.119855066,1,1
rx,1932,15.926944000,16.038931734,0.111987734,1,1
rx,1933,15.935136000,16.039216402,0.104080402,1,1
rx,1934,15.943328000,16.039581070,0.096253070,1,1
rx,1935,15.951520000,16.039865738,0.088345738,1,1
rx,1936,15.959712000,16.040190406,0.080478406,1,1
rx,1937,15.967904000,16.040675074,0.072771074,1,1
rx,1938,15.976096000,16.040979742,0.064883742,1,1
rx,1939,15.984288000,16.041364410,0.057076410,1,1
tx,1946,16.041632000,16.041632000,0.000000000,1,1
rx,1940,15.992480000,16.041949078,0.049469078,1,1
rx,1941,16.000672000,16.042373746,0.041701746,1,1
rx,1942,16.008864000,16.042698414,0.033834414,1,1
rx,1943,16.017056000,16.043263082,0.026207082,1,1
rx,1944,16.025248000,16.043827750,0.018579750,1,1
rx,1945,16.033440000,16.044232418,0.010792418,1,1
rx,1946,16.041632000,16.044717086,0.003085086,1,1
tx,1947,16.049824000,16.049824000,0.000000000,1,1
rx,1947,16.049824000,16.050064334,0.000240334,1,1
tx,1948,16.058016000,16.058016000,0.000000000,1,1
rx,1948,16.058016000,16.058256334,0.000240334,1,1
tx,1949,16.066208000,16.066208000,0.000000000,1,1
rx,1949,16.066208000,16.066448334,0.000240334,1,1
tx,1950,16.074400000,16.074400000,0.000000000,1,1
rx,1950,16.074400000,16.074640334,0.000240334,1,1
tx,1951,16.082592000,16.082592000,0.000000000,1,1
rx,1951,16.082592000,16.082832334,0.000240334,1,1
tx,1952,16.090784000,16.090784000,0.000000000,1,1
rx,1952,16.090784000,16.091024334,0.000240334,1,1
tx,1953,16.098976000,16.098976000,0.000000000,1,1
rx,1953,16.098976000,16.099216334,0.000240334,1,1
tx,1954,16.107168000,16.107168000,0.000000000,1,1
rx,1954,16.107168000,16.107408334,0.000240334,1,1
tx,1955,16.115360000,16.115360000,0.000000000,1,1
rx,1955,16.115360000,16.115600334,0.000240334,1,1
tx,1956,16.123552000,16.123552000,0.000000000,1,1
rx,1956,16.123552000,16.123792334,0.000240334,1,1
tx,1957,16.131744000,16.131744000,0.000000000,1,1
rx,1957,16.131744000,16.131984334,0.000240334,1,1
tx,1958,16.139936000,16.139936000,0.000000000,1,1
rx,1958,16.139936000,16.140176334,0.000240334,1,1
tx,1959,16.148128000,16.148128000,0.000000000,1,1
rx,1959,16.148128000,16.148368334,0.000240334,1,1
tx,1960,16.156320000,16.156320000,0.000000000,1,1
rx,1960,16.156320000,16.156560334,0.000240334,1,1
tx,1961,16.164512000,16.164512000,0.000000000,1,1
rx,1961,16.164512000,16.164752334,0.000240334,1,1
tx,1962,16.172704000,16.172704000,0.000000000,1,1
rx,1962,16.172704000,16.172944334,0.000240334,1,1
tx,1963,16.180896000,16.180896000,0.000000000,1,1
rx,1963,16.180896000,16.181136334,0.000240334,1,1
tx,1964,16.189088000,16.189088000,0.000000000,1,1
rx,1964,16.189088000,16.189328334,0.000240334,1,1
tx,1965,16.197280000,16.197280000,0.000000000,1,1
rx,1965,16.197280000,16.197520334,0.000240334,1,1
tx,1966,16.205472000,16.205472000,0.000000000,1,1
rx,1966,16.205472000,16.205712334,0.000240334,1,1
tx,1967,16.213664000,16.213664000,0.000000000,1,1
rx,1967,16.213664000,16.213904334,0.000240334,1,1
tx,1968,16.221856000,16.221856000,0.000000000,1,1
rx,1968,16.221856000,16.222096334,0.000240334,1,1
tx,1969,16.230048000,16.230048000,0.000000000,1,1
rx,1969,16.230048000,16.230288334,0.000240334,1,1
tx,1970,16.238240000,16.238240000,0.000000000,1,1
rx,1970,16.238240000,16.238480334,0.000240334,1,1
tx,1971,16.246432000,16.246432000,0.000000000,1,1
rx,1971,16.246432000,16.246672334,0.000240334,1,1
tx,1972,16.254624000,16.254624000,0.000000000,1,1
rx,1972,16.254624000,16.254864334,0.000240334,1,1
tx,1973,16.262816000,16.262816000,0.000000000,1,1
rx,1973,16.262816000,16.263056334,0.000240334,1,1
tx,1974,16.271008000,16.271008000,0.000000000,1,1
rx,1974,16.271008000,16.271248334,0.000240334,1,1
tx,1975,16.279200000,16.279200000,0.000000000,1,1
rx,1975,16.279200000,16.279440334,0.000240334,1,1
tx,1976,16.287392000,16.287392000,0.000000000,1,1
rx,1976,16.287392000,16.287632334,0.000240334,1,1
tx,1977,16.295584000,16.295584000,0.000000000,1,1
rx,1977,16.295584000,16.295824334,0.000240334,1,1
tx,1978,16.303776000,16.303776000,0.000000000,1,1
rx,1978,16.303776000,16.304016334,0.000240334,1,1
tx,1979,16.311968000,16.311968000,0.000000000,1,1
rx,1979,16.311968000,16.312208334,0.000240334,1,1
tx,1980,16.320160000,16.320160000,0.000000000,1,1
rx,1980,16.320160000,16.320400334,0.000240334,1,1
tx,1981,16.328352000,16.328352000,0.000000000,1,1
rx,1981,16.328352000,16.328592334,0.000240334,1,1
tx,1982,16.336544000,16.336544000,0.000000000,1,1
rx,1982,16.336544000,16.336784334,0.000240334,1,1
tx,1983,16.344736000,16.344736000,0.000000000,1,1
rx,1983,16.344736000,16.344976334,0.000240334,1,1
tx,1984,16.352928000,16.352928000,0.000000000,1,1
rx,1984,16.352928000,16.353168334,0.000240334,1,1
tx,1985,16.361120000,16.361120000,0.000000000,1,1
rx,1985,16.361120000,16.361360334,0.000240334,1,1
tx,1986,16.369312000,16.369312000,0.000000000,1,1
rx,1986,16.369312000,16.369552334,0.000240334,1,1
tx,1987,16.377504000,16.377504000,0.000000000,1,1
rx,1987,16.377504000,16.377744334,0.000240334,1,1
tx,1988,16.385696000,16.385696000,0.000000000,1,1
rx,1988,16.385696000,16.385936334,0.000240334,1,1
tx,1989,16.393888000,16.393888000,0.000000000,1,1
rx,1989,16.393888000,16.394128334,0.000240334,1,1
tx,1990,16.402080000,16.402080000,0.000000000,1,1
rx,1990,16.402080000,16.402320334,0.000240334,1,1
tx,1991,16.410272000,16.410272000,0.000000000,1,1
rx,1991,16.410272000,16.410512334,0.000240334,1,1
tx,1992,16.418464000,16.418464000,0.000000000,1,1
rx,1992,16.418464000,16.418704334,0.000240334,1,1
tx,1993,16.426656000,16.426656000,0.000000000,1,1
rx,1993,16.426656000,16.426896334,0.000240334,1,1
tx,1994,16.434848000,16.434848000,0.000000000,1,1
rx,1994,16.434848000,16.435088334,0.000240334,1,1
tx,1995,16.443040000,16.443040000,0.000000000,1,1
rx,1995,16.443040000,16.443280334,0.000240334,1,1
tx,1996,16.451232000,16.451232000,0.000000000,1,1
rx,1996,16.451232000,16.451472334,0.000240334,1,1
tx,1997,16.459424000,16.459424000,0.000000000,1,1
rx,1997,16.459424000,16.459664334,0.000240334,1,1
tx,1998,16.467616000,16.467616000,0.000000000,1,1
rx,1998,16.467616000,16.467856334,0.000240334,1,1
tx,1999,16.475808000,16.475808000,0.000000000,1,1
rx,1999,16.475808000,16.476048334,0.000240334,1,1
tx,2000,16.484000000,16.484000000,0.000000000,1,1
rx,2000,16.484000000,16.484240334,0.000240334,1,1
tx,2001,16.492192000,16.492192000,0.000000000,1,1
rx,2001,16.492192000,16.492432334,0.000240334,1,1
tx,2002,16.500384000,16.500384000,0.000000000,1,1
rx,2002,16.500384000,16.500624334,0.000240334,1,1
tx,2003,16.508576000,16.508576000,0.000000000,1,1
rx,2003,16.508576000,16.508816334,0.000240334,1,1
tx,2004,16.516768000,16.516768000,0.000000000,1,1
rx,2004,16.516768000,16.517008334,0.000240334,1,1
tx,2005,16.524960000,16.524960000,0.000000000,1,1
rx,2005,16.524960000,16.525200334,0.000240334,1,1
tx,2006,16.533152000,16.533152000,0.000000000,1,1
rx,2006,16.533152000,16.533392334,0.000240334,1,1
tx,2007,16.541344000,16.541344000,0.000000000,1,1
rx,2007,16.541344000,16.541584334,0.000240334,1,1
tx,2008,16.549536000,16.549536000,0.000000000,1,1
rx,2008,16.549536000,16.549776334,0.000240334,1,1
tx,2009,16.557728000,16.557728000,0.000000000,1,1
rx,2009,16.557728000,16.557968334,0.000240334,1,1
tx,2010,16.565920000,16.565920000,0.000000000,1,1
rx,2010,16.565920000,16.566160334,0.000240334,1,1
tx,2011,16.574112000,16.574112000,0.000000000,1,1
rx,2011,16.574112000,16.574352334,0.000240334,1,1
tx,2012,16.582304000,16.582304000,0.000000000,1,1
rx,2012,16.582304000,16.582544334,0.000240334,1,1
tx,2013,16.590496000,16.590496000,0.000000000,1,1
rx,2013,16.590496000,16.590736334,0.000240334,1,1
tx,2014,16.598688000,16.598688000,0.000000000,1,1
rx,2014,16.598688000,16.598928334,0.000240334,1,1
tx,2015,16.606880000,16.606880000,0.000000000,1,1
rx,2015,16.606880000,16.607120334,0.000240334,1,1
tx,2016,16.615072000,16.615072000,0.000000000,1,1
rx,2016,16.615072000,16.615312334,0.000240334,1,1
tx,2017,16.623264000,16.623264000,0.000000000,1,1
rx,2017,16.623264000,16.623504334,0.000240334,1,1
tx,2018,16.631456000,16.631456000,0.000000000,1,1
rx,2018,16.631456000,16.631696334,0.000240334,1,1
tx,2019,16.639648000,16.639648000,0.000000000,1,1
rx,2019,16.639648000,16.639888334,0.000240334,1,1
tx,2020,16.647840000,16.647840000,0.000000000,1,1
rx,2020,16.647840000,16.648080334,0.000240334,1,1
tx,2021,16.656032000,16.656032000,0.000000000,1,1
rx,2021,16.656032000,16.656272334,0.000240334,1,1
tx,2022,16.664224000,16.664224000,0.000000000,1,1
rx,2022,16.664224000,16.664464334,0.000240334,1,1
tx,2023,16.672416000,16.672416000,0.000000000,1,1
rx,2023,16.672416000,16.672656334,0.000240334,1,1
tx,2024,16.680608000,16.680608000,0.000000000,1,1
rx,2024,16.680608000,16.680848334,0.000240334,1,1
tx,2025,16.688800000,16.688800000,0.000000000,1,1
rx,2025,16.688800000,16.689040334,0.000240334,1,1
tx,2026,16.696992000,16.696992000,0.000000000,1,1
rx,2026,16.696992000,16.697232334,0.000240334,1,1
tx,2027,16.705184000,16.705184000,0.000000000,1,1
rx,2027,16.705184000,16.705424334,0.000240334,1,1
tx,2028,16.713376000,16.713376000,0.000000000,1,1
rx,2028,16.713376000,16.713616334,0.000240334,1,1
tx,2029,16.721568000,16.721568000,0.000000000,1,1
rx,2029,16.721568000,16.721808334,0.000240334,1,1
tx,2030,16.729760000,16.729760000,0.000000000,1,1
rx,2030,16.729760000,16.730000334,0.000240334,1,1
tx,2031,16.737952000,16.737952000,0.000000000,1,1
rx,2031,16.737952000,16.738192334,0.000240334,1,1
tx,2032,16.746144000,16.746144000,0.000000000,1,1
rx,2032,16.746144000,16.746384334,0.000240334,1,1
tx,2033,16.754336000,16.754336000,0.000000000,1,1
rx,2033,16.754336000,16.754576334,0.000240334,1,1
tx,2034,16.762528000,16.762528000,0.000000000,1,1
rx,2034,16.762528000,16.762768334,0.000240334,1,1
tx,2035,16.770720000,16.770720000,0.000000000,1,1
rx,2035,16.770720000,16.770960334,0.000240334,1,1
tx,2036,16.778912000,16.778912000,0.000000000,1,1
rx,2036,16.778912000,16.779152334,0.000240334,1,1
tx,2037,16.787104000,16.787104000,0.000000000,1,1
rx,2037,16.787104000,16.787344334,0.000240334,1,1
tx,2038,16.795296000,16.795296000,0.000000000,1,1
rx,2038,16.795296000,16.795536334,0.000240334,1,1
tx,2039,16.803488000,16.803488000,0.000000000,1,1
rx,2039,16.803488000,16.803728334,0.000240334,1,1
tx,2040,16.811680000,16.811680000,0.000000000,1,1
rx,2040,16.811680000,16.811920334,0.000240334,1,1
tx,2041,16.819872000,16.819872000,0.000000000,1,1
rx,2041,16.819872000,16.820112334,0.000240334,1,1
tx,2042,16.828064000,16.828064000,0.000000000,1,1
rx,2042,16.828064000,16.828304334,0.000240334,1,1
tx,2043,16.836256000,16.836256000,0.000000000,1,1
rx,2043,16.836256000,16.836496334,0.000240334,1,1
tx,2044,16.844448000,16.844448000,0.000000000,1,1
rx,2044,16.844448000,16.844688334,0.000240334,1,1
tx,2045,16.852640000,16.852640000,0.000000000,1,1
rx,2045,16.852640000,16.852880334,0.000240334,1,1
tx,2046,16.860832000,16.860832000,0.000000000,1,1
rx,2046,16.860832000,16.861072334,0.000240334,1,1
tx,2047,16.869024000,16.869024000,0.000000000,1,1
rx,2047,16.869024000,16.869264334,0.000240334,1,1
tx,2048,16.877216000,16.877216000,0.000000000,1,1
rx,2048,16.877216000,16.877456334,0.000240334,1,1
tx,2049,16.885408000,16.885408000,0.000000000,1,1
rx,2049,16.885408000,16.885648334,0.000240334,1,1
tx,2050,16.893600000,16.893600000,0.000000000,1,1
rx,2050,16.893600000,16.893840334,0.000240334,1,1
tx,2051,16.901792000,16.901792000,0.000000000,1,1
rx,2051,16.901792000,16.902032334,0.000240334,1,1
tx,2052,16.909984000,16.909984000,0.000000000,1,1
rx,2052,16.909984000,16.910224334,0.000240334,1,1
tx,2053,16.918176000,16.918176000,0.000000000,1,1
rx,2053,16.918176000,16.918416334,0.000240334,1,1
tx,2054,16.926368000,16.926368000,0.000000000,1,1
rx,2054,16.926368000,16.926608334,0.000240334,1,1
tx,2055,16.934560000,16.934560000,0.000000000,1,1
rx,2055,16.934560000,16.934800334,0.000240334,1,1
tx,2056,16.942752000,16.942752000,0.000000000,1,1
rx,2056,16.942752000,16.942992334,0.000240334,1,1
tx,2057,16.950944000,16.950944000,0.000000000,1,1
rx,2057,16.950944000,16.951184334,0.000240334,1,1
tx,2058,16.959136000,16.959136000,0.000000000,1,1
rx,2058,16.959136000,16.959376334,0.000240334,1,1
tx,2059,16.967328000,16.967328000,0.000000000,1,1
rx,2059,16.967328000,16.967568334,0.000240334,1,1
tx,2060,16.975520000,16.975520000,0.000000000,1,1
rx,2060,16.975520000,16.975760334,0.000240334,1,1
tx,2061,16.983712000,16.983712000,0.000000000,1,1
rx,2061,16.983712000,16.983952334,0.000240334,1,1
tx,2062,16.991904000,16.991904000,0.000000000,1,1
rx,2062,16.991904000,16.992144334,0.000240334,1,1
tx,2063,17.000096000,17.000096000,0.000000000,0,0
tx,2064,17.008288000,17.008288000,0.000000000,0,0
tx,2065,17.016480000,17.016480000,0.000000000,0,0
tx,2066,17.024672000,17.024672000,0.000000000,0,0
tx,2067,17.032864000,17.032864000,0.000000000,0,0
tx,2068,17.041056000,17.041056000,0.000000000,0,0
tx,2069,17.049248000,17.049248000,0.000000000,0,0
tx,2070,17.057440000,17.057440000,0.000000000,0,0
tx,2071,17.065632000,17.065632000,0.000000000,0,0
tx,2072,17.073824000,17.073824000,0.000000000,0,0
tx,2073,17.082016000,17.082016000,0.000000000,0,0
tx,2074,17.090208000,17.090208000,0.000000000,0,0
tx,2075,17.098400000,17.098400000,0.000000000,0,0
tx,2076,17.106592000,17.106592000,0.000000000,0,0
tx,2077,17.114784000,17.114784000,0.000000000,0,0
tx,2078,17.122976000,17.122976000,0.000000000,0,0
tx,2079,17.131168000,17.131168000,0.000000000,0,0
tx,2080,17.139360000,17.139360000,0.000000000,0,0
tx,2081,17.147552000,17.147552000,0.000000000,0,0
tx,2082,17.155744000,17.155744000,0.000000000,0,0
tx,2083,17.163936000,17.163936000,0.000000000,0,0
tx,2084,17.172128000,17.172128000,0.000000000,0,0
tx,2085,17.180320000,17.180320000,0.000000000,0,0
tx,2086,17.188512000,17.188512000,0.000000000,0,0
tx,2087,17.196704000,17.196704000,0.000000000,0,0
tx,2088,17.204896000,17.204896000,0.000000000,0,0
tx,2089,17.213088000,17.213088000,0.000000000,0,0
tx,2090,17.221280000,17.221280000,0.000000000,0,0
tx,2091,17.229472000,17.229472000,0.000000000,0,0
tx,2092,17.237664000,17.237664000,0.000000000,0,0
tx,2093,17.245856000,17.245856000,0.000000000,0,0
tx,2094,17.254048000,17.254048000,0.000000000,0,0
tx,2095,17.262240000,17.262240000,0.000000000,0,0
tx,2096,17.270432000,17.270432000,0.000000000,0,0
tx,2097,17.278624000,17.278624000,0.000000000,0,0
tx,2098,17.286816000,17.286816000,0.000000000,0,0
tx,2099,17.295008000,17.295008000,0.000000000,0,0
tx,2100,17.303200000,17.303200000,0.000000000,0,0
tx,2101,17.311392000,17.311392000,0.000000000,0,0
tx,2102,17.319584000,17.319584000,0.000000000,0,0
tx,2103,17.327776000,17.327776000,0.000000000,0,0
tx,2104,17.335968000,17.335968000,0.000000000,0,0
tx,2105,17.344160000,17.344160000,0.000000000,0,0
tx,2106,17.352352000,17.352352000,0.000000000,0,0
tx,2107,17.360544000,17.360544000,0.000000000,0,0
tx,2108,17.368736000,17.368736000,0.000000000,0,0
tx,2109,17.376928000,17.376928000,0.000000000,0,0
tx,2110,17.385120000,17.385120000,0.000000000,0,0
tx,2111,17.393312000,17.393312000,0.000000000,0,0
tx,2112,17.401504000,17.401504000,0.000000000,0,0
tx,2113,17.409696000,17.409696000,0.000000000,0,0
tx,2114,17.417888000,17.417888000,0.000000000,0,0
tx,2115,17.426080000,17.426080000,0.000000000,0,0
tx,2116,17.434272000,17.434272000,0.000000000,0,0
tx,2117,17.442464000,17.442464000,0.000000000,0,0
tx,2118,17.450656000,17.450656000,0.000000000,0,0
tx,2119,17.458848000,17.458848000,0.000000000,0,0
tx,2120,17.467040000,17.467040000,0.000000000,0,0
tx,2121,17.475232000,17.475232000,0.000000000,0,0
tx,2122,17.483424000,17.483424000,0.000000000,0,0
tx,2123,17.491616000,17.491616000,0.000000000,0,0
tx,2124,17.499808000,17.499808000,0.000000000,0,0
tx,2125,17.508000000,17.508000000,0.000000000,0,0
tx,2126,17.516192000,17.516192000,0.000000000,0,0
tx,2127,17.524384000,17.524384000,0.000000000,0,0
tx,2128,17.532576000,17.532576000,0.000000000,0,0
tx,2129,17.540768000,17.540768000,0.000000000,0,0
tx,2130,17.548960000,17.548960000,0.000000000,0,0
tx,2131,17.557152000,17.557152000,0.000000000,0,0
tx,2132,17.565344000,17.565344000,0.000000000,0,0
tx,2133,17.573536000,17.573536000,0.000000000,0,0
tx,2134,17.581728000,17.581728000,0.000000000,0,0
tx,2135,17.589920000,17.589920000,0.000000000,0,0
tx,2136,17.598112000,17.598112000,0.000000000,0,0
tx,2137,17.606304000,17.606304000,0.000000000,0,0
tx,2138,17.614496000,17.614496000,0.000000000,0,0
tx,2139,17.622688000,17.622688000,0.000000000,0,0
tx,2140,17.630880000,17.630880000,0.000000000,0,0
tx,2141,17.639072000,17.639072000,0.000000000,0,0
tx,2142,17.647264000,17.647264000,0.000000000,0,0
tx,2143,17.655456000,17.655456000,0.000000000,0,0
tx,2144,17.663648000,17.663648000,0.000000000,0,0
tx,2145,17.671840000,17.671840000,0.000000000,0,0
tx,2146,17.680032000,17.680032000,0.000000000,0,0
tx,2147,17.688224000,17.688224000,0.000000000,0,0
tx,2148,17.696416000,17.696416000,0.000000000,0,0
tx,2149,17.704608000,17.704608000,0.000000000,0,0
tx,2150,17.712800000,17.712800000,0.000000000,0,0
tx,2151,17.720992000,17.720992000,0.000000000,0,0
tx,2152,17.729184000,17.729184000,0.000000000,0,0
tx,2153,17.737376000,17.737376000,0.000000000,0,0
tx,2154,17.745568000,17.745568000,0.000000000,0,0
tx,2155,17.753760000,17.753760000,0.000000000,0,0
tx,2156,17.761952000,17.761952000,0.000000000,0,0
tx,2157,17.770144000,17.770144000,0.000000000,0,0
tx,2158,17.778336000,17.778336000,0.000000000,0,0
tx,2159,17.786528000,17.786528000,0.000000000,0,0
tx,2160,17.794720000,17.794720000,0.000000000,0,0
tx,2161,17.802912000,17.802912000,0.000000000,0,0
tx,2162,17.811104000,17.811104000,0.000000000,0,0
tx,2163,17.819296000,17.819296000,0.000000000,0,0
tx,2164,17.827488000,17.827488000,0.000000000,0,0
tx,2165,17.835680000,17.835680000,0.000000000,0,0
tx,2166,17.843872000,17.843872000,0.000000000,0,0
tx,2167,17.852064000,17.852064000,0.000000000,0,0
tx,2168,17.860256000,17.860256000,0.000000000,0,0
tx,2169,17.868448000,17.868448000,0.000000000,0,0
tx,2170,17.876640000,17.876640000,0.000000000,0,0
tx,2171,17.884832000,17.884832000,0.000000000,0,0
tx,2172,17.893024000,17.893024000,0.000000000,0,0
tx,2173,17.901216000,17.901216000,0.000000000,0,0
tx,2174,17.909408000,17.909408000,0.000000000,0,0
tx,2175,17.917600000,17.917600000,0.000000000,0,0
tx,2176,17.925792000,17.925792000,0.000000000,0,0
tx,2177,17.933984000,17.933984000,0.000000000,0,0
tx,2178,17.942176000,17.942176000,0.000000000,0,0
tx,2179,17.950368000,17.950368000,0.000000000,0,0
tx,2180,17.958560000,17.958560000,0.000000000,0,0
tx,2181,17.966752000,17.966752000,0.000000000,0,0
tx,2182,17.974944000,17.974944000,0.000000000,0,0
tx,2183,17.983136000,17.983136000,0.000000000,0,0
tx,2184,17.991328000,17.991328000,0.000000000,0,0
tx,2185,17.999520000,17.999520000,0.000000000,0,0
tx,2186,18.007712000,18.007712000,0.000000000,1,1
rx,2125,17.508000000,18.009116334,0.501116334,1,1
rx,2126,17.516192000,18.009951002,0.493759002,1,1
rx,2127,17.524384000,18.010535670,0.486151670,1,1
rx,2128,17.532576000,18.011120338,0.478544338,1,1
rx,2129,17.540768000,18.011545006,0.470777006,1,1
rx,2130,17.548960000,18.012069674,0.463109674,1,1
rx,2131,17.557152000,18.012534342,0.455382342,1,1
rx,2132,17.565344000,18.013059010,0.447715010,1,1
rx,2133,17.573536000,18.013623678,0.440087678,1,1
rx,2134,17.581728000,18.014008346,0.432280346,1,1
rx,2135,17.589920000,18.014413014,0.424493014,1,1
rx,2136,17.598112000,18.014877682,0.416765682,1,1
rx,2137,17.606304000,18.015362350,0.409058350,1,1
tx,2187,18.015904000,18.015904000,0.000000000,1,1
rx,2138,17.614496000,18.015907018,0.401411018,1,1
rx,2139,17.622688000,18.016291686,0.393603686,1,1
rx,2140,17.630880000,18.016776354,0.385896354,1,1
rx,2141,17.639072000,18.017321022,0.378249022,1,1
rx,2142,17.647264000,18.017625690,0.370361690,1,1
rx,2143,17.655456000,18.018070358,0.362614358,1,1
rx,2144,17.663648000,18.018555026,0.354907026,1,1
rx,2145,17.671840000,18.019139694,0.347299694,1,1
rx,2146,17.680032000,18.019704362,0.339672362,1,1
rx,2147,17.688224000,18.019989030,0.331765030,1,1
rx,2148,17.696416000,18.020293698,0.323877698,1,1
rx,2149,17.704608000,18.020598366,0.315990366,1,1
rx,2150,17.712800000,18.021063034,0.308263034,1,1
rx,2151,17.720992000,18.021627702,0.300635702,1,1
rx,2152,17.729184000,18.022092370,0.292908370,1,1
rx,2153,17.737376000,18.022397038,0.285021038,1,1
rx,2154,17.745568000,18.022781706,0.277213706,1,1
rx,2155,17.753760000,18.023226374,0.269466374,1,1
rx,2156,17.761952000,18.023531042,0.261579042,1,1
rx,2157,17.770144000,18.023915710,0.253771710,1,1
tx,2188,18.024096000,18.024096000,0.000000000,1,1
rx,2158,17.778336000,18.024480378,0.246144378,1,1
rx,2159,17.786528000,18.024965046,0.238437046,1,1
rx,2160,17.794720000,18.025389714,0.230669714,1,1
rx,2161,17.802912000,18.025714382,0.222802382,1,1
rx,2162,17.811104000,18.026139050,0.215035050,1,1
rx,2163,17.819296000,18.026643718,0.207347718,1,1
rx,2164,17.827488000,18.027228386,0.199740386,1,1
rx,2165,17.835680000,18.027713054,0.192033054,1,1
rx,2166,17.843872000,18.028077722,0.184205722,1,1
rx,2167,17.852064000,18.028382390,0.176318390,1,1
rx,2168,17.860256000,18.028767058,0.168511058,1,1
rx,2169,17.868448000,18.029251726,0.160803726,1,1
rx,2170,17.876640000,18.029756394,0.153116394,1,1
rx,2171,17.884832000,18.030201062,0.145369062,1,1
rx,2172,17.893024000,18.030485730,0.137461730,1,1
rx,2173,17.901216000,18.030790398,0.129574398,1,1
rx,2174,17.909408000,18.031275066,0.121867066,1,1
rx,2175,17.917600000,18.031619734,0.114019734,1,1
rx,2176,17.925792000,18.031924402,0.106132402,1,1
rx,2177,17.933984000,18.032209070,0.098225070,1,1
tx,2189,18.032288000,18.032288000,0.000000000,1,1
rx,2178,17.942176000,18.032653738,0.090477738,1,1
rx,2179,17.950368000,18.032998406,0.082630406,1,1
rx,2180,17.958560000,18.033563074,0.075003074,1,1
rx,2181,17.966752000,18.033967742,0.067215742,1,1
rx,2182,17.974944000,18.034352410,0.059408410,1,1
rx,2183,17.983136000,18.034677078,0.051541078,1,1
rx,2184,17.991328000,18.035081746,0.043753746,1,1
rx,2185,17.999520000,18.035446414,0.035926414,1,1
rx,2186,18.007712000,18.036011082,0.028299082,1,1
rx,2187,18.015904000,18.036295750,0.020391750,1,1
rx,2188,18.024096000,18.036760418,0.012664418,1,1
rx,2189,18.032288000,18.037205086,0.004917086,1,1
tx,2190,18.040480000,18.040480000,0.000000000,1,1
rx,2190,18.040480000,18.040720334,0.000240334,1,1
tx,2191,18.048672000,18.048672000,0.000000000,1,1
rx,2191,18.048672000,18.048912334,0.000240334,1,1
tx,2192,18.056864000,18.056864000,0.000000000,1,1
rx,2192,18.056864000,18.057104334,0.000240334,1,1
tx,2193,18.065056000,18.065056000,0.000000000,1,1
rx,2193,18.065056000,18.065296334,0.000240334,1,1
tx,2194,18.073248000,18.073248000,0.000000000,1,1
rx,2194,18.073248000,18.073488334,0.000240334,1,1
tx,2195,18.081440000,18.081440000,0.000000000,1,1
rx,2195,18.081440000,18.081680334,0.000240334,1,1
tx,2196,18.089632000,18.089632000,0.000000000,1,1
rx,2196,18.089632000,18.089872334,0.000240334,1,1
tx,2197,18.097824000,18.097824000,0.000000000,1,1
rx,2197,18.097824000,18.098064334,0.000240334,1,1
tx,2198,18.106016000,18.106016000,0.000000000,1,1
rx,2198,18.106016000,18.106256334,0.000240334,1,1
tx,2199,18.114208000,18.114208000,0.000000000,1,1
rx,2199,18.114208000,18.114448334,0.000240334,1,1
tx,2200,18.122400000,18.122400000,0.000000000,1,1
rx,2200,18.122400000,18.122640334,0.000240334,1,1
tx,2201,18.130592000,18.130592000,0.000000000,1,1
rx,2201,18.130592000,18.130832334,0.000240334,1,1
tx,2202,18.138784000,18.138784000,0.000000000,1,1
rx,2202,18.138784000,18.139024334,0.000240334,1,1
tx,2203,18.146976000,18.146976000,0.000000000,1,1
rx,2203,18.146976000,18.147216334,0.000240334,1,1
tx,2204,18.155168000,18.155168000,0.000000000,1,1
rx,2204,18.155168000,18.155408334,0.000240334,1,1
tx,2205,18.163360000,18.163360000,0.000000000,1,1
rx,2205,18.163360000,18.163600334,0.000240334,1,1
tx,2206,18.171552000,18.171552000,0.000000000,1,1
rx,2206,18.171552000,18.171792334,0.000240334,1,1
tx,2207,18.179744000,18.179744000,0.000000000,1,1
rx,2207,18.179744000,18.179984334,0.000240334,1,1
tx,2208,18.187936000,18.187936000,0.000000000,1,1
rx,2208,18.187936000,18.188176334,0.000240334,1,1
tx,2209,18.196128000,18.196128000,0.000000000,1,1
rx,2209,18.196128000,18.196368334,0.000240334,1,1
tx,2210,18.204320000,18.204320000,0.000000000,1,1
rx,2210,18.204320000,18.204560334,0.000240334,1,1
tx,2211,18.212512000,18.212512000,0.000000000,1,1
rx,2211,18.212512000,18.212752334,0.000240334,1,1
tx,2212,18.220704000,18.220704000,0.000000000,1,1
rx,2212,18.220704000,18.220944334,0.000240334,1,1
tx,2213,18.228896000,18.228896000,0.000000000,1,1
rx,2213,18.228896000,18.229136334,0.000240334,1,1
tx,2214,18.237088000,18.237088000,0.000000000,1,1
rx,2214,18.237088000,18.237328334,0.000240334,1,1
tx,2215,18.245280000,18.245280000,0.000000000,1,1
rx,2215,18.245280000,18.245520334,0.000240334,1,1
tx,2216,18.253472000,18.253472000,0.000000000,1,1
rx,2216,18.253472000,18.253712334,0.000240334,1,1
tx,2217,18.261664000,18.261664000,0.000000000,1,1
rx,2217,18.261664000,18.261904334,0.000240334,1,1
tx,2218,18.269856000,18.269856000,0.000000000,1,1
rx,2218,18.269856000,18.270096334,0.000240334,1,1
tx,2219,18.278048000,18.278048000,0.000000000,1,1
rx,2219,18.278048000,18.278288334,0.000240334,1,1
tx,2220,18.286240000,18.286240000,0.000000000,1,1
rx,2220,18.286240000,18.286480334,0.000240334,1,1
tx,2221,18.294432000,18.294432000,0.000000000,1,1
rx,2221,18.294432000,18.294672334,0.000240334,1,1
tx,2222,18.302624000,18.302624000,0.000000000,1,1
rx,2222,18.302624000,18.302864334,0.000240334,1,1
tx,2223,18.310816000,18.310816000,0.000000000,1,1
rx,2223,18.310816000,18.311056334,0.000240334,1,1
tx,2224,18.319008000,18.319008000,0.000000000,1,1
rx,2224,18.319008000,18.319248334,0.000240334,1,1
tx,2225,18.327200000,18.327200000,0.000000000,1,1
rx,2225,18.327200000,18.327440334,0.000240334,1,1
tx,2226,18.335392000,18.335392000,0.000000000,1,1
rx,2226,18.335392000,18.335632334,0.000240334,1,1
tx,2227,18.343584000,18.343584000,0.000000000,1,1
rx,2227,18.343584000,18.343824334,0.000240334,1,1
tx,2228,18.351776000,18.351776000,0.000000000,1,1
rx,2228,18.351776000,18.352016334,0.000240334,1,1
tx,2229,18.359968000,18.359968000,0.000000000,1,1
rx,2229,18.359968000,18.360208334,0.000240334,1,1
tx,2230,18.368160000,18.368160000,0.000000000,1,1
rx,2230,18.368160000,18.368400334,0.000240334,1,1
tx,2231,18.376352000,18.376352000,0.000000000,1,1
rx,2231,18.376352000,18.376592334,0.000240334,1,1
tx,2232,18.384544000,18.384544000,0.000000000,1,1
rx,2232,18.384544000,18.384784334,0.000240334,1,1
tx,2233,18.392736000,18.392736000,0.000000000,1,1
rx,2233,18.392736000,18.392976334,0.000240334,1,1
tx,2234,18.400928000,18.400928000,0.000000000,1,1
rx,2234,18.400928000,18.401168334,0.000240334,1,1
tx,2235,18.409120000,18.409120000,0.000000000,1,1
rx,2235,18.409120000,18.409360334,0.000240334,1,1
tx,2236,18.417312000,18.417312000,0.000000000,1,1
rx,2236,18.417312000,18.417552334,0.000240334,1,1
tx,2237,18.425504000,18.425504000,0.000000000,1,1
rx,2237,18.425504000,18.425744334,0.000240334,1,1
tx,2238,18.433696000,18.433696000,0.000000000,1,1
rx,2238,18.433696000,18.433936334,0.000240334,1,1
tx,2239,18.441888000,18.441888000,0.000000000,1,1
rx,2239,18.441888000,18.442128334,0.000240334,1,1
tx,2240,18.450080000,18.450080000,0.000000000,1,1
rx,2240,18.450080000,18.450320334,0.000240334,1,1
tx,2241,18.458272000,18.458272000,0.000000000,1,1
rx,2241,18.458272000,18.458512334,0.000240334,1,1
tx,2242,18.466464000,18.466464000,0.000000000,1,1
rx,2242,18.466464000,18.466704334,0.000240334,1,1
tx,2243,18.474656000,18.474656000,0.000000000,1,1
rx,2243,18.474656000,18.474896334,0.000240334,1,1
tx,2244,18.482848000,18.482848000,0.000000000,1,1
rx,2244,18.482848000,18.483088334,0.000240334,1,1
tx,2245,18.491040000,18.491040000,0.000000000,1,1
rx,2245,18.491040000,18.491280334,0.000240334,1,1
tx,2246,18.499232000,18.499232000,0.000000000,1,1
rx,2246,18.499232000,18.499472334,0.000240334,1,1
tx,2247,18.507424000,18.507424000,0.000000000,1,1
rx,2247,18.507424000,18.507664334,0.000240334,1,1
tx,2248,18.515616000,18.515616000,0.000000000,1,1
rx,2248,18.515616000,18.515856334,0.000240334,1,1
tx,2249,18.523808000,18.523808000,0.000000000,1,1
rx,2249,18.523808000,18.524048334,0.000240334,1,1
tx,2250,18.532000000,18.532000000,0.000000000,1,1
rx,2250,18.532000000,18.532240334,0.000240334,1,1
tx,2251,18.540192000,18.540192000,0.000000000,1,1
rx,2251,18.540192000,18.540432334,0.000240334,1,1
tx,2252,18.548384000,18.548384000,0.000000000,1,1
rx,2252,18.548384000,18.548624334,0.000240334,1,1
tx,2253,18.556576000,18.556576000,0.000000000,1,1
rx,2253,18.556576000,18.556816334,0.000240334,1,1
tx,2254,18.564768000,18.564768000,0.000000000,1,1
rx,2254,18.564768000,18.565008334,0.000240334,1,1
tx,2255,18.572960000,18.572960000,0.000000000,1,1
rx,2255,18.572960000,18.573200334,0.000240334,1,1
tx,2256,18.581152000,18.581152000,0.000000000,1,1
rx,2256,18.581152000,18.581392334,0.000240334,1,1
tx,2257,18.589344000,18.589344000,0.000000000,1,1
rx,2257,18.589344000,18.589584334,0.000240334,1,1
tx,2258,18.597536000,18.597536000,0.000000000,1,1
rx,2258,18.597536000,18.597776334,0.000240334,1,1
tx,2259,18.605728000,18.605728000,0.000000000,1,1
rx,2259,18.605728000,18.605968334,0.000240334,1,1
tx,2260,18.613920000,18.613920000,0.000000000,1,1
rx,2260,18.613920000,18.614160334,0.000240334,1,1
tx,2261,18.622112000,18.622112000,0.000000000,1,1
rx,2261,18.622112000,18.622352334,0.000240334,1,1
tx,2262,18.630304000,18.630304000,0.000000000,1,1
rx,2262,18.630304000,18.630544334,0.000240334,1,1
tx,2263,18.638496000,18.638496000,0.000000000,1,1
rx,2263,18.638496000,18.638736334,0.000240334,1,1
tx,2264,18.646688000,18.646688000,0.000000000,1,1
rx,2264,18.646688000,18.646928334,0.000240334,1,1
tx,2265,18.654880000,18.654880000,0.000000000,1,1
rx,2265,18.654880000,18.655120334,0.000240334,1,1
tx,2266,18.663072000,18.663072000,0.000000000,1,1
rx,2266,18.663072000,18.663312334,0.000240334,1,1
tx,2267,18.671264000,18.671264000,0.000000000,1,1
rx,2267,18.671264000,18.671504334,0.000240334,1,1
tx,2268,18.679456000,18.679456000,0.000000000,1,1
rx,2268,18.679456000,18.679696334,0.000240334,1,1
tx,2269,18.687648000,18.687648000,0.000000000,1,1
rx,2269,18.687648000,18.687888334,0.000240334,1,1
tx,2270,18.695840000,18.695840000,0.000000000,1,1
rx,2270,18.695840000,18.696080334,0.000240334,1,1
tx,2271,18.704032000,18.704032000,0.000000000,1,1
rx,2271,18.704032000,18.704272334,0.000240334,1,1
tx,2272,18.712224000,18.712224000,0.000000000,1,1
rx,2272,18.712224000,18.712464334,0.000240334,1,1
tx,2273,18.720416000,18.720416000,0.000000000,1,1
rx,2273,18.720416000,18.720656334,0.000240334,1,1
tx,2274,18.728608000,18.728608000,0.000000000,1,1
rx,2274,18.728608000,18.728848334,0.000240334,1,1
tx,2275,18.736800000,18.736800000,0.000000000,1,1
rx,2275,18.736800000,18.737040334,0.000240334,1,1
tx,2276,18.744992000,18.744992000,0.000000000,1,1
rx,2276,18.744992000,18.745232334,0.000240334,1,1
tx,2277,18.753184000,18.753184000,0.000000000,1,1
rx,2277,18.753184000,18.753424334,0.000240334,1,1
tx,2278,18.761376000,18.761376000,0.000000000,1,1
rx,2278,18.761376000,18.761616334,0.000240334,1,1
tx,2279,18.769568000,18.769568000,0.000000000,1,1
rx,2279,18.769568000,18.769808334,0.000240334,1,1
tx,2280,18.777760000,18.777760000,0.000000000,1,1
rx,2280,18.777760000,18.778000334,0.000240334,1,1
tx,2281,18.785952000,18.785952000,0.000000000,1,1
rx,2281,18.785952000,18.786192334,0.000240334,1,1
tx,2282,18.794144000,18.794144000,0.000000000,1,1
rx,2282,18.794144000,18.794384334,0.000240334,1,1
tx,2283,18.802336000,18.802336000,0.000000000,1,1
rx,2283,18.802336000,18.802576334,0.000240334,1,1
tx,2284,18.810528000,18.810528000,0.000000000,1,1
rx,2284,18.810528000,18.810768334,0.000240334,1,1
tx,2285,18.818720000,18.818720000,0.000000000,1,1
rx,2285,18.818720000,18.818960334,0.000240334,1,1
tx,2286,18.826912000,18.826912000,0.000000000,1,1
rx,2286,18.826912000,18.827152334,0.000240334,1,1
tx,2287,18.835104000,18.835104000,0.000000000,1,1
rx,2287,18.835104000,18.835344334,0.000240334,1,1
tx,2288,18.843296000,18.843296000,0.000000000,1,1
rx,2288,18.843296000,18.843536334,0.000240334,1,1
tx,2289,18.851488000,18.851488000,0.000000000,1,1
rx,2289,18.851488000,18.851728334,0.000240334,1,1
tx,2290,18.859680000,18.859680000,0.000000000,1,1
rx,2290,18.859680000,18.859920334,0.000240334,1,1
tx,2291,18.867872000,18.867872000,0.000000000,1,1
rx,2291,18.867872000,18.868112334,0.000240334,1,1
tx,2292,18.876064000,18.876064000,0.000000000,1,1
rx,2292,18.876064000,18.876304334,0.000240334,1,1
tx,2293,18.884256000,18.884256000,0.000000000,1,1
rx,2293,18.884256000,18.884496334,0.000240334,1,1
tx,2294,18.892448000,18.892448000,0.000000000,1,1
rx,2294,18.892448000,18.892688334,0.000240334,1,1
tx,2295,18.900640000,18.900640000,0.000000000,1,1
rx,2295,18.900640000,18.900880334,0.000240334,1,1
tx,2296,18.908832000,18.908832000,0.000000000,1,1
rx,2296,18.908832000,18.909072334,0.000240334,1,1
tx,2297,18.917024000,18.917024000,0.000000000,1,1
rx,2297,18.917024000,18.917264334,0.000240334,1,1
tx,2298,18.925216000,18.925216000,0.000000000,1,1
rx,2298,18.925216000,18.925456334,0.000240334,1,1
tx,2299,18.933408000,18.933408000,0.000000000,1,1
rx,2299,18.933408000,18.933648334,0.000240334,1,1
tx,2300,18.941600000,18.941600000,0.000000000,1,1
rx,2300,18.941600000,18.941840334,0.000240334,1,1
tx,2301,18.949792000,18.949792000,0.000000000,1,1
rx,2301,18.949792000,18.950032334,0.000240334,1,1
tx,2302,18.957984000,18.957984000,0.000000000,1,1
rx,2302,18.957984000,18.958224334,0.000240334,1,1
tx,2303,18.966176000,18.966176000,0.000000000,1,1
rx,2303,18.966176000,18.966416334,0.000240334,1,1
tx,2304,18.974368000,18.974368000,0.000000000,1,1
rx,2304,18.974368000,18.974608334,0.000240334,1,1
tx,2305,18.982560000,18.982560000,0.000000000,1,1
rx,2305,18.982560000,18.982800334,0.000240334,1,1
tx,2306,18.990752000,18.990752000,0.000000000,1,1
rx,2306,18.990752000,18.990992334,0.000240334,1,1
tx,2307,18.998944000,18.998944000,0.000000000,1,1
rx,2307,18.998944000,18.999184334,0.000240334,1,1
tx,2308,19.007136000,19.007136000,0.000000000,0,0
tx,2309,19.015328000,19.015328000,0.000000000,0,0
tx,2310,19.023520000,19.023520000,0.000000000,0,0
tx,2311,19.031712000,19.031712000,0.000000000,0,0
tx,2312,19.039904000,19.039904000,0.000000000,0,0
tx,2313,19.048096000,19.048096000,0.000000000,0,0
tx,2314,19.056288000,19.056288000,0.000000000,0,0
tx,2315,19.064480000,19.064480000,0.000000000,0,0
tx,2316,19.072672000,19.072672000,0.000000000,0,0
tx,2317,19.080864000,19.080864000,0.000000000,0,0
tx,2318,19.089056000,19.089056000,0.000000000,0,0
tx,2319,19.097248000,19.097248000,0.000000000,0,0
tx,2320,19.105440000,19.105440000,0.000000000,0,0
tx,2321,19.113632000,19.113632000,0.000000000,0,0
tx,2322,19.121824000,19.121824000,0.000000000,0,0
tx,2323,19.130016000,19.130016000,0.000000000,0,0
tx,2324,19.138208000,19.138208000,0.000000000,0,0
tx,2325,19.146400000,19.146400000,0.000000000,0,0
tx,2326,19.154592000,19.154592000,0.000000000,0,0
tx,2327,19.162784000,19.162784000,0.000000000,0,0
tx,2328,19.170976000,19.170976000,0.000000000,0,0
tx,2329,19.179168000,19.179168000,0.000000000,0,0
tx,2330,19.187360000,19.187360000,0.000000000,0,0
tx,2331,19.195552000,19.195552000,0.000000000,0,0
tx,2332,19.203744000,19.203744000,0.000000000,0,0
tx,2333,19.211936000,19.211936000,0.000000000,0,0
tx,2334,19.220128000,19.220128000,0.000000000,0,0
tx,2335,19.228320000,19.228320000,0.000000000,0,0
tx,2336,19.236512000,19.236512000,0.000000000,0,0
tx,2337,19.244704000,19.244704000,0.000000000,0,0
tx,2338,19.252896000,19.252896000,0.000000000,0,0
tx,2339,19.261088000,19.261088000,0.000000000,0,0
tx,2340,19.269280000,19.269280000,0.000000000,0,0
tx,2341,19.277472000,19.277472000,0.000000000,0,0
tx,2342,19.285664000,19.285664000,0.000000000,0,0
tx,2343,19.293856000,19.293856000,0.000000000,0,0
tx,2344,19.302048000,19.302048000,0.000000000,0,0
tx,2345,19.310240000,19.310240000,0.000000000,0,0
tx,2346,19.318432000,19.318432000,0.000000000,0,0
tx,2347,19.326624000,19.326624000,0.000000000,0,0
tx,2348,19.334816000,19.334816000,0.000000000,0,0
tx,2349,19.343008000,19.343008000,0.000000000,0,0
tx,2350,19.351200000,19.351200000,0.000000000,0,0
tx,2351,19.359392000,19.359392000,0.000000000,0,0
tx,2352,19.367584000,19.367584000,0.000000000,0,0
tx,2353,19.375776000,19.375776000,0.000000000,0,0
tx,2354,19.383968000,19.383968000,0.000000000,0,0
tx,2355,19.392160000,19.392160000,0.000000000,0,0
tx,2356,19.400352000,19.400352000,0.000000000,0,0
tx,2357,19.408544000,19.408544000,0.000000000,0,0
tx,2358,19.416736000,19.416736000,0.000000000,0,0
tx,2359,19.424928000,19.424928000,0.000000000,0,0
tx,2360,19.433120000,19.433120000,0.000000000,0,0
tx,2361,19.441312000,19.441312000,0.000000000,0,0
tx,2362,19.449504000,19.449504000,0.000000000,0,0
tx,2363,19.457696000,19.457696000,0.000000000,0,0
tx,2364,19.465888000,19.465888000,0.000000000,0,0
tx,2365,19.474080000,19.474080000,0.000000000,0,0
tx,2366,19.482272000,19.482272000,0.000000000,0,0
tx,2367,19.490464000,19.490464000,0.000000000,0,0
tx,2368,19.498656000,19.498656000,0.000000000,0,0
tx,2369,19.506848000,19.506848000,0.000000000,0,0
tx,2370,19.515040000,19.515040000,0.000000000,0,0
tx,2371,19.523232000,19.523232000,0.000000000,0,0
tx,2372,19.531424000,19.531424000,0.000000000,0,0
tx,2373,19.539616000,19.539616000,0.000000000,0,0
tx,2374,19.547808000,19.547808000,0.000000000,0,0
tx,2375,19.556000000,19.556000000,0.000000000,0,0
tx,2376,19.564192000,19.564192000,0.000000000,0,0
tx,2377,19.572384000,19.572384000,0.000000000,0,0
tx,2378,19.580576000,19.580576000,0.000000000,0,0
tx,2379,19.588768000,19.588768000,0.000000000,0,0
tx,2380,19.596960000,19.596960000,0.000000000,0,0
tx,2381,19.605152000,19.605152000,0.000000000,0,0
tx,2382,19.613344000,19.613344000,0.000000000,0,0
tx,2383,19.621536000,19.621536000,0.000000000,0,0
tx,2384,19.629728000,19.629728000,0.000000000,0,0
tx,2385,19.637920000,19.637920000,0.000000000,0,0
tx,2386,19.646112000,19.646112000,0.000000000,0,0
tx,2387,19.654304000,19.654304000,0.000000000,0,0
tx,2388,19.662496000,19.662496000,0.000000000,0,0
tx,2389,19.670688000,19.670688000,0.000000000,0,0
tx,2390,19.678880000,19.678880000,0.000000000,0,0
tx,2391,19.687072000,19.687072000,0.000000000,0,0
tx,2392,19.695264000,19.695264000,0.000000000,0,0
tx,2393,19.703456000,19.703456000,0.000000000,0,0
tx,2394,19.711648000,19.711648000,0.000000000,0,0
tx,2395,19.719840000,19.719840000,0.000000000,0,0
tx,2396,19.728032000,19.728032000,0.000000000,0,0
tx,2397,19.736224000,19.736224000,0.000000000,0,0
tx,2398,19.744416000,19.744416000,0.000000000,0,0
tx,2399,19.752608000,19.752608000,0.000000000,0,0
tx,2400,19.760800000,19.760800000,0.000000000,0,0
tx,2401,19.768992000,19.768992000,0.000000000,0,0
tx,2402,19.777184000,19.777184000,0.000000000,0,0
tx,2403,19.785376000,19.785376000,0.000000000,0,0
tx,2404,19.793568000,19.793568000,0.000000000,0,0
tx,2405,19.801760000,19.801760000,0.000000000,0,0
tx,2406,19.809952000,19.809952000,0.000000000,0,0
tx,2407,19.818144000,19.818144000,0.000000000,0,0
tx,2408,19.826336000,19.826336000,0.000000000,0,0
tx,2409,19.834528000,19.834528000,0.000000000,0,0
tx,2410,19.842720000,19.842720000,0.000000000,0,0
tx,2411,19.850912000,19.850912000,0.000000000,0,0
tx,2412,19.859104000,19.859104000,0.000000000,0,0
tx,2413,19.867296000,19.867296000,0.000000000,0,0
tx,2414,19.875488000,19.875488000,0.000000000,0,0
tx,2415,19.883680000,19.883680000,0.000000000,0,0
tx,2416,19.891872000,19.891872000,0.000000000,0,0
tx,2417,19.900064000,19.900064000,0.000000000,0,0
tx,2418,19.908256000,19.908256000,0.000000000,0,0
tx,2419,19.916448000,19.916448000,0.000000000,0,0
tx,2420,19.924640000,19.924640000,0.000000000,0,0
tx,2421,19.932832000,19.932832000,0.000000000,0,0
tx,2422,19.941024000,19.941024000,0.000000000,0,0
tx,2423,19.949216000,19.949216000,0.000000000,0,0
tx,2424,19.957408000,19.957408000,0.000000000,0,0
tx,2425,19.965600000,19.965600000,0.000000000,0,0
tx,2426,19.973792000,19.973792000,0.000000000,0,0
tx,2427,19.981984000,19.981984000,0.000000000,0,0
tx,2428,19.990176000,19.990176000,0.000000000,0,0
tx,2429,19.998368000,19.998368000,0.000000000,0,0
tx,2430,20.006560000,20.006560000,0.000000000,1,1
tx,2431,20.014752000,20.014752000,0.000000000,1,1
rx,2370,19.515040000,20.018468334,0.503428334,1,1
rx,2371,19.523232000,20.019203002,0.495971002,1,1
rx,2372,19.531424000,20.019507670,0.488083670,1,1
rx,2373,19.539616000,20.020072338,0.480456338,1,1
rx,2374,19.547808000,20.020517006,0.472709006,1,1
rx,2375,19.556000000,20.020841674,0.464841674,1,1
rx,2376,19.564192000,20.021226342,0.457034342,1,1
rx,2377,19.572384000,20.021731010,0.449347010,1,1
rx,2378,19.580576000,20.022015678,0.441439678,1,1
rx,2379,19.588768000,20.022400346,0.433632346,1,1
rx,2380,19.596960000,20.022885014,0.425925014,1,1
tx,2432,20.022944000,20.022944000,0.000000000,1,1
rx,2381,19.605152000,20.023449682,0.418297682,1,1
rx,2382,19.613344000,20.024034350,0.410690350,1,1
rx,2383,19.621536000,20.024319018,0.402783018,1,1
rx,2384,19.629728000,20.024723686,0.394995686,1,1
rx,2385,19.637920000,20.025068354,0.387148354,1,1
rx,2386,19.646112000,20.025353022,0.379241022,1,1
rx,2387,19.654304000,20.025637690,0.371333690,1,1
rx,2388,19.662496000,20.026002358,0.363506358,1,1
rx,2389,19.670688000,20.026327026,0.355639026,1,1
rx,2390,19.678880000,20.026891694,0.348011694,1,1
rx,2391,19.687072000,20.027296362,0.340224362,1,1
rx,2392,19.695264000,20.027621030,0.332357030,1,1
rx,2393,19.703456000,20.028165698,0.324709698,1,1
rx,2394,19.711648000,20.028690366,0.317042366,1,1
rx,2395,19.719840000,20.028975034,0.309135034,1,1
rx,2396,19.728032000,20.029299702,0.301267702,1,1
rx,2397,19.736224000,20.029664370,0.293440370,1,1
rx,2398,19.744416000,20.030109038,0.285693038,1,1
rx,2399,19.752608000,20.030513706,0.277905706,1,1
rx,2400,19.760800000,20.030898374,0.270098374,1,1
tx,2433,20.031136000,20.031136000,0.000000000,1,1
rx,2401,19.768992000,20.031283042,0.262291042,1,1
rx,2402,19.777184000,20.031687710,0.254503710,1,1
rx,2403,19.785376000,20.032212378,0.246836378,1,1
rx,2404,19.793568000,20.032797046,0.239229046,1,1
rx,2405,19.801760000,20.033381714,0.231621714,1,1
rx,2406,19.809952000,20.033706382,0.223754382,1,1
rx,2407,19.818144000,20.034051050,0.215907050,1,1
rx,2408,19.826336000,20.034595718,0.208259718,1,1
rx,2409,19.834528000,20.035080386,0.200552386,1,1
rx,2410,19.842720000,20.035585054,0.192865054,1,1
rx,2411,19.850912000,20.035889722,0.184977722,1,1
rx,2412,19.859104000,20.036394390,0.177290390,1,1
rx,2413,19.867296000,20.036839058,0.169543058,1,1
rx,2414,19.875488000,20.037343726,0.161855726,1,1
rx,2415,19.883680000,20.037648394,0.153968394,1,1
rx,2416,19.891872000,20.037953062,0.146081062,1,1
rx,2417,19.900064000,20.038337730,0.138273730,1,1
rx,2418,19.908256000,20.038642398,0.130386398,1,1
rx,2419,19.916448000,20.039187066,0.122739066,1,1
tx,2434,20.039328000,20.039328000,0.000000000,1,1
rx,2420,19.924640000,20.039751734,0.115111734,1,1
rx,2421,19.932832000,20.040296402,0.107464402,1,1
rx,2422,19.941024000,20.040641070,0.099617070,1,1
rx,2423,19.949216000,20.041045738,0.091829738,1,1
rx,2424,19.957408000,20.041610406,0.084202406,1,1
rx,2425,19.965600000,20.042155074,0.076555074,1,1
rx,2426,19.973792000,20.042499742,0.068707742,1,1
rx,2427,19.981984000,20.042864410,0.060880410,1,1
rx,2428,19.990176000,20.043289078,0.053113078,1,1
rx,2429,19.998368000,20.043653746,0.045285746,1,1
rx,2430,20.006560000,20.044198414,0.037638414,1,1
rx,2431,20.014752000,20.044643082,0.029891082,1,1
rx,2432,20.022944000,20.045167750,0.022223750,1,1
rx,2433,20.031136000,20.045492418,0.014356418,1,1
rx,2434,20.039328000,20.046057086,0.006729086,1,1
tx,2435,20.047520000,20.047520000,0.000000000,1,1
rx,2435,20.047520000,20.047760334,0.000240334,1,1
tx,2436,20.055712000,20.055712000,0.000000000,1,1
rx,2436,20.055712000,20.055952334,0.000240334,1,1
tx,2437,20.063904000,20.063904000,0.000000000,1,1
rx,2437,20.063904000,20.064144334,0.000240334,1,1
tx,2438,20.072096000,20.072096000,0.000000000,1,1
rx,2438,20.072096000,20.072336334,0.000240334,1,1
tx,2439,20.080288000,20.080288000,0.000000000,1,1
rx,2439,20.080288000,20.080528334,0.000240334,1,1
tx,2440,20.088480000,20.088480000,0.000000000,1,1
rx,2440,20.088480000,20.088720334,0.000240334,1,1
tx,2441,20.096672000,20.096672000,0.000000000,1,1
rx,2441,20.096672000,20.096912334,0.000240334,1,1
tx,2442,20.104864000,20.104864000,0.000000000,1,1
rx,2442,20.104864000,20.105104334,0.000240334,1,1
tx,2443,20.113056000,20.113056000,0.000000000,1,1
rx,2443,20.113056000,20.113296334,0.000240334,1,1
tx,2444,20.121248000,20.121248000,0.000000000,1,1
rx,2444,20.121248000,20.121488334,0.000240334,1,1
tx,2445,20.129440000,20.129440000,0.000000000,1,1
rx,2445,20.129440000,20.129680334,0.000240334,1,1
tx,2446,20.137632000,20.137632000,0.000000000,1,1
rx,2446,20.137632000,20.137872334,0.000240334,1,1
tx,2447,20.145824000,20.145824000,0.000000000,1,1
rx,2447,20.145824000,20.146064334,0.000240334,1,1
tx,2448,20.154016000,20.154016000,0.000000000,1,1
rx,2448,20.154016000,20.154256334,0.000240334,1,1
tx,2449,20.162208000,20.162208000,0.000000000,1,1
rx,2449,20.162208000,20.162448334,0.000240334,1,1
tx,2450,20.170400000,20.170400000,0.000000000,1,1
rx,2450,20.170400000,20.170640334,0.000240334,1,1
tx,2451,20.178592000,20.178592000,0.000000000,1,1
rx,2451,20.178592000,20.178832334,0.000240334,1,1
tx,2452,20.186784000,20.186784000,0.000000000,1,1
rx,2452,20.186784000,20.187024334,0.000240334,1,1
tx,2453,20.194976000,20.194976000,0.000000000,1,1
rx,2453,20.194976000,20.195216334,0.000240334,1,1
tx,2454,20.203168000,20.203168000,0.000000000,1,1
rx,2454,20.203168000,20.203408334,0.000240334,1,1
tx,2455,20.211360000,20.211360000,0.000000000,1,1
rx,2455,20.211360000,20.211600334,0.000240334,1,1
tx,2456,20.219552000,20.219552000,0.000000000,1,1
rx,2456,20.219552000,20.219792334,0.000240334,1,1
tx,2457,20.227744000,20.227744000,0.000000000,1,1
rx,2457,20.227744000,20.227984334,0.000240334,1,1
tx,2458,20.235936000,20.235936000,0.000000000,1,1
rx,2458,20.235936000,20.236176334,0.000240334,1,1
tx,2459,20.244128000,20.244128000,0.000000000,1,1
rx,2459,20.244128000,20.244368334,0.000240334,1,1
tx,2460,20.252320000,20.252320000,0.000000000,1,1
rx,2460,20.252320000,20.252560334,0.000240334,1,1
tx,2461,20.260512000,20.260512000,0.000000000,1,1
rx,2461,20.260512000,20.260752334,0.000240334,1,1
tx,2462,20.268704000,20.268704000,0.000000000,1,1
rx,2462,20.268704000,20.268944334,0.000240334,1,1
tx,2463,20.276896000,20.276896000,0.000000000,1,1
rx,2463,20.276896000,20.277136334,0.000240334,1,1
tx,2464,20.285088000,20.285088000,0.000000000,1,1
rx,2464,20.285088000,20.285328334,0.000240334,1,1
tx,2465,20.293280000,20.293280000,0.000000000,1,1
rx,2465,20.293280000,20.293520334,0.000240334,1,1
tx,2466,20.301472000,20.301472000,0.000000000,1,1
rx,2466,20.301472000,20.301712334,0.000240334,1,1
tx,2467,20.309664000,20.309664000,0.000000000,1,1
rx,2467,20.309664000,20.309904334,0.000240334,1,1
tx,2468,20.317856000,20.317856000,0.000000000,1,1
rx,2468,20.317856000,20.318096334,0.000240334,1,1
tx,2469,20.326048000,20.326048000,0.000000000,1,1
rx,2469,20.326048000,20.326288334,0.000240334,1,1
tx,2470,20.334240000,20.334240000,0.000000000,1,1
rx,2470,20.334240000,20.334480334,0.000240334,1,1
tx,2471,20.342432000,20.342432000,0.000000000,1,1
rx,2471,20.342432000,20.342672334,0.000240334,1,1
tx,2472,20.350624000,20.350624000,0.000000000,1,1
rx,2472,20.350624000,20.350864334,0.000240334,1,1
tx,2473,20.358816000,20.358816000,0.000000000,1,1
rx,2473,20.358816000,20.359056334,0.000240334,1,1
tx,2474,20.367008000,20.367008000,0.000000000,1,1
rx,2474,20.367008000,20.367248334,0.000240334,1,1
tx,2475,20.375200000,20.375200000,0.000000000,1,1
rx,2475,20.375200000,20.375440334,0.000240334,1,1
tx,2476,20.383392000,20.383392000,0.000000000,1,1
rx,2476,20.383392000,20.383632334,0.000240334,1,1
tx,2477,20.391584000,20.391584000,0.000000000,1,1
rx,2477,20.391584000,20.391824334,0.000240334,1,1
tx,2478,20.399776000,20.399776000,0.000000000,1,1
rx,2478,20.399776000,20.400016334,0.000240334,1,1
tx,2479,20.407968000,20.407968000,0.000000000,1,1
rx,2479,20.407968000,20.408208334,0.000240334,1,1
tx,2480,20.416160000,20.416160000,0.000000000,1,1
rx,2480,20.416160000,20.416400334,0.000240334,1,1
tx,2481,20.424352000,20.424352000,0.000000000,1,1
rx,2481,20.424352000,20.424592334,0.000240334,1,1
tx,2482,20.432544000,20.432544000,0.000000000,1,1
rx,2482,20.432544000,20.432784334,0.000240334,1,1
tx,2483,20.440736000,20.440736000,0.000000000,1,1
rx,2483,20.440736000,20.440976334,0.000240334,1,1
tx,2484,20.448928000,20.448928000,0.000000000,1,1
rx,2484,20.448928000,20.449168334,0.000240334,1,1
tx,2485,20.457120000,20.457120000,0.000000000,1,1
rx,2485,20.457120000,20.457360334,0.000240334,1,1
tx,2486,20.465312000,20.465312000,0.000000000,1,1
rx,2486,20.465312000,20.465552334,0.000240334,1,1
tx,2487,20.473504000,20.473504000,0.000000000,1,1
rx,2487,20.473504000,20.473744334,0.000240334,1,1
tx,2488,20.481696000,20.481696000,0.000000000,1,1
rx,2488,20.481696000,20.481936334,0.000240334,1,1
tx,2489,20.489888000,20.489888000,0.000000000,1,1
rx,2489,20.489888000,20.490128334,0.000240334,1,1
tx,2490,20.498080000,20.498080000,0.000000000,1,1
rx,2490,20.498080000,20.498320334,0.000240334,1,1
tx,2491,20.506272000,20.506272000,0.000000000,1,1
rx,2491,20.506272000,20.506512334,0.000240334,1,1
tx,2492,20.514464000,20.514464000,0.000000000,1,1
rx,2492,20.514464000,20.514704334,0.000240334,1,1
tx,2493,20.522656000,20.522656000,0.000000000,1,1
rx,2493,20.522656000,20.522896334,0.000240334,1,1
tx,2494,20.530848000,20.530848000,0.000000000,1,1
rx,2494,20.530848000,20.531088334,0.000240334,1,1
tx,2495,20.539040000,20.539040000,0.000000000,1,1
rx,2495,20.539040000,20.539280334,0.000240334,1,1
tx,2496,20.547232000,20.547232000,0.000000000,1,1
rx,2496,20.547232000,20.547472334,0.000240334,1,1
tx,2497,20.555424000,20.555424000,0.000000000,1,1
rx,2497,20.555424000,20.555664334,0.000240334,1,1
tx,2498,20.563616000,20.563616000,0.000000000,1,1
rx,2498,20.563616000,20.563856334,0.000240334,1,1
tx,2499,20.571808000,20.571808000,0.000000000,1,1
rx,2499,20.571808000,20.572048334,0.000240334,1,1
tx,2500,20.580000000,20.580000000,0.000000000,1,1
rx,2500,20.580000000,20.580240334,0.000240334,1,1
tx,2501,20.588192000,20.588192000,0.000000000,1,1
rx,2501,20.588192000,20.588432334,0.000240334,1,1
tx,2502,20.596384000,20.596384000,0.000000000,1,1
rx,2502,20.596384000,20.596624334,0.000240334,1,1
tx,2503,20.604576000,20.604576000,0.000000000,1,1
rx,2503,20.604576000,20.604816334,0.000240334,1,1
tx,2504,20.612768000,20.612768000,0.000000000,1,1
rx,2504,20.612768000,20.613008334,0.000240334,1,1
tx,2505,20.620960000,20.620960000,0.000000000,1,1
rx,2505,20.620960000,20.621200334,0.000240334,1,1
tx,2506,20.629152000,20.629152000,0.000000000,1,1
rx,2506,20.629152000,20.629392334,0.000240334,1,1
tx,2507,20.637344000,20.637344000,0.000000000,1,1
rx,2507,20.637344000,20.637584334,0.000240334,1,1
tx,2508,20.645536000,20.645536000,0.000000000,1,1
rx,2508,20.645536000,20.645776334,0.000240334,1,1
tx,2509,20.653728000,20.653728000,0.000000000,1,1
rx,2509,20.653728000,20.653968334,0.000240334,1,1
tx,2510,20.661920000,20.661920000,0.000000000,1,1
rx,2510,20.661920000,20.662160334,0.000240334,1,1
tx,2511,20.670112000,20.670112000,0.000000000,1,1
rx,2511,20.670112000,20.670352334,0.000240334,1,1
tx,2512,20.678304000,20.678304000,0.000000000,1,1
rx,2512,20.678304000,20.678544334,0.000240334,1,1
tx,2513,20.686496000,20.686496000,0.000000000,1,1
rx,2513,20.686496000,20.686736334,0.000240334,1,1
tx,2514,20.694688000,20.694688000,0.000000000,1,1
rx,2514,20.694688000,20.694928334,0.000240334,1,1
tx,2515,20.702880000,20.702880000,0.000000000,1,1
rx,2515,20.702880000,20.703120334,0.000240334,1,1
tx,2516,20.711072000,20.711072000,0.000000000,1,1
rx,2516,20.711072000,20.711312334,0.000240334,1,1
tx,2517,20.719264000,20.719264000,0.000000000,1,1
rx,2517,20.719264000,20.719504334,0.000240334,1,1
tx,2518,20.727456000,20.727456000,0.000000000,1,1
rx,2518,20.727456000,20.727696334,0.000240334,1,1
tx,2519,20.735648000,20.735648000,0.000000000,1,1
rx,2519,20.735648000,20.735888334,0.000240334,1,1
tx,2520,20.743840000,20.743840000,0.000000000,1,1
rx,2520,20.743840000,20.744080334,0.000240334,1,1
tx,2521,20.752032000,20.752032000,0.000000000,1,1
rx,2521,20.752032000,20.752272334,0.000240334,1,1
tx,2522,20.760224000,20.760224000,0.000000000,1,1
rx,2522,20.760224000,20.760464334,0.000240334,1,1
tx,2523,20.768416000,20.768416000,0.000000000,1,1
rx,2523,20.768416000,20.768656334,0.000240334,1,1
tx,2524,20.776608000,20.776608000,0.000000000,1,1
rx,2524,20.776608000,20.776848334,0.000240334,1,1
tx,2525,20.784800000,20.784800000,0.000000000,1,1
rx,2525,20.784800000,20.785040334,0.000240334,1,1
tx,2526,20.792992000,20.792992000,0.000000000,1,1
rx,2526,20.792992000,20.793232334,0.000240334,1,1
tx,2527,20.801184000,20.801184000,0.000000000,1,1
rx,2527,20.801184000,20.801424334,0.000240334,1,1
tx,2528,20.809376000,20.809376000,0.000000000,1,1
rx,2528,20.809376000,20.809616334,0.000240334,1,1
tx,2529,20.817568000,20.817568000,0.000000000,1,1
rx,2529,20.817568000,20.817808334,0.000240334,1,1
tx,2530,20.825760000,20.825760000,0.000000000,1,1
rx,2530,20.825760000,20.826000334,0.000240334,1,1
tx,2531,20.833952000,20.833952000,0.000000000,1,1
rx,2531,20.833952000,20.834192334,0.000240334,1,1
tx,2532,20.842144000,20.842144000,0.000000000,1,1
rx,2532,20.842144000,20.842384334,0.000240334,1,1
tx,2533,20.850336000,20.850336000,0.000000000,1,1
rx,2533,20.850336000,20.850576334,0.000240334,1,1
tx,2534,20.858528000,20.858528000,0.000000000,1,1
rx,2534,20.858528000,20.858768334,0.000240334,1,1
tx,2535,20.866720000,20.866720000,0.000000000,1,1
rx,2535,20.866720000,20.866960334,0.000240334,1,1
tx,2536,20.874912000,20.874912000,0.000000000,1,1
rx,2536,20.874912000,20.875152334,0.000240334,1,1
tx,2537,20.883104000,20.883104000,0.000000000,1,1
rx,2537,20.883104000,20.883344334,0.000240334,1,1
tx,2538,20.891296000,20.891296000,0.000000000,1,1
rx,2538,20.891296000,20.891536334,0.000240334,1,1
tx,2539,20.899488000,20.899488000,0.000000000,1,1
rx,2539,20.899488000,20.899728334,0.000240334,1,1
tx,2540,20.907680000,20.907680000,0.000000000,1,1
rx,2540,20.907680000,20.907920334,0.000240334,1,1
tx,2541,20.915872000,20.915872000,0.000000000,1,1
rx,2541,20.915872000,20.916112334,0.000240334,1,1
tx,2542,20.924064000,20.924064000,0.000000000,1,1
rx,2542,20.924064000,20.924304334,0.000240334,1,1
tx,2543,20.932256000,20.932256000,0.000000000,1,1
rx,2543,20.932256000,20.932496334,0.000240334,1,1
tx,2544,20.940448000,20.940448000,0.000000000,1,1
rx,2544,20.940448000,20.940688334,0.000240334,1,1
tx,2545,20.948640000,20.948640000,0.000000000,1,1
rx,2545,20.948640000,20.948880334,0.000240334,1,1
tx,2546,20.956832000,20.956832000,0.000000000,1,1
rx,2546,20.956832000,20.957072334,0.000240334,1,1
tx,2547,20.965024000,20.965024000,0.000000000,1,1
rx,2547,20.965024000,20.965264334,0.000240334,1,1
tx,2548,20.973216000,20.973216000,0.000000000,1,1
rx,2548,20.973216000,20.973456334,0.000240334,1,1
tx,2549,20.981408000,20.981408000,0.000000000,1,1
rx,2549,20.981408000,20.981648334,0.000240334,1,1
tx,2550,20.989600000,20.989600000,0.000000000,1,1
rx,2550,20.989600000,20.989840334,0.000240334,1,1
tx,2551,20.997792000,20.997792000,0.000000000,1,1
rx,2551,20.997792000,20.998032334,0.000240334,1,1
tx,2552,21.005984000,21.005984000,0.000000000,0,0
tx,2553,21.014176000,21.014176000,0.000000000,0,0
tx,2554,21.022368000,21.022368000,0.000000000,0,0
tx,2555,21.030560000,21.030560000,0.000000000,0,0
tx,2556,21.038752000,21.038752000,0.000000000,0,0
tx,2557,21.046944000,21.046944000,0.000000000,0,0
tx,2558,21.055136000,21.055136000,0.000000000,0,0
tx,2559,21.063328000,21.063328000,0.000000000,0,0
tx,2560,21.071520000,21.071520000,0.000000000,0,0
tx,2561,21.079712000,21.079712000,0.000000000,0,0
tx,2562,21.087904000,21.087904000,0.000000000,0,0
tx,2563,21.096096000,21.096096000,0.000000000,0,0
tx,2564,21.104288000,21.104288000,0.000000000,0,0
tx,2565,21.112480000,21.112480000,0.000000000,0,0
tx,2566,21.120672000,21.120672000,0.000000000,0,0
tx,2567,21.128864000,21.128864000,0.000000000,0,0
tx,2568,21.137056000,21.137056000,0.000000000,0,0
tx,2569,21.145248000,21.145248000,0.000000000,0,0
tx,2570,21.153440000,21.153440000,0.000000000,0,0
tx,2571,21.161632000,21.161632000,0.000000000,0,0
tx,2572,21.169824000,21.169824000,0.000000000,0,0
tx,2573,21.178016000,21.178016000,0.000000000,0,0
tx,2574,21.186208000,21.186208000,0.000000000,0,0
tx,2575,21.194400000,21.194400000,0.000000000,0,0
tx,2576,21.202592000,21.202592000,0.000000000,0,0
tx,2577,21.210784000,21.210784000,0.000000000,0,0
tx,2578,21.218976000,21.218976000,0.000000000,0,0
tx,2579,21.227168000,21.227168000,0.000000000,0,0
tx,2580,21.235360000,21.235360000,0.000000000,0,0
tx,2581,21.243552000,21.243552000,0.000000000,0,0
tx,2582,21.251744000,21.251744000,0.000000000,0,0
tx,2583,21.259936000,21.259936000,0.000000000,0,0
tx,2584,21.268128000,21.268128000,0.000000000,0,0
tx,2585,21.276320000,21.276320000,0.000000000,0,0
tx,2586,21.284512000,21.284512000,0.000000000,0,0
tx,2587,21.292704000,21.292704000,0.000000000,0,0
tx,2588,21.300896000,21.300896000,0.000000000,0,0
tx,2589,21.309088000,21.309088000,0.000000000,0,0
tx,2590,21.317280000,21.317280000,0.000000000,0,0
tx,2591,21.325472000,21.325472000,0.000000000,0,0
tx,2592,21.333664000,21.333664000,0.000000000,0,0
tx,2593,21.341856000,21.341856000,0.000000000,0,0
tx,2594,21.350048000,21.350048000,0.000000000,0,0
tx,2595,21.358240000,21.358240000,0.000000000,0,0
tx,2596,21.366432000,21.366432000,0.000000000,0,0
tx,2597,21.374624000,21.374624000,0.000000000,0,0
tx,2598,21.382816000,21.382816000,0.000000000,0,0
tx,2599,21.391008000,21.391008000,0.000000000,0,0
tx,2600,21.399200000,21.399200000,0.000000000,0,0
tx,2601,21.407392000,21.407392000,0.000000000,0,0
tx,2602,21.415584000,21.415584000,0.000000000,0,0
tx,2603,21.423776000,21.423776000,0.000000000,0,0
tx,2604,21.431968000,21.431968000,0.000000000,0,0
tx,2605,21.440160000,21.440160000,0.000000000,0,0
tx,2606,21.448352000,21.448352000,0.000000000,0,0
tx,2607,21.456544000,21.456544000,0.000000000,0,0
tx,2608,21.464736000,21.464736000,0.000000000,0,0
tx,2609,21.472928000,21.472928000,0.000000000,0,0
tx,2610,21.481120000,21.481120000,0.000000000,0,0
tx,2611,21.489312000,21.489312000,0.000000000,0,0
tx,2612,21.497504000,21.497504000,0.000000000,0,0
tx,2613,21.505696000,21.505696000,0.000000000,0,0
tx,2614,21.513888000,21.513888000,0.000000000,0,0
tx,2615,21.522080000,21.522080000,0.000000000,0,0
tx,2616,21.530272000,21.530272000,0.000000000,0,0
tx,2617,21.538464000,21.538464000,0.000000000,0,0
tx,2618,21.546656000,21.546656000,0.000000000,0,0
tx,2619,21.554848000,21.554848000,0.000000000,0,0
tx,2620,21.563040000,21.563040000,0.000000000,0,0
tx,2621,21.571232000,21.571232000,0.000000000,0,0
tx,2622,21.579424000,21.579424000,0.000000000,0,0
tx,2623,21.587616000,21.587616000,0.000000000,0,0
tx,2624,21.595808000,21.595808000,0.000000000,0,0
tx,2625,21.604000000,21.604000000,0.000000000,0,0
tx,2626,21.612192000,21.612192000,0.000000000,0,0
tx,2627,21.620384000,21.620384000,0.000000000,0,0
tx,2628,21.628576000,21.628576000,0.000000000,0,0
tx,2629,21.636768000,21.636768000,0.000000000,0,0
tx,2630,21.644960000,21.644960000,0.000000000,0,0
tx,2631,21.653152000,21.653152000,0.000000000,0,0
tx,2632,21.661344000,21.661344000,0.000000000,0,0
tx,2633,21.669536000,21.669536000,0.000000000,0,0
tx,2634,21.677728000,21.677728000,0.000000000,0,0
tx,2635,21.685920000,21.685920000,0.000000000,0,0
tx,2636,21.694112000,21.694112000,0.000000000,0,0
tx,2637,21.702304000,21.702304000,0.000000000,0,0
tx,2638,21.710496000,21.710496000,0.000000000,0,0
tx,2639,21.718688000,21.718688000,0.000000000,0,0
tx,2640,21.726880000,21.726880000,0.000000000,0,0
tx,2641,21.735072000,21.735072000,0.000000000,0,0
tx,2642,21.743264000,21.743264000,0.000000000,0,0
tx,2643,21.751456000,21.751456000,0.000000000,0,0
tx,2644,21.759648000,21.759648000,0.000000000,0,0
tx,2645,21.767840000,21.767840000,0.000000000,0,0
tx,2646,21.776032000,21.776032000,0.000000000,0,0
tx,2647,21.784224000,21.784224000,0.000000000,0,0
tx,2648,21.792416000,21.792416000,0.000000000,0,0
tx,2649,21.800608000,21.800608000,0.000000000,0,0
tx,2650,21.808800000,21.808800000,0.000000000,0,0
tx,2651,21.816992000,21.816992000,0.000000000,0,0
tx,2652,21.825184000,21.825184000,0.000000000,0,0
tx,2653,21.833376000,21.833376000,0.000000000,0,0
tx,2654,21.841568000,21.841568000,0.000000000,0,0
tx,2655,21.849760000,21.849760000,0.000000000,0,0
tx,2656,21.857952000,21.857952000,0.000000000,0,0
tx,2657,21.866144000,21.866144000,0.000000000,0,0
tx,2658,21.874336000,21.874336000,0.000000000,0,0
tx,2659,21.882528000,21.882528000,0.000000000,0,0
tx,2660,21.890720000,21.890720000,0.000000000,0,0
tx,2661,21.898912000,21.898912000,0.000000000,0,0
tx,2662,21.907104000,21.907104000,0.000000000,0,0
tx,2663,21.915296000,21.915296000,0.000000000,0,0
tx,2664,21.923488000,21.923488000,0.000000000,0,0
tx,2665,21.931680000,21.931680000,0.000000000,0,0
tx,2666,21.939872000,21.939872000,0.000000000,0,0
tx,2667,21.948064000,21.948064000,0.000000000,0,0
tx,2668,21.956256000,21.956256000,0.000000000,0,0
tx,2669,21.964448000,21.964448000,0.000000000,0,0
tx,2670,21.972640000,21.972640000,0.000000000,0,0
tx,2671,21.980832000,21.980832000,0.000000000,0,0
tx,2672,21.989024000,21.989024000,0.000000000,0,0
tx,2673,21.997216000,21.997216000,0.000000000,0,0
tx,2674,22.005408000,22.005408000,0.000000000,1,1
rx,2613,21.505696000,22.011744334,0.506048334,1,1
rx,2614,21.513888000,22.012299002,0.498411002,1,1
rx,2615,21.522080000,22.012703670,0.490623670,1,1
rx,2616,21.530272000,22.013048338,0.482776338,1,1
tx,2675,22.013600000,22.013600000,0.000000000,1,1
rx,2617,21.538464000,22.013613006,0.475149006,1,1
rx,2618,21.546656000,22.013897674,0.467241674,1,1
rx,2619,21.554848000,22.014242342,0.459394342,1,1
rx,2620,21.563040000,22.014627010,0.451587010,1,1
rx,2621,21.571232000,22.015051678,0.443819678,1,1
rx,2622,21.579424000,22.015536346,0.436112346,1,1
rx,2623,21.587616000,22.015841014,0.428225014,1,1
rx,2624,21.595808000,22.016405682,0.420597682,1,1
rx,2625,21.604000000,22.016950350,0.412950350,1,1
rx,2626,21.612192000,22.017355018,0.405163018,1,1
rx,2627,21.620384000,22.017859686,0.397475686,1,1
rx,2628,21.628576000,22.018144354,0.389568354,1,1
rx,2629,21.636768000,22.018549022,0.381781022,1,1
rx,2630,21.644960000,22.018933690,0.373973690,1,1
rx,2631,21.653152000,22.019358358,0.366206358,1,1
rx,2632,21.661344000,22.019743026,0.358399026,1,1
rx,2633,21.669536000,22.020267694,0.350731694,1,1
rx,2634,21.677728000,22.020792362,0.343064362,1,1
rx,2635,21.685920000,22.021297030,0.335377030,1,1
rx,2636,21.694112000,22.021581698,0.327469698,1,1
tx,2676,22.021792000,22.021792000,0.000000000,1,1
rx,2637,21.702304000,22.021926366,0.319622366,1,1
rx,2638,21.710496000,22.022211034,0.311715034,1,1
rx,2639,21.718688000,22.022615702,0.303927702,1,1
rx,2640,21.726880000,22.023200370,0.296320370,1,1
rx,2641,21.735072000,22.023705038,0.288633038,1,1
rx,2642,21.743264000,22.024009706,0.280745706,1,1
rx,2643,21.751456000,22.024474374,0.273018374,1,1
rx,2644,21.759648000,22.024819042,0.265171042,1,1
rx,2645,21.767840000,22.025163710,0.257323710,1,1
rx,2646,21.776032000,22.025568378,0.249536378,1,1
rx,2647,21.784224000,22.025973046,0.241749046,1,1
rx,2648,21.792416000,22.026377714,0.233961714,1,1
rx,2649,21.800608000,22.026962382,0.226354382,1,1
rx,2650,21.808800000,22.027367050,0.218567050,1,1
rx,2651,21.816992000,22.027791718,0.210799718,1,1
rx,2652,21.825184000,22.028336386,0.203152386,1,1
rx,2653,21.833376000,22.028841054,0.195465054,1,1
rx,2654,21.841568000,22.029305722,0.187737722,1,1
rx,2655,21.849760000,22.029590390,0.179830390,1,1
tx,2677,22.029984000,22.029984000,0.000000000,1,1
rx,2656,21.857952000,22.030095058,0.172143058,1,1
rx,2657,21.866144000,22.030479726,0.164335726,1,1
rx,2658,21.874336000,22.030884394,0.156548394,1,1
rx,2659,21.882528000,22.031449062,0.148921062,1,1
rx,2660,21.890720000,22.031933730,0.141213730,1,1
rx,2661,21.898912000,22.032438398,0.133526398,1,1
rx,2662,21.907104000,22.033023066,0.125919066,1,1
rx,2663,21.915296000,22.033387734,0.118091734,1,1
rx,2664,21.923488000,22.033672402,0.110184402,1,1
rx,2665,21.931680000,22.034197070,0.102517070,1,1
rx,2666,21.939872000,22.034781738,0.094909738,1,1
rx,2667,21.948064000,22.035326406,0.087262406,1,1
rx,2668,21.956256000,22.035811074,0.079555074,1,1
rx,2669,21.964448000,22.036195742,0.071747742,1,1
rx,2670,21.972640000,22.036620410,0.063980410,1,1
rx,2671,21.980832000,22.036905078,0.056073078,1,1
rx,2672,21.989024000,22.037489746,0.048465746,1,1
rx,2673,21.997216000,22.037894414,0.040678414,1,1
tx,2678,22.038176000,22.038176000,0.000000000,1,1
rx,2674,22.005408000,22.038199082,0.032791082,1,1
rx,2675,22.013600000,22.038703750,0.025103750,1,1
rx,2676,22.021792000,22.039288418,0.017496418,1,1
rx,2677,22.029984000,22.039833086,0.009849086,1,1
rx,2678,22.038176000,22.040337754,0.002161754,1,1
tx,2679,22.046368000,22.046368000,0.000000000,1,1
rx,2679,22.046368000,22.046608334,0.000240334,1,1
tx,2680,22.054560000,22.054560000,0.000000000,1,1
rx,2680,22.054560000,22.054800334,0.000240334,1,1
tx,2681,22.062752000,22.062752000,0.000000000,1,1
rx,2681,22.062752000,22.062992334,0.000240334,1,1
tx,2682,22.070944000,22.070944000,0.000000000,1,1
rx,2682,22.070944000,22.071184334,0.000240334,1,1
tx,2683,22.079136000,22.079136000,0.000000000,1,1
rx,2683,22.079136000,22.079376334,0.000240334,1,1
tx,2684,22.087328000,22.087328000,0.000000000,1,1
rx,2684,22.087328000,22.087568334,0.000240334,1,1
tx,2685,22.095520000,22.095520000,0.000000000,1,1
rx,2685,22.095520000,22.095760334,0.000240334,1,1
tx,2686,22.103712000,22.103712000,0.000000000,1,1
rx,2686,22.103712000,22.103952334,0.000240334,1,1
tx,2687,22.111904000,22.111904000,0.000000000,1,1
rx,2687,22.111904000,22.112144334,0.000240334,1,1
tx,2688,22.120096000,22.120096000,0.000000000,1,1
rx,2688,22.120096000,22.120336334,0.000240334,1,1
tx,2689,22.128288000,22.128288000,0.000000000,1,1
rx,2689,22.128288000,22.128528334,0.000240334,1,1
tx,2690,22.136480000,22.136480000,0.000000000,1,1
rx,2690,22.136480000,22.136720334,0.000240334,1,1
tx,2691,22.144672000,22.144672000,0.000000000,1,1
rx,2691,22.144672000,22.144912334,0.000240334,1,1
tx,2692,22.152864000,22.152864000,0.000000000,1,1
rx,2692,22.152864000,22.153104334,0.000240334,1,1
tx,2693,22.161056000,22.161056000,0.000000000,1,1
rx,2693,22.161056000,22.161296334,0.000240334,1,1
tx,2694,22.169248000,22.169248000,0.000000000,1,1
rx,2694,22.169248000,22.169488334,0.000240334,1,1
tx,2695,22.177440000,22.177440000,0.000000000,1,1
rx,2695,22.177440000,22.177680334,0.000240334,1,1
tx,2696,22.185632000,22.185632000,0.000000000,1,1
rx,2696,22.185632000,22.185872334,0.000240334,1,1
tx,2697,22.193824000,22.193824000,0.000000000,1,1
rx,2697,22.193824000,22.194064334,0.000240334,1,1
tx,2698,22.202016000,22.202016000,0.000000000,1,1
rx,2698,22.202016000,22.202256334,0.000240334,1,1
tx,2699,22.210208000,22.210208000,0.000000000,1,1
rx,2699,22.210208000,22.210448334,0.000240334,1,1
tx,2700,22.218400000,22.218400000,0.000000000,1,1
rx,2700,22.218400000,22.218640334,0.000240334,1,1
tx,2701,22.226592000,22.226592000,0.000000000,1,1
rx,2701,22.226592000,22.226832334,0.000240334,1,1
tx,2702,22.234784000,22.234784000,0.000000000,1,1
rx,2702,22.234784000,22.235024334,0.000240334,1,1
tx,2703,22.242976000,22.242976000,0.000000000,1,1
rx,2703,22.242976000,22.243216334,0.000240334,1,1
tx,2704,22.251168000,22.251168000,0.000000000,1,1
rx,2704,22.251168000,22.251408334,0.000240334,1,1
tx,2705,22.259360000,22.259360000,0.000000000,1,1
rx,2705,22.259360000,22.259600334,0.000240334,1,1
tx,2706,22.267552000,22.267552000,0.000000000,1,1
rx,2706,22.267552000,22.267792334,0.000240334,1,1
tx,2707,22.275744000,22.275744000,0.000000000,1,1
rx,2707,22.275744000,22.275984334,0.000240334,1,1
tx,2708,22.283936000,22.283936000,0.000000000,1,1
rx,2708,22.283936000,22.284176334,0.000240334,1,1
tx,2709,22.292128000,22.292128000,0.000000000,1,1
rx,2709,22.292128000,22.292368334,0.000240334,1,1
tx,2710,22.300320000,22.300320000,0.000000000,1,1
rx,2710,22.300320000,22.300560334,0.000240334,1,1
tx,2711,22.308512000,22.308512000,0.000000000,1,1
rx,2711,22.308512000,22.308752334,0.000240334,1,1
tx,2712,22.316704000,22.316704000,0.000000000,1,1
rx,2712,22.316704000,22.316944334,0.000240334,1,1
tx,2713,22.324896000,22.324896000,0.000000000,1,1
rx,2713,22.324896000,22.325136334,0.000240334,1,1
tx,2714,22.333088000,22.333088000,0.000000000,1,1
rx,2714,22.333088000,22.333328334,0.000240334,1,1
tx,2715,22.341280000,22.341280000,0.000000000,1,1
rx,2715,22.341280000,22.341520334,0.000240334,1,1
tx,2716,22.349472000,22.349472000,0.000000000,1,1
rx,2716,22.349472000,22.349712334,0.000240334,1,1
tx,2717,22.357664000,22.357664000,0.000000000,1,1
rx,2717,22.357664000,22.357904334,0.000240334,1,1
tx,2718,22.365856000,22.365856000,0.000000000,1,1
rx,2718,22.365856000,22.366096334,0.000240334,1,1
tx,2719,22.374048000,22.374048000,0.000000000,1,1
rx,2719,22.374048000,22.374288334,0.000240334,1,1
tx,2720,22.382240000,22.382240000,0.000000000,1,1
rx,2720,22.382240000,22.382480334,0.000240334,1,1
tx,2721,22.390432000,22.390432000,0.000000000,1,1
rx,2721,22.390432000,22.390672334,0.000240334,1,1
tx,2722,22.398624000,22.398624000,0.000000000,1,1
rx,2722,22.398624000,22.398864334,0.000240334,1,1
tx,2723,22.406816000,22.406816000,0.000000000,1,1
rx,2723,22.406816000,22.407056334,0.000240334,1,1
tx,2724,22.415008000,22.415008000,0.000000000,1,1
rx,2724,22.415008000,22.415248334,0.000240334,1,1
tx,2725,22.423200000,22.423200000,0.000000000,1,1
rx,2725,22.423200000,22.423440334,0.000240334,1,1
tx,2726,22.431392000,22.431392000,0.000000000,1,1
rx,2726,22.431392000,22.431632334,0.000240334,1,1
tx,2727,22.439584000,22.439584000,0.000000000,1,1
rx,2727,22.439584000,22.439824334,0.000240334,1,1
tx,2728,22.447776000,22.447776000,0.000000000,1,1
rx,2728,22.447776000,22.448016334,0.000240334,1,1
tx,2729,22.455968000,22.455968000,0.000000000,1,1
rx,2729,22.455968000,22.456208334,0.000240334,1,1
tx,2730,22.464160000,22.464160000,0.000000000,1,1
rx,2730,22.464160000,22.464400334,0.000240334,1,1
tx,2731,22.472352000,22.472352000,0.000000000,1,1
rx,2731,22.472352000,22.472592334,0.000240334,1,1
tx,2732,22.480544000,22.480544000,0.000000000,1,1
rx,2732,22.480544000,22.480784334,0.000240334,1,1
tx,2733,22.488736000,22.488736000,0.000000000,1,1
rx,2733,22.488736000,22.488976334,0.000240334,1,1
tx,2734,22.496928000,22.496928000,0.000000000,1,1
rx,2734,22.496928000,22.497168334,0.000240334,1,1
tx,2735,22.505120000,22.505120000,0.000000000,1,1
rx,2735,22.505120000,22.505360334,0.000240334,1,1
tx,2736,22.513312000,22.513312000,0.000000000,1,1
rx,2736,22.513312000,22.513552334,0.000240334,1,1
tx,2737,22.521504000,22.521504000,0.000000000,1,1
rx,2737,22.521504000,22.521744334,0.000240334,1,1
tx,2738,22.529696000,22.529696000,0.000000000,1,1
rx,2738,22.529696000,22.529936334,0.000240334,1,1
tx,2739,22.537888000,22.537888000,0.000000000,1,1
rx,2739,22.537888000,22.538128334,0.000240334,1,1
tx,2740,22.546080000,22.546080000,0.000000000,1,1
rx,2740,22.546080000,22.546320334,0.000240334,1,1
tx,2741,22.554272000,22.554272000,0.000000000,1,1
rx,2741,22.554272000,22.554512334,0.000240334,1,1
tx,2742,22.562464000,22.562464000,0.000000000,1,1
rx,2742,22.562464000,22.562704334,0.000240334,1,1
tx,2743,22.570656000,22.570656000,0.000000000,1,1
rx,2743,22.570656000,22.570896334,0.000240334,1,1
tx,2744,22.578848000,22.578848000,0.000000000,1,1
rx,2744,22.578848000,22.579088334,0.000240334,1,1
tx,2745,22.587040000,22.587040000,0.000000000,1,1
rx,2745,22.587040000,22.587280334,0.000240334,1,1
tx,2746,22.595232000,22.595232000,0.000000000,1,1
rx,2746,22.595232000,22.595472334,0.000240334,1,1
tx,2747,22.603424000,22.603424000,0.000000000,1,1
rx,2747,22.603424000,22.603664334,0.000240334,1,1
tx,2748,22.611616000,22.611616000,0.000000000,1,1
rx,2748,22.611616000,22.611856334,0.000240334,1,1
tx,2749,22.619808000,22.619808000,0.000000000,1,1
rx,2749,22.619808000,22.620048334,0.000240334,1,1
tx,2750,22.628000000,22.628000000,0.000000000,1,1
rx,2750,22.628000000,22.628240334,0.000240334,1,1
tx,2751,22.636192000,22.636192000,0.000000000,1,1
rx,2751,22.636192000,22.636432334,0.000240334,1,1
tx,2752,22.644384000,22.644384000,0.000000000,1,1
rx,2752,22.644384000,22.644624334,0.000240334,1,1
tx,2753,22.652576000,22.652576000,0.000000000,1,1
rx,2753,22.652576000,22.652816334,0.000240334,1,1
tx,2754,22.660768000,22.660768000,0.000000000,1,1
rx,2754,22.660768000,22.661008334,0.000240334,1,1
tx,2755,22.668960000,22.668960000,0.000000000,1,1
rx,2755,22.668960000,22.669200334,0.000240334,1,1
tx,2756,22.677152000,22.677152000,0.000000000,1,1
rx,2756,22.677152000,22.677392334,0.000240334,1,1
tx,2757,22.685344000,22.685344000,0.000000000,1,1
rx,2757,22.685344000,22.685584334,0.000240334,1,1
tx,2758,22.693536000,22.693536000,0.000000000,1,1
rx,2758,22.693536000,22.693776334,0.000240334,1,1
tx,2759,22.701728000,22.701728000,0.000000000,1,1
rx,2759,22.701728000,22.701968334,0.000240334,1,1
tx,2760,22.709920000,22.709920000,0.000000000,1,1
rx,2760,22.709920000,22.710160334,0.000240334,1,1
tx,2761,22.718112000,22.718112000,0.000000000,1,1
rx,2761,22.718112000,22.718352334,0.000240334,1,1
tx,2762,22.726304000,22.726304000,0.000000000,1,1
rx,2762,22.726304000,22.726544334,0.000240334,1,1
tx,2763,22.734496000,22.734496000,0.000000000,1,1
rx,2763,22.734496000,22.734736334,0.000240334,1,1
tx,2764,22.742688000,22.742688000,0.000000000,1,1
rx,2764,22.742688000,22.742928334,0.000240334,1,1
tx,2765,22.750880000,22.750880000,0.000000000,1,1
rx,2765,22.750880000,22.751120334,0.000240334,1,1
tx,2766,22.759072000,22.759072000,0.000000000,1,1
rx,2766,22.759072000,22.759312334,0.000240334,1,1
tx,2767,22.767264000,22.767264000,0.000000000,1,1
rx,2767,22.767264000,22.767504334,0.000240334,1,1
tx,2768,22.775456000,22.775456000,0.000000000,1,1
rx,2768,22.775456000,22.775696334,0.000240334,1,1
tx,2769,22.783648000,22.783648000,0.000000000,1,1
rx,2769,22.783648000,22.783888334,0.000240334,1,1
tx,2770,22.791840000,22.791840000,0.000000000,1,1
rx,2770,22.791840000,22.792080334,0.000240334,1,1
tx,2771,22.800032000,22.800032000,0.000000000,1,1
rx,2771,22.800032000,22.800272334,0.000240334,1,1
tx,2772,22.808224000,22.808224000,0.000000000,1,1
rx,2772,22.808224000,22.808464334,0.000240334,1,1
tx,2773,22.816416000,22.816416000,0.000000000,1,1
rx,2773,22.816416000,22.816656334,0.000240334,1,1
tx,2774,22.824608000,22.824608000,0.000000000,1,1
rx,2774,22.824608000,22.824848334,0.000240334,1,1
tx,2775,22.832800000,22.832800000,0.000000000,1,1
rx,2775,22.832800000,22.833040334,0.000240334,1,1
tx,2776,22.840992000,22.840992000,0.000000000,1,1
rx,2776,22.840992000,22.841232334,0.000240334,1,1
tx,2777,22.849184000,22.849184000,0.000000000,1,1
rx,2777,22.849184000,22.849424334,0.000240334,1,1
tx,2778,22.857376000,22.857376000,0.000000000,1,1
rx,2778,22.857376000,22.857616334,0.000240334,1,1
tx,2779,22.865568000,22.865568000,0.000000000,1,1
rx,2779,22.865568000,22.865808334,0.000240334,1,1
tx,2780,22.873760000,22.873760000,0.000000000,1,1
rx,2780,22.873760000,22.874000334,0.000240334,1,1
tx,2781,22.881952000,22.881952000,0.000000000,1,1
rx,2781,22.881952000,22.882192334,0.000240334,1,1
tx,2782,22.890144000,22.890144000,0.000000000,1,1
rx,2782,22.890144000,22.890384334,0.000240334,1,1
tx,2783,22.898336000,22.898336000,0.000000000,1,1
rx,2783,22.898336000,22.898576334,0.000240334,1,1
tx,2784,22.906528000,22.906528000,0.000000000,1,1
rx,2784,22.906528000,22.906768334,0.000240334,1,1
tx,2785,22.914720000,22.914720000,0.000000000,1,1
rx,2785,22.914720000,22.914960334,0.000240334,1,1
tx,2786,22.922912000,22.922912000,0.000000000,1,1
rx,2786,22.922912000,22.923152334,0.000240334,1,1
tx,2787,22.931104000,22.931104000,0.000000000,1,1
rx,2787,22.931104000,22.931344334,0.000240334,1,1
tx,2788,22.939296000,22.939296000,0.000000000,1,1
rx,2788,22.939296000,22.939536334,0.000240334,1,1
tx,2789,22.947488000,22.947488000,0.000000000,1,1
rx,2789,22.947488000,22.947728334,0.000240334,1,1
tx,2790,22.955680000,22.955680000,0.000000000,1,1
rx,2790,22.955680000,22.955920334,0.000240334,1,1
tx,2791,22.963872000,22.963872000,0.000000000,1,1
rx,2791,22.963872000,22.964112334,0.000240334,1,1
tx,2792,22.972064000,22.972064000,0.000000000,1,1
rx,2792,22.972064000,22.972304334,0.000240334,1,1
tx,2793,22.980256000,22.980256000,0.000000000,1,1
rx,2793,22.980256000,22.980496334,0.000240334,1,1
tx,2794,22.988448000,22.988448000,0.000000000,1,1
rx,2794,22.988448000,22.988688334,0.000240334,1,1
tx,2795,22.996640000,22.996640000,0.000000000,1,1
rx,2795,22.996640000,22.996880334,0.000240334,1,1
tx,2796,23.004832000,23.004832000,0.000000000,0,0
tx,2797,23.013024000,23.013024000,0.000000000,0,0
tx,2798,23.021216000,23.021216000,0.000000000,0,0
tx,2799,23.029408000,23.029408000,0.000000000,0,0
tx,2800,23.037600000,23.037600000,0.000000000,0,0
tx,2801,23.045792000,23.045792000,0.000000000,0,0
tx,2802,23.053984000,23.053984000,0.000000000,0,0
tx,2803,23.062176000,23.062176000,0.000000000,0,0
tx,2804,23.070368000,23.070368000,0.000000000,0,0
tx,2805,23.078560000,23.078560000,0.000000000,0,0
tx,2806,23.086752000,23.086752000,0.000000000,0,0
tx,2807,23.094944000,23.094944000,0.000000000,0,0
tx,2808,23.103136000,23.103136000,0.000000000,0,0
tx,2809,23.111328000,23.111328000,0.000000000,0,0
tx,2810,23.119520000,23.119520000,0.000000000,0,0
tx,2811,23.127712000,23.127712000,0.000000000,0,0
tx,2812,23.135904000,23.135904000,0.000000000,0,0
tx,2813,23.144096000,23.144096000,0.000000000,0,0
tx,2814,23.152288000,23.152288000,0.000000000,0,0
tx,2815,23.160480000,23.160480000,0.000000000,0,0
tx,2816,23.168672000,23.168672000,0.000000000,0,0
tx,2817,23.176864000,23.176864000,0.000000000,0,0
tx,2818,23.185056000,23.185056000,0.000000000,0,0
tx,2819,23.193248000,23.193248000,0.000000000,0,0
tx,2820,23.201440000,23.201440000,0.000000000,0,0
tx,2821,23.209632000,23.209632000,0.000000000,0,0
tx,2822,23.217824000,23.217824000,0.000000000,0,0
tx,2823,23.226016000,23.226016000,0.000000000,0,0
tx,2824,23.234208000,23.234208000,0.000000000,0,0
tx,2825,23.242400000,23.242400000,0.000000000,0,0
tx,2826,23.250592000,23.250592000,0.000000000,0,0
tx,2827,23.258784000,23.258784000,0.000000000,0,0
tx,2828,23.266976000,23.266976000,0.000000000,0,0
tx,2829,23.275168000,23.275168000,0.000000000,0,0
tx,2830,23.283360000,23.283360000,0.000000000,0,0
tx,2831,23.291552000,23.291552000,0.000000000,0,0
tx,2832,23.299744000,23.299744000,0.000000000,0,0
tx,2833,23.307936000,23.307936000,0.000000000,0,0
tx,2834,23.316128000,23.316128000,0.000000000,0,0
tx,2835,23.324320000,23.324320000,0.000000000,0,0
tx,2836,23.332512000,23.332512000,0.000000000,0,0
tx,2837,23.340704000,23.340704000,0.000000000,0,0
tx,2838,23.348896000,23.348896000,0.000000000,0,0
tx,2839,23.357088000,23.357088000,0.000000000,0,0
tx,2840,23.365280000,23.365280000,0.000000000,0,0
tx,2841,23.373472000,23.373472000,0.000000000,0,0
tx,2842,23.381664000,23.381664000,0.000000000,0,0
tx,2843,23.389856000,23.389856000,0.000000000,0,0
tx,2844,23.398048000,23.398048000,0.000000000,0,0
tx,2845,23.406240000,23.406240000,0.000000000,0,0
tx,2846,23.414432000,23.414432000,0.000000000,0,0
tx,2847,23.422624000,23.422624000,0.000000000,0,0
tx,2848,23.430816000,23.430816000,0.000000000,0,0
tx,2849,23.439008000,23.439008000,0.000000000,0,0
tx,2850,23.447200000,23.447200000,0.000000000,0,0
tx,2851,23.455392000,23.455392000,0.000000000,0,0
tx,2852,23.463584000,23.463584000,0.000000000,0,0
tx,2853,23.471776000,23.471776000,0.000000000,0,0
tx,2854,23.479968000,23.479968000,0.000000000,0,0
tx,2855,23.488160000,23.488160000,0.000000000,0,0
tx,2856,23.496352000,23.496352000,0.000000000,0,0
tx,2857,23.504544000,23.504544000,0.000000000,0,0
tx,2858,23.512736000,23.512736000,0.000000000,0,0
tx,2859,23.520928000,23.520928000,0.000000000,0,0
tx,2860,23.529120000,23.529120000,0.000000000,0,0
tx,2861,23.537312000,23.537312000,0.000000000,0,0
tx,2862,23.545504000,23.545504000,0.000000000,0,0
tx,2863,23.553696000,23.553696000,0.000000000,0,0
tx,2864,23.561888000,23.561888000,0.000000000,0,0
tx,2865,23.570080000,23.570080000,0.000000000,0,0
tx,2866,23.578272000,23.578272000,0.000000000,0,0
tx,2867,23.586464000,23.586464000,0.000000000,0,0
tx,2868,23.594656000,23.594656000,0.000000000,0,0
tx,2869,23.602848000,23.602848000,0.000000000,0,0
tx,2870,23.611040000,23.611040000,0.000000000,0,0
tx,2871,23.619232000,23.619232000,0.000000000,0,0
tx,2872,23.627424000,23.627424000,0.000000000,0,0
tx,2873,23.635616000,23.635616000,0.000000000,0,0
tx,2874,23.643808000,23.643808000,0.000000000,0,0
tx,2875,23.652000000,23.652000000,0.000000000,0,0
tx,2876,23.660192000,23.660192000,0.000000000,0,0
tx,2877,23.668384000,23.668384000,0.000000000,0,0
tx,2878,23.676576000,23.676576000,0.000000000,0,0
tx,2879,23.684768000,23.684768000,0.000000000,0,0
tx,2880,23.692960000,23.692960000,0.000000000,0,0
tx,2881,23.701152000,23.701152000,0.000000000,0,0
tx,2882,23.709344000,23.709344000,0.000000000,0,0
tx,2883,23.717536000,23.717536000,0.000000000,0,0
tx,2884,23.725728000,23.725728000,0.000000000,0,0
tx,2885,23.733920000,23.733920000,0.000000000,0,0
tx,2886,23.742112000,23.742112000,0.000000000,0,0
tx,2887,23.750304000,23.750304000,0.000000000,0,0
tx,2888,23.758496000,23.758496000,0.000000000,0,0
tx,2889,23.766688000,23.766688000,0.000000000,0,0
tx,2890,23.774880000,23.774880000,0.000000000,0,0
tx,2891,23.783072000,23.783072000,0.000000000,0,0
tx,2892,23.791264000,23.791264000,0.000000000,0,0
tx,2893,23.799456000,23.799456000,0.000000000,0,0
tx,2894,23.807648000,23.807648000,0.000000000,0,0
tx,2895,23.815840000,23.815840000,0.000000000,0,0
tx,2896,23.824032000,23.824032000,0.000000000,0,0
tx,2897,23.832224000,23.832224000,0.000000000,0,0
tx,2898,23.840416000,23.840416000,0.000000000,0,0
tx,2899,23.848608000,23.848608000,0.000000000,0,0
tx,2900,23.856800000,23.856800000,0.000000000,0,0
tx,2901,23.864992000,23.864992000,0.000000000,0,0
tx,2902,23.873184000,23.873184000,0.000000000,0,0
tx,2903,23.881376000,23.881376000,0.000000000,0,0
tx,2904,23.889568000,23.889568000,0.000000000,0,0
tx,2905,23.897760000,23.897760000,0.000000000,0,0
tx,2906,23.905952000,23.905952000,0.000000000,0,0
tx,2907,23.914144000,23.914144000,0.000000000,0,0
tx,2908,23.922336000,23.922336000,0.000000000,0,0
tx,2909,23.930528000,23.930528000,0.000000000,0,0
tx,2910,23.938720000,23.938720000,0.000000000,0,0
tx,2911,23.946912000,23.946912000,0.000000000,0,0
tx,2912,23.955104000,23.955104000,0.000000000,0,0
tx,2913,23.963296000,23.963296000,0.000000000,0,0
tx,2914,23.971488000,23.971488000,0.000000000,0,0
tx,2915,23.979680000,23.979680000,0.000000000,0,0
tx,2916,23.987872000,23.987872000,0.000000000,0,0
tx,2917,23.996064000,23.996064000,0.000000000,0,0
tx,2918,24.004256000,24.004256000,0.000000000,1,1
tx,2919,24.012448000,24.012448000,0.000000000,1,1
rx,2858,23.512736000,24.015224334,0.502488334,1,1
rx,2859,23.520928000,24.015899002,0.494971002,1,1
rx,2860,23.529120000,24.016363670,0.487243670,1,1
rx,2861,23.537312000,24.016728338,0.479416338,1,1
rx,2862,23.545504000,24.017253006,0.471749006,1,1
rx,2863,23.553696000,24.017777674,0.464081674,1,1
rx,2864,23.561888000,24.018342342,0.456454342,1,1
rx,2865,23.570080000,24.018647010,0.448567010,1,1
rx,2866,23.578272000,24.019211678,0.440939678,1,1
rx,2867,23.586464000,24.019496346,0.433032346,1,1
rx,2868,23.594656000,24.020021014,0.425365014,1,1
rx,2869,23.602848000,24.020405682,0.417557682,1,1
tx,2920,24.020640000,24.020640000,0.000000000,1,1
rx,2870,23.611040000,24.020750350,0.409710350,1,1
rx,2871,23.619232000,24.021315018,0.402083018,1,1
rx,2872,23.627424000,24.021759686,0.394335686,1,1
rx,2873,23.635616000,24.022144354,0.386528354,1,1
rx,2874,23.643808000,24.022729022,0.378921022,1,1
rx,2875,23.652000000,24.023093690,0.371093690,1,1
rx,2876,23.660192000,24.023518358,0.363326358,1,1
rx,2877,23.668384000,24.023923026,0.355539026,1,1
rx,2878,23.676576000,24.024347694,0.347771694,1,1
rx,2879,23.684768000,24.024772362,0.340004362,1,1
rx,2880,23.692960000,24.025177030,0.332217030,1,1
rx,2881,23.701152000,24.025701698,0.324549698,1,1
rx,2882,23.709344000,24.026026366,0.316682366,1,1
rx,2883,23.717536000,24.026511034,0.308975034,1,1
rx,2884,23.725728000,24.026955702,0.301227702,1,1
rx,2885,23.733920000,24.027340370,0.293420370,1,1
rx,2886,23.742112000,24.027625038,0.285513038,1,1
rx,2887,23.750304000,24.027989706,0.277685706,1,1
rx,2888,23.758496000,24.028334374,0.269838374,1,1
tx,2921,24.028832000,24.028832000,0.000000000,1,1
rx,2889,23.766688000,24.028859042,0.262171042,1,1
rx,2890,23.774880000,24.029283710,0.254403710,1,1
rx,2891,23.783072000,24.029668378,0.246596378,1,1
rx,2892,23.791264000,24.029953046,0.238689046,1,1
rx,2893,23.799456000,24.030337714,0.230881714,1,1
rx,2894,23.807648000,24.030662382,0.223014382,1,1
rx,2895,23.815840000,24.031027050,0.215187050,1,1
rx,2896,23.824032000,24.031511718,0.207479718,1,1
rx,2897,23.832224000,24.031936386,0.199712386,1,1
rx,2898,23.840416000,24.032461054,0.192045054,1,1
rx,2899,23.848608000,24.032865722,0.184257722,1,1
rx,2900,23.856800000,24.033150390,0.176350390,1,1
rx,2901,23.864992000,24.033715058,0.168723058,1,1
rx,2902,23.873184000,24.034019726,0.160835726,1,1
rx,2903,23.881376000,24.034584394,0.153208394,1,1
rx,2904,23.889568000,24.034869062,0.145301062,1,1
rx,2905,23.897760000,24.035373730,0.137613730,1,1
rx,2906,23.905952000,24.035718398,0.129766398,1,1
rx,2907,23.914144000,24.036163066,0.122019066,1,1
rx,2908,23.922336000,24.036447734,0.114111734,1,1
rx,2909,23.930528000,24.036832402,0.106304402,1,1
tx,2922,24.037024000,24.037024000,0.000000000,1,1
rx,2910,23.938720000,24.037377070,0.098657070,1,1
rx,2911,23.946912000,24.037921738,0.091009738,1,1
rx,2912,23.955104000,24.038286406,0.083182406,1,1
rx,2913,23.963296000,24.038611074,0.075315074,1,1
rx,2914,23.971488000,24.039155742,0.067667742,1,1
rx,2915,23.979680000,24.039500410,0.059820410,1,1
rx,2916,23.987872000,24.039985078,0.052113078,1,1
rx,2917,23.996064000,24.040289746,0.044225746,1,1
rx,2918,24.004256000,24.040774414,0.036518414,1,1
rx,2919,24.012448000,24.041079082,0.028631082,1,1
rx,2920,24.020640000,24.041383750,0.020743750,1,1
rx,2921,24.028832000,24.041708418,0.012876418,1,1
rx,2922,24.037024000,24.042253086,0.005229086,1,1
tx,2923,24.045216000,24.045216000,0.000000000,1,1
rx,2923,24.045216000,24.045456334,0.000240334,1,1
tx,2924,24.053408000,24.053408000,0.000000000,1,1
rx,2924,24.053408000,24.053648334,0.000240334,1,1
tx,2925,24.061600000,24.061600000,0.000000000,1,1
rx,2925,24.061600000,24.061840334,0.000240334,1,1
tx,2926,24.069792000,24.069792000,0.000000000,1,1
rx,2926,24.069792000,24.070032334,0.000240334,1,1
tx,2927,24.077984000,24.077984000,0.000000000,1,1
rx,2927,24.077984000,24.078224334,0.000240334,1,1
tx,2928,24.086176000,24.086176000,0.000000000,1,1
rx,2928,24.086176000,24.086416334,0.000240334,1,1
tx,2929,24.094368000,24.094368000,0.000000000,1,1
rx,2929,24.094368000,24.094608334,0.000240334,1,1
tx,2930,24.102560000,24.102560000,0.000000000,1,1
rx,2930,24.102560000,24.102800334,0.000240334,1,1
tx,2931,24.110752000,24.110752000,0.000000000,1,1
rx,2931,24.110752000,24.110992334,0.000240334,1,1
tx,2932,24.118944000,24.118944000,0.000000000,1,1
rx,2932,24.118944000,24.119184334,0.000240334,1,1
tx,2933,24.127136000,24.127136000,0.000000000,1,1
rx,2933,24.127136000,24.127376334,0.000240334,1,1
tx,2934,24.135328000,24.135328000,0.000000000,1,1
rx,2934,24.135328000,24.135568334,0.000240334,1,1
tx,2935,24.143520000,24.143520000,0.000000000,1,1
rx,2935,24.143520000,24.143760334,0.000240334,1,1
tx,2936,24.151712000,24.151712000,0.000000000,1,1
rx,2936,24.151712000,24.151952334,0.000240334,1,1
tx,2937,24.159904000,24.159904000,0.000000000,1,1
rx,2937,24.159904000,24.160144334,0.000240334,1,1
tx,2938,24.168096000,24.168096000,0.000000000,1,1
rx,2938,24.168096000,24.168336334,0.000240334,1,1
tx,2939,24.176288000,24.176288000,0.000000000,1,1
rx,2939,24.176288000,24.176528334,0.000240334,1,1
tx,2940,24.184480000,24.184480000,0.000000000,1,1
rx,2940,24.184480000,24.184720334,0.000240334,1,1
tx,2941,24.192672000,24.192672000,0.000000000,1,1
rx,2941,24.192672000,24.192912334,0.000240334,1,1
tx,2942,24.200864000,24.200864000,0.000000000,1,1
rx,2942,24.200864000,24.201104334,0.000240334,1,1
tx,2943,24.209056000,24.209056000,0.000000000,1,1
rx,2943,24.209056000,24.209296334,0.000240334,1,1
tx,2944,24.217248000,24.217248000,0.000000000,1,1
rx,2944,24.217248000,24.217488334,0.000240334,1,1
tx,2945,24.225440000,24.225440000,0.000000000,1,1
rx,2945,24.225440000,24.225680334,0.000240334,1,1
tx,2946,24.233632000,24.233632000,0.000000000,1,1
rx,2946,24.233632000,24.233872334,0.000240334,1,1
tx,2947,24.241824000,24.241824000,0.000000000,1,1
rx,2947,24.241824000,24.242064334,0.000240334,1,1
tx,2948,24.250016000,24.250016000,0.000000000,1,1
rx,2948,24.250016000,24.250256334,0.000240334,1,1
tx,2949,24.258208000,24.258208000,0.000000000,1,1
rx,2949,24.258208000,24.258448334,0.000240334,1,1
tx,2950,24.266400000,24.266400000,0.000000000,1,1
rx,2950,24.266400000,24.266640334,0.000240334,1,1
tx,2951,24.274592000,24.274592000,0.000000000,1,1
rx,2951,24.274592000,24.274832334,0.000240334,1,1
tx,2952,24.282784000,24.282784000,0.000000000,1,1
rx,2952,24.282784000,24.283024334,0.000240334,1,1
tx,2953,24.290976000,24.290976000,0.000000000,1,1
rx,2953,24.290976000,24.291216334,0.000240334,1,1
tx,2954,24.299168000,24.299168000,0.000000000,1,1
rx,2954,24.299168000,24.299408334,0.000240334,1,1
tx,2955,24.307360000,24.307360000,0.000000000,1,1
rx,2955,24.307360000,24.307600334,0.000240334,1,1
tx,2956,24.315552000,24.315552000,0.000000000,1,1
rx,2956,24.315552000,24.315792334,0.000240334,1,1
tx,2957,24.323744000,24.323744000,0.000000000,1,1
rx,2957,24.323744000,24.323984334,0.000240334,1,1
tx,2958,24.331936000,24.331936000,0.000000000,1,1
rx,2958,24.331936000,24.332176334,0.000240334,1,1
tx,2959,24.340128000,24.340128000,0.000000000,1,1
rx,2959,24.340128000,24.340368334,0.000240334,1,1
tx,2960,24.348320000,24.348320000,0.000000000,1,1
rx,2960,24.348320000,24.348560334,0.000240334,1,1
tx,2961,24.356512000,24.356512000,0.000000000,1,1
rx,2961,24.356512000,24.356752334,0.000240334,1,1
tx,2962,24.364704000,24.364704000,0.000000000,1,1
rx,2962,24.364704000,24.364944334,0.000240334,1,1
tx,2963,24.372896000,24.372896000,0.000000000,1,1
rx,2963,24.372896000,24.373136334,0.000240334,1,1
tx,2964,24.381088000,24.381088000,0.000000000,1,1
rx,2964,24.381088000,24.381328334,0.000240334,1,1
tx,2965,24.389280000,24.389280000,0.000000000,1,1
rx,2965,24.389280000,24.389520334,0.000240334,1,1
tx,2966,24.397472000,24.397472000,0.000000000,1,1
rx,2966,24.397472000,24.397712334,0.000240334,1,1
tx,2967,24.405664000,24.405664000,0.000000000,1,1
rx,2967,24.405664000,24.405904334,0.000240334,1,1
tx,2968,24.413856000,24.413856000,0.000000000,1,1
rx,2968,24.413856000,24.414096334,0.000240334,1,1
tx,2969,24.422048000,24.422048000,0.000000000,1,1
rx,2969,24.422048000,24.422288334,0.000240334,1,1
tx,2970,24.430240000,24.430240000,0.000000000,1,1
rx,2970,24.430240000,24.430480334,0.000240334,1,1
tx,2971,24.438432000,24.438432000,0.000000000,1,1
rx,2971,24.438432000,24.438672334,0.000240334,1,1
tx,2972,24.446624000,24.446624000,0.000000000,1,1
rx,2972,24.446624000,24.446864334,0.000240334,1,1
tx,2973,24.454816000,24.454816000,0.000000000,1,1
rx,2973,24.454816000,24.455056334,0.000240334,1,1
tx,2974,24.463008000,24.463008000,0.000000000,1,1
rx,2974,24.463008000,24.463248334,0.000240334,1,1
tx,2975,24.471200000,24.471200000,0.000000000,1,1
rx,2975,24.471200000,24.471440334,0.000240334,1,1
tx,2976,24.479392000,24.479392000,0.000000000,1,1
rx,2976,24.479392000,24.479632334,0.000240334,1,1
tx,2977,24.487584000,24.487584000,0.000000000,1,1
rx,2977,24.487584000,24.487824334,0.000240334,1,1
tx,2978,24.495776000,24.495776000,0.000000000,1,1
rx,2978,24.495776000,24.496016334,0.000240334,1,1
tx,2979,24.503968000,24.503968000,0.000000000,1,1
rx,2979,24.503968000,24.504208334,0.000240334,1,1
tx,2980,24.512160000,24.512160000,0.000000000,1,1
rx,2980,24.512160000,24.512400334,0.000240334,1,1
tx,2981,24.520352000,24.520352000,0.000000000,1,1
rx,2981,24.520352000,24.520592334,0.000240334,1,1
tx,2982,24.528544000,24.528544000,0.000000000,1,1
rx,2982,24.528544000,24.528784334,0.000240334,1,1
tx,2983,24.536736000,24.536736000,0.000000000,1,1
rx,2983,24.536736000,24.536976334,0.000240334,1,1
tx,2984,24.544928000,24.544928000,0.000000000,1,1
rx,2984,24.544928000,24.545168334,0.000240334,1,1
tx,2985,24.553120000,24.553120000,0.000000000,1,1
rx,2985,24.553120000,24.553360334,0.000240334,1,1
tx,2986,24.561312000,24.561312000,0.000000000,1,1
rx,2986,24.561312000,24.561552334,0.000240334,1,1
tx,2987,24.569504000,24.569504000,0.000000000,1,1
rx,2987,24.569504000,24.569744334,0.000240334,1,1
tx,2988,24.577696000,24.577696000,0.000000000,1,1
rx,2988,24.577696000,24.577936334,0.000240334,1,1
tx,2989,24.585888000,24.585888000,0.000000000,1,1
rx,2989,24.585888000,24.586128334,0.000240334,1,1
tx,2990,24.594080000,24.594080000,0.000000000,1,1
rx,2990,24.594080000,24.594320334,0.000240334,1,1
tx,2991,24.602272000,24.602272000,0.000000000,1,1
rx,2991,24.602272000,24.602512334,0.000240334,1,1
tx,2992,24.610464000,24.610464000,0.000000000,1,1
rx,2992,24.610464000,24.610704334,0.000240334,1,1
tx,2993,24.618656000,24.618656000,0.000000000,1,1
rx,2993,24.618656000,24.618896334,0.000240334,1,1
tx,2994,24.626848000,24.626848000,0.000000000,1,1
rx,2994,24.626848000,24.627088334,0.000240334,1,1
tx,2995,24.635040000,24.635040000,0.000000000,1,1
rx,2995,24.635040000,24.635280334,0.000240334,1,1
tx,2996,24.643232000,24.643232000,0.000000000,1,1
rx,2996,24.643232000,24.643472334,0.000240334,1,1
tx,2997,24.651424000,24.651424000,0.000000000,1,1
rx,2997,24.651424000,24.651664334,0.000240334,1,1
tx,2998,24.659616000,24.659616000,0.000000000,1,1
rx,2998,24.659616000,24.659856334,0.000240334,1,1
tx,2999,24.667808000,24.667808000,0.000000000,1,1
rx,2999,24.667808000,24.668048334,0.000240334,1,1
tx,3000,24.676000000,24.676000000,0.000000000,1,1
rx,3000,24.676000000,24.676240334,0.000240334,1,1
tx,3001,24.684192000,24.684192000,0.000000000,1,1
rx,3001,24.684192000,24.684432334,0.000240334,1,1
tx,3002,24.692384000,24.692384000,0.000000000,1,1
rx,3002,24.692384000,24.692624334,0.000240334,1,1
tx,3003,24.700576000,24.700576000,0.000000000,1,1
rx,3003,24.700576000,24.700816334,0.000240334,1,1
tx,3004,24.708768000,24.708768000,0.000000000,1,1
rx,3004,24.708768000,24.709008334,0.000240334,1,1
tx,3005,24.716960000,24.716960000,0.000000000,1,1
rx,3005,24.716960000,24.717200334,0.000240334,1,1
tx,3006,24.725152000,24.725152000,0.000000000,1,1
rx,3006,24.725152000,24.725392334,0.000240334,1,1
tx,3007,24.733344000,24.733344000,0.000000000,1,1
rx,3007,24.733344000,24.733584334,0.000240334,1,1
tx,3008,24.741536000,24.741536000,0.000000000,1,1
rx,3008,24.741536000,24.741776334,0.000240334,1,1
tx,3009,24.749728000,24.749728000,0.000000000,1,1
rx,3009,24.749728000,24.749968334,0.000240334,1,1
tx,3010,24.757920000,24.757920000,0.000000000,1,1
rx,3010,24.757920000,24.758160334,0.000240334,1,1
tx,3011,24.766112000,24.766112000,0.000000000,1,1
rx,3011,24.766112000,24.766352334,0.000240334,1,1
tx,3012,24.774304000,24.774304000,0.000000000,1,1
rx,3012,24.774304000,24.774544334,0.000240334,1,1
tx,3013,24.782496000,24.782496000,0.000000000,1,1
rx,3013,24.782496000,24.782736334,0.000240334,1,1
tx,3014,24.790688000,24.790688000,0.000000000,1,1
rx,3014,24.790688000,24.790928334,0.000240334,1,1
tx,3015,24.798880000,24.798880000,0.000000000,1,1
rx,3015,24.798880000,24.799120334,0.000240334,1,1
tx,3016,24.807072000,24.807072000,0.000000000,1,1
rx,3016,24.807072000,24.807312334,0.000240334,1,1
tx,3017,24.815264000,24.815264000,0.000000000,1,1
rx,3017,24.815264000,24.815504334,0.000240334,1,1
tx,3018,24.823456000,24.823456000,0.000000000,1,1
rx,3018,24.823456000,24.823696334,0.000240334,1,1
tx,3019,24.831648000,24.831648000,0.000000000,1,1
rx,3019,24.831648000,24.831888334,0.000240334,1,1
tx,3020,24.839840000,24.839840000,0.000000000,1,1
rx,3020,24.839840000,24.840080334,0.000240334,1,1
tx,3021,24.848032000,24.848032000,0.000000000,1,1
rx,3021,24.848032000,24.848272334,0.000240334,1,1
tx,3022,24.856224000,24.856224000,0.000000000,1,1
rx,3022,24.856224000,24.856464334,0.000240334,1,1
tx,3023,24.864416000,24.864416000,0.000000000,1,1
rx,3023,24.864416000,24.864656334,0.000240334,1,1
tx,3024,24.872608000,24.872608000,0.000000000,1,1
rx,3024,24.872608000,24.872848334,0.000240334,1,1
tx,3025,24.880800000,24.880800000,0.000000000,1,1
rx,3025,24.880800000,24.881040334,0.000240334,1,1
tx,3026,24.888992000,24.888992000,0.000000000,1,1
rx,3026,24.888992000,24.889232334,0.000240334,1,1
tx,3027,24.897184000,24.897184000,0.000000000,1,1
rx,3027,24.897184000,24.897424334,0.000240334,1,1
tx,3028,24.905376000,24.905376000,0.000000000,1,1
rx,3028,24.905376000,24.905616334,0.000240334,1,1
tx,3029,24.913568000,24.913568000,0.000000000,1,1
rx,3029,24.913568000,24.913808334,0.000240334,1,1
tx,3030,24.921760000,24.921760000,0.000000000,1,1
rx,3030,24.921760000,24.922000334,0.000240334,1,1
tx,3031,24.929952000,24.929952000,0.000000000,1,1
rx,3031,24.929952000,24.930192334,0.000240334,1,1
tx,3032,24.938144000,24.938144000,0.000000000,1,1
rx,3032,24.938144000,24.938384334,0.000240334,1,1
tx,3033,24.946336000,24.946336000,0.000000000,1,1
rx,3033,24.946336000,24.946576334,0.000240334,1,1
tx,3034,24.954528000,24.954528000,0.000000000,1,1
rx,3034,24.954528000,24.954768334,0.000240334,1,1
tx,3035,24.962720000,24.962720000,0.000000000,1,1
rx,3035,24.962720000,24.962960334,0.000240334,1,1
tx,3036,24.970912000,24.970912000,0.000000000,1,1
rx,3036,24.970912000,24.971152334,0.000240334,1,1
tx,3037,24.979104000,24.979104000,0.000000000,1,1
rx,3037,24.979104000,24.979344334,0.000240334,1,1
tx,3038,24.987296000,24.987296000,0.000000000,1,1
rx,3038,24.987296000,24.987536334,0.000240334,1,1
tx,3039,24.995488000,24.995488000,0.000000000,1,1
rx,3039,24.995488000,24.995728334,0.000240334,1,1
tx,3040,25.003680000,25.003680000,0.000000000,0,0
tx,3041,25.011872000,25.011872000,0.000000000,0,0
tx,3042,25.020064000,25.020064000,0.000000000,0,0
tx,3043,25.028256000,25.028256000,0.000000000,0,0
tx,3044,25.036448000,25.036448000,0.000000000,0,0
tx,3045,25.044640000,25.044640000,0.000000000,0,0
tx,3046,25.052832000,25.052832000,0.000000000,0,0
tx,3047,25.061024000,25.061024000,0.000000000,0,0
tx,3048,25.069216000,25.069216000,0.000000000,0,0
tx,3049,25.077408000,25.077408000,0.000000000,0,0
tx,3050,25.085600000,25.085600000,0.000000000,0,0
tx,3051,25.093792000,25.093792000,0.000000000,0,0
tx,3052,25.101984000,25.101984000,0.000000000,0,0
tx,3053,25.110176000,25.110176000,0.000000000,0,0
tx,3054,25.118368000,25.118368000,0.000000000,0,0
tx,3055,25.126560000,25.126560000,0.000000000,0,0
tx,3056,25.134752000,25.134752000,0.000000000,0,0
tx,3057,25.142944000,25.142944000,0.000000000,0,0
tx,3058,25.151136000,25.151136000,0.000000000,0,0
tx,3059,25.159328000,25.159328000,0.000000000,0,0
tx,3060,25.167520000,25.167520000,0.000000000,0,0
tx,3061,25.175712000,25.175712000,0.000000000,0,0
tx,3062,25.183904000,25.183904000,0.000000000,0,0
tx,3063,25.192096000,25.192096000,0.000000000,0,0
tx,3064,25.200288000,25.200288000,0.000000000,0,0
tx,3065,25.208480000,25.208480000,0.000000000,0,0
tx,3066,25.216672000,25.216672000,0.000000000,0,0
tx,3067,25.224864000,25.224864000,0.000000000,0,0
tx,3068,25.233056000,25.233056000,0.000000000,0,0
tx,3069,25.241248000,25.241248000,0.000000000,0,0
tx,3070,25.249440000,25.249440000,0.000000000,0,0
tx,3071,25.257632000,25.257632000,0.000000000,0,0
tx,3072,25.265824000,25.265824000,0.000000000,0,0
tx,3073,25.274016000,25.274016000,0.000000000,0,0
tx,3074,25.282208000,25.282208000,0.000000000,0,0
tx,3075,25.290400000,25.290400000,0.000000000,0,0
tx,3076,25.298592000,25.298592000,0.000000000,0,0
tx,3077,25.306784000,25.306784000,0.000000000,0,0
tx,3078,25.314976000,25.314976000,0.000000000,0,0
tx,3079,25.323168000,25.323168000,0.000000000,0,0
tx,3080,25.331360000,25.331360000,0.000000000,0,0
tx,3081,25.339552000,25.339552000,0.000000000,0,0
tx,3082,25.347744000,25.347744000,0.000000000,0,0
tx,3083,25.355936000,25.355936000,0.000000000,0,0
tx,3084,25.364128000,25.364128000,0.000000000,0,0
tx,3085,25.372320000,25.372320000,0.000000000,0,0
tx,3086,25.380512000,25.380512000,0.000000000,0,0
tx,3087,25.388704000,25.388704000,0.000000000,0,0
tx,3088,25.396896000,25.396896000,0.000000000,0,0
tx,3089,25.405088000,25.405088000,0.000000000,0,0
tx,3090,25.413280000,25.413280000,0.000000000,0,0
tx,3091,25.421472000,25.421472000,0.000000000,0,0
tx,3092,25.429664000,25.429664000,0.000000000,0,0
tx,3093,25.437856000,25.437856000,0.000000000,0,0
tx,3094,25.446048000,25.446048000,0.000000000,0,0
tx,3095,25.454240000,25.454240000,0.000000000,0,0
tx,3096,25.462432000,25.462432000,0.000000000,0,0
tx,3097,25.470624000,25.470624000,0.000000000,0,0
tx,3098,25.478816000,25.478816000,0.000000000,0,0
tx,3099,25.487008000,25.487008000,0.000000000,0,0
tx,3100,25.495200000,25.495200000,0.000000000,0,0
tx,3101,25.503392000,25.503392000,0.000000000,0,0
tx,3102,25.511584000,25.511584000,0.000000000,0,0
tx,3103,25.519776000,25.519776000,0.000000000,0,0
tx,3104,25.527968000,25.527968000,0.000000000,0,0
tx,3105,25.536160000,25.536160000,0.000000000,0,0
tx,3106,25.544352000,25.544352000,0.000000000,0,0
tx,3107,25.552544000,25.552544000,0.000000000,0,0
tx,3108,25.560736000,25.560736000,0.000000000,0,0
tx,3109,25.568928000,25.568928000,0.000000000,0,0
tx,3110,25.577120000,25.577120000,0.000000000,0,0
tx,3111,25.585312000,25.585312000,0.000000000,0,0
tx,3112,25.593504000,25.593504000,0.000000000,0,0
tx,3113,25.601696000,25.601696000,0.000000000,0,0
tx,3114,25.609888000,25.609888000,0.000000000,0,0
tx,3115,25.618080000,25.618080000,0.000000000,0,0
tx,3116,25.626272000,25.626272000,0.000000000,0,0
tx,3117,25.634464000,25.634464000,0.000000000,0,0
tx,3118,25.642656000,25.642656000,0.000000000,0,0
tx,3119,25.650848000,25.650848000,0.000000000,0,0
tx,3120,25.659040000,25.659040000,0.000000000,0,0
tx,3121,25.667232000,25.667232000,0.000000000,0,0
tx,3122,25.675424000,25.675424000,0.000000000,0,0
tx,3123,25.683616000,25.683616000,0.000000000,0,0
tx,3124,25.691808000,25.691808000,0.000000000,0,0
tx,3125,25.700000000,25.700000000,0.000000000,0,0
tx,3126,25.708192000,25.708192000,0.000000000,0,0
tx,3127,25.716384000,25.716384000,0.000000000,0,0
tx,3128,25.724576000,25.724576000,0.000000000,0,0
tx,3129,25.732768000,25.732768000,0.000000000,0,0
tx,3130,25.740960000,25.740960000,0.000000000,0,0
tx,3131,25.749152000,25.749152000,0.000000000,0,0
tx,3132,25.757344000,25.757344000,0.000000000,0,0
tx,3133,25.765536000,25.765536000,0.000000000,0,0
tx,3134,25.773728000,25.773728000,0.000000000,0,0
tx,3135,25.781920000,25.781920000,0.000000000,0,0
tx,3136,25.790112000,25.790112000,0.000000000,0,0
tx,3137,25.798304000,25.798304000,0.000000000,0,0
tx,3138,25.806496000,25.806496000,0.000000000,0,0
tx,3139,25.814688000,25.814688000,0.000000000,0,0
tx,3140,25.822880000,25.822880000,0.000000000,0,0
tx,3141,25.831072000,25.831072000,0.000000000,0,0
tx,3142,25.839264000,25.839264000,0.000000000,0,0
tx,3143,25.847456000,25.847456000,0.000000000,0,0
tx,3144,25.855648000,25.855648000,0.000000000,0,0
tx,3145,25.863840000,25.863840000,0.000000000,0,0
tx,3146,25.872032000,25.872032000,0.000000000,0,0
tx,3147,25.880224000,25.880224000,0.000000000,0,0
tx,3148,25.888416000,25.888416000,0.000000000,0,0
tx,3149,25.896608000,25.896608000,0.000000000,0,0
tx,3150,25.904800000,25.904800000,0.000000000,0,0
tx,3151,25.912992000,25.912992000,0.000000000,0,0
tx,3152,25.921184000,25.921184000,0.000000000,0,0
tx,3153,25.929376000,25.929376000,0.000000000,0,0
tx,3154,25.937568000,25.937568000,0.000000000,0,0
tx,3155,25.945760000,25.945760000,0.000000000,0,0
tx,3156,25.953952000,25.953952000,0.000000000,0,0
tx,3157,25.962144000,25.962144000,0.000000000,0,0
tx,3158,25.970336000,25.970336000,0.000000000,0,0
tx,3159,25.978528000,25.978528000,0.000000000,0,0
tx,3160,25.986720000,25.986720000,0.000000000,0,0
tx,3161,25.994912000,25.994912000,0.000000000,0,0
tx,3162,26.003104000,26.003104000,0.000000000,1,1
tx,3163,26.011296000,26.011296000,0.000000000,1,1
rx,3101,25.503392000,26.012132334,0.508740334,1,1
rx,3103,25.519776000,26.012847002,0.493071002,1,1
rx,3104,25.527968000,26.013271670,0.485303670,1,1
rx,3105,25.536160000,26.013736338,0.477576338,1,1
rx,3106,25.544352000,26.014081006,0.469729006,1,1
rx,3107,25.552544000,26.014605674,0.462061674,1,1
rx,3108,25.560736000,26.015090342,0.454354342,1,1
rx,3109,25.568928000,26.015515010,0.446587010,1,1
rx,3110,25.577120000,26.015799678,0.438679678,1,1
rx,3111,25.585312000,26.016164346,0.430852346,1,1
rx,3112,25.593504000,26.016509014,0.423005014,1,1
rx,3113,25.601696000,26.016833682,0.415137682,1,1
rx,3114,25.609888000,26.017138350,0.407250350,1,1
rx,3115,25.618080000,26.017543018,0.399463018,1,1
rx,3116,25.626272000,26.018047686,0.391775686,1,1
rx,3117,25.634464000,26.018432354,0.383968354,1,1
rx,3118,25.642656000,26.018817022,0.376161022,1,1
rx,3119,25.650848000,26.019341690,0.368493690,1,1
tx,3164,26.019488000,26.019488000,0.000000000,1,1
rx,3120,25.659040000,26.019866358,0.360826358,1,1
rx,3121,25.667232000,26.020451026,0.353219026,1,1
rx,3122,25.675424000,26.020875694,0.345451694,1,1
rx,3123,25.683616000,26.021200362,0.337584362,1,1
rx,3124,25.691808000,26.021625030,0.329817030,1,1
rx,3125,25.700000000,26.022169698,0.322169698,1,1
rx,3126,25.708192000,26.022554366,0.314362366,1,1
rx,3127,25.716384000,26.023039034,0.306655034,1,1
rx,3128,25.724576000,26.023483702,0.298907702,1,1
rx,3129,25.732768000,26.023988370,0.291220370,1,1
rx,3130,25.740960000,26.024293038,0.283333038,1,1
rx,3131,25.749152000,26.024677706,0.275525706,1,1
rx,3132,25.757344000,26.025202374,0.267858374,1,1
rx,3133,25.765536000,26.025627042,0.260091042,1,1
rx,3134,25.773728000,26.026191710,0.252463710,1,1
rx,3135,25.781920000,26.026756378,0.244836378,1,1
rx,3136,25.790112000,26.027301046,0.237189046,1,1
tx,3165,26.027680000,26.027680000,0.000000000,1,1
rx,3137,25.798304000,26.027825714,0.229521714,1,1
rx,3138,25.806496000,26.028310382,0.221814382,1,1
rx,3139,25.814688000,26.028715050,0.214027050,1,1
rx,3140,25.822880000,26.029159718,0.206279718,1,1
rx,3141,25.831072000,26.029504386,0.198432386,1,1
rx,3142,25.839264000,26.030029054,0.190765054,1,1
rx,3143,25.847456000,26.030433722,0.182977722,1,1
rx,3144,25.855648000,26.030738390,0.175090390,1,1
rx,3145,25.863840000,26.031163058,0.167323058,1,1
rx,3146,25.872032000,26.031627726,0.159595726,1,1
rx,3147,25.880224000,26.032032394,0.151808394,1,1
rx,3148,25.888416000,26.032357062,0.143941062,1,1
rx,3149,25.896608000,26.032721730,0.136113730,1,1
rx,3150,25.904800000,26.033106398,0.128306398,1,1
rx,3151,25.912992000,26.033491066,0.120499066,1,1
rx,3152,25.921184000,26.034035734,0.112851734,1,1
rx,3153,25.929376000,26.034360402,0.104984402,1,1
rx,3154,25.937568000,26.034765070,0.097197070,1,1
rx,3155,25.945760000,26.035249738,0.089489738,1,1
rx,3156,25.953952000,26.035594406,0.081642406,1,1
tx,3166,26.035872000,26.035872000,0.000000000,1,1
rx,3157,25.962144000,26.036119074,0.073975074,1,1
rx,3158,25.970336000,26.036423742,0.066087742,1,1
rx,3159,25.978528000,26.036708410,0.058180410,1,1
rx,3160,25.986720000,26.036993078,0.050273078,1,1
rx,3161,25.994912000,26.037517746,0.042605746,1,1
rx,3162,26.003104000,26.037962414,0.034858414,1,1
rx,3163,26.011296000,26.038467082,0.027171082,1,1
rx,3164,26.019488000,26.038811750,0.019323750,1,1
rx,3165,26.027680000,26.039176418,0.011496418,1,1
rx,3166,26.035872000,26.039741086,0.003869086,1,1
tx,3167,26.044064000,26.044064000,0.000000000,1,1
rx,3167,26.044064000,26.044304334,0.000240334,1,1
tx,3168,26.052256000,26.052256000,0.000000000,1,1
rx,3168,26.052256000,26.052496334,0.000240334,1,1
tx,3169,26.060448000,26.060448000,0.000000000,1,1
rx,3169,26.060448000,26.060688334,0.000240334,1,1
tx,3170,26.068640000,26.068640000,0.000000000,1,1
rx,3170,26.068640000,26.068880334,0.000240334,1,1
tx,3171,26.076832000,26.076832000,0.000000000,1,1
rx,3171,26.076832000,26.077072334,0.000240334,1,1
tx,3172,26.085024000,26.085024000,0.000000000,1,1
rx,3172,26.085024000,26.085264334,0.000240334,1,1
tx,3173,26.093216000,26.093216000,0.000000000,1,1
rx,3173,26.093216000,26.093456334,0.000240334,1,1
tx,3174,26.101408000,26.101408000,0.000000000,1,1
rx,3174,26.101408000,26.101648334,0.000240334,1,1
tx,3175,26.109600000,26.109600000,0.000000000,1,1
rx,3175,26.109600000,26.109840334,0.000240334,1,1
tx,3176,26.117792000,26.117792000,0.000000000,1,1
rx,3176,26.117792000,26.118032334,0.000240334,1,1
tx,3177,26.125984000,26.125984000,0.000000000,1,1
rx,3177,26.125984000,26.126224334,0.000240334,1,1
tx,3178,26.134176000,26.134176000,0.000000000,1,1
rx,3178,26.134176000,26.134416334,0.000240334,1,1
tx,3179,26.142368000,26.142368000,0.000000000,1,1
rx,3179,26.142368000,26.142608334,0.000240334,1,1
tx,3180,26.150560000,26.150560000,0.000000000,1,1
rx,3180,26.150560000,26.150800334,0.000240334,1,1
tx,3181,26.158752000,26.158752000,0.000000000,1,1
rx,3181,26.158752000,26.158992334,0.000240334,1,1
tx,3182,26.166944000,26.166944000,0.000000000,1,1
rx,3182,26.166944000,26.167184334,0.000240334,1,1
tx,3183,26.175136000,26.175136000,0.000000000,1,1
rx,3183,26.175136000,26.175376334,0.000240334,1,1
tx,3184,26.183328000,26.183328000,0.000000000,1,1
rx,3184,26.183328000,26.183568334,0.000240334,1,1
tx,3185,26.191520000,26.191520000,0.000000000,1,1
rx,3185,26.191520000,26.191760334,0.000240334,1,1
tx,3186,26.199712000,26.199712000,0.000000000,1,1
rx,3186,26.199712000,26.199952334,0.000240334,1,1
tx,3187,26.207904000,26.207904000,0.000000000,1,1
rx,3187,26.207904000,26.208144334,0.000240334,1,1
tx,3188,26.216096000,26.216096000,0.000000000,1,1
rx,3188,26.216096000,26.216336334,0.000240334,1,1
tx,3189,26.224288000,26.224288000,0.000000000,1,1
rx,3189,26.224288000,26.224528334,0.000240334,1,1
tx,3190,26.232480000,26.232480000,0.000000000,1,1
rx,3190,26.232480000,26.232720334,0.000240334,1,1
tx,3191,26.240672000,26.240672000,0.000000000,1,1
rx,3191,26.240672000,26.240912334,0.000240334,1,1
tx,3192,26.248864000,26.248864000,0.000000000,1,1
rx,3192,26.248864000,26.249104334,0.000240334,1,1
tx,3193,26.257056000,26.257056000,0.000000000,1,1
rx,3193,26.257056000,26.257296334,0.000240334,1,1
tx,3194,26.265248000,26.265248000,0.000000000,1,1
rx,3194,26.265248000,26.265488334,0.000240334,1,1
tx,3195,26.273440000,26.273440000,0.000000000,1,1
rx,3195,26.273440000,26.273680334,0.000240334,1,1
tx,3196,26.281632000,26.281632000,0.000000000,1,1
rx,3196,26.281632000,26.281872334,0.000240334,1,1
tx,3197,26.289824000,26.289824000,0.000000000,1,1
rx,3197,26.289824000,26.290064334,0.000240334,1,1
tx,3198,26.298016000,26.298016000,0.000000000,1,1
rx,3198,26.298016000,26.298256334,0.000240334,1,1
tx,3199,26.306208000,26.306208000,0.000000000,1,1
rx,3199,26.306208000,26.306448334,0.000240334,1,1
tx,3200,26.314400000,26.314400000,0.000000000,1,1
rx,3200,26.314400000,26.314640334,0.000240334,1,1
tx,3201,26.322592000,26.322592000,0.000000000,1,1
rx,3201,26.322592000,26.322832334,0.000240334,1,1
tx,3202,26.330784000,26.330784000,0.000000000,1,1
rx,3202,26.330784000,26.331024334,0.000240334,1,1
tx,3203,26.338976000,26.338976000,0.000000000,1,1
rx,3203,26.338976000,26.339216334,0.000240334,1,1
tx,3204,26.347168000,26.347168000,0.000000000,1,1
rx,3204,26.347168000,26.347408334,0.000240334,1,1
tx,3205,26.355360000,26.355360000,0.000000000,1,1
rx,3205,26.355360000,26.355600334,0.000240334,1,1
tx,3206,26.363552000,26.363552000,0.000000000,1,1
rx,3206,26.363552000,26.363792334,0.000240334,1,1
tx,3207,26.371744000,26.371744000,0.000000000,1,1
rx,3207,26.371744000,26.371984334,0.000240334,1,1
tx,3208,26.379936000,26.379936000,0.000000000,1,1
rx,3208,26.379936000,26.380176334,0.000240334,1,1
tx,3209,26.388128000,26.388128000,0.000000000,1,1
rx,3209,26.388128000,26.388368334,0.000240334,1,1
tx,3210,26.396320000,26.396320000,0.000000000,1,1
rx,3210,26.396320000,26.396560334,0.000240334,1,1
tx,3211,26.404512000,26.404512000,0.000000000,1,1
rx,3211,26.404512000,26.404752334,0.000240334,1,1
tx,3212,26.412704000,26.412704000,0.000000000,1,1
rx,3212,26.412704000,26.412944334,0.000240334,1,1
tx,3213,26.420896000,26.420896000,0.000000000,1,1
rx,3213,26.420896000,26.421136334,0.000240334,1,1
tx,3214,26.429088000,26.429088000,0.000000000,1,1
rx,3214,26.429088000,26.429328334,0.000240334,1,1
tx,3215,26.437280000,26.437280000,0.000000000,1,1
rx,3215,26.437280000,26.437520334,0.000240334,1,1
tx,3216,26.445472000,26.445472000,0.000000000,1,1
rx,3216,26.445472000,26.445712334,0.000240334,1,1
tx,3217,26.453664000,26.453664000,0.000000000,1,1
rx,3217,26.453664000,26.453904334,0.000240334,1,1
tx,3218,26.461856000,26.461856000,0.000000000,1,1
rx,3218,26.461856000,26.462096334,0.000240334,1,1
tx,3219,26.470048000,26.470048000,0.000000000,1,1
rx,3219,26.470048000,26.470288334,0.000240334,1,1
tx,3220,26.478240000,26.478240000,0.000000000,1,1
rx,3220,26.478240000,26.478480334,0.000240334,1,1
tx,3221,26.486432000,26.486432000,0.000000000,1,1
rx,3221,26.486432000,26.486672334,0.000240334,1,1
tx,3222,26.494624000,26.494624000,0.000000000,1,1
rx,3222,26.494624000,26.494864334,0.000240334,1,1
tx,3223,26.502816000,26.502816000,0.000000000,1,1
rx,3223,26.502816000,26.503056334,0.000240334,1,1
tx,3224,26.511008000,26.511008000,0.000000000,1,1
rx,3224,26.511008000,26.511248334,0.000240334,1,1
tx,3225,26.519200000,26.519200000,0.000000000,1,1
rx,3225,26.519200000,26.519440334,0.000240334,1,1
tx,3226,26.527392000,26.527392000,0.000000000,1,1
rx,3226,26.527392000,26.527632334,0.000240334,1,1
tx,3227,26.535584000,26.535584000,0.000000000,1,1
rx,3227,26.535584000,26.535824334,0.000240334,1,1
tx,3228,26.543776000,26.543776000,0.000000000,1,1
rx,3228,26.543776000,26.544016334,0.000240334,1,1
tx,3229,26.551968000,26.551968000,0.000000000,1,1
rx,3229,26.551968000,26.552208334,0.000240334,1,1
tx,3230,26.560160000,26.560160000,0.000000000,1,1
rx,3230,26.560160000,26.560400334,0.000240334,1,1
tx,3231,26.568352000,26.568352000,0.000000000,1,1
rx,3231,26.568352000,26.568592334,0.000240334,1,1
tx,3232,26.576544000,26.576544000,0.000000000,1,1
rx,3232,26.576544000,26.576784334,0.000240334,1,1
tx,3233,26.584736000,26.584736000,0.000000000,1,1
rx,3233,26.584736000,26.584976334,0.000240334,1,1
tx,3234,26.592928000,26.592928000,0.000000000,1,1
rx,3234,26.592928000,26.593168334,0.000240334,1,1
tx,3235,26.601120000,26.601120000,0.000000000,1,1
rx,3235,26.601120000,26.601360334,0.000240334,1,1
tx,3236,26.609312000,26.609312000,0.000000000,1,1
rx,3236,26.609312000,26.609552334,0.000240334,1,1
tx,3237,26.617504000,26.617504000,0.000000000,1,1
rx,3237,26.617504000,26.617744334,0.000240334,1,1
tx,3238,26.625696000,26.625696000,0.000000000,1,1
rx,3238,26.625696000,26.625936334,0.000240334,1,1
tx,3239,26.633888000,26.633888000,0.000000000,1,1
rx,3239,26.633888000,26.634128334,0.000240334,1,1
tx,3240,26.642080000,26.642080000,0.000000000,1,1
rx,3240,26.642080000,26.642320334,0.000240334,1,1
tx,3241,26.650272000,26.650272000,0.000000000,1,1
rx,3241,26.650272000,26.650512334,0.000240334,1,1
tx,3242,26.658464000,26.658464000,0.000000000,1,1
rx,3242,26.658464000,26.658704334,0.000240334,1,1
tx,3243,26.666656000,26.666656000,0.000000000,1,1
rx,3243,26.666656000,26.666896334,0.000240334,1,1
tx,3244,26.674848000,26.674848000,0.000000000,1,1
rx,3244,26.674848000,26.675088334,0.000240334,1,1
tx,3245,26.683040000,26.683040000,0.000000000,1,1
rx,3245,26.683040000,26.683280334,0.000240334,1,1
tx,3246,26.691232000,26.691232000,0.000000000,1,1
rx,3246,26.691232000,26.691472334,0.000240334,1,1
tx,3247,26.699424000,26.699424000,0.000000000,1,1
rx,3247,26.699424000,26.699664334,0.000240334,1,1
tx,3248,26.707616000,26.707616000,0.000000000,1,1
rx,3248,26.707616000,26.707856334,0.000240334,1,1
tx,3249,26.715808000,26.715808000,0.000000000,1,1
rx,3249,26.715808000,26.716048334,0.000240334,1,1
tx,3250,26.724000000,26.724000000,0.000000000,1,1
rx,3250,26.724000000,26.724240334,0.000240334,1,1
tx,3251,26.732192000,26.732192000,0.000000000,1,1
rx,3251,26.732192000,26.732432334,0.000240334,1,1
tx,3252,26.740384000,26.740384000,0.000000000,1,1
rx,3252,26.740384000,26.740624334,0.000240334,1,1
tx,3253,26.748576000,26.748576000,0.000000000,1,1
rx,3253,26.748576000,26.748816334,0.000240334,1,1
tx,3254,26.756768000,26.756768000,0.000000000,1,1
rx,3254,26.756768000,26.757008334,0.000240334,1,1
tx,3255,26.764960000,26.764960000,0.000000000,1,1
rx,3255,26.764960000,26.765200334,0.000240334,1,1
tx,3256,26.773152000,26.773152000,0.000000000,1,1
rx,3256,26.773152000,26.773392334,0.000240334,1,1
tx,3257,26.781344000,26.781344000,0.000000000,1,1
rx,3257,26.781344000,26.781584334,0.000240334,1,1
tx,3258,26.789536000,26.789536000,0.000000000,1,1
rx,3258,26.789536000,26.789776334,0.000240334,1,1
tx,3259,26.797728000,26.797728000,0.000000000,1,1
rx,3259,26.797728000,26.797968334,0.000240334,1,1
tx,3260,26.805920000,26.805920000,0.000000000,1,1
rx,3260,26.805920000,26.806160334,0.000240334,1,1
tx,3261,26.814112000,26.814112000,0.000000000,1,1
rx,3261,26.814112000,26.814352334,0.000240334,1,1
tx,3262,26.822304000,26.822304000,0.000000000,1,1
rx,3262,26.822304000,26.822544334,0.000240334,1,1
tx,3263,26.830496000,26.830496000,0.000000000,1,1
rx,3263,26.830496000,26.830736334,0.000240334,1,1
tx,3264,26.838688000,26.838688000,0.000000000,1,1
rx,3264,26.838688000,26.838928334,0.000240334,1,1
tx,3265,26.846880000,26.846880000,0.000000000,1,1
rx,3265,26.846880000,26.847120334,0.000240334,1,1
tx,3266,26.855072000,26.855072000,0.000000000,1,1
rx,3266,26.855072000,26.855312334,0.000240334,1,1
tx,3267,26.863264000,26.863264000,0.000000000,1,1
rx,3267,26.863264000,26.863504334,0.000240334,1,1
tx,3268,26.871456000,26.871456000,0.000000000,1,1
rx,3268,26.871456000,26.871696334,0.000240334,1,1
tx,3269,26.879648000,26.879648000,0.000000000,1,1
rx,3269,26.879648000,26.879888334,0.000240334,1,1
tx,3270,26.887840000,26.887840000,0.000000000,1,1
rx,3270,26.887840000,26.888080334,0.000240334,1,1
tx,3271,26.896032000,26.896032000,0.000000000,1,1
rx,3271,26.896032000,26.896272334,0.000240334,1,1
tx,3272,26.904224000,26.904224000,0.000000000,1,1
rx,3272,26.904224000,26.904464334,0.000240334,1,1
tx,3273,26.912416000,26.912416000,0.000000000,1,1
rx,3273,26.912416000,26.912656334,0.000240334,1,1
tx,3274,26.920608000,26.920608000,0.000000000,1,1
rx,3274,26.920608000,26.920848334,0.000240334,1,1
tx,3275,26.928800000,26.928800000,0.000000000,1,1
rx,3275,26.928800000,26.929040334,0.000240334,1,1
tx,3276,26.936992000,26.936992000,0.000000000,1,1
rx,3276,26.936992000,26.937232334,0.000240334,1,1
tx,3277,26.945184000,26.945184000,0.000000000,1,1
rx,3277,26.945184000,26.945424334,0.000240334,1,1
tx,3278,26.953376000,26.953376000,0.000000000,1,1
rx,3278,26.953376000,26.953616334,0.000240334,1,1
tx,3279,26.961568000,26.961568000,0.000000000,1,1
rx,3279,26.961568000,26.961808334,0.000240334,1,1
tx,3280,26.969760000,26.969760000,0.000000000,1,1
rx,3280,26.969760000,26.970000334,0.000240334,1,1
tx,3281,26.977952000,26.977952000,0.000000000,1,1
rx,3281,26.977952000,26.978192334,0.000240334,1,1
tx,3282,26.986144000,26.986144000,0.000000000,1,1
rx,3282,26.986144000,26.986384334,0.000240334,1,1
tx,3283,26.994336000,26.994336000,0.000000000,1,1
rx,3283,26.994336000,26.994576334,0.000240334,1,1
tx,3284,27.002528000,27.002528000,0.000000000,0,0
tx,3285,27.010720000,27.010720000,0.000000000,0,0
tx,3286,27.018912000,27.018912000,0.000000000,0,0
tx,3287,27.027104000,27.027104000,0.000000000,0,0
tx,3288,27.035296000,27.035296000,0.000000000,0,0
tx,3289,27.043488000,27.043488000,0.000000000,0,0
tx,3290,27.051680000,27.051680000,0.000000000,0,0
tx,3291,27.059872000,27.059872000,0.000000000,0,0
tx,3292,27.068064000,27.068064000,0.000000000,0,0
tx,3293,27.076256000,27.076256000,0.000000000,0,0
tx,3294,27.084448000,27.084448000,0.000000000,0,0
tx,3295,27.092640000,27.092640000,0.000000000,0,0
tx,3296,27.100832000,27.100832000,0.000000000,0,0
tx,3297,27.109024000,27.109024000,0.000000000,0,0
tx,3298,27.117216000,27.117216000,0.000000000,0,0
tx,3299,27.125408000,27.125408000,0.000000000,0,0
tx,3300,27.133600000,27.133600000,0.000000000,0,0
tx,3301,27.141792000,27.141792000,0.000000000,0,0
tx,3302,27.149984000,27.149984000,0.000000000,0,0
tx,3303,27.158176000,27.158176000,0.000000000,0,0
tx,3304,27.166368000,27.166368000,0.000000000,0,0
tx,3305,27.174560000,27.174560000,0.000000000,0,0
tx,3306,27.182752000,27.182752000,0.000000000,0,0
tx,3307,27.190944000,27.190944000,0.000000000,0,0
tx,3308,27.199136000,27.199136000,0.000000000,0,0
tx,3309,27.207328000,27.207328000,0.000000000,0,0
tx,3310,27.215520000,27.215520000,0.000000000,0,0
tx,3311,27.223712000,27.223712000,0.000000000,0,0
tx,3312,27.231904000,27.231904000,0.000000000,0,0
tx,3313,27.240096000,27.240096000,0.000000000,0,0
tx,3314,27.248288000,27.248288000,0.000000000,0,0
tx,3315,27.256480000,27.256480000,0.000000000,0,0
tx,3316,27.264672000,27.264672000,0.000000000,0,0
tx,3317,27.272864000,27.272864000,0.000000000,0,0
tx,3318,27.281056000,27.281056000,0.000000000,0,0
tx,3319,27.289248000,27.289248000,0.000000000,0,0
tx,3320,27.297440000,27.297440000,0.000000000,0,0
tx,3321,27.305632000,27.305632000,0.000000000,0,0
tx,3322,27.313824000,27.313824000,0.000000000,0,0
tx,3323,27.322016000,27.322016000,0.000000000,0,0
tx,3324,27.330208000,27.330208000,0.000000000,0,0
tx,3325,27.338400000,27.338400000,0.000000000,0,0
tx,3326,27.346592000,27.346592000,0.000000000,0,0
tx,3327,27.354784000,27.354784000,0.000000000,0,0
tx,3328,27.362976000,27.362976000,0.000000000,0,0
tx,3329,27.371168000,27.371168000,0.000000000,0,0
tx,3330,27.379360000,27.379360000,0.000000000,0,0
tx,3331,27.387552000,27.387552000,0.000000000,0,0
tx,3332,27.395744000,27.395744000,0.000000000,0,0
tx,3333,27.403936000,27.403936000,0.000000000,0,0
tx,3334,27.412128000,27.412128000,0.000000000,0,0
tx,3335,27.420320000,27.420320000,0.000000000,0,0
tx,3336,27.428512000,27.428512000,0.000000000,0,0
tx,3337,27.436704000,27.436704000,0.000000000,0,0
tx,3338,27.444896000,27.444896000,0.000000000,0,0
tx,3339,27.453088000,27.453088000,0.000000000,0,0
tx,3340,27.461280000,27.461280000,0.000000000,0,0
tx,3341,27.469472000,27.469472000,0.000000000,0,0
tx,3342,27.477664000,27.477664000,0.000000000,0,0
tx,3343,27.485856000,27.485856000,0.000000000,0,0
tx,3344,27.494048000,27.494048000,0.000000000,0,0
tx,3345,27.502240000,27.502240000,0.000000000,0,0
tx,3346,27.510432000,27.510432000,0.000000000,0,0
tx,3347,27.518624000,27.518624000,0.000000000,0,0
tx,3348,27.526816000,27.526816000,0.000000000,0,0
tx,3349,27.535008000,27.535008000,0.000000000,0,0
tx,3350,27.543200000,27.543200000,0.000000000,0,0
tx,3351,27.551392000,27.551392000,0.000000000,0,0
tx,3352,27.559584000,27.559584000,0.000000000,0,0
tx,3353,27.567776000,27.567776000,0.000000000,0,0
tx,3354,27.575968000,27.575968000,0.000000000,0,0
tx,3355,27.584160000,27.584160000,0.000000000,0,0
tx,3356,27.592352000,27.592352000,0.000000000,0,0
tx,3357,27.600544000,27.600544000,0.000000000,0,0
tx,3358,27.608736000,27.608736000,0.000000000,0,0
tx,3359,27.616928000,27.616928000,0.000000000,0,0
tx,3360,27.625120000,27.625120000,0.000000000,0,0
tx,3361,27.633312000,27.633312000,0.000000000,0,0
tx,3362,27.641504000,27.641504000,0.000000000,0,0
tx,3363,27.649696000,27.649696000,0.000000000,0,0
tx,3364,27.657888000,27.657888000,0.000000000,0,0
tx,3365,27.666080000,27.666080000,0.000000000,0,0
tx,3366,27.674272000,27.674272000,0.000000000,0,0
tx,3367,27.682464000,27.682464000,0.000000000,0,0
tx,3368,27.690656000,27.690656000,0.000000000,0,0
tx,3369,27.698848000,27.698848000,0.000000000,0,0
tx,3370,27.707040000,27.707040000,0.000000000,0,0
tx,3371,27.715232000,27.715232000,0.000000000,0,0
tx,3372,27.723424000,27.723424000,0.000000000,0,0
tx,3373,27.731616000,27.731616000,0.000000000,0,0
tx,3374,27.739808000,27.739808000,0.000000000,0,0
tx,3375,27.748000000,27.748000000,0.000000000,0,0
tx,3376,27.756192000,27.756192000,0.000000000,0,0
tx,3377,27.764384000,27.764384000,0.000000000,0,0
tx,3378,27.772576000,27.772576000,0.000000000,0,0
tx,3379,27.780768000,27.780768000,0.000000000,0,0
tx,3380,27.788960000,27.788960000,0.000000000,0,0
tx,3381,27.797152000,27.797152000,0.000000000,0,0
tx,3382,27.805344000,27.805344000,0.000000000,0,0
tx,3383,27.813536000,27.813536000,0.000000000,0,0
tx,3384,27.821728000,27.821728000,0.000000000,0,0
tx,3385,27.829920000,27.829920000,0.000000000,0,0
tx,3386,27.838112000,27.838112000,0.000000000,0,0
tx,3387,27.846304000,27.846304000,0.000000000,0,0
tx,3388,27.854496000,27.854496000,0.000000000,0,0
tx,3389,27.862688000,27.862688000,0.000000000,0,0
tx,3390,27.870880000,27.870880000,0.000000000,0,0
tx,3391,27.879072000,27.879072000,0.000000000,0,0
tx,3392,27.887264000,27.887264000,0.000000000,0,0
tx,3393,27.895456000,27.895456000,0.000000000,0,0
tx,3394,27.903648000,27.903648000,0.000000000,0,0
tx,3395,27.911840000,27.911840000,0.000000000,0,0
tx,3396,27.920032000,27.920032000,0.000000000,0,0
tx,3397,27.928224000,27.928224000,0.000000000,0,0
tx,3398,27.936416000,27.936416000,0.000000000,0,0
tx,3399,27.944608000,27.944608000,0.000000000,0,0
tx,3400,27.952800000,27.952800000,0.000000000,0,0
tx,3401,27.960992000,27.960992000,0.000000000,0,0
tx,3402,27.969184000,27.969184000,0.000000000,0,0
tx,3403,27.977376000,27.977376000,0.000000000,0,0
tx,3404,27.985568000,27.985568000,0.000000000,0,0
tx,3405,27.993760000,27.993760000,0.000000000,0,0
tx,3406,28.001952000,28.001952000,0.000000000,1,1
tx,3407,28.010144000,28.010144000,0.000000000,1,1
rx,3346,27.510432000,28.011524334,0.501092334,1,1
rx,3347,27.518624000,28.012199002,0.493575002,1,1
rx,3348,27.526816000,28.012563670,0.485747670,1,1
rx,3349,27.535008000,28.013008338,0.478000338,1,1
rx,3350,27.543200000,28.013393006,0.470193006,1,1
rx,3351,27.551392000,28.013677674,0.462285674,1,1
rx,3352,27.559584000,28.014262342,0.454678342,1,1
rx,3353,27.567776000,28.014567010,0.446791010,1,1
rx,3354,27.575968000,28.015071678,0.439103678,1,1
rx,3355,27.584160000,28.015576346,0.431416346,1,1
rx,3356,27.592352000,28.016081014,0.423729014,1,1
rx,3357,27.600544000,28.016505682,0.415961682,1,1
rx,3358,27.608736000,28.016970350,0.408234350,1,1
rx,3359,27.616928000,28.017475018,0.400547018,1,1
rx,3360,27.625120000,28.017839686,0.392719686,1,1
rx,3361,27.633312000,28.018184354,0.384872354,1,1
tx,3408,28.018336000,28.018336000,0.000000000,1,1
rx,3362,27.641504000,28.018489022,0.376985022,1,1
rx,3363,27.649696000,28.019073690,0.369377690,1,1
rx,3364,27.657888000,28.019378358,0.361490358,1,1
rx,3365,27.666080000,28.019703026,0.353623026,1,1
rx,3366,27.674272000,28.020107694,0.345835694,1,1
rx,3367,27.682464000,28.020412362,0.337948362,1,1
rx,3368,27.690656000,28.020697030,0.330041030,1,1
rx,3369,27.698848000,28.021161698,0.322313698,1,1
rx,3370,27.707040000,28.021566366,0.314526366,1,1
rx,3371,27.715232000,28.022071034,0.306839034,1,1
rx,3372,27.723424000,28.022355702,0.298931702,1,1
rx,3373,27.731616000,28.022720370,0.291104370,1,1
rx,3374,27.739808000,28.023265038,0.283457038,1,1
rx,3375,27.748000000,28.023689706,0.275689706,1,1
rx,3376,27.756192000,28.024274374,0.268082374,1,1
rx,3377,27.764384000,28.024839042,0.260455042,1,1
rx,3378,27.772576000,28.025363710,0.252787710,1,1
rx,3379,27.780768000,28.025868378,0.245100378,1,1
rx,3380,27.788960000,28.026433046,0.237473046,1,1
tx,3409,28.026528000,28.026528000,0.000000000,1,1
rx,3381,27.797152000,28.026817714,0.229665714,1,1
rx,3382,27.805344000,28.027142382,0.221798382,1,1
rx,3383,27.813536000,28.027547050,0.214011050,1,1
rx,3384,27.821728000,28.027851718,0.206123718,1,1
rx,3385,27.829920000,28.028396386,0.198476386,1,1
rx,3386,27.838112000,28.028841054,0.190729054,1,1
rx,3387,27.846304000,28.029425722,0.183121722,1,1
rx,3388,27.854496000,28.029950390,0.175454390,1,1
rx,3389,27.862688000,28.030315058,0.167627058,1,1
rx,3390,27.870880000,28.030899726,0.160019726,1,1
rx,3391,27.879072000,28.031444394,0.152372394,1,1
rx,3392,27.887264000,28.031729062,0.144465062,1,1
rx,3393,27.895456000,28.032013730,0.136557730,1,1
rx,3394,27.903648000,28.032478398,0.128830398,1,1
rx,3395,27.911840000,28.032923066,0.121083066,1,1
rx,3396,27.920032000,28.033467734,0.113435734,1,1
rx,3397,27.928224000,28.033912402,0.105688402,1,1
rx,3398,27.936416000,28.034257070,0.097841070,1,1
tx,3410,28.034720000,28.034720000,0.000000000,1,1
rx,3399,27.944608000,28.034721738,0.090113738,1,1
rx,3400,27.952800000,28.035146406,0.082346406,1,1
rx,3401,27.960992000,28.035471074,0.074479074,1,1
rx,3402,27.969184000,28.035935742,0.066751742,1,1
rx,3403,27.977376000,28.036340410,0.058964410,1,1
rx,3404,27.985568000,28.036665078,0.051097078,1,1
rx,3405,27.993760000,28.037229746,0.043469746,1,1
rx,3406,28.001952000,28.037554414,0.035602414,1,1
rx,3407,28.010144000,28.037999082,0.027855082,1,1
rx,3408,28.018336000,28.038403750,0.020067750,1,1
rx,3409,28.026528000,28.038688418,0.012160418,1,1
rx,3410,28.034720000,28.039093086,0.004373086,1,1
tx,3411,28.042912000,28.042912000,0.000000000,1,1
rx,3411,28.042912000,28.043152334,0.000240334,1,1
tx,3412,28.051104000,28.051104000,0.000000000,1,1
rx,3412,28.051104000,28.051344334,0.000240334,1,1
tx,3413,28.059296000,28.059296000,0.000000000,1,1
rx,3413,28.059296000,28.059536334,0.000240334,1,1
tx,3414,28.067488000,28.067488000,0.000000000,1,1
rx,3414,28.067488000,28.067728334,0.000240334,1,1
tx,3415,28.075680000,28.075680000,0.000000000,1,1
rx,3415,28.075680000,28.075920334,0.000240334,1,1
tx,3416,28.083872000,28.083872000,0.000000000,1,1
rx,3416,28.083872000,28.084112334,0.000240334,1,1
tx,3417,28.092064000,28.092064000,0.000000000,1,1
rx,3417,28.092064000,28.092304334,0.000240334,1,1
tx,3418,28.100256000,28.100256000,0.000000000,1,1
rx,3418,28.100256000,28.100496334,0.000240334,1,1
tx,3419,28.108448000,28.108448000,0.000000000,1,1
rx,3419,28.108448000,28.108688334,0.000240334,1,1
tx,3420,28.116640000,28.116640000,0.000000000,1,1
rx,3420,28.116640000,28.116880334,0.000240334,1,1
tx,3421,28.124832000,28.124832000,0.000000000,1,1
rx,3421,28.124832000,28.125072334,0.000240334,1,1
tx,3422,28.133024000,28.133024000,0.000000000,1,1
rx,3422,28.133024000,28.133264334,0.000240334,1,1
tx,3423,28.141216000,28.141216000,0.000000000,1,1
rx,3423,28.141216000,28.141456334,0.000240334,1,1
tx,3424,28.149408000,28.149408000,0.000000000,1,1
rx,3424,28.149408000,28.149648334,0.000240334,1,1
tx,3425,28.157600000,28.157600000,0.000000000,1,1
rx,3425,28.157600000,28.157840334,0.000240334,1,1
tx,3426,28.165792000,28.165792000,0.000000000,1,1
rx,3426,28.165792000,28.166032334,0.000240334,1,1
tx,3427,28.173984000,28.173984000,0.000000000,1,1
rx,3427,28.173984000,28.174224334,0.000240334,1,1
tx,3428,28.182176000,28.182176000,0.000000000,1,1
rx,3428,28.182176000,28.182416334,0.000240334,1,1
tx,3429,28.190368000,28.190368000,0.000000000,1,1
rx,3429,28.190368000,28.190608334,0.000240334,1,1
tx,3430,28.198560000,28.198560000,0.000000000,1,1
rx,3430,28.198560000,28.198800334,0.000240334,1,1
tx,3431,28.206752000,28.206752000,0.000000000,1,1
rx,3431,28.206752000,28.206992334,0.000240334,1,1
tx,3432,28.214944000,28.214944000,0.000000000,1,1
rx,3432,28.214944000,28.215184334,0.000240334,1,1
tx,3433,28.223136000,28.223136000,0.000000000,1,1
rx,3433,28.223136000,28.223376334,0.000240334,1,1
tx,3434,28.231328000,28.231328000,0.000000000,1,1
rx,3434,28.231328000,28.231568334,0.000240334,1,1
tx,3435,28.239520000,28.239520000,0.000000000,1,1
rx,3435,28.239520000,28.239760334,0.000240334,1,1
tx,3436,28.247712000,28.247712000,0.000000000,1,1
rx,3436,28.247712000,28.247952334,0.000240334,1,1
tx,3437,28.255904000,28.255904000,0.000000000,1,1
rx,3437,28.255904000,28.256144334,0.000240334,1,1
tx,3438,28.264096000,28.264096000,0.000000000,1,1
rx,3438,28.264096000,28.264336334,0.000240334,1,1
tx,3439,28.272288000,28.272288000,0.000000000,1,1
rx,3439,28.272288000,28.272528334,0.000240334,1,1
tx,3440,28.280480000,28.280480000,0.000000000,1,1
rx,3440,28.280480000,28.280720334,0.000240334,1,1
tx,3441,28.288672000,28.288672000,0.000000000,1,1
rx,3441,28.288672000,28.288912334,0.000240334,1,1
tx,3442,28.296864000,28.296864000,0.000000000,1,1
rx,3442,28.296864000,28.297104334,0.000240334,1,1
tx,3443,28.305056000,28.305056000,0.000000000,1,1
rx,3443,28.305056000,28.305296334,0.000240334,1,1
tx,3444,28.313248000,28.313248000,0.000000000,1,1
rx,3444,28.313248000,28.313488334,0.000240334,1,1
tx,3445,28.321440000,28.321440000,0.000000000,1,1
rx,3445,28.321440000,28.321680334,0.000240334,1,1
tx,3446,28.329632000,28.329632000,0.000000000,1,1
rx,3446,28.329632000,28.329872334,0.000240334,1,1
tx,3447,28.337824000,28.337824000,0.000000000,1,1
rx,3447,28.337824000,28.338064334,0.000240334,1,1
tx,3448,28.346016000,28.346016000,0.000000000,1,1
rx,3448,28.346016000,28.346256334,0.000240334,1,1
tx,3449,28.354208000,28.354208000,0.000000000,1,1
rx,3449,28.354208000,28.354448334,0.000240334,1,1
tx,3450,28.362400000,28.362400000,0.000000000,1,1
rx,3450,28.362400000,28.362640334,0.000240334,1,1
tx,3451,28.370592000,28.370592000,0.000000000,1,1
rx,3451,28.370592000,28.370832334,0.000240334,1,1
tx,3452,28.378784000,28.378784000,0.000000000,1,1
rx,3452,28.378784000,28.379024334,0.000240334,1,1
tx,3453,28.386976000,28.386976000,0.000000000,1,1
rx,3453,28.386976000,28.387216334,0.000240334,1,1
tx,3454,28.395168000,28.395168000,0.000000000,1,1
rx,3454,28.395168000,28.395408334,0.000240334,1,1
tx,3455,28.403360000,28.403360000,0.000000000,1,1
rx,3455,28.403360000,28.403600334,0.000240334,1,1
tx,3456,28.411552000,28.411552000,0.000000000,1,1
rx,3456,28.411552000,28.411792334,0.000240334,1,1
tx,3457,28.419744000,28.419744000,0.000000000,1,1
rx,3457,28.419744000,28.419984334,0.000240334,1,1
tx,3458,28.427936000,28.427936000,0.000000000,1,1
rx,3458,28.427936000,28.428176334,0.000240334,1,1
tx,3459,28.436128000,28.436128000,0.000000000,1,1
rx,3459,28.436128000,28.436368334,0.000240334,1,1
tx,3460,28.444320000,28.444320000,0.000000000,1,1
rx,3460,28.444320000,28.444560334,0.000240334,1,1
tx,3461,28.452512000,28.452512000,0.000000000,1,1
rx,3461,28.452512000,28.452752334,0.000240334,1,1
tx,3462,28.460704000,28.460704000,0.000000000,1,1
rx,3462,28.460704000,28.460944334,0.000240334,1,1
tx,3463,28.468896000,28.468896000,0.000000000,1,1
rx,3463,28.468896000,28.469136334,0.000240334,1,1
tx,3464,28.477088000,28.477088000,0.000000000,1,1
rx,3464,28.477088000,28.477328334,0.000240334,1,1
tx,3465,28.485280000,28.485280000,0.000000000,1,1
rx,3465,28.485280000,28.485520334,0.000240334,1,1
tx,3466,28.493472000,28.493472000,0.000000000,1,1
rx,3466,28.493472000,28.493712334,0.000240334,1,1
tx,3467,28.501664000,28.501664000,0.000000000,1,1
rx,3467,28.501664000,28.501904334,0.000240334,1,1
tx,3468,28.509856000,28.509856000,0.000000000,1,1
rx,3468,28.509856000,28.510096334,0.000240334,1,1
tx,3469,28.518048000,28.518048000,0.000000000,1,1
rx,3469,28.518048000,28.518288334,0.000240334,1,1
tx,3470,28.526240000,28.526240000,0.000000000,1,1
rx,3470,28.526240000,28.526480334,0.000240334,1,1
tx,3471,28.534432000,28.534432000,0.000000000,1,1
rx,3471,28.534432000,28.534672334,0.000240334,1,1
tx,3472,28.542624000,28.542624000,0.000000000,1,1
rx,3472,28.542624000,28.542864334,0.000240334,1,1
tx,3473,28.550816000,28.550816000,0.000000000,1,1
rx,3473,28.550816000,28.551056334,0.000240334,1,1
tx,3474,28.559008000,28.559008000,0.000000000,1,1
rx,3474,28.559008000,28.559248334,0.000240334,1,1
tx,3475,28.567200000,28.567200000,0.000000000,1,1
rx,3475,28.567200000,28.567440334,0.000240334,1,1
tx,3476,28.575392000,28.575392000,0.000000000,1,1
rx,3476,28.575392000,28.575632334,0.000240334,1,1
tx,3477,28.583584000,28.583584000,0.000000000,1,1
rx,3477,28.583584000,28.583824334,0.000240334,1,1
tx,3478,28.591776000,28.591776000,0.000000000,1,1
rx,3478,28.591776000,28.592016334,0.000240334,1,1
tx,3479,28.599968000,28.599968000,0.000000000,1,1
rx,3479,28.599968000,28.600208334,0.000240334,1,1
tx,3480,28.608160000,28.608160000,0.000000000,1,1
rx,3480,28.608160000,28.608400334,0.000240334,1,1
tx,3481,28.616352000,28.616352000,0.000000000,1,1
rx,3481,28.616352000,28.616592334,0.000240334,1,1
tx,3482,28.624544000,28.624544000,0.000000000,1,1
rx,3482,28.624544000,28.624784334,0.000240334,1,1
tx,3483,28.632736000,28.632736000,0.000000000,1,1
rx,3483,28.632736000,28.632976334,0.000240334,1,1
tx,3484,28.640928000,28.640928000,0.000000000,1,1
rx,3484,28.640928000,28.641168334,0.000240334,1,1
tx,3485,28.649120000,28.649120000,0.000000000,1,1
rx,3485,28.649120000,28.649360334,0.000240334,1,1
tx,3486,28.657312000,28.657312000,0.000000000,1,1
rx,3486,28.657312000,28.657552334,0.000240334,1,1
tx,3487,28.665504000,28.665504000,0.000000000,1,1
rx,3487,28.665504000,28.665744334,0.000240334,1,1
tx,3488,28.673696000,28.673696000,0.000000000,1,1
rx,3488,28.673696000,28.673936334,0.000240334,1,1
tx,3489,28.681888000,28.681888000,0.000000000,1,1
rx,3489,28.681888000,28.682128334,0.000240334,1,1
tx,3490,28.690080000,28.690080000,0.000000000,1,1
rx,3490,28.690080000,28.690320334,0.000240334,1,1
tx,3491,28.698272000,28.698272000,0.000000000,1,1
rx,3491,28.698272000,28.698512334,0.000240334,1,1
tx,3492,28.706464000,28.706464000,0.000000000,1,1
rx,3492,28.706464000,28.706704334,0.000240334,1,1
tx,3493,28.714656000,28.714656000,0.000000000,1,1
rx,3493,28.714656000,28.714896334,0.000240334,1,1
tx,3494,28.722848000,28.722848000,0.000000000,1,1
rx,3494,28.722848000,28.723088334,0.000240334,1,1
tx,3495,28.731040000,28.731040000,0.000000000,1,1
rx,3495,28.731040000,28.731280334,0.000240334,1,1
tx,3496,28.739232000,28.739232000,0.000000000,1,1
rx,3496,28.739232000,28.739472334,0.000240334,1,1
tx,3497,28.747424000,28.747424000,0.000000000,1,1
rx,3497,28.747424000,28.747664334,0.000240334,1,1
tx,3498,28.755616000,28.755616000,0.000000000,1,1
rx,3498,28.755616000,28.755856334,0.000240334,1,1
tx,3499,28.763808000,28.763808000,0.000000000,1,1
rx,3499,28.763808000,28.764048334,0.000240334,1,1
tx,3500,28.772000000,28.772000000,0.000000000,1,1
rx,3500,28.772000000,28.772240334,0.000240334,1,1
tx,3501,28.780192000,28.780192000,0.000000000,1,1
rx,3501,28.780192000,28.780432334,0.000240334,1,1
tx,3502,28.788384000,28.788384000,0.000000000,1,1
rx,3502,28.788384000,28.788624334,0.000240334,1,1
tx,3503,28.796576000,28.796576000,0.000000000,1,1
rx,3503,28.796576000,28.796816334,0.000240334,1,1
tx,3504,28.804768000,28.804768000,0.000000000,1,1
rx,3504,28.804768000,28.805008334,0.000240334,1,1
tx,3505,28.812960000,28.812960000,0.000000000,1,1
rx,3505,28.812960000,28.813200334,0.000240334,1,1
tx,3506,28.821152000,28.821152000,0.000000000,1,1
rx,3506,28.821152000,28.821392334,0.000240334,1,1
tx,3507,28.829344000,28.829344000,0.000000000,1,1
rx,3507,28.829344000,28.829584334,0.000240334,1,1
tx,3508,28.837536000,28.837536000,0.000000000,1,1
rx,3508,28.837536000,28.837776334,0.000240334,1,1
tx,3509,28.845728000,28.845728000,0.000000000,1,1
rx,3509,28.845728000,28.845968334,0.000240334,1,1
tx,3510,28.853920000,28.853920000,0.000000000,1,1
rx,3510,28.853920000,28.854160334,0.000240334,1,1
tx,3511,28.862112000,28.862112000,0.000000000,1,1
rx,3511,28.862112000,28.862352334,0.000240334,1,1
tx,3512,28.870304000,28.870304000,0.000000000,1,1
rx,3512,28.870304000,28.870544334,0.000240334,1,1
tx,3513,28.878496000,28.878496000,0.000000000,1,1
rx,3513,28.878496000,28.878736334,0.000240334,1,1
tx,3514,28.886688000,28.886688000,0.000000000,1,1
rx,3514,28.886688000,28.886928334,0.000240334,1,1
tx,3515,28.894880000,28.894880000,0.000000000,1,1
rx,3515,28.894880000,28.895120334,0.000240334,1,1
tx,3516,28.903072000,28.903072000,0.000000000,1,1
rx,3516,28.903072000,28.903312334,0.000240334,1,1
tx,3517,28.911264000,28.911264000,0.000000000,1,1
rx,3517,28.911264000,28.911504334,0.000240334,1,1
tx,3518,28.919456000,28.919456000,0.000000000,1,1
rx,3518,28.919456000,28.919696334,0.000240334,1,1
tx,3519,28.927648000,28.927648000,0.000000000,1,1
rx,3519,28.927648000,28.927888334,0.000240334,1,1
tx,3520,28.935840000,28.935840000,0.000000000,1,1
rx,3520,28.935840000,28.936080334,0.000240334,1,1
tx,3521,28.944032000,28.944032000,0.000000000,1,1
rx,3521,28.944032000,28.944272334,0.000240334,1,1
tx,3522,28.952224000,28.952224000,0.000000000,1,1
rx,3522,28.952224000,28.952464334,0.000240334,1,1
tx,3523,28.960416000,28.960416000,0.000000000,1,1
rx,3523,28.960416000,28.960656334,0.000240334,1,1
tx,3524,28.968608000,28.968608000,0.000000000,1,1
rx,3524,28.968608000,28.968848334,0.000240334,1,1
tx,3525,28.976800000,28.976800000,0.000000000,1,1
rx,3525,28.976800000,28.977040334,0.000240334,1,1
tx,3526,28.984992000,28.984992000,0.000000000,1,1
rx,3526,28.984992000,28.985232334,0.000240334,1,1
tx,3527,28.993184000,28.993184000,0.000000000,1,1
rx,3527,28.993184000,28.993424334,0.000240334,1,1
tx,3528,29.001376000,29.001376000,0.000000000,0,0
tx,3529,29.009568000,29.009568000,0.000000000,0,0
tx,3530,29.017760000,29.017760000,0.000000000,0,0
tx,3531,29.025952000,29.025952000,0.000000000,0,0
tx,3532,29.034144000,29.034144000,0.000000000,0,0
tx,3533,29.042336000,29.042336000,0.000000000,0,0
tx,3534,29.050528000,29.050528000,0.000000000,0,0
tx,3535,29.058720000,29.058720000,0.000000000,0,0
tx,3536,29.066912000,29.066912000,0.000000000,0,0
tx,3537,29.075104000,29.075104000,0.000000000,0,0
tx,3538,29.083296000,29.083296000,0.000000000,0,0
tx,3539,29.091488000,29.091488000,0.000000000,0,0
tx,3540,29.099680000,29.099680000,0.000000000,0,0
tx,3541,29.107872000,29.107872000,0.000000000,0,0
tx,3542,29.116064000,29.116064000,0.000000000,0,0
tx,3543,29.124256000,29.124256000,0.000000000,0,0
tx,3544,29.132448000,29.132448000,0.000000000,0,0
tx,3545,29.140640000,29.140640000,0.000000000,0,0
tx,3546,29.148832000,29.148832000,0.000000000,0,0
tx,3547,29.157024000,29.157024000,0.000000000,0,0
tx,3548,29.165216000,29.165216000,0.000000000,0,0
tx,3549,29.173408000,29.173408000,0.000000000,0,0
tx,3550,29.181600000,29.181600000,0.000000000,0,0
tx,3551,29.189792000,29.189792000,0.000000000,0,0
tx,3552,29.197984000,29.197984000,0.000000000,0,0
tx,3553,29.206176000,29.206176000,0.000000000,0,0
tx,3554,29.214368000,29.214368000,0.000000000,0,0
tx,3555,29.222560000,29.222560000,0.000000000,0,0
tx,3556,29.230752000,29.230752000,0.000000000,0,0
tx,3557,29.238944000,29.238944000,0.000000000,0,0
tx,3558,29.247136000,29.247136000,0.000000000,0,0
tx,3559,29.255328000,29.255328000,0.000000000,0,0
tx,3560,29.263520000,29.263520000,0.000000000,0,0
tx,3561,29.271712000,29.271712000,0.000000000,0,0
tx,3562,29.279904000,29.279904000,0.000000000,0,0
tx,3563,29.288096000,29.288096000,0.000000000,0,0
tx,3564,29.296288000,29.296288000,0.000000000,0,0
tx,3565,29.304480000,29.304480000,0.000000000,0,0
tx,3566,29.312672000,29.312672000,0.000000000,0,0
tx,3567,29.320864000,29.320864000,0.000000000,0,0
tx,3568,29.329056000,29.329056000,0.000000000,0,0
tx,3569,29.337248000,29.337248000,0.000000000,0,0
tx,3570,29.345440000,29.345440000,0.000000000,0,0
tx,3571,29.353632000,29.353632000,0.000000000,0,0
tx,3572,29.361824000,29.361824000,0.000000000,0,0
tx,3573,29.370016000,29.370016000,0.000000000,0,0
tx,3574,29.378208000,29.378208000,0.000000000,0,0
tx,3575,29.386400000,29.386400000,0.000000000,0,0
tx,3576,29.394592000,29.394592000,0.000000000,0,0
tx,3577,29.402784000,29.402784000,0.000000000,0,0
tx,3578,29.410976000,29.410976000,0.000000000,0,0
tx,3579,29.419168000,29.419168000,0.000000000,0,0
tx,3580,29.427360000,29.427360000,0.000000000,0,0
tx,3581,29.435552000,29.435552000,0.000000000,0,0
tx,3582,29.443744000,29.443744000,0.000000000,0,0
tx,3583,29.451936000,29.451936000,0.000000000,0,0
tx,3584,29.460128000,29.460128000,0.000000000,0,0
tx,3585,29.468320000,29.468320000,0.000000000,0,0
tx,3586,29.476512000,29.476512000,0.000000000,0,0
tx,3587,29.484704000,29.484704000,0.000000000,0,0
tx,3588,29.492896000,29.492896000,0.000000000,0,0
tx,3589,29.501088000,29.501088000,0.000000000,0,0
tx,3590,29.509280000,29.509280000,0.000000000,0,0
tx,3591,29.517472000,29.517472000,0.000000000,0,0
tx,3592,29.525664000,29.525664000,0.000000000,0,0
tx,3593,29.533856000,29.533856000,0.000000000,0,0
tx,3594,29.542048000,29.542048000,0.000000000,0,0
tx,3595,29.550240000,29.550240000,0.000000000,0,0
tx,3596,29.558432000,29.558432000,0.000000000,0,0
tx,3597,29.566624000,29.566624000,0.000000000,0,0
tx,3598,29.574816000,29.574816000,0.000000000,0,0
tx,3599,29.583008000,29.583008000,0.000000000,0,0
tx,3600,29.591200000,29.591200000,0.000000000,0,0
tx,3601,29.599392000,29.599392000,0.000000000,0,0
tx,3602,29.607584000,29.607584000,0.000000000,0,0
tx,3603,29.615776000,29.615776000,0.000000000,0,0
tx,3604,29.623968000,29.623968000,0.000000000,0,0
tx,3605,29.632160000,29.632160000,0.000000000,0,0
tx,3606,29.640352000,29.640352000,0.000000000,0,0
tx,3607,29.648544000,29.648544000,0.000000000,0,0
tx,3608,29.656736000,29.656736000,0.000000000,0,0
tx,3609,29.664928000,29.664928000,0.000000000,0,0
tx,3610,29.673120000,29.673120000,0.000000000,0,0
tx,3611,29.681312000,29.681312000,0.000000000,0,0
tx,3612,29.689504000,29.689504000,0.000000000,0,0
tx,3613,29.697696000,29.697696000,0.000000000,0,0
tx,3614,29.705888000,29.705888000,0.000000000,0,0
tx,3615,29.714080000,29.714080000,0.000000000,0,0
tx,3616,29.722272000,29.722272000,0.000000000,0,0
tx,3617,29.730464000,29.730464000,0.000000000,0,0
tx,3618,29.738656000,29.738656000,0.000000000,0,0
tx,3619,29.746848000,29.746848000,0.000000000,0,0
tx,3620,29.755040000,29.755040000,0.000000000,0,0
tx,3621,29.763232000,29.763232000,0.000000000,0,0
tx,3622,29.771424000,29.771424000,0.000000000,0,0
tx,3623,29.779616000,29.779616000,0.000000000,0,0
tx,3624,29.787808000,29.787808000,0.000000000,0,0
tx,3625,29.796000000,29.796000000,0.000000000,0,0
tx,3626,29.804192000,29.804192000,0.000000000,0,0
tx,3627,29.812384000,29.812384000,0.000000000,0,0
tx,3628,29.820576000,29.820576000,0.000000000,0,0
tx,3629,29.828768000,29.828768000,0.000000000,0,0
tx,3630,29.836960000,29.836960000,0.000000000,0,0
tx,3631,29.845152000,29.845152000,0.000000000,0,0
tx,3632,29.853344000,29.853344000,0.000000000,0,0
tx,3633,29.861536000,29.861536000,0.000000000,0,0
tx,3634,29.869728000,29.869728000,0.000000000,0,0
tx,3635,29.877920000,29.877920000,0.000000000,0,0
tx,3636,29.886112000,29.886112000,0.000000000,0,0
tx,3637,29.894304000,29.894304000,0.000000000,0,0
tx,3638,29.902496000,29.902496000,0.000000000,0,0
tx,3639,29.910688000,29.910688000,0.000000000,0,0
tx,3640,29.918880000,29.918880000,0.000000000,0,0
tx,3641,29.927072000,29.927072000,0.000000000,0,0
tx,3642,29.935264000,29.935264000,0.000000000,0,0
tx,3643,29.943456000,29.943456000,0.000000000,0,0
tx,3644,29.951648000,29.951648000,0.000000000,0,0
tx,3645,29.959840000,29.959840000,0.000000000,0,0
tx,3646,29.968032000,29.968032000,0.000000000,0,0
tx,3647,29.976224000,29.976224000,0.000000000,0,0
tx,3648,29.984416000,29.984416000,0.000000000,0,0
tx,3649,29.992608000,29.992608000,0.000000000,0,0
tx,3650,30.000800000,30.000800000,0.000000000,1,1
tx,3651,30.008992000,30.008992000,0.000000000,1,1
rx,3590,29.509280000,30.012688334,0.503408334,1,1
rx,3591,29.517472000,30.013443002,0.495971002,1,1
rx,3592,29.525664000,30.013767670,0.488103670,1,1
rx,3593,29.533856000,30.014172338,0.480316338,1,1
rx,3594,29.542048000,30.014717006,0.472669006,1,1
rx,3595,29.550240000,30.015081674,0.464841674,1,1
rx,3596,29.558432000,30.015386342,0.456954342,1,1
rx,3597,29.566624000,30.015691010,0.449067010,1,1
rx,3598,29.574816000,30.015995678,0.441179678,1,1
rx,3599,29.583008000,30.016540346,0.433532346,1,1
rx,3600,29.591200000,30.016905014,0.425705014,1,1
tx,3652,30.017184000,30.017184000,0.000000000,1,1
rx,3601,29.599392000,30.017249682,0.417857682,1,1
rx,3602,29.607584000,30.017554350,0.409970350,1,1
rx,3603,29.615776000,30.018079018,0.402303018,1,1
rx,3604,29.623968000,30.018623686,0.394655686,1,1
rx,3605,29.632160000,30.018988354,0.386828354,1,1
rx,3606,29.640352000,30.019413022,0.379061022,1,1
rx,3607,29.648544000,30.019797690,0.371253690,1,1
rx,3608,29.656736000,30.020222358,0.363486358,1,1
rx,3609,29.664928000,30.020627026,0.355699026,1,1
rx,3610,29.673120000,30.021211694,0.348091694,1,1
rx,3611,29.681312000,30.021636362,0.340324362,1,1
rx,3612,29.689504000,30.022021030,0.332517030,1,1
rx,3613,29.697696000,30.022445698,0.324749698,1,1
rx,3614,29.705888000,30.022730366,0.316842366,1,1
rx,3615,29.714080000,30.023135034,0.309055034,1,1
rx,3616,29.722272000,30.023439702,0.301167702,1,1
rx,3617,29.730464000,30.023724370,0.293260370,1,1
rx,3618,29.738656000,30.024309038,0.285653038,1,1
rx,3619,29.746848000,30.024833706,0.277985706,1,1
rx,3620,29.755040000,30.025218374,0.270178374,1,1
tx,3653,30.025376000,30.025376000,0.000000000,1,1
rx,3621,29.763232000,30.025663042,0.262431042,1,1
rx,3622,29.771424000,30.026247710,0.254823710,1,1
rx,3623,29.779616000,30.026572378,0.246956378,1,1
rx,3624,29.787808000,30.026937046,0.239129046,1,1
rx,3625,29.796000000,30.027241714,0.231241714,1,1
rx,3626,29.804192000,30.027686382,0.223494382,1,1
rx,3627,29.812384000,30.028051050,0.215667050,1,1
rx,3628,29.820576000,30.028395718,0.207819718,1,1
rx,3629,29.828768000,30.028700386,0.199932386,1,1
rx,3630,29.836960000,30.029245054,0.192285054,1,1
rx,3631,29.845152000,30.029809722,0.184657722,1,1
rx,3632,29.853344000,30.030234390,0.176890390,1,1
rx,3633,29.861536000,30.030639058,0.169103058,1,1
rx,3634,29.869728000,30.031083726,0.161355726,1,1
rx,3635,29.877920000,30.031488394,0.153568394,1,1
rx,3636,29.886112000,30.031913062,0.145801062,1,1
rx,3637,29.894304000,30.032277730,0.137973730,1,1
rx,3638,29.902496000,30.032562398,0.130066398,1,1
rx,3639,29.910688000,30.032927066,0.122239066,1,1
rx,3640,29.918880000,30.033211734,0.114331734,1,1
tx,3654,30.033568000,30.033568000,0.000000000,1,1
rx,3641,29.927072000,30.033696402,0.106624402,1,1
rx,3642,29.935264000,30.034181070,0.098917070,1,1
rx,3643,29.943456000,30.034745738,0.091289738,1,1
rx,3644,29.951648000,30.035250406,0.083602406,1,1
rx,3645,29.959840000,30.035615074,0.075775074,1,1
rx,3646,29.968032000,30.036159742,0.068127742,1,1
rx,3647,29.976224000,30.036504410,0.060280410,1,1
rx,3648,29.984416000,30.036929078,0.052513078,1,1
rx,3649,29.992608000,30.037473746,0.044865746,1,1
rx,3650,30.000800000,30.038058414,0.037258414,1,1
rx,3651,30.008992000,30.038403082,0.029411082,1,1
rx,3652,30.017184000,30.038907750,0.021723750,1,1
rx,3653,30.025376000,30.039232418,0.013856418,1,1
rx,3654,30.033568000,30.039757086,0.006189086,1,1
tx,3655,30.041760000,30.041760000,0.000000000,1,1
rx,3655,30.041760000,30.042000334,0.000240334,1,1
tx,3656,30.049952000,30.049952000,0.000000000,1,1
rx,3656,30.049952000,30.050192334,0.000240334,1,1
tx,3657,30.058144000,30.058144000,0.000000000,1,1
rx,3657,30.058144000,30.058384334,0.000240334,1,1
tx,3658,30.066336000,30.066336000,0.000000000,1,1
rx,3658,30.066336000,30.066576334,0.000240334,1,1
tx,3659,30.074528000,30.074528000,0.000000000,1,1
rx,3659,30.074528000,30.074768334,0.000240334,1,1
tx,3660,30.082720000,30.082720000,0.000000000,1,1
rx,3660,30.082720000,30.082960334,0.000240334,1,1
tx,3661,30.090912000,30.090912000,0.000000000,1,1
rx,3661,30.090912000,30.091152334,0.000240334,1,1
tx,3662,30.099104000,30.099104000,0.000000000,1,1
rx,3662,30.099104000,30.099344334,0.000240334,1,1
tx,3663,30.107296000,30.107296000,0.000000000,1,1
rx,3663,30.107296000,30.107536334,0.000240334,1,1
tx,3664,30.115488000,30.115488000,0.000000000,1,1
rx,3664,30.115488000,30.115728334,0.000240334,1,1
tx,3665,30.123680000,30.123680000,0.000000000,1,1
rx,3665,30.123680000,30.123920334,0.000240334,1,1
tx,3666,30.131872000,30.131872000,0.000000000,1,1
rx,3666,30.131872000,30.132112334,0.000240334,1,1
tx,3667,30.140064000,30.140064000,0.000000000,1,1
rx,3667,30.140064000,30.140304334,0.000240334,1,1
tx,3668,30.148256000,30.148256000,0.000000000,1,1
rx,3668,30.148256000,30.148496334,0.000240334,1,1
tx,3669,30.156448000,30.156448000,0.000000000,1,1
rx,3669,30.156448000,30.156688334,0.000240334,1,1
tx,3670,30.164640000,30.164640000,0.000000000,1,1
rx,3670,30.164640000,30.164880334,0.000240334,1,1
tx,3671,30.172832000,30.172832000,0.000000000,1,1
rx,3671,30.172832000,30.173072334,0.000240334,1,1
tx,3672,30.181024000,30.181024000,0.000000000,1,1
rx,3672,30.181024000,30.181264334,0.000240334,1,1
tx,3673,30.189216000,30.189216000,0.000000000,1,1
rx,3673,30.189216000,30.189456334,0.000240334,1,1
tx,3674,30.197408000,30.197408000,0.000000000,1,1
rx,3674,30.197408000,30.197648334,0.000240334,1,1
tx,3675,30.205600000,30.205600000,0.000000000,1,1
rx,3675,30.205600000,30.205840334,0.000240334,1,1
tx,3676,30.213792000,30.213792000,0.000000000,1,1
rx,3676,30.213792000,30.214032334,0.000240334,1,1
tx,3677,30.221984000,30.221984000,0.000000000,1,1
rx,3677,30.221984000,30.222224334,0.000240334,1,1
tx,3678,30.230176000,30.230176000,0.000000000,1,1
rx,3678,30.230176000,30.230416334,0.000240334,1,1
tx,3679,30.238368000,30.238368000,0.000000000,1,1
rx,3679,30.238368000,30.238608334,0.000240334,1,1
tx,3680,30.246560000,30.246560000,0.000000000,1,1
rx,3680,30.246560000,30.246800334,0.000240334,1,1
tx,3681,30.254752000,30.254752000,0.000000000,1,1
rx,3681,30.254752000,30.254992334,0.000240334,1,1
tx,3682,30.262944000,30.262944000,0.000000000,1,1
rx,3682,30.262944000,30.263184334,0.000240334,1,1
tx,3683,30.271136000,30.271136000,0.000000000,1,1
rx,3683,30.271136000,30.271376334,0.000240334,1,1
tx,3684,30.279328000,30.279328000,0.000000000,1,1
rx,3684,30.279328000,30.279568334,0.000240334,1,1
tx,3685,30.287520000,30.287520000,0.000000000,1,1
rx,3685,30.287520000,30.287760334,0.000240334,1,1
tx,3686,30.295712000,30.295712000,0.000000000,1,1
rx,3686,30.295712000,30.295952334,0.000240334,1,1
tx,3687,30.303904000,30.303904000,0.000000000,1,1
rx,3687,30.303904000,30.304144334,0.000240334,1,1
tx,3688,30.312096000,30.312096000,0.000000000,1,1
rx,3688,30.312096000,30.312336334,0.000240334,1,1
tx,3689,30.320288000,30.320288000,0.000000000,1,1
rx,3689,30.320288000,30.320528334,0.000240334,1,1
tx,3690,30.328480000,30.328480000,0.000000000,1,1
rx,3690,30.328480000,30.328720334,0.000240334,1,1
tx,3691,30.336672000,30.336672000,0.000000000,1,1
rx,3691,30.336672000,30.336912334,0.000240334,1,1
tx,3692,30.344864000,30.344864000,0.000000000,1,1
rx,3692,30.344864000,30.345104334,0.000240334,1,1
tx,3693,30.353056000,30.353056000,0.000000000,1,1
rx,3693,30.353056000,30.353296334,0.000240334,1,1
tx,3694,30.361248000,30.361248000,0.000000000,1,1
rx,3694,30.361248000,30.361488334,0.000240334,1,1
tx,3695,30.369440000,30.369440000,0.000000000,1,1
rx,3695,30.369440000,30.369680334,0.000240334,1,1
tx,3696,30.377632000,30.377632000,0.000000000,1,1
rx,3696,30.377632000,30.377872334,0.000240334,1,1
tx,3697,30.385824000,30.385824000,0.000000000,1,1
rx,3697,30.385824000,30.386064334,0.000240334,1,1
tx,3698,30.394016000,30.394016000,0.000000000,1,1
rx,3698,30.394016000,30.394256334,0.000240334,1,1
tx,3699,30.402208000,30.402208000,0.000000000,1,1
rx,3699,30.402208000,30.402448334,0.000240334,1,1
tx,3700,30.410400000,30.410400000,0.000000000,1,1
rx,3700,30.410400000,30.410640334,0.000240334,1,1
tx,3701,30.418592000,30.418592000,0.000000000,1,1
rx,3701,30.418592000,30.418832334,0.000240334,1,1
tx,3702,30.426784000,30.426784000,0.000000000,1,1
rx,3702,30.426784000,30.427024334,0.000240334,1,1
tx,3703,30.434976000,30.434976000,0.000000000,1,1
rx,3703,30.434976000,30.435216334,0.000240334,1,1
tx,3704,30.443168000,30.443168000,0.000000000,1,1
rx,3704,30.443168000,30.443408334,0.000240334,1,1
tx,3705,30.451360000,30.451360000,0.000000000,1,1
rx,3705,30.451360000,30.451600334,0.000240334,1,1
tx,3706,30.459552000,30.459552000,0.000000000,1,1
rx,3706,30.459552000,30.459792334,0.000240334,1,1
tx,3707,30.467744000,30.467744000,0.000000000,1,1
rx,3707,30.467744000,30.467984334,0.000240334,1,1
tx,3708,30.475936000,30.475936000,0.000000000,1,1
rx,3708,30.475936000,30.476176334,0.000240334,1,1
tx,3709,30.484128000,30.484128000,0.000000000,1,1
rx,3709,30.484128000,30.484368334,0.000240334,1,1
tx,3710,30.492320000,30.492320000,0.000000000,1,1
rx,3710,30.492320000,30.492560334,0.000240334,1,1
tx,3711,30.500512000,30.500512000,0.000000000,1,1
rx,3711,30.500512000,30.500752334,0.000240334,1,1
tx,3712,30.508704000,30.508704000,0.000000000,1,1
rx,3712,30.508704000,30.508944334,0.000240334,1,1
tx,3713,30.516896000,30.516896000,0.000000000,1,1
rx,3713,30.516896000,30.517136334,0.000240334,1,1
tx,3714,30.525088000,30.525088000,0.000000000,1,1
rx,3714,30.525088000,30.525328334,0.000240334,1,1
tx,3715,30.533280000,30.533280000,0.000000000,1,1
rx,3715,30.533280000,30.533520334,0.000240334,1,1
tx,3716,30.541472000,30.541472000,0.000000000,1,1
rx,3716,30.541472000,30.541712334,0.000240334,1,1
tx,3717,30.549664000,30.549664000,0.000000000,1,1
rx,3717,30.549664000,30.549904334,0.000240334,1,1
tx,3718,30.557856000,30.557856000,0.000000000,1,1
rx,3718,30.557856000,30.558096334,0.000240334,1,1
tx,3719,30.566048000,30.566048000,0.000000000,1,1
rx,3719,30.566048000,30.566288334,0.000240334,1,1
tx,3720,30.574240000,30.574240000,0.000000000,1,1
rx,3720,30.574240000,30.574480334,0.000240334,1,1
tx,3721,30.582432000,30.582432000,0.000000000,1,1
rx,3721,30.582432000,30.582672334,0.000240334,1,1
tx,3722,30.590624000,30.590624000,0.000000000,1,1
rx,3722,30.590624000,30.590864334,0.000240334,1,1
tx,3723,30.598816000,30.598816000,0.000000000,1,1
rx,3723,30.598816000,30.599056334,0.000240334,1,1
tx,3724,30.607008000,30.607008000,0.000000000,1,1
rx,3724,30.607008000,30.607248334,0.000240334,1,1
tx,3725,30.615200000,30.615200000,0.000000000,1,1
rx,3725,30.615200000,30.615440334,0.000240334,1,1
tx,3726,30.623392000,30.623392000,0.000000000,1,1
rx,3726,30.623392000,30.623632334,0.000240334,1,1
tx,3727,30.631584000,30.631584000,0.000000000,1,1
rx,3727,30.631584000,30.631824334,0.000240334,1,1
tx,3728,30.639776000,30.639776000,0.000000000,1,1
rx,3728,30.639776000,30.640016334,0.000240334,1,1
tx,3729,30.647968000,30.647968000,0.000000000,1,1
rx,3729,30.647968000,30.648208334,0.000240334,1,1
tx,3730,30.656160000,30.656160000,0.000000000,1,1
rx,3730,30.656160000,30.656400334,0.000240334,1,1
tx,3731,30.664352000,30.664352000,0.000000000,1,1
rx,3731,30.664352000,30.664592334,0.000240334,1,1
tx,3732,30.672544000,30.672544000,0.000000000,1,1
rx,3732,30.672544000,30.672784334,0.000240334,1,1
tx,3733,30.680736000,30.680736000,0.000000000,1,1
rx,3733,30.680736000,30.680976334,0.000240334,1,1
tx,3734,30.688928000,30.688928000,0.000000000,1,1
rx,3734,30.688928000,30.689168334,0.000240334,1,1
tx,3735,30.697120000,30.697120000,0.000000000,1,1
rx,3735,30.697120000,30.697360334,0.000240334,1,1
tx,3736,30.705312000,30.705312000,0.000000000,1,1
rx,3736,30.705312000,30.705552334,0.000240334,1,1
tx,3737,30.713504000,30.713504000,0.000000000,1,1
rx,3737,30.713504000,30.713744334,0.000240334,1,1
tx,3738,30.721696000,30.721696000,0.000000000,1,1
rx,3738,30.721696000,30.721936334,0.000240334,1,1
tx,3739,30.729888000,30.729888000,0.000000000,1,1
rx,3739,30.729888000,30.730128334,0.000240334,1,1
tx,3740,30.738080000,30.738080000,0.000000000,1,1
rx,3740,30.738080000,30.738320334,0.000240334,1,1
tx,3741,30.746272000,30.746272000,0.000000000,1,1
rx,3741,30.746272000,30.746512334,0.000240334,1,1
tx,3742,30.754464000,30.754464000,0.000000000,1,1
rx,3742,30.754464000,30.754704334,0.000240334,1,1
tx,3743,30.762656000,30.762656000,0.000000000,1,1
rx,3743,30.762656000,30.762896334,0.000240334,1,1
tx,3744,30.770848000,30.770848000,0.000000000,1,1
rx,3744,30.770848000,30.771088334,0.000240334,1,1
tx,3745,30.779040000,30.779040000,0.000000000,1,1
rx,3745,30.779040000,30.779280334,0.000240334,1,1
tx,3746,30.787232000,30.787232000,0.000000000,1,1
rx,3746,30.787232000,30.787472334,0.000240334,1,1
tx,3747,30.795424000,30.795424000,0.000000000,1,1
rx,3747,30.795424000,30.795664334,0.000240334,1,1
tx,3748,30.803616000,30.803616000,0.000000000,1,1
rx,3748,30.803616000,30.803856334,0.000240334,1,1
tx,3749,30.811808000,30.811808000,0.000000000,1,1
rx,3749,30.811808000,30.812048334,0.000240334,1,1
tx,3750,30.820000000,30.820000000,0.000000000,1,1
rx,3750,30.820000000,30.820240334,0.000240334,1,1
tx,3751,30.828192000,30.828192000,0.000000000,1,1
rx,3751,30.828192000,30.828432334,0.000240334,1,1
tx,3752,30.836384000,30.836384000,0.000000000,1,1
rx,3752,30.836384000,30.836624334,0.000240334,1,1
tx,3753,30.844576000,30.844576000,0.000000000,1,1
rx,3753,30.844576000,30.844816334,0.000240334,1,1
tx,3754,30.852768000,30.852768000,0.000000000,1,1
rx,3754,30.852768000,30.853008334,0.000240334,1,1
tx,3755,30.860960000,30.860960000,0.000000000,1,1
rx,3755,30.860960000,30.861200334,0.000240334,1,1
tx,3756,30.869152000,30.869152000,0.000000000,1,1
rx,3756,30.869152000,30.869392334,0.000240334,1,1
tx,3757,30.877344000,30.877344000,0.000000000,1,1
rx,3757,30.877344000,30.877584334,0.000240334,1,1
tx,3758,30.885536000,30.885536000,0.000000000,1,1
rx,3758,30.885536000,30.885776334,0.000240334,1,1
tx,3759,30.893728000,30.893728000,0.000000000,1,1
rx,3759,30.893728000,30.893968334,0.000240334,1,1
tx,3760,30.901920000,30.901920000,0.000000000,1,1
rx,3760,30.901920000,30.902160334,0.000240334,1,1
tx,3761,30.910112000,30.910112000,0.000000000,1,1
rx,3761,30.910112000,30.910352334,0.000240334,1,1
tx,3762,30.918304000,30.918304000,0.000000000,1,1
rx,3762,30.918304000,30.918544334,0.000240334,1,1
tx,3763,30.926496000,30.926496000,0.000000000,1,1
rx,3763,30.926496000,30.926736334,0.000240334,1,1
tx,3764,30.934688000,30.934688000,0.000000000,1,1
rx,3764,30.934688000,30.934928334,0.000240334,1,1
tx,3765,30.942880000,30.942880000,0.000000000,1,1
rx,3765,30.942880000,30.943120334,0.000240334,1,1
tx,3766,30.951072000,30.951072000,0.000000000,1,1
rx,3766,30.951072000,30.951312334,0.000240334,1,1
tx,3767,30.959264000,30.959264000,0.000000000,1,1
rx,3767,30.959264000,30.959504334,0.000240334,1,1
tx,3768,30.967456000,30.967456000,0.000000000,1,1
rx,3768,30.967456000,30.967696334,0.000240334,1,1
tx,3769,30.975648000,30.975648000,0.000000000,1,1
rx,3769,30.975648000,30.975888334,0.000240334,1,1
tx,3770,30.983840000,30.983840000,0.000000000,1,1
rx,3770,30.983840000,30.984080334,0.000240334,1,1
tx,3771,30.992032000,30.992032000,0.000000000,1,1
rx,3771,30.992032000,30.992272334,0.000240334,1,1
tx,3772,31.000224000,31.000224000,0.000000000,0,0
tx,3773,31.008416000,31.008416000,0.000000000,0,0
tx,3774,31.016608000,31.016608000,0.000000000,0,0
tx,3775,31.024800000,31.024800000,0.000000000,0,0
tx,3776,31.032992000,31.032992000,0.000000000,0,0
tx,3777,31.041184000,31.041184000,0.000000000,0,0
tx,3778,31.049376000,31.049376000,0.000000000,0,0
tx,3779,31.057568000,31.057568000,0.000000000,0,0
tx,3780,31.065760000,31.065760000,0.000000000,0,0
tx,3781,31.073952000,31.073952000,0.000000000,0,0
tx,3782,31.082144000,31.082144000,0.000000000,0,0
tx,3783,31.090336000,31.090336000,0.000000000,0,0
tx,3784,31.098528000,31.098528000,0.000000000,0,0
tx,3785,31.106720000,31.106720000,0.000000000,0,0
tx,3786,31.114912000,31.114912000,0.000000000,0,0
tx,3787,31.123104000,31.123104000,0.000000000,0,0
tx,3788,31.131296000,31.131296000,0.000000000,0,0
tx,3789,31.139488000,31.139488000,0.000000000,0,0
tx,3790,31.147680000,31.147680000,0.000000000,0,0
tx,3791,31.155872000,31.155872000,0.000000000,0,0
tx,3792,31.164064000,31.164064000,0.000000000,0,0
tx,3793,31.172256000,31.172256000,0.000000000,0,0
tx,3794,31.180448000,31.180448000,0.000000000,0,0
tx,3795,31.188640000,31.188640000,0.000000000,0,0
tx,3796,31.196832000,31.196832000,0.000000000,0,0
tx,3797,31.205024000,31.205024000,0.000000000,0,0
tx,3798,31.213216000,31.213216000,0.000000000,0,0
tx,3799,31.221408000,31.221408000,0.000000000,0,0
tx,3800,31.229600000,31.229600000,0.000000000,0,0
tx,3801,31.237792000,31.237792000,0.000000000,0,0
tx,3802,31.245984000,31.245984000,0.000000000,0,0
tx,3803,31.254176000,31.254176000,0.000000000,0,0
tx,3804,31.262368000,31.262368000,0.000000000,0,0
tx,3805,31.270560000,31.270560000,0.000000000,0,0
tx,3806,31.278752000,31.278752000,0.000000000,0,0
tx,3807,31.286944000,31.286944000,0.000000000,0,0
tx,3808,31.295136000,31.295136000,0.000000000,0,0
tx,3809,31.303328000,31.303328000,0.000000000,0,0
tx,3810,31.311520000,31.311520000,0.000000000,0,0
tx,3811,31.319712000,31.319712000,0.000000000,0,0
tx,3812,31.327904000,31.327904000,0.000000000,0,0
tx,3813,31.336096000,31.336096000,0.000000000,0,0
tx,3814,31.344288000,31.344288000,0.000000000,0,0
tx,3815,31.352480000,31.352480000,0.000000000,0,0
tx,3816,31.360672000,31.360672000,0.000000000,0,0
tx,3817,31.368864000,31.368864000,0.000000000,0,0
tx,3818,31.377056000,31.377056000,0.000000000,0,0
tx,3819,31.385248000,31.385248000,0.000000000,0,0
tx,3820,31.393440000,31.393440000,0.000000000,0,0
tx,3821,31.401632000,31.401632000,0.000000000,0,0
tx,3822,31.409824000,31.409824000,0.000000000,0,0
tx,3823,31.418016000,31.418016000,0.000000000,0,0
tx,3824,31.426208000,31.426208000,0.000000000,0,0
tx,3825,31.434400000,31.434400000,0.000000000,0,0
tx,3826,31.442592000,31.442592000,0.000000000,0,0
tx,3827,31.450784000,31.450784000,0.000000000,0,0
tx,3828,31.458976000,31.458976000,0.000000000,0,0
tx,3829,31.467168000,31.467168000,0.000000000,0,0
tx,3830,31.475360000,31.475360000,0.000000000,0,0
tx,3831,31.483552000,31.483552000,0.000000000,0,0
tx,3832,31.491744000,31.491744000,0.000000000,0,0
tx,3833,31.499936000,31.499936000,0.000000000,0,0
tx,3834,31.508128000,31.508128000,0.000000000,0,0
tx,3835,31.516320000,31.516320000,0.000000000,0,0
tx,3836,31.524512000,31.524512000,0.000000000,0,0
tx,3837,31.532704000,31.532704000,0.000000000,0,0
tx,3838,31.540896000,31.540896000,0.000000000,0,0
tx,3839,31.549088000,31.549088000,0.000000000,0,0
tx,3840,31.557280000,31.557280000,0.000000000,0,0
tx,3841,31.565472000,31.565472000,0.000000000,0,0
tx,3842,31.573664000,31.573664000,0.000000000,0,0
tx,3843,31.581856000,31.581856000,0.000000000,0,0
tx,3844,31.590048000,31.590048000,0.000000000,0,0
tx,3845,31.598240000,31.598240000,0.000000000,0,0
tx,3846,31.606432000,31.606432000,0.000000000,0,0
tx,3847,31.614624000,31.614624000,0.000000000,0,0
tx,3848,31.622816000,31.622816000,0.000000000,0,0
tx,3849,31.631008000,31.631008000,0.000000000,0,0
tx,3850,31.639200000,31.639200000,0.000000000,0,0
tx,3851,31.647392000,31.647392000,0.000000000,0,0
tx,3852,31.655584000,31.655584000,0.000000000,0,0
tx,3853,31.663776000,31.663776000,0.000000000,0,0
tx,3854,31.671968000,31.671968000,0.000000000,0,0
tx,3855,31.680160000,31.680160000,0.000000000,0,0
tx,3856,31.688352000,31.688352000,0.000000000,0,0
tx,3857,31.696544000,31.696544000,0.000000000,0,0
tx,3858,31.704736000,31.704736000,0.000000000,0,0
tx,3859,31.712928000,31.712928000,0.000000000,0,0
tx,3860,31.721120000,31.721120000,0.000000000,0,0
tx,3861,31.729312000,31.729312000,0.000000000,0,0
tx,3862,31.737504000,31.737504000,0.000000000,0,0
tx,3863,31.745696000,31.745696000,0.000000000,0,0
tx,3864,31.753888000,31.753888000,0.000000000,0,0
tx,3865,31.762080000,31.762080000,0.000000000,0,0
tx,3866,31.770272000,31.770272000,0.000000000,0,0
tx,3867,31.778464000,31.778464000,0.000000000,0,0
tx,3868,31.786656000,31.786656000,0.000000000,0,0
tx,3869,31.794848000,31.794848000,0.000000000,0,0
tx,3870,31.803040000,31.803040000,0.000000000,0,0
tx,3871,31.811232000,31.811232000,0.000000000,0,0
tx,3872,31.819424000,31.819424000,0.000000000,0,0
tx,3873,31.827616000,31.827616000,0.000000000,0,0
tx,3874,31.835808000,31.835808000,0.000000000,0,0
tx,3875,31.844000000,31.844000000,0.000000000,0,0
tx,3876,31.852192000,31.852192000,0.000000000,0,0
tx,3877,31.860384000,31.860384000,0.000000000,0,0
tx,3878,31.868576000,31.868576000,0.000000000,0,0
tx,3879,31.876768000,31.876768000,0.000000000,0,0
tx,3880,31.884960000,31.884960000,0.000000000,0,0
tx,3881,31.893152000,31.893152000,0.000000000,0,0
tx,3882,31.901344000,31.901344000,0.000000000,0,0
tx,3883,31.909536000,31.909536000,0.000000000,0,0
tx,3884,31.917728000,31.917728000,0.000000000,0,0
tx,3885,31.925920000,31.925920000,0.000000000,0,0
tx,3886,31.934112000,31.934112000,0.000000000,0,0
tx,3887,31.942304000,31.942304000,0.000000000,0,0
tx,3888,31.950496000,31.950496000,0.000000000,0,0
tx,3889,31.958688000,31.958688000,0.000000000,0,0
tx,3890,31.966880000,31.966880000,0.000000000,0,0
tx,3891,31.975072000,31.975072000,0.000000000,0,0
tx,3892,31.983264000,31.983264000,0.000000000,0,0
tx,3893,31.991456000,31.991456000,0.000000000,0,0
tx,3894,31.999648000,31.999648000,0.000000000,0,0
tx,3895,32.007840000,32.007840000,0.000000000,1,1
tx,3896,32.016032000,32.016032000,0.000000000,1,1
rx,3835,31.516320000,32.019084334,0.502764334,1,1
rx,3836,31.524512000,32.019779002,0.495267002,1,1
rx,3837,31.532704000,32.020363670,0.487659670,1,1
rx,3838,31.540896000,32.020928338,0.480032338,1,1
rx,3839,31.549088000,32.021393006,0.472305006,1,1
rx,3840,31.557280000,32.021837674,0.464557674,1,1
rx,3841,31.565472000,32.022302342,0.456830342,1,1
rx,3842,31.573664000,32.022887010,0.449223010,1,1
rx,3843,31.581856000,32.023331678,0.441475678,1,1
rx,3844,31.590048000,32.023696346,0.433648346,1,1
rx,3845,31.598240000,32.024221014,0.425981014,1,1
tx,3897,32.024224000,32.024224000,0.000000000,1,1
rx,3846,31.606432000,32.024705682,0.418273682,1,1
rx,3847,31.614624000,32.025250350,0.410626350,1,1
rx,3848,31.622816000,32.025575018,0.402759018,1,1
rx,3849,31.631008000,32.025859686,0.394851686,1,1
rx,3850,31.639200000,32.026224354,0.387024354,1,1
rx,3851,31.647392000,32.026669022,0.379277022,1,1
rx,3852,31.655584000,32.027253690,0.371669690,1,1
rx,3853,31.663776000,32.027618358,0.363842358,1,1
rx,3854,31.671968000,32.027903026,0.355935026,1,1
rx,3855,31.680160000,32.028447694,0.348287694,1,1
rx,3856,31.688352000,32.028772362,0.340420362,1,1
rx,3857,31.696544000,32.029177030,0.332633030,1,1
rx,3858,31.704736000,32.029581698,0.324845698,1,1
rx,3859,31.712928000,32.030106366,0.317178366,1,1
rx,3860,31.721120000,32.030511034,0.309391034,1,1
rx,3861,31.729312000,32.030935702,0.301623702,1,1
rx,3862,31.737504000,32.031340370,0.293836370,1,1
rx,3863,31.745696000,32.031745038,0.286049038,1,1
rx,3864,31.753888000,32.032069706,0.278181706,1,1
rx,3865,31.762080000,32.032394374,0.270314374,1,1
tx,3898,32.032416000,32.032416000,0.000000000,1,1
rx,3866,31.770272000,32.032699042,0.262427042,1,1
rx,3867,31.778464000,32.033203710,0.254739710,1,1
rx,3868,31.786656000,32.033788378,0.247132378,1,1
rx,3869,31.794848000,32.034113046,0.239265046,1,1
rx,3870,31.803040000,32.034397714,0.231357714,1,1
rx,3871,31.811232000,32.034982382,0.223750382,1,1
rx,3872,31.819424000,32.035307050,0.215883050,1,1
rx,3873,31.827616000,32.035731718,0.208115718,1,1
rx,3874,31.835808000,32.036216386,0.200408386,1,1
rx,3875,31.844000000,32.036661054,0.192661054,1,1
rx,3876,31.852192000,32.037225722,0.185033722,1,1
rx,3877,31.860384000,32.037670390,0.177286390,1,1
rx,3878,31.868576000,32.038095058,0.169519058,1,1
rx,3879,31.876768000,32.038419726,0.161651726,1,1
rx,3880,31.884960000,32.038724394,0.153764394,1,1
rx,3881,31.893152000,32.039029062,0.145877062,1,1
rx,3882,31.901344000,32.039553730,0.138209730,1,1
rx,3883,31.909536000,32.040138398,0.130602398,1,1
tx,3899,32.040608000,32.040608000,0.000000000,1,1
rx,3884,31.917728000,32.040623066,0.122895066,1,1
rx,3885,31.925920000,32.040987734,0.115067734,1,1
rx,3886,31.934112000,32.041472402,0.107360402,1,1
rx,3887,31.942304000,32.041757070,0.099453070,1,1
rx,3888,31.950496000,32.042261738,0.091765738,1,1
rx,3889,31.958688000,32.042846406,0.084158406,1,1
rx,3890,31.966880000,32.043351074,0.076471074,1,1
rx,3891,31.975072000,32.043775742,0.068703742,1,1
rx,3892,31.983264000,32.044280410,0.061016410,1,1
rx,3893,31.991456000,32.044705078,0.053249078,1,1
rx,3894,31.999648000,32.045049746,0.045401746,1,1
rx,3895,32.007840000,32.045474414,0.037634414,1,1
rx,3896,32.016032000,32.045939082,0.029907082,1,1
rx,3897,32.024224000,32.046503750,0.022279750,1,1
rx,3898,32.032416000,32.046788418,0.014372418,1,1
rx,3899,32.040608000,32.047073086,0.006465086,1,1
tx,3900,32.048800000,32.048800000,0.000000000,1,1
rx,3900,32.048800000,32.049040334,0.000240334,1,1
tx,3901,32.056992000,32.056992000,0.000000000,1,1
rx,3901,32.056992000,32.057232334,0.000240334,1,1
tx,3902,32.065184000,32.065184000,0.000000000,1,1
rx,3902,32.065184000,32.065424334,0.000240334,1,1
tx,3903,32.073376000,32.073376000,0.000000000,1,1
rx,3903,32.073376000,32.073616334,0.000240334,1,1
tx,3904,32.081568000,32.081568000,0.000000000,1,1
rx,3904,32.081568000,32.081808334,0.000240334,1,1
tx,3905,32.089760000,32.089760000,0.000000000,1,1
rx,3905,32.089760000,32.090000334,0.000240334,1,1
tx,3906,32.097952000,32.097952000,0.000000000,1,1
rx,3906,32.097952000,32.098192334,0.000240334,1,1
tx,3907,32.106144000,32.106144000,0.000000000,1,1
rx,3907,32.106144000,32.106384334,0.000240334,1,1
tx,3908,32.114336000,32.114336000,0.000000000,1,1
rx,3908,32.114336000,32.114576334,0.000240334,1,1
tx,3909,32.122528000,32.122528000,0.000000000,1,1
rx,3909,32.122528000,32.122768334,0.000240334,1,1
tx,3910,32.130720000,32.130720000,0.000000000,1,1
rx,3910,32.130720000,32.130960334,0.000240334,1,1
tx,3911,32.138912000,32.138912000,0.000000000,1,1
rx,3911,32.138912000,32.139152334,0.000240334,1,1
tx,3912,32.147104000,32.147104000,0.000000000,1,1
rx,3912,32.147104000,32.147344334,0.000240334,1,1
tx,3913,32.155296000,32.155296000,0.000000000,1,1
rx,3913,32.155296000,32.155536334,0.000240334,1,1
tx,3914,32.163488000,32.163488000,0.000000000,1,1
rx,3914,32.163488000,32.163728334,0.000240334,1,1
tx,3915,32.171680000,32.171680000,0.000000000,1,1
rx,3915,32.171680000,32.171920334,0.000240334,1,1
tx,3916,32.179872000,32.179872000,0.000000000,1,1
rx,3916,32.179872000,32.180112334,0.000240334,1,1
tx,3917,32.188064000,32.188064000,0.000000000,1,1
rx,3917,32.188064000,32.188304334,0.000240334,1,1
tx,3918,32.196256000,32.196256000,0.000000000,1,1
rx,3918,32.196256000,32.196496334,0.000240334,1,1
tx,3919,32.204448000,32.204448000,0.000000000,1,1
rx,3919,32.204448000,32.204688334,0.000240334,1,1
tx,3920,32.212640000,32.212640000,0.000000000,1,1
rx,3920,32.212640000,32.212880334,0.000240334,1,1
tx,3921,32.220832000,32.220832000,0.000000000,1,1
rx,3921,32.220832000,32.221072334,0.000240334,1,1
tx,3922,32.229024000,32.229024000,0.000000000,1,1
rx,3922,32.229024000,32.229264334,0.000240334,1,1
tx,3923,32.237216000,32.237216000,0.000000000,1,1
rx,3923,32.237216000,32.237456334,0.000240334,1,1
tx,3924,32.245408000,32.245408000,0.000000000,1,1
rx,3924,32.245408000,32.245648334,0.000240334,1,1
tx,3925,32.253600000,32.253600000,0.000000000,1,1
rx,3925,32.253600000,32.253840334,0.000240334,1,1
tx,3926,32.261792000,32.261792000,0.000000000,1,1
rx,3926,32.261792000,32.262032334,0.000240334,1,1
tx,3927,32.269984000,32.269984000,0.000000000,1,1
rx,3927,32.269984000,32.270224334,0.000240334,1,1
tx,3928,32.278176000,32.278176000,0.000000000,1,1
rx,3928,32.278176000,32.278416334,0.000240334,1,1
tx,3929,32.286368000,32.286368000,0.000000000,1,1
rx,3929,32.286368000,32.286608334,0.000240334,1,1
tx,3930,32.294560000,32.294560000,0.000000000,1,1
rx,3930,32.294560000,32.294800334,0.000240334,1,1
tx,3931,32.302752000,32.302752000,0.000000000,1,1
rx,3931,32.302752000,32.302992334,0.000240334,1,1
tx,3932,32.310944000,32.310944000,0.000000000,1,1
rx,3932,32.310944000,32.311184334,0.000240334,1,1
tx,3933,32.319136000,32.319136000,0.000000000,1,1
rx,3933,32.319136000,32.319376334,0.000240334,1,1
tx,3934,32.327328000,32.327328000,0.000000000,1,1
rx,3934,32.327328000,32.327568334,0.000240334,1,1
tx,3935,32.335520000,32.335520000,0.000000000,1,1
rx,3935,32.335520000,32.335760334,0.000240334,1,1
tx,3936,32.343712000,32.343712000,0.000000000,1,1
rx,3936,32.343712000,32.343952334,0.000240334,1,1
tx,3937,32.351904000,32.351904000,0.000000000,1,1
rx,3937,32.351904000,32.352144334,0.000240334,1,1
tx,3938,32.360096000,32.360096000,0.000000000,1,1
rx,3938,32.360096000,32.360336334,0.000240334,1,1
tx,3939,32.368288000,32.368288000,0.000000000,1,1
rx,3939,32.368288000,32.368528334,0.000240334,1,1
tx,3940,32.376480000,32.376480000,0.000000000,1,1
rx,3940,32.376480000,32.376720334,0.000240334,1,1
tx,3941,32.384672000,32.384672000,0.000000000,1,1
rx,3941,32.384672000,32.384912334,0.000240334,1,1
tx,3942,32.392864000,32.392864000,0.000000000,1,1
rx,3942,32.392864000,32.393104334,0.000240334,1,1
tx,3943,32.401056000,32.401056000,0.000000000,1,1
rx,3943,32.401056000,32.401296334,0.000240334,1,1
tx,3944,32.409248000,32.409248000,0.000000000,1,1
rx,3944,32.409248000,32.409488334,0.000240334,1,1
tx,3945,32.417440000,32.417440000,0.000000000,1,1
rx,3945,32.417440000,32.417680334,0.000240334,1,1
tx,3946,32.425632000,32.425632000,0.000000000,1,1
rx,3946,32.425632000,32.425872334,0.000240334,1,1
tx,3947,32.433824000,32.433824000,0.000000000,1,1
rx,3947,32.433824000,32.434064334,0.000240334,1,1
tx,3948,32.442016000,32.442016000,0.000000000,1,1
rx,3948,32.442016000,32.442256334,0.000240334,1,1
tx,3949,32.450208000,32.450208000,0.000000000,1,1
rx,3949,32.450208000,32.450448334,0.000240334,1,1
tx,3950,32.458400000,32.458400000,0.000000000,1,1
rx,3950,32.458400000,32.458640334,0.000240334,1,1
tx,3951,32.466592000,32.466592000,0.000000000,1,1
rx,3951,32.466592000,32.466832334,0.000240334,1,1
tx,3952,32.474784000,32.474784000,0.000000000,1,1
rx,3952,32.474784000,32.475024334,0.000240334,1,1
tx,3953,32.482976000,32.482976000,0.000000000,1,1
rx,3953,32.482976000,32.483216334,0.000240334,1,1
tx,3954,32.491168000,32.491168000,0.000000000,1,1
rx,3954,32.491168000,32.491408334,0.000240334,1,1
tx,3955,32.499360000,32.499360000,0.000000000,1,1
rx,3955,32.499360000,32.499600334,0.000240334,1,1
tx,3956,32.507552000,32.507552000,0.000000000,1,1
rx,3956,32.507552000,32.507792334,0.000240334,1,1
tx,3957,32.515744000,32.515744000,0.000000000,1,1
rx,3957,32.515744000,32.515984334,0.000240334,1,1
tx,3958,32.523936000,32.523936000,0.000000000,1,1
rx,3958,32.523936000,32.524176334,0.000240334,1,1
tx,3959,32.532128000,32.532128000,0.000000000,1,1
rx,3959,32.532128000,32.532368334,0.000240334,1,1
tx,3960,32.540320000,32.540320000,0.000000000,1,1
rx,3960,32.540320000,32.540560334,0.000240334,1,1
tx,3961,32.548512000,32.548512000,0.000000000,1,1
rx,3961,32.548512000,32.548752334,0.000240334,1,1
tx,3962,32.556704000,32.556704000,0.000000000,1,1
rx,3962,32.556704000,32.556944334,0.000240334,1,1
tx,3963,32.564896000,32.564896000,0.000000000,1,1
rx,3963,32.564896000,32.565136334,0.000240334,1,1
tx,3964,32.573088000,32.573088000,0.000000000,1,1
rx,3964,32.573088000,32.573328334,0.000240334,1,1
tx,3965,32.581280000,32.581280000,0.000000000,1,1
rx,3965,32.581280000,32.581520334,0.000240334,1,1
tx,3966,32.589472000,32.589472000,0.000000000,1,1
rx,3966,32.589472000,32.589712334,0.000240334,1,1
tx,3967,32.597664000,32.597664000,0.000000000,1,1
rx,3967,32.597664000,32.597904334,0.000240334,1,1
tx,3968,32.605856000,32.605856000,0.000000000,1,1
rx,3968,32.605856000,32.606096334,0.000240334,1,1
tx,3969,32.614048000,32.614048000,0.000000000,1,1
rx,3969,32.614048000,32.614288334,0.000240334,1,1
tx,3970,32.622240000,32.622240000,0.000000000,1,1
rx,3970,32.622240000,32.622480334,0.000240334,1,1
tx,3971,32.630432000,32.630432000,0.000000000,1,1
rx,3971,32.630432000,32.630672334,0.000240334,1,1
tx,3972,32.638624000,32.638624000,0.000000000,1,1
rx,3972,32.638624000,32.638864334,0.000240334,1,1
tx,3973,32.646816000,32.646816000,0.000000000,1,1
rx,3973,32.646816000,32.647056334,0.000240334,1,1
tx,3974,32.655008000,32.655008000,0.000000000,1,1
rx,3974,32.655008000,32.655248334,0.000240334,1,1
tx,3975,32.663200000,32.663200000,0.000000000,1,1
rx,3975,32.663200000,32.663440334,0.000240334,1,1
tx,3976,32.671392000,32.671392000,0.000000000,1,1
rx,3976,32.671392000,32.671632334,0.000240334,1,1
tx,3977,32.679584000,32.679584000,0.000000000,1,1
rx,3977,32.679584000,32.679824334,0.000240334,1,1
tx,3978,32.687776000,32.687776000,0.000000000,1,1
rx,3978,32.687776000,32.688016334,0.000240334,1,1
tx,3979,32.695968000,32.695968000,0.000000000,1,1
rx,3979,32.695968000,32.696208334,0.000240334,1,1
tx,3980,32.704160000,32.704160000,0.000000000,1,1
rx,3980,32.704160000,32.704400334,0.000240334,1,1
tx,3981,32.712352000,32.712352000,0.000000000,1,1
rx,3981,32.712352000,32.712592334,0.000240334,1,1
tx,3982,32.720544000,32.720544000,0.000000000,1,1
rx,3982,32.720544000,32.720784334,0.000240334,1,1
tx,3983,32.728736000,32.728736000,0.000000000,1,1
rx,3983,32.728736000,32.728976334,0.000240334,1,1
tx,3984,32.736928000,32.736928000,0.000000000,1,1
rx,3984,32.736928000,32.737168334,0.000240334,1,1
tx,3985,32.745120000,32.745120000,0.000000000,1,1
rx,3985,32.745120000,32.745360334,0.000240334,1,1
tx,3986,32.753312000,32.753312000,0.000000000,1,1
rx,3986,32.753312000,32.753552334,0.000240334,1,1
tx,3987,32.761504000,32.761504000,0.000000000,1,1
rx,3987,32.761504000,32.761744334,0.000240334,1,1
tx,3988,32.769696000,32.769696000,0.000000000,1,1
rx,3988,32.769696000,32.769936334,0.000240334,1,1
tx,3989,32.777888000,32.777888000,0.000000000,1,1
rx,3989,32.777888000,32.778128334,0.000240334,1,1
tx,3990,32.786080000,32.786080000,0.000000000,1,1
rx,3990,32.786080000,32.786320334,0.000240334,1,1
tx,3991,32.794272000,32.794272000,0.000000000,1,1
rx,3991,32.794272000,32.794512334,0.000240334,1,1
tx,3992,32.802464000,32.802464000,0.000000000,1,1
rx,3992,32.802464000,32.802704334,0.000240334,1,1
tx,3993,32.810656000,32.810656000,0.000000000,1,1
rx,3993,32.810656000,32.810896334,0.000240334,1,1
tx,3994,32.818848000,32.818848000,0.000000000,1,1
rx,3994,32.818848000,32.819088334,0.000240334,1,1
tx,3995,32.827040000,32.827040000,0.000000000,1,1
rx,3995,32.827040000,32.827280334,0.000240334,1,1
tx,3996,32.835232000,32.835232000,0.000000000,1,1
rx,3996,32.835232000,32.835472334,0.000240334,1,1
tx,3997,32.843424000,32.843424000,0.000000000,1,1
rx,3997,32.843424000,32.843664334,0.000240334,1,1
tx,3998,32.851616000,32.851616000,0.000000000,1,1
rx,3998,32.851616000,32.851856334,0.000240334,1,1
tx,3999,32.859808000,32.859808000,0.000000000,1,1
rx,3999,32.859808000,32.860048334,0.000240334,1,1
tx,4000,32.868000000,32.868000000,0.000000000,1,1
rx,4000,32.868000000,32.868240334,0.000240334,1,1
tx,4001,32.876192000,32.876192000,0.000000000,1,1
rx,4001,32.876192000,32.876432334,0.000240334,1,1
tx,4002,32.884384000,32.884384000,0.000000000,1,1
rx,4002,32.884384000,32.884624334,0.000240334,1,1
tx,4003,32.892576000,32.892576000,0.000000000,1,1
rx,4003,32.892576000,32.892816334,0.000240334,1,1
tx,4004,32.900768000,32.900768000,0.000000000,1,1
rx,4004,32.900768000,32.901008334,0.000240334,1,1
tx,4005,32.908960000,32.908960000,0.000000000,1,1
rx,4005,32.908960000,32.909200334,0.000240334,1,1
tx,4006,32.917152000,32.917152000,0.000000000,1,1
rx,4006,32.917152000,32.917392334,0.000240334,1,1
tx,4007,32.925344000,32.925344000,0.000000000,1,1
rx,4007,32.925344000,32.925584334,0.000240334,1,1
tx,4008,32.933536000,32.933536000,0.000000000,1,1
rx,4008,32.933536000,32.933776334,0.000240334,1,1
tx,4009,32.941728000,32.941728000,0.000000000,1,1
rx,4009,32.941728000,32.941968334,0.000240334,1,1
tx,4010,32.949920000,32.949920000,0.000000000,1,1
rx,4010,32.949920000,32.950160334,0.000240334,1,1
tx,4011,32.958112000,32.958112000,0.000000000,1,1
rx,4011,32.958112000,32.958352334,0.000240334,1,1
tx,4012,32.966304000,32.966304000,0.000000000,1,1
rx,4012,32.966304000,32.966544334,0.000240334,1,1
tx,4013,32.974496000,32.974496000,0.000000000,1,1
rx,4013,32.974496000,32.974736334,0.000240334,1,1
tx,4014,32.982688000,32.982688000,0.000000000,1,1
rx,4014,32.982688000,32.982928334,0.000240334,1,1
tx,4015,32.990880000,32.990880000,0.000000000,1,1
rx,4015,32.990880000,32.991120334,0.000240334,1,1
tx,4016,32.999072000,32.999072000,0.000000000,1,1
rx,4016,32.999072000,32.999312334,0.000240334,1,1
tx,4017,33.007264000,33.007264000,0.000000000,0,0
tx,4018,33.015456000,33.015456000,0.000000000,0,0
tx,4019,33.023648000,33.023648000,0.000000000,0,0
tx,4020,33.031840000,33.031840000,0.000000000,0,0
tx,4021,33.040032000,33.040032000,0.000000000,0,0
tx,4022,33.048224000,33.048224000,0.000000000,0,0
tx,4023,33.056416000,33.056416000,0.000000000,0,0
tx,4024,33.064608000,33.064608000,0.000000000,0,0
tx,4025,33.072800000,33.072800000,0.000000000,0,0
tx,4026,33.080992000,33.080992000,0.000000000,0,0
tx,4027,33.089184000,33.089184000,0.000000000,0,0
tx,4028,33.097376000,33.097376000,0.000000000,0,0
tx,4029,33.105568000,33.105568000,0.000000000,0,0
tx,4030,33.113760000,33.113760000,0.000000000,0,0
tx,4031,33.121952000,33.121952000,0.000000000,0,0
tx,4032,33.130144000,33.130144000,0.000000000,0,0
tx,4033,33.138336000,33.138336000,0.000000000,0,0
tx,4034,33.146528000,33.146528000,0.000000000,0,0
tx,4035,33.154720000,33.154720000,0.000000000,0,0
tx,4036,33.162912000,33.162912000,0.000000000,0,0
tx,4037,33.171104000,33.171104000,0.000000000,0,0
tx,4038,33.179296000,33.179296000,0.000000000,0,0
tx,4039,33.187488000,33.187488000,0.000000000,0,0
tx,4040,33.195680000,33.195680000,0.000000000,0,0
tx,4041,33.203872000,33.203872000,0.000000000,0,0
tx,4042,33.212064000,33.212064000,0.000000000,0,0
tx,4043,33.220256000,33.220256000,0.000000000,0,0
tx,4044,33.228448000,33.228448000,0.000000000,0,0
tx,4045,33.236640000,33.236640000,0.000000000,0,0
tx,4046,33.244832000,33.244832000,0.000000000,0,0
tx,4047,33.253024000,33.253024000,0.000000000,0,0
tx,4048,33.261216000,33.261216000,0.000000000,0,0
tx,4049,33.269408000,33.269408000,0.000000000,0,0
tx,4050,33.277600000,33.277600000,0.000000000,0,0
tx,4051,33.285792000,33.285792000,0.000000000,0,0
tx,4052,33.293984000,33.293984000,0.000000000,0,0
tx,4053,33.302176000,33.302176000,0.000000000,0,0
tx,4054,33.310368000,33.310368000,0.000000000,0,0
tx,4055,33.318560000,33.318560000,0.000000000,0,0
tx,4056,33.326752000,33.326752000,0.000000000,0,0
tx,4057,33.334944000,33.334944000,0.000000000,0,0
tx,4058,33.343136000,33.343136000,0.000000000,0,0
tx,4059,33.351328000,33.351328000,0.000000000,0,0
tx,4060,33.359520000,33.359520000,0.000000000,0,0
tx,4061,33.367712000,33.367712000,0.000000000,0,0
tx,4062,33.375904000,33.375904000,0.000000000,0,0
tx,4063,33.384096000,33.384096000,0.000000000,0,0
tx,4064,33.392288000,33.392288000,0.000000000,0,0
tx,4065,33.400480000,33.400480000,0.000000000,0,0
tx,4066,33.408672000,33.408672000,0.000000000,0,0
tx,4067,33.416864000,33.416864000,0.000000000,0,0
tx,4068,33.425056000,33.425056000,0.000000000,0,0
tx,4069,33.433248000,33.433248000,0.000000000,0,0
tx,4070,33.441440000,33.441440000,0.000000000,0,0
tx,4071,33.449632000,33.449632000,0.000000000,0,0
tx,4072,33.457824000,33.457824000,0.000000000,0,0
tx,4073,33.466016000,33.466016000,0.000000000,0,0
tx,4074,33.474208000,33.474208000,0.000000000,0,0
tx,4075,33.482400000,33.482400000,0.000000000,0,0
tx,4076,33.490592000,33.490592000,0.000000000,0,0
tx,4077,33.498784000,33.498784000,0.000000000,0,0
tx,4078,33.506976000,33.506976000,0.000000000,0,0
tx,4079,33.515168000,33.515168000,0.000000000,0,0
tx,4080,33.523360000,33.523360000,0.000000000,0,0
tx,4081,33.531552000,33.531552000,0.000000000,0,0
tx,4082,33.539744000,33.539744000,0.000000000,0,0
tx,4083,33.547936000,33.547936000,0.000000000,0,0
tx,4084,33.556128000,33.556128000,0.000000000,0,0
tx,4085,33.564320000,33.564320000,0.000000000,0,0
tx,4086,33.572512000,33.572512000,0.000000000,0,0
tx,4087,33.580704000,33.580704000,0.000000000,0,0
tx,4088,33.588896000,33.588896000,0.000000000,0,0
tx,4089,33.597088000,33.597088000,0.000000000,0,0
tx,4090,33.605280000,33.605280000,0.000000000,0,0
tx,4091,33.613472000,33.613472000,0.000000000,0,0
tx,4092,33.621664000,33.621664000,0.000000000,0,0
tx,4093,33.629856000,33.629856000,0.000000000,0,0
tx,4094,33.638048000,33.638048000,0.000000000,0,0
tx,4095,33.646240000,33.646240000,0.000000000,0,0
tx,4096,33.654432000,33.654432000,0.000000000,0,0
tx,4097,33.662624000,33.662624000,0.000000000,0,0
tx,4098,33.670816000,33.670816000,0.000000000,0,0
tx,4099,33.679008000,33.679008000,0.000000000,0,0
tx,4100,33.687200000,33.687200000,0.000000000,0,0
tx,4101,33.695392000,33.695392000,0.000000000,0,0
tx,4102,33.703584000,33.703584000,0.000000000,0,0
tx,4103,33.711776000,33.711776000,0.000000000,0,0
tx,4104,33.719968000,33.719968000,0.000000000,0,0
tx,4105,33.728160000,33.728160000,0.000000000,0,0
tx,4106,33.736352000,33.736352000,0.000000000,0,0
tx,4107,33.744544000,33.744544000,0.000000000,0,0
tx,4108,33.752736000,33.752736000,0.000000000,0,0
tx,4109,33.760928000,33.760928000,0.000000000,0,0
tx,4110,33.769120000,33.769120000,0.000000000,0,0
tx,4111,33.777312000,33.777312000,0.000000000,0,0
tx,4112,33.785504000,33.785504000,0.000000000,0,0
tx,4113,33.793696000,33.793696000,0.000000000,0,0
tx,4114,33.801888000,33.801888000,0.000000000,0,0
tx,4115,33.810080000,33.810080000,0.000000000,0,0
tx,4116,33.818272000,33.818272000,0.000000000,0,0
tx,4117,33.826464000,33.826464000,0.000000000,0,0
tx,4118,33.834656000,33.834656000,0.000000000,0,0
tx,4119,33.842848000,33.842848000,0.000000000,0,0
tx,4120,33.851040000,33.851040000,0.000000000,0,0
tx,4121,33.859232000,33.859232000,0.000000000,0,0
tx,4122,33.867424000,33.867424000,0.000000000,0,0
tx,4123,33.875616000,33.875616000,0.000000000,0,0
tx,4124,33.883808000,33.883808000,0.000000000,0,0
tx,4125,33.892000000,33.892000000,0.000000000,0,0
tx,4126,33.900192000,33.900192000,0.000000000,0,0
tx,4127,33.908384000,33.908384000,0.000000000,0,0
tx,4128,33.916576000,33.916576000,0.000000000,0,0
tx,4129,33.924768000,33.924768000,0.000000000,0,0
tx,4130,33.932960000,33.932960000,0.000000000,0,0
tx,4131,33.941152000,33.941152000,0.000000000,0,0
tx,4132,33.949344000,33.949344000,0.000000000,0,0
tx,4133,33.957536000,33.957536000,0.000000000,0,0
tx,4134,33.965728000,33.965728000,0.000000000,0,0
tx,4135,33.973920000,33.973920000,0.000000000,0,0
tx,4136,33.982112000,33.982112000,0.000000000,0,0
tx,4137,33.990304000,33.990304000,0.000000000,0,0
tx,4138,33.998496000,33.998496000,0.000000000,0,0
tx,4139,34.006688000,34.006688000,0.000000000,1,1
rx,4078,33.506976000,34.013156334,0.506180334,1,1
rx,4079,33.515168000,34.013971002,0.498803002,1,1
rx,4080,33.523360000,34.014395670,0.491035670,1,1
rx,4081,33.531552000,34.014840338,0.483288338,1,1
tx,4140,34.014880000,34.014880000,0.000000000,1,1
rx,4082,33.539744000,34.015245006,0.475501006,1,1
rx,4083,33.547936000,34.015749674,0.467813674,1,1
rx,4084,33.556128000,34.016034342,0.459906342,1,1
rx,4085,33.564320000,34.016599010,0.452279010,1,1
rx,4086,33.572512000,34.016943678,0.444431678,1,1
rx,4087,33.580704000,34.017528346,0.436824346,1,1
rx,4088,33.588896000,34.017933014,0.429037014,1,1
rx,4089,33.597088000,34.018337682,0.421249682,1,1
rx,4090,33.605280000,34.018902350,0.413622350,1,1
rx,4091,33.613472000,34.019407018,0.405935018,1,1
rx,4092,33.621664000,34.019951686,0.398287686,1,1
rx,4093,33.629856000,34.020436354,0.390580354,1,1
rx,4094,33.638048000,34.020861022,0.382813022,1,1
rx,4095,33.646240000,34.021365690,0.375125690,1,1
rx,4096,33.654432000,34.021650358,0.367218358,1,1
rx,4097,33.662624000,34.022055026,0.359431026,1,1
rx,4098,33.670816000,34.022619694,0.351803694,1,1
rx,4099,33.679008000,34.022924362,0.343916362,1,1
tx,4141,34.023072000,34.023072000,0.000000000,1,1
rx,4100,33.687200000,34.023489030,0.336289030,1,1
rx,4101,33.695392000,34.024053698,0.328661698,1,1
rx,4102,33.703584000,34.024478366,0.320894366,1,1
rx,4103,33.711776000,34.024783034,0.313007034,1,1
rx,4104,33.719968000,34.025127702,0.305159702,1,1
rx,4105,33.728160000,34.025632370,0.297472370,1,1
rx,4106,33.736352000,34.026117038,0.289765038,1,1
rx,4107,33.744544000,34.026601706,0.282057706,1,1
rx,4108,33.752736000,34.027066374,0.274330374,1,1
rx,4109,33.760928000,34.027351042,0.266423042,1,1
rx,4110,33.769120000,34.027635710,0.258515710,1,1
rx,4111,33.777312000,34.028020378,0.250708378,1,1
rx,4112,33.785504000,34.028565046,0.243061046,1,1
rx,4113,33.793696000,34.028849714,0.235153714,1,1
rx,4114,33.801888000,34.029274382,0.227386382,1,1
rx,4115,33.810080000,34.029579050,0.219499050,1,1
rx,4116,33.818272000,34.029943718,0.211671718,1,1
rx,4117,33.826464000,34.030528386,0.204064386,1,1
rx,4118,33.834656000,34.031033054,0.196377054,1,1
tx,4142,34.031264000,34.031264000,0.000000000,1,1
rx,4119,33.842848000,34.031337722,0.188489722,1,1
rx,4120,33.851040000,34.031922390,0.180882390,1,1
rx,4121,33.859232000,34.032227058,0.172995058,1,1
rx,4122,33.867424000,34.032811726,0.165387726,1,1
rx,4123,33.875616000,34.033216394,0.157600394,1,1
rx,4124,33.883808000,34.033561062,0.149753062,1,1
rx,4125,33.892000000,34.034065730,0.142065730,1,1
rx,4126,33.900192000,34.034510398,0.134318398,1,1
rx,4127,33.908384000,34.034895066,0.126511066,1,1
rx,4128,33.916576000,34.035299734,0.118723734,1,1
rx,4129,33.924768000,34.035764402,0.110996402,1,1
rx,4130,33.932960000,34.036109070,0.103149070,1,1
rx,4131,33.941152000,34.036673738,0.095521738,1,1
rx,4132,33.949344000,34.037038406,0.087694406,1,1
rx,4133,33.957536000,34.037443074,0.079907074,1,1
rx,4134,33.965728000,34.037847742,0.072119742,1,1
rx,4135,33.973920000,34.038252410,0.064332410,1,1
rx,4136,33.982112000,34.038717078,0.056605078,1,1
rx,4137,33.990304000,34.039281746,0.048977746,1,1
tx,4143,34.039456000,34.039456000,0.000000000,1,1
rx,4138,33.998496000,34.039726414,0.041230414,1,1
rx,4139,34.006688000,34.040271082,0.033583082,1,1
rx,4140,34.014880000,34.040555750,0.025675750,1,1
rx,4141,34.023072000,34.040840418,0.017768418,1,1
rx,4142,34.031264000,34.041305086,0.010041086,1,1
rx,4143,34.039456000,34.041589754,0.002133754,1,1
tx,4144,34.047648000,34.047648000,0.000000000,1,1
rx,4144,34.047648000,34.047888334,0.000240334,1,1
tx,4145,34.055840000,34.055840000,0.000000000,1,1
rx,4145,34.055840000,34.056080334,0.000240334,1,1
tx,4146,34.064032000,34.064032000,0.000000000,1,1
rx,4146,34.064032000,34.064272334,0.000240334,1,1
tx,4147,34.072224000,34.072224000,0.000000000,1,1
rx,4147,34.072224000,34.072464334,0.000240334,1,1
tx,4148,34.080416000,34.080416000,0.000000000,1,1
rx,4148,34.080416000,34.080656334,0.000240334,1,1
tx,4149,34.088608000,34.088608000,0.000000000,1,1
rx,4149,34.088608000,34.088848334,0.000240334,1,1
tx,4150,34.096800000,34.096800000,0.000000000,1,1
rx,4150,34.096800000,34.097040334,0.000240334,1,1
tx,4151,34.104992000,34.104992000,0.000000000,1,1
rx,4151,34.104992000,34.105232334,0.000240334,1,1
tx,4152,34.113184000,34.113184000,0.000000000,1,1
rx,4152,34.113184000,34.113424334,0.000240334,1,1
tx,4153,34.121376000,34.121376000,0.000000000,1,1
rx,4153,34.121376000,34.121616334,0.000240334,1,1
tx,4154,34.129568000,34.129568000,0.000000000,1,1
rx,4154,34.129568000,34.129808334,0.000240334,1,1
tx,4155,34.137760000,34.137760000,0.000000000,1,1
rx,4155,34.137760000,34.138000334,0.000240334,1,1
tx,4156,34.145952000,34.145952000,0.000000000,1,1
rx,4156,34.145952000,34.146192334,0.000240334,1,1
tx,4157,34.154144000,34.154144000,0.000000000,1,1
rx,4157,34.154144000,34.154384334,0.000240334,1,1
tx,4158,34.162336000,34.162336000,0.000000000,1,1
rx,4158,34.162336000,34.162576334,0.000240334,1,1
tx,4159,34.170528000,34.170528000,0.000000000,1,1
rx,4159,34.170528000,34.170768334,0.000240334,1,1
tx,4160,34.178720000,34.178720000,0.000000000,1,1
rx,4160,34.178720000,34.178960334,0.000240334,1,1
tx,4161,34.186912000,34.186912000,0.000000000,1,1
rx,4161,34.186912000,34.187152334,0.000240334,1,1
tx,4162,34.195104000,34.195104000,0.000000000,1,1
rx,4162,34.195104000,34.195344334,0.000240334,1,1
tx,4163,34.203296000,34.203296000,0.000000000,1,1
rx,4163,34.203296000,34.203536334,0.000240334,1,1
tx,4164,34.211488000,34.211488000,0.000000000,1,1
rx,4164,34.211488000,34.211728334,0.000240334,1,1
tx,4165,34.219680000,34.219680000,0.000000000,1,1
rx,4165,34.219680000,34.219920334,0.000240334,1,1
tx,4166,34.227872000,34.227872000,0.000000000,1,1
rx,4166,34.227872000,34.228112334,0.000240334,1,1
tx,4167,34.236064000,34.236064000,0.000000000,1,1
rx,4167,34.236064000,34.236304334,0.000240334,1,1
tx,4168,34.244256000,34.244256000,0.000000000,1,1
rx,4168,34.244256000,34.244496334,0.000240334,1,1
tx,4169,34.252448000,34.252448000,0.000000000,1,1
rx,4169,34.252448000,34.252688334,0.000240334,1,1
tx,4170,34.260640000,34.260640000,0.000000000,1,1
rx,4170,34.260640000,34.260880334,0.000240334,1,1
tx,4171,34.268832000,34.268832000,0.000000000,1,1
rx,4171,34.268832000,34.269072334,0.000240334,1,1
tx,4172,34.277024000,34.277024000,0.000000000,1,1
rx,4172,34.277024000,34.277264334,0.000240334,1,1
tx,4173,34.285216000,34.285216000,0.000000000,1,1
rx,4173,34.285216000,34.285456334,0.000240334,1,1
tx,4174,34.293408000,34.293408000,0.000000000,1,1
rx,4174,34.293408000,34.293648334,0.000240334,1,1
tx,4175,34.301600000,34.301600000,0.000000000,1,1
rx,4175,34.301600000,34.301840334,0.000240334,1,1
tx,4176,34.309792000,34.309792000,0.000000000,1,1
rx,4176,34.309792000,34.310032334,0.000240334,1,1
tx,4177,34.317984000,34.317984000,0.000000000,1,1
rx,4177,34.317984000,34.318224334,0.000240334,1,1
tx,4178,34.326176000,34.326176000,0.000000000,1,1
rx,4178,34.326176000,34.326416334,0.000240334,1,1
tx,4179,34.334368000,34.334368000,0.000000000,1,1
rx,4179,34.334368000,34.334608334,0.000240334,1,1
tx,4180,34.342560000,34.342560000,0.000000000,1,1
rx,4180,34.342560000,34.342800334,0.000240334,1,1
tx,4181,34.350752000,34.350752000,0.000000000,1,1
rx,4181,34.350752000,34.350992334,0.000240334,1,1
tx,4182,34.358944000,34.358944000,0.000000000,1,1
rx,4182,34.358944000,34.359184334,0.000240334,1,1
tx,4183,34.367136000,34.367136000,0.000000000,1,1
rx,4183,34.367136000,34.367376334,0.000240334,1,1
tx,4184,34.375328000,34.375328000,0.000000000,1,1
rx,4184,34.375328000,34.375568334,0.000240334,1,1
tx,4185,34.383520000,34.383520000,0.000000000,1,1
rx,4185,34.383520000,34.383760334,0.000240334,1,1
tx,4186,34.391712000,34.391712000,0.000000000,1,1
rx,4186,34.391712000,34.391952334,0.000240334,1,1
tx,4187,34.399904000,34.399904000,0.000000000,1,1
rx,4187,34.399904000,34.400144334,0.000240334,1,1
tx,4188,34.408096000,34.408096000,0.000000000,1,1
rx,4188,34.408096000,34.408336334,0.000240334,1,1
tx,4189,34.416288000,34.416288000,0.000000000,1,1
rx,4189,34.416288000,34.416528334,0.000240334,1,1
tx,4190,34.424480000,34.424480000,0.000000000,1,1
rx,4190,34.424480000,34.424720334,0.000240334,1,1
tx,4191,34.432672000,34.432672000,0.000000000,1,1
rx,4191,34.432672000,34.432912334,0.000240334,1,1
tx,4192,34.440864000,34.440864000,0.000000000,1,1
rx,4192,34.440864000,34.441104334,0.000240334,1,1
tx,4193,34.449056000,34.449056000,0.000000000,1,1
rx,4193,34.449056000,34.449296334,0.000240334,1,1
tx,4194,34.457248000,34.457248000,0.000000000,1,1
rx,4194,34.457248000,34.457488334,0.000240334,1,1
tx,4195,34.465440000,34.465440000,0.000000000,1,1
rx,4195,34.465440000,34.465680334,0.000240334,1,1
tx,4196,34.473632000,34.473632000,0.000000000,1,1
rx,4196,34.473632000,34.473872334,0.000240334,1,1
tx,4197,34.481824000,34.481824000,0.000000000,1,1
rx,4197,34.481824000,34.482064334,0.000240334,1,1
tx,4198,34.490016000,34.490016000,0.000000000,1,1
rx,4198,34.490016000,34.490256334,0.000240334,1,1
tx,4199,34.498208000,34.498208000,0.000000000,1,1
rx,4199,34.498208000,34.498448334,0.000240334,1,1
tx,4200,34.506400000,34.506400000,0.000000000,1,1
rx,4200,34.506400000,34.506640334,0.000240334,1,1
tx,4201,34.514592000,34.514592000,0.000000000,1,1
rx,4201,34.514592000,34.514832334,0.000240334,1,1
tx,4202,34.522784000,34.522784000,0.000000000,1,1
rx,4202,34.522784000,34.523024334,0.000240334,1,1
tx,4203,34.530976000,34.530976000,0.000000000,1,1
rx,4203,34.530976000,34.531216334,0.000240334,1,1
tx,4204,34.539168000,34.539168000,0.000000000,1,1
rx,4204,34.539168000,34.539408334,0.000240334,1,1
tx,4205,34.547360000,34.547360000,0.000000000,1,1
rx,4205,34.547360000,34.547600334,0.000240334,1,1
tx,4206,34.555552000,34.555552000,0.000000000,1,1
rx,4206,34.555552000,34.555792334,0.000240334,1,1
tx,4207,34.563744000,34.563744000,0.000000000,1,1
rx,4207,34.563744000,34.563984334,0.000240334,1,1
tx,4208,34.571936000,34.571936000,0.000000000,1,1
rx,4208,34.571936000,34.572176334,0.000240334,1,1
tx,4209,34.580128000,34.580128000,0.000000000,1,1
rx,4209,34.580128000,34.580368334,0.000240334,1,1
tx,4210,34.588320000,34.588320000,0.000000000,1,1
rx,4210,34.588320000,34.588560334,0.000240334,1,1
tx,4211,34.596512000,34.596512000,0.000000000,1,1
rx,4211,34.596512000,34.596752334,0.000240334,1,1
tx,4212,34.604704000,34.604704000,0.000000000,1,1
rx,4212,34.604704000,34.604944334,0.000240334,1,1
tx,4213,34.612896000,34.612896000,0.000000000,1,1
rx,4213,34.612896000,34.613136334,0.000240334,1,1
tx,4214,34.621088000,34.621088000,0.000000000,1,1
rx,4214,34.621088000,34.621328334,0.000240334,1,1
tx,4215,34.629280000,34.629280000,0.000000000,1,1
rx,4215,34.629280000,34.629520334,0.000240334,1,1
tx,4216,34.637472000,34.637472000,0.000000000,1,1
rx,4216,34.637472000,34.637712334,0.000240334,1,1
tx,4217,34.645664000,34.645664000,0.000000000,1,1
rx,4217,34.645664000,34.645904334,0.000240334,1,1
tx,4218,34.653856000,34.653856000,0.000000000,1,1
rx,4218,34.653856000,34.654096334,0.000240334,1,1
tx,4219,34.662048000,34.662048000,0.000000000,1,1
rx,4219,34.662048000,34.662288334,0.000240334,1,1
tx,4220,34.670240000,34.670240000,0.000000000,1,1
rx,4220,34.670240000,34.670480334,0.000240334,1,1
tx,4221,34.678432000,34.678432000,0.000000000,1,1
rx,4221,34.678432000,34.678672334,0.000240334,1,1
tx,4222,34.686624000,34.686624000,0.000000000,1,1
rx,4222,34.686624000,34.686864334,0.000240334,1,1
tx,4223,34.694816000,34.694816000,0.000000000,1,1
rx,4223,34.694816000,34.695056334,0.000240334,1,1
tx,4224,34.703008000,34.703008000,0.000000000,1,1
rx,4224,34.703008000,34.703248334,0.000240334,1,1
tx,4225,34.711200000,34.711200000,0.000000000,1,1
rx,4225,34.711200000,34.711440334,0.000240334,1,1
tx,4226,34.719392000,34.719392000,0.000000000,1,1
rx,4226,34.719392000,34.719632334,0.000240334,1,1
tx,4227,34.727584000,34.727584000,0.000000000,1,1
rx,4227,34.727584000,34.727824334,0.000240334,1,1
tx,4228,34.735776000,34.735776000,0.000000000,1,1
rx,4228,34.735776000,34.736016334,0.000240334,1,1
tx,4229,34.743968000,34.743968000,0.000000000,1,1
rx,4229,34.743968000,34.744208334,0.000240334,1,1
tx,4230,34.752160000,34.752160000,0.000000000,1,1
rx,4230,34.752160000,34.752400334,0.000240334,1,1
tx,4231,34.760352000,34.760352000,0.000000000,1,1
rx,4231,34.760352000,34.760592334,0.000240334,1,1
tx,4232,34.768544000,34.768544000,0.000000000,1,1
rx,4232,34.768544000,34.768784334,0.000240334,1,1
tx,4233,34.776736000,34.776736000,0.000000000,1,1
rx,4233,34.776736000,34.776976334,0.000240334,1,1
tx,4234,34.784928000,34.784928000,0.000000000,1,1
rx,4234,34.784928000,34.785168334,0.000240334,1,1
tx,4235,34.793120000,34.793120000,0.000000000,1,1
rx,4235,34.793120000,34.793360334,0.000240334,1,1
tx,4236,34.801312000,34.801312000,0.000000000,1,1
rx,4236,34.801312000,34.801552334,0.000240334,1,1
tx,4237,34.809504000,34.809504000,0.000000000,1,1
rx,4237,34.809504000,34.809744334,0.000240334,1,1
tx,4238,34.817696000,34.817696000,0.000000000,1,1
rx,4238,34.817696000,34.817936334,0.000240334,1,1
tx,4239,34.825888000,34.825888000,0.000000000,1,1
rx,4239,34.825888000,34.826128334,0.000240334,1,1
tx,4240,34.834080000,34.834080000,0.000000000,1,1
rx,4240,34.834080000,34.834320334,0.000240334,1,1
tx,4241,34.842272000,34.842272000,0.000000000,1,1
rx,4241,34.842272000,34.842512334,0.000240334,1,1
tx,4242,34.850464000,34.850464000,0.000000000,1,1
rx,4242,34.850464000,34.850704334,0.000240334,1,1
tx,4243,34.858656000,34.858656000,0.000000000,1,1
rx,4243,34.858656000,34.858896334,0.000240334,1,1
tx,4244,34.866848000,34.866848000,0.000000000,1,1
rx,4244,34.866848000,34.867088334,0.000240334,1,1
tx,4245,34.875040000,34.875040000,0.000000000,1,1
rx,4245,34.875040000,34.875280334,0.000240334,1,1
tx,4246,34.883232000,34.883232000,0.000000000,1,1
rx,4246,34.883232000,34.883472334,0.000240334,1,1
tx,4247,34.891424000,34.891424000,0.000000000,1,1
rx,4247,34.891424000,34.891664334,0.000240334,1,1
tx,4248,34.899616000,34.899616000,0.000000000,1,1
rx,4248,34.899616000,34.899856334,0.000240334,1,1
tx,4249,34.907808000,34.907808000,0.000000000,1,1
rx,4249,34.907808000,34.908048334,0.000240334,1,1
tx,4250,34.916000000,34.916000000,0.000000000,1,1
rx,4250,34.916000000,34.916240334,0.000240334,1,1
tx,4251,34.924192000,34.924192000,0.000000000,1,1
rx,4251,34.924192000,34.924432334,0.000240334,1,1
tx,4252,34.932384000,34.932384000,0.000000000,1,1
rx,4252,34.932384000,34.932624334,0.000240334,1,1
tx,4253,34.940576000,34.940576000,0.000000000,1,1
rx,4253,34.940576000,34.940816334,0.000240334,1,1
tx,4254,34.948768000,34.948768000,0.000000000,1,1
rx,4254,34.948768000,34.949008334,0.000240334,1,1
tx,4255,34.956960000,34.956960000,0.000000000,1,1
rx,4255,34.956960000,34.957200334,0.000240334,1,1
tx,4256,34.965152000,34.965152000,0.000000000,1,1
rx,4256,34.965152000,34.965392334,0.000240334,1,1
tx,4257,34.973344000,34.973344000,0.000000000,1,1
rx,4257,34.973344000,34.973584334,0.000240334,1,1
tx,4258,34.981536000,34.981536000,0.000000000,1,1
rx,4258,34.981536000,34.981776334,0.000240334,1,1
tx,4259,34.989728000,34.989728000,0.000000000,1,1
rx,4259,34.989728000,34.989968334,0.000240334,1,1
tx,4260,34.997920000,34.997920000,0.000000000,1,1
rx,4260,34.997920000,34.998160334,0.000240334,1,1
tx,4261,35.006112000,35.006112000,0.000000000,0,0
tx,4262,35.014304000,35.014304000,0.000000000,0,0
tx,4263,35.022496000,35.022496000,0.000000000,0,0
tx,4264,35.030688000,35.030688000,0.000000000,0,0
tx,4265,35.038880000,35.038880000,0.000000000,0,0
tx,4266,35.047072000,35.047072000,0.000000000,0,0
tx,4267,35.055264000,35.055264000,0.000000000,0,0
tx,4268,35.063456000,35.063456000,0.000000000,0,0
tx,4269,35.071648000,35.071648000,0.000000000,0,0
tx,4270,35.079840000,35.079840000,0.000000000,0,0
tx,4271,35.088032000,35.088032000,0.000000000,0,0
tx,4272,35.096224000,35.096224000,0.000000000,0,0
tx,4273,35.104416000,35.104416000,0.000000000,0,0
tx,4274,35.112608000,35.112608000,0.000000000,0,0
tx,4275,35.120800000,35.120800000,0.000000000,0,0
tx,4276,35.128992000,35.128992000,0.000000000,0,0
tx,4277,35.137184000,35.137184000,0.000000000,0,0
tx,4278,35.145376000,35.145376000,0.000000000,0,0
tx,4279,35.153568000,35.153568000,0.000000000,0,0
tx,4280,35.161760000,35.161760000,0.000000000,0,0
tx,4281,35.169952000,35.169952000,0.000000000,0,0
tx,4282,35.178144000,35.178144000,0.000000000,0,0
tx,4283,35.186336000,35.186336000,0.000000000,0,0
tx,4284,35.194528000,35.194528000,0.000000000,0,0
tx,4285,35.202720000,35.202720000,0.000000000,0,0
tx,4286,35.210912000,35.210912000,0.000000000,0,0
tx,4287,35.219104000,35.219104000,0.000000000,0,0
tx,4288,35.227296000,35.227296000,0.000000000,0,0
tx,4289,35.235488000,35.235488000,0.000000000,0,0
tx,4290,35.243680000,35.243680000,0.000000000,0,0
tx,4291,35.251872000,35.251872000,0.000000000,0,0
tx,4292,35.260064000,35.260064000,0.000000000,0,0
tx,4293,35.268256000,35.268256000,0.000000000,0,0
tx,4294,35.276448000,35.276448000,0.000000000,0,0
tx,4295,35.284640000,35.284640000,0.000000000,0,0
tx,4296,35.292832000,35.292832000,0.000000000,0,0
tx,4297,35.301024000,35.301024000,0.000000000,0,0
tx,4298,35.309216000,35.309216000,0.000000000,0,0
tx,4299,35.317408000,35.317408000,0.000000000,0,0
tx,4300,35.325600000,35.325600000,0.000000000,0,0
tx,4301,35.333792000,35.333792000,0.000000000,0,0
tx,4302,35.341984000,35.341984000,0.000000000,0,0
tx,4303,35.350176000,35.350176000,0.000000000,0,0
tx,4304,35.358368000,35.358368000,0.000000000,0,0
tx,4305,35.366560000,35.366560000,0.000000000,0,0
tx,4306,35.374752000,35.374752000,0.000000000,0,0
tx,4307,35.382944000,35.382944000,0.000000000,0,0
tx,4308,35.391136000,35.391136000,0.000000000,0,0
tx,4309,35.399328000,35.399328000,0.000000000,0,0
tx,4310,35.407520000,35.407520000,0.000000000,0,0
tx,4311,35.415712000,35.415712000,0.000000000,0,0
tx,4312,35.423904000,35.423904000,0.000000000,0,0
tx,4313,35.432096000,35.432096000,0.000000000,0,0
tx,4314,35.440288000,35.440288000,0.000000000,0,0
tx,4315,35.448480000,35.448480000,0.000000000,0,0
tx,4316,35.456672000,35.456672000,0.000000000,0,0
tx,4317,35.464864000,35.464864000,0.000000000,0,0
tx,4318,35.473056000,35.473056000,0.000000000,0,0
tx,4319,35.481248000,35.481248000,0.000000000,0,0
tx,4320,35.489440000,35.489440000,0.000000000,0,0
tx,4321,35.497632000,35.497632000,0.000000000,0,0
tx,4322,35.505824000,35.505824000,0.000000000,0,0
tx,4323,35.514016000,35.514016000,0.000000000,0,0
tx,4324,35.522208000,35.522208000,0.000000000,0,0
tx,4325,35.530400000,35.530400000,0.000000000,0,0
tx,4326,35.538592000,35.538592000,0.000000000,0,0
tx,4327,35.546784000,35.546784000,0.000000000,0,0
tx,4328,35.554976000,35.554976000,0.000000000,0,0
tx,4329,35.563168000,35.563168000,0.000000000,0,0
tx,4330,35.571360000,35.571360000,0.000000000,0,0
tx,4331,35.579552000,35.579552000,0.000000000,0,0
tx,4332,35.587744000,35.587744000,0.000000000,0,0
tx,4333,35.595936000,35.595936000,0.000000000,0,0
tx,4334,35.604128000,35.604128000,0.000000000,0,0
tx,4335,35.612320000,35.612320000,0.000000000,0,0
tx,4336,35.620512000,35.620512000,0.000000000,0,0
tx,4337,35.628704000,35.628704000,0.000000000,0,0
tx,4338,35.636896000,35.636896000,0.000000000,0,0
tx,4339,35.645088000,35.645088000,0.000000000,0,0
tx,4340,35.653280000,35.653280000,0.000000000,0,0
tx,4341,35.661472000,35.661472000,0.000000000,0,0
tx,4342,35.669664000,35.669664000,0.000000000,0,0
tx,4343,35.677856000,35.677856000,0.000000000,0,0
tx,4344,35.686048000,35.686048000,0.000000000,0,0
tx,4345,35.694240000,35.694240000,0.000000000,0,0
tx,4346,35.702432000,35.702432000,0.000000000,0,0
tx,4347,35.710624000,35.710624000,0.000000000,0,0
tx,4348,35.718816000,35.718816000,0.000000000,0,0
tx,4349,35.727008000,35.727008000,0.000000000,0,0
tx,4350,35.735200000,35.735200000,0.000000000,0,0
tx,4351,35.743392000,35.743392000,0.000000000,0,0
tx,4352,35.751584000,35.751584000,0.000000000,0,0
tx,4353,35.759776000,35.759776000,0.000000000,0,0
tx,4354,35.767968000,35.767968000,0.000000000,0,0
tx,4355,35.776160000,35.776160000,0.000000000,0,0
tx,4356,35.784352000,35.784352000,0.000000000,0,0
tx,4357,35.792544000,35.792544000,0.000000000,0,0
tx,4358,35.800736000,35.800736000,0.000000000,0,0
tx,4359,35.808928000,35.808928000,0.000000000,0,0
tx,4360,35.817120000,35.817120000,0.000000000,0,0
tx,4361,35.825312000,35.825312000,0.000000000,0,0
tx,4362,35.833504000,35.833504000,0.000000000,0,0
tx,4363,35.841696000,35.841696000,0.000000000,0,0
tx,4364,35.849888000,35.849888000,0.000000000,0,0
tx,4365,35.858080000,35.858080000,0.000000000,0,0
tx,4366,35.866272000,35.866272000,0.000000000,0,0
tx,4367,35.874464000,35.874464000,0.000000000,0,0
tx,4368,35.882656000,35.882656000,0.000000000,0,0
tx,4369,35.890848000,35.890848000,0.000000000,0,0
tx,4370,35.899040000,35.899040000,0.000000000,0,0
tx,4371,35.907232000,35.907232000,0.000000000,0,0
tx,4372,35.915424000,35.915424000,0.000000000,0,0
tx,4373,35.923616000,35.923616000,0.000000000,0,0
tx,4374,35.931808000,35.931808000,0.000000000,0,0
tx,4375,35.940000000,35.940000000,0.000000000,0,0
tx,4376,35.948192000,35.948192000,0.000000000,0,0
tx,4377,35.956384000,35.956384000,0.000000000,0,0
tx,4378,35.964576000,35.964576000,0.000000000,0,0
tx,4379,35.972768000,35.972768000,0.000000000,0,0
tx,4380,35.980960000,35.980960000,0.000000000,0,0
tx,4381,35.989152000,35.989152000,0.000000000,0,0
tx,4382,35.997344000,35.997344000,0.000000000,0,0
tx,4383,36.005536000,36.005536000,0.000000000,1,1
tx,4384,36.013728000,36.013728000,0.000000000,1,1
rx,4323,35.514016000,36.015520334,0.501504334,1,1
rx,4324,35.522208000,36.016315002,0.494107002,1,1
rx,4325,35.530400000,36.016799670,0.486399670,1,1
rx,4326,35.538592000,36.017304338,0.478712338,1,1
rx,4327,35.546784000,36.017849006,0.471065006,1,1
rx,4328,35.554976000,36.018313674,0.463337674,1,1
rx,4329,35.563168000,36.018898342,0.455730342,1,1
rx,4330,35.571360000,36.019203010,0.447843010,1,1
rx,4331,35.579552000,36.019507678,0.439955678,1,1
rx,4332,35.587744000,36.019872346,0.432128346,1,1
rx,4333,35.595936000,36.020437014,0.424501014,1,1
rx,4334,35.604128000,36.020741682,0.416613682,1,1
rx,4335,35.612320000,36.021086350,0.408766350,1,1
rx,4336,35.620512000,36.021451018,0.400939018,1,1
tx,4385,36.021920000,36.021920000,0.000000000,1,1
rx,4337,35.628704000,36.021935686,0.393231686,1,1
rx,4338,35.636896000,36.022300354,0.385404354,1,1
rx,4339,35.645088000,36.022765022,0.377677022,1,1
rx,4340,35.653280000,36.023049690,0.369769690,1,1
rx,4341,35.661472000,36.023614358,0.362142358,1,1
rx,4342,35.669664000,36.023999026,0.354335026,1,1
rx,4343,35.677856000,36.024383694,0.346527694,1,1
rx,4344,35.686048000,36.024888362,0.338840362,1,1
rx,4345,35.694240000,36.025173030,0.330933030,1,1
rx,4346,35.702432000,36.025537698,0.323105698,1,1
rx,4347,35.710624000,36.026062366,0.315438366,1,1
rx,4348,35.718816000,36.026447034,0.307631034,1,1
rx,4349,35.727008000,36.027031702,0.300023702,1,1
rx,4350,35.735200000,36.027416370,0.292216370,1,1
rx,4351,35.743392000,36.027761038,0.284369038,1,1
rx,4352,35.751584000,36.028125706,0.276541706,1,1
rx,4353,35.759776000,36.028470374,0.268694374,1,1
rx,4354,35.767968000,36.028815042,0.260847042,1,1
rx,4355,35.776160000,36.029239710,0.253079710,1,1
rx,4356,35.784352000,36.029724378,0.245372378,1,1
tx,4386,36.030112000,36.030112000,0.000000000,1,1
rx,4357,35.792544000,36.030209046,0.237665046,1,1
rx,4358,35.800736000,36.030793714,0.230057714,1,1
rx,4359,35.808928000,36.031218382,0.222290382,1,1
rx,4360,35.817120000,36.031523050,0.214403050,1,1
rx,4361,35.825312000,36.032087718,0.206775718,1,1
rx,4362,35.833504000,36.032672386,0.199168386,1,1
rx,4363,35.841696000,36.032977054,0.191281054,1,1
rx,4364,35.849888000,36.033541722,0.183653722,1,1
rx,4365,35.858080000,36.034086390,0.176006390,1,1
rx,4366,35.866272000,36.034451058,0.168179058,1,1
rx,4367,35.874464000,36.034875726,0.160411726,1,1
rx,4368,35.882656000,36.035380394,0.152724394,1,1
rx,4369,35.890848000,36.035665062,0.144817062,1,1
rx,4370,35.899040000,36.036209730,0.137169730,1,1
rx,4371,35.907232000,36.036554398,0.129322398,1,1
rx,4372,35.915424000,36.036939066,0.121515066,1,1
rx,4373,35.923616000,36.037423734,0.113807734,1,1
rx,4374,35.931808000,36.037808402,0.106000402,1,1
rx,4375,35.940000000,36.038153070,0.098153070,1,1
tx,4387,36.038304000,36.038304000,0.000000000,1,1
rx,4376,35.948192000,36.038557738,0.090365738,1,1
rx,4377,35.956384000,36.038842406,0.082458406,1,1
rx,4378,35.964576000,36.039207074,0.074631074,1,1
rx,4379,35.972768000,36.039771742,0.067003742,1,1
rx,4380,35.980960000,36.040336410,0.059376410,1,1
rx,4381,35.989152000,36.040761078,0.051609078,1,1
rx,4382,35.997344000,36.041065746,0.043721746,1,1
rx,4383,36.005536000,36.041590414,0.036054414,1,1
rx,4384,36.013728000,36.042055082,0.028327082,1,1
rx,4385,36.021920000,36.042399750,0.020479750,1,1
rx,4386,36.030112000,36.042884418,0.012772418,1,1
rx,4387,36.038304000,36.043429086,0.005125086,1,1
tx,4388,36.046496000,36.046496000,0.000000000,1,1
rx,4388,36.046496000,36.046736334,0.000240334,1,1
tx,4389,36.054688000,36.054688000,0.000000000,1,1
rx,4389,36.054688000,36.054928334,0.000240334,1,1
tx,4390,36.062880000,36.062880000,0.000000000,1,1
rx,4390,36.062880000,36.063120334,0.000240334,1,1
tx,4391,36.071072000,36.071072000,0.000000000,1,1
rx,4391,36.071072000,36.071312334,0.000240334,1,1
tx,4392,36.079264000,36.079264000,0.000000000,1,1
rx,4392,36.079264000,36.079504334,0.000240334,1,1
tx,4393,36.087456000,36.087456000,0.000000000,1,1
rx,4393,36.087456000,36.087696334,0.000240334,1,1
tx,4394,36.095648000,36.095648000,0.000000000,1,1
rx,4394,36.095648000,36.095888334,0.000240334,1,1
tx,4395,36.103840000,36.103840000,0.000000000,1,1
rx,4395,36.103840000,36.104080334,0.000240334,1,1
tx,4396,36.112032000,36.112032000,0.000000000,1,1
rx,4396,36.112032000,36.112272334,0.000240334,1,1
tx,4397,36.120224000,36.120224000,0.000000000,1,1
rx,4397,36.120224000,36.120464334,0.000240334,1,1
tx,4398,36.128416000,36.128416000,0.000000000,1,1
rx,4398,36.128416000,36.128656334,0.000240334,1,1
tx,4399,36.136608000,36.136608000,0.000000000,1,1
rx,4399,36.136608000,36.136848334,0.000240334,1,1
tx,4400,36.144800000,36.144800000,0.000000000,1,1
rx,4400,36.144800000,36.145040334,0.000240334,1,1
tx,4401,36.152992000,36.152992000,0.000000000,1,1
rx,4401,36.152992000,36.153232334,0.000240334,1,1
tx,4402,36.161184000,36.161184000,0.000000000,1,1
rx,4402,36.161184000,36.161424334,0.000240334,1,1
tx,4403,36.169376000,36.169376000,0.000000000,1,1
rx,4403,36.169376000,36.169616334,0.000240334,1,1
tx,4404,36.177568000,36.177568000,0.000000000,1,1
rx,4404,36.177568000,36.177808334,0.000240334,1,1
tx,4405,36.185760000,36.185760000,0.000000000,1,1
rx,4405,36.185760000,36.186000334,0.000240334,1,1
tx,4406,36.193952000,36.193952000,0.000000000,1,1
rx,4406,36.193952000,36.194192334,0.000240334,1,1
tx,4407,36.202144000,36.202144000,0.000000000,1,1
rx,4407,36.202144000,36.202384334,0.000240334,1,1
tx,4408,36.210336000,36.210336000,0.000000000,1,1
rx,4408,36.210336000,36.210576334,0.000240334,1,1
tx,4409,36.218528000,36.218528000,0.000000000,1,1
rx,4409,36.218528000,36.218768334,0.000240334,1,1
tx,4410,36.226720000,36.226720000,0.000000000,1,1
rx,4410,36.226720000,36.226960334,0.000240334,1,1
tx,4411,36.234912000,36.234912000,0.000000000,1,1
rx,4411,36.234912000,36.235152334,0.000240334,1,1
tx,4412,36.243104000,36.243104000,0.000000000,1,1
rx,4412,36.243104000,36.243344334,0.000240334,1,1
tx,4413,36.251296000,36.251296000,0.000000000,1,1
rx,4413,36.251296000,36.251536334,0.000240334,1,1
tx,4414,36.259488000,36.259488000,0.000000000,1,1
rx,4414,36.259488000,36.259728334,0.000240334,1,1
tx,4415,36.267680000,36.267680000,0.000000000,1,1
rx,4415,36.267680000,36.267920334,0.000240334,1,1
tx,4416,36.275872000,36.275872000,0.000000000,1,1
rx,4416,36.275872000,36.276112334,0.000240334,1,1
tx,4417,36.284064000,36.284064000,0.000000000,1,1
rx,4417,36.284064000,36.284304334,0.000240334,1,1
tx,4418,36.292256000,36.292256000,0.000000000,1,1
rx,4418,36.292256000,36.292496334,0.000240334,1,1
tx,4419,36.300448000,36.300448000,0.000000000,1,1
rx,4419,36.300448000,36.300688334,0.000240334,1,1
tx,4420,36.308640000,36.308640000,0.000000000,1,1
rx,4420,36.308640000,36.308880334,0.000240334,1,1
tx,4421,36.316832000,36.316832000,0.000000000,1,1
rx,4421,36.316832000,36.317072334,0.000240334,1,1
tx,4422,36.325024000,36.325024000,0.000000000,1,1
rx,4422,36.325024000,36.325264334,0.000240334,1,1
tx,4423,36.333216000,36.333216000,0.000000000,1,1
rx,4423,36.333216000,36.333456334,0.000240334,1,1
tx,4424,36.341408000,36.341408000,0.000000000,1,1
rx,4424,36.341408000,36.341648334,0.000240334,1,1
tx,4425,36.349600000,36.349600000,0.000000000,1,1
rx,4425,36.349600000,36.349840334,0.000240334,1,1
tx,4426,36.357792000,36.357792000,0.000000000,1,1
rx,4426,36.357792000,36.358032334,0.000240334,1,1
tx,4427,36.365984000,36.365984000,0.000000000,1,1
rx,4427,36.365984000,36.366224334,0.000240334,1,1
tx,4428,36.374176000,36.374176000,0.000000000,1,1
rx,4428,36.374176000,36.374416334,0.000240334,1,1
tx,4429,36.382368000,36.382368000,0.000000000,1,1
rx,4429,36.382368000,36.382608334,0.000240334,1,1
tx,4430,36.390560000,36.390560000,0.000000000,1,1
rx,4430,36.390560000,36.390800334,0.000240334,1,1
tx,4431,36.398752000,36.398752000,0.000000000,1,1
rx,4431,36.398752000,36.398992334,0.000240334,1,1
tx,4432,36.406944000,36.406944000,0.000000000,1,1
rx,4432,36.406944000,36.407184334,0.000240334,1,1
tx,4433,36.415136000,36.415136000,0.000000000,1,1
rx,4433,36.415136000,36.415376334,0.000240334,1,1
tx,4434,36.423328000,36.423328000,0.000000000,1,1
rx,4434,36.423328000,36.423568334,0.000240334,1,1
tx,4435,36.431520000,36.431520000,0.000000000,1,1
rx,4435,36.431520000,36.431760334,0.000240334,1,1
tx,4436,36.439712000,36.439712000,0.000000000,1,1
rx,4436,36.439712000,36.439952334,0.000240334,1,1
tx,4437,36.447904000,36.447904000,0.000000000,1,1
rx,4437,36.447904000,36.448144334,0.000240334,1,1
tx,4438,36.456096000,36.456096000,0.000000000,1,1
rx,4438,36.456096000,36.456336334,0.000240334,1,1
tx,4439,36.464288000,36.464288000,0.000000000,1,1
rx,4439,36.464288000,36.464528334,0.000240334,1,1
tx,4440,36.472480000,36.472480000,0.000000000,1,1
rx,4440,36.472480000,36.472720334,0.000240334,1,1
tx,4441,36.480672000,36.480672000,0.000000000,1,1
rx,4441,36.480672000,36.480912334,0.000240334,1,1
tx,4442,36.488864000,36.488864000,0.000000000,1,1
rx,4442,36.488864000,36.489104334,0.000240334,1,1
tx,4443,36.497056000,36.497056000,0.000000000,1,1
rx,4443,36.497056000,36.497296334,0.000240334,1,1
tx,4444,36.505248000,36.505248000,0.000000000,1,1
rx,4444,36.505248000,36.505488334,0.000240334,1,1
tx,4445,36.513440000,36.513440000,0.000000000,1,1
rx,4445,36.513440000,36.513680334,0.000240334,1,1
tx,4446,36.521632000,36.521632000,0.000000000,1,1
rx,4446,36.521632000,36.521872334,0.000240334,1,1
tx,4447,36.529824000,36.529824000,0.000000000,1,1
rx,4447,36.529824000,36.530064334,0.000240334,1,1
tx,4448,36.538016000,36.538016000,0.000000000,1,1
rx,4448,36.538016000,36.538256334,0.000240334,1,1
tx,4449,36.546208000,36.546208000,0.000000000,1,1
rx,4449,36.546208000,36.546448334,0.000240334,1,1
tx,4450,36.554400000,36.554400000,0.000000000,1,1
rx,4450,36.554400000,36.554640334,0.000240334,1,1
tx,4451,36.562592000,36.562592000,0.000000000,1,1
rx,4451,36.562592000,36.562832334,0.000240334,1,1
tx,4452,36.570784000,36.570784000,0.000000000,1,1
rx,4452,36.570784000,36.571024334,0.000240334,1,1
tx,4453,36.578976000,36.578976000,0.000000000,1,1
rx,4453,36.578976000,36.579216334,0.000240334,1,1
tx,4454,36.587168000,36.587168000,0.000000000,1,1
rx,4454,36.587168000,36.587408334,0.000240334,1,1
tx,4455,36.595360000,36.595360000,0.000000000,1,1
rx,4455,36.595360000,36.595600334,0.000240334,1,1
tx,4456,36.603552000,36.603552000,0.000000000,1,1
rx,4456,36.603552000,36.603792334,0.000240334,1,1
tx,4457,36.611744000,36.611744000,0.000000000,1,1
rx,4457,36.611744000,36.611984334,0.000240334,1,1
tx,4458,36.619936000,36.619936000,0.000000000,1,1
rx,4458,36.619936000,36.620176334,0.000240334,1,1
tx,4459,36.628128000,36.628128000,0.000000000,1,1
rx,4459,36.628128000,36.628368334,0.000240334,1,1
tx,4460,36.636320000,36.636320000,0.000000000,1,1
rx,4460,36.636320000,36.636560334,0.000240334,1,1
tx,4461,36.644512000,36.644512000,0.000000000,1,1
rx,4461,36.644512000,36.644752334,0.000240334,1,1
tx,4462,36.652704000,36.652704000,0.000000000,1,1
rx,4462,36.652704000,36.652944334,0.000240334,1,1
tx,4463,36.660896000,36.660896000,0.000000000,1,1
rx,4463,36.660896000,36.661136334,0.000240334,1,1
tx,4464,36.669088000,36.669088000,0.000000000,1,1
rx,4464,36.669088000,36.669328334,0.000240334,1,1
tx,4465,36.677280000,36.677280000,0.000000000,1,1
rx,4465,36.677280000,36.677520334,0.000240334,1,1
tx,4466,36.685472000,36.685472000,0.000000000,1,1
rx,4466,36.685472000,36.685712334,0.000240334,1,1
tx,4467,36.693664000,36.693664000,0.000000000,1,1
rx,4467,36.693664000,36.693904334,0.000240334,1,1
tx,4468,36.701856000,36.701856000,0.000000000,1,1
rx,4468,36.701856000,36.702096334,0.000240334,1,1
tx,4469,36.710048000,36.710048000,0.000000000,1,1
rx,4469,36.710048000,36.710288334,0.000240334,1,1
tx,4470,36.718240000,36.718240000,0.000000000,1,1
rx,4470,36.718240000,36.718480334,0.000240334,1,1
tx,4471,36.726432000,36.726432000,0.000000000,1,1
rx,4471,36.726432000,36.726672334,0.000240334,1,1
tx,4472,36.734624000,36.734624000,0.000000000,1,1
rx,4472,36.734624000,36.734864334,0.000240334,1,1
tx,4473,36.742816000,36.742816000,0.000000000,1,1
rx,4473,36.742816000,36.743056334,0.000240334,1,1
tx,4474,36.751008000,36.751008000,0.000000000,1,1
rx,4474,36.751008000,36.751248334,0.000240334,1,1
tx,4475,36.759200000,36.759200000,0.000000000,1,1
rx,4475,36.759200000,36.759440334,0.000240334,1,1
tx,4476,36.767392000,36.767392000,0.000000000,1,1
rx,4476,36.767392000,36.767632334,0.000240334,1,1
tx,4477,36.775584000,36.775584000,0.000000000,1,1
rx,4477,36.775584000,36.775824334,0.000240334,1,1
tx,4478,36.783776000,36.783776000,0.000000000,1,1
rx,4478,36.783776000,36.784016334,0.000240334,1,1
tx,4479,36.791968000,36.791968000,0.000000000,1,1
rx,4479,36.791968000,36.792208334,0.000240334,1,1
tx,4480,36.800160000,36.800160000,0.000000000,1,1
rx,4480,36.800160000,36.800400334,0.000240334,1,1
tx,4481,36.808352000,36.808352000,0.000000000,1,1
rx,4481,36.808352000,36.808592334,0.000240334,1,1
tx,4482,36.816544000,36.816544000,0.000000000,1,1
rx,4482,36.816544000,36.816784334,0.000240334,1,1
tx,4483,36.824736000,36.824736000,0.000000000,1,1
rx,4483,36.824736000,36.824976334,0.000240334,1,1
tx,4484,36.832928000,36.832928000,0.000000000,1,1
rx,4484,36.832928000,36.833168334,0.000240334,1,1
tx,4485,36.841120000,36.841120000,0.000000000,1,1
rx,4485,36.841120000,36.841360334,0.000240334,1,1
tx,4486,36.849312000,36.849312000,0.000000000,1,1
rx,4486,36.849312000,36.849552334,0.000240334,1,1
tx,4487,36.857504000,36.857504000,0.000000000,1,1
rx,4487,36.857504000,36.857744334,0.000240334,1,1
tx,4488,36.865696000,36.865696000,0.000000000,1,1
rx,4488,36.865696000,36.865936334,0.000240334,1,1
tx,4489,36.873888000,36.873888000,0.000000000,1,1
rx,4489,36.873888000,36.874128334,0.000240334,1,1
tx,4490,36.882080000,36.882080000,0.000000000,1,1
rx,4490,36.882080000,36.882320334,0.000240334,1,1
tx,4491,36.890272000,36.890272000,0.000000000,1,1
rx,4491,36.890272000,36.890512334,0.000240334,1,1
tx,4492,36.898464000,36.898464000,0.000000000,1,1
rx,4492,36.898464000,36.898704334,0.000240334,1,1
tx,4493,36.906656000,36.906656000,0.000000000,1,1
rx,4493,36.906656000,36.906896334,0.000240334,1,1
tx,4494,36.914848000,36.914848000,0.000000000,1,1
rx,4494,36.914848000,36.915088334,0.000240334,1,1
tx,4495,36.923040000,36.923040000,0.000000000,1,1
rx,4495,36.923040000,36.923280334,0.000240334,1,1
tx,4496,36.931232000,36.931232000,0.000000000,1,1
rx,4496,36.931232000,36.931472334,0.000240334,1,1
tx,4497,36.939424000,36.939424000,0.000000000,1,1
rx,4497,36.939424000,36.939664334,0.000240334,1,1
tx,4498,36.947616000,36.947616000,0.000000000,1,1
rx,4498,36.947616000,36.947856334,0.000240334,1,1
tx,4499,36.955808000,36.955808000,0.000000000,1,1
rx,4499,36.955808000,36.956048334,0.000240334,1,1
tx,4500,36.964000000,36.964000000,0.000000000,1,1
rx,4500,36.964000000,36.964240334,0.000240334,1,1
tx,4501,36.972192000,36.972192000,0.000000000,1,1
rx,4501,36.972192000,36.972432334,0.000240334,1,1
tx,4502,36.980384000,36.980384000,0.000000000,1,1
rx,4502,36.980384000,36.980624334,0.000240334,1,1
tx,4503,36.988576000,36.988576000,0.000000000,1,1
rx,4503,36.988576000,36.988816334,0.000240334,1,1
tx,4504,36.996768000,36.996768000,0.000000000,1,1
rx,4504,36.996768000,36.997008334,0.000240334,1,1
tx,4505,37.004960000,37.004960000,0.000000000,0,0
tx,4506,37.013152000,37.013152000,0.000000000,0,0
tx,4507,37.021344000,37.021344000,0.000000000,0,0
tx,4508,37.029536000,37.029536000,0.000000000,0,0
tx,4509,37.037728000,37.037728000,0.000000000,0,0
tx,4510,37.045920000,37.045920000,0.000000000,0,0
tx,4511,37.054112000,37.054112000,0.000000000,0,0
tx,4512,37.062304000,37.062304000,0.000000000,0,0
tx,4513,37.070496000,37.070496000,0.000000000,0,0
tx,4514,37.078688000,37.078688000,0.000000000,0,0
tx,4515,37.086880000,37.086880000,0.000000000,0,0
tx,4516,37.095072000,37.095072000,0.000000000,0,0
tx,4517,37.103264000,37.103264000,0.000000000,0,0
tx,4518,37.111456000,37.111456000,0.000000000,0,0
tx,4519,37.119648000,37.119648000,0.000000000,0,0
tx,4520,37.127840000,37.127840000,0.000000000,0,0
tx,4521,37.136032000,37.136032000,0.000000000,0,0
tx,4522,37.144224000,37.144224000,0.000000000,0,0
tx,4523,37.152416000,37.152416000,0.000000000,0,0
tx,4524,37.160608000,37.160608000,0.000000000,0,0
tx,4525,37.168800000,37.168800000,0.000000000,0,0
tx,4526,37.176992000,37.176992000,0.000000000,0,0
tx,4527,37.185184000,37.185184000,0.000000000,0,0
tx,4528,37.193376000,37.193376000,0.000000000,0,0
tx,4529,37.201568000,37.201568000,0.000000000,0,0
tx,4530,37.209760000,37.209760000,0.000000000,0,0
tx,4531,37.217952000,37.217952000,0.000000000,0,0
tx,4532,37.226144000,37.226144000,0.000000000,0,0
tx,4533,37.234336000,37.234336000,0.000000000,0,0
tx,4534,37.242528000,37.242528000,0.000000000,0,0
tx,4535,37.250720000,37.250720000,0.000000000,0,0
tx,4536,37.258912000,37.258912000,0.000000000,0,0
tx,4537,37.267104000,37.267104000,0.000000000,0,0
tx,4538,37.275296000,37.275296000,0.000000000,0,0
tx,4539,37.283488000,37.283488000,0.000000000,0,0
tx,4540,37.291680000,37.291680000,0.000000000,0,0
tx,4541,37.299872000,37.299872000,0.000000000,0,0
tx,4542,37.308064000,37.308064000,0.000000000,0,0
tx,4543,37.316256000,37.316256000,0.000000000,0,0
tx,4544,37.324448000,37.324448000,0.000000000,0,0
tx,4545,37.332640000,37.332640000,0.000000000,0,0
tx,4546,37.340832000,37.340832000,0.000000000,0,0
tx,4547,37.349024000,37.349024000,0.000000000,0,0
tx,4548,37.357216000,37.357216000,0.000000000,0,0
tx,4549,37.365408000,37.365408000,0.000000000,0,0
tx,4550,37.373600000,37.373600000,0.000000000,0,0
tx,4551,37.381792000,37.381792000,0.000000000,0,0
tx,4552,37.389984000,37.389984000,0.000000000,0,0
tx,4553,37.398176000,37.398176000,0.000000000,0,0
tx,4554,37.406368000,37.406368000,0.000000000,0,0
tx,4555,37.414560000,37.414560000,0.000000000,0,0
tx,4556,37.422752000,37.422752000,0.000000000,0,0
tx,4557,37.430944000,37.430944000,0.000000000,0,0
tx,4558,37.439136000,37.439136000,0.000000000,0,0
tx,4559,37.447328000,37.447328000,0.000000000,0,0
tx,4560,37.455520000,37.455520000,0.000000000,0,0
tx,4561,37.463712000,37.463712000,0.000000000,0,0
tx,4562,37.471904000,37.471904000,0.000000000,0,0
tx,4563,37.480096000,37.480096000,0.000000000,0,0
tx,4564,37.488288000,37.488288000,0.000000000,0,0
tx,4565,37.496480000,37.496480000,0.000000000,0,0
tx,4566,37.504672000,37.504672000,0.000000000,0,0
tx,4567,37.512864000,37.512864000,0.000000000,0,0
tx,4568,37.521056000,37.521056000,0.000000000,0,0
tx,4569,37.529248000,37.529248000,0.000000000,0,0
tx,4570,37.537440000,37.537440000,0.000000000,0,0
tx,4571,37.545632000,37.545632000,0.000000000,0,0
tx,4572,37.553824000,37.553824000,0.000000000,0,0
tx,4573,37.562016000,37.562016000,0.000000000,0,0
tx,4574,37.570208000,37.570208000,0.000000000,0,0
tx,4575,37.578400000,37.578400000,0.000000000,0,0
tx,4576,37.586592000,37.586592000,0.000000000,0,0
tx,4577,37.594784000,37.594784000,0.000000000,0,0
tx,4578,37.602976000,37.602976000,0.000000000,0,0
tx,4579,37.611168000,37.611168000,0.000000000,0,0
tx,4580,37.619360000,37.619360000,0.000000000,0,0
tx,4581,37.627552000,37.627552000,0.000000000,0,0
tx,4582,37.635744000,37.635744000,0.000000000,0,0
tx,4583,37.643936000,37.643936000,0.000000000,0,0
tx,4584,37.652128000,37.652128000,0.000000000,0,0
tx,4585,37.660320000,37.660320000,0.000000000,0,0
tx,4586,37.668512000,37.668512000,0.000000000,0,0
tx,4587,37.676704000,37.676704000,0.000000000,0,0
tx,4588,37.684896000,37.684896000,0.000000000,0,0
tx,4589,37.693088000,37.693088000,0.000000000,0,0
tx,4590,37.701280000,37.701280000,0.000000000,0,0
tx,4591,37.709472000,37.709472000,0.000000000,0,0
tx,4592,37.717664000,37.717664000,0.000000000,0,0
tx,4593,37.725856000,37.725856000,0.000000000,0,0
tx,4594,37.734048000,37.734048000,0.000000000,0,0
tx,4595,37.742240000,37.742240000,0.000000000,0,0
tx,4596,37.750432000,37.750432000,0.000000000,0,0
tx,4597,37.758624000,37.758624000,0.000000000,0,0
tx,4598,37.766816000,37.766816000,0.000000000,0,0
tx,4599,37.775008000,37.775008000,0.000000000,0,0
tx,4600,37.783200000,37.783200000,0.000000000,0,0
tx,4601,37.791392000,37.791392000,0.000000000,0,0
tx,4602,37.799584000,37.799584000,0.000000000,0,0
tx,4603,37.807776000,37.807776000,0.000000000,0,0
tx,4604,37.815968000,37.815968000,0.000000000,0,0
tx,4605,37.824160000,37.824160000,0.000000000,0,0
tx,4606,37.832352000,37.832352000,0.000000000,0,0
tx,4607,37.840544000,37.840544000,0.000000000,0,0
tx,4608,37.848736000,37.848736000,0.000000000,0,0
tx,4609,37.856928000,37.856928000,0.000000000,0,0
tx,4610,37.865120000,37.865120000,0.000000000,0,0
tx,4611,37.873312000,37.873312000,0.000000000,0,0
tx,4612,37.881504000,37.881504000,0.000000000,0,0
tx,4613,37.889696000,37.889696000,0.000000000,0,0
tx,4614,37.897888000,37.897888000,0.000000000,0,0
tx,4615,37.906080000,37.906080000,0.000000000,0,0
tx,4616,37.914272000,37.914272000,0.000000000,0,0
tx,4617,37.922464000,37.922464000,0.000000000,0,0
tx,4618,37.930656000,37.930656000,0.000000000,0,0
tx,4619,37.938848000,37.938848000,0.000000000,0,0
tx,4620,37.947040000,37.947040000,0.000000000,0,0
tx,4621,37.955232000,37.955232000,0.000000000,0,0
tx,4622,37.963424000,37.963424000,0.000000000,0,0
tx,4623,37.971616000,37.971616000,0.000000000,0,0
tx,4624,37.979808000,37.979808000,0.000000000,0,0
tx,4625,37.988000000,37.988000000,0.000000000,0,0
tx,4626,37.996192000,37.996192000,0.000000000,0,0
tx,4627,38.004384000,38.004384000,0.000000000,1,1
tx,4628,38.012576000,38.012576000,0.000000000,1,1
rx,4567,37.512864000,38.015368334,0.502504334,1,1
rx,4568,37.521056000,38.016063002,0.495007002,1,1
rx,4569,37.529248000,38.016467670,0.487219670,1,1
rx,4570,37.537440000,38.016872338,0.479432338,1,1
rx,4571,37.545632000,38.017157006,0.471525006,1,1
rx,4572,37.553824000,38.017521674,0.463697674,1,1
rx,4573,37.562016000,38.017926342,0.455910342,1,1
rx,4574,37.570208000,38.018311010,0.448103010,1,1
rx,4575,37.578400000,38.018655678,0.440255678,1,1
rx,4576,37.586592000,38.019060346,0.432468346,1,1
rx,4577,37.594784000,38.019485014,0.424701014,1,1
rx,4578,37.602976000,38.019769682,0.416793682,1,1
rx,4579,37.611168000,38.020274350,0.409106350,1,1
rx,4580,37.619360000,38.020759018,0.401399018,1,1
tx,4629,38.020768000,38.020768000,0.000000000,1,1
rx,4581,37.627552000,38.021163686,0.393611686,1,1
rx,4582,37.635744000,38.021548354,0.385804354,1,1
rx,4583,37.643936000,38.022073022,0.378137022,1,1
rx,4584,37.652128000,38.022637690,0.370509690,1,1
rx,4585,37.660320000,38.022982358,0.362662358,1,1
rx,4586,37.668512000,38.023507026,0.354995026,1,1
rx,4587,37.676704000,38.023951694,0.347247694,1,1
rx,4588,37.684896000,38.024276362,0.339380362,1,1
rx,4589,37.693088000,38.024601030,0.331513030,1,1
rx,4590,37.701280000,38.025105698,0.323825698,1,1
rx,4591,37.709472000,38.025470366,0.315998366,1,1
rx,4592,37.717664000,38.025895034,0.308231034,1,1
rx,4593,37.725856000,38.026399702,0.300543702,1,1
rx,4594,37.734048000,38.026684370,0.292636370,1,1
rx,4595,37.742240000,38.027109038,0.284869038,1,1
rx,4596,37.750432000,38.027573706,0.277141706,1,1
rx,4597,37.758624000,38.028018374,0.269394374,1,1
rx,4598,37.766816000,38.028303042,0.261487042,1,1
rx,4599,37.775008000,38.028787710,0.253779710,1,1
tx,4630,38.028960000,38.028960000,0.000000000,1,1
rx,4600,37.783200000,38.029092378,0.245892378,1,1
rx,4601,37.791392000,38.029577046,0.238185046,1,1
rx,4602,37.799584000,38.030001714,0.230417714,1,1
rx,4603,37.807776000,38.030466382,0.222690382,1,1
rx,4604,37.815968000,38.030831050,0.214863050,1,1
rx,4605,37.824160000,38.031135718,0.206975718,1,1
rx,4606,37.832352000,38.031600386,0.199248386,1,1
rx,4607,37.840544000,38.031925054,0.191381054,1,1
rx,4608,37.848736000,38.032309722,0.183573722,1,1
rx,4609,37.856928000,38.032894390,0.175966390,1,1
rx,4610,37.865120000,38.033439058,0.168319058,1,1
rx,4611,37.873312000,38.033883726,0.160571726,1,1
rx,4612,37.881504000,38.034388394,0.152884394,1,1
rx,4613,37.889696000,38.034853062,0.145157062,1,1
rx,4614,37.897888000,38.035357730,0.137469730,1,1
rx,4615,37.906080000,38.035922398,0.129842398,1,1
rx,4616,37.914272000,38.036447066,0.122175066,1,1
rx,4617,37.922464000,38.036851734,0.114387734,1,1
tx,4631,38.037152000,38.037152000,0.000000000,1,1
rx,4618,37.930656000,38.037376402,0.106720402,1,1
rx,4619,37.938848000,38.037661070,0.098813070,1,1
rx,4620,37.947040000,38.038165738,0.091125738,1,1
rx,4621,37.955232000,38.038510406,0.083278406,1,1
rx,4622,37.963424000,38.038855074,0.075431074,1,1
rx,4623,37.971616000,38.039139742,0.067523742,1,1
rx,4624,37.979808000,38.039664410,0.059856410,1,1
rx,4625,37.988000000,38.040109078,0.052109078,1,1
rx,4626,37.996192000,38.040513746,0.044321746,1,1
rx,4627,38.004384000,38.040958414,0.036574414,1,1
rx,4628,38.012576000,38.041283082,0.028707082,1,1
rx,4629,38.020768000,38.041627750,0.020859750,1,1
rx,4630,38.028960000,38.042192418,0.013232418,1,1
rx,4631,38.037152000,38.042497086,0.005345086,1,1
tx,4632,38.045344000,38.045344000,0.000000000,1,1
rx,4632,38.045344000,38.045584334,0.000240334,1,1
tx,4633,38.053536000,38.053536000,0.000000000,1,1
rx,4633,38.053536000,38.053776334,0.000240334,1,1
tx,4634,38.061728000,38.061728000,0.000000000,1,1
rx,4634,38.061728000,38.061968334,0.000240334,1,1
tx,4635,38.069920000,38.069920000,0.000000000,1,1
rx,4635,38.069920000,38.070160334,0.000240334,1,1
tx,4636,38.078112000,38.078112000,0.000000000,1,1
rx,4636,38.078112000,38.078352334,0.000240334,1,1
tx,4637,38.086304000,38.086304000,0.000000000,1,1
rx,4637,38.086304000,38.086544334,0.000240334,1,1
tx,4638,38.094496000,38.094496000,0.000000000,1,1
rx,4638,38.094496000,38.094736334,0.000240334,1,1
tx,4639,38.102688000,38.102688000,0.000000000,1,1
rx,4639,38.102688000,38.102928334,0.000240334,1,1
tx,4640,38.110880000,38.110880000,0.000000000,1,1
rx,4640,38.110880000,38.111120334,0.000240334,1,1
tx,4641,38.119072000,38.119072000,0.000000000,1,1
rx,4641,38.119072000,38.119312334,0.000240334,1,1
tx,4642,38.127264000,38.127264000,0.000000000,1,1
rx,4642,38.127264000,38.127504334,0.000240334,1,1
tx,4643,38.135456000,38.135456000,0.000000000,1,1
rx,4643,38.135456000,38.135696334,0.000240334,1,1
tx,4644,38.143648000,38.143648000,0.000000000,1,1
rx,4644,38.143648000,38.143888334,0.000240334,1,1
tx,4645,38.151840000,38.151840000,0.000000000,1,1
rx,4645,38.151840000,38.152080334,0.000240334,1,1
tx,4646,38.160032000,38.160032000,0.000000000,1,1
rx,4646,38.160032000,38.160272334,0.000240334,1,1
tx,4647,38.168224000,38.168224000,0.000000000,1,1
rx,4647,38.168224000,38.168464334,0.000240334,1,1
tx,4648,38.176416000,38.176416000,0.000000000,1,1
rx,4648,38.176416000,38.176656334,0.000240334,1,1
tx,4649,38.184608000,38.184608000,0.000000000,1,1
rx,4649,38.184608000,38.184848334,0.000240334,1,1
tx,4650,38.192800000,38.192800000,0.000000000,1,1
rx,4650,38.192800000,38.193040334,0.000240334,1,1
tx,4651,38.200992000,38.200992000,0.000000000,1,1
rx,4651,38.200992000,38.201232334,0.000240334,1,1
tx,4652,38.209184000,38.209184000,0.000000000,1,1
rx,4652,38.209184000,38.209424334,0.000240334,1,1
tx,4653,38.217376000,38.217376000,0.000000000,1,1
rx,4653,38.217376000,38.217616334,0.000240334,1,1
tx,4654,38.225568000,38.225568000,0.000000000,1,1
rx,4654,38.225568000,38.225808334,0.000240334,1,1
tx,4655,38.233760000,38.233760000,0.000000000,1,1
rx,4655,38.233760000,38.234000334,0.000240334,1,1
tx,4656,38.241952000,38.241952000,0.000000000,1,1
rx,4656,38.241952000,38.242192334,0.000240334,1,1
tx,4657,38.250144000,38.250144000,0.000000000,1,1
rx,4657,38.250144000,38.250384334,0.000240334,1,1
tx,4658,38.258336000,38.258336000,0.000000000,1,1
rx,4658,38.258336000,38.258576334,0.000240334,1,1
tx,4659,38.266528000,38.266528000,0.000000000,1,1
rx,4659,38.266528000,38.266768334,0.000240334,1,1
tx,4660,38.274720000,38.274720000,0.000000000,1,1
rx,4660,38.274720000,38.274960334,0.000240334,1,1
tx,4661,38.282912000,38.282912000,0.000000000,1,1
rx,4661,38.282912000,38.283152334,0.000240334,1,1
tx,4662,38.291104000,38.291104000,0.000000000,1,1
rx,4662,38.291104000,38.291344334,0.000240334,1,1
tx,4663,38.299296000,38.299296000,0.000000000,1,1
rx,4663,38.299296000,38.299536334,0.000240334,1,1
tx,4664,38.307488000,38.307488000,0.000000000,1,1
rx,4664,38.307488000,38.307728334,0.000240334,1,1
tx,4665,38.315680000,38.315680000,0.000000000,1,1
rx,4665,38.315680000,38.315920334,0.000240334,1,1
tx,4666,38.323872000,38.323872000,0.000000000,1,1
rx,4666,38.323872000,38.324112334,0.000240334,1,1
tx,4667,38.332064000,38.332064000,0.000000000,1,1
rx,4667,38.332064000,38.332304334,0.000240334,1,1
tx,4668,38.340256000,38.340256000,0.000000000,1,1
rx,4668,38.340256000,38.340496334,0.000240334,1,1
tx,4669,38.348448000,38.348448000,0.000000000,1,1
rx,4669,38.348448000,38.348688334,0.000240334,1,1
tx,4670,38.356640000,38.356640000,0.000000000,1,1
rx,4670,38.356640000,38.356880334,0.000240334,1,1
tx,4671,38.364832000,38.364832000,0.000000000,1,1
rx,4671,38.364832000,38.365072334,0.000240334,1,1
tx,4672,38.373024000,38.373024000,0.000000000,1,1
rx,4672,38.373024000,38.373264334,0.000240334,1,1
tx,4673,38.381216000,38.381216000,0.000000000,1,1
rx,4673,38.381216000,38.381456334,0.000240334,1,1
tx,4674,38.389408000,38.389408000,0.000000000,1,1
rx,4674,38.389408000,38.389648334,0.000240334,1,1
tx,4675,38.397600000,38.397600000,0.000000000,1,1
rx,4675,38.397600000,38.397840334,0.000240334,1,1
tx,4676,38.405792000,38.405792000,0.000000000,1,1
rx,4676,38.405792000,38.406032334,0.000240334,1,1
tx,4677,38.413984000,38.413984000,0.000000000,1,1
rx,4677,38.413984000,38.414224334,0.000240334,1,1
tx,4678,38.422176000,38.422176000,0.000000000,1,1
rx,4678,38.422176000,38.422416334,0.000240334,1,1
tx,4679,38.430368000,38.430368000,0.000000000,1,1
rx,4679,38.430368000,38.430608334,0.000240334,1,1
tx,4680,38.438560000,38.438560000,0.000000000,1,1
rx,4680,38.438560000,38.438800334,0.000240334,1,1
tx,4681,38.446752000,38.446752000,0.000000000,1,1
rx,4681,38.446752000,38.446992334,0.000240334,1,1
tx,4682,38.454944000,38.454944000,0.000000000,1,1
rx,4682,38.454944000,38.455184334,0.000240334,1,1
tx,4683,38.463136000,38.463136000,0.000000000,1,1
rx,4683,38.463136000,38.463376334,0.000240334,1,1
tx,4684,38.471328000,38.471328000,0.000000000,1,1
rx,4684,38.471328000,38.471568334,0.000240334,1,1
tx,4685,38.479520000,38.479520000,0.000000000,1,1
rx,4685,38.479520000,38.479760334,0.000240334,1,1
tx,4686,38.487712000,38.487712000,0.000000000,1,1
rx,4686,38.487712000,38.487952334,0.000240334,1,1
tx,4687,38.495904000,38.495904000,0.000000000,1,1
rx,4687,38.495904000,38.496144334,0.000240334,1,1
tx,4688,38.504096000,38.504096000,0.000000000,1,1
rx,4688,38.504096000,38.504336334,0.000240334,1,1
tx,4689,38.512288000,38.512288000,0.000000000,1,1
rx,4689,38.512288000,38.512528334,0.000240334,1,1
tx,4690,38.520480000,38.520480000,0.000000000,1,1
rx,4690,38.520480000,38.520720334,0.000240334,1,1
tx,4691,38.528672000,38.528672000,0.000000000,1,1
rx,4691,38.528672000,38.528912334,0.000240334,1,1
tx,4692,38.536864000,38.536864000,0.000000000,1,1
rx,4692,38.536864000,38.537104334,0.000240334,1,1
tx,4693,38.545056000,38.545056000,0.000000000,1,1
rx,4693,38.545056000,38.545296334,0.000240334,1,1
tx,4694,38.553248000,38.553248000,0.000000000,1,1
rx,4694,38.553248000,38.553488334,0.000240334,1,1
tx,4695,38.561440000,38.561440000,0.000000000,1,1
rx,4695,38.561440000,38.561680334,0.000240334,1,1
tx,4696,38.569632000,38.569632000,0.000000000,1,1
rx,4696,38.569632000,38.569872334,0.000240334,1,1
tx,4697,38.577824000,38.577824000,0.000000000,1,1
rx,4697,38.577824000,38.578064334,0.000240334,1,1
tx,4698,38.586016000,38.586016000,0.000000000,1,1
rx,4698,38.586016000,38.586256334,0.000240334,1,1
tx,4699,38.594208000,38.594208000,0.000000000,1,1
rx,4699,38.594208000,38.594448334,0.000240334,1,1
tx,4700,38.602400000,38.602400000,0.000000000,1,1
rx,4700,38.602400000,38.602640334,0.000240334,1,1
tx,4701,38.610592000,38.610592000,0.000000000,1,1
rx,4701,38.610592000,38.610832334,0.000240334,1,1
tx,4702,38.618784000,38.618784000,0.000000000,1,1
rx,4702,38.618784000,38.619024334,0.000240334,1,1
tx,4703,38.626976000,38.626976000,0.000000000,1,1
rx,4703,38.626976000,38.627216334,0.000240334,1,1
tx,4704,38.635168000,38.635168000,0.000000000,1,1
rx,4704,38.635168000,38.635408334,0.000240334,1,1
tx,4705,38.643360000,38.643360000,0.000000000,1,1
rx,4705,38.643360000,38.643600334,0.000240334,1,1
tx,4706,38.651552000,38.651552000,0.000000000,1,1
rx,4706,38.651552000,38.651792334,0.000240334,1,1
tx,4707,38.659744000,38.659744000,0.000000000,1,1
rx,4707,38.659744000,38.659984334,0.000240334,1,1
tx,4708,38.667936000,38.667936000,0.000000000,1,1
rx,4708,38.667936000,38.668176334,0.000240334,1,1
tx,4709,38.676128000,38.676128000,0.000000000,1,1
rx,4709,38.676128000,38.676368334,0.000240334,1,1
tx,4710,38.684320000,38.684320000,0.000000000,1,1
rx,4710,38.684320000,38.684560334,0.000240334,1,1
tx,4711,38.692512000,38.692512000,0.000000000,1,1
rx,4711,38.692512000,38.692752334,0.000240334,1,1
tx,4712,38.700704000,38.700704000,0.000000000,1,1
rx,4712,38.700704000,38.700944334,0.000240334,1,1
tx,4713,38.708896000,38.708896000,0.000000000,1,1
rx,4713,38.708896000,38.709136334,0.000240334,1,1
tx,4714,38.717088000,38.717088000,0.000000000,1,1
rx,4714,38.717088000,38.717328334,0.000240334,1,1
tx,4715,38.725280000,38.725280000,0.000000000,1,1
rx,4715,38.725280000,38.725520334,0.000240334,1,1
tx,4716,38.733472000,38.733472000,0.000000000,1,1
rx,4716,38.733472000,38.733712334,0.000240334,1,1
tx,4717,38.741664000,38.741664000,0.000000000,1,1
rx,4717,38.741664000,38.741904334,0.000240334,1,1
tx,4718,38.749856000,38.749856000,0.000000000,1,1
rx,4718,38.749856000,38.750096334,0.000240334,1,1
tx,4719,38.758048000,38.758048000,0.000000000,1,1
rx,4719,38.758048000,38.758288334,0.000240334,1,1
tx,4720,38.766240000,38.766240000,0.000000000,1,1
rx,4720,38.766240000,38.766480334,0.000240334,1,1
tx,4721,38.774432000,38.774432000,0.000000000,1,1
rx,4721,38.774432000,38.774672334,0.000240334,1,1
tx,4722,38.782624000,38.782624000,0.000000000,1,1
rx,4722,38.782624000,38.782864334,0.000240334,1,1
tx,4723,38.790816000,38.790816000,0.000000000,1,1
rx,4723,38.790816000,38.791056334,0.000240334,1,1
tx,4724,38.799008000,38.799008000,0.000000000,1,1
rx,4724,38.799008000,38.799248334,0.000240334,1,1
tx,4725,38.807200000,38.807200000,0.000000000,1,1
rx,4725,38.807200000,38.807440334,0.000240334,1,1
tx,4726,38.815392000,38.815392000,0.000000000,1,1
rx,4726,38.815392000,38.815632334,0.000240334,1,1
tx,4727,38.823584000,38.823584000,0.000000000,1,1
rx,4727,38.823584000,38.823824334,0.000240334,1,1
tx,4728,38.831776000,38.831776000,0.000000000,1,1
rx,4728,38.831776000,38.832016334,0.000240334,1,1
tx,4729,38.839968000,38.839968000,0.000000000,1,1
rx,4729,38.839968000,38.840208334,0.000240334,1,1
tx,4730,38.848160000,38.848160000,0.000000000,1,1
rx,4730,38.848160000,38.848400334,0.000240334,1,1
tx,4731,38.856352000,38.856352000,0.000000000,1,1
rx,4731,38.856352000,38.856592334,0.000240334,1,1
tx,4732,38.864544000,38.864544000,0.000000000,1,1
rx,4732,38.864544000,38.864784334,0.000240334,1,1
tx,4733,38.872736000,38.872736000,0.000000000,1,1
rx,4733,38.872736000,38.872976334,0.000240334,1,1
tx,4734,38.880928000,38.880928000,0.000000000,1,1
rx,4734,38.880928000,38.881168334,0.000240334,1,1
tx,4735,38.889120000,38.889120000,0.000000000,1,1
rx,4735,38.889120000,38.889360334,0.000240334,1,1
tx,4736,38.897312000,38.897312000,0.000000000,1,1
rx,4736,38.897312000,38.897552334,0.000240334,1,1
tx,4737,38.905504000,38.905504000,0.000000000,1,1
rx,4737,38.905504000,38.905744334,0.000240334,1,1
tx,4738,38.913696000,38.913696000,0.000000000,1,1
rx,4738,38.913696000,38.913936334,0.000240334,1,1
tx,4739,38.921888000,38.921888000,0.000000000,1,1
rx,4739,38.921888000,38.922128334,0.000240334,1,1
tx,4740,38.930080000,38.930080000,0.000000000,1,1
rx,4740,38.930080000,38.930320334,0.000240334,1,1
tx,4741,38.938272000,38.938272000,0.000000000,1,1
rx,4741,38.938272000,38.938512334,0.000240334,1,1
tx,4742,38.946464000,38.946464000,0.000000000,1,1
rx,4742,38.946464000,38.946704334,0.000240334,1,1
tx,4743,38.954656000,38.954656000,0.000000000,1,1
rx,4743,38.954656000,38.954896334,0.000240334,1,1
tx,4744,38.962848000,38.962848000,0.000000000,1,1
rx,4744,38.962848000,38.963088334,0.000240334,1,1
tx,4745,38.971040000,38.971040000,0.000000000,1,1
rx,4745,38.971040000,38.971280334,0.000240334,1,1
tx,4746,38.979232000,38.979232000,0.000000000,1,1
rx,4746,38.979232000,38.979472334,0.000240334,1,1
tx,4747,38.987424000,38.987424000,0.000000000,1,1
rx,4747,38.987424000,38.987664334,0.000240334,1,1
tx,4748,38.995616000,38.995616000,0.000000000,1,1
rx,4748,38.995616000,38.995856334,0.000240334,1,1
tx,4749,39.003808000,39.003808000,0.000000000,0,0
tx,4750,39.012000000,39.012000000,0.000000000,0,0
tx,4751,39.020192000,39.020192000,0.000000000,0,0
tx,4752,39.028384000,39.028384000,0.000000000,0,0
tx,4753,39.036576000,39.036576000,0.000000000,0,0
tx,4754,39.044768000,39.044768000,0.000000000,0,0
tx,4755,39.052960000,39.052960000,0.000000000,0,0
tx,4756,39.061152000,39.061152000,0.000000000,0,0
tx,4757,39.069344000,39.069344000,0.000000000,0,0
tx,4758,39.077536000,39.077536000,0.000000000,0,0
tx,4759,39.085728000,39.085728000,0.000000000,0,0
tx,4760,39.093920000,39.093920000,0.000000000,0,0
tx,4761,39.102112000,39.102112000,0.000000000,0,0
tx,4762,39.110304000,39.110304000,0.000000000,0,0
tx,4763,39.118496000,39.118496000,0.000000000,0,0
tx,4764,39.126688000,39.126688000,0.000000000,0,0
tx,4765,39.134880000,39.134880000,0.000000000,0,0
tx,4766,39.143072000,39.143072000,0.000000000,0,0
tx,4767,39.151264000,39.151264000,0.000000000,0,0
tx,4768,39.159456000,39.159456000,0.000000000,0,0
tx,4769,39.167648000,39.167648000,0.000000000,0,0
tx,4770,39.175840000,39.175840000,0.000000000,0,0
tx,4771,39.184032000,39.184032000,0.000000000,0,0
tx,4772,39.192224000,39.192224000,0.000000000,0,0
tx,4773,39.200416000,39.200416000,0.000000000,0,0
tx,4774,39.208608000,39.208608000,0.000000000,0,0
tx,4775,39.216800000,39.216800000,0.000000000,0,0
tx,4776,39.224992000,39.224992000,0.000000000,0,0
tx,4777,39.233184000,39.233184000,0.000000000,0,0
tx,4778,39.241376000,39.241376000,0.000000000,0,0
tx,4779,39.249568000,39.249568000,0.000000000,0,0
tx,4780,39.257760000,39.257760000,0.000000000,0,0
tx,4781,39.265952000,39.265952000,0.000000000,0,0
tx,4782,39.274144000,39.274144000,0.000000000,0,0
tx,4783,39.282336000,39.282336000,0.000000000,0,0
tx,4784,39.290528000,39.290528000,0.000000000,0,0
tx,4785,39.298720000,39.298720000,0.000000000,0,0
tx,4786,39.306912000,39.306912000,0.000000000,0,0
tx,4787,39.315104000,39.315104000,0.000000000,0,0
tx,4788,39.323296000,39.323296000,0.000000000,0,0
tx,4789,39.331488000,39.331488000,0.000000000,0,0
tx,4790,39.339680000,39.339680000,0.000000000,0,0
tx,4791,39.347872000,39.347872000,0.000000000,0,0
tx,4792,39.356064000,39.356064000,0.000000000,0,0
tx,4793,39.364256000,39.364256000,0.000000000,0,0
tx,4794,39.372448000,39.372448000,0.000000000,0,0
tx,4795,39.380640000,39.380640000,0.000000000,0,0
tx,4796,39.388832000,39.388832000,0.000000000,0,0
tx,4797,39.397024000,39.397024000,0.000000000,0,0
tx,4798,39.405216000,39.405216000,0.000000000,0,0
tx,4799,39.413408000,39.413408000,0.000000000,0,0
tx,4800,39.421600000,39.421600000,0.000000000,0,0
tx,4801,39.429792000,39.429792000,0.000000000,0,0
tx,4802,39.437984000,39.437984000,0.000000000,0,0
tx,4803,39.446176000,39.446176000,0.000000000,0,0
tx,4804,39.454368000,39.454368000,0.000000000,0,0
tx,4805,39.462560000,39.462560000,0.000000000,0,0
tx,4806,39.470752000,39.470752000,0.000000000,0,0
tx,4807,39.478944000,39.478944000,0.000000000,0,0
tx,4808,39.487136000,39.487136000,0.000000000,0,0
tx,4809,39.495328000,39.495328000,0.000000000,0,0
tx,4810,39.503520000,39.503520000,0.000000000,0,0
tx,4811,39.511712000,39.511712000,0.000000000,0,0
tx,4812,39.519904000,39.519904000,0.000000000,0,0
tx,4813,39.528096000,39.528096000,0.000000000,0,0
tx,4814,39.536288000,39.536288000,0.000000000,0,0
tx,4815,39.544480000,39.544480000,0.000000000,0,0
tx,4816,39.552672000,39.552672000,0.000000000,0,0
tx,4817,39.560864000,39.560864000,0.000000000,0,0
tx,4818,39.569056000,39.569056000,0.000000000,0,0
tx,4819,39.577248000,39.577248000,0.000000000,0,0
tx,4820,39.585440000,39.585440000,0.000000000,0,0
tx,4821,39.593632000,39.593632000,0.000000000,0,0
tx,4822,39.601824000,39.601824000,0.000000000,0,0
tx,4823,39.610016000,39.610016000,0.000000000,0,0
tx,4824,39.618208000,39.618208000,0.000000000,0,0
tx,4825,39.626400000,39.626400000,0.000000000,0,0
tx,4826,39.634592000,39.634592000,0.000000000,0,0
tx,4827,39.642784000,39.642784000,0.000000000,0,0
tx,4828,39.650976000,39.650976000,0.000000000,0,0
tx,4829,39.659168000,39.659168000,0.000000000,0,0
tx,4830,39.667360000,39.667360000,0.000000000,0,0
tx,4831,39.675552000,39.675552000,0.000000000,0,0
tx,4832,39.683744000,39.683744000,0.000000000,0,0
tx,4833,39.691936000,39.691936000,0.000000000,0,0
tx,4834,39.700128000,39.700128000,0.000000000,0,0
tx,4835,39.708320000,39.708320000,0.000000000,0,0
tx,4836,39.716512000,39.716512000,0.000000000,0,0
tx,4837,39.724704000,39.724704000,0.000000000,0,0
tx,4838,39.732896000,39.732896000,0.000000000,0,0
tx,4839,39.741088000,39.741088000,0.000000000,0,0
tx,4840,39.749280000,39.749280000,0.000000000,0,0
tx,4841,39.757472000,39.757472000,0.000000000,0,0
tx,4842,39.765664000,39.765664000,0.000000000,0,0
tx,4843,39.773856000,39.773856000,0.000000000,0,0
tx,4844,39.782048000,39.782048000,0.000000000,0,0
tx,4845,39.790240000,39.790240000,0.000000000,0,0
tx,4846,39.798432000,39.798432000,0.000000000,0,0
tx,4847,39.806624000,39.806624000,0.000000000,0,0
tx,4848,39.814816000,39.814816000,0.000000000,0,0
tx,4849,39.823008000,39.823008000,0.000000000,0,0
tx,4850,39.831200000,39.831200000,0.000000000,0,0
tx,4851,39.839392000,39.839392000,0.000000000,0,0
tx,4852,39.847584000,39.847584000,0.000000000,0,0
tx,4853,39.855776000,39.855776000,0.000000000,0,0
tx,4854,39.863968000,39.863968000,0.000000000,0,0
tx,4855,39.872160000,39.872160000,0.000000000,0,0
tx,4856,39.880352000,39.880352000,0.000000000,0,0
tx,4857,39.888544000,39.888544000,0.000000000,0,0
tx,4858,39.896736000,39.896736000,0.000000000,0,0
tx,4859,39.904928000,39.904928000,0.000000000,0,0
tx,4860,39.913120000,39.913120000,0.000000000,0,0
tx,4861,39.921312000,39.921312000,0.000000000,0,0
tx,4862,39.929504000,39.929504000,0.000000000,0,0
tx,4863,39.937696000,39.937696000,0.000000000,0,0
tx,4864,39.945888000,39.945888000,0.000000000,0,0
tx,4865,39.954080000,39.954080000,0.000000000,0,0
tx,4866,39.962272000,39.962272000,0.000000000,0,0
tx,4867,39.970464000,39.970464000,0.000000000,0,0
tx,4868,39.978656000,39.978656000,0.000000000,0,0
tx,4869,39.986848000,39.986848000,0.000000000,0,0
tx,4870,39.995040000,39.995040000,0.000000000,0,0
tx,4871,40.003232000,40.003232000,0.000000000,1,1
tx,4872,40.011424000,40.011424000,0.000000000,1,1
rx,4811,39.511712000,40.014152334,0.502440334,1,1
rx,4812,39.519904000,40.014827002,0.494923002,1,1
rx,4813,39.528096000,40.015231670,0.487135670,1,1
rx,4814,39.536288000,40.015756338,0.479468338,1,1
rx,4815,39.544480000,40.016121006,0.471641006,1,1
rx,4816,39.552672000,40.016605674,0.463933674,1,1
rx,4817,39.560864000,40.017090342,0.456226342,1,1
rx,4818,39.569056000,40.017515010,0.448459010,1,1
rx,4819,39.577248000,40.017919678,0.440671678,1,1
rx,4820,39.585440000,40.018304346,0.432864346,1,1
rx,4821,39.593632000,40.018829014,0.425197014,1,1
rx,4822,39.601824000,40.019293682,0.417469682,1,1
tx,4873,40.019616000,40.019616000,0.000000000,1,1
rx,4823,39.610016000,40.019798350,0.409782350,1,1
rx,4824,39.618208000,40.020123018,0.401915018,1,1
rx,4825,39.626400000,40.020627686,0.394227686,1,1
rx,4826,39.634592000,40.021032354,0.386440354,1,1
rx,4827,39.642784000,40.021437022,0.378653022,1,1
rx,4828,39.650976000,40.021781690,0.370805690,1,1
rx,4829,39.659168000,40.022286358,0.363118358,1,1
rx,4830,39.667360000,40.022851026,0.355491026,1,1
rx,4831,39.675552000,40.023175694,0.347623694,1,1
rx,4832,39.683744000,40.023580362,0.339836362,1,1
rx,4833,39.691936000,40.023965030,0.332029030,1,1
rx,4834,39.700128000,40.024349698,0.324221698,1,1
rx,4835,39.708320000,40.024774366,0.316454366,1,1
rx,4836,39.716512000,40.025219034,0.308707034,1,1
rx,4837,39.724704000,40.025523702,0.300819702,1,1
rx,4838,39.732896000,40.025808370,0.292912370,1,1
rx,4839,39.741088000,40.026273038,0.285185038,1,1
rx,4840,39.749280000,40.026797706,0.277517706,1,1
rx,4841,39.757472000,40.027282374,0.269810374,1,1
rx,4842,39.765664000,40.027607042,0.261943042,1,1
tx,4874,40.027808000,40.027808000,0.000000000,1,1
rx,4843,39.773856000,40.028131710,0.254275710,1,1
rx,4844,39.782048000,40.028556378,0.246508378,1,1
rx,4845,39.790240000,40.028961046,0.238721046,1,1
rx,4846,39.798432000,40.029245714,0.230813714,1,1
rx,4847,39.806624000,40.029810382,0.223186382,1,1
rx,4848,39.814816000,40.030095050,0.215279050,1,1
rx,4849,39.823008000,40.030499718,0.207491718,1,1
rx,4850,39.831200000,40.030804386,0.199604386,1,1
rx,4851,39.839392000,40.031089054,0.191697054,1,1
rx,4852,39.847584000,40.031413722,0.183829722,1,1
rx,4853,39.855776000,40.031758390,0.175982390,1,1
rx,4854,39.863968000,40.032043058,0.168075058,1,1
rx,4855,39.872160000,40.032347726,0.160187726,1,1
rx,4856,39.880352000,40.032832394,0.152480394,1,1
rx,4857,39.888544000,40.033217062,0.144673062,1,1
rx,4858,39.896736000,40.033501730,0.136765730,1,1
rx,4859,39.904928000,40.034006398,0.129078398,1,1
rx,4860,39.913120000,40.034311066,0.121191066,1,1
rx,4861,39.921312000,40.034815734,0.113503734,1,1
rx,4862,39.929504000,40.035100402,0.105596402,1,1
rx,4863,39.937696000,40.035625070,0.097929070,1,1
tx,4875,40.036000000,40.036000000,0.000000000,1,1
rx,4864,39.945888000,40.036169738,0.090281738,1,1
rx,4865,39.954080000,40.036494406,0.082414406,1,1
rx,4866,39.962272000,40.036999074,0.074727074,1,1
rx,4867,39.970464000,40.037583742,0.067119742,1,1
rx,4868,39.978656000,40.037888410,0.059232410,1,1
rx,4869,39.986848000,40.038193078,0.051345078,1,1
rx,4870,39.995040000,40.038677746,0.043637746,1,1
rx,4871,40.003232000,40.039002414,0.035770414,1,1
rx,4872,40.011424000,40.039387082,0.027963082,1,1
rx,4873,40.019616000,40.039731750,0.020115750,1,1
rx,4874,40.027808000,40.040316418,0.012508418,1,1
rx,4875,40.036000000,40.040741086,0.004741086,1,1
tx,4876,40.044192000,40.044192000,0.000000000,1,1
rx,4876,40.044192000,40.044432334,0.000240334,1,1
tx,4877,40.052384000,40.052384000,0.000000000,1,1
rx,4877,40.052384000,40.052624334,0.000240334,1,1
tx,4878,40.060576000,40.060576000,0.000000000,1,1
rx,4878,40.060576000,40.060816334,0.000240334,1,1
tx,4879,40.068768000,40.068768000,0.000000000,1,1
rx,4879,40.068768000,40.069008334,0.000240334,1,1
tx,4880,40.076960000,40.076960000,0.000000000,1,1
rx,4880,40.076960000,40.077200334,0.000240334,1,1
tx,4881,40.085152000,40.085152000,0.000000000,1,1
rx,4881,40.085152000,40.085392334,0.000240334,1,1
tx,4882,40.093344000,40.093344000,0.000000000,1,1
rx,4882,40.093344000,40.093584334,0.000240334,1,1
tx,4883,40.101536000,40.101536000,0.000000000,1,1
rx,4883,40.101536000,40.101776334,0.000240334,1,1
tx,4884,40.109728000,40.109728000,0.000000000,1,1
rx,4884,40.109728000,40.109968334,0.000240334,1,1
tx,4885,40.117920000,40.117920000,0.000000000,1,1
rx,4885,40.117920000,40.118160334,0.000240334,1,1
tx,4886,40.126112000,40.126112000,0.000000000,1,1
rx,4886,40.126112000,40.126352334,0.000240334,1,1
tx,4887,40.134304000,40.134304000,0.000000000,1,1
rx,4887,40.134304000,40.134544334,0.000240334,1,1
tx,4888,40.142496000,40.142496000,0.000000000,1,1
rx,4888,40.142496000,40.142736334,0.000240334,1,1
tx,4889,40.150688000,40.150688000,0.000000000,1,1
rx,4889,40.150688000,40.150928334,0.000240334,1,1
tx,4890,40.158880000,40.158880000,0.000000000,1,1
rx,4890,40.158880000,40.159120334,0.000240334,1,1
tx,4891,40.167072000,40.167072000,0.000000000,1,1
rx,4891,40.167072000,40.167312334,0.000240334,1,1
tx,4892,40.175264000,40.175264000,0.000000000,1,1
rx,4892,40.175264000,40.175504334,0.000240334,1,1
tx,4893,40.183456000,40.183456000,0.000000000,1,1
rx,4893,40.183456000,40.183696334,0.000240334,1,1
tx,4894,40.191648000,40.191648000,0.000000000,1,1
rx,4894,40.191648000,40.191888334,0.000240334,1,1
tx,4895,40.199840000,40.199840000,0.000000000,1,1
rx,4895,40.199840000,40.200080334,0.000240334,1,1
tx,4896,40.208032000,40.208032000,0.000000000,1,1
rx,4896,40.208032000,40.208272334,0.000240334,1,1
tx,4897,40.216224000,40.216224000,0.000000000,1,1
rx,4897,40.216224000,40.216464334,0.000240334,1,1
tx,4898,40.224416000,40.224416000,0.000000000,1,1
rx,4898,40.224416000,40.224656334,0.000240334,1,1
tx,4899,40.232608000,40.232608000,0.000000000,1,1
rx,4899,40.232608000,40.232848334,0.000240334,1,1
tx,4900,40.240800000,40.240800000,0.000000000,1,1
rx,4900,40.240800000,40.241040334,0.000240334,1,1
tx,4901,40.248992000,40.248992000,0.000000000,1,1
rx,4901,40.248992000,40.249232334,0.000240334,1,1
tx,4902,40.257184000,40.257184000,0.000000000,1,1
rx,4902,40.257184000,40.257424334,0.000240334,1,1
tx,4903,40.265376000,40.265376000,0.000000000,1,1
rx,4903,40.265376000,40.265616334,0.000240334,1,1
tx,4904,40.273568000,40.273568000,0.000000000,1,1
rx,4904,40.273568000,40.273808334,0.000240334,1,1
tx,4905,40.281760000,40.281760000,0.000000000,1,1
rx,4905,40.281760000,40.282000334,0.000240334,1,1
tx,4906,40.289952000,40.289952000,0.000000000,1,1
rx,4906,40.289952000,40.290192334,0.000240334,1,1
tx,4907,40.298144000,40.298144000,0.000000000,1,1
rx,4907,40.298144000,40.298384334,0.000240334,1,1
tx,4908,40.306336000,40.306336000,0.000000000,1,1
rx,4908,40.306336000,40.306576334,0.000240334,1,1
tx,4909,40.314528000,40.314528000,0.000000000,1,1
rx,4909,40.314528000,40.314768334,0.000240334,1,1
tx,4910,40.322720000,40.322720000,0.000000000,1,1
rx,4910,40.322720000,40.322960334,0.000240334,1,1
tx,4911,40.330912000,40.330912000,0.000000000,1,1
rx,4911,40.330912000,40.331152334,0.000240334,1,1
tx,4912,40.339104000,40.339104000,0.000000000,1,1
rx,4912,40.339104000,40.339344334,0.000240334,1,1
tx,4913,40.347296000,40.347296000,0.000000000,1,1
rx,4913,40.347296000,40.347536334,0.000240334,1,1
tx,4914,40.355488000,40.355488000,0.000000000,1,1
rx,4914,40.355488000,40.355728334,0.000240334,1,1
tx,4915,40.363680000,40.363680000,0.000000000,1,1
rx,4915,40.363680000,40.363920334,0.000240334,1,1
tx,4916,40.371872000,40.371872000,0.000000000,1,1
rx,4916,40.371872000,40.372112334,0.000240334,1,1
tx,4917,40.380064000,40.380064000,0.000000000,1,1
rx,4917,40.380064000,40.380304334,0.000240334,1,1
tx,4918,40.388256000,40.388256000,0.000000000,1,1
rx,4918,40.388256000,40.388496334,0.000240334,1,1
tx,4919,40.396448000,40.396448000,0.000000000,1,1
rx,4919,40.396448000,40.396688334,0.000240334,1,1
tx,4920,40.404640000,40.404640000,0.000000000,1,1
rx,4920,40.404640000,40.404880334,0.000240334,1,1
tx,4921,40.412832000,40.412832000,0.000000000,1,1
rx,4921,40.412832000,40.413072334,0.000240334,1,1
tx,4922,40.421024000,40.421024000,0.000000000,1,1
rx,4922,40.421024000,40.421264334,0.000240334,1,1
tx,4923,40.429216000,40.429216000,0.000000000,1,1
rx,4923,40.429216000,40.429456334,0.000240334,1,1
tx,4924,40.437408000,40.437408000,0.000000000,1,1
rx,4924,40.437408000,40.437648334,0.000240334,1,1
tx,4925,40.445600000,40.445600000,0.000000000,1,1
rx,4925,40.445600000,40.445840334,0.000240334,1,1
tx,4926,40.453792000,40.453792000,0.000000000,1,1
rx,4926,40.453792000,40.454032334,0.000240334,1,1
tx,4927,40.461984000,40.461984000,0.000000000,1,1
rx,4927,40.461984000,40.462224334,0.000240334,1,1
tx,4928,40.470176000,40.470176000,0.000000000,1,1
rx,4928,40.470176000,40.470416334,0.000240334,1,1
tx,4929,40.478368000,40.478368000,0.000000000,1,1
rx,4929,40.478368000,40.478608334,0.000240334,1,1
tx,4930,40.486560000,40.486560000,0.000000000,1,1
rx,4930,40.486560000,40.486800334,0.000240334,1,1
tx,4931,40.494752000,40.494752000,0.000000000,1,1
rx,4931,40.494752000,40.494992334,0.000240334,1,1
tx,4932,40.502944000,40.502944000,0.000000000,1,1
rx,4932,40.502944000,40.503184334,0.000240334,1,1
tx,4933,40.511136000,40.511136000,0.000000000,1,1
rx,4933,40.511136000,40.511376334,0.000240334,1,1
tx,4934,40.519328000,40.519328000,0.000000000,1,1
rx,4934,40.519328000,40.519568334,0.000240334,1,1
tx,4935,40.527520000,40.527520000,0.000000000,1,1
rx,4935,40.527520000,40.527760334,0.000240334,1,1
tx,4936,40.535712000,40.535712000,0.000000000,1,1
rx,4936,40.535712000,40.535952334,0.000240334,1,1
tx,4937,40.543904000,40.543904000,0.000000000,1,1
rx,4937,40.543904000,40.544144334,0.000240334,1,1
tx,4938,40.552096000,40.552096000,0.000000000,1,1
rx,4938,40.552096000,40.552336334,0.000240334,1,1
tx,4939,40.560288000,40.560288000,0.000000000,1,1
rx,4939,40.560288000,40.560528334,0.000240334,1,1
tx,4940,40.568480000,40.568480000,0.000000000,1,1
rx,4940,40.568480000,40.568720334,0.000240334,1,1
tx,4941,40.576672000,40.576672000,0.000000000,1,1
rx,4941,40.576672000,40.576912334,0.000240334,1,1
tx,4942,40.584864000,40.584864000,0.000000000,1,1
rx,4942,40.584864000,40.585104334,0.000240334,1,1
tx,4943,40.593056000,40.593056000,0.000000000,1,1
rx,4943,40.593056000,40.593296334,0.000240334,1,1
tx,4944,40.601248000,40.601248000,0.000000000,1,1
rx,4944,40.601248000,40.601488334,0.000240334,1,1
tx,4945,40.609440000,40.609440000,0.000000000,1,1
rx,4945,40.609440000,40.609680334,0.000240334,1,1
tx,4946,40.617632000,40.617632000,0.000000000,1,1
rx,4946,40.617632000,40.617872334,0.000240334,1,1
tx,4947,40.625824000,40.625824000,0.000000000,1,1
rx,4947,40.625824000,40.626064334,0.000240334,1,1
tx,4948,40.634016000,40.634016000,0.000000000,1,1
rx,4948,40.634016000,40.634256334,0.000240334,1,1
tx,4949,40.642208000,40.642208000,0.000000000,1,1
rx,4949,40.642208000,40.642448334,0.000240334,1,1
tx,4950,40.650400000,40.650400000,0.000000000,1,1
rx,4950,40.650400000,40.650640334,0.000240334,1,1
tx,4951,40.658592000,40.658592000,0.000000000,1,1
rx,4951,40.658592000,40.658832334,0.000240334,1,1
tx,4952,40.666784000,40.666784000,0.000000000,1,1
rx,4952,40.666784000,40.667024334,0.000240334,1,1
tx,4953,40.674976000,40.674976000,0.000000000,1,1
rx,4953,40.674976000,40.675216334,0.000240334,1,1
tx,4954,40.683168000,40.683168000,0.000000000,1,1
rx,4954,40.683168000,40.683408334,0.000240334,1,1
tx,4955,40.691360000,40.691360000,0.000000000,1,1
rx,4955,40.691360000,40.691600334,0.000240334,1,1
tx,4956,40.699552000,40.699552000,0.000000000,1,1
rx,4956,40.699552000,40.699792334,0.000240334,1,1
tx,4957,40.707744000,40.707744000,0.000000000,1,1
rx,4957,40.707744000,40.707984334,0.000240334,1,1
tx,4958,40.715936000,40.715936000,0.000000000,1,1
rx,4958,40.715936000,40.716176334,0.000240334,1,1
tx,4959,40.724128000,40.724128000,0.000000000,1,1
rx,4959,40.724128000,40.724368334,0.000240334,1,1
tx,4960,40.732320000,40.732320000,0.000000000,1,1
rx,4960,40.732320000,40.732560334,0.000240334,1,1
tx,4961,40.740512000,40.740512000,0.000000000,1,1
rx,4961,40.740512000,40.740752334,0.000240334,1,1
tx,4962,40.748704000,40.748704000,0.000000000,1,1
rx,4962,40.748704000,40.748944334,0.000240334,1,1
tx,4963,40.756896000,40.756896000,0.000000000,1,1
rx,4963,40.756896000,40.757136334,0.000240334,1,1
tx,4964,40.765088000,40.765088000,0.000000000,1,1
rx,4964,40.765088000,40.765328334,0.000240334,1,1
tx,4965,40.773280000,40.773280000,0.000000000,1,1
rx,4965,40.773280000,40.773520334,0.000240334,1,1
tx,4966,40.781472000,40.781472000,0.000000000,1,1
rx,4966,40.781472000,40.781712334,0.000240334,1,1
tx,4967,40.789664000,40.789664000,0.000000000,1,1
rx,4967,40.789664000,40.789904334,0.000240334,1,1
tx,4968,40.797856000,40.797856000,0.000000000,1,1
rx,4968,40.797856000,40.798096334,0.000240334,1,1
tx,4969,40.806048000,40.806048000,0.000000000,1,1
rx,4969,40.806048000,40.806288334,0.000240334,1,1
tx,4970,40.814240000,40.814240000,0.000000000,1,1
rx,4970,40.814240000,40.814480334,0.000240334,1,1
tx,4971,40.822432000,40.822432000,0.000000000,1,1
rx,4971,40.822432000,40.822672334,0.000240334,1,1
tx,4972,40.830624000,40.830624000,0.000000000,1,1
rx,4972,40.830624000,40.830864334,0.000240334,1,1
tx,4973,40.838816000,40.838816000,0.000000000,1,1
rx,4973,40.838816000,40.839056334,0.000240334,1,1
tx,4974,40.847008000,40.847008000,0.000000000,1,1
rx,4974,40.847008000,40.847248334,0.000240334,1,1
tx,4975,40.855200000,40.855200000,0.000000000,1,1
rx,4975,40.855200000,40.855440334,0.000240334,1,1
tx,4976,40.863392000,40.863392000,0.000000000,1,1
rx,4976,40.863392000,40.863632334,0.000240334,1,1
tx,4977,40.871584000,40.871584000,0.000000000,1,1
rx,4977,40.871584000,40.871824334,0.000240334,1,1
tx,4978,40.879776000,40.879776000,0.000000000,1,1
rx,4978,40.879776000,40.880016334,0.000240334,1,1
tx,4979,40.887968000,40.887968000,0.000000000,1,1
rx,4979,40.887968000,40.888208334,0.000240334,1,1
tx,4980,40.896160000,40.896160000,0.000000000,1,1
rx,4980,40.896160000,40.896400334,0.000240334,1,1
tx,4981,40.904352000,40.904352000,0.000000000,1,1
rx,4981,40.904352000,40.904592334,0.000240334,1,1
tx,4982,40.912544000,40.912544000,0.000000000,1,1
rx,4982,40.912544000,40.912784334,0.000240334,1,1
tx,4983,40.920736000,40.920736000,0.000000000,1,1
rx,4983,40.920736000,40.920976334,0.000240334,1,1
tx,4984,40.928928000,40.928928000,0.000000000,1,1
rx,4984,40.928928000,40.929168334,0.000240334,1,1
tx,4985,40.937120000,40.937120000,0.000000000,1,1
rx,4985,40.937120000,40.937360334,0.000240334,1,1
tx,4986,40.945312000,40.945312000,0.000000000,1,1
rx,4986,40.945312000,40.945552334,0.000240334,1,1
tx,4987,40.953504000,40.953504000,0.000000000,1,1
rx,4987,40.953504000,40.953744334,0.000240334,1,1
tx,4988,40.961696000,40.961696000,0.000000000,1,1
rx,4988,40.961696000,40.961936334,0.000240334,1,1
tx,4989,40.969888000,40.969888000,0.000000000,1,1
rx,4989,40.969888000,40.970128334,0.000240334,1,1
tx,4990,40.978080000,40.978080000,0.000000000,1,1
rx,4990,40.978080000,40.978320334,0.000240334,1,1
tx,4991,40.986272000,40.986272000,0.000000000,1,1
rx,4991,40.986272000,40.986512334,0.000240334,1,1
tx,4992,40.994464000,40.994464000,0.000000000,1,1
rx,4992,40.994464000,40.994704334,0.000240334,1,1
tx,4993,41.002656000,41.002656000,0.000000000,0,0
tx,4994,41.010848000,41.010848000,0.000000000,0,0
tx,4995,41.019040000,41.019040000,0.000000000,0,0
tx,4996,41.027232000,41.027232000,0.000000000,0,0
tx,4997,41.035424000,41.035424000,0.000000000,0,0
tx,4998,41.043616000,41.043616000,0.000000000,0,0
tx,4999,41.051808000,41.051808000,0.000000000,0,0
tx,5000,41.060000000,41.060000000,0.000000000,0,0
tx,5001,41.068192000,41.068192000,0.000000000,0,0
tx,5002,41.076384000,41.076384000,0.000000000,0,0
tx,5003,41.084576000,41.084576000,0.000000000,0,0
tx,5004,41.092768000,41.092768000,0.000000000,0,0
tx,5005,41.100960000,41.100960000,0.000000000,0,0
tx,5006,41.109152000,41.109152000,0.000000000,0,0
tx,5007,41.117344000,41.117344000,0.000000000,0,0
tx,5008,41.125536000,41.125536000,0.000000000,0,0
tx,5009,41.133728000,41.133728000,0.000000000,0,0
tx,5010,41.141920000,41.141920000,0.000000000,0,0
tx,5011,41.150112000,41.150112000,0.000000000,0,0
tx,5012,41.158304000,41.158304000,0.000000000,0,0
tx,5013,41.166496000,41.166496000,0.000000000,0,0
tx,5014,41.174688000,41.174688000,0.000000000,0,0
tx,5015,41.182880000,41.182880000,0.000000000,0,0
tx,5016,41.191072000,41.191072000,0.000000000,0,0
tx,5017,41.199264000,41.199264000,0.000000000,0,0
tx,5018,41.207456000,41.207456000,0.000000000,0,0
tx,5019,41.215648000,41.215648000,0.000000000,0,0
tx,5020,41.223840000,41.223840000,0.000000000,0,0
tx,5021,41.232032000,41.232032000,0.000000000,0,0
tx,5022,41.240224000,41.240224000,0.000000000,0,0
tx,5023,41.248416000,41.248416000,0.000000000,0,0
tx,5024,41.256608000,41.256608000,0.000000000,0,0
tx,5025,41.264800000,41.264800000,0.000000000,0,0
tx,5026,41.272992000,41.272992000,0.000000000,0,0
tx,5027,41.281184000,41.281184000,0.000000000,0,0
tx,5028,41.289376000,41.289376000,0.000000000,0,0
tx,5029,41.297568000,41.297568000,0.000000000,0,0
tx,5030,41.305760000,41.305760000,0.000000000,0,0
tx,5031,41.313952000,41.313952000,0.000000000,0,0
tx,5032,41.322144000,41.322144000,0.000000000,0,0
tx,5033,41.330336000,41.330336000,0.000000000,0,0
tx,5034,41.338528000,41.338528000,0.000000000,0,0
tx,5035,41.346720000,41.346720000,0.000000000,0,0
tx,5036,41.354912000,41.354912000,0.000000000,0,0
tx,5037,41.363104000,41.363104000,0.000000000,0,0
tx,5038,41.371296000,41.371296000,0.000000000,0,0
tx,5039,41.379488000,41.379488000,0.000000000,0,0
tx,5040,41.387680000,41.387680000,0.000000000,0,0
tx,5041,41.395872000,41.395872000,0.000000000,0,0
tx,5042,41.404064000,41.404064000,0.000000000,0,0
tx,5043,41.412256000,41.412256000,0.000000000,0,0
tx,5044,41.420448000,41.420448000,0.000000000,0,0
tx,5045,41.428640000,41.428640000,0.000000000,0,0
tx,5046,41.436832000,41.436832000,0.000000000,0,0
tx,5047,41.445024000,41.445024000,0.000000000,0,0
tx,5048,41.453216000,41.453216000,0.000000000,0,0
tx,5049,41.461408000,41.461408000,0.000000000,0,0
tx,5050,41.469600000,41.469600000,0.000000000,0,0
tx,5051,41.477792000,41.477792000,0.000000000,0,0
tx,5052,41.485984000,41.485984000,0.000000000,0,0
tx,5053,41.494176000,41.494176000,0.000000000,0,0
tx,5054,41.502368000,41.502368000,0.000000000,0,0
tx,5055,41.510560000,41.510560000,0.000000000,0,0
tx,5056,41.518752000,41.518752000,0.000000000,0,0
tx,5057,41.526944000,41.526944000,0.000000000,0,0
tx,5058,41.535136000,41.535136000,0.000000000,0,0
tx,5059,41.543328000,41.543328000,0.000000000,0,0
tx,5060,41.551520000,41.551520000,0.000000000,0,0
tx,5061,41.559712000,41.559712000,0.000000000,0,0
tx,5062,41.567904000,41.567904000,0.000000000,0,0
tx,5063,41.576096000,41.576096000,0.000000000,0,0
tx,5064,41.584288000,41.584288000,0.000000000,0,0
tx,5065,41.592480000,41.592480000,0.000000000,0,0
tx,5066,41.600672000,41.600672000,0.000000000,0,0
tx,5067,41.608864000,41.608864000,0.000000000,0,0
tx,5068,41.617056000,41.617056000,0.000000000,0,0
tx,5069,41.625248000,41.625248000,0.000000000,0,0
tx,5070,41.633440000,41.633440000,0.000000000,0,0
tx,5071,41.641632000,41.641632000,0.000000000,0,0
tx,5072,41.649824000,41.649824000,0.000000000,0,0
tx,5073,41.658016000,41.658016000,0.000000000,0,0
tx,5074,41.666208000,41.666208000,0.000000000,0,0
tx,5075,41.674400000,41.674400000,0.000000000,0,0
tx,5076,41.682592000,41.682592000,0.000000000,0,0
tx,5077,41.690784000,41.690784000,0.000000000,0,0
tx,5078,41.698976000,41.698976000,0.000000000,0,0
tx,5079,41.707168000,41.707168000,0.000000000,0,0
tx,5080,41.715360000,41.715360000,0.000000000,0,0
tx,5081,41.723552000,41.723552000,0.000000000,0,0
tx,5082,41.731744000,41.731744000,0.000000000,0,0
tx,5083,41.739936000,41.739936000,0.000000000,0,0
tx,5084,41.748128000,41.748128000,0.000000000,0,0
tx,5085,41.756320000,41.756320000,0.000000000,0,0
tx,5086,41.764512000,41.764512000,0.000000000,0,0
tx,5087,41.772704000,41.772704000,0.000000000,0,0
tx,5088,41.780896000,41.780896000,0.000000000,0,0
tx,5089,41.789088000,41.789088000,0.000000000,0,0
tx,5090,41.797280000,41.797280000,0.000000000,0,0
tx,5091,41.805472000,41.805472000,0.000000000,0,0
tx,5092,41.813664000,41.813664000,0.000000000,0,0
tx,5093,41.821856000,41.821856000,0.000000000,0,0
tx,5094,41.830048000,41.830048000,0.000000000,0,0
tx,5095,41.838240000,41.838240000,0.000000000,0,0
tx,5096,41.846432000,41.846432000,0.000000000,0,0
tx,5097,41.854624000,41.854624000,0.000000000,0,0
tx,5098,41.862816000,41.862816000,0.000000000,0,0
tx,5099,41.871008000,41.871008000,0.000000000,0,0
tx,5100,41.879200000,41.879200000,0.000000000,0,0
tx,5101,41.887392000,41.887392000,0.000000000,0,0
tx,5102,41.895584000,41.895584000,0.000000000,0,0
tx,5103,41.903776000,41.903776000,0.000000000,0,0
tx,5104,41.911968000,41.911968000,0.000000000,0,0
tx,5105,41.920160000,41.920160000,0.000000000,0,0
tx,5106,41.928352000,41.928352000,0.000000000,0,0
tx,5107,41.936544000,41.936544000,0.000000000,0,0
tx,5108,41.944736000,41.944736000,0.000000000,0,0
tx,5109,41.952928000,41.952928000,0.000000000,0,0
tx,5110,41.961120000,41.961120000,0.000000000,0,0
tx,5111,41.969312000,41.969312000,0.000000000,0,0
tx,5112,41.977504000,41.977504000,0.000000000,0,0
tx,5113,41.985696000,41.985696000,0.000000000,0,0
tx,5114,41.993888000,41.993888000,0.000000000,0,0
tx,5115,42.002080000,42.002080000,0.000000000,1,1
tx,5116,42.010272000,42.010272000,0.000000000,1,1
rx,5055,41.510560000,42.013368334,0.502808334,1,1
rx,5056,41.518752000,42.014023002,0.495271002,1,1
rx,5057,41.526944000,42.014467670,0.487523670,1,1
rx,5058,41.535136000,42.015052338,0.479916338,1,1
rx,5059,41.543328000,42.015497006,0.472169006,1,1
rx,5060,41.551520000,42.015941674,0.464421674,1,1
rx,5061,41.559712000,42.016406342,0.456694342,1,1
rx,5062,41.567904000,42.016771010,0.448867010,1,1
rx,5063,41.576096000,42.017055678,0.440959678,1,1
rx,5064,41.584288000,42.017560346,0.433272346,1,1
rx,5065,41.592480000,42.017845014,0.425365014,1,1
rx,5066,41.600672000,42.018129682,0.417457682,1,1
tx,5117,42.018464000,42.018464000,0.000000000,1,1
rx,5067,41.608864000,42.018494350,0.409630350,1,1
rx,5068,41.617056000,42.018859018,0.401803018,1,1
rx,5069,41.625248000,42.019143686,0.393895686,1,1
rx,5070,41.633440000,42.019708354,0.386268354,1,1
rx,5071,41.641632000,42.020133022,0.378501022,1,1
rx,5072,41.649824000,42.020617690,0.370793690,1,1
rx,5073,41.658016000,42.021122358,0.363106358,1,1
rx,5074,41.666208000,42.021447026,0.355239026,1,1
rx,5075,41.674400000,42.021831694,0.347431694,1,1
rx,5076,41.682592000,42.022276362,0.339684362,1,1
rx,5077,41.690784000,42.022801030,0.332017030,1,1
rx,5078,41.698976000,42.023225698,0.324249698,1,1
rx,5079,41.707168000,42.023770366,0.316602366,1,1
rx,5080,41.715360000,42.024135034,0.308775034,1,1
rx,5081,41.723552000,42.024499702,0.300947702,1,1
rx,5082,41.731744000,42.024964370,0.293220370,1,1
rx,5083,41.739936000,42.025549038,0.285613038,1,1
rx,5084,41.748128000,42.026073706,0.277945706,1,1
rx,5085,41.756320000,42.026518374,0.270198374,1,1
tx,5118,42.026656000,42.026656000,0.000000000,1,1
rx,5086,41.764512000,42.027083042,0.262571042,1,1
rx,5087,41.772704000,42.027607710,0.254903710,1,1
rx,5088,41.780896000,42.028032378,0.247136378,1,1
rx,5089,41.789088000,42.028437046,0.239349046,1,1
rx,5090,41.797280000,42.028961714,0.231681714,1,1
rx,5091,41.805472000,42.029546382,0.224074382,1,1
rx,5092,41.813664000,42.029931050,0.216267050,1,1
rx,5093,41.821856000,42.030275718,0.208419718,1,1
rx,5094,41.830048000,42.030820386,0.200772386,1,1
rx,5095,41.838240000,42.031205054,0.192965054,1,1
rx,5096,41.846432000,42.031669722,0.185237722,1,1
rx,5097,41.854624000,42.032054390,0.177430390,1,1
rx,5098,41.862816000,42.032459058,0.169643058,1,1
rx,5099,41.871008000,42.032823726,0.161815726,1,1
rx,5100,41.879200000,42.033308394,0.154108394,1,1
rx,5101,41.887392000,42.033653062,0.146261062,1,1
rx,5102,41.895584000,42.033957730,0.138373730,1,1
rx,5103,41.903776000,42.034282398,0.130506398,1,1
rx,5104,41.911968000,42.034587066,0.122619066,1,1
tx,5119,42.034848000,42.034848000,0.000000000,1,1
rx,5105,41.920160000,42.034871734,0.114711734,1,1
rx,5106,41.928352000,42.035256402,0.106904402,1,1
rx,5107,41.936544000,42.035581070,0.099037070,1,1
rx,5108,41.944736000,42.035985738,0.091249738,1,1
rx,5109,41.952928000,42.036470406,0.083542406,1,1
rx,5110,41.961120000,42.036915074,0.075795074,1,1
rx,5111,41.969312000,42.037459742,0.068147742,1,1
rx,5112,41.977504000,42.037944410,0.060440410,1,1
rx,5113,41.985696000,42.038269078,0.052573078,1,1
rx,5114,41.993888000,42.038713746,0.044825746,1,1
rx,5115,42.002080000,42.039118414,0.037038414,1,1
rx,5116,42.010272000,42.039583082,0.029311082,1,1
rx,5117,42.018464000,42.040047750,0.021583750,1,1
rx,5118,42.026656000,42.040572418,0.013916418,1,1
rx,5119,42.034848000,42.040977086,0.006129086,1,1
tx,5120,42.043040000,42.043040000,0.000000000,1,1
rx,5120,42.043040000,42.043280334,0.000240334,1,1
tx,5121,42.051232000,42.051232000,0.000000000,1,1
rx,5121,42.051232000,42.051472334,0.000240334,1,1
tx,5122,42.059424000,42.059424000,0.000000000,1,1
rx,5122,42.059424000,42.059664334,0.000240334,1,1
tx,5123,42.067616000,42.067616000,0.000000000,1,1
rx,5123,42.067616000,42.067856334,0.000240334,1,1
tx,5124,42.075808000,42.075808000,0.000000000,1,1
rx,5124,42.075808000,42.076048334,0.000240334,1,1
tx,5125,42.084000000,42.084000000,0.000000000,1,1
rx,5125,42.084000000,42.084240334,0.000240334,1,1
tx,5126,42.092192000,42.092192000,0.000000000,1,1
rx,5126,42.092192000,42.092432334,0.000240334,1,1
tx,5127,42.100384000,42.100384000,0.000000000,1,1
rx,5127,42.100384000,42.100624334,0.000240334,1,1
tx,5128,42.108576000,42.108576000,0.000000000,1,1
rx,5128,42.108576000,42.108816334,0.000240334,1,1
tx,5129,42.116768000,42.116768000,0.000000000,1,1
rx,5129,42.116768000,42.117008334,0.000240334,1,1
tx,5130,42.124960000,42.124960000,0.000000000,1,1
rx,5130,42.124960000,42.125200334,0.000240334,1,1
tx,5131,42.133152000,42.133152000,0.000000000,1,1
rx,5131,42.133152000,42.133392334,0.000240334,1,1
tx,5132,42.141344000,42.141344000,0.000000000,1,1
rx,5132,42.141344000,42.141584334,0.000240334,1,1
tx,5133,42.149536000,42.149536000,0.000000000,1,1
rx,5133,42.149536000,42.149776334,0.000240334,1,1
tx,5134,42.157728000,42.157728000,0.000000000,1,1
rx,5134,42.157728000,42.157968334,0.000240334,1,1
tx,5135,42.165920000,42.165920000,0.000000000,1,1
rx,5135,42.165920000,42.166160334,0.000240334,1,1
tx,5136,42.174112000,42.174112000,0.000000000,1,1
rx,5136,42.174112000,42.174352334,0.000240334,1,1
tx,5137,42.182304000,42.182304000,0.000000000,1,1
rx,5137,42.182304000,42.182544334,0.000240334,1,1
tx,5138,42.190496000,42.190496000,0.000000000,1,1
rx,5138,42.190496000,42.190736334,0.000240334,1,1
tx,5139,42.198688000,42.198688000,0.000000000,1,1
rx,5139,42.198688000,42.198928334,0.000240334,1,1
tx,5140,42.206880000,42.206880000,0.000000000,1,1
rx,5140,42.206880000,42.207120334,0.000240334,1,1
tx,5141,42.215072000,42.215072000,0.000000000,1,1
rx,5141,42.215072000,42.215312334,0.000240334,1,1
tx,5142,42.223264000,42.223264000,0.000000000,1,1
rx,5142,42.223264000,42.223504334,0.000240334,1,1
tx,5143,42.231456000,42.231456000,0.000000000,1,1
rx,5143,42.231456000,42.231696334,0.000240334,1,1
tx,5144,42.239648000,42.239648000,0.000000000,1,1
rx,5144,42.239648000,42.239888334,0.000240334,1,1
tx,5145,42.247840000,42.247840000,0.000000000,1,1
rx,5145,42.247840000,42.248080334,0.000240334,1,1
tx,5146,42.256032000,42.256032000,0.000000000,1,1
rx,5146,42.256032000,42.256272334,0.000240334,1,1
tx,5147,42.264224000,42.264224000,0.000000000,1,1
rx,5147,42.264224000,42.264464334,0.000240334,1,1
tx,5148,42.272416000,42.272416000,0.000000000,1,1
rx,5148,42.272416000,42.272656334,0.000240334,1,1
tx,5149,42.280608000,42.280608000,0.000000000,1,1
rx,5149,42.280608000,42.280848334,0.000240334,1,1
tx,5150,42.288800000,42.288800000,0.000000000,1,1
rx,5150,42.288800000,42.289040334,0.000240334,1,1
tx,5151,42.296992000,42.296992000,0.000000000,1,1
rx,5151,42.296992000,42.297232334,0.000240334,1,1
tx,5152,42.305184000,42.305184000,0.000000000,1,1
rx,5152,42.305184000,42.305424334,0.000240334,1,1
tx,5153,42.313376000,42.313376000,0.000000000,1,1
rx,5153,42.313376000,42.313616334,0.000240334,1,1
tx,5154,42.321568000,42.321568000,0.000000000,1,1
rx,5154,42.321568000,42.321808334,0.000240334,1,1
tx,5155,42.329760000,42.329760000,0.000000000,1,1
rx,5155,42.329760000,42.330000334,0.000240334,1,1
tx,5156,42.337952000,42.337952000,0.000000000,1,1
rx,5156,42.337952000,42.338192334,0.000240334,1,1
tx,5157,42.346144000,42.346144000,0.000000000,1,1
rx,5157,42.346144000,42.346384334,0.000240334,1,1
tx,5158,42.354336000,42.354336000,0.000000000,1,1
rx,5158,42.354336000,42.354576334,0.000240334,1,1
tx,5159,42.362528000,42.362528000,0.000000000,1,1
rx,5159,42.362528000,42.362768334,0.000240334,1,1
tx,5160,42.370720000,42.370720000,0.000000000,1,1
rx,5160,42.370720000,42.370960334,0.000240334,1,1
tx,5161,42.378912000,42.378912000,0.000000000,1,1
rx,5161,42.378912000,42.379152334,0.000240334,1,1
tx,5162,42.387104000,42.387104000,0.000000000,1,1
rx,5162,42.387104000,42.387344334,0.000240334,1,1
tx,5163,42.395296000,42.395296000,0.000000000,1,1
rx,5163,42.395296000,42.395536334,0.000240334,1,1
tx,5164,42.403488000,42.403488000,0.000000000,1,1
rx,5164,42.403488000,42.403728334,0.000240334,1,1
tx,5165,42.411680000,42.411680000,0.000000000,1,1
rx,5165,42.411680000,42.411920334,0.000240334,1,1
tx,5166,42.419872000,42.419872000,0.000000000,1,1
rx,5166,42.419872000,42.420112334,0.000240334,1,1
tx,5167,42.428064000,42.428064000,0.000000000,1,1
rx,5167,42.428064000,42.428304334,0.000240334,1,1
tx,5168,42.436256000,42.436256000,0.000000000,1,1
rx,5168,42.436256000,42.436496334,0.000240334,1,1
tx,5169,42.444448000,42.444448000,0.000000000,1,1
rx,5169,42.444448000,42.444688334,0.000240334,1,1
tx,5170,42.452640000,42.452640000,0.000000000,1,1
rx,5170,42.452640000,42.452880334,0.000240334,1,1
tx,5171,42.460832000,42.460832000,0.000000000,1,1
rx,5171,42.460832000,42.461072334,0.000240334,1,1
tx,5172,42.469024000,42.469024000,0.000000000,1,1
rx,5172,42.469024000,42.469264334,0.000240334,1,1
tx,5173,42.477216000,42.477216000,0.000000000,1,1
rx,5173,42.477216000,42.477456334,0.000240334,1,1
tx,5174,42.485408000,42.485408000,0.000000000,1,1
rx,5174,42.485408000,42.485648334,0.000240334,1,1
tx,5175,42.493600000,42.493600000,0.000000000,1,1
rx,5175,42.493600000,42.493840334,0.000240334,1,1
tx,5176,42.501792000,42.501792000,0.000000000,1,1
rx,5176,42.501792000,42.502032334,0.000240334,1,1
tx,5177,42.509984000,42.509984000,0.000000000,1,1
rx,5177,42.509984000,42.510224334,0.000240334,1,1
tx,5178,42.518176000,42.518176000,0.000000000,1,1
rx,5178,42.518176000,42.518416334,0.000240334,1,1
tx,5179,42.526368000,42.526368000,0.000000000,1,1
rx,5179,42.526368000,42.526608334,0.000240334,1,1
tx,5180,42.534560000,42.534560000,0.000000000,1,1
rx,5180,42.534560000,42.534800334,0.000240334,1,1
tx,5181,42.542752000,42.542752000,0.000000000,1,1
rx,5181,42.542752000,42.542992334,0.000240334,1,1
tx,5182,42.550944000,42.550944000,0.000000000,1,1
rx,5182,42.550944000,42.551184334,0.000240334,1,1
tx,5183,42.559136000,42.559136000,0.000000000,1,1
rx,5183,42.559136000,42.559376334,0.000240334,1,1
tx,5184,42.567328000,42.567328000,0.000000000,1,1
rx,5184,42.567328000,42.567568334,0.000240334,1,1
tx,5185,42.575520000,42.575520000,0.000000000,1,1
rx,5185,42.575520000,42.575760334,0.000240334,1,1
tx,5186,42.583712000,42.583712000,0.000000000,1,1
rx,5186,42.583712000,42.583952334,0.000240334,1,1
tx,5187,42.591904000,42.591904000,0.000000000,1,1
rx,5187,42.591904000,42.592144334,0.000240334,1,1
tx,5188,42.600096000,42.600096000,0.000000000,1,1
rx,5188,42.600096000,42.600336334,0.000240334,1,1
tx,5189,42.608288000,42.608288000,0.000000000,1,1
rx,5189,42.608288000,42.608528334,0.000240334,1,1
tx,5190,42.616480000,42.616480000,0.000000000,1,1
rx,5190,42.616480000,42.616720334,0.000240334,1,1
tx,5191,42.624672000,42.624672000,0.000000000,1,1
rx,5191,42.624672000,42.624912334,0.000240334,1,1
tx,5192,42.632864000,42.632864000,0.000000000,1,1
rx,5192,42.632864000,42.633104334,0.000240334,1,1
tx,5193,42.641056000,42.641056000,0.000000000,1,1
rx,5193,42.641056000,42.641296334,0.000240334,1,1
tx,5194,42.649248000,42.649248000,0.000000000,1,1
rx,5194,42.649248000,42.649488334,0.000240334,1,1
tx,5195,42.657440000,42.657440000,0.000000000,1,1
rx,5195,42.657440000,42.657680334,0.000240334,1,1
tx,5196,42.665632000,42.665632000,0.000000000,1,1
rx,5196,42.665632000,42.665872334,0.000240334,1,1
tx,5197,42.673824000,42.673824000,0.000000000,1,1
rx,5197,42.673824000,42.674064334,0.000240334,1,1
tx,5198,42.682016000,42.682016000,0.000000000,1,1
rx,5198,42.682016000,42.682256334,0.000240334,1,1
tx,5199,42.690208000,42.690208000,0.000000000,1,1
rx,5199,42.690208000,42.690448334,0.000240334,1,1
tx,5200,42.698400000,42.698400000,0.000000000,1,1
rx,5200,42.698400000,42.698640334,0.000240334,1,1
tx,5201,42.706592000,42.706592000,0.000000000,1,1
rx,5201,42.706592000,42.706832334,0.000240334,1,1
tx,5202,42.714784000,42.714784000,0.000000000,1,1
rx,5202,42.714784000,42.715024334,0.000240334,1,1
tx,5203,42.722976000,42.722976000,0.000000000,1,1
rx,5203,42.722976000,42.723216334,0.000240334,1,1
tx,5204,42.731168000,42.731168000,0.000000000,1,1
rx,5204,42.731168000,42.731408334,0.000240334,1,1
tx,5205,42.739360000,42.739360000,0.000000000,1,1
rx,5205,42.739360000,42.739600334,0.000240334,1,1
tx,5206,42.747552000,42.747552000,0.000000000,1,1
rx,5206,42.747552000,42.747792334,0.000240334,1,1
tx,5207,42.755744000,42.755744000,0.000000000,1,1
rx,5207,42.755744000,42.755984334,0.000240334,1,1
tx,5208,42.763936000,42.763936000,0.000000000,1,1
rx,5208,42.763936000,42.764176334,0.000240334,1,1
tx,5209,42.772128000,42.772128000,0.000000000,1,1
rx,5209,42.772128000,42.772368334,0.000240334,1,1
tx,5210,42.780320000,42.780320000,0.000000000,1,1
rx,5210,42.780320000,42.780560334,0.000240334,1,1
tx,5211,42.788512000,42.788512000,0.000000000,1,1
rx,5211,42.788512000,42.788752334,0.000240334,1,1
tx,5212,42.796704000,42.796704000,0.000000000,1,1
rx,5212,42.796704000,42.796944334,0.000240334,1,1
tx,5213,42.804896000,42.804896000,0.000000000,1,1
rx,5213,42.804896000,42.805136334,0.000240334,1,1
tx,5214,42.813088000,42.813088000,0.000000000,1,1
rx,5214,42.813088000,42.813328334,0.000240334,1,1
tx,5215,42.821280000,42.821280000,0.000000000,1,1
rx,5215,42.821280000,42.821520334,0.000240334,1,1
tx,5216,42.829472000,42.829472000,0.000000000,1,1
rx,5216,42.829472000,42.829712334,0.000240334,1,1
tx,5217,42.837664000,42.837664000,0.000000000,1,1
rx,5217,42.837664000,42.837904334,0.000240334,1,1
tx,5218,42.845856000,42.845856000,0.000000000,1,1
rx,5218,42.845856000,42.846096334,0.000240334,1,1
tx,5219,42.854048000,42.854048000,0.000000000,1,1
rx,5219,42.854048000,42.854288334,0.000240334,1,1
tx,5220,42.862240000,42.862240000,0.000000000,1,1
rx,5220,42.862240000,42.862480334,0.000240334,1,1
tx,5221,42.870432000,42.870432000,0.000000000,1,1
rx,5221,42.870432000,42.870672334,0.000240334,1,1
tx,5222,42.878624000,42.878624000,0.000000000,1,1
rx,5222,42.878624000,42.878864334,0.000240334,1,1
tx,5223,42.886816000,42.886816000,0.000000000,1,1
rx,5223,42.886816000,42.887056334,0.000240334,1,1
tx,5224,42.895008000,42.895008000,0.000000000,1,1
rx,5224,42.895008000,42.895248334,0.000240334,1,1
tx,5225,42.903200000,42.903200000,0.000000000,1,1
rx,5225,42.903200000,42.903440334,0.000240334,1,1
tx,5226,42.911392000,42.911392000,0.000000000,1,1
rx,5226,42.911392000,42.911632334,0.000240334,1,1
tx,5227,42.919584000,42.919584000,0.000000000,1,1
rx,5227,42.919584000,42.919824334,0.000240334,1,1
tx,5228,42.927776000,42.927776000,0.000000000,1,1
rx,5228,42.927776000,42.928016334,0.000240334,1,1
tx,5229,42.935968000,42.935968000,0.000000000,1,1
rx,5229,42.935968000,42.936208334,0.000240334,1,1
tx,5230,42.944160000,42.944160000,0.000000000,1,1
rx,5230,42.944160000,42.944400334,0.000240334,1,1
tx,5231,42.952352000,42.952352000,0.000000000,1,1
rx,5231,42.952352000,42.952592334,0.000240334,1,1
tx,5232,42.960544000,42.960544000,0.000000000,1,1
rx,5232,42.960544000,42.960784334,0.000240334,1,1
tx,5233,42.968736000,42.968736000,0.000000000,1,1
rx,5233,42.968736000,42.968976334,0.000240334,1,1
tx,5234,42.976928000,42.976928000,0.000000000,1,1
rx,5234,42.976928000,42.977168334,0.000240334,1,1
tx,5235,42.985120000,42.985120000,0.000000000,1,1
rx,5235,42.985120000,42.985360334,0.000240334,1,1
tx,5236,42.993312000,42.993312000,0.000000000,1,1
rx,5236,42.993312000,42.993552334,0.000240334,1,1
tx,5237,43.001504000,43.001504000,0.000000000,0,0
tx,5238,43.009696000,43.009696000,0.000000000,0,0
tx,5239,43.017888000,43.017888000,0.000000000,0,0
tx,5240,43.026080000,43.026080000,0.000000000,0,0
tx,5241,43.034272000,43.034272000,0.000000000,0,0
tx,5242,43.042464000,43.042464000,0.000000000,0,0
tx,5243,43.050656000,43.050656000,0.000000000,0,0
tx,5244,43.058848000,43.058848000,0.000000000,0,0
tx,5245,43.067040000,43.067040000,0.000000000,0,0
tx,5246,43.075232000,43.075232000,0.000000000,0,0
tx,5247,43.083424000,43.083424000,0.000000000,0,0
tx,5248,43.091616000,43.091616000,0.000000000,0,0
tx,5249,43.099808000,43.099808000,0.000000000,0,0
tx,5250,43.108000000,43.108000000,0.000000000,0,0
tx,5251,43.116192000,43.116192000,0.000000000,0,0
tx,5252,43.124384000,43.124384000,0.000000000,0,0
tx,5253,43.132576000,43.132576000,0.000000000,0,0
tx,5254,43.140768000,43.140768000,0.000000000,0,0
tx,5255,43.148960000,43.148960000,0.000000000,0,0
tx,5256,43.157152000,43.157152000,0.000000000,0,0
tx,5257,43.165344000,43.165344000,0.000000000,0,0
tx,5258,43.173536000,43.173536000,0.000000000,0,0
tx,5259,43.181728000,43.181728000,0.000000000,0,0
tx,5260,43.189920000,43.189920000,0.000000000,0,0
tx,5261,43.198112000,43.198112000,0.000000000,0,0
tx,5262,43.206304000,43.206304000,0.000000000,0,0
tx,5263,43.214496000,43.214496000,0.000000000,0,0
tx,5264,43.222688000,43.222688000,0.000000000,0,0
tx,5265,43.230880000,43.230880000,0.000000000,0,0
tx,5266,43.239072000,43.239072000,0.000000000,0,0
tx,5267,43.247264000,43.247264000,0.000000000,0,0
tx,5268,43.255456000,43.255456000,0.000000000,0,0
tx,5269,43.263648000,43.263648000,0.000000000,0,0
tx,5270,43.271840000,43.271840000,0.000000000,0,0
tx,5271,43.280032000,43.280032000,0.000000000,0,0
tx,5272,43.288224000,43.288224000,0.000000000,0,0
tx,5273,43.296416000,43.296416000,0.000000000,0,0
tx,5274,43.304608000,43.304608000,0.000000000,0,0
tx,5275,43.312800000,43.312800000,0.000000000,0,0
tx,5276,43.320992000,43.320992000,0.000000000,0,0
tx,5277,43.329184000,43.329184000,0.000000000,0,0
tx,5278,43.337376000,43.337376000,0.000000000,0,0
tx,5279,43.345568000,43.345568000,0.000000000,0,0
tx,5280,43.353760000,43.353760000,0.000000000,0,0
tx,5281,43.361952000,43.361952000,0.000000000,0,0
tx,5282,43.370144000,43.370144000,0.000000000,0,0
tx,5283,43.378336000,43.378336000,0.000000000,0,0
tx,5284,43.386528000,43.386528000,0.000000000,0,0
tx,5285,43.394720000,43.394720000,0.000000000,0,0
tx,5286,43.402912000,43.402912000,0.000000000,0,0
tx,5287,43.411104000,43.411104000,0.000000000,0,0
tx,5288,43.419296000,43.419296000,0.000000000,0,0
tx,5289,43.427488000,43.427488000,0.000000000,0,0
tx,5290,43.435680000,43.435680000,0.000000000,0,0
tx,5291,43.443872000,43.443872000,0.000000000,0,0
tx,5292,43.452064000,43.452064000,0.000000000,0,0
tx,5293,43.460256000,43.460256000,0.000000000,0,0
tx,5294,43.468448000,43.468448000,0.000000000,0,0
tx,5295,43.476640000,43.476640000,0.000000000,0,0
tx,5296,43.484832000,43.484832000,0.000000000,0,0
tx,5297,43.493024000,43.493024000,0.000000000,0,0
tx,5298,43.501216000,43.501216000,0.000000000,0,0
tx,5299,43.509408000,43.509408000,0.000000000,0,0
tx,5300,43.517600000,43.517600000,0.000000000,0,0
tx,5301,43.525792000,43.525792000,0.000000000,0,0
tx,5302,43.533984000,43.533984000,0.000000000,0,0
tx,5303,43.542176000,43.542176000,0.000000000,0,0
tx,5304,43.550368000,43.550368000,0.000000000,0,0
tx,5305,43.558560000,43.558560000,0.000000000,0,0
tx,5306,43.566752000,43.566752000,0.000000000,0,0
tx,5307,43.574944000,43.574944000,0.000000000,0,0
tx,5308,43.583136000,43.583136000,0.000000000,0,0
tx,5309,43.591328000,43.591328000,0.000000000,0,0
tx,5310,43.599520000,43.599520000,0.000000000,0,0
tx,5311,43.607712000,43.607712000,0.000000000,0,0
tx,5312,43.615904000,43.615904000,0.000000000,0,0
tx,5313,43.624096000,43.624096000,0.000000000,0,0
tx,5314,43.632288000,43.632288000,0.000000000,0,0
tx,5315,43.640480000,43.640480000,0.000000000,0,0
tx,5316,43.648672000,43.648672000,0.000000000,0,0
tx,5317,43.656864000,43.656864000,0.000000000,0,0
tx,5318,43.665056000,43.665056000,0.000000000,0,0
tx,5319,43.673248000,43.673248000,0.000000000,0,0
tx,5320,43.681440000,43.681440000,0.000000000,0,0
tx,5321,43.689632000,43.689632000,0.000000000,0,0
tx,5322,43.697824000,43.697824000,0.000000000,0,0
tx,5323,43.706016000,43.706016000,0.000000000,0,0
tx,5324,43.714208000,43.714208000,0.000000000,0,0
tx,5325,43.722400000,43.722400000,0.000000000,0,0
tx,5326,43.730592000,43.730592000,0.000000000,0,0
tx,5327,43.738784000,43.738784000,0.000000000,0,0
tx,5328,43.746976000,43.746976000,0.000000000,0,0
tx,5329,43.755168000,43.755168000,0.000000000,0,0
tx,5330,43.763360000,43.763360000,0.000000000,0,0
tx,5331,43.771552000,43.771552000,0.000000000,0,0
tx,5332,43.779744000,43.779744000,0.000000000,0,0
tx,5333,43.787936000,43.787936000,0.000000000,0,0
tx,5334,43.796128000,43.796128000,0.000000000,0,0
tx,5335,43.804320000,43.804320000,0.000000000,0,0
tx,5336,43.812512000,43.812512000,0.000000000,0,0
tx,5337,43.820704000,43.820704000,0.000000000,0,0
tx,5338,43.828896000,43.828896000,0.000000000,0,0
tx,5339,43.837088000,43.837088000,0.000000000,0,0
tx,5340,43.845280000,43.845280000,0.000000000,0,0
tx,5341,43.853472000,43.853472000,0.000000000,0,0
tx,5342,43.861664000,43.861664000,0.000000000,0,0
tx,5343,43.869856000,43.869856000,0.000000000,0,0
tx,5344,43.878048000,43.878048000,0.000000000,0,0
tx,5345,43.886240000,43.886240000,0.000000000,0,0
tx,5346,43.894432000,43.894432000,0.000000000,0,0
tx,5347,43.902624000,43.902624000,0.000000000,0,0
tx,5348,43.910816000,43.910816000,0.000000000,0,0
tx,5349,43.919008000,43.919008000,0.000000000,0,0
tx,5350,43.927200000,43.927200000,0.000000000,0,0
tx,5351,43.935392000,43.935392000,0.000000000,0,0
tx,5352,43.943584000,43.943584000,0.000000000,0,0
tx,5353,43.951776000,43.951776000,0.000000000,0,0
tx,5354,43.959968000,43.959968000,0.000000000,0,0
tx,5355,43.968160000,43.968160000,0.000000000,0,0
tx,5356,43.976352000,43.976352000,0.000000000,0,0
tx,5357,43.984544000,43.984544000,0.000000000,0,0
tx,5358,43.992736000,43.992736000,0.000000000,0,0
tx,5359,44.000928000,44.000928000,0.000000000,1,1
tx,5360,44.009120000,44.009120000,0.000000000,1,1
rx,5299,43.509408000,44.015716334,0.506308334,1,1
rx,5300,43.517600000,44.016451002,0.498851002,1,1
rx,5301,43.525792000,44.016975670,0.491183670,1,1
tx,5361,44.017312000,44.017312000,0.000000000,1,1
rx,5302,43.533984000,44.017500338,0.483516338,1,1
rx,5303,43.542176000,44.017925006,0.475749006,1,1
rx,5304,43.550368000,44.018209674,0.467841674,1,1
rx,5305,43.558560000,44.018534342,0.459974342,1,1
rx,5306,43.566752000,44.019079010,0.452327010,1,1
rx,5307,43.574944000,44.019503678,0.444559678,1,1
rx,5308,43.583136000,44.019808346,0.436672346,1,1
rx,5309,43.591328000,44.020253014,0.428925014,1,1
rx,5310,43.599520000,44.020797682,0.421277682,1,1
rx,5311,43.607712000,44.021102350,0.413390350,1,1
rx,5312,43.615904000,44.021607018,0.405703018,1,1
rx,5313,43.624096000,44.022171686,0.398075686,1,1
rx,5314,43.632288000,44.022656354,0.390368354,1,1
rx,5315,43.640480000,44.023001022,0.382521022,1,1
rx,5316,43.648672000,44.023485690,0.374813690,1,1
rx,5317,43.656864000,44.023790358,0.366926358,1,1
rx,5318,43.665056000,44.024095026,0.359039026,1,1
rx,5319,43.673248000,44.024439694,0.351191694,1,1
rx,5320,43.681440000,44.024804362,0.343364362,1,1
rx,5321,43.689632000,44.025349030,0.335717030,1,1
tx,5362,44.025504000,44.025504000,0.000000000,1,1
rx,5322,43.697824000,44.025913698,0.328089698,1,1
rx,5323,43.706016000,44.026318366,0.320302366,1,1
rx,5324,43.714208000,44.026803034,0.312595034,1,1
rx,5325,43.722400000,44.027287702,0.304887702,1,1
rx,5326,43.730592000,44.027732370,0.297140370,1,1
rx,5327,43.738784000,44.028297038,0.289513038,1,1
rx,5328,43.746976000,44.028741706,0.281765706,1,1
rx,5329,43.755168000,44.029206374,0.274038374,1,1
rx,5330,43.763360000,44.029771042,0.266411042,1,1
rx,5331,43.771552000,44.030295710,0.258743710,1,1
rx,5332,43.779744000,44.030680378,0.250936378,1,1
rx,5333,43.787936000,44.031125046,0.243189046,1,1
rx,5334,43.796128000,44.031429714,0.235301714,1,1
rx,5335,43.804320000,44.031914382,0.227594382,1,1
rx,5336,43.812512000,44.032379050,0.219867050,1,1
rx,5337,43.820704000,44.032823718,0.212119718,1,1
rx,5338,43.828896000,44.033148386,0.204252386,1,1
rx,5339,43.837088000,44.033533054,0.196445054,1,1
tx,5363,44.033696000,44.033696000,0.000000000,1,1
rx,5340,43.845280000,44.033937722,0.188657722,1,1
rx,5341,43.853472000,44.034262390,0.180790390,1,1
rx,5342,43.861664000,44.034667058,0.173003058,1,1
rx,5343,43.869856000,44.035191726,0.165335726,1,1
rx,5344,43.878048000,44.035476394,0.157428394,1,1
rx,5345,43.886240000,44.035981062,0.149741062,1,1
rx,5346,43.894432000,44.036445730,0.142013730,1,1
rx,5347,43.902624000,44.036890398,0.134266398,1,1
rx,5348,43.910816000,44.037395066,0.126579066,1,1
rx,5349,43.919008000,44.037859734,0.118851734,1,1
rx,5350,43.927200000,44.038164402,0.110964402,1,1
rx,5351,43.935392000,44.038469070,0.103077070,1,1
rx,5352,43.943584000,44.038813738,0.095229738,1,1
rx,5353,43.951776000,44.039378406,0.087602406,1,1
rx,5354,43.959968000,44.039723074,0.079755074,1,1
rx,5355,43.968160000,44.040187742,0.072027742,1,1
rx,5356,43.976352000,44.040772410,0.064420410,1,1
rx,5357,43.984544000,44.041257078,0.056713078,1,1
rx,5358,43.992736000,44.041761746,0.049025746,1,1
tx,5364,44.041888000,44.041888000,0.000000000,1,1
rx,5359,44.000928000,44.042066414,0.041138414,1,1
rx,5360,44.009120000,44.042631082,0.033511082,1,1
rx,5361,44.017312000,44.043075750,0.025763750,1,1
rx,5362,44.025504000,44.043480418,0.017976418,1,1
rx,5363,44.033696000,44.044025086,0.010329086,1,1
rx,5364,44.041888000,44.044349754,0.002461754,1,1
tx,5365,44.050080000,44.050080000,0.000000000,1,1
rx,5365,44.050080000,44.050320334,0.000240334,1,1
tx,5366,44.058272000,44.058272000,0.000000000,1,1
rx,5366,44.058272000,44.058512334,0.000240334,1,1
tx,5367,44.066464000,44.066464000,0.000000000,1,1
rx,5367,44.066464000,44.066704334,0.000240334,1,1
tx,5368,44.074656000,44.074656000,0.000000000,1,1
rx,5368,44.074656000,44.074896334,0.000240334,1,1
tx,5369,44.082848000,44.082848000,0.000000000,1,1
rx,5369,44.082848000,44.083088334,0.000240334,1,1
tx,5370,44.091040000,44.091040000,0.000000000,1,1
rx,5370,44.091040000,44.091280334,0.000240334,1,1
tx,5371,44.099232000,44.099232000,0.000000000,1,1
rx,5371,44.099232000,44.099472334,0.000240334,1,1
tx,5372,44.107424000,44.107424000,0.000000000,1,1
rx,5372,44.107424000,44.107664334,0.000240334,1,1
tx,5373,44.115616000,44.115616000,0.000000000,1,1
rx,5373,44.115616000,44.115856334,0.000240334,1,1
tx,5374,44.123808000,44.123808000,0.000000000,1,1
rx,5374,44.123808000,44.124048334,0.000240334,1,1
tx,5375,44.132000000,44.132000000,0.000000000,1,1
rx,5375,44.132000000,44.132240334,0.000240334,1,1
tx,5376,44.140192000,44.140192000,0.000000000,1,1
rx,5376,44.140192000,44.140432334,0.000240334,1,1
tx,5377,44.148384000,44.148384000,0.000000000,1,1
rx,5377,44.148384000,44.148624334,0.000240334,1,1
tx,5378,44.156576000,44.156576000,0.000000000,1,1
rx,5378,44.156576000,44.156816334,0.000240334,1,1
tx,5379,44.164768000,44.164768000,0.000000000,1,1
rx,5379,44.164768000,44.165008334,0.000240334,1,1
tx,5380,44.172960000,44.172960000,0.000000000,1,1
rx,5380,44.172960000,44.173200334,0.000240334,1,1
tx,5381,44.181152000,44.181152000,0.000000000,1,1
rx,5381,44.181152000,44.181392334,0.000240334,1,1
tx,5382,44.189344000,44.189344000,0.000000000,1,1
rx,5382,44.189344000,44.189584334,0.000240334,1,1
tx,5383,44.197536000,44.197536000,0.000000000,1,1
rx,5383,44.197536000,44.197776334,0.000240334,1,1
tx,5384,44.205728000,44.205728000,0.000000000,1,1
rx,5384,44.205728000,44.205968334,0.000240334,1,1
tx,5385,44.213920000,44.213920000,0.000000000,1,1
rx,5385,44.213920000,44.214160334,0.000240334,1,1
tx,5386,44.222112000,44.222112000,0.000000000,1,1
rx,5386,44.222112000,44.222352334,0.000240334,1,1
tx,5387,44.230304000,44.230304000,0.000000000,1,1
rx,5387,44.230304000,44.230544334,0.000240334,1,1
tx,5388,44.238496000,44.238496000,0.000000000,1,1
rx,5388,44.238496000,44.238736334,0.000240334,1,1
tx,5389,44.246688000,44.246688000,0.000000000,1,1
rx,5389,44.246688000,44.246928334,0.000240334,1,1
tx,5390,44.254880000,44.254880000,0.000000000,1,1
rx,5390,44.254880000,44.255120334,0.000240334,1,1
tx,5391,44.263072000,44.263072000,0.000000000,1,1
rx,5391,44.263072000,44.263312334,0.000240334,1,1
tx,5392,44.271264000,44.271264000,0.000000000,1,1
rx,5392,44.271264000,44.271504334,0.000240334,1,1
tx,5393,44.279456000,44.279456000,0.000000000,1,1
rx,5393,44.279456000,44.279696334,0.000240334,1,1
tx,5394,44.287648000,44.287648000,0.000000000,1,1
rx,5394,44.287648000,44.287888334,0.000240334,1,1
tx,5395,44.295840000,44.295840000,0.000000000,1,1
rx,5395,44.295840000,44.296080334,0.000240334,1,1
tx,5396,44.304032000,44.304032000,0.000000000,1,1
rx,5396,44.304032000,44.304272334,0.000240334,1,1
tx,5397,44.312224000,44.312224000,0.000000000,1,1
rx,5397,44.312224000,44.312464334,0.000240334,1,1
tx,5398,44.320416000,44.320416000,0.000000000,1,1
rx,5398,44.320416000,44.320656334,0.000240334,1,1
tx,5399,44.328608000,44.328608000,0.000000000,1,1
rx,5399,44.328608000,44.328848334,0.000240334,1,1
tx,5400,44.336800000,44.336800000,0.000000000,1,1
rx,5400,44.336800000,44.337040334,0.000240334,1,1
tx,5401,44.344992000,44.344992000,0.000000000,1,1
rx,5401,44.344992000,44.345232334,0.000240334,1,1
tx,5402,44.353184000,44.353184000,0.000000000,1,1
rx,5402,44.353184000,44.353424334,0.000240334,1,1
tx,5403,44.361376000,44.361376000,0.000000000,1,1
rx,5403,44.361376000,44.361616334,0.000240334,1,1
tx,5404,44.369568000,44.369568000,0.000000000,1,1
rx,5404,44.369568000,44.369808334,0.000240334,1,1
tx,5405,44.377760000,44.377760000,0.000000000,1,1
rx,5405,44.377760000,44.378000334,0.000240334,1,1
tx,5406,44.385952000,44.385952000,0.000000000,1,1
rx,5406,44.385952000,44.386192334,0.000240334,1,1
tx,5407,44.394144000,44.394144000,0.000000000,1,1
rx,5407,44.394144000,44.394384334,0.000240334,1,1
tx,5408,44.402336000,44.402336000,0.000000000,1,1
rx,5408,44.402336000,44.402576334,0.000240334,1,1
tx,5409,44.410528000,44.410528000,0.000000000,1,1
rx,5409,44.410528000,44.410768334,0.000240334,1,1
tx,5410,44.418720000,44.418720000,0.000000000,1,1
rx,5410,44.418720000,44.418960334,0.000240334,1,1
tx,5411,44.426912000,44.426912000,0.000000000,1,1
rx,5411,44.426912000,44.427152334,0.000240334,1,1
tx,5412,44.435104000,44.435104000,0.000000000,1,1
rx,5412,44.435104000,44.435344334,0.000240334,1,1
tx,5413,44.443296000,44.443296000,0.000000000,1,1
rx,5413,44.443296000,44.443536334,0.000240334,1,1
tx,5414,44.451488000,44.451488000,0.000000000,1,1
rx,5414,44.451488000,44.451728334,0.000240334,1,1
tx,5415,44.459680000,44.459680000,0.000000000,1,1
rx,5415,44.459680000,44.459920334,0.000240334,1,1
tx,5416,44.467872000,44.467872000,0.000000000,1,1
rx,5416,44.467872000,44.468112334,0.000240334,1,1
tx,5417,44.476064000,44.476064000,0.000000000,1,1
rx,5417,44.476064000,44.476304334,0.000240334,1,1
tx,5418,44.484256000,44.484256000,0.000000000,1,1
rx,5418,44.484256000,44.484496334,0.000240334,1,1
tx,5419,44.492448000,44.492448000,0.000000000,1,1
rx,5419,44.492448000,44.492688334,0.000240334,1,1
tx,5420,44.500640000,44.500640000,0.000000000,1,1
rx,5420,44.500640000,44.500880334,0.000240334,1,1
tx,5421,44.508832000,44.508832000,0.000000000,1,1
rx,5421,44.508832000,44.509072334,0.000240334,1,1
tx,5422,44.517024000,44.517024000,0.000000000,1,1
rx,5422,44.517024000,44.517264334,0.000240334,1,1
tx,5423,44.525216000,44.525216000,0.000000000,1,1
rx,5423,44.525216000,44.525456334,0.000240334,1,1
tx,5424,44.533408000,44.533408000,0.000000000,1,1
rx,5424,44.533408000,44.533648334,0.000240334,1,1
tx,5425,44.541600000,44.541600000,0.000000000,1,1
rx,5425,44.541600000,44.541840334,0.000240334,1,1
tx,5426,44.549792000,44.549792000,0.000000000,1,1
rx,5426,44.549792000,44.550032334,0.000240334,1,1
tx,5427,44.557984000,44.557984000,0.000000000,1,1
rx,5427,44.557984000,44.558224334,0.000240334,1,1
tx,5428,44.566176000,44.566176000,0.000000000,1,1
rx,5428,44.566176000,44.566416334,0.000240334,1,1
tx,5429,44.574368000,44.574368000,0.000000000,1,1
rx,5429,44.574368000,44.574608334,0.000240334,1,1
tx,5430,44.582560000,44.582560000,0.000000000,1,1
rx,5430,44.582560000,44.582800334,0.000240334,1,1
tx,5431,44.590752000,44.590752000,0.000000000,1,1
rx,5431,44.590752000,44.590992334,0.000240334,1,1
tx,5432,44.598944000,44.598944000,0.000000000,1,1
rx,5432,44.598944000,44.599184334,0.000240334,1,1
tx,5433,44.607136000,44.607136000,0.000000000,1,1
rx,5433,44.607136000,44.607376334,0.000240334,1,1
tx,5434,44.615328000,44.615328000,0.000000000,1,1
rx,5434,44.615328000,44.615568334,0.000240334,1,1
tx,5435,44.623520000,44.623520000,0.000000000,1,1
rx,5435,44.623520000,44.623760334,0.000240334,1,1
tx,5436,44.631712000,44.631712000,0.000000000,1,1
rx,5436,44.631712000,44.631952334,0.000240334,1,1
tx,5437,44.639904000,44.639904000,0.000000000,1,1
rx,5437,44.639904000,44.640144334,0.000240334,1,1
tx,5438,44.648096000,44.648096000,0.000000000,1,1
rx,5438,44.648096000,44.648336334,0.000240334,1,1
tx,5439,44.656288000,44.656288000,0.000000000,1,1
rx,5439,44.656288000,44.656528334,0.000240334,1,1
tx,5440,44.664480000,44.664480000,0.000000000,1,1
rx,5440,44.664480000,44.664720334,0.000240334,1,1
tx,5441,44.672672000,44.672672000,0.000000000,1,1
rx,5441,44.672672000,44.672912334,0.000240334,1,1
tx,5442,44.680864000,44.680864000,0.000000000,1,1
rx,5442,44.680864000,44.681104334,0.000240334,1,1
tx,5443,44.689056000,44.689056000,0.000000000,1,1
rx,5443,44.689056000,44.689296334,0.000240334,1,1
tx,5444,44.697248000,44.697248000,0.000000000,1,1
rx,5444,44.697248000,44.697488334,0.000240334,1,1
tx,5445,44.705440000,44.705440000,0.000000000,1,1
rx,5445,44.705440000,44.705680334,0.000240334,1,1
tx,5446,44.713632000,44.713632000,0.000000000,1,1
rx,5446,44.713632000,44.713872334,0.000240334,1,1
tx,5447,44.721824000,44.721824000,0.000000000,1,1
rx,5447,44.721824000,44.722064334,0.000240334,1,1
tx,5448,44.730016000,44.730016000,0.000000000,1,1
rx,5448,44.730016000,44.730256334,0.000240334,1,1
tx,5449,44.738208000,44.738208000,0.000000000,1,1
rx,5449,44.738208000,44.738448334,0.000240334,1,1
tx,5450,44.746400000,44.746400000,0.000000000,1,1
rx,5450,44.746400000,44.746640334,0.000240334,1,1
tx,5451,44.754592000,44.754592000,0.000000000,1,1
rx,5451,44.754592000,44.754832334,0.000240334,1,1
tx,5452,44.762784000,44.762784000,0.000000000,1,1
rx,5452,44.762784000,44.763024334,0.000240334,1,1
tx,5453,44.770976000,44.770976000,0.000000000,1,1
rx,5453,44.770976000,44.771216334,0.000240334,1,1
tx,5454,44.779168000,44.779168000,0.000000000,1,1
rx,5454,44.779168000,44.779408334,0.000240334,1,1
tx,5455,44.787360000,44.787360000,0.000000000,1,1
rx,5455,44.787360000,44.787600334,0.000240334,1,1
tx,5456,44.795552000,44.795552000,0.000000000,1,1
rx,5456,44.795552000,44.795792334,0.000240334,1,1
tx,5457,44.803744000,44.803744000,0.000000000,1,1
rx,5457,44.803744000,44.803984334,0.000240334,1,1
tx,5458,44.811936000,44.811936000,0.000000000,1,1
rx,5458,44.811936000,44.812176334,0.000240334,1,1
tx,5459,44.820128000,44.820128000,0.000000000,1,1
rx,5459,44.820128000,44.820368334,0.000240334,1,1
tx,5460,44.828320000,44.828320000,0.000000000,1,1
rx,5460,44.828320000,44.828560334,0.000240334,1,1
tx,5461,44.836512000,44.836512000,0.000000000,1,1
rx,5461,44.836512000,44.836752334,0.000240334,1,1
tx,5462,44.844704000,44.844704000,0.000000000,1,1
rx,5462,44.844704000,44.844944334,0.000240334,1,1
tx,5463,44.852896000,44.852896000,0.000000000,1,1
rx,5463,44.852896000,44.853136334,0.000240334,1,1
tx,5464,44.861088000,44.861088000,0.000000000,1,1
rx,5464,44.861088000,44.861328334,0.000240334,1,1
tx,5465,44.869280000,44.869280000,0.000000000,1,1
rx,5465,44.869280000,44.869520334,0.000240334,1,1
tx,5466,44.877472000,44.877472000,0.000000000,1,1
rx,5466,44.877472000,44.877712334,0.000240334,1,1
tx,5467,44.885664000,44.885664000,0.000000000,1,1
rx,5467,44.885664000,44.885904334,0.000240334,1,1
tx,5468,44.893856000,44.893856000,0.000000000,1,1
rx,5468,44.893856000,44.894096334,0.000240334,1,1
tx,5469,44.902048000,44.902048000,0.000000000,1,1
rx,5469,44.902048000,44.902288334,0.000240334,1,1
tx,5470,44.910240000,44.910240000,0.000000000,1,1
rx,5470,44.910240000,44.910480334,0.000240334,1,1
tx,5471,44.918432000,44.918432000,0.000000000,1,1
rx,5471,44.918432000,44.918672334,0.000240334,1,1
tx,5472,44.926624000,44.926624000,0.000000000,1,1
rx,5472,44.926624000,44.926864334,0.000240334,1,1
tx,5473,44.934816000,44.934816000,0.000000000,1,1
rx,5473,44.934816000,44.935056334,0.000240334,1,1
tx,5474,44.943008000,44.943008000,0.000000000,1,1
rx,5474,44.943008000,44.943248334,0.000240334,1,1
tx,5475,44.951200000,44.951200000,0.000000000,1,1
rx,5475,44.951200000,44.951440334,0.000240334,1,1
tx,5476,44.959392000,44.959392000,0.000000000,1,1
rx,5476,44.959392000,44.959632334,0.000240334,1,1
tx,5477,44.967584000,44.967584000,0.000000000,1,1
rx,5477,44.967584000,44.967824334,0.000240334,1,1
tx,5478,44.975776000,44.975776000,0.000000000,1,1
rx,5478,44.975776000,44.976016334,0.000240334,1,1
tx,5479,44.983968000,44.983968000,0.000000000,1,1
rx,5479,44.983968000,44.984208334,0.000240334,1,1
tx,5480,44.992160000,44.992160000,0.000000000,1,1
rx,5480,44.992160000,44.992400334,0.000240334,1,1
tx,5481,45.000352000,45.000352000,0.000000000,0,0
tx,5482,45.008544000,45.008544000,0.000000000,0,0
tx,5483,45.016736000,45.016736000,0.000000000,0,0
tx,5484,45.024928000,45.024928000,0.000000000,0,0
tx,5485,45.033120000,45.033120000,0.000000000,0,0
tx,5486,45.041312000,45.041312000,0.000000000,0,0
tx,5487,45.049504000,45.049504000,0.000000000,0,0
tx,5488,45.057696000,45.057696000,0.000000000,0,0
tx,5489,45.065888000,45.065888000,0.000000000,0,0
tx,5490,45.074080000,45.074080000,0.000000000,0,0
tx,5491,45.082272000,45.082272000,0.000000000,0,0
tx,5492,45.090464000,45.090464000,0.000000000,0,0
tx,5493,45.098656000,45.098656000,0.000000000,0,0
tx,5494,45.106848000,45.106848000,0.000000000,0,0
tx,5495,45.115040000,45.115040000,0.000000000,0,0
tx,5496,45.123232000,45.123232000,0.000000000,0,0
tx,5497,45.131424000,45.131424000,0.000000000,0,0
tx,5498,45.139616000,45.139616000,0.000000000,0,0
tx,5499,45.147808000,45.147808000,0.000000000,0,0
tx,5500,45.156000000,45.156000000,0.000000000,0,0
tx,5501,45.164192000,45.164192000,0.000000000,0,0
tx,5502,45.172384000,45.172384000,0.000000000,0,0
tx,5503,45.180576000,45.180576000,0.000000000,0,0
tx,5504,45.188768000,45.188768000,0.000000000,0,0
tx,5505,45.196960000,45.196960000,0.000000000,0,0
tx,5506,45.205152000,45.205152000,0.000000000,0,0
tx,5507,45.213344000,45.213344000,0.000000000,0,0
tx,5508,45.221536000,45.221536000,0.000000000,0,0
tx,5509,45.229728000,45.229728000,0.000000000,0,0
tx,5510,45.237920000,45.237920000,0.000000000,0,0
tx,5511,45.246112000,45.246112000,0.000000000,0,0
tx,5512,45.254304000,45.254304000,0.000000000,0,0
tx,5513,45.262496000,45.262496000,0.000000000,0,0
tx,5514,45.270688000,45.270688000,0.000000000,0,0
tx,5515,45.278880000,45.278880000,0.000000000,0,0
tx,5516,45.287072000,45.287072000,0.000000000,0,0
tx,5517,45.295264000,45.295264000,0.000000000,0,0
tx,5518,45.303456000,45.303456000,0.000000000,0,0
tx,5519,45.311648000,45.311648000,0.000000000,0,0
tx,5520,45.319840000,45.319840000,0.000000000,0,0
tx,5521,45.328032000,45.328032000,0.000000000,0,0
tx,5522,45.336224000,45.336224000,0.000000000,0,0
tx,5523,45.344416000,45.344416000,0.000000000,0,0
tx,5524,45.352608000,45.352608000,0.000000000,0,0
tx,5525,45.360800000,45.360800000,0.000000000,0,0
tx,5526,45.368992000,45.368992000,0.000000000,0,0
tx,5527,45.377184000,45.377184000,0.000000000,0,0
tx,5528,45.385376000,45.385376000,0.000000000,0,0
tx,5529,45.393568000,45.393568000,0.000000000,0,0
tx,5530,45.401760000,45.401760000,0.000000000,0,0
tx,5531,45.409952000,45.409952000,0.000000000,0,0
tx,5532,45.418144000,45.418144000,0.000000000,0,0
tx,5533,45.426336000,45.426336000,0.000000000,0,0
tx,5534,45.434528000,45.434528000,0.000000000,0,0
tx,5535,45.442720000,45.442720000,0.000000000,0,0
tx,5536,45.450912000,45.450912000,0.000000000,0,0
tx,5537,45.459104000,45.459104000,0.000000000,0,0
tx,5538,45.467296000,45.467296000,0.000000000,0,0
tx,5539,45.475488000,45.475488000,0.000000000,0,0
tx,5540,45.483680000,45.483680000,0.000000000,0,0
tx,5541,45.491872000,45.491872000,0.000000000,0,0
tx,5542,45.500064000,45.500064000,0.000000000,0,0
tx,5543,45.508256000,45.508256000,0.000000000,0,0
tx,5544,45.516448000,45.516448000,0.000000000,0,0
tx,5545,45.524640000,45.524640000,0.000000000,0,0
tx,5546,45.532832000,45.532832000,0.000000000,0,0
tx,5547,45.541024000,45.541024000,0.000000000,0,0
tx,5548,45.549216000,45.549216000,0.000000000,0,0
tx,5549,45.557408000,45.557408000,0.000000000,0,0
tx,5550,45.565600000,45.565600000,0.000000000,0,0
tx,5551,45.573792000,45.573792000,0.000000000,0,0
tx,5552,45.581984000,45.581984000,0.000000000,0,0
tx,5553,45.590176000,45.590176000,0.000000000,0,0
tx,5554,45.598368000,45.598368000,0.000000000,0,0
tx,5555,45.606560000,45.606560000,0.000000000,0,0
tx,5556,45.614752000,45.614752000,0.000000000,0,0
tx,5557,45.622944000,45.622944000,0.000000000,0,0
tx,5558,45.631136000,45.631136000,0.000000000,0,0
tx,5559,45.639328000,45.639328000,0.000000000,0,0
tx,5560,45.647520000,45.647520000,0.000000000,0,0
tx,5561,45.655712000,45.655712000,0.000000000,0,0
tx,5562,45.663904000,45.663904000,0.000000000,0,0
tx,5563,45.672096000,45.672096000,0.000000000,0,0
tx,5564,45.680288000,45.680288000,0.000000000,0,0
tx,5565,45.688480000,45.688480000,0.000000000,0,0
tx,5566,45.696672000,45.696672000,0.000000000,0,0
tx,5567,45.704864000,45.704864000,0.000000000,0,0
tx,5568,45.713056000,45.713056000,0.000000000,0,0
tx,5569,45.721248000,45.721248000,0.000000000,0,0
tx,5570,45.729440000,45.729440000,0.000000000,0,0
tx,5571,45.737632000,45.737632000,0.000000000,0,0
tx,5572,45.745824000,45.745824000,0.000000000,0,0
tx,5573,45.754016000,45.754016000,0.000000000,0,0
tx,5574,45.762208000,45.762208000,0.000000000,0,0
tx,5575,45.770400000,45.770400000,0.000000000,0,0
tx,5576,45.778592000,45.778592000,0.000000000,0,0
tx,5577,45.786784000,45.786784000,0.000000000,0,0
tx,5578,45.794976000,45.794976000,0.000000000,0,0
tx,5579,45.803168000,45.803168000,0.000000000,0,0
tx,5580,45.811360000,45.811360000,0.000000000,0,0
tx,5581,45.819552000,45.819552000,0.000000000,0,0
tx,5582,45.827744000,45.827744000,0.000000000,0,0
tx,5583,45.835936000,45.835936000,0.000000000,0,0
tx,5584,45.844128000,45.844128000,0.000000000,0,0
tx,5585,45.852320000,45.852320000,0.000000000,0,0
tx,5586,45.860512000,45.860512000,0.000000000,0,0
tx,5587,45.868704000,45.868704000,0.000000000,0,0
tx,5588,45.876896000,45.876896000,0.000000000,0,0
tx,5589,45.885088000,45.885088000,0.000000000,0,0
tx,5590,45.893280000,45.893280000,0.000000000,0,0
tx,5591,45.901472000,45.901472000,0.000000000,0,0
tx,5592,45.909664000,45.909664000,0.000000000,0,0
tx,5593,45.917856000,45.917856000,0.000000000,0,0
tx,5594,45.926048000,45.926048000,0.000000000,0,0
tx,5595,45.934240000,45.934240000,0.000000000,0,0
tx,5596,45.942432000,45.942432000,0.000000000,0,0
tx,5597,45.950624000,45.950624000,0.000000000,0,0
tx,5598,45.958816000,45.958816000,0.000000000,0,0
tx,5599,45.967008000,45.967008000,0.000000000,0,0
tx,5600,45.975200000,45.975200000,0.000000000,0,0
tx,5601,45.983392000,45.983392000,0.000000000,0,0
tx,5602,45.991584000,45.991584000,0.000000000,0,0
tx,5603,45.999776000,45.999776000,0.000000000,0,0
tx,5604,46.007968000,46.007968000,0.000000000,1,1
rx,5543,45.508256000,46.014264334,0.506008334,1,1
rx,5544,45.516448000,46.015059002,0.498611002,1,1
rx,5545,45.524640000,46.015403670,0.490763670,1,1
rx,5546,45.532832000,46.015888338,0.483056338,1,1
tx,5605,46.016160000,46.016160000,0.000000000,1,1
rx,5547,45.541024000,46.016453006,0.475429006,1,1
rx,5548,45.549216000,46.016737674,0.467521674,1,1
rx,5549,45.557408000,46.017322342,0.459914342,1,1
rx,5550,45.565600000,46.017707010,0.452107010,1,1
rx,5551,45.573792000,46.018111678,0.444319678,1,1
rx,5552,45.581984000,46.018576346,0.436592346,1,1
rx,5553,45.590176000,46.018941014,0.428765014,1,1
rx,5554,45.598368000,46.019465682,0.421097682,1,1
rx,5555,45.606560000,46.019750350,0.413190350,1,1
rx,5556,45.614752000,46.020295018,0.405543018,1,1
rx,5557,45.622944000,46.020699686,0.397755686,1,1
rx,5558,45.631136000,46.021284354,0.390148354,1,1
rx,5559,45.639328000,46.021609022,0.382281022,1,1
rx,5560,45.647520000,46.022173690,0.374653690,1,1
rx,5561,45.655712000,46.022638358,0.366926358,1,1
rx,5562,45.663904000,46.023223026,0.359319026,1,1
rx,5563,45.672096000,46.023687694,0.351591694,1,1
rx,5564,45.680288000,46.024232362,0.343944362,1,1
tx,5606,46.024352000,46.024352000,0.000000000,1,1
rx,5565,45.688480000,46.024737030,0.336257030,1,1
rx,5566,45.696672000,46.025261698,0.328589698,1,1
rx,5567,45.704864000,46.025746366,0.320882366,1,1
rx,5568,45.713056000,46.026051034,0.312995034,1,1
rx,5569,45.721248000,46.026475702,0.305227702,1,1
rx,5570,45.729440000,46.026880370,0.297440370,1,1
rx,5571,45.737632000,46.027265038,0.289633038,1,1
rx,5572,45.745824000,46.027769706,0.281945706,1,1
rx,5573,45.754016000,46.028134374,0.274118374,1,1
rx,5574,45.762208000,46.028679042,0.266471042,1,1
rx,5575,45.770400000,46.029003710,0.258603710,1,1
rx,5576,45.778592000,46.029288378,0.250696378,1,1
rx,5577,45.786784000,46.029813046,0.243029046,1,1
rx,5578,45.794976000,46.030117714,0.235141714,1,1
rx,5579,45.803168000,46.030522382,0.227354382,1,1
rx,5580,45.811360000,46.030867050,0.219507050,1,1
rx,5581,45.819552000,46.031231718,0.211679718,1,1
rx,5582,45.827744000,46.031656386,0.203912386,1,1
rx,5583,45.835936000,46.032001054,0.196065054,1,1
rx,5584,45.844128000,46.032485722,0.188357722,1,1
tx,5607,46.032544000,46.032544000,0.000000000,1,1
rx,5585,45.852320000,46.032810390,0.180490390,1,1
rx,5586,45.860512000,46.033115058,0.172603058,1,1
rx,5587,45.868704000,46.033479726,0.164775726,1,1
rx,5588,45.876896000,46.033944394,0.157048394,1,1
rx,5589,45.885088000,46.034449062,0.149361062,1,1
rx,5590,45.893280000,46.034913730,0.141633730,1,1
rx,5591,45.901472000,46.035318398,0.133846398,1,1
rx,5592,45.909664000,46.035843066,0.126179066,1,1
rx,5593,45.917856000,46.036127734,0.118271734,1,1
rx,5594,45.926048000,46.036672402,0.110624402,1,1
rx,5595,45.934240000,46.037237070,0.102997070,1,1
rx,5596,45.942432000,46.037761738,0.095329738,1,1
rx,5597,45.950624000,46.038146406,0.087522406,1,1
rx,5598,45.958816000,46.038631074,0.079815074,1,1
rx,5599,45.967008000,46.038975742,0.071967742,1,1
rx,5600,45.975200000,46.039260410,0.064060410,1,1
rx,5601,45.983392000,46.039685078,0.056293078,1,1
rx,5602,45.991584000,46.040149746,0.048565746,1,1
rx,5603,45.999776000,46.040634414,0.040858414,1,1
tx,5608,46.040736000,46.040736000,0.000000000,1,1
rx,5604,46.007968000,46.040979082,0.033011082,1,1
rx,5605,46.016160000,46.041343750,0.025183750,1,1
rx,5606,46.024352000,46.041788418,0.017436418,1,1
rx,5607,46.032544000,46.042313086,0.009769086,1,1
rx,5608,46.040736000,46.042777754,0.002041754,1,1
tx,5609,46.048928000,46.048928000,0.000000000,1,1
rx,5609,46.048928000,46.049168334,0.000240334,1,1
tx,5610,46.057120000,46.057120000,0.000000000,1,1
rx,5610,46.057120000,46.057360334,0.000240334,1,1
tx,5611,46.065312000,46.065312000,0.000000000,1,1
rx,5611,46.065312000,46.065552334,0.000240334,1,1
tx,5612,46.073504000,46.073504000,0.000000000,1,1
rx,5612,46.073504000,46.073744334,0.000240334,1,1
tx,5613,46.081696000,46.081696000,0.000000000,1,1
rx,5613,46.081696000,46.081936334,0.000240334,1,1
tx,5614,46.089888000,46.089888000,0.000000000,1,1
rx,5614,46.089888000,46.090128334,0.000240334,1,1
tx,5615,46.098080000,46.098080000,0.000000000,1,1
rx,5615,46.098080000,46.098320334,0.000240334,1,1
tx,5616,46.106272000,46.106272000,0.000000000,1,1
rx,5616,46.106272000,46.106512334,0.000240334,1,1
tx,5617,46.114464000,46.114464000,0.000000000,1,1
rx,5617,46.114464000,46.114704334,0.000240334,1,1
tx,5618,46.122656000,46.122656000,0.000000000,1,1
rx,5618,46.122656000,46.122896334,0.000240334,1,1
tx,5619,46.130848000,46.130848000,0.000000000,1,1
rx,5619,46.130848000,46.131088334,0.000240334,1,1
tx,5620,46.139040000,46.139040000,0.000000000,1,1
rx,5620,46.139040000,46.139280334,0.000240334,1,1
tx,5621,46.147232000,46.147232000,0.000000000,1,1
rx,5621,46.147232000,46.147472334,0.000240334,1,1
tx,5622,46.155424000,46.155424000,0.000000000,1,1
rx,5622,46.155424000,46.155664334,0.000240334,1,1
tx,5623,46.163616000,46.163616000,0.000000000,1,1
rx,5623,46.163616000,46.163856334,0.000240334,1,1
tx,5624,46.171808000,46.171808000,0.000000000,1,1
rx,5624,46.171808000,46.172048334,0.000240334,1,1
tx,5625,46.180000000,46.180000000,0.000000000,1,1
rx,5625,46.180000000,46.180240334,0.000240334,1,1
tx,5626,46.188192000,46.188192000,0.000000000,1,1
rx,5626,46.188192000,46.188432334,0.000240334,1,1
tx,5627,46.196384000,46.196384000,0.000000000,1,1
rx,5627,46.196384000,46.196624334,0.000240334,1,1
tx,5628,46.204576000,46.204576000,0.000000000,1,1
rx,5628,46.204576000,46.204816334,0.000240334,1,1
tx,5629,46.212768000,46.212768000,0.000000000,1,1
rx,5629,46.212768000,46.213008334,0.000240334,1,1
tx,5630,46.220960000,46.220960000,0.000000000,1,1
rx,5630,46.220960000,46.221200334,0.000240334,1,1
tx,5631,46.229152000,46.229152000,0.000000000,1,1
rx,5631,46.229152000,46.229392334,0.000240334,1,1
tx,5632,46.237344000,46.237344000,0.000000000,1,1
rx,5632,46.237344000,46.237584334,0.000240334,1,1
tx,5633,46.245536000,46.245536000,0.000000000,1,1
rx,5633,46.245536000,46.245776334,0.000240334,1,1
tx,5634,46.253728000,46.253728000,0.000000000,1,1
rx,5634,46.253728000,46.253968334,0.000240334,1,1
tx,5635,46.261920000,46.261920000,0.000000000,1,1
rx,5635,46.261920000,46.262160334,0.000240334,1,1
tx,5636,46.270112000,46.270112000,0.000000000,1,1
rx,5636,46.270112000,46.270352334,0.000240334,1,1
tx,5637,46.278304000,46.278304000,0.000000000,1,1
rx,5637,46.278304000,46.278544334,0.000240334,1,1
tx,5638,46.286496000,46.286496000,0.000000000,1,1
rx,5638,46.286496000,46.286736334,0.000240334,1,1
tx,5639,46.294688000,46.294688000,0.000000000,1,1
rx,5639,46.294688000,46.294928334,0.000240334,1,1
tx,5640,46.302880000,46.302880000,0.000000000,1,1
rx,5640,46.302880000,46.303120334,0.000240334,1,1
tx,5641,46.311072000,46.311072000,0.000000000,1,1
rx,5641,46.311072000,46.311312334,0.000240334,1,1
tx,5642,46.319264000,46.319264000,0.000000000,1,1
rx,5642,46.319264000,46.319504334,0.000240334,1,1
tx,5643,46.327456000,46.327456000,0.000000000,1,1
rx,5643,46.327456000,46.327696334,0.000240334,1,1
tx,5644,46.335648000,46.335648000,0.000000000,1,1
rx,5644,46.335648000,46.335888334,0.000240334,1,1
tx,5645,46.343840000,46.343840000,0.000000000,1,1
rx,5645,46.343840000,46.344080334,0.000240334,1,1
tx,5646,46.352032000,46.352032000,0.000000000,1,1
rx,5646,46.352032000,46.352272334,0.000240334,1,1
tx,5647,46.360224000,46.360224000,0.000000000,1,1
rx,5647,46.360224000,46.360464334,0.000240334,1,1
tx,5648,46.368416000,46.368416000,0.000000000,1,1
rx,5648,46.368416000,46.368656334,0.000240334,1,1
tx,5649,46.376608000,46.376608000,0.000000000,1,1
rx,5649,46.376608000,46.376848334,0.000240334,1,1
tx,5650,46.384800000,46.384800000,0.000000000,1,1
rx,5650,46.384800000,46.385040334,0.000240334,1,1
tx,5651,46.392992000,46.392992000,0.000000000,1,1
rx,5651,46.392992000,46.393232334,0.000240334,1,1
tx,5652,46.401184000,46.401184000,0.000000000,1,1
rx,5652,46.401184000,46.401424334,0.000240334,1,1
tx,5653,46.409376000,46.409376000,0.000000000,1,1
rx,5653,46.409376000,46.409616334,0.000240334,1,1
tx,5654,46.417568000,46.417568000,0.000000000,1,1
rx,5654,46.417568000,46.417808334,0.000240334,1,1
tx,5655,46.425760000,46.425760000,0.000000000,1,1
rx,5655,46.425760000,46.426000334,0.000240334,1,1
tx,5656,46.433952000,46.433952000,0.000000000,1,1
rx,5656,46.433952000,46.434192334,0.000240334,1,1
tx,5657,46.442144000,46.442144000,0.000000000,1,1
rx,5657,46.442144000,46.442384334,0.000240334,1,1
tx,5658,46.450336000,46.450336000,0.000000000,1,1
rx,5658,46.450336000,46.450576334,0.000240334,1,1
tx,5659,46.458528000,46.458528000,0.000000000,1,1
rx,5659,46.458528000,46.458768334,0.000240334,1,1
tx,5660,46.466720000,46.466720000,0.000000000,1,1
rx,5660,46.466720000,46.466960334,0.000240334,1,1
tx,5661,46.474912000,46.474912000,0.000000000,1,1
rx,5661,46.474912000,46.475152334,0.000240334,1,1
tx,5662,46.483104000,46.483104000,0.000000000,1,1
rx,5662,46.483104000,46.483344334,0.000240334,1,1
tx,5663,46.491296000,46.491296000,0.000000000,1,1
rx,5663,46.491296000,46.491536334,0.000240334,1,1
tx,5664,46.499488000,46.499488000,0.000000000,1,1
rx,5664,46.499488000,46.499728334,0.000240334,1,1
tx,5665,46.507680000,46.507680000,0.000000000,1,1
rx,5665,46.507680000,46.507920334,0.000240334,1,1
tx,5666,46.515872000,46.515872000,0.000000000,1,1
rx,5666,46.515872000,46.516112334,0.000240334,1,1
tx,5667,46.524064000,46.524064000,0.000000000,1,1
rx,5667,46.524064000,46.524304334,0.000240334,1,1
tx,5668,46.532256000,46.532256000,0.000000000,1,1
rx,5668,46.532256000,46.532496334,0.000240334,1,1
tx,5669,46.540448000,46.540448000,0.000000000,1,1
rx,5669,46.540448000,46.540688334,0.000240334,1,1
tx,5670,46.548640000,46.548640000,0.000000000,1,1
rx,5670,46.548640000,46.548880334,0.000240334,1,1
tx,5671,46.556832000,46.556832000,0.000000000,1,1
rx,5671,46.556832000,46.557072334,0.000240334,1,1
tx,5672,46.565024000,46.565024000,0.000000000,1,1
rx,5672,46.565024000,46.565264334,0.000240334,1,1
tx,5673,46.573216000,46.573216000,0.000000000,1,1
rx,5673,46.573216000,46.573456334,0.000240334,1,1
tx,5674,46.581408000,46.581408000,0.000000000,1,1
rx,5674,46.581408000,46.581648334,0.000240334,1,1
tx,5675,46.589600000,46.589600000,0.000000000,1,1
rx,5675,46.589600000,46.589840334,0.000240334,1,1
tx,5676,46.597792000,46.597792000,0.000000000,1,1
rx,5676,46.597792000,46.598032334,0.000240334,1,1
tx,5677,46.605984000,46.605984000,0.000000000,1,1
rx,5677,46.605984000,46.606224334,0.000240334,1,1
tx,5678,46.614176000,46.614176000,0.000000000,1,1
rx,5678,46.614176000,46.614416334,0.000240334,1,1
tx,5679,46.622368000,46.622368000,0.000000000,1,1
rx,5679,46.622368000,46.622608334,0.000240334,1,1
tx,5680,46.630560000,46.630560000,0.000000000,1,1
rx,5680,46.630560000,46.630800334,0.000240334,1,1
tx,5681,46.638752000,46.638752000,0.000000000,1,1
rx,5681,46.638752000,46.638992334,0.000240334,1,1
tx,5682,46.646944000,46.646944000,0.000000000,1,1
rx,5682,46.646944000,46.647184334,0.000240334,1,1
tx,5683,46.655136000,46.655136000,0.000000000,1,1
rx,5683,46.655136000,46.655376334,0.000240334,1,1
tx,5684,46.663328000,46.663328000,0.000000000,1,1
rx,5684,46.663328000,46.663568334,0.000240334,1,1
tx,5685,46.671520000,46.671520000,0.000000000,1,1
rx,5685,46.671520000,46.671760334,0.000240334,1,1
tx,5686,46.679712000,46.679712000,0.000000000,1,1
rx,5686,46.679712000,46.679952334,0.000240334,1,1
tx,5687,46.687904000,46.687904000,0.000000000,1,1
rx,5687,46.687904000,46.688144334,0.000240334,1,1
tx,5688,46.696096000,46.696096000,0.000000000,1,1
rx,5688,46.696096000,46.696336334,0.000240334,1,1
tx,5689,46.704288000,46.704288000,0.000000000,1,1
rx,5689,46.704288000,46.704528334,0.000240334,1,1
tx,5690,46.712480000,46.712480000,0.000000000,1,1
rx,5690,46.712480000,46.712720334,0.000240334,1,1
tx,5691,46.720672000,46.720672000,0.000000000,1,1
rx,5691,46.720672000,46.720912334,0.000240334,1,1
tx,5692,46.728864000,46.728864000,0.000000000,1,1
rx,5692,46.728864000,46.729104334,0.000240334,1,1
tx,5693,46.737056000,46.737056000,0.000000000,1,1
rx,5693,46.737056000,46.737296334,0.000240334,1,1
tx,5694,46.745248000,46.745248000,0.000000000,1,1
rx,5694,46.745248000,46.745488334,0.000240334,1,1
tx,5695,46.753440000,46.753440000,0.000000000,1,1
rx,5695,46.753440000,46.753680334,0.000240334,1,1
tx,5696,46.761632000,46.761632000,0.000000000,1,1
rx,5696,46.761632000,46.761872334,0.000240334,1,1
tx,5697,46.769824000,46.769824000,0.000000000,1,1
rx,5697,46.769824000,46.770064334,0.000240334,1,1
tx,5698,46.778016000,46.778016000,0.000000000,1,1
rx,5698,46.778016000,46.778256334,0.000240334,1,1
tx,5699,46.786208000,46.786208000,0.000000000,1,1
rx,5699,46.786208000,46.786448334,0.000240334,1,1
tx,5700,46.794400000,46.794400000,0.000000000,1,1
rx,5700,46.794400000,46.794640334,0.000240334,1,1
tx,5701,46.802592000,46.802592000,0.000000000,1,1
rx,5701,46.802592000,46.802832334,0.000240334,1,1
tx,5702,46.810784000,46.810784000,0.000000000,1,1
rx,5702,46.810784000,46.811024334,0.000240334,1,1
tx,5703,46.818976000,46.818976000,0.000000000,1,1
rx,5703,46.818976000,46.819216334,0.000240334,1,1
tx,5704,46.827168000,46.827168000,0.000000000,1,1
rx,5704,46.827168000,46.827408334,0.000240334,1,1
tx,5705,46.835360000,46.835360000,0.000000000,1,1
rx,5705,46.835360000,46.835600334,0.000240334,1,1
tx,5706,46.843552000,46.843552000,0.000000000,1,1
rx,5706,46.843552000,46.843792334,0.000240334,1,1
tx,5707,46.851744000,46.851744000,0.000000000,1,1
rx,5707,46.851744000,46.851984334,0.000240334,1,1
tx,5708,46.859936000,46.859936000,0.000000000,1,1
rx,5708,46.859936000,46.860176334,0.000240334,1,1
tx,5709,46.868128000,46.868128000,0.000000000,1,1
rx,5709,46.868128000,46.868368334,0.000240334,1,1
tx,5710,46.876320000,46.876320000,0.000000000,1,1
rx,5710,46.876320000,46.876560334,0.000240334,1,1
tx,5711,46.884512000,46.884512000,0.000000000,1,1
rx,5711,46.884512000,46.884752334,0.000240334,1,1
tx,5712,46.892704000,46.892704000,0.000000000,1,1
rx,5712,46.892704000,46.892944334,0.000240334,1,1
tx,5713,46.900896000,46.900896000,0.000000000,1,1
rx,5713,46.900896000,46.901136334,0.000240334,1,1
tx,5714,46.909088000,46.909088000,0.000000000,1,1
rx,5714,46.909088000,46.909328334,0.000240334,1,1
tx,5715,46.917280000,46.917280000,0.000000000,1,1
rx,5715,46.917280000,46.917520334,0.000240334,1,1
tx,5716,46.925472000,46.925472000,0.000000000,1,1
rx,5716,46.925472000,46.925712334,0.000240334,1,1
tx,5717,46.933664000,46.933664000,0.000000000,1,1
rx,5717,46.933664000,46.933904334,0.000240334,1,1
tx,5718,46.941856000,46.941856000,0.000000000,1,1
rx,5718,46.941856000,46.942096334,0.000240334,1,1
tx,5719,46.950048000,46.950048000,0.000000000,1,1
rx,5719,46.950048000,46.950288334,0.000240334,1,1
tx,5720,46.958240000,46.958240000,0.000000000,1,1
rx,5720,46.958240000,46.958480334,0.000240334,1,1
tx,5721,46.966432000,46.966432000,0.000000000,1,1
rx,5721,46.966432000,46.966672334,0.000240334,1,1
tx,5722,46.974624000,46.974624000,0.000000000,1,1
rx,5722,46.974624000,46.974864334,0.000240334,1,1
tx,5723,46.982816000,46.982816000,0.000000000,1,1
rx,5723,46.982816000,46.983056334,0.000240334,1,1
tx,5724,46.991008000,46.991008000,0.000000000,1,1
rx,5724,46.991008000,46.991248334,0.000240334,1,1
tx,5725,46.999200000,46.999200000,0.000000000,1,1
rx,5725,46.999200000,46.999440334,0.000240334,1,1
tx,5726,47.007392000,47.007392000,0.000000000,0,0
tx,5727,47.015584000,47.015584000,0.000000000,0,0
tx,5728,47.023776000,47.023776000,0.000000000,0,0
tx,5729,47.031968000,47.031968000,0.000000000,0,0
tx,5730,47.040160000,47.040160000,0.000000000,0,0
tx,5731,47.048352000,47.048352000,0.000000000,0,0
tx,5732,47.056544000,47.056544000,0.000000000,0,0
tx,5733,47.064736000,47.064736000,0.000000000,0,0
tx,5734,47.072928000,47.072928000,0.000000000,0,0
tx,5735,47.081120000,47.081120000,0.000000000,0,0
tx,5736,47.089312000,47.089312000,0.000000000,0,0
tx,5737,47.097504000,47.097504000,0.000000000,0,0
tx,5738,47.105696000,47.105696000,0.000000000,0,0
tx,5739,47.113888000,47.113888000,0.000000000,0,0
tx,5740,47.122080000,47.122080000,0.000000000,0,0
tx,5741,47.130272000,47.130272000,0.000000000,0,0
tx,5742,47.138464000,47.138464000,0.000000000,0,0
tx,5743,47.146656000,47.146656000,0.000000000,0,0
tx,5744,47.154848000,47.154848000,0.000000000,0,0
tx,5745,47.163040000,47.163040000,0.000000000,0,0
tx,5746,47.171232000,47.171232000,0.000000000,0,0
tx,5747,47.179424000,47.179424000,0.000000000,0,0
tx,5748,47.187616000,47.187616000,0.000000000,0,0
tx,5749,47.195808000,47.195808000,0.000000000,0,0
tx,5750,47.204000000,47.204000000,0.000000000,0,0
tx,5751,47.212192000,47.212192000,0.000000000,0,0
tx,5752,47.220384000,47.220384000,0.000000000,0,0
tx,5753,47.228576000,47.228576000,0.000000000,0,0
tx,5754,47.236768000,47.236768000,0.000000000,0,0
tx,5755,47.244960000,47.244960000,0.000000000,0,0
tx,5756,47.253152000,47.253152000,0.000000000,0,0
tx,5757,47.261344000,47.261344000,0.000000000,0,0
tx,5758,47.269536000,47.269536000,0.000000000,0,0
tx,5759,47.277728000,47.277728000,0.000000000,0,0
tx,5760,47.285920000,47.285920000,0.000000000,0,0
tx,5761,47.294112000,47.294112000,0.000000000,0,0
tx,5762,47.302304000,47.302304000,0.000000000,0,0
tx,5763,47.310496000,47.310496000,0.000000000,0,0
tx,5764,47.318688000,47.318688000,0.000000000,0,0
tx,5765,47.326880000,47.326880000,0.000000000,0,0
tx,5766,47.335072000,47.335072000,0.000000000,0,0
tx,5767,47.343264000,47.343264000,0.000000000,0,0
tx,5768,47.351456000,47.351456000,0.000000000,0,0
tx,5769,47.359648000,47.359648000,0.000000000,0,0
tx,5770,47.367840000,47.367840000,0.000000000,0,0
tx,5771,47.376032000,47.376032000,0.000000000,0,0
tx,5772,47.384224000,47.384224000,0.000000000,0,0
tx,5773,47.392416000,47.392416000,0.000000000,0,0
tx,5774,47.400608000,47.400608000,0.000000000,0,0
tx,5775,47.408800000,47.408800000,0.000000000,0,0
tx,5776,47.416992000,47.416992000,0.000000000,0,0
tx,5777,47.425184000,47.425184000,0.000000000,0,0
tx,5778,47.433376000,47.433376000,0.000000000,0,0
tx,5779,47.441568000,47.441568000,0.000000000,0,0
tx,5780,47.449760000,47.449760000,0.000000000,0,0
tx,5781,47.457952000,47.457952000,0.000000000,0,0
tx,5782,47.466144000,47.466144000,0.000000000,0,0
tx,5783,47.474336000,47.474336000,0.000000000,0,0
tx,5784,47.482528000,47.482528000,0.000000000,0,0
tx,5785,47.490720000,47.490720000,0.000000000,0,0
tx,5786,47.498912000,47.498912000,0.000000000,0,0
tx,5787,47.507104000,47.507104000,0.000000000,0,0
tx,5788,47.515296000,47.515296000,0.000000000,0,0
tx,5789,47.523488000,47.523488000,0.000000000,0,0
tx,5790,47.531680000,47.531680000,0.000000000,0,0
tx,5791,47.539872000,47.539872000,0.000000000,0,0
tx,5792,47.548064000,47.548064000,0.000000000,0,0
tx,5793,47.556256000,47.556256000,0.000000000,0,0
tx,5794,47.564448000,47.564448000,0.000000000,0,0
tx,5795,47.572640000,47.572640000,0.000000000,0,0
tx,5796,47.580832000,47.580832000,0.000000000,0,0
tx,5797,47.589024000,47.589024000,0.000000000,0,0
tx,5798,47.597216000,47.597216000,0.000000000,0,0
tx,5799,47.605408000,47.605408000,0.000000000,0,0
tx,5800,47.613600000,47.613600000,0.000000000,0,0
tx,5801,47.621792000,47.621792000,0.000000000,0,0
tx,5802,47.629984000,47.629984000,0.000000000,0,0
tx,5803,47.638176000,47.638176000,0.000000000,0,0
tx,5804,47.646368000,47.646368000,0.000000000,0,0
tx,5805,47.654560000,47.654560000,0.000000000,0,0
tx,5806,47.662752000,47.662752000,0.000000000,0,0
tx,5807,47.670944000,47.670944000,0.000000000,0,0
tx,5808,47.679136000,47.679136000,0.000000000,0,0
tx,5809,47.687328000,47.687328000,0.000000000,0,0
tx,5810,47.695520000,47.695520000,0.000000000,0,0
tx,5811,47.703712000,47.703712000,0.000000000,0,0
tx,5812,47.711904000,47.711904000,0.000000000,0,0
tx,5813,47.720096000,47.720096000,0.000000000,0,0
tx,5814,47.728288000,47.728288000,0.000000000,0,0
tx,5815,47.736480000,47.736480000,0.000000000,0,0
tx,5816,47.744672000,47.744672000,0.000000000,0,0
tx,5817,47.752864000,47.752864000,0.000000000,0,0
tx,5818,47.761056000,47.761056000,0.000000000,0,0
tx,5819,47.769248000,47.769248000,0.000000000,0,0
tx,5820,47.777440000,47.777440000,0.000000000,0,0
tx,5821,47.785632000,47.785632000,0.000000000,0,0
tx,5822,47.793824000,47.793824000,0.000000000,0,0
tx,5823,47.802016000,47.802016000,0.000000000,0,0
tx,5824,47.810208000,47.810208000,0.000000000,0,0
tx,5825,47.818400000,47.818400000,0.000000000,0,0
tx,5826,47.826592000,47.826592000,0.000000000,0,0
tx,5827,47.834784000,47.834784000,0.000000000,0,0
tx,5828,47.842976000,47.842976000,0.000000000,0,0
tx,5829,47.851168000,47.851168000,0.000000000,0,0
tx,5830,47.859360000,47.859360000,0.000000000,0,0
tx,5831,47.867552000,47.867552000,0.000000000,0,0
tx,5832,47.875744000,47.875744000,0.000000000,0,0
tx,5833,47.883936000,47.883936000,0.000000000,0,0
tx,5834,47.892128000,47.892128000,0.000000000,0,0
tx,5835,47.900320000,47.900320000,0.000000000,0,0
tx,5836,47.908512000,47.908512000,0.000000000,0,0
tx,5837,47.916704000,47.916704000,0.000000000,0,0
tx,5838,47.924896000,47.924896000,0.000000000,0,0
tx,5839,47.933088000,47.933088000,0.000000000,0,0
tx,5840,47.941280000,47.941280000,0.000000000,0,0
tx,5841,47.949472000,47.949472000,0.000000000,0,0
tx,5842,47.957664000,47.957664000,0.000000000,0,0
tx,5843,47.965856000,47.965856000,0.000000000,0,0
tx,5844,47.974048000,47.974048000,0.000000000,0,0
tx,5845,47.982240000,47.982240000,0.000000000,0,0
tx,5846,47.990432000,47.990432000,0.000000000,0,0
tx,5847,47.998624000,47.998624000,0.000000000,0,0
tx,5848,48.006816000,48.006816000,0.000000000,1,1
rx,5787,47.507104000,48.009952334,0.502848334,1,1
rx,5788,47.515296000,48.010807002,0.495511002,1,1
rx,5789,47.523488000,48.011151670,0.487663670,1,1
rx,5790,47.531680000,48.011636338,0.479956338,1,1
rx,5791,47.539872000,48.012181006,0.472309006,1,1
rx,5792,47.548064000,48.012465674,0.464401674,1,1
rx,5793,47.556256000,48.012930342,0.456674342,1,1
rx,5794,47.564448000,48.013395010,0.448947010,1,1
rx,5795,47.572640000,48.013899678,0.441259678,1,1
rx,5796,47.580832000,48.014324346,0.433492346,1,1
rx,5797,47.589024000,48.014889014,0.425865014,1,1
tx,5849,48.015008000,48.015008000,0.000000000,1,1
rx,5798,47.597216000,48.015333682,0.418117682,1,1
rx,5799,47.605408000,48.015838350,0.410430350,1,1
rx,5800,47.613600000,48.016343018,0.402743018,1,1
rx,5801,47.621792000,48.016907686,0.395115686,1,1
rx,5802,47.629984000,48.017432354,0.387448354,1,1
rx,5803,47.638176000,48.017797022,0.379621022,1,1
rx,5804,47.646368000,48.018161690,0.371793690,1,1
rx,5805,47.654560000,48.018706358,0.364146358,1,1
rx,5806,47.662752000,48.019151026,0.356399026,1,1
rx,5807,47.670944000,48.019515694,0.348571694,1,1
rx,5808,47.679136000,48.019820362,0.340684362,1,1
rx,5809,47.687328000,48.020245030,0.332917030,1,1
rx,5810,47.695520000,48.020629698,0.325109698,1,1
rx,5811,47.703712000,48.021034366,0.317322366,1,1
rx,5812,47.711904000,48.021479034,0.309575034,1,1
rx,5813,47.720096000,48.021923702,0.301827702,1,1
rx,5814,47.728288000,48.022428370,0.294140370,1,1
rx,5815,47.736480000,48.022873038,0.286393038,1,1
tx,5850,48.023200000,48.023200000,0.000000000,1,1
rx,5816,47.744672000,48.023297706,0.278625706,1,1
rx,5817,47.752864000,48.023802374,0.270938374,1,1
rx,5818,47.761056000,48.024127042,0.263071042,1,1
rx,5819,47.769248000,48.024691710,0.255443710,1,1
rx,5820,47.777440000,48.025016378,0.247576378,1,1
rx,5821,47.785632000,48.025441046,0.239809046,1,1
rx,5822,47.793824000,48.025805714,0.231981714,1,1
rx,5823,47.802016000,48.026190382,0.224174382,1,1
rx,5824,47.810208000,48.026495050,0.216287050,1,1
rx,5825,47.818400000,48.027039718,0.208639718,1,1
rx,5826,47.826592000,48.027404386,0.200812386,1,1
rx,5827,47.834784000,48.027929054,0.193145054,1,1
rx,5828,47.842976000,48.028293722,0.185317722,1,1
rx,5829,47.851168000,48.028578390,0.177410390,1,1
rx,5830,47.859360000,48.028983058,0.169623058,1,1
rx,5831,47.867552000,48.029387726,0.161835726,1,1
rx,5832,47.875744000,48.029752394,0.154008394,1,1
rx,5833,47.883936000,48.030237062,0.146301062,1,1
rx,5834,47.892128000,48.030761730,0.138633730,1,1
rx,5835,47.900320000,48.031306398,0.130986398,1,1
tx,5851,48.031392000,48.031392000,0.000000000,1,1
rx,5836,47.908512000,48.031731066,0.123219066,1,1
rx,5837,47.916704000,48.032095734,0.115391734,1,1
rx,5838,47.924896000,48.032380402,0.107484402,1,1
rx,5839,47.933088000,48.032925070,0.099837070,1,1
rx,5840,47.941280000,48.033349738,0.092069738,1,1
rx,5841,47.949472000,48.033714406,0.084242406,1,1
rx,5842,47.957664000,48.034039074,0.076375074,1,1
rx,5843,47.965856000,48.034543742,0.068687742,1,1
rx,5844,47.974048000,48.035028410,0.060980410,1,1
rx,5845,47.982240000,48.035453078,0.053213078,1,1
rx,5846,47.990432000,48.035977746,0.045545746,1,1
rx,5847,47.998624000,48.036322414,0.037698414,1,1
rx,5848,48.006816000,48.036727082,0.029911082,1,1
rx,5849,48.015008000,48.037011750,0.022003750,1,1
rx,5850,48.023200000,48.037296418,0.014096418,1,1
rx,5851,48.031392000,48.037621086,0.006229086,1,1
tx,5852,48.039584000,48.039584000,0.000000000,1,1
rx,5852,48.039584000,48.039824334,0.000240334,1,1
tx,5853,48.047776000,48.047776000,0.000000000,1,1
rx,5853,48.047776000,48.048016334,0.000240334,1,1
tx,5854,48.055968000,48.055968000,0.000000000,1,1
rx,5854,48.055968000,48.056208334,0.000240334,1,1
tx,5855,48.064160000,48.064160000,0.000000000,1,1
rx,5855,48.064160000,48.064400334,0.000240334,1,1
tx,5856,48.072352000,48.072352000,0.000000000,1,1
rx,5856,48.072352000,48.072592334,0.000240334,1,1
tx,5857,48.080544000,48.080544000,0.000000000,1,1
rx,5857,48.080544000,48.080784334,0.000240334,1,1
tx,5858,48.088736000,48.088736000,0.000000000,1,1
rx,5858,48.088736000,48.088976334,0.000240334,1,1
tx,5859,48.096928000,48.096928000,0.000000000,1,1
rx,5859,48.096928000,48.097168334,0.000240334,1,1
tx,5860,48.105120000,48.105120000,0.000000000,1,1
rx,5860,48.105120000,48.105360334,0.000240334,1,1
tx,5861,48.113312000,48.113312000,0.000000000,1,1
rx,5861,48.113312000,48.113552334,0.000240334,1,1
tx,5862,48.121504000,48.121504000,0.000000000,1,1
rx,5862,48.121504000,48.121744334,0.000240334,1,1
tx,5863,48.129696000,48.129696000,0.000000000,1,1
rx,5863,48.129696000,48.129936334,0.000240334,1,1
tx,5864,48.137888000,48.137888000,0.000000000,1,1
rx,5864,48.137888000,48.138128334,0.000240334,1,1
tx,5865,48.146080000,48.146080000,0.000000000,1,1
rx,5865,48.146080000,48.146320334,0.000240334,1,1
tx,5866,48.154272000,48.154272000,0.000000000,1,1
rx,5866,48.154272000,48.154512334,0.000240334,1,1
tx,5867,48.162464000,48.162464000,0.000000000,1,1
rx,5867,48.162464000,48.162704334,0.000240334,1,1
tx,5868,48.170656000,48.170656000,0.000000000,1,1
rx,5868,48.170656000,48.170896334,0.000240334,1,1
tx,5869,48.178848000,48.178848000,0.000000000,1,1
rx,5869,48.178848000,48.179088334,0.000240334,1,1
tx,5870,48.187040000,48.187040000,0.000000000,1,1
rx,5870,48.187040000,48.187280334,0.000240334,1,1
tx,5871,48.195232000,48.195232000,0.000000000,1,1
rx,5871,48.195232000,48.195472334,0.000240334,1,1
tx,5872,48.203424000,48.203424000,0.000000000,1,1
rx,5872,48.203424000,48.203664334,0.000240334,1,1
tx,5873,48.211616000,48.211616000,0.000000000,1,1
rx,5873,48.211616000,48.211856334,0.000240334,1,1
tx,5874,48.219808000,48.219808000,0.000000000,1,1
rx,5874,48.219808000,48.220048334,0.000240334,1,1
tx,5875,48.228000000,48.228000000,0.000000000,1,1
rx,5875,48.228000000,48.228240334,0.000240334,1,1
tx,5876,48.236192000,48.236192000,0.000000000,1,1
rx,5876,48.236192000,48.236432334,0.000240334,1,1
tx,5877,48.244384000,48.244384000,0.000000000,1,1
rx,5877,48.244384000,48.244624334,0.000240334,1,1
tx,5878,48.252576000,48.252576000,0.000000000,1,1
rx,5878,48.252576000,48.252816334,0.000240334,1,1
tx,5879,48.260768000,48.260768000,0.000000000,1,1
rx,5879,48.260768000,48.261008334,0.000240334,1,1
tx,5880,48.268960000,48.268960000,0.000000000,1,1
rx,5880,48.268960000,48.269200334,0.000240334,1,1
tx,5881,48.277152000,48.277152000,0.000000000,1,1
rx,5881,48.277152000,48.277392334,0.000240334,1,1
tx,5882,48.285344000,48.285344000,0.000000000,1,1
rx,5882,48.285344000,48.285584334,0.000240334,1,1
tx,5883,48.293536000,48.293536000,0.000000000,1,1
rx,5883,48.293536000,48.293776334,0.000240334,1,1
tx,5884,48.301728000,48.301728000,0.000000000,1,1
rx,5884,48.301728000,48.301968334,0.000240334,1,1
tx,5885,48.309920000,48.309920000,0.000000000,1,1
rx,5885,48.309920000,48.310160334,0.000240334,1,1
tx,5886,48.318112000,48.318112000,0.000000000,1,1
rx,5886,48.318112000,48.318352334,0.000240334,1,1
tx,5887,48.326304000,48.326304000,0.000000000,1,1
rx,5887,48.326304000,48.326544334,0.000240334,1,1
tx,5888,48.334496000,48.334496000,0.000000000,1,1
rx,5888,48.334496000,48.334736334,0.000240334,1,1
tx,5889,48.342688000,48.342688000,0.000000000,1,1
rx,5889,48.342688000,48.342928334,0.000240334,1,1
tx,5890,48.350880000,48.350880000,0.000000000,1,1
rx,5890,48.350880000,48.351120334,0.000240334,1,1
tx,5891,48.359072000,48.359072000,0.000000000,1,1
rx,5891,48.359072000,48.359312334,0.000240334,1,1
tx,5892,48.367264000,48.367264000,0.000000000,1,1
rx,5892,48.367264000,48.367504334,0.000240334,1,1
tx,5893,48.375456000,48.375456000,0.000000000,1,1
rx,5893,48.375456000,48.375696334,0.000240334,1,1
tx,5894,48.383648000,48.383648000,0.000000000,1,1
rx,5894,48.383648000,48.383888334,0.000240334,1,1
tx,5895,48.391840000,48.391840000,0.000000000,1,1
rx,5895,48.391840000,48.392080334,0.000240334,1,1
tx,5896,48.400032000,48.400032000,0.000000000,1,1
rx,5896,48.400032000,48.400272334,0.000240334,1,1
tx,5897,48.408224000,48.408224000,0.000000000,1,1
rx,5897,48.408224000,48.408464334,0.000240334,1,1
tx,5898,48.416416000,48.416416000,0.000000000,1,1
rx,5898,48.416416000,48.416656334,0.000240334,1,1
tx,5899,48.424608000,48.424608000,0.000000000,1,1
rx,5899,48.424608000,48.424848334,0.000240334,1,1
tx,5900,48.432800000,48.432800000,0.000000000,1,1
rx,5900,48.432800000,48.433040334,0.000240334,1,1
tx,5901,48.440992000,48.440992000,0.000000000,1,1
rx,5901,48.440992000,48.441232334,0.000240334,1,1
tx,5902,48.449184000,48.449184000,0.000000000,1,1
rx,5902,48.449184000,48.449424334,0.000240334,1,1
tx,5903,48.457376000,48.457376000,0.000000000,1,1
rx,5903,48.457376000,48.457616334,0.000240334,1,1
tx,5904,48.465568000,48.465568000,0.000000000,1,1
rx,5904,48.465568000,48.465808334,0.000240334,1,1
tx,5905,48.473760000,48.473760000,0.000000000,1,1
rx,5905,48.473760000,48.474000334,0.000240334,1,1
tx,5906,48.481952000,48.481952000,0.000000000,1,1
rx,5906,48.481952000,48.482192334,0.000240334,1,1
tx,5907,48.490144000,48.490144000,0.000000000,1,1
rx,5907,48.490144000,48.490384334,0.000240334,1,1
tx,5908,48.498336000,48.498336000,0.000000000,1,1
rx,5908,48.498336000,48.498576334,0.000240334,1,1
tx,5909,48.506528000,48.506528000,0.000000000,1,1
rx,5909,48.506528000,48.506768334,0.000240334,1,1
tx,5910,48.514720000,48.514720000,0.000000000,1,1
rx,5910,48.514720000,48.514960334,0.000240334,1,1
tx,5911,48.522912000,48.522912000,0.000000000,1,1
rx,5911,48.522912000,48.523152334,0.000240334,1,1
tx,5912,48.531104000,48.531104000,0.000000000,1,1
rx,5912,48.531104000,48.531344334,0.000240334,1,1
tx,5913,48.539296000,48.539296000,0.000000000,1,1
rx,5913,48.539296000,48.539536334,0.000240334,1,1
tx,5914,48.547488000,48.547488000,0.000000000,1,1
rx,5914,48.547488000,48.547728334,0.000240334,1,1
tx,5915,48.555680000,48.555680000,0.000000000,1,1
rx,5915,48.555680000,48.555920334,0.000240334,1,1
tx,5916,48.563872000,48.563872000,0.000000000,1,1
rx,5916,48.563872000,48.564112334,0.000240334,1,1
tx,5917,48.572064000,48.572064000,0.000000000,1,1
rx,5917,48.572064000,48.572304334,0.000240334,1,1
tx,5918,48.580256000,48.580256000,0.000000000,1,1
rx,5918,48.580256000,48.580496334,0.000240334,1,1
tx,5919,48.588448000,48.588448000,0.000000000,1,1
rx,5919,48.588448000,48.588688334,0.000240334,1,1
tx,5920,48.596640000,48.596640000,0.000000000,1,1
rx,5920,48.596640000,48.596880334,0.000240334,1,1
tx,5921,48.604832000,48.604832000,0.000000000,1,1
rx,5921,48.604832000,48.605072334,0.000240334,1,1
tx,5922,48.613024000,48.613024000,0.000000000,1,1
rx,5922,48.613024000,48.613264334,0.000240334,1,1
tx,5923,48.621216000,48.621216000,0.000000000,1,1
rx,5923,48.621216000,48.621456334,0.000240334,1,1
tx,5924,48.629408000,48.629408000,0.000000000,1,1
rx,5924,48.629408000,48.629648334,0.000240334,1,1
tx,5925,48.637600000,48.637600000,0.000000000,1,1
rx,5925,48.637600000,48.637840334,0.000240334,1,1
tx,5926,48.645792000,48.645792000,0.000000000,1,1
rx,5926,48.645792000,48.646032334,0.000240334,1,1
tx,5927,48.653984000,48.653984000,0.000000000,1,1
rx,5927,48.653984000,48.654224334,0.000240334,1,1
tx,5928,48.662176000,48.662176000,0.000000000,1,1
rx,5928,48.662176000,48.662416334,0.000240334,1,1
tx,5929,48.670368000,48.670368000,0.000000000,1,1
rx,5929,48.670368000,48.670608334,0.000240334,1,1
tx,5930,48.678560000,48.678560000,0.000000000,1,1
rx,5930,48.678560000,48.678800334,0.000240334,1,1
tx,5931,48.686752000,48.686752000,0.000000000,1,1
rx,5931,48.686752000,48.686992334,0.000240334,1,1
tx,5932,48.694944000,48.694944000,0.000000000,1,1
rx,5932,48.694944000,48.695184334,0.000240334,1,1
tx,5933,48.703136000,48.703136000,0.000000000,1,1
rx,5933,48.703136000,48.703376334,0.000240334,1,1
tx,5934,48.711328000,48.711328000,0.000000000,1,1
rx,5934,48.711328000,48.711568334,0.000240334,1,1
tx,5935,48.719520000,48.719520000,0.000000000,1,1
rx,5935,48.719520000,48.719760334,0.000240334,1,1
tx,5936,48.727712000,48.727712000,0.000000000,1,1
rx,5936,48.727712000,48.727952334,0.000240334,1,1
tx,5937,48.735904000,48.735904000,0.000000000,1,1
rx,5937,48.735904000,48.736144334,0.000240334,1,1
tx,5938,48.744096000,48.744096000,0.000000000,1,1
rx,5938,48.744096000,48.744336334,0.000240334,1,1
tx,5939,48.752288000,48.752288000,0.000000000,1,1
rx,5939,48.752288000,48.752528334,0.000240334,1,1
tx,5940,48.760480000,48.760480000,0.000000000,1,1
rx,5940,48.760480000,48.760720334,0.000240334,1,1
tx,5941,48.768672000,48.768672000,0.000000000,1,1
rx,5941,48.768672000,48.768912334,0.000240334,1,1
tx,5942,48.776864000,48.776864000,0.000000000,1,1
rx,5942,48.776864000,48.777104334,0.000240334,1,1
tx,5943,48.785056000,48.785056000,0.000000000,1,1
rx,5943,48.785056000,48.785296334,0.000240334,1,1
tx,5944,48.793248000,48.793248000,0.000000000,1,1
rx,5944,48.793248000,48.793488334,0.000240334,1,1
tx,5945,48.801440000,48.801440000,0.000000000,1,1
rx,5945,48.801440000,48.801680334,0.000240334,1,1
tx,5946,48.809632000,48.809632000,0.000000000,1,1
rx,5946,48.809632000,48.809872334,0.000240334,1,1
tx,5947,48.817824000,48.817824000,0.000000000,1,1
rx,5947,48.817824000,48.818064334,0.000240334,1,1
tx,5948,48.826016000,48.826016000,0.000000000,1,1
rx,5948,48.826016000,48.826256334,0.000240334,1,1
tx,5949,48.834208000,48.834208000,0.000000000,1,1
rx,5949,48.834208000,48.834448334,0.000240334,1,1
tx,5950,48.842400000,48.842400000,0.000000000,1,1
rx,5950,48.842400000,48.842640334,0.000240334,1,1
tx,5951,48.850592000,48.850592000,0.000000000,1,1
rx,5951,48.850592000,48.850832334,0.000240334,1,1
tx,5952,48.858784000,48.858784000,0.000000000,1,1
rx,5952,48.858784000,48.859024334,0.000240334,1,1
tx,5953,48.866976000,48.866976000,0.000000000,1,1
rx,5953,48.866976000,48.867216334,0.000240334,1,1
tx,5954,48.875168000,48.875168000,0.000000000,1,1
rx,5954,48.875168000,48.875408334,0.000240334,1,1
tx,5955,48.883360000,48.883360000,0.000000000,1,1
rx,5955,48.883360000,48.883600334,0.000240334,1,1
tx,5956,48.891552000,48.891552000,0.000000000,1,1
rx,5956,48.891552000,48.891792334,0.000240334,1,1
tx,5957,48.899744000,48.899744000,0.000000000,1,1
rx,5957,48.899744000,48.899984334,0.000240334,1,1
tx,5958,48.907936000,48.907936000,0.000000000,1,1
rx,5958,48.907936000,48.908176334,0.000240334,1,1
tx,5959,48.916128000,48.916128000,0.000000000,1,1
rx,5959,48.916128000,48.916368334,0.000240334,1,1
tx,5960,48.924320000,48.924320000,0.000000000,1,1
rx,5960,48.924320000,48.924560334,0.000240334,1,1
tx,5961,48.932512000,48.932512000,0.000000000,1,1
rx,5961,48.932512000,48.932752334,0.000240334,1,1
tx,5962,48.940704000,48.940704000,0.000000000,1,1
rx,5962,48.940704000,48.940944334,0.000240334,1,1
tx,5963,48.948896000,48.948896000,0.000000000,1,1
rx,5963,48.948896000,48.949136334,0.000240334,1,1
tx,5964,48.957088000,48.957088000,0.000000000,1,1
rx,5964,48.957088000,48.957328334,0.000240334,1,1
tx,5965,48.965280000,48.965280000,0.000000000,1,1
rx,5965,48.965280000,48.965520334,0.000240334,1,1
tx,5966,48.973472000,48.973472000,0.000000000,1,1
rx,5966,48.973472000,48.973712334,0.000240334,1,1
tx,5967,48.981664000,48.981664000,0.000000000,1,1
rx,5967,48.981664000,48.981904334,0.000240334,1,1
tx,5968,48.989856000,48.989856000,0.000000000,1,1
rx,5968,48.989856000,48.990096334,0.000240334,1,1
tx,5969,48.998048000,48.998048000,0.000000000,1,1
rx,5969,48.998048000,48.998288334,0.000240334,1,1
tx,5970,49.006240000,49.006240000,0.000000000,0,0
tx,5971,49.014432000,49.014432000,0.000000000,0,0
tx,5972,49.022624000,49.022624000,0.000000000,0,0
tx,5973,49.030816000,49.030816000,0.000000000,0,0
tx,5974,49.039008000,49.039008000,0.000000000,0,0
tx,5975,49.047200000,49.047200000,0.000000000,0,0
tx,5976,49.055392000,49.055392000,0.000000000,0,0
tx,5977,49.063584000,49.063584000,0.000000000,0,0
tx,5978,49.071776000,49.071776000,0.000000000,0,0
tx,5979,49.079968000,49.079968000,0.000000000,0,0
tx,5980,49.088160000,49.088160000,0.000000000,0,0
tx,5981,49.096352000,49.096352000,0.000000000,0,0
tx,5982,49.104544000,49.104544000,0.000000000,0,0
tx,5983,49.112736000,49.112736000,0.000000000,0,0
tx,5984,49.120928000,49.120928000,0.000000000,0,0
tx,5985,49.129120000,49.129120000,0.000000000,0,0
tx,5986,49.137312000,49.137312000,0.000000000,0,0
tx,5987,49.145504000,49.145504000,0.000000000,0,0
tx,5988,49.153696000,49.153696000,0.000000000,0,0
tx,5989,49.161888000,49.161888000,0.000000000,0,0
tx,5990,49.170080000,49.170080000,0.000000000,0,0
tx,5991,49.178272000,49.178272000,0.000000000,0,0
tx,5992,49.186464000,49.186464000,0.000000000,0,0
tx,5993,49.194656000,49.194656000,0.000000000,0,0
tx,5994,49.202848000,49.202848000,0.000000000,0,0
tx,5995,49.211040000,49.211040000,0.000000000,0,0
tx,5996,49.219232000,49.219232000,0.000000000,0,0
tx,5997,49.227424000,49.227424000,0.000000000,0,0
tx,5998,49.235616000,49.235616000,0.000000000,0,0
tx,5999,49.243808000,49.243808000,0.000000000,0,0
tx,6000,49.252000000,49.252000000,0.000000000,0,0
tx,6001,49.260192000,49.260192000,0.000000000,0,0
tx,6002,49.268384000,49.268384000,0.000000000,0,0
tx,6003,49.276576000,49.276576000,0.000000000,0,0
tx,6004,49.284768000,49.284768000,0.000000000,0,0
tx,6005,49.292960000,49.292960000,0.000000000,0,0
tx,6006,49.301152000,49.301152000,0.000000000,0,0
tx,6007,49.309344000,49.309344000,0.000000000,0,0
tx,6008,49.317536000,49.317536000,0.000000000,0,0
tx,6009,49.325728000,49.325728000,0.000000000,0,0
tx,6010,49.333920000,49.333920000,0.000000000,0,0
tx,6011,49.342112000,49.342112000,0.000000000,0,0
tx,6012,49.350304000,49.350304000,0.000000000,0,0
tx,6013,49.358496000,49.358496000,0.000000000,0,0
tx,6014,49.366688000,49.366688000,0.000000000,0,0
tx,6015,49.374880000,49.374880000,0.000000000,0,0
tx,6016,49.383072000,49.383072000,0.000000000,0,0
tx,6017,49.391264000,49.391264000,0.000000000,0,0
tx,6018,49.399456000,49.399456000,0.000000000,0,0
tx,6019,49.407648000,49.407648000,0.000000000,0,0
tx,6020,49.415840000,49.415840000,0.000000000,0,0
tx,6021,49.424032000,49.424032000,0.000000000,0,0
tx,6022,49.432224000,49.432224000,0.000000000,0,0
tx,6023,49.440416000,49.440416000,0.000000000,0,0
tx,6024,49.448608000,49.448608000,0.000000000,0,0
tx,6025,49.456800000,49.456800000,0.000000000,0,0
tx,6026,49.464992000,49.464992000,0.000000000,0,0
tx,6027,49.473184000,49.473184000,0.000000000,0,0
tx,6028,49.481376000,49.481376000,0.000000000,0,0
tx,6029,49.489568000,49.489568000,0.000000000,0,0
tx,6030,49.497760000,49.497760000,0.000000000,0,0
tx,6031,49.505952000,49.505952000,0.000000000,0,0
tx,6032,49.514144000,49.514144000,0.000000000,0,0
tx,6033,49.522336000,49.522336000,0.000000000,0,0
tx,6034,49.530528000,49.530528000,0.000000000,0,0
tx,6035,49.538720000,49.538720000,0.000000000,0,0
tx,6036,49.546912000,49.546912000,0.000000000,0,0
tx,6037,49.555104000,49.555104000,0.000000000,0,0
tx,6038,49.563296000,49.563296000,0.000000000,0,0
tx,6039,49.571488000,49.571488000,0.000000000,0,0
tx,6040,49.579680000,49.579680000,0.000000000,0,0
tx,6041,49.587872000,49.587872000,0.000000000,0,0
tx,6042,49.596064000,49.596064000,0.000000000,0,0
tx,6043,49.604256000,49.604256000,0.000000000,0,0
tx,6044,49.612448000,49.612448000,0.000000000,0,0
tx,6045,49.620640000,49.620640000,0.000000000,0,0
tx,6046,49.628832000,49.628832000,0.000000000,0,0
tx,6047,49.637024000,49.637024000,0.000000000,0,0
tx,6048,49.645216000,49.645216000,0.000000000,0,0
tx,6049,49.653408000,49.653408000,0.000000000,0,0
tx,6050,49.661600000,49.661600000,0.000000000,0,0
tx,6051,49.669792000,49.669792000,0.000000000,0,0
tx,6052,49.677984000,49.677984000,0.000000000,0,0
tx,6053,49.686176000,49.686176000,0.000000000,0,0
tx,6054,49.694368000,49.694368000,0.000000000,0,0
tx,6055,49.702560000,49.702560000,0.000000000,0,0
tx,6056,49.710752000,49.710752000,0.000000000,0,0
tx,6057,49.718944000,49.718944000,0.000000000,0,0
tx,6058,49.727136000,49.727136000,0.000000000,0,0
tx,6059,49.735328000,49.735328000,0.000000000,0,0
tx,6060,49.743520000,49.743520000,0.000000000,0,0
tx,6061,49.751712000,49.751712000,0.000000000,0,0
tx,6062,49.759904000,49.759904000,0.000000000,0,0
tx,6063,49.768096000,49.768096000,0.000000000,0,0
tx,6064,49.776288000,49.776288000,0.000000000,0,0
tx,6065,49.784480000,49.784480000,0.000000000,0,0
tx,6066,49.792672000,49.792672000,0.000000000,0,0
tx,6067,49.800864000,49.800864000,0.000000000,0,0
tx,6068,49.809056000,49.809056000,0.000000000,0,0
tx,6069,49.817248000,49.817248000,0.000000000,0,0
tx,6070,49.825440000,49.825440000,0.000000000,0,0
tx,6071,49.833632000,49.833632000,0.000000000,0,0
tx,6072,49.841824000,49.841824000,0.000000000,0,0
tx,6073,49.850016000,49.850016000,0.000000000,0,0
tx,6074,49.858208000,49.858208000,0.000000000,0,0
tx,6075,49.866400000,49.866400000,0.000000000,0,0
tx,6076,49.874592000,49.874592000,0.000000000,0,0
tx,6077,49.882784000,49.882784000,0.000000000,0,0
tx,6078,49.890976000,49.890976000,0.000000000,0,0
tx,6079,49.899168000,49.899168000,0.000000000,0,0
tx,6080,49.907360000,49.907360000,0.000000000,0,0
tx,6081,49.915552000,49.915552000,0.000000000,0,0
tx,6082,49.923744000,49.923744000,0.000000000,0,0
tx,6083,49.931936000,49.931936000,0.000000000,0,0
tx,6084,49.940128000,49.940128000,0.000000000,0,0
tx,6085,49.948320000,49.948320000,0.000000000,0,0
tx,6086,49.956512000,49.956512000,0.000000000,0,0
tx,6087,49.964704000,49.964704000,0.000000000,0,0
tx,6088,49.972896000,49.972896000,0.000000000,0,0
tx,6089,49.981088000,49.981088000,0.000000000,0,0
tx,6090,49.989280000,49.989280000,0.000000000,0,0
tx,6091,49.997472000,49.997472000,0.000000000,0,0
tx,6092,50.005664000,50.005664000,0.000000000,1,1
tx,6093,50.013856000,50.013856000,0.000000000,1,1
rx,6032,49.514144000,50.016260334,0.502116334,1,1
rx,6033,49.522336000,50.017015002,0.494679002,1,1
rx,6034,49.530528000,50.017459670,0.486931670,1,1
rx,6035,49.538720000,50.017844338,0.479124338,1,1
rx,6036,49.546912000,50.018409006,0.471497006,1,1
rx,6037,49.555104000,50.018913674,0.463809674,1,1
rx,6038,49.563296000,50.019398342,0.456102342,1,1
rx,6039,49.571488000,50.019803010,0.448315010,1,1
rx,6040,49.579680000,50.020127678,0.440447678,1,1
rx,6041,49.587872000,50.020512346,0.432640346,1,1
rx,6042,49.596064000,50.021057014,0.424993014,1,1
rx,6043,49.604256000,50.021401682,0.417145682,1,1
rx,6044,49.612448000,50.021806350,0.409358350,1,1
tx,6094,50.022048000,50.022048000,0.000000000,1,1
rx,6045,49.620640000,50.022211018,0.401571018,1,1
rx,6046,49.628832000,50.022635686,0.393803686,1,1
rx,6047,49.637024000,50.023180354,0.386156354,1,1
rx,6048,49.645216000,50.023545022,0.378329022,1,1
rx,6049,49.653408000,50.023869690,0.370461690,1,1
rx,6050,49.661600000,50.024234358,0.362634358,1,1
rx,6051,49.669792000,50.024539026,0.354747026,1,1
rx,6052,49.677984000,50.024983694,0.346999694,1,1
rx,6053,49.686176000,50.025388362,0.339212362,1,1
rx,6054,49.694368000,50.025813030,0.331445030,1,1
rx,6055,49.702560000,50.026357698,0.323797698,1,1
rx,6056,49.710752000,50.026782366,0.316030366,1,1
rx,6057,49.718944000,50.027167034,0.308223034,1,1
rx,6058,49.727136000,50.027751702,0.300615702,1,1
rx,6059,49.735328000,50.028096370,0.292768370,1,1
rx,6060,49.743520000,50.028621038,0.285101038,1,1
rx,6061,49.751712000,50.029125706,0.277413706,1,1
rx,6062,49.759904000,50.029610374,0.269706374,1,1
rx,6063,49.768096000,50.030095042,0.261999042,1,1
tx,6095,50.030240000,50.030240000,0.000000000,1,1
rx,6064,49.776288000,50.030459710,0.254171710,1,1
rx,6065,49.784480000,50.030804378,0.246324378,1,1
rx,6066,49.792672000,50.031309046,0.238637046,1,1
rx,6067,49.800864000,50.031613714,0.230749714,1,1
rx,6068,49.809056000,50.032178382,0.223122382,1,1
rx,6069,49.817248000,50.032663050,0.215415050,1,1
rx,6070,49.825440000,50.033007718,0.207567718,1,1
rx,6071,49.833632000,50.033532386,0.199900386,1,1
rx,6072,49.841824000,50.033997054,0.192173054,1,1
rx,6073,49.850016000,50.034481722,0.184465722,1,1
rx,6074,49.858208000,50.034986390,0.176778390,1,1
rx,6075,49.866400000,50.035411058,0.169011058,1,1
rx,6076,49.874592000,50.035935726,0.161343726,1,1
rx,6077,49.882784000,50.036340394,0.153556394,1,1
rx,6078,49.890976000,50.036785062,0.145809062,1,1
rx,6079,49.899168000,50.037149730,0.137981730,1,1
rx,6080,49.907360000,50.037594398,0.130234398,1,1
rx,6081,49.915552000,50.038019066,0.122467066,1,1
tx,6096,50.038432000,50.038432000,0.000000000,1,1
rx,6082,49.923744000,50.038603734,0.114859734,1,1
rx,6083,49.931936000,50.039068402,0.107132402,1,1
rx,6084,49.940128000,50.039453070,0.099325070,1,1
rx,6085,49.948320000,50.039857738,0.091537738,1,1
rx,6086,49.956512000,50.040182406,0.083670406,1,1
rx,6087,49.964704000,50.040607074,0.075903074,1,1
rx,6088,49.972896000,50.040891742,0.067995742,1,1
rx,6089,49.981088000,50.041336410,0.060248410,1,1
rx,6090,49.989280000,50.041781078,0.052501078,1,1
rx,6091,49.997472000,50.042305746,0.044833746,1,1
rx,6092,50.005664000,50.042810414,0.037146414,1,1
rx,6093,50.013856000,50.043355082,0.029499082,1,1
rx,6094,50.022048000,50.043859750,0.021811750,1,1
rx,6095,50.030240000,50.044444418,0.014204418,1,1
rx,6096,50.038432000,50.044769086,0.006337086,1,1
tx,6097,50.046624000,50.046624000,0.000000000,1,1
rx,6097,50.046624000,50.046864334,0.000240334,1,1
tx,6098,50.054816000,50.054816000,0.000000000,1,1
rx,6098,50.054816000,50.055056334,0.000240334,1,1
tx,6099,50.063008000,50.063008000,0.000000000,1,1
rx,6099,50.063008000,50.063248334,0.000240334,1,1
tx,6100,50.071200000,50.071200000,0.000000000,1,1
rx,6100,50.071200000,50.071440334,0.000240334,1,1
tx,6101,50.079392000,50.079392000,0.000000000,1,1
rx,6101,50.079392000,50.079632334,0.000240334,1,1
tx,6102,50.087584000,50.087584000,0.000000000,1,1
rx,6102,50.087584000,50.087824334,0.000240334,1,1
tx,6103,50.095776000,50.095776000,0.000000000,1,1
rx,6103,50.095776000,50.096016334,0.000240334,1,1
tx,6104,50.103968000,50.103968000,0.000000000,1,1
rx,6104,50.103968000,50.104208334,0.000240334,1,1
tx,6105,50.112160000,50.112160000,0.000000000,1,1
rx,6105,50.112160000,50.112400334,0.000240334,1,1
tx,6106,50.120352000,50.120352000,0.000000000,1,1
rx,6106,50.120352000,50.120592334,0.000240334,1,1
tx,6107,50.128544000,50.128544000,0.000000000,1,1
rx,6107,50.128544000,50.128784334,0.000240334,1,1
tx,6108,50.136736000,50.136736000,0.000000000,1,1
rx,6108,50.136736000,50.136976334,0.000240334,1,1
tx,6109,50.144928000,50.144928000,0.000000000,1,1
rx,6109,50.144928000,50.145168334,0.000240334,1,1
tx,6110,50.153120000,50.153120000,0.000000000,1,1
rx,6110,50.153120000,50.153360334,0.000240334,1,1
tx,6111,50.161312000,50.161312000,0.000000000,1,1
rx,6111,50.161312000,50.161552334,0.000240334,1,1
tx,6112,50.169504000,50.169504000,0.000000000,1,1
rx,6112,50.169504000,50.169744334,0.000240334,1,1
tx,6113,50.177696000,50.177696000,0.000000000,1,1
rx,6113,50.177696000,50.177936334,0.000240334,1,1
tx,6114,50.185888000,50.185888000,0.000000000,1,1
rx,6114,50.185888000,50.186128334,0.000240334,1,1
tx,6115,50.194080000,50.194080000,0.000000000,1,1
rx,6115,50.194080000,50.194320334,0.000240334,1,1
tx,6116,50.202272000,50.202272000,0.000000000,1,1
rx,6116,50.202272000,50.202512334,0.000240334,1,1
tx,6117,50.210464000,50.210464000,0.000000000,1,1
rx,6117,50.210464000,50.210704334,0.000240334,1,1
tx,6118,50.218656000,50.218656000,0.000000000,1,1
rx,6118,50.218656000,50.218896334,0.000240334,1,1
tx,6119,50.226848000,50.226848000,0.000000000,1,1
rx,6119,50.226848000,50.227088334,0.000240334,1,1
tx,6120,50.235040000,50.235040000,0.000000000,1,1
rx,6120,50.235040000,50.235280334,0.000240334,1,1
tx,6121,50.243232000,50.243232000,0.000000000,1,1
rx,6121,50.243232000,50.243472334,0.000240334,1,1
tx,6122,50.251424000,50.251424000,0.000000000,1,1
rx,6122,50.251424000,50.251664334,0.000240334,1,1
tx,6123,50.259616000,50.259616000,0.000000000,1,1
rx,6123,50.259616000,50.259856334,0.000240334,1,1
tx,6124,50.267808000,50.267808000,0.000000000,1,1
rx,6124,50.267808000,50.268048334,0.000240334,1,1
tx,6125,50.276000000,50.276000000,0.000000000,1,1
rx,6125,50.276000000,50.276240334,0.000240334,1,1
tx,6126,50.284192000,50.284192000,0.000000000,1,1
rx,6126,50.284192000,50.284432334,0.000240334,1,1
tx,6127,50.292384000,50.292384000,0.000000000,1,1
rx,6127,50.292384000,50.292624334,0.000240334,1,1
tx,6128,50.300576000,50.300576000,0.000000000,1,1
rx,6128,50.300576000,50.300816334,0.000240334,1,1
tx,6129,50.308768000,50.308768000,0.000000000,1,1
rx,6129,50.308768000,50.309008334,0.000240334,1,1
tx,6130,50.316960000,50.316960000,0.000000000,1,1
rx,6130,50.316960000,50.317200334,0.000240334,1,1
tx,6131,50.325152000,50.325152000,0.000000000,1,1
rx,6131,50.325152000,50.325392334,0.000240334,1,1
tx,6132,50.333344000,50.333344000,0.000000000,1,1
rx,6132,50.333344000,50.333584334,0.000240334,1,1
tx,6133,50.341536000,50.341536000,0.000000000,1,1
rx,6133,50.341536000,50.341776334,0.000240334,1,1
tx,6134,50.349728000,50.349728000,0.000000000,1,1
rx,6134,50.349728000,50.349968334,0.000240334,1,1
tx,6135,50.357920000,50.357920000,0.000000000,1,1
rx,6135,50.357920000,50.358160334,0.000240334,1,1
tx,6136,50.366112000,50.366112000,0.000000000,1,1
rx,6136,50.366112000,50.366352334,0.000240334,1,1
tx,6137,50.374304000,50.374304000,0.000000000,1,1
rx,6137,50.374304000,50.374544334,0.000240334,1,1
tx,6138,50.382496000,50.382496000,0.000000000,1,1
rx,6138,50.382496000,50.382736334,0.000240334,1,1
tx,6139,50.390688000,50.390688000,0.000000000,1,1
rx,6139,50.390688000,50.390928334,0.000240334,1,1
tx,6140,50.398880000,50.398880000,0.000000000,1,1
rx,6140,50.398880000,50.399120334,0.000240334,1,1
tx,6141,50.407072000,50.407072000,0.000000000,1,1
rx,6141,50.407072000,50.407312334,0.000240334,1,1
tx,6142,50.415264000,50.415264000,0.000000000,1,1
rx,6142,50.415264000,50.415504334,0.000240334,1,1
tx,6143,50.423456000,50.423456000,0.000000000,1,1
rx,6143,50.423456000,50.423696334,0.000240334,1,1
tx,6144,50.431648000,50.431648000,0.000000000,1,1
rx,6144,50.431648000,50.431888334,0.000240334,1,1
tx,6145,50.439840000,50.439840000,0.000000000,1,1
rx,6145,50.439840000,50.440080334,0.000240334,1,1
tx,6146,50.448032000,50.448032000,0.000000000,1,1
rx,6146,50.448032000,50.448272334,0.000240334,1,1
tx,6147,50.456224000,50.456224000,0.000000000,1,1
rx,6147,50.456224000,50.456464334,0.000240334,1,1
tx,6148,50.464416000,50.464416000,0.000000000,1,1
rx,6148,50.464416000,50.464656334,0.000240334,1,1
tx,6149,50.472608000,50.472608000,0.000000000,1,1
rx,6149,50.472608000,50.472848334,0.000240334,1,1
tx,6150,50.480800000,50.480800000,0.000000000,1,1
rx,6150,50.480800000,50.481040334,0.000240334,1,1
tx,6151,50.488992000,50.488992000,0.000000000,1,1
rx,6151,50.488992000,50.489232334,0.000240334,1,1
tx,6152,50.497184000,50.497184000,0.000000000,1,1
rx,6152,50.497184000,50.497424334,0.000240334,1,1
tx,6153,50.505376000,50.505376000,0.000000000,1,1
rx,6153,50.505376000,50.505616334,0.000240334,1,1
tx,6154,50.513568000,50.513568000,0.000000000,1,1
rx,6154,50.513568000,50.513808334,0.000240334,1,1
tx,6155,50.521760000,50.521760000,0.000000000,1,1
rx,6155,50.521760000,50.522000334,0.000240334,1,1
tx,6156,50.529952000,50.529952000,0.000000000,1,1
rx,6156,50.529952000,50.530192334,0.000240334,1,1
tx,6157,50.538144000,50.538144000,0.000000000,1,1
rx,6157,50.538144000,50.538384334,0.000240334,1,1
tx,6158,50.546336000,50.546336000,0.000000000,1,1
rx,6158,50.546336000,50.546576334,0.000240334,1,1
tx,6159,50.554528000,50.554528000,0.000000000,1,1
rx,6159,50.554528000,50.554768334,0.000240334,1,1
tx,6160,50.562720000,50.562720000,0.000000000,1,1
rx,6160,50.562720000,50.562960334,0.000240334,1,1
tx,6161,50.570912000,50.570912000,0.000000000,1,1
rx,6161,50.570912000,50.571152334,0.000240334,1,1
tx,6162,50.579104000,50.579104000,0.000000000,1,1
rx,6162,50.579104000,50.579344334,0.000240334,1,1
tx,6163,50.587296000,50.587296000,0.000000000,1,1
rx,6163,50.587296000,50.587536334,0.000240334,1,1
tx,6164,50.595488000,50.595488000,0.000000000,1,1
rx,6164,50.595488000,50.595728334,0.000240334,1,1
tx,6165,50.603680000,50.603680000,0.000000000,1,1
rx,6165,50.603680000,50.603920334,0.000240334,1,1
tx,6166,50.611872000,50.611872000,0.000000000,1,1
rx,6166,50.611872000,50.612112334,0.000240334,1,1
tx,6167,50.620064000,50.620064000,0.000000000,1,1
rx,6167,50.620064000,50.620304334,0.000240334,1,1
tx,6168,50.628256000,50.628256000,0.000000000,1,1
rx,6168,50.628256000,50.628496334,0.000240334,1,1
tx,6169,50.636448000,50.636448000,0.000000000,1,1
rx,6169,50.636448000,50.636688334,0.000240334,1,1
tx,6170,50.644640000,50.644640000,0.000000000,1,1
rx,6170,50.644640000,50.644880334,0.000240334,1,1
tx,6171,50.652832000,50.652832000,0.000000000,1,1
rx,6171,50.652832000,50.653072334,0.000240334,1,1
tx,6172,50.661024000,50.661024000,0.000000000,1,1
rx,6172,50.661024000,50.661264334,0.000240334,1,1
tx,6173,50.669216000,50.669216000,0.000000000,1,1
rx,6173,50.669216000,50.669456334,0.000240334,1,1
tx,6174,50.677408000,50.677408000,0.000000000,1,1
rx,6174,50.677408000,50.677648334,0.000240334,1,1
tx,6175,50.685600000,50.685600000,0.000000000,1,1
rx,6175,50.685600000,50.685840334,0.000240334,1,1
tx,6176,50.693792000,50.693792000,0.000000000,1,1
rx,6176,50.693792000,50.694032334,0.000240334,1,1
tx,6177,50.701984000,50.701984000,0.000000000,1,1
rx,6177,50.701984000,50.702224334,0.000240334,1,1
tx,6178,50.710176000,50.710176000,0.000000000,1,1
rx,6178,50.710176000,50.710416334,0.000240334,1,1
tx,6179,50.718368000,50.718368000,0.000000000,1,1
rx,6179,50.718368000,50.718608334,0.000240334,1,1
tx,6180,50.726560000,50.726560000,0.000000000,1,1
rx,6180,50.726560000,50.726800334,0.000240334,1,1
tx,6181,50.734752000,50.734752000,0.000000000,1,1
rx,6181,50.734752000,50.734992334,0.000240334,1,1
tx,6182,50.742944000,50.742944000,0.000000000,1,1
rx,6182,50.742944000,50.743184334,0.000240334,1,1
tx,6183,50.751136000,50.751136000,0.000000000,1,1
rx,6183,50.751136000,50.751376334,0.000240334,1,1
tx,6184,50.759328000,50.759328000,0.000000000,1,1
rx,6184,50.759328000,50.759568334,0.000240334,1,1
tx,6185,50.767520000,50.767520000,0.000000000,1,1
rx,6185,50.767520000,50.767760334,0.000240334,1,1
tx,6186,50.775712000,50.775712000,0.000000000,1,1
rx,6186,50.775712000,50.775952334,0.000240334,1,1
tx,6187,50.783904000,50.783904000,0.000000000,1,1
rx,6187,50.783904000,50.784144334,0.000240334,1,1
tx,6188,50.792096000,50.792096000,0.000000000,1,1
rx,6188,50.792096000,50.792336334,0.000240334,1,1
tx,6189,50.800288000,50.800288000,0.000000000,1,1
rx,6189,50.800288000,50.800528334,0.000240334,1,1
tx,6190,50.808480000,50.808480000,0.000000000,1,1
rx,6190,50.808480000,50.808720334,0.000240334,1,1
tx,6191,50.816672000,50.816672000,0.000000000,1,1
rx,6191,50.816672000,50.816912334,0.000240334,1,1
tx,6192,50.824864000,50.824864000,0.000000000,1,1
rx,6192,50.824864000,50.825104334,0.000240334,1,1
tx,6193,50.833056000,50.833056000,0.000000000,1,1
rx,6193,50.833056000,50.833296334,0.000240334,1,1
tx,6194,50.841248000,50.841248000,0.000000000,1,1
rx,6194,50.841248000,50.841488334,0.000240334,1,1
tx,6195,50.849440000,50.849440000,0.000000000,1,1
rx,6195,50.849440000,50.849680334,0.000240334,1,1
tx,6196,50.857632000,50.857632000,0.000000000,1,1
rx,6196,50.857632000,50.857872334,0.000240334,1,1
tx,6197,50.865824000,50.865824000,0.000000000,1,1
rx,6197,50.865824000,50.866064334,0.000240334,1,1
tx,6198,50.874016000,50.874016000,0.000000000,1,1
rx,6198,50.874016000,50.874256334,0.000240334,1,1
tx,6199,50.882208000,50.882208000,0.000000000,1,1
rx,6199,50.882208000,50.882448334,0.000240334,1,1
tx,6200,50.890400000,50.890400000,0.000000000,1,1
rx,6200,50.890400000,50.890640334,0.000240334,1,1
tx,6201,50.898592000,50.898592000,0.000000000,1,1
rx,6201,50.898592000,50.898832334,0.000240334,1,1
tx,6202,50.906784000,50.906784000,0.000000000,1,1
rx,6202,50.906784000,50.907024334,0.000240334,1,1
tx,6203,50.914976000,50.914976000,0.000000000,1,1
rx,6203,50.914976000,50.915216334,0.000240334,1,1
tx,6204,50.923168000,50.923168000,0.000000000,1,1
rx,6204,50.923168000,50.923408334,0.000240334,1,1
tx,6205,50.931360000,50.931360000,0.000000000,1,1
rx,6205,50.931360000,50.931600334,0.000240334,1,1
tx,6206,50.939552000,50.939552000,0.000000000,1,1
rx,6206,50.939552000,50.939792334,0.000240334,1,1
tx,6207,50.947744000,50.947744000,0.000000000,1,1
rx,6207,50.947744000,50.947984334,0.000240334,1,1
tx,6208,50.955936000,50.955936000,0.000000000,1,1
rx,6208,50.955936000,50.956176334,0.000240334,1,1
tx,6209,50.964128000,50.964128000,0.000000000,1,1
rx,6209,50.964128000,50.964368334,0.000240334,1,1
tx,6210,50.972320000,50.972320000,0.000000000,1,1
rx,6210,50.972320000,50.972560334,0.000240334,1,1
tx,6211,50.980512000,50.980512000,0.000000000,1,1
rx,6211,50.980512000,50.980752334,0.000240334,1,1
tx,6212,50.988704000,50.988704000,0.000000000,1,1
rx,6212,50.988704000,50.988944334,0.000240334,1,1
tx,6213,50.996896000,50.996896000,0.000000000,1,1
rx,6213,50.996896000,50.997136334,0.000240334,1,1
tx,6214,51.005088000,51.005088000,0.000000000,0,0
tx,6215,51.013280000,51.013280000,0.000000000,0,0
tx,6216,51.021472000,51.021472000,0.000000000,0,0
tx,6217,51.029664000,51.029664000,0.000000000,0,0
tx,6218,51.037856000,51.037856000,0.000000000,0,0
tx,6219,51.046048000,51.046048000,0.000000000,0,0
tx,6220,51.054240000,51.054240000,0.000000000,0,0
tx,6221,51.062432000,51.062432000,0.000000000,0,0
tx,6222,51.070624000,51.070624000,0.000000000,0,0
tx,6223,51.078816000,51.078816000,0.000000000,0,0
tx,6224,51.087008000,51.087008000,0.000000000,0,0
tx,6225,51.095200000,51.095200000,0.000000000,0,0
tx,6226,51.103392000,51.103392000,0.000000000,0,0
tx,6227,51.111584000,51.111584000,0.000000000,0,0
tx,6228,51.119776000,51.119776000,0.000000000,0,0
tx,6229,51.127968000,51.127968000,0.000000000,0,0
tx,6230,51.136160000,51.136160000,0.000000000,0,0
tx,6231,51.144352000,51.144352000,0.000000000,0,0
tx,6232,51.152544000,51.152544000,0.000000000,0,0
tx,6233,51.160736000,51.160736000,0.000000000,0,0
tx,6234,51.168928000,51.168928000,0.000000000,0,0
tx,6235,51.177120000,51.177120000,0.000000000,0,0
tx,6236,51.185312000,51.185312000,0.000000000,0,0
tx,6237,51.193504000,51.193504000,0.000000000,0,0
tx,6238,51.201696000,51.201696000,0.000000000,0,0
tx,6239,51.209888000,51.209888000,0.000000000,0,0
tx,6240,51.218080000,51.218080000,0.000000000,0,0
tx,6241,51.226272000,51.226272000,0.000000000,0,0
tx,6242,51.234464000,51.234464000,0.000000000,0,0
tx,6243,51.242656000,51.242656000,0.000000000,0,0
tx,6244,51.250848000,51.250848000,0.000000000,0,0
tx,6245,51.259040000,51.259040000,0.000000000,0,0
tx,6246,51.267232000,51.267232000,0.000000000,0,0
tx,6247,51.275424000,51.275424000,0.000000000,0,0
tx,6248,51.283616000,51.283616000,0.000000000,0,0
tx,6249,51.291808000,51.291808000,0.000000000,0,0
tx,6250,51.300000000,51.300000000,0.000000000,0,0
tx,6251,51.308192000,51.308192000,0.000000000,0,0
tx,6252,51.316384000,51.316384000,0.000000000,0,0
tx,6253,51.324576000,51.324576000,0.000000000,0,0
tx,6254,51.332768000,51.332768000,0.000000000,0,0
tx,6255,51.340960000,51.340960000,0.000000000,0,0
tx,6256,51.349152000,51.349152000,0.000000000,0,0
tx,6257,51.357344000,51.357344000,0.000000000,0,0
tx,6258,51.365536000,51.365536000,0.000000000,0,0
tx,6259,51.373728000,51.373728000,0.000000000,0,0
tx,6260,51.381920000,51.381920000,0.000000000,0,0
tx,6261,51.390112000,51.390112000,0.000000000,0,0
tx,6262,51.398304000,51.398304000,0.000000000,0,0
tx,6263,51.406496000,51.406496000,0.000000000,0,0
tx,6264,51.414688000,51.414688000,0.000000000,0,0
tx,6265,51.422880000,51.422880000,0.000000000,0,0
tx,6266,51.431072000,51.431072000,0.000000000,0,0
tx,6267,51.439264000,51.439264000,0.000000000,0,0
tx,6268,51.447456000,51.447456000,0.000000000,0,0
tx,6269,51.455648000,51.455648000,0.000000000,0,0
tx,6270,51.463840000,51.463840000,0.000000000,0,0
tx,6271,51.472032000,51.472032000,0.000000000,0,0
tx,6272,51.480224000,51.480224000,0.000000000,0,0
tx,6273,51.488416000,51.488416000,0.000000000,0,0
tx,6274,51.496608000,51.496608000,0.000000000,0,0
tx,6275,51.504800000,51.504800000,0.000000000,0,0
tx,6276,51.512992000,51.512992000,0.000000000,0,0
tx,6277,51.521184000,51.521184000,0.000000000,0,0
tx,6278,51.529376000,51.529376000,0.000000000,0,0
tx,6279,51.537568000,51.537568000,0.000000000,0,0
tx,6280,51.545760000,51.545760000,0.000000000,0,0
tx,6281,51.553952000,51.553952000,0.000000000,0,0
tx,6282,51.562144000,51.562144000,0.000000000,0,0
tx,6283,51.570336000,51.570336000,0.000000000,0,0
tx,6284,51.578528000,51.578528000,0.000000000,0,0
tx,6285,51.586720000,51.586720000,0.000000000,0,0
tx,6286,51.594912000,51.594912000,0.000000000,0,0
tx,6287,51.603104000,51.603104000,0.000000000,0,0
tx,6288,51.611296000,51.611296000,0.000000000,0,0
tx,6289,51.619488000,51.619488000,0.000000000,0,0
tx,6290,51.627680000,51.627680000,0.000000000,0,0
tx,6291,51.635872000,51.635872000,0.000000000,0,0
tx,6292,51.644064000,51.644064000,0.000000000,0,0
tx,6293,51.652256000,51.652256000,0.000000000,0,0
tx,6294,51.660448000,51.660448000,0.000000000,0,0
tx,6295,51.668640000,51.668640000,0.000000000,0,0
tx,6296,51.676832000,51.676832000,0.000000000,0,0
tx,6297,51.685024000,51.685024000,0.000000000,0,0
tx,6298,51.693216000,51.693216000,0.000000000,0,0
tx,6299,51.701408000,51.701408000,0.000000000,0,0
tx,6300,51.709600000,51.709600000,0.000000000,0,0
tx,6301,51.717792000,51.717792000,0.000000000,0,0
tx,6302,51.725984000,51.725984000,0.000000000,0,0
tx,6303,51.734176000,51.734176000,0.000000000,0,0
tx,6304,51.742368000,51.742368000,0.000000000,0,0
tx,6305,51.750560000,51.750560000,0.000000000,0,0
tx,6306,51.758752000,51.758752000,0.000000000,0,0
tx,6307,51.766944000,51.766944000,0.000000000,0,0
tx,6308,51.775136000,51.775136000,0.000000000,0,0
tx,6309,51.783328000,51.783328000,0.000000000,0,0
tx,6310,51.791520000,51.791520000,0.000000000,0,0
tx,6311,51.799712000,51.799712000,0.000000000,0,0
tx,6312,51.807904000,51.807904000,0.000000000,0,0
tx,6313,51.816096000,51.816096000,0.000000000,0,0
tx,6314,51.824288000,51.824288000,0.000000000,0,0
tx,6315,51.832480000,51.832480000,0.000000000,0,0
tx,6316,51.840672000,51.840672000,0.000000000,0,0
tx,6317,51.848864000,51.848864000,0.000000000,0,0
tx,6318,51.857056000,51.857056000,0.000000000,0,0
tx,6319,51.865248000,51.865248000,0.000000000,0,0
tx,6320,51.873440000,51.873440000,0.000000000,0,0
tx,6321,51.881632000,51.881632000,0.000000000,0,0
tx,6322,51.889824000,51.889824000,0.000000000,0,0
tx,6323,51.898016000,51.898016000,0.000000000,0,0
tx,6324,51.906208000,51.906208000,0.000000000,0,0
tx,6325,51.914400000,51.914400000,0.000000000,0,0
tx,6326,51.922592000,51.922592000,0.000000000,0,0
tx,6327,51.930784000,51.930784000,0.000000000,0,0
tx,6328,51.938976000,51.938976000,0.000000000,0,0
tx,6329,51.947168000,51.947168000,0.000000000,0,0
tx,6330,51.955360000,51.955360000,0.000000000,0,0
tx,6331,51.963552000,51.963552000,0.000000000,0,0
tx,6332,51.971744000,51.971744000,0.000000000,0,0
tx,6333,51.979936000,51.979936000,0.000000000,0,0
tx,6334,51.988128000,51.988128000,0.000000000,0,0
tx,6335,51.996320000,51.996320000,0.000000000,0,0
tx,6336,52.004512000,52.004512000,0.000000000,1,1
rx,6275,51.504800000,52.011896334,0.507096334,1,1
rx,6276,51.512992000,52.012491002,0.499499002,1,1
tx,6337,52.012704000,52.012704000,0.000000000,1,1
rx,6277,51.521184000,52.012855670,0.491671670,1,1
rx,6278,51.529376000,52.013300338,0.483924338,1,1
rx,6279,51.537568000,52.013685006,0.476117006,1,1
rx,6280,51.545760000,52.014169674,0.468409674,1,1
rx,6281,51.553952000,52.014574342,0.460622342,1,1
rx,6282,51.562144000,52.014979010,0.452835010,1,1
rx,6283,51.570336000,52.015303678,0.444967678,1,1
rx,6284,51.578528000,52.015828346,0.437300346,1,1
rx,6285,51.586720000,52.016313014,0.429593014,1,1
rx,6286,51.594912000,52.016797682,0.421885682,1,1
rx,6287,51.603104000,52.017322350,0.414218350,1,1
rx,6288,51.611296000,52.017847018,0.406551018,1,1
rx,6289,51.619488000,52.018151686,0.398663686,1,1
rx,6290,51.627680000,52.018636354,0.390956354,1,1
rx,6291,51.635872000,52.019221022,0.383349022,1,1
rx,6292,51.644064000,52.019525690,0.375461690,1,1
rx,6293,51.652256000,52.019990358,0.367734358,1,1
rx,6294,51.660448000,52.020515026,0.360067026,1,1
tx,6338,52.020896000,52.020896000,0.000000000,1,1
rx,6295,51.668640000,52.020979694,0.352339694,1,1
rx,6296,51.676832000,52.021344362,0.344512362,1,1
rx,6297,51.685024000,52.021849030,0.336825030,1,1
rx,6298,51.693216000,52.022313698,0.329097698,1,1
rx,6299,51.701408000,52.022798366,0.321390366,1,1
rx,6300,51.709600000,52.023303034,0.313703034,1,1
rx,6301,51.717792000,52.023827702,0.306035702,1,1
rx,6302,51.725984000,52.024412370,0.298428370,1,1
rx,6303,51.734176000,52.024757038,0.290581038,1,1
rx,6304,51.742368000,52.025241706,0.282873706,1,1
rx,6305,51.750560000,52.025726374,0.275166374,1,1
rx,6306,51.758752000,52.026231042,0.267479042,1,1
rx,6307,51.766944000,52.026815710,0.259871710,1,1
rx,6308,51.775136000,52.027240378,0.252104378,1,1
rx,6309,51.783328000,52.027525046,0.244197046,1,1
rx,6310,51.791520000,52.027809714,0.236289714,1,1
rx,6311,51.799712000,52.028374382,0.228662382,1,1
rx,6312,51.807904000,52.028919050,0.221015050,1,1
tx,6339,52.029088000,52.029088000,0.000000000,1,1
rx,6313,51.816096000,52.029203718,0.213107718,1,1
rx,6314,51.824288000,52.029648386,0.205360386,1,1
rx,6315,51.832480000,52.030173054,0.197693054,1,1
rx,6316,51.840672000,52.030517722,0.189845722,1,1
rx,6317,51.848864000,52.031082390,0.182218390,1,1
rx,6318,51.857056000,52.031527058,0.174471058,1,1
rx,6319,51.865248000,52.031991726,0.166743726,1,1
rx,6320,51.873440000,52.032336394,0.158896394,1,1
rx,6321,51.881632000,52.032821062,0.151189062,1,1
rx,6322,51.889824000,52.033365730,0.143541730,1,1
rx,6323,51.898016000,52.033930398,0.135914398,1,1
rx,6324,51.906208000,52.034455066,0.128247066,1,1
rx,6325,51.914400000,52.034979734,0.120579734,1,1
rx,6326,51.922592000,52.035424402,0.112832402,1,1
rx,6327,51.930784000,52.035909070,0.105125070,1,1
rx,6328,51.938976000,52.036393738,0.097417738,1,1
rx,6329,51.947168000,52.036678406,0.089510406,1,1
rx,6330,51.955360000,52.037063074,0.081703074,1,1
tx,6340,52.037280000,52.037280000,0.000000000,1,1
rx,6331,51.963552000,52.037407742,0.073855742,1,1
rx,6332,51.971744000,52.037912410,0.066168410,1,1
rx,6333,51.979936000,52.038417078,0.058481078,1,1
rx,6334,51.988128000,52.038701746,0.050573746,1,1
rx,6335,51.996320000,52.039186414,0.042866414,1,1
rx,6336,52.004512000,52.039671082,0.035159082,1,1
rx,6337,52.012704000,52.040115750,0.027411750,1,1
rx,6338,52.020896000,52.040520418,0.019624418,1,1
rx,6339,52.029088000,52.041005086,0.011917086,1,1
rx,6340,52.037280000,52.041549754,0.004269754,1,1
tx,6341,52.045472000,52.045472000,0.000000000,1,1
rx,6341,52.045472000,52.045712334,0.000240334,1,1
tx,6342,52.053664000,52.053664000,0.000000000,1,1
rx,6342,52.053664000,52.053904334,0.000240334,1,1
tx,6343,52.061856000,52.061856000,0.000000000,1,1
rx,6343,52.061856000,52.062096334,0.000240334,1,1
tx,6344,52.070048000,52.070048000,0.000000000,1,1
rx,6344,52.070048000,52.070288334,0.000240334,1,1
tx,6345,52.078240000,52.078240000,0.000000000,1,1
rx,6345,52.078240000,52.078480334,0.000240334,1,1
tx,6346,52.086432000,52.086432000,0.000000000,1,1
rx,6346,52.086432000,52.086672334,0.000240334,1,1
tx,6347,52.094624000,52.094624000,0.000000000,1,1
rx,6347,52.094624000,52.094864334,0.000240334,1,1
tx,6348,52.102816000,52.102816000,0.000000000,1,1
rx,6348,52.102816000,52.103056334,0.000240334,1,1
tx,6349,52.111008000,52.111008000,0.000000000,1,1
rx,6349,52.111008000,52.111248334,0.000240334,1,1
tx,6350,52.119200000,52.119200000,0.000000000,1,1
rx,6350,52.119200000,52.119440334,0.000240334,1,1
tx,6351,52.127392000,52.127392000,0.000000000,1,1
rx,6351,52.127392000,52.127632334,0.000240334,1,1
tx,6352,52.135584000,52.135584000,0.000000000,1,1
rx,6352,52.135584000,52.135824334,0.000240334,1,1
tx,6353,52.143776000,52.143776000,0.000000000,1,1
rx,6353,52.143776000,52.144016334,0.000240334,1,1
tx,6354,52.151968000,52.151968000,0.000000000,1,1
rx,6354,52.151968000,52.152208334,0.000240334,1,1
tx,6355,52.160160000,52.160160000,0.000000000,1,1
rx,6355,52.160160000,52.160400334,0.000240334,1,1
tx,6356,52.168352000,52.168352000,0.000000000,1,1
rx,6356,52.168352000,52.168592334,0.000240334,1,1
tx,6357,52.176544000,52.176544000,0.000000000,1,1
rx,6357,52.176544000,52.176784334,0.000240334,1,1
tx,6358,52.184736000,52.184736000,0.000000000,1,1
rx,6358,52.184736000,52.184976334,0.000240334,1,1
tx,6359,52.192928000,52.192928000,0.000000000,1,1
rx,6359,52.192928000,52.193168334,0.000240334,1,1
tx,6360,52.201120000,52.201120000,0.000000000,1,1
rx,6360,52.201120000,52.201360334,0.000240334,1,1
tx,6361,52.209312000,52.209312000,0.000000000,1,1
rx,6361,52.209312000,52.209552334,0.000240334,1,1
tx,6362,52.217504000,52.217504000,0.000000000,1,1
rx,6362,52.217504000,52.217744334,0.000240334,1,1
tx,6363,52.225696000,52.225696000,0.000000000,1,1
rx,6363,52.225696000,52.225936334,0.000240334,1,1
tx,6364,52.233888000,52.233888000,0.000000000,1,1
rx,6364,52.233888000,52.234128334,0.000240334,1,1
tx,6365,52.242080000,52.242080000,0.000000000,1,1
rx,6365,52.242080000,52.242320334,0.000240334,1,1
tx,6366,52.250272000,52.250272000,0.000000000,1,1
rx,6366,52.250272000,52.250512334,0.000240334,1,1
tx,6367,52.258464000,52.258464000,0.000000000,1,1
rx,6367,52.258464000,52.258704334,0.000240334,1,1
tx,6368,52.266656000,52.266656000,0.000000000,1,1
rx,6368,52.266656000,52.266896334,0.000240334,1,1
tx,6369,52.274848000,52.274848000,0.000000000,1,1
rx,6369,52.274848000,52.275088334,0.000240334,1,1
tx,6370,52.283040000,52.283040000,0.000000000,1,1
rx,6370,52.283040000,52.283280334,0.000240334,1,1
tx,6371,52.291232000,52.291232000,0.000000000,1,1
rx,6371,52.291232000,52.291472334,0.000240334,1,1
tx,6372,52.299424000,52.299424000,0.000000000,1,1
rx,6372,52.299424000,52.299664334,0.000240334,1,1
tx,6373,52.307616000,52.307616000,0.000000000,1,1
rx,6373,52.307616000,52.307856334,0.000240334,1,1
tx,6374,52.315808000,52.315808000,0.000000000,1,1
rx,6374,52.315808000,52.316048334,0.000240334,1,1
tx,6375,52.324000000,52.324000000,0.000000000,1,1
rx,6375,52.324000000,52.324240334,0.000240334,1,1
tx,6376,52.332192000,52.332192000,0.000000000,1,1
rx,6376,52.332192000,52.332432334,0.000240334,1,1
tx,6377,52.340384000,52.340384000,0.000000000,1,1
rx,6377,52.340384000,52.340624334,0.000240334,1,1
tx,6378,52.348576000,52.348576000,0.000000000,1,1
rx,6378,52.348576000,52.348816334,0.000240334,1,1
tx,6379,52.356768000,52.356768000,0.000000000,1,1
rx,6379,52.356768000,52.357008334,0.000240334,1,1
tx,6380,52.364960000,52.364960000,0.000000000,1,1
rx,6380,52.364960000,52.365200334,0.000240334,1,1
tx,6381,52.373152000,52.373152000,0.000000000,1,1
rx,6381,52.373152000,52.373392334,0.000240334,1,1
tx,6382,52.381344000,52.381344000,0.000000000,1,1
rx,6382,52.381344000,52.381584334,0.000240334,1,1
tx,6383,52.389536000,52.389536000,0.000000000,1,1
rx,6383,52.389536000,52.389776334,0.000240334,1,1
tx,6384,52.397728000,52.397728000,0.000000000,1,1
rx,6384,52.397728000,52.397968334,0.000240334,1,1
tx,6385,52.405920000,52.405920000,0.000000000,1,1
rx,6385,52.405920000,52.406160334,0.000240334,1,1
tx,6386,52.414112000,52.414112000,0.000000000,1,1
rx,6386,52.414112000,52.414352334,0.000240334,1,1
tx,6387,52.422304000,52.422304000,0.000000000,1,1
rx,6387,52.422304000,52.422544334,0.000240334,1,1
tx,6388,52.430496000,52.430496000,0.000000000,1,1
rx,6388,52.430496000,52.430736334,0.000240334,1,1
tx,6389,52.438688000,52.438688000,0.000000000,1,1
rx,6389,52.438688000,52.438928334,0.000240334,1,1
tx,6390,52.446880000,52.446880000,0.000000000,1,1
rx,6390,52.446880000,52.447120334,0.000240334,1,1
tx,6391,52.455072000,52.455072000,0.000000000,1,1
rx,6391,52.455072000,52.455312334,0.000240334,1,1
tx,6392,52.463264000,52.463264000,0.000000000,1,1
rx,6392,52.463264000,52.463504334,0.000240334,1,1
tx,6393,52.471456000,52.471456000,0.000000000,1,1
rx,6393,52.471456000,52.471696334,0.000240334,1,1
tx,6394,52.479648000,52.479648000,0.000000000,1,1
rx,6394,52.479648000,52.479888334,0.000240334,1,1
tx,6395,52.487840000,52.487840000,0.000000000,1,1
rx,6395,52.487840000,52.488080334,0.000240334,1,1
tx,6396,52.496032000,52.496032000,0.000000000,1,1
rx,6396,52.496032000,52.496272334,0.000240334,1,1
tx,6397,52.504224000,52.504224000,0.000000000,1,1
rx,6397,52.504224000,52.504464334,0.000240334,1,1
tx,6398,52.512416000,52.512416000,0.000000000,1,1
rx,6398,52.512416000,52.512656334,0.000240334,1,1
tx,6399,52.520608000,52.520608000,0.000000000,1,1
rx,6399,52.520608000,52.520848334,0.000240334,1,1
tx,6400,52.528800000,52.528800000,0.000000000,1,1
rx,6400,52.528800000,52.529040334,0.000240334,1,1
tx,6401,52.536992000,52.536992000,0.000000000,1,1
rx,6401,52.536992000,52.537232334,0.000240334,1,1
tx,6402,52.545184000,52.545184000,0.000000000,1,1
rx,6402,52.545184000,52.545424334,0.000240334,1,1
tx,6403,52.553376000,52.553376000,0.000000000,1,1
rx,6403,52.553376000,52.553616334,0.000240334,1,1
tx,6404,52.561568000,52.561568000,0.000000000,1,1
rx,6404,52.561568000,52.561808334,0.000240334,1,1
tx,6405,52.569760000,52.569760000,0.000000000,1,1
rx,6405,52.569760000,52.570000334,0.000240334,1,1
tx,6406,52.577952000,52.577952000,0.000000000,1,1
rx,6406,52.577952000,52.578192334,0.000240334,1,1
tx,6407,52.586144000,52.586144000,0.000000000,1,1
rx,6407,52.586144000,52.586384334,0.000240334,1,1
tx,6408,52.594336000,52.594336000,0.000000000,1,1
rx,6408,52.594336000,52.594576334,0.000240334,1,1
tx,6409,52.602528000,52.602528000,0.000000000,1,1
rx,6409,52.602528000,52.602768334,0.000240334,1,1
tx,6410,52.610720000,52.610720000,0.000000000,1,1
rx,6410,52.610720000,52.610960334,0.000240334,1,1
tx,6411,52.618912000,52.618912000,0.000000000,1,1
rx,6411,52.618912000,52.619152334,0.000240334,1,1
tx,6412,52.627104000,52.627104000,0.000000000,1,1
rx,6412,52.627104000,52.627344334,0.000240334,1,1
tx,6413,52.635296000,52.635296000,0.000000000,1,1
rx,6413,52.635296000,52.635536334,0.000240334,1,1
tx,6414,52.643488000,52.643488000,0.000000000,1,1
rx,6414,52.643488000,52.643728334,0.000240334,1,1
tx,6415,52.651680000,52.651680000,0.000000000,1,1
rx,6415,52.651680000,52.651920334,0.000240334,1,1
tx,6416,52.659872000,52.659872000,0.000000000,1,1
rx,6416,52.659872000,52.660112334,0.000240334,1,1
tx,6417,52.668064000,52.668064000,0.000000000,1,1
rx,6417,52.668064000,52.668304334,0.000240334,1,1
tx,6418,52.676256000,52.676256000,0.000000000,1,1
rx,6418,52.676256000,52.676496334,0.000240334,1,1
tx,6419,52.684448000,52.684448000,0.000000000,1,1
rx,6419,52.684448000,52.684688334,0.000240334,1,1
tx,6420,52.692640000,52.692640000,0.000000000,1,1
rx,6420,52.692640000,52.692880334,0.000240334,1,1
tx,6421,52.700832000,52.700832000,0.000000000,1,1
rx,6421,52.700832000,52.701072334,0.000240334,1,1
tx,6422,52.709024000,52.709024000,0.000000000,1,1
rx,6422,52.709024000,52.709264334,0.000240334,1,1
tx,6423,52.717216000,52.717216000,0.000000000,1,1
rx,6423,52.717216000,52.717456334,0.000240334,1,1
tx,6424,52.725408000,52.725408000,0.000000000,1,1
rx,6424,52.725408000,52.725648334,0.000240334,1,1
tx,6425,52.733600000,52.733600000,0.000000000,1,1
rx,6425,52.733600000,52.733840334,0.000240334,1,1
tx,6426,52.741792000,52.741792000,0.000000000,1,1
rx,6426,52.741792000,52.742032334,0.000240334,1,1
tx,6427,52.749984000,52.749984000,0.000000000,1,1
rx,6427,52.749984000,52.750224334,0.000240334,1,1
tx,6428,52.758176000,52.758176000,0.000000000,1,1
rx,6428,52.758176000,52.758416334,0.000240334,1,1
tx,6429,52.766368000,52.766368000,0.000000000,1,1
rx,6429,52.766368000,52.766608334,0.000240334,1,1
tx,6430,52.774560000,52.774560000,0.000000000,1,1
rx,6430,52.774560000,52.774800334,0.000240334,1,1
tx,6431,52.782752000,52.782752000,0.000000000,1,1
rx,6431,52.782752000,52.782992334,0.000240334,1,1
tx,6432,52.790944000,52.790944000,0.000000000,1,1
rx,6432,52.790944000,52.791184334,0.000240334,1,1
tx,6433,52.799136000,52.799136000,0.000000000,1,1
rx,6433,52.799136000,52.799376334,0.000240334,1,1
tx,6434,52.807328000,52.807328000,0.000000000,1,1
rx,6434,52.807328000,52.807568334,0.000240334,1,1
tx,6435,52.815520000,52.815520000,0.000000000,1,1
rx,6435,52.815520000,52.815760334,0.000240334,1,1
tx,6436,52.823712000,52.823712000,0.000000000,1,1
rx,6436,52.823712000,52.823952334,0.000240334,1,1
tx,6437,52.831904000,52.831904000,0.000000000,1,1
rx,6437,52.831904000,52.832144334,0.000240334,1,1
tx,6438,52.840096000,52.840096000,0.000000000,1,1
rx,6438,52.840096000,52.840336334,0.000240334,1,1
tx,6439,52.848288000,52.848288000,0.000000000,1,1
rx,6439,52.848288000,52.848528334,0.000240334,1,1
tx,6440,52.856480000,52.856480000,0.000000000,1,1
rx,6440,52.856480000,52.856720334,0.000240334,1,1
tx,6441,52.864672000,52.864672000,0.000000000,1,1
rx,6441,52.864672000,52.864912334,0.000240334,1,1
tx,6442,52.872864000,52.872864000,0.000000000,1,1
rx,6442,52.872864000,52.873104334,0.000240334,1,1
tx,6443,52.881056000,52.881056000,0.000000000,1,1
rx,6443,52.881056000,52.881296334,0.000240334,1,1
tx,6444,52.889248000,52.889248000,0.000000000,1,1
rx,6444,52.889248000,52.889488334,0.000240334,1,1
tx,6445,52.897440000,52.897440000,0.000000000,1,1
rx,6445,52.897440000,52.897680334,0.000240334,1,1
tx,6446,52.905632000,52.905632000,0.000000000,1,1
rx,6446,52.905632000,52.905872334,0.000240334,1,1
tx,6447,52.913824000,52.913824000,0.000000000,1,1
rx,6447,52.913824000,52.914064334,0.000240334,1,1
tx,6448,52.922016000,52.922016000,0.000000000,1,1
rx,6448,52.922016000,52.922256334,0.000240334,1,1
tx,6449,52.930208000,52.930208000,0.000000000,1,1
rx,6449,52.930208000,52.930448334,0.000240334,1,1
tx,6450,52.938400000,52.938400000,0.000000000,1,1
rx,6450,52.938400000,52.938640334,0.000240334,1,1
tx,6451,52.946592000,52.946592000,0.000000000,1,1
rx,6451,52.946592000,52.946832334,0.000240334,1,1
tx,6452,52.954784000,52.954784000,0.000000000,1,1
rx,6452,52.954784000,52.955024334,0.000240334,1,1
tx,6453,52.962976000,52.962976000,0.000000000,1,1
rx,6453,52.962976000,52.963216334,0.000240334,1,1
tx,6454,52.971168000,52.971168000,0.000000000,1,1
rx,6454,52.971168000,52.971408334,0.000240334,1,1
tx,6455,52.979360000,52.979360000,0.000000000,1,1
rx,6455,52.979360000,52.979600334,0.000240334,1,1
tx,6456,52.987552000,52.987552000,0.000000000,1,1
rx,6456,52.987552000,52.987792334,0.000240334,1,1
tx,6457,52.995744000,52.995744000,0.000000000,1,1
rx,6457,52.995744000,52.995984334,0.000240334,1,1
tx,6458,53.003936000,53.003936000,0.000000000,0,0
tx,6459,53.012128000,53.012128000,0.000000000,0,0
tx,6460,53.020320000,53.020320000,0.000000000,0,0
tx,6461,53.028512000,53.028512000,0.000000000,0,0
tx,6462,53.036704000,53.036704000,0.000000000,0,0
tx,6463,53.044896000,53.044896000,0.000000000,0,0
tx,6464,53.053088000,53.053088000,0.000000000,0,0
tx,6465,53.061280000,53.061280000,0.000000000,0,0
tx,6466,53.069472000,53.069472000,0.000000000,0,0
tx,6467,53.077664000,53.077664000,0.000000000,0,0
tx,6468,53.085856000,53.085856000,0.000000000,0,0
tx,6469,53.094048000,53.094048000,0.000000000,0,0
tx,6470,53.102240000,53.102240000,0.000000000,0,0
tx,6471,53.110432000,53.110432000,0.000000000,0,0
tx,6472,53.118624000,53.118624000,0.000000000,0,0
tx,6473,53.126816000,53.126816000,0.000000000,0,0
tx,6474,53.135008000,53.135008000,0.000000000,0,0
tx,6475,53.143200000,53.143200000,0.000000000,0,0
tx,6476,53.151392000,53.151392000,0.000000000,0,0
tx,6477,53.159584000,53.159584000,0.000000000,0,0
tx,6478,53.167776000,53.167776000,0.000000000,0,0
tx,6479,53.175968000,53.175968000,0.000000000,0,0
tx,6480,53.184160000,53.184160000,0.000000000,0,0
tx,6481,53.192352000,53.192352000,0.000000000,0,0
tx,6482,53.200544000,53.200544000,0.000000000,0,0
tx,6483,53.208736000,53.208736000,0.000000000,0,0
tx,6484,53.216928000,53.216928000,0.000000000,0,0
tx,6485,53.225120000,53.225120000,0.000000000,0,0
tx,6486,53.233312000,53.233312000,0.000000000,0,0
tx,6487,53.241504000,53.241504000,0.000000000,0,0
tx,6488,53.249696000,53.249696000,0.000000000,0,0
tx,6489,53.257888000,53.257888000,0.000000000,0,0
tx,6490,53.266080000,53.266080000,0.000000000,0,0
tx,6491,53.274272000,53.274272000,0.000000000,0,0
tx,6492,53.282464000,53.282464000,0.000000000,0,0
tx,6493,53.290656000,53.290656000,0.000000000,0,0
tx,6494,53.298848000,53.298848000,0.000000000,0,0
tx,6495,53.307040000,53.307040000,0.000000000,0,0
tx,6496,53.315232000,53.315232000,0.000000000,0,0
tx,6497,53.323424000,53.323424000,0.000000000,0,0
tx,6498,53.331616000,53.331616000,0.000000000,0,0
tx,6499,53.339808000,53.339808000,0.000000000,0,0
tx,6500,53.348000000,53.348000000,0.000000000,0,0
tx,6501,53.356192000,53.356192000,0.000000000,0,0
tx,6502,53.364384000,53.364384000,0.000000000,0,0
tx,6503,53.372576000,53.372576000,0.000000000,0,0
tx,6504,53.380768000,53.380768000,0.000000000,0,0
tx,6505,53.388960000,53.388960000,0.000000000,0,0
tx,6506,53.397152000,53.397152000,0.000000000,0,0
tx,6507,53.405344000,53.405344000,0.000000000,0,0
tx,6508,53.413536000,53.413536000,0.000000000,0,0
tx,6509,53.421728000,53.421728000,0.000000000,0,0
tx,6510,53.429920000,53.429920000,0.000000000,0,0
tx,6511,53.438112000,53.438112000,0.000000000,0,0
tx,6512,53.446304000,53.446304000,0.000000000,0,0
tx,6513,53.454496000,53.454496000,0.000000000,0,0
tx,6514,53.462688000,53.462688000,0.000000000,0,0
tx,6515,53.470880000,53.470880000,0.000000000,0,0
tx,6516,53.479072000,53.479072000,0.000000000,0,0
tx,6517,53.487264000,53.487264000,0.000000000,0,0
tx,6518,53.495456000,53.495456000,0.000000000,0,0
tx,6519,53.503648000,53.503648000,0.000000000,0,0
tx,6520,53.511840000,53.511840000,0.000000000,0,0
tx,6521,53.520032000,53.520032000,0.000000000,0,0
tx,6522,53.528224000,53.528224000,0.000000000,0,0
tx,6523,53.536416000,53.536416000,0.000000000,0,0
tx,6524,53.544608000,53.544608000,0.000000000,0,0
tx,6525,53.552800000,53.552800000,0.000000000,0,0
tx,6526,53.560992000,53.560992000,0.000000000,0,0
tx,6527,53.569184000,53.569184000,0.000000000,0,0
tx,6528,53.577376000,53.577376000,0.000000000,0,0
tx,6529,53.585568000,53.585568000,0.000000000,0,0
tx,6530,53.593760000,53.593760000,0.000000000,0,0
tx,6531,53.601952000,53.601952000,0.000000000,0,0
tx,6532,53.610144000,53.610144000,0.000000000,0,0
tx,6533,53.618336000,53.618336000,0.000000000,0,0
tx,6534,53.626528000,53.626528000,0.000000000,0,0
tx,6535,53.634720000,53.634720000,0.000000000,0,0
tx,6536,53.642912000,53.642912000,0.000000000,0,0
tx,6537,53.651104000,53.651104000,0.000000000,0,0
tx,6538,53.659296000,53.659296000,0.000000000,0,0
tx,6539,53.667488000,53.667488000,0.000000000,0,0
tx,6540,53.675680000,53.675680000,0.000000000,0,0
tx,6541,53.683872000,53.683872000,0.000000000,0,0
tx,6542,53.692064000,53.692064000,0.000000000,0,0
tx,6543,53.700256000,53.700256000,0.000000000,0,0
tx,6544,53.708448000,53.708448000,0.000000000,0,0
tx,6545,53.716640000,53.716640000,0.000000000,0,0
tx,6546,53.724832000,53.724832000,0.000000000,0,0
tx,6547,53.733024000,53.733024000,0.000000000,0,0
tx,6548,53.741216000,53.741216000,0.000000000,0,0
tx,6549,53.749408000,53.749408000,0.000000000,0,0
tx,6550,53.757600000,53.757600000,0.000000000,0,0
tx,6551,53.765792000,53.765792000,0.000000000,0,0
tx,6552,53.773984000,53.773984000,0.000000000,0,0
tx,6553,53.782176000,53.782176000,0.000000000,0,0
tx,6554,53.790368000,53.790368000,0.000000000,0,0
tx,6555,53.798560000,53.798560000,0.000000000,0,0
tx,6556,53.806752000,53.806752000,0.000000000,0,0
tx,6557,53.814944000,53.814944000,0.000000000,0,0
tx,6558,53.823136000,53.823136000,0.000000000,0,0
tx,6559,53.831328000,53.831328000,0.000000000,0,0
tx,6560,53.839520000,53.839520000,0.000000000,0,0
tx,6561,53.847712000,53.847712000,0.000000000,0,0
tx,6562,53.855904000,53.855904000,0.000000000,0,0
tx,6563,53.864096000,53.864096000,0.000000000,0,0
tx,6564,53.872288000,53.872288000,0.000000000,0,0
tx,6565,53.880480000,53.880480000,0.000000000,0,0
tx,6566,53.888672000,53.888672000,0.000000000,0,0
tx,6567,53.896864000,53.896864000,0.000000000,0,0
tx,6568,53.905056000,53.905056000,0.000000000,0,0
tx,6569,53.913248000,53.913248000,0.000000000,0,0
tx,6570,53.921440000,53.921440000,0.000000000,0,0
tx,6571,53.929632000,53.929632000,0.000000000,0,0
tx,6572,53.937824000,53.937824000,0.000000000,0,0
tx,6573,53.946016000,53.946016000,0.000000000,0,0
tx,6574,53.954208000,53.954208000,0.000000000,0,0
tx,6575,53.962400000,53.962400000,0.000000000,0,0
tx,6576,53.970592000,53.970592000,0.000000000,0,0
tx,6577,53.978784000,53.978784000,0.000000000,0,0
tx,6578,53.986976000,53.986976000,0.000000000,0,0
tx,6579,53.995168000,53.995168000,0.000000000,0,0
tx,6580,54.003360000,54.003360000,0.000000000,1,1
rx,6519,53.503648000,54.010236334,0.506588334,1,1
rx,6520,53.511840000,54.010851002,0.499011002,1,1
rx,6521,53.520032000,54.011375670,0.491343670,1,1
tx,6581,54.011552000,54.011552000,0.000000000,1,1
rx,6522,53.528224000,54.011660338,0.483436338,1,1
rx,6523,53.536416000,54.012205006,0.475789006,1,1
rx,6524,53.544608000,54.012649674,0.468041674,1,1
rx,6525,53.552800000,54.013154342,0.460354342,1,1
rx,6526,53.560992000,54.013499010,0.452507010,1,1
rx,6527,53.569184000,54.013863678,0.444679678,1,1
rx,6528,53.577376000,54.014268346,0.436892346,1,1
rx,6529,53.585568000,54.014613014,0.429045014,1,1
rx,6530,53.593760000,54.015037682,0.421277682,1,1
rx,6531,53.601952000,54.015402350,0.413450350,1,1
rx,6532,53.610144000,54.015787018,0.405643018,1,1
rx,6533,53.618336000,54.016331686,0.397995686,1,1
rx,6534,53.626528000,54.016716354,0.390188354,1,1
rx,6535,53.634720000,54.017061022,0.382341022,1,1
rx,6536,53.642912000,54.017465690,0.374553690,1,1
rx,6537,53.651104000,54.017910358,0.366806358,1,1
rx,6538,53.659296000,54.018415026,0.359119026,1,1
rx,6539,53.667488000,54.018779694,0.351291694,1,1
rx,6540,53.675680000,54.019184362,0.343504362,1,1
rx,6541,53.683872000,54.019529030,0.335657030,1,1
tx,6582,54.019744000,54.019744000,0.000000000,1,1
rx,6542,53.692064000,54.019973698,0.327909698,1,1
rx,6543,53.700256000,54.020518366,0.320262366,1,1
rx,6544,53.708448000,54.020843034,0.312395034,1,1
rx,6545,53.716640000,54.021427702,0.304787702,1,1
rx,6546,53.724832000,54.021792370,0.296960370,1,1
rx,6547,53.733024000,54.022117038,0.289093038,1,1
rx,6548,53.741216000,54.022541706,0.281325706,1,1
rx,6549,53.749408000,54.023126374,0.273718374,1,1
rx,6550,53.757600000,54.023631042,0.266031042,1,1
rx,6551,53.765792000,54.024095710,0.258303710,1,1
rx,6552,53.773984000,54.024380378,0.250396378,1,1
rx,6553,53.782176000,54.024925046,0.242749046,1,1
rx,6554,53.790368000,54.025349714,0.234981714,1,1
rx,6555,53.798560000,54.025854382,0.227294382,1,1
rx,6556,53.806752000,54.026219050,0.219467050,1,1
rx,6557,53.814944000,54.026563718,0.211619718,1,1
rx,6558,53.823136000,54.026888386,0.203752386,1,1
rx,6559,53.831328000,54.027253054,0.195925054,1,1
rx,6560,53.839520000,54.027597722,0.188077722,1,1
tx,6583,54.027936000,54.027936000,0.000000000,1,1
rx,6561,53.847712000,54.028122390,0.180410390,1,1
rx,6562,53.855904000,54.028647058,0.172743058,1,1
rx,6563,53.864096000,54.028971726,0.164875726,1,1
rx,6564,53.872288000,54.029296394,0.157008394,1,1
rx,6565,53.880480000,54.029781062,0.149301062,1,1
rx,6566,53.888672000,54.030125730,0.141453730,1,1
rx,6567,53.896864000,54.030510398,0.133646398,1,1
rx,6568,53.905056000,54.030955066,0.125899066,1,1
rx,6569,53.913248000,54.031339734,0.118091734,1,1
rx,6570,53.921440000,54.031784402,0.110344402,1,1
rx,6571,53.929632000,54.032229070,0.102597070,1,1
rx,6572,53.937824000,54.032693738,0.094869738,1,1
rx,6573,53.946016000,54.033038406,0.087022406,1,1
rx,6574,53.954208000,54.033623074,0.079415074,1,1
rx,6575,53.962400000,54.034147742,0.071747742,1,1
rx,6576,53.970592000,54.034452410,0.063860410,1,1
rx,6577,53.978784000,54.034817078,0.056033078,1,1
rx,6578,53.986976000,54.035261746,0.048285746,1,1
rx,6579,53.995168000,54.035766414,0.040598414,1,1
tx,6584,54.036128000,54.036128000,0.000000000,1,1
rx,6580,54.003360000,54.036131082,0.032771082,1,1
rx,6581,54.011552000,54.036575750,0.025023750,1,1
rx,6582,54.019744000,54.037100418,0.017356418,1,1
rx,6583,54.027936000,54.037425086,0.009489086,1,1
rx,6584,54.036128000,54.037969754,0.001841754,1,1
tx,6585,54.044320000,54.044320000,0.000000000,1,1
rx,6585,54.044320000,54.044560334,0.000240334,1,1
tx,6586,54.052512000,54.052512000,0.000000000,1,1
rx,6586,54.052512000,54.052752334,0.000240334,1,1
tx,6587,54.060704000,54.060704000,0.000000000,1,1
rx,6587,54.060704000,54.060944334,0.000240334,1,1
tx,6588,54.068896000,54.068896000,0.000000000,1,1
rx,6588,54.068896000,54.069136334,0.000240334,1,1
tx,6589,54.077088000,54.077088000,0.000000000,1,1
rx,6589,54.077088000,54.077328334,0.000240334,1,1
tx,6590,54.085280000,54.085280000,0.000000000,1,1
rx,6590,54.085280000,54.085520334,0.000240334,1,1
tx,6591,54.093472000,54.093472000,0.000000000,1,1
rx,6591,54.093472000,54.093712334,0.000240334,1,1
tx,6592,54.101664000,54.101664000,0.000000000,1,1
rx,6592,54.101664000,54.101904334,0.000240334,1,1
tx,6593,54.109856000,54.109856000,0.000000000,1,1
rx,6593,54.109856000,54.110096334,0.000240334,1,1
tx,6594,54.118048000,54.118048000,0.000000000,1,1
rx,6594,54.118048000,54.118288334,0.000240334,1,1
tx,6595,54.126240000,54.126240000,0.000000000,1,1
rx,6595,54.126240000,54.126480334,0.000240334,1,1
tx,6596,54.134432000,54.134432000,0.000000000,1,1
rx,6596,54.134432000,54.134672334,0.000240334,1,1
tx,6597,54.142624000,54.142624000,0.000000000,1,1
rx,6597,54.142624000,54.142864334,0.000240334,1,1
tx,6598,54.150816000,54.150816000,0.000000000,1,1
rx,6598,54.150816000,54.151056334,0.000240334,1,1
tx,6599,54.159008000,54.159008000,0.000000000,1,1
rx,6599,54.159008000,54.159248334,0.000240334,1,1
tx,6600,54.167200000,54.167200000,0.000000000,1,1
rx,6600,54.167200000,54.167440334,0.000240334,1,1
tx,6601,54.175392000,54.175392000,0.000000000,1,1
rx,6601,54.175392000,54.175632334,0.000240334,1,1
tx,6602,54.183584000,54.183584000,0.000000000,1,1
rx,6602,54.183584000,54.183824334,0.000240334,1,1
tx,6603,54.191776000,54.191776000,0.000000000,1,1
rx,6603,54.191776000,54.192016334,0.000240334,1,1
tx,6604,54.199968000,54.199968000,0.000000000,1,1
rx,6604,54.199968000,54.200208334,0.000240334,1,1
tx,6605,54.208160000,54.208160000,0.000000000,1,1
rx,6605,54.208160000,54.208400334,0.000240334,1,1
tx,6606,54.216352000,54.216352000,0.000000000,1,1
rx,6606,54.216352000,54.216592334,0.000240334,1,1
tx,6607,54.224544000,54.224544000,0.000000000,1,1
rx,6607,54.224544000,54.224784334,0.000240334,1,1
tx,6608,54.232736000,54.232736000,0.000000000,1,1
rx,6608,54.232736000,54.232976334,0.000240334,1,1
tx,6609,54.240928000,54.240928000,0.000000000,1,1
rx,6609,54.240928000,54.241168334,0.000240334,1,1
tx,6610,54.249120000,54.249120000,0.000000000,1,1
rx,6610,54.249120000,54.249360334,0.000240334,1,1
tx,6611,54.257312000,54.257312000,0.000000000,1,1
rx,6611,54.257312000,54.257552334,0.000240334,1,1
tx,6612,54.265504000,54.265504000,0.000000000,1,1
rx,6612,54.265504000,54.265744334,0.000240334,1,1
tx,6613,54.273696000,54.273696000,0.000000000,1,1
rx,6613,54.273696000,54.273936334,0.000240334,1,1
tx,6614,54.281888000,54.281888000,0.000000000,1,1
rx,6614,54.281888000,54.282128334,0.000240334,1,1
tx,6615,54.290080000,54.290080000,0.000000000,1,1
rx,6615,54.290080000,54.290320334,0.000240334,1,1
tx,6616,54.298272000,54.298272000,0.000000000,1,1
rx,6616,54.298272000,54.298512334,0.000240334,1,1
tx,6617,54.306464000,54.306464000,0.000000000,1,1
rx,6617,54.306464000,54.306704334,0.000240334,1,1
tx,6618,54.314656000,54.314656000,0.000000000,1,1
rx,6618,54.314656000,54.314896334,0.000240334,1,1
tx,6619,54.322848000,54.322848000,0.000000000,1,1
rx,6619,54.322848000,54.323088334,0.000240334,1,1
tx,6620,54.331040000,54.331040000,0.000000000,1,1
rx,6620,54.331040000,54.331280334,0.000240334,1,1
tx,6621,54.339232000,54.339232000,0.000000000,1,1
rx,6621,54.339232000,54.339472334,0.000240334,1,1
tx,6622,54.347424000,54.347424000,0.000000000,1,1
rx,6622,54.347424000,54.347664334,0.000240334,1,1
tx,6623,54.355616000,54.355616000,0.000000000,1,1
rx,6623,54.355616000,54.355856334,0.000240334,1,1
tx,6624,54.363808000,54.363808000,0.000000000,1,1
rx,6624,54.363808000,54.364048334,0.000240334,1,1
tx,6625,54.372000000,54.372000000,0.000000000,1,1
rx,6625,54.372000000,54.372240334,0.000240334,1,1
tx,6626,54.380192000,54.380192000,0.000000000,1,1
rx,6626,54.380192000,54.380432334,0.000240334,1,1
tx,6627,54.388384000,54.388384000,0.000000000,1,1
rx,6627,54.388384000,54.388624334,0.000240334,1,1
tx,6628,54.396576000,54.396576000,0.000000000,1,1
rx,6628,54.396576000,54.396816334,0.000240334,1,1
tx,6629,54.404768000,54.404768000,0.000000000,1,1
rx,6629,54.404768000,54.405008334,0.000240334,1,1
tx,6630,54.412960000,54.412960000,0.000000000,1,1
rx,6630,54.412960000,54.413200334,0.000240334,1,1
tx,6631,54.421152000,54.421152000,0.000000000,1,1
rx,6631,54.421152000,54.421392334,0.000240334,1,1
tx,6632,54.429344000,54.429344000,0.000000000,1,1
rx,6632,54.429344000,54.429584334,0.000240334,1,1
tx,6633,54.437536000,54.437536000,0.000000000,1,1
rx,6633,54.437536000,54.437776334,0.000240334,1,1
tx,6634,54.445728000,54.445728000,0.000000000,1,1
rx,6634,54.445728000,54.445968334,0.000240334,1,1
tx,6635,54.453920000,54.453920000,0.000000000,1,1
rx,6635,54.453920000,54.454160334,0.000240334,1,1
tx,6636,54.462112000,54.462112000,0.000000000,1,1
rx,6636,54.462112000,54.462352334,0.000240334,1,1
tx,6637,54.470304000,54.470304000,0.000000000,1,1
rx,6637,54.470304000,54.470544334,0.000240334,1,1
tx,6638,54.478496000,54.478496000,0.000000000,1,1
rx,6638,54.478496000,54.478736334,0.000240334,1,1
tx,6639,54.486688000,54.486688000,0.000000000,1,1
rx,6639,54.486688000,54.486928334,0.000240334,1,1
tx,6640,54.494880000,54.494880000,0.000000000,1,1
rx,6640,54.494880000,54.495120334,0.000240334,1,1
tx,6641,54.503072000,54.503072000,0.000000000,1,1
rx,6641,54.503072000,54.503312334,0.000240334,1,1
tx,6642,54.511264000,54.511264000,0.000000000,1,1
rx,6642,54.511264000,54.511504334,0.000240334,1,1
tx,6643,54.519456000,54.519456000,0.000000000,1,1
rx,6643,54.519456000,54.519696334,0.000240334,1,1
tx,6644,54.527648000,54.527648000,0.000000000,1,1
rx,6644,54.527648000,54.527888334,0.000240334,1,1
tx,6645,54.535840000,54.535840000,0.000000000,1,1
rx,6645,54.535840000,54.536080334,0.000240334,1,1
tx,6646,54.544032000,54.544032000,0.000000000,1,1
rx,6646,54.544032000,54.544272334,0.000240334,1,1
tx,6647,54.552224000,54.552224000,0.000000000,1,1
rx,6647,54.552224000,54.552464334,0.000240334,1,1
tx,6648,54.560416000,54.560416000,0.000000000,1,1
rx,6648,54.560416000,54.560656334,0.000240334,1,1
tx,6649,54.568608000,54.568608000,0.000000000,1,1
rx,6649,54.568608000,54.568848334,0.000240334,1,1
tx,6650,54.576800000,54.576800000,0.000000000,1,1
rx,6650,54.576800000,54.577040334,0.000240334,1,1
tx,6651,54.584992000,54.584992000,0.000000000,1,1
rx,6651,54.584992000,54.585232334,0.000240334,1,1
tx,6652,54.593184000,54.593184000,0.000000000,1,1
rx,6652,54.593184000,54.593424334,0.000240334,1,1
tx,6653,54.601376000,54.601376000,0.000000000,1,1
rx,6653,54.601376000,54.601616334,0.000240334,1,1
tx,6654,54.609568000,54.609568000,0.000000000,1,1
rx,6654,54.609568000,54.609808334,0.000240334,1,1
tx,6655,54.617760000,54.617760000,0.000000000,1,1
rx,6655,54.617760000,54.618000334,0.000240334,1,1
tx,6656,54.625952000,54.625952000,0.000000000,1,1
rx,6656,54.625952000,54.626192334,0.000240334,1,1
tx,6657,54.634144000,54.634144000,0.000000000,1,1
rx,6657,54.634144000,54.634384334,0.000240334,1,1
tx,6658,54.642336000,54.642336000,0.000000000,1,1
rx,6658,54.642336000,54.642576334,0.000240334,1,1
tx,6659,54.650528000,54.650528000,0.000000000,1,1
rx,6659,54.650528000,54.650768334,0.000240334,1,1
tx,6660,54.658720000,54.658720000,0.000000000,1,1
rx,6660,54.658720000,54.658960334,0.000240334,1,1
tx,6661,54.666912000,54.666912000,0.000000000,1,1
rx,6661,54.666912000,54.667152334,0.000240334,1,1
tx,6662,54.675104000,54.675104000,0.000000000,1,1
rx,6662,54.675104000,54.675344334,0.000240334,1,1
tx,6663,54.683296000,54.683296000,0.000000000,1,1
rx,6663,54.683296000,54.683536334,0.000240334,1,1
tx,6664,54.691488000,54.691488000,0.000000000,1,1
rx,6664,54.691488000,54.691728334,0.000240334,1,1
tx,6665,54.699680000,54.699680000,0.000000000,1,1
rx,6665,54.699680000,54.699920334,0.000240334,1,1
tx,6666,54.707872000,54.707872000,0.000000000,1,1
rx,6666,54.707872000,54.708112334,0.000240334,1,1
tx,6667,54.716064000,54.716064000,0.000000000,1,1
rx,6667,54.716064000,54.716304334,0.000240334,1,1
tx,6668,54.724256000,54.724256000,0.000000000,1,1
rx,6668,54.724256000,54.724496334,0.000240334,1,1
tx,6669,54.732448000,54.732448000,0.000000000,1,1
rx,6669,54.732448000,54.732688334,0.000240334,1,1
tx,6670,54.740640000,54.740640000,0.000000000,1,1
rx,6670,54.740640000,54.740880334,0.000240334,1,1
tx,6671,54.748832000,54.748832000,0.000000000,1,1
rx,6671,54.748832000,54.749072334,0.000240334,1,1
tx,6672,54.757024000,54.757024000,0.000000000,1,1
rx,6672,54.757024000,54.757264334,0.000240334,1,1
tx,6673,54.765216000,54.765216000,0.000000000,1,1
rx,6673,54.765216000,54.765456334,0.000240334,1,1
tx,6674,54.773408000,54.773408000,0.000000000,1,1
rx,6674,54.773408000,54.773648334,0.000240334,1,1
tx,6675,54.781600000,54.781600000,0.000000000,1,1
rx,6675,54.781600000,54.781840334,0.000240334,1,1
tx,6676,54.789792000,54.789792000,0.000000000,1,1
rx,6676,54.789792000,54.790032334,0.000240334,1,1
tx,6677,54.797984000,54.797984000,0.000000000,1,1
rx,6677,54.797984000,54.798224334,0.000240334,1,1
tx,6678,54.806176000,54.806176000,0.000000000,1,1
rx,6678,54.806176000,54.806416334,0.000240334,1,1
tx,6679,54.814368000,54.814368000,0.000000000,1,1
rx,6679,54.814368000,54.814608334,0.000240334,1,1
tx,6680,54.822560000,54.822560000,0.000000000,1,1
rx,6680,54.822560000,54.822800334,0.000240334,1,1
tx,6681,54.830752000,54.830752000,0.000000000,1,1
rx,6681,54.830752000,54.830992334,0.000240334,1,1
tx,6682,54.838944000,54.838944000,0.000000000,1,1
rx,6682,54.838944000,54.839184334,0.000240334,1,1
tx,6683,54.847136000,54.847136000,0.000000000,1,1
rx,6683,54.847136000,54.847376334,0.000240334,1,1
tx,6684,54.855328000,54.855328000,0.000000000,1,1
rx,6684,54.855328000,54.855568334,0.000240334,1,1
tx,6685,54.863520000,54.863520000,0.000000000,1,1
rx,6685,54.863520000,54.863760334,0.000240334,1,1
tx,6686,54.871712000,54.871712000,0.000000000,1,1
rx,6686,54.871712000,54.871952334,0.000240334,1,1
tx,6687,54.879904000,54.879904000,0.000000000,1,1
rx,6687,54.879904000,54.880144334,0.000240334,1,1
tx,6688,54.888096000,54.888096000,0.000000000,1,1
rx,6688,54.888096000,54.888336334,0.000240334,1,1
tx,6689,54.896288000,54.896288000,0.000000000,1,1
rx,6689,54.896288000,54.896528334,0.000240334,1,1
tx,6690,54.904480000,54.904480000,0.000000000,1,1
rx,6690,54.904480000,54.904720334,0.000240334,1,1
tx,6691,54.912672000,54.912672000,0.000000000,1,1
rx,6691,54.912672000,54.912912334,0.000240334,1,1
tx,6692,54.920864000,54.920864000,0.000000000,1,1
rx,6692,54.920864000,54.921104334,0.000240334,1,1
tx,6693,54.929056000,54.929056000,0.000000000,1,1
rx,6693,54.929056000,54.929296334,0.000240334,1,1
tx,6694,54.937248000,54.937248000,0.000000000,1,1
rx,6694,54.937248000,54.937488334,0.000240334,1,1
tx,6695,54.945440000,54.945440000,0.000000000,1,1
rx,6695,54.945440000,54.945680334,0.000240334,1,1
tx,6696,54.953632000,54.953632000,0.000000000,1,1
rx,6696,54.953632000,54.953872334,0.000240334,1,1
tx,6697,54.961824000,54.961824000,0.000000000,1,1
rx,6697,54.961824000,54.962064334,0.000240334,1,1
tx,6698,54.970016000,54.970016000,0.000000000,1,1
rx,6698,54.970016000,54.970256334,0.000240334,1,1
tx,6699,54.978208000,54.978208000,0.000000000,1,1
rx,6699,54.978208000,54.978448334,0.000240334,1,1
tx,6700,54.986400000,54.986400000,0.000000000,1,1
rx,6700,54.986400000,54.986640334,0.000240334,1,1
tx,6701,54.994592000,54.994592000,0.000000000,1,1
rx,6701,54.994592000,54.994832334,0.000240334,1,1
tx,6702,55.002784000,55.002784000,0.000000000,0,0
tx,6703,55.010976000,55.010976000,0.000000000,0,0
tx,6704,55.019168000,55.019168000,0.000000000,0,0
tx,6705,55.027360000,55.027360000,0.000000000,0,0
tx,6706,55.035552000,55.035552000,0.000000000,0,0
tx,6707,55.043744000,55.043744000,0.000000000,0,0
tx,6708,55.051936000,55.051936000,0.000000000,0,0
tx,6709,55.060128000,55.060128000,0.000000000,0,0
tx,6710,55.068320000,55.068320000,0.000000000,0,0
tx,6711,55.076512000,55.076512000,0.000000000,0,0
tx,6712,55.084704000,55.084704000,0.000000000,0,0
tx,6713,55.092896000,55.092896000,0.000000000,0,0
tx,6714,55.101088000,55.101088000,0.000000000,0,0
tx,6715,55.109280000,55.109280000,0.000000000,0,0
tx,6716,55.117472000,55.117472000,0.000000000,0,0
tx,6717,55.125664000,55.125664000,0.000000000,0,0
tx,6718,55.133856000,55.133856000,0.000000000,0,0
tx,6719,55.142048000,55.142048000,0.000000000,0,0
tx,6720,55.150240000,55.150240000,0.000000000,0,0
tx,6721,55.158432000,55.158432000,0.000000000,0,0
tx,6722,55.166624000,55.166624000,0.000000000,0,0
tx,6723,55.174816000,55.174816000,0.000000000,0,0
tx,6724,55.183008000,55.183008000,0.000000000,0,0
tx,6725,55.191200000,55.191200000,0.000000000,0,0
tx,6726,55.199392000,55.199392000,0.000000000,0,0
tx,6727,55.207584000,55.207584000,0.000000000,0,0
tx,6728,55.215776000,55.215776000,0.000000000,0,0
tx,6729,55.223968000,55.223968000,0.000000000,0,0
tx,6730,55.232160000,55.232160000,0.000000000,0,0
tx,6731,55.240352000,55.240352000,0.000000000,0,0
tx,6732,55.248544000,55.248544000,0.000000000,0,0
tx,6733,55.256736000,55.256736000,0.000000000,0,0
tx,6734,55.264928000,55.264928000,0.000000000,0,0
tx,6735,55.273120000,55.273120000,0.000000000,0,0
tx,6736,55.281312000,55.281312000,0.000000000,0,0
tx,6737,55.289504000,55.289504000,0.000000000,0,0
tx,6738,55.297696000,55.297696000,0.000000000,0,0
tx,6739,55.305888000,55.305888000,0.000000000,0,0
tx,6740,55.314080000,55.314080000,0.000000000,0,0
tx,6741,55.322272000,55.322272000,0.000000000,0,0
tx,6742,55.330464000,55.330464000,0.000000000,0,0
tx,6743,55.338656000,55.338656000,0.000000000,0,0
tx,6744,55.346848000,55.346848000,0.000000000,0,0
tx,6745,55.355040000,55.355040000,0.000000000,0,0
tx,6746,55.363232000,55.363232000,0.000000000,0,0
tx,6747,55.371424000,55.371424000,0.000000000,0,0
tx,6748,55.379616000,55.379616000,0.000000000,0,0
tx,6749,55.387808000,55.387808000,0.000000000,0,0
tx,6750,55.396000000,55.396000000,0.000000000,0,0
tx,6751,55.404192000,55.404192000,0.000000000,0,0
tx,6752,55.412384000,55.412384000,0.000000000,0,0
tx,6753,55.420576000,55.420576000,0.000000000,0,0
tx,6754,55.428768000,55.428768000,0.000000000,0,0
tx,6755,55.436960000,55.436960000,0.000000000,0,0
tx,6756,55.445152000,55.445152000,0.000000000,0,0
tx,6757,55.453344000,55.453344000,0.000000000,0,0
tx,6758,55.461536000,55.461536000,0.000000000,0,0
tx,6759,55.469728000,55.469728000,0.000000000,0,0
tx,6760,55.477920000,55.477920000,0.000000000,0,0
tx,6761,55.486112000,55.486112000,0.000000000,0,0
tx,6762,55.494304000,55.494304000,0.000000000,0,0
tx,6763,55.502496000,55.502496000,0.000000000,0,0
tx,6764,55.510688000,55.510688000,0.000000000,0,0
tx,6765,55.518880000,55.518880000,0.000000000,0,0
tx,6766,55.527072000,55.527072000,0.000000000,0,0
tx,6767,55.535264000,55.535264000,0.000000000,0,0
tx,6768,55.543456000,55.543456000,0.000000000,0,0
tx,6769,55.551648000,55.551648000,0.000000000,0,0
tx,6770,55.559840000,55.559840000,0.000000000,0,0
tx,6771,55.568032000,55.568032000,0.000000000,0,0
tx,6772,55.576224000,55.576224000,0.000000000,0,0
tx,6773,55.584416000,55.584416000,0.000000000,0,0
tx,6774,55.592608000,55.592608000,0.000000000,0,0
tx,6775,55.600800000,55.600800000,0.000000000,0,0
tx,6776,55.608992000,55.608992000,0.000000000,0,0
tx,6777,55.617184000,55.617184000,0.000000000,0,0
tx,6778,55.625376000,55.625376000,0.000000000,0,0
tx,6779,55.633568000,55.633568000,0.000000000,0,0
tx,6780,55.641760000,55.641760000,0.000000000,0,0
tx,6781,55.649952000,55.649952000,0.000000000,0,0
tx,6782,55.658144000,55.658144000,0.000000000,0,0
tx,6783,55.666336000,55.666336000,0.000000000,0,0
tx,6784,55.674528000,55.674528000,0.000000000,0,0
tx,6785,55.682720000,55.682720000,0.000000000,0,0
tx,6786,55.690912000,55.690912000,0.000000000,0,0
tx,6787,55.699104000,55.699104000,0.000000000,0,0
tx,6788,55.707296000,55.707296000,0.000000000,0,0
tx,6789,55.715488000,55.715488000,0.000000000,0,0
tx,6790,55.723680000,55.723680000,0.000000000,0,0
tx,6791,55.731872000,55.731872000,0.000000000,0,0
tx,6792,55.740064000,55.740064000,0.000000000,0,0
tx,6793,55.748256000,55.748256000,0.000000000,0,0
tx,6794,55.756448000,55.756448000,0.000000000,0,0
tx,6795,55.764640000,55.764640000,0.000000000,0,0
tx,6796,55.772832000,55.772832000,0.000000000,0,0
tx,6797,55.781024000,55.781024000,0.000000000,0,0
tx,6798,55.789216000,55.789216000,0.000000000,0,0
tx,6799,55.797408000,55.797408000,0.000000000,0,0
tx,6800,55.805600000,55.805600000,0.000000000,0,0
tx,6801,55.813792000,55.813792000,0.000000000,0,0
tx,6802,55.821984000,55.821984000,0.000000000,0,0
tx,6803,55.830176000,55.830176000,0.000000000,0,0
tx,6804,55.838368000,55.838368000,0.000000000,0,0
tx,6805,55.846560000,55.846560000,0.000000000,0,0
tx,6806,55.854752000,55.854752000,0.000000000,0,0
tx,6807,55.862944000,55.862944000,0.000000000,0,0
tx,6808,55.871136000,55.871136000,0.000000000,0,0
tx,6809,55.879328000,55.879328000,0.000000000,0,0
tx,6810,55.887520000,55.887520000,0.000000000,0,0
tx,6811,55.895712000,55.895712000,0.000000000,0,0
tx,6812,55.903904000,55.903904000,0.000000000,0,0
tx,6813,55.912096000,55.912096000,0.000000000,0,0
tx,6814,55.920288000,55.920288000,0.000000000,0,0
tx,6815,55.928480000,55.928480000,0.000000000,0,0
tx,6816,55.936672000,55.936672000,0.000000000,0,0
tx,6817,55.944864000,55.944864000,0.000000000,0,0
tx,6818,55.953056000,55.953056000,0.000000000,0,0
tx,6819,55.961248000,55.961248000,0.000000000,0,0
tx,6820,55.969440000,55.969440000,0.000000000,0,0
tx,6821,55.977632000,55.977632000,0.000000000,0,0
tx,6822,55.985824000,55.985824000,0.000000000,0,0
tx,6823,55.994016000,55.994016000,0.000000000,0,0
tx,6824,56.002208000,56.002208000,0.000000000,1,1
tx,6825,56.010400000,56.010400000,0.000000000,1,1
rx,6763,55.502496000,56.010568334,0.508072334,1,1
rx,6765,55.518880000,56.011323002,0.492443002,1,1
rx,6766,55.527072000,56.011687670,0.484615670,1,1
rx,6767,55.535264000,56.011972338,0.476708338,1,1
rx,6768,55.543456000,56.012317006,0.468861006,1,1
rx,6769,55.551648000,56.012901674,0.461253674,1,1
rx,6770,55.559840000,56.013406342,0.453566342,1,1
rx,6771,55.568032000,56.013951010,0.445919010,1,1
rx,6772,55.576224000,56.014315678,0.438091678,1,1
rx,6773,55.584416000,56.014880346,0.430464346,1,1
rx,6774,55.592608000,56.015285014,0.422677014,1,1
rx,6775,55.600800000,56.015689682,0.414889682,1,1
rx,6776,55.608992000,56.016094350,0.407102350,1,1
rx,6777,55.617184000,56.016579018,0.399395018,1,1
rx,6778,55.625376000,56.017103686,0.391727686,1,1
rx,6779,55.633568000,56.017568354,0.384000354,1,1
rx,6780,55.641760000,56.017873022,0.376113022,1,1
rx,6781,55.649952000,56.018197690,0.368245690,1,1
tx,6826,56.018592000,56.018592000,0.000000000,1,1
rx,6782,55.658144000,56.018622358,0.360478358,1,1
rx,6783,55.666336000,56.019007026,0.352671026,1,1
rx,6784,55.674528000,56.019411694,0.344883694,1,1
rx,6785,55.682720000,56.019716362,0.336996362,1,1
rx,6786,55.690912000,56.020001030,0.329089030,1,1
rx,6787,55.699104000,56.020385698,0.321281698,1,1
rx,6788,55.707296000,56.020750366,0.313454366,1,1
rx,6789,55.715488000,56.021315034,0.305827034,1,1
rx,6790,55.723680000,56.021659702,0.297979702,1,1
rx,6791,55.731872000,56.022124370,0.290252370,1,1
rx,6792,55.740064000,56.022589038,0.282525038,1,1
rx,6793,55.748256000,56.023033706,0.274777706,1,1
rx,6794,55.756448000,56.023498374,0.267050374,1,1
rx,6795,55.764640000,56.024003042,0.259363042,1,1
rx,6796,55.772832000,56.024387710,0.251555710,1,1
rx,6797,55.781024000,56.024892378,0.243868378,1,1
rx,6798,55.789216000,56.025197046,0.235981046,1,1
rx,6799,55.797408000,56.025741714,0.228333714,1,1
rx,6800,55.805600000,56.026106382,0.220506382,1,1
rx,6801,55.813792000,56.026491050,0.212699050,1,1
tx,6827,56.026784000,56.026784000,0.000000000,1,1
rx,6802,55.821984000,56.027055718,0.205071718,1,1
rx,6803,55.830176000,56.027380386,0.197204386,1,1
rx,6804,55.838368000,56.027965054,0.189597054,1,1
rx,6805,55.846560000,56.028389722,0.181829722,1,1
rx,6806,55.854752000,56.028954390,0.174202390,1,1
rx,6807,55.862944000,56.029259058,0.166315058,1,1
rx,6808,55.871136000,56.029543726,0.158407726,1,1
rx,6809,55.879328000,56.030088394,0.150760394,1,1
rx,6810,55.887520000,56.030553062,0.143033062,1,1
rx,6811,55.895712000,56.030977730,0.135265730,1,1
rx,6812,55.903904000,56.031322398,0.127418398,1,1
rx,6813,55.912096000,56.031867066,0.119771066,1,1
rx,6814,55.920288000,56.032451734,0.112163734,1,1
rx,6815,55.928480000,56.032956402,0.104476402,1,1
rx,6816,55.936672000,56.033401070,0.096729070,1,1
rx,6817,55.944864000,56.033825738,0.088961738,1,1
rx,6818,55.953056000,56.034230406,0.081174406,1,1
rx,6819,55.961248000,56.034515074,0.073267074,1,1
tx,6828,56.034976000,56.034976000,0.000000000,1,1
rx,6820,55.969440000,56.035079742,0.065639742,1,1
rx,6821,55.977632000,56.035484410,0.057852410,1,1
rx,6822,55.985824000,56.035789078,0.049965078,1,1
rx,6823,55.994016000,56.036213746,0.042197746,1,1
rx,6824,56.002208000,56.036778414,0.034570414,1,1
rx,6825,56.010400000,56.037163082,0.026763082,1,1
rx,6826,56.018592000,56.037687750,0.019095750,1,1
rx,6827,56.026784000,56.037972418,0.011188418,1,1
rx,6828,56.034976000,56.038537086,0.003561086,1,1
tx,6829,56.043168000,56.043168000,0.000000000,1,1
rx,6829,56.043168000,56.043408334,0.000240334,1,1
tx,6830,56.051360000,56.051360000,0.000000000,1,1
rx,6830,56.051360000,56.051600334,0.000240334,1,1
tx,6831,56.059552000,56.059552000,0.000000000,1,1
rx,6831,56.059552000,56.059792334,0.000240334,1,1
tx,6832,56.067744000,56.067744000,0.000000000,1,1
rx,6832,56.067744000,56.067984334,0.000240334,1,1
tx,6833,56.075936000,56.075936000,0.000000000,1,1
rx,6833,56.075936000,56.076176334,0.000240334,1,1
tx,6834,56.084128000,56.084128000,0.000000000,1,1
rx,6834,56.084128000,56.084368334,0.000240334,1,1
tx,6835,56.092320000,56.092320000,0.000000000,1,1
rx,6835,56.092320000,56.092560334,0.000240334,1,1
tx,6836,56.100512000,56.100512000,0.000000000,1,1
rx,6836,56.100512000,56.100752334,0.000240334,1,1
tx,6837,56.108704000,56.108704000,0.000000000,1,1
rx,6837,56.108704000,56.108944334,0.000240334,1,1
tx,6838,56.116896000,56.116896000,0.000000000,1,1
rx,6838,56.116896000,56.117136334,0.000240334,1,1
tx,6839,56.125088000,56.125088000,0.000000000,1,1
rx,6839,56.125088000,56.125328334,0.000240334,1,1
tx,6840,56.133280000,56.133280000,0.000000000,1,1
rx,6840,56.133280000,56.133520334,0.000240334,1,1
tx,6841,56.141472000,56.141472000,0.000000000,1,1
rx,6841,56.141472000,56.141712334,0.000240334,1,1
tx,6842,56.149664000,56.149664000,0.000000000,1,1
rx,6842,56.149664000,56.149904334,0.000240334,1,1
tx,6843,56.157856000,56.157856000,0.000000000,1,1
rx,6843,56.157856000,56.158096334,0.000240334,1,1
tx,6844,56.166048000,56.166048000,0.000000000,1,1
rx,6844,56.166048000,56.166288334,0.000240334,1,1
tx,6845,56.174240000,56.174240000,0.000000000,1,1
rx,6845,56.174240000,56.174480334,0.000240334,1,1
tx,6846,56.182432000,56.182432000,0.000000000,1,1
rx,6846,56.182432000,56.182672334,0.000240334,1,1
tx,6847,56.190624000,56.190624000,0.000000000,1,1
rx,6847,56.190624000,56.190864334,0.000240334,1,1
tx,6848,56.198816000,56.198816000,0.000000000,1,1
rx,6848,56.198816000,56.199056334,0.000240334,1,1
tx,6849,56.207008000,56.207008000,0.000000000,1,1
rx,6849,56.207008000,56.207248334,0.000240334,1,1
tx,6850,56.215200000,56.215200000,0.000000000,1,1
rx,6850,56.215200000,56.215440334,0.000240334,1,1
tx,6851,56.223392000,56.223392000,0.000000000,1,1
rx,6851,56.223392000,56.223632334,0.000240334,1,1
tx,6852,56.231584000,56.231584000,0.000000000,1,1
rx,6852,56.231584000,56.231824334,0.000240334,1,1
tx,6853,56.239776000,56.239776000,0.000000000,1,1
rx,6853,56.239776000,56.240016334,0.000240334,1,1
tx,6854,56.247968000,56.247968000,0.000000000,1,1
rx,6854,56.247968000,56.248208334,0.000240334,1,1
tx,6855,56.256160000,56.256160000,0.000000000,1,1
rx,6855,56.256160000,56.256400334,0.000240334,1,1
tx,6856,56.264352000,56.264352000,0.000000000,1,1
rx,6856,56.264352000,56.264592334,0.000240334,1,1
tx,6857,56.272544000,56.272544000,0.000000000,1,1
rx,6857,56.272544000,56.272784334,0.000240334,1,1
tx,6858,56.280736000,56.280736000,0.000000000,1,1
rx,6858,56.280736000,56.280976334,0.000240334,1,1
tx,6859,56.288928000,56.288928000,0.000000000,1,1
rx,6859,56.288928000,56.289168334,0.000240334,1,1
tx,6860,56.297120000,56.297120000,0.000000000,1,1
rx,6860,56.297120000,56.297360334,0.000240334,1,1
tx,6861,56.305312000,56.305312000,0.000000000,1,1
rx,6861,56.305312000,56.305552334,0.000240334,1,1
tx,6862,56.313504000,56.313504000,0.000000000,1,1
rx,6862,56.313504000,56.313744334,0.000240334,1,1
tx,6863,56.321696000,56.321696000,0.000000000,1,1
rx,6863,56.321696000,56.321936334,0.000240334,1,1
tx,6864,56.329888000,56.329888000,0.000000000,1,1
rx,6864,56.329888000,56.330128334,0.000240334,1,1
tx,6865,56.338080000,56.338080000,0.000000000,1,1
rx,6865,56.338080000,56.338320334,0.000240334,1,1
tx,6866,56.346272000,56.346272000,0.000000000,1,1
rx,6866,56.346272000,56.346512334,0.000240334,1,1
tx,6867,56.354464000,56.354464000,0.000000000,1,1
rx,6867,56.354464000,56.354704334,0.000240334,1,1
tx,6868,56.362656000,56.362656000,0.000000000,1,1
rx,6868,56.362656000,56.362896334,0.000240334,1,1
tx,6869,56.370848000,56.370848000,0.000000000,1,1
rx,6869,56.370848000,56.371088334,0.000240334,1,1
tx,6870,56.379040000,56.379040000,0.000000000,1,1
rx,6870,56.379040000,56.379280334,0.000240334,1,1
tx,6871,56.387232000,56.387232000,0.000000000,1,1
rx,6871,56.387232000,56.387472334,0.000240334,1,1
tx,6872,56.395424000,56.395424000,0.000000000,1,1
rx,6872,56.395424000,56.395664334,0.000240334,1,1
tx,6873,56.403616000,56.403616000,0.000000000,1,1
rx,6873,56.403616000,56.403856334,0.000240334,1,1
tx,6874,56.411808000,56.411808000,0.000000000,1,1
rx,6874,56.411808000,56.412048334,0.000240334,1,1
tx,6875,56.420000000,56.420000000,0.000000000,1,1
rx,6875,56.420000000,56.420240334,0.000240334,1,1
tx,6876,56.428192000,56.428192000,0.000000000,1,1
rx,6876,56.428192000,56.428432334,0.000240334,1,1
tx,6877,56.436384000,56.436384000,0.000000000,1,1
rx,6877,56.436384000,56.436624334,0.000240334,1,1
tx,6878,56.444576000,56.444576000,0.000000000,1,1
rx,6878,56.444576000,56.444816334,0.000240334,1,1
tx,6879,56.452768000,56.452768000,0.000000000,1,1
rx,6879,56.452768000,56.453008334,0.000240334,1,1
tx,6880,56.460960000,56.460960000,0.000000000,1,1
rx,6880,56.460960000,56.461200334,0.000240334,1,1
tx,6881,56.469152000,56.469152000,0.000000000,1,1
rx,6881,56.469152000,56.469392334,0.000240334,1,1
tx,6882,56.477344000,56.477344000,0.000000000,1,1
rx,6882,56.477344000,56.477584334,0.000240334,1,1
tx,6883,56.485536000,56.485536000,0.000000000,1,1
rx,6883,56.485536000,56.485776334,0.000240334,1,1
tx,6884,56.493728000,56.493728000,0.000000000,1,1
rx,6884,56.493728000,56.493968334,0.000240334,1,1
tx,6885,56.501920000,56.501920000,0.000000000,1,1
rx,6885,56.501920000,56.502160334,0.000240334,1,1
tx,6886,56.510112000,56.510112000,0.000000000,1,1
rx,6886,56.510112000,56.510352334,0.000240334,1,1
tx,6887,56.518304000,56.518304000,0.000000000,1,1
rx,6887,56.518304000,56.518544334,0.000240334,1,1
tx,6888,56.526496000,56.526496000,0.000000000,1,1
rx,6888,56.526496000,56.526736334,0.000240334,1,1
tx,6889,56.534688000,56.534688000,0.000000000,1,1
rx,6889,56.534688000,56.534928334,0.000240334,1,1
tx,6890,56.542880000,56.542880000,0.000000000,1,1
rx,6890,56.542880000,56.543120334,0.000240334,1,1
tx,6891,56.551072000,56.551072000,0.000000000,1,1
rx,6891,56.551072000,56.551312334,0.000240334,1,1
tx,6892,56.559264000,56.559264000,0.000000000,1,1
rx,6892,56.559264000,56.559504334,0.000240334,1,1
tx,6893,56.567456000,56.567456000,0.000000000,1,1
rx,6893,56.567456000,56.567696334,0.000240334,1,1
tx,6894,56.575648000,56.575648000,0.000000000,1,1
rx,6894,56.575648000,56.575888334,0.000240334,1,1
tx,6895,56.583840000,56.583840000,0.000000000,1,1
rx,6895,56.583840000,56.584080334,0.000240334,1,1
tx,6896,56.592032000,56.592032000,0.000000000,1,1
rx,6896,56.592032000,56.592272334,0.000240334,1,1
tx,6897,56.600224000,56.600224000,0.000000000,1,1
rx,6897,56.600224000,56.600464334,0.000240334,1,1
tx,6898,56.608416000,56.608416000,0.000000000,1,1
rx,6898,56.608416000,56.608656334,0.000240334,1,1
tx,6899,56.616608000,56.616608000,0.000000000,1,1
rx,6899,56.616608000,56.616848334,0.000240334,1,1
tx,6900,56.624800000,56.624800000,0.000000000,1,1
rx,6900,56.624800000,56.625040334,0.000240334,1,1
tx,6901,56.632992000,56.632992000,0.000000000,1,1
rx,6901,56.632992000,56.633232334,0.000240334,1,1
tx,6902,56.641184000,56.641184000,0.000000000,1,1
rx,6902,56.641184000,56.641424334,0.000240334,1,1
tx,6903,56.649376000,56.649376000,0.000000000,1,1
rx,6903,56.649376000,56.649616334,0.000240334,1,1
tx,6904,56.657568000,56.657568000,0.000000000,1,1
rx,6904,56.657568000,56.657808334,0.000240334,1,1
tx,6905,56.665760000,56.665760000,0.000000000,1,1
rx,6905,56.665760000,56.666000334,0.000240334,1,1
tx,6906,56.673952000,56.673952000,0.000000000,1,1
rx,6906,56.673952000,56.674192334,0.000240334,1,1
tx,6907,56.682144000,56.682144000,0.000000000,1,1
rx,6907,56.682144000,56.682384334,0.000240334,1,1
tx,6908,56.690336000,56.690336000,0.000000000,1,1
rx,6908,56.690336000,56.690576334,0.000240334,1,1
tx,6909,56.698528000,56.698528000,0.000000000,1,1
rx,6909,56.698528000,56.698768334,0.000240334,1,1
tx,6910,56.706720000,56.706720000,0.000000000,1,1
rx,6910,56.706720000,56.706960334,0.000240334,1,1
tx,6911,56.714912000,56.714912000,0.000000000,1,1
rx,6911,56.714912000,56.715152334,0.000240334,1,1
tx,6912,56.723104000,56.723104000,0.000000000,1,1
rx,6912,56.723104000,56.723344334,0.000240334,1,1
tx,6913,56.731296000,56.731296000,0.000000000,1,1
rx,6913,56.731296000,56.731536334,0.000240334,1,1
tx,6914,56.739488000,56.739488000,0.000000000,1,1
rx,6914,56.739488000,56.739728334,0.000240334,1,1
tx,6915,56.747680000,56.747680000,0.000000000,1,1
rx,6915,56.747680000,56.747920334,0.000240334,1,1
tx,6916,56.755872000,56.755872000,0.000000000,1,1
rx,6916,56.755872000,56.756112334,0.000240334,1,1
tx,6917,56.764064000,56.764064000,0.000000000,1,1
rx,6917,56.764064000,56.764304334,0.000240334,1,1
tx,6918,56.772256000,56.772256000,0.000000000,1,1
rx,6918,56.772256000,56.772496334,0.000240334,1,1
tx,6919,56.780448000,56.780448000,0.000000000,1,1
rx,6919,56.780448000,56.780688334,0.000240334,1,1
tx,6920,56.788640000,56.788640000,0.000000000,1,1
rx,6920,56.788640000,56.788880334,0.000240334,1,1
tx,6921,56.796832000,56.796832000,0.000000000,1,1
rx,6921,56.796832000,56.797072334,0.000240334,1,1
tx,6922,56.805024000,56.805024000,0.000000000,1,1
rx,6922,56.805024000,56.805264334,0.000240334,1,1
tx,6923,56.813216000,56.813216000,0.000000000,1,1
rx,6923,56.813216000,56.813456334,0.000240334,1,1
tx,6924,56.821408000,56.821408000,0.000000000,1,1
rx,6924,56.821408000,56.821648334,0.000240334,1,1
tx,6925,56.829600000,56.829600000,0.000000000,1,1
rx,6925,56.829600000,56.829840334,0.000240334,1,1
tx,6926,56.837792000,56.837792000,0.000000000,1,1
rx,6926,56.837792000,56.838032334,0.000240334,1,1
tx,6927,56.845984000,56.845984000,0.000000000,1,1
rx,6927,56.845984000,56.846224334,0.000240334,1,1
tx,6928,56.854176000,56.854176000,0.000000000,1,1
rx,6928,56.854176000,56.854416334,0.000240334,1,1
tx,6929,56.862368000,56.862368000,0.000000000,1,1
rx,6929,56.862368000,56.862608334,0.000240334,1,1
tx,6930,56.870560000,56.870560000,0.000000000,1,1
rx,6930,56.870560000,56.870800334,0.000240334,1,1
tx,6931,56.878752000,56.878752000,0.000000000,1,1
rx,6931,56.878752000,56.878992334,0.000240334,1,1
tx,6932,56.886944000,56.886944000,0.000000000,1,1
rx,6932,56.886944000,56.887184334,0.000240334,1,1
tx,6933,56.895136000,56.895136000,0.000000000,1,1
rx,6933,56.895136000,56.895376334,0.000240334,1,1
tx,6934,56.903328000,56.903328000,0.000000000,1,1
rx,6934,56.903328000,56.903568334,0.000240334,1,1
tx,6935,56.911520000,56.911520000,0.000000000,1,1
rx,6935,56.911520000,56.911760334,0.000240334,1,1
tx,6936,56.919712000,56.919712000,0.000000000,1,1
rx,6936,56.919712000,56.919952334,0.000240334,1,1
tx,6937,56.927904000,56.927904000,0.000000000,1,1
rx,6937,56.927904000,56.928144334,0.000240334,1,1
tx,6938,56.936096000,56.936096000,0.000000000,1,1
rx,6938,56.936096000,56.936336334,0.000240334,1,1
tx,6939,56.944288000,56.944288000,0.000000000,1,1
rx,6939,56.944288000,56.944528334,0.000240334,1,1
tx,6940,56.952480000,56.952480000,0.000000000,1,1
rx,6940,56.952480000,56.952720334,0.000240334,1,1
tx,6941,56.960672000,56.960672000,0.000000000,1,1
rx,6941,56.960672000,56.960912334,0.000240334,1,1
tx,6942,56.968864000,56.968864000,0.000000000,1,1
rx,6942,56.968864000,56.969104334,0.000240334,1,1
tx,6943,56.977056000,56.977056000,0.000000000,1,1
rx,6943,56.977056000,56.977296334,0.000240334,1,1
tx,6944,56.985248000,56.985248000,0.000000000,1,1
rx,6944,56.985248000,56.985488334,0.000240334,1,1
tx,6945,56.993440000,56.993440000,0.000000000,1,1
rx,6945,56.993440000,56.993680334,0.000240334,1,1
tx,6946,57.001632000,57.001632000,0.000000000,0,0
tx,6947,57.009824000,57.009824000,0.000000000,0,0
tx,6948,57.018016000,57.018016000,0.000000000,0,0
tx,6949,57.026208000,57.026208000,0.000000000,0,0
tx,6950,57.034400000,57.034400000,0.000000000,0,0
tx,6951,57.042592000,57.042592000,0.000000000,0,0
tx,6952,57.050784000,57.050784000,0.000000000,0,0
tx,6953,57.058976000,57.058976000,0.000000000,0,0
tx,6954,57.067168000,57.067168000,0.000000000,0,0
tx,6955,57.075360000,57.075360000,0.000000000,0,0
tx,6956,57.083552000,57.083552000,0.000000000,0,0
tx,6957,57.091744000,57.091744000,0.000000000,0,0
tx,6958,57.099936000,57.099936000,0.000000000,0,0
tx,6959,57.108128000,57.108128000,0.000000000,0,0
tx,6960,57.116320000,57.116320000,0.000000000,0,0
tx,6961,57.124512000,57.124512000,0.000000000,0,0
tx,6962,57.132704000,57.132704000,0.000000000,0,0
tx,6963,57.140896000,57.140896000,0.000000000,0,0
tx,6964,57.149088000,57.149088000,0.000000000,0,0
tx,6965,57.157280000,57.157280000,0.000000000,0,0
tx,6966,57.165472000,57.165472000,0.000000000,0,0
tx,6967,57.173664000,57.173664000,0.000000000,0,0
tx,6968,57.181856000,57.181856000,0.000000000,0,0
tx,6969,57.190048000,57.190048000,0.000000000,0,0
tx,6970,57.198240000,57.198240000,0.000000000,0,0
tx,6971,57.206432000,57.206432000,0.000000000,0,0
tx,6972,57.214624000,57.214624000,0.000000000,0,0
tx,6973,57.222816000,57.222816000,0.000000000,0,0
tx,6974,57.231008000,57.231008000,0.000000000,0,0
tx,6975,57.239200000,57.239200000,0.000000000,0,0
tx,6976,57.247392000,57.247392000,0.000000000,0,0
tx,6977,57.255584000,57.255584000,0.000000000,0,0
tx,6978,57.263776000,57.263776000,0.000000000,0,0
tx,6979,57.271968000,57.271968000,0.000000000,0,0
tx,6980,57.280160000,57.280160000,0.000000000,0,0
tx,6981,57.288352000,57.288352000,0.000000000,0,0
tx,6982,57.296544000,57.296544000,0.000000000,0,0
tx,6983,57.304736000,57.304736000,0.000000000,0,0
tx,6984,57.312928000,57.312928000,0.000000000,0,0
tx,6985,57.321120000,57.321120000,0.000000000,0,0
tx,6986,57.329312000,57.329312000,0.000000000,0,0
tx,6987,57.337504000,57.337504000,0.000000000,0,0
tx,6988,57.345696000,57.345696000,0.000000000,0,0
tx,6989,57.353888000,57.353888000,0.000000000,0,0
tx,6990,57.362080000,57.362080000,0.000000000,0,0
tx,6991,57.370272000,57.370272000,0.000000000,0,0
tx,6992,57.378464000,57.378464000,0.000000000,0,0
tx,6993,57.386656000,57.386656000,0.000000000,0,0
tx,6994,57.394848000,57.394848000,0.000000000,0,0
tx,6995,57.403040000,57.403040000,0.000000000,0,0
tx,6996,57.411232000,57.411232000,0.000000000,0,0
tx,6997,57.419424000,57.419424000,0.000000000,0,0
tx,6998,57.427616000,57.427616000,0.000000000,0,0
tx,6999,57.435808000,57.435808000,0.000000000,0,0
tx,7000,57.444000000,57.444000000,0.000000000,0,0
tx,7001,57.452192000,57.452192000,0.000000000,0,0
tx,7002,57.460384000,57.460384000,0.000000000,0,0
tx,7003,57.468576000,57.468576000,0.000000000,0,0
tx,7004,57.476768000,57.476768000,0.000000000,0,0
tx,7005,57.484960000,57.484960000,0.000000000,0,0
tx,7006,57.493152000,57.493152000,0.000000000,0,0
tx,7007,57.501344000,57.501344000,0.000000000,0,0
tx,7008,57.509536000,57.509536000,0.000000000,0,0
tx,7009,57.517728000,57.517728000,0.000000000,0,0
tx,7010,57.525920000,57.525920000,0.000000000,0,0
tx,7011,57.534112000,57.534112000,0.000000000,0,0
tx,7012,57.542304000,57.542304000,0.000000000,0,0
tx,7013,57.550496000,57.550496000,0.000000000,0,0
tx,7014,57.558688000,57.558688000,0.000000000,0,0
tx,7015,57.566880000,57.566880000,0.000000000,0,0
tx,7016,57.575072000,57.575072000,0.000000000,0,0
tx,7017,57.583264000,57.583264000,0.000000000,0,0
tx,7018,57.591456000,57.591456000,0.000000000,0,0
tx,7019,57.599648000,57.599648000,0.000000000,0,0
tx,7020,57.607840000,57.607840000,0.000000000,0,0
tx,7021,57.616032000,57.616032000,0.000000000,0,0
tx,7022,57.624224000,57.624224000,0.000000000,0,0
tx,7023,57.632416000,57.632416000,0.000000000,0,0
tx,7024,57.640608000,57.640608000,0.000000000,0,0
tx,7025,57.648800000,57.648800000,0.000000000,0,0
tx,7026,57.656992000,57.656992000,0.000000000,0,0
tx,7027,57.665184000,57.665184000,0.000000000,0,0
tx,7028,57.673376000,57.673376000,0.000000000,0,0
tx,7029,57.681568000,57.681568000,0.000000000,0,0
tx,7030,57.689760000,57.689760000,0.000000000,0,0
tx,7031,57.697952000,57.697952000,0.000000000,0,0
tx,7032,57.706144000,57.706144000,0.000000000,0,0
tx,7033,57.714336000,57.714336000,0.000000000,0,0
tx,7034,57.722528000,57.722528000,0.000000000,0,0
tx,7035,57.730720000,57.730720000,0.000000000,0,0
tx,7036,57.738912000,57.738912000,0.000000000,0,0
tx,7037,57.747104000,57.747104000,0.000000000,0,0
tx,7038,57.755296000,57.755296000,0.000000000,0,0
tx,7039,57.763488000,57.763488000,0.000000000,0,0
tx,7040,57.771680000,57.771680000,0.000000000,0,0
tx,7041,57.779872000,57.779872000,0.000000000,0,0
tx,7042,57.788064000,57.788064000,0.000000000,0,0
tx,7043,57.796256000,57.796256000,0.000000000,0,0
tx,7044,57.804448000,57.804448000,0.000000000,0,0
tx,7045,57.812640000,57.812640000,0.000000000,0,0
tx,7046,57.820832000,57.820832000,0.000000000,0,0
tx,7047,57.829024000,57.829024000,0.000000000,0,0
tx,7048,57.837216000,57.837216000,0.000000000,0,0
tx,7049,57.845408000,57.845408000,0.000000000,0,0
tx,7050,57.853600000,57.853600000,0.000000000,0,0
tx,7051,57.861792000,57.861792000,0.000000000,0,0
tx,7052,57.869984000,57.869984000,0.000000000,0,0
tx,7053,57.878176000,57.878176000,0.000000000,0,0
tx,7054,57.886368000,57.886368000,0.000000000,0,0
tx,7055,57.894560000,57.894560000,0.000000000,0,0
tx,7056,57.902752000,57.902752000,0.000000000,0,0
tx,7057,57.910944000,57.910944000,0.000000000,0,0
tx,7058,57.919136000,57.919136000,0.000000000,0,0
tx,7059,57.927328000,57.927328000,0.000000000,0,0
tx,7060,57.935520000,57.935520000,0.000000000,0,0
tx,7061,57.943712000,57.943712000,0.000000000,0,0
tx,7062,57.951904000,57.951904000,0.000000000,0,0
tx,7063,57.960096000,57.960096000,0.000000000,0,0
tx,7064,57.968288000,57.968288000,0.000000000,0,0
tx,7065,57.976480000,57.976480000,0.000000000,0,0
tx,7066,57.984672000,57.984672000,0.000000000,0,0
tx,7067,57.992864000,57.992864000,0.000000000,0,0
tx,7068,58.001056000,58.001056000,0.000000000,1,1
tx,7069,58.009248000,58.009248000,0.000000000,1,1
tx,7070,58.017440000,58.017440000,0.000000000,1,1
rx,7009,57.517728000,58.024660334,0.506932334,1,1
rx,7010,57.525920000,58.025295002,0.499375002,1,1
rx,7011,57.534112000,58.025599670,0.491487670,1,1
tx,7071,58.025632000,58.025632000,0.000000000,1,1
rx,7012,57.542304000,58.025984338,0.483680338,1,1
rx,7013,57.550496000,58.026549006,0.476053006,1,1
rx,7014,57.558688000,58.026933674,0.468245674,1,1
rx,7015,57.566880000,58.027438342,0.460558342,1,1
rx,7016,57.575072000,58.027923010,0.452851010,1,1
rx,7017,57.583264000,58.028367678,0.445103678,1,1
rx,7018,57.591456000,58.028692346,0.437236346,1,1
rx,7019,57.599648000,58.029017014,0.429369014,1,1
rx,7020,57.607840000,58.029361682,0.421521682,1,1
rx,7021,57.616032000,58.029866350,0.413834350,1,1
rx,7022,57.624224000,58.030151018,0.405927018,1,1
rx,7023,57.632416000,58.030515686,0.398099686,1,1
rx,7024,57.640608000,58.031100354,0.390492354,1,1
rx,7025,57.648800000,58.031505022,0.382705022,1,1
rx,7026,57.656992000,58.031849690,0.374857690,1,1
rx,7027,57.665184000,58.032314358,0.367130358,1,1
rx,7028,57.673376000,58.032639026,0.359263026,1,1
rx,7029,57.681568000,58.033143694,0.351575694,1,1
rx,7030,57.689760000,58.033528362,0.343768362,1,1
tx,7072,58.033824000,58.033824000,0.000000000,1,1
rx,7031,57.697952000,58.033853030,0.335901030,1,1
rx,7032,57.706144000,58.034157698,0.328013698,1,1
rx,7033,57.714336000,58.034502366,0.320166366,1,1
rx,7034,57.722528000,58.035087034,0.312559034,1,1
rx,7035,57.730720000,58.035471702,0.304751702,1,1
rx,7036,57.738912000,58.035996370,0.297084370,1,1
rx,7037,57.747104000,58.036341038,0.289237038,1,1
rx,7038,57.755296000,58.036925706,0.281629706,1,1
rx,7039,57.763488000,58.037230374,0.273742374,1,1
rx,7040,57.771680000,58.037695042,0.266015042,1,1
rx,7041,57.779872000,58.038239710,0.258367710,1,1
rx,7042,57.788064000,58.038544378,0.250480378,1,1
rx,7043,57.796256000,58.038929046,0.242673046,1,1
rx,7044,57.804448000,58.039473714,0.235025714,1,1
rx,7045,57.812640000,58.039858382,0.227218382,1,1
rx,7046,57.820832000,58.040283050,0.219451050,1,1
rx,7047,57.829024000,58.040607718,0.211583718,1,1
rx,7048,57.837216000,58.041012386,0.203796386,1,1
rx,7049,57.845408000,58.041477054,0.196069054,1,1
rx,7050,57.853600000,58.041781722,0.188181722,1,1
tx,7073,58.042016000,58.042016000,0.000000000,1,1
rx,7051,57.861792000,58.042266390,0.180474390,1,1
rx,7052,57.869984000,58.042551058,0.172567058,1,1
rx,7053,57.878176000,58.043115726,0.164939726,1,1
rx,7054,57.886368000,58.043580394,0.157212394,1,1
rx,7055,57.894560000,58.044065062,0.149505062,1,1
rx,7056,57.902752000,58.044529730,0.141777730,1,1
rx,7057,57.910944000,58.045034398,0.134090398,1,1
rx,7058,57.919136000,58.045479066,0.126343066,1,1
rx,7059,57.927328000,58.045883734,0.118555734,1,1
rx,7060,57.935520000,58.046168402,0.110648402,1,1
rx,7061,57.943712000,58.046573070,0.102861070,1,1
rx,7062,57.951904000,58.046957738,0.095053738,1,1
rx,7063,57.960096000,58.047342406,0.087246406,1,1
rx,7064,57.968288000,58.047807074,0.079519074,1,1
rx,7065,57.976480000,58.048211742,0.071731742,1,1
rx,7066,57.984672000,58.048496410,0.063824410,1,1
rx,7067,57.992864000,58.049061078,0.056197078,1,1
rx,7068,58.001056000,58.049445746,0.048389746,1,1
rx,7069,58.009248000,58.049950414,0.040702414,1,1
tx,7074,58.050208000,58.050208000,0.000000000,1,1
rx,7070,58.017440000,58.050515082,0.033075082,1,1
rx,7071,58.025632000,58.050819750,0.025187750,1,1
rx,7072,58.033824000,58.051304418,0.017480418,1,1
rx,7073,58.042016000,58.051669086,0.009653086,1,1
rx,7074,58.050208000,58.052253754,0.002045754,1,1
tx,7075,58.058400000,58.058400000,0.000000000,1,1
rx,7075,58.058400000,58.058640334,0.000240334,1,1
tx,7076,58.066592000,58.066592000,0.000000000,1,1
rx,7076,58.066592000,58.066832334,0.000240334,1,1
tx,7077,58.074784000,58.074784000,0.000000000,1,1
rx,7077,58.074784000,58.075024334,0.000240334,1,1
tx,7078,58.082976000,58.082976000,0.000000000,1,1
rx,7078,58.082976000,58.083216334,0.000240334,1,1
tx,7079,58.091168000,58.091168000,0.000000000,1,1
rx,7079,58.091168000,58.091408334,0.000240334,1,1
tx,7080,58.099360000,58.099360000,0.000000000,1,1
rx,7080,58.099360000,58.099600334,0.000240334,1,1
tx,7081,58.107552000,58.107552000,0.000000000,1,1
rx,7081,58.107552000,58.107792334,0.000240334,1,1
tx,7082,58.115744000,58.115744000,0.000000000,1,1
rx,7082,58.115744000,58.115984334,0.000240334,1,1
tx,7083,58.123936000,58.123936000,0.000000000,1,1
rx,7083,58.123936000,58.124176334,0.000240334,1,1
tx,7084,58.132128000,58.132128000,0.000000000,1,1
rx,7084,58.132128000,58.132368334,0.000240334,1,1
tx,7085,58.140320000,58.140320000,0.000000000,1,1
rx,7085,58.140320000,58.140560334,0.000240334,1,1
tx,7086,58.148512000,58.148512000,0.000000000,1,1
rx,7086,58.148512000,58.148752334,0.000240334,1,1
tx,7087,58.156704000,58.156704000,0.000000000,1,1
rx,7087,58.156704000,58.156944334,0.000240334,1,1
tx,7088,58.164896000,58.164896000,0.000000000,1,1
rx,7088,58.164896000,58.165136334,0.000240334,1,1
tx,7089,58.173088000,58.173088000,0.000000000,1,1
rx,7089,58.173088000,58.173328334,0.000240334,1,1
tx,7090,58.181280000,58.181280000,0.000000000,1,1
rx,7090,58.181280000,58.181520334,0.000240334,1,1
tx,7091,58.189472000,58.189472000,0.000000000,1,1
rx,7091,58.189472000,58.189712334,0.000240334,1,1
tx,7092,58.197664000,58.197664000,0.000000000,1,1
rx,7092,58.197664000,58.197904334,0.000240334,1,1
tx,7093,58.205856000,58.205856000,0.000000000,1,1
rx,7093,58.205856000,58.206096334,0.000240334,1,1
tx,7094,58.214048000,58.214048000,0.000000000,1,1
rx,7094,58.214048000,58.214288334,0.000240334,1,1
tx,7095,58.222240000,58.222240000,0.000000000,1,1
rx,7095,58.222240000,58.222480334,0.000240334,1,1
tx,7096,58.230432000,58.230432000,0.000000000,1,1
rx,7096,58.230432000,58.230672334,0.000240334,1,1
tx,7097,58.238624000,58.238624000,0.000000000,1,1
rx,7097,58.238624000,58.238864334,0.000240334,1,1
tx,7098,58.246816000,58.246816000,0.000000000,1,1
rx,7098,58.246816000,58.247056334,0.000240334,1,1
tx,7099,58.255008000,58.255008000,0.000000000,1,1
rx,7099,58.255008000,58.255248334,0.000240334,1,1
tx,7100,58.263200000,58.263200000,0.000000000,1,1
rx,7100,58.263200000,58.263440334,0.000240334,1,1
tx,7101,58.271392000,58.271392000,0.000000000,1,1
rx,7101,58.271392000,58.271632334,0.000240334,1,1
tx,7102,58.279584000,58.279584000,0.000000000,1,1
rx,7102,58.279584000,58.279824334,0.000240334,1,1
tx,7103,58.287776000,58.287776000,0.000000000,1,1
rx,7103,58.287776000,58.288016334,0.000240334,1,1
tx,7104,58.295968000,58.295968000,0.000000000,1,1
rx,7104,58.295968000,58.296208334,0.000240334,1,1
tx,7105,58.304160000,58.304160000,0.000000000,1,1
rx,7105,58.304160000,58.304400334,0.000240334,1,1
tx,7106,58.312352000,58.312352000,0.000000000,1,1
rx,7106,58.312352000,58.312592334,0.000240334,1,1
tx,7107,58.320544000,58.320544000,0.000000000,1,1
rx,7107,58.320544000,58.320784334,0.000240334,1,1
tx,7108,58.328736000,58.328736000,0.000000000,1,1
rx,7108,58.328736000,58.328976334,0.000240334,1,1
tx,7109,58.336928000,58.336928000,0.000000000,1,1
rx,7109,58.336928000,58.337168334,0.000240334,1,1
tx,7110,58.345120000,58.345120000,0.000000000,1,1
rx,7110,58.345120000,58.345360334,0.000240334,1,1
tx,7111,58.353312000,58.353312000,0.000000000,1,1
rx,7111,58.353312000,58.353552334,0.000240334,1,1
tx,7112,58.361504000,58.361504000,0.000000000,1,1
rx,7112,58.361504000,58.361744334,0.000240334,1,1
tx,7113,58.369696000,58.369696000,0.000000000,1,1
rx,7113,58.369696000,58.369936334,0.000240334,1,1
tx,7114,58.377888000,58.377888000,0.000000000,1,1
rx,7114,58.377888000,58.378128334,0.000240334,1,1
tx,7115,58.386080000,58.386080000,0.000000000,1,1
rx,7115,58.386080000,58.386320334,0.000240334,1,1
tx,7116,58.394272000,58.394272000,0.000000000,1,1
rx,7116,58.394272000,58.394512334,0.000240334,1,1
tx,7117,58.402464000,58.402464000,0.000000000,1,1
rx,7117,58.402464000,58.402704334,0.000240334,1,1
tx,7118,58.410656000,58.410656000,0.000000000,1,1
rx,7118,58.410656000,58.410896334,0.000240334,1,1
tx,7119,58.418848000,58.418848000,0.000000000,1,1
rx,7119,58.418848000,58.419088334,0.000240334,1,1
tx,7120,58.427040000,58.427040000,0.000000000,1,1
rx,7120,58.427040000,58.427280334,0.000240334,1,1
tx,7121,58.435232000,58.435232000,0.000000000,1,1
rx,7121,58.435232000,58.435472334,0.000240334,1,1
tx,7122,58.443424000,58.443424000,0.000000000,1,1
rx,7122,58.443424000,58.443664334,0.000240334,1,1
tx,7123,58.451616000,58.451616000,0.000000000,1,1
rx,7123,58.451616000,58.451856334,0.000240334,1,1
tx,7124,58.459808000,58.459808000,0.000000000,1,1
rx,7124,58.459808000,58.460048334,0.000240334,1,1
tx,7125,58.468000000,58.468000000,0.000000000,1,1
rx,7125,58.468000000,58.468240334,0.000240334,1,1
tx,7126,58.476192000,58.476192000,0.000000000,1,1
rx,7126,58.476192000,58.476432334,0.000240334,1,1
tx,7127,58.484384000,58.484384000,0.000000000,1,1
rx,7127,58.484384000,58.484624334,0.000240334,1,1
tx,7128,58.492576000,58.492576000,0.000000000,1,1
rx,7128,58.492576000,58.492816334,0.000240334,1,1
tx,7129,58.500768000,58.500768000,0.000000000,1,1
rx,7129,58.500768000,58.501008334,0.000240334,1,1
tx,7130,58.508960000,58.508960000,0.000000000,1,1
rx,7130,58.508960000,58.509200334,0.000240334,1,1
tx,7131,58.517152000,58.517152000,0.000000000,1,1
rx,7131,58.517152000,58.517392334,0.000240334,1,1
tx,7132,58.525344000,58.525344000,0.000000000,1,1
rx,7132,58.525344000,58.525584334,0.000240334,1,1
tx,7133,58.533536000,58.533536000,0.000000000,1,1
rx,7133,58.533536000,58.533776334,0.000240334,1,1
tx,7134,58.541728000,58.541728000,0.000000000,1,1
rx,7134,58.541728000,58.541968334,0.000240334,1,1
tx,7135,58.549920000,58.549920000,0.000000000,1,1
rx,7135,58.549920000,58.550160334,0.000240334,1,1
tx,7136,58.558112000,58.558112000,0.000000000,1,1
rx,7136,58.558112000,58.558352334,0.000240334,1,1
tx,7137,58.566304000,58.566304000,0.000000000,1,1
rx,7137,58.566304000,58.566544334,0.000240334,1,1
tx,7138,58.574496000,58.574496000,0.000000000,1,1
rx,7138,58.574496000,58.574736334,0.000240334,1,1
tx,7139,58.582688000,58.582688000,0.000000000,1,1
rx,7139,58.582688000,58.582928334,0.000240334,1,1
tx,7140,58.590880000,58.590880000,0.000000000,1,1
rx,7140,58.590880000,58.591120334,0.000240334,1,1
tx,7141,58.599072000,58.599072000,0.000000000,1,1
rx,7141,58.599072000,58.599312334,0.000240334,1,1
tx,7142,58.607264000,58.607264000,0.000000000,1,1
rx,7142,58.607264000,58.607504334,0.000240334,1,1
tx,7143,58.615456000,58.615456000,0.000000000,1,1
rx,7143,58.615456000,58.615696334,0.000240334,1,1
tx,7144,58.623648000,58.623648000,0.000000000,1,1
rx,7144,58.623648000,58.623888334,0.000240334,1,1
tx,7145,58.631840000,58.631840000,0.000000000,1,1
rx,7145,58.631840000,58.632080334,0.000240334,1,1
tx,7146,58.640032000,58.640032000,0.000000000,1,1
rx,7146,58.640032000,58.640272334,0.000240334,1,1
tx,7147,58.648224000,58.648224000,0.000000000,1,1
rx,7147,58.648224000,58.648464334,0.000240334,1,1
tx,7148,58.656416000,58.656416000,0.000000000,1,1
rx,7148,58.656416000,58.656656334,0.000240334,1,1
tx,7149,58.664608000,58.664608000,0.000000000,1,1
rx,7149,58.664608000,58.664848334,0.000240334,1,1
tx,7150,58.672800000,58.672800000,0.000000000,1,1
rx,7150,58.672800000,58.673040334,0.000240334,1,1
tx,7151,58.680992000,58.680992000,0.000000000,1,1
rx,7151,58.680992000,58.681232334,0.000240334,1,1
tx,7152,58.689184000,58.689184000,0.000000000,1,1
rx,7152,58.689184000,58.689424334,0.000240334,1,1
tx,7153,58.697376000,58.697376000,0.000000000,1,1
rx,7153,58.697376000,58.697616334,0.000240334,1,1
tx,7154,58.705568000,58.705568000,0.000000000,1,1
rx,7154,58.705568000,58.705808334,0.000240334,1,1
tx,7155,58.713760000,58.713760000,0.000000000,1,1
rx,7155,58.713760000,58.714000334,0.000240334,1,1
tx,7156,58.721952000,58.721952000,0.000000000,1,1
rx,7156,58.721952000,58.722192334,0.000240334,1,1
tx,7157,58.730144000,58.730144000,0.000000000,1,1
rx,7157,58.730144000,58.730384334,0.000240334,1,1
tx,7158,58.738336000,58.738336000,0.000000000,1,1
rx,7158,58.738336000,58.738576334,0.000240334,1,1
tx,7159,58.746528000,58.746528000,0.000000000,1,1
rx,7159,58.746528000,58.746768334,0.000240334,1,1
tx,7160,58.754720000,58.754720000,0.000000000,1,1
rx,7160,58.754720000,58.754960334,0.000240334,1,1
tx,7161,58.762912000,58.762912000,0.000000000,1,1
rx,7161,58.762912000,58.763152334,0.000240334,1,1
tx,7162,58.771104000,58.771104000,0.000000000,1,1
rx,7162,58.771104000,58.771344334,0.000240334,1,1
tx,7163,58.779296000,58.779296000,0.000000000,1,1
rx,7163,58.779296000,58.779536334,0.000240334,1,1
tx,7164,58.787488000,58.787488000,0.000000000,1,1
rx,7164,58.787488000,58.787728334,0.000240334,1,1
tx,7165,58.795680000,58.795680000,0.000000000,1,1
rx,7165,58.795680000,58.795920334,0.000240334,1,1
tx,7166,58.803872000,58.803872000,0.000000000,1,1
rx,7166,58.803872000,58.804112334,0.000240334,1,1
tx,7167,58.812064000,58.812064000,0.000000000,1,1
rx,7167,58.812064000,58.812304334,0.000240334,1,1
tx,7168,58.820256000,58.820256000,0.000000000,1,1
rx,7168,58.820256000,58.820496334,0.000240334,1,1
tx,7169,58.828448000,58.828448000,0.000000000,1,1
rx,7169,58.828448000,58.828688334,0.000240334,1,1
tx,7170,58.836640000,58.836640000,0.000000000,1,1
rx,7170,58.836640000,58.836880334,0.000240334,1,1
tx,7171,58.844832000,58.844832000,0.000000000,1,1
rx,7171,58.844832000,58.845072334,0.000240334,1,1
tx,7172,58.853024000,58.853024000,0.000000000,1,1
rx,7172,58.853024000,58.853264334,0.000240334,1,1
tx,7173,58.861216000,58.861216000,0.000000000,1,1
rx,7173,58.861216000,58.861456334,0.000240334,1,1
tx,7174,58.869408000,58.869408000,0.000000000,1,1
rx,7174,58.869408000,58.869648334,0.000240334,1,1
tx,7175,58.877600000,58.877600000,0.000000000,1,1
rx,7175,58.877600000,58.877840334,0.000240334,1,1
tx,7176,58.885792000,58.885792000,0.000000000,1,1
rx,7176,58.885792000,58.886032334,0.000240334,1,1
tx,7177,58.893984000,58.893984000,0.000000000,1,1
rx,7177,58.893984000,58.894224334,0.000240334,1,1
tx,7178,58.902176000,58.902176000,0.000000000,1,1
rx,7178,58.902176000,58.902416334,0.000240334,1,1
tx,7179,58.910368000,58.910368000,0.000000000,1,1
rx,7179,58.910368000,58.910608334,0.000240334,1,1
tx,7180,58.918560000,58.918560000,0.000000000,1,1
rx,7180,58.918560000,58.918800334,0.000240334,1,1
tx,7181,58.926752000,58.926752000,0.000000000,1,1
rx,7181,58.926752000,58.926992334,0.000240334,1,1
tx,7182,58.934944000,58.934944000,0.000000000,1,1
rx,7182,58.934944000,58.935184334,0.000240334,1,1
tx,7183,58.943136000,58.943136000,0.000000000,1,1
rx,7183,58.943136000,58.943376334,0.000240334,1,1
tx,7184,58.951328000,58.951328000,0.000000000,1,1
rx,7184,58.951328000,58.951568334,0.000240334,1,1
tx,7185,58.959520000,58.959520000,0.000000000,1,1
rx,7185,58.959520000,58.959760334,0.000240334,1,1
tx,7186,58.967712000,58.967712000,0.000000000,1,1
rx,7186,58.967712000,58.967952334,0.000240334,1,1
tx,7187,58.975904000,58.975904000,0.000000000,1,1
rx,7187,58.975904000,58.976144334,0.000240334,1,1
tx,7188,58.984096000,58.984096000,0.000000000,1,1
rx,7188,58.984096000,58.984336334,0.000240334,1,1
tx,7189,58.992288000,58.992288000,0.000000000,1,1
rx,7189,58.992288000,58.992528334,0.000240334,1,1
