scenario,protocol,wall_time_s,cpu_time_s,ip_tx_cb_calls,ip_rx_cb_calls,frame_apply_calls,routing_tx,routing_rx,pdr,goodput_mbps,eed_mean_s,app_tx_pkts,app_rx_pkts,ip_drop_no_route,ip_drop_route_err,phy_tx_drop,phy_rx_drop,routing_efficiency,control_packets,control_bytes,control_packets_per_delivered,control_bytes_per_delivered,oracle_uptime_ratio,oracle_mean_up_run_s,oracle_median_up_run_s,oracle_p90_up_run_s,oracle_up_runs_s,oracle_transition_count,oracle_path_identity_retention,oracle_has_alternative_paths,oracle_outage_durations_s,reestablishment_times_s,reestablishment_outage_durations_s,olsr_hello_packets,olsr_hello_bytes,olsr_tc_packets,olsr_tc_bytes,olsr_mid_packets,olsr_mid_bytes,olsr_hna_packets,olsr_hna_bytes,olsr_other_packets,olsr_other_bytes,aodv_hello_packets,aodv_hello_bytes,aodv_rreq_packets,aodv_rreq_bytes,aodv_rrep_packets,aodv_rrep_bytes,aodv_rerr_packets,aodv_rerr_bytes,aodv_rrep_ack_packets,aodv_rrep_ack_bytes,aodv_other_packets,aodv_other_bytes,dsdv_update_packets,dsdv_update_bytes,dsdv_other_packets,dsdv_other_bytes,static_other_packets,static_other_bytes,label,param_name,param_value,realization_id,replay_epoch
trace,olsr,0.425420,0.425380,1438,1655,105,525,969,0.222222,0.014727,74.264265,360,80,21,0,0,429,0.246914,525,36856,6.562500,460.700000,0.900000,7.714286,8.000000,8.000000,8.000000;8.000000;8.000000;8.000000;8.000000;7.000000;7.000000,12,0.808511,1,1.000000;1.000000;1.000000;1.000000;1.000000;1.000000,4.410849;3.262119;0.462393;1.310349;nan;nan,1.000000;1.000000;1.000000;1.000000;1.000000;1.000000,365,23424,160,13432,0,0,0,0,0,0,0,0,0,0,0,0,0,0,0,0,0,0,0,0,0,0,0,0,graph_0005__path_life_0.9000,path_life,0.9,graph_0005,epoch_0001
trace,aodv,0.711283,0.711217,2802,3376,105,1155,1761,0.850000,0.042828,76.752110,360,306,22,0,0,680,0.944444,1155,54882,3.774510,179.352941,0.900000,7.714286,8.000000,8.000000,8.000000;8.000000;8.000000;8.000000;8.000000;7.000000;7.000000,12,0.808511,1,1.000000;1.000000;1.000000;1.000000;1.000000;1.000000,0.135498;2.605952;0.484712;0.024767;0.157377;0.021413,1.000000;1.000000;1.000000;1.000000;1.000000;1.000000,0,0,0,0,0,0,0,0,0,0,779,37392,105,5460,138,6624,120,5016,13,390,0,0,0,0,0,0,0,0,graph_0005__path_life_0.9000,path_life,0.9,graph_0005,epoch_0001
trace,static,0.418686,0.418537,1492,1433,105,0,0,0.836111,0.041968,74.595632,360,301,0,0,0,318,0.929012,0,0,0.000000,0.000000,0.900000,7.714286,8.000000,8.000000,8.000000;8.000000;8.000000;8.000000;8.000000;7.000000;7.000000,12,0.808511,1,1.000000;1.000000;1.000000;1.000000;1.000000;1.000000,0.154357;0.159085;0.143669;0.164129;0.166353;0.030389,1.000000;1.000000;1.000000;1.000000;1.000000;1.000000,0,0,0,0,0,0,0,0,0,0,0,0,0,0,0,0,0,0,0,0,0,0,0,0,0,0,0,0,graph_0005__path_life_0.9000,path_life,0.9,graph_0005,epoch_0001
trace,olsr,0.466102,0.466067,1483,1765,105,523,967,0.397222,0.019936,80.395132,360,143,14,0,0,484,0.441358,523,36688,3.657343,256.559441,0.900000,7.714286,8.000000,8.000000,8.000000;8.000000;8.000000;8.000000;8.000000;7.000000;7.000000,12,0.808511,1,1.000000;1.000000;1.000000;1.000000;1.000000;1.000000,nan;3.254405;0.134693;1.301949;2.322346;0.363960,1.000000;1.000000;1.000000;1.000000;1.000000;1.000000,366,23584,157,13104,0,0,0,0,0,0,0,0,0,0,0,0,0,0,0,0,0,0,0,0,0,0,0,0,graph_0005__path_life_0.9000,path_life,0.9,graph_0005,epoch_0003
trace,aodv,0.731631,0.731590,2812,3394,105,1136,1744,0.911111,0.045899,75.289182,360,328,6,0,0,786,1.012346,1136,54260,3.463415,165.426829,0.900000,7.714286,8.000000,8.000000,8.000000;8.000000;8.000000;8.000000;8.000000;7.000000;7.000000,12,0.808511,1,1.000000;1.000000;1.000000;1.000000;1.000000;1.000000,0.464132;0.723599;0.476976;0.026327;0.157377;0.021413,1.000000;1.000000;1.000000;1.000000;1.000000;1.000000,0,0,0,0,0,0,0,0,0,0,784,37632,109,5668,129,6192,101,4352,12,360,1,56,0,0,0,0,0,0,graph_0005__path_life_0.9000,path_life,0.9,graph_0005,epoch_0003
trace,static,0.426046,0.425998,1492,1433,105,0,0,0.836111,0.041963,74.595608,360,301,0,0,0,319,0.929012,0,0,0.000000,0.000000,0.900000,7.714286,8.000000,8.000000,8.000000;8.000000;8.000000;8.000000;8.000000;7.000000;7.000000,12,0.808511,1,1.000000;1.000000;1.000000;1.000000;1.000000;1.000000,0.158593;0.157645;0.143669;0.164129;0.166353;0.030389,1.000000;1.000000;1.000000;1.000000;1.000000;1.000000,0,0,0,0,0,0,0,0,0,0,0,0,0,0,0,0,0,0,0,0,0,0,0,0,0,0,0,0,graph_0005__path_life_0.9000,path_life,0.9,graph_0005,epoch_0003
trace,olsr,0.434852,0.434822,1449,1679,105,530,980,0.244444,0.016195,71.490287,360,88,11,0,0,470,0.271605,530,37472,6.022727,425.818182,0.900000,7.714286,8.000000,8.000000,8.000000;8.000000;8.000000;8.000000;8.000000;7.000000;7.000000,12,0.808511,1,1.000000;1.000000;1.000000;1.000000;1.000000;1.000000,4.390211;0.336247;3.903013;1.301829;nan;nan,1.000000;1.000000;1.000000;1.000000;1.000000;1.000000,366,23672,164,13800,0,0,0,0,0,0,0,0,0,0,0,0,0,0,0,0,0,0,0,0,0,0,0,0,graph_0005__path_life_0.9000,path_life,0.9,graph_0005,epoch_0004
trace,aodv,0.739901,0.739809,2846,3444,105,1198,1817,0.922222,0.046461,75.223427,360,332,7,0,0,799,1.024691,1198,56994,3.608434,171.668675,0.900000,7.714286,8.000000,8.000000,8.000000;8.000000;8.000000;8.000000;8.000000;7.000000;7.000000,12,0.808511,1,1.000000;1.000000;1.000000;1.000000;1.000000;1.000000,0.112861;0.216994;0.134693;0.006719;0.157377;0.021413,1.000000;1.000000;1.000000;1.000000;1.000000;1.000000,0,0,0,0,0,0,0,0,0,0,777,37296,119,6188,174,8352,111,4648,17,510,0,0,0,0,0,0,0,0,graph_0005__path_life_0.9000,path_life,0.9,graph_0005,epoch_0004
trace,static,0.422681,0.422667,1493,1435,105,0,0,0.838889,0.042098,74.500075,360,302,0,0,0,320,0.932099,0,0,0.000000,0.000000,0.900000,7.714286,8.000000,8.000000,8.000000;8.000000;8.000000;8.000000;8.000000;7.000000;7.000000,12,0.808511,1,1.000000;1.000000;1.000000;1.000000;1.000000;1.000000,0.160573;0.157119;0.143669;0.164129;0.166353;0.030389,1.000000;1.000000;1.000000;1.000000;1.000000;1.000000,0,0,0,0,0,0,0,0,0,0,0,0,0,0,0,0,0,0,0,0,0,0,0,0,0,0,0,0,graph_0005__path_life_0.9000,path_life,0.9,graph_0005,epoch_0004
trace,olsr,0.492409,0.492343,1481,1742,105,535,988,0.344444,0.017287,81.532506,360,124,15,0,0,475,0.382716,535,37792,4.314516,304.774194,0.900000,7.714286,8.000000,8.000000,8.000000;8.000000;8.000000;8.000000;8.000000;7.000000;7.000000,12,0.808511,1,1.000000;1.000000;1.000000;1.000000;1.000000;1.000000,4.556275;0.305015;3.575333;1.301749;2.464052;0.256935,1.000000;1.000000;1.000000;1.000000;1.000000;1.000000,364,23432,171,14360,0,0,0,0,0,0,0,0,0,0,0,0,0,0,0,0,0,0,0,0,0,0,0,0,graph_0005__path_life_0.9000,path_life,0.9,graph_0005,epoch_0005
trace,aodv,0.719016,0.718882,2753,3397,105,1143,1809,0.869444,0.043814,76.036194,360,313,25,0,0,563,0.966049,1143,54350,3.651757,173.642173,0.900000,7.714286,8.000000,8.000000,8.000000;8.000000;8.000000;8.000000;8.000000;7.000000;7.000000,12,0.808511,1,1.000000;1.000000;1.000000;1.000000;1.000000;1.000000,0.329775;1.798609;0.134693;0.023047;0.157377;0.021413,1.000000;1.000000;1.000000;1.000000;1.000000;1.000000,0,0,0,0,0,0,0,0,0,0,785,37680,106,5512,127,6096,112,4672,13,390,0,0,0,0,0,0,0,0,graph_0005__path_life_0.9000,path_life,0.9,graph_0005,epoch_0005
trace,static,0.431085,0.431026,1493,1435,105,0,0,0.838889,0.042103,74.500120,360,302,0,0,0,319,0.932099,0,0,0.000000,0.000000,0.900000,7.714286,8.000000,8.000000,8.000000;8.000000;8.000000;8.000000;8.000000;7.000000;7.000000,12,0.808511,1,1.000000;1.000000;1.000000;1.000000;1.000000;1.000000,0.152871;0.165825;0.143669;0.164129;0.166353;0.030389,1.000000;1.000000;1.000000;1.000000;1.000000;1.000000,0,0,0,0,0,0,0,0,0,0,0,0,0,0,0,0,0,0,0,0,0,0,0,0,0,0,0,0,graph_0005__path_life_0.9000,path_life,0.9,graph_0005,epoch_0005
trace,olsr,0.373664,0.373353,1237,1515,105,521,941,0.266667,0.014430,76.682198,360,96,12,0,0,430,0.296296,521,37004,5.427083,385.458333,0.900000,7.714286,8.000000,8.000000,8.000000;8.000000;8.000000;8.000000;8.000000;7.000000;7.000000,12,0.808511,1,1.000000;1.000000;1.000000;1.000000;1.000000;1.000000,nan;3.606451;0.134693;1.301829;nan;0.367259,1.000000;1.000000;1.000000;1.000000;1.000000;1.000000,357,22984,164,14020,0,0,0,0,0,0,0,0,0,0,0,0,0,0,0,0,0,0,0,0,0,0,0,0,graph_0005__path_life_0.9000,path_life,0.9,graph_0005,epoch_0002
trace,aodv,0.734258,0.733495,2815,3447,105,1176,1829,0.861111,0.043392,76.194504,360,310,29,0,0,764,0.956790,1176,55732,3.793548,179.780645,0.900000,7.714286,8.000000,8.000000,8.000000;8.000000;8.000000;8.000000;8.000000;7.000000;7.000000,12,0.808511,1,1.000000;1.000000;1.000000;1.000000;1.000000;1.000000,0.149892;1.787208;0.134693;0.008211;0.157377;0.021413,1.000000;1.000000;1.000000;1.000000;1.000000;1.000000,0,0,0,0,0,0,0,0,0,0,778,37344,107,5564,141,6768,138,5696,12,360,0,0,0,0,0,0,0,0,graph_0005__path_life_0.9000,path_life,0.9,graph_0005,epoch_0002
trace,static,0.427151,0.426819,1492,1433,105,0,0,0.836111,0.041965,74.595599,360,301,0,0,0,319,0.929012,0,0,0.000000,0.000000,0.900000,7.714286,8.000000,8.000000,8.000000;8.000000;8.000000;8.000000;8.000000;7.000000;7.000000,12,0.808511,1,1.000000;1.000000;1.000000;1.000000;1.000000;1.000000,0.156533;0.158045;0.143669;0.164129;0.166353;0.030389,1.000000;1.000000;1.000000;1.000000;1.000000;1.000000,0,0,0,0,0,0,0,0,0,0,0,0,0,0,0,0,0,0,0,0,0,0,0,0,0,0,0,0,graph_0005__path_life_0.9000,path_life,0.9,graph_0005,epoch_0002
trace,olsr,0.426946,0.426899,1401,1857,105,577,1203,0.111111,0.006765,71.462012,360,40,35,0,0,505,1.111111,577,42256,14.425000,1056.400000,0.100000,3.000000,3.000000,3.000000,3.000000;3.000000,2,1.000000,1,54.000000,nan,54.000000,351,23924,213,17604,0,0,0,0,13,728,0,0,0,0,0,0,0,0,0,0,0,0,0,0,0,0,0,0,graph_0002__path_life_0.1000,path_life,0.1,graph_0002,epoch_0001
trace,aodv,0.564712,0.564531,2415,3342,105,1353,2352,0.275000,0.014422,67.911069,360,99,65,112,0,733,2.750000,1353,64348,13.666667,649.979798,0.100000,3.000000,3.000000,3.000000,3.000000;3.000000,2,1.000000,1,54.000000,nan,54.000000,0,0,0,0,0,0,0,0,0,0,717,34416,236,12272,163,7824,214,9016,18,540,5,280,0,0,0,0,0,0,graph_0002__path_life_0.1000,path_life,0.1,graph_0002,epoch_0001
trace,static,0.049021,0.049018,471,140,105,0,0,0.080556,0.004043,69.839703,360,29,0,0,0,27,0.805556,0,0,0.000000,0.000000,0.100000,3.000000,3.000000,3.000000,3.000000;3.000000,2,1.000000,1,54.000000,0.180009,54.000000,0,0,0,0,0,0,0,0,0,0,0,0,0,0,0,0,0,0,0,0,0,0,0,0,0,0,0,0,graph_0002__path_life_0.1000,path_life,0.1,graph_0002,epoch_0001
trace,olsr,0.489722,0.489703,1568,2019,105,551,1161,0.147222,0.008963,67.892397,360,53,37,0,0,634,1.472222,551,41052,10.396226,774.566038,0.100000,3.000000,3.000000,3.000000,3.000000;3.000000,2,1.000000,1,54.000000,nan,54.000000,353,24064,191,16596,0,0,0,0,7,392,0,0,0,0,0,0,0,0,0,0,0,0,0,0,0,0,0,0,graph_0002__path_life_0.1000,path_life,0.1,graph_0002,epoch_0003
trace,aodv,0.518827,0.518602,2244,3094,105,1249,2175,0.319444,0.019533,76.095216,360,115,17,113,0,751,3.194444,1249,60112,10.860870,522.713043,0.100000,3.000000,3.000000,3.000000,3.000000;3.000000,2,1.000000,1,54.000000,nan,54.000000,0,0,0,0,0,0,0,0,0,0,713,34224,240,12480,141,6768,134,5880,16,480,5,280,0,0,0,0,0,0,graph_0002__path_life_0.1000,path_life,0.1,graph_0002,epoch_0003
trace,static,0.048706,0.048671,471,140,105,0,0,0.080556,0.004043,69.839449,360,29,0,0,0,27,0.805556,0,0,0.000000,0.000000,0.100000,3.000000,3.000000,3.000000,3.000000;3.000000,2,1.000000,1,54.000000,0.178315,54.000000,0,0,0,0,0,0,0,0,0,0,0,0,0,0,0,0,0,0,0,0,0,0,0,0,0,0,0,0,graph_0002__path_life_0.1000,path_life,0.1,graph_0002,epoch_0003
trace,olsr,0.444828,0.444805,1364,1782,105,562,1191,0.147222,0.008964,68.397172,360,53,43,0,0,625,1.472222,562,41776,10.603774,788.226415,0.100000,3.000000,3.000000,3.000000,3.000000;3.000000,2,1.000000,1,54.000000,nan,54.000000,346,23612,215,18108,0,0,0,0,1,56,0,0,0,0,0,0,0,0,0,0,0,0,0,0,0,0,0,0,graph_0002__path_life_0.1000,path_life,0.1,graph_0002,epoch_0004
trace,aodv,0.566616,0.566373,2386,3224,105,1330,2268,0.327778,0.020035,71.727435,360,118,29,112,0,827,3.277778,1330,63714,11.271186,539.949153,0.100000,3.000000,3.000000,3.000000,3.000000;3.000000,2,1.000000,1,54.000000,nan,54.000000,0,0,0,0,0,0,0,0,0,0,714,34272,245,12740,188,9024,158,6824,21,630,4,224,0,0,0,0,0,0,graph_0002__path_life_0.1000,path_life,0.1,graph_0002,epoch_0004
trace,static,0.049152,0.049150,471,140,105,0,0,0.080556,0.004043,69.839889,360,29,0,0,0,27,0.805556,0,0,0.000000,0.000000,0.100000,3.000000,3.000000,3.000000,3.000000;3.000000,2,1.000000,1,54.000000,0.184215,54.000000,0,0,0,0,0,0,0,0,0,0,0,0,0,0,0,0,0,0,0,0,0,0,0,0,0,0,0,0,graph_0002__path_life_0.1000,path_life,0.1,graph_0002,epoch_0004
trace,olsr,0.299780,0.299725,916,1382,105,542,1163,0.055556,0.010788,47.729215,360,20,1,0,0,281,0.555556,542,40380,27.100000,2019.000000,0.100000,3.000000,3.000000,3.000000,3.000000;3.000000,2,1.000000,1,54.000000,nan,54.000000,357,24380,185,16000,0,0,0,0,0,0,0,0,0,0,0,0,0,0,0,0,0,0,0,0,0,0,0,0,graph_0002__path_life_0.1000,path_life,0.1,graph_0002,epoch_0005
trace,aodv,0.640857,0.640716,2594,3482,105,1372,2340,0.413889,0.021712,75.241646,360,149,62,56,0,837,4.138889,1372,65242,9.208054,437.865772,0.100000,3.000000,3.000000,3.000000,3.000000;3.000000,2,1.000000,1,54.000000,nan,54.000000,0,0,0,0,0,0,0,0,0,0,701,33648,258,13416,172,8256,216,9120,23,690,2,112,0,0,0,0,0,0,graph_0002__path_life_0.1000,path_life,0.1,graph_0002,epoch_0005
trace,static,0.049266,0.049264,471,140,105,0,0,0.080556,0.004044,69.839981,360,29,0,0,0,27,0.805556,0,0,0.000000,0.000000,0.100000,3.000000,3.000000,3.000000,3.000000;3.000000,2,1.000000,1,54.000000,0.179983,54.000000,0,0,0,0,0,0,0,0,0,0,0,0,0,0,0,0,0,0,0,0,0,0,0,0,0,0,0,0,graph_0002__path_life_0.1000,path_life,0.1,graph_0002,epoch_0005
trace,olsr,0.289140,0.289096,916,1402,105,542,1152,0.088889,0.007596,58.769738,360,32,22,0,0,371,0.888889,542,40072,16.937500,1252.250000,0.100000,3.000000,3.000000,3.000000,3.000000;3.000000,2,1.000000,1,54.000000,nan,54.000000,356,24280,186,15792,0,0,0,0,0,0,0,0,0,0,0,0,0,0,0,0,0,0,0,0,0,0,0,0,graph_0002__path_life_0.1000,path_life,0.1,graph_0002,epoch_0002
trace,aodv,0.567759,0.567609,2421,3233,105,1309,2211,0.297222,0.018183,72.585391,360,107,52,56,0,748,2.972222,1309,62226,12.233645,581.551402,0.100000,3.000000,3.000000,3.000000,3.000000;3.000000,2,1.000000,1,54.000000,nan,54.000000,0,0,0,0,0,0,0,0,0,0,729,34992,221,11492,149,7152,187,7848,21,630,2,112,0,0,0,0,0,0,graph_0002__path_life_0.1000,path_life,0.1,graph_0002,epoch_0002
trace,static,0.049497,0.049495,471,140,105,0,0,0.080556,0.004043,69.839725,360,29,0,0,0,27,0.805556,0,0,0.000000,0.000000,0.100000,3.000000,3.000000,3.000000,3.000000;3.000000,2,1.000000,1,54.000000,0.182495,54.000000,0,0,0,0,0,0,0,0,0,0,0,0,0,0,0,0,0,0,0,0,0,0,0,0,0,0,0,0,graph_0002__path_life_0.1000,path_life,0.1,graph_0002,epoch_0002
trace,olsr,0.320374,0.320253,1058,1317,105,548,976,0.125000,0.006767,72.448651,360,45,0,0,0,408,1.250000,548,39684,12.177778,881.866667,0.100000,3.000000,3.000000,3.000000,3.000000;3.000000,2,nan,0,54.000000,nan,54.000000,359,23504,189,16180,0,0,0,0,0,0,0,0,0,0,0,0,0,0,0,0,0,0,0,0,0,0,0,0,graph_0001__path_life_0.1000,path_life,0.1,graph_0001,epoch_0001
trace,aodv,0.593454,0.593400,2523,3104,105,1365,2018,0.338889,0.017204,81.233321,360,122,54,112,0,1003,3.388889,1365,65098,11.188525,533.590164,0.100000,3.000000,3.000000,3.000000,3.000000;3.000000,2,nan,0,54.000000,0.117697,54.000000,0,0,0,0,0,0,0,0,0,0,716,34368,258,13416,178,8544,186,7856,23,690,4,224,0,0,0,0,0,0,graph_0001__path_life_0.1000,path_life,0.1,graph_0001,epoch_0001
trace,static,0.054482,0.054474,494,163,105,0,0,0.080556,0.004045,69.840387,360,29,0,0,0,18,0.805556,0,0,0.000000,0.000000,0.100000,3.000000,3.000000,3.000000,3.000000;3.000000,2,nan,0,54.000000,0.167681,54.000000,0,0,0,0,0,0,0,0,0,0,0,0,0,0,0,0,0,0,0,0,0,0,0,0,0,0,0,0,graph_0001__path_life_0.1000,path_life,0.1,graph_0001,epoch_0001
trace,olsr,0.337697,0.337690,1125,1362,105,554,967,0.161111,0.008724,69.139009,360,58,8,0,0,455,1.611111,554,40516,9.551724,698.551724,0.100000,3.000000,3.000000,3.000000,3.000000;3.000000,2,nan,0,54.000000,nan,54.000000,358,23352,196,17164,0,0,0,0,0,0,0,0,0,0,0,0,0,0,0,0,0,0,0,0,0,0,0,0,graph_0001__path_life_0.1000,path_life,0.1,graph_0001,epoch_0003
trace,aodv,0.514213,0.514194,2273,2882,105,1242,1878,0.330556,0.016779,81.000462,360,119,45,169,0,579,3.305556,1242,58962,10.436975,495.478992,0.100000,3.000000,3.000000,3.000000,3.000000;3.000000,2,nan,0,54.000000,0.800808,54.000000,0,0,0,0,0,0,0,0,0,0,751,36048,169,8788,133,6384,172,7232,17,510,0,0,0,0,0,0,0,0,graph_0001__path_life_0.1000,path_life,0.1,graph_0001,epoch_0003
trace,static,0.054641,0.054639,494,163,105,0,0,0.080556,0.004046,69.840990,360,29,0,0,0,18,0.805556,0,0,0.000000,0.000000,0.100000,3.000000,3.000000,3.000000,3.000000;3.000000,2,nan,0,54.000000,0.173921,54.000000,0,0,0,0,0,0,0,0,0,0,0,0,0,0,0,0,0,0,0,0,0,0,0,0,0,0,0,0,graph_0001__path_life_0.1000,path_life,0.1,graph_0001,epoch_0003
trace,olsr,0.345098,0.345075,1139,1422,105,558,981,0.127778,0.006919,73.275929,360,46,0,0,0,386,1.277778,558,40804,12.130435,887.043478,0.100000,3.000000,3.000000,3.000000,3.000000;3.000000,2,nan,0,54.000000,nan,54.000000,354,23152,198,17316,0,0,0,0,6,336,0,0,0,0,0,0,0,0,0,0,0,0,0,0,0,0,0,0,graph_0001__path_life_0.1000,path_life,0.1,graph_0001,epoch_0004
trace,aodv,0.484169,0.484126,2149,2711,105,1215,1846,0.225000,0.011425,75.117842,360,81,35,175,0,606,2.250000,1215,57984,15.000000,715.851852,0.100000,3.000000,3.000000,3.000000,3.000000;3.000000,2,nan,0,54.000000,0.117697,54.000000,0,0,0,0,0,0,0,0,0,0,739,35472,190,9880,129,6192,140,5904,16,480,1,56,0,0,0,0,0,0,graph_0001__path_life_0.1000,path_life,0.1,graph_0001,epoch_0004
trace,static,0.054671,0.054669,494,163,105,0,0,0.080556,0.004045,69.840748,360,29,0,0,0,18,0.805556,0,0,0.000000,0.000000,0.100000,3.000000,3.000000,3.000000,3.000000;3.000000,2,nan,0,54.000000,0.172161,54.000000,0,0,0,0,0,0,0,0,0,0,0,0,0,0,0,0,0,0,0,0,0,0,0,0,0,0,0,0,graph_0001__path_life_0.1000,path_life,0.1,graph_0001,epoch_0004
trace,olsr,0.220302,0.220294,809,1158,105,562,997,0.058333,0.013740,48.524935,360,21,0,0,0,190,0.583333,562,40740,26.761905,1940.000000,0.100000,3.000000,3.000000,3.000000,3.000000;3.000000,2,nan,0,54.000000,nan,54.000000,361,23552,201,17188,0,0,0,0,0,0,0,0,0,0,0,0,0,0,0,0,0,0,0,0,0,0,0,0,graph_0001__path_life_0.1000,path_life,0.1,graph_0001,epoch_0005
trace,aodv,0.503974,0.503853,2272,2905,105,1223,1901,0.322222,0.016357,81.392993,360,116,30,169,0,620,3.222222,1223,58286,10.543103,502.465517,0.100000,3.000000,3.000000,3.000000,3.000000;3.000000,2,nan,0,54.000000,0.400997,54.000000,0,0,0,0,0,0,0,0,0,0,750,36000,169,8788,136,6528,148,6240,15,450,5,280,0,0,0,0,0,0,graph_0001__path_life_0.1000,path_life,0.1,graph_0001,epoch_0005
trace,static,0.054510,0.054502,494,163,105,0,0,0.080556,0.004045,69.840802,360,29,0,0,0,18,0.805556,0,0,0.000000,0.000000,0.100000,3.000000,3.000000,3.000000,3.000000;3.000000,2,nan,0,54.000000,0.170725,54.000000,0,0,0,0,0,0,0,0,0,0,0,0,0,0,0,0,0,0,0,0,0,0,0,0,0,0,0,0,graph_0001__path_life_0.1000,path_life,0.1,graph_0001,epoch_0005
trace,olsr,0.271777,0.271663,939,1237,105,558,992,0.088889,0.005234,67.160794,360,32,0,0,0,305,0.888889,558,40432,17.437500,1263.500000,0.100000,3.000000,3.000000,3.000000,3.000000;3.000000,2,nan,0,54.000000,nan,54.000000,350,22848,208,17584,0,0,0,0,0,0,0,0,0,0,0,0,0,0,0,0,0,0,0,0,0,0,0,0,graph_0001__path_life_0.1000,path_life,0.1,graph_0001,epoch_0002
trace,aodv,0.546329,0.546295,2381,2957,105,1221,1865,0.388889,0.019742,80.496018,360,140,40,112,0,764,3.888889,1221,58068,8.721429,414.771429,0.100000,3.000000,3.000000,3.000000,3.000000;3.000000,2,nan,0,54.000000,0.312916,54.000000,0,0,0,0,0,0,0,0,0,0,740,35520,179,9308,131,6288,155,6472,16,480,0,0,0,0,0,0,0,0,graph_0001__path_life_0.1000,path_life,0.1,graph_0001,epoch_0002
trace,static,0.054624,0.054593,494,163,105,0,0,0.080556,0.004045,69.840804,360,29,0,0,0,18,0.805556,0,0,0.000000,0.000000,0.100000,3.000000,3.000000,3.000000,3.000000;3.000000,2,nan,0,54.000000,0.175401,54.000000,0,0,0,0,0,0,0,0,0,0,0,0,0,0,0,0,0,0,0,0,0,0,0,0,0,0,0,0,graph_0001__path_life_0.1000,path_life,0.1,graph_0001,epoch_0002
trace,olsr,0.307724,0.307389,1007,1408,105,534,1053,0.080556,0.004639,55.773483,360,29,21,0,0,297,0.268519,534,38668,18.413793,1333.379310,0.300000,4.500000,4.500000,5.000000,5.000000;5.000000;4.000000;4.000000,6,0.857143,1,14.000000;14.000000;14.000000,nan;3.242885;nan,14.000000;14.000000;14.000000,363,24060,170,14552,0,0,0,0,1,56,0,0,0,0,0,0,0,0,0,0,0,0,0,0,0,0,0,0,graph_0003__path_life_0.3000,path_life,0.3,graph_0003,epoch_0001
trace,aodv,0.742305,0.741406,2931,3617,105,1311,2099,0.602778,0.030593,75.460849,360,217,42,0,0,888,2.009259,1311,62330,6.041475,287.235023,0.300000,4.500000,4.500000,5.000000,5.000000;5.000000;4.000000;4.000000,6,0.857143,1,14.000000;14.000000;14.000000,0.107101;0.306316;1.157487,14.000000;14.000000;14.000000,0,0,0,0,0,0,0,0,0,0,734,35232,196,10192,176,8448,180,7552,19,570,6,336,0,0,0,0,0,0,graph_0003__path_life_0.3000,path_life,0.3,graph_0003,epoch_0001
trace,static,0.159357,0.159224,775,513,105,0,0,0.272222,0.013666,71.560538,360,98,0,0,0,75,0.907407,0,0,0.000000,0.000000,0.300000,4.500000,4.500000,5.000000,5.000000;5.000000;4.000000;4.000000,6,0.857143,1,14.000000;14.000000;14.000000,0.151613;0.148091;0.138024,14.000000;14.000000;14.000000,0,0,0,0,0,0,0,0,0,0,0,0,0,0,0,0,0,0,0,0,0,0,0,0,0,0,0,0,graph_0003__path_life_0.3000,path_life,0.3,graph_0003,epoch_0001
trace,olsr,0.331469,0.331452,1023,1389,105,538,1066,0.102778,0.005464,64.424077,360,37,8,0,0,322,0.342593,538,39268,14.540541,1061.297297,0.300000,4.500000,4.500000,5.000000,5.000000;5.000000;4.000000;4.000000,6,0.857143,1,14.000000;14.000000;14.000000,nan;2.578549;nan,14.000000;14.000000;14.000000,359,23772,179,15496,0,0,0,0,0,0,0,0,0,0,0,0,0,0,0,0,0,0,0,0,0,0,0,0,graph_0003__path_life_0.3000,path_life,0.3,graph_0003,epoch_0003
trace,aodv,0.699408,0.699272,2827,3558,105,1253,2025,0.625000,0.032265,79.130392,360,225,38,57,0,904,2.083333,1253,59652,5.568889,265.120000,0.300000,4.500000,4.500000,5.000000,5.000000;5.000000;4.000000;4.000000,6,0.857143,1,14.000000;14.000000;14.000000,0.299518;0.469701;0.593825,14.000000;14.000000;14.000000,0,0,0,0,0,0,0,0,0,0,742,35616,167,8684,173,8304,150,6288,16,480,5,280,0,0,0,0,0,0,graph_0003__path_life_0.3000,path_life,0.3,graph_0003,epoch_0003
trace,static,0.154801,0.154771,775,513,105,0,0,0.272222,0.013666,71.560454,360,98,0,0,0,75,0.907407,0,0,0.000000,0.000000,0.300000,4.500000,4.500000,5.000000,5.000000;5.000000;4.000000;4.000000,6,0.857143,1,14.000000;14.000000;14.000000,0.147147;0.144931;0.142924,14.000000;14.000000;14.000000,0,0,0,0,0,0,0,0,0,0,0,0,0,0,0,0,0,0,0,0,0,0,0,0,0,0,0,0,graph_0003__path_life_0.3000,path_life,0.3,graph_0003,epoch_0003
trace,olsr,0.281160,0.281142,905,1316,105,546,1085,0.069444,0.003693,58.620579,360,25,16,0,0,302,0.231481,546,39420,21.840000,1576.800000,0.300000,4.500000,4.500000,5.000000,5.000000;5.000000;4.000000;4.000000,6,0.857143,1,14.000000;14.000000;14.000000,nan;2.742389;nan,14.000000;14.000000;14.000000,359,23768,187,15652,0,0,0,0,0,0,0,0,0,0,0,0,0,0,0,0,0,0,0,0,0,0,0,0,graph_0003__path_life_0.3000,path_life,0.3,graph_0003,epoch_0004
trace,aodv,0.643878,0.643750,2619,3331,105,1274,2051,0.538889,0.027353,75.862178,360,194,44,57,0,865,1.796296,1274,60686,6.567010,312.814433,0.300000,4.500000,4.500000,5.000000,5.000000;5.000000;4.000000;4.000000,6,0.857143,1,14.000000;14.000000;14.000000,nan;0.457807;0.648988,14.000000;14.000000;14.000000,0,0,0,0,0,0,0,0,0,0,735,35280,187,9724,174,8352,162,6824,15,450,1,56,0,0,0,0,0,0,graph_0003__path_life_0.3000,path_life,0.3,graph_0003,epoch_0004
trace,static,0.154281,0.154272,775,513,105,0,0,0.272222,0.013668,71.560666,360,98,0,0,0,75,0.907407,0,0,0.000000,0.000000,0.300000,4.500000,4.500000,5.000000,5.000000;5.000000;4.000000;4.000000,6,0.857143,1,14.000000;14.000000;14.000000,0.160633;0.147351;0.140884,14.000000;14.000000;14.000000,0,0,0,0,0,0,0,0,0,0,0,0,0,0,0,0,0,0,0,0,0,0,0,0,0,0,0,0,graph_0003__path_life_0.3000,path_life,0.3,graph_0003,epoch_0004
trace,olsr,0.325118,0.324800,978,1353,105,536,1044,0.094444,0.005334,60.742425,360,34,16,0,0,302,0.314815,536,39128,15.764706,1150.823529,0.300000,4.500000,4.500000,5.000000,5.000000;5.000000;4.000000;4.000000,6,0.857143,1,14.000000;14.000000;14.000000,nan;2.605407;nan,14.000000;14.000000;14.000000,362,23976,174,15152,0,0,0,0,0,0,0,0,0,0,0,0,0,0,0,0,0,0,0,0,0,0,0,0,graph_0003__path_life_0.3000,path_life,0.3,graph_0003,epoch_0005
trace,aodv,0.640579,0.639864,2562,3278,105,1220,1993,0.583333,0.038269,71.170748,360,210,34,56,0,780,1.944444,1220,58156,5.809524,276.933333,0.300000,4.500000,4.500000,5.000000,5.000000;5.000000;4.000000;4.000000,6,0.857143,1,14.000000;14.000000;14.000000,0.653238;0.462840;nan,14.000000;14.000000;14.000000,0,0,0,0,0,0,0,0,0,0,749,35952,168,8736,148,7104,140,5888,14,420,1,56,0,0,0,0,0,0,graph_0003__path_life_0.3000,path_life,0.3,graph_0003,epoch_0005
trace,static,0.156665,0.156461,775,513,105,0,0,0.272222,0.013667,71.560370,360,98,0,0,0,75,0.907407,0,0,0.000000,0.000000,0.300000,4.500000,4.500000,5.000000,5.000000;5.000000;4.000000;4.000000,6,0.857143,1,14.000000;14.000000;14.000000,0.142853;0.140771;0.138064,14.000000;14.000000;14.000000,0,0,0,0,0,0,0,0,0,0,0,0,0,0,0,0,0,0,0,0,0,0,0,0,0,0,0,0,graph_0003__path_life_0.3000,path_life,0.3,graph_0003,epoch_0005
trace,olsr,0.621269,0.621188,1996,2282,105,549,1058,0.127778,0.007312,61.325591,360,46,11,0,0,743,0.425926,549,39536,11.934783,859.478261,0.300000,4.500000,4.500000,5.000000,5.000000;5.000000;4.000000;4.000000,6,0.857143,1,14.000000;14.000000;14.000000,nan;3.233909;nan,14.000000;14.000000;14.000000,362,23952,175,14912,0,0,0,0,12,672,0,0,0,0,0,0,0,0,0,0,0,0,0,0,0,0,0,0,graph_0003__path_life_0.3000,path_life,0.3,graph_0003,epoch_0002
trace,aodv,0.690418,0.690377,2744,3516,105,1237,2062,0.663889,0.043530,70.227135,360,239,9,56,0,931,2.212963,1237,59330,5.175732,248.242678,0.300000,4.500000,4.500000,5.000000,5.000000;5.000000;4.000000;4.000000,6,0.857143,1,14.000000;14.000000;14.000000,0.496683;0.467880;nan,14.000000;14.000000;14.000000,0,0,0,0,0,0,0,0,0,0,739,35472,196,10192,158,7584,127,5520,15,450,2,112,0,0,0,0,0,0,graph_0003__path_life_0.3000,path_life,0.3,graph_0003,epoch_0002
trace,static,0.157523,0.157290,775,513,105,0,0,0.272222,0.013666,71.560534,360,98,0,0,0,75,0.907407,0,0,0.000000,0.000000,0.300000,4.500000,4.500000,5.000000,5.000000;5.000000;4.000000;4.000000,6,0.857143,1,14.000000;14.000000;14.000000,0.163493;0.141511;0.136028,14.000000;14.000000;14.000000,0,0,0,0,0,0,0,0,0,0,0,0,0,0,0,0,0,0,0,0,0,0,0,0,0,0,0,0,graph_0003__path_life_0.3000,path_life,0.3,graph_0003,epoch_0002
trace,olsr,0.448021,0.448013,1384,1854,105,555,1230,0.280556,0.016687,70.412502,360,101,3,0,0,575,0.400794,555,41724,5.495050,413.108911,0.700000,4.666667,5.000000,5.000000,5.000000;5.000000;5.000000;5.000000;5.000000;5.000000;4.000000;4.000000;4.000000,16,0.727273,1,3.000000;3.000000;2.000000;2.000000;2.000000;2.000000;2.000000;2.000000,0.212605;4.753909;1.219725;0.256629;0.128933;nan;nan;nan,3.000000;3.000000;2.000000;2.000000;2.000000;2.000000;2.000000;2.000000,345,23588,210,18136,0,0,0,0,0,0,0,0,0,0,0,0,0,0,0,0,0,0,0,0,0,0,0,0,graph_0002__path_life_0.7000,path_life,0.7,graph_0002,epoch_0001
trace,aodv,0.801291,0.801148,2986,3920,105,1376,2408,0.672222,0.037205,70.611975,360,242,14,0,0,1012,0.960317,1376,65700,5.685950,271.487603,0.700000,4.666667,5.000000,5.000000,5.000000;5.000000;5.000000;5.000000;5.000000;5.000000;4.000000;4.000000;4.000000,16,0.727273,1,3.000000;3.000000;2.000000;2.000000;2.000000;2.000000;2.000000;2.000000,0.129821;1.314610;0.038977;0.119170;0.128933;3.317329;0.403301;nan,3.000000;3.000000;2.000000;2.000000;2.000000;2.000000;2.000000;2.000000,0,0,0,0,0,0,0,0,0,0,726,34848,229,11908,240,11520,147,6352,32,960,2,112,0,0,0,0,0,0,graph_0002__path_life_0.7000,path_life,0.7,graph_0002,epoch_0001
trace,static,0.361702,0.361681,1333,1198,105,0,0,0.625000,0.031544,74.044969,360,225,0,0,0,262,0.892857,0,0,0.000000,0.000000,0.700000,4.666667,5.000000,5.000000,5.000000;5.000000;5.000000;5.000000;5.000000;5.000000;4.000000;4.000000;4.000000,16,0.727273,1,3.000000;3.000000;2.000000;2.000000;2.000000;2.000000;2.000000;2.000000,0.202232;0.190988;0.056929;0.103300;0.146885;0.019757;0.081837;0.152893,3.000000;3.000000;2.000000;2.000000;2.000000;2.000000;2.000000;2.000000,0,0,0,0,0,0,0,0,0,0,0,0,0,0,0,0,0,0,0,0,0,0,0,0,0,0,0,0,graph_0002__path_life_0.7000,path_life,0.7,graph_0002,epoch_0001
trace,olsr,0.388602,0.388561,1203,1709,105,556,1235,0.247222,0.012911,69.614028,360,89,4,0,0,411,0.353175,556,41736,6.247191,468.943820,0.700000,4.666667,5.000000,5.000000,5.000000;5.000000;5.000000;5.000000;5.000000;5.000000;4.000000;4.000000;4.000000,16,0.727273,1,3.000000;3.000000;2.000000;2.000000;2.000000;2.000000;2.000000;2.000000,1.329486;nan;nan;0.748149;0.128933;nan;nan;0.228133,3.000000;3.000000;2.000000;2.000000;2.000000;2.000000;2.000000;2.000000,353,24080,203,17656,0,0,0,0,0,0,0,0,0,0,0,0,0,0,0,0,0,0,0,0,0,0,0,0,graph_0002__path_life_0.7000,path_life,0.7,graph_0002,epoch_0003
trace,aodv,0.824165,0.824037,3142,4071,105,1357,2333,0.780556,0.039554,73.730868,360,281,32,0,0,1088,1.115079,1357,64480,4.829181,229.466192,0.700000,4.666667,5.000000,5.000000,5.000000;5.000000;5.000000;5.000000;5.000000;5.000000;4.000000;4.000000;4.000000,16,0.727273,1,3.000000;3.000000;2.000000;2.000000;2.000000;2.000000;2.000000;2.000000,0.129821;0.359827;0.217214;0.114562;0.128933;0.225883;1.676572;1.802087,3.000000;3.000000;2.000000;2.000000;2.000000;2.000000;2.000000;2.000000,0,0,0,0,0,0,0,0,0,0,727,34896,215,11180,206,9888,182,7680,26,780,1,56,0,0,0,0,0,0,graph_0002__path_life_0.7000,path_life,0.7,graph_0002,epoch_0003
trace,static,0.358893,0.358884,1337,1203,105,0,0,0.627778,0.031593,74.176419,360,226,0,0,0,266,0.896825,0,0,0.000000,0.000000,0.700000,4.666667,5.000000,5.000000,5.000000;5.000000;5.000000;5.000000;5.000000;5.000000;4.000000;4.000000;4.000000,16,0.727273,1,3.000000;3.000000;2.000000;2.000000;2.000000;2.000000;2.000000;2.000000,0.197398;0.186992;0.056929;0.102420;0.146885;0.019757;0.081837;0.152893,3.000000;3.000000;2.000000;2.000000;2.000000;2.000000;2.000000;2.000000,0,0,0,0,0,0,0,0,0,0,0,0,0,0,0,0,0,0,0,0,0,0,0,0,0,0,0,0,graph_0002__path_life_0.7000,path_life,0.7,graph_0002,epoch_0003
trace,olsr,0.337244,0.337216,1080,1634,105,568,1252,0.183333,0.010904,71.231483,360,66,9,0,0,338,0.261905,568,42040,8.606061,636.969697,0.700000,4.666667,5.000000,5.000000,5.000000;5.000000;5.000000;5.000000;5.000000;5.000000;4.000000;4.000000;4.000000,16,0.727273,1,3.000000;3.000000;2.000000;2.000000;2.000000;2.000000;2.000000;2.000000,1.252814;nan;nan;nan;0.128933;nan;nan;nan,3.000000;3.000000;2.000000;2.000000;2.000000;2.000000;2.000000;2.000000,346,23592,222,18448,0,0,0,0,0,0,0,0,0,0,0,0,0,0,0,0,0,0,0,0,0,0,0,0,graph_0002__path_life_0.7000,path_life,0.7,graph_0002,epoch_0004
trace,aodv,0.834919,0.834779,3134,4065,105,1373,2384,0.719444,0.036344,73.005573,360,259,21,0,0,1047,1.027778,1373,65092,5.301158,251.320463,0.700000,4.666667,5.000000,5.000000,5.000000;5.000000;5.000000;5.000000;5.000000;5.000000;4.000000;4.000000;4.000000,16,0.727273,1,3.000000;3.000000;2.000000;2.000000;2.000000;2.000000;2.000000;2.000000,0.129821;0.498544;0.038977;0.454852;1.618324;0.047822;1.676155;2.272260,3.000000;3.000000;2.000000;2.000000;2.000000;2.000000;2.000000;2.000000,0,0,0,0,0,0,0,0,0,0,737,35376,195,10140,226,10848,193,8016,20,600,2,112,0,0,0,0,0,0,graph_0002__path_life_0.7000,path_life,0.7,graph_0002,epoch_0004
trace,static,0.362285,0.362243,1335,1200,105,0,0,0.625000,0.031545,74.045113,360,225,0,0,0,268,0.892857,0,0,0.000000,0.000000,0.700000,4.666667,5.000000,5.000000,5.000000;5.000000;5.000000;5.000000;5.000000;5.000000;4.000000;4.000000;4.000000,16,0.727273,1,3.000000;3.000000;2.000000;2.000000;2.000000;2.000000;2.000000;2.000000,0.218858;0.193788;0.056929;0.101480;0.146885;0.019757;0.081837;0.152893,3.000000;3.000000;2.000000;2.000000;2.000000;2.000000;2.000000;2.000000,0,0,0,0,0,0,0,0,0,0,0,0,0,0,0,0,0,0,0,0,0,0,0,0,0,0,0,0,graph_0002__path_life_0.7000,path_life,0.7,graph_0002,epoch_0004
trace,olsr,0.391118,0.391096,1186,1682,105,553,1230,0.216667,0.014685,62.923754,360,78,1,0,0,462,0.309524,553,41212,7.089744,528.358974,0.700000,4.666667,5.000000,5.000000,5.000000;5.000000;5.000000;5.000000;5.000000;5.000000;4.000000;4.000000;4.000000,16,0.727273,1,3.000000;3.000000;2.000000;2.000000;2.000000;2.000000;2.000000;2.000000,1.285123;4.753909;1.215465;0.256629;2.004016;nan;nan;nan,3.000000;3.000000;2.000000;2.000000;2.000000;2.000000;2.000000;2.000000,355,24208,198,17004,0,0,0,0,0,0,0,0,0,0,0,0,0,0,0,0,0,0,0,0,0,0,0,0,graph_0002__path_life_0.7000,path_life,0.7,graph_0002,epoch_0005
trace,aodv,0.719169,0.719130,2754,3630,105,1304,2275,0.550000,0.027708,69.320797,360,198,11,56,0,979,0.785714,1304,62262,6.585859,314.454545,0.700000,4.666667,5.000000,5.000000,5.000000;5.000000;5.000000;5.000000;5.000000;5.000000;4.000000;4.000000;4.000000,16,0.727273,1,3.000000;3.000000;2.000000;2.000000;2.000000;2.000000;2.000000;2.000000,0.129821;0.059441;0.532106;nan;3.251032;3.309635;0.407761;2.305852,3.000000;3.000000;2.000000;2.000000;2.000000;2.000000;2.000000;2.000000,0,0,0,0,0,0,0,0,0,0,733,35184,210,10920,200,9600,133,5640,25,750,3,168,0,0,0,0,0,0,graph_0002__path_life_0.7000,path_life,0.7,graph_0002,epoch_0005
trace,static,0.361174,0.361142,1335,1200,105,0,0,0.625000,0.031549,74.045101,360,225,0,0,0,267,0.892857,0,0,0.000000,0.000000,0.700000,4.666667,5.000000,5.000000,5.000000;5.000000;5.000000;5.000000;5.000000;5.000000;4.000000;4.000000;4.000000,16,0.727273,1,3.000000;3.000000;2.000000;2.000000;2.000000;2.000000;2.000000;2.000000,0.208006;0.191948;0.056929;0.101320;0.146885;0.019757;0.081837;0.152893,3.000000;3.000000;2.000000;2.000000;2.000000;2.000000;2.000000;2.000000,0,0,0,0,0,0,0,0,0,0,0,0,0,0,0,0,0,0,0,0,0,0,0,0,0,0,0,0,graph_0002__path_life_0.7000,path_life,0.7,graph_0002,epoch_0005
trace,olsr,0.620486,0.620433,1884,2333,105,562,1237,0.247222,0.012912,67.695629,360,89,15,0,0,649,0.353175,562,41932,6.314607,471.146067,0.700000,4.666667,5.000000,5.000000,5.000000;5.000000;5.000000;5.000000;5.000000;5.000000;4.000000;4.000000;4.000000,16,0.727273,1,3.000000;3.000000;2.000000;2.000000;2.000000;2.000000;2.000000;2.000000,1.332406;nan;4.209887;0.256629;1.686463;nan;3.349397;0.229023,3.000000;3.000000;2.000000;2.000000;2.000000;2.000000;2.000000;2.000000,352,24048,202,17436,0,0,0,0,8,448,0,0,0,0,0,0,0,0,0,0,0,0,0,0,0,0,0,0,graph_0002__path_life_0.7000,path_life,0.7,graph_0002,epoch_0002
trace,aodv,0.820532,0.820463,3146,4012,105,1433,2375,0.666667,0.033782,73.697297,360,240,44,0,0,1049,0.952381,1433,67956,5.970833,283.150000,0.700000,4.666667,5.000000,5.000000,5.000000;5.000000;5.000000;5.000000;5.000000;5.000000;4.000000;4.000000;4.000000,16,0.727273,1,3.000000;3.000000;2.000000;2.000000;2.000000;2.000000;2.000000;2.000000,0.129821;0.662365;0.038977;0.462645;1.788244;0.202722;1.684754;2.298660,3.000000;3.000000;2.000000;2.000000;2.000000;2.000000;2.000000;2.000000,0,0,0,0,0,0,0,0,0,0,728,34944,217,11284,252,12096,205,8624,28,840,3,168,0,0,0,0,0,0,graph_0002__path_life_0.7000,path_life,0.7,graph_0002,epoch_0002
trace,static,0.357386,0.357361,1335,1200,105,0,0,0.625000,0.031543,74.045009,360,225,0,0,0,265,0.892857,0,0,0.000000,0.000000,0.700000,4.666667,5.000000,5.000000,5.000000;5.000000;5.000000;5.000000;5.000000;5.000000;4.000000;4.000000;4.000000,16,0.727273,1,3.000000;3.000000;2.000000;2.000000;2.000000;2.000000;2.000000;2.000000,0.208158;0.188808;0.056929;0.102460;0.146885;0.019757;0.081837;0.152893,3.000000;3.000000;2.000000;2.000000;2.000000;2.000000;2.000000;2.000000,0,0,0,0,0,0,0,0,0,0,0,0,0,0,0,0,0,0,0,0,0,0,0,0,0,0,0,0,graph_0002__path_life_0.7000,path_life,0.7,graph_0002,epoch_0002
trace,olsr,0.618038,0.617878,1924,2071,105,524,935,0.208333,0.010882,76.030190,360,75,0,0,0,626,0.694444,524,36760,6.986667,490.133333,0.300000,4.500000,4.500000,5.000000,5.000000;5.000000;4.000000;4.000000,6,0.714286,1,14.000000;14.000000;14.000000,2.429012;0.111973;0.234045,14.000000;14.000000;14.000000,364,23412,151,12844,0,0,0,0,9,504,0,0,0,0,0,0,0,0,0,0,0,0,0,0,0,0,0,0,graph_0005__path_life_0.3000,path_life,0.3,graph_0005,epoch_0001
trace,aodv,0.704897,0.704867,2802,3394,105,1285,1956,0.600000,0.030232,76.117390,360,216,65,0,0,873,2.000000,1285,60876,5.949074,281.833333,0.300000,4.500000,4.500000,5.000000,5.000000;5.000000;4.000000;4.000000,6,0.714286,1,14.000000;14.000000;14.000000,0.106817;0.643671;1.559613,14.000000;14.000000;14.000000,0,0,0,0,0,0,0,0,0,0,741,35568,178,9256,149,7152,194,8184,22,660,1,56,0,0,0,0,0,0,graph_0005__path_life_0.3000,path_life,0.3,graph_0005,epoch_0001
trace,static,0.147697,0.147680,706,438,105,0,0,0.255556,0.012827,70.976275,360,92,0,0,0,142,0.851852,0,0,0.000000,0.000000,0.300000,4.500000,4.500000,5.000000,5.000000;5.000000;4.000000;4.000000,6,0.714286,1,14.000000;14.000000;14.000000,0.128578;0.120949;0.158769,14.000000;14.000000;14.000000,0,0,0,0,0,0,0,0,0,0,0,0,0,0,0,0,0,0,0,0,0,0,0,0,0,0,0,0,graph_0005__path_life_0.3000,path_life,0.3,graph_0005,epoch_0001
trace,olsr,0.390048,0.389989,1173,1339,105,508,908,0.161111,0.008414,73.001064,360,58,2,0,0,557,0.537037,508,35748,8.758621,616.344828,0.300000,4.500000,4.500000,5.000000,5.000000;5.000000;4.000000;4.000000,6,0.714286,1,14.000000;14.000000;14.000000,2.576832;2.733613;0.231605,14.000000;14.000000;14.000000,361,23196,147,12552,0,0,0,0,0,0,0,0,0,0,0,0,0,0,0,0,0,0,0,0,0,0,0,0,graph_0005__path_life_0.3000,path_life,0.3,graph_0005,epoch_0003
trace,aodv,0.637299,0.637223,2640,3195,105,1260,1876,0.561111,0.028267,77.484195,360,202,41,56,0,860,1.870370,1260,59872,6.237624,296.396040,0.300000,4.500000,4.500000,5.000000,5.000000;5.000000;4.000000;4.000000,6,0.714286,1,14.000000;14.000000;14.000000,0.106817;0.537824;1.552941,14.000000;14.000000;14.000000,0,0,0,0,0,0,0,0,0,0,749,35952,174,9048,147,7056,169,7160,20,600,1,56,0,0,0,0,0,0,graph_0005__path_life_0.3000,path_life,0.3,graph_0005,epoch_0003
trace,static,0.143178,0.143165,706,438,105,0,0,0.255556,0.012826,70.976289,360,92,0,0,0,141,0.851852,0,0,0.000000,0.000000,0.300000,4.500000,4.500000,5.000000,5.000000;5.000000;4.000000;4.000000,6,0.714286,1,14.000000;14.000000;14.000000,0.127558;0.120949;0.163275,14.000000;14.000000;14.000000,0,0,0,0,0,0,0,0,0,0,0,0,0,0,0,0,0,0,0,0,0,0,0,0,0,0,0,0,graph_0005__path_life_0.3000,path_life,0.3,graph_0005,epoch_0003
trace,olsr,0.342994,0.342982,1085,1293,105,515,914,0.166667,0.008602,79.070293,360,60,18,0,0,491,0.555556,515,36016,8.583333,600.266667,0.300000,4.500000,4.500000,5.000000,5.000000;5.000000;4.000000;4.000000,6,0.714286,1,14.000000;14.000000;14.000000,nan;0.111973;0.214749,14.000000;14.000000;14.000000,367,23652,148,12364,0,0,0,0,0,0,0,0,0,0,0,0,0,0,0,0,0,0,0,0,0,0,0,0,graph_0005__path_life_0.3000,path_life,0.3,graph_0005,epoch_0004
trace,aodv,0.533174,0.533128,2303,2873,105,1221,1847,0.405556,0.020432,71.253727,360,146,46,112,0,648,1.351852,1221,57934,8.363014,396.808219,0.300000,4.500000,4.500000,5.000000,5.000000;5.000000;4.000000;4.000000,6,0.714286,1,14.000000;14.000000;14.000000,0.106817;0.633556;1.720907,14.000000;14.000000;14.000000,0,0,0,0,0,0,0,0,0,0,767,36816,143,7436,125,6000,164,6944,19,570,3,168,0,0,0,0,0,0,graph_0005__path_life_0.3000,path_life,0.3,graph_0005,epoch_0004
trace,static,0.142916,0.142914,707,440,105,0,0,0.258333,0.012964,70.705023,360,93,0,0,0,143,0.861111,0,0,0.000000,0.000000,0.300000,4.500000,4.500000,5.000000,5.000000;5.000000;4.000000;4.000000,6,0.714286,1,14.000000;14.000000;14.000000,0.127478;0.120949;0.164515,14.000000;14.000000;14.000000,0,0,0,0,0,0,0,0,0,0,0,0,0,0,0,0,0,0,0,0,0,0,0,0,0,0,0,0,graph_0005__path_life_0.3000,path_life,0.3,graph_0005,epoch_0004
trace,olsr,0.378096,0.378087,1152,1338,105,515,920,0.161111,0.008317,75.409640,360,58,17,0,0,537,0.537037,515,36240,8.879310,624.827586,0.300000,4.500000,4.500000,5.000000,5.000000;5.000000;4.000000;4.000000,6,0.714286,1,14.000000;14.000000;14.000000,2.589631;2.742389;0.221833,14.000000;14.000000;14.000000,371,23920,144,12320,0,0,0,0,0,0,0,0,0,0,0,0,0,0,0,0,0,0,0,0,0,0,0,0,graph_0005__path_life_0.3000,path_life,0.3,graph_0005,epoch_0005
trace,aodv,0.627186,0.627132,2565,3138,105,1239,1879,0.544444,0.029034,72.793514,360,196,23,56,0,856,1.814815,1239,59120,6.321429,301.632653,0.300000,4.500000,4.500000,5.000000,5.000000;5.000000;4.000000;4.000000,6,0.714286,1,14.000000;14.000000;14.000000,0.106817;2.360739;nan,14.000000;14.000000;14.000000,0,0,0,0,0,0,0,0,0,0,748,35904,173,8996,144,6912,149,6480,22,660,3,168,0,0,0,0,0,0,graph_0005__path_life_0.3000,path_life,0.3,graph_0005,epoch_0005
trace,static,0.146982,0.146954,707,440,105,0,0,0.258333,0.012965,70.705004,360,93,0,0,0,143,0.861111,0,0,0.000000,0.000000,0.300000,4.500000,4.500000,5.000000,5.000000;5.000000;4.000000;4.000000,6,0.714286,1,14.000000;14.000000;14.000000,0.126872;0.120949;0.157829,14.000000;14.000000;14.000000,0,0,0,0,0,0,0,0,0,0,0,0,0,0,0,0,0,0,0,0,0,0,0,0,0,0,0,0,graph_0005__path_life_0.3000,path_life,0.3,graph_0005,epoch_0005
trace,olsr,0.284108,0.284062,894,1132,105,512,903,0.083333,0.004353,72.773756,360,30,0,0,0,347,0.277778,512,35548,17.066667,1184.933333,0.300000,4.500000,4.500000,5.000000,5.000000;5.000000;4.000000;4.000000,6,0.714286,1,14.000000;14.000000;14.000000,nan;2.578279;0.223645,14.000000;14.000000;14.000000,366,23504,146,12044,0,0,0,0,0,0,0,0,0,0,0,0,0,0,0,0,0,0,0,0,0,0,0,0,graph_0005__path_life_0.3000,path_life,0.3,graph_0005,epoch_0002
trace,aodv,0.703430,0.703398,2827,3449,105,1314,2019,0.602778,0.030359,76.798754,360,217,60,0,0,788,2.009259,1314,62312,6.055300,287.152074,0.300000,4.500000,4.500000,5.000000,5.000000;5.000000;4.000000;4.000000,6,0.714286,1,14.000000;14.000000;14.000000,0.106817;0.619655;1.549607,14.000000;14.000000;14.000000,0,0,0,0,0,0,0,0,0,0,743,35664,185,9620,174,8352,187,7848,22,660,3,168,0,0,0,0,0,0,graph_0005__path_life_0.3000,path_life,0.3,graph_0005,epoch_0002
trace,static,0.145497,0.145480,706,438,105,0,0,0.255556,0.012827,70.976210,360,92,0,0,0,141,0.851852,0,0,0.000000,0.000000,0.300000,4.500000,4.500000,5.000000,5.000000;5.000000;4.000000;4.000000,6,0.714286,1,14.000000;14.000000;14.000000,0.128518;0.120949;0.160435,14.000000;14.000000;14.000000,0,0,0,0,0,0,0,0,0,0,0,0,0,0,0,0,0,0,0,0,0,0,0,0,0,0,0,0,graph_0005__path_life_0.3000,path_life,0.3,graph_0005,epoch_0002
trace,olsr,0.454372,0.453798,1414,1830,105,561,1149,0.213889,0.011577,67.466703,360,77,42,0,0,417,0.237654,561,41916,7.285714,544.363636,0.900000,7.714286,8.000000,8.000000,8.000000;8.000000;8.000000;8.000000;8.000000;7.000000;7.000000,12,0.829787,1,1.000000;1.000000;1.000000;1.000000;1.000000;1.000000,0.448679;0.213897;nan;1.212497;0.220334;0.368392,1.000000;1.000000;1.000000;1.000000;1.000000;1.000000,358,23744,201,18060,0,0,0,0,2,112,0,0,0,0,0,0,0,0,0,0,0,0,0,0,0,0,0,0,graph_0003__path_life_0.9000,path_life,0.9,graph_0003,epoch_0001
trace,aodv,0.772552,0.771387,2929,3742,105,1171,2014,0.902778,0.045818,74.167086,360,325,5,0,0,755,1.003086,1171,55856,3.603077,171.864615,0.900000,7.714286,8.000000,8.000000,8.000000;8.000000;8.000000;8.000000;8.000000;7.000000;7.000000,12,0.829787,1,1.000000;1.000000;1.000000;1.000000;1.000000;1.000000,0.112293;2.607370;0.017142;0.185123;0.037125;0.221585,1.000000;1.000000;1.000000;1.000000;1.000000;1.000000,0,0,0,0,0,0,0,0,0,0,761,36528,136,7072,154,7392,103,4328,16,480,1,56,0,0,0,0,0,0,graph_0003__path_life_0.9000,path_life,0.9,graph_0003,epoch_0001
trace,static,0.456654,0.456155,1600,1542,105,0,0,0.838889,0.042114,74.138999,360,302,0,0,0,293,0.932099,0,0,0.000000,0.000000,0.900000,7.714286,8.000000,8.000000,8.000000;8.000000;8.000000;8.000000;8.000000;7.000000;7.000000,12,0.829787,1,1.000000;1.000000;1.000000;1.000000;1.000000;1.000000,0.121269;0.171636;0.160236;0.164413;0.166637;0.030673,1.000000;1.000000;1.000000;1.000000;1.000000;1.000000,0,0,0,0,0,0,0,0,0,0,0,0,0,0,0,0,0,0,0,0,0,0,0,0,0,0,0,0,graph_0003__path_life_0.9000,path_life,0.9,graph_0003,epoch_0001
trace,olsr,0.724279,0.724197,2236,2628,105,585,1194,0.272222,0.014734,70.564147,360,98,9,0,0,541,0.302469,585,44008,5.969388,449.061224,0.900000,7.714286,8.000000,8.000000,8.000000;8.000000;8.000000;8.000000;8.000000;7.000000;7.000000,12,0.829787,1,1.000000;1.000000;1.000000;1.000000;1.000000;1.000000,0.612519;0.212817;4.239669;1.225294;5.909459;1.216331,1.000000;1.000000;1.000000;1.000000;1.000000;1.000000,355,23440,210,19448,0,0,0,0,20,1120,0,0,0,0,0,0,0,0,0,0,0,0,0,0,0,0,0,0,graph_0003__path_life_0.9000,path_life,0.9,graph_0003,epoch_0003
trace,aodv,0.660020,0.659802,2564,3422,105,1176,2089,0.661111,0.034129,75.152200,360,238,11,56,0,656,0.734568,1176,56098,4.941176,235.705882,0.900000,7.714286,8.000000,8.000000,8.000000;8.000000;8.000000;8.000000;8.000000;7.000000;7.000000,12,0.829787,1,1.000000;1.000000;1.000000;1.000000;1.000000;1.000000,0.112293;3.245429;nan;1.159175;0.030183;0.216597,1.000000;1.000000;1.000000;1.000000;1.000000;1.000000,0,0,0,0,0,0,0,0,0,0,761,36528,138,7176,148,7104,117,4904,11,330,1,56,0,0,0,0,0,0,graph_0003__path_life_0.9000,path_life,0.9,graph_0003,epoch_0003
trace,static,0.451568,0.451516,1600,1542,105,0,0,0.838889,0.042113,74.138934,360,302,0,0,0,296,0.932099,0,0,0.000000,0.000000,0.900000,7.714286,8.000000,8.000000,8.000000;8.000000;8.000000;8.000000;8.000000;7.000000;7.000000,12,0.829787,1,1.000000;1.000000;1.000000;1.000000;1.000000;1.000000,0.121269;0.160516;0.154240;0.164413;0.166637;0.030673,1.000000;1.000000;1.000000;1.000000;1.000000;1.000000,0,0,0,0,0,0,0,0,0,0,0,0,0,0,0,0,0,0,0,0,0,0,0,0,0,0,0,0,graph_0003__path_life_0.9000,path_life,0.9,graph_0003,epoch_0003
trace,olsr,0.490051,0.489910,1443,1823,105,574,1170,0.216667,0.011729,72.795012,360,78,23,0,0,476,0.240741,574,42600,7.358974,546.153846,0.900000,7.714286,8.000000,8.000000,8.000000;8.000000;8.000000;8.000000;8.000000;7.000000;7.000000,12,0.829787,1,1.000000;1.000000;1.000000;1.000000;1.000000;1.000000,0.140541;nan;4.412499;1.301679;4.089537;1.218211,1.000000;1.000000;1.000000;1.000000;1.000000;1.000000,353,23392,221,19208,0,0,0,0,0,0,0,0,0,0,0,0,0,0,0,0,0,0,0,0,0,0,0,0,graph_0003__path_life_0.9000,path_life,0.9,graph_0003,epoch_0004
trace,aodv,0.779248,0.779194,2981,3843,105,1234,2125,0.883333,0.044836,74.010074,360,318,13,0,0,731,0.981481,1234,58694,3.880503,184.572327,0.900000,7.714286,8.000000,8.000000,8.000000;8.000000;8.000000;8.000000;8.000000;7.000000;7.000000,12,0.829787,1,1.000000;1.000000;1.000000;1.000000;1.000000;1.000000,0.112293;2.606542;1.529751;0.205903;0.027263;0.222477,1.000000;1.000000;1.000000;1.000000;1.000000;1.000000,0,0,0,0,0,0,0,0,0,0,753,36144,155,8060,178,8544,128,5320,19,570,1,56,0,0,0,0,0,0,graph_0003__path_life_0.9000,path_life,0.9,graph_0003,epoch_0004
trace,static,0.453058,0.453024,1600,1542,105,0,0,0.838889,0.042118,74.139038,360,302,0,0,0,294,0.932099,0,0,0.000000,0.000000,0.900000,7.714286,8.000000,8.000000,8.000000;8.000000;8.000000;8.000000;8.000000;7.000000;7.000000,12,0.829787,1,1.000000;1.000000;1.000000;1.000000;1.000000;1.000000,0.121269;0.175416;0.157336;0.164413;0.166637;0.030673,1.000000;1.000000;1.000000;1.000000;1.000000;1.000000,0,0,0,0,0,0,0,0,0,0,0,0,0,0,0,0,0,0,0,0,0,0,0,0,0,0,0,0,graph_0003__path_life_0.9000,path_life,0.9,graph_0003,epoch_0004
trace,olsr,0.651593,0.651550,1961,2338,105,560,1154,0.250000,0.013533,68.670828,360,90,23,0,0,344,0.277778,560,41032,6.222222,455.911111,0.900000,7.714286,8.000000,8.000000,8.000000;8.000000;8.000000;8.000000;8.000000;7.000000;7.000000,12,0.829787,1,1.000000;1.000000;1.000000;1.000000;1.000000;1.000000,0.439973;nan;nan;4.906229;4.434899;0.208192,1.000000;1.000000;1.000000;1.000000;1.000000;1.000000,362,23976,190,16608,0,0,0,0,8,448,0,0,0,0,0,0,0,0,0,0,0,0,0,0,0,0,0,0,graph_0003__path_life_0.9000,path_life,0.9,graph_0003,epoch_0005
trace,aodv,0.776282,0.776224,2947,3808,105,1200,2089,0.894444,0.045404,73.967609,360,322,10,0,0,641,0.993827,1200,57134,3.726708,177.434783,0.900000,7.714286,8.000000,8.000000,8.000000;8.000000;8.000000;8.000000;8.000000;7.000000;7.000000,12,0.829787,1,1.000000;1.000000;1.000000;1.000000;1.000000;1.000000,0.112293;2.621828;0.014982;0.377303;0.026253;0.211829,1.000000;1.000000;1.000000;1.000000;1.000000;1.000000,0,0,0,0,0,0,0,0,0,0,761,36528,134,6968,169,8112,117,4904,17,510,2,112,0,0,0,0,0,0,graph_0003__path_life_0.9000,path_life,0.9,graph_0003,epoch_0005
trace,static,0.456416,0.456296,1600,1542,105,0,0,0.838889,0.042118,74.138971,360,302,0,0,0,296,0.932099,0,0,0.000000,0.000000,0.900000,7.714286,8.000000,8.000000,8.000000;8.000000;8.000000;8.000000;8.000000;7.000000;7.000000,12,0.829787,1,1.000000;1.000000;1.000000;1.000000;1.000000;1.000000,0.121269;0.159836;0.159236;0.164413;0.166637;0.030673,1.000000;1.000000;1.000000;1.000000;1.000000;1.000000,0,0,0,0,0,0,0,0,0,0,0,0,0,0,0,0,0,0,0,0,0,0,0,0,0,0,0,0,graph_0003__path_life_0.9000,path_life,0.9,graph_0003,epoch_0005
trace,olsr,0.423323,0.423270,1319,1741,105,562,1154,0.241667,0.013080,61.511265,360,87,7,0,0,353,0.268519,562,42156,6.459770,484.551724,0.900000,7.714286,8.000000,8.000000,8.000000;8.000000;8.000000;8.000000;8.000000;7.000000;7.000000,12,0.829787,1,1.000000;1.000000;1.000000;1.000000;1.000000;1.000000,0.112293;0.305285;nan;4.742389;nan;1.211543,1.000000;1.000000;1.000000;1.000000;1.000000;1.000000,358,23708,204,18448,0,0,0,0,0,0,0,0,0,0,0,0,0,0,0,0,0,0,0,0,0,0,0,0,graph_0003__path_life_0.9000,path_life,0.9,graph_0003,epoch_0002
trace,aodv,0.548831,0.548791,2308,2995,105,1086,1935,0.547222,0.027772,71.825436,360,197,1,0,0,485,0.608025,1086,51832,5.512690,263.106599,0.900000,7.714286,8.000000,8.000000,8.000000;8.000000;8.000000;8.000000;8.000000;7.000000;7.000000,12,0.829787,1,1.000000;1.000000;1.000000;1.000000;1.000000;1.000000,0.112293;nan;0.135261;nan;2.469236;0.043540,1.000000;1.000000;1.000000;1.000000;1.000000;1.000000,0,0,0,0,0,0,0,0,0,0,780,37440,99,5148,108,5184,84,3584,14,420,1,56,0,0,0,0,0,0,graph_0003__path_life_0.9000,path_life,0.9,graph_0003,epoch_0002
trace,static,0.449021,0.448988,1600,1542,105,0,0,0.838889,0.042112,74.138931,360,302,0,0,0,295,0.932099,0,0,0.000000,0.000000,0.900000,7.714286,8.000000,8.000000,8.000000;8.000000;8.000000;8.000000;8.000000;7.000000;7.000000,12,0.829787,1,1.000000;1.000000;1.000000;1.000000;1.000000;1.000000,0.121269;0.165076;0.162116;0.164413;0.166637;0.030673,1.000000;1.000000;1.000000;1.000000;1.000000;1.000000,0,0,0,0,0,0,0,0,0,0,0,0,0,0,0,0,0,0,0,0,0,0,0,0,0,0,0,0,graph_0003__path_life_0.9000,path_life,0.9,graph_0003,epoch_0002
trace,olsr,0.438602,0.438215,1365,1710,105,563,1091,0.233333,0.012408,72.063209,360,84,12,0,0,426,0.333333,563,41644,6.702381,495.761905,0.700000,4.666667,5.000000,5.000000,5.000000;5.000000;5.000000;5.000000;5.000000;5.000000;4.000000;4.000000;4.000000,16,0.848485,1,3.000000;3.000000;2.000000;2.000000;2.000000;2.000000;2.000000;2.000000,0.302069;4.613756;4.312875;nan;0.128933;3.222623;1.237125;nan,3.000000;3.000000;2.000000;2.000000;2.000000;2.000000;2.000000;2.000000,355,23248,208,18396,0,0,0,0,0,0,0,0,0,0,0,0,0,0,0,0,0,0,0,0,0,0,0,0,graph_0001__path_life_0.7000,path_life,0.7,graph_0001,epoch_0001
trace,aodv,0.643877,0.643204,2597,3287,105,1096,1822,0.730556,0.037088,76.879679,360,263,5,56,0,665,1.043651,1096,52586,4.167300,199.946768,0.700000,4.666667,5.000000,5.000000,5.000000;5.000000;5.000000;5.000000;5.000000;5.000000;4.000000;4.000000;4.000000,16,0.848485,1,3.000000;3.000000;2.000000;2.000000;2.000000;2.000000;2.000000;2.000000,1.569243;0.596424;nan;0.917435;0.128933;0.041015;1.654887;0.134657,3.000000;3.000000;2.000000;2.000000;2.000000;2.000000;2.000000;2.000000,0,0,0,0,0,0,0,0,0,0,773,37104,132,6864,104,4992,74,3184,11,330,2,112,0,0,0,0,0,0,graph_0001__path_life_0.7000,path_life,0.7,graph_0001,epoch_0001
trace,static,0.360071,0.359817,1328,1200,105,0,0,0.644444,0.032359,74.358054,360,232,0,0,0,237,0.920635,0,0,0.000000,0.000000,0.700000,4.666667,5.000000,5.000000,5.000000;5.000000;5.000000;5.000000;5.000000;5.000000;4.000000;4.000000;4.000000,16,0.848485,1,3.000000;3.000000;2.000000;2.000000;2.000000;2.000000;2.000000;2.000000,0.138797;0.166389;0.062576;0.110755;0.146885;0.021904;0.081553;0.143633,3.000000;3.000000;2.000000;2.000000;2.000000;2.000000;2.000000;2.000000,0,0,0,0,0,0,0,0,0,0,0,0,0,0,0,0,0,0,0,0,0,0,0,0,0,0,0,0,graph_0001__path_life_0.7000,path_life,0.7,graph_0001,epoch_0001
trace,olsr,0.407479,0.407470,1301,1656,105,556,1073,0.238889,0.019161,59.677596,360,86,17,0,0,374,0.341270,556,40844,6.465116,474.930233,0.700000,4.666667,5.000000,5.000000,5.000000;5.000000;5.000000;5.000000;5.000000;5.000000;4.000000;4.000000;4.000000,16,0.848485,1,3.000000;3.000000;2.000000;2.000000;2.000000;2.000000;2.000000;2.000000,0.215977;0.006097;nan;2.222709;nan;nan;nan;nan,3.000000;3.000000;2.000000;2.000000;2.000000;2.000000;2.000000;2.000000,357,23400,199,17444,0,0,0,0,0,0,0,0,0,0,0,0,0,0,0,0,0,0,0,0,0,0,0,0,graph_0001__path_life_0.7000,path_life,0.7,graph_0001,epoch_0003
trace,aodv,0.637282,0.637194,2606,3289,105,1106,1825,0.736111,0.037366,77.210603,360,265,3,56,0,701,1.051587,1106,53010,4.173585,200.037736,0.700000,4.666667,5.000000,5.000000,5.000000;5.000000;5.000000;5.000000;5.000000;5.000000;4.000000;4.000000;4.000000,16,0.848485,1,3.000000;3.000000;2.000000;2.000000;2.000000;2.000000;2.000000;2.000000,1.575919;0.589884;nan;0.915928;0.128933;0.048723;1.658192;0.134657,3.000000;3.000000;2.000000;2.000000;2.000000;2.000000;2.000000;2.000000,0,0,0,0,0,0,0,0,0,0,777,37296,130,6760,113,5424,70,3024,15,450,1,56,0,0,0,0,0,0,graph_0001__path_life_0.7000,path_life,0.7,graph_0001,epoch_0003
trace,static,0.353276,0.353263,1328,1200,105,0,0,0.644444,0.032365,74.358031,360,232,0,0,0,238,0.920635,0,0,0.000000,0.000000,0.700000,4.666667,5.000000,5.000000,5.000000;5.000000;5.000000;5.000000;5.000000;5.000000;4.000000;4.000000;4.000000,16,0.848485,1,3.000000;3.000000;2.000000;2.000000;2.000000;2.000000;2.000000;2.000000,0.138797;0.166389;0.068576;0.110755;0.146885;0.020768;0.081553;0.143633,3.000000;3.000000;2.000000;2.000000;2.000000;2.000000;2.000000;2.000000,0,0,0,0,0,0,0,0,0,0,0,0,0,0,0,0,0,0,0,0,0,0,0,0,0,0,0,0,graph_0001__path_life_0.7000,path_life,0.7,graph_0001,epoch_0003
trace,olsr,0.390569,0.390536,1215,1564,105,554,1066,0.191667,0.010194,60.893026,360,69,0,0,0,390,0.273810,554,40500,8.028986,586.956522,0.700000,4.666667,5.000000,5.000000,5.000000;5.000000;5.000000;5.000000;5.000000;5.000000;4.000000;4.000000;4.000000,16,0.848485,1,3.000000;3.000000;2.000000;2.000000;2.000000;2.000000;2.000000;2.000000,0.213157;0.157413;nan;2.222709;nan;nan;nan;nan,3.000000;3.000000;2.000000;2.000000;2.000000;2.000000;2.000000;2.000000,354,23172,200,17328,0,0,0,0,0,0,0,0,0,0,0,0,0,0,0,0,0,0,0,0,0,0,0,0,graph_0001__path_life_0.7000,path_life,0.7,graph_0001,epoch_0004
trace,aodv,0.654916,0.654885,2635,3336,105,1107,1846,0.727778,0.036954,77.202596,360,262,4,56,0,618,1.039683,1107,53074,4.225191,202.572519,0.700000,4.666667,5.000000,5.000000,5.000000;5.000000;5.000000;5.000000;5.000000;5.000000;4.000000;4.000000;4.000000,16,0.848485,1,3.000000;3.000000;2.000000;2.000000;2.000000;2.000000;2.000000;2.000000,1.572147;0.593464;nan;0.925243;0.128933;1.774538;1.655030;0.158611,3.000000;3.000000;2.000000;2.000000;2.000000;2.000000;2.000000;2.000000,0,0,0,0,0,0,0,0,0,0,776,37248,130,6760,109,5232,78,3336,11,330,3,168,0,0,0,0,0,0,graph_0001__path_life_0.7000,path_life,0.7,graph_0001,epoch_0004
trace,static,0.361119,0.361005,1328,1200,105,0,0,0.644444,0.032362,74.358025,360,232,0,0,0,237,0.920635,0,0,0.000000,0.000000,0.700000,4.666667,5.000000,5.000000,5.000000;5.000000;5.000000;5.000000;5.000000;5.000000;4.000000;4.000000;4.000000,16,0.848485,1,3.000000;3.000000;2.000000;2.000000;2.000000;2.000000;2.000000;2.000000,0.138797;0.166389;0.077516;0.110755;0.146885;0.020768;0.081553;0.143633,3.000000;3.000000;2.000000;2.000000;2.000000;2.000000;2.000000;2.000000,0,0,0,0,0,0,0,0,0,0,0,0,0,0,0,0,0,0,0,0,0,0,0,0,0,0,0,0,graph_0001__path_life_0.7000,path_life,0.7,graph_0001,epoch_0004
trace,olsr,0.487733,0.487707,1522,1863,105,567,1102,0.322222,0.017138,70.046783,360,116,1,0,0,517,0.460317,567,42036,4.887931,362.379310,0.700000,4.666667,5.000000,5.000000,5.000000;5.000000;5.000000;5.000000;5.000000;5.000000;4.000000;4.000000;4.000000,16,0.848485,1,3.000000;3.000000;2.000000;2.000000;2.000000;2.000000;2.000000;2.000000,0.302069;0.157413;nan;2.222709;0.128933;nan;0.072577;nan,3.000000;3.000000;2.000000;2.000000;2.000000;2.000000;2.000000;2.000000,358,23368,209,18668,0,0,0,0,0,0,0,0,0,0,0,0,0,0,0,0,0,0,0,0,0,0,0,0,graph_0001__path_life_0.7000,path_life,0.7,graph_0001,epoch_0005
trace,aodv,0.670825,0.670704,2617,3338,105,1103,1856,0.744444,0.037790,76.334269,360,268,4,56,0,811,1.063492,1103,52796,4.115672,197.000000,0.700000,4.666667,5.000000,5.000000,5.000000;5.000000;5.000000;5.000000;5.000000;5.000000;4.000000;4.000000;4.000000,16,0.848485,1,3.000000;3.000000;2.000000;2.000000;2.000000;2.000000;2.000000;2.000000,1.567059;0.599086;nan;0.936863;0.128933;0.045107;1.822661;0.004189,3.000000;3.000000;2.000000;2.000000;2.000000;2.000000;2.000000;2.000000,0,0,0,0,0,0,0,0,0,0,779,37392,126,6552,109,5232,74,3144,14,420,1,56,0,0,0,0,0,0,graph_0001__path_life_0.7000,path_life,0.7,graph_0001,epoch_0005
trace,static,0.360386,0.360363,1328,1200,105,0,0,0.644444,0.032364,74.358050,360,232,0,0,0,236,0.920635,0,0,0.000000,0.000000,0.700000,4.666667,5.000000,5.000000,5.000000;5.000000;5.000000;5.000000;5.000000;5.000000;4.000000;4.000000;4.000000,16,0.848485,1,3.000000;3.000000;2.000000;2.000000;2.000000;2.000000;2.000000;2.000000,0.138797;0.166389;0.065476;0.110755;0.146885;0.029884;0.081553;0.143633,3.000000;3.000000;2.000000;2.000000;2.000000;2.000000;2.000000;2.000000,0,0,0,0,0,0,0,0,0,0,0,0,0,0,0,0,0,0,0,0,0,0,0,0,0,0,0,0,graph_0001__path_life_0.7000,path_life,0.7,graph_0001,epoch_0005
trace,olsr,0.479934,0.479900,1478,1785,105,564,1078,0.286111,0.015216,65.258737,360,103,3,0,0,511,0.408730,564,42136,5.475728,409.087379,0.700000,4.666667,5.000000,5.000000,5.000000;5.000000;5.000000;5.000000;5.000000;5.000000;4.000000;4.000000;4.000000,16,0.848485,1,3.000000;3.000000;2.000000;2.000000;2.000000;2.000000;2.000000;2.000000,0.210537;0.157413;nan;2.222709;0.128933;0.217645;nan;nan,3.000000;3.000000;2.000000;2.000000;2.000000;2.000000;2.000000;2.000000,350,22900,214,19236,0,0,0,0,0,0,0,0,0,0,0,0,0,0,0,0,0,0,0,0,0,0,0,0,graph_0001__path_life_0.7000,path_life,0.7,graph_0001,epoch_0002
trace,aodv,0.369505,0.369455,1819,2303,105,1062,1818,0.236111,0.012930,78.045760,360,85,3,0,0,321,0.337302,1062,50722,12.494118,596.729412,0.700000,4.666667,5.000000,5.000000,5.000000;5.000000;5.000000;5.000000;5.000000;5.000000;4.000000;4.000000;4.000000,16,0.848485,1,3.000000;3.000000;2.000000;2.000000;2.000000;2.000000;2.000000;2.000000,nan;nan;nan;2.386569;nan;3.480580;1.402428;nan,3.000000;3.000000;2.000000;2.000000;2.000000;2.000000;2.000000;2.000000,0,0,0,0,0,0,0,0,0,0,788,37824,97,5044,89,4272,74,3136,13,390,1,56,0,0,0,0,0,0,graph_0001__path_life_0.7000,path_life,0.7,graph_0001,epoch_0002
trace,static,0.357607,0.357578,1328,1200,105,0,0,0.644444,0.032361,74.358040,360,232,0,0,0,239,0.920635,0,0,0.000000,0.000000,0.700000,4.666667,5.000000,5.000000,5.000000;5.000000;5.000000;5.000000;5.000000;5.000000;4.000000;4.000000;4.000000,16,0.848485,1,3.000000;3.000000;2.000000;2.000000;2.000000;2.000000;2.000000;2.000000,0.138797;0.166389;0.071736;0.110755;0.146885;0.020848;0.081553;0.143633,3.000000;3.000000;2.000000;2.000000;2.000000;2.000000;2.000000;2.000000,0,0,0,0,0,0,0,0,0,0,0,0,0,0,0,0,0,0,0,0,0,0,0,0,0,0,0,0,graph_0001__path_life_0.7000,path_life,0.7,graph_0001,epoch_0002
trace,olsr,0.373074,0.373029,1136,1400,105,527,968,0.150000,0.011509,65.128061,360,54,13,0,0,537,0.300000,527,36888,9.759259,683.111111,0.500000,4.285714,4.000000,5.000000,5.000000;5.000000;4.000000;4.000000;4.000000;4.000000;4.000000,12,0.652174,1,5.000000;5.000000;5.000000;5.000000;5.000000;5.000000,3.259585;3.211239;1.624659;0.284789;nan;nan,5.000000;5.000000;5.000000;5.000000;5.000000;5.000000,366,23548,161,13340,0,0,0,0,0,0,0,0,0,0,0,0,0,0,0,0,0,0,0,0,0,0,0,0,graph_0005__path_life_0.5000,path_life,0.5,graph_0005,epoch_0001
trace,aodv,0.710050,0.709967,2832,3456,105,1379,2053,0.558333,0.028132,72.811438,360,201,52,57,0,1027,1.116667,1379,65220,6.860697,324.477612,0.500000,4.285714,4.000000,5.000000,5.000000;5.000000;4.000000;4.000000;4.000000;4.000000;4.000000,12,0.652174,1,5.000000;5.000000;5.000000;5.000000;5.000000;5.000000,2.497821;0.266501;0.101057;0.286300;nan;0.134657,5.000000;5.000000;5.000000;5.000000;5.000000;5.000000,0,0,0,0,0,0,0,0,0,0,736,35328,209,10868,185,8880,220,9248,28,840,1,56,0,0,0,0,0,0,graph_0005__path_life_0.5000,path_life,0.5,graph_0005,epoch_0001
trace,static,0.264323,0.264307,1062,858,105,0,0,0.433333,0.021751,72.896269,360,156,0,0,0,263,0.866667,0,0,0.000000,0.000000,0.500000,4.285714,4.000000,5.000000,5.000000;5.000000;4.000000;4.000000;4.000000;4.000000;4.000000,12,0.652174,1,5.000000;5.000000;5.000000;5.000000;5.000000;5.000000,0.137637;0.098833;0.110033;0.143794;0.123741;0.143653,5.000000;5.000000;5.000000;5.000000;5.000000;5.000000,0,0,0,0,0,0,0,0,0,0,0,0,0,0,0,0,0,0,0,0,0,0,0,0,0,0,0,0,graph_0005__path_life_0.5000,path_life,0.5,graph_0005,epoch_0001
trace,olsr,0.403923,0.403888,1229,1455,105,521,943,0.186111,0.011810,66.104164,360,67,22,0,0,580,0.372222,521,36496,7.776119,544.716418,0.500000,4.285714,4.000000,5.000000,5.000000;5.000000;4.000000;4.000000;4.000000;4.000000;4.000000,12,0.652174,1,5.000000;5.000000;5.000000;5.000000;5.000000;5.000000,3.241533;3.211239;1.256629;nan;nan;nan,5.000000;5.000000;5.000000;5.000000;5.000000;5.000000,364,23476,157,13020,0,0,0,0,0,0,0,0,0,0,0,0,0,0,0,0,0,0,0,0,0,0,0,0,graph_0005__path_life_0.5000,path_life,0.5,graph_0005,epoch_0003
trace,aodv,0.696833,0.696695,2820,3371,105,1349,1956,0.600000,0.030226,72.037442,360,216,31,57,0,996,1.200000,1349,64126,6.245370,296.879630,0.500000,4.285714,4.000000,5.000000,5.000000;5.000000;4.000000;4.000000;4.000000;4.000000;4.000000,12,0.652174,1,5.000000;5.000000;5.000000;5.000000;5.000000;5.000000,2.105909;0.112481;0.101057;0.480528;nan;0.134657,5.000000;5.000000;5.000000;5.000000;5.000000;5.000000,0,0,0,0,0,0,0,0,0,0,735,35280,211,10972,197,9456,177,7496,27,810,2,112,0,0,0,0,0,0,graph_0005__path_life_0.5000,path_life,0.5,graph_0005,epoch_0003
trace,static,0.261599,0.261570,1062,859,105,0,0,0.436111,0.021887,72.908086,360,157,0,0,0,263,0.872222,0,0,0.000000,0.000000,0.500000,4.285714,4.000000,5.000000,5.000000;5.000000;4.000000;4.000000;4.000000;4.000000;4.000000,12,0.652174,1,5.000000;5.000000;5.000000;5.000000;5.000000;5.000000,0.141363;0.098833;0.110033;0.143814;0.123741;0.143653,5.000000;5.000000;5.000000;5.000000;5.000000;5.000000,0,0,0,0,0,0,0,0,0,0,0,0,0,0,0,0,0,0,0,0,0,0,0,0,0,0,0,0,graph_0005__path_life_0.5000,path_life,0.5,graph_0005,epoch_0003
trace,olsr,0.405337,0.404937,1200,1400,105,513,920,0.163889,0.011360,64.852595,360,59,0,0,0,605,0.327778,513,36236,8.694915,614.169492,0.500000,4.285714,4.000000,5.000000,5.000000;5.000000;4.000000;4.000000;4.000000;4.000000;4.000000,12,0.652174,1,5.000000;5.000000;5.000000;5.000000;5.000000;5.000000,3.381119;3.211239;1.266897;nan;nan;nan,5.000000;5.000000;5.000000;5.000000;5.000000;5.000000,367,23652,146,12584,0,0,0,0,0,0,0,0,0,0,0,0,0,0,0,0,0,0,0,0,0,0,0,0,graph_0005__path_life_0.5000,path_life,0.5,graph_0005,epoch_0004
trace,aodv,0.715382,0.714569,2820,3390,105,1323,1973,0.552778,0.027849,72.953470,360,199,26,56,0,1031,1.105556,1323,62946,6.648241,316.311558,0.500000,4.285714,4.000000,5.000000,5.000000;5.000000;4.000000;4.000000;4.000000;4.000000;4.000000,12,0.652174,1,5.000000;5.000000;5.000000;5.000000;5.000000;5.000000,2.317673;0.106361;0.101057;nan;0.123741;0.153935,5.000000;5.000000;5.000000;5.000000;5.000000;5.000000,0,0,0,0,0,0,0,0,0,0,730,35040,208,10816,189,9072,171,7216,23,690,2,112,0,0,0,0,0,0,graph_0005__path_life_0.5000,path_life,0.5,graph_0005,epoch_0004
trace,static,0.265271,0.265031,1063,861,105,0,0,0.438889,0.022024,72.736149,360,158,0,0,0,259,0.877778,0,0,0.000000,0.000000,0.500000,4.285714,4.000000,5.000000,5.000000;5.000000;4.000000;4.000000;4.000000;4.000000;4.000000,12,0.652174,1,5.000000;5.000000;5.000000;5.000000;5.000000;5.000000,0.143103;0.098833;0.110033;0.142934;0.123741;0.143653,5.000000;5.000000;5.000000;5.000000;5.000000;5.000000,0,0,0,0,0,0,0,0,0,0,0,0,0,0,0,0,0,0,0,0,0,0,0,0,0,0,0,0,graph_0005__path_life_0.5000,path_life,0.5,graph_0005,epoch_0004
trace,olsr,0.430568,0.430199,1292,1478,105,523,945,0.155556,0.008899,70.673348,360,56,22,0,0,640,0.311111,523,36380,9.339286,649.642857,0.500000,4.285714,4.000000,5.000000,5.000000;5.000000;4.000000;4.000000;4.000000;4.000000;4.000000,12,0.652174,1,5.000000;5.000000;5.000000;5.000000;5.000000;5.000000,3.276254;nan;1.256629;nan;0.304965;nan,5.000000;5.000000;5.000000;5.000000;5.000000;5.000000,369,23784,154,12596,0,0,0,0,0,0,0,0,0,0,0,0,0,0,0,0,0,0,0,0,0,0,0,0,graph_0005__path_life_0.5000,path_life,0.5,graph_0005,epoch_0005
trace,aodv,0.598666,0.597855,2483,3068,105,1301,1925,0.438889,0.022117,71.408655,360,158,50,113,0,719,0.877778,1301,61686,8.234177,390.417722,0.500000,4.285714,4.000000,5.000000,5.000000;5.000000;4.000000;4.000000;4.000000;4.000000;4.000000,12,0.652174,1,5.000000;5.000000;5.000000;5.000000;5.000000;5.000000,2.260189;0.112761;0.101057;nan;nan;0.134657,5.000000;5.000000;5.000000;5.000000;5.000000;5.000000,0,0,0,0,0,0,0,0,0,0,744,35712,186,9672,164,7872,186,7800,21,630,0,0,0,0,0,0,0,0,graph_0005__path_life_0.5000,path_life,0.5,graph_0005,epoch_0005
trace,static,0.261349,0.261015,1063,860,105,0,0,0.436111,0.021888,72.723370,360,157,0,0,0,264,0.872222,0,0,0.000000,0.000000,0.500000,4.285714,4.000000,5.000000,5.000000;5.000000;4.000000;4.000000;4.000000;4.000000;4.000000,12,0.652174,1,5.000000;5.000000;5.000000;5.000000;5.000000;5.000000,0.135931;0.098833;0.110033;0.142894;0.123741;0.143653,5.000000;5.000000;5.000000;5.000000;5.000000;5.000000,0,0,0,0,0,0,0,0,0,0,0,0,0,0,0,0,0,0,0,0,0,0,0,0,0,0,0,0,graph_0005__path_life_0.5000,path_life,0.5,graph_0005,epoch_0005
trace,olsr,0.442586,0.442552,1345,1529,105,527,961,0.158333,0.010977,64.446670,360,57,7,0,0,644,0.316667,527,36912,9.245614,647.578947,0.500000,4.285714,4.000000,5.000000,5.000000;5.000000;4.000000;4.000000;4.000000;4.000000;4.000000,12,0.652174,1,5.000000;5.000000;5.000000;5.000000;5.000000;5.000000,3.381119;3.211239;1.256629;nan;nan;nan,5.000000;5.000000;5.000000;5.000000;5.000000;5.000000,364,23400,163,13512,0,0,0,0,0,0,0,0,0,0,0,0,0,0,0,0,0,0,0,0,0,0,0,0,graph_0005__path_life_0.5000,path_life,0.5,graph_0005,epoch_0002
trace,aodv,0.670655,0.670515,2689,3359,105,1358,2087,0.477778,0.024076,71.531623,360,172,16,113,0,1037,0.955556,1358,64838,7.895349,376.965116,0.500000,4.285714,4.000000,5.000000,5.000000;5.000000;4.000000;4.000000;4.000000;4.000000;4.000000,12,0.652174,1,5.000000;5.000000;5.000000;5.000000;5.000000;5.000000,1.449069;nan;0.685603;0.056067;nan;0.168867,5.000000;5.000000;5.000000;5.000000;5.000000;5.000000,0,0,0,0,0,0,0,0,0,0,734,35232,218,11336,213,10224,159,6896,29,870,5,280,0,0,0,0,0,0,graph_0005__path_life_0.5000,path_life,0.5,graph_0005,epoch_0002
trace,static,0.263816,0.263795,1062,858,105,0,0,0.433333,0.021749,72.896205,360,156,0,0,0,263,0.866667,0,0,0.000000,0.000000,0.500000,4.285714,4.000000,5.000000,5.000000;5.000000;4.000000;4.000000;4.000000;4.000000;4.000000,12,0.652174,1,5.000000;5.000000;5.000000;5.000000;5.000000;5.000000,0.139303;0.098833;0.110033;0.143954;0.123741;0.143653,5.000000;5.000000;5.000000;5.000000;5.000000;5.000000,0,0,0,0,0,0,0,0,0,0,0,0,0,0,0,0,0,0,0,0,0,0,0,0,0,0,0,0,graph_0005__path_life_0.5000,path_life,0.5,graph_0005,epoch_0002
trace,olsr,0.383651,0.383615,1200,1763,105,561,1278,0.172222,0.008841,71.242086,360,62,0,0,0,235,0.191358,561,41820,9.048387,674.516129,0.900000,7.714286,8.000000,8.000000,8.000000;8.000000;8.000000;8.000000;8.000000;7.000000;7.000000,12,0.702128,1,1.000000;1.000000;1.000000;1.000000;1.000000;1.000000,2.436252;nan;nan;4.742399;nan;1.341593,1.000000;1.000000;1.000000;1.000000;1.000000;1.000000,350,23828,211,17992,0,0,0,0,0,0,0,0,0,0,0,0,0,0,0,0,0,0,0,0,0,0,0,0,graph_0002__path_life_0.9000,path_life,0.9,graph_0002,epoch_0001
trace,aodv,0.544784,0.544708,2326,3140,105,1099,2049,0.300000,0.015117,71.691906,360,108,3,113,0,503,0.333333,1099,52726,10.175926,488.203704,0.900000,7.714286,8.000000,8.000000,8.000000;8.000000;8.000000;8.000000;8.000000;7.000000;7.000000,12,0.702128,1,1.000000;1.000000;1.000000;1.000000;1.000000;1.000000,nan;nan;5.404326;nan;nan;0.194229,1.000000;1.000000;1.000000;1.000000;1.000000;1.000000,0,0,0,0,0,0,0,0,0,0,773,37104,126,6552,120,5760,67,2920,13,390,0,0,0,0,0,0,0,0,graph_0002__path_life_0.9000,path_life,0.9,graph_0002,epoch_0001
trace,static,0.464877,0.464843,1637,1568,105,0,0,0.808333,0.040570,74.083703,360,291,0,0,0,338,0.898148,0,0,0.000000,0.000000,0.900000,7.714286,8.000000,8.000000,8.000000;8.000000;8.000000;8.000000;8.000000;7.000000;7.000000,12,0.702128,1,1.000000;1.000000;1.000000;1.000000;1.000000;1.000000,0.125576;0.143916;0.143953;0.155153;0.166637;0.030119,1.000000;1.000000;1.000000;1.000000;1.000000;1.000000,0,0,0,0,0,0,0,0,0,0,0,0,0,0,0,0,0,0,0,0,0,0,0,0,0,0,0,0,graph_0002__path_life_0.9000,path_life,0.9,graph_0002,epoch_0001
trace,olsr,0.387034,0.386989,1198,1653,105,541,1218,0.152778,0.007842,56.124346,360,55,0,0,0,290,0.169753,541,41000,9.836364,745.454545,0.900000,7.714286,8.000000,8.000000,8.000000;8.000000;8.000000;8.000000;8.000000;7.000000;7.000000,12,0.702128,1,1.000000;1.000000;1.000000;1.000000;1.000000;1.000000,nan;2.262389;1.299255;nan;nan;4.463337,1.000000;1.000000;1.000000;1.000000;1.000000;1.000000,360,24528,181,16472,0,0,0,0,0,0,0,0,0,0,0,0,0,0,0,0,0,0,0,0,0,0,0,0,graph_0002__path_life_0.9000,path_life,0.9,graph_0002,epoch_0003
trace,aodv,0.509752,0.509599,2228,3026,105,1091,2026,0.233333,0.012681,63.293550,360,84,2,113,0,497,0.259259,1091,52418,12.988095,624.023810,0.900000,7.714286,8.000000,8.000000,8.000000;8.000000;8.000000;8.000000;8.000000;7.000000;7.000000,12,0.702128,1,1.000000;1.000000;1.000000;1.000000;1.000000;1.000000,nan;nan;5.584560;nan;nan;0.194229,1.000000;1.000000;1.000000;1.000000;1.000000;1.000000,0,0,0,0,0,0,0,0,0,0,770,36960,128,6656,113,5424,69,3048,11,330,0,0,0,0,0,0,0,0,graph_0002__path_life_0.9000,path_life,0.9,graph_0002,epoch_0003
trace,static,0.462323,0.462285,1637,1568,105,0,0,0.808333,0.040566,74.083612,360,291,0,0,0,338,0.898148,0,0,0.000000,0.000000,0.900000,7.714286,8.000000,8.000000,8.000000;8.000000;8.000000;8.000000;8.000000;7.000000;7.000000,12,0.702128,1,1.000000;1.000000;1.000000;1.000000;1.000000;1.000000,0.124476;0.143936;0.143953;0.155153;0.166637;0.030119,1.000000;1.000000;1.000000;1.000000;1.000000;1.000000,0,0,0,0,0,0,0,0,0,0,0,0,0,0,0,0,0,0,0,0,0,0,0,0,0,0,0,0,graph_0002__path_life_0.9000,path_life,0.9,graph_0002,epoch_0003
trace,olsr,0.462192,0.462170,1325,1791,105,553,1253,0.180556,0.009269,64.408867,360,65,29,0,0,368,0.200617,553,41016,8.507692,631.015385,0.900000,7.714286,8.000000,8.000000,8.000000;8.000000;8.000000;8.000000;8.000000;7.000000;7.000000,12,0.702128,1,1.000000;1.000000;1.000000;1.000000;1.000000;1.000000,0.303272;3.254135;1.299255;2.297008;nan;3.318472,1.000000;1.000000;1.000000;1.000000;1.000000;1.000000,355,24232,198,16784,0,0,0,0,0,0,0,0,0,0,0,0,0,0,0,0,0,0,0,0,0,0,0,0,graph_0002__path_life_0.9000,path_life,0.9,graph_0002,epoch_0004
trace,aodv,0.499738,0.499556,2228,3008,105,1076,2016,0.172222,0.009358,63.796781,360,62,1,113,0,454,0.191358,1076,51642,17.354839,832.935484,0.900000,7.714286,8.000000,8.000000,8.000000;8.000000;8.000000;8.000000;8.000000;7.000000;7.000000,12,0.702128,1,1.000000;1.000000;1.000000;1.000000;1.000000;1.000000,nan;nan;5.410240;nan;nan;0.194229,1.000000;1.000000;1.000000;1.000000;1.000000;1.000000,0,0,0,0,0,0,0,0,0,0,774,37152,120,6240,103,4944,68,2976,11,330,0,0,0,0,0,0,0,0,graph_0002__path_life_0.9000,path_life,0.9,graph_0002,epoch_0004
trace,static,0.460522,0.460497,1637,1568,105,0,0,0.808333,0.040571,74.083768,360,291,0,0,0,337,0.898148,0,0,0.000000,0.000000,0.900000,7.714286,8.000000,8.000000,8.000000;8.000000;8.000000;8.000000;8.000000;7.000000;7.000000,12,0.702128,1,1.000000;1.000000;1.000000;1.000000;1.000000;1.000000,0.129656;0.144802;0.143953;0.155153;0.166637;0.030119,1.000000;1.000000;1.000000;1.000000;1.000000;1.000000,0,0,0,0,0,0,0,0,0,0,0,0,0,0,0,0,0,0,0,0,0,0,0,0,0,0,0,0,graph_0002__path_life_0.9000,path_life,0.9,graph_0002,epoch_0004
trace,olsr,0.490361,0.490219,1428,1851,105,544,1217,0.197222,0.010126,70.780637,360,71,20,0,0,367,0.219136,544,41136,7.661972,579.380282,0.900000,7.714286,8.000000,8.000000,8.000000;8.000000;8.000000;8.000000;8.000000;7.000000;7.000000,12,0.702128,1,1.000000;1.000000;1.000000;1.000000;1.000000;1.000000,nan;3.424795;1.299525;4.597351;2.477862;1.341593,1.000000;1.000000;1.000000;1.000000;1.000000;1.000000,355,24200,189,16936,0,0,0,0,0,0,0,0,0,0,0,0,0,0,0,0,0,0,0,0,0,0,0,0,graph_0002__path_life_0.9000,path_life,0.9,graph_0002,epoch_0005
trace,aodv,0.521311,0.521285,2229,3058,105,1087,2051,0.236111,0.012835,63.700744,360,85,3,113,0,456,0.262346,1087,52142,12.788235,613.435294,0.900000,7.714286,8.000000,8.000000,8.000000;8.000000;8.000000;8.000000;8.000000;7.000000;7.000000,12,0.702128,1,1.000000;1.000000;1.000000;1.000000;1.000000;1.000000,nan;nan;5.569576;nan;nan;0.053636,1.000000;1.000000;1.000000;1.000000;1.000000;1.000000,0,0,0,0,0,0,0,0,0,0,773,37104,124,6448,105,5040,71,3104,13,390,1,56,0,0,0,0,0,0,graph_0002__path_life_0.9000,path_life,0.9,graph_0002,epoch_0005
trace,static,0.466917,0.466869,1637,1568,105,0,0,0.808333,0.040576,74.083710,360,291,0,0,0,337,0.898148,0,0,0.000000,0.000000,0.900000,7.714286,8.000000,8.000000,8.000000;8.000000;8.000000;8.000000;8.000000;7.000000;7.000000,12,0.702128,1,1.000000;1.000000;1.000000;1.000000;1.000000;1.000000,0.124516;0.144802;0.143953;0.155153;0.166637;0.030119,1.000000;1.000000;1.000000;1.000000;1.000000;1.000000,0,0,0,0,0,0,0,0,0,0,0,0,0,0,0,0,0,0,0,0,0,0,0,0,0,0,0,0,graph_0002__path_life_0.9000,path_life,0.9,graph_0002,epoch_0005
trace,olsr,0.411017,0.410976,1252,1708,105,554,1255,0.144444,0.009067,54.676519,360,52,0,0,0,288,0.160494,554,41640,10.653846,800.769231,0.900000,7.714286,8.000000,8.000000,8.000000;8.000000;8.000000;8.000000;8.000000;7.000000;7.000000,12,0.702128,1,1.000000;1.000000;1.000000;1.000000;1.000000;1.000000,nan;3.254135;1.299255;nan;2.142456;nan,1.000000;1.000000;1.000000;1.000000;1.000000;1.000000,359,24500,195,17140,0,0,0,0,0,0,0,0,0,0,0,0,0,0,0,0,0,0,0,0,0,0,0,0,graph_0002__path_life_0.9000,path_life,0.9,graph_0002,epoch_0002
trace,aodv,0.507023,0.507000,2226,2974,105,1087,1971,0.236111,0.012831,63.448996,360,85,2,113,0,498,0.262346,1087,52210,12.788235,614.235294,0.900000,7.714286,8.000000,8.000000,8.000000;8.000000;8.000000;8.000000;8.000000;7.000000;7.000000,12,0.702128,1,1.000000;1.000000;1.000000;1.000000;1.000000;1.000000,nan;nan;5.416096;nan;nan;0.194229,1.000000;1.000000;1.000000;1.000000;1.000000;1.000000,0,0,0,0,0,0,0,0,0,0,772,37056,124,6448,113,5424,67,2952,11,330,0,0,0,0,0,0,0,0,graph_0002__path_life_0.9000,path_life,0.9,graph_0002,epoch_0002
trace,static,0.465844,0.465716,1637,1568,105,0,0,0.808333,0.040569,74.083702,360,291,0,0,0,338,0.898148,0,0,0.000000,0.000000,0.900000,7.714286,8.000000,8.000000,8.000000;8.000000;8.000000;8.000000;8.000000;7.000000;7.000000,12,0.702128,1,1.000000;1.000000;1.000000;1.000000;1.000000;1.000000,0.129616;0.144056;0.143953;0.155153;0.166637;0.030119,1.000000;1.000000;1.000000;1.000000;1.000000;1.000000,0,0,0,0,0,0,0,0,0,0,0,0,0,0,0,0,0,0,0,0,0,0,0,0,0,0,0,0,graph_0002__path_life_0.9000,path_life,0.9,graph_0002,epoch_0002
trace,olsr,0.317701,0.317698,1133,1325,105,521,965,0.155556,0.008031,63.307422,360,56,0,0,0,392,0.222222,521,36864,9.303571,658.285714,0.700000,4.666667,5.000000,5.000000,5.000000;5.000000;5.000000;5.000000;5.000000;5.000000;4.000000;4.000000;4.000000,16,0.666667,1,3.000000;3.000000;2.000000;2.000000;2.000000;2.000000;2.000000;2.000000,3.251189;0.224489;nan;0.083813;nan;nan;nan;0.307209,3.000000;3.000000;2.000000;2.000000;2.000000;2.000000;2.000000;2.000000,363,23324,158,13540,0,0,0,0,0,0,0,0,0,0,0,0,0,0,0,0,0,0,0,0,0,0,0,0,graph_0005__path_life_0.7000,path_life,0.7,graph_0005,epoch_0001
trace,aodv,0.812251,0.812190,3075,3675,105,1404,2074,0.666667,0.033591,73.738440,360,240,50,0,0,1104,0.952381,1404,66616,5.850000,277.566667,0.700000,4.666667,5.000000,5.000000,5.000000;5.000000;5.000000;5.000000;5.000000;5.000000;4.000000;4.000000;4.000000,16,0.666667,1,3.000000;3.000000;2.000000;2.000000;2.000000;2.000000;2.000000;2.000000,0.177867;2.470384;2.341429;0.083813;0.129217;0.188138;0.619763;1.871684,3.000000;3.000000;2.000000;2.000000;2.000000;2.000000;2.000000;2.000000,0,0,0,0,0,0,0,0,0,0,740,35520,210,10920,223,10704,211,8872,20,600,0,0,0,0,0,0,0,0,graph_0005__path_life_0.7000,path_life,0.7,graph_0005,epoch_0001
trace,static,0.371608,0.371578,1378,1242,105,0,0,0.622222,0.031232,74.688635,360,224,0,0,0,300,0.888889,0,0,0.000000,0.000000,0.700000,4.666667,5.000000,5.000000,5.000000;5.000000;5.000000;5.000000;5.000000;5.000000;4.000000;4.000000;4.000000,16,0.666667,1,3.000000;3.000000;2.000000;2.000000;2.000000;2.000000;2.000000;2.000000,0.196009;0.166673;0.057233;0.092789;0.138193;0.028733;0.081837;0.152609,3.000000;3.000000;2.000000;2.000000;2.000000;2.000000;2.000000;2.000000,0,0,0,0,0,0,0,0,0,0,0,0,0,0,0,0,0,0,0,0,0,0,0,0,0,0,0,0,graph_0005__path_life_0.7000,path_life,0.7,graph_0005,epoch_0001
trace,olsr,0.318585,0.318561,1051,1267,105,519,974,0.127778,0.008007,62.473652,360,46,0,0,0,375,0.182540,519,36816,11.282609,800.347826,0.700000,4.666667,5.000000,5.000000,5.000000;5.000000;5.000000;5.000000;5.000000;5.000000;4.000000;4.000000;4.000000,16,0.666667,1,3.000000;3.000000;2.000000;2.000000;2.000000;2.000000;2.000000;2.000000,3.251599;nan;nan;0.083813;nan;3.222989;nan;nan,3.000000;3.000000;2.000000;2.000000;2.000000;2.000000;2.000000;2.000000,365,23520,154,13296,0,0,0,0,0,0,0,0,0,0,0,0,0,0,0,0,0,0,0,0,0,0,0,0,graph_0005__path_life_0.7000,path_life,0.7,graph_0005,epoch_0003
trace,aodv,0.757196,0.757047,2892,3501,105,1285,1958,0.766667,0.038622,73.945032,360,276,20,0,0,855,1.095238,1285,61378,4.655797,222.384058,0.700000,4.666667,5.000000,5.000000,5.000000;5.000000;5.000000;5.000000;5.000000;5.000000;4.000000;4.000000;4.000000,16,0.666667,1,3.000000;3.000000;2.000000;2.000000;2.000000;2.000000;2.000000;2.000000,0.334727;2.484890;1.634902;0.083813;0.129217;nan;0.164484;1.658416,3.000000;3.000000;2.000000;2.000000;2.000000;2.000000;2.000000;2.000000,0,0,0,0,0,0,0,0,0,0,740,35520,200,10400,191,9168,135,5720,19,570,0,0,0,0,0,0,0,0,graph_0005__path_life_0.7000,path_life,0.7,graph_0005,epoch_0003
trace,static,0.379649,0.379627,1378,1242,105,0,0,0.622222,0.031228,74.688658,360,224,0,0,0,300,0.888889,0,0,0.000000,0.000000,0.700000,4.666667,5.000000,5.000000,5.000000;5.000000;5.000000;5.000000;5.000000;5.000000;4.000000;4.000000;4.000000,16,0.666667,1,3.000000;3.000000;2.000000;2.000000;2.000000;2.000000;2.000000;2.000000,0.207509;0.166673;0.057233;0.092789;0.138193;0.028733;0.081837;0.152609,3.000000;3.000000;2.000000;2.000000;2.000000;2.000000;2.000000;2.000000,0,0,0,0,0,0,0,0,0,0,0,0,0,0,0,0,0,0,0,0,0,0,0,0,0,0,0,0,graph_0005__path_life_0.7000,path_life,0.7,graph_0005,epoch_0003
trace,olsr,0.429268,0.429076,1340,1587,105,538,986,0.158333,0.010840,63.284643,360,57,1,0,0,500,0.226190,538,37860,9.438596,664.210526,0.700000,4.666667,5.000000,5.000000,5.000000;5.000000;5.000000;5.000000;5.000000;5.000000;4.000000;4.000000;4.000000,16,0.666667,1,3.000000;3.000000;2.000000;2.000000;2.000000;2.000000;2.000000;2.000000,3.251499;0.225569;1.251194;0.265605;0.319033;nan;nan;nan,3.000000;3.000000;2.000000;2.000000;2.000000;2.000000;2.000000;2.000000,366,23568,166,13956,0,0,0,0,6,336,0,0,0,0,0,0,0,0,0,0,0,0,0,0,0,0,0,0,graph_0005__path_life_0.7000,path_life,0.7,graph_0005,epoch_0004
trace,aodv,0.657093,0.657014,2730,3332,105,1299,1953,0.533333,0.029512,67.984652,360,192,28,57,0,1001,0.761905,1299,61766,6.765625,321.697917,0.700000,4.666667,5.000000,5.000000,5.000000;5.000000;5.000000;5.000000;5.000000;5.000000;4.000000;4.000000;4.000000,16,0.666667,1,3.000000;3.000000;2.000000;2.000000;2.000000;2.000000;2.000000;2.000000,1.632633;2.496155;1.626646;0.083813;nan;nan;0.072861;nan,3.000000;3.000000;2.000000;2.000000;2.000000;2.000000;2.000000;2.000000,0,0,0,0,0,0,0,0,0,0,741,35568,179,9308,169,8112,183,7656,15,450,12,672,0,0,0,0,0,0,graph_0005__path_life_0.7000,path_life,0.7,graph_0005,epoch_0004
trace,static,0.365975,0.365915,1379,1244,105,0,0,0.625000,0.031364,74.559983,360,225,0,0,0,302,0.892857,0,0,0.000000,0.000000,0.700000,4.666667,5.000000,5.000000,5.000000;5.000000;5.000000;5.000000;5.000000;5.000000;4.000000;4.000000;4.000000,16,0.666667,1,3.000000;3.000000;2.000000;2.000000;2.000000;2.000000;2.000000;2.000000,0.199473;0.166673;0.057233;0.092789;0.138193;0.028733;0.081837;0.152609,3.000000;3.000000;2.000000;2.000000;2.000000;2.000000;2.000000;2.000000,0,0,0,0,0,0,0,0,0,0,0,0,0,0,0,0,0,0,0,0,0,0,0,0,0,0,0,0,graph_0005__path_life_0.7000,path_life,0.7,graph_0005,epoch_0004
trace,olsr,0.320899,0.320884,1112,1348,105,537,1003,0.155556,0.007829,67.341867,360,56,0,0,0,378,0.222222,537,37340,9.589286,666.785714,0.700000,4.666667,5.000000,5.000000,5.000000;5.000000;5.000000;5.000000;5.000000;5.000000;4.000000;4.000000;4.000000,16,0.666667,1,3.000000;3.000000;2.000000;2.000000;2.000000;2.000000;2.000000;2.000000,3.252099;0.222695;nan;0.083813;nan;nan;nan;0.307209,3.000000;3.000000;2.000000;2.000000;2.000000;2.000000;2.000000;2.000000,366,23592,171,13748,0,0,0,0,0,0,0,0,0,0,0,0,0,0,0,0,0,0,0,0,0,0,0,0,graph_0005__path_life_0.7000,path_life,0.7,graph_0005,epoch_0005
trace,aodv,0.670211,0.670170,2728,3353,105,1233,1892,0.663889,0.033455,74.865820,360,239,31,56,0,904,0.948413,1233,58790,5.158996,245.983264,0.700000,4.666667,5.000000,5.000000,5.000000;5.000000;5.000000;5.000000;5.000000;5.000000;4.000000;4.000000;4.000000,16,0.666667,1,3.000000;3.000000;2.000000;2.000000;2.000000;2.000000;2.000000;2.000000,3.684189;2.473130;1.700434;0.083813;4.665988;1.533874;0.112401;1.644149,3.000000;3.000000;2.000000;2.000000;2.000000;2.000000;2.000000;2.000000,0,0,0,0,0,0,0,0,0,0,741,35568,181,9412,149,7152,143,6088,19,570,0,0,0,0,0,0,0,0,graph_0005__path_life_0.7000,path_life,0.7,graph_0005,epoch_0005
trace,static,0.367537,0.367512,1379,1244,105,0,0,0.625000,0.031368,74.560006,360,225,0,0,0,303,0.892857,0,0,0.000000,0.000000,0.700000,4.666667,5.000000,5.000000,5.000000;5.000000;5.000000;5.000000;5.000000;5.000000;4.000000;4.000000;4.000000,16,0.666667,1,3.000000;3.000000;2.000000;2.000000;2.000000;2.000000;2.000000;2.000000,0.199409;0.166673;0.057233;0.092789;0.138193;0.028733;0.081837;0.152609,3.000000;3.000000;2.000000;2.000000;2.000000;2.000000;2.000000;2.000000,0,0,0,0,0,0,0,0,0,0,0,0,0,0,0,0,0,0,0,0,0,0,0,0,0,0,0,0,graph_0005__path_life_0.7000,path_life,0.7,graph_0005,epoch_0005
trace,olsr,0.355365,0.355007,1056,1297,105,518,949,0.152778,0.010353,65.611845,360,55,3,0,0,411,0.218254,518,36128,9.418182,656.872727,0.700000,4.666667,5.000000,5.000000,5.000000;5.000000;5.000000;5.000000;5.000000;5.000000;4.000000;4.000000;4.000000,16,0.666667,1,3.000000;3.000000;2.000000;2.000000;2.000000;2.000000;2.000000;2.000000,3.252709;0.224729;2.717408;0.266683;0.302562;nan;nan;nan,3.000000;3.000000;2.000000;2.000000;2.000000;2.000000;2.000000;2.000000,365,23464,153,12664,0,0,0,0,0,0,0,0,0,0,0,0,0,0,0,0,0,0,0,0,0,0,0,0,graph_0005__path_life_0.7000,path_life,0.7,graph_0005,epoch_0002
trace,aodv,0.807473,0.806441,3081,3706,105,1330,1999,0.830556,0.041852,75.612664,360,299,17,0,0,909,1.186508,1330,63352,4.448161,211.879599,0.700000,4.666667,5.000000,5.000000,5.000000;5.000000;5.000000;5.000000;5.000000;5.000000;4.000000;4.000000;4.000000,16,0.666667,1,3.000000;3.000000;2.000000;2.000000;2.000000;2.000000;2.000000;2.000000,0.511433;2.578631;1.628369;0.083813;0.129217;0.010781;0.109141;1.550448,3.000000;3.000000;2.000000;2.000000;2.000000;2.000000;2.000000;2.000000,0,0,0,0,0,0,0,0,0,0,739,35472,197,10244,208,9984,166,7000,18,540,2,112,0,0,0,0,0,0,graph_0005__path_life_0.7000,path_life,0.7,graph_0005,epoch_0002
trace,static,0.373519,0.373159,1378,1242,105,0,0,0.622222,0.031230,74.688616,360,224,0,0,0,300,0.888889,0,0,0.000000,0.000000,0.700000,4.666667,5.000000,5.000000,5.000000;5.000000;5.000000;5.000000;5.000000;5.000000;4.000000;4.000000;4.000000,16,0.666667,1,3.000000;3.000000;2.000000;2.000000;2.000000;2.000000;2.000000;2.000000,0.201209;0.166673;0.057233;0.092789;0.138193;0.028733;0.081837;0.152609,3.000000;3.000000;2.000000;2.000000;2.000000;2.000000;2.000000;2.000000,0,0,0,0,0,0,0,0,0,0,0,0,0,0,0,0,0,0,0,0,0,0,0,0,0,0,0,0,graph_0005__path_life_0.7000,path_life,0.7,graph_0005,epoch_0002
trace,olsr,0.329589,0.329514,1054,1515,105,547,1198,0.086111,0.006962,59.679889,360,31,42,0,0,328,0.172222,547,40700,17.645161,1312.903226,0.500000,4.285714,4.000000,5.000000,5.000000;5.000000;4.000000;4.000000;4.000000;4.000000;4.000000,12,0.739130,1,5.000000;5.000000;5.000000;5.000000;5.000000;5.000000,nan;nan;nan;nan;nan;nan,5.000000;5.000000;5.000000;5.000000;5.000000;5.000000,351,23940,196,16760,0,0,0,0,0,0,0,0,0,0,0,0,0,0,0,0,0,0,0,0,0,0,0,0,graph_0002__path_life_0.5000,path_life,0.5,graph_0002,epoch_0001
trace,aodv,0.592667,0.592582,2464,3277,105,1202,2083,0.438889,0.025715,74.914918,360,158,29,57,0,751,0.877778,1202,57354,7.607595,363.000000,0.500000,4.285714,4.000000,5.000000,5.000000;5.000000;4.000000;4.000000;4.000000;4.000000;4.000000,12,0.739130,1,5.000000;5.000000;5.000000;5.000000;5.000000;5.000000,4.062642;nan;0.101057;0.112541;0.013859;nan,5.000000;5.000000;5.000000;5.000000;5.000000;5.000000,0,0,0,0,0,0,0,0,0,0,748,35904,168,8736,138,6624,133,5640,15,450,0,0,0,0,0,0,0,0,graph_0002__path_life_0.5000,path_life,0.5,graph_0002,epoch_0001
trace,static,0.254433,0.254399,1033,832,105,0,0,0.441667,0.022291,72.448862,360,159,0,0,0,203,0.883333,0,0,0.000000,0.000000,0.500000,4.285714,4.000000,5.000000,5.000000;5.000000;4.000000;4.000000;4.000000;4.000000;4.000000,12,0.739130,1,5.000000;5.000000;5.000000;5.000000;5.000000;5.000000,0.141185;0.123600;0.110033;0.121517;0.141423;0.143917,5.000000;5.000000;5.000000;5.000000;5.000000;5.000000,0,0,0,0,0,0,0,0,0,0,0,0,0,0,0,0,0,0,0,0,0,0,0,0,0,0,0,0,graph_0002__path_life_0.5000,path_life,0.5,graph_0002,epoch_0001
trace,olsr,0.451127,0.451068,1403,1813,105,538,1164,0.158333,0.009839,60.134950,360,57,31,0,0,430,0.316667,538,40184,9.438596,704.982456,0.500000,4.285714,4.000000,5.000000,5.000000;5.000000;4.000000;4.000000;4.000000;4.000000;4.000000,12,0.739130,1,5.000000;5.000000;5.000000;5.000000;5.000000;5.000000,1.251189;nan;0.101341;2.906229;0.321865;nan,5.000000;5.000000;5.000000;5.000000;5.000000;5.000000,354,24120,181,15896,0,0,0,0,3,168,0,0,0,0,0,0,0,0,0,0,0,0,0,0,0,0,0,0,graph_0002__path_life_0.5000,path_life,0.5,graph_0002,epoch_0003
trace,aodv,0.608495,0.608419,2550,3484,105,1242,2202,0.591667,0.034667,73.502032,360,213,16,57,0,749,1.183333,1242,59446,5.830986,279.089202,0.500000,4.285714,4.000000,5.000000,5.000000;5.000000;4.000000;4.000000;4.000000;4.000000;4.000000,12,0.739130,1,5.000000;5.000000;5.000000;5.000000;5.000000;5.000000,1.601946;nan;0.101057;0.112541;0.008559;nan,5.000000;5.000000;5.000000;5.000000;5.000000;5.000000,0,0,0,0,0,0,0,0,0,0,744,35712,201,10452,142,6816,129,5608,23,690,3,168,0,0,0,0,0,0,graph_0002__path_life_0.5000,path_life,0.5,graph_0002,epoch_0003
trace,static,0.248540,0.248533,1034,833,105,0,0,0.441667,0.022289,72.448732,360,159,0,0,0,203,0.883333,0,0,0.000000,0.000000,0.500000,4.285714,4.000000,5.000000,5.000000;5.000000;4.000000;4.000000;4.000000;4.000000;4.000000,12,0.739130,1,5.000000;5.000000;5.000000;5.000000;5.000000;5.000000,0.142791;0.118344;0.110033;0.112541;0.141423;0.143917,5.000000;5.000000;5.000000;5.000000;5.000000;5.000000,0,0,0,0,0,0,0,0,0,0,0,0,0,0,0,0,0,0,0,0,0,0,0,0,0,0,0,0,graph_0002__path_life_0.5000,path_life,0.5,graph_0002,epoch_0003
trace,olsr,0.386779,0.386725,1232,1634,105,552,1212,0.102778,0.008310,56.394422,360,37,13,0,0,461,0.205556,552,40920,14.918919,1105.945946,0.500000,4.285714,4.000000,5.000000,5.000000;5.000000;4.000000;4.000000;4.000000;4.000000;4.000000,12,0.739130,1,5.000000;5.000000;5.000000;5.000000;5.000000;5.000000,1.251189;nan;0.273873;nan;nan;nan,5.000000;5.000000;5.000000;5.000000;5.000000;5.000000,348,23728,204,17192,0,0,0,0,0,0,0,0,0,0,0,0,0,0,0,0,0,0,0,0,0,0,0,0,graph_0002__path_life_0.5000,path_life,0.5,graph_0002,epoch_0004
trace,aodv,0.644707,0.644682,2578,3512,105,1233,2197,0.588889,0.034497,73.175049,360,212,13,57,0,869,1.177778,1233,58808,5.816038,277.396226,0.500000,4.285714,4.000000,5.000000,5.000000;5.000000;4.000000;4.000000;4.000000;4.000000;4.000000,12,0.739130,1,5.000000;5.000000;5.000000;5.000000;5.000000;5.000000,1.596263;nan;0.101057;0.112541;0.123741;nan,5.000000;5.000000;5.000000;5.000000;5.000000;5.000000,0,0,0,0,0,0,0,0,0,0,752,36096,176,9152,145,6960,134,5768,24,720,2,112,0,0,0,0,0,0,graph_0002__path_life_0.5000,path_life,0.5,graph_0002,epoch_0004
trace,static,0.252569,0.252453,1032,831,105,0,0,0.441667,0.022292,72.448838,360,159,0,0,0,204,0.883333,0,0,0.000000,0.000000,0.500000,4.285714,4.000000,5.000000,5.000000;5.000000;4.000000;4.000000;4.000000;4.000000;4.000000,12,0.739130,1,5.000000;5.000000;5.000000;5.000000;5.000000;5.000000,0.149611;0.124660;0.110033;0.112541;0.141423;0.143917,5.000000;5.000000;5.000000;5.000000;5.000000;5.000000,0,0,0,0,0,0,0,0,0,0,0,0,0,0,0,0,0,0,0,0,0,0,0,0,0,0,0,0,graph_0002__path_life_0.5000,path_life,0.5,graph_0002,epoch_0004
trace,olsr,0.376002,0.375955,1175,1643,105,538,1165,0.166667,0.013478,60.078923,360,60,3,0,0,412,0.333333,538,40332,8.966667,672.200000,0.500000,4.285714,4.000000,5.000000,5.000000;5.000000;4.000000;4.000000;4.000000;4.000000;4.000000,12,0.739130,1,5.000000;5.000000;5.000000;5.000000;5.000000;5.000000,1.289670;3.211239;0.289537;nan;nan;nan,5.000000;5.000000;5.000000;5.000000;5.000000;5.000000,355,24216,183,16116,0,0,0,0,0,0,0,0,0,0,0,0,0,0,0,0,0,0,0,0,0,0,0,0,graph_0002__path_life_0.5000,path_life,0.5,graph_0002,epoch_0005
trace,aodv,0.615214,0.615069,2549,3467,105,1248,2194,0.597222,0.035002,73.747246,360,215,13,57,0,786,1.194444,1248,59510,5.804651,276.790698,0.500000,4.285714,4.000000,5.000000,5.000000;5.000000;4.000000;4.000000;4.000000;4.000000;4.000000,12,0.739130,1,5.000000;5.000000;5.000000;5.000000;5.000000;5.000000,1.611431;nan;0.101057;2.430611;0.005331;nan,5.000000;5.000000;5.000000;5.000000;5.000000;5.000000,0,0,0,0,0,0,0,0,0,0,740,35520,196,10192,138,6624,152,6488,21,630,1,56,0,0,0,0,0,0,graph_0002__path_life_0.5000,path_life,0.5,graph_0002,epoch_0005
trace,static,0.247606,0.247590,1034,833,105,0,0,0.441667,0.022294,72.448870,360,159,0,0,0,206,0.883333,0,0,0.000000,0.000000,0.500000,4.285714,4.000000,5.000000,5.000000;5.000000;4.000000;4.000000;4.000000;4.000000;4.000000,12,0.739130,1,5.000000;5.000000;5.000000;5.000000;5.000000;5.000000,0.147105;0.122340;0.110033;0.121517;0.141423;0.143917,5.000000;5.000000;5.000000;5.000000;5.000000;5.000000,0,0,0,0,0,0,0,0,0,0,0,0,0,0,0,0,0,0,0,0,0,0,0,0,0,0,0,0,graph_0002__path_life_0.5000,path_life,0.5,graph_0002,epoch_0005
trace,olsr,0.568003,0.567953,1769,2204,105,543,1156,0.177778,0.014372,59.666461,360,64,24,0,0,533,0.355556,543,40524,8.484375,633.187500,0.500000,4.285714,4.000000,5.000000,5.000000;5.000000;4.000000;4.000000;4.000000;4.000000;4.000000,12,0.739130,1,5.000000;5.000000;5.000000;5.000000;5.000000;5.000000,1.251189;3.211239;0.101057;nan;nan;nan,5.000000;5.000000;5.000000;5.000000;5.000000;5.000000,357,24400,178,15676,0,0,0,0,8,448,0,0,0,0,0,0,0,0,0,0,0,0,0,0,0,0,0,0,graph_0002__path_life_0.5000,path_life,0.5,graph_0002,epoch_0002
trace,aodv,0.614322,0.614268,2500,3328,105,1230,2099,0.513889,0.030108,71.960557,360,185,30,57,0,742,1.027778,1230,58664,6.648649,317.102703,0.500000,4.285714,4.000000,5.000000,5.000000;5.000000;4.000000;4.000000;4.000000;4.000000;4.000000,12,0.739130,1,5.000000;5.000000;5.000000;5.000000;5.000000;5.000000,1.699992;nan;0.101057;0.006840;0.007799;nan,5.000000;5.000000;5.000000;5.000000;5.000000;5.000000,0,0,0,0,0,0,0,0,0,0,753,36144,173,8996,140,6720,149,6328,14,420,1,56,0,0,0,0,0,0,graph_0002__path_life_0.5000,path_life,0.5,graph_0002,epoch_0002
trace,static,0.250517,0.250489,1034,834,105,0,0,0.444444,0.022431,72.463257,360,160,0,0,0,203,0.888889,0,0,0.000000,0.000000,0.500000,4.285714,4.000000,5.000000,5.000000;5.000000;4.000000;4.000000;4.000000;4.000000;4.000000,12,0.739130,1,5.000000;5.000000;5.000000;5.000000;5.000000;5.000000,0.145751;0.120300;0.110033;0.112701;0.141423;0.143917,5.000000;5.000000;5.000000;5.000000;5.000000;5.000000,0,0,0,0,0,0,0,0,0,0,0,0,0,0,0,0,0,0,0,0,0,0,0,0,0,0,0,0,graph_0002__path_life_0.5000,path_life,0.5,graph_0002,epoch_0002
trace,olsr,0.545135,0.544637,1649,1993,105,579,1146,0.311111,0.015710,71.450945,360,112,20,0,0,499,0.345679,579,43396,5.169643,387.464286,0.900000,7.714286,8.000000,8.000000,8.000000;8.000000;8.000000;8.000000;8.000000;7.000000;7.000000,12,0.765957,1,1.000000;1.000000;1.000000;1.000000;1.000000;1.000000,5.294538;2.262389;0.254053;nan;4.281128;0.358283,1.000000;1.000000;1.000000;1.000000;1.000000;1.000000,354,23032,225,20364,0,0,0,0,0,0,0,0,0,0,0,0,0,0,0,0,0,0,0,0,0,0,0,0,graph_0004__path_life_0.9000,path_life,0.9,graph_0004,epoch_0001
trace,aodv,0.809611,0.809540,3044,3787,105,1292,2080,0.833333,0.042305,74.202692,360,300,15,0,0,885,0.925926,1292,61564,4.306667,205.213333,0.900000,7.714286,8.000000,8.000000,8.000000;8.000000;8.000000;8.000000;8.000000;7.000000;7.000000,12,0.765957,1,1.000000;1.000000;1.000000;1.000000;1.000000;1.000000,0.112293;0.123777;0.224102;0.168505;0.347642;0.215481,1.000000;1.000000;1.000000;1.000000;1.000000;1.000000,0,0,0,0,0,0,0,0,0,0,760,36480,155,8060,219,10512,138,5912,20,600,0,0,0,0,0,0,0,0,graph_0004__path_life_0.9000,path_life,0.9,graph_0004,epoch_0001
trace,static,0.459728,0.459710,1621,1560,105,0,0,0.830556,0.041707,74.255116,360,299,0,0,0,332,0.922840,0,0,0.000000,0.000000,0.900000,7.714286,8.000000,8.000000,8.000000;8.000000;8.000000;8.000000;8.000000;7.000000;7.000000,12,0.765957,1,1.000000;1.000000;1.000000;1.000000;1.000000;1.000000,0.147907;0.173049;0.159866;0.164413;0.166657;0.030389,1.000000;1.000000;1.000000;1.000000;1.000000;1.000000,0,0,0,0,0,0,0,0,0,0,0,0,0,0,0,0,0,0,0,0,0,0,0,0,0,0,0,0,graph_0004__path_life_0.9000,path_life,0.9,graph_0004,epoch_0001
trace,olsr,0.602690,0.602673,1988,2368,105,592,1160,0.341667,0.017155,71.028656,360,123,13,0,0,537,0.379630,592,43760,4.813008,355.772358,0.900000,7.714286,8.000000,8.000000,8.000000;8.000000;8.000000;8.000000;8.000000;7.000000;7.000000,12,0.765957,1,1.000000;1.000000;1.000000;1.000000;1.000000;1.000000,5.282736;0.123777;0.316485;7.548266;nan;0.374877,1.000000;1.000000;1.000000;1.000000;1.000000;1.000000,350,22740,232,20460,0,0,0,0,10,560,0,0,0,0,0,0,0,0,0,0,0,0,0,0,0,0,0,0,graph_0004__path_life_0.9000,path_life,0.9,graph_0004,epoch_0003
trace,aodv,0.771021,0.770969,3036,3777,105,1298,2121,0.727778,0.036946,76.459684,360,262,16,0,0,813,0.808642,1298,61964,4.954198,236.503817,0.900000,7.714286,8.000000,8.000000,8.000000;8.000000;8.000000;8.000000;8.000000;7.000000;7.000000,12,0.765957,1,1.000000;1.000000;1.000000;1.000000;1.000000;1.000000,3.225253;2.457889;0.135261;0.146461;0.349704;0.218486,1.000000;1.000000;1.000000;1.000000;1.000000;1.000000,0,0,0,0,0,0,0,0,0,0,761,36528,166,8632,223,10704,124,5328,22,660,2,112,0,0,0,0,0,0,graph_0004__path_life_0.9000,path_life,0.9,graph_0004,epoch_0003
trace,static,0.453442,0.453382,1621,1560,105,0,0,0.830556,0.041703,74.255105,360,299,0,0,0,332,0.922840,0,0,0.000000,0.000000,0.900000,7.714286,8.000000,8.000000,8.000000;8.000000;8.000000;8.000000;8.000000;7.000000;7.000000,12,0.765957,1,1.000000;1.000000;1.000000;1.000000;1.000000;1.000000,0.143507;0.172369;0.159026;0.164413;0.166657;0.030389,1.000000;1.000000;1.000000;1.000000;1.000000;1.000000,0,0,0,0,0,0,0,0,0,0,0,0,0,0,0,0,0,0,0,0,0,0,0,0,0,0,0,0,graph_0004__path_life_0.9000,path_life,0.9,graph_0004,epoch_0003
trace,olsr,0.550836,0.550740,1686,2020,105,572,1128,0.319444,0.016042,73.539240,360,115,9,0,0,485,0.354938,572,42584,4.973913,370.295652,0.900000,7.714286,8.000000,8.000000,8.000000;8.000000;8.000000;8.000000;8.000000;7.000000;7.000000,12,0.765957,1,1.000000;1.000000;1.000000;1.000000;1.000000;1.000000,5.266080;2.262119;0.252665;nan;4.436866;0.256657,1.000000;1.000000;1.000000;1.000000;1.000000;1.000000,358,23288,214,19296,0,0,0,0,0,0,0,0,0,0,0,0,0,0,0,0,0,0,0,0,0,0,0,0,graph_0004__path_life_0.9000,path_life,0.9,graph_0004,epoch_0004
trace,aodv,0.791036,0.790792,3013,3788,105,1308,2126,0.819444,0.041596,74.082960,360,295,22,0,0,752,0.910494,1308,62224,4.433898,210.928814,0.900000,7.714286,8.000000,8.000000,8.000000;8.000000;8.000000;8.000000;8.000000;7.000000;7.000000,12,0.765957,1,1.000000;1.000000;1.000000;1.000000;1.000000;1.000000,0.112293;0.123777;0.322976;0.177885;0.356923;0.021413,1.000000;1.000000;1.000000;1.000000;1.000000;1.000000,0,0,0,0,0,0,0,0,0,0,764,36672,157,8164,227,10896,138,5832,22,660,0,0,0,0,0,0,0,0,graph_0004__path_life_0.9000,path_life,0.9,graph_0004,epoch_0004
trace,static,0.453975,0.453943,1621,1560,105,0,0,0.830556,0.041709,74.255076,360,299,0,0,0,329,0.922840,0,0,0.000000,0.000000,0.900000,7.714286,8.000000,8.000000,8.000000;8.000000;8.000000;8.000000;8.000000;7.000000;7.000000,12,0.765957,1,1.000000;1.000000;1.000000;1.000000;1.000000;1.000000,0.145787;0.165969;0.157966;0.164413;0.166657;0.030389,1.000000;1.000000;1.000000;1.000000;1.000000;1.000000,0,0,0,0,0,0,0,0,0,0,0,0,0,0,0,0,0,0,0,0,0,0,0,0,0,0,0,0,graph_0004__path_life_0.9000,path_life,0.9,graph_0004,epoch_0004
trace,olsr,0.629249,0.628685,1935,2296,105,590,1163,0.205556,0.017091,58.341314,360,74,17,0,0,510,0.228395,590,43944,7.972973,593.837838,0.900000,7.714286,8.000000,8.000000,8.000000;8.000000;8.000000;8.000000;8.000000;7.000000;7.000000,12,0.765957,1,1.000000;1.000000;1.000000;1.000000;1.000000;1.000000,3.243489;2.262389;0.243351;nan;nan;nan,1.000000;1.000000;1.000000;1.000000;1.000000;1.000000,355,23108,229,20500,0,0,0,0,6,336,0,0,0,0,0,0,0,0,0,0,0,0,0,0,0,0,0,0,graph_0004__path_life_0.9000,path_life,0.9,graph_0004,epoch_0005
trace,aodv,0.821165,0.820562,3081,3862,105,1307,2120,0.852778,0.043287,74.684854,360,307,21,0,0,750,0.947531,1307,62264,4.257329,202.814332,0.900000,7.714286,8.000000,8.000000,8.000000;8.000000;8.000000;8.000000;8.000000;7.000000;7.000000,12,0.765957,1,1.000000;1.000000;1.000000;1.000000;1.000000;1.000000,0.112293;0.123777;0.350064;0.323758;1.686307;0.021413,1.000000;1.000000;1.000000;1.000000;1.000000;1.000000,0,0,0,0,0,0,0,0,0,0,765,36720,158,8216,216,10368,146,6248,20,600,2,112,0,0,0,0,0,0,graph_0004__path_life_0.9000,path_life,0.9,graph_0004,epoch_0005
trace,static,0.464923,0.464655,1621,1560,105,0,0,0.830556,0.041704,74.255073,360,299,0,0,0,333,0.922840,0,0,0.000000,0.000000,0.900000,7.714286,8.000000,8.000000,8.000000;8.000000;8.000000;8.000000;8.000000;7.000000;7.000000,12,0.765957,1,1.000000;1.000000;1.000000;1.000000;1.000000;1.000000,0.148087;0.171049;0.158006;0.164413;0.166657;0.030389,1.000000;1.000000;1.000000;1.000000;1.000000;1.000000,0,0,0,0,0,0,0,0,0,0,0,0,0,0,0,0,0,0,0,0,0,0,0,0,0,0,0,0,graph_0004__path_life_0.9000,path_life,0.9,graph_0004,epoch_0005
trace,olsr,0.465182,0.465145,1472,1863,105,580,1146,0.230556,0.011641,63.155620,360,83,45,0,0,410,0.256173,580,43516,6.987952,524.289157,0.900000,7.714286,8.000000,8.000000,8.000000;8.000000;8.000000;8.000000;8.000000;7.000000;7.000000,12,0.765957,1,1.000000;1.000000;1.000000;1.000000;1.000000;1.000000,3.243489;2.262389;0.247543;nan;nan;3.477146,1.000000;1.000000;1.000000;1.000000;1.000000;1.000000,346,22540,234,20976,0,0,0,0,0,0,0,0,0,0,0,0,0,0,0,0,0,0,0,0,0,0,0,0,graph_0004__path_life_0.9000,path_life,0.9,graph_0004,epoch_0002
trace,aodv,0.795248,0.795120,3010,3749,105,1277,2061,0.822222,0.042440,74.806223,360,296,19,0,0,747,0.913580,1277,60814,4.314189,205.452703,0.900000,7.714286,8.000000,8.000000,8.000000;8.000000;8.000000;8.000000;8.000000;7.000000;7.000000,12,0.765957,1,1.000000;1.000000;1.000000;1.000000;1.000000;1.000000,0.112293;0.123777;0.162644;0.009328;0.353446;0.213013,1.000000;1.000000;1.000000;1.000000;1.000000;1.000000,0,0,0,0,0,0,0,0,0,0,758,36384,153,7956,217,10416,125,5312,23,690,1,56,0,0,0,0,0,0,graph_0004__path_life_0.9000,path_life,0.9,graph_0004,epoch_0002
trace,static,0.466413,0.466373,1621,1560,105,0,0,0.830556,0.041701,74.255074,360,299,0,0,0,332,0.922840,0,0,0.000000,0.000000,0.900000,7.714286,8.000000,8.000000,8.000000;8.000000;8.000000;8.000000;8.000000;7.000000;7.000000,12,0.765957,1,1.000000;1.000000;1.000000;1.000000;1.000000;1.000000,0.140251;0.167189;0.158906;0.164413;0.166657;0.030389,1.000000;1.000000;1.000000;1.000000;1.000000;1.000000,0,0,0,0,0,0,0,0,0,0,0,0,0,0,0,0,0,0,0,0,0,0,0,0,0,0,0,0,graph_0004__path_life_0.9000,path_life,0.9,graph_0004,epoch_0002
trace,olsr,0.562808,0.562591,1799,2101,105,577,1086,0.352778,0.017714,78.839640,360,127,24,0,0,369,0.391975,577,43088,4.543307,339.275591,0.900000,7.714286,8.000000,8.000000,8.000000;8.000000;8.000000;8.000000;8.000000;7.000000;7.000000,12,0.744681,1,1.000000;1.000000;1.000000;1.000000;1.000000;1.000000,4.404205;7.669393;nan;0.216213;0.225983;0.021697,1.000000;1.000000;1.000000;1.000000;1.000000;1.000000,351,22888,226,20200,0,0,0,0,0,0,0,0,0,0,0,0,0,0,0,0,0,0,0,0,0,0,0,0,graph_0001__path_life_0.9000,path_life,0.9,graph_0001,epoch_0001
trace,aodv,0.676952,0.676897,2694,3338,105,1163,1843,0.708333,0.035960,76.355297,360,255,13,56,0,552,0.787037,1163,55468,4.560784,217.521569,0.900000,7.714286,8.000000,8.000000,8.000000;8.000000;8.000000;8.000000;8.000000;7.000000;7.000000,12,0.744681,1,1.000000;1.000000;1.000000;1.000000;1.000000;1.000000,0.977278;nan;1.481400;0.172720;0.011101;0.053104,1.000000;1.000000;1.000000;1.000000;1.000000;1.000000,0,0,0,0,0,0,0,0,0,0,766,36768,122,6344,156,7488,109,4568,10,300,0,0,0,0,0,0,0,0,graph_0001__path_life_0.9000,path_life,0.9,graph_0001,epoch_0001
trace,static,0.452954,0.452921,1618,1557,105,0,0,0.830556,0.041704,73.767847,360,299,0,0,0,249,0.922840,0,0,0.000000,0.000000,0.900000,7.714286,8.000000,8.000000,8.000000;8.000000;8.000000;8.000000;8.000000;7.000000;7.000000,12,0.744681,1,1.000000;1.000000;1.000000;1.000000;1.000000;1.000000,0.163187;0.177892;0.152929;0.160396;0.175329;0.021697,1.000000;1.000000;1.000000;1.000000;1.000000;1.000000,0,0,0,0,0,0,0,0,0,0,0,0,0,0,0,0,0,0,0,0,0,0,0,0,0,0,0,0,graph_0001__path_life_0.9000,path_life,0.9,graph_0001,epoch_0001
trace,olsr,0.518017,0.517974,1716,2060,105,585,1102,0.361111,0.018136,76.720221,360,130,29,0,0,344,0.401235,585,43324,4.500000,333.261538,0.900000,7.714286,8.000000,8.000000,8.000000;8.000000;8.000000;8.000000;8.000000;7.000000;7.000000,12,0.744681,1,1.000000;1.000000;1.000000;1.000000;1.000000;1.000000,4.570877;nan;nan;0.318993;0.227429;0.021697,1.000000;1.000000;1.000000;1.000000;1.000000;1.000000,352,22924,233,20400,0,0,0,0,0,0,0,0,0,0,0,0,0,0,0,0,0,0,0,0,0,0,0,0,graph_0001__path_life_0.9000,path_life,0.9,graph_0001,epoch_0003
trace,aodv,0.756348,0.756174,2967,3617,105,1190,1879,0.861111,0.043711,75.250941,360,310,11,0,0,661,0.956790,1190,56916,3.838710,183.600000,0.900000,7.714286,8.000000,8.000000,8.000000;8.000000;8.000000;8.000000;8.000000;7.000000;7.000000,12,0.744681,1,1.000000;1.000000;1.000000;1.000000;1.000000;1.000000,0.473701;4.660908;0.134977;0.178076;0.024641;0.021697,1.000000;1.000000;1.000000;1.000000;1.000000;1.000000,0,0,0,0,0,0,0,0,0,0,757,36336,141,7332,173,8304,106,4528,12,360,1,56,0,0,0,0,0,0,graph_0001__path_life_0.9000,path_life,0.9,graph_0001,epoch_0003
trace,static,0.447030,0.446999,1618,1557,105,0,0,0.830556,0.041712,73.767955,360,299,0,0,0,247,0.922840,0,0,0.000000,0.000000,0.900000,7.714286,8.000000,8.000000,8.000000;8.000000;8.000000;8.000000;8.000000;7.000000;7.000000,12,0.744681,1,1.000000;1.000000;1.000000;1.000000;1.000000;1.000000,0.158527;0.188192;0.152929;0.172280;0.175329;0.021697,1.000000;1.000000;1.000000;1.000000;1.000000;1.000000,0,0,0,0,0,0,0,0,0,0,0,0,0,0,0,0,0,0,0,0,0,0,0,0,0,0,0,0,graph_0001__path_life_0.9000,path_life,0.9,graph_0001,epoch_0003
trace,olsr,0.563745,0.563599,2056,2325,105,582,1082,0.127778,0.009810,61.449758,360,46,19,0,0,269,0.141975,582,43332,12.652174,942.000000,0.900000,7.714286,8.000000,8.000000,8.000000;8.000000;8.000000;8.000000;8.000000;7.000000;7.000000,12,0.744681,1,1.000000;1.000000;1.000000;1.000000;1.000000;1.000000,nan;nan;nan;0.222281;nan;nan,1.000000;1.000000;1.000000;1.000000;1.000000;1.000000,347,22628,223,20032,0,0,0,0,12,672,0,0,0,0,0,0,0,0,0,0,0,0,0,0,0,0,0,0,graph_0001__path_life_0.9000,path_life,0.9,graph_0001,epoch_0004
trace,aodv,0.765603,0.765552,2980,3643,105,1187,1889,0.872222,0.044288,75.280478,360,314,7,0,0,641,0.969136,1187,56826,3.780255,180.974522,0.900000,7.714286,8.000000,8.000000,8.000000;8.000000;8.000000;8.000000;8.000000;7.000000;7.000000,12,0.744681,1,1.000000;1.000000;1.000000;1.000000;1.000000;1.000000,0.492325;0.627972;2.703579;0.406123;0.020581;0.021697,1.000000;1.000000;1.000000;1.000000;1.000000;1.000000,0,0,0,0,0,0,0,0,0,0,763,36624,145,7540,162,7776,103,4440,13,390,1,56,0,0,0,0,0,0,graph_0001__path_life_0.9000,path_life,0.9,graph_0001,epoch_0004
trace,static,0.460216,0.460193,1618,1557,105,0,0,0.830556,0.041708,73.767979,360,299,0,0,0,248,0.922840,0,0,0.000000,0.000000,0.900000,7.714286,8.000000,8.000000,8.000000;8.000000;8.000000;8.000000;8.000000;7.000000;7.000000,12,0.744681,1,1.000000;1.000000;1.000000;1.000000;1.000000;1.000000,0.171367;0.179432;0.152929;0.168460;0.175329;0.021697,1.000000;1.000000;1.000000;1.000000;1.000000;1.000000,0,0,0,0,0,0,0,0,0,0,0,0,0,0,0,0,0,0,0,0,0,0,0,0,0,0,0,0,graph_0001__path_life_0.9000,path_life,0.9,graph_0001,epoch_0004
trace,olsr,0.656216,0.656164,2257,2613,105,614,1139,0.186111,0.010654,70.828084,360,67,22,0,0,363,0.206790,614,44708,9.164179,667.283582,0.900000,7.714286,8.000000,8.000000,8.000000;8.000000;8.000000;8.000000;8.000000;7.000000;7.000000,12,0.744681,1,1.000000;1.000000;1.000000;1.000000;1.000000;1.000000,nan;nan;nan;0.036763;0.217911;nan,1.000000;1.000000;1.000000;1.000000;1.000000;1.000000,355,23032,235,20332,0,0,0,0,24,1344,0,0,0,0,0,0,0,0,0,0,0,0,0,0,0,0,0,0,graph_0001__path_life_0.9000,path_life,0.9,graph_0001,epoch_0005
trace,aodv,0.764354,0.764295,2965,3611,105,1186,1865,0.888889,0.045122,74.476195,360,320,7,0,0,690,0.987654,1186,56716,3.706250,177.237500,0.900000,7.714286,8.000000,8.000000,8.000000;8.000000;8.000000;8.000000;8.000000;7.000000;7.000000,12,0.744681,1,1.000000;1.000000;1.000000;1.000000;1.000000;1.000000,0.145849;0.650143;0.134977;0.163522;0.024301;0.045614,1.000000;1.000000;1.000000;1.000000;1.000000;1.000000,0,0,0,0,0,0,0,0,0,0,770,36960,139,7228,160,7680,105,4488,12,360,0,0,0,0,0,0,0,0,graph_0001__path_life_0.9000,path_life,0.9,graph_0001,epoch_0005
trace,static,0.449912,0.449883,1618,1557,105,0,0,0.830556,0.041710,73.767890,360,299,0,0,0,249,0.922840,0,0,0.000000,0.000000,0.900000,7.714286,8.000000,8.000000,8.000000;8.000000;8.000000;8.000000;8.000000;7.000000;7.000000,12,0.744681,1,1.000000;1.000000;1.000000;1.000000;1.000000;1.000000,0.164621;0.160396;0.152929;0.173596;0.175329;0.021697,1.000000;1.000000;1.000000;1.000000;1.000000;1.000000,0,0,0,0,0,0,0,0,0,0,0,0,0,0,0,0,0,0,0,0,0,0,0,0,0,0,0,0,graph_0001__path_life_0.9000,path_life,0.9,graph_0001,epoch_0005
trace,olsr,0.577935,0.577872,1781,2041,105,583,1085,0.272222,0.015583,68.183415,360,98,18,0,0,352,0.302469,583,43012,5.948980,438.897959,0.900000,7.714286,8.000000,8.000000,8.000000;8.000000;8.000000;8.000000;8.000000;7.000000;7.000000,12,0.744681,1,1.000000;1.000000;1.000000;1.000000;1.000000;1.000000,4.387062;7.505553;4.558657;0.146177;0.213481;nan,1.000000;1.000000;1.000000;1.000000;1.000000;1.000000,347,22536,234,20364,0,0,0,0,2,112,0,0,0,0,0,0,0,0,0,0,0,0,0,0,0,0,0,0,graph_0001__path_life_0.9000,path_life,0.9,graph_0001,epoch_0002
trace,aodv,0.676711,0.676661,2662,3308,105,1120,1797,0.730556,0.037086,76.044354,360,263,10,56,0,517,0.811728,1120,53462,4.258555,203.277567,0.900000,7.714286,8.000000,8.000000,8.000000;8.000000;8.000000;8.000000;8.000000;7.000000;7.000000,12,0.744681,1,1.000000;1.000000;1.000000;1.000000;1.000000;1.000000,0.112577;nan;1.306655;0.192558;0.029401;0.046928,1.000000;1.000000;1.000000;1.000000;1.000000;1.000000,0,0,0,0,0,0,0,0,0,0,776,37248,106,5512,136,6528,93,3904,9,270,0,0,0,0,0,0,0,0,graph_0001__path_life_0.9000,path_life,0.9,graph_0001,epoch_0002
trace,static,0.457778,0.457645,1618,1557,105,0,0,0.830556,0.041707,73.767933,360,299,0,0,0,249,0.922840,0,0,0.000000,0.000000,0.900000,7.714286,8.000000,8.000000,8.000000;8.000000;8.000000;8.000000;8.000000;7.000000;7.000000,12,0.744681,1,1.000000;1.000000;1.000000;1.000000;1.000000;1.000000,0.165527;0.168812;0.152929;0.176100;0.175329;0.021697,1.000000;1.000000;1.000000;1.000000;1.000000;1.000000,0,0,0,0,0,0,0,0,0,0,0,0,0,0,0,0,0,0,0,0,0,0,0,0,0,0,0,0,graph_0001__path_life_0.9000,path_life,0.9,graph_0001,epoch_0002
trace,olsr,0.447892,0.447872,1386,1638,105,557,1045,0.172222,0.012034,62.180524,360,62,6,0,0,475,0.344444,557,41056,8.983871,662.193548,0.500000,4.285714,4.000000,5.000000,5.000000;5.000000;4.000000;4.000000;4.000000;4.000000;4.000000,12,0.869565,1,5.000000;5.000000;5.000000;5.000000;5.000000;5.000000,2.243205;3.211509;1.584309;3.233639;nan;nan,5.000000;5.000000;5.000000;5.000000;5.000000;5.000000,351,22928,206,18128,0,0,0,0,0,0,0,0,0,0,0,0,0,0,0,0,0,0,0,0,0,0,0,0,graph_0001__path_life_0.5000,path_life,0.5,graph_0001,epoch_0001
trace,aodv,0.693294,0.693248,2759,3410,105,1160,1863,0.666667,0.033844,76.924929,360,240,12,56,0,777,1.333333,1160,55510,4.833333,231.291667,0.500000,4.285714,4.000000,5.000000,5.000000;5.000000;4.000000;4.000000;4.000000;4.000000;4.000000,12,0.869565,1,5.000000;5.000000;5.000000;5.000000;5.000000;5.000000,0.298303;0.090141;nan;0.112257;0.123741;0.134941,5.000000;5.000000;5.000000;5.000000;5.000000;5.000000,0,0,0,0,0,0,0,0,0,0,759,36432,143,7436,150,7200,97,4112,11,330,0,0,0,0,0,0,0,0,graph_0001__path_life_0.5000,path_life,0.5,graph_0001,epoch_0001
trace,static,0.263726,0.263704,1081,884,105,0,0,0.452778,0.022735,72.593940,360,163,0,0,0,164,0.905556,0,0,0.000000,0.000000,0.500000,4.285714,4.000000,5.000000,5.000000;5.000000;4.000000;4.000000;4.000000;4.000000;4.000000,12,0.869565,1,5.000000;5.000000;5.000000;5.000000;5.000000;5.000000,0.172536;0.099117;0.110033;0.130209;0.141693;0.143917,5.000000;5.000000;5.000000;5.000000;5.000000;5.000000,0,0,0,0,0,0,0,0,0,0,0,0,0,0,0,0,0,0,0,0,0,0,0,0,0,0,0,0,graph_0001__path_life_0.5000,path_life,0.5,graph_0001,epoch_0001
trace,olsr,0.373387,0.373354,1192,1508,105,561,1056,0.152778,0.009309,62.942636,360,55,8,0,0,347,0.305556,561,40944,10.200000,744.436364,0.500000,4.285714,4.000000,5.000000,5.000000;5.000000;4.000000;4.000000;4.000000;4.000000;4.000000,12,0.869565,1,5.000000;5.000000;5.000000;5.000000;5.000000;5.000000,nan;nan;nan;nan;1.215357;nan,5.000000;5.000000;5.000000;5.000000;5.000000;5.000000,355,23272,206,17672,0,0,0,0,0,0,0,0,0,0,0,0,0,0,0,0,0,0,0,0,0,0,0,0,graph_0001__path_life_0.5000,path_life,0.5,graph_0001,epoch_0003
trace,aodv,0.659998,0.659954,2721,3404,105,1123,1852,0.694444,0.042866,71.724338,360,250,3,56,0,724,1.388889,1123,54034,4.492000,216.136000,0.500000,4.285714,4.000000,5.000000,5.000000;5.000000;4.000000;4.000000;4.000000;4.000000;4.000000,12,0.869565,1,5.000000;5.000000;5.000000;5.000000;5.000000;5.000000,0.095901;0.090141;0.101057;0.459694;0.001427;nan,5.000000;5.000000;5.000000;5.000000;5.000000;5.000000,0,0,0,0,0,0,0,0,0,0,762,36576,147,7644,128,6144,81,3520,5,150,0,0,0,0,0,0,0,0,graph_0001__path_life_0.5000,path_life,0.5,graph_0001,epoch_0003
trace,static,0.268240,0.268085,1081,884,105,0,0,0.452778,0.022739,72.594000,360,163,0,0,0,164,0.905556,0,0,0.000000,0.000000,0.500000,4.285714,4.000000,5.000000,5.000000;5.000000;4.000000;4.000000;4.000000;4.000000;4.000000,12,0.869565,1,5.000000;5.000000;5.000000;5.000000;5.000000;5.000000,0.166076;0.099117;0.110033;0.130209;0.141693;0.143917,5.000000;5.000000;5.000000;5.000000;5.000000;5.000000,0,0,0,0,0,0,0,0,0,0,0,0,0,0,0,0,0,0,0,0,0,0,0,0,0,0,0,0,graph_0001__path_life_0.5000,path_life,0.5,graph_0001,epoch_0003
trace,olsr,0.362273,0.362244,1189,1509,105,554,1037,0.138889,0.009702,61.316118,360,50,30,0,0,356,0.277778,554,40956,11.080000,819.120000,0.500000,4.285714,4.000000,5.000000,5.000000;5.000000;4.000000;4.000000;4.000000;4.000000;4.000000,12,0.869565,1,5.000000;5.000000;5.000000;5.000000;5.000000;5.000000,nan;nan;1.584309;3.233639;nan;nan,5.000000;5.000000;5.000000;5.000000;5.000000;5.000000,350,22920,204,18036,0,0,0,0,0,0,0,0,0,0,0,0,0,0,0,0,0,0,0,0,0,0,0,0,graph_0001__path_life_0.5000,path_life,0.5,graph_0001,epoch_0004
trace,aodv,0.588328,0.588165,2544,3092,105,1118,1795,0.475000,0.029331,68.038979,360,171,4,56,0,668,0.950000,1118,53490,6.538012,312.807018,0.500000,4.285714,4.000000,5.000000,5.000000;5.000000;4.000000;4.000000;4.000000;4.000000;4.000000,12,0.869565,1,5.000000;5.000000;5.000000;5.000000;5.000000;5.000000,0.095901;0.090141;0.129167;nan;0.123741;nan,5.000000;5.000000;5.000000;5.000000;5.000000;5.000000,0,0,0,0,0,0,0,0,0,0,784,37632,113,5876,129,6192,78,3344,13,390,1,56,0,0,0,0,0,0,graph_0001__path_life_0.5000,path_life,0.5,graph_0001,epoch_0004
trace,static,0.257873,0.257854,1081,884,105,0,0,0.452778,0.022737,72.594038,360,163,0,0,0,162,0.905556,0,0,0.000000,0.000000,0.500000,4.285714,4.000000,5.000000,5.000000;5.000000;4.000000;4.000000;4.000000;4.000000;4.000000,12,0.869565,1,5.000000;5.000000;5.000000;5.000000;5.000000;5.000000,0.174476;0.099117;0.110033;0.130209;0.141693;0.143917,5.000000;5.000000;5.000000;5.000000;5.000000;5.000000,0,0,0,0,0,0,0,0,0,0,0,0,0,0,0,0,0,0,0,0,0,0,0,0,0,0,0,0,graph_0001__path_life_0.5000,path_life,0.5,graph_0001,epoch_0004
trace,olsr,0.309477,0.309421,986,1341,105,560,1051,0.097222,0.005924,56.299479,360,35,10,0,0,265,0.194444,560,40960,16.000000,1170.285714,0.500000,4.285714,4.000000,5.000000,5.000000;5.000000;4.000000;4.000000;4.000000;4.000000;4.000000,12,0.869565,1,5.000000;5.000000;5.000000;5.000000;5.000000;5.000000,nan;nan;nan;3.233639;1.279029;nan,5.000000;5.000000;5.000000;5.000000;5.000000;5.000000,357,23328,203,17632,0,0,0,0,0,0,0,0,0,0,0,0,0,0,0,0,0,0,0,0,0,0,0,0,graph_0001__path_life_0.5000,path_life,0.5,graph_0001,epoch_0005
trace,aodv,0.696196,0.696069,2814,3496,105,1179,1891,0.730556,0.037085,75.879052,360,263,11,56,0,774,1.461111,1179,56456,4.482890,214.661597,0.500000,4.285714,4.000000,5.000000,5.000000;5.000000;4.000000;4.000000;4.000000;4.000000;4.000000,12,0.869565,1,5.000000;5.000000;5.000000;5.000000;5.000000;5.000000,0.095901;0.090141;nan;1.446157;0.144088;0.134941,5.000000;5.000000;5.000000;5.000000;5.000000;5.000000,0,0,0,0,0,0,0,0,0,0,758,36384,151,7852,163,7824,91,3864,14,420,2,112,0,0,0,0,0,0,graph_0001__path_life_0.5000,path_life,0.5,graph_0001,epoch_0005
trace,static,0.264717,0.264693,1081,884,105,0,0,0.452778,0.022738,72.593937,360,163,0,0,0,164,0.905556,0,0,0.000000,0.000000,0.500000,4.285714,4.000000,5.000000,5.000000;5.000000;4.000000;4.000000;4.000000;4.000000;4.000000,12,0.869565,1,5.000000;5.000000;5.000000;5.000000;5.000000;5.000000,0.172080;0.099117;0.110033;0.130209;0.141693;0.143917,5.000000;5.000000;5.000000;5.000000;5.000000;5.000000,0,0,0,0,0,0,0,0,0,0,0,0,0,0,0,0,0,0,0,0,0,0,0,0,0,0,0,0,graph_0001__path_life_0.5000,path_life,0.5,graph_0001,epoch_0005
trace,olsr,0.419264,0.419115,1275,1564,105,572,1084,0.161111,0.009816,65.759618,360,58,8,0,0,419,0.322222,572,41772,9.862069,720.206897,0.500000,4.285714,4.000000,5.000000,5.000000;5.000000;4.000000;4.000000;4.000000;4.000000;4.000000,12,0.869565,1,5.000000;5.000000;5.000000;5.000000;5.000000;5.000000,2.243205;nan;nan;nan;1.279029;nan,5.000000;5.000000;5.000000;5.000000;5.000000;5.000000,348,22712,224,19060,0,0,0,0,0,0,0,0,0,0,0,0,0,0,0,0,0,0,0,0,0,0,0,0,graph_0001__path_life_0.5000,path_life,0.5,graph_0001,epoch_0002
trace,aodv,0.747939,0.747874,2922,3595,105,1230,1975,0.777778,0.039483,78.041583,360,280,9,0,0,870,1.555556,1230,58824,4.392857,210.085714,0.500000,4.285714,4.000000,5.000000,5.000000;5.000000;4.000000;4.000000;4.000000;4.000000;4.000000,12,0.869565,1,5.000000;5.000000;5.000000;5.000000;5.000000;5.000000,2.415956;0.090141;0.126051;1.452725;0.123741;0.134941,5.000000;5.000000;5.000000;5.000000;5.000000;5.000000,0,0,0,0,0,0,0,0,0,0,750,36000,167,8684,183,8784,112,4816,18,540,0,0,0,0,0,0,0,0,graph_0001__path_life_0.5000,path_life,0.5,graph_0001,epoch_0002
trace,static,0.268203,0.268195,1081,884,105,0,0,0.452778,0.022737,72.593968,360,163,0,0,0,164,0.905556,0,0,0.000000,0.000000,0.500000,4.285714,4.000000,5.000000,5.000000;5.000000;4.000000;4.000000;4.000000;4.000000;4.000000,12,0.869565,1,5.000000;5.000000;5.000000;5.000000;5.000000;5.000000,0.169796;0.099117;0.110033;0.130209;0.141693;0.143917,5.000000;5.000000;5.000000;5.000000;5.000000;5.000000,0,0,0,0,0,0,0,0,0,0,0,0,0,0,0,0,0,0,0,0,0,0,0,0,0,0,0,0,graph_0001__path_life_0.5000,path_life,0.5,graph_0001,epoch_0002
trace,olsr,0.310291,0.310164,1100,1496,105,556,1050,0.147222,0.007393,65.284208,360,53,0,0,0,248,0.294444,556,40808,10.490566,769.962264,0.500000,4.285714,4.000000,5.000000,5.000000;5.000000;4.000000;4.000000;4.000000;4.000000;4.000000,12,0.869565,1,5.000000;5.000000;5.000000;5.000000;5.000000;5.000000,nan;nan;nan;nan;nan;1.258767,5.000000;5.000000;5.000000;5.000000;5.000000;5.000000,357,23236,199,17572,0,0,0,0,0,0,0,0,0,0,0,0,0,0,0,0,0,0,0,0,0,0,0,0,graph_0004__path_life_0.5000,path_life,0.5,graph_0004,epoch_0001
trace,aodv,0.692039,0.691976,2812,3460,105,1276,1980,0.594444,0.030178,78.241410,360,214,34,56,0,825,1.188889,1276,60654,5.962617,283.429907,0.500000,4.285714,4.000000,5.000000,5.000000;5.000000;4.000000;4.000000;4.000000;4.000000;4.000000,12,0.869565,1,5.000000;5.000000;5.000000;5.000000;5.000000;5.000000,1.429615;nan;0.101341;1.108358;0.490504;0.330529,5.000000;5.000000;5.000000;5.000000;5.000000;5.000000,0,0,0,0,0,0,0,0,0,0,729,34992,195,10140,162,7776,174,7240,15,450,1,56,0,0,0,0,0,0,graph_0004__path_life_0.5000,path_life,0.5,graph_0004,epoch_0001
trace,static,0.273292,0.273253,1135,939,105,0,0,0.455556,0.022876,72.644167,360,164,0,0,0,172,0.911111,0,0,0.000000,0.000000,0.500000,4.285714,4.000000,5.000000,5.000000;5.000000;4.000000;4.000000;4.000000;4.000000;4.000000,12,0.869565,1,5.000000;5.000000;5.000000;5.000000;5.000000;5.000000,0.119337;0.163918;0.136038;0.121247;0.123457;0.144201,5.000000;5.000000;5.000000;5.000000;5.000000;5.000000,0,0,0,0,0,0,0,0,0,0,0,0,0,0,0,0,0,0,0,0,0,0,0,0,0,0,0,0,graph_0004__path_life_0.5000,path_life,0.5,graph_0004,epoch_0001
trace,olsr,0.320961,0.320922,1081,1466,105,571,1060,0.116667,0.005858,64.325265,360,42,9,0,0,245,0.233333,571,42204,13.595238,1004.857143,0.500000,4.285714,4.000000,5.000000,5.000000;5.000000;4.000000;4.000000;4.000000;4.000000;4.000000,12,0.869565,1,5.000000;5.000000;5.000000;5.000000;5.000000;5.000000,nan;nan;nan;nan;nan;1.622537,5.000000;5.000000;5.000000;5.000000;5.000000;5.000000,356,23312,215,18892,0,0,0,0,0,0,0,0,0,0,0,0,0,0,0,0,0,0,0,0,0,0,0,0,graph_0004__path_life_0.5000,path_life,0.5,graph_0004,epoch_0003
trace,aodv,0.607217,0.607132,2662,3091,105,1218,1886,0.133333,0.009616,63.287766,360,48,17,56,0,814,0.266667,1218,58154,25.375000,1211.541667,0.500000,4.285714,4.000000,5.000000,5.000000;5.000000;4.000000;4.000000;4.000000;4.000000;4.000000,12,0.869565,1,5.000000;5.000000;5.000000;5.000000;5.000000;5.000000,nan;nan;3.097008;1.118444;nan;nan,5.000000;5.000000;5.000000;5.000000;5.000000;5.000000,0,0,0,0,0,0,0,0,0,0,750,36000,170,8840,156,7488,127,5376,15,450,0,0,0,0,0,0,0,0,graph_0004__path_life_0.5000,path_life,0.5,graph_0004,epoch_0003
trace,static,0.273694,0.273686,1135,939,105,0,0,0.455556,0.022874,72.644133,360,164,0,0,0,172,0.911111,0,0,0.000000,0.000000,0.500000,4.285714,4.000000,5.000000,5.000000;5.000000;4.000000;4.000000;4.000000;4.000000;4.000000,12,0.869565,1,5.000000;5.000000;5.000000;5.000000;5.000000;5.000000,0.118257;0.163064;0.138958;0.121247;0.123457;0.144201,5.000000;5.000000;5.000000;5.000000;5.000000;5.000000,0,0,0,0,0,0,0,0,0,0,0,0,0,0,0,0,0,0,0,0,0,0,0,0,0,0,0,0,graph_0004__path_life_0.5000,path_life,0.5,graph_0004,epoch_0003
trace,olsr,0.545093,0.545013,1912,2276,105,582,1069,0.233333,0.011718,74.389555,360,84,0,0,0,525,0.466667,582,42312,6.928571,503.714286,0.500000,4.285714,4.000000,5.000000,5.000000;5.000000;4.000000;4.000000;4.000000;4.000000;4.000000,12,0.869565,1,5.000000;5.000000;5.000000;5.000000;5.000000;5.000000,nan;nan;nan;nan;0.123457;1.290229,5.000000;5.000000;5.000000;5.000000;5.000000;5.000000,356,23176,208,18128,0,0,0,0,18,1008,0,0,0,0,0,0,0,0,0,0,0,0,0,0,0,0,0,0,graph_0004__path_life_0.5000,path_life,0.5,graph_0004,epoch_0004
trace,aodv,0.672735,0.672711,2762,3427,105,1274,1999,0.572222,0.029047,77.059455,360,206,38,56,0,760,1.144444,1274,60700,6.184466,294.660194,0.500000,4.285714,4.000000,5.000000,5.000000;5.000000;4.000000;4.000000;4.000000;4.000000;4.000000,12,0.869565,1,5.000000;5.000000;5.000000;5.000000;5.000000;5.000000,1.444630;nan;0.442346;1.112138;0.123457;0.500429,5.000000;5.000000;5.000000;5.000000;5.000000;5.000000,0,0,0,0,0,0,0,0,0,0,717,34416,213,11076,170,8160,157,6512,16,480,1,56,0,0,0,0,0,0,graph_0004__path_life_0.5000,path_life,0.5,graph_0004,epoch_0004
trace,static,0.270778,0.270750,1135,939,105,0,0,0.455556,0.022877,72.644089,360,164,0,0,0,172,0.911111,0,0,0.000000,0.000000,0.500000,4.285714,4.000000,5.000000,5.000000;5.000000;4.000000;4.000000;4.000000;4.000000;4.000000,12,0.869565,1,5.000000;5.000000;5.000000;5.000000;5.000000;5.000000,0.118217;0.157004;0.130332;0.121247;0.123457;0.144201,5.000000;5.000000;5.000000;5.000000;5.000000;5.000000,0,0,0,0,0,0,0,0,0,0,0,0,0,0,0,0,0,0,0,0,0,0,0,0,0,0,0,0,graph_0004__path_life_0.5000,path_life,0.5,graph_0004,epoch_0004
trace,olsr,0.328220,0.328158,1091,1454,105,572,1050,0.108333,0.005761,56.901273,360,39,1,0,0,279,0.216667,572,42132,14.666667,1080.307692,0.500000,4.285714,4.000000,5.000000,5.000000;5.000000;4.000000;4.000000;4.000000;4.000000;4.000000,12,0.869565,1,5.000000;5.000000;5.000000;5.000000;5.000000;5.000000,nan;nan;nan;nan;nan;nan,5.000000;5.000000;5.000000;5.000000;5.000000;5.000000,354,23024,218,19108,0,0,0,0,0,0,0,0,0,0,0,0,0,0,0,0,0,0,0,0,0,0,0,0,graph_0004__path_life_0.5000,path_life,0.5,graph_0004,epoch_0005
trace,aodv,0.675962,0.675831,2805,3478,105,1197,1915,0.644444,0.032712,77.757939,360,232,27,56,0,702,1.288889,1197,57098,5.159483,246.112069,0.500000,4.285714,4.000000,5.000000,5.000000;5.000000;4.000000;4.000000;4.000000;4.000000;4.000000,12,0.869565,1,5.000000;5.000000;5.000000;5.000000;5.000000;5.000000,1.262955;nan;1.905939;1.430962;0.661528;0.178189,5.000000;5.000000;5.000000;5.000000;5.000000;5.000000,0,0,0,0,0,0,0,0,0,0,733,35184,180,9360,138,6624,135,5600,11,330,0,0,0,0,0,0,0,0,graph_0004__path_life_0.5000,path_life,0.5,graph_0004,epoch_0005
trace,static,0.268798,0.268761,1135,939,105,0,0,0.455556,0.022874,72.644085,360,164,0,0,0,172,0.911111,0,0,0.000000,0.000000,0.500000,4.285714,4.000000,5.000000,5.000000;5.000000;4.000000;4.000000;4.000000;4.000000;4.000000,12,0.869565,1,5.000000;5.000000;5.000000;5.000000;5.000000;5.000000,0.118177;0.161838;0.132078;0.121247;0.123457;0.144201,5.000000;5.000000;5.000000;5.000000;5.000000;5.000000,0,0,0,0,0,0,0,0,0,0,0,0,0,0,0,0,0,0,0,0,0,0,0,0,0,0,0,0,graph_0004__path_life_0.5000,path_life,0.5,graph_0004,epoch_0005
trace,olsr,0.313583,0.313564,1128,1515,105,566,1068,0.091667,0.041764,47.886211,360,33,5,0,0,278,0.183333,566,41588,17.151515,1260.242424,0.500000,4.285714,4.000000,5.000000,5.000000;5.000000;4.000000;4.000000;4.000000;4.000000;4.000000,12,0.869565,1,5.000000;5.000000;5.000000;5.000000;5.000000;5.000000,nan;nan;nan;nan;nan;nan,5.000000;5.000000;5.000000;5.000000;5.000000;5.000000,353,23128,213,18460,0,0,0,0,0,0,0,0,0,0,0,0,0,0,0,0,0,0,0,0,0,0,0,0,graph_0004__path_life_0.5000,path_life,0.5,graph_0004,epoch_0002
trace,aodv,0.715636,0.715553,2862,3529,105,1243,1972,0.622222,0.032117,78.623000,360,224,18,56,0,808,1.244444,1243,59298,5.549107,264.723214,0.500000,4.285714,4.000000,5.000000,5.000000;5.000000;4.000000;4.000000;4.000000;4.000000;4.000000,12,0.869565,1,5.000000;5.000000;5.000000;5.000000;5.000000;5.000000,1.270774;nan;0.101341;0.479779;0.000255;0.346989,5.000000;5.000000;5.000000;5.000000;5.000000;5.000000,0,0,0,0,0,0,0,0,0,0,719,34512,207,10764,148,7104,146,6072,17,510,6,336,0,0,0,0,0,0,graph_0004__path_life_0.5000,path_life,0.5,graph_0004,epoch_0002
trace,static,0.276432,0.276384,1135,939,105,0,0,0.455556,0.022873,72.644073,360,164,0,0,0,172,0.911111,0,0,0.000000,0.000000,0.500000,4.285714,4.000000,5.000000,5.000000;5.000000;4.000000;4.000000;4.000000;4.000000;4.000000,12,0.869565,1,5.000000;5.000000;5.000000;5.000000;5.000000;5.000000,0.119297;0.156688;0.136878;0.121247;0.123457;0.144201,5.000000;5.000000;5.000000;5.000000;5.000000;5.000000,0,0,0,0,0,0,0,0,0,0,0,0,0,0,0,0,0,0,0,0,0,0,0,0,0,0,0,0,graph_0004__path_life_0.5000,path_life,0.5,graph_0004,epoch_0002
trace,olsr,0.345047,0.345011,1106,1394,105,562,994,0.116667,0.006433,67.163252,360,42,0,0,0,350,1.166667,562,41592,13.380952,990.285714,0.100000,3.000000,3.000000,3.000000,3.000000;3.000000,2,nan,0,54.000000,nan,54.000000,355,23172,207,18420,0,0,0,0,0,0,0,0,0,0,0,0,0,0,0,0,0,0,0,0,0,0,0,0,graph_0004__path_life_0.1000,path_life,0.1,graph_0004,epoch_0001
trace,aodv,0.611648,0.611494,2625,3230,105,1290,1974,0.369444,0.018755,72.284229,360,133,36,112,0,850,3.694444,1290,61292,9.699248,460.842105,0.100000,3.000000,3.000000,3.000000,3.000000;3.000000,2,nan,0,54.000000,0.117981,54.000000,0,0,0,0,0,0,0,0,0,0,742,35616,193,10036,134,6432,200,8448,16,480,5,280,0,0,0,0,0,0,graph_0004__path_life_0.1000,path_life,0.1,graph_0004,epoch_0001
trace,static,0.055567,0.055552,505,174,105,0,0,0.080556,0.004045,69.839220,360,29,0,0,0,13,0.805556,0,0,0.000000,0.000000,0.100000,3.000000,3.000000,3.000000,3.000000;3.000000,2,nan,0,54.000000,0.126957,54.000000,0,0,0,0,0,0,0,0,0,0,0,0,0,0,0,0,0,0,0,0,0,0,0,0,0,0,0,0,graph_0004__path_life_0.1000,path_life,0.1,graph_0004,epoch_0001
trace,olsr,0.287827,0.287789,973,1284,105,554,971,0.097222,0.010087,56.163591,360,35,0,0,0,321,0.972222,554,40440,15.828571,1155.428571,0.100000,3.000000,3.000000,3.000000,3.000000;3.000000,2,nan,0,54.000000,nan,54.000000,354,23112,200,17328,0,0,0,0,0,0,0,0,0,0,0,0,0,0,0,0,0,0,0,0,0,0,0,0,graph_0004__path_life_0.1000,path_life,0.1,graph_0004,epoch_0003
trace,aodv,0.624378,0.624335,2717,3275,105,1226,1875,0.500000,0.025383,79.301470,360,180,33,56,0,687,5.000000,1226,58296,6.811111,323.866667,0.100000,3.000000,3.000000,3.000000,3.000000;3.000000,2,nan,0,54.000000,0.469055,54.000000,0,0,0,0,0,0,0,0,0,0,734,35232,187,9724,123,5904,161,6728,18,540,3,168,0,0,0,0,0,0,graph_0004__path_life_0.1000,path_life,0.1,graph_0004,epoch_0003
trace,static,0.054752,0.054608,505,174,105,0,0,0.080556,0.004045,69.839031,360,29,0,0,0,13,0.805556,0,0,0.000000,0.000000,0.100000,3.000000,3.000000,3.000000,3.000000;3.000000,2,nan,0,54.000000,0.126957,54.000000,0,0,0,0,0,0,0,0,0,0,0,0,0,0,0,0,0,0,0,0,0,0,0,0,0,0,0,0,graph_0004__path_life_0.1000,path_life,0.1,graph_0004,epoch_0003
trace,olsr,0.347522,0.347486,1101,1369,105,559,981,0.091667,0.005055,64.821977,360,33,21,0,0,409,0.916667,559,40892,16.939394,1239.151515,0.100000,3.000000,3.000000,3.000000,3.000000;3.000000,2,nan,0,54.000000,nan,54.000000,355,23144,204,17748,0,0,0,0,0,0,0,0,0,0,0,0,0,0,0,0,0,0,0,0,0,0,0,0,graph_0004__path_life_0.1000,path_life,0.1,graph_0004,epoch_0004
trace,aodv,0.589333,0.589310,2544,3176,105,1335,1996,0.416667,0.021150,81.698357,360,150,63,119,0,644,4.166667,1335,63014,8.900000,420.093333,0.100000,3.000000,3.000000,3.000000,3.000000;3.000000,2,nan,0,54.000000,1.709950,54.000000,0,0,0,0,0,0,0,0,0,0,747,35856,182,9464,149,7152,237,9864,17,510,3,168,0,0,0,0,0,0,graph_0004__path_life_0.1000,path_life,0.1,graph_0004,epoch_0004
trace,static,0.055457,0.055350,505,174,105,0,0,0.080556,0.004045,69.839322,360,29,0,0,0,13,0.805556,0,0,0.000000,0.000000,0.100000,3.000000,3.000000,3.000000,3.000000;3.000000,2,nan,0,54.000000,0.126957,54.000000,0,0,0,0,0,0,0,0,0,0,0,0,0,0,0,0,0,0,0,0,0,0,0,0,0,0,0,0,graph_0004__path_life_0.1000,path_life,0.1,graph_0004,epoch_0004
trace,olsr,0.284739,0.284405,966,1270,105,562,990,0.063889,0.008169,50.353666,360,23,24,0,0,289,0.638889,562,40580,24.434783,1764.347826,0.100000,3.000000,3.000000,3.000000,3.000000;3.000000,2,nan,0,54.000000,nan,54.000000,358,23320,204,17260,0,0,0,0,0,0,0,0,0,0,0,0,0,0,0,0,0,0,0,0,0,0,0,0,graph_0004__path_life_0.1000,path_life,0.1,graph_0004,epoch_0005
trace,aodv,0.556015,0.555299,2474,2926,105,1197,1856,0.169444,0.010675,74.124757,360,61,36,56,0,655,1.694444,1197,57142,19.622951,936.754098,0.100000,3.000000,3.000000,3.000000,3.000000;3.000000,2,nan,0,54.000000,nan,54.000000,0,0,0,0,0,0,0,0,0,0,741,35568,170,8840,134,6432,138,5856,13,390,1,56,0,0,0,0,0,0,graph_0004__path_life_0.1000,path_life,0.1,graph_0004,epoch_0005
trace,static,0.055712,0.055638,505,174,105,0,0,0.080556,0.004045,69.839073,360,29,0,0,0,13,0.805556,0,0,0.000000,0.000000,0.100000,3.000000,3.000000,3.000000,3.000000;3.000000,2,nan,0,54.000000,0.126957,54.000000,0,0,0,0,0,0,0,0,0,0,0,0,0,0,0,0,0,0,0,0,0,0,0,0,0,0,0,0,graph_0004__path_life_0.1000,path_life,0.1,graph_0004,epoch_0005
trace,olsr,0.317572,0.317354,1041,1324,105,561,985,0.086111,0.004747,67.306688,360,31,16,0,0,349,0.861111,561,41036,18.096774,1323.741935,0.100000,3.000000,3.000000,3.000000,3.000000;3.000000,2,nan,0,54.000000,nan,54.000000,353,23088,208,17948,0,0,0,0,0,0,0,0,0,0,0,0,0,0,0,0,0,0,0,0,0,0,0,0,graph_0004__path_life_0.1000,path_life,0.1,graph_0004,epoch_0002
trace,aodv,0.495944,0.495309,2173,2796,105,1212,1890,0.269444,0.018116,65.114995,360,97,39,168,0,534,2.694444,1212,57580,12.494845,593.608247,0.100000,3.000000,3.000000,3.000000,3.000000;3.000000,2,nan,0,54.000000,nan,54.000000,0,0,0,0,0,0,0,0,0,0,757,36336,159,8268,103,4944,174,7384,16,480,3,168,0,0,0,0,0,0,graph_0004__path_life_0.1000,path_life,0.1,graph_0004,epoch_0002
trace,static,0.056007,0.056000,505,174,105,0,0,0.080556,0.004045,69.838943,360,29,0,0,0,13,0.805556,0,0,0.000000,0.000000,0.100000,3.000000,3.000000,3.000000,3.000000;3.000000,2,nan,0,54.000000,0.126957,54.000000,0,0,0,0,0,0,0,0,0,0,0,0,0,0,0,0,0,0,0,0,0,0,0,0,0,0,0,0,graph_0004__path_life_0.1000,path_life,0.1,graph_0004,epoch_0002
trace,olsr,0.351987,0.351659,1152,1485,105,569,1032,0.141667,0.014701,53.567767,360,51,19,0,0,374,0.472222,569,42364,11.156863,830.666667,0.300000,4.500000,4.500000,5.000000,5.000000;5.000000;4.000000;4.000000,6,0.785714,1,14.000000;14.000000;14.000000,4.202817;nan;nan,14.000000;14.000000;14.000000,349,22712,220,19652,0,0,0,0,0,0,0,0,0,0,0,0,0,0,0,0,0,0,0,0,0,0,0,0,graph_0004__path_life_0.3000,path_life,0.3,graph_0004,epoch_0001
trace,aodv,0.692466,0.691795,2757,3441,105,1262,2008,0.538889,0.027348,69.323657,360,194,48,56,0,772,1.796296,1262,60058,6.505155,309.577320,0.300000,4.500000,4.500000,5.000000,5.000000;5.000000;4.000000;4.000000,6,0.785714,1,14.000000;14.000000;14.000000,1.789443;0.654429;0.146440,14.000000;14.000000;14.000000,0,0,0,0,0,0,0,0,0,0,726,34848,206,10712,145,6960,170,7088,15,450,0,0,0,0,0,0,0,0,graph_0004__path_life_0.3000,path_life,0.3,graph_0004,epoch_0001
trace,static,0.166675,0.166425,823,560,105,0,0,0.269444,0.013568,71.422521,360,97,0,0,0,83,0.898148,0,0,0.000000,0.000000,0.300000,4.500000,4.500000,5.000000,5.000000;5.000000;4.000000;4.000000,6,0.785714,1,14.000000;14.000000;14.000000,0.164686;0.121517;0.134941,14.000000;14.000000;14.000000,0,0,0,0,0,0,0,0,0,0,0,0,0,0,0,0,0,0,0,0,0,0,0,0,0,0,0,0,graph_0004__path_life_0.3000,path_life,0.3,graph_0004,epoch_0001
trace,olsr,0.358075,0.358043,1156,1474,105,572,1051,0.122222,0.011429,52.911433,360,44,0,0,0,402,0.407407,572,42788,13.000000,972.454545,0.300000,4.500000,4.500000,5.000000,5.000000;5.000000;4.000000;4.000000,6,0.785714,1,14.000000;14.000000;14.000000,4.211509;nan;nan,14.000000;14.000000;14.000000,353,23112,219,19676,0,0,0,0,0,0,0,0,0,0,0,0,0,0,0,0,0,0,0,0,0,0,0,0,graph_0004__path_life_0.3000,path_life,0.3,graph_0004,epoch_0003
trace,aodv,0.604541,0.604382,2766,3153,105,1140,1835,0.088889,0.007977,52.444778,360,32,20,0,0,693,0.296296,1140,54478,35.625000,1702.437500,0.300000,4.500000,4.500000,5.000000,5.000000;5.000000;4.000000;4.000000,6,0.785714,1,14.000000;14.000000;14.000000,nan;nan;nan,14.000000;14.000000;14.000000,0,0,0,0,0,0,0,0,0,0,748,35904,155,8060,119,5712,103,4352,15,450,0,0,0,0,0,0,0,0,graph_0004__path_life_0.3000,path_life,0.3,graph_0004,epoch_0003
trace,static,0.164672,0.164670,818,554,105,0,0,0.266667,0.013465,71.085653,360,96,0,0,0,81,0.888889,0,0,0.000000,0.000000,0.300000,4.500000,4.500000,5.000000,5.000000;5.000000;4.000000;4.000000,6,0.785714,1,14.000000;14.000000;14.000000,0.165986;0.121517;0.134941,14.000000;14.000000;14.000000,0,0,0,0,0,0,0,0,0,0,0,0,0,0,0,0,0,0,0,0,0,0,0,0,0,0,0,0,graph_0004__path_life_0.3000,path_life,0.3,graph_0004,epoch_0003
trace,olsr,0.398960,0.398916,1276,1568,105,558,1013,0.175000,0.010018,60.609341,360,63,7,0,0,459,0.583333,558,41092,8.857143,652.253968,0.300000,4.500000,4.500000,5.000000,5.000000;5.000000;4.000000;4.000000,6,0.785714,1,14.000000;14.000000;14.000000,2.245159;3.389341;nan,14.000000;14.000000;14.000000,354,23148,204,17944,0,0,0,0,0,0,0,0,0,0,0,0,0,0,0,0,0,0,0,0,0,0,0,0,graph_0004__path_life_0.3000,path_life,0.3,graph_0004,epoch_0004
trace,aodv,0.669391,0.669371,2770,3426,105,1278,2026,0.538889,0.027342,69.337755,360,194,18,56,0,834,1.796296,1278,61312,6.587629,316.041237,0.300000,4.500000,4.500000,5.000000,5.000000;5.000000;4.000000;4.000000,6,0.785714,1,14.000000;14.000000;14.000000,1.779271;nan;0.154482,14.000000;14.000000;14.000000,0,0,0,0,0,0,0,0,0,0,722,34656,232,12064,179,8592,123,5288,20,600,2,112,0,0,0,0,0,0,graph_0004__path_life_0.3000,path_life,0.3,graph_0004,epoch_0004
trace,static,0.166184,0.166162,823,560,105,0,0,0.269444,0.013568,71.422459,360,97,0,0,0,83,0.898148,0,0,0.000000,0.000000,0.300000,4.500000,4.500000,5.000000,5.000000;5.000000;4.000000;4.000000,6,0.785714,1,14.000000;14.000000;14.000000,0.155880;0.121517;0.134941,14.000000;14.000000;14.000000,0,0,0,0,0,0,0,0,0,0,0,0,0,0,0,0,0,0,0,0,0,0,0,0,0,0,0,0,graph_0004__path_life_0.3000,path_life,0.3,graph_0004,epoch_0004
trace,olsr,0.257677,0.257562,908,1303,105,568,1038,0.086111,0.018958,48.119798,360,31,0,0,0,228,0.287037,568,41784,18.322581,1347.870968,0.300000,4.500000,4.500000,5.000000,5.000000;5.000000;4.000000;4.000000,6,0.785714,1,14.000000;14.000000;14.000000,nan;nan;nan,14.000000;14.000000;14.000000,354,23108,214,18676,0,0,0,0,0,0,0,0,0,0,0,0,0,0,0,0,0,0,0,0,0,0,0,0,graph_0004__path_life_0.3000,path_life,0.3,graph_0004,epoch_0005
trace,aodv,0.750114,0.750082,3039,3657,105,1239,1940,0.700000,0.035632,76.273435,360,252,25,0,0,813,2.333333,1239,59198,4.916667,234.912698,0.300000,4.500000,4.500000,5.000000,5.000000;5.000000;4.000000;4.000000,6,0.785714,1,14.000000;14.000000;14.000000,1.783298;0.331951;0.134941,14.000000;14.000000;14.000000,0,0,0,0,0,0,0,0,0,0,739,35472,187,9724,154,7392,138,5824,15,450,6,336,0,0,0,0,0,0,graph_0004__path_life_0.3000,path_life,0.3,graph_0004,epoch_0005
trace,static,0.167132,0.167111,823,560,105,0,0,0.269444,0.013567,71.422391,360,97,0,0,0,83,0.898148,0,0,0.000000,0.000000,0.300000,4.500000,4.500000,5.000000,5.000000;5.000000;4.000000;4.000000,6,0.785714,1,14.000000;14.000000;14.000000,0.157626;0.121517;0.134941,14.000000;14.000000;14.000000,0,0,0,0,0,0,0,0,0,0,0,0,0,0,0,0,0,0,0,0,0,0,0,0,0,0,0,0,graph_0004__path_life_0.3000,path_life,0.3,graph_0004,epoch_0005
trace,olsr,0.402724,0.402375,1303,1618,105,573,1046,0.152778,0.008744,58.975852,360,55,13,0,0,421,0.509259,573,42380,10.418182,770.545455,0.300000,4.500000,4.500000,5.000000,5.000000;5.000000;4.000000;4.000000,6,0.785714,1,14.000000;14.000000;14.000000,2.245159;nan;nan,14.000000;14.000000;14.000000,346,22684,224,19528,0,0,0,0,3,168,0,0,0,0,0,0,0,0,0,0,0,0,0,0,0,0,0,0,graph_0004__path_life_0.3000,path_life,0.3,graph_0004,epoch_0002
trace,aodv,0.769881,0.769289,3025,3612,105,1269,1940,0.708333,0.036539,75.709428,360,255,21,0,0,973,2.361111,1269,60806,4.976471,238.454902,0.300000,4.500000,4.500000,5.000000,5.000000;5.000000;4.000000;4.000000,6,0.785714,1,14.000000;14.000000;14.000000,1.778919;0.112541;0.156676,14.000000;14.000000;14.000000,0,0,0,0,0,0,0,0,0,0,715,34320,229,11908,172,8256,132,5640,19,570,2,112,0,0,0,0,0,0,graph_0004__path_life_0.3000,path_life,0.3,graph_0004,epoch_0002
trace,static,0.161505,0.161497,818,554,105,0,0,0.266667,0.013464,71.085605,360,96,0,0,0,81,0.888889,0,0,0.000000,0.000000,0.300000,4.500000,4.500000,5.000000,5.000000;5.000000;4.000000;4.000000,6,0.785714,1,14.000000;14.000000;14.000000,0.164866;0.121517;0.134941,14.000000;14.000000;14.000000,0,0,0,0,0,0,0,0,0,0,0,0,0,0,0,0,0,0,0,0,0,0,0,0,0,0,0,0,graph_0004__path_life_0.3000,path_life,0.3,graph_0004,epoch_0002
trace,olsr,0.384284,0.384245,1190,1557,105,548,1117,0.166667,0.008861,67.855998,360,60,9,0,0,332,0.333333,548,40572,9.133333,676.200000,0.500000,4.285714,4.000000,5.000000,5.000000;5.000000;4.000000;4.000000;4.000000;4.000000;4.000000,12,0.826087,1,5.000000;5.000000;5.000000;5.000000;5.000000;5.000000,2.243135;nan;1.779337;0.112257;nan;nan,5.000000;5.000000;5.000000;5.000000;5.000000;5.000000,361,24036,187,16536,0,0,0,0,0,0,0,0,0,0,0,0,0,0,0,0,0,0,0,0,0,0,0,0,graph_0003__path_life_0.5000,path_life,0.5,graph_0003,epoch_0001
trace,aodv,0.696726,0.696581,2725,3520,105,1329,2185,0.488889,0.024882,71.879074,360,176,68,56,0,896,0.977778,1329,62980,7.551136,357.840909,0.500000,4.285714,4.000000,5.000000,5.000000;5.000000;4.000000;4.000000;4.000000;4.000000;4.000000,12,0.826087,1,5.000000;5.000000;5.000000;5.000000;5.000000;5.000000,2.574701;0.262389;0.100773;0.309468;3.500796;0.002989,5.000000;5.000000;5.000000;5.000000;5.000000;5.000000,0,0,0,0,0,0,0,0,0,0,744,35712,185,9620,160,7680,215,8984,16,480,9,504,0,0,0,0,0,0,graph_0003__path_life_0.5000,path_life,0.5,graph_0003,epoch_0001
trace,static,0.253603,0.253585,1023,826,105,0,0,0.452778,0.022858,72.520466,360,163,0,0,0,179,0.905556,0,0,0.000000,0.000000,0.500000,4.285714,4.000000,5.000000,5.000000;5.000000;4.000000;4.000000;4.000000;4.000000;4.000000,12,0.826087,1,5.000000;5.000000;5.000000;5.000000;5.000000;5.000000,0.150295;0.089857;0.109749;0.121233;0.145299;0.146630,5.000000;5.000000;5.000000;5.000000;5.000000;5.000000,0,0,0,0,0,0,0,0,0,0,0,0,0,0,0,0,0,0,0,0,0,0,0,0,0,0,0,0,graph_0003__path_life_0.5000,path_life,0.5,graph_0003,epoch_0001
trace,olsr,0.317281,0.317193,1021,1455,105,548,1116,0.116667,0.006563,62.281495,360,42,0,0,0,254,0.233333,548,40104,13.047619,954.857143,0.500000,4.285714,4.000000,5.000000,5.000000;5.000000;4.000000;4.000000;4.000000;4.000000;4.000000,12,0.826087,1,5.000000;5.000000;5.000000;5.000000;5.000000;5.000000,2.234229;nan;nan;nan;0.295989;nan,5.000000;5.000000;5.000000;5.000000;5.000000;5.000000,359,23836,189,16268,0,0,0,0,0,0,0,0,0,0,0,0,0,0,0,0,0,0,0,0,0,0,0,0,graph_0003__path_life_0.5000,path_life,0.5,graph_0003,epoch_0003
trace,aodv,0.576925,0.576858,2418,3195,105,1295,2106,0.402778,0.020913,74.277953,360,145,68,113,0,713,0.805556,1295,61492,8.931034,424.082759,0.500000,4.285714,4.000000,5.000000,5.000000;5.000000;4.000000;4.000000;4.000000;4.000000;4.000000,12,0.826087,1,5.000000;5.000000;5.000000;5.000000;5.000000;5.000000,nan;0.262389;0.100773;0.450321;3.512250;0.008070,5.000000;5.000000;5.000000;5.000000;5.000000;5.000000,0,0,0,0,0,0,0,0,0,0,738,35424,193,10036,145,6960,196,8200,16,480,7,392,0,0,0,0,0,0,graph_0003__path_life_0.5000,path_life,0.5,graph_0003,epoch_0003
trace,static,0.247007,0.246994,1023,826,105,0,0,0.452778,0.022857,72.520453,360,163,0,0,0,179,0.905556,0,0,0.000000,0.000000,0.500000,4.285714,4.000000,5.000000,5.000000;5.000000;4.000000;4.000000;4.000000;4.000000;4.000000,12,0.826087,1,5.000000;5.000000;5.000000;5.000000;5.000000;5.000000,0.154375;0.089857;0.109749;0.121233;0.144663;0.151750,5.000000;5.000000;5.000000;5.000000;5.000000;5.000000,0,0,0,0,0,0,0,0,0,0,0,0,0,0,0,0,0,0,0,0,0,0,0,0,0,0,0,0,graph_0003__path_life_0.5000,path_life,0.5,graph_0003,epoch_0003
trace,olsr,0.392916,0.392906,1231,1588,105,539,1098,0.186111,0.010858,73.896475,360,67,1,0,0,351,0.372222,539,39440,8.044776,588.656716,0.500000,4.285714,4.000000,5.000000,5.000000;5.000000;4.000000;4.000000;4.000000;4.000000;4.000000,12,0.826087,1,5.000000;5.000000;5.000000;5.000000;5.000000;5.000000,2.234229;nan;1.448817;2.250599;0.295919;nan,5.000000;5.000000;5.000000;5.000000;5.000000;5.000000,356,23596,183,15844,0,0,0,0,0,0,0,0,0,0,0,0,0,0,0,0,0,0,0,0,0,0,0,0,graph_0003__path_life_0.5000,path_life,0.5,graph_0003,epoch_0004
trace,aodv,0.696352,0.696266,2744,3525,105,1287,2091,0.619444,0.031530,78.440710,360,223,58,56,0,914,1.238889,1287,60828,5.771300,272.771300,0.500000,4.285714,4.000000,5.000000,5.000000;5.000000;4.000000;4.000000;4.000000;4.000000;4.000000,12,0.826087,1,5.000000;5.000000;5.000000;5.000000;5.000000;5.000000,nan;0.089857;0.100773;0.112257;0.123457;0.134941,5.000000;5.000000;5.000000;5.000000;5.000000;5.000000,0,0,0,0,0,0,0,0,0,0,760,36480,168,8736,133,6384,210,8696,14,420,2,112,0,0,0,0,0,0,graph_0003__path_life_0.5000,path_life,0.5,graph_0003,epoch_0004
trace,static,0.249519,0.249504,1027,831,105,0,0,0.455556,0.022936,72.710980,360,164,0,0,0,181,0.911111,0,0,0.000000,0.000000,0.500000,4.285714,4.000000,5.000000,5.000000;5.000000;4.000000;4.000000;4.000000;4.000000;4.000000,12,0.826087,1,5.000000;5.000000;5.000000;5.000000;5.000000;5.000000,0.160495;0.089857;0.109749;0.121233;0.140019;0.149690,5.000000;5.000000;5.000000;5.000000;5.000000;5.000000,0,0,0,0,0,0,0,0,0,0,0,0,0,0,0,0,0,0,0,0,0,0,0,0,0,0,0,0,graph_0003__path_life_0.5000,path_life,0.5,graph_0003,epoch_0004
trace,olsr,0.323721,0.323505,1007,1389,105,537,1075,0.091667,0.004903,54.491249,360,33,1,0,0,284,0.183333,537,39016,16.272727,1182.303030,0.500000,4.285714,4.000000,5.000000,5.000000;5.000000;4.000000;4.000000;4.000000;4.000000;4.000000,12,0.826087,1,5.000000;5.000000;5.000000;5.000000;5.000000;5.000000,2.234229;nan;nan;3.725429;3.736629;nan,5.000000;5.000000;5.000000;5.000000;5.000000;5.000000,361,23896,176,15120,0,0,0,0,0,0,0,0,0,0,0,0,0,0,0,0,0,0,0,0,0,0,0,0,graph_0003__path_life_0.5000,path_life,0.5,graph_0003,epoch_0005
trace,aodv,0.582053,0.581999,2401,3201,105,1237,2091,0.422222,0.021555,73.319357,360,152,42,112,0,623,0.844444,1237,58600,8.138158,385.526316,0.500000,4.285714,4.000000,5.000000,5.000000;5.000000;4.000000;4.000000;4.000000;4.000000;4.000000,12,0.826087,1,5.000000;5.000000;5.000000;5.000000;5.000000;5.000000,0.784206;nan;0.100773;0.309208;3.499112;0.001065,5.000000;5.000000;5.000000;5.000000;5.000000;5.000000,0,0,0,0,0,0,0,0,0,0,766,36768,142,7384,132,6336,177,7408,16,480,4,224,0,0,0,0,0,0,graph_0003__path_life_0.5000,path_life,0.5,graph_0003,epoch_0005
trace,static,0.251240,0.251238,1025,828,105,0,0,0.452778,0.022860,72.520374,360,163,0,0,0,179,0.905556,0,0,0.000000,0.000000,0.500000,4.285714,4.000000,5.000000,5.000000;5.000000;4.000000;4.000000;4.000000;4.000000;4.000000,12,0.826087,1,5.000000;5.000000;5.000000;5.000000;5.000000;5.000000,0.147295;0.089857;0.109749;0.121233;0.134439;0.146630,5.000000;5.000000;5.000000;5.000000;5.000000;5.000000,0,0,0,0,0,0,0,0,0,0,0,0,0,0,0,0,0,0,0,0,0,0,0,0,0,0,0,0,graph_0003__path_life_0.5000,path_life,0.5,graph_0003,epoch_0005
trace,olsr,0.426096,0.425973,1306,1664,105,543,1096,0.202778,0.010208,68.004476,360,73,7,0,0,391,0.405556,543,39420,7.438356,540.000000,0.500000,4.285714,4.000000,5.000000,5.000000;5.000000;4.000000;4.000000;4.000000;4.000000;4.000000,12,0.826087,1,5.000000;5.000000;5.000000;5.000000;5.000000;5.000000,2.234229;nan;1.750529;0.112257;nan;2.273269,5.000000;5.000000;5.000000;5.000000;5.000000;5.000000,363,24048,180,15372,0,0,0,0,0,0,0,0,0,0,0,0,0,0,0,0,0,0,0,0,0,0,0,0,graph_0003__path_life_0.5000,path_life,0.5,graph_0003,epoch_0002
trace,aodv,0.721834,0.721773,2802,3599,105,1347,2184,0.622222,0.031758,75.978932,360,224,40,56,0,868,1.244444,1347,63888,6.013393,285.214286,0.500000,4.285714,4.000000,5.000000,5.000000;5.000000;4.000000;4.000000;4.000000;4.000000;4.000000,12,0.826087,1,5.000000;5.000000;5.000000;5.000000;5.000000;5.000000,0.123766;nan;0.100773;0.298544;0.123457;0.002729,5.000000;5.000000;5.000000;5.000000;5.000000;5.000000,0,0,0,0,0,0,0,0,0,0,753,36144,190,9880,180,8640,201,8456,20,600,3,168,0,0,0,0,0,0,graph_0003__path_life_0.5000,path_life,0.5,graph_0003,epoch_0002
trace,static,0.256102,0.256073,1023,826,105,0,0,0.452778,0.022857,72.520330,360,163,0,0,0,179,0.905556,0,0,0.000000,0.000000,0.500000,4.285714,4.000000,5.000000,5.000000;5.000000;4.000000;4.000000;4.000000;4.000000;4.000000,12,0.826087,1,5.000000;5.000000;5.000000;5.000000;5.000000;5.000000,0.146275;0.089857;0.109749;0.121233;0.139719;0.144674,5.000000;5.000000;5.000000;5.000000;5.000000;5.000000,0,0,0,0,0,0,0,0,0,0,0,0,0,0,0,0,0,0,0,0,0,0,0,0,0,0,0,0,graph_0003__path_life_0.5000,path_life,0.5,graph_0003,epoch_0002
trace,olsr,0.462038,0.461932,1319,1646,105,543,1102,0.138889,0.007383,62.154458,360,50,0,0,0,410,0.198413,543,40308,10.860000,806.160000,0.700000,4.666667,5.000000,5.000000,5.000000;5.000000;5.000000;5.000000;5.000000;5.000000;4.000000;4.000000;4.000000,16,0.818182,1,3.000000;3.000000;2.000000;2.000000;2.000000;2.000000;2.000000;2.000000,nan;nan;4.208967;1.241709;4.423994;nan;nan;nan,3.000000;3.000000;2.000000;2.000000;2.000000;2.000000;2.000000;2.000000,358,23856,185,16452,0,0,0,0,0,0,0,0,0,0,0,0,0,0,0,0,0,0,0,0,0,0,0,0,graph_0003__path_life_0.7000,path_life,0.7,graph_0003,epoch_0001
trace,aodv,0.792836,0.792619,3034,3850,105,1351,2239,0.711111,0.036091,76.720215,360,256,33,0,0,903,1.015873,1351,64156,5.277344,250.609375,0.700000,4.666667,5.000000,5.000000,5.000000;5.000000;5.000000;5.000000;5.000000;5.000000;4.000000;4.000000;4.000000,16,0.818182,1,3.000000;3.000000;2.000000;2.000000;2.000000;2.000000;2.000000;2.000000,0.710984;1.736995;0.038977;0.083813;0.495297;1.594135;0.243712;0.002691,3.000000;3.000000;2.000000;2.000000;2.000000;2.000000;2.000000;2.000000,0,0,0,0,0,0,0,0,0,0,736,35328,206,10712,200,9600,184,7688,22,660,3,168,0,0,0,0,0,0,graph_0003__path_life_0.7000,path_life,0.7,graph_0003,epoch_0001
trace,static,0.353947,0.353927,1312,1184,105,0,0,0.644444,0.032352,74.276078,360,232,0,0,0,223,0.920635,0,0,0.000000,0.000000,0.700000,4.666667,5.000000,5.000000,5.000000;5.000000;5.000000;5.000000;5.000000;5.000000;4.000000;4.000000;4.000000,16,0.818182,1,3.000000;3.000000;2.000000;2.000000;2.000000;2.000000;2.000000;2.000000,0.163692;0.194233;0.069843;0.083813;0.138193;0.019757;0.089676;0.161869,3.000000;3.000000;2.000000;2.000000;2.000000;2.000000;2.000000;2.000000,0,0,0,0,0,0,0,0,0,0,0,0,0,0,0,0,0,0,0,0,0,0,0,0,0,0,0,0,graph_0003__path_life_0.7000,path_life,0.7,graph_0003,epoch_0001
trace,olsr,0.466958,0.466935,1334,1680,105,556,1135,0.136111,0.008490,61.739042,360,49,0,0,0,391,0.194444,556,41300,11.346939,842.857143,0.700000,4.666667,5.000000,5.000000,5.000000;5.000000;5.000000;5.000000;5.000000;5.000000;4.000000;4.000000;4.000000,16,0.818182,1,3.000000;3.000000;2.000000;2.000000;2.000000;2.000000;2.000000;2.000000,nan;nan;4.334746;1.248213;4.402158;3.324268;nan;nan,3.000000;3.000000;2.000000;2.000000;2.000000;2.000000;2.000000;2.000000,358,23836,198,17464,0,0,0,0,0,0,0,0,0,0,0,0,0,0,0,0,0,0,0,0,0,0,0,0,graph_0003__path_life_0.7000,path_life,0.7,graph_0003,epoch_0003
trace,aodv,0.745249,0.745193,2896,3656,105,1214,2037,0.730556,0.037714,74.317122,360,263,34,0,0,878,1.043651,1214,57758,4.615970,219.612167,0.700000,4.666667,5.000000,5.000000,5.000000;5.000000;5.000000;5.000000;5.000000;5.000000;4.000000;4.000000;4.000000,16,0.818182,1,3.000000;3.000000;2.000000;2.000000;2.000000;2.000000;2.000000;2.000000,0.803976;0.845767;0.038977;0.083813;0.489520;1.588578;0.103572;0.007775,3.000000;3.000000;2.000000;2.000000;2.000000;2.000000;2.000000;2.000000,0,0,0,0,0,0,0,0,0,0,750,36000,160,8320,152,7296,135,5632,17,510,0,0,0,0,0,0,0,0,graph_0003__path_life_0.7000,path_life,0.7,graph_0003,epoch_0003
trace,static,0.354704,0.354687,1312,1184,105,0,0,0.644444,0.032351,74.276038,360,232,0,0,0,224,0.920635,0,0,0.000000,0.000000,0.700000,4.666667,5.000000,5.000000,5.000000;5.000000;5.000000;5.000000;5.000000;5.000000;4.000000;4.000000;4.000000,16,0.818182,1,3.000000;3.000000;2.000000;2.000000;2.000000;2.000000;2.000000;2.000000,0.163086;0.187393;0.074763;0.083813;0.138193;0.019757;0.088636;0.161869,3.000000;3.000000;2.000000;2.000000;2.000000;2.000000;2.000000;2.000000,0,0,0,0,0,0,0,0,0,0,0,0,0,0,0,0,0,0,0,0,0,0,0,0,0,0,0,0,graph_0003__path_life_0.7000,path_life,0.7,graph_0003,epoch_0003
trace,olsr,0.454390,0.453946,1318,1671,105,556,1146,0.127778,0.006794,66.127698,360,46,25,0,0,425,0.182540,556,40748,12.086957,885.826087,0.700000,4.666667,5.000000,5.000000,5.000000;5.000000;5.000000;5.000000;5.000000;5.000000;4.000000;4.000000;4.000000,16,0.818182,1,3.000000;3.000000;2.000000;2.000000;2.000000;2.000000;2.000000;2.000000,nan;nan;4.173906;1.249479;nan;nan;2.210919;nan,3.000000;3.000000;2.000000;2.000000;2.000000;2.000000;2.000000;2.000000,357,23884,199,16864,0,0,0,0,0,0,0,0,0,0,0,0,0,0,0,0,0,0,0,0,0,0,0,0,graph_0003__path_life_0.7000,path_life,0.7,graph_0003,epoch_0004
trace,aodv,0.711618,0.710768,2753,3546,105,1330,2161,0.619444,0.031442,77.960792,360,223,43,56,0,873,0.884921,1330,63156,5.964126,283.210762,0.700000,4.666667,5.000000,5.000000,5.000000;5.000000;5.000000;5.000000;5.000000;5.000000;4.000000;4.000000;4.000000,16,0.818182,1,3.000000;3.000000;2.000000;2.000000;2.000000;2.000000;2.000000;2.000000,nan;2.283234;0.038977;0.083813;0.156007;1.603409;0.250412;0.007727,3.000000;3.000000;2.000000;2.000000;2.000000;2.000000;2.000000;2.000000,0,0,0,0,0,0,0,0,0,0,752,36096,178,9256,201,9648,180,7560,18,540,1,56,0,0,0,0,0,0,graph_0003__path_life_0.7000,path_life,0.7,graph_0003,epoch_0004
trace,static,0.352701,0.352031,1312,1184,105,0,0,0.644444,0.032356,74.276106,360,232,0,0,0,222,0.920635,0,0,0.000000,0.000000,0.700000,4.666667,5.000000,5.000000,5.000000;5.000000;5.000000;5.000000;5.000000;5.000000;4.000000;4.000000;4.000000,16,0.818182,1,3.000000;3.000000;2.000000;2.000000;2.000000;2.000000;2.000000;2.000000,0.172772;0.189333;0.072883;0.083813;0.138193;0.019757;0.087476;0.161869,3.000000;3.000000;2.000000;2.000000;2.000000;2.000000;2.000000;2.000000,0,0,0,0,0,0,0,0,0,0,0,0,0,0,0,0,0,0,0,0,0,0,0,0,0,0,0,0,graph_0003__path_life_0.7000,path_life,0.7,graph_0003,epoch_0004
trace,olsr,0.354595,0.354271,1109,1536,105,550,1128,0.088889,0.004726,57.099238,360,32,67,0,0,283,0.126984,550,40612,17.187500,1269.125000,0.700000,4.666667,5.000000,5.000000,5.000000;5.000000;5.000000;5.000000;5.000000;5.000000;4.000000;4.000000;4.000000,16,0.818182,1,3.000000;3.000000;2.000000;2.000000;2.000000;2.000000;2.000000;2.000000,nan;nan;nan;nan;4.264148;nan;nan;nan,3.000000;3.000000;2.000000;2.000000;2.000000;2.000000;2.000000;2.000000,355,23544,195,17068,0,0,0,0,0,0,0,0,0,0,0,0,0,0,0,0,0,0,0,0,0,0,0,0,graph_0003__path_life_0.7000,path_life,0.7,graph_0003,epoch_0005
trace,aodv,0.775426,0.774614,2949,3748,105,1295,2140,0.755556,0.038354,75.543923,360,272,42,0,0,760,1.079365,1295,61494,4.761029,226.080882,0.700000,4.666667,5.000000,5.000000,5.000000;5.000000;5.000000;5.000000;5.000000;5.000000;4.000000;4.000000;4.000000,16,0.818182,1,3.000000;3.000000;2.000000;2.000000;2.000000;2.000000;2.000000;2.000000,0.129537;1.013867;0.038977;0.083813;0.157661;1.598439;0.072577;0.134941,3.000000;3.000000;2.000000;2.000000;2.000000;2.000000;2.000000;2.000000,0,0,0,0,0,0,0,0,0,0,759,36432,172,8944,193,9264,150,6224,21,630,0,0,0,0,0,0,0,0,graph_0003__path_life_0.7000,path_life,0.7,graph_0003,epoch_0005
trace,static,0.352086,0.352074,1312,1184,105,0,0,0.644444,0.032355,74.276045,360,232,0,0,0,222,0.920635,0,0,0.000000,0.000000,0.700000,4.666667,5.000000,5.000000,5.000000;5.000000;5.000000;5.000000;5.000000;5.000000;4.000000;4.000000;4.000000,16,0.818182,1,3.000000;3.000000;2.000000;2.000000;2.000000;2.000000;2.000000;2.000000,0.161652;0.190333;0.069943;0.083813;0.138193;0.019757;0.087616;0.161869,3.000000;3.000000;2.000000;2.000000;2.000000;2.000000;2.000000;2.000000,0,0,0,0,0,0,0,0,0,0,0,0,0,0,0,0,0,0,0,0,0,0,0,0,0,0,0,0,graph_0003__path_life_0.7000,path_life,0.7,graph_0003,epoch_0005
trace,olsr,0.451105,0.451026,1347,1715,105,554,1121,0.138889,0.007384,63.801114,360,50,24,0,0,406,0.198413,554,40664,11.080000,813.280000,0.700000,4.666667,5.000000,5.000000,5.000000;5.000000;5.000000;5.000000;5.000000;5.000000;4.000000;4.000000;4.000000,16,0.818182,1,3.000000;3.000000;2.000000;2.000000;2.000000;2.000000;2.000000;2.000000,nan;nan;4.298897;1.264035;nan;nan;2.210919;nan,3.000000;3.000000;2.000000;2.000000;2.000000;2.000000;2.000000;2.000000,360,23912,194,16752,0,0,0,0,0,0,0,0,0,0,0,0,0,0,0,0,0,0,0,0,0,0,0,0,graph_0003__path_life_0.7000,path_life,0.7,graph_0003,epoch_0002
trace,aodv,0.808796,0.808564,3065,3910,105,1330,2230,0.752778,0.038204,77.832437,360,271,34,0,0,872,1.075397,1330,63344,4.907749,233.741697,0.700000,4.666667,5.000000,5.000000,5.000000;5.000000;5.000000;5.000000;5.000000;5.000000;4.000000;4.000000;4.000000,16,0.818182,1,3.000000;3.000000;2.000000;2.000000;2.000000;2.000000;2.000000;2.000000,0.716120;1.760603;0.038977;0.083813;0.129217;1.600356;0.128352;2.623707,3.000000;3.000000;2.000000;2.000000;2.000000;2.000000;2.000000;2.000000,0,0,0,0,0,0,0,0,0,0,736,35328,206,10712,190,9120,173,7304,20,600,5,280,0,0,0,0,0,0,graph_0003__path_life_0.7000,path_life,0.7,graph_0003,epoch_0002
trace,static,0.357527,0.357458,1312,1184,105,0,0,0.644444,0.032351,74.276013,360,232,0,0,0,222,0.920635,0,0,0.000000,0.000000,0.700000,4.666667,5.000000,5.000000,5.000000;5.000000;5.000000;5.000000;5.000000;5.000000;4.000000;4.000000;4.000000,16,0.818182,1,3.000000;3.000000;2.000000;2.000000;2.000000;2.000000;2.000000;2.000000,0.162772;0.186687;0.068007;0.083813;0.138193;0.019757;0.088496;0.161869,3.000000;3.000000;2.000000;2.000000;2.000000;2.000000;2.000000;2.000000,0,0,0,0,0,0,0,0,0,0,0,0,0,0,0,0,0,0,0,0,0,0,0,0,0,0,0,0,graph_0003__path_life_0.7000,path_life,0.7,graph_0003,epoch_0002
trace,olsr,0.350373,0.350360,1183,1487,105,556,1010,0.208333,0.010700,74.975620,360,75,0,0,0,377,0.694444,556,40652,7.413333,542.026667,0.300000,4.500000,4.500000,5.000000,5.000000;5.000000;4.000000;4.000000,6,0.928571,1,14.000000;14.000000;14.000000,nan;0.111973;1.473105,14.000000;14.000000;14.000000,360,23496,196,17156,0,0,0,0,0,0,0,0,0,0,0,0,0,0,0,0,0,0,0,0,0,0,0,0,graph_0001__path_life_0.3000,path_life,0.3,graph_0001,epoch_0001
trace,aodv,0.565469,0.565310,2404,2981,105,1201,1836,0.455556,0.023127,81.926436,360,164,25,113,0,735,1.518519,1201,57300,7.323171,349.390244,0.300000,4.500000,4.500000,5.000000,5.000000;5.000000;4.000000;4.000000,6,0.928571,1,14.000000;14.000000;14.000000,nan;0.111973;0.134657,14.000000;14.000000;14.000000,0,0,0,0,0,0,0,0,0,0,758,36384,164,8528,134,6432,126,5360,18,540,1,56,0,0,0,0,0,0,graph_0001__path_life_0.3000,path_life,0.3,graph_0001,epoch_0001
trace,static,0.155257,0.155248,779,517,105,0,0,0.272222,0.013669,71.754340,360,98,0,0,0,93,0.907407,0,0,0.000000,0.000000,0.300000,4.500000,4.500000,5.000000,5.000000;5.000000;4.000000;4.000000,6,0.928571,1,14.000000;14.000000;14.000000,0.183736;0.129925;0.143633,14.000000;14.000000;14.000000,0,0,0,0,0,0,0,0,0,0,0,0,0,0,0,0,0,0,0,0,0,0,0,0,0,0,0,0,graph_0001__path_life_0.3000,path_life,0.3,graph_0001,epoch_0001
trace,olsr,0.383971,0.383416,1313,1602,105,554,982,0.275000,0.014891,71.205026,360,99,0,0,0,457,0.916667,554,40520,5.595960,409.292929,0.300000,4.500000,4.500000,5.000000,5.000000;5.000000;4.000000;4.000000,6,0.928571,1,14.000000;14.000000;14.000000,nan;0.111973;nan,14.000000;14.000000;14.000000,358,23264,196,17256,0,0,0,0,0,0,0,0,0,0,0,0,0,0,0,0,0,0,0,0,0,0,0,0,graph_0001__path_life_0.3000,path_life,0.3,graph_0001,epoch_0003
trace,aodv,0.559398,0.558731,2470,3035,105,1163,1791,0.502778,0.025521,84.472631,360,181,4,112,0,576,1.675926,1163,55864,6.425414,308.640884,0.300000,4.500000,4.500000,5.000000,5.000000;5.000000;4.000000;4.000000,6,0.928571,1,14.000000;14.000000;14.000000,nan;0.111973;0.134657,14.000000;14.000000;14.000000,0,0,0,0,0,0,0,0,0,0,751,36048,177,9204,124,5952,96,4184,14,420,1,56,0,0,0,0,0,0,graph_0001__path_life_0.3000,path_life,0.3,graph_0001,epoch_0003
trace,static,0.157380,0.157126,779,517,105,0,0,0.272222,0.013671,71.754441,360,98,0,0,0,93,0.907407,0,0,0.000000,0.000000,0.300000,4.500000,4.500000,5.000000,5.000000;5.000000;4.000000;4.000000,6,0.928571,1,14.000000;14.000000;14.000000,0.177276;0.129925;0.143633,14.000000;14.000000;14.000000,0,0,0,0,0,0,0,0,0,0,0,0,0,0,0,0,0,0,0,0,0,0,0,0,0,0,0,0,graph_0001__path_life_0.3000,path_life,0.3,graph_0001,epoch_0003
trace,olsr,0.388221,0.387964,1307,1584,105,553,986,0.272222,0.014739,72.825832,360,98,0,0,0,495,0.907407,553,40568,5.642857,413.959184,0.300000,4.500000,4.500000,5.000000,5.000000;5.000000;4.000000;4.000000,6,0.928571,1,14.000000;14.000000;14.000000,nan;0.111973;nan,14.000000;14.000000;14.000000,354,23104,199,17464,0,0,0,0,0,0,0,0,0,0,0,0,0,0,0,0,0,0,0,0,0,0,0,0,graph_0001__path_life_0.3000,path_life,0.3,graph_0001,epoch_0004
trace,aodv,0.606209,0.606146,2566,3123,105,1236,1886,0.502778,0.025529,78.416373,360,181,30,56,0,661,1.675926,1236,59048,6.828729,326.232044,0.300000,4.500000,4.500000,5.000000,5.000000;5.000000;4.000000;4.000000,6,0.928571,1,14.000000;14.000000;14.000000,0.107101;0.111973;0.134657,14.000000;14.000000;14.000000,0,0,0,0,0,0,0,0,0,0,742,35616,192,9984,150,7200,131,5592,20,600,1,56,0,0,0,0,0,0,graph_0001__path_life_0.3000,path_life,0.3,graph_0001,epoch_0004
trace,static,0.154031,0.154008,779,517,105,0,0,0.272222,0.013670,71.754501,360,98,0,0,0,93,0.907407,0,0,0.000000,0.000000,0.300000,4.500000,4.500000,5.000000,5.000000;5.000000;4.000000;4.000000,6,0.928571,1,14.000000;14.000000;14.000000,0.185676;0.129925;0.143633,14.000000;14.000000;14.000000,0,0,0,0,0,0,0,0,0,0,0,0,0,0,0,0,0,0,0,0,0,0,0,0,0,0,0,0,graph_0001__path_life_0.3000,path_life,0.3,graph_0001,epoch_0004
trace,olsr,0.345033,0.344886,1175,1453,105,545,969,0.211111,0.011741,69.913633,360,76,7,0,0,409,0.703704,545,39740,7.171053,522.894737,0.300000,4.500000,4.500000,5.000000,5.000000;5.000000;4.000000;4.000000,6,0.928571,1,14.000000;14.000000;14.000000,nan;0.111973;nan,14.000000;14.000000;14.000000,359,23360,186,16380,0,0,0,0,0,0,0,0,0,0,0,0,0,0,0,0,0,0,0,0,0,0,0,0,graph_0001__path_life_0.3000,path_life,0.3,graph_0001,epoch_0005
trace,aodv,0.625420,0.625361,2668,3239,105,1239,1895,0.575000,0.029188,77.570257,360,207,12,56,0,788,1.916667,1239,59306,5.985507,286.502415,0.300000,4.500000,4.500000,5.000000,5.000000;5.000000;4.000000;4.000000,6,0.928571,1,14.000000;14.000000;14.000000,4.552567;0.700194;0.134657,14.000000;14.000000;14.000000,0,0,0,0,0,0,0,0,0,0,733,35184,213,11076,153,7344,114,4896,25,750,1,56,0,0,0,0,0,0,graph_0001__path_life_0.3000,path_life,0.3,graph_0001,epoch_0005
trace,static,0.156273,0.156198,779,517,105,0,0,0.272222,0.013671,71.754335,360,98,0,0,0,93,0.907407,0,0,0.000000,0.000000,0.300000,4.500000,4.500000,5.000000,5.000000;5.000000;4.000000;4.000000,6,0.928571,1,14.000000;14.000000;14.000000,0.183280;0.129925;0.143633,14.000000;14.000000;14.000000,0,0,0,0,0,0,0,0,0,0,0,0,0,0,0,0,0,0,0,0,0,0,0,0,0,0,0,0,graph_0001__path_life_0.3000,path_life,0.3,graph_0001,epoch_0005
trace,olsr,0.395365,0.395352,1317,1601,105,556,1005,0.269444,0.014589,74.625285,360,97,0,0,0,483,0.898148,556,40960,5.731959,422.268041,0.300000,4.500000,4.500000,5.000000,5.000000;5.000000;4.000000;4.000000,6,0.928571,1,14.000000;14.000000;14.000000,nan;0.111973;nan,14.000000;14.000000;14.000000,354,23120,202,17840,0,0,0,0,0,0,0,0,0,0,0,0,0,0,0,0,0,0,0,0,0,0,0,0,graph_0001__path_life_0.3000,path_life,0.3,graph_0001,epoch_0002
trace,aodv,0.726645,0.726489,2882,3472,105,1282,1951,0.733333,0.037227,78.439483,360,264,17,0,0,959,2.444444,1282,61314,4.856061,232.250000,0.300000,4.500000,4.500000,5.000000,5.000000;5.000000;4.000000;4.000000,6,0.928571,1,14.000000;14.000000;14.000000,0.107101;0.111973;0.134657,14.000000;14.000000;14.000000,0,0,0,0,0,0,0,0,0,0,729,34992,222,11544,181,8688,127,5400,23,690,0,0,0,0,0,0,0,0,graph_0001__path_life_0.3000,path_life,0.3,graph_0001,epoch_0002
trace,static,0.156509,0.156494,779,517,105,0,0,0.272222,0.013670,71.754389,360,98,0,0,0,93,0.907407,0,0,0.000000,0.000000,0.300000,4.500000,4.500000,5.000000,5.000000;5.000000;4.000000;4.000000,6,0.928571,1,14.000000;14.000000;14.000000,0.180996;0.129925;0.143633,14.000000;14.000000;14.000000,0,0,0,0,0,0,0,0,0,0,0,0,0,0,0,0,0,0,0,0,0,0,0,0,0,0,0,0,graph_0001__path_life_0.3000,path_life,0.3,graph_0001,epoch_0002
trace,olsr,0.460302,0.460286,1405,1820,105,553,1193,0.158333,0.007969,74.590203,360,57,33,0,0,635,0.527778,553,41156,9.701754,722.035088,0.300000,4.500000,4.500000,5.000000,5.000000;5.000000;4.000000;4.000000,6,0.785714,1,14.000000;14.000000;14.000000,4.539189;nan;2.273269,14.000000;14.000000;14.000000,351,23948,200,17096,0,0,0,0,2,112,0,0,0,0,0,0,0,0,0,0,0,0,0,0,0,0,0,0,graph_0002__path_life_0.3000,path_life,0.3,graph_0002,epoch_0001
trace,aodv,0.684193,0.684043,2709,3601,105,1356,2319,0.458333,0.023225,73.778202,360,165,67,57,0,851,1.527778,1356,64228,8.218182,389.260606,0.300000,4.500000,4.500000,5.000000,5.000000;5.000000;4.000000;4.000000,6,0.785714,1,14.000000;14.000000;14.000000,0.107101;nan;0.134373,14.000000;14.000000;14.000000,0,0,0,0,0,0,0,0,0,0,728,34944,216,11232,175,8400,214,8936,22,660,1,56,0,0,0,0,0,0,graph_0002__path_life_0.3000,path_life,0.3,graph_0002,epoch_0001
trace,static,0.148734,0.148723,733,467,105,0,0,0.261111,0.013179,70.440948,360,94,0,0,0,118,0.870370,0,0,0.000000,0.000000,0.300000,4.500000,4.500000,5.000000,5.000000;5.000000;4.000000;4.000000,6,0.785714,1,14.000000;14.000000;14.000000,0.179592;0.120963;0.154347,14.000000;14.000000;14.000000,0,0,0,0,0,0,0,0,0,0,0,0,0,0,0,0,0,0,0,0,0,0,0,0,0,0,0,0,graph_0002__path_life_0.3000,path_life,0.3,graph_0002,epoch_0001
trace,olsr,0.433909,0.433861,1277,1658,105,523,1116,0.141667,0.007129,62.103474,360,51,42,0,0,615,0.472222,523,38616,10.254902,757.176471,0.300000,4.500000,4.500000,5.000000,5.000000;5.000000;4.000000;4.000000,6,0.785714,1,14.000000;14.000000;14.000000,nan;nan;2.273269,14.000000;14.000000;14.000000,358,24416,165,14200,0,0,0,0,0,0,0,0,0,0,0,0,0,0,0,0,0,0,0,0,0,0,0,0,graph_0002__path_life_0.3000,path_life,0.3,graph_0002,epoch_0003
trace,aodv,0.533176,0.533119,2259,3181,105,1234,2179,0.394444,0.019931,73.228286,360,142,26,169,0,666,1.314815,1234,58964,8.690141,415.239437,0.300000,4.500000,4.500000,5.000000,5.000000;5.000000;4.000000;4.000000,6,0.785714,1,14.000000;14.000000;14.000000,0.107101;0.112257;0.229242,14.000000;14.000000;14.000000,0,0,0,0,0,0,0,0,0,0,733,35184,202,10504,134,6432,141,6072,22,660,2,112,0,0,0,0,0,0,graph_0002__path_life_0.3000,path_life,0.3,graph_0002,epoch_0003
trace,static,0.148956,0.148938,738,473,105,0,0,0.263889,0.013280,70.791488,360,95,0,0,0,120,0.879630,0,0,0.000000,0.000000,0.300000,4.500000,4.500000,5.000000,5.000000;5.000000;4.000000;4.000000,6,0.785714,1,14.000000;14.000000;14.000000,0.166682;0.120963;0.154227,14.000000;14.000000;14.000000,0,0,0,0,0,0,0,0,0,0,0,0,0,0,0,0,0,0,0,0,0,0,0,0,0,0,0,0,graph_0002__path_life_0.3000,path_life,0.3,graph_0002,epoch_0003
trace,olsr,0.303272,0.303244,975,1482,105,542,1172,0.091667,0.004614,63.497956,360,33,20,0,0,375,0.305556,542,40088,16.424242,1214.787879,0.300000,4.500000,4.500000,5.000000,5.000000;5.000000;4.000000;4.000000,6,0.785714,1,14.000000;14.000000;14.000000,nan;nan;2.273269,14.000000;14.000000;14.000000,351,23936,191,16152,0,0,0,0,0,0,0,0,0,0,0,0,0,0,0,0,0,0,0,0,0,0,0,0,graph_0002__path_life_0.3000,path_life,0.3,graph_0002,epoch_0004
trace,aodv,0.539806,0.539777,2228,3162,105,1224,2191,0.369444,0.018718,72.633637,360,133,25,169,0,687,1.231481,1224,58346,9.203008,438.691729,0.300000,4.500000,4.500000,5.000000,5.000000;5.000000;4.000000;4.000000,6,0.785714,1,14.000000;14.000000;14.000000,0.107101;0.112257;0.224637,14.000000;14.000000;14.000000,0,0,0,0,0,0,0,0,0,0,739,35472,186,9672,132,6336,147,6240,19,570,1,56,0,0,0,0,0,0,graph_0002__path_life_0.3000,path_life,0.3,graph_0002,epoch_0004
trace,static,0.148516,0.148503,733,467,105,0,0,0.261111,0.013179,70.441254,360,94,0,0,0,118,0.870370,0,0,0.000000,0.000000,0.300000,4.500000,4.500000,5.000000,5.000000;5.000000;4.000000;4.000000,6,0.785714,1,14.000000;14.000000;14.000000,0.202358;0.120963;0.155053,14.000000;14.000000;14.000000,0,0,0,0,0,0,0,0,0,0,0,0,0,0,0,0,0,0,0,0,0,0,0,0,0,0,0,0,graph_0002__path_life_0.3000,path_life,0.3,graph_0002,epoch_0004
trace,olsr,0.267170,0.267147,921,1417,105,527,1131,0.102778,0.005480,53.244921,360,37,44,0,0,319,0.342593,527,38396,14.243243,1037.729730,0.300000,4.500000,4.500000,5.000000,5.000000;5.000000;4.000000;4.000000,6,0.785714,1,14.000000;14.000000;14.000000,nan;nan;nan,14.000000;14.000000;14.000000,360,24560,167,13836,0,0,0,0,0,0,0,0,0,0,0,0,0,0,0,0,0,0,0,0,0,0,0,0,graph_0002__path_life_0.3000,path_life,0.3,graph_0002,epoch_0005
trace,aodv,0.521740,0.521718,2235,3156,105,1175,2126,0.416667,0.021119,75.880828,360,150,11,169,0,719,1.388889,1175,56196,7.833333,374.640000,0.300000,4.500000,4.500000,5.000000,5.000000;5.000000;4.000000;4.000000,6,0.785714,1,14.000000;14.000000;14.000000,0.298163;0.112257;0.159836,14.000000;14.000000;14.000000,0,0,0,0,0,0,0,0,0,0,736,35328,178,9256,120,5760,118,5136,22,660,1,56,0,0,0,0,0,0,graph_0002__path_life_0.3000,path_life,0.3,graph_0002,epoch_0005
trace,static,0.145426,0.145423,733,467,105,0,0,0.261111,0.013180,70.441189,360,94,0,0,0,117,0.870370,0,0,0.000000,0.000000,0.300000,4.500000,4.500000,5.000000,5.000000;5.000000;4.000000;4.000000,6,0.785714,1,14.000000;14.000000;14.000000,0.187306;0.120963;0.155073,14.000000;14.000000;14.000000,0,0,0,0,0,0,0,0,0,0,0,0,0,0,0,0,0,0,0,0,0,0,0,0,0,0,0,0,graph_0002__path_life_0.3000,path_life,0.3,graph_0002,epoch_0005
trace,olsr,0.481413,0.481312,1453,1844,105,542,1154,0.158333,0.007969,63.255255,360,57,18,0,0,579,0.527778,542,39868,9.508772,699.438596,0.300000,4.500000,4.500000,5.000000,5.000000;5.000000;4.000000;4.000000,6,0.785714,1,14.000000;14.000000;14.000000,4.220499;nan;2.273269,14.000000;14.000000;14.000000,358,24416,181,15284,0,0,0,0,3,168,0,0,0,0,0,0,0,0,0,0,0,0,0,0,0,0,0,0,graph_0002__path_life_0.3000,path_life,0.3,graph_0002,epoch_0002
trace,aodv,0.536220,0.536173,2330,3136,105,1169,2046,0.388889,0.019650,82.262734,360,140,38,112,0,801,1.296296,1169,55784,8.350000,398.457143,0.300000,4.500000,4.500000,5.000000,5.000000;5.000000;4.000000;4.000000,6,0.785714,1,14.000000;14.000000;14.000000,nan;nan;0.134373,14.000000;14.000000;14.000000,0,0,0,0,0,0,0,0,0,0,730,35040,187,9724,100,4800,133,5624,18,540,1,56,0,0,0,0,0,0,graph_0002__path_life_0.3000,path_life,0.3,graph_0002,epoch_0002
trace,static,0.145950,0.145943,735,469,105,0,0,0.261111,0.013178,70.440968,360,94,0,0,0,120,0.870370,0,0,0.000000,0.000000,0.300000,4.500000,4.500000,5.000000,5.000000;5.000000;4.000000;4.000000,6,0.785714,1,14.000000;14.000000;14.000000,0.181218;0.120963;0.154447,14.000000;14.000000;14.000000,0,0,0,0,0,0,0,0,0,0,0,0,0,0,0,0,0,0,0,0,0,0,0,0,0,0,0,0,graph_0002__path_life_0.3000,path_life,0.3,graph_0002,epoch_0002
trace,olsr,0.486963,0.486908,1699,1860,105,527,884,0.033333,0.004559,52.781518,360,12,36,0,0,712,0.333333,527,37000,43.916667,3083.333333,0.100000,3.000000,3.000000,3.000000,3.000000;3.000000,2,0.500000,1,54.000000,nan,54.000000,362,23344,153,12984,0,0,0,0,12,672,0,0,0,0,0,0,0,0,0,0,0,0,0,0,0,0,0,0,graph_0005__path_life_0.1000,path_life,0.1,graph_0005,epoch_0001
trace,aodv,0.533495,0.533463,2283,2745,105,1136,1678,0.344444,0.017404,83.734987,360,124,44,112,0,691,3.444444,1136,53922,9.161290,434.854839,0.100000,3.000000,3.000000,3.000000,3.000000;3.000000,2,0.500000,1,54.000000,0.117697,54.000000,0,0,0,0,0,0,0,0,0,0,756,36288,134,6968,86,4128,149,6208,11,330,0,0,0,0,0,0,0,0,graph_0005__path_life_0.1000,path_life,0.1,graph_0005,epoch_0001
trace,static,0.047218,0.047211,453,119,105,0,0,0.072222,0.003635,70.376591,360,26,0,0,0,44,0.722222,0,0,0.000000,0.000000,0.100000,3.000000,3.000000,3.000000,3.000000;3.000000,2,0.500000,1,54.000000,0.146647,54.000000,0,0,0,0,0,0,0,0,0,0,0,0,0,0,0,0,0,0,0,0,0,0,0,0,0,0,0,0,graph_0005__path_life_0.1000,path_life,0.1,graph_0005,epoch_0001
trace,olsr,0.190602,0.190592,700,947,105,508,863,0.025000,0.004546,47.644850,360,9,10,0,0,268,0.250000,508,35240,56.444444,3915.555556,0.100000,3.000000,3.000000,3.000000,3.000000;3.000000,2,0.500000,1,54.000000,nan,54.000000,369,23752,139,11488,0,0,0,0,0,0,0,0,0,0,0,0,0,0,0,0,0,0,0,0,0,0,0,0,graph_0005__path_life_0.1000,path_life,0.1,graph_0005,epoch_0003
trace,aodv,0.410528,0.410481,1892,2418,105,1073,1634,0.280556,0.016433,81.948290,360,101,8,175,0,348,2.805556,1073,51372,10.623762,508.633663,0.100000,3.000000,3.000000,3.000000,3.000000;3.000000,2,0.500000,1,54.000000,nan,54.000000,0,0,0,0,0,0,0,0,0,0,766,36768,122,6344,65,3120,108,4728,10,300,2,112,0,0,0,0,0,0,graph_0005__path_life_0.1000,path_life,0.1,graph_0005,epoch_0003
trace,static,0.048702,0.048688,453,119,105,0,0,0.072222,0.003635,70.376241,360,26,0,0,0,44,0.722222,0,0,0.000000,0.000000,0.100000,3.000000,3.000000,3.000000,3.000000;3.000000,2,0.500000,1,54.000000,0.151663,54.000000,0,0,0,0,0,0,0,0,0,0,0,0,0,0,0,0,0,0,0,0,0,0,0,0,0,0,0,0,graph_0005__path_life_0.1000,path_life,0.1,graph_0005,epoch_0003
trace,olsr,0.233903,0.233891,815,1028,105,513,881,0.041667,0.002176,71.199952,360,15,10,0,0,314,0.416667,513,35260,34.200000,2350.666667,0.100000,3.000000,3.000000,3.000000,3.000000;3.000000,2,0.500000,1,54.000000,nan,54.000000,370,23824,143,11436,0,0,0,0,0,0,0,0,0,0,0,0,0,0,0,0,0,0,0,0,0,0,0,0,graph_0005__path_life_0.1000,path_life,0.1,graph_0005,epoch_0004
trace,aodv,0.596659,0.596625,2534,3029,105,1252,1834,0.463889,0.023436,78.093107,360,167,50,56,0,782,4.638889,1252,59522,7.497006,356.419162,0.100000,3.000000,3.000000,3.000000,3.000000;3.000000,2,0.500000,1,54.000000,0.117697,54.000000,0,0,0,0,0,0,0,0,0,0,734,35232,193,10036,131,6288,176,7400,17,510,1,56,0,0,0,0,0,0,graph_0005__path_life_0.1000,path_life,0.1,graph_0005,epoch_0004
trace,static,0.046529,0.046519,450,116,105,0,0,0.072222,0.003645,68.145076,360,26,0,0,0,44,0.722222,0,0,0.000000,0.000000,0.100000,3.000000,3.000000,3.000000,3.000000;3.000000,2,0.500000,1,54.000000,0.153623,54.000000,0,0,0,0,0,0,0,0,0,0,0,0,0,0,0,0,0,0,0,0,0,0,0,0,0,0,0,0,graph_0005__path_life_0.1000,path_life,0.1,graph_0005,epoch_0004
trace,olsr,0.176654,0.176622,670,958,105,514,878,0.025000,0.001816,50.353404,360,9,12,0,0,203,0.250000,514,35532,57.111111,3948.000000,0.100000,3.000000,3.000000,3.000000,3.000000;3.000000,2,0.500000,1,54.000000,nan,54.000000,369,23752,145,11780,0,0,0,0,0,0,0,0,0,0,0,0,0,0,0,0,0,0,0,0,0,0,0,0,graph_0005__path_life_0.1000,path_life,0.1,graph_0005,epoch_0005
trace,aodv,0.456862,0.456820,2044,2476,105,1155,1651,0.227778,0.011474,73.672877,360,82,46,168,0,637,2.277778,1155,54908,14.085366,669.609756,0.100000,3.000000,3.000000,3.000000,3.000000;3.000000,2,0.500000,1,54.000000,1.624847,54.000000,0,0,0,0,0,0,0,0,0,0,750,36000,153,7956,89,4272,150,6264,12,360,1,56,0,0,0,0,0,0,graph_0005__path_life_0.1000,path_life,0.1,graph_0005,epoch_0005
trace,static,0.046431,0.046429,450,116,105,0,0,0.072222,0.003645,68.145307,360,26,0,0,0,44,0.722222,0,0,0.000000,0.000000,0.100000,3.000000,3.000000,3.000000,3.000000;3.000000,2,0.500000,1,54.000000,0.146727,54.000000,0,0,0,0,0,0,0,0,0,0,0,0,0,0,0,0,0,0,0,0,0,0,0,0,0,0,0,0,graph_0005__path_life_0.1000,path_life,0.1,graph_0005,epoch_0005
trace,olsr,0.258079,0.258048,869,1072,105,517,868,0.061111,0.005222,62.343796,360,22,21,0,0,337,0.611111,517,36284,23.500000,1649.272727,0.100000,3.000000,3.000000,3.000000,3.000000;3.000000,2,0.500000,1,54.000000,nan,54.000000,361,23208,156,13076,0,0,0,0,0,0,0,0,0,0,0,0,0,0,0,0,0,0,0,0,0,0,0,0,graph_0005__path_life_0.1000,path_life,0.1,graph_0005,epoch_0002
trace,aodv,0.495179,0.495126,2244,2724,105,1348,1896,0.163889,0.009071,63.004900,360,59,58,169,0,766,1.638889,1348,63716,22.847458,1079.932203,0.100000,3.000000,3.000000,3.000000,3.000000;3.000000,2,0.500000,1,54.000000,nan,54.000000,0,0,0,0,0,0,0,0,0,0,737,35376,208,10816,138,6624,246,10304,18,540,1,56,0,0,0,0,0,0,graph_0005__path_life_0.1000,path_life,0.1,graph_0005,epoch_0002
trace,static,0.048206,0.048204,453,119,105,0,0,0.072222,0.003635,70.376086,360,26,0,0,0,44,0.722222,0,0,0.000000,0.000000,0.100000,3.000000,3.000000,3.000000,3.000000;3.000000,2,0.500000,1,54.000000,0.148663,54.000000,0,0,0,0,0,0,0,0,0,0,0,0,0,0,0,0,0,0,0,0,0,0,0,0,0,0,0,0,graph_0005__path_life_0.1000,path_life,0.1,graph_0005,epoch_0002
trace,olsr,0.287947,0.287893,924,1290,105,531,1016,0.077778,0.009000,55.135093,360,28,12,0,0,339,0.777778,531,38320,18.964286,1368.571429,0.100000,3.000000,3.000000,3.000000,3.000000;3.000000,2,0.750000,1,54.000000,nan,54.000000,361,23924,170,14396,0,0,0,0,0,0,0,0,0,0,0,0,0,0,0,0,0,0,0,0,0,0,0,0,graph_0003__path_life_0.1000,path_life,0.1,graph_0003,epoch_0001
trace,aodv,0.646860,0.646782,2605,3350,105,1393,2191,0.408333,0.020724,68.192624,360,147,48,112,0,1106,4.083333,1393,66290,9.476190,450.952381,0.100000,3.000000,3.000000,3.000000,3.000000;3.000000,2,0.750000,1,54.000000,0.117413,54.000000,0,0,0,0,0,0,0,0,0,0,692,33216,266,13832,195,9360,219,9200,19,570,2,112,0,0,0,0,0,0,graph_0003__path_life_0.1000,path_life,0.1,graph_0003,epoch_0001
trace,static,0.052837,0.052834,470,137,105,0,0,0.075000,0.003765,67.396250,360,27,0,0,0,40,0.750000,0,0,0.000000,0.000000,0.100000,3.000000,3.000000,3.000000,3.000000;3.000000,2,0.750000,1,54.000000,0.154795,54.000000,0,0,0,0,0,0,0,0,0,0,0,0,0,0,0,0,0,0,0,0,0,0,0,0,0,0,0,0,graph_0003__path_life_0.1000,path_life,0.1,graph_0003,epoch_0001
trace,olsr,0.275033,0.275014,910,1299,105,529,1022,0.080556,0.009321,55.437537,360,29,13,0,0,339,0.805556,529,38020,18.241379,1311.034483,0.100000,3.000000,3.000000,3.000000,3.000000;3.000000,2,0.750000,1,54.000000,nan,54.000000,361,23872,168,14148,0,0,0,0,0,0,0,0,0,0,0,0,0,0,0,0,0,0,0,0,0,0,0,0,graph_0003__path_life_0.1000,path_life,0.1,graph_0003,epoch_0003
trace,aodv,0.653003,0.652921,2671,3387,105,1388,2224,0.416667,0.023684,74.199701,360,150,34,56,0,1031,4.166667,1388,66402,9.253333,442.680000,0.100000,3.000000,3.000000,3.000000,3.000000;3.000000,2,0.750000,1,54.000000,nan,54.000000,0,0,0,0,0,0,0,0,0,0,694,33312,274,14248,205,9840,197,8384,15,450,3,168,0,0,0,0,0,0,graph_0003__path_life_0.1000,path_life,0.1,graph_0003,epoch_0003
trace,static,0.052051,0.052044,470,137,105,0,0,0.075000,0.003765,67.395764,360,27,0,0,0,39,0.750000,0,0,0.000000,0.000000,0.100000,3.000000,3.000000,3.000000,3.000000;3.000000,2,0.750000,1,54.000000,0.153155,54.000000,0,0,0,0,0,0,0,0,0,0,0,0,0,0,0,0,0,0,0,0,0,0,0,0,0,0,0,0,graph_0003__path_life_0.1000,path_life,0.1,graph_0003,epoch_0003
trace,olsr,0.388560,0.388417,1175,1505,105,534,1056,0.122222,0.009109,63.345249,360,44,0,0,0,511,1.222222,534,38568,12.136364,876.545455,0.100000,3.000000,3.000000,3.000000,3.000000;3.000000,2,0.750000,1,54.000000,nan,54.000000,358,23720,175,14792,0,0,0,0,1,56,0,0,0,0,0,0,0,0,0,0,0,0,0,0,0,0,0,0,graph_0003__path_life_0.1000,path_life,0.1,graph_0003,epoch_0004
trace,aodv,0.436743,0.436695,2107,2681,105,1140,1863,0.097222,0.005860,68.870698,360,35,8,168,0,648,0.972222,1140,54872,32.571429,1567.771429,0.100000,3.000000,3.000000,3.000000,3.000000;3.000000,2,0.750000,1,54.000000,nan,54.000000,0,0,0,0,0,0,0,0,0,0,743,35664,179,9308,115,5520,87,3848,14,420,2,112,0,0,0,0,0,0,graph_0003__path_life_0.1000,path_life,0.1,graph_0003,epoch_0004
trace,static,0.051340,0.051338,470,137,105,0,0,0.075000,0.003766,67.397023,360,27,0,0,0,39,0.750000,0,0,0.000000,0.000000,0.100000,3.000000,3.000000,3.000000,3.000000;3.000000,2,0.750000,1,54.000000,0.177195,54.000000,0,0,0,0,0,0,0,0,0,0,0,0,0,0,0,0,0,0,0,0,0,0,0,0,0,0,0,0,graph_0003__path_life_0.1000,path_life,0.1,graph_0003,epoch_0004
trace,olsr,0.391463,0.391446,1236,1573,105,535,1038,0.122222,0.006331,70.997755,360,44,18,0,0,471,1.222222,535,38328,12.159091,871.090909,0.100000,3.000000,3.000000,3.000000,3.000000;3.000000,2,0.750000,1,54.000000,0.117413,54.000000,365,24168,168,14048,0,0,0,0,2,112,0,0,0,0,0,0,0,0,0,0,0,0,0,0,0,0,0,0,graph_0003__path_life_0.1000,path_life,0.1,graph_0003,epoch_0005
trace,aodv,0.664749,0.664695,2702,3402,105,1363,2184,0.447222,0.024954,72.166640,360,161,22,56,0,1061,4.472222,1363,65444,8.465839,406.484472,0.100000,3.000000,3.000000,3.000000,3.000000;3.000000,2,0.750000,1,54.000000,nan,54.000000,0,0,0,0,0,0,0,0,0,0,696,33408,273,14196,200,9600,168,7304,20,600,6,336,0,0,0,0,0,0,graph_0003__path_life_0.1000,path_life,0.1,graph_0003,epoch_0005
trace,static,0.052603,0.052601,470,137,105,0,0,0.075000,0.003765,67.396429,360,27,0,0,0,39,0.750000,0,0,0.000000,0.000000,0.100000,3.000000,3.000000,3.000000,3.000000;3.000000,2,0.750000,1,54.000000,0.160995,54.000000,0,0,0,0,0,0,0,0,0,0,0,0,0,0,0,0,0,0,0,0,0,0,0,0,0,0,0,0,graph_0003__path_life_0.1000,path_life,0.1,graph_0003,epoch_0005
trace,olsr,0.309993,0.309977,981,1358,105,536,1042,0.086111,0.009964,55.355813,360,31,10,0,0,397,0.861111,536,38496,17.290323,1241.806452,0.100000,3.000000,3.000000,3.000000,3.000000;3.000000,2,0.750000,1,54.000000,nan,54.000000,361,23888,175,14608,0,0,0,0,0,0,0,0,0,0,0,0,0,0,0,0,0,0,0,0,0,0,0,0,graph_0003__path_life_0.1000,path_life,0.1,graph_0003,epoch_0002
trace,aodv,0.665254,0.665179,2674,3425,105,1415,2256,0.450000,0.025103,72.474067,360,162,52,56,0,1023,4.500000,1415,67356,8.734568,415.777778,0.100000,3.000000,3.000000,3.000000,3.000000;3.000000,2,0.750000,1,54.000000,nan,54.000000,0,0,0,0,0,0,0,0,0,0,697,33456,271,14092,202,9696,213,9048,28,840,4,224,0,0,0,0,0,0,graph_0003__path_life_0.1000,path_life,0.1,graph_0003,epoch_0002
trace,static,0.051955,0.051927,470,137,105,0,0,0.075000,0.003765,67.395962,360,27,0,0,0,40,0.750000,0,0,0.000000,0.000000,0.100000,3.000000,3.000000,3.000000,3.000000;3.000000,2,0.750000,1,54.000000,0.148615,54.000000,0,0,0,0,0,0,0,0,0,0,0,0,0,0,0,0,0,0,0,0,0,0,0,0,0,0,0,0,graph_0003__path_life_0.1000,path_life,0.1,graph_0003,epoch_0002
trace,olsr,0.433368,0.433359,1387,1731,105,566,1066,0.202778,0.010183,65.031011,360,73,13,0,0,400,0.289683,566,41500,7.753425,568.493151,0.700000,4.666667,5.000000,5.000000,5.000000;5.000000;5.000000;5.000000;5.000000;5.000000;4.000000;4.000000;4.000000,16,0.787879,1,3.000000;3.000000;2.000000;2.000000;2.000000;2.000000;2.000000;2.000000,4.257276;4.605964;1.214109;nan;nan;nan;nan;1.290229,3.000000;3.000000;2.000000;2.000000;2.000000;2.000000;2.000000;2.000000,353,22888,213,18612,0,0,0,0,0,0,0,0,0,0,0,0,0,0,0,0,0,0,0,0,0,0,0,0,graph_0004__path_life_0.7000,path_life,0.7,graph_0004,epoch_0001
trace,aodv,0.739710,0.739570,3025,3480,105,1304,2034,0.161111,0.009941,65.426796,360,58,27,0,0,798,0.230159,1304,62350,22.482759,1075.000000,0.700000,4.666667,5.000000,5.000000,5.000000;5.000000;5.000000;5.000000;5.000000;5.000000;4.000000;4.000000;4.000000,16,0.787879,1,3.000000;3.000000;2.000000;2.000000;2.000000;2.000000;2.000000;2.000000,nan;nan;nan;nan;nan;1.351184;nan;nan,3.000000;3.000000;2.000000;2.000000;2.000000;2.000000;2.000000;2.000000,0,0,0,0,0,0,0,0,0,0,743,35664,188,9776,224,10752,128,5528,21,630,0,0,0,0,0,0,0,0,graph_0004__path_life_0.7000,path_life,0.7,graph_0004,epoch_0001
trace,static,0.389753,0.389703,1465,1331,105,0,0,0.627778,0.031524,73.866368,360,226,0,0,0,226,0.896825,0,0,0.000000,0.000000,0.700000,4.666667,5.000000,5.000000,5.000000;5.000000;5.000000;5.000000;5.000000;5.000000;4.000000;4.000000;4.000000,16,0.787879,1,3.000000;3.000000;2.000000;2.000000;2.000000;2.000000;2.000000;2.000000,0.174889;0.210164;0.059028;0.084381;0.138477;0.037425;0.081837;0.153177,3.000000;3.000000;2.000000;2.000000;2.000000;2.000000;2.000000;2.000000,0,0,0,0,0,0,0,0,0,0,0,0,0,0,0,0,0,0,0,0,0,0,0,0,0,0,0,0,graph_0004__path_life_0.7000,path_life,0.7,graph_0004,epoch_0001
trace,olsr,0.529331,0.529285,1703,2003,105,566,1058,0.172222,0.011253,60.865497,360,62,18,0,0,393,0.246032,566,41876,9.129032,675.419355,0.700000,4.666667,5.000000,5.000000,5.000000;5.000000;5.000000;5.000000;5.000000;5.000000;4.000000;4.000000;4.000000,16,0.787879,1,3.000000;3.000000;2.000000;2.000000;2.000000;2.000000;2.000000;2.000000,4.253316;nan;1.234436;nan;4.242899;1.238057;nan;nan,3.000000;3.000000;2.000000;2.000000;2.000000;2.000000;2.000000;2.000000,355,23080,206,18516,0,0,0,0,5,280,0,0,0,0,0,0,0,0,0,0,0,0,0,0,0,0,0,0,graph_0004__path_life_0.7000,path_life,0.7,graph_0004,epoch_0003
trace,aodv,0.633712,0.633664,2729,3223,105,1259,1979,0.138889,0.008569,66.552998,360,50,27,57,0,677,0.198413,1259,60216,25.180000,1204.320000,0.700000,4.666667,5.000000,5.000000,5.000000;5.000000;5.000000;5.000000;5.000000;5.000000;4.000000;4.000000;4.000000,16,0.787879,1,3.000000;3.000000;2.000000;2.000000;2.000000;2.000000;2.000000;2.000000,nan;nan;nan;nan;nan;1.347431;nan;nan,3.000000;3.000000;2.000000;2.000000;2.000000;2.000000;2.000000;2.000000,0,0,0,0,0,0,0,0,0,0,749,35952,172,8944,200,9600,117,5064,20,600,1,56,0,0,0,0,0,0,graph_0004__path_life_0.7000,path_life,0.7,graph_0004,epoch_0003
trace,static,0.389019,0.388979,1465,1331,105,0,0,0.627778,0.031521,73.866331,360,226,0,0,0,225,0.896825,0,0,0.000000,0.000000,0.700000,4.666667,5.000000,5.000000,5.000000;5.000000;5.000000;5.000000;5.000000;5.000000;4.000000;4.000000;4.000000,16,0.787879,1,3.000000;3.000000;2.000000;2.000000;2.000000;2.000000;2.000000;2.000000,0.169669;0.208910;0.058948;0.084381;0.138477;0.037425;0.081837;0.153177,3.000000;3.000000;2.000000;2.000000;2.000000;2.000000;2.000000;2.000000,0,0,0,0,0,0,0,0,0,0,0,0,0,0,0,0,0,0,0,0,0,0,0,0,0,0,0,0,graph_0004__path_life_0.7000,path_life,0.7,graph_0004,epoch_0003
trace,olsr,0.445933,0.445521,1414,1761,105,561,1070,0.208333,0.010462,64.145375,360,75,1,0,0,344,0.297619,561,41696,7.480000,555.946667,0.700000,4.666667,5.000000,5.000000,5.000000;5.000000;5.000000;5.000000;5.000000;5.000000;4.000000;4.000000;4.000000,16,0.787879,1,3.000000;3.000000;2.000000;2.000000;2.000000;2.000000;2.000000;2.000000,4.254976;3.143244;2.660417;nan;nan;nan;nan;1.307911,3.000000;3.000000;2.000000;2.000000;2.000000;2.000000;2.000000;2.000000,355,23148,206,18548,0,0,0,0,0,0,0,0,0,0,0,0,0,0,0,0,0,0,0,0,0,0,0,0,graph_0004__path_life_0.7000,path_life,0.7,graph_0004,epoch_0004
trace,aodv,0.734507,0.733695,3054,3442,105,1313,1988,0.141667,0.008712,63.332267,360,51,22,0,0,925,0.202381,1313,62670,25.745098,1228.823529,0.700000,4.666667,5.000000,5.000000,5.000000;5.000000;5.000000;5.000000;5.000000;5.000000;4.000000;4.000000;4.000000,16,0.787879,1,3.000000;3.000000;2.000000;2.000000;2.000000;2.000000;2.000000;2.000000,nan;nan;nan;nan;nan;2.015082;nan;nan,3.000000;3.000000;2.000000;2.000000;2.000000;2.000000;2.000000;2.000000,0,0,0,0,0,0,0,0,0,0,747,35856,175,9100,234,11232,136,5800,19,570,2,112,0,0,0,0,0,0,graph_0004__path_life_0.7000,path_life,0.7,graph_0004,epoch_0004
trace,static,0.387119,0.386694,1465,1331,105,0,0,0.627778,0.031526,73.866283,360,226,0,0,0,227,0.896825,0,0,0.000000,0.000000,0.700000,4.666667,5.000000,5.000000,5.000000;5.000000;5.000000;5.000000;5.000000;5.000000;4.000000;4.000000;4.000000,16,0.787879,1,3.000000;3.000000;2.000000;2.000000;2.000000;2.000000;2.000000;2.000000,0.161809;0.208570;0.057888;0.084381;0.138477;0.037425;0.081837;0.153177,3.000000;3.000000;2.000000;2.000000;2.000000;2.000000;2.000000;2.000000,0,0,0,0,0,0,0,0,0,0,0,0,0,0,0,0,0,0,0,0,0,0,0,0,0,0,0,0,graph_0004__path_life_0.7000,path_life,0.7,graph_0004,epoch_0004
trace,olsr,0.521365,0.521328,1585,1864,105,566,1068,0.241667,0.012890,70.887483,360,87,17,0,0,491,0.345238,566,41952,6.505747,482.206897,0.700000,4.666667,5.000000,5.000000,5.000000;5.000000;5.000000;5.000000;5.000000;5.000000;4.000000;4.000000;4.000000,16,0.787879,1,3.000000;3.000000;2.000000;2.000000;2.000000;2.000000;2.000000;2.000000,4.256360;nan;1.244180;nan;4.395444;1.229897;3.213145;nan,3.000000;3.000000;2.000000;2.000000;2.000000;2.000000;2.000000;2.000000,355,23176,211,18776,0,0,0,0,0,0,0,0,0,0,0,0,0,0,0,0,0,0,0,0,0,0,0,0,graph_0004__path_life_0.7000,path_life,0.7,graph_0004,epoch_0005
trace,aodv,0.589643,0.589603,2646,3123,105,1221,1940,0.075000,0.057178,47.584687,360,27,18,56,0,640,0.107143,1221,58566,45.222222,2169.111111,0.700000,4.666667,5.000000,5.000000,5.000000;5.000000;5.000000;5.000000;5.000000;5.000000;4.000000;4.000000;4.000000,16,0.787879,1,3.000000;3.000000;2.000000;2.000000;2.000000;2.000000;2.000000;2.000000,nan;nan;nan;nan;nan;nan;nan;nan,3.000000;3.000000;2.000000;2.000000;2.000000;2.000000;2.000000;2.000000,0,0,0,0,0,0,0,0,0,0,743,35664,175,9100,186,8928,106,4544,11,330,0,0,0,0,0,0,0,0,graph_0004__path_life_0.7000,path_life,0.7,graph_0004,epoch_0005
trace,static,0.382359,0.382320,1465,1331,105,0,0,0.627778,0.031522,73.866274,360,226,0,0,0,226,0.896825,0,0,0.000000,0.000000,0.700000,4.666667,5.000000,5.000000,5.000000;5.000000;5.000000;5.000000;5.000000;5.000000;4.000000;4.000000;4.000000,16,0.787879,1,3.000000;3.000000;2.000000;2.000000;2.000000;2.000000;2.000000;2.000000,0.165269;0.208244;0.058168;0.084381;0.138477;0.037425;0.081837;0.153177,3.000000;3.000000;2.000000;2.000000;2.000000;2.000000;2.000000;2.000000,0,0,0,0,0,0,0,0,0,0,0,0,0,0,0,0,0,0,0,0,0,0,0,0,0,0,0,0,graph_0004__path_life_0.7000,path_life,0.7,graph_0004,epoch_0005
trace,olsr,0.476731,0.476701,1519,1845,105,566,1079,0.238889,0.011994,65.377836,360,86,29,0,0,469,0.341270,566,41760,6.581395,485.581395,0.700000,4.666667,5.000000,5.000000,5.000000;5.000000;5.000000;5.000000;5.000000;5.000000;4.000000;4.000000;4.000000,16,0.787879,1,3.000000;3.000000;2.000000;2.000000;2.000000;2.000000;2.000000;2.000000,4.264154;3.293584;1.213849;nan;nan;nan;3.229451;1.238635,3.000000;3.000000;2.000000;2.000000;2.000000;2.000000;2.000000;2.000000,353,23076,213,18684,0,0,0,0,0,0,0,0,0,0,0,0,0,0,0,0,0,0,0,0,0,0,0,0,graph_0004__path_life_0.7000,path_life,0.7,graph_0004,epoch_0002
trace,aodv,0.714264,0.714172,3008,3385,105,1274,1948,0.116667,0.007323,67.797657,360,42,21,0,0,946,0.166667,1274,60956,30.333333,1451.333333,0.700000,4.666667,5.000000,5.000000,5.000000;5.000000;5.000000;5.000000;5.000000;5.000000;4.000000;4.000000;4.000000,16,0.787879,1,3.000000;3.000000;2.000000;2.000000;2.000000;2.000000;2.000000;2.000000,nan;nan;nan;nan;nan;2.013009;nan;nan,3.000000;3.000000;2.000000;2.000000;2.000000;2.000000;2.000000;2.000000,0,0,0,0,0,0,0,0,0,0,742,35616,181,9412,206,9888,128,5504,16,480,1,56,0,0,0,0,0,0,graph_0004__path_life_0.7000,path_life,0.7,graph_0004,epoch_0002
trace,static,0.380079,0.380038,1465,1331,105,0,0,0.627778,0.031520,73.866289,360,226,0,0,0,224,0.896825,0,0,0.000000,0.000000,0.700000,4.666667,5.000000,5.000000,5.000000;5.000000;5.000000;5.000000;5.000000;5.000000;4.000000;4.000000;4.000000,16,0.787879,1,3.000000;3.000000;2.000000;2.000000;2.000000;2.000000;2.000000;2.000000,0.167289;0.208644;0.057928;0.084381;0.138477;0.037425;0.081837;0.153177,3.000000;3.000000;2.000000;2.000000;2.000000;2.000000;2.000000;2.000000,0,0,0,0,0,0,0,0,0,0,0,0,0,0,0,0,0,0,0,0,0,0,0,0,0,0,0,0,graph_0004__path_life_0.7000,path_life,0.7,graph_0004,epoch_0002
