scenario,protocol,wall_time_s,cpu_time_s,ip_tx_cb_calls,ip_rx_cb_calls,frame_apply_calls,routing_tx,routing_rx,pdr,goodput_mbps,eed_mean_s,app_tx_pkts,app_rx_pkts,ip_drop_no_route,ip_drop_route_err,phy_tx_drop,phy_rx_drop,routing_efficiency,control_packets,control_bytes,control_packets_per_delivered,control_bytes_per_delivered,oracle_uptime_ratio,oracle_mean_up_run_s,oracle_median_up_run_s,oracle_p90_up_run_s,oracle_up_runs_s,oracle_transition_count,oracle_path_identity_retention,oracle_has_alternative_paths,oracle_outage_durations_s,reestablishment_times_s,reestablishment_outage_durations_s,olsr_hello_packets,olsr_hello_bytes,olsr_tc_packets,olsr_tc_bytes,olsr_mid_packets,olsr_mid_bytes,olsr_hna_packets,olsr_hna_bytes,olsr_other_packets,olsr_other_bytes,aodv_hello_packets,aodv_hello_bytes,aodv_rreq_packets,aodv_rreq_bytes,aodv_rrep_packets,aodv_rrep_bytes,aodv_rerr_packets,aodv_rerr_bytes,aodv_rrep_ack_packets,aodv_rrep_ack_bytes,aodv_other_packets,aodv_other_bytes,dsdv_update_packets,dsdv_update_bytes,dsdv_other_packets,dsdv_other_bytes,static_other_packets,static_other_bytes,label,param_name,param_value,realization_id,replay_epoch
trace,olsr,0.391667,0.391601,1359,1529,105,617,943,0.208333,0.010485,62.593827,360,75,55,0,0,430,0.416667,617,44704,8.226667,596.053333,0.500000,2.307692,2.000000,3.000000,3.000000;3.000000;3.000000;3.000000;2.000000;2.000000;2.000000;2.000000;2.000000;2.000000;2.000000;2.000000;2.000000,24,0.882353,1,3.000000;3.000000;3.000000;3.000000;3.000000;3.000000;2.000000;2.000000;2.000000;2.000000;2.000000;2.000000,0.163173;2.220583;2.426429;nan;nan;nan;1.604215;nan;nan;1.064389;nan;0.100453,3.000000;3.000000;3.000000;3.000000;3.000000;3.000000;2.000000;2.000000;2.000000;2.000000;2.000000;2.000000,339,20900,278,23804,0,0,0,0,0,0,0,0,0,0,0,0,0,0,0,0,0,0,0,0,0,0,0,0,graph_0002__stability_0.6000,stability,0.6,graph_0002,epoch_0001
trace,aodv,0.592945,0.592878,2525,2840,105,1144,1542,0.661111,0.037993,73.169400,360,238,22,0,0,631,1.322222,1144,54866,4.806723,230.529412,0.500000,2.307692,2.000000,3.000000,3.000000;3.000000;3.000000;3.000000;2.000000;2.000000;2.000000;2.000000;2.000000;2.000000;2.000000;2.000000;2.000000,24,0.882353,1,3.000000;3.000000;3.000000;3.000000;3.000000;3.000000;2.000000;2.000000;2.000000;2.000000;2.000000;2.000000,0.163173;1.049624;0.123493;0.021733;0.458421;0.541641;0.111973;1.697943;0.140133;0.072293;nan;nan,3.000000;3.000000;3.000000;3.000000;3.000000;3.000000;2.000000;2.000000;2.000000;2.000000;2.000000;2.000000,0,0,0,0,0,0,0,0,0,0,754,36192,160,8320,135,6480,80,3424,15,450,0,0,0,0,0,0,0,0,graph_0002__stability_0.6000,stability,0.6,graph_0002,epoch_0001
trace,static,0.192035,0.192005,834,630,105,0,0,0.433333,0.021871,73.031001,360,156,0,0,0,127,0.866667,0,0,0.000000,0.000000,0.500000,2.307692,2.000000,3.000000,3.000000;3.000000;3.000000;3.000000;2.000000;2.000000;2.000000;2.000000;2.000000;2.000000;2.000000;2.000000;2.000000,24,0.882353,1,3.000000;3.000000;3.000000;3.000000;3.000000;3.000000;2.000000;2.000000;2.000000;2.000000;2.000000;2.000000,0.172149;0.126168;0.132469;0.030709;0.109749;0.024969;0.120989;0.053189;0.149109;0.081269;0.013429;0.109429,3.000000;3.000000;3.000000;3.000000;3.000000;3.000000;2.000000;2.000000;2.000000;2.000000;2.000000;2.000000,0,0,0,0,0,0,0,0,0,0,0,0,0,0,0,0,0,0,0,0,0,0,0,0,0,0,0,0,graph_0002__stability_0.6000,stability,0.6,graph_0002,epoch_0001
trace,olsr,0.473532,0.473464,1639,1782,105,625,959,0.366667,0.018401,73.587285,360,132,34,0,0,443,0.733333,625,45960,4.734848,348.181818,0.500000,2.307692,2.000000,3.000000,3.000000;3.000000;3.000000;3.000000;2.000000;2.000000;2.000000;2.000000;2.000000;2.000000;2.000000;2.000000;2.000000,24,0.882353,1,3.000000;3.000000;3.000000;3.000000;3.000000;3.000000;2.000000;2.000000;2.000000;2.000000;2.000000;2.000000,0.163173;2.220103;1.279079;nan;nan;1.344375;0.111973;0.044133;0.312679;0.253539;0.004453;0.273269,3.000000;3.000000;3.000000;3.000000;3.000000;3.000000;2.000000;2.000000;2.000000;2.000000;2.000000;2.000000,340,21120,285,24840,0,0,0,0,0,0,0,0,0,0,0,0,0,0,0,0,0,0,0,0,0,0,0,0,graph_0002__stability_0.6000,stability,0.6,graph_0002,epoch_0003
trace,aodv,0.596515,0.596446,2547,2906,105,1140,1560,0.727778,0.041826,72.199555,360,262,20,0,0,544,1.455556,1140,54650,4.351145,208.587786,0.500000,2.307692,2.000000,3.000000,3.000000;3.000000;3.000000;3.000000;2.000000;2.000000;2.000000;2.000000;2.000000;2.000000;2.000000;2.000000;2.000000,24,0.882353,1,3.000000;3.000000;3.000000;3.000000;3.000000;3.000000;2.000000;2.000000;2.000000;2.000000;2.000000;2.000000,0.021895;0.419736;1.623400;0.021733;0.439748;0.542441;0.111973;1.707433;0.140133;0.072293;nan;nan,3.000000;3.000000;3.000000;3.000000;3.000000;3.000000;2.000000;2.000000;2.000000;2.000000;2.000000;2.000000,0,0,0,0,0,0,0,0,0,0,753,36144,166,8632,123,5904,83,3520,15,450,0,0,0,0,0,0,0,0,graph_0002__stability_0.6000,stability,0.6,graph_0002,epoch_0003
trace,static,0.190758,0.190741,835,631,105,0,0,0.433333,0.021869,73.030936,360,156,0,0,0,130,0.866667,0,0,0.000000,0.000000,0.500000,2.307692,2.000000,3.000000,3.000000;3.000000;3.000000;3.000000;2.000000;2.000000;2.000000;2.000000;2.000000;2.000000;2.000000;2.000000;2.000000,24,0.882353,1,3.000000;3.000000;3.000000;3.000000;3.000000;3.000000;2.000000;2.000000;2.000000;2.000000;2.000000;2.000000,0.172149;0.121454;0.132469;0.030709;0.109749;0.024969;0.120989;0.053189;0.149109;0.081269;0.013429;0.109429,3.000000;3.000000;3.000000;3.000000;3.000000;3.000000;2.000000;2.000000;2.000000;2.000000;2.000000;2.000000,0,0,0,0,0,0,0,0,0,0,0,0,0,0,0,0,0,0,0,0,0,0,0,0,0,0,0,0,graph_0002__stability_0.6000,stability,0.6,graph_0002,epoch_0003
trace,olsr,0.440049,0.439962,1533,1694,105,618,951,0.333333,0.016730,68.626046,360,120,40,0,0,429,0.666667,618,45596,5.150000,379.966667,0.500000,2.307692,2.000000,3.000000,3.000000;3.000000;3.000000;3.000000;2.000000;2.000000;2.000000;2.000000;2.000000;2.000000;2.000000;2.000000;2.000000,24,0.882353,1,3.000000;3.000000;3.000000;3.000000;3.000000;3.000000;2.000000;2.000000;2.000000;2.000000;2.000000;2.000000,0.163173;2.218783;0.123493;nan;nan;1.344375;nan;0.624114;1.287013;0.256299;0.004453;0.273269,3.000000;3.000000;3.000000;3.000000;3.000000;3.000000;2.000000;2.000000;2.000000;2.000000;2.000000;2.000000,340,20920,278,24676,0,0,0,0,0,0,0,0,0,0,0,0,0,0,0,0,0,0,0,0,0,0,0,0,graph_0002__stability_0.6000,stability,0.6,graph_0002,epoch_0004
trace,aodv,0.598030,0.597995,2584,2912,105,1175,1581,0.663889,0.038145,73.438997,360,239,26,0,0,592,1.327778,1175,56330,4.916318,235.690377,0.500000,2.307692,2.000000,3.000000,3.000000;3.000000;3.000000;3.000000;2.000000;2.000000;2.000000;2.000000;2.000000;2.000000;2.000000;2.000000;2.000000,24,0.882353,1,3.000000;3.000000;3.000000;3.000000;3.000000;3.000000;2.000000;2.000000;2.000000;2.000000;2.000000;2.000000,0.030174;0.738674;1.781743;0.021733;0.443048;0.539021;0.111973;1.706748;0.140133;0.072293;nan;nan,3.000000;3.000000;3.000000;3.000000;3.000000;3.000000;2.000000;2.000000;2.000000;2.000000;2.000000;2.000000,0,0,0,0,0,0,0,0,0,0,746,35808,177,9204,145,6960,90,3848,17,510,0,0,0,0,0,0,0,0,graph_0002__stability_0.6000,stability,0.6,graph_0002,epoch_0004
trace,static,0.192922,0.192910,836,632,105,0,0,0.433333,0.021871,73.030976,360,156,0,0,0,130,0.866667,0,0,0.000000,0.000000,0.500000,2.307692,2.000000,3.000000,3.000000;3.000000;3.000000;3.000000;2.000000;2.000000;2.000000;2.000000;2.000000;2.000000;2.000000;2.000000;2.000000,24,0.882353,1,3.000000;3.000000;3.000000;3.000000;3.000000;3.000000;2.000000;2.000000;2.000000;2.000000;2.000000;2.000000,0.172149;0.121534;0.132469;0.030709;0.109749;0.024969;0.120989;0.053189;0.149109;0.081269;0.013429;0.109429,3.000000;3.000000;3.000000;3.000000;3.000000;3.000000;2.000000;2.000000;2.000000;2.000000;2.000000;2.000000,0,0,0,0,0,0,0,0,0,0,0,0,0,0,0,0,0,0,0,0,0,0,0,0,0,0,0,0,graph_0002__stability_0.6000,stability,0.6,graph_0002,epoch_0004
trace,olsr,0.568472,0.567751,2046,2211,105,629,959,0.358333,0.017987,73.761047,360,129,26,0,0,431,0.716667,629,45656,4.875969,353.922481,0.500000,2.307692,2.000000,3.000000,3.000000;3.000000;3.000000;3.000000;2.000000;2.000000;2.000000;2.000000;2.000000;2.000000;2.000000;2.000000;2.000000,24,0.882353,1,3.000000;3.000000;3.000000;3.000000;3.000000;3.000000;2.000000;2.000000;2.000000;2.000000;2.000000;2.000000,0.163173;2.220303;nan;nan;nan;0.015973;0.293765;0.044133;nan;0.267551;0.004453;0.273269,3.000000;3.000000;3.000000;3.000000;3.000000;3.000000;2.000000;2.000000;2.000000;2.000000;2.000000;2.000000,340,20976,273,23784,0,0,0,0,16,896,0,0,0,0,0,0,0,0,0,0,0,0,0,0,0,0,0,0,graph_0002__stability_0.6000,stability,0.6,graph_0002,epoch_0005
trace,aodv,0.604860,0.604827,2587,2966,105,1133,1565,0.775000,0.041379,73.593406,360,279,9,0,0,577,1.550000,1133,54326,4.060932,194.716846,0.500000,2.307692,2.000000,3.000000,3.000000;3.000000;3.000000;3.000000;2.000000;2.000000;2.000000;2.000000;2.000000;2.000000;2.000000;2.000000;2.000000,24,0.882353,1,3.000000;3.000000;3.000000;3.000000;3.000000;3.000000;2.000000;2.000000;2.000000;2.000000;2.000000;2.000000,0.163173;0.420516;1.784989;0.021733;0.458081;0.528279;0.111973;1.705903;0.140133;0.072293;1.506942;nan,3.000000;3.000000;3.000000;3.000000;3.000000;3.000000;2.000000;2.000000;2.000000;2.000000;2.000000;2.000000,0,0,0,0,0,0,0,0,0,0,745,35760,166,8632,126,6048,79,3376,17,510,0,0,0,0,0,0,0,0,graph_0002__stability_0.6000,stability,0.6,graph_0002,epoch_0005
trace,static,0.191856,0.191854,836,632,105,0,0,0.433333,0.021874,73.031022,360,156,0,0,0,132,0.866667,0,0,0.000000,0.000000,0.500000,2.307692,2.000000,3.000000,3.000000;3.000000;3.000000;3.000000;2.000000;2.000000;2.000000;2.000000;2.000000;2.000000;2.000000;2.000000;2.000000,24,0.882353,1,3.000000;3.000000;3.000000;3.000000;3.000000;3.000000;2.000000;2.000000;2.000000;2.000000;2.000000;2.000000,0.172149;0.121062;0.132469;0.030709;0.109749;0.024969;0.120989;0.053189;0.149109;0.081269;0.013429;0.109429,3.000000;3.000000;3.000000;3.000000;3.000000;3.000000;2.000000;2.000000;2.000000;2.000000;2.000000;2.000000,0,0,0,0,0,0,0,0,0,0,0,0,0,0,0,0,0,0,0,0,0,0,0,0,0,0,0,0,graph_0002__stability_0.6000,stability,0.6,graph_0002,epoch_0005
trace,olsr,0.431098,0.430977,1550,1702,105,617,957,0.288889,0.014499,69.247372,360,104,48,0,0,429,0.577778,617,45940,5.932692,441.730769,0.500000,2.307692,2.000000,3.000000,3.000000;3.000000;3.000000;3.000000;2.000000;2.000000;2.000000;2.000000;2.000000;2.000000;2.000000;2.000000;2.000000,24,0.882353,1,3.000000;3.000000;3.000000;3.000000;3.000000;3.000000;2.000000;2.000000;2.000000;2.000000;2.000000;2.000000,0.163173;2.218223;1.279079;nan;nan;1.180535;0.111973;nan;nan;0.891493;0.004453;0.273269,3.000000;3.000000;3.000000;3.000000;3.000000;3.000000;2.000000;2.000000;2.000000;2.000000;2.000000;2.000000,338,20912,279,25028,0,0,0,0,0,0,0,0,0,0,0,0,0,0,0,0,0,0,0,0,0,0,0,0,graph_0002__stability_0.6000,stability,0.6,graph_0002,epoch_0002
trace,aodv,0.586956,0.586904,2552,2867,105,1129,1516,0.725000,0.041664,71.860568,360,261,10,0,0,596,1.450000,1129,54196,4.325670,207.647510,0.500000,2.307692,2.000000,3.000000,3.000000;3.000000;3.000000;3.000000;2.000000;2.000000;2.000000;2.000000;2.000000;2.000000;2.000000;2.000000;2.000000,24,0.882353,1,3.000000;3.000000;3.000000;3.000000;3.000000;3.000000;2.000000;2.000000;2.000000;2.000000;2.000000;2.000000,0.163173;0.417761;1.615444;0.023673;0.464661;0.544008;0.111973;1.725837;0.140133;0.072293;nan;nan,3.000000;3.000000;3.000000;3.000000;3.000000;3.000000;2.000000;2.000000;2.000000;2.000000;2.000000;2.000000,0,0,0,0,0,0,0,0,0,0,750,36000,167,8684,121,5808,75,3224,16,480,0,0,0,0,0,0,0,0,graph_0002__stability_0.6000,stability,0.6,graph_0002,epoch_0002
trace,static,0.188024,0.188008,834,630,105,0,0,0.433333,0.021870,73.030965,360,156,0,0,0,128,0.866667,0,0,0.000000,0.000000,0.500000,2.307692,2.000000,3.000000,3.000000;3.000000;3.000000;3.000000;2.000000;2.000000;2.000000;2.000000;2.000000;2.000000;2.000000;2.000000;2.000000,24,0.882353,1,3.000000;3.000000;3.000000;3.000000;3.000000;3.000000;2.000000;2.000000;2.000000;2.000000;2.000000;2.000000,0.172149;0.121894;0.132469;0.030709;0.109749;0.024969;0.120989;0.053189;0.149109;0.081269;0.013429;0.109429,3.000000;3.000000;3.000000;3.000000;3.000000;3.000000;2.000000;2.000000;2.000000;2.000000;2.000000;2.000000,0,0,0,0,0,0,0,0,0,0,0,0,0,0,0,0,0,0,0,0,0,0,0,0,0,0,0,0,graph_0002__stability_0.6000,stability,0.6,graph_0002,epoch_0002
trace,olsr,0.338801,0.338790,1193,1283,105,554,820,0.213889,0.011371,70.136354,360,77,0,0,0,346,0.427778,554,38276,7.194805,497.090909,0.500000,2.307692,2.000000,3.000000,3.000000;3.000000;3.000000;3.000000;2.000000;2.000000;2.000000;2.000000;2.000000;2.000000;2.000000;2.000000;2.000000,24,nan,0,3.000000;3.000000;3.000000;3.000000;3.000000;3.000000;2.000000;2.000000;2.000000;2.000000;2.000000;2.000000,1.213441;nan;nan;0.021733;nan;0.352709;nan;nan;nan;0.590741;0.004453;nan,3.000000;3.000000;3.000000;3.000000;3.000000;3.000000;2.000000;2.000000;2.000000;2.000000;2.000000;2.000000,353,21792,201,16484,0,0,0,0,0,0,0,0,0,0,0,0,0,0,0,0,0,0,0,0,0,0,0,0,graph_0004__stability_0.6000,stability,0.6,graph_0004,epoch_0001
trace,aodv,0.619134,0.618959,2693,3101,105,1101,1534,0.911111,0.045914,74.983150,360,328,7,0,0,508,1.822222,1101,52840,3.356707,161.097561,0.500000,2.307692,2.000000,3.000000,3.000000;3.000000;3.000000;3.000000;2.000000;2.000000;2.000000;2.000000;2.000000;2.000000;2.000000;2.000000;2.000000,24,nan,0,3.000000;3.000000;3.000000;3.000000;3.000000;3.000000;2.000000;2.000000;2.000000;2.000000;2.000000;2.000000,0.163173;0.583073;0.487324;1.506924;0.448740;0.529604;0.111973;1.544534;1.462020;0.072293;1.497124;0.100453,3.000000;3.000000;3.000000;3.000000;3.000000;3.000000;2.000000;2.000000;2.000000;2.000000;2.000000;2.000000,0,0,0,0,0,0,0,0,0,0,747,35856,164,8528,99,4752,75,3224,16,480,0,0,0,0,0,0,0,0,graph_0004__stability_0.6000,stability,0.6,graph_0004,epoch_0001
trace,static,0.189328,0.189298,848,646,105,0,0,0.438889,0.022031,73.319438,360,158,0,0,0,119,0.877778,0,0,0.000000,0.000000,0.500000,2.307692,2.000000,3.000000,3.000000;3.000000;3.000000;3.000000;2.000000;2.000000;2.000000;2.000000;2.000000;2.000000;2.000000;2.000000;2.000000,24,nan,0,3.000000;3.000000;3.000000;3.000000;3.000000;3.000000;2.000000;2.000000;2.000000;2.000000;2.000000;2.000000,0.235214;0.070389;0.132469;0.030709;0.109749;0.024969;0.120949;0.053269;0.149109;0.081269;0.013429;0.109429,3.000000;3.000000;3.000000;3.000000;3.000000;3.000000;2.000000;2.000000;2.000000;2.000000;2.000000;2.000000,0,0,0,0,0,0,0,0,0,0,0,0,0,0,0,0,0,0,0,0,0,0,0,0,0,0,0,0,graph_0004__stability_0.6000,stability,0.6,graph_0004,epoch_0001
trace,olsr,0.424148,0.424013,1466,1552,105,567,847,0.355556,0.018899,77.330083,360,128,7,0,0,451,0.711111,567,38736,4.429688,302.625000,0.500000,2.307692,2.000000,3.000000,3.000000;3.000000;3.000000;3.000000;2.000000;2.000000;2.000000;2.000000;2.000000;2.000000;2.000000;2.000000;2.000000,24,nan,0,3.000000;3.000000;3.000000;3.000000;3.000000;3.000000;2.000000;2.000000;2.000000;2.000000;2.000000;2.000000,1.482869;nan;2.470068;0.021733;nan;0.015973;nan;0.044133;0.229823;0.072293;0.004453;nan,3.000000;3.000000;3.000000;3.000000;3.000000;3.000000;2.000000;2.000000;2.000000;2.000000;2.000000;2.000000,353,21836,214,16900,0,0,0,0,0,0,0,0,0,0,0,0,0,0,0,0,0,0,0,0,0,0,0,0,graph_0004__stability_0.6000,stability,0.6,graph_0004,epoch_0003
trace,aodv,0.624265,0.624204,2705,3102,105,1112,1535,0.908333,0.045762,74.955796,360,327,7,0,0,517,1.816667,1112,53328,3.400612,163.082569,0.500000,2.307692,2.000000,3.000000,3.000000;3.000000;3.000000;3.000000;2.000000;2.000000;2.000000;2.000000;2.000000;2.000000;2.000000;2.000000;2.000000,24,nan,0,3.000000;3.000000;3.000000;3.000000;3.000000;3.000000;2.000000;2.000000;2.000000;2.000000;2.000000;2.000000,0.163173;0.577300;0.474501;1.513680;0.450012;0.528564;0.111973;1.551028;1.461505;0.072293;1.490375;0.100453,3.000000;3.000000;3.000000;3.000000;3.000000;3.000000;2.000000;2.000000;2.000000;2.000000;2.000000;2.000000,0,0,0,0,0,0,0,0,0,0,745,35760,164,8528,109,5232,78,3328,16,480,0,0,0,0,0,0,0,0,graph_0004__stability_0.6000,stability,0.6,graph_0004,epoch_0003
trace,static,0.191181,0.191169,848,646,105,0,0,0.438889,0.022028,73.319369,360,158,0,0,0,119,0.877778,0,0,0.000000,0.000000,0.500000,2.307692,2.000000,3.000000,3.000000;3.000000;3.000000;3.000000;2.000000;2.000000;2.000000;2.000000;2.000000;2.000000;2.000000;2.000000;2.000000,24,nan,0,3.000000;3.000000;3.000000;3.000000;3.000000;3.000000;2.000000;2.000000;2.000000;2.000000;2.000000;2.000000,0.228688;0.070389;0.132469;0.030709;0.109749;0.024969;0.120949;0.053269;0.149109;0.081269;0.013429;0.109429,3.000000;3.000000;3.000000;3.000000;3.000000;3.000000;2.000000;2.000000;2.000000;2.000000;2.000000;2.000000,0,0,0,0,0,0,0,0,0,0,0,0,0,0,0,0,0,0,0,0,0,0,0,0,0,0,0,0,graph_0004__stability_0.6000,stability,0.6,graph_0004,epoch_0003
trace,olsr,0.398792,0.398755,1328,1361,105,556,821,0.244444,0.012994,70.833009,360,88,6,0,0,452,0.488889,556,38648,6.318182,439.181818,0.500000,2.307692,2.000000,3.000000,3.000000;3.000000;3.000000;3.000000;2.000000;2.000000;2.000000;2.000000;2.000000;2.000000;2.000000;2.000000;2.000000,24,nan,0,3.000000;3.000000;3.000000;3.000000;3.000000;3.000000;2.000000;2.000000;2.000000;2.000000;2.000000;2.000000,1.218317;nan;2.473014;0.021733;nan;0.255689;nan;nan;0.220615;1.383013;0.004453;nan,3.000000;3.000000;3.000000;3.000000;3.000000;3.000000;2.000000;2.000000;2.000000;2.000000;2.000000;2.000000,352,21704,204,16944,0,0,0,0,0,0,0,0,0,0,0,0,0,0,0,0,0,0,0,0,0,0,0,0,graph_0004__stability_0.6000,stability,0.6,graph_0004,epoch_0004
trace,aodv,0.618322,0.618250,2693,3102,105,1100,1539,0.905556,0.045631,74.931514,360,326,4,0,0,516,1.811111,1100,52810,3.374233,161.993865,0.500000,2.307692,2.000000,3.000000,3.000000;3.000000;3.000000;3.000000;2.000000;2.000000;2.000000;2.000000;2.000000;2.000000;2.000000;2.000000;2.000000,24,nan,0,3.000000;3.000000;3.000000;3.000000;3.000000;3.000000;2.000000;2.000000;2.000000;2.000000;2.000000;2.000000,0.163173;0.579684;0.484464;1.517389;0.455772;0.523550;0.111973;1.549748;1.478880;0.072293;1.498070;0.100453,3.000000;3.000000;3.000000;3.000000;3.000000;3.000000;2.000000;2.000000;2.000000;2.000000;2.000000;2.000000,0,0,0,0,0,0,0,0,0,0,748,35904,160,8320,108,5184,69,2952,15,450,0,0,0,0,0,0,0,0,graph_0004__stability_0.6000,stability,0.6,graph_0004,epoch_0004
trace,static,0.188958,0.188940,848,646,105,0,0,0.438889,0.022029,73.319336,360,158,0,0,0,118,0.877778,0,0,0.000000,0.000000,0.500000,2.307692,2.000000,3.000000,3.000000;3.000000;3.000000;3.000000;2.000000;2.000000;2.000000;2.000000;2.000000;2.000000;2.000000;2.000000;2.000000,24,nan,0,3.000000;3.000000;3.000000;3.000000;3.000000;3.000000;2.000000;2.000000;2.000000;2.000000;2.000000;2.000000,0.224134;0.070389;0.132469;0.030709;0.109749;0.024969;0.120949;0.053269;0.149109;0.081269;0.013429;0.109429,3.000000;3.000000;3.000000;3.000000;3.000000;3.000000;2.000000;2.000000;2.000000;2.000000;2.000000;2.000000,0,0,0,0,0,0,0,0,0,0,0,0,0,0,0,0,0,0,0,0,0,0,0,0,0,0,0,0,graph_0004__stability_0.6000,stability,0.6,graph_0004,epoch_0004
trace,olsr,0.355248,0.355228,1226,1302,105,560,822,0.219444,0.011665,69.442970,360,79,0,0,0,387,0.438889,560,38116,7.088608,482.481013,0.500000,2.307692,2.000000,3.000000,3.000000;3.000000;3.000000;3.000000;2.000000;2.000000;2.000000;2.000000;2.000000;2.000000;2.000000;2.000000;2.000000,24,nan,0,3.000000;3.000000;3.000000;3.000000;3.000000;3.000000;2.000000;2.000000;2.000000;2.000000;2.000000;2.000000,1.211307;nan;2.639774;0.021733;nan;0.255369;nan;nan;nan;0.909175;0.004453;nan,3.000000;3.000000;3.000000;3.000000;3.000000;3.000000;2.000000;2.000000;2.000000;2.000000;2.000000;2.000000,351,21624,209,16492,0,0,0,0,0,0,0,0,0,0,0,0,0,0,0,0,0,0,0,0,0,0,0,0,graph_0004__stability_0.6000,stability,0.6,graph_0004,epoch_0005
trace,aodv,0.617473,0.617416,2705,3117,105,1107,1543,0.913889,0.046047,75.064947,360,329,7,0,0,464,1.827778,1107,53092,3.364742,161.373860,0.500000,2.307692,2.000000,3.000000,3.000000;3.000000;3.000000;3.000000;2.000000;2.000000;2.000000;2.000000;2.000000;2.000000;2.000000;2.000000;2.000000,24,nan,0,3.000000;3.000000;3.000000;3.000000;3.000000;3.000000;2.000000;2.000000;2.000000;2.000000;2.000000;2.000000,0.163173;0.569683;0.476868;1.521305;0.450025;0.525914;0.111973;1.547453;1.472265;0.072293;1.495144;0.100453,3.000000;3.000000;3.000000;3.000000;3.000000;3.000000;2.000000;2.000000;2.000000;2.000000;2.000000;2.000000,0,0,0,0,0,0,0,0,0,0,748,35904,165,8580,101,4848,77,3280,16,480,0,0,0,0,0,0,0,0,graph_0004__stability_0.6000,stability,0.6,graph_0004,epoch_0005
trace,static,0.191248,0.191229,848,646,105,0,0,0.438889,0.022028,73.319305,360,158,0,0,0,120,0.877778,0,0,0.000000,0.000000,0.500000,2.307692,2.000000,3.000000,3.000000;3.000000;3.000000;3.000000;2.000000;2.000000;2.000000;2.000000;2.000000;2.000000;2.000000;2.000000;2.000000,24,nan,0,3.000000;3.000000;3.000000;3.000000;3.000000;3.000000;2.000000;2.000000;2.000000;2.000000;2.000000;2.000000,0.220874;0.070389;0.132469;0.030709;0.109749;0.024969;0.120949;0.053269;0.149109;0.081269;0.013429;0.109429,3.000000;3.000000;3.000000;3.000000;3.000000;3.000000;2.000000;2.000000;2.000000;2.000000;2.000000;2.000000,0,0,0,0,0,0,0,0,0,0,0,0,0,0,0,0,0,0,0,0,0,0,0,0,0,0,0,0,graph_0004__stability_0.6000,stability,0.6,graph_0004,epoch_0005
trace,olsr,0.306694,0.306587,1084,1201,105,559,830,0.163889,0.008710,70.409887,360,59,8,0,0,319,0.327778,559,38748,9.474576,656.745763,0.500000,2.307692,2.000000,3.000000,3.000000;3.000000;3.000000;3.000000;2.000000;2.000000;2.000000;2.000000;2.000000;2.000000;2.000000;2.000000;2.000000,24,nan,0,3.000000;3.000000;3.000000;3.000000;3.000000;3.000000;2.000000;2.000000;2.000000;2.000000;2.000000;2.000000,1.212681;nan;nan;nan;nan;nan;nan;nan;0.259873;1.546853;0.004453;nan,3.000000;3.000000;3.000000;3.000000;3.000000;3.000000;2.000000;2.000000;2.000000;2.000000;2.000000;2.000000,352,21708,207,17040,0,0,0,0,0,0,0,0,0,0,0,0,0,0,0,0,0,0,0,0,0,0,0,0,graph_0004__stability_0.6000,stability,0.6,graph_0004,epoch_0002
trace,aodv,0.606737,0.606689,2677,3055,105,1098,1508,0.888889,0.045549,75.583816,360,320,8,0,0,483,1.777778,1098,52622,3.431250,164.443750,0.500000,2.307692,2.000000,3.000000,3.000000;3.000000;3.000000;3.000000;2.000000;2.000000;2.000000;2.000000;2.000000;2.000000;2.000000;2.000000;2.000000,24,nan,0,3.000000;3.000000;3.000000;3.000000;3.000000;3.000000;2.000000;2.000000;2.000000;2.000000;2.000000;2.000000,0.163173;0.570804;0.476101;1.512229;0.441112;0.525924;0.111973;1.552428;1.468725;0.072293;1.505294;0.100453,3.000000;3.000000;3.000000;3.000000;3.000000;3.000000;2.000000;2.000000;2.000000;2.000000;2.000000;2.000000,0,0,0,0,0,0,0,0,0,0,748,35904,155,8060,102,4896,78,3312,15,450,0,0,0,0,0,0,0,0,graph_0004__stability_0.6000,stability,0.6,graph_0004,epoch_0002
trace,static,0.188821,0.188796,848,646,105,0,0,0.438889,0.022025,73.319325,360,158,0,0,0,117,0.877778,0,0,0.000000,0.000000,0.500000,2.307692,2.000000,3.000000,3.000000;3.000000;3.000000;3.000000;2.000000;2.000000;2.000000;2.000000;2.000000;2.000000;2.000000;2.000000;2.000000,24,nan,0,3.000000;3.000000;3.000000;3.000000;3.000000;3.000000;2.000000;2.000000;2.000000;2.000000;2.000000;2.000000,0.232934;0.070389;0.132469;0.030709;0.109749;0.024969;0.120949;0.053269;0.149109;0.081269;0.013429;0.109429,3.000000;3.000000;3.000000;3.000000;3.000000;3.000000;2.000000;2.000000;2.000000;2.000000;2.000000;2.000000,0,0,0,0,0,0,0,0,0,0,0,0,0,0,0,0,0,0,0,0,0,0,0,0,0,0,0,0,graph_0004__stability_0.6000,stability,0.6,graph_0004,epoch_0002
trace,olsr,0.513649,0.513151,1800,2148,105,714,1239,0.505556,0.025446,72.344674,360,182,1,0,0,499,1.011111,714,59068,3.923077,324.549451,0.500000,2.307692,2.000000,3.000000,3.000000;3.000000;3.000000;3.000000;2.000000;2.000000;2.000000;2.000000;2.000000;2.000000;2.000000;2.000000;2.000000,24,0.882353,1,3.000000;3.000000;3.000000;3.000000;3.000000;3.000000;2.000000;2.000000;2.000000;2.000000;2.000000;2.000000,0.163173;0.061413;1.434213;0.358589;nan;0.015973;0.284789;0.044133;0.224193;0.072293;nan;0.273269,3.000000;3.000000;3.000000;3.000000;3.000000;3.000000;2.000000;2.000000;2.000000;2.000000;2.000000;2.000000,316,20328,398,38740,0,0,0,0,0,0,0,0,0,0,0,0,0,0,0,0,0,0,0,0,0,0,0,0,graph_0005__stability_0.6000,stability,0.6,graph_0005,epoch_0001
trace,aodv,0.596866,0.596092,2513,3032,105,1122,1738,0.675000,0.036031,74.804561,360,243,1,0,0,554,1.350000,1122,53950,4.617284,222.016461,0.500000,2.307692,2.000000,3.000000,3.000000;3.000000;3.000000;3.000000;2.000000;2.000000;2.000000;2.000000;2.000000;2.000000;2.000000;2.000000;2.000000,24,0.882353,1,3.000000;3.000000;3.000000;3.000000;3.000000;3.000000;2.000000;2.000000;2.000000;2.000000;2.000000;2.000000,1.046425;0.419388;0.123493;0.535974;1.605936;0.545260;0.111973;0.222105;0.140133;1.724792;1.509880;nan,3.000000;3.000000;3.000000;3.000000;3.000000;3.000000;2.000000;2.000000;2.000000;2.000000;2.000000;2.000000,0,0,0,0,0,0,0,0,0,0,753,36144,159,8268,128,6144,67,2944,15,450,0,0,0,0,0,0,0,0,graph_0005__stability_0.6000,stability,0.6,graph_0005,epoch_0001
trace,static,0.194299,0.194166,850,648,105,0,0,0.438889,0.022029,73.420995,360,158,0,0,0,127,0.877778,0,0,0.000000,0.000000,0.500000,2.307692,2.000000,3.000000,3.000000;3.000000;3.000000;3.000000;2.000000;2.000000;2.000000;2.000000;2.000000;2.000000;2.000000;2.000000;2.000000,24,0.882353,1,3.000000;3.000000;3.000000;3.000000;3.000000;3.000000;2.000000;2.000000;2.000000;2.000000;2.000000;2.000000,0.172149;0.070389;0.191074;0.030729;0.109749;0.015973;0.120989;0.053269;0.149109;0.081269;0.013429;0.109429,3.000000;3.000000;3.000000;3.000000;3.000000;3.000000;2.000000;2.000000;2.000000;2.000000;2.000000;2.000000,0,0,0,0,0,0,0,0,0,0,0,0,0,0,0,0,0,0,0,0,0,0,0,0,0,0,0,0,graph_0005__stability_0.6000,stability,0.6,graph_0005,epoch_0001
trace,olsr,0.439377,0.439365,1547,1855,105,708,1212,0.272222,0.013700,77.431351,360,98,28,0,0,424,0.544444,708,57932,7.224490,591.142857,0.500000,2.307692,2.000000,3.000000,3.000000;3.000000;3.000000;3.000000;2.000000;2.000000;2.000000;2.000000;2.000000;2.000000;2.000000;2.000000;2.000000,24,0.882353,1,3.000000;3.000000;3.000000;3.000000;3.000000;3.000000;2.000000;2.000000;2.000000;2.000000;2.000000;2.000000,nan;1.235221;1.598053;0.021733;0.100773;nan;nan;nan;0.140133;nan;0.004453;0.273269,3.000000;3.000000;3.000000;3.000000;3.000000;3.000000;2.000000;2.000000;2.000000;2.000000;2.000000;2.000000,313,20096,393,37724,0,0,0,0,2,112,0,0,0,0,0,0,0,0,0,0,0,0,0,0,0,0,0,0,graph_0005__stability_0.6000,stability,0.6,graph_0005,epoch_0003
trace,aodv,0.564313,0.564284,2469,2956,105,1141,1741,0.619444,0.033058,74.487234,360,223,5,0,0,584,1.238889,1141,54850,5.116592,245.964126,0.500000,2.307692,2.000000,3.000000,3.000000;3.000000;3.000000;3.000000;2.000000;2.000000;2.000000;2.000000;2.000000;2.000000;2.000000;2.000000;2.000000,24,0.882353,1,3.000000;3.000000;3.000000;3.000000;3.000000;3.000000;2.000000;2.000000;2.000000;2.000000;2.000000;2.000000,1.015840;0.418049;0.123493;0.534595;0.100773;1.171354;0.111973;0.044133;0.140133;1.732734;1.515388;nan,3.000000;3.000000;3.000000;3.000000;3.000000;3.000000;2.000000;2.000000;2.000000;2.000000;2.000000;2.000000,0,0,0,0,0,0,0,0,0,0,753,36144,167,8684,138,6624,66,2888,17,510,0,0,0,0,0,0,0,0,graph_0005__stability_0.6000,stability,0.6,graph_0005,epoch_0003
trace,static,0.191067,0.191053,850,648,105,0,0,0.438889,0.022027,73.420986,360,158,0,0,0,126,0.877778,0,0,0.000000,0.000000,0.500000,2.307692,2.000000,3.000000,3.000000;3.000000;3.000000;3.000000;2.000000;2.000000;2.000000;2.000000;2.000000;2.000000;2.000000;2.000000;2.000000,24,0.882353,1,3.000000;3.000000;3.000000;3.000000;3.000000;3.000000;2.000000;2.000000;2.000000;2.000000;2.000000;2.000000,0.172149;0.070389;0.195914;0.030729;0.109749;0.015973;0.120989;0.053269;0.149109;0.081269;0.013429;0.109429,3.000000;3.000000;3.000000;3.000000;3.000000;3.000000;2.000000;2.000000;2.000000;2.000000;2.000000;2.000000,0,0,0,0,0,0,0,0,0,0,0,0,0,0,0,0,0,0,0,0,0,0,0,0,0,0,0,0,graph_0005__stability_0.6000,stability,0.6,graph_0005,epoch_0003
trace,olsr,0.469076,0.468945,1680,2020,105,710,1221,0.400000,0.020186,67.825260,360,144,8,0,0,421,0.800000,710,58752,4.930556,408.000000,0.500000,2.307692,2.000000,3.000000,3.000000;3.000000;3.000000;3.000000;2.000000;2.000000;2.000000;2.000000;2.000000;2.000000;2.000000;2.000000;2.000000,24,0.882353,1,3.000000;3.000000;3.000000;3.000000;3.000000;3.000000;2.000000;2.000000;2.000000;2.000000;2.000000;2.000000,0.163173;0.061413;1.288325;0.021733;0.100773;nan;nan;nan;0.861277;0.072293;nan;0.273269,3.000000;3.000000;3.000000;3.000000;3.000000;3.000000;2.000000;2.000000;2.000000;2.000000;2.000000;2.000000,317,20348,391,38292,0,0,0,0,2,112,0,0,0,0,0,0,0,0,0,0,0,0,0,0,0,0,0,0,graph_0005__stability_0.6000,stability,0.6,graph_0005,epoch_0004
trace,aodv,0.604850,0.604805,2609,3159,105,1136,1745,0.769444,0.041069,71.915250,360,277,5,0,0,638,1.538889,1136,54518,4.101083,196.815884,0.500000,2.307692,2.000000,3.000000,3.000000;3.000000;3.000000;3.000000;2.000000;2.000000;2.000000;2.000000;2.000000;2.000000;2.000000;2.000000;2.000000,24,0.882353,1,3.000000;3.000000;3.000000;3.000000;3.000000;3.000000;2.000000;2.000000;2.000000;2.000000;2.000000;2.000000,0.508908;0.419184;0.123493;0.527378;0.100773;0.542088;0.111973;0.044133;0.140133;nan;1.501340;nan,3.000000;3.000000;3.000000;3.000000;3.000000;3.000000;2.000000;2.000000;2.000000;2.000000;2.000000;2.000000,0,0,0,0,0,0,0,0,0,0,754,36192,162,8424,129,6192,74,3200,17,510,0,0,0,0,0,0,0,0,graph_0005__stability_0.6000,stability,0.6,graph_0005,epoch_0004
trace,static,0.190816,0.190793,850,648,105,0,0,0.438889,0.022025,73.420974,360,158,0,0,0,125,0.877778,0,0,0.000000,0.000000,0.500000,2.307692,2.000000,3.000000,3.000000;3.000000;3.000000;3.000000;2.000000;2.000000;2.000000;2.000000;2.000000;2.000000;2.000000;2.000000;2.000000,24,0.882353,1,3.000000;3.000000;3.000000;3.000000;3.000000;3.000000;2.000000;2.000000;2.000000;2.000000;2.000000;2.000000,0.172149;0.070389;0.197514;0.030729;0.109749;0.015973;0.120989;0.053269;0.149109;0.081269;0.013429;0.109429,3.000000;3.000000;3.000000;3.000000;3.000000;3.000000;2.000000;2.000000;2.000000;2.000000;2.000000;2.000000,0,0,0,0,0,0,0,0,0,0,0,0,0,0,0,0,0,0,0,0,0,0,0,0,0,0,0,0,graph_0005__stability_0.6000,stability,0.6,graph_0005,epoch_0004
trace,olsr,0.790937,0.790750,2941,3277,105,726,1226,0.233333,0.011776,68.535614,360,84,10,0,0,371,0.466667,726,59820,8.642857,712.142857,0.500000,2.307692,2.000000,3.000000,3.000000;3.000000;3.000000;3.000000;2.000000;2.000000;2.000000;2.000000;2.000000;2.000000;2.000000;2.000000;2.000000,24,0.882353,1,3.000000;3.000000;3.000000;3.000000;3.000000;3.000000;2.000000;2.000000;2.000000;2.000000;2.000000;2.000000,0.163173;1.381309;2.425959;0.021733;0.100773;nan;nan;nan;nan;0.891493;nan;0.273269,3.000000;3.000000;3.000000;3.000000;3.000000;3.000000;2.000000;2.000000;2.000000;2.000000;2.000000;2.000000,310,20044,384,37984,0,0,0,0,32,1792,0,0,0,0,0,0,0,0,0,0,0,0,0,0,0,0,0,0,graph_0005__stability_0.6000,stability,0.6,graph_0005,epoch_0005
trace,aodv,0.576169,0.576119,2459,2934,105,1135,1724,0.613889,0.032768,74.396177,360,221,6,0,0,558,1.227778,1135,54502,5.135747,246.615385,0.500000,2.307692,2.000000,3.000000,3.000000;3.000000;3.000000;3.000000;2.000000;2.000000;2.000000;2.000000;2.000000;2.000000;2.000000;2.000000;2.000000,24,0.882353,1,3.000000;3.000000;3.000000;3.000000;3.000000;3.000000;2.000000;2.000000;2.000000;2.000000;2.000000;2.000000,1.019476;0.415818;0.123493;0.534335;0.100773;1.167720;0.111973;0.044133;0.140133;nan;1.518773;nan,3.000000;3.000000;3.000000;3.000000;3.000000;3.000000;2.000000;2.000000;2.000000;2.000000;2.000000;2.000000,0,0,0,0,0,0,0,0,0,0,752,36096,161,8372,132,6336,75,3248,15,450,0,0,0,0,0,0,0,0,graph_0005__stability_0.6000,stability,0.6,graph_0005,epoch_0005
trace,static,0.194861,0.194848,850,648,105,0,0,0.438889,0.022028,73.420933,360,158,0,0,0,125,0.877778,0,0,0.000000,0.000000,0.500000,2.307692,2.000000,3.000000,3.000000;3.000000;3.000000;3.000000;2.000000;2.000000;2.000000;2.000000;2.000000;2.000000;2.000000;2.000000;2.000000,24,0.882353,1,3.000000;3.000000;3.000000;3.000000;3.000000;3.000000;2.000000;2.000000;2.000000;2.000000;2.000000;2.000000,0.172149;0.070389;0.179828;0.030729;0.109749;0.015973;0.120989;0.053269;0.149109;0.081269;0.013429;0.109429,3.000000;3.000000;3.000000;3.000000;3.000000;3.000000;2.000000;2.000000;2.000000;2.000000;2.000000;2.000000,0,0,0,0,0,0,0,0,0,0,0,0,0,0,0,0,0,0,0,0,0,0,0,0,0,0,0,0,graph_0005__stability_0.6000,stability,0.6,graph_0005,epoch_0005
trace,olsr,0.479123,0.479092,1675,2007,105,716,1237,0.430556,0.021670,72.883803,360,155,6,0,0,434,0.861111,716,58608,4.619355,378.116129,0.500000,2.307692,2.000000,3.000000,3.000000;3.000000;3.000000;3.000000;2.000000;2.000000;2.000000;2.000000;2.000000;2.000000;2.000000;2.000000;2.000000,24,0.882353,1,3.000000;3.000000;3.000000;3.000000;3.000000;3.000000;2.000000;2.000000;2.000000;2.000000;2.000000;2.000000,0.163173;0.061413;1.288325;0.021733;0.100773;nan;0.111973;0.044133;0.222793;0.072293;nan;0.273269,3.000000;3.000000;3.000000;3.000000;3.000000;3.000000;2.000000;2.000000;2.000000;2.000000;2.000000;2.000000,313,20020,403,38588,0,0,0,0,0,0,0,0,0,0,0,0,0,0,0,0,0,0,0,0,0,0,0,0,graph_0005__stability_0.6000,stability,0.6,graph_0005,epoch_0002
trace,aodv,0.587548,0.587521,2522,3055,105,1144,1769,0.683333,0.036476,74.960743,360,246,3,0,0,537,1.366667,1144,54988,4.650407,223.528455,0.500000,2.307692,2.000000,3.000000,3.000000;3.000000;3.000000;3.000000;2.000000;2.000000;2.000000;2.000000;2.000000;2.000000;2.000000;2.000000;2.000000,24,0.882353,1,3.000000;3.000000;3.000000;3.000000;3.000000;3.000000;2.000000;2.000000;2.000000;2.000000;2.000000;2.000000,1.041737;0.411464;0.123493;0.535090;0.100773;0.539048;0.111973;0.044133;0.140133;1.719628;1.508024;nan,3.000000;3.000000;3.000000;3.000000;3.000000;3.000000;2.000000;2.000000;2.000000;2.000000;2.000000;2.000000,0,0,0,0,0,0,0,0,0,0,749,35952,174,9048,134,6432,69,3016,18,540,0,0,0,0,0,0,0,0,graph_0005__stability_0.6000,stability,0.6,graph_0005,epoch_0002
trace,static,0.192156,0.192135,850,648,105,0,0,0.438889,0.022028,73.420986,360,158,0,0,0,125,0.877778,0,0,0.000000,0.000000,0.500000,2.307692,2.000000,3.000000,3.000000;3.000000;3.000000;3.000000;2.000000;2.000000;2.000000;2.000000;2.000000;2.000000;2.000000;2.000000;2.000000,24,0.882353,1,3.000000;3.000000;3.000000;3.000000;3.000000;3.000000;2.000000;2.000000;2.000000;2.000000;2.000000;2.000000,0.172149;0.070389;0.192974;0.030729;0.109749;0.015973;0.120989;0.053269;0.149109;0.081269;0.013429;0.109429,3.000000;3.000000;3.000000;3.000000;3.000000;3.000000;2.000000;2.000000;2.000000;2.000000;2.000000;2.000000,0,0,0,0,0,0,0,0,0,0,0,0,0,0,0,0,0,0,0,0,0,0,0,0,0,0,0,0,graph_0005__stability_0.6000,stability,0.6,graph_0005,epoch_0002
trace,olsr,0.459696,0.459679,1639,1814,105,636,994,0.416667,0.020913,75.809441,360,150,0,0,0,534,0.833333,636,47972,4.240000,319.813333,0.500000,1.666667,2.000000,2.000000,2.000000;2.000000;2.000000;2.000000;2.000000;2.000000;2.000000;2.000000;2.000000;2.000000;2.000000;2.000000;1.000000;1.000000;1.000000;1.000000;1.000000;1.000000,34,0.916667,1,2.000000;2.000000;2.000000;2.000000;2.000000;2.000000;2.000000;2.000000;2.000000;2.000000;2.000000;2.000000;2.000000;1.000000;1.000000;1.000000;1.000000,0.033253;0.301999;nan;0.157413;0.089573;nan;0.117733;0.049893;0.145893;1.233919;nan;0.106213;0.236895;0.021413;0.151333;0.290229;nan,2.000000;2.000000;2.000000;2.000000;2.000000;2.000000;2.000000;2.000000;2.000000;2.000000;2.000000;2.000000;2.000000;1.000000;1.000000;1.000000;1.000000,333,20540,303,27432,0,0,0,0,0,0,0,0,0,0,0,0,0,0,0,0,0,0,0,0,0,0,0,0,graph_0002__stability_0.4000,stability,0.4,graph_0002,epoch_0001
trace,aodv,0.614183,0.614123,2669,3060,105,1167,1603,0.791667,0.039891,74.825378,360,285,30,0,0,654,1.583333,1167,55970,4.094737,196.385965,0.500000,1.666667,2.000000,2.000000,2.000000;2.000000;2.000000;2.000000;2.000000;2.000000;2.000000;2.000000;2.000000;2.000000;2.000000;2.000000;1.000000;1.000000;1.000000;1.000000;1.000000;1.000000,34,0.916667,1,2.000000;2.000000;2.000000;2.000000;2.000000;2.000000;2.000000;2.000000;2.000000;2.000000;2.000000;2.000000;2.000000;1.000000;1.000000;1.000000;1.000000,1.529180;0.129253;1.401504;1.489342;1.428290;0.021733;1.764943;1.547721;0.145893;1.591488;0.010213;0.106213;0.055333;0.354595;0.151333;0.117413;nan,2.000000;2.000000;2.000000;2.000000;2.000000;2.000000;2.000000;2.000000;2.000000;2.000000;2.000000;2.000000;2.000000;1.000000;1.000000;1.000000;1.000000,0,0,0,0,0,0,0,0,0,0,739,35472,186,9672,133,6384,94,3992,15,450,0,0,0,0,0,0,0,0,graph_0002__stability_0.4000,stability,0.4,graph_0002,epoch_0001
trace,static,0.189397,0.189382,832,622,105,0,0,0.416667,0.021390,72.367997,360,150,0,0,0,154,0.833333,0,0,0.000000,0.000000,0.500000,1.666667,2.000000,2.000000,2.000000;2.000000;2.000000;2.000000;2.000000;2.000000;2.000000;2.000000;2.000000;2.000000;2.000000;2.000000;1.000000;1.000000;1.000000;1.000000;1.000000;1.000000,34,0.916667,1,2.000000;2.000000;2.000000;2.000000;2.000000;2.000000;2.000000;2.000000;2.000000;2.000000;2.000000;2.000000;2.000000;1.000000;1.000000;1.000000;1.000000,0.042229;0.187488;0.070389;0.166389;0.098549;0.030709;0.126729;0.058869;0.154869;0.087029;0.019189;0.115189;0.064309;0.030119;0.160309;0.126389;nan,2.000000;2.000000;2.000000;2.000000;2.000000;2.000000;2.000000;2.000000;2.000000;2.000000;2.000000;2.000000;2.000000;1.000000;1.000000;1.000000;1.000000,0,0,0,0,0,0,0,0,0,0,0,0,0,0,0,0,0,0,0,0,0,0,0,0,0,0,0,0,graph_0002__stability_0.4000,stability,0.4,graph_0002,epoch_0001
trace,olsr,0.759565,0.759485,2831,3070,105,674,1052,0.313889,0.015752,73.147934,360,113,20,0,0,493,0.627778,674,50940,5.964602,450.796460,0.500000,1.666667,2.000000,2.000000,2.000000;2.000000;2.000000;2.000000;2.000000;2.000000;2.000000;2.000000;2.000000;2.000000;2.000000;2.000000;1.000000;1.000000;1.000000;1.000000;1.000000;1.000000,34,0.916667,1,2.000000;2.000000;2.000000;2.000000;2.000000;2.000000;2.000000;2.000000;2.000000;2.000000;2.000000;2.000000;2.000000;1.000000;1.000000;1.000000;1.000000,0.033253;0.301999;0.234229;0.157413;0.089573;1.193741;nan;nan;0.145893;1.233639;nan;nan;0.246663;0.021413;0.151333;0.445093;nan,2.000000;2.000000;2.000000;2.000000;2.000000;2.000000;2.000000;2.000000;2.000000;2.000000;2.000000;2.000000;2.000000;1.000000;1.000000;1.000000;1.000000,335,20904,295,27572,0,0,0,0,44,2464,0,0,0,0,0,0,0,0,0,0,0,0,0,0,0,0,0,0,graph_0002__stability_0.4000,stability,0.4,graph_0002,epoch_0003
trace,aodv,0.570435,0.570415,2572,2938,105,1065,1504,0.791667,0.039893,77.470685,360,285,2,0,0,590,1.583333,1065,51374,3.736842,180.259649,0.500000,1.666667,2.000000,2.000000,2.000000;2.000000;2.000000;2.000000;2.000000;2.000000;2.000000;2.000000;2.000000;2.000000;2.000000;2.000000;1.000000;1.000000;1.000000;1.000000;1.000000;1.000000,34,0.916667,1,2.000000;2.000000;2.000000;2.000000;2.000000;2.000000;2.000000;2.000000;2.000000;2.000000;2.000000;2.000000;2.000000;1.000000;1.000000;1.000000;1.000000,1.519060;nan;0.061413;1.489980;1.422640;1.522208;nan;1.711562;0.145893;1.566723;0.010213;0.106213;nan;0.021413;0.151333;0.117413;nan,2.000000;2.000000;2.000000;2.000000;2.000000;2.000000;2.000000;2.000000;2.000000;2.000000;2.000000;2.000000;2.000000;1.000000;1.000000;1.000000;1.000000,0,0,0,0,0,0,0,0,0,0,746,35808,161,8372,95,4560,52,2304,11,330,0,0,0,0,0,0,0,0,graph_0002__stability_0.4000,stability,0.4,graph_0002,epoch_0003
trace,static,0.190677,0.190567,830,619,105,0,0,0.413889,0.021245,72.351981,360,149,0,0,0,151,0.827778,0,0,0.000000,0.000000,0.500000,1.666667,2.000000,2.000000,2.000000;2.000000;2.000000;2.000000;2.000000;2.000000;2.000000;2.000000;2.000000;2.000000;2.000000;2.000000;1.000000;1.000000;1.000000;1.000000;1.000000;1.000000,34,0.916667,1,2.000000;2.000000;2.000000;2.000000;2.000000;2.000000;2.000000;2.000000;2.000000;2.000000;2.000000;2.000000;2.000000;1.000000;1.000000;1.000000;1.000000,0.042229;0.195574;0.070389;0.166389;0.098549;0.030709;0.126729;0.058869;0.154869;0.087029;0.019189;0.115189;0.064309;0.030119;0.160309;0.126389;nan,2.000000;2.000000;2.000000;2.000000;2.000000;2.000000;2.000000;2.000000;2.000000;2.000000;2.000000;2.000000;2.000000;1.000000;1.000000;1.000000;1.000000,0,0,0,0,0,0,0,0,0,0,0,0,0,0,0,0,0,0,0,0,0,0,0,0,0,0,0,0,graph_0002__stability_0.4000,stability,0.4,graph_0002,epoch_0003
trace,olsr,0.476034,0.475687,1652,1828,105,641,1012,0.441667,0.022168,74.052558,360,159,3,0,0,486,0.883333,641,47228,4.031447,297.031447,0.500000,1.666667,2.000000,2.000000,2.000000;2.000000;2.000000;2.000000;2.000000;2.000000;2.000000;2.000000;2.000000;2.000000;2.000000;2.000000;1.000000;1.000000;1.000000;1.000000;1.000000;1.000000,34,0.916667,1,2.000000;2.000000;2.000000;2.000000;2.000000;2.000000;2.000000;2.000000;2.000000;2.000000;2.000000;2.000000;2.000000;1.000000;1.000000;1.000000;1.000000,0.033253;0.301999;0.234229;0.157413;0.089573;nan;0.117733;0.049893;0.543334;0.078053;0.010213;nan;0.055333;nan;nan;0.117413;nan,2.000000;2.000000;2.000000;2.000000;2.000000;2.000000;2.000000;2.000000;2.000000;2.000000;2.000000;2.000000;2.000000;1.000000;1.000000;1.000000;1.000000,339,20928,302,26300,0,0,0,0,0,0,0,0,0,0,0,0,0,0,0,0,0,0,0,0,0,0,0,0,graph_0002__stability_0.4000,stability,0.4,graph_0002,epoch_0004
trace,aodv,0.628711,0.627836,2681,3066,105,1127,1573,0.825000,0.041564,75.898190,360,297,2,0,0,681,1.650000,1127,54340,3.794613,182.962963,0.500000,1.666667,2.000000,2.000000,2.000000;2.000000;2.000000;2.000000;2.000000;2.000000;2.000000;2.000000;2.000000;2.000000;2.000000;2.000000;1.000000;1.000000;1.000000;1.000000;1.000000;1.000000,34,0.916667,1,2.000000;2.000000;2.000000;2.000000;2.000000;2.000000;2.000000;2.000000;2.000000;2.000000;2.000000;2.000000;2.000000;1.000000;1.000000;1.000000;1.000000,1.525100;0.129253;1.394248;1.495597;1.420825;0.021733;nan;1.550281;0.145893;1.585508;0.010213;0.106213;nan;0.021413;0.151333;0.117413;nan,2.000000;2.000000;2.000000;2.000000;2.000000;2.000000;2.000000;2.000000;2.000000;2.000000;2.000000;2.000000;2.000000;1.000000;1.000000;1.000000;1.000000,0,0,0,0,0,0,0,0,0,0,741,35568,181,9412,133,6384,56,2496,16,480,0,0,0,0,0,0,0,0,graph_0002__stability_0.4000,stability,0.4,graph_0002,epoch_0004
trace,static,0.193480,0.193363,830,619,105,0,0,0.413889,0.021247,72.352071,360,149,0,0,0,152,0.827778,0,0,0.000000,0.000000,0.500000,1.666667,2.000000,2.000000,2.000000;2.000000;2.000000;2.000000;2.000000;2.000000;2.000000;2.000000;2.000000;2.000000;2.000000;2.000000;1.000000;1.000000;1.000000;1.000000;1.000000;1.000000,34,0.916667,1,2.000000;2.000000;2.000000;2.000000;2.000000;2.000000;2.000000;2.000000;2.000000;2.000000;2.000000;2.000000;2.000000;1.000000;1.000000;1.000000;1.000000,0.042229;0.202054;0.070389;0.166389;0.098549;0.030709;0.126729;0.058869;0.154869;0.087029;0.019189;0.115189;0.064309;0.030119;0.160309;0.126389;nan,2.000000;2.000000;2.000000;2.000000;2.000000;2.000000;2.000000;2.000000;2.000000;2.000000;2.000000;2.000000;2.000000;1.000000;1.000000;1.000000;1.000000,0,0,0,0,0,0,0,0,0,0,0,0,0,0,0,0,0,0,0,0,0,0,0,0,0,0,0,0,graph_0002__stability_0.4000,stability,0.4,graph_0002,epoch_0004
trace,olsr,0.626337,0.626280,2273,2535,105,667,1033,0.236111,0.011852,74.358511,360,85,0,0,0,371,0.472222,667,48776,7.847059,573.835294,0.500000,1.666667,2.000000,2.000000,2.000000;2.000000;2.000000;2.000000;2.000000;2.000000;2.000000;2.000000;2.000000;2.000000;2.000000;2.000000;1.000000;1.000000;1.000000;1.000000;1.000000;1.000000,34,0.916667,1,2.000000;2.000000;2.000000;2.000000;2.000000;2.000000;2.000000;2.000000;2.000000;2.000000;2.000000;2.000000;2.000000;1.000000;1.000000;1.000000;1.000000,0.033253;0.301999;0.234229;nan;nan;nan;nan;nan;nan;0.618862;0.010213;nan;0.055333;nan;nan;0.117413;nan,2.000000;2.000000;2.000000;2.000000;2.000000;2.000000;2.000000;2.000000;2.000000;2.000000;2.000000;2.000000;2.000000;1.000000;1.000000;1.000000;1.000000,335,20792,298,26080,0,0,0,0,34,1904,0,0,0,0,0,0,0,0,0,0,0,0,0,0,0,0,0,0,graph_0002__stability_0.4000,stability,0.4,graph_0002,epoch_0005
trace,aodv,0.627323,0.627156,2704,3085,105,1127,1567,0.825000,0.041582,74.300419,360,297,4,0,0,672,1.650000,1127,54324,3.794613,182.909091,0.500000,1.666667,2.000000,2.000000,2.000000;2.000000;2.000000;2.000000;2.000000;2.000000;2.000000;2.000000;2.000000;2.000000;2.000000;2.000000;1.000000;1.000000;1.000000;1.000000;1.000000;1.000000,34,0.916667,1,2.000000;2.000000;2.000000;2.000000;2.000000;2.000000;2.000000;2.000000;2.000000;2.000000;2.000000;2.000000;2.000000;1.000000;1.000000;1.000000;1.000000,1.530000;1.626305;1.399208;1.495840;1.418124;1.528068;nan;1.552617;0.145893;1.576853;0.010213;0.106213;0.055333;0.192067;0.151333;0.117413;nan,2.000000;2.000000;2.000000;2.000000;2.000000;2.000000;2.000000;2.000000;2.000000;2.000000;2.000000;2.000000;2.000000;1.000000;1.000000;1.000000;1.000000,0,0,0,0,0,0,0,0,0,0,741,35568,179,9308,131,6288,64,2800,12,360,0,0,0,0,0,0,0,0,graph_0002__stability_0.4000,stability,0.4,graph_0002,epoch_0005
trace,static,0.192933,0.192920,832,622,105,0,0,0.416667,0.021393,72.368047,360,150,0,0,0,153,0.833333,0,0,0.000000,0.000000,0.500000,1.666667,2.000000,2.000000,2.000000;2.000000;2.000000;2.000000;2.000000;2.000000;2.000000;2.000000;2.000000;2.000000;2.000000;2.000000;1.000000;1.000000;1.000000;1.000000;1.000000;1.000000,34,0.916667,1,2.000000;2.000000;2.000000;2.000000;2.000000;2.000000;2.000000;2.000000;2.000000;2.000000;2.000000;2.000000;2.000000;1.000000;1.000000;1.000000;1.000000,0.042229;0.187522;0.070389;0.166389;0.098549;0.030709;0.126729;0.058869;0.154869;0.087029;0.019189;0.115189;0.064309;0.030119;0.160309;0.126389;nan,2.000000;2.000000;2.000000;2.000000;2.000000;2.000000;2.000000;2.000000;2.000000;2.000000;2.000000;2.000000;2.000000;1.000000;1.000000;1.000000;1.000000,0,0,0,0,0,0,0,0,0,0,0,0,0,0,0,0,0,0,0,0,0,0,0,0,0,0,0,0,graph_0002__stability_0.4000,stability,0.4,graph_0002,epoch_0005
trace,olsr,0.444772,0.444714,1549,1754,105,642,1022,0.400000,0.020075,75.383049,360,144,14,0,0,438,0.800000,642,48176,4.458333,334.555556,0.500000,1.666667,2.000000,2.000000,2.000000;2.000000;2.000000;2.000000;2.000000;2.000000;2.000000;2.000000;2.000000;2.000000;2.000000;2.000000;1.000000;1.000000;1.000000;1.000000;1.000000;1.000000,34,0.916667,1,2.000000;2.000000;2.000000;2.000000;2.000000;2.000000;2.000000;2.000000;2.000000;2.000000;2.000000;2.000000;2.000000;1.000000;1.000000;1.000000;1.000000,0.033253;0.301999;0.234229;nan;0.089573;nan;0.117733;0.049893;0.534054;0.078053;0.010213;nan;0.055333;nan;nan;0.117413;nan,2.000000;2.000000;2.000000;2.000000;2.000000;2.000000;2.000000;2.000000;2.000000;2.000000;2.000000;2.000000;2.000000;1.000000;1.000000;1.000000;1.000000,337,21112,305,27064,0,0,0,0,0,0,0,0,0,0,0,0,0,0,0,0,0,0,0,0,0,0,0,0,graph_0002__stability_0.4000,stability,0.4,graph_0002,epoch_0002
trace,aodv,0.591764,0.591700,2654,2997,105,1100,1507,0.816667,0.041151,76.922196,360,294,2,0,0,608,1.633333,1100,53098,3.741497,180.605442,0.500000,1.666667,2.000000,2.000000,2.000000;2.000000;2.000000;2.000000;2.000000;2.000000;2.000000;2.000000;2.000000;2.000000;2.000000;2.000000;1.000000;1.000000;1.000000;1.000000;1.000000;1.000000,34,0.916667,1,2.000000;2.000000;2.000000;2.000000;2.000000;2.000000;2.000000;2.000000;2.000000;2.000000;2.000000;2.000000;2.000000;1.000000;1.000000;1.000000;1.000000,1.557137;1.458420;1.402986;1.494593;1.425540;1.527568;nan;1.550674;0.145893;1.564383;0.010213;0.106213;nan;0.021413;0.151333;0.117413;nan,2.000000;2.000000;2.000000;2.000000;2.000000;2.000000;2.000000;2.000000;2.000000;2.000000;2.000000;2.000000;2.000000;1.000000;1.000000;1.000000;1.000000,0,0,0,0,0,0,0,0,0,0,736,35328,181,9412,112,5376,58,2592,13,390,0,0,0,0,0,0,0,0,graph_0002__stability_0.4000,stability,0.4,graph_0002,epoch_0002
trace,static,0.193195,0.193193,832,622,105,0,0,0.416667,0.021389,72.368000,360,150,0,0,0,152,0.833333,0,0,0.000000,0.000000,0.500000,1.666667,2.000000,2.000000,2.000000;2.000000;2.000000;2.000000;2.000000;2.000000;2.000000;2.000000;2.000000;2.000000;2.000000;2.000000;1.000000;1.000000;1.000000;1.000000;1.000000;1.000000,34,0.916667,1,2.000000;2.000000;2.000000;2.000000;2.000000;2.000000;2.000000;2.000000;2.000000;2.000000;2.000000;2.000000;2.000000;1.000000;1.000000;1.000000;1.000000,0.042229;0.189634;0.070389;0.166389;0.098549;0.030709;0.126729;0.058869;0.154869;0.087029;0.019189;0.115189;0.064309;0.030119;0.160309;0.126389;nan,2.000000;2.000000;2.000000;2.000000;2.000000;2.000000;2.000000;2.000000;2.000000;2.000000;2.000000;2.000000;2.000000;1.000000;1.000000;1.000000;1.000000,0,0,0,0,0,0,0,0,0,0,0,0,0,0,0,0,0,0,0,0,0,0,0,0,0,0,0,0,graph_0002__stability_0.4000,stability,0.4,graph_0002,epoch_0002
trace,olsr,0.630150,0.630098,2273,2352,105,629,884,0.438889,0.022660,75.711668,360,158,2,0,0,638,0.877778,629,44680,3.981013,282.784810,0.500000,1.000000,1.000000,1.000000,1.000000;1.000000;1.000000;1.000000;1.000000;1.000000;1.000000;1.000000;1.000000;1.000000;1.000000;1.000000;1.000000;1.000000;1.000000;1.000000;1.000000;1.000000;1.000000;1.000000;1.000000;1.000000;1.000000;1.000000;1.000000;1.000000;1.000000;1.000000;1.000000;1.000000,58,nan,0,2.000000;1.000000;1.000000;1.000000;1.000000;1.000000;1.000000;1.000000;1.000000;1.000000;1.000000;1.000000;1.000000;1.000000;1.000000;1.000000;1.000000;1.000000;1.000000;1.000000;1.000000;1.000000;1.000000;1.000000;1.000000;1.000000;1.000000;1.000000;1.000000,0.240981;nan;nan;0.285109;0.242213;0.044453;0.010533;0.140453;nan;0.245429;0.038693;0.004773;0.134693;0.100773;nan;nan;0.162853;0.128933;0.095013;nan;0.027173;0.157093;nan;0.262069;nan;0.021413;nan;0.117413;nan,2.000000;1.000000;1.000000;1.000000;1.000000;1.000000;1.000000;1.000000;1.000000;1.000000;1.000000;1.000000;1.000000;1.000000;1.000000;1.000000;1.000000;1.000000;1.000000;1.000000;1.000000;1.000000;1.000000;1.000000;1.000000;1.000000;1.000000;1.000000;1.000000,347,20836,262,22724,0,0,0,0,20,1120,0,0,0,0,0,0,0,0,0,0,0,0,0,0,0,0,0,0,graph_0003__stability_0.0000,stability,0.0,graph_0003,epoch_0001
trace,aodv,0.635506,0.635464,2644,2837,105,1231,1490,0.777778,0.039191,74.861855,360,280,14,0,0,656,1.555556,1231,59208,4.396429,211.457143,0.500000,1.000000,1.000000,1.000000,1.000000;1.000000;1.000000;1.000000;1.000000;1.000000;1.000000;1.000000;1.000000;1.000000;1.000000;1.000000;1.000000;1.000000;1.000000;1.000000;1.000000;1.000000;1.000000;1.000000;1.000000;1.000000;1.000000;1.000000;1.000000;1.000000;1.000000;1.000000;1.000000;1.000000,58,nan,0,2.000000;1.000000;1.000000;1.000000;1.000000;1.000000;1.000000;1.000000;1.000000;1.000000;1.000000;1.000000;1.000000;1.000000;1.000000;1.000000;1.000000;1.000000;1.000000;1.000000;1.000000;1.000000;1.000000;1.000000;1.000000;1.000000;1.000000;1.000000;1.000000,nan;0.016293;0.146213;0.112293;0.078373;0.044453;0.010533;0.140453;0.106533;0.072613;0.038693;0.004773;0.134693;0.100773;0.236251;0.032933;0.162853;0.128933;0.095013;0.061093;0.027173;0.157093;0.291979;0.089253;0.055333;0.357281;0.151333;0.117413;nan,2.000000;1.000000;1.000000;1.000000;1.000000;1.000000;1.000000;1.000000;1.000000;1.000000;1.000000;1.000000;1.000000;1.000000;1.000000;1.000000;1.000000;1.000000;1.000000;1.000000;1.000000;1.000000;1.000000;1.000000;1.000000;1.000000;1.000000;1.000000;1.000000,0,0,0,0,0,0,0,0,0,0,737,35376,205,10660,185,8880,90,3872,14,420,0,0,0,0,0,0,0,0,graph_0003__stability_0.0000,stability,0.0,graph_0003,epoch_0001
trace,static,0.189782,0.189775,797,569,105,0,0,0.366667,0.018823,74.287291,360,132,0,0,0,241,0.733333,0,0,0.000000,0.000000,0.500000,1.000000,1.000000,1.000000,1.000000;1.000000;1.000000;1.000000;1.000000;1.000000;1.000000;1.000000;1.000000;1.000000;1.000000;1.000000;1.000000;1.000000;1.000000;1.000000;1.000000;1.000000;1.000000;1.000000;1.000000;1.000000;1.000000;1.000000;1.000000;1.000000;1.000000;1.000000;1.000000;1.000000,58,nan,0,2.000000;1.000000;1.000000;1.000000;1.000000;1.000000;1.000000;1.000000;1.000000;1.000000;1.000000;1.000000;1.000000;1.000000;1.000000;1.000000;1.000000;1.000000;1.000000;1.000000;1.000000;1.000000;1.000000;1.000000;1.000000;1.000000;1.000000;1.000000;1.000000,0.110654;0.025269;0.155189;0.121269;0.087349;0.053429;0.019509;0.149429;0.115509;0.081589;0.047669;0.013749;0.143669;0.109749;0.075829;0.041909;0.180805;0.137909;0.103989;0.070069;0.036229;0.166069;0.132149;0.098229;0.064309;0.030429;0.160309;0.126389;nan,2.000000;1.000000;1.000000;1.000000;1.000000;1.000000;1.000000;1.000000;1.000000;1.000000;1.000000;1.000000;1.000000;1.000000;1.000000;1.000000;1.000000;1.000000;1.000000;1.000000;1.000000;1.000000;1.000000;1.000000;1.000000;1.000000;1.000000;1.000000;1.000000,0,0,0,0,0,0,0,0,0,0,0,0,0,0,0,0,0,0,0,0,0,0,0,0,0,0,0,0,graph_0003__stability_0.0000,stability,0.0,graph_0003,epoch_0001
trace,olsr,0.462181,0.462157,1629,1691,105,602,848,0.452778,0.024068,75.554485,360,163,0,0,0,505,0.905556,602,43564,3.693252,267.263804,0.500000,1.000000,1.000000,1.000000,1.000000;1.000000;1.000000;1.000000;1.000000;1.000000;1.000000;1.000000;1.000000;1.000000;1.000000;1.000000;1.000000;1.000000;1.000000;1.000000;1.000000;1.000000;1.000000;1.000000;1.000000;1.000000;1.000000;1.000000;1.000000;1.000000;1.000000;1.000000;1.000000;1.000000,58,nan,0,2.000000;1.000000;1.000000;1.000000;1.000000;1.000000;1.000000;1.000000;1.000000;1.000000;1.000000;1.000000;1.000000;1.000000;1.000000;1.000000;1.000000;1.000000;1.000000;1.000000;1.000000;1.000000;1.000000;1.000000;1.000000;1.000000;1.000000;1.000000;1.000000,0.232165;nan;nan;nan;0.415029;0.044453;0.010533;0.140453;nan;0.245429;0.038693;0.004773;0.134693;0.100773;nan;nan;0.162853;0.128933;0.095013;nan;0.027173;0.157093;nan;0.262069;0.055333;nan;0.151333;nan;nan,2.000000;1.000000;1.000000;1.000000;1.000000;1.000000;1.000000;1.000000;1.000000;1.000000;1.000000;1.000000;1.000000;1.000000;1.000000;1.000000;1.000000;1.000000;1.000000;1.000000;1.000000;1.000000;1.000000;1.000000;1.000000;1.000000;1.000000;1.000000;1.000000,351,21072,251,22492,0,0,0,0,0,0,0,0,0,0,0,0,0,0,0,0,0,0,0,0,0,0,0,0,graph_0003__stability_0.0000,stability,0.0,graph_0003,epoch_0003
trace,aodv,0.623524,0.623374,2652,2823,105,1231,1479,0.769444,0.038775,75.889083,360,277,6,0,0,669,1.538889,1231,59204,4.444043,213.732852,0.500000,1.000000,1.000000,1.000000,1.000000;1.000000;1.000000;1.000000;1.000000;1.000000;1.000000;1.000000;1.000000;1.000000;1.000000;1.000000;1.000000;1.000000;1.000000;1.000000;1.000000;1.000000;1.000000;1.000000;1.000000;1.000000;1.000000;1.000000;1.000000;1.000000;1.000000;1.000000;1.000000;1.000000,58,nan,0,2.000000;1.000000;1.000000;1.000000;1.000000;1.000000;1.000000;1.000000;1.000000;1.000000;1.000000;1.000000;1.000000;1.000000;1.000000;1.000000;1.000000;1.000000;1.000000;1.000000;1.000000;1.000000;1.000000;1.000000;1.000000;1.000000;1.000000;1.000000;1.000000,nan;0.394158;0.146213;0.112293;0.078373;0.044453;0.010533;0.140453;0.106533;0.072613;0.038693;0.004773;0.152694;0.100773;0.066853;0.032933;0.162853;0.128933;0.095013;0.061093;0.027173;0.157093;0.132003;0.089253;0.055333;0.359967;0.151333;0.117413;nan,2.000000;1.000000;1.000000;1.000000;1.000000;1.000000;1.000000;1.000000;1.000000;1.000000;1.000000;1.000000;1.000000;1.000000;1.000000;1.000000;1.000000;1.000000;1.000000;1.000000;1.000000;1.000000;1.000000;1.000000;1.000000;1.000000;1.000000;1.000000;1.000000,0,0,0,0,0,0,0,0,0,0,738,35424,202,10504,191,9168,86,3688,14,420,0,0,0,0,0,0,0,0,graph_0003__stability_0.0000,stability,0.0,graph_0003,epoch_0003
trace,static,0.192455,0.192443,804,578,105,0,0,0.372222,0.019109,74.219722,360,134,0,0,0,245,0.744444,0,0,0.000000,0.000000,0.500000,1.000000,1.000000,1.000000,1.000000;1.000000;1.000000;1.000000;1.000000;1.000000;1.000000;1.000000;1.000000;1.000000;1.000000;1.000000;1.000000;1.000000;1.000000;1.000000;1.000000;1.000000;1.000000;1.000000;1.000000;1.000000;1.000000;1.000000;1.000000;1.000000;1.000000;1.000000;1.000000;1.000000,58,nan,0,2.000000;1.000000;1.000000;1.000000;1.000000;1.000000;1.000000;1.000000;1.000000;1.000000;1.000000;1.000000;1.000000;1.000000;1.000000;1.000000;1.000000;1.000000;1.000000;1.000000;1.000000;1.000000;1.000000;1.000000;1.000000;1.000000;1.000000;1.000000;1.000000,0.109754;0.025269;0.155189;0.121269;0.096135;0.053429;0.019509;0.149429;0.115509;0.081589;0.047669;0.013749;0.143669;0.109749;0.075829;0.041909;0.171909;0.137909;0.103989;0.070069;0.036229;0.166069;0.132149;0.098229;0.064309;0.030429;0.160309;0.126389;nan,2.000000;1.000000;1.000000;1.000000;1.000000;1.000000;1.000000;1.000000;1.000000;1.000000;1.000000;1.000000;1.000000;1.000000;1.000000;1.000000;1.000000;1.000000;1.000000;1.000000;1.000000;1.000000;1.000000;1.000000;1.000000;1.000000;1.000000;1.000000;1.000000,0,0,0,0,0,0,0,0,0,0,0,0,0,0,0,0,0,0,0,0,0,0,0,0,0,0,0,0,graph_0003__stability_0.0000,stability,0.0,graph_0003,epoch_0003
trace,olsr,0.448197,0.448168,1590,1652,105,597,832,0.447222,0.023775,76.094724,360,161,1,0,0,506,0.894444,597,42612,3.708075,264.670807,0.500000,1.000000,1.000000,1.000000,1.000000;1.000000;1.000000;1.000000;1.000000;1.000000;1.000000;1.000000;1.000000;1.000000;1.000000;1.000000;1.000000;1.000000;1.000000;1.000000;1.000000;1.000000;1.000000;1.000000;1.000000;1.000000;1.000000;1.000000;1.000000;1.000000;1.000000;1.000000;1.000000;1.000000,58,nan,0,2.000000;1.000000;1.000000;1.000000;1.000000;1.000000;1.000000;1.000000;1.000000;1.000000;1.000000;1.000000;1.000000;1.000000;1.000000;1.000000;1.000000;1.000000;1.000000;1.000000;1.000000;1.000000;1.000000;1.000000;1.000000;1.000000;1.000000;1.000000;1.000000,0.240981;nan;nan;nan;0.415109;0.044453;0.010533;0.140453;nan;0.245429;0.038693;0.004773;0.134693;0.100773;nan;nan;0.162853;0.128933;0.095013;nan;0.027173;0.157093;nan;0.262069;0.055333;nan;0.151333;nan;nan,2.000000;1.000000;1.000000;1.000000;1.000000;1.000000;1.000000;1.000000;1.000000;1.000000;1.000000;1.000000;1.000000;1.000000;1.000000;1.000000;1.000000;1.000000;1.000000;1.000000;1.000000;1.000000;1.000000;1.000000;1.000000;1.000000;1.000000;1.000000;1.000000,348,20952,249,21660,0,0,0,0,0,0,0,0,0,0,0,0,0,0,0,0,0,0,0,0,0,0,0,0,graph_0003__stability_0.0000,stability,0.0,graph_0003,epoch_0004
trace,aodv,0.624378,0.624196,2665,2851,105,1239,1495,0.783333,0.039469,75.453281,360,282,8,0,0,681,1.566667,1239,59594,4.393617,211.326241,0.500000,1.000000,1.000000,1.000000,1.000000;1.000000;1.000000;1.000000;1.000000;1.000000;1.000000;1.000000;1.000000;1.000000;1.000000;1.000000;1.000000;1.000000;1.000000;1.000000;1.000000;1.000000;1.000000;1.000000;1.000000;1.000000;1.000000;1.000000;1.000000;1.000000;1.000000;1.000000;1.000000;1.000000,58,nan,0,2.000000;1.000000;1.000000;1.000000;1.000000;1.000000;1.000000;1.000000;1.000000;1.000000;1.000000;1.000000;1.000000;1.000000;1.000000;1.000000;1.000000;1.000000;1.000000;1.000000;1.000000;1.000000;1.000000;1.000000;1.000000;1.000000;1.000000;1.000000;1.000000,nan;0.016293;0.146213;0.112293;0.078373;0.044453;0.010533;0.140453;0.106533;0.072613;0.038693;0.004773;0.148248;0.100773;0.087191;0.032933;0.162853;0.128933;0.095013;0.061093;0.027173;0.157093;0.123173;0.089253;0.055333;0.354897;0.151333;0.117413;nan,2.000000;1.000000;1.000000;1.000000;1.000000;1.000000;1.000000;1.000000;1.000000;1.000000;1.000000;1.000000;1.000000;1.000000;1.000000;1.000000;1.000000;1.000000;1.000000;1.000000;1.000000;1.000000;1.000000;1.000000;1.000000;1.000000;1.000000;1.000000;1.000000,0,0,0,0,0,0,0,0,0,0,739,35472,209,10868,190,9120,84,3624,17,510,0,0,0,0,0,0,0,0,graph_0003__stability_0.0000,stability,0.0,graph_0003,epoch_0004
trace,static,0.191620,0.191603,800,573,105,0,0,0.369444,0.018968,74.290931,360,133,0,0,0,243,0.738889,0,0,0.000000,0.000000,0.500000,1.000000,1.000000,1.000000,1.000000;1.000000;1.000000;1.000000;1.000000;1.000000;1.000000;1.000000;1.000000;1.000000;1.000000;1.000000;1.000000;1.000000;1.000000;1.000000;1.000000;1.000000;1.000000;1.000000;1.000000;1.000000;1.000000;1.000000;1.000000;1.000000;1.000000;1.000000;1.000000;1.000000,58,nan,0,2.000000;1.000000;1.000000;1.000000;1.000000;1.000000;1.000000;1.000000;1.000000;1.000000;1.000000;1.000000;1.000000;1.000000;1.000000;1.000000;1.000000;1.000000;1.000000;1.000000;1.000000;1.000000;1.000000;1.000000;1.000000;1.000000;1.000000;1.000000;1.000000,0.118794;0.025269;0.155189;0.121269;0.096325;0.053429;0.019509;0.149429;0.115509;0.081589;0.047669;0.013749;0.143669;0.109749;0.075829;0.041909;0.171909;0.137909;0.103989;0.070069;0.036229;0.166069;0.132149;0.098229;0.064309;0.030429;0.160309;0.126389;nan,2.000000;1.000000;1.000000;1.000000;1.000000;1.000000;1.000000;1.000000;1.000000;1.000000;1.000000;1.000000;1.000000;1.000000;1.000000;1.000000;1.000000;1.000000;1.000000;1.000000;1.000000;1.000000;1.000000;1.000000;1.000000;1.000000;1.000000;1.000000;1.000000,0,0,0,0,0,0,0,0,0,0,0,0,0,0,0,0,0,0,0,0,0,0,0,0,0,0,0,0,graph_0003__stability_0.0000,stability,0.0,graph_0003,epoch_0004
trace,olsr,0.417256,0.417198,1478,1550,105,583,822,0.380556,0.020471,78.153242,360,137,9,0,0,456,0.761111,583,41764,4.255474,304.846715,0.500000,1.000000,1.000000,1.000000,1.000000;1.000000;1.000000;1.000000;1.000000;1.000000;1.000000;1.000000;1.000000;1.000000;1.000000;1.000000;1.000000;1.000000;1.000000;1.000000;1.000000;1.000000;1.000000;1.000000;1.000000;1.000000;1.000000;1.000000;1.000000;1.000000;1.000000;1.000000;1.000000;1.000000,58,nan,0,2.000000;1.000000;1.000000;1.000000;1.000000;1.000000;1.000000;1.000000;1.000000;1.000000;1.000000;1.000000;1.000000;1.000000;1.000000;1.000000;1.000000;1.000000;1.000000;1.000000;1.000000;1.000000;1.000000;1.000000;1.000000;1.000000;1.000000;1.000000;1.000000,0.232005;nan;nan;nan;nan;nan;0.346999;0.140453;nan;0.245429;0.038693;0.004773;0.134693;0.100773;nan;nan;0.162853;0.128933;0.095013;nan;0.027173;0.157093;nan;0.262069;0.055333;nan;nan;nan;nan,2.000000;1.000000;1.000000;1.000000;1.000000;1.000000;1.000000;1.000000;1.000000;1.000000;1.000000;1.000000;1.000000;1.000000;1.000000;1.000000;1.000000;1.000000;1.000000;1.000000;1.000000;1.000000;1.000000;1.000000;1.000000;1.000000;1.000000;1.000000;1.000000,355,21344,228,20420,0,0,0,0,0,0,0,0,0,0,0,0,0,0,0,0,0,0,0,0,0,0,0,0,graph_0003__stability_0.0000,stability,0.0,graph_0003,epoch_0005
trace,aodv,0.615976,0.615821,2664,2879,105,1220,1493,0.822222,0.041432,75.847347,360,296,6,0,0,564,1.644444,1220,58780,4.121622,198.581081,0.500000,1.000000,1.000000,1.000000,1.000000;1.000000;1.000000;1.000000;1.000000;1.000000;1.000000;1.000000;1.000000;1.000000;1.000000;1.000000;1.000000;1.000000;1.000000;1.000000;1.000000;1.000000;1.000000;1.000000;1.000000;1.000000;1.000000;1.000000;1.000000;1.000000;1.000000;1.000000;1.000000;1.000000,58,nan,0,2.000000;1.000000;1.000000;1.000000;1.000000;1.000000;1.000000;1.000000;1.000000;1.000000;1.000000;1.000000;1.000000;1.000000;1.000000;1.000000;1.000000;1.000000;1.000000;1.000000;1.000000;1.000000;1.000000;1.000000;1.000000;1.000000;1.000000;1.000000;1.000000,nan;0.016293;0.146213;0.112293;0.078373;0.044453;0.010533;0.140453;0.106533;0.072613;0.059424;0.004773;0.134693;0.100773;0.237251;0.032933;0.162853;0.128933;0.095013;0.061093;0.027173;0.157093;0.123173;0.089253;0.055333;0.021413;0.151333;0.117413;nan,2.000000;1.000000;1.000000;1.000000;1.000000;1.000000;1.000000;1.000000;1.000000;1.000000;1.000000;1.000000;1.000000;1.000000;1.000000;1.000000;1.000000;1.000000;1.000000;1.000000;1.000000;1.000000;1.000000;1.000000;1.000000;1.000000;1.000000;1.000000;1.000000,0,0,0,0,0,0,0,0,0,0,735,35280,211,10972,176,8448,86,3720,12,360,0,0,0,0,0,0,0,0,graph_0003__stability_0.0000,stability,0.0,graph_0003,epoch_0005
trace,static,0.186691,0.186673,797,569,105,0,0,0.366667,0.018824,74.287295,360,132,0,0,0,242,0.733333,0,0,0.000000,0.000000,0.500000,1.000000,1.000000,1.000000,1.000000;1.000000;1.000000;1.000000;1.000000;1.000000;1.000000;1.000000;1.000000;1.000000;1.000000;1.000000;1.000000;1.000000;1.000000;1.000000;1.000000;1.000000;1.000000;1.000000;1.000000;1.000000;1.000000;1.000000;1.000000;1.000000;1.000000;1.000000;1.000000;1.000000,58,nan,0,2.000000;1.000000;1.000000;1.000000;1.000000;1.000000;1.000000;1.000000;1.000000;1.000000;1.000000;1.000000;1.000000;1.000000;1.000000;1.000000;1.000000;1.000000;1.000000;1.000000;1.000000;1.000000;1.000000;1.000000;1.000000;1.000000;1.000000;1.000000;1.000000,0.108514;0.025269;0.155189;0.121269;0.096325;0.053429;0.019509;0.149429;0.115509;0.081589;0.047669;0.013749;0.143669;0.109749;0.075829;0.041909;0.171829;0.137909;0.103989;0.070069;0.036229;0.166069;0.132149;0.098229;0.064309;0.030429;0.160309;0.126389;nan,2.000000;1.000000;1.000000;1.000000;1.000000;1.000000;1.000000;1.000000;1.000000;1.000000;1.000000;1.000000;1.000000;1.000000;1.000000;1.000000;1.000000;1.000000;1.000000;1.000000;1.000000;1.000000;1.000000;1.000000;1.000000;1.000000;1.000000;1.000000;1.000000,0,0,0,0,0,0,0,0,0,0,0,0,0,0,0,0,0,0,0,0,0,0,0,0,0,0,0,0,graph_0003__stability_0.0000,stability,0.0,graph_0003,epoch_0005
trace,olsr,0.476306,0.476229,1577,1611,105,589,827,0.413889,0.022002,72.481903,360,149,0,0,0,517,0.827778,589,42612,3.953020,285.986577,0.500000,1.000000,1.000000,1.000000,1.000000;1.000000;1.000000;1.000000;1.000000;1.000000;1.000000;1.000000;1.000000;1.000000;1.000000;1.000000;1.000000;1.000000;1.000000;1.000000;1.000000;1.000000;1.000000;1.000000;1.000000;1.000000;1.000000;1.000000;1.000000;1.000000;1.000000;1.000000;1.000000;1.000000,58,nan,0,2.000000;1.000000;1.000000;1.000000;1.000000;1.000000;1.000000;1.000000;1.000000;1.000000;1.000000;1.000000;1.000000;1.000000;1.000000;1.000000;1.000000;1.000000;1.000000;1.000000;1.000000;1.000000;1.000000;1.000000;1.000000;1.000000;1.000000;1.000000;1.000000,0.240791;nan;nan;0.285109;0.078373;0.044453;0.010533;0.140453;nan;0.245429;0.038693;0.004773;0.134693;0.100773;0.621957;0.032933;nan;nan;nan;0.061093;nan;nan;nan;0.262069;0.055333;nan;0.155319;nan;nan,2.000000;1.000000;1.000000;1.000000;1.000000;1.000000;1.000000;1.000000;1.000000;1.000000;1.000000;1.000000;1.000000;1.000000;1.000000;1.000000;1.000000;1.000000;1.000000;1.000000;1.000000;1.000000;1.000000;1.000000;1.000000;1.000000;1.000000;1.000000;1.000000,349,20944,240,21668,0,0,0,0,0,0,0,0,0,0,0,0,0,0,0,0,0,0,0,0,0,0,0,0,graph_0003__stability_0.0000,stability,0.0,graph_0003,epoch_0002
trace,aodv,0.635864,0.635844,2704,2917,105,1262,1535,0.800000,0.040320,75.824122,360,288,12,0,0,572,1.600000,1262,60470,4.381944,209.965278,0.500000,1.000000,1.000000,1.000000,1.000000;1.000000;1.000000;1.000000;1.000000;1.000000;1.000000;1.000000;1.000000;1.000000;1.000000;1.000000;1.000000;1.000000;1.000000;1.000000;1.000000;1.000000;1.000000;1.000000;1.000000;1.000000;1.000000;1.000000;1.000000;1.000000;1.000000;1.000000;1.000000;1.000000,58,nan,0,2.000000;1.000000;1.000000;1.000000;1.000000;1.000000;1.000000;1.000000;1.000000;1.000000;1.000000;1.000000;1.000000;1.000000;1.000000;1.000000;1.000000;1.000000;1.000000;1.000000;1.000000;1.000000;1.000000;1.000000;1.000000;1.000000;1.000000;1.000000;1.000000,nan;0.016293;0.146213;0.112293;0.078373;0.044453;0.010533;0.140453;0.106533;0.072613;0.038693;0.004773;0.146704;0.100773;0.066853;0.032933;0.162853;0.128933;0.095013;0.061093;0.027173;0.157093;0.123173;0.089253;0.055333;0.021413;0.151333;0.117413;nan,2.000000;1.000000;1.000000;1.000000;1.000000;1.000000;1.000000;1.000000;1.000000;1.000000;1.000000;1.000000;1.000000;1.000000;1.000000;1.000000;1.000000;1.000000;1.000000;1.000000;1.000000;1.000000;1.000000;1.000000;1.000000;1.000000;1.000000;1.000000;1.000000,0,0,0,0,0,0,0,0,0,0,736,35328,211,10972,188,9024,108,4576,19,570,0,0,0,0,0,0,0,0,graph_0003__stability_0.0000,stability,0.0,graph_0003,epoch_0002
trace,static,0.191449,0.191416,801,575,105,0,0,0.372222,0.019110,74.077785,360,134,0,0,0,244,0.744444,0,0,0.000000,0.000000,0.500000,1.000000,1.000000,1.000000,1.000000;1.000000;1.000000;1.000000;1.000000;1.000000;1.000000;1.000000;1.000000;1.000000;1.000000;1.000000;1.000000;1.000000;1.000000;1.000000;1.000000;1.000000;1.000000;1.000000;1.000000;1.000000;1.000000;1.000000;1.000000;1.000000;1.000000;1.000000;1.000000;1.000000,58,nan,0,2.000000;1.000000;1.000000;1.000000;1.000000;1.000000;1.000000;1.000000;1.000000;1.000000;1.000000;1.000000;1.000000;1.000000;1.000000;1.000000;1.000000;1.000000;1.000000;1.000000;1.000000;1.000000;1.000000;1.000000;1.000000;1.000000;1.000000;1.000000;1.000000,0.099034;0.025269;0.155189;0.121269;0.087509;0.053429;0.019509;0.149429;0.115509;0.081589;0.047669;0.013749;0.143669;0.109749;0.075829;0.041909;0.171909;0.137909;0.103989;0.070069;0.036229;0.166069;0.132149;0.098229;0.064309;0.030429;0.160309;0.126389;nan,2.000000;1.000000;1.000000;1.000000;1.000000;1.000000;1.000000;1.000000;1.000000;1.000000;1.000000;1.000000;1.000000;1.000000;1.000000;1.000000;1.000000;1.000000;1.000000;1.000000;1.000000;1.000000;1.000000;1.000000;1.000000;1.000000;1.000000;1.000000;1.000000,0,0,0,0,0,0,0,0,0,0,0,0,0,0,0,0,0,0,0,0,0,0,0,0,0,0,0,0,graph_0003__stability_0.0000,stability,0.0,graph_0003,epoch_0002
trace,olsr,0.726451,0.726396,2687,2916,105,675,1068,0.444444,0.023624,75.642501,360,160,21,0,0,641,0.888889,675,50248,4.218750,314.050000,0.500000,1.000000,1.000000,1.000000,1.000000;1.000000;1.000000;1.000000;1.000000;1.000000;1.000000;1.000000;1.000000;1.000000;1.000000;1.000000;1.000000;1.000000;1.000000;1.000000;1.000000;1.000000;1.000000;1.000000;1.000000;1.000000;1.000000;1.000000;1.000000;1.000000;1.000000;1.000000;1.000000;1.000000,58,nan,1,2.000000;1.000000;1.000000;1.000000;1.000000;1.000000;1.000000;1.000000;1.000000;1.000000;1.000000;1.000000;1.000000;1.000000;1.000000;1.000000;1.000000;1.000000;1.000000;1.000000;1.000000;1.000000;1.000000;1.000000;1.000000;1.000000;1.000000;1.000000;1.000000,0.050213;0.016293;nan;nan;0.259895;0.044453;0.010533;0.140453;nan;nan;nan;nan;0.134693;0.264613;nan;nan;0.162853;0.128933;0.095013;0.061093;0.217737;0.157093;0.123173;0.262069;0.055333;0.021413;0.151333;nan;nan,2.000000;1.000000;1.000000;1.000000;1.000000;1.000000;1.000000;1.000000;1.000000;1.000000;1.000000;1.000000;1.000000;1.000000;1.000000;1.000000;1.000000;1.000000;1.000000;1.000000;1.000000;1.000000;1.000000;1.000000;1.000000;1.000000;1.000000;1.000000;1.000000,332,20632,313,27936,0,0,0,0,30,1680,0,0,0,0,0,0,0,0,0,0,0,0,0,0,0,0,0,0,graph_0002__stability_0.0000,stability,0.0,graph_0002,epoch_0001
trace,aodv,0.659234,0.659182,2712,3127,105,1281,1758,0.802778,0.040451,75.546153,360,289,9,0,0,693,1.605556,1281,61670,4.432526,213.391003,0.500000,1.000000,1.000000,1.000000,1.000000;1.000000;1.000000;1.000000;1.000000;1.000000;1.000000;1.000000;1.000000;1.000000;1.000000;1.000000;1.000000;1.000000;1.000000;1.000000;1.000000;1.000000;1.000000;1.000000;1.000000;1.000000;1.000000;1.000000;1.000000;1.000000;1.000000;1.000000;1.000000;1.000000,58,nan,1,2.000000;1.000000;1.000000;1.000000;1.000000;1.000000;1.000000;1.000000;1.000000;1.000000;1.000000;1.000000;1.000000;1.000000;1.000000;1.000000;1.000000;1.000000;1.000000;1.000000;1.000000;1.000000;1.000000;1.000000;1.000000;1.000000;1.000000;1.000000;1.000000,0.050213;0.046447;0.042522;0.112293;0.078373;0.044453;0.010533;0.140453;0.106533;0.072613;0.038693;0.017932;0.134693;0.100773;0.066853;0.032933;0.334464;0.128933;0.095013;0.061093;0.036122;0.324827;0.123173;0.089253;0.055333;0.021413;0.151333;0.117413;nan,2.000000;1.000000;1.000000;1.000000;1.000000;1.000000;1.000000;1.000000;1.000000;1.000000;1.000000;1.000000;1.000000;1.000000;1.000000;1.000000;1.000000;1.000000;1.000000;1.000000;1.000000;1.000000;1.000000;1.000000;1.000000;1.000000;1.000000;1.000000;1.000000,0,0,0,0,0,0,0,0,0,0,730,35040,213,11076,220,10560,103,4544,15,450,0,0,0,0,0,0,0,0,graph_0002__stability_0.0000,stability,0.0,graph_0002,epoch_0001
trace,static,0.190645,0.190642,806,579,105,0,0,0.369444,0.018965,74.072648,360,133,0,0,0,226,0.738889,0,0,0.000000,0.000000,0.500000,1.000000,1.000000,1.000000,1.000000;1.000000;1.000000;1.000000;1.000000;1.000000;1.000000;1.000000;1.000000;1.000000;1.000000;1.000000;1.000000;1.000000;1.000000;1.000000;1.000000;1.000000;1.000000;1.000000;1.000000;1.000000;1.000000;1.000000;1.000000;1.000000;1.000000;1.000000;1.000000;1.000000,58,nan,1,2.000000;1.000000;1.000000;1.000000;1.000000;1.000000;1.000000;1.000000;1.000000;1.000000;1.000000;1.000000;1.000000;1.000000;1.000000;1.000000;1.000000;1.000000;1.000000;1.000000;1.000000;1.000000;1.000000;1.000000;1.000000;1.000000;1.000000;1.000000;1.000000,0.059189;0.025269;0.200108;0.121269;0.087349;0.053159;0.019509;0.149429;0.115509;0.081589;0.047669;0.013749;0.143399;0.109749;0.075829;0.041909;0.171559;0.137909;0.103989;0.070069;0.036149;0.165799;0.132149;0.098229;0.064309;0.030389;0.160309;0.126429;nan,2.000000;1.000000;1.000000;1.000000;1.000000;1.000000;1.000000;1.000000;1.000000;1.000000;1.000000;1.000000;1.000000;1.000000;1.000000;1.000000;1.000000;1.000000;1.000000;1.000000;1.000000;1.000000;1.000000;1.000000;1.000000;1.000000;1.000000;1.000000;1.000000,0,0,0,0,0,0,0,0,0,0,0,0,0,0,0,0,0,0,0,0,0,0,0,0,0,0,0,0,graph_0002__stability_0.0000,stability,0.0,graph_0002,epoch_0001
trace,olsr,0.499522,0.499488,1719,1912,105,654,1051,0.425000,0.021940,72.170266,360,153,2,0,0,501,0.850000,654,49088,4.274510,320.836601,0.500000,1.000000,1.000000,1.000000,1.000000;1.000000;1.000000;1.000000;1.000000;1.000000;1.000000;1.000000;1.000000;1.000000;1.000000;1.000000;1.000000;1.000000;1.000000;1.000000;1.000000;1.000000;1.000000;1.000000;1.000000;1.000000;1.000000;1.000000;1.000000;1.000000;1.000000;1.000000;1.000000;1.000000,58,nan,1,2.000000;1.000000;1.000000;1.000000;1.000000;1.000000;1.000000;1.000000;1.000000;1.000000;1.000000;1.000000;1.000000;1.000000;1.000000;1.000000;1.000000;1.000000;1.000000;1.000000;1.000000;1.000000;1.000000;1.000000;1.000000;1.000000;1.000000;1.000000;1.000000,0.050213;0.016293;nan;nan;0.259895;0.044453;0.010533;0.140453;nan;nan;nan;nan;0.134693;0.100773;nan;nan;0.162853;0.128933;0.095013;nan;0.027173;nan;nan;0.416933;0.055333;nan;nan;0.117413;nan,2.000000;1.000000;1.000000;1.000000;1.000000;1.000000;1.000000;1.000000;1.000000;1.000000;1.000000;1.000000;1.000000;1.000000;1.000000;1.000000;1.000000;1.000000;1.000000;1.000000;1.000000;1.000000;1.000000;1.000000;1.000000;1.000000;1.000000;1.000000;1.000000,331,20448,323,28640,0,0,0,0,0,0,0,0,0,0,0,0,0,0,0,0,0,0,0,0,0,0,0,0,graph_0002__stability_0.0000,stability,0.0,graph_0002,epoch_0003
trace,aodv,0.655650,0.655523,2669,3106,105,1217,1712,0.830556,0.041853,75.137557,360,299,3,0,0,648,1.661111,1217,58632,4.070234,196.093645,0.500000,1.000000,1.000000,1.000000,1.000000;1.000000;1.000000;1.000000;1.000000;1.000000;1.000000;1.000000;1.000000;1.000000;1.000000;1.000000;1.000000;1.000000;1.000000;1.000000;1.000000;1.000000;1.000000;1.000000;1.000000;1.000000;1.000000;1.000000;1.000000;1.000000;1.000000;1.000000;1.000000;1.000000,58,nan,1,2.000000;1.000000;1.000000;1.000000;1.000000;1.000000;1.000000;1.000000;1.000000;1.000000;1.000000;1.000000;1.000000;1.000000;1.000000;1.000000;1.000000;1.000000;1.000000;1.000000;1.000000;1.000000;1.000000;1.000000;1.000000;1.000000;1.000000;1.000000;1.000000,0.050213;0.030727;0.051086;0.112293;0.078373;0.044453;0.010533;0.140453;0.106533;0.072613;0.038693;0.004773;0.134693;0.100773;0.066853;0.032933;0.006748;0.128933;0.095013;0.061093;0.047904;0.487667;0.123173;0.089253;0.055333;0.021413;0.151333;0.117413;nan,2.000000;1.000000;1.000000;1.000000;1.000000;1.000000;1.000000;1.000000;1.000000;1.000000;1.000000;1.000000;1.000000;1.000000;1.000000;1.000000;1.000000;1.000000;1.000000;1.000000;1.000000;1.000000;1.000000;1.000000;1.000000;1.000000;1.000000;1.000000;1.000000,0,0,0,0,0,0,0,0,0,0,736,35328,198,10296,202,9696,65,2832,16,480,0,0,0,0,0,0,0,0,graph_0002__stability_0.0000,stability,0.0,graph_0002,epoch_0003
trace,static,0.193747,0.193721,805,578,105,0,0,0.369444,0.018964,74.290669,360,133,0,0,0,230,0.738889,0,0,0.000000,0.000000,0.500000,1.000000,1.000000,1.000000,1.000000;1.000000;1.000000;1.000000;1.000000;1.000000;1.000000;1.000000;1.000000;1.000000;1.000000;1.000000;1.000000;1.000000;1.000000;1.000000;1.000000;1.000000;1.000000;1.000000;1.000000;1.000000;1.000000;1.000000;1.000000;1.000000;1.000000;1.000000;1.000000;1.000000,58,nan,1,2.000000;1.000000;1.000000;1.000000;1.000000;1.000000;1.000000;1.000000;1.000000;1.000000;1.000000;1.000000;1.000000;1.000000;1.000000;1.000000;1.000000;1.000000;1.000000;1.000000;1.000000;1.000000;1.000000;1.000000;1.000000;1.000000;1.000000;1.000000;1.000000,0.059189;0.025269;0.194774;0.121269;0.087349;0.053159;0.019509;0.149429;0.115509;0.090565;0.047669;0.013749;0.143399;0.109749;0.075909;0.041909;0.171559;0.137909;0.103989;0.070069;0.036149;0.165799;0.132149;0.098229;0.064309;0.030389;0.160309;0.126429;nan,2.000000;1.000000;1.000000;1.000000;1.000000;1.000000;1.000000;1.000000;1.000000;1.000000;1.000000;1.000000;1.000000;1.000000;1.000000;1.000000;1.000000;1.000000;1.000000;1.000000;1.000000;1.000000;1.000000;1.000000;1.000000;1.000000;1.000000;1.000000;1.000000,0,0,0,0,0,0,0,0,0,0,0,0,0,0,0,0,0,0,0,0,0,0,0,0,0,0,0,0,graph_0002__stability_0.0000,stability,0.0,graph_0002,epoch_0003
trace,olsr,0.504216,0.504083,1775,1995,105,655,1065,0.469444,0.024954,75.263792,360,169,1,0,0,529,0.938889,655,49824,3.875740,294.816568,0.500000,1.000000,1.000000,1.000000,1.000000;1.000000;1.000000;1.000000;1.000000;1.000000;1.000000;1.000000;1.000000;1.000000;1.000000;1.000000;1.000000;1.000000;1.000000;1.000000;1.000000;1.000000;1.000000;1.000000;1.000000;1.000000;1.000000;1.000000;1.000000;1.000000;1.000000;1.000000;1.000000;1.000000,58,nan,1,2.000000;1.000000;1.000000;1.000000;1.000000;1.000000;1.000000;1.000000;1.000000;1.000000;1.000000;1.000000;1.000000;1.000000;1.000000;1.000000;1.000000;1.000000;1.000000;1.000000;1.000000;1.000000;1.000000;1.000000;1.000000;1.000000;1.000000;1.000000;1.000000,0.050213;0.016293;nan;nan;0.259895;0.044453;0.010533;0.140453;nan;nan;nan;nan;0.134693;0.100773;nan;nan;0.162853;nan;nan;0.061093;0.229840;0.157093;0.123173;0.262069;0.055333;0.021413;0.151333;nan;nan,2.000000;1.000000;1.000000;1.000000;1.000000;1.000000;1.000000;1.000000;1.000000;1.000000;1.000000;1.000000;1.000000;1.000000;1.000000;1.000000;1.000000;1.000000;1.000000;1.000000;1.000000;1.000000;1.000000;1.000000;1.000000;1.000000;1.000000;1.000000;1.000000,333,20720,322,29104,0,0,0,0,0,0,0,0,0,0,0,0,0,0,0,0,0,0,0,0,0,0,0,0,graph_0002__stability_0.0000,stability,0.0,graph_0002,epoch_0004
trace,aodv,0.675771,0.675710,2722,3152,105,1282,1777,0.805556,0.040585,75.408408,360,290,5,0,0,670,1.611111,1282,61830,4.420690,213.206897,0.500000,1.000000,1.000000,1.000000,1.000000;1.000000;1.000000;1.000000;1.000000;1.000000;1.000000;1.000000;1.000000;1.000000;1.000000;1.000000;1.000000;1.000000;1.000000;1.000000;1.000000;1.000000;1.000000;1.000000;1.000000;1.000000;1.000000;1.000000;1.000000;1.000000;1.000000;1.000000;1.000000;1.000000,58,nan,1,2.000000;1.000000;1.000000;1.000000;1.000000;1.000000;1.000000;1.000000;1.000000;1.000000;1.000000;1.000000;1.000000;1.000000;1.000000;1.000000;1.000000;1.000000;1.000000;1.000000;1.000000;1.000000;1.000000;1.000000;1.000000;1.000000;1.000000;1.000000;1.000000,0.050213;0.049787;0.057108;0.112293;0.078373;0.044453;0.031842;0.140453;0.106533;0.072613;0.038693;0.004773;0.134693;0.100773;0.066853;0.052423;0.331740;0.128933;0.095013;0.061093;0.034006;0.329651;0.123173;0.089253;0.055333;0.021413;0.151333;0.117413;nan,2.000000;1.000000;1.000000;1.000000;1.000000;1.000000;1.000000;1.000000;1.000000;1.000000;1.000000;1.000000;1.000000;1.000000;1.000000;1.000000;1.000000;1.000000;1.000000;1.000000;1.000000;1.000000;1.000000;1.000000;1.000000;1.000000;1.000000;1.000000;1.000000,0,0,0,0,0,0,0,0,0,0,726,34848,221,11492,224,10752,96,4288,15,450,0,0,0,0,0,0,0,0,graph_0002__stability_0.0000,stability,0.0,graph_0002,epoch_0004
trace,static,0.194251,0.194231,803,575,105,0,0,0.366667,0.018823,74.287201,360,132,0,0,0,222,0.733333,0,0,0.000000,0.000000,0.500000,1.000000,1.000000,1.000000,1.000000;1.000000;1.000000;1.000000;1.000000;1.000000;1.000000;1.000000;1.000000;1.000000;1.000000;1.000000;1.000000;1.000000;1.000000;1.000000;1.000000;1.000000;1.000000;1.000000;1.000000;1.000000;1.000000;1.000000;1.000000;1.000000;1.000000;1.000000;1.000000;1.000000,58,nan,1,2.000000;1.000000;1.000000;1.000000;1.000000;1.000000;1.000000;1.000000;1.000000;1.000000;1.000000;1.000000;1.000000;1.000000;1.000000;1.000000;1.000000;1.000000;1.000000;1.000000;1.000000;1.000000;1.000000;1.000000;1.000000;1.000000;1.000000;1.000000;1.000000,0.059189;0.025269;0.204594;0.121269;0.087349;0.053159;0.019509;0.149429;0.115509;0.081589;0.047669;0.013749;0.143399;0.109749;0.075829;0.041909;0.171559;0.137909;0.103989;0.070069;0.036149;0.165799;0.132149;0.098229;0.064309;0.030389;0.160309;0.126429;nan,2.000000;1.000000;1.000000;1.000000;1.000000;1.000000;1.000000;1.000000;1.000000;1.000000;1.000000;1.000000;1.000000;1.000000;1.000000;1.000000;1.000000;1.000000;1.000000;1.000000;1.000000;1.000000;1.000000;1.000000;1.000000;1.000000;1.000000;1.000000;1.000000,0,0,0,0,0,0,0,0,0,0,0,0,0,0,0,0,0,0,0,0,0,0,0,0,0,0,0,0,graph_0002__stability_0.0000,stability,0.0,graph_0002,epoch_0004
trace,olsr,0.593263,0.593120,2045,2228,105,634,1013,0.391667,0.019660,73.586806,360,141,11,0,0,495,0.783333,634,48036,4.496454,340.680851,0.500000,1.000000,1.000000,1.000000,1.000000;1.000000;1.000000;1.000000;1.000000;1.000000;1.000000;1.000000;1.000000;1.000000;1.000000;1.000000;1.000000;1.000000;1.000000;1.000000;1.000000;1.000000;1.000000;1.000000;1.000000;1.000000;1.000000;1.000000;1.000000;1.000000;1.000000;1.000000;1.000000;1.000000,58,nan,1,2.000000;1.000000;1.000000;1.000000;1.000000;1.000000;1.000000;1.000000;1.000000;1.000000;1.000000;1.000000;1.000000;1.000000;1.000000;1.000000;1.000000;1.000000;1.000000;1.000000;1.000000;1.000000;1.000000;1.000000;1.000000;1.000000;1.000000;1.000000;1.000000,0.050336;0.016293;nan;nan;0.259895;0.044453;0.010533;0.140453;nan;nan;nan;nan;nan;nan;nan;nan;0.162853;0.128933;0.095013;nan;0.027173;nan;nan;0.089253;0.055333;nan;nan;0.281253;nan,2.000000;1.000000;1.000000;1.000000;1.000000;1.000000;1.000000;1.000000;1.000000;1.000000;1.000000;1.000000;1.000000;1.000000;1.000000;1.000000;1.000000;1.000000;1.000000;1.000000;1.000000;1.000000;1.000000;1.000000;1.000000;1.000000;1.000000;1.000000;1.000000,332,20872,290,26492,0,0,0,0,12,672,0,0,0,0,0,0,0,0,0,0,0,0,0,0,0,0,0,0,graph_0002__stability_0.0000,stability,0.0,graph_0002,epoch_0005
trace,aodv,0.659856,0.659772,2673,3082,105,1225,1698,0.811111,0.040882,75.475419,360,292,4,0,0,683,1.622222,1225,59022,4.195205,202.130137,0.500000,1.000000,1.000000,1.000000,1.000000;1.000000;1.000000;1.000000;1.000000;1.000000;1.000000;1.000000;1.000000;1.000000;1.000000;1.000000;1.000000;1.000000;1.000000;1.000000;1.000000;1.000000;1.000000;1.000000;1.000000;1.000000;1.000000;1.000000;1.000000;1.000000;1.000000;1.000000;1.000000;1.000000,58,nan,1,2.000000;1.000000;1.000000;1.000000;1.000000;1.000000;1.000000;1.000000;1.000000;1.000000;1.000000;1.000000;1.000000;1.000000;1.000000;1.000000;1.000000;1.000000;1.000000;1.000000;1.000000;1.000000;1.000000;1.000000;1.000000;1.000000;1.000000;1.000000;1.000000,0.050213;0.051487;0.049906;0.112293;0.078373;0.044453;0.194887;0.140453;0.106533;0.072613;0.040513;0.004773;0.134693;0.100773;0.066853;0.032933;0.003938;0.128933;0.095013;0.061093;0.027173;0.330591;0.123173;0.089253;0.055333;0.021413;0.151333;0.117413;nan,2.000000;1.000000;1.000000;1.000000;1.000000;1.000000;1.000000;1.000000;1.000000;1.000000;1.000000;1.000000;1.000000;1.000000;1.000000;1.000000;1.000000;1.000000;1.000000;1.000000;1.000000;1.000000;1.000000;1.000000;1.000000;1.000000;1.000000;1.000000;1.000000,0,0,0,0,0,0,0,0,0,0,732,35136,201,10452,208,9984,69,3000,15,450,0,0,0,0,0,0,0,0,graph_0002__stability_0.0000,stability,0.0,graph_0002,epoch_0005
trace,static,0.194139,0.194132,806,579,105,0,0,0.369444,0.018968,74.072659,360,133,0,0,0,224,0.738889,0,0,0.000000,0.000000,0.500000,1.000000,1.000000,1.000000,1.000000;1.000000;1.000000;1.000000;1.000000;1.000000;1.000000;1.000000;1.000000;1.000000;1.000000;1.000000;1.000000;1.000000;1.000000;1.000000;1.000000;1.000000;1.000000;1.000000;1.000000;1.000000;1.000000;1.000000;1.000000;1.000000;1.000000;1.000000;1.000000;1.000000,58,nan,1,2.000000;1.000000;1.000000;1.000000;1.000000;1.000000;1.000000;1.000000;1.000000;1.000000;1.000000;1.000000;1.000000;1.000000;1.000000;1.000000;1.000000;1.000000;1.000000;1.000000;1.000000;1.000000;1.000000;1.000000;1.000000;1.000000;1.000000;1.000000;1.000000,0.059189;0.025269;0.193382;0.121269;0.087349;0.053159;0.019509;0.149429;0.115509;0.081589;0.047669;0.013749;0.143399;0.109749;0.075829;0.041909;0.171559;0.137909;0.103989;0.070069;0.036149;0.165799;0.132149;0.098229;0.064309;0.030389;0.160309;0.126429;nan,2.000000;1.000000;1.000000;1.000000;1.000000;1.000000;1.000000;1.000000;1.000000;1.000000;1.000000;1.000000;1.000000;1.000000;1.000000;1.000000;1.000000;1.000000;1.000000;1.000000;1.000000;1.000000;1.000000;1.000000;1.000000;1.000000;1.000000;1.000000;1.000000,0,0,0,0,0,0,0,0,0,0,0,0,0,0,0,0,0,0,0,0,0,0,0,0,0,0,0,0,graph_0002__stability_0.0000,stability,0.0,graph_0002,epoch_0005
trace,olsr,0.499635,0.499610,1737,1938,105,637,1024,0.480556,0.025543,73.943438,360,173,1,0,0,497,0.961111,637,48668,3.682081,281.317919,0.500000,1.000000,1.000000,1.000000,1.000000;1.000000;1.000000;1.000000;1.000000;1.000000;1.000000;1.000000;1.000000;1.000000;1.000000;1.000000;1.000000;1.000000;1.000000;1.000000;1.000000;1.000000;1.000000;1.000000;1.000000;1.000000;1.000000;1.000000;1.000000;1.000000;1.000000;1.000000;1.000000;1.000000,58,nan,1,2.000000;1.000000;1.000000;1.000000;1.000000;1.000000;1.000000;1.000000;1.000000;1.000000;1.000000;1.000000;1.000000;1.000000;1.000000;1.000000;1.000000;1.000000;1.000000;1.000000;1.000000;1.000000;1.000000;1.000000;1.000000;1.000000;1.000000;1.000000;1.000000,0.050213;0.016293;nan;nan;0.263575;0.044453;0.010533;0.140453;nan;nan;nan;nan;0.134693;0.100773;0.066853;0.032933;0.715134;0.128933;0.095013;nan;0.027173;nan;nan;0.089253;0.055333;0.021413;0.151333;nan;nan,2.000000;1.000000;1.000000;1.000000;1.000000;1.000000;1.000000;1.000000;1.000000;1.000000;1.000000;1.000000;1.000000;1.000000;1.000000;1.000000;1.000000;1.000000;1.000000;1.000000;1.000000;1.000000;1.000000;1.000000;1.000000;1.000000;1.000000;1.000000;1.000000,335,20968,302,27700,0,0,0,0,0,0,0,0,0,0,0,0,0,0,0,0,0,0,0,0,0,0,0,0,graph_0002__stability_0.0000,stability,0.0,graph_0002,epoch_0002
trace,aodv,0.644198,0.644131,2678,3054,105,1241,1675,0.816667,0.041151,75.387892,360,294,8,0,0,650,1.633333,1241,59714,4.221088,203.108844,0.500000,1.000000,1.000000,1.000000,1.000000;1.000000;1.000000;1.000000;1.000000;1.000000;1.000000;1.000000;1.000000;1.000000;1.000000;1.000000;1.000000;1.000000;1.000000;1.000000;1.000000;1.000000;1.000000;1.000000;1.000000;1.000000;1.000000;1.000000;1.000000;1.000000;1.000000;1.000000;1.000000;1.000000,58,nan,1,2.000000;1.000000;1.000000;1.000000;1.000000;1.000000;1.000000;1.000000;1.000000;1.000000;1.000000;1.000000;1.000000;1.000000;1.000000;1.000000;1.000000;1.000000;1.000000;1.000000;1.000000;1.000000;1.000000;1.000000;1.000000;1.000000;1.000000;1.000000;1.000000,0.050213;0.040647;0.056913;0.112293;0.078373;0.044453;0.010533;0.140453;0.106533;0.072613;0.038693;0.004773;0.134693;0.100773;0.066853;0.032933;0.004552;0.128933;0.095013;0.061093;0.061556;0.330727;0.123173;0.089253;0.055333;0.021413;0.151333;0.117413;nan,2.000000;1.000000;1.000000;1.000000;1.000000;1.000000;1.000000;1.000000;1.000000;1.000000;1.000000;1.000000;1.000000;1.000000;1.000000;1.000000;1.000000;1.000000;1.000000;1.000000;1.000000;1.000000;1.000000;1.000000;1.000000;1.000000;1.000000;1.000000;1.000000,0,0,0,0,0,0,0,0,0,0,735,35280,203,10556,211,10128,75,3240,17,510,0,0,0,0,0,0,0,0,graph_0002__stability_0.0000,stability,0.0,graph_0002,epoch_0002
trace,static,0.192479,0.192464,804,576,105,0,0,0.366667,0.018822,74.287255,360,132,0,0,0,225,0.733333,0,0,0.000000,0.000000,0.500000,1.000000,1.000000,1.000000,1.000000;1.000000;1.000000;1.000000;1.000000;1.000000;1.000000;1.000000;1.000000;1.000000;1.000000;1.000000;1.000000;1.000000;1.000000;1.000000;1.000000;1.000000;1.000000;1.000000;1.000000;1.000000;1.000000;1.000000;1.000000;1.000000;1.000000;1.000000;1.000000;1.000000,58,nan,1,2.000000;1.000000;1.000000;1.000000;1.000000;1.000000;1.000000;1.000000;1.000000;1.000000;1.000000;1.000000;1.000000;1.000000;1.000000;1.000000;1.000000;1.000000;1.000000;1.000000;1.000000;1.000000;1.000000;1.000000;1.000000;1.000000;1.000000;1.000000;1.000000,0.059189;0.025269;0.205634;0.121269;0.087349;0.053159;0.019509;0.149429;0.115509;0.081589;0.047669;0.013749;0.143399;0.109749;0.084535;0.041909;0.171559;0.137909;0.103989;0.070069;0.036149;0.165799;0.132149;0.098229;0.064309;0.030389;0.160309;0.126429;nan,2.000000;1.000000;1.000000;1.000000;1.000000;1.000000;1.000000;1.000000;1.000000;1.000000;1.000000;1.000000;1.000000;1.000000;1.000000;1.000000;1.000000;1.000000;1.000000;1.000000;1.000000;1.000000;1.000000;1.000000;1.000000;1.000000;1.000000;1.000000;1.000000,0,0,0,0,0,0,0,0,0,0,0,0,0,0,0,0,0,0,0,0,0,0,0,0,0,0,0,0,graph_0002__stability_0.0000,stability,0.0,graph_0002,epoch_0002
trace,olsr,0.464371,0.464306,1671,1733,105,604,849,0.488889,0.024538,75.959901,360,176,0,0,0,536,0.977778,604,42232,3.431818,239.954545,0.500000,1.250000,1.000000,2.000000,2.000000;2.000000;2.000000;2.000000;2.000000;2.000000;1.000000;1.000000;1.000000;1.000000;1.000000;1.000000;1.000000;1.000000;1.000000;1.000000;1.000000;1.000000;1.000000;1.000000;1.000000;1.000000;1.000000;1.000000,46,nan,0,2.000000;2.000000;2.000000;2.000000;2.000000;2.000000;2.000000;1.000000;1.000000;1.000000;1.000000;1.000000;1.000000;1.000000;1.000000;1.000000;1.000000;1.000000;1.000000;1.000000;1.000000;1.000000;1.000000,nan;0.310775;0.061413;0.157413;nan;0.218165;0.134693;0.100773;0.066853;0.032933;nan;nan;0.095013;0.061093;0.027173;nan;0.123173;0.089253;nan;0.367207;0.151333;nan;nan,2.000000;2.000000;2.000000;2.000000;2.000000;2.000000;2.000000;1.000000;1.000000;1.000000;1.000000;1.000000;1.000000;1.000000;1.000000;1.000000;1.000000;1.000000;1.000000;1.000000;1.000000;1.000000;1.000000,350,20840,254,21392,0,0,0,0,0,0,0,0,0,0,0,0,0,0,0,0,0,0,0,0,0,0,0,0,graph_0003__stability_0.2000,stability,0.2,graph_0003,epoch_0001
trace,aodv,0.620903,0.620844,2698,2867,105,1235,1477,0.747222,0.037652,76.606391,360,269,18,0,0,653,1.494444,1235,59310,4.591078,220.483271,0.500000,1.250000,1.000000,2.000000,2.000000;2.000000;2.000000;2.000000;2.000000;2.000000;1.000000;1.000000;1.000000;1.000000;1.000000;1.000000;1.000000;1.000000;1.000000;1.000000;1.000000;1.000000;1.000000;1.000000;1.000000;1.000000;1.000000;1.000000,46,nan,0,2.000000;2.000000;2.000000;2.000000;2.000000;2.000000;2.000000;1.000000;1.000000;1.000000;1.000000;1.000000;1.000000;1.000000;1.000000;1.000000;1.000000;1.000000;1.000000;1.000000;1.000000;1.000000;1.000000,nan;0.129253;0.061413;0.157413;1.587229;0.021733;0.134693;0.100773;0.066853;0.032933;0.014607;0.128933;0.095013;0.061093;0.027173;0.157093;0.123173;0.089253;0.230491;0.021413;0.151333;0.293051;nan,2.000000;2.000000;2.000000;2.000000;2.000000;2.000000;2.000000;1.000000;1.000000;1.000000;1.000000;1.000000;1.000000;1.000000;1.000000;1.000000;1.000000;1.000000;1.000000;1.000000;1.000000;1.000000;1.000000,0,0,0,0,0,0,0,0,0,0,738,35424,201,10452,188,9024,93,3960,15,450,0,0,0,0,0,0,0,0,graph_0003__stability_0.2000,stability,0.2,graph_0003,epoch_0001
trace,static,0.180008,0.179992,798,579,105,0,0,0.391667,0.020106,72.449531,360,141,0,0,0,186,0.783333,0,0,0.000000,0.000000,0.500000,1.250000,1.000000,2.000000,2.000000;2.000000;2.000000;2.000000;2.000000;2.000000;1.000000;1.000000;1.000000;1.000000;1.000000;1.000000;1.000000;1.000000;1.000000;1.000000;1.000000;1.000000;1.000000;1.000000;1.000000;1.000000;1.000000;1.000000,46,nan,0,2.000000;2.000000;2.000000;2.000000;2.000000;2.000000;2.000000;1.000000;1.000000;1.000000;1.000000;1.000000;1.000000;1.000000;1.000000;1.000000;1.000000;1.000000;1.000000;1.000000;1.000000;1.000000;1.000000,0.103914;0.138229;0.070449;0.166389;0.098549;0.030709;0.143669;0.109749;0.075829;0.041909;0.171829;0.137909;0.103989;0.070149;0.036149;0.166069;0.132149;0.098229;0.064309;0.030389;0.160349;0.126389;nan,2.000000;2.000000;2.000000;2.000000;2.000000;2.000000;2.000000;1.000000;1.000000;1.000000;1.000000;1.000000;1.000000;1.000000;1.000000;1.000000;1.000000;1.000000;1.000000;1.000000;1.000000;1.000000;1.000000,0,0,0,0,0,0,0,0,0,0,0,0,0,0,0,0,0,0,0,0,0,0,0,0,0,0,0,0,graph_0003__stability_0.2000,stability,0.2,graph_0003,epoch_0001
trace,olsr,0.475269,0.475179,1645,1680,105,579,798,0.486111,0.024399,76.111701,360,175,0,0,0,538,0.972222,579,40488,3.308571,231.360000,0.500000,1.250000,1.000000,2.000000,2.000000;2.000000;2.000000;2.000000;2.000000;2.000000;1.000000;1.000000;1.000000;1.000000;1.000000;1.000000;1.000000;1.000000;1.000000;1.000000;1.000000;1.000000;1.000000;1.000000;1.000000;1.000000;1.000000;1.000000,46,nan,0,2.000000;2.000000;2.000000;2.000000;2.000000;2.000000;2.000000;1.000000;1.000000;1.000000;1.000000;1.000000;1.000000;1.000000;1.000000;1.000000;1.000000;1.000000;1.000000;1.000000;1.000000;1.000000;1.000000,nan;0.310775;0.061413;0.157413;nan;0.214145;0.134693;0.100773;0.066853;0.032933;nan;nan;0.095013;0.061093;0.027173;nan;0.123173;0.089253;nan;0.357999;0.151333;nan;nan,2.000000;2.000000;2.000000;2.000000;2.000000;2.000000;2.000000;1.000000;1.000000;1.000000;1.000000;1.000000;1.000000;1.000000;1.000000;1.000000;1.000000;1.000000;1.000000;1.000000;1.000000;1.000000;1.000000,354,21240,225,19248,0,0,0,0,0,0,0,0,0,0,0,0,0,0,0,0,0,0,0,0,0,0,0,0,graph_0003__stability_0.2000,stability,0.2,graph_0003,epoch_0003
trace,aodv,0.638830,0.638771,2691,2829,105,1237,1455,0.727778,0.036676,76.458343,360,262,18,0,0,734,1.455556,1237,59348,4.721374,226.519084,0.500000,1.250000,1.000000,2.000000,2.000000;2.000000;2.000000;2.000000;2.000000;2.000000;1.000000;1.000000;1.000000;1.000000;1.000000;1.000000;1.000000;1.000000;1.000000;1.000000;1.000000;1.000000;1.000000;1.000000;1.000000;1.000000;1.000000;1.000000,46,nan,0,2.000000;2.000000;2.000000;2.000000;2.000000;2.000000;2.000000;1.000000;1.000000;1.000000;1.000000;1.000000;1.000000;1.000000;1.000000;1.000000;1.000000;1.000000;1.000000;1.000000;1.000000;1.000000;1.000000,nan;0.129253;0.061413;0.157413;1.571284;0.021733;0.134693;0.100773;0.247280;0.044980;0.009491;0.128933;0.095013;0.061093;0.027173;0.157093;0.123173;0.089253;0.228699;0.021413;0.151333;0.285147;nan,2.000000;2.000000;2.000000;2.000000;2.000000;2.000000;2.000000;1.000000;1.000000;1.000000;1.000000;1.000000;1.000000;1.000000;1.000000;1.000000;1.000000;1.000000;1.000000;1.000000;1.000000;1.000000;1.000000,0,0,0,0,0,0,0,0,0,0,735,35280,199,10348,192,9216,95,4024,16,480,0,0,0,0,0,0,0,0,graph_0003__stability_0.2000,stability,0.2,graph_0003,epoch_0003
trace,static,0.185427,0.185424,798,579,105,0,0,0.391667,0.020107,72.449514,360,141,0,0,0,186,0.783333,0,0,0.000000,0.000000,0.500000,1.250000,1.000000,2.000000,2.000000;2.000000;2.000000;2.000000;2.000000;2.000000;1.000000;1.000000;1.000000;1.000000;1.000000;1.000000;1.000000;1.000000;1.000000;1.000000;1.000000;1.000000;1.000000;1.000000;1.000000;1.000000;1.000000;1.000000,46,nan,0,2.000000;2.000000;2.000000;2.000000;2.000000;2.000000;2.000000;1.000000;1.000000;1.000000;1.000000;1.000000;1.000000;1.000000;1.000000;1.000000;1.000000;1.000000;1.000000;1.000000;1.000000;1.000000;1.000000,0.100374;0.138229;0.070449;0.166389;0.098549;0.030709;0.143669;0.109749;0.075829;0.041909;0.171829;0.137909;0.103989;0.070149;0.036149;0.166069;0.132149;0.098229;0.064309;0.030389;0.160349;0.126389;nan,2.000000;2.000000;2.000000;2.000000;2.000000;2.000000;2.000000;1.000000;1.000000;1.000000;1.000000;1.000000;1.000000;1.000000;1.000000;1.000000;1.000000;1.000000;1.000000;1.000000;1.000000;1.000000;1.000000,0,0,0,0,0,0,0,0,0,0,0,0,0,0,0,0,0,0,0,0,0,0,0,0,0,0,0,0,graph_0003__stability_0.2000,stability,0.2,graph_0003,epoch_0003
trace,olsr,0.431480,0.431440,1516,1563,105,586,822,0.375000,0.019253,78.591140,360,135,7,0,0,488,0.750000,586,41460,4.340741,307.111111,0.500000,1.250000,1.000000,2.000000,2.000000;2.000000;2.000000;2.000000;2.000000;2.000000;1.000000;1.000000;1.000000;1.000000;1.000000;1.000000;1.000000;1.000000;1.000000;1.000000;1.000000;1.000000;1.000000;1.000000;1.000000;1.000000;1.000000;1.000000,46,nan,0,2.000000;2.000000;2.000000;2.000000;2.000000;2.000000;2.000000;1.000000;1.000000;1.000000;1.000000;1.000000;1.000000;1.000000;1.000000;1.000000;1.000000;1.000000;1.000000;1.000000;1.000000;1.000000;1.000000,nan;0.310775;nan;0.157413;nan;0.216325;0.471279;0.100773;0.066853;nan;0.162853;nan;0.095013;0.061093;0.027173;nan;nan;nan;0.055333;0.021413;0.247757;0.117413;nan,2.000000;2.000000;2.000000;2.000000;2.000000;2.000000;2.000000;1.000000;1.000000;1.000000;1.000000;1.000000;1.000000;1.000000;1.000000;1.000000;1.000000;1.000000;1.000000;1.000000;1.000000;1.000000;1.000000,350,20896,236,20564,0,0,0,0,0,0,0,0,0,0,0,0,0,0,0,0,0,0,0,0,0,0,0,0,graph_0003__stability_0.2000,stability,0.2,graph_0003,epoch_0004
trace,aodv,0.638554,0.638497,2706,2878,105,1267,1501,0.733333,0.036950,76.234840,360,264,34,0,0,660,1.466667,1267,60540,4.799242,229.318182,0.500000,1.250000,1.000000,2.000000,2.000000;2.000000;2.000000;2.000000;2.000000;2.000000;1.000000;1.000000;1.000000;1.000000;1.000000;1.000000;1.000000;1.000000;1.000000;1.000000;1.000000;1.000000;1.000000;1.000000;1.000000;1.000000;1.000000;1.000000,46,nan,0,2.000000;2.000000;2.000000;2.000000;2.000000;2.000000;2.000000;1.000000;1.000000;1.000000;1.000000;1.000000;1.000000;1.000000;1.000000;1.000000;1.000000;1.000000;1.000000;1.000000;1.000000;1.000000;1.000000,nan;0.129253;0.061413;0.157413;1.577357;0.021733;0.134693;0.100773;0.211959;0.036794;0.002471;0.128933;0.095013;0.061093;0.027173;0.157093;0.123173;0.089253;0.222773;0.021413;0.151333;0.450037;nan,2.000000;2.000000;2.000000;2.000000;2.000000;2.000000;2.000000;1.000000;1.000000;1.000000;1.000000;1.000000;1.000000;1.000000;1.000000;1.000000;1.000000;1.000000;1.000000;1.000000;1.000000;1.000000;1.000000,0,0,0,0,0,0,0,0,0,0,737,35376,197,10244,192,9216,125,5224,16,480,0,0,0,0,0,0,0,0,graph_0003__stability_0.2000,stability,0.2,graph_0003,epoch_0004
trace,static,0.183001,0.182994,798,579,105,0,0,0.391667,0.020109,72.449684,360,141,0,0,0,185,0.783333,0,0,0.000000,0.000000,0.500000,1.250000,1.000000,2.000000,2.000000;2.000000;2.000000;2.000000;2.000000;2.000000;1.000000;1.000000;1.000000;1.000000;1.000000;1.000000;1.000000;1.000000;1.000000;1.000000;1.000000;1.000000;1.000000;1.000000;1.000000;1.000000;1.000000;1.000000,46,nan,0,2.000000;2.000000;2.000000;2.000000;2.000000;2.000000;2.000000;1.000000;1.000000;1.000000;1.000000;1.000000;1.000000;1.000000;1.000000;1.000000;1.000000;1.000000;1.000000;1.000000;1.000000;1.000000;1.000000,0.118314;0.138229;0.070449;0.166389;0.098549;0.030709;0.143669;0.109749;0.075829;0.041909;0.171829;0.137909;0.103989;0.070149;0.036149;0.166069;0.132149;0.098229;0.064309;0.030389;0.160349;0.126389;nan,2.000000;2.000000;2.000000;2.000000;2.000000;2.000000;2.000000;1.000000;1.000000;1.000000;1.000000;1.000000;1.000000;1.000000;1.000000;1.000000;1.000000;1.000000;1.000000;1.000000;1.000000;1.000000;1.000000,0,0,0,0,0,0,0,0,0,0,0,0,0,0,0,0,0,0,0,0,0,0,0,0,0,0,0,0,graph_0003__stability_0.2000,stability,0.2,graph_0003,epoch_0004
trace,olsr,0.474535,0.474485,1654,1694,105,592,820,0.475000,0.023841,76.078482,360,171,1,0,0,541,0.950000,592,41500,3.461988,242.690058,0.500000,1.250000,1.000000,2.000000,2.000000;2.000000;2.000000;2.000000;2.000000;2.000000;1.000000;1.000000;1.000000;1.000000;1.000000;1.000000;1.000000;1.000000;1.000000;1.000000;1.000000;1.000000;1.000000;1.000000;1.000000;1.000000;1.000000;1.000000,46,nan,0,2.000000;2.000000;2.000000;2.000000;2.000000;2.000000;2.000000;1.000000;1.000000;1.000000;1.000000;1.000000;1.000000;1.000000;1.000000;1.000000;1.000000;1.000000;1.000000;1.000000;1.000000;1.000000;1.000000,nan;0.310775;0.061413;0.157413;nan;0.214265;0.134693;0.100773;0.066853;0.032933;nan;nan;0.095013;0.061093;0.027173;nan;0.123173;0.089253;nan;0.357999;0.151333;nan;nan,2.000000;2.000000;2.000000;2.000000;2.000000;2.000000;2.000000;1.000000;1.000000;1.000000;1.000000;1.000000;1.000000;1.000000;1.000000;1.000000;1.000000;1.000000;1.000000;1.000000;1.000000;1.000000;1.000000,351,20980,241,20520,0,0,0,0,0,0,0,0,0,0,0,0,0,0,0,0,0,0,0,0,0,0,0,0,graph_0003__stability_0.2000,stability,0.2,graph_0003,epoch_0005
trace,aodv,0.633644,0.633621,2671,2819,105,1246,1471,0.730556,0.036813,76.174714,360,263,20,0,0,699,1.461111,1246,59822,4.737643,227.460076,0.500000,1.250000,1.000000,2.000000,2.000000;2.000000;2.000000;2.000000;2.000000;2.000000;1.000000;1.000000;1.000000;1.000000;1.000000;1.000000;1.000000;1.000000;1.000000;1.000000;1.000000;1.000000;1.000000;1.000000;1.000000;1.000000;1.000000;1.000000,46,nan,0,2.000000;2.000000;2.000000;2.000000;2.000000;2.000000;2.000000;1.000000;1.000000;1.000000;1.000000;1.000000;1.000000;1.000000;1.000000;1.000000;1.000000;1.000000;1.000000;1.000000;1.000000;1.000000;1.000000,nan;0.129253;0.061413;0.157413;0.089573;0.021733;0.134693;0.100773;0.066853;0.032933;0.330181;0.128933;0.095013;0.079684;0.027173;0.157093;0.123173;0.089253;0.223919;0.021413;0.151333;0.289207;nan,2.000000;2.000000;2.000000;2.000000;2.000000;2.000000;2.000000;1.000000;1.000000;1.000000;1.000000;1.000000;1.000000;1.000000;1.000000;1.000000;1.000000;1.000000;1.000000;1.000000;1.000000;1.000000;1.000000,0,0,0,0,0,0,0,0,0,0,738,35424,198,10296,201,9648,96,4064,13,390,0,0,0,0,0,0,0,0,graph_0003__stability_0.2000,stability,0.2,graph_0003,epoch_0005
trace,static,0.184497,0.184390,798,579,105,0,0,0.391667,0.020107,72.449502,360,141,0,0,0,187,0.783333,0,0,0.000000,0.000000,0.500000,1.250000,1.000000,2.000000,2.000000;2.000000;2.000000;2.000000;2.000000;2.000000;1.000000;1.000000;1.000000;1.000000;1.000000;1.000000;1.000000;1.000000;1.000000;1.000000;1.000000;1.000000;1.000000;1.000000;1.000000;1.000000;1.000000;1.000000,46,nan,0,2.000000;2.000000;2.000000;2.000000;2.000000;2.000000;2.000000;1.000000;1.000000;1.000000;1.000000;1.000000;1.000000;1.000000;1.000000;1.000000;1.000000;1.000000;1.000000;1.000000;1.000000;1.000000;1.000000,0.096494;0.138229;0.070449;0.166389;0.098549;0.030709;0.143669;0.109749;0.075829;0.041909;0.171829;0.137909;0.103989;0.070149;0.036149;0.166069;0.132149;0.098229;0.064309;0.030389;0.160349;0.126389;nan,2.000000;2.000000;2.000000;2.000000;2.000000;2.000000;2.000000;1.000000;1.000000;1.000000;1.000000;1.000000;1.000000;1.000000;1.000000;1.000000;1.000000;1.000000;1.000000;1.000000;1.000000;1.000000;1.000000,0,0,0,0,0,0,0,0,0,0,0,0,0,0,0,0,0,0,0,0,0,0,0,0,0,0,0,0,graph_0003__stability_0.2000,stability,0.2,graph_0003,epoch_0005
trace,olsr,0.456645,0.456608,1604,1630,105,593,819,0.444444,0.022818,75.091854,360,160,0,0,0,556,0.888889,593,41620,3.706250,260.125000,0.500000,1.250000,1.000000,2.000000,2.000000;2.000000;2.000000;2.000000;2.000000;2.000000;1.000000;1.000000;1.000000;1.000000;1.000000;1.000000;1.000000;1.000000;1.000000;1.000000;1.000000;1.000000;1.000000;1.000000;1.000000;1.000000;1.000000;1.000000,46,nan,0,2.000000;2.000000;2.000000;2.000000;2.000000;2.000000;2.000000;1.000000;1.000000;1.000000;1.000000;1.000000;1.000000;1.000000;1.000000;1.000000;1.000000;1.000000;1.000000;1.000000;1.000000;1.000000;1.000000,nan;0.310775;0.061413;0.157413;nan;0.213905;0.134693;0.100773;0.066853;0.032933;nan;nan;0.095013;nan;nan;0.157093;nan;nan;0.055333;0.021413;0.251029;0.117413;nan,2.000000;2.000000;2.000000;2.000000;2.000000;2.000000;2.000000;1.000000;1.000000;1.000000;1.000000;1.000000;1.000000;1.000000;1.000000;1.000000;1.000000;1.000000;1.000000;1.000000;1.000000;1.000000;1.000000,351,20968,242,20652,0,0,0,0,0,0,0,0,0,0,0,0,0,0,0,0,0,0,0,0,0,0,0,0,graph_0003__stability_0.2000,stability,0.2,graph_0003,epoch_0002
trace,aodv,0.624590,0.624547,2690,2890,105,1281,1532,0.741667,0.037380,76.203801,360,267,42,0,0,563,1.483333,1281,61230,4.797753,229.325843,0.500000,1.250000,1.000000,2.000000,2.000000;2.000000;2.000000;2.000000;2.000000;2.000000;1.000000;1.000000;1.000000;1.000000;1.000000;1.000000;1.000000;1.000000;1.000000;1.000000;1.000000;1.000000;1.000000;1.000000;1.000000;1.000000;1.000000;1.000000,46,nan,0,2.000000;2.000000;2.000000;2.000000;2.000000;2.000000;2.000000;1.000000;1.000000;1.000000;1.000000;1.000000;1.000000;1.000000;1.000000;1.000000;1.000000;1.000000;1.000000;1.000000;1.000000;1.000000;1.000000,nan;0.129253;0.061413;0.157413;0.089573;0.022933;0.134693;0.100773;0.066853;0.032933;0.494557;0.128933;0.095013;0.061093;0.027173;0.157093;0.123173;0.089253;0.055333;0.021413;0.151333;0.457815;nan,2.000000;2.000000;2.000000;2.000000;2.000000;2.000000;2.000000;1.000000;1.000000;1.000000;1.000000;1.000000;1.000000;1.000000;1.000000;1.000000;1.000000;1.000000;1.000000;1.000000;1.000000;1.000000;1.000000,0,0,0,0,0,0,0,0,0,0,741,35568,204,10608,194,9312,129,5352,13,390,0,0,0,0,0,0,0,0,graph_0003__stability_0.2000,stability,0.2,graph_0003,epoch_0002
trace,static,0.180716,0.180695,798,579,105,0,0,0.391667,0.020108,72.449554,360,141,0,0,0,187,0.783333,0,0,0.000000,0.000000,0.500000,1.250000,1.000000,2.000000,2.000000;2.000000;2.000000;2.000000;2.000000;2.000000;1.000000;1.000000;1.000000;1.000000;1.000000;1.000000;1.000000;1.000000;1.000000;1.000000;1.000000;1.000000;1.000000;1.000000;1.000000;1.000000;1.000000;1.000000,46,nan,0,2.000000;2.000000;2.000000;2.000000;2.000000;2.000000;2.000000;1.000000;1.000000;1.000000;1.000000;1.000000;1.000000;1.000000;1.000000;1.000000;1.000000;1.000000;1.000000;1.000000;1.000000;1.000000;1.000000,0.101214;0.138229;0.070449;0.166389;0.098549;0.030709;0.143669;0.109749;0.075829;0.041909;0.171829;0.137909;0.103989;0.070149;0.036149;0.166069;0.132149;0.098229;0.064309;0.030389;0.160349;0.126389;nan,2.000000;2.000000;2.000000;2.000000;2.000000;2.000000;2.000000;1.000000;1.000000;1.000000;1.000000;1.000000;1.000000;1.000000;1.000000;1.000000;1.000000;1.000000;1.000000;1.000000;1.000000;1.000000;1.000000,0,0,0,0,0,0,0,0,0,0,0,0,0,0,0,0,0,0,0,0,0,0,0,0,0,0,0,0,graph_0003__stability_0.2000,stability,0.2,graph_0003,epoch_0002
trace,olsr,0.444372,0.444323,1567,1684,105,579,881,0.436111,0.021891,76.423917,360,157,5,0,0,491,0.872222,579,40076,3.687898,255.261146,0.500000,1.666667,2.000000,2.000000,2.000000;2.000000;2.000000;2.000000;2.000000;2.000000;2.000000;2.000000;2.000000;2.000000;2.000000;2.000000;1.000000;1.000000;1.000000;1.000000;1.000000;1.000000,34,nan,0,2.000000;2.000000;2.000000;2.000000;2.000000;2.000000;2.000000;2.000000;2.000000;2.000000;2.000000;2.000000;2.000000;1.000000;1.000000;1.000000;1.000000,0.033253;nan;0.061413;nan;1.297534;nan;0.117733;nan;0.991751;0.078053;0.010213;nan;0.055333;0.021413;0.151333;0.117413;nan,2.000000;2.000000;2.000000;2.000000;2.000000;2.000000;2.000000;2.000000;2.000000;2.000000;2.000000;2.000000;2.000000;1.000000;1.000000;1.000000;1.000000,350,21732,229,18344,0,0,0,0,0,0,0,0,0,0,0,0,0,0,0,0,0,0,0,0,0,0,0,0,graph_0004__stability_0.4000,stability,0.4,graph_0004,epoch_0001
trace,aodv,0.556488,0.556432,2499,2897,105,1139,1567,0.727778,0.036675,72.137055,360,262,12,56,0,514,1.455556,1139,54598,4.347328,208.389313,0.500000,1.666667,2.000000,2.000000,2.000000;2.000000;2.000000;2.000000;2.000000;2.000000;2.000000;2.000000;2.000000;2.000000;2.000000;2.000000;1.000000;1.000000;1.000000;1.000000;1.000000;1.000000,34,nan,0,2.000000;2.000000;2.000000;2.000000;2.000000;2.000000;2.000000;2.000000;2.000000;2.000000;2.000000;2.000000;2.000000;1.000000;1.000000;1.000000;1.000000,0.033253;0.129253;0.061413;0.157413;1.422136;1.529140;0.117733;0.049893;1.481913;0.078053;1.519864;nan;nan;nan;0.416225;0.117413;nan,2.000000;2.000000;2.000000;2.000000;2.000000;2.000000;2.000000;2.000000;2.000000;2.000000;2.000000;2.000000;2.000000;1.000000;1.000000;1.000000;1.000000,0,0,0,0,0,0,0,0,0,0,753,36144,166,8632,123,5904,76,3288,21,630,0,0,0,0,0,0,0,0,graph_0004__stability_0.4000,stability,0.4,graph_0004,epoch_0001
trace,static,0.187586,0.187584,832,622,105,0,0,0.416667,0.021393,72.309067,360,150,0,0,0,147,0.833333,0,0,0.000000,0.000000,0.500000,1.666667,2.000000,2.000000,2.000000;2.000000;2.000000;2.000000;2.000000;2.000000;2.000000;2.000000;2.000000;2.000000;2.000000;2.000000;1.000000;1.000000;1.000000;1.000000;1.000000;1.000000,34,nan,0,2.000000;2.000000;2.000000;2.000000;2.000000;2.000000;2.000000;2.000000;2.000000;2.000000;2.000000;2.000000;2.000000;1.000000;1.000000;1.000000;1.000000,0.042229;0.187794;0.070389;0.166389;0.098549;0.030709;0.126709;0.058869;0.154869;0.087029;0.019189;0.123895;0.064309;0.030389;0.160309;0.126389;nan,2.000000;2.000000;2.000000;2.000000;2.000000;2.000000;2.000000;2.000000;2.000000;2.000000;2.000000;2.000000;2.000000;1.000000;1.000000;1.000000;1.000000,0,0,0,0,0,0,0,0,0,0,0,0,0,0,0,0,0,0,0,0,0,0,0,0,0,0,0,0,graph_0004__stability_0.4000,stability,0.4,graph_0004,epoch_0001
trace,olsr,0.453039,0.452609,1513,1584,105,591,892,0.330556,0.016591,73.585300,360,119,11,0,0,530,0.661111,591,42684,4.966387,358.689076,0.500000,1.666667,2.000000,2.000000,2.000000;2.000000;2.000000;2.000000;2.000000;2.000000;2.000000;2.000000;2.000000;2.000000;2.000000;2.000000;1.000000;1.000000;1.000000;1.000000;1.000000;1.000000,34,nan,0,2.000000;2.000000;2.000000;2.000000;2.000000;2.000000;2.000000;2.000000;2.000000;2.000000;2.000000;2.000000;2.000000;1.000000;1.000000;1.000000;1.000000,0.033253;nan;0.061413;nan;1.294468;nan;1.273789;nan;0.223433;nan;0.010213;nan;0.055333;0.021413;0.151333;0.117413;nan,2.000000;2.000000;2.000000;2.000000;2.000000;2.000000;2.000000;2.000000;2.000000;2.000000;2.000000;2.000000;2.000000;1.000000;1.000000;1.000000;1.000000,349,21652,242,21032,0,0,0,0,0,0,0,0,0,0,0,0,0,0,0,0,0,0,0,0,0,0,0,0,graph_0004__stability_0.4000,stability,0.4,graph_0004,epoch_0003
trace,aodv,0.566351,0.565658,2474,2855,105,1134,1552,0.708333,0.035686,71.711865,360,255,12,56,0,529,1.416667,1134,54360,4.447059,213.176471,0.500000,1.666667,2.000000,2.000000,2.000000;2.000000;2.000000;2.000000;2.000000;2.000000;2.000000;2.000000;2.000000;2.000000;2.000000;2.000000;1.000000;1.000000;1.000000;1.000000;1.000000;1.000000,34,nan,0,2.000000;2.000000;2.000000;2.000000;2.000000;2.000000;2.000000;2.000000;2.000000;2.000000;2.000000;2.000000;2.000000;1.000000;1.000000;1.000000;1.000000,0.033253;0.005847;0.061413;0.157413;1.429481;1.542336;0.117733;0.074644;0.145893;0.078053;1.506557;nan;nan;nan;0.415240;0.117413;nan,2.000000;2.000000;2.000000;2.000000;2.000000;2.000000;2.000000;2.000000;2.000000;2.000000;2.000000;2.000000;2.000000;1.000000;1.000000;1.000000;1.000000,0,0,0,0,0,0,0,0,0,0,754,36192,161,8372,119,5712,82,3544,18,540,0,0,0,0,0,0,0,0,graph_0004__stability_0.4000,stability,0.4,graph_0004,epoch_0003
trace,static,0.190205,0.189971,832,623,105,0,0,0.419444,0.021532,72.325176,360,151,0,0,0,147,0.838889,0,0,0.000000,0.000000,0.500000,1.666667,2.000000,2.000000,2.000000;2.000000;2.000000;2.000000;2.000000;2.000000;2.000000;2.000000;2.000000;2.000000;2.000000;2.000000;1.000000;1.000000;1.000000;1.000000;1.000000;1.000000,34,nan,0,2.000000;2.000000;2.000000;2.000000;2.000000;2.000000;2.000000;2.000000;2.000000;2.000000;2.000000;2.000000;2.000000;1.000000;1.000000;1.000000;1.000000,0.042229;0.188028;0.070389;0.166389;0.098549;0.030709;0.126709;0.058869;0.154869;0.087029;0.019189;0.115269;0.064309;0.030389;0.160309;0.126389;nan,2.000000;2.000000;2.000000;2.000000;2.000000;2.000000;2.000000;2.000000;2.000000;2.000000;2.000000;2.000000;2.000000;1.000000;1.000000;1.000000;1.000000,0,0,0,0,0,0,0,0,0,0,0,0,0,0,0,0,0,0,0,0,0,0,0,0,0,0,0,0,graph_0004__stability_0.4000,stability,0.4,graph_0004,epoch_0003
trace,olsr,0.681027,0.680346,2392,2458,105,598,883,0.308333,0.015476,73.845219,360,111,0,0,0,511,0.616667,598,42628,5.387387,384.036036,0.500000,1.666667,2.000000,2.000000,2.000000;2.000000;2.000000;2.000000;2.000000;2.000000;2.000000;2.000000;2.000000;2.000000;2.000000;2.000000;1.000000;1.000000;1.000000;1.000000;1.000000;1.000000,34,nan,0,2.000000;2.000000;2.000000;2.000000;2.000000;2.000000;2.000000;2.000000;2.000000;2.000000;2.000000;2.000000;2.000000;1.000000;1.000000;1.000000;1.000000,0.033253;nan;0.061413;nan;nan;nan;1.592293;nan;0.220045;nan;1.502455;nan;0.055333;0.021413;0.152853;0.117413;nan,2.000000;2.000000;2.000000;2.000000;2.000000;2.000000;2.000000;2.000000;2.000000;2.000000;2.000000;2.000000;2.000000;1.000000;1.000000;1.000000;1.000000,353,21864,217,19196,0,0,0,0,28,1568,0,0,0,0,0,0,0,0,0,0,0,0,0,0,0,0,0,0,graph_0004__stability_0.4000,stability,0.4,graph_0004,epoch_0004
trace,aodv,0.572935,0.572254,2511,2897,105,1149,1573,0.686111,0.034573,70.455597,360,247,19,56,0,561,1.372222,1149,54986,4.651822,222.615385,0.500000,1.666667,2.000000,2.000000,2.000000;2.000000;2.000000;2.000000;2.000000;2.000000;2.000000;2.000000;2.000000;2.000000;2.000000;2.000000;1.000000;1.000000;1.000000;1.000000;1.000000;1.000000,34,nan,0,2.000000;2.000000;2.000000;2.000000;2.000000;2.000000;2.000000;2.000000;2.000000;2.000000;2.000000;2.000000;2.000000;1.000000;1.000000;1.000000;1.000000,0.033253;0.129253;0.061413;0.157413;1.427473;1.544716;0.117733;0.049893;1.633088;0.078053;1.507924;nan;nan;nan;0.415820;0.117413;nan,2.000000;2.000000;2.000000;2.000000;2.000000;2.000000;2.000000;2.000000;2.000000;2.000000;2.000000;2.000000;2.000000;1.000000;1.000000;1.000000;1.000000,0,0,0,0,0,0,0,0,0,0,752,36096,171,8892,116,5568,89,3800,21,630,0,0,0,0,0,0,0,0,graph_0004__stability_0.4000,stability,0.4,graph_0004,epoch_0004
trace,static,0.189306,0.189108,829,619,105,0,0,0.416667,0.021391,72.308973,360,150,0,0,0,142,0.833333,0,0,0.000000,0.000000,0.500000,1.666667,2.000000,2.000000,2.000000;2.000000;2.000000;2.000000;2.000000;2.000000;2.000000;2.000000;2.000000;2.000000;2.000000;2.000000;1.000000;1.000000;1.000000;1.000000;1.000000;1.000000,34,nan,0,2.000000;2.000000;2.000000;2.000000;2.000000;2.000000;2.000000;2.000000;2.000000;2.000000;2.000000;2.000000;2.000000;1.000000;1.000000;1.000000;1.000000,0.042229;0.186594;0.070389;0.166389;0.098549;0.030709;0.126709;0.058869;0.154869;0.087029;0.019189;0.115189;0.064309;0.030389;0.160309;0.126389;nan,2.000000;2.000000;2.000000;2.000000;2.000000;2.000000;2.000000;2.000000;2.000000;2.000000;2.000000;2.000000;2.000000;1.000000;1.000000;1.000000;1.000000,0,0,0,0,0,0,0,0,0,0,0,0,0,0,0,0,0,0,0,0,0,0,0,0,0,0,0,0,graph_0004__stability_0.4000,stability,0.4,graph_0004,epoch_0004
trace,olsr,0.415293,0.415285,1390,1471,105,575,870,0.247222,0.012838,73.060060,360,89,22,0,0,496,0.494444,575,40260,6.460674,452.359551,0.500000,1.666667,2.000000,2.000000,2.000000;2.000000;2.000000;2.000000;2.000000;2.000000;2.000000;2.000000;2.000000;2.000000;2.000000;2.000000;1.000000;1.000000;1.000000;1.000000;1.000000;1.000000,34,nan,0,2.000000;2.000000;2.000000;2.000000;2.000000;2.000000;2.000000;2.000000;2.000000;2.000000;2.000000;2.000000;2.000000;1.000000;1.000000;1.000000;1.000000,0.033253;nan;nan;nan;1.299094;nan;1.437629;nan;0.225765;nan;1.511431;nan;0.055333;0.021413;0.151333;nan;nan,2.000000;2.000000;2.000000;2.000000;2.000000;2.000000;2.000000;2.000000;2.000000;2.000000;2.000000;2.000000;2.000000;1.000000;1.000000;1.000000;1.000000,352,21832,223,18428,0,0,0,0,0,0,0,0,0,0,0,0,0,0,0,0,0,0,0,0,0,0,0,0,graph_0004__stability_0.4000,stability,0.4,graph_0004,epoch_0005
trace,aodv,0.553781,0.553605,2481,2855,105,1109,1511,0.752778,0.037929,71.544417,360,271,5,56,0,442,1.505556,1109,53168,4.092251,196.191882,0.500000,1.666667,2.000000,2.000000,2.000000;2.000000;2.000000;2.000000;2.000000;2.000000;2.000000;2.000000;2.000000;2.000000;2.000000;2.000000;1.000000;1.000000;1.000000;1.000000;1.000000;1.000000,34,nan,0,2.000000;2.000000;2.000000;2.000000;2.000000;2.000000;2.000000;2.000000;2.000000;2.000000;2.000000;2.000000;2.000000;1.000000;1.000000;1.000000;1.000000,0.033253;0.129253;0.061413;0.157413;1.423640;1.536061;0.117733;0.049893;1.480144;0.078053;1.515184;nan;nan;nan;0.413620;0.117413;nan,2.000000;2.000000;2.000000;2.000000;2.000000;2.000000;2.000000;2.000000;2.000000;2.000000;2.000000;2.000000;2.000000;1.000000;1.000000;1.000000;1.000000,0,0,0,0,0,0,0,0,0,0,751,36048,158,8216,108,5184,72,3120,20,600,0,0,0,0,0,0,0,0,graph_0004__stability_0.4000,stability,0.4,graph_0004,epoch_0005
trace,static,0.187009,0.186992,829,619,105,0,0,0.416667,0.021390,72.308960,360,150,0,0,0,143,0.833333,0,0,0.000000,0.000000,0.500000,1.666667,2.000000,2.000000,2.000000;2.000000;2.000000;2.000000;2.000000;2.000000;2.000000;2.000000;2.000000;2.000000;2.000000;2.000000;1.000000;1.000000;1.000000;1.000000;1.000000;1.000000,34,nan,0,2.000000;2.000000;2.000000;2.000000;2.000000;2.000000;2.000000;2.000000;2.000000;2.000000;2.000000;2.000000;2.000000;1.000000;1.000000;1.000000;1.000000,0.042229;0.186834;0.070389;0.166389;0.098549;0.030709;0.126709;0.058869;0.154869;0.087029;0.019189;0.115189;0.064309;0.030389;0.160309;0.126389;nan,2.000000;2.000000;2.000000;2.000000;2.000000;2.000000;2.000000;2.000000;2.000000;2.000000;2.000000;2.000000;2.000000;1.000000;1.000000;1.000000;1.000000,0,0,0,0,0,0,0,0,0,0,0,0,0,0,0,0,0,0,0,0,0,0,0,0,0,0,0,0,graph_0004__stability_0.4000,stability,0.4,graph_0004,epoch_0005
trace,olsr,0.479740,0.479690,1619,1697,105,584,884,0.305556,0.017478,64.082104,360,110,2,0,0,479,0.611111,584,41740,5.309091,379.454545,0.500000,1.666667,2.000000,2.000000,2.000000;2.000000;2.000000;2.000000;2.000000;2.000000;2.000000;2.000000;2.000000;2.000000;2.000000;2.000000;1.000000;1.000000;1.000000;1.000000;1.000000;1.000000,34,nan,0,2.000000;2.000000;2.000000;2.000000;2.000000;2.000000;2.000000;2.000000;2.000000;2.000000;2.000000;2.000000;2.000000;1.000000;1.000000;1.000000;1.000000,0.033253;nan;0.061413;0.159843;0.089573;nan;0.117733;nan;0.221045;nan;1.502455;nan;0.055333;nan;nan;nan;nan,2.000000;2.000000;2.000000;2.000000;2.000000;2.000000;2.000000;2.000000;2.000000;2.000000;2.000000;2.000000;2.000000;1.000000;1.000000;1.000000;1.000000,351,21964,227,19440,0,0,0,0,6,336,0,0,0,0,0,0,0,0,0,0,0,0,0,0,0,0,0,0,graph_0004__stability_0.4000,stability,0.4,graph_0004,epoch_0002
trace,aodv,0.553463,0.553441,2470,2826,105,1116,1523,0.661111,0.033877,71.073992,360,238,15,56,0,482,1.322222,1116,53430,4.689076,224.495798,0.500000,1.666667,2.000000,2.000000,2.000000;2.000000;2.000000;2.000000;2.000000;2.000000;2.000000;2.000000;2.000000;2.000000;2.000000;2.000000;1.000000;1.000000;1.000000;1.000000;1.000000;1.000000,34,nan,0,2.000000;2.000000;2.000000;2.000000;2.000000;2.000000;2.000000;2.000000;2.000000;2.000000;2.000000;2.000000;2.000000;1.000000;1.000000;1.000000;1.000000,0.033253;0.129253;0.061413;0.157413;1.410644;1.522616;0.117733;0.049893;nan;0.078053;1.513824;nan;nan;nan;0.421180;0.117413;nan,2.000000;2.000000;2.000000;2.000000;2.000000;2.000000;2.000000;2.000000;2.000000;2.000000;2.000000;2.000000;2.000000;1.000000;1.000000;1.000000;1.000000,0,0,0,0,0,0,0,0,0,0,752,36096,155,8060,107,5136,83,3568,19,570,0,0,0,0,0,0,0,0,graph_0004__stability_0.4000,stability,0.4,graph_0004,epoch_0002
trace,static,0.190777,0.190769,832,622,105,0,0,0.416667,0.021387,72.308973,360,150,0,0,0,146,0.833333,0,0,0.000000,0.000000,0.500000,1.666667,2.000000,2.000000,2.000000;2.000000;2.000000;2.000000;2.000000;2.000000;2.000000;2.000000;2.000000;2.000000;2.000000;2.000000;1.000000;1.000000;1.000000;1.000000;1.000000;1.000000,34,nan,0,2.000000;2.000000;2.000000;2.000000;2.000000;2.000000;2.000000;2.000000;2.000000;2.000000;2.000000;2.000000;2.000000;1.000000;1.000000;1.000000;1.000000,0.042229;0.188714;0.070389;0.166389;0.098549;0.030709;0.126709;0.058869;0.154869;0.087029;0.019189;0.123895;0.064309;0.030389;0.160309;0.126389;nan,2.000000;2.000000;2.000000;2.000000;2.000000;2.000000;2.000000;2.000000;2.000000;2.000000;2.000000;2.000000;2.000000;1.000000;1.000000;1.000000;1.000000,0,0,0,0,0,0,0,0,0,0,0,0,0,0,0,0,0,0,0,0,0,0,0,0,0,0,0,0,graph_0004__stability_0.4000,stability,0.4,graph_0004,epoch_0002
trace,olsr,0.407601,0.407162,1442,1543,105,562,839,0.391667,0.019661,78.852576,360,141,10,0,0,331,0.783333,562,38720,3.985816,274.609929,0.500000,4.285714,4.000000,5.000000,5.000000;5.000000;4.000000;4.000000;4.000000;4.000000;4.000000,12,nan,0,5.000000;5.000000;5.000000;5.000000;5.000000;5.000000,nan;0.471966;nan;0.111973;0.123173;0.134373,5.000000;5.000000;5.000000;5.000000;5.000000;5.000000,349,21468,213,17252,0,0,0,0,0,0,0,0,0,0,0,0,0,0,0,0,0,0,0,0,0,0,0,0,graph_0004__stability_0.8000,stability,0.8,graph_0004,epoch_0001
trace,aodv,0.465054,0.464615,2158,2524,105,1008,1396,0.622222,0.031356,77.134344,360,224,2,112,0,353,1.244444,1008,48502,4.500000,216.526786,0.500000,4.285714,4.000000,5.000000,5.000000;5.000000;4.000000;4.000000;4.000000;4.000000;4.000000,12,nan,0,5.000000;5.000000;5.000000;5.000000;5.000000;5.000000,0.095333;nan;0.100773;nan;0.001129;0.134373,5.000000;5.000000;5.000000;5.000000;5.000000;5.000000,0,0,0,0,0,0,0,0,0,0,783,37584,107,5564,73,3504,34,1520,11,330,0,0,0,0,0,0,0,0,graph_0004__stability_0.8000,stability,0.8,graph_0004,epoch_0001
trace,static,0.190099,0.189825,867,675,105,0,0,0.466667,0.023425,73.107047,360,168,0,0,0,88,0.933333,0,0,0.000000,0.000000,0.500000,4.285714,4.000000,5.000000,5.000000;5.000000;4.000000;4.000000;4.000000;4.000000;4.000000,12,nan,0,5.000000;5.000000;5.000000;5.000000;5.000000;5.000000,0.153714;0.098549;0.109749;0.120949;0.132149;0.143349,5.000000;5.000000;5.000000;5.000000;5.000000;5.000000,0,0,0,0,0,0,0,0,0,0,0,0,0,0,0,0,0,0,0,0,0,0,0,0,0,0,0,0,graph_0004__stability_0.8000,stability,0.8,graph_0004,epoch_0001
trace,olsr,0.376925,0.376897,1349,1435,105,553,816,0.322222,0.016172,78.068516,360,116,20,0,0,330,0.644444,553,38008,4.767241,327.655172,0.500000,4.285714,4.000000,5.000000,5.000000;5.000000;4.000000;4.000000;4.000000;4.000000;4.000000,12,nan,0,5.000000;5.000000;5.000000;5.000000;5.000000;5.000000,nan;0.962008;nan;1.276535;0.123173;0.134373,5.000000;5.000000;5.000000;5.000000;5.000000;5.000000,355,21948,198,16060,0,0,0,0,0,0,0,0,0,0,0,0,0,0,0,0,0,0,0,0,0,0,0,0,graph_0004__stability_0.8000,stability,0.8,graph_0004,epoch_0003
trace,aodv,0.470075,0.470007,2195,2568,105,1046,1438,0.625000,0.031488,77.031558,360,225,4,112,0,365,1.250000,1046,50176,4.648889,223.004444,0.500000,4.285714,4.000000,5.000000,5.000000;5.000000;4.000000;4.000000;4.000000;4.000000;4.000000,12,nan,0,5.000000;5.000000;5.000000;5.000000;5.000000;5.000000,0.095333;nan;0.100773;nan;0.000507;0.134373,5.000000;5.000000;5.000000;5.000000;5.000000;5.000000,0,0,0,0,0,0,0,0,0,0,782,37536,110,5720,70,3360,71,3144,12,360,1,56,0,0,0,0,0,0,graph_0004__stability_0.8000,stability,0.8,graph_0004,epoch_0003
trace,static,0.187025,0.187018,867,675,105,0,0,0.466667,0.023422,73.107003,360,168,0,0,0,88,0.933333,0,0,0.000000,0.000000,0.500000,4.285714,4.000000,5.000000,5.000000;5.000000;4.000000;4.000000;4.000000;4.000000;4.000000,12,nan,0,5.000000;5.000000;5.000000;5.000000;5.000000;5.000000,0.154108;0.098549;0.109749;0.120949;0.132149;0.143349,5.000000;5.000000;5.000000;5.000000;5.000000;5.000000,0,0,0,0,0,0,0,0,0,0,0,0,0,0,0,0,0,0,0,0,0,0,0,0,0,0,0,0,graph_0004__stability_0.8000,stability,0.8,graph_0004,epoch_0003
trace,olsr,0.755945,0.755878,2787,2891,105,603,876,0.283333,0.015333,73.572852,360,102,18,0,0,331,0.566667,603,41628,5.911765,408.117647,0.500000,4.285714,4.000000,5.000000,5.000000;5.000000;4.000000;4.000000;4.000000;4.000000;4.000000,12,nan,0,5.000000;5.000000;5.000000;5.000000;5.000000;5.000000,nan;1.128394;nan;1.586533;0.123173;nan,5.000000;5.000000;5.000000;5.000000;5.000000;5.000000,352,21720,205,17332,0,0,0,0,46,2576,0,0,0,0,0,0,0,0,0,0,0,0,0,0,0,0,0,0,graph_0004__stability_0.8000,stability,0.8,graph_0004,epoch_0004
trace,aodv,0.481113,0.481084,2191,2569,105,1041,1439,0.627778,0.031634,76.931023,360,226,2,112,0,340,1.255556,1041,50042,4.606195,221.424779,0.500000,4.285714,4.000000,5.000000,5.000000;5.000000;4.000000;4.000000;4.000000;4.000000;4.000000,12,nan,0,5.000000;5.000000;5.000000;5.000000;5.000000;5.000000,0.095333;nan;0.100773;nan;0.000006;0.134373,5.000000;5.000000;5.000000;5.000000;5.000000;5.000000,0,0,0,0,0,0,0,0,0,0,781,37488,110,5720,75,3600,63,2848,11,330,1,56,0,0,0,0,0,0,graph_0004__stability_0.8000,stability,0.8,graph_0004,epoch_0004
trace,static,0.189293,0.189280,867,675,105,0,0,0.466667,0.023424,73.107016,360,168,0,0,0,88,0.933333,0,0,0.000000,0.000000,0.500000,4.285714,4.000000,5.000000,5.000000;5.000000;4.000000;4.000000;4.000000;4.000000;4.000000,12,nan,0,5.000000;5.000000;5.000000;5.000000;5.000000;5.000000,0.152694;0.098549;0.109749;0.120949;0.132149;0.143349,5.000000;5.000000;5.000000;5.000000;5.000000;5.000000,0,0,0,0,0,0,0,0,0,0,0,0,0,0,0,0,0,0,0,0,0,0,0,0,0,0,0,0,graph_0004__stability_0.8000,stability,0.8,graph_0004,epoch_0004
trace,olsr,0.404221,0.404173,1443,1549,105,571,852,0.388889,0.019519,78.848977,360,140,14,0,0,329,0.777778,571,39284,4.078571,280.600000,0.500000,4.285714,4.000000,5.000000,5.000000;5.000000;4.000000;4.000000;4.000000;4.000000;4.000000,12,nan,0,5.000000;5.000000;5.000000;5.000000;5.000000;5.000000,nan;0.639974;nan;0.111973;0.123173;0.134373,5.000000;5.000000;5.000000;5.000000;5.000000;5.000000,352,21696,219,17588,0,0,0,0,0,0,0,0,0,0,0,0,0,0,0,0,0,0,0,0,0,0,0,0,graph_0004__stability_0.8000,stability,0.8,graph_0004,epoch_0005
trace,aodv,0.462611,0.462589,2172,2528,105,1003,1375,0.644444,0.032471,76.337348,360,232,0,112,0,306,1.288889,1003,48236,4.323276,207.913793,0.500000,4.285714,4.000000,5.000000,5.000000;5.000000;4.000000;4.000000;4.000000;4.000000;4.000000,12,nan,0,5.000000;5.000000;5.000000;5.000000;5.000000;5.000000,0.095333;nan;0.100773;nan;0.000235;0.134373,5.000000;5.000000;5.000000;5.000000;5.000000;5.000000,0,0,0,0,0,0,0,0,0,0,785,37680,104,5408,67,3216,37,1632,10,300,0,0,0,0,0,0,0,0,graph_0004__stability_0.8000,stability,0.8,graph_0004,epoch_0005
trace,static,0.188997,0.188887,867,675,105,0,0,0.466667,0.023423,73.107003,360,168,0,0,0,88,0.933333,0,0,0.000000,0.000000,0.500000,4.285714,4.000000,5.000000,5.000000;5.000000;4.000000;4.000000;4.000000;4.000000;4.000000,12,nan,0,5.000000;5.000000;5.000000;5.000000;5.000000;5.000000,0.152794;0.098549;0.109749;0.120949;0.132149;0.143349,5.000000;5.000000;5.000000;5.000000;5.000000;5.000000,0,0,0,0,0,0,0,0,0,0,0,0,0,0,0,0,0,0,0,0,0,0,0,0,0,0,0,0,graph_0004__stability_0.8000,stability,0.8,graph_0004,epoch_0005
trace,olsr,0.368848,0.368820,1353,1506,105,568,853,0.369444,0.018540,80.555891,360,133,0,0,0,282,0.738889,568,40288,4.270677,302.917293,0.500000,4.285714,4.000000,5.000000,5.000000;5.000000;4.000000;4.000000;4.000000;4.000000;4.000000,12,nan,0,5.000000;5.000000;5.000000;5.000000;5.000000;5.000000,nan;nan;1.929671;0.111973;0.123173;0.134373,5.000000;5.000000;5.000000;5.000000;5.000000;5.000000,351,21724,217,18564,0,0,0,0,0,0,0,0,0,0,0,0,0,0,0,0,0,0,0,0,0,0,0,0,graph_0004__stability_0.8000,stability,0.8,graph_0004,epoch_0002
trace,aodv,0.461446,0.461404,2177,2554,105,1035,1439,0.608333,0.031173,77.895166,360,219,2,112,0,286,1.216667,1035,49728,4.726027,227.068493,0.500000,4.285714,4.000000,5.000000,5.000000;5.000000;4.000000;4.000000;4.000000;4.000000;4.000000,12,nan,0,5.000000;5.000000;5.000000;5.000000;5.000000;5.000000,0.095333;nan;0.100773;nan;0.000430;0.134373,5.000000;5.000000;5.000000;5.000000;5.000000;5.000000,0,0,0,0,0,0,0,0,0,0,782,37536,110,5720,70,3360,60,2696,12,360,1,56,0,0,0,0,0,0,graph_0004__stability_0.8000,stability,0.8,graph_0004,epoch_0002
trace,static,0.186523,0.186516,867,675,105,0,0,0.466667,0.023419,73.106964,360,168,0,0,0,88,0.933333,0,0,0.000000,0.000000,0.500000,4.285714,4.000000,5.000000,5.000000;5.000000;4.000000;4.000000;4.000000;4.000000;4.000000,12,nan,0,5.000000;5.000000;5.000000;5.000000;5.000000;5.000000,0.154794;0.098549;0.109749;0.120949;0.132149;0.143349,5.000000;5.000000;5.000000;5.000000;5.000000;5.000000,0,0,0,0,0,0,0,0,0,0,0,0,0,0,0,0,0,0,0,0,0,0,0,0,0,0,0,0,graph_0004__stability_0.8000,stability,0.8,graph_0004,epoch_0002
trace,olsr,0.549123,0.548964,1978,2000,105,592,790,0.400000,0.020664,70.571150,360,144,11,0,0,476,0.800000,592,40708,4.111111,282.694444,0.500000,2.307692,2.000000,3.000000,3.000000;3.000000;3.000000;3.000000;2.000000;2.000000;2.000000;2.000000;2.000000;2.000000;2.000000;2.000000;2.000000,24,nan,0,3.000000;3.000000;3.000000;3.000000;3.000000;3.000000;2.000000;2.000000;2.000000;2.000000;2.000000;2.000000,0.163173;nan;0.123493;0.358609;0.100773;0.946894;0.284809;1.209577;0.140133;0.072293;nan;nan,3.000000;3.000000;3.000000;3.000000;3.000000;3.000000;2.000000;2.000000;2.000000;2.000000;2.000000;2.000000,356,21192,222,18732,0,0,0,0,14,784,0,0,0,0,0,0,0,0,0,0,0,0,0,0,0,0,0,0,graph_0003__stability_0.6000,stability,0.6,graph_0003,epoch_0001
trace,aodv,0.576313,0.576290,2571,2788,105,1102,1363,0.805556,0.042999,74.195053,360,290,7,0,0,583,1.611111,1102,52908,3.800000,182.441379,0.500000,2.307692,2.000000,3.000000,3.000000;3.000000;3.000000;3.000000;2.000000;2.000000;2.000000;2.000000;2.000000;2.000000;2.000000;2.000000;2.000000,24,nan,0,3.000000;3.000000;3.000000;3.000000;3.000000;3.000000;2.000000;2.000000;2.000000;2.000000;2.000000;2.000000,0.163173;0.442909;0.482425;1.515376;0.100773;1.507908;1.454521;1.551052;0.140133;0.072293;0.004453;nan,3.000000;3.000000;3.000000;3.000000;3.000000;3.000000;2.000000;2.000000;2.000000;2.000000;2.000000;2.000000,0,0,0,0,0,0,0,0,0,0,752,36096,160,8320,108,5184,68,2888,14,420,0,0,0,0,0,0,0,0,graph_0003__stability_0.6000,stability,0.6,graph_0003,epoch_0001
trace,static,0.189484,0.189470,845,643,105,0,0,0.438889,0.022028,73.470709,360,158,0,0,0,128,0.877778,0,0,0.000000,0.000000,0.500000,2.307692,2.000000,3.000000,3.000000;3.000000;3.000000;3.000000;2.000000;2.000000;2.000000;2.000000;2.000000;2.000000;2.000000;2.000000;2.000000,24,nan,0,3.000000;3.000000;3.000000;3.000000;3.000000;3.000000;2.000000;2.000000;2.000000;2.000000;2.000000;2.000000,0.172149;0.121794;0.132469;0.030709;0.109769;0.024949;0.120949;0.053269;0.149109;0.081269;0.013429;0.109159,3.000000;3.000000;3.000000;3.000000;3.000000;3.000000;2.000000;2.000000;2.000000;2.000000;2.000000;2.000000,0,0,0,0,0,0,0,0,0,0,0,0,0,0,0,0,0,0,0,0,0,0,0,0,0,0,0,0,graph_0003__stability_0.6000,stability,0.6,graph_0003,epoch_0001
trace,olsr,0.387755,0.387729,1407,1456,105,571,762,0.386111,0.019432,73.539760,360,139,11,0,0,426,0.772222,571,39264,4.107914,282.474820,0.500000,2.307692,2.000000,3.000000,3.000000;3.000000;3.000000;3.000000;2.000000;2.000000;2.000000;2.000000;2.000000;2.000000;2.000000;2.000000;2.000000,24,nan,0,3.000000;3.000000;3.000000;3.000000;3.000000;3.000000;2.000000;2.000000;2.000000;2.000000;2.000000;2.000000,0.163173;nan;1.279349;nan;nan;0.248949;0.111973;0.044133;0.312949;nan;0.004453;0.282245,3.000000;3.000000;3.000000;3.000000;3.000000;3.000000;2.000000;2.000000;2.000000;2.000000;2.000000;2.000000,357,21168,214,18096,0,0,0,0,0,0,0,0,0,0,0,0,0,0,0,0,0,0,0,0,0,0,0,0,graph_0003__stability_0.6000,stability,0.6,graph_0003,epoch_0003
trace,aodv,0.551127,0.551109,2534,2732,105,1070,1318,0.788889,0.042113,74.878437,360,284,7,0,0,576,1.577778,1070,51422,3.767606,181.063380,0.500000,2.307692,2.000000,3.000000,3.000000;3.000000;3.000000;3.000000;2.000000;2.000000;2.000000;2.000000;2.000000;2.000000;2.000000;2.000000;2.000000,24,nan,0,3.000000;3.000000;3.000000;3.000000;3.000000;3.000000;2.000000;2.000000;2.000000;2.000000;2.000000;2.000000,0.163173;1.400958;0.484861;1.507524;1.611021;1.502517;1.443367;1.550822;0.140133;0.072293;0.004453;nan,3.000000;3.000000;3.000000;3.000000;3.000000;3.000000;2.000000;2.000000;2.000000;2.000000;2.000000;2.000000,0,0,0,0,0,0,0,0,0,0,753,36144,148,7696,98,4704,58,2488,13,390,0,0,0,0,0,0,0,0,graph_0003__stability_0.6000,stability,0.6,graph_0003,epoch_0003
trace,static,0.188475,0.188365,845,643,105,0,0,0.438889,0.022028,73.470713,360,158,0,0,0,132,0.877778,0,0,0.000000,0.000000,0.500000,2.307692,2.000000,3.000000,3.000000;3.000000;3.000000;3.000000;2.000000;2.000000;2.000000;2.000000;2.000000;2.000000;2.000000;2.000000;2.000000,24,nan,0,3.000000;3.000000;3.000000;3.000000;3.000000;3.000000;2.000000;2.000000;2.000000;2.000000;2.000000;2.000000,0.172149;0.120914;0.132469;0.030709;0.109769;0.024949;0.120949;0.053269;0.149109;0.081269;0.013429;0.109159,3.000000;3.000000;3.000000;3.000000;3.000000;3.000000;2.000000;2.000000;2.000000;2.000000;2.000000;2.000000,0,0,0,0,0,0,0,0,0,0,0,0,0,0,0,0,0,0,0,0,0,0,0,0,0,0,0,0,graph_0003__stability_0.6000,stability,0.6,graph_0003,epoch_0003
trace,olsr,0.542441,0.541981,1891,1904,105,584,783,0.391667,0.021008,69.990282,360,141,9,0,0,481,0.783333,584,39560,4.141844,280.567376,0.500000,2.307692,2.000000,3.000000,3.000000;3.000000;3.000000;3.000000;2.000000;2.000000;2.000000;2.000000;2.000000;2.000000;2.000000;2.000000;2.000000,24,nan,0,3.000000;3.000000;3.000000;3.000000;3.000000;3.000000;2.000000;2.000000;2.000000;2.000000;2.000000;2.000000,0.163173;nan;0.123493;0.358609;0.100773;0.015973;0.284789;1.219325;0.140133;nan;0.004453;nan,3.000000;3.000000;3.000000;3.000000;3.000000;3.000000;2.000000;2.000000;2.000000;2.000000;2.000000;2.000000,353,20984,219,17904,0,0,0,0,12,672,0,0,0,0,0,0,0,0,0,0,0,0,0,0,0,0,0,0,graph_0003__stability_0.6000,stability,0.6,graph_0003,epoch_0004
trace,aodv,0.570414,0.569879,2552,2775,105,1093,1356,0.808333,0.043144,74.332252,360,291,10,0,0,494,1.616667,1093,52544,3.756014,180.563574,0.500000,2.307692,2.000000,3.000000,3.000000;3.000000;3.000000;3.000000;2.000000;2.000000;2.000000;2.000000;2.000000;2.000000;2.000000;2.000000;2.000000,24,nan,0,3.000000;3.000000;3.000000;3.000000;3.000000;3.000000;2.000000;2.000000;2.000000;2.000000;2.000000;2.000000,0.163173;0.440247;0.482856;1.510668;0.100773;1.515157;1.454041;1.548752;0.140133;0.072293;0.004453;nan,3.000000;3.000000;3.000000;3.000000;3.000000;3.000000;2.000000;2.000000;2.000000;2.000000;2.000000;2.000000,0,0,0,0,0,0,0,0,0,0,750,36000,163,8476,105,5040,61,2608,14,420,0,0,0,0,0,0,0,0,graph_0003__stability_0.6000,stability,0.6,graph_0003,epoch_0004
trace,static,0.194630,0.194617,845,643,105,0,0,0.438889,0.022030,73.470798,360,158,0,0,0,131,0.877778,0,0,0.000000,0.000000,0.500000,2.307692,2.000000,3.000000,3.000000;3.000000;3.000000;3.000000;2.000000;2.000000;2.000000;2.000000;2.000000;2.000000;2.000000;2.000000;2.000000,24,nan,0,3.000000;3.000000;3.000000;3.000000;3.000000;3.000000;2.000000;2.000000;2.000000;2.000000;2.000000;2.000000,0.172149;0.129954;0.132469;0.030709;0.109769;0.024949;0.120949;0.053269;0.149109;0.081269;0.013429;0.109159,3.000000;3.000000;3.000000;3.000000;3.000000;3.000000;2.000000;2.000000;2.000000;2.000000;2.000000;2.000000,0,0,0,0,0,0,0,0,0,0,0,0,0,0,0,0,0,0,0,0,0,0,0,0,0,0,0,0,graph_0003__stability_0.6000,stability,0.6,graph_0003,epoch_0004
trace,olsr,0.465136,0.465067,1627,1630,105,581,788,0.433333,0.021872,71.376138,360,156,0,0,0,502,0.866667,581,40868,3.724359,261.974359,0.500000,2.307692,2.000000,3.000000,3.000000;3.000000;3.000000;3.000000;2.000000;2.000000;2.000000;2.000000;2.000000;2.000000;2.000000;2.000000;2.000000,24,nan,0,3.000000;3.000000;3.000000;3.000000;3.000000;3.000000;2.000000;2.000000;2.000000;2.000000;2.000000;2.000000,0.163173;nan;0.123493;0.256885;0.100773;0.015973;0.284789;1.209557;0.140133;nan;0.004453;0.282245,3.000000;3.000000;3.000000;3.000000;3.000000;3.000000;2.000000;2.000000;2.000000;2.000000;2.000000;2.000000,352,20984,229,19884,0,0,0,0,0,0,0,0,0,0,0,0,0,0,0,0,0,0,0,0,0,0,0,0,graph_0003__stability_0.6000,stability,0.6,graph_0003,epoch_0005
trace,aodv,0.561616,0.561454,2553,2775,105,1102,1374,0.786111,0.041961,73.856626,360,283,8,0,0,518,1.572222,1102,52934,3.893993,187.045936,0.500000,2.307692,2.000000,3.000000,3.000000;3.000000;3.000000;3.000000;2.000000;2.000000;2.000000;2.000000;2.000000;2.000000;2.000000;2.000000;2.000000,24,nan,0,3.000000;3.000000;3.000000;3.000000;3.000000;3.000000;2.000000;2.000000;2.000000;2.000000;2.000000;2.000000,0.163173;0.448989;0.483977;1.513128;0.100773;1.506112;1.437367;1.533253;0.140133;0.072293;0.004453;nan,3.000000;3.000000;3.000000;3.000000;3.000000;3.000000;2.000000;2.000000;2.000000;2.000000;2.000000;2.000000,0,0,0,0,0,0,0,0,0,0,747,35856,162,8424,113,5424,67,2840,13,390,0,0,0,0,0,0,0,0,graph_0003__stability_0.6000,stability,0.6,graph_0003,epoch_0005
trace,static,0.188621,0.188596,845,643,105,0,0,0.438889,0.022029,73.470729,360,158,0,0,0,131,0.877778,0,0,0.000000,0.000000,0.500000,2.307692,2.000000,3.000000,3.000000;3.000000;3.000000;3.000000;2.000000;2.000000;2.000000;2.000000;2.000000;2.000000;2.000000;2.000000;2.000000,24,nan,0,3.000000;3.000000;3.000000;3.000000;3.000000;3.000000;2.000000;2.000000;2.000000;2.000000;2.000000;2.000000,0.172149;0.119694;0.132469;0.030709;0.109769;0.024949;0.120949;0.053269;0.149109;0.081269;0.013429;0.109159,3.000000;3.000000;3.000000;3.000000;3.000000;3.000000;2.000000;2.000000;2.000000;2.000000;2.000000;2.000000,0,0,0,0,0,0,0,0,0,0,0,0,0,0,0,0,0,0,0,0,0,0,0,0,0,0,0,0,graph_0003__stability_0.6000,stability,0.6,graph_0003,epoch_0005
trace,olsr,0.423766,0.423684,1484,1517,105,568,766,0.375000,0.018823,74.423324,360,135,22,0,0,445,0.750000,568,38996,4.207407,288.859259,0.500000,2.307692,2.000000,3.000000,3.000000;3.000000;3.000000;3.000000;2.000000;2.000000;2.000000;2.000000;2.000000;2.000000;2.000000;2.000000;2.000000,24,nan,0,3.000000;3.000000;3.000000;3.000000;3.000000;3.000000;2.000000;2.000000;2.000000;2.000000;2.000000;2.000000,0.163173;nan;1.279079;1.496293;0.100773;0.015973;0.217417;0.044133;0.313149;0.072293;nan;0.100453,3.000000;3.000000;3.000000;3.000000;3.000000;3.000000;2.000000;2.000000;2.000000;2.000000;2.000000;2.000000,357,21240,211,17756,0,0,0,0,0,0,0,0,0,0,0,0,0,0,0,0,0,0,0,0,0,0,0,0,graph_0003__stability_0.6000,stability,0.6,graph_0003,epoch_0002
trace,aodv,0.574661,0.574632,2537,2737,105,1094,1348,0.777778,0.041525,73.729679,360,280,7,0,0,533,1.555556,1094,52610,3.907143,187.892857,0.500000,2.307692,2.000000,3.000000,3.000000;3.000000;3.000000;3.000000;2.000000;2.000000;2.000000;2.000000;2.000000;2.000000;2.000000;2.000000;2.000000,24,nan,0,3.000000;3.000000;3.000000;3.000000;3.000000;3.000000;2.000000;2.000000;2.000000;2.000000;2.000000;2.000000,0.163173;0.427382;0.477248;1.515553;0.100773;1.506680;1.461521;1.535448;0.140133;0.072293;0.004453;nan,3.000000;3.000000;3.000000;3.000000;3.000000;3.000000;2.000000;2.000000;2.000000;2.000000;2.000000;2.000000,0,0,0,0,0,0,0,0,0,0,747,35856,161,8372,113,5424,60,2568,13,390,0,0,0,0,0,0,0,0,graph_0003__stability_0.6000,stability,0.6,graph_0003,epoch_0002
trace,static,0.192008,0.191901,845,643,105,0,0,0.438889,0.022030,73.470674,360,158,0,0,0,129,0.877778,0,0,0.000000,0.000000,0.500000,2.307692,2.000000,3.000000,3.000000;3.000000;3.000000;3.000000;2.000000;2.000000;2.000000;2.000000;2.000000;2.000000;2.000000;2.000000;2.000000,24,nan,0,3.000000;3.000000;3.000000;3.000000;3.000000;3.000000;2.000000;2.000000;2.000000;2.000000;2.000000;2.000000,0.172149;0.110174;0.132469;0.030709;0.109769;0.024949;0.120949;0.053269;0.149109;0.081269;0.013429;0.109159,3.000000;3.000000;3.000000;3.000000;3.000000;3.000000;2.000000;2.000000;2.000000;2.000000;2.000000;2.000000,0,0,0,0,0,0,0,0,0,0,0,0,0,0,0,0,0,0,0,0,0,0,0,0,0,0,0,0,graph_0003__stability_0.6000,stability,0.6,graph_0003,epoch_0002
trace,olsr,0.477672,0.477536,1650,1709,105,612,872,0.438889,0.022028,78.942692,360,158,0,0,0,509,0.877778,612,43984,3.873418,278.379747,0.500000,4.285714,4.000000,5.000000,5.000000;5.000000;4.000000;4.000000;4.000000;4.000000;4.000000,12,nan,0,5.000000;5.000000;5.000000;5.000000;5.000000;5.000000,0.268149;3.220215;0.100773;0.111973;0.297551;0.134373,5.000000;5.000000;5.000000;5.000000;5.000000;5.000000,346,20780,266,23204,0,0,0,0,0,0,0,0,0,0,0,0,0,0,0,0,0,0,0,0,0,0,0,0,graph_0003__stability_0.8000,stability,0.8,graph_0003,epoch_0001
trace,aodv,0.612179,0.612127,2623,2824,105,1102,1339,0.858333,0.043251,75.083482,360,309,15,0,0,643,1.716667,1102,52732,3.566343,170.653722,0.500000,4.285714,4.000000,5.000000,5.000000;5.000000;4.000000;4.000000;4.000000;4.000000;4.000000,12,nan,0,5.000000;5.000000;5.000000;5.000000;5.000000;5.000000,0.095333;0.604520;0.451988;0.111973;0.123173;1.952828,5.000000;5.000000;5.000000;5.000000;5.000000;5.000000,0,0,0,0,0,0,0,0,0,0,761,36528,137,7124,105,5040,87,3680,12,360,0,0,0,0,0,0,0,0,graph_0003__stability_0.8000,stability,0.8,graph_0003,epoch_0001
trace,static,0.189858,0.189814,859,664,105,0,0,0.458333,0.023004,73.020565,360,165,0,0,0,93,0.916667,0,0,0.000000,0.000000,0.500000,4.285714,4.000000,5.000000,5.000000;5.000000;4.000000;4.000000;4.000000;4.000000;4.000000,12,nan,0,5.000000;5.000000;5.000000;5.000000;5.000000;5.000000,0.104309;0.098549;0.109749;0.120949;0.132149;0.143349,5.000000;5.000000;5.000000;5.000000;5.000000;5.000000,0,0,0,0,0,0,0,0,0,0,0,0,0,0,0,0,0,0,0,0,0,0,0,0,0,0,0,0,graph_0003__stability_0.8000,stability,0.8,graph_0003,epoch_0001
trace,olsr,0.456283,0.456228,1460,1431,105,609,856,0.219444,0.012093,69.503319,360,79,0,0,0,555,0.438889,609,42820,7.708861,542.025316,0.500000,4.285714,4.000000,5.000000,5.000000;5.000000;4.000000;4.000000;4.000000;4.000000;4.000000,12,nan,0,5.000000;5.000000;5.000000;5.000000;5.000000;5.000000,0.268149;3.220215;3.222439;2.260137;0.123173;nan,5.000000;5.000000;5.000000;5.000000;5.000000;5.000000,349,20904,260,21916,0,0,0,0,0,0,0,0,0,0,0,0,0,0,0,0,0,0,0,0,0,0,0,0,graph_0003__stability_0.8000,stability,0.8,graph_0003,epoch_0003
trace,aodv,0.603733,0.603665,2656,2849,105,1139,1373,0.841667,0.042415,75.787923,360,303,16,0,0,657,1.683333,1139,54512,3.759076,179.907591,0.500000,4.285714,4.000000,5.000000,5.000000;5.000000;4.000000;4.000000;4.000000;4.000000;4.000000,12,nan,0,5.000000;5.000000;5.000000;5.000000;5.000000;5.000000,0.095333;0.594500;0.770624;0.111973;0.123173;1.465270,5.000000;5.000000;5.000000;5.000000;5.000000;5.000000,0,0,0,0,0,0,0,0,0,0,756,36288,163,8476,108,5184,98,4144,14,420,0,0,0,0,0,0,0,0,graph_0003__stability_0.8000,stability,0.8,graph_0003,epoch_0003
trace,static,0.184492,0.184463,859,664,105,0,0,0.458333,0.023004,73.020580,360,165,0,0,0,92,0.916667,0,0,0.000000,0.000000,0.500000,4.285714,4.000000,5.000000,5.000000;5.000000;4.000000;4.000000;4.000000;4.000000;4.000000,12,nan,0,5.000000;5.000000;5.000000;5.000000;5.000000;5.000000,0.104309;0.098549;0.109749;0.120949;0.132149;0.143349,5.000000;5.000000;5.000000;5.000000;5.000000;5.000000,0,0,0,0,0,0,0,0,0,0,0,0,0,0,0,0,0,0,0,0,0,0,0,0,0,0,0,0,graph_0003__stability_0.8000,stability,0.8,graph_0003,epoch_0003
trace,olsr,0.374921,0.374891,1273,1310,105,608,855,0.177778,0.009798,71.463702,360,64,15,0,0,407,0.355556,608,42732,9.500000,667.687500,0.500000,4.285714,4.000000,5.000000,5.000000;5.000000;4.000000;4.000000;4.000000;4.000000;4.000000,12,nan,0,5.000000;5.000000;5.000000;5.000000;5.000000;5.000000,nan;1.302814;3.222439;2.259845;0.123173;nan,5.000000;5.000000;5.000000;5.000000;5.000000;5.000000,348,20984,260,21748,0,0,0,0,0,0,0,0,0,0,0,0,0,0,0,0,0,0,0,0,0,0,0,0,graph_0003__stability_0.8000,stability,0.8,graph_0003,epoch_0004
trace,aodv,0.615412,0.615364,2648,2844,105,1121,1354,0.863889,0.043528,75.992871,360,311,12,0,0,647,1.727778,1121,53728,3.604502,172.758842,0.500000,4.285714,4.000000,5.000000,5.000000;5.000000;4.000000;4.000000;4.000000;4.000000;4.000000,12,nan,0,5.000000;5.000000;5.000000;5.000000;5.000000;5.000000,0.096155;0.607421;0.781385;0.111973;0.123173;1.469764,5.000000;5.000000;5.000000;5.000000;5.000000;5.000000,0,0,0,0,0,0,0,0,0,0,759,36432,159,8268,107,5136,82,3472,14,420,0,0,0,0,0,0,0,0,graph_0003__stability_0.8000,stability,0.8,graph_0003,epoch_0004
trace,static,0.189385,0.189372,859,664,105,0,0,0.458333,0.023006,73.020675,360,165,0,0,0,92,0.916667,0,0,0.000000,0.000000,0.500000,4.285714,4.000000,5.000000,5.000000;5.000000;4.000000;4.000000;4.000000;4.000000;4.000000,12,nan,0,5.000000;5.000000;5.000000;5.000000;5.000000;5.000000,0.104309;0.098549;0.109749;0.120949;0.132149;0.143349,5.000000;5.000000;5.000000;5.000000;5.000000;5.000000,0,0,0,0,0,0,0,0,0,0,0,0,0,0,0,0,0,0,0,0,0,0,0,0,0,0,0,0,graph_0003__stability_0.8000,stability,0.8,graph_0003,epoch_0004
trace,olsr,0.441581,0.441533,1575,1666,105,612,880,0.416667,0.020913,80.616961,360,150,9,0,0,435,0.833333,612,44028,4.080000,293.520000,0.500000,4.285714,4.000000,5.000000,5.000000;5.000000;4.000000;4.000000;4.000000;4.000000;4.000000,12,nan,0,5.000000;5.000000;5.000000;5.000000;5.000000;5.000000,nan;3.220215;0.100773;0.111973;0.248817;0.134373,5.000000;5.000000;5.000000;5.000000;5.000000;5.000000,350,21048,262,22980,0,0,0,0,0,0,0,0,0,0,0,0,0,0,0,0,0,0,0,0,0,0,0,0,graph_0003__stability_0.8000,stability,0.8,graph_0003,epoch_0005
trace,aodv,0.600580,0.600531,2622,2824,105,1094,1339,0.858333,0.043251,75.847305,360,309,8,0,0,565,1.716667,1094,52458,3.540453,169.766990,0.500000,4.285714,4.000000,5.000000,5.000000;5.000000;4.000000;4.000000;4.000000;4.000000;4.000000,12,nan,0,5.000000;5.000000;5.000000;5.000000;5.000000;5.000000,0.095333;0.608620;0.773770;0.111973;0.123173;1.626199,5.000000;5.000000;5.000000;5.000000;5.000000;5.000000,0,0,0,0,0,0,0,0,0,0,762,36576,141,7332,106,5088,72,3072,13,390,0,0,0,0,0,0,0,0,graph_0003__stability_0.8000,stability,0.8,graph_0003,epoch_0005
trace,static,0.186822,0.186813,859,664,105,0,0,0.458333,0.023005,73.020652,360,165,0,0,0,92,0.916667,0,0,0.000000,0.000000,0.500000,4.285714,4.000000,5.000000,5.000000;5.000000;4.000000;4.000000;4.000000;4.000000;4.000000,12,nan,0,5.000000;5.000000;5.000000;5.000000;5.000000;5.000000,0.104309;0.098549;0.109749;0.120949;0.132149;0.143349,5.000000;5.000000;5.000000;5.000000;5.000000;5.000000,0,0,0,0,0,0,0,0,0,0,0,0,0,0,0,0,0,0,0,0,0,0,0,0,0,0,0,0,graph_0003__stability_0.8000,stability,0.8,graph_0003,epoch_0005
trace,olsr,0.416547,0.416409,1519,1603,105,609,866,0.391667,0.019660,81.630176,360,141,7,0,0,423,0.783333,609,43444,4.319149,308.113475,0.500000,4.285714,4.000000,5.000000,5.000000;5.000000;4.000000;4.000000;4.000000;4.000000;4.000000,12,nan,0,5.000000;5.000000;5.000000;5.000000;5.000000;5.000000,nan;3.220215;0.100773;0.111973;0.295989;0.134373,5.000000;5.000000;5.000000;5.000000;5.000000;5.000000,349,20832,260,22612,0,0,0,0,0,0,0,0,0,0,0,0,0,0,0,0,0,0,0,0,0,0,0,0,graph_0003__stability_0.8000,stability,0.8,graph_0003,epoch_0002
trace,aodv,0.592433,0.592381,2618,2862,105,1099,1370,0.883333,0.044520,75.752938,360,318,15,0,0,485,1.766667,1099,52636,3.455975,165.522013,0.500000,4.285714,4.000000,5.000000,5.000000;5.000000;4.000000;4.000000;4.000000;4.000000;4.000000,12,nan,0,5.000000;5.000000;5.000000;5.000000;5.000000;5.000000,0.095333;0.600689;0.448200;0.111973;0.123173;1.463600,5.000000;5.000000;5.000000;5.000000;5.000000;5.000000,0,0,0,0,0,0,0,0,0,0,756,36288,148,7696,103,4944,78,3288,14,420,0,0,0,0,0,0,0,0,graph_0003__stability_0.8000,stability,0.8,graph_0003,epoch_0002
trace,static,0.186691,0.186673,859,664,105,0,0,0.458333,0.023006,73.020599,360,165,0,0,0,92,0.916667,0,0,0.000000,0.000000,0.500000,4.285714,4.000000,5.000000,5.000000;5.000000;4.000000;4.000000;4.000000;4.000000;4.000000,12,nan,0,5.000000;5.000000;5.000000;5.000000;5.000000;5.000000,0.104309;0.098549;0.109749;0.120949;0.132149;0.143349,5.000000;5.000000;5.000000;5.000000;5.000000;5.000000,0,0,0,0,0,0,0,0,0,0,0,0,0,0,0,0,0,0,0,0,0,0,0,0,0,0,0,0,graph_0003__stability_0.8000,stability,0.8,graph_0003,epoch_0002
trace,olsr,0.429571,0.429542,1474,1609,105,590,921,0.352778,0.021928,70.034563,360,127,15,0,0,513,0.705556,590,42308,4.645669,333.133858,0.500000,1.250000,1.000000,2.000000,2.000000;2.000000;2.000000;2.000000;2.000000;2.000000;1.000000;1.000000;1.000000;1.000000;1.000000;1.000000;1.000000;1.000000;1.000000;1.000000;1.000000;1.000000;1.000000;1.000000;1.000000;1.000000;1.000000;1.000000,46,1.000000,1,2.000000;2.000000;2.000000;2.000000;2.000000;2.000000;2.000000;1.000000;1.000000;1.000000;1.000000;1.000000;1.000000;1.000000;1.000000;1.000000;1.000000;1.000000;1.000000;1.000000;1.000000;1.000000;1.000000,0.033253;nan;0.061413;nan;1.297534;nan;0.134693;0.273589;nan;0.032933;nan;0.221543;0.267829;0.061093;0.027173;0.157093;0.295989;nan;nan;nan;nan;nan;nan,2.000000;2.000000;2.000000;2.000000;2.000000;2.000000;2.000000;1.000000;1.000000;1.000000;1.000000;1.000000;1.000000;1.000000;1.000000;1.000000;1.000000;1.000000;1.000000;1.000000;1.000000;1.000000;1.000000,348,21632,242,20676,0,0,0,0,0,0,0,0,0,0,0,0,0,0,0,0,0,0,0,0,0,0,0,0,graph_0004__stability_0.2000,stability,0.2,graph_0004,epoch_0001
trace,aodv,0.589269,0.589247,2525,2934,105,1209,1665,0.694444,0.034995,75.619267,360,250,7,56,0,580,1.388889,1209,58074,4.836000,232.296000,0.500000,1.250000,1.000000,2.000000,2.000000;2.000000;2.000000;2.000000;2.000000;2.000000;1.000000;1.000000;1.000000;1.000000;1.000000;1.000000;1.000000;1.000000;1.000000;1.000000;1.000000;1.000000;1.000000;1.000000;1.000000;1.000000;1.000000;1.000000,46,1.000000,1,2.000000;2.000000;2.000000;2.000000;2.000000;2.000000;2.000000;1.000000;1.000000;1.000000;1.000000;1.000000;1.000000;1.000000;1.000000;1.000000;1.000000;1.000000;1.000000;1.000000;1.000000;1.000000;1.000000,0.033253;0.129253;0.061413;0.157413;1.422136;nan;nan;nan;0.500345;0.061467;0.162853;0.128933;0.095013;0.061093;0.027173;0.157093;0.123173;0.089253;0.055333;0.021413;0.151333;0.117413;nan,2.000000;2.000000;2.000000;2.000000;2.000000;2.000000;2.000000;1.000000;1.000000;1.000000;1.000000;1.000000;1.000000;1.000000;1.000000;1.000000;1.000000;1.000000;1.000000;1.000000;1.000000;1.000000;1.000000,0,0,0,0,0,0,0,0,0,0,744,35712,188,9776,183,8784,75,3232,19,570,0,0,0,0,0,0,0,0,graph_0004__stability_0.2000,stability,0.2,graph_0004,epoch_0001
trace,static,0.186729,0.186618,813,594,105,0,0,0.391667,0.020109,72.449564,360,141,0,0,0,188,0.783333,0,0,0.000000,0.000000,0.500000,1.250000,1.000000,2.000000,2.000000;2.000000;2.000000;2.000000;2.000000;2.000000;1.000000;1.000000;1.000000;1.000000;1.000000;1.000000;1.000000;1.000000;1.000000;1.000000;1.000000;1.000000;1.000000;1.000000;1.000000;1.000000;1.000000;1.000000,46,1.000000,1,2.000000;2.000000;2.000000;2.000000;2.000000;2.000000;2.000000;1.000000;1.000000;1.000000;1.000000;1.000000;1.000000;1.000000;1.000000;1.000000;1.000000;1.000000;1.000000;1.000000;1.000000;1.000000;1.000000,0.042229;0.187794;0.070389;0.166389;0.098549;0.030709;0.143669;0.109749;0.084805;0.041909;0.171829;0.137909;0.103719;0.070069;0.036149;0.166069;0.132229;0.098229;0.064349;0.030389;0.160309;0.126389;nan,2.000000;2.000000;2.000000;2.000000;2.000000;2.000000;2.000000;1.000000;1.000000;1.000000;1.000000;1.000000;1.000000;1.000000;1.000000;1.000000;1.000000;1.000000;1.000000;1.000000;1.000000;1.000000;1.000000,0,0,0,0,0,0,0,0,0,0,0,0,0,0,0,0,0,0,0,0,0,0,0,0,0,0,0,0,graph_0004__stability_0.2000,stability,0.2,graph_0004,epoch_0001
trace,olsr,0.439564,0.438999,1489,1624,105,600,935,0.338889,0.017009,70.222096,360,122,2,0,0,513,0.677778,600,43692,4.918033,358.131148,0.500000,1.250000,1.000000,2.000000,2.000000;2.000000;2.000000;2.000000;2.000000;2.000000;1.000000;1.000000;1.000000;1.000000;1.000000;1.000000;1.000000;1.000000;1.000000;1.000000;1.000000;1.000000;1.000000;1.000000;1.000000;1.000000;1.000000;1.000000,46,1.000000,1,2.000000;2.000000;2.000000;2.000000;2.000000;2.000000;2.000000;1.000000;1.000000;1.000000;1.000000;1.000000;1.000000;1.000000;1.000000;1.000000;1.000000;1.000000;1.000000;1.000000;1.000000;1.000000;1.000000,0.033253;nan;0.061413;nan;1.294468;nan;0.134693;0.273589;nan;0.032933;nan;nan;nan;0.061093;0.027173;0.157093;0.295989;nan;nan;nan;0.505671;nan;nan,2.000000;2.000000;2.000000;2.000000;2.000000;2.000000;2.000000;1.000000;1.000000;1.000000;1.000000;1.000000;1.000000;1.000000;1.000000;1.000000;1.000000;1.000000;1.000000;1.000000;1.000000;1.000000;1.000000,342,21160,258,22532,0,0,0,0,0,0,0,0,0,0,0,0,0,0,0,0,0,0,0,0,0,0,0,0,graph_0004__stability_0.2000,stability,0.2,graph_0004,epoch_0003
trace,aodv,0.599371,0.598703,2531,2943,105,1208,1665,0.700000,0.035363,75.879556,360,252,7,56,0,582,1.400000,1208,58002,4.793651,230.166667,0.500000,1.250000,1.000000,2.000000,2.000000;2.000000;2.000000;2.000000;2.000000;2.000000;1.000000;1.000000;1.000000;1.000000;1.000000;1.000000;1.000000;1.000000;1.000000;1.000000;1.000000;1.000000;1.000000;1.000000;1.000000;1.000000;1.000000;1.000000,46,1.000000,1,2.000000;2.000000;2.000000;2.000000;2.000000;2.000000;2.000000;1.000000;1.000000;1.000000;1.000000;1.000000;1.000000;1.000000;1.000000;1.000000;1.000000;1.000000;1.000000;1.000000;1.000000;1.000000;1.000000,0.033253;0.005847;0.061413;0.157413;1.429481;nan;nan;nan;0.503996;0.067487;0.162853;0.128933;0.095013;0.061093;0.027173;0.157093;0.123173;0.089253;0.055333;0.021413;0.151333;0.117413;nan,2.000000;2.000000;2.000000;2.000000;2.000000;2.000000;2.000000;1.000000;1.000000;1.000000;1.000000;1.000000;1.000000;1.000000;1.000000;1.000000;1.000000;1.000000;1.000000;1.000000;1.000000;1.000000;1.000000,0,0,0,0,0,0,0,0,0,0,736,35328,198,10296,171,8208,84,3600,19,570,0,0,0,0,0,0,0,0,graph_0004__stability_0.2000,stability,0.2,graph_0004,epoch_0003
trace,static,0.191722,0.191454,815,597,105,0,0,0.394444,0.020249,72.465697,360,142,0,0,0,188,0.788889,0,0,0.000000,0.000000,0.500000,1.250000,1.000000,2.000000,2.000000;2.000000;2.000000;2.000000;2.000000;2.000000;1.000000;1.000000;1.000000;1.000000;1.000000;1.000000;1.000000;1.000000;1.000000;1.000000;1.000000;1.000000;1.000000;1.000000;1.000000;1.000000;1.000000;1.000000,46,1.000000,1,2.000000;2.000000;2.000000;2.000000;2.000000;2.000000;2.000000;1.000000;1.000000;1.000000;1.000000;1.000000;1.000000;1.000000;1.000000;1.000000;1.000000;1.000000;1.000000;1.000000;1.000000;1.000000;1.000000,0.042229;0.188028;0.070389;0.166389;0.098549;0.030709;0.143669;0.109749;0.075909;0.041909;0.171829;0.137909;0.103719;0.070069;0.036149;0.166069;0.132229;0.098229;0.064349;0.030389;0.160309;0.126389;nan,2.000000;2.000000;2.000000;2.000000;2.000000;2.000000;2.000000;1.000000;1.000000;1.000000;1.000000;1.000000;1.000000;1.000000;1.000000;1.000000;1.000000;1.000000;1.000000;1.000000;1.000000;1.000000;1.000000,0,0,0,0,0,0,0,0,0,0,0,0,0,0,0,0,0,0,0,0,0,0,0,0,0,0,0,0,graph_0004__stability_0.2000,stability,0.2,graph_0004,epoch_0003
trace,olsr,0.656609,0.656475,2301,2422,105,615,943,0.327778,0.016452,71.063897,360,118,12,0,0,554,0.655556,615,43596,5.211864,369.457627,0.500000,1.250000,1.000000,2.000000,2.000000;2.000000;2.000000;2.000000;2.000000;2.000000;1.000000;1.000000;1.000000;1.000000;1.000000;1.000000;1.000000;1.000000;1.000000;1.000000;1.000000;1.000000;1.000000;1.000000;1.000000;1.000000;1.000000;1.000000,46,1.000000,1,2.000000;2.000000;2.000000;2.000000;2.000000;2.000000;2.000000;1.000000;1.000000;1.000000;1.000000;1.000000;1.000000;1.000000;1.000000;1.000000;1.000000;1.000000;1.000000;1.000000;1.000000;1.000000;1.000000,0.033253;nan;0.061413;nan;nan;nan;nan;0.446135;nan;0.032933;nan;0.310455;0.267829;0.061093;0.027173;0.157093;0.295989;nan;nan;nan;nan;nan;nan,2.000000;2.000000;2.000000;2.000000;2.000000;2.000000;2.000000;1.000000;1.000000;1.000000;1.000000;1.000000;1.000000;1.000000;1.000000;1.000000;1.000000;1.000000;1.000000;1.000000;1.000000;1.000000;1.000000,348,21544,243,20708,0,0,0,0,24,1344,0,0,0,0,0,0,0,0,0,0,0,0,0,0,0,0,0,0,graph_0004__stability_0.2000,stability,0.2,graph_0004,epoch_0004
trace,aodv,0.583106,0.583054,2511,2933,105,1187,1652,0.719444,0.036249,74.704487,360,259,2,56,0,544,1.438889,1187,57040,4.583012,220.231660,0.500000,1.250000,1.000000,2.000000,2.000000;2.000000;2.000000;2.000000;2.000000;2.000000;1.000000;1.000000;1.000000;1.000000;1.000000;1.000000;1.000000;1.000000;1.000000;1.000000;1.000000;1.000000;1.000000;1.000000;1.000000;1.000000;1.000000;1.000000,46,1.000000,1,2.000000;2.000000;2.000000;2.000000;2.000000;2.000000;2.000000;1.000000;1.000000;1.000000;1.000000;1.000000;1.000000;1.000000;1.000000;1.000000;1.000000;1.000000;1.000000;1.000000;1.000000;1.000000;1.000000,0.033253;0.129253;0.061413;0.157413;1.427473;nan;nan;nan;0.502636;0.051167;0.162853;0.128933;0.095013;0.061093;0.027173;0.157093;0.123173;0.089253;0.055333;0.021413;0.151333;0.117413;nan,2.000000;2.000000;2.000000;2.000000;2.000000;2.000000;2.000000;1.000000;1.000000;1.000000;1.000000;1.000000;1.000000;1.000000;1.000000;1.000000;1.000000;1.000000;1.000000;1.000000;1.000000;1.000000;1.000000,0,0,0,0,0,0,0,0,0,0,742,35616,188,9776,169,8112,68,2936,20,600,0,0,0,0,0,0,0,0,graph_0004__stability_0.2000,stability,0.2,graph_0004,epoch_0004
trace,static,0.188002,0.187991,813,594,105,0,0,0.391667,0.020108,72.449523,360,141,0,0,0,187,0.783333,0,0,0.000000,0.000000,0.500000,1.250000,1.000000,2.000000,2.000000;2.000000;2.000000;2.000000;2.000000;2.000000;1.000000;1.000000;1.000000;1.000000;1.000000;1.000000;1.000000;1.000000;1.000000;1.000000;1.000000;1.000000;1.000000;1.000000;1.000000;1.000000;1.000000;1.000000,46,1.000000,1,2.000000;2.000000;2.000000;2.000000;2.000000;2.000000;2.000000;1.000000;1.000000;1.000000;1.000000;1.000000;1.000000;1.000000;1.000000;1.000000;1.000000;1.000000;1.000000;1.000000;1.000000;1.000000;1.000000,0.042229;0.186594;0.070389;0.166389;0.098549;0.030709;0.143669;0.109749;0.084805;0.041909;0.171829;0.137909;0.103719;0.070069;0.036149;0.166069;0.132229;0.098229;0.064349;0.030389;0.160309;0.126389;nan,2.000000;2.000000;2.000000;2.000000;2.000000;2.000000;2.000000;1.000000;1.000000;1.000000;1.000000;1.000000;1.000000;1.000000;1.000000;1.000000;1.000000;1.000000;1.000000;1.000000;1.000000;1.000000;1.000000,0,0,0,0,0,0,0,0,0,0,0,0,0,0,0,0,0,0,0,0,0,0,0,0,0,0,0,0,graph_0004__stability_0.2000,stability,0.2,graph_0004,epoch_0004
trace,olsr,0.412713,0.412687,1414,1550,105,581,897,0.308333,0.019162,71.447194,360,111,33,0,0,501,0.616667,581,41812,5.234234,376.684685,0.500000,1.250000,1.000000,2.000000,2.000000;2.000000;2.000000;2.000000;2.000000;2.000000;1.000000;1.000000;1.000000;1.000000;1.000000;1.000000;1.000000;1.000000;1.000000;1.000000;1.000000;1.000000;1.000000;1.000000;1.000000;1.000000;1.000000;1.000000,46,1.000000,1,2.000000;2.000000;2.000000;2.000000;2.000000;2.000000;2.000000;1.000000;1.000000;1.000000;1.000000;1.000000;1.000000;1.000000;1.000000;1.000000;1.000000;1.000000;1.000000;1.000000;1.000000;1.000000;1.000000,0.033253;nan;nan;nan;1.299094;nan;0.134693;0.592293;nan;0.032933;nan;0.222683;0.267829;0.061093;0.027173;0.157093;0.297351;nan;nan;nan;nan;nan;nan,2.000000;2.000000;2.000000;2.000000;2.000000;2.000000;2.000000;1.000000;1.000000;1.000000;1.000000;1.000000;1.000000;1.000000;1.000000;1.000000;1.000000;1.000000;1.000000;1.000000;1.000000;1.000000;1.000000,349,21488,232,20324,0,0,0,0,0,0,0,0,0,0,0,0,0,0,0,0,0,0,0,0,0,0,0,0,graph_0004__stability_0.2000,stability,0.2,graph_0004,epoch_0005
trace,aodv,0.586194,0.586129,2514,2922,105,1187,1638,0.722222,0.036377,75.205230,360,260,1,56,0,528,1.444444,1187,57042,4.565385,219.392308,0.500000,1.250000,1.000000,2.000000,2.000000;2.000000;2.000000;2.000000;2.000000;2.000000;1.000000;1.000000;1.000000;1.000000;1.000000;1.000000;1.000000;1.000000;1.000000;1.000000;1.000000;1.000000;1.000000;1.000000;1.000000;1.000000;1.000000;1.000000,46,1.000000,1,2.000000;2.000000;2.000000;2.000000;2.000000;2.000000;2.000000;1.000000;1.000000;1.000000;1.000000;1.000000;1.000000;1.000000;1.000000;1.000000;1.000000;1.000000;1.000000;1.000000;1.000000;1.000000;1.000000,0.033253;0.129253;0.061413;0.157413;1.423640;nan;nan;nan;0.501476;0.059607;0.162853;0.128933;0.095013;0.061093;0.027173;0.001011;0.123173;0.089253;0.055333;0.021413;0.151333;0.117413;nan,2.000000;2.000000;2.000000;2.000000;2.000000;2.000000;2.000000;1.000000;1.000000;1.000000;1.000000;1.000000;1.000000;1.000000;1.000000;1.000000;1.000000;1.000000;1.000000;1.000000;1.000000;1.000000;1.000000,0,0,0,0,0,0,0,0,0,0,738,35424,190,9880,167,8016,73,3152,19,570,0,0,0,0,0,0,0,0,graph_0004__stability_0.2000,stability,0.2,graph_0004,epoch_0005
trace,static,0.187958,0.187941,813,594,105,0,0,0.391667,0.020107,72.449513,360,141,0,0,0,186,0.783333,0,0,0.000000,0.000000,0.500000,1.250000,1.000000,2.000000,2.000000;2.000000;2.000000;2.000000;2.000000;2.000000;1.000000;1.000000;1.000000;1.000000;1.000000;1.000000;1.000000;1.000000;1.000000;1.000000;1.000000;1.000000;1.000000;1.000000;1.000000;1.000000;1.000000;1.000000,46,1.000000,1,2.000000;2.000000;2.000000;2.000000;2.000000;2.000000;2.000000;1.000000;1.000000;1.000000;1.000000;1.000000;1.000000;1.000000;1.000000;1.000000;1.000000;1.000000;1.000000;1.000000;1.000000;1.000000;1.000000,0.042229;0.186834;0.070389;0.166389;0.098549;0.030709;0.143669;0.109749;0.084805;0.041909;0.171829;0.137909;0.103719;0.070069;0.036149;0.166069;0.132229;0.098229;0.064349;0.030389;0.160309;0.126389;nan,2.000000;2.000000;2.000000;2.000000;2.000000;2.000000;2.000000;1.000000;1.000000;1.000000;1.000000;1.000000;1.000000;1.000000;1.000000;1.000000;1.000000;1.000000;1.000000;1.000000;1.000000;1.000000;1.000000,0,0,0,0,0,0,0,0,0,0,0,0,0,0,0,0,0,0,0,0,0,0,0,0,0,0,0,0,graph_0004__stability_0.2000,stability,0.2,graph_0004,epoch_0005
trace,olsr,0.497598,0.497134,1721,1871,105,589,900,0.394444,0.019795,69.483104,360,142,5,0,0,495,0.788889,589,41944,4.147887,295.380282,0.500000,1.250000,1.000000,2.000000,2.000000;2.000000;2.000000;2.000000;2.000000;2.000000;1.000000;1.000000;1.000000;1.000000;1.000000;1.000000;1.000000;1.000000;1.000000;1.000000;1.000000;1.000000;1.000000;1.000000;1.000000;1.000000;1.000000;1.000000,46,1.000000,1,2.000000;2.000000;2.000000;2.000000;2.000000;2.000000;2.000000;1.000000;1.000000;1.000000;1.000000;1.000000;1.000000;1.000000;1.000000;1.000000;1.000000;1.000000;1.000000;1.000000;1.000000;1.000000;1.000000,0.033253;nan;0.061413;0.159843;0.089573;nan;0.462373;0.264613;0.066853;0.032933;nan;nan;nan;0.061093;0.027173;0.157093;0.295989;nan;nan;nan;0.481027;nan;nan,2.000000;2.000000;2.000000;2.000000;2.000000;2.000000;2.000000;1.000000;1.000000;1.000000;1.000000;1.000000;1.000000;1.000000;1.000000;1.000000;1.000000;1.000000;1.000000;1.000000;1.000000;1.000000;1.000000,348,21620,235,19988,0,0,0,0,6,336,0,0,0,0,0,0,0,0,0,0,0,0,0,0,0,0,0,0,graph_0004__stability_0.2000,stability,0.2,graph_0004,epoch_0002
trace,aodv,0.615777,0.615049,2506,2912,105,1186,1633,0.719444,0.036859,76.330566,360,259,4,56,0,521,1.438889,1186,56892,4.579151,219.660232,0.500000,1.250000,1.000000,2.000000,2.000000;2.000000;2.000000;2.000000;2.000000;2.000000;1.000000;1.000000;1.000000;1.000000;1.000000;1.000000;1.000000;1.000000;1.000000;1.000000;1.000000;1.000000;1.000000;1.000000;1.000000;1.000000;1.000000;1.000000,46,1.000000,1,2.000000;2.000000;2.000000;2.000000;2.000000;2.000000;2.000000;1.000000;1.000000;1.000000;1.000000;1.000000;1.000000;1.000000;1.000000;1.000000;1.000000;1.000000;1.000000;1.000000;1.000000;1.000000;1.000000,0.033253;0.129253;0.061413;0.157413;1.410644;nan;nan;nan;0.494556;0.068824;0.162853;0.128933;0.095013;0.061093;0.027173;0.157093;0.123173;0.089253;0.055333;0.021413;0.151333;0.117413;nan,2.000000;2.000000;2.000000;2.000000;2.000000;2.000000;2.000000;1.000000;1.000000;1.000000;1.000000;1.000000;1.000000;1.000000;1.000000;1.000000;1.000000;1.000000;1.000000;1.000000;1.000000;1.000000;1.000000,0,0,0,0,0,0,0,0,0,0,741,35568,186,9672,163,7824,74,3168,22,660,0,0,0,0,0,0,0,0,graph_0004__stability_0.2000,stability,0.2,graph_0004,epoch_0002
trace,static,0.190417,0.190295,813,594,105,0,0,0.391667,0.020104,72.449470,360,141,0,0,0,188,0.783333,0,0,0.000000,0.000000,0.500000,1.250000,1.000000,2.000000,2.000000;2.000000;2.000000;2.000000;2.000000;2.000000;1.000000;1.000000;1.000000;1.000000;1.000000;1.000000;1.000000;1.000000;1.000000;1.000000;1.000000;1.000000;1.000000;1.000000;1.000000;1.000000;1.000000;1.000000,46,1.000000,1,2.000000;2.000000;2.000000;2.000000;2.000000;2.000000;2.000000;1.000000;1.000000;1.000000;1.000000;1.000000;1.000000;1.000000;1.000000;1.000000;1.000000;1.000000;1.000000;1.000000;1.000000;1.000000;1.000000,0.042229;0.188714;0.070389;0.166389;0.098549;0.030709;0.143669;0.109749;0.084805;0.041909;0.171829;0.137909;0.103719;0.070069;0.036149;0.166069;0.132229;0.098229;0.064349;0.030389;0.160309;0.126389;nan,2.000000;2.000000;2.000000;2.000000;2.000000;2.000000;2.000000;1.000000;1.000000;1.000000;1.000000;1.000000;1.000000;1.000000;1.000000;1.000000;1.000000;1.000000;1.000000;1.000000;1.000000;1.000000;1.000000,0,0,0,0,0,0,0,0,0,0,0,0,0,0,0,0,0,0,0,0,0,0,0,0,0,0,0,0,graph_0004__stability_0.2000,stability,0.2,graph_0004,epoch_0002
trace,olsr,0.406871,0.406537,1471,1570,105,595,848,0.402778,0.021035,71.975699,360,145,23,0,0,433,0.805556,595,42356,4.103448,292.110345,0.500000,2.307692,2.000000,3.000000,3.000000;3.000000;3.000000;3.000000;2.000000;2.000000;2.000000;2.000000;2.000000;2.000000;2.000000;2.000000;2.000000,24,1.000000,1,3.000000;3.000000;3.000000;3.000000;3.000000;3.000000;2.000000;2.000000;2.000000;2.000000;2.000000;2.000000,0.163173;0.061413;2.315195;0.358319;nan;nan;0.111973;0.044133;nan;0.072293;0.004453;nan,3.000000;3.000000;3.000000;3.000000;3.000000;3.000000;2.000000;2.000000;2.000000;2.000000;2.000000;2.000000,345,20972,250,21384,0,0,0,0,0,0,0,0,0,0,0,0,0,0,0,0,0,0,0,0,0,0,0,0,graph_0001__stability_0.6000,stability,0.6,graph_0001,epoch_0001
trace,aodv,0.614563,0.613892,2651,2908,105,1120,1419,0.858333,0.043246,74.684126,360,309,9,0,0,657,1.716667,1120,53798,3.624595,174.103560,0.500000,2.307692,2.000000,3.000000,3.000000;3.000000;3.000000;3.000000;2.000000;2.000000;2.000000;2.000000;2.000000;2.000000;2.000000;2.000000;2.000000,24,1.000000,1,3.000000;3.000000;3.000000;3.000000;3.000000;3.000000;2.000000;2.000000;2.000000;2.000000;2.000000;2.000000,0.522284;0.061413;0.486776;1.531580;0.100773;0.533550;0.111973;1.558750;0.140133;0.100508;0.004453;0.100453,3.000000;3.000000;3.000000;3.000000;3.000000;3.000000;2.000000;2.000000;2.000000;2.000000;2.000000;2.000000,0,0,0,0,0,0,0,0,0,0,758,36384,156,8112,127,6096,66,2816,13,390,0,0,0,0,0,0,0,0,graph_0001__stability_0.6000,stability,0.6,graph_0001,epoch_0001
trace,static,0.189736,0.189535,849,649,105,0,0,0.444444,0.022305,73.551219,360,160,0,0,0,148,0.888889,0,0,0.000000,0.000000,0.500000,2.307692,2.000000,3.000000,3.000000;3.000000;3.000000;3.000000;2.000000;2.000000;2.000000;2.000000;2.000000;2.000000;2.000000;2.000000;2.000000,24,1.000000,1,3.000000;3.000000;3.000000;3.000000;3.000000;3.000000;2.000000;2.000000;2.000000;2.000000;2.000000;2.000000,0.172149;0.070389;0.185514;0.030709;0.109749;0.024969;0.120949;0.053269;0.149109;0.081269;0.013429;0.109429,3.000000;3.000000;3.000000;3.000000;3.000000;3.000000;2.000000;2.000000;2.000000;2.000000;2.000000;2.000000,0,0,0,0,0,0,0,0,0,0,0,0,0,0,0,0,0,0,0,0,0,0,0,0,0,0,0,0,graph_0001__stability_0.6000,stability,0.6,graph_0001,epoch_0001
trace,olsr,0.412859,0.412846,1440,1492,105,593,842,0.366667,0.019154,69.672138,360,132,3,0,0,448,0.733333,593,42536,4.492424,322.242424,0.500000,2.307692,2.000000,3.000000,3.000000;3.000000;3.000000;3.000000;2.000000;2.000000;2.000000;2.000000;2.000000;2.000000;2.000000;2.000000;2.000000,24,1.000000,1,3.000000;3.000000;3.000000;3.000000;3.000000;3.000000;2.000000;2.000000;2.000000;2.000000;2.000000;2.000000,0.163173;0.061413;nan;0.021733;nan;1.344455;nan;nan;nan;0.072293;0.004453;nan,3.000000;3.000000;3.000000;3.000000;3.000000;3.000000;2.000000;2.000000;2.000000;2.000000;2.000000;2.000000,344,21012,249,21524,0,0,0,0,0,0,0,0,0,0,0,0,0,0,0,0,0,0,0,0,0,0,0,0,graph_0001__stability_0.6000,stability,0.6,graph_0001,epoch_0003
trace,aodv,0.578474,0.578351,2611,2844,105,1169,1460,0.763889,0.038501,77.311749,360,275,27,0,0,634,1.527778,1169,55848,4.250909,203.083636,0.500000,2.307692,2.000000,3.000000,3.000000;3.000000;3.000000;3.000000;2.000000;2.000000;2.000000;2.000000;2.000000;2.000000;2.000000;2.000000;2.000000,24,1.000000,1,3.000000;3.000000;3.000000;3.000000;3.000000;3.000000;2.000000;2.000000;2.000000;2.000000;2.000000;2.000000,0.532686;0.061413;0.969952;1.521676;1.439780;0.520350;0.111973;1.543868;0.140133;0.100348;0.004453;0.100453,3.000000;3.000000;3.000000;3.000000;3.000000;3.000000;2.000000;2.000000;2.000000;2.000000;2.000000;2.000000,0,0,0,0,0,0,0,0,0,0,755,36240,160,8320,131,6288,111,4640,12,360,0,0,0,0,0,0,0,0,graph_0001__stability_0.6000,stability,0.6,graph_0001,epoch_0003
trace,static,0.188772,0.188723,849,649,105,0,0,0.444444,0.022311,73.551362,360,160,0,0,0,153,0.888889,0,0,0.000000,0.000000,0.500000,2.307692,2.000000,3.000000,3.000000;3.000000;3.000000;3.000000;2.000000;2.000000;2.000000;2.000000;2.000000;2.000000;2.000000;2.000000;2.000000,24,1.000000,1,3.000000;3.000000;3.000000;3.000000;3.000000;3.000000;2.000000;2.000000;2.000000;2.000000;2.000000;2.000000,0.172149;0.070389;0.193848;0.030709;0.109749;0.024969;0.120949;0.053269;0.149109;0.081269;0.013429;0.109429,3.000000;3.000000;3.000000;3.000000;3.000000;3.000000;2.000000;2.000000;2.000000;2.000000;2.000000;2.000000,0,0,0,0,0,0,0,0,0,0,0,0,0,0,0,0,0,0,0,0,0,0,0,0,0,0,0,0,graph_0001__stability_0.6000,stability,0.6,graph_0001,epoch_0003
trace,olsr,0.433996,0.433970,1559,1660,105,594,853,0.461111,0.024082,72.865024,360,166,17,0,0,445,0.922222,594,42840,3.578313,258.072289,0.500000,2.307692,2.000000,3.000000,3.000000;3.000000;3.000000;3.000000;2.000000;2.000000;2.000000;2.000000;2.000000;2.000000;2.000000;2.000000;2.000000,24,1.000000,1,3.000000;3.000000;3.000000;3.000000;3.000000;3.000000;2.000000;2.000000;2.000000;2.000000;2.000000;2.000000,0.163173;0.061413;2.644754;0.358319;0.273319;0.015973;0.111973;0.044133;nan;0.072293;0.004453;nan,3.000000;3.000000;3.000000;3.000000;3.000000;3.000000;2.000000;2.000000;2.000000;2.000000;2.000000;2.000000,341,20776,253,22064,0,0,0,0,0,0,0,0,0,0,0,0,0,0,0,0,0,0,0,0,0,0,0,0,graph_0001__stability_0.6000,stability,0.6,graph_0001,epoch_0004
trace,aodv,0.593255,0.593082,2603,2857,105,1119,1423,0.827778,0.041716,76.436988,360,298,12,0,0,563,1.655556,1119,53804,3.755034,180.550336,0.500000,2.307692,2.000000,3.000000,3.000000;3.000000;3.000000;3.000000;2.000000;2.000000;2.000000;2.000000;2.000000;2.000000;2.000000;2.000000;2.000000,24,1.000000,1,3.000000;3.000000;3.000000;3.000000;3.000000;3.000000;2.000000;2.000000;2.000000;2.000000;2.000000;2.000000,0.538403;0.061413;0.466349;1.516351;0.100773;0.537132;0.111973;1.556937;0.140133;0.097668;0.004453;0.100453,3.000000;3.000000;3.000000;3.000000;3.000000;3.000000;2.000000;2.000000;2.000000;2.000000;2.000000;2.000000,0,0,0,0,0,0,0,0,0,0,752,36096,165,8580,121,5808,69,2960,12,360,0,0,0,0,0,0,0,0,graph_0001__stability_0.6000,stability,0.6,graph_0001,epoch_0004
trace,static,0.189349,0.189339,849,649,105,0,0,0.444444,0.022306,73.551306,360,160,0,0,0,152,0.888889,0,0,0.000000,0.000000,0.500000,2.307692,2.000000,3.000000,3.000000;3.000000;3.000000;3.000000;2.000000;2.000000;2.000000;2.000000;2.000000;2.000000;2.000000;2.000000;2.000000,24,1.000000,1,3.000000;3.000000;3.000000;3.000000;3.000000;3.000000;2.000000;2.000000;2.000000;2.000000;2.000000;2.000000,0.172149;0.070389;0.199234;0.030709;0.109749;0.024969;0.120949;0.053269;0.149109;0.081269;0.013429;0.109429,3.000000;3.000000;3.000000;3.000000;3.000000;3.000000;2.000000;2.000000;2.000000;2.000000;2.000000;2.000000,0,0,0,0,0,0,0,0,0,0,0,0,0,0,0,0,0,0,0,0,0,0,0,0,0,0,0,0,graph_0001__stability_0.6000,stability,0.6,graph_0001,epoch_0004
trace,olsr,0.346067,0.346039,1301,1441,105,595,855,0.308333,0.018340,63.082968,360,111,29,0,0,387,0.616667,595,41976,5.360360,378.162162,0.500000,2.307692,2.000000,3.000000,3.000000;3.000000;3.000000;3.000000;2.000000;2.000000;2.000000;2.000000;2.000000;2.000000;2.000000;2.000000;2.000000,24,1.000000,1,3.000000;3.000000;3.000000;3.000000;3.000000;3.000000;2.000000;2.000000;2.000000;2.000000;2.000000;2.000000,0.163173;0.061413;2.651554;0.021733;nan;1.499509;nan;nan;0.148839;nan;nan;nan,3.000000;3.000000;3.000000;3.000000;3.000000;3.000000;2.000000;2.000000;2.000000;2.000000;2.000000;2.000000,347,20920,248,21056,0,0,0,0,0,0,0,0,0,0,0,0,0,0,0,0,0,0,0,0,0,0,0,0,graph_0001__stability_0.6000,stability,0.6,graph_0001,epoch_0005
trace,aodv,0.601781,0.601644,2642,2868,105,1150,1423,0.797222,0.040846,76.162395,360,287,26,0,0,732,1.594444,1150,54980,4.006969,191.567944,0.500000,2.307692,2.000000,3.000000,3.000000;3.000000;3.000000;3.000000;2.000000;2.000000;2.000000;2.000000;2.000000;2.000000;2.000000;2.000000;2.000000,24,1.000000,1,3.000000;3.000000;3.000000;3.000000;3.000000;3.000000;2.000000;2.000000;2.000000;2.000000;2.000000;2.000000,0.517777;0.061413;0.615013;1.526580;0.100773;0.529600;0.111973;1.543772;0.140133;0.086008;0.004453;0.100453,3.000000;3.000000;3.000000;3.000000;3.000000;3.000000;2.000000;2.000000;2.000000;2.000000;2.000000;2.000000,0,0,0,0,0,0,0,0,0,0,752,36096,157,8164,127,6096,102,4264,12,360,0,0,0,0,0,0,0,0,graph_0001__stability_0.6000,stability,0.6,graph_0001,epoch_0005
trace,static,0.184812,0.184800,849,649,105,0,0,0.444444,0.022308,73.551308,360,160,0,0,0,151,0.888889,0,0,0.000000,0.000000,0.500000,2.307692,2.000000,3.000000,3.000000;3.000000;3.000000;3.000000;2.000000;2.000000;2.000000;2.000000;2.000000;2.000000;2.000000;2.000000;2.000000,24,1.000000,1,3.000000;3.000000;3.000000;3.000000;3.000000;3.000000;2.000000;2.000000;2.000000;2.000000;2.000000;2.000000,0.172149;0.070389;0.193094;0.030709;0.109749;0.024969;0.120949;0.053269;0.149109;0.081269;0.013429;0.109429,3.000000;3.000000;3.000000;3.000000;3.000000;3.000000;2.000000;2.000000;2.000000;2.000000;2.000000;2.000000,0,0,0,0,0,0,0,0,0,0,0,0,0,0,0,0,0,0,0,0,0,0,0,0,0,0,0,0,graph_0001__stability_0.6000,stability,0.6,graph_0001,epoch_0005
trace,olsr,0.431965,0.431910,1548,1633,105,590,845,0.394444,0.020602,69.598286,360,142,7,0,0,416,0.788889,590,42304,4.154930,297.915493,0.500000,2.307692,2.000000,3.000000,3.000000;3.000000;3.000000;3.000000;2.000000;2.000000;2.000000;2.000000;2.000000;2.000000;2.000000;2.000000;2.000000,24,1.000000,1,3.000000;3.000000;3.000000;3.000000;3.000000;3.000000;2.000000;2.000000;2.000000;2.000000;2.000000;2.000000,0.163173;0.061413;nan;0.021733;0.100773;1.326693;nan;0.044133;nan;0.572789;0.004453;nan,3.000000;3.000000;3.000000;3.000000;3.000000;3.000000;2.000000;2.000000;2.000000;2.000000;2.000000;2.000000,346,20992,240,21088,0,0,0,0,4,224,0,0,0,0,0,0,0,0,0,0,0,0,0,0,0,0,0,0,graph_0001__stability_0.6000,stability,0.6,graph_0001,epoch_0002
trace,aodv,0.610436,0.610404,2654,2929,105,1125,1442,0.855556,0.043115,74.752977,360,308,10,0,0,637,1.711111,1125,54112,3.652597,175.688312,0.500000,2.307692,2.000000,3.000000,3.000000;3.000000;3.000000;3.000000;2.000000;2.000000;2.000000;2.000000;2.000000;2.000000;2.000000;2.000000;2.000000,24,1.000000,1,3.000000;3.000000;3.000000;3.000000;3.000000;3.000000;2.000000;2.000000;2.000000;2.000000;2.000000;2.000000,0.525084;0.061413;0.473196;1.516521;0.100773;0.531715;0.111973;1.537888;0.140133;0.102488;0.004453;0.100453,3.000000;3.000000;3.000000;3.000000;3.000000;3.000000;2.000000;2.000000;2.000000;2.000000;2.000000;2.000000,0,0,0,0,0,0,0,0,0,0,761,36528,158,8216,132,6336,62,2672,12,360,0,0,0,0,0,0,0,0,graph_0001__stability_0.6000,stability,0.6,graph_0001,epoch_0002
trace,static,0.187898,0.187788,849,649,105,0,0,0.444444,0.022308,73.551354,360,160,0,0,0,152,0.888889,0,0,0.000000,0.000000,0.500000,2.307692,2.000000,3.000000,3.000000;3.000000;3.000000;3.000000;2.000000;2.000000;2.000000;2.000000;2.000000;2.000000;2.000000;2.000000;2.000000,24,1.000000,1,3.000000;3.000000;3.000000;3.000000;3.000000;3.000000;2.000000;2.000000;2.000000;2.000000;2.000000;2.000000,0.172149;0.070389;0.200534;0.030709;0.109749;0.024969;0.120949;0.053269;0.149109;0.081269;0.013429;0.109429,3.000000;3.000000;3.000000;3.000000;3.000000;3.000000;2.000000;2.000000;2.000000;2.000000;2.000000;2.000000,0,0,0,0,0,0,0,0,0,0,0,0,0,0,0,0,0,0,0,0,0,0,0,0,0,0,0,0,graph_0001__stability_0.6000,stability,0.6,graph_0001,epoch_0002
trace,olsr,0.464385,0.464344,1652,1985,105,695,1212,0.411111,0.020635,70.378319,360,148,10,0,0,372,0.822222,695,57524,4.695946,388.675676,0.500000,4.285714,4.000000,5.000000,5.000000;5.000000;4.000000;4.000000;4.000000;4.000000;4.000000,12,0.869565,1,5.000000;5.000000;5.000000;5.000000;5.000000;5.000000,0.095333;1.254405;1.739173;0.111973;nan;0.134373,5.000000;5.000000;5.000000;5.000000;5.000000;5.000000,313,20260,382,37264,0,0,0,0,0,0,0,0,0,0,0,0,0,0,0,0,0,0,0,0,0,0,0,0,graph_0005__stability_0.8000,stability,0.8,graph_0005,epoch_0001
trace,aodv,0.557433,0.557377,2427,2994,105,1091,1700,0.697222,0.035134,74.506624,360,251,11,56,0,586,1.394444,1091,52374,4.346614,208.661355,0.500000,4.285714,4.000000,5.000000,5.000000;5.000000;4.000000;4.000000;4.000000;4.000000;4.000000,12,0.869565,1,5.000000;5.000000;5.000000;5.000000;5.000000;5.000000,0.604390;0.089573;0.100773;nan;0.471220;0.134373,5.000000;5.000000;5.000000;5.000000;5.000000;5.000000,0,0,0,0,0,0,0,0,0,0,758,36384,143,7436,104,4992,75,3232,11,330,0,0,0,0,0,0,0,0,graph_0005__stability_0.8000,stability,0.8,graph_0005,epoch_0001
trace,static,0.187549,0.187518,860,665,105,0,0,0.458333,0.023005,72.965943,360,165,0,0,0,83,0.916667,0,0,0.000000,0.000000,0.500000,4.285714,4.000000,5.000000,5.000000;5.000000;4.000000;4.000000;4.000000;4.000000;4.000000,12,0.869565,1,5.000000;5.000000;5.000000;5.000000;5.000000;5.000000,0.104309;0.150014;0.109749;0.120949;0.132149;0.143349,5.000000;5.000000;5.000000;5.000000;5.000000;5.000000,0,0,0,0,0,0,0,0,0,0,0,0,0,0,0,0,0,0,0,0,0,0,0,0,0,0,0,0,graph_0005__stability_0.8000,stability,0.8,graph_0005,epoch_0001
trace,olsr,0.482307,0.482260,1651,1946,105,691,1198,0.350000,0.018279,81.208532,360,126,17,0,0,470,0.700000,691,56532,5.484127,448.666667,0.500000,4.285714,4.000000,5.000000,5.000000;5.000000;4.000000;4.000000;4.000000;4.000000;4.000000,12,0.869565,1,5.000000;5.000000;5.000000;5.000000;5.000000;5.000000,0.276855;1.254405;0.273589;0.111973;0.123173;0.306919,5.000000;5.000000;5.000000;5.000000;5.000000;5.000000,310,20000,381,36532,0,0,0,0,0,0,0,0,0,0,0,0,0,0,0,0,0,0,0,0,0,0,0,0,graph_0005__stability_0.8000,stability,0.8,graph_0005,epoch_0003
trace,aodv,0.559339,0.559293,2400,2905,105,1111,1698,0.583333,0.029388,76.338726,360,210,12,56,0,661,1.166667,1111,53200,5.290476,253.333333,0.500000,4.285714,4.000000,5.000000,5.000000;5.000000;4.000000;4.000000;4.000000;4.000000;4.000000,12,0.869565,1,5.000000;5.000000;5.000000;5.000000;5.000000;5.000000,0.611658;0.089573;0.459084;nan;0.467220;0.134373,5.000000;5.000000;5.000000;5.000000;5.000000;5.000000,0,0,0,0,0,0,0,0,0,0,761,36528,139,7228,113,5424,84,3600,14,420,0,0,0,0,0,0,0,0,graph_0005__stability_0.8000,stability,0.8,graph_0005,epoch_0003
trace,static,0.190898,0.190868,860,665,105,0,0,0.458333,0.023003,72.965892,360,165,0,0,0,83,0.916667,0,0,0.000000,0.000000,0.500000,4.285714,4.000000,5.000000,5.000000;5.000000;4.000000;4.000000;4.000000;4.000000;4.000000,12,0.869565,1,5.000000;5.000000;5.000000;5.000000;5.000000;5.000000,0.104309;0.147474;0.109749;0.120949;0.132149;0.143349,5.000000;5.000000;5.000000;5.000000;5.000000;5.000000,0,0,0,0,0,0,0,0,0,0,0,0,0,0,0,0,0,0,0,0,0,0,0,0,0,0,0,0,graph_0005__stability_0.8000,stability,0.8,graph_0005,epoch_0003
trace,olsr,0.484217,0.484196,1728,2070,105,692,1200,0.488889,0.024535,74.363526,360,176,11,0,0,423,0.977778,692,56884,3.931818,323.204545,0.500000,4.285714,4.000000,5.000000,5.000000;5.000000;4.000000;4.000000;4.000000;4.000000;4.000000,12,0.869565,1,5.000000;5.000000;5.000000;5.000000;5.000000;5.000000,0.095333;1.254485;2.239869;0.111973;0.123173;0.211101,5.000000;5.000000;5.000000;5.000000;5.000000;5.000000,312,20464,380,36420,0,0,0,0,0,0,0,0,0,0,0,0,0,0,0,0,0,0,0,0,0,0,0,0,graph_0005__stability_0.8000,stability,0.8,graph_0005,epoch_0004
trace,aodv,0.553770,0.553639,2418,2940,105,1143,1731,0.580556,0.029252,74.340241,360,209,29,56,0,600,1.161111,1143,54608,5.468900,261.282297,0.500000,4.285714,4.000000,5.000000,5.000000;5.000000;4.000000;4.000000;4.000000;4.000000;4.000000,12,0.869565,1,5.000000;5.000000;5.000000;5.000000;5.000000;5.000000,0.605969;0.089573;0.601269;nan;0.475140;0.134373,5.000000;5.000000;5.000000;5.000000;5.000000;5.000000,0,0,0,0,0,0,0,0,0,0,758,36384,150,7800,116,5568,103,4376,16,480,0,0,0,0,0,0,0,0,graph_0005__stability_0.8000,stability,0.8,graph_0005,epoch_0004
trace,static,0.190239,0.190224,860,665,105,0,0,0.458333,0.023001,72.965864,360,165,0,0,0,83,0.916667,0,0,0.000000,0.000000,0.500000,4.285714,4.000000,5.000000,5.000000;5.000000;4.000000;4.000000;4.000000;4.000000;4.000000,12,0.869565,1,5.000000;5.000000;5.000000;5.000000;5.000000;5.000000,0.104309;0.145394;0.109749;0.120949;0.132149;0.143349,5.000000;5.000000;5.000000;5.000000;5.000000;5.000000,0,0,0,0,0,0,0,0,0,0,0,0,0,0,0,0,0,0,0,0,0,0,0,0,0,0,0,0,graph_0005__stability_0.8000,stability,0.8,graph_0005,epoch_0004
trace,olsr,0.637082,0.636938,2188,2498,105,710,1228,0.330556,0.017264,77.237524,360,119,4,0,0,412,0.661111,710,58268,5.966387,489.647059,0.500000,4.285714,4.000000,5.000000,5.000000;5.000000;4.000000;4.000000;4.000000;4.000000;4.000000,12,0.869565,1,5.000000;5.000000;5.000000;5.000000;5.000000;5.000000,0.193117;1.254405;2.394533;0.111973;0.123173;0.212567,5.000000;5.000000;5.000000;5.000000;5.000000;5.000000,316,20452,376,36808,0,0,0,0,18,1008,0,0,0,0,0,0,0,0,0,0,0,0,0,0,0,0,0,0,graph_0005__stability_0.8000,stability,0.8,graph_0005,epoch_0005
trace,aodv,0.561232,0.561198,2430,2978,105,1125,1738,0.630556,0.031773,75.512516,360,227,12,56,0,568,1.261111,1125,53980,4.955947,237.797357,0.500000,4.285714,4.000000,5.000000,5.000000;5.000000;4.000000;4.000000;4.000000;4.000000;4.000000,12,0.869565,1,5.000000;5.000000;5.000000;5.000000;5.000000;5.000000,0.609860;0.089573;0.100773;nan;0.479744;0.134373,5.000000;5.000000;5.000000;5.000000;5.000000;5.000000,0,0,0,0,0,0,0,0,0,0,758,36384,149,7748,125,6000,81,3488,12,360,0,0,0,0,0,0,0,0,graph_0005__stability_0.8000,stability,0.8,graph_0005,epoch_0005
trace,static,0.193009,0.192975,857,661,105,0,0,0.455556,0.022865,72.954979,360,164,0,0,0,81,0.911111,0,0,0.000000,0.000000,0.500000,4.285714,4.000000,5.000000,5.000000;5.000000;4.000000;4.000000;4.000000;4.000000;4.000000,12,0.869565,1,5.000000;5.000000;5.000000;5.000000;5.000000;5.000000,0.104309;0.144168;0.109749;0.120949;0.132149;0.143349,5.000000;5.000000;5.000000;5.000000;5.000000;5.000000,0,0,0,0,0,0,0,0,0,0,0,0,0,0,0,0,0,0,0,0,0,0,0,0,0,0,0,0,graph_0005__stability_0.8000,stability,0.8,graph_0005,epoch_0005
trace,olsr,0.488691,0.488254,1683,1978,105,689,1182,0.391667,0.020457,79.002543,360,141,4,0,0,469,0.783333,689,56148,4.886525,398.212766,0.500000,4.285714,4.000000,5.000000,5.000000;5.000000;4.000000;4.000000;4.000000;4.000000;4.000000,12,0.869565,1,5.000000;5.000000;5.000000;5.000000;5.000000;5.000000,0.276855;0.089573;0.428453;0.111973;0.123173;0.210039,5.000000;5.000000;5.000000;5.000000;5.000000;5.000000,312,20172,377,35976,0,0,0,0,0,0,0,0,0,0,0,0,0,0,0,0,0,0,0,0,0,0,0,0,graph_0005__stability_0.8000,stability,0.8,graph_0005,epoch_0002
trace,aodv,0.563021,0.562363,2404,2958,105,1111,1709,0.627778,0.031634,76.458892,360,226,34,56,0,601,1.255556,1111,52952,4.915929,234.300885,0.500000,4.285714,4.000000,5.000000,5.000000;5.000000;4.000000;4.000000;4.000000;4.000000;4.000000,12,0.869565,1,5.000000;5.000000;5.000000;5.000000;5.000000;5.000000,0.607448;0.089573;0.268020;nan;0.466565;0.134373,5.000000;5.000000;5.000000;5.000000;5.000000;5.000000,0,0,0,0,0,0,0,0,0,0,770,36960,124,6448,97,4656,108,4528,12,360,0,0,0,0,0,0,0,0,graph_0005__stability_0.8000,stability,0.8,graph_0005,epoch_0002
trace,static,0.191755,0.191495,860,665,105,0,0,0.458333,0.023003,72.965913,360,165,0,0,0,83,0.916667,0,0,0.000000,0.000000,0.500000,4.285714,4.000000,5.000000,5.000000;5.000000;4.000000;4.000000;4.000000;4.000000;4.000000,12,0.869565,1,5.000000;5.000000;5.000000;5.000000;5.000000;5.000000,0.104309;0.148234;0.109749;0.120949;0.132149;0.143349,5.000000;5.000000;5.000000;5.000000;5.000000;5.000000,0,0,0,0,0,0,0,0,0,0,0,0,0,0,0,0,0,0,0,0,0,0,0,0,0,0,0,0,graph_0005__stability_0.8000,stability,0.8,graph_0005,epoch_0002
trace,olsr,0.489527,0.489498,1697,2048,105,710,1244,0.444444,0.023766,70.985835,360,160,17,0,0,490,0.888889,710,59652,4.437500,372.825000,0.500000,1.666667,2.000000,2.000000,2.000000;2.000000;2.000000;2.000000;2.000000;2.000000;2.000000;2.000000;2.000000;2.000000;2.000000;2.000000;1.000000;1.000000;1.000000;1.000000;1.000000;1.000000,34,0.916667,1,2.000000;2.000000;2.000000;2.000000;2.000000;2.000000;2.000000;2.000000;2.000000;2.000000;2.000000;2.000000;2.000000;1.000000;1.000000;1.000000;1.000000,0.033253;0.129253;0.061413;1.238853;nan;0.021733;0.290279;nan;0.147151;nan;nan;0.106213;0.055333;0.021413;0.151333;nan;nan,2.000000;2.000000;2.000000;2.000000;2.000000;2.000000;2.000000;2.000000;2.000000;2.000000;2.000000;2.000000;2.000000;1.000000;1.000000;1.000000;1.000000,312,20320,398,39332,0,0,0,0,0,0,0,0,0,0,0,0,0,0,0,0,0,0,0,0,0,0,0,0,graph_0005__stability_0.4000,stability,0.4,graph_0005,epoch_0001
trace,aodv,0.625604,0.625480,2536,3056,105,1176,1781,0.738889,0.038086,74.961136,360,266,9,0,0,604,1.477778,1176,56508,4.421053,212.436090,0.500000,1.666667,2.000000,2.000000,2.000000;2.000000;2.000000;2.000000;2.000000;2.000000;2.000000;2.000000;2.000000;2.000000;2.000000;2.000000;1.000000;1.000000;1.000000;1.000000;1.000000;1.000000,34,0.916667,1,2.000000;2.000000;2.000000;2.000000;2.000000;2.000000;2.000000;2.000000;2.000000;2.000000;2.000000;2.000000;2.000000;1.000000;1.000000;1.000000;1.000000,0.033253;1.447300;0.061413;0.157413;1.424655;0.032323;0.117733;0.049893;nan;0.085312;0.010213;0.106213;0.055333;0.021413;0.151333;0.117413;nan,2.000000;2.000000;2.000000;2.000000;2.000000;2.000000;2.000000;2.000000;2.000000;2.000000;2.000000;2.000000;2.000000;1.000000;1.000000;1.000000;1.000000,0,0,0,0,0,0,0,0,0,0,745,35760,176,9152,164,7872,77,3304,14,420,0,0,0,0,0,0,0,0,graph_0005__stability_0.4000,stability,0.4,graph_0005,epoch_0001
trace,static,0.188235,0.188226,825,614,105,0,0,0.413889,0.021248,72.304782,360,149,0,0,0,140,0.827778,0,0,0.000000,0.000000,0.500000,1.666667,2.000000,2.000000,2.000000;2.000000;2.000000;2.000000;2.000000;2.000000;2.000000;2.000000;2.000000;2.000000;2.000000;2.000000;1.000000;1.000000;1.000000;1.000000;1.000000;1.000000,34,0.916667,1,2.000000;2.000000;2.000000;2.000000;2.000000;2.000000;2.000000;2.000000;2.000000;2.000000;2.000000;2.000000;2.000000;1.000000;1.000000;1.000000;1.000000,0.042269;0.137959;0.070389;0.224134;0.098549;0.030709;0.126709;0.058869;0.154949;0.087029;0.019189;0.115189;0.064309;0.030389;0.160309;0.126389;nan,2.000000;2.000000;2.000000;2.000000;2.000000;2.000000;2.000000;2.000000;2.000000;2.000000;2.000000;2.000000;2.000000;1.000000;1.000000;1.000000;1.000000,0,0,0,0,0,0,0,0,0,0,0,0,0,0,0,0,0,0,0,0,0,0,0,0,0,0,0,0,graph_0005__stability_0.4000,stability,0.4,graph_0005,epoch_0001
trace,olsr,0.625198,0.625054,2208,2534,105,720,1237,0.405556,0.020818,77.386760,360,146,1,0,0,495,0.811111,720,59304,4.931507,406.191781,0.500000,1.666667,2.000000,2.000000,2.000000;2.000000;2.000000;2.000000;2.000000;2.000000;2.000000;2.000000;2.000000;2.000000;2.000000;2.000000;1.000000;1.000000;1.000000;1.000000;1.000000;1.000000,34,0.916667,1,2.000000;2.000000;2.000000;2.000000;2.000000;2.000000;2.000000;2.000000;2.000000;2.000000;2.000000;2.000000;2.000000;1.000000;1.000000;1.000000;1.000000,0.231813;1.284839;0.061413;1.236873;nan;0.021733;0.117733;0.049893;nan;0.078053;1.320933;0.106213;0.055333;0.021413;0.151333;0.117413;nan,2.000000;2.000000;2.000000;2.000000;2.000000;2.000000;2.000000;2.000000;2.000000;2.000000;2.000000;2.000000;2.000000;1.000000;1.000000;1.000000;1.000000,316,20264,386,38032,0,0,0,0,18,1008,0,0,0,0,0,0,0,0,0,0,0,0,0,0,0,0,0,0,graph_0005__stability_0.4000,stability,0.4,graph_0005,epoch_0003
trace,aodv,0.638818,0.638760,2637,3193,105,1165,1789,0.794444,0.040940,76.141204,360,286,6,0,0,629,1.588889,1165,55950,4.073427,195.629371,0.500000,1.666667,2.000000,2.000000,2.000000;2.000000;2.000000;2.000000;2.000000;2.000000;2.000000;2.000000;2.000000;2.000000;2.000000;2.000000;1.000000;1.000000;1.000000;1.000000;1.000000;1.000000,34,0.916667,1,2.000000;2.000000;2.000000;2.000000;2.000000;2.000000;2.000000;2.000000;2.000000;2.000000;2.000000;2.000000;2.000000;1.000000;1.000000;1.000000;1.000000,0.033253;1.449503;0.061413;0.157413;1.425575;0.021733;0.117733;1.544937;0.145893;1.410944;0.010213;0.106213;0.055333;0.021413;0.151333;0.117413;nan,2.000000;2.000000;2.000000;2.000000;2.000000;2.000000;2.000000;2.000000;2.000000;2.000000;2.000000;2.000000;2.000000;1.000000;1.000000;1.000000;1.000000,0,0,0,0,0,0,0,0,0,0,746,35808,178,9256,151,7248,73,3128,17,510,0,0,0,0,0,0,0,0,graph_0005__stability_0.4000,stability,0.4,graph_0005,epoch_0003
trace,static,0.190922,0.190915,827,616,105,0,0,0.413889,0.021246,72.304697,360,149,0,0,0,144,0.827778,0,0,0.000000,0.000000,0.500000,1.666667,2.000000,2.000000,2.000000;2.000000;2.000000;2.000000;2.000000;2.000000;2.000000;2.000000;2.000000;2.000000;2.000000;2.000000;1.000000;1.000000;1.000000;1.000000;1.000000;1.000000,34,0.916667,1,2.000000;2.000000;2.000000;2.000000;2.000000;2.000000;2.000000;2.000000;2.000000;2.000000;2.000000;2.000000;2.000000;1.000000;1.000000;1.000000;1.000000,0.042269;0.137959;0.070389;0.217714;0.098549;0.030709;0.126709;0.058869;0.154949;0.087029;0.019189;0.115189;0.064309;0.030389;0.160309;0.126389;nan,2.000000;2.000000;2.000000;2.000000;2.000000;2.000000;2.000000;2.000000;2.000000;2.000000;2.000000;2.000000;2.000000;1.000000;1.000000;1.000000;1.000000,0,0,0,0,0,0,0,0,0,0,0,0,0,0,0,0,0,0,0,0,0,0,0,0,0,0,0,0,graph_0005__stability_0.4000,stability,0.4,graph_0005,epoch_0003
trace,olsr,0.492666,0.492595,1693,2016,105,713,1245,0.413889,0.021245,70.651162,360,149,0,0,0,507,0.827778,713,60060,4.785235,403.087248,0.500000,1.666667,2.000000,2.000000,2.000000;2.000000;2.000000;2.000000;2.000000;2.000000;2.000000;2.000000;2.000000;2.000000;2.000000;2.000000;1.000000;1.000000;1.000000;1.000000;1.000000;1.000000,34,0.916667,1,2.000000;2.000000;2.000000;2.000000;2.000000;2.000000;2.000000;2.000000;2.000000;2.000000;2.000000;2.000000;2.000000;1.000000;1.000000;1.000000;1.000000,0.033253;0.129253;0.061413;1.230193;nan;0.021733;0.290279;nan;1.456613;nan;nan;nan;0.165706;0.021413;0.151333;0.117413;nan,2.000000;2.000000;2.000000;2.000000;2.000000;2.000000;2.000000;2.000000;2.000000;2.000000;2.000000;2.000000;2.000000;1.000000;1.000000;1.000000;1.000000,313,20072,400,39988,0,0,0,0,0,0,0,0,0,0,0,0,0,0,0,0,0,0,0,0,0,0,0,0,graph_0005__stability_0.4000,stability,0.4,graph_0005,epoch_0004
trace,aodv,0.644257,0.644214,2658,3214,105,1187,1797,0.797222,0.041090,75.310610,360,287,19,0,0,663,1.594444,1187,56904,4.135889,198.271777,0.500000,1.666667,2.000000,2.000000,2.000000;2.000000;2.000000;2.000000;2.000000;2.000000;2.000000;2.000000;2.000000;2.000000;2.000000;2.000000;1.000000;1.000000;1.000000;1.000000;1.000000;1.000000,34,0.916667,1,2.000000;2.000000;2.000000;2.000000;2.000000;2.000000;2.000000;2.000000;2.000000;2.000000;2.000000;2.000000;2.000000;1.000000;1.000000;1.000000;1.000000,0.033253;1.458070;0.260429;0.157413;1.420270;0.021733;0.117733;1.542611;0.020938;1.421349;0.010213;0.106213;0.055333;0.021413;0.151333;0.117413;nan,2.000000;2.000000;2.000000;2.000000;2.000000;2.000000;2.000000;2.000000;2.000000;2.000000;2.000000;2.000000;2.000000;1.000000;1.000000;1.000000;1.000000,0,0,0,0,0,0,0,0,0,0,736,35328,187,9724,156,7488,94,3944,14,420,0,0,0,0,0,0,0,0,graph_0005__stability_0.4000,stability,0.4,graph_0005,epoch_0004
trace,static,0.187215,0.187190,825,614,105,0,0,0.413889,0.021245,72.304694,360,149,0,0,0,140,0.827778,0,0,0.000000,0.000000,0.500000,1.666667,2.000000,2.000000,2.000000;2.000000;2.000000;2.000000;2.000000;2.000000;2.000000;2.000000;2.000000;2.000000;2.000000;2.000000;1.000000;1.000000;1.000000;1.000000;1.000000;1.000000,34,0.916667,1,2.000000;2.000000;2.000000;2.000000;2.000000;2.000000;2.000000;2.000000;2.000000;2.000000;2.000000;2.000000;2.000000;1.000000;1.000000;1.000000;1.000000,0.042269;0.137959;0.070389;0.223934;0.098549;0.030709;0.126709;0.058869;0.154949;0.087029;0.019189;0.115189;0.064309;0.030389;0.160309;0.126389;nan,2.000000;2.000000;2.000000;2.000000;2.000000;2.000000;2.000000;2.000000;2.000000;2.000000;2.000000;2.000000;2.000000;1.000000;1.000000;1.000000;1.000000,0,0,0,0,0,0,0,0,0,0,0,0,0,0,0,0,0,0,0,0,0,0,0,0,0,0,0,0,graph_0005__stability_0.4000,stability,0.4,graph_0005,epoch_0004
trace,olsr,0.665452,0.665385,2457,2810,105,739,1262,0.436111,0.022646,74.421262,360,157,9,0,0,567,0.872222,739,60572,4.707006,385.808917,0.500000,1.666667,2.000000,2.000000,2.000000;2.000000;2.000000;2.000000;2.000000;2.000000;2.000000;2.000000;2.000000;2.000000;2.000000;2.000000;1.000000;1.000000;1.000000;1.000000;1.000000;1.000000,34,0.916667,1,2.000000;2.000000;2.000000;2.000000;2.000000;2.000000;2.000000;2.000000;2.000000;2.000000;2.000000;2.000000;2.000000;1.000000;1.000000;1.000000;1.000000,0.228053;1.284839;0.245589;0.157413;0.089573;0.358589;0.117733;0.049893;nan;0.078053;0.010213;nan;0.228149;0.185253;0.151333;nan;nan,2.000000;2.000000;2.000000;2.000000;2.000000;2.000000;2.000000;2.000000;2.000000;2.000000;2.000000;2.000000;2.000000;1.000000;1.000000;1.000000;1.000000,314,20300,401,38928,0,0,0,0,24,1344,0,0,0,0,0,0,0,0,0,0,0,0,0,0,0,0,0,0,graph_0005__stability_0.4000,stability,0.4,graph_0005,epoch_0005
trace,aodv,0.633710,0.633640,2651,3202,105,1188,1797,0.794444,0.040031,76.396507,360,286,16,0,0,601,1.588889,1188,56898,4.153846,198.944056,0.500000,1.666667,2.000000,2.000000,2.000000;2.000000;2.000000;2.000000;2.000000;2.000000;2.000000;2.000000;2.000000;2.000000;2.000000;2.000000;1.000000;1.000000;1.000000;1.000000;1.000000;1.000000,34,0.916667,1,2.000000;2.000000;2.000000;2.000000;2.000000;2.000000;2.000000;2.000000;2.000000;2.000000;2.000000;2.000000;2.000000;1.000000;1.000000;1.000000;1.000000,0.033253;1.460988;0.061413;0.157413;1.425090;0.048816;0.117733;1.543653;0.145893;1.426204;0.010213;0.106213;0.055333;0.021413;0.151333;0.117413;nan,2.000000;2.000000;2.000000;2.000000;2.000000;2.000000;2.000000;2.000000;2.000000;2.000000;2.000000;2.000000;2.000000;1.000000;1.000000;1.000000;1.000000,0,0,0,0,0,0,0,0,0,0,742,35616,181,9412,151,7248,97,4112,17,510,0,0,0,0,0,0,0,0,graph_0005__stability_0.4000,stability,0.4,graph_0005,epoch_0005
trace,static,0.186725,0.186717,823,611,105,0,0,0.411111,0.021105,72.288234,360,148,0,0,0,139,0.822222,0,0,0.000000,0.000000,0.500000,1.666667,2.000000,2.000000,2.000000;2.000000;2.000000;2.000000;2.000000;2.000000;2.000000;2.000000;2.000000;2.000000;2.000000;2.000000;1.000000;1.000000;1.000000;1.000000;1.000000;1.000000,34,0.916667,1,2.000000;2.000000;2.000000;2.000000;2.000000;2.000000;2.000000;2.000000;2.000000;2.000000;2.000000;2.000000;2.000000;1.000000;1.000000;1.000000;1.000000,0.042269;0.137959;0.070389;0.231328;0.098549;0.030709;0.126709;0.058869;0.154869;0.087029;0.019189;0.115189;0.064309;0.030389;0.160309;0.126389;nan,2.000000;2.000000;2.000000;2.000000;2.000000;2.000000;2.000000;2.000000;2.000000;2.000000;2.000000;2.000000;2.000000;1.000000;1.000000;1.000000;1.000000,0,0,0,0,0,0,0,0,0,0,0,0,0,0,0,0,0,0,0,0,0,0,0,0,0,0,0,0,graph_0005__stability_0.4000,stability,0.4,graph_0005,epoch_0005
trace,olsr,0.374541,0.374526,1325,1687,105,726,1273,0.180556,0.009062,69.485344,360,65,0,0,0,381,0.361111,726,59524,11.169231,915.753846,0.500000,1.666667,2.000000,2.000000,2.000000;2.000000;2.000000;2.000000;2.000000;2.000000;2.000000;2.000000;2.000000;2.000000;2.000000;2.000000;1.000000;1.000000;1.000000;1.000000;1.000000;1.000000,34,0.916667,1,2.000000;2.000000;2.000000;2.000000;2.000000;2.000000;2.000000;2.000000;2.000000;2.000000;2.000000;2.000000;2.000000;1.000000;1.000000;1.000000;1.000000,0.253937;1.284839;nan;nan;1.042014;0.021733;0.290279;nan;1.314441;nan;nan;nan;nan;nan;nan;0.626615;nan,2.000000;2.000000;2.000000;2.000000;2.000000;2.000000;2.000000;2.000000;2.000000;2.000000;2.000000;2.000000;2.000000;1.000000;1.000000;1.000000;1.000000,317,20328,409,39196,0,0,0,0,0,0,0,0,0,0,0,0,0,0,0,0,0,0,0,0,0,0,0,0,graph_0005__stability_0.4000,stability,0.4,graph_0005,epoch_0002
trace,aodv,0.632457,0.632272,2627,3214,105,1126,1764,0.841667,0.043384,75.880833,360,303,6,0,0,548,1.683333,1126,54116,3.716172,178.600660,0.500000,1.666667,2.000000,2.000000,2.000000;2.000000;2.000000;2.000000;2.000000;2.000000;2.000000;2.000000;2.000000;2.000000;2.000000;2.000000;1.000000;1.000000;1.000000;1.000000;1.000000;1.000000,34,0.916667,1,2.000000;2.000000;2.000000;2.000000;2.000000;2.000000;2.000000;2.000000;2.000000;2.000000;2.000000;2.000000;2.000000;1.000000;1.000000;1.000000;1.000000,0.033253;1.459406;0.061413;0.157413;1.418014;0.021733;1.463168;1.554692;0.018878;1.419516;0.010213;0.106213;0.055333;0.021413;0.151333;0.117413;nan,2.000000;2.000000;2.000000;2.000000;2.000000;2.000000;2.000000;2.000000;2.000000;2.000000;2.000000;2.000000;2.000000;1.000000;1.000000;1.000000;1.000000,0,0,0,0,0,0,0,0,0,0,744,35712,173,8996,126,6048,67,2880,16,480,0,0,0,0,0,0,0,0,graph_0005__stability_0.4000,stability,0.4,graph_0005,epoch_0002
trace,static,0.190983,0.190969,824,612,105,0,0,0.411111,0.021104,72.288277,360,148,0,0,0,143,0.822222,0,0,0.000000,0.000000,0.500000,1.666667,2.000000,2.000000,2.000000;2.000000;2.000000;2.000000;2.000000;2.000000;2.000000;2.000000;2.000000;2.000000;2.000000;2.000000;1.000000;1.000000;1.000000;1.000000;1.000000;1.000000,34,0.916667,1,2.000000;2.000000;2.000000;2.000000;2.000000;2.000000;2.000000;2.000000;2.000000;2.000000;2.000000;2.000000;2.000000;1.000000;1.000000;1.000000;1.000000,0.042269;0.137959;0.070389;0.230654;0.098549;0.030709;0.126709;0.058869;0.163845;0.087029;0.019189;0.115189;0.064309;0.030389;0.160309;0.126389;nan,2.000000;2.000000;2.000000;2.000000;2.000000;2.000000;2.000000;2.000000;2.000000;2.000000;2.000000;2.000000;2.000000;1.000000;1.000000;1.000000;1.000000,0,0,0,0,0,0,0,0,0,0,0,0,0,0,0,0,0,0,0,0,0,0,0,0,0,0,0,0,graph_0005__stability_0.4000,stability,0.4,graph_0005,epoch_0002
trace,olsr,0.482585,0.482184,1652,1773,105,616,922,0.455556,0.023792,73.568409,360,164,0,0,0,578,0.911111,616,45348,3.756098,276.512195,0.500000,1.000000,1.000000,1.000000,1.000000;1.000000;1.000000;1.000000;1.000000;1.000000;1.000000;1.000000;1.000000;1.000000;1.000000;1.000000;1.000000;1.000000;1.000000;1.000000;1.000000;1.000000;1.000000;1.000000;1.000000;1.000000;1.000000;1.000000;1.000000;1.000000;1.000000;1.000000;1.000000;1.000000,58,nan,1,2.000000;1.000000;1.000000;1.000000;1.000000;1.000000;1.000000;1.000000;1.000000;1.000000;1.000000;1.000000;1.000000;1.000000;1.000000;1.000000;1.000000;1.000000;1.000000;1.000000;1.000000;1.000000;1.000000;1.000000;1.000000;1.000000;1.000000;1.000000;1.000000,0.050213;0.016293;0.213869;0.112293;0.078373;nan;0.212993;0.140453;nan;0.245429;nan;nan;nan;0.601269;0.182557;0.032933;nan;0.220963;nan;0.061093;0.027173;0.157093;0.123173;0.089253;0.258249;0.021413;nan;nan;nan,2.000000;1.000000;1.000000;1.000000;1.000000;1.000000;1.000000;1.000000;1.000000;1.000000;1.000000;1.000000;1.000000;1.000000;1.000000;1.000000;1.000000;1.000000;1.000000;1.000000;1.000000;1.000000;1.000000;1.000000;1.000000;1.000000;1.000000;1.000000;1.000000,349,21072,267,24276,0,0,0,0,0,0,0,0,0,0,0,0,0,0,0,0,0,0,0,0,0,0,0,0,graph_0001__stability_0.0000,stability,0.0,graph_0001,epoch_0001
trace,aodv,0.664863,0.664141,2734,3033,105,1261,1609,0.844444,0.042546,75.014579,360,304,7,0,0,722,1.688889,1261,60568,4.148026,199.236842,0.500000,1.000000,1.000000,1.000000,1.000000;1.000000;1.000000;1.000000;1.000000;1.000000;1.000000;1.000000;1.000000;1.000000;1.000000;1.000000;1.000000;1.000000;1.000000;1.000000;1.000000;1.000000;1.000000;1.000000;1.000000;1.000000;1.000000;1.000000;1.000000;1.000000;1.000000;1.000000;1.000000;1.000000,58,nan,1,2.000000;1.000000;1.000000;1.000000;1.000000;1.000000;1.000000;1.000000;1.000000;1.000000;1.000000;1.000000;1.000000;1.000000;1.000000;1.000000;1.000000;1.000000;1.000000;1.000000;1.000000;1.000000;1.000000;1.000000;1.000000;1.000000;1.000000;1.000000;1.000000,nan;0.016293;0.146213;0.143551;0.078373;0.044453;0.010533;0.140453;0.106533;0.072613;0.038693;0.004773;0.134693;0.100773;0.097258;0.032933;0.162853;0.128933;0.095013;0.061093;0.027173;0.157093;0.123173;0.089253;0.079983;0.021413;0.151333;0.117413;nan,2.000000;1.000000;1.000000;1.000000;1.000000;1.000000;1.000000;1.000000;1.000000;1.000000;1.000000;1.000000;1.000000;1.000000;1.000000;1.000000;1.000000;1.000000;1.000000;1.000000;1.000000;1.000000;1.000000;1.000000;1.000000;1.000000;1.000000;1.000000;1.000000,0,0,0,0,0,0,0,0,0,0,746,35808,201,10452,212,10176,80,3472,22,660,0,0,0,0,0,0,0,0,graph_0001__stability_0.0000,stability,0.0,graph_0001,epoch_0001
trace,static,0.189529,0.189401,798,571,105,0,0,0.369444,0.018964,74.072746,360,133,0,0,0,261,0.738889,0,0,0.000000,0.000000,0.500000,1.000000,1.000000,1.000000,1.000000;1.000000;1.000000;1.000000;1.000000;1.000000;1.000000;1.000000;1.000000;1.000000;1.000000;1.000000;1.000000;1.000000;1.000000;1.000000;1.000000;1.000000;1.000000;1.000000;1.000000;1.000000;1.000000;1.000000;1.000000;1.000000;1.000000;1.000000;1.000000;1.000000,58,nan,1,2.000000;1.000000;1.000000;1.000000;1.000000;1.000000;1.000000;1.000000;1.000000;1.000000;1.000000;1.000000;1.000000;1.000000;1.000000;1.000000;1.000000;1.000000;1.000000;1.000000;1.000000;1.000000;1.000000;1.000000;1.000000;1.000000;1.000000;1.000000;1.000000,0.059189;0.025269;0.205754;0.120999;0.087349;0.053429;0.019509;0.149429;0.115509;0.081589;0.047669;0.013749;0.143669;0.109749;0.075829;0.041909;0.180805;0.137909;0.103989;0.070069;0.036149;0.165799;0.132149;0.098469;0.064329;0.030389;0.160309;0.126389;nan,2.000000;1.000000;1.000000;1.000000;1.000000;1.000000;1.000000;1.000000;1.000000;1.000000;1.000000;1.000000;1.000000;1.000000;1.000000;1.000000;1.000000;1.000000;1.000000;1.000000;1.000000;1.000000;1.000000;1.000000;1.000000;1.000000;1.000000;1.000000;1.000000,0,0,0,0,0,0,0,0,0,0,0,0,0,0,0,0,0,0,0,0,0,0,0,0,0,0,0,0,graph_0001__stability_0.0000,stability,0.0,graph_0001,epoch_0001
trace,olsr,0.441175,0.441058,1531,1666,105,625,946,0.394444,0.020605,72.070892,360,142,3,0,0,540,0.788889,625,45880,4.401408,323.098592,0.500000,1.000000,1.000000,1.000000,1.000000;1.000000;1.000000;1.000000;1.000000;1.000000;1.000000;1.000000;1.000000;1.000000;1.000000;1.000000;1.000000;1.000000;1.000000;1.000000;1.000000;1.000000;1.000000;1.000000;1.000000;1.000000;1.000000;1.000000;1.000000;1.000000;1.000000;1.000000;1.000000;1.000000,58,nan,1,2.000000;1.000000;1.000000;1.000000;1.000000;1.000000;1.000000;1.000000;1.000000;1.000000;1.000000;1.000000;1.000000;1.000000;1.000000;1.000000;1.000000;1.000000;1.000000;1.000000;1.000000;1.000000;1.000000;1.000000;1.000000;1.000000;1.000000;1.000000;1.000000,0.050213;0.016293;0.219117;0.112293;0.078373;nan;0.214263;0.140453;nan;0.249219;nan;0.720168;nan;nan;nan;nan;0.509723;0.128933;0.095013;nan;nan;0.166069;0.123173;0.089253;0.392069;0.021413;nan;nan;nan,2.000000;1.000000;1.000000;1.000000;1.000000;1.000000;1.000000;1.000000;1.000000;1.000000;1.000000;1.000000;1.000000;1.000000;1.000000;1.000000;1.000000;1.000000;1.000000;1.000000;1.000000;1.000000;1.000000;1.000000;1.000000;1.000000;1.000000;1.000000;1.000000,341,20728,284,25152,0,0,0,0,0,0,0,0,0,0,0,0,0,0,0,0,0,0,0,0,0,0,0,0,graph_0001__stability_0.0000,stability,0.0,graph_0001,epoch_0003
trace,aodv,0.639778,0.639696,2686,2987,105,1244,1603,0.813889,0.041021,75.559623,360,293,9,0,0,668,1.627778,1244,59748,4.245734,203.918089,0.500000,1.000000,1.000000,1.000000,1.000000;1.000000;1.000000;1.000000;1.000000;1.000000;1.000000;1.000000;1.000000;1.000000;1.000000;1.000000;1.000000;1.000000;1.000000;1.000000;1.000000;1.000000;1.000000;1.000000;1.000000;1.000000;1.000000;1.000000;1.000000;1.000000;1.000000;1.000000;1.000000;1.000000,58,nan,1,2.000000;1.000000;1.000000;1.000000;1.000000;1.000000;1.000000;1.000000;1.000000;1.000000;1.000000;1.000000;1.000000;1.000000;1.000000;1.000000;1.000000;1.000000;1.000000;1.000000;1.000000;1.000000;1.000000;1.000000;1.000000;1.000000;1.000000;1.000000;1.000000,nan;0.016293;0.645453;0.112293;0.078373;0.213168;0.010533;0.140453;0.106533;0.072613;0.038693;0.004773;0.134693;0.100773;0.066853;0.032933;0.183183;0.128933;0.095013;0.061093;0.027173;0.157093;0.123173;0.089253;0.055333;0.021413;0.151333;0.117413;nan,2.000000;1.000000;1.000000;1.000000;1.000000;1.000000;1.000000;1.000000;1.000000;1.000000;1.000000;1.000000;1.000000;1.000000;1.000000;1.000000;1.000000;1.000000;1.000000;1.000000;1.000000;1.000000;1.000000;1.000000;1.000000;1.000000;1.000000;1.000000;1.000000,0,0,0,0,0,0,0,0,0,0,744,35712,200,10400,199,9552,79,3424,22,660,0,0,0,0,0,0,0,0,graph_0001__stability_0.0000,stability,0.0,graph_0001,epoch_0003
trace,static,0.188831,0.188810,797,569,105,0,0,0.366667,0.018826,74.287330,360,132,0,0,0,256,0.733333,0,0,0.000000,0.000000,0.500000,1.000000,1.000000,1.000000,1.000000;1.000000;1.000000;1.000000;1.000000;1.000000;1.000000;1.000000;1.000000;1.000000;1.000000;1.000000;1.000000;1.000000;1.000000;1.000000;1.000000;1.000000;1.000000;1.000000;1.000000;1.000000;1.000000;1.000000;1.000000;1.000000;1.000000;1.000000;1.000000;1.000000,58,nan,1,2.000000;1.000000;1.000000;1.000000;1.000000;1.000000;1.000000;1.000000;1.000000;1.000000;1.000000;1.000000;1.000000;1.000000;1.000000;1.000000;1.000000;1.000000;1.000000;1.000000;1.000000;1.000000;1.000000;1.000000;1.000000;1.000000;1.000000;1.000000;1.000000,0.059189;0.025269;0.202228;0.120999;0.087349;0.053429;0.019509;0.149429;0.115509;0.081589;0.047669;0.013749;0.143669;0.109749;0.075829;0.041909;0.180615;0.137909;0.103989;0.070069;0.036149;0.165799;0.132149;0.098469;0.064329;0.030389;0.160309;0.126389;nan,2.000000;1.000000;1.000000;1.000000;1.000000;1.000000;1.000000;1.000000;1.000000;1.000000;1.000000;1.000000;1.000000;1.000000;1.000000;1.000000;1.000000;1.000000;1.000000;1.000000;1.000000;1.000000;1.000000;1.000000;1.000000;1.000000;1.000000;1.000000;1.000000,0,0,0,0,0,0,0,0,0,0,0,0,0,0,0,0,0,0,0,0,0,0,0,0,0,0,0,0,graph_0001__stability_0.0000,stability,0.0,graph_0001,epoch_0003
trace,olsr,0.521388,0.521139,1681,1806,105,624,943,0.405556,0.021181,73.063715,360,146,0,0,0,569,0.811111,624,46552,4.273973,318.849315,0.500000,1.000000,1.000000,1.000000,1.000000;1.000000;1.000000;1.000000;1.000000;1.000000;1.000000;1.000000;1.000000;1.000000;1.000000;1.000000;1.000000;1.000000;1.000000;1.000000;1.000000;1.000000;1.000000;1.000000;1.000000;1.000000;1.000000;1.000000;1.000000;1.000000;1.000000;1.000000;1.000000;1.000000,58,nan,1,2.000000;1.000000;1.000000;1.000000;1.000000;1.000000;1.000000;1.000000;1.000000;1.000000;1.000000;1.000000;1.000000;1.000000;1.000000;1.000000;1.000000;1.000000;1.000000;1.000000;1.000000;1.000000;1.000000;1.000000;1.000000;1.000000;1.000000;1.000000;1.000000,0.050213;0.016293;0.212921;0.112293;0.078373;nan;0.212053;0.140453;nan;nan;nan;nan;nan;nan;0.066853;0.034743;nan;0.465319;nan;nan;0.191013;0.157093;0.123173;0.089253;0.253349;0.021413;nan;nan;nan,2.000000;1.000000;1.000000;1.000000;1.000000;1.000000;1.000000;1.000000;1.000000;1.000000;1.000000;1.000000;1.000000;1.000000;1.000000;1.000000;1.000000;1.000000;1.000000;1.000000;1.000000;1.000000;1.000000;1.000000;1.000000;1.000000;1.000000;1.000000;1.000000,338,20584,284,25856,0,0,0,0,2,112,0,0,0,0,0,0,0,0,0,0,0,0,0,0,0,0,0,0,graph_0001__stability_0.0000,stability,0.0,graph_0001,epoch_0004
trace,aodv,0.654547,0.654461,2724,3028,105,1255,1615,0.822222,0.041436,75.262218,360,296,8,0,0,661,1.644444,1255,60304,4.239865,203.729730,0.500000,1.000000,1.000000,1.000000,1.000000;1.000000;1.000000;1.000000;1.000000;1.000000;1.000000;1.000000;1.000000;1.000000;1.000000;1.000000;1.000000;1.000000;1.000000;1.000000;1.000000;1.000000;1.000000;1.000000;1.000000;1.000000;1.000000;1.000000;1.000000;1.000000;1.000000;1.000000;1.000000;1.000000,58,nan,1,2.000000;1.000000;1.000000;1.000000;1.000000;1.000000;1.000000;1.000000;1.000000;1.000000;1.000000;1.000000;1.000000;1.000000;1.000000;1.000000;1.000000;1.000000;1.000000;1.000000;1.000000;1.000000;1.000000;1.000000;1.000000;1.000000;1.000000;1.000000;1.000000,nan;0.016293;0.146213;0.283711;0.078373;0.212248;0.010533;0.140453;0.106533;0.072613;0.038693;0.004773;0.134693;0.100773;0.071644;0.032933;0.002683;0.128933;0.095013;0.061093;0.027173;0.157093;0.123173;0.089253;0.055333;0.021413;0.151333;0.117413;nan,2.000000;1.000000;1.000000;1.000000;1.000000;1.000000;1.000000;1.000000;1.000000;1.000000;1.000000;1.000000;1.000000;1.000000;1.000000;1.000000;1.000000;1.000000;1.000000;1.000000;1.000000;1.000000;1.000000;1.000000;1.000000;1.000000;1.000000;1.000000;1.000000,0,0,0,0,0,0,0,0,0,0,742,35616,203,10556,209,10032,79,3440,22,660,0,0,0,0,0,0,0,0,graph_0001__stability_0.0000,stability,0.0,graph_0001,epoch_0004
trace,static,0.186820,0.186804,795,566,105,0,0,0.363889,0.018679,74.207494,360,131,0,0,0,256,0.727778,0,0,0.000000,0.000000,0.500000,1.000000,1.000000,1.000000,1.000000;1.000000;1.000000;1.000000;1.000000;1.000000;1.000000;1.000000;1.000000;1.000000;1.000000;1.000000;1.000000;1.000000;1.000000;1.000000;1.000000;1.000000;1.000000;1.000000;1.000000;1.000000;1.000000;1.000000;1.000000;1.000000;1.000000;1.000000;1.000000;1.000000,58,nan,1,2.000000;1.000000;1.000000;1.000000;1.000000;1.000000;1.000000;1.000000;1.000000;1.000000;1.000000;1.000000;1.000000;1.000000;1.000000;1.000000;1.000000;1.000000;1.000000;1.000000;1.000000;1.000000;1.000000;1.000000;1.000000;1.000000;1.000000;1.000000;1.000000,0.059189;0.025269;0.211794;0.120999;0.087349;0.053429;0.019509;0.149429;0.115509;0.081589;0.047669;0.013749;0.143669;0.109749;0.075829;0.041909;0.180615;0.137909;0.103989;0.070069;0.036149;0.165799;0.132149;0.107205;0.064329;0.030389;0.160309;0.126389;nan,2.000000;1.000000;1.000000;1.000000;1.000000;1.000000;1.000000;1.000000;1.000000;1.000000;1.000000;1.000000;1.000000;1.000000;1.000000;1.000000;1.000000;1.000000;1.000000;1.000000;1.000000;1.000000;1.000000;1.000000;1.000000;1.000000;1.000000;1.000000;1.000000,0,0,0,0,0,0,0,0,0,0,0,0,0,0,0,0,0,0,0,0,0,0,0,0,0,0,0,0,graph_0001__stability_0.0000,stability,0.0,graph_0001,epoch_0004
trace,olsr,0.547044,0.546988,1893,2007,105,634,945,0.441667,0.023069,72.427358,360,159,0,0,0,606,0.883333,634,46096,3.987421,289.911950,0.500000,1.000000,1.000000,1.000000,1.000000;1.000000;1.000000;1.000000;1.000000;1.000000;1.000000;1.000000;1.000000;1.000000;1.000000;1.000000;1.000000;1.000000;1.000000;1.000000;1.000000;1.000000;1.000000;1.000000;1.000000;1.000000;1.000000;1.000000;1.000000;1.000000;1.000000;1.000000;1.000000;1.000000,58,nan,1,2.000000;1.000000;1.000000;1.000000;1.000000;1.000000;1.000000;1.000000;1.000000;1.000000;1.000000;1.000000;1.000000;1.000000;1.000000;1.000000;1.000000;1.000000;1.000000;1.000000;1.000000;1.000000;1.000000;1.000000;1.000000;1.000000;1.000000;1.000000;1.000000,0.050213;0.016293;0.219557;0.112293;0.078373;nan;0.227821;nan;nan;0.245429;nan;nan;0.134693;0.100773;nan;nan;0.162853;0.128933;0.095013;nan;nan;0.553354;0.123683;0.089253;0.392069;0.021413;nan;nan;nan,2.000000;1.000000;1.000000;1.000000;1.000000;1.000000;1.000000;1.000000;1.000000;1.000000;1.000000;1.000000;1.000000;1.000000;1.000000;1.000000;1.000000;1.000000;1.000000;1.000000;1.000000;1.000000;1.000000;1.000000;1.000000;1.000000;1.000000;1.000000;1.000000,344,20892,282,24756,0,0,0,0,8,448,0,0,0,0,0,0,0,0,0,0,0,0,0,0,0,0,0,0,graph_0001__stability_0.0000,stability,0.0,graph_0001,epoch_0005
trace,aodv,0.655369,0.655333,2734,3043,105,1264,1617,0.841667,0.043123,75.432305,360,303,13,0,0,689,1.683333,1264,60636,4.171617,200.118812,0.500000,1.000000,1.000000,1.000000,1.000000;1.000000;1.000000;1.000000;1.000000;1.000000;1.000000;1.000000;1.000000;1.000000;1.000000;1.000000;1.000000;1.000000;1.000000;1.000000;1.000000;1.000000;1.000000;1.000000;1.000000;1.000000;1.000000;1.000000;1.000000;1.000000;1.000000;1.000000;1.000000;1.000000,58,nan,1,2.000000;1.000000;1.000000;1.000000;1.000000;1.000000;1.000000;1.000000;1.000000;1.000000;1.000000;1.000000;1.000000;1.000000;1.000000;1.000000;1.000000;1.000000;1.000000;1.000000;1.000000;1.000000;1.000000;1.000000;1.000000;1.000000;1.000000;1.000000;1.000000,nan;0.016293;0.146213;0.445987;0.078373;0.044453;0.010533;0.140453;0.106533;0.072613;0.038693;0.004773;0.134693;0.100773;0.066853;0.032933;0.162853;0.128933;0.095013;0.061093;0.027173;0.157093;0.123173;0.089253;0.071743;0.021413;0.151333;0.117413;nan,2.000000;1.000000;1.000000;1.000000;1.000000;1.000000;1.000000;1.000000;1.000000;1.000000;1.000000;1.000000;1.000000;1.000000;1.000000;1.000000;1.000000;1.000000;1.000000;1.000000;1.000000;1.000000;1.000000;1.000000;1.000000;1.000000;1.000000;1.000000;1.000000,0,0,0,0,0,0,0,0,0,0,749,35952,200,10400,203,9744,90,3880,22,660,0,0,0,0,0,0,0,0,graph_0001__stability_0.0000,stability,0.0,graph_0001,epoch_0005
trace,static,0.195207,0.195197,797,569,105,0,0,0.366667,0.018824,74.287337,360,132,0,0,0,253,0.733333,0,0,0.000000,0.000000,0.500000,1.000000,1.000000,1.000000,1.000000;1.000000;1.000000;1.000000;1.000000;1.000000;1.000000;1.000000;1.000000;1.000000;1.000000;1.000000;1.000000;1.000000;1.000000;1.000000;1.000000;1.000000;1.000000;1.000000;1.000000;1.000000;1.000000;1.000000;1.000000;1.000000;1.000000;1.000000;1.000000;1.000000,58,nan,1,2.000000;1.000000;1.000000;1.000000;1.000000;1.000000;1.000000;1.000000;1.000000;1.000000;1.000000;1.000000;1.000000;1.000000;1.000000;1.000000;1.000000;1.000000;1.000000;1.000000;1.000000;1.000000;1.000000;1.000000;1.000000;1.000000;1.000000;1.000000;1.000000,0.059189;0.025269;0.210114;0.120999;0.087349;0.053429;0.019509;0.149429;0.115509;0.081589;0.047669;0.013749;0.143669;0.109749;0.075829;0.041909;0.180615;0.137909;0.103989;0.070069;0.036149;0.165799;0.132149;0.098469;0.064329;0.030389;0.160309;0.126389;nan,2.000000;1.000000;1.000000;1.000000;1.000000;1.000000;1.000000;1.000000;1.000000;1.000000;1.000000;1.000000;1.000000;1.000000;1.000000;1.000000;1.000000;1.000000;1.000000;1.000000;1.000000;1.000000;1.000000;1.000000;1.000000;1.000000;1.000000;1.000000;1.000000,0,0,0,0,0,0,0,0,0,0,0,0,0,0,0,0,0,0,0,0,0,0,0,0,0,0,0,0,graph_0001__stability_0.0000,stability,0.0,graph_0001,epoch_0005
trace,olsr,0.469436,0.469420,1653,1775,105,621,939,0.455556,0.023794,73.755326,360,164,0,0,0,561,0.911111,621,45948,3.786585,280.170732,0.500000,1.000000,1.000000,1.000000,1.000000;1.000000;1.000000;1.000000;1.000000;1.000000;1.000000;1.000000;1.000000;1.000000;1.000000;1.000000;1.000000;1.000000;1.000000;1.000000;1.000000;1.000000;1.000000;1.000000;1.000000;1.000000;1.000000;1.000000;1.000000;1.000000;1.000000;1.000000;1.000000;1.000000,58,nan,1,2.000000;1.000000;1.000000;1.000000;1.000000;1.000000;1.000000;1.000000;1.000000;1.000000;1.000000;1.000000;1.000000;1.000000;1.000000;1.000000;1.000000;1.000000;1.000000;1.000000;1.000000;1.000000;1.000000;1.000000;1.000000;1.000000;1.000000;1.000000;1.000000,0.050213;0.016293;0.211409;0.112942;0.078373;nan;0.213273;0.140453;nan;0.247409;nan;nan;nan;nan;0.066853;0.032933;nan;0.227523;nan;0.061093;0.027173;0.157093;0.123173;0.089253;0.249629;0.021413;nan;nan;nan,2.000000;1.000000;1.000000;1.000000;1.000000;1.000000;1.000000;1.000000;1.000000;1.000000;1.000000;1.000000;1.000000;1.000000;1.000000;1.000000;1.000000;1.000000;1.000000;1.000000;1.000000;1.000000;1.000000;1.000000;1.000000;1.000000;1.000000;1.000000;1.000000,340,20752,281,25196,0,0,0,0,0,0,0,0,0,0,0,0,0,0,0,0,0,0,0,0,0,0,0,0,graph_0001__stability_0.0000,stability,0.0,graph_0001,epoch_0002
trace,aodv,0.631142,0.631023,2682,2938,105,1274,1599,0.772222,0.038915,76.570770,360,278,13,0,0,694,1.544444,1274,61216,4.582734,220.201439,0.500000,1.000000,1.000000,1.000000,1.000000;1.000000;1.000000;1.000000;1.000000;1.000000;1.000000;1.000000;1.000000;1.000000;1.000000;1.000000;1.000000;1.000000;1.000000;1.000000;1.000000;1.000000;1.000000;1.000000;1.000000;1.000000;1.000000;1.000000;1.000000;1.000000;1.000000;1.000000;1.000000;1.000000,58,nan,1,2.000000;1.000000;1.000000;1.000000;1.000000;1.000000;1.000000;1.000000;1.000000;1.000000;1.000000;1.000000;1.000000;1.000000;1.000000;1.000000;1.000000;1.000000;1.000000;1.000000;1.000000;1.000000;1.000000;1.000000;1.000000;1.000000;1.000000;1.000000;1.000000,nan;0.016293;0.146213;0.112293;0.078373;0.044453;0.010533;0.000503;0.106533;0.072613;0.038693;0.004773;0.134693;0.100773;0.074940;0.032933;0.174683;0.128933;0.095013;0.061093;0.027173;0.157093;0.123173;0.089253;0.070763;0.021413;0.151333;0.117413;nan,2.000000;1.000000;1.000000;1.000000;1.000000;1.000000;1.000000;1.000000;1.000000;1.000000;1.000000;1.000000;1.000000;1.000000;1.000000;1.000000;1.000000;1.000000;1.000000;1.000000;1.000000;1.000000;1.000000;1.000000;1.000000;1.000000;1.000000;1.000000;1.000000,0,0,0,0,0,0,0,0,0,0,740,35520,215,11180,213,10224,84,3632,22,660,0,0,0,0,0,0,0,0,graph_0001__stability_0.0000,stability,0.0,graph_0001,epoch_0002
trace,static,0.187145,0.187112,799,572,105,0,0,0.369444,0.018966,74.072837,360,133,0,0,0,259,0.738889,0,0,0.000000,0.000000,0.500000,1.000000,1.000000,1.000000,1.000000;1.000000;1.000000;1.000000;1.000000;1.000000;1.000000;1.000000;1.000000;1.000000;1.000000;1.000000;1.000000;1.000000;1.000000;1.000000;1.000000;1.000000;1.000000;1.000000;1.000000;1.000000;1.000000;1.000000;1.000000;1.000000;1.000000;1.000000;1.000000;1.000000,58,nan,1,2.000000;1.000000;1.000000;1.000000;1.000000;1.000000;1.000000;1.000000;1.000000;1.000000;1.000000;1.000000;1.000000;1.000000;1.000000;1.000000;1.000000;1.000000;1.000000;1.000000;1.000000;1.000000;1.000000;1.000000;1.000000;1.000000;1.000000;1.000000;1.000000,0.059189;0.025269;0.204454;0.120999;0.087349;0.053429;0.019509;0.149429;0.115509;0.090565;0.047669;0.013749;0.143669;0.109749;0.075829;0.041909;0.180805;0.137909;0.103989;0.070069;0.036149;0.165799;0.132149;0.098469;0.064329;0.030389;0.160309;0.126389;nan,2.000000;1.000000;1.000000;1.000000;1.000000;1.000000;1.000000;1.000000;1.000000;1.000000;1.000000;1.000000;1.000000;1.000000;1.000000;1.000000;1.000000;1.000000;1.000000;1.000000;1.000000;1.000000;1.000000;1.000000;1.000000;1.000000;1.000000;1.000000;1.000000,0,0,0,0,0,0,0,0,0,0,0,0,0,0,0,0,0,0,0,0,0,0,0,0,0,0,0,0,graph_0001__stability_0.0000,stability,0.0,graph_0001,epoch_0002
trace,olsr,0.777509,0.776898,2783,3150,105,754,1298,0.416667,0.020914,71.486860,360,150,7,0,0,587,0.833333,754,61120,5.026667,407.466667,0.500000,1.000000,1.000000,1.000000,1.000000;1.000000;1.000000;1.000000;1.000000;1.000000;1.000000;1.000000;1.000000;1.000000;1.000000;1.000000;1.000000;1.000000;1.000000;1.000000;1.000000;1.000000;1.000000;1.000000;1.000000;1.000000;1.000000;1.000000;1.000000;1.000000;1.000000;1.000000;1.000000;1.000000,58,nan,1,2.000000;1.000000;1.000000;1.000000;1.000000;1.000000;1.000000;1.000000;1.000000;1.000000;1.000000;1.000000;1.000000;1.000000;1.000000;1.000000;1.000000;1.000000;1.000000;1.000000;1.000000;1.000000;1.000000;1.000000;1.000000;1.000000;1.000000;1.000000;1.000000,0.050213;0.016293;0.146213;nan;0.078373;0.044453;nan;0.140453;nan;0.254135;0.038693;0.004773;nan;nan;0.258413;nan;0.162853;nan;0.095013;0.061093;nan;nan;nan;nan;nan;0.357799;0.151333;0.117413;nan,2.000000;1.000000;1.000000;1.000000;1.000000;1.000000;1.000000;1.000000;1.000000;1.000000;1.000000;1.000000;1.000000;1.000000;1.000000;1.000000;1.000000;1.000000;1.000000;1.000000;1.000000;1.000000;1.000000;1.000000;1.000000;1.000000;1.000000;1.000000;1.000000,316,20480,406,38848,0,0,0,0,32,1792,0,0,0,0,0,0,0,0,0,0,0,0,0,0,0,0,0,0,graph_0005__stability_0.0000,stability,0.0,graph_0005,epoch_0001
trace,aodv,0.678912,0.677986,2732,3300,105,1274,1895,0.827778,0.041708,74.936570,360,298,9,0,0,721,1.655556,1274,61122,4.275168,205.107383,0.500000,1.000000,1.000000,1.000000,1.000000;1.000000;1.000000;1.000000;1.000000;1.000000;1.000000;1.000000;1.000000;1.000000;1.000000;1.000000;1.000000;1.000000;1.000000;1.000000;1.000000;1.000000;1.000000;1.000000;1.000000;1.000000;1.000000;1.000000;1.000000;1.000000;1.000000;1.000000;1.000000;1.000000,58,nan,1,2.000000;1.000000;1.000000;1.000000;1.000000;1.000000;1.000000;1.000000;1.000000;1.000000;1.000000;1.000000;1.000000;1.000000;1.000000;1.000000;1.000000;1.000000;1.000000;1.000000;1.000000;1.000000;1.000000;1.000000;1.000000;1.000000;1.000000;1.000000;1.000000,0.050213;0.016293;0.146213;0.112293;0.078373;0.044453;0.010533;0.140453;0.106533;0.072613;0.038693;0.004773;0.134693;0.100773;0.066853;0.032933;0.010719;0.128933;0.095013;0.061093;0.027173;0.157093;0.123173;0.089253;0.225285;0.021413;0.151333;0.117413;nan,2.000000;1.000000;1.000000;1.000000;1.000000;1.000000;1.000000;1.000000;1.000000;1.000000;1.000000;1.000000;1.000000;1.000000;1.000000;1.000000;1.000000;1.000000;1.000000;1.000000;1.000000;1.000000;1.000000;1.000000;1.000000;1.000000;1.000000;1.000000;1.000000,0,0,0,0,0,0,0,0,0,0,743,35664,195,10140,227,10896,88,3792,21,630,0,0,0,0,0,0,0,0,graph_0005__stability_0.0000,stability,0.0,graph_0005,epoch_0001
trace,static,0.187874,0.187593,788,560,105,0,0,0.366667,0.018824,74.287240,360,132,0,0,0,232,0.733333,0,0,0.000000,0.000000,0.500000,1.000000,1.000000,1.000000,1.000000;1.000000;1.000000;1.000000;1.000000;1.000000;1.000000;1.000000;1.000000;1.000000;1.000000;1.000000;1.000000;1.000000;1.000000;1.000000;1.000000;1.000000;1.000000;1.000000;1.000000;1.000000;1.000000;1.000000;1.000000;1.000000;1.000000;1.000000;1.000000;1.000000,58,nan,1,2.000000;1.000000;1.000000;1.000000;1.000000;1.000000;1.000000;1.000000;1.000000;1.000000;1.000000;1.000000;1.000000;1.000000;1.000000;1.000000;1.000000;1.000000;1.000000;1.000000;1.000000;1.000000;1.000000;1.000000;1.000000;1.000000;1.000000;1.000000;1.000000,0.059189;0.025269;0.155189;0.172854;0.087349;0.053429;0.019509;0.149429;0.115509;0.081589;0.047669;0.013749;0.143669;0.109749;0.075829;0.041909;0.171829;0.137909;0.103989;0.070069;0.036149;0.166069;0.132149;0.098229;0.064309;0.030119;0.160309;0.126389;nan,2.000000;1.000000;1.000000;1.000000;1.000000;1.000000;1.000000;1.000000;1.000000;1.000000;1.000000;1.000000;1.000000;1.000000;1.000000;1.000000;1.000000;1.000000;1.000000;1.000000;1.000000;1.000000;1.000000;1.000000;1.000000;1.000000;1.000000;1.000000;1.000000,0,0,0,0,0,0,0,0,0,0,0,0,0,0,0,0,0,0,0,0,0,0,0,0,0,0,0,0,graph_0005__stability_0.0000,stability,0.0,graph_0005,epoch_0001
trace,olsr,0.516633,0.516591,1806,2192,105,725,1283,0.522222,0.026209,77.236324,360,188,0,0,0,548,1.044444,725,60524,3.856383,321.936170,0.500000,1.000000,1.000000,1.000000,1.000000;1.000000;1.000000;1.000000;1.000000;1.000000;1.000000;1.000000;1.000000;1.000000;1.000000;1.000000;1.000000;1.000000;1.000000;1.000000;1.000000;1.000000;1.000000;1.000000;1.000000;1.000000;1.000000;1.000000;1.000000;1.000000;1.000000;1.000000;1.000000;1.000000,58,nan,1,2.000000;1.000000;1.000000;1.000000;1.000000;1.000000;1.000000;1.000000;1.000000;1.000000;1.000000;1.000000;1.000000;1.000000;1.000000;1.000000;1.000000;1.000000;1.000000;1.000000;1.000000;1.000000;1.000000;1.000000;1.000000;1.000000;1.000000;1.000000;1.000000,nan;nan;nan;0.112293;0.078373;0.044453;nan;0.140453;nan;0.254135;0.038693;0.004773;0.134693;0.100773;0.066853;0.032933;0.214617;nan;0.095013;0.061093;nan;nan;nan;0.270775;0.055333;0.021413;0.151333;0.117413;nan,2.000000;1.000000;1.000000;1.000000;1.000000;1.000000;1.000000;1.000000;1.000000;1.000000;1.000000;1.000000;1.000000;1.000000;1.000000;1.000000;1.000000;1.000000;1.000000;1.000000;1.000000;1.000000;1.000000;1.000000;1.000000;1.000000;1.000000;1.000000;1.000000,308,19964,417,40560,0,0,0,0,0,0,0,0,0,0,0,0,0,0,0,0,0,0,0,0,0,0,0,0,graph_0005__stability_0.0000,stability,0.0,graph_0005,epoch_0003
trace,aodv,0.671643,0.671588,2707,3273,105,1248,1875,0.813889,0.041002,74.890116,360,293,6,0,0,706,1.627778,1248,59966,4.259386,204.662116,0.500000,1.000000,1.000000,1.000000,1.000000;1.000000;1.000000;1.000000;1.000000;1.000000;1.000000;1.000000;1.000000;1.000000;1.000000;1.000000;1.000000;1.000000;1.000000;1.000000;1.000000;1.000000;1.000000;1.000000;1.000000;1.000000;1.000000;1.000000;1.000000;1.000000;1.000000;1.000000;1.000000;1.000000,58,nan,1,2.000000;1.000000;1.000000;1.000000;1.000000;1.000000;1.000000;1.000000;1.000000;1.000000;1.000000;1.000000;1.000000;1.000000;1.000000;1.000000;1.000000;1.000000;1.000000;1.000000;1.000000;1.000000;1.000000;1.000000;1.000000;1.000000;1.000000;1.000000;1.000000,0.050213;0.016293;0.146213;0.112293;0.078373;0.044453;0.010533;0.140453;0.106533;0.072613;0.038693;0.004773;0.134693;0.100773;0.066853;0.032933;0.003949;0.128933;0.095013;0.061093;0.027173;0.157093;0.123173;0.089253;0.226679;0.189007;0.151333;0.117413;nan,2.000000;1.000000;1.000000;1.000000;1.000000;1.000000;1.000000;1.000000;1.000000;1.000000;1.000000;1.000000;1.000000;1.000000;1.000000;1.000000;1.000000;1.000000;1.000000;1.000000;1.000000;1.000000;1.000000;1.000000;1.000000;1.000000;1.000000;1.000000;1.000000,0,0,0,0,0,0,0,0,0,0,743,35664,195,10140,214,10272,77,3320,19,570,0,0,0,0,0,0,0,0,graph_0005__stability_0.0000,stability,0.0,graph_0005,epoch_0003
trace,static,0.190276,0.190274,792,564,105,0,0,0.366667,0.018822,74.287307,360,132,0,0,0,238,0.733333,0,0,0.000000,0.000000,0.500000,1.000000,1.000000,1.000000,1.000000;1.000000;1.000000;1.000000;1.000000;1.000000;1.000000;1.000000;1.000000;1.000000;1.000000;1.000000;1.000000;1.000000;1.000000;1.000000;1.000000;1.000000;1.000000;1.000000;1.000000;1.000000;1.000000;1.000000;1.000000;1.000000;1.000000;1.000000;1.000000;1.000000,58,nan,1,2.000000;1.000000;1.000000;1.000000;1.000000;1.000000;1.000000;1.000000;1.000000;1.000000;1.000000;1.000000;1.000000;1.000000;1.000000;1.000000;1.000000;1.000000;1.000000;1.000000;1.000000;1.000000;1.000000;1.000000;1.000000;1.000000;1.000000;1.000000;1.000000,0.067895;0.025269;0.155189;0.170254;0.087349;0.053429;0.019509;0.149429;0.115509;0.081589;0.047669;0.013749;0.143669;0.109749;0.084805;0.041909;0.171829;0.137909;0.103989;0.070069;0.036149;0.166069;0.132149;0.098229;0.064309;0.030119;0.160309;0.126389;nan,2.000000;1.000000;1.000000;1.000000;1.000000;1.000000;1.000000;1.000000;1.000000;1.000000;1.000000;1.000000;1.000000;1.000000;1.000000;1.000000;1.000000;1.000000;1.000000;1.000000;1.000000;1.000000;1.000000;1.000000;1.000000;1.000000;1.000000;1.000000;1.000000,0,0,0,0,0,0,0,0,0,0,0,0,0,0,0,0,0,0,0,0,0,0,0,0,0,0,0,0,graph_0005__stability_0.0000,stability,0.0,graph_0005,epoch_0003
trace,olsr,0.519746,0.519677,1776,2118,105,712,1258,0.433333,0.021747,71.964090,360,156,0,0,0,604,0.866667,712,60076,4.564103,385.102564,0.500000,1.000000,1.000000,1.000000,1.000000;1.000000;1.000000;1.000000;1.000000;1.000000;1.000000;1.000000;1.000000;1.000000;1.000000;1.000000;1.000000;1.000000;1.000000;1.000000;1.000000;1.000000;1.000000;1.000000;1.000000;1.000000;1.000000;1.000000;1.000000;1.000000;1.000000;1.000000;1.000000;1.000000,58,nan,1,2.000000;1.000000;1.000000;1.000000;1.000000;1.000000;1.000000;1.000000;1.000000;1.000000;1.000000;1.000000;1.000000;1.000000;1.000000;1.000000;1.000000;1.000000;1.000000;1.000000;1.000000;1.000000;1.000000;1.000000;1.000000;1.000000;1.000000;1.000000;1.000000,0.050213;0.016293;0.146213;nan;0.078373;0.044453;nan;0.140453;nan;0.254135;0.038693;0.004773;nan;nan;0.248645;nan;0.162853;nan;0.095013;0.061093;nan;nan;nan;0.305654;nan;0.530615;0.151333;0.117413;nan,2.000000;1.000000;1.000000;1.000000;1.000000;1.000000;1.000000;1.000000;1.000000;1.000000;1.000000;1.000000;1.000000;1.000000;1.000000;1.000000;1.000000;1.000000;1.000000;1.000000;1.000000;1.000000;1.000000;1.000000;1.000000;1.000000;1.000000;1.000000;1.000000,314,20520,398,39556,0,0,0,0,0,0,0,0,0,0,0,0,0,0,0,0,0,0,0,0,0,0,0,0,graph_0005__stability_0.0000,stability,0.0,graph_0005,epoch_0004
trace,aodv,0.663340,0.663302,2689,3218,105,1219,1808,0.816667,0.041376,73.884326,360,294,6,0,0,742,1.633333,1219,58628,4.146259,199.414966,0.500000,1.000000,1.000000,1.000000,1.000000;1.000000;1.000000;1.000000;1.000000;1.000000;1.000000;1.000000;1.000000;1.000000;1.000000;1.000000;1.000000;1.000000;1.000000;1.000000;1.000000;1.000000;1.000000;1.000000;1.000000;1.000000;1.000000;1.000000;1.000000;1.000000;1.000000;1.000000;1.000000;1.000000,58,nan,1,2.000000;1.000000;1.000000;1.000000;1.000000;1.000000;1.000000;1.000000;1.000000;1.000000;1.000000;1.000000;1.000000;1.000000;1.000000;1.000000;1.000000;1.000000;1.000000;1.000000;1.000000;1.000000;1.000000;1.000000;1.000000;1.000000;1.000000;1.000000;1.000000,nan;0.016293;0.146213;0.112293;0.079223;0.044453;0.010533;0.140453;0.106533;0.072613;0.038693;0.004773;0.134693;0.100773;0.066853;0.055388;0.029818;0.128933;0.095013;0.061093;0.027173;0.157093;0.123173;0.089253;0.389643;0.352461;0.151333;0.117413;nan,2.000000;1.000000;1.000000;1.000000;1.000000;1.000000;1.000000;1.000000;1.000000;1.000000;1.000000;1.000000;1.000000;1.000000;1.000000;1.000000;1.000000;1.000000;1.000000;1.000000;1.000000;1.000000;1.000000;1.000000;1.000000;1.000000;1.000000;1.000000;1.000000,0,0,0,0,0,0,0,0,0,0,742,35616,191,9932,197,9456,73,3144,16,480,0,0,0,0,0,0,0,0,graph_0005__stability_0.0000,stability,0.0,graph_0005,epoch_0004
trace,static,0.187068,0.187060,789,561,105,0,0,0.366667,0.018821,74.287197,360,132,0,0,0,236,0.733333,0,0,0.000000,0.000000,0.500000,1.000000,1.000000,1.000000,1.000000;1.000000;1.000000;1.000000;1.000000;1.000000;1.000000;1.000000;1.000000;1.000000;1.000000;1.000000;1.000000;1.000000;1.000000;1.000000;1.000000;1.000000;1.000000;1.000000;1.000000;1.000000;1.000000;1.000000;1.000000;1.000000;1.000000;1.000000;1.000000;1.000000,58,nan,1,2.000000;1.000000;1.000000;1.000000;1.000000;1.000000;1.000000;1.000000;1.000000;1.000000;1.000000;1.000000;1.000000;1.000000;1.000000;1.000000;1.000000;1.000000;1.000000;1.000000;1.000000;1.000000;1.000000;1.000000;1.000000;1.000000;1.000000;1.000000;1.000000,0.059189;0.025269;0.155189;0.167894;0.087349;0.053429;0.019509;0.149429;0.115509;0.081589;0.047669;0.013749;0.143669;0.109749;0.084805;0.041909;0.171829;0.137909;0.103989;0.070069;0.036149;0.166069;0.132149;0.098229;0.064309;0.030119;0.160309;0.126389;nan,2.000000;1.000000;1.000000;1.000000;1.000000;1.000000;1.000000;1.000000;1.000000;1.000000;1.000000;1.000000;1.000000;1.000000;1.000000;1.000000;1.000000;1.000000;1.000000;1.000000;1.000000;1.000000;1.000000;1.000000;1.000000;1.000000;1.000000;1.000000;1.000000,0,0,0,0,0,0,0,0,0,0,0,0,0,0,0,0,0,0,0,0,0,0,0,0,0,0,0,0,graph_0005__stability_0.0000,stability,0.0,graph_0005,epoch_0004
trace,olsr,0.507243,0.507201,1708,2102,105,740,1310,0.430556,0.021669,75.546303,360,155,0,0,0,485,0.861111,740,61420,4.774194,396.258065,0.500000,1.000000,1.000000,1.000000,1.000000;1.000000;1.000000;1.000000;1.000000;1.000000;1.000000;1.000000;1.000000;1.000000;1.000000;1.000000;1.000000;1.000000;1.000000;1.000000;1.000000;1.000000;1.000000;1.000000;1.000000;1.000000;1.000000;1.000000;1.000000;1.000000;1.000000;1.000000;1.000000;1.000000,58,nan,1,2.000000;1.000000;1.000000;1.000000;1.000000;1.000000;1.000000;1.000000;1.000000;1.000000;1.000000;1.000000;1.000000;1.000000;1.000000;1.000000;1.000000;1.000000;1.000000;1.000000;1.000000;1.000000;1.000000;1.000000;1.000000;1.000000;1.000000;1.000000;1.000000,nan;nan;nan;0.112293;0.078373;0.044453;nan;nan;nan;0.072613;0.038693;nan;0.134693;0.100773;0.066853;0.032933;0.215711;0.128933;nan;0.254367;0.027173;0.157093;0.123173;0.089253;nan;nan;nan;nan;nan,2.000000;1.000000;1.000000;1.000000;1.000000;1.000000;1.000000;1.000000;1.000000;1.000000;1.000000;1.000000;1.000000;1.000000;1.000000;1.000000;1.000000;1.000000;1.000000;1.000000;1.000000;1.000000;1.000000;1.000000;1.000000;1.000000;1.000000;1.000000;1.000000,313,20264,427,41156,0,0,0,0,0,0,0,0,0,0,0,0,0,0,0,0,0,0,0,0,0,0,0,0,graph_0005__stability_0.0000,stability,0.0,graph_0005,epoch_0005
trace,aodv,0.682399,0.682258,2705,3284,105,1261,1896,0.813889,0.041008,75.152802,360,293,11,0,0,693,1.627778,1261,60548,4.303754,206.648464,0.500000,1.000000,1.000000,1.000000,1.000000;1.000000;1.000000;1.000000;1.000000;1.000000;1.000000;1.000000;1.000000;1.000000;1.000000;1.000000;1.000000;1.000000;1.000000;1.000000;1.000000;1.000000;1.000000;1.000000;1.000000;1.000000;1.000000;1.000000;1.000000;1.000000;1.000000;1.000000;1.000000;1.000000,58,nan,1,2.000000;1.000000;1.000000;1.000000;1.000000;1.000000;1.000000;1.000000;1.000000;1.000000;1.000000;1.000000;1.000000;1.000000;1.000000;1.000000;1.000000;1.000000;1.000000;1.000000;1.000000;1.000000;1.000000;1.000000;1.000000;1.000000;1.000000;1.000000;1.000000,0.050213;0.016293;0.146213;0.112293;0.078373;0.044453;0.010533;0.140453;0.279160;0.072613;0.038693;0.005443;0.134693;0.100773;0.066853;0.032933;0.009373;0.128933;0.095013;0.061093;0.027173;0.157093;0.123173;0.089253;0.230983;0.021413;0.151333;0.117413;nan,2.000000;1.000000;1.000000;1.000000;1.000000;1.000000;1.000000;1.000000;1.000000;1.000000;1.000000;1.000000;1.000000;1.000000;1.000000;1.000000;1.000000;1.000000;1.000000;1.000000;1.000000;1.000000;1.000000;1.000000;1.000000;1.000000;1.000000;1.000000;1.000000,0,0,0,0,0,0,0,0,0,0,738,35424,203,10556,214,10272,86,3696,20,600,0,0,0,0,0,0,0,0,graph_0005__stability_0.0000,stability,0.0,graph_0005,epoch_0005
trace,static,0.192666,0.192650,789,561,105,0,0,0.366667,0.018823,74.287259,360,132,0,0,0,234,0.733333,0,0,0.000000,0.000000,0.500000,1.000000,1.000000,1.000000,1.000000;1.000000;1.000000;1.000000;1.000000;1.000000;1.000000;1.000000;1.000000;1.000000;1.000000;1.000000;1.000000;1.000000;1.000000;1.000000;1.000000;1.000000;1.000000;1.000000;1.000000;1.000000;1.000000;1.000000;1.000000;1.000000;1.000000;1.000000;1.000000;1.000000,58,nan,1,2.000000;1.000000;1.000000;1.000000;1.000000;1.000000;1.000000;1.000000;1.000000;1.000000;1.000000;1.000000;1.000000;1.000000;1.000000;1.000000;1.000000;1.000000;1.000000;1.000000;1.000000;1.000000;1.000000;1.000000;1.000000;1.000000;1.000000;1.000000;1.000000,0.059189;0.025269;0.155189;0.166888;0.087349;0.053429;0.019509;0.149429;0.115509;0.081589;0.047669;0.013749;0.143669;0.109749;0.084805;0.041909;0.171829;0.137909;0.103989;0.070069;0.036149;0.166069;0.132149;0.098229;0.064309;0.030119;0.160309;0.126389;nan,2.000000;1.000000;1.000000;1.000000;1.000000;1.000000;1.000000;1.000000;1.000000;1.000000;1.000000;1.000000;1.000000;1.000000;1.000000;1.000000;1.000000;1.000000;1.000000;1.000000;1.000000;1.000000;1.000000;1.000000;1.000000;1.000000;1.000000;1.000000;1.000000,0,0,0,0,0,0,0,0,0,0,0,0,0,0,0,0,0,0,0,0,0,0,0,0,0,0,0,0,graph_0005__stability_0.0000,stability,0.0,graph_0005,epoch_0005
trace,olsr,0.610661,0.610500,2147,2517,105,746,1307,0.441667,0.022292,75.736500,360,159,2,0,0,534,0.883333,746,62088,4.691824,390.490566,0.500000,1.000000,1.000000,1.000000,1.000000;1.000000;1.000000;1.000000;1.000000;1.000000;1.000000;1.000000;1.000000;1.000000;1.000000;1.000000;1.000000;1.000000;1.000000;1.000000;1.000000;1.000000;1.000000;1.000000;1.000000;1.000000;1.000000;1.000000;1.000000;1.000000;1.000000;1.000000;1.000000;1.000000,58,nan,1,2.000000;1.000000;1.000000;1.000000;1.000000;1.000000;1.000000;1.000000;1.000000;1.000000;1.000000;1.000000;1.000000;1.000000;1.000000;1.000000;1.000000;1.000000;1.000000;1.000000;1.000000;1.000000;1.000000;1.000000;1.000000;1.000000;1.000000;1.000000;1.000000,nan;nan;nan;0.451605;0.238514;0.044453;nan;0.140453;nan;0.254135;0.038693;0.004773;0.134693;0.100773;0.066853;0.032933;0.209515;0.128933;nan;0.233639;0.027173;0.157093;0.123173;0.089253;nan;nan;nan;nan;nan,2.000000;1.000000;1.000000;1.000000;1.000000;1.000000;1.000000;1.000000;1.000000;1.000000;1.000000;1.000000;1.000000;1.000000;1.000000;1.000000;1.000000;1.000000;1.000000;1.000000;1.000000;1.000000;1.000000;1.000000;1.000000;1.000000;1.000000;1.000000;1.000000,313,20312,421,41104,0,0,0,0,12,672,0,0,0,0,0,0,0,0,0,0,0,0,0,0,0,0,0,0,graph_0005__stability_0.0000,stability,0.0,graph_0005,epoch_0002
trace,aodv,0.658250,0.658166,2703,3276,105,1246,1872,0.830556,0.041853,75.005653,360,299,8,0,0,646,1.661111,1246,59866,4.167224,200.220736,0.500000,1.000000,1.000000,1.000000,1.000000;1.000000;1.000000;1.000000;1.000000;1.000000;1.000000;1.000000;1.000000;1.000000;1.000000;1.000000;1.000000;1.000000;1.000000;1.000000;1.000000;1.000000;1.000000;1.000000;1.000000;1.000000;1.000000;1.000000;1.000000;1.000000;1.000000;1.000000;1.000000;1.000000,58,nan,1,2.000000;1.000000;1.000000;1.000000;1.000000;1.000000;1.000000;1.000000;1.000000;1.000000;1.000000;1.000000;1.000000;1.000000;1.000000;1.000000;1.000000;1.000000;1.000000;1.000000;1.000000;1.000000;1.000000;1.000000;1.000000;1.000000;1.000000;1.000000;1.000000,0.050213;0.016293;0.146213;0.112293;0.078373;0.044453;0.010533;0.140453;0.106533;0.072613;0.038693;0.004773;0.134693;0.100773;0.066853;0.032933;0.006543;0.128933;0.095013;0.061093;0.027173;0.157093;0.123173;0.089253;0.232279;0.021413;0.151333;0.117413;nan,2.000000;1.000000;1.000000;1.000000;1.000000;1.000000;1.000000;1.000000;1.000000;1.000000;1.000000;1.000000;1.000000;1.000000;1.000000;1.000000;1.000000;1.000000;1.000000;1.000000;1.000000;1.000000;1.000000;1.000000;1.000000;1.000000;1.000000;1.000000;1.000000,0,0,0,0,0,0,0,0,0,0,744,35712,194,10088,210,10080,79,3416,19,570,0,0,0,0,0,0,0,0,graph_0005__stability_0.0000,stability,0.0,graph_0005,epoch_0002
trace,static,0.189192,0.189182,790,562,105,0,0,0.366667,0.018823,74.287262,360,132,0,0,0,236,0.733333,0,0,0.000000,0.000000,0.500000,1.000000,1.000000,1.000000,1.000000;1.000000;1.000000;1.000000;1.000000;1.000000;1.000000;1.000000;1.000000;1.000000;1.000000;1.000000;1.000000;1.000000;1.000000;1.000000;1.000000;1.000000;1.000000;1.000000;1.000000;1.000000;1.000000;1.000000;1.000000;1.000000;1.000000;1.000000;1.000000;1.000000,58,nan,1,2.000000;1.000000;1.000000;1.000000;1.000000;1.000000;1.000000;1.000000;1.000000;1.000000;1.000000;1.000000;1.000000;1.000000;1.000000;1.000000;1.000000;1.000000;1.000000;1.000000;1.000000;1.000000;1.000000;1.000000;1.000000;1.000000;1.000000;1.000000;1.000000,0.059189;0.025269;0.155189;0.170954;0.087349;0.053429;0.019509;0.149429;0.115509;0.081589;0.047669;0.013749;0.143669;0.109749;0.084615;0.041909;0.171829;0.137909;0.103989;0.070069;0.036149;0.166069;0.132149;0.098229;0.064309;0.030119;0.160309;0.126389;nan,2.000000;1.000000;1.000000;1.000000;1.000000;1.000000;1.000000;1.000000;1.000000;1.000000;1.000000;1.000000;1.000000;1.000000;1.000000;1.000000;1.000000;1.000000;1.000000;1.000000;1.000000;1.000000;1.000000;1.000000;1.000000;1.000000;1.000000;1.000000;1.000000,0,0,0,0,0,0,0,0,0,0,0,0,0,0,0,0,0,0,0,0,0,0,0,0,0,0,0,0,graph_0005__stability_0.0000,stability,0.0,graph_0005,epoch_0002
trace,olsr,0.477210,0.477158,1636,1687,105,610,866,0.425000,0.021391,75.044261,360,153,1,0,0,504,0.850000,610,42988,3.986928,280.967320,0.500000,1.666667,2.000000,2.000000,2.000000;2.000000;2.000000;2.000000;2.000000;2.000000;2.000000;2.000000;2.000000;2.000000;2.000000;2.000000;1.000000;1.000000;1.000000;1.000000;1.000000;1.000000,34,nan,0,2.000000;2.000000;2.000000;2.000000;2.000000;2.000000;2.000000;2.000000;2.000000;2.000000;2.000000;2.000000;2.000000;1.000000;1.000000;1.000000;1.000000,nan;0.310775;0.061413;0.157413;nan;0.218165;nan;0.049893;0.145893;0.078053;nan;0.106213;0.055333;nan;0.324079;0.117413;nan,2.000000;2.000000;2.000000;2.000000;2.000000;2.000000;2.000000;2.000000;2.000000;2.000000;2.000000;2.000000;2.000000;1.000000;1.000000;1.000000;1.000000,351,20948,259,22040,0,0,0,0,0,0,0,0,0,0,0,0,0,0,0,0,0,0,0,0,0,0,0,0,graph_0003__stability_0.4000,stability,0.4,graph_0003,epoch_0001
trace,aodv,0.638061,0.637930,2736,2906,105,1235,1480,0.744444,0.037588,76.385396,360,268,17,0,0,666,1.488889,1235,59222,4.608209,220.977612,0.500000,1.666667,2.000000,2.000000,2.000000;2.000000;2.000000;2.000000;2.000000;2.000000;2.000000;2.000000;2.000000;2.000000;2.000000;2.000000;1.000000;1.000000;1.000000;1.000000;1.000000;1.000000,34,nan,0,2.000000;2.000000;2.000000;2.000000;2.000000;2.000000;2.000000;2.000000;2.000000;2.000000;2.000000;2.000000;2.000000;1.000000;1.000000;1.000000;1.000000,nan;0.129253;0.061413;0.157413;1.587229;0.021733;1.603660;1.398244;0.145893;0.078053;0.010213;0.106213;0.055333;0.021413;0.151333;0.117413;nan,2.000000;2.000000;2.000000;2.000000;2.000000;2.000000;2.000000;2.000000;2.000000;2.000000;2.000000;2.000000;2.000000;1.000000;1.000000;1.000000;1.000000,0,0,0,0,0,0,0,0,0,0,739,35472,206,10712,177,8496,92,3912,21,630,0,0,0,0,0,0,0,0,graph_0003__stability_0.4000,stability,0.4,graph_0003,epoch_0001
trace,static,0.189013,0.188961,821,611,105,0,0,0.416667,0.021390,72.309039,360,150,0,0,0,159,0.833333,0,0,0.000000,0.000000,0.500000,1.666667,2.000000,2.000000,2.000000;2.000000;2.000000;2.000000;2.000000;2.000000;2.000000;2.000000;2.000000;2.000000;2.000000;2.000000;1.000000;1.000000;1.000000;1.000000;1.000000;1.000000,34,nan,0,2.000000;2.000000;2.000000;2.000000;2.000000;2.000000;2.000000;2.000000;2.000000;2.000000;2.000000;2.000000;2.000000;1.000000;1.000000;1.000000;1.000000,0.103914;0.138229;0.070449;0.166389;0.098549;0.030709;0.126709;0.058869;0.154869;0.087029;0.019189;0.115189;0.064309;0.030389;0.160309;0.126389;nan,2.000000;2.000000;2.000000;2.000000;2.000000;2.000000;2.000000;2.000000;2.000000;2.000000;2.000000;2.000000;2.000000;1.000000;1.000000;1.000000;1.000000,0,0,0,0,0,0,0,0,0,0,0,0,0,0,0,0,0,0,0,0,0,0,0,0,0,0,0,0,graph_0003__stability_0.4000,stability,0.4,graph_0003,epoch_0001
trace,olsr,0.438048,0.437932,1492,1469,105,590,812,0.277778,0.013981,71.456635,360,100,14,0,0,524,0.555556,590,41348,5.900000,413.480000,0.500000,1.666667,2.000000,2.000000,2.000000;2.000000;2.000000;2.000000;2.000000;2.000000;2.000000;2.000000;2.000000;2.000000;2.000000;2.000000;1.000000;1.000000;1.000000;1.000000;1.000000;1.000000,34,nan,0,2.000000;2.000000;2.000000;2.000000;2.000000;2.000000;2.000000;2.000000;2.000000;2.000000;2.000000;2.000000;2.000000;1.000000;1.000000;1.000000;1.000000,nan;0.310775;0.061413;0.157413;nan;0.214145;nan;nan;nan;0.633174;nan;nan;0.064039;nan;0.324079;0.117413;nan,2.000000;2.000000;2.000000;2.000000;2.000000;2.000000;2.000000;2.000000;2.000000;2.000000;2.000000;2.000000;2.000000;1.000000;1.000000;1.000000;1.000000,352,20992,238,20356,0,0,0,0,0,0,0,0,0,0,0,0,0,0,0,0,0,0,0,0,0,0,0,0,graph_0003__stability_0.4000,stability,0.4,graph_0003,epoch_0003
trace,aodv,0.633146,0.633043,2732,2901,105,1229,1472,0.752778,0.038035,76.374472,360,271,15,0,0,704,1.505556,1229,58848,4.535055,217.151292,0.500000,1.666667,2.000000,2.000000,2.000000;2.000000;2.000000;2.000000;2.000000;2.000000;2.000000;2.000000;2.000000;2.000000;2.000000;2.000000;1.000000;1.000000;1.000000;1.000000;1.000000;1.000000,34,nan,0,2.000000;2.000000;2.000000;2.000000;2.000000;2.000000;2.000000;2.000000;2.000000;2.000000;2.000000;2.000000;2.000000;1.000000;1.000000;1.000000;1.000000,nan;0.129253;0.061413;0.157413;1.571284;0.021733;1.606660;1.558208;0.145893;0.078053;0.010213;0.106213;0.055333;0.189251;0.151333;0.117413;nan,2.000000;2.000000;2.000000;2.000000;2.000000;2.000000;2.000000;2.000000;2.000000;2.000000;2.000000;2.000000;2.000000;1.000000;1.000000;1.000000;1.000000,0,0,0,0,0,0,0,0,0,0,737,35376,203,10556,169,8112,98,4144,22,660,0,0,0,0,0,0,0,0,graph_0003__stability_0.4000,stability,0.4,graph_0003,epoch_0003
trace,static,0.186264,0.186241,824,614,105,0,0,0.416667,0.021390,72.309082,360,150,0,0,0,163,0.833333,0,0,0.000000,0.000000,0.500000,1.666667,2.000000,2.000000,2.000000;2.000000;2.000000;2.000000;2.000000;2.000000;2.000000;2.000000;2.000000;2.000000;2.000000;2.000000;1.000000;1.000000;1.000000;1.000000;1.000000;1.000000,34,nan,0,2.000000;2.000000;2.000000;2.000000;2.000000;2.000000;2.000000;2.000000;2.000000;2.000000;2.000000;2.000000;2.000000;1.000000;1.000000;1.000000;1.000000,0.100374;0.138229;0.070449;0.166389;0.098549;0.030709;0.126709;0.067575;0.154869;0.087029;0.019189;0.115189;0.064309;0.030389;0.160309;0.126389;nan,2.000000;2.000000;2.000000;2.000000;2.000000;2.000000;2.000000;2.000000;2.000000;2.000000;2.000000;2.000000;2.000000;1.000000;1.000000;1.000000;1.000000,0,0,0,0,0,0,0,0,0,0,0,0,0,0,0,0,0,0,0,0,0,0,0,0,0,0,0,0,graph_0003__stability_0.4000,stability,0.4,graph_0003,epoch_0003
trace,olsr,0.484336,0.484218,1670,1745,105,602,845,0.397222,0.019994,78.042568,360,143,7,0,0,486,0.794444,602,43104,4.209790,301.426573,0.500000,1.666667,2.000000,2.000000,2.000000;2.000000;2.000000;2.000000;2.000000;2.000000;2.000000;2.000000;2.000000;2.000000;2.000000;2.000000;1.000000;1.000000;1.000000;1.000000;1.000000;1.000000,34,nan,0,2.000000;2.000000;2.000000;2.000000;2.000000;2.000000;2.000000;2.000000;2.000000;2.000000;2.000000;2.000000;2.000000;1.000000;1.000000;1.000000;1.000000,nan;0.310775;nan;0.157413;nan;0.216325;0.117733;0.049893;0.145893;0.078053;nan;0.106213;nan;nan;0.315173;0.117413;nan,2.000000;2.000000;2.000000;2.000000;2.000000;2.000000;2.000000;2.000000;2.000000;2.000000;2.000000;2.000000;2.000000;1.000000;1.000000;1.000000;1.000000,354,21104,244,21776,0,0,0,0,4,224,0,0,0,0,0,0,0,0,0,0,0,0,0,0,0,0,0,0,graph_0003__stability_0.4000,stability,0.4,graph_0003,epoch_0004
trace,aodv,0.636763,0.636655,2755,2961,105,1254,1513,0.758333,0.038308,76.396393,360,273,34,0,0,641,1.516667,1254,59758,4.593407,218.893773,0.500000,1.666667,2.000000,2.000000,2.000000;2.000000;2.000000;2.000000;2.000000;2.000000;2.000000;2.000000;2.000000;2.000000;2.000000;2.000000;1.000000;1.000000;1.000000;1.000000;1.000000;1.000000,34,nan,0,2.000000;2.000000;2.000000;2.000000;2.000000;2.000000;2.000000;2.000000;2.000000;2.000000;2.000000;2.000000;2.000000;1.000000;1.000000;1.000000;1.000000,nan;0.129253;0.061413;0.157413;1.577357;0.021733;1.607329;1.385486;0.145893;0.078053;1.667885;0.106213;0.055333;0.193107;0.151333;0.117413;nan,2.000000;2.000000;2.000000;2.000000;2.000000;2.000000;2.000000;2.000000;2.000000;2.000000;2.000000;2.000000;2.000000;1.000000;1.000000;1.000000;1.000000,0,0,0,0,0,0,0,0,0,0,739,35472,198,10296,165,7920,131,5440,21,630,0,0,0,0,0,0,0,0,graph_0003__stability_0.4000,stability,0.4,graph_0003,epoch_0004
trace,static,0.186777,0.186746,824,615,105,0,0,0.419444,0.021535,72.325384,360,151,0,0,0,163,0.838889,0,0,0.000000,0.000000,0.500000,1.666667,2.000000,2.000000,2.000000;2.000000;2.000000;2.000000;2.000000;2.000000;2.000000;2.000000;2.000000;2.000000;2.000000;2.000000;1.000000;1.000000;1.000000;1.000000;1.000000;1.000000,34,nan,0,2.000000;2.000000;2.000000;2.000000;2.000000;2.000000;2.000000;2.000000;2.000000;2.000000;2.000000;2.000000;2.000000;1.000000;1.000000;1.000000;1.000000,0.118314;0.138229;0.070449;0.166389;0.098549;0.030709;0.126709;0.058949;0.154869;0.087029;0.019189;0.115189;0.064309;0.030389;0.160309;0.126389;nan,2.000000;2.000000;2.000000;2.000000;2.000000;2.000000;2.000000;2.000000;2.000000;2.000000;2.000000;2.000000;2.000000;1.000000;1.000000;1.000000;1.000000,0,0,0,0,0,0,0,0,0,0,0,0,0,0,0,0,0,0,0,0,0,0,0,0,0,0,0,0,graph_0003__stability_0.4000,stability,0.4,graph_0003,epoch_0004
trace,olsr,0.454369,0.454324,1531,1526,105,588,812,0.355556,0.017896,75.418276,360,128,1,0,0,527,0.711111,588,41064,4.593750,320.812500,0.500000,1.666667,2.000000,2.000000,2.000000;2.000000;2.000000;2.000000;2.000000;2.000000;2.000000;2.000000;2.000000;2.000000;2.000000;2.000000;1.000000;1.000000;1.000000;1.000000;1.000000;1.000000,34,nan,0,2.000000;2.000000;2.000000;2.000000;2.000000;2.000000;2.000000;2.000000;2.000000;2.000000;2.000000;2.000000;2.000000;1.000000;1.000000;1.000000;1.000000,nan;0.310775;0.061413;0.157413;nan;0.214265;nan;1.224333;nan;0.078053;nan;0.106213;0.055333;nan;0.324079;0.445093;nan,2.000000;2.000000;2.000000;2.000000;2.000000;2.000000;2.000000;2.000000;2.000000;2.000000;2.000000;2.000000;2.000000;1.000000;1.000000;1.000000;1.000000,351,20884,237,20180,0,0,0,0,0,0,0,0,0,0,0,0,0,0,0,0,0,0,0,0,0,0,0,0,graph_0003__stability_0.4000,stability,0.4,graph_0003,epoch_0005
trace,aodv,0.644308,0.644227,2697,2876,105,1223,1472,0.750000,0.037896,76.195220,360,270,20,0,0,641,1.500000,1223,58512,4.529630,216.711111,0.500000,1.666667,2.000000,2.000000,2.000000;2.000000;2.000000;2.000000;2.000000;2.000000;2.000000;2.000000;2.000000;2.000000;2.000000;2.000000;1.000000;1.000000;1.000000;1.000000;1.000000;1.000000,34,nan,0,2.000000;2.000000;2.000000;2.000000;2.000000;2.000000;2.000000;2.000000;2.000000;2.000000;2.000000;2.000000;2.000000;1.000000;1.000000;1.000000;1.000000,nan;0.129253;0.061413;0.157413;0.089573;0.021733;1.609400;1.384908;0.145893;0.078053;0.010213;0.106213;0.055333;0.355579;0.151333;0.117413;nan,2.000000;2.000000;2.000000;2.000000;2.000000;2.000000;2.000000;2.000000;2.000000;2.000000;2.000000;2.000000;2.000000;1.000000;1.000000;1.000000;1.000000,0,0,0,0,0,0,0,0,0,0,735,35280,193,10036,167,8016,110,4640,18,540,0,0,0,0,0,0,0,0,graph_0003__stability_0.4000,stability,0.4,graph_0003,epoch_0005
trace,static,0.189238,0.189230,824,615,105,0,0,0.419444,0.021533,72.325218,360,151,0,0,0,163,0.838889,0,0,0.000000,0.000000,0.500000,1.666667,2.000000,2.000000,2.000000;2.000000;2.000000;2.000000;2.000000;2.000000;2.000000;2.000000;2.000000;2.000000;2.000000;2.000000;1.000000;1.000000;1.000000;1.000000;1.000000;1.000000,34,nan,0,2.000000;2.000000;2.000000;2.000000;2.000000;2.000000;2.000000;2.000000;2.000000;2.000000;2.000000;2.000000;2.000000;1.000000;1.000000;1.000000;1.000000,0.096494;0.138229;0.070449;0.166389;0.098549;0.030709;0.126709;0.058949;0.154869;0.087029;0.019189;0.115189;0.064309;0.030389;0.160309;0.126389;nan,2.000000;2.000000;2.000000;2.000000;2.000000;2.000000;2.000000;2.000000;2.000000;2.000000;2.000000;2.000000;2.000000;1.000000;1.000000;1.000000;1.000000,0,0,0,0,0,0,0,0,0,0,0,0,0,0,0,0,0,0,0,0,0,0,0,0,0,0,0,0,graph_0003__stability_0.4000,stability,0.4,graph_0003,epoch_0005
trace,olsr,0.485883,0.485856,1708,1721,105,597,829,0.363889,0.018266,75.395587,360,131,1,0,0,537,0.727778,597,41852,4.557252,319.480916,0.500000,1.666667,2.000000,2.000000,2.000000;2.000000;2.000000;2.000000;2.000000;2.000000;2.000000;2.000000;2.000000;2.000000;2.000000;2.000000;1.000000;1.000000;1.000000;1.000000;1.000000;1.000000,34,nan,0,2.000000;2.000000;2.000000;2.000000;2.000000;2.000000;2.000000;2.000000;2.000000;2.000000;2.000000;2.000000;2.000000;1.000000;1.000000;1.000000;1.000000,nan;0.310775;0.061413;0.157413;nan;0.213905;nan;1.225367;0.522214;0.078053;nan;0.106213;nan;0.021413;0.151333;0.290229;nan,2.000000;2.000000;2.000000;2.000000;2.000000;2.000000;2.000000;2.000000;2.000000;2.000000;2.000000;2.000000;2.000000;1.000000;1.000000;1.000000;1.000000,353,21024,240,20604,0,0,0,0,4,224,0,0,0,0,0,0,0,0,0,0,0,0,0,0,0,0,0,0,graph_0003__stability_0.4000,stability,0.4,graph_0003,epoch_0002
trace,aodv,0.618801,0.618639,2704,2918,105,1243,1509,0.752778,0.038044,76.010565,360,271,37,0,0,497,1.505556,1243,59356,4.586716,219.025830,0.500000,1.666667,2.000000,2.000000,2.000000;2.000000;2.000000;2.000000;2.000000;2.000000;2.000000;2.000000;2.000000;2.000000;2.000000;2.000000;1.000000;1.000000;1.000000;1.000000;1.000000;1.000000,34,nan,0,2.000000;2.000000;2.000000;2.000000;2.000000;2.000000;2.000000;2.000000;2.000000;2.000000;2.000000;2.000000;2.000000;1.000000;1.000000;1.000000;1.000000,nan;0.129253;0.061413;0.157413;0.089573;0.022933;1.607668;1.549668;0.145893;0.078053;0.010213;0.106213;0.055333;0.196161;0.151333;0.117413;nan,2.000000;2.000000;2.000000;2.000000;2.000000;2.000000;2.000000;2.000000;2.000000;2.000000;2.000000;2.000000;2.000000;1.000000;1.000000;1.000000;1.000000,0,0,0,0,0,0,0,0,0,0,736,35328,196,10192,168,8064,129,5352,14,420,0,0,0,0,0,0,0,0,graph_0003__stability_0.4000,stability,0.4,graph_0003,epoch_0002
trace,static,0.183102,0.183079,821,611,105,0,0,0.416667,0.021392,72.309061,360,150,0,0,0,161,0.833333,0,0,0.000000,0.000000,0.500000,1.666667,2.000000,2.000000,2.000000;2.000000;2.000000;2.000000;2.000000;2.000000;2.000000;2.000000;2.000000;2.000000;2.000000;2.000000;1.000000;1.000000;1.000000;1.000000;1.000000;1.000000,34,nan,0,2.000000;2.000000;2.000000;2.000000;2.000000;2.000000;2.000000;2.000000;2.000000;2.000000;2.000000;2.000000;2.000000;1.000000;1.000000;1.000000;1.000000,0.101214;0.138229;0.070449;0.166389;0.098549;0.030709;0.126709;0.058869;0.154869;0.087029;0.019189;0.115189;0.064309;0.030389;0.160309;0.126389;nan,2.000000;2.000000;2.000000;2.000000;2.000000;2.000000;2.000000;2.000000;2.000000;2.000000;2.000000;2.000000;2.000000;1.000000;1.000000;1.000000;1.000000,0,0,0,0,0,0,0,0,0,0,0,0,0,0,0,0,0,0,0,0,0,0,0,0,0,0,0,0,graph_0003__stability_0.4000,stability,0.4,graph_0003,epoch_0002
trace,olsr,0.407176,0.407159,1429,1467,105,567,793,0.327778,0.017473,67.596957,360,118,31,0,0,395,0.655556,567,39100,4.805085,331.355932,0.500000,4.285714,4.000000,5.000000,5.000000;5.000000;4.000000;4.000000;4.000000;4.000000;4.000000,12,nan,0,5.000000;5.000000;5.000000;5.000000;5.000000;5.000000,0.095333;nan;0.100773;nan;0.304695;nan,5.000000;5.000000;5.000000;5.000000;5.000000;5.000000,350,21176,217,17924,0,0,0,0,0,0,0,0,0,0,0,0,0,0,0,0,0,0,0,0,0,0,0,0,graph_0001__stability_0.8000,stability,0.8,graph_0001,epoch_0001
trace,aodv,0.571775,0.571628,2545,2757,105,1095,1374,0.769444,0.038768,75.507776,360,277,16,0,0,463,1.538889,1095,52322,3.953069,188.888087,0.500000,4.285714,4.000000,5.000000,5.000000;5.000000;4.000000;4.000000;4.000000;4.000000;4.000000,12,nan,0,5.000000;5.000000;5.000000;5.000000;5.000000;5.000000,0.095333;0.438347;0.283668;0.111973;0.482978;0.636266,5.000000;5.000000;5.000000;5.000000;5.000000;5.000000,0,0,0,0,0,0,0,0,0,0,764,36672,132,6864,98,4704,86,3632,15,450,0,0,0,0,0,0,0,0,graph_0001__stability_0.8000,stability,0.8,graph_0001,epoch_0001
trace,static,0.188158,0.188134,862,666,105,0,0,0.455556,0.022863,72.503418,360,164,0,0,0,88,0.911111,0,0,0.000000,0.000000,0.500000,4.285714,4.000000,5.000000,5.000000;5.000000;4.000000;4.000000;4.000000;4.000000;4.000000,12,nan,0,5.000000;5.000000;5.000000;5.000000;5.000000;5.000000,0.104309;0.149134;0.109749;0.120949;0.132149;0.143079,5.000000;5.000000;5.000000;5.000000;5.000000;5.000000,0,0,0,0,0,0,0,0,0,0,0,0,0,0,0,0,0,0,0,0,0,0,0,0,0,0,0,0,graph_0001__stability_0.8000,stability,0.8,graph_0001,epoch_0001
trace,olsr,0.527264,0.527133,1917,1970,105,596,826,0.327778,0.016918,64.752619,360,118,0,0,0,359,0.655556,596,41428,5.050847,351.084746,0.500000,4.285714,4.000000,5.000000,5.000000;5.000000;4.000000;4.000000;4.000000;4.000000;4.000000,12,nan,0,5.000000;5.000000;5.000000;5.000000;5.000000;5.000000,0.095333;1.455086;0.100773;nan;3.408679;1.307911,5.000000;5.000000;5.000000;5.000000;5.000000;5.000000,349,21192,231,19340,0,0,0,0,16,896,0,0,0,0,0,0,0,0,0,0,0,0,0,0,0,0,0,0,graph_0001__stability_0.8000,stability,0.8,graph_0001,epoch_0003
trace,aodv,0.510577,0.510524,2354,2589,105,1048,1327,0.694444,0.035001,74.166513,360,250,10,56,0,413,1.388889,1048,50252,4.192000,201.008000,0.500000,4.285714,4.000000,5.000000,5.000000;5.000000;4.000000;4.000000;4.000000;4.000000;4.000000,12,nan,0,5.000000;5.000000;5.000000;5.000000;5.000000;5.000000,0.095333;0.444600;0.109172;nan;0.464864;0.644284,5.000000;5.000000;5.000000;5.000000;5.000000;5.000000,0,0,0,0,0,0,0,0,0,0,773,37104,115,5980,87,4176,61,2632,12,360,0,0,0,0,0,0,0,0,graph_0001__stability_0.8000,stability,0.8,graph_0001,epoch_0003
trace,static,0.187996,0.187989,862,666,105,0,0,0.455556,0.022869,72.503486,360,164,0,0,0,89,0.911111,0,0,0.000000,0.000000,0.500000,4.285714,4.000000,5.000000,5.000000;5.000000;4.000000;4.000000;4.000000;4.000000;4.000000,12,nan,0,5.000000;5.000000;5.000000;5.000000;5.000000;5.000000,0.104309;0.145568;0.109749;0.120949;0.132149;0.143079,5.000000;5.000000;5.000000;5.000000;5.000000;5.000000,0,0,0,0,0,0,0,0,0,0,0,0,0,0,0,0,0,0,0,0,0,0,0,0,0,0,0,0,graph_0001__stability_0.8000,stability,0.8,graph_0001,epoch_0003
trace,olsr,0.402529,0.402474,1476,1554,105,568,794,0.394444,0.019796,74.930068,360,142,7,0,0,359,0.788889,568,39644,4.000000,279.183099,0.500000,4.285714,4.000000,5.000000,5.000000;5.000000;4.000000;4.000000;4.000000;4.000000;4.000000,12,nan,0,5.000000;5.000000;5.000000;5.000000;5.000000;5.000000,3.225975;0.972674;0.100773;3.233639;0.123173;0.307189,5.000000;5.000000;5.000000;5.000000;5.000000;5.000000,348,21068,218,18464,0,0,0,0,2,112,0,0,0,0,0,0,0,0,0,0,0,0,0,0,0,0,0,0,graph_0001__stability_0.8000,stability,0.8,graph_0001,epoch_0004
trace,aodv,0.510497,0.510444,2355,2587,105,1062,1340,0.688889,0.034716,73.815680,360,248,10,56,0,372,1.377778,1062,50924,4.282258,205.338710,0.500000,4.285714,4.000000,5.000000,5.000000;5.000000;4.000000;4.000000;4.000000;4.000000;4.000000,12,nan,0,5.000000;5.000000;5.000000;5.000000;5.000000;5.000000,0.095333;0.438470;0.102588;nan;0.461100;0.134373,5.000000;5.000000;5.000000;5.000000;5.000000;5.000000,0,0,0,0,0,0,0,0,0,0,768,36864,122,6344,90,4320,72,3096,10,300,0,0,0,0,0,0,0,0,graph_0001__stability_0.8000,stability,0.8,graph_0001,epoch_0004
trace,static,0.189108,0.189088,862,666,105,0,0,0.455556,0.022863,72.503461,360,164,0,0,0,89,0.911111,0,0,0.000000,0.000000,0.500000,4.285714,4.000000,5.000000,5.000000;5.000000;4.000000;4.000000;4.000000;4.000000;4.000000,12,nan,0,5.000000;5.000000;5.000000;5.000000;5.000000;5.000000,0.104309;0.155274;0.109749;0.120949;0.132149;0.143079,5.000000;5.000000;5.000000;5.000000;5.000000;5.000000,0,0,0,0,0,0,0,0,0,0,0,0,0,0,0,0,0,0,0,0,0,0,0,0,0,0,0,0,graph_0001__stability_0.8000,stability,0.8,graph_0001,epoch_0004
trace,olsr,0.370222,0.370166,1295,1322,105,568,782,0.233333,0.011712,68.937377,360,84,35,0,0,353,0.466667,568,39584,6.761905,471.238095,0.500000,4.285714,4.000000,5.000000,5.000000;5.000000;4.000000;4.000000;4.000000;4.000000;4.000000,12,nan,0,5.000000;5.000000;5.000000;5.000000;5.000000;5.000000,0.095333;nan;2.629074;nan;2.434615;0.307389,5.000000;5.000000;5.000000;5.000000;5.000000;5.000000,352,21412,216,18172,0,0,0,0,0,0,0,0,0,0,0,0,0,0,0,0,0,0,0,0,0,0,0,0,graph_0001__stability_0.8000,stability,0.8,graph_0001,epoch_0005
trace,aodv,0.518054,0.517985,2331,2500,105,1022,1242,0.691667,0.035437,75.542910,360,249,4,56,0,543,1.383333,1022,49050,4.104418,196.987952,0.500000,4.285714,4.000000,5.000000,5.000000;5.000000;4.000000;4.000000;4.000000;4.000000;4.000000,12,nan,0,5.000000;5.000000;5.000000;5.000000;5.000000;5.000000,0.095333;0.089573;0.100773;nan;0.472160;0.635688,5.000000;5.000000;5.000000;5.000000;5.000000;5.000000,0,0,0,0,0,0,0,0,0,0,779,37392,105,5460,73,3504,56,2424,9,270,0,0,0,0,0,0,0,0,graph_0001__stability_0.8000,stability,0.8,graph_0001,epoch_0005
trace,static,0.199011,0.199002,862,666,105,0,0,0.455556,0.022866,72.503485,360,164,0,0,0,89,0.911111,0,0,0.000000,0.000000,0.500000,4.285714,4.000000,5.000000,5.000000;5.000000;4.000000;4.000000;4.000000;4.000000;4.000000,12,nan,0,5.000000;5.000000;5.000000;5.000000;5.000000;5.000000,0.104309;0.153434;0.109749;0.120949;0.132149;0.143079,5.000000;5.000000;5.000000;5.000000;5.000000;5.000000,0,0,0,0,0,0,0,0,0,0,0,0,0,0,0,0,0,0,0,0,0,0,0,0,0,0,0,0,graph_0001__stability_0.8000,stability,0.8,graph_0001,epoch_0005
trace,olsr,0.424111,0.423973,1456,1484,105,560,784,0.352778,0.018426,69.831107,360,127,2,0,0,385,0.705556,560,39780,4.409449,313.228346,0.500000,4.285714,4.000000,5.000000,5.000000;5.000000;4.000000;4.000000;4.000000;4.000000;4.000000,12,nan,0,5.000000;5.000000;5.000000;5.000000;5.000000;5.000000,0.095333;nan;0.100773;nan;0.304695;0.134373,5.000000;5.000000;5.000000;5.000000;5.000000;5.000000,349,21160,211,18620,0,0,0,0,0,0,0,0,0,0,0,0,0,0,0,0,0,0,0,0,0,0,0,0,graph_0001__stability_0.8000,stability,0.8,graph_0001,epoch_0002
trace,aodv,0.523492,0.523437,2376,2643,105,1088,1377,0.697222,0.035136,74.342541,360,251,31,56,0,382,1.394444,1088,51982,4.334661,207.099602,0.500000,4.285714,4.000000,5.000000,5.000000;5.000000;4.000000;4.000000;4.000000;4.000000;4.000000,12,nan,0,5.000000;5.000000;5.000000;5.000000;5.000000;5.000000,0.095333;0.441045;0.100773;nan;0.477534;0.635973,5.000000;5.000000;5.000000;5.000000;5.000000;5.000000,0,0,0,0,0,0,0,0,0,0,769,36912,125,6500,91,4368,92,3872,11,330,0,0,0,0,0,0,0,0,graph_0001__stability_0.8000,stability,0.8,graph_0001,epoch_0002
trace,static,0.191163,0.191138,862,666,105,0,0,0.455556,0.022865,72.503451,360,164,0,0,0,89,0.911111,0,0,0.000000,0.000000,0.500000,4.285714,4.000000,5.000000,5.000000;5.000000;4.000000;4.000000;4.000000;4.000000;4.000000,12,nan,0,5.000000;5.000000;5.000000;5.000000;5.000000;5.000000,0.104309;0.147954;0.109749;0.120949;0.132149;0.143079,5.000000;5.000000;5.000000;5.000000;5.000000;5.000000,0,0,0,0,0,0,0,0,0,0,0,0,0,0,0,0,0,0,0,0,0,0,0,0,0,0,0,0,graph_0001__stability_0.8000,stability,0.8,graph_0001,epoch_0002
trace,olsr,0.444767,0.444384,1512,1632,105,625,971,0.330556,0.016636,70.514176,360,119,1,0,0,426,0.661111,625,46520,5.252101,390.924370,0.500000,4.285714,4.000000,5.000000,5.000000;5.000000;4.000000;4.000000;4.000000;4.000000;4.000000,12,0.869565,1,5.000000;5.000000;5.000000;5.000000;5.000000;5.000000,0.268149;0.641028;0.100773;0.111973;nan;0.134373,5.000000;5.000000;5.000000;5.000000;5.000000;5.000000,331,20628,294,25892,0,0,0,0,0,0,0,0,0,0,0,0,0,0,0,0,0,0,0,0,0,0,0,0,graph_0002__stability_0.8000,stability,0.8,graph_0002,epoch_0001
trace,aodv,0.490384,0.489810,2240,2630,105,1057,1474,0.591667,0.029981,73.385076,360,213,8,112,0,422,1.183333,1057,50564,4.962441,237.389671,0.500000,4.285714,4.000000,5.000000,5.000000;5.000000;4.000000;4.000000;4.000000;4.000000;4.000000,12,0.869565,1,5.000000;5.000000;5.000000;5.000000;5.000000;5.000000,1.423741;nan;0.476055;0.111973;nan;1.290141,5.000000;5.000000;5.000000;5.000000;5.000000;5.000000,0,0,0,0,0,0,0,0,0,0,761,36528,126,6552,78,3744,82,3440,10,300,0,0,0,0,0,0,0,0,graph_0002__stability_0.8000,stability,0.8,graph_0002,epoch_0001
trace,static,0.193557,0.193225,865,669,105,0,0,0.455556,0.022928,72.820101,360,164,0,0,0,95,0.911111,0,0,0.000000,0.000000,0.500000,4.285714,4.000000,5.000000,5.000000;5.000000;4.000000;4.000000;4.000000;4.000000;4.000000,12,0.869565,1,5.000000;5.000000;5.000000;5.000000;5.000000;5.000000,0.149348;0.098279;0.109749;0.120949;0.132149;0.143349,5.000000;5.000000;5.000000;5.000000;5.000000;5.000000,0,0,0,0,0,0,0,0,0,0,0,0,0,0,0,0,0,0,0,0,0,0,0,0,0,0,0,0,graph_0002__stability_0.8000,stability,0.8,graph_0002,epoch_0001
trace,olsr,0.448204,0.447795,1507,1642,105,634,1000,0.266667,0.013766,66.980119,360,96,9,0,0,397,0.533333,634,47548,6.604167,495.291667,0.500000,4.285714,4.000000,5.000000,5.000000;5.000000;4.000000;4.000000;4.000000;4.000000;4.000000,12,0.869565,1,5.000000;5.000000;5.000000;5.000000;5.000000;5.000000,0.268149;1.125094;1.748149;0.111973;nan;0.134373,5.000000;5.000000;5.000000;5.000000;5.000000;5.000000,333,20636,301,26912,0,0,0,0,0,0,0,0,0,0,0,0,0,0,0,0,0,0,0,0,0,0,0,0,graph_0002__stability_0.8000,stability,0.8,graph_0002,epoch_0003
trace,aodv,0.543202,0.542756,2412,2779,105,1076,1486,0.711111,0.035822,76.015215,360,256,5,56,0,484,1.422222,1076,51630,4.203125,201.679688,0.500000,4.285714,4.000000,5.000000,5.000000;5.000000;4.000000;4.000000;4.000000;4.000000;4.000000,12,0.869565,1,5.000000;5.000000;5.000000;5.000000;5.000000;5.000000,1.431436;nan;0.100773;0.111973;0.123173;1.298496,5.000000;5.000000;5.000000;5.000000;5.000000;5.000000,0,0,0,0,0,0,0,0,0,0,761,36528,138,7176,89,4272,79,3384,9,270,0,0,0,0,0,0,0,0,graph_0002__stability_0.8000,stability,0.8,graph_0002,epoch_0003
trace,static,0.195447,0.195221,864,667,105,0,0,0.452778,0.022850,72.630238,360,163,0,0,0,95,0.905556,0,0,0.000000,0.000000,0.500000,4.285714,4.000000,5.000000,5.000000;5.000000;4.000000;4.000000;4.000000;4.000000;4.000000,12,0.869565,1,5.000000;5.000000;5.000000;5.000000;5.000000;5.000000,0.143734;0.098279;0.109749;0.120949;0.132149;0.143349,5.000000;5.000000;5.000000;5.000000;5.000000;5.000000,0,0,0,0,0,0,0,0,0,0,0,0,0,0,0,0,0,0,0,0,0,0,0,0,0,0,0,0,graph_0002__stability_0.8000,stability,0.8,graph_0002,epoch_0003
trace,olsr,0.448467,0.448382,1492,1633,105,636,1001,0.258333,0.013002,68.128739,360,93,7,0,0,442,0.516667,636,47260,6.838710,508.172043,0.500000,4.285714,4.000000,5.000000,5.000000;5.000000;4.000000;4.000000;4.000000;4.000000;4.000000,12,0.869565,1,5.000000;5.000000;5.000000;5.000000;5.000000;5.000000,0.268149;0.638014;0.446135;2.256379;nan;0.134373,5.000000;5.000000;5.000000;5.000000;5.000000;5.000000,331,20704,305,26556,0,0,0,0,0,0,0,0,0,0,0,0,0,0,0,0,0,0,0,0,0,0,0,0,graph_0002__stability_0.8000,stability,0.8,graph_0002,epoch_0004
trace,aodv,0.542654,0.542618,2411,2775,105,1082,1498,0.677778,0.034142,76.042180,360,244,8,56,0,472,1.355556,1082,51896,4.434426,212.688525,0.500000,4.285714,4.000000,5.000000,5.000000;5.000000;4.000000;4.000000;4.000000;4.000000;4.000000,12,0.869565,1,5.000000;5.000000;5.000000;5.000000;5.000000;5.000000,1.434341;nan;0.461021;0.111973;0.123173;1.315244,5.000000;5.000000;5.000000;5.000000;5.000000;5.000000,0,0,0,0,0,0,0,0,0,0,753,36144,143,7436,97,4656,79,3360,10,300,0,0,0,0,0,0,0,0,graph_0002__stability_0.8000,stability,0.8,graph_0002,epoch_0004
trace,static,0.193321,0.193288,864,667,105,0,0,0.452778,0.022853,72.630341,360,163,0,0,0,95,0.905556,0,0,0.000000,0.000000,0.500000,4.285714,4.000000,5.000000,5.000000;5.000000;4.000000;4.000000;4.000000;4.000000;4.000000,12,0.869565,1,5.000000;5.000000;5.000000;5.000000;5.000000;5.000000,0.153614;0.098279;0.109749;0.120949;0.132149;0.143349,5.000000;5.000000;5.000000;5.000000;5.000000;5.000000,0,0,0,0,0,0,0,0,0,0,0,0,0,0,0,0,0,0,0,0,0,0,0,0,0,0,0,0,graph_0002__stability_0.8000,stability,0.8,graph_0002,epoch_0004
trace,olsr,0.532695,0.532568,1908,2078,105,648,1011,0.236111,0.012192,68.526185,360,85,12,0,0,433,0.472222,648,47892,7.623529,563.435294,0.500000,4.285714,4.000000,5.000000,5.000000;5.000000;4.000000;4.000000;4.000000;4.000000;4.000000,12,0.869565,1,5.000000;5.000000;5.000000;5.000000;5.000000;5.000000,0.268149;3.375349;nan;2.250599;3.613042;0.134373,5.000000;5.000000;5.000000;5.000000;5.000000;5.000000,335,20820,297,26176,0,0,0,0,16,896,0,0,0,0,0,0,0,0,0,0,0,0,0,0,0,0,0,0,graph_0002__stability_0.8000,stability,0.8,graph_0002,epoch_0005
trace,aodv,0.537129,0.537080,2427,2732,105,1144,1511,0.611111,0.030887,76.202472,360,220,22,56,0,554,1.222222,1144,54704,5.200000,248.654545,0.500000,4.285714,4.000000,5.000000,5.000000;5.000000;4.000000;4.000000;4.000000;4.000000;4.000000,12,0.869565,1,5.000000;5.000000;5.000000;5.000000;5.000000;5.000000,1.575891;nan;0.100773;0.111973;0.123173;1.476924,5.000000;5.000000;5.000000;5.000000;5.000000;5.000000,0,0,0,0,0,0,0,0,0,0,763,36624,155,8060,105,5040,107,4560,14,420,0,0,0,0,0,0,0,0,graph_0002__stability_0.8000,stability,0.8,graph_0002,epoch_0005
trace,static,0.191426,0.191415,865,669,105,0,0,0.455556,0.022996,72.643277,360,164,0,0,0,97,0.911111,0,0,0.000000,0.000000,0.500000,4.285714,4.000000,5.000000,5.000000;5.000000;4.000000;4.000000;4.000000;4.000000;4.000000,12,0.869565,1,5.000000;5.000000;5.000000;5.000000;5.000000;5.000000,0.142462;0.098279;0.109749;0.120949;0.132149;0.143349,5.000000;5.000000;5.000000;5.000000;5.000000;5.000000,0,0,0,0,0,0,0,0,0,0,0,0,0,0,0,0,0,0,0,0,0,0,0,0,0,0,0,0,graph_0002__stability_0.8000,stability,0.8,graph_0002,epoch_0005
trace,olsr,0.745300,0.745251,2693,2869,105,673,1036,0.319444,0.016122,72.355686,360,115,2,0,0,441,0.638889,673,49944,5.852174,434.295652,0.500000,4.285714,4.000000,5.000000,5.000000;5.000000;4.000000;4.000000;4.000000;4.000000;4.000000,12,0.869565,1,5.000000;5.000000;5.000000;5.000000;5.000000;5.000000,0.268149;3.375349;0.446135;0.111973;2.089253;0.134373,5.000000;5.000000;5.000000;5.000000;5.000000;5.000000,335,20792,302,27136,0,0,0,0,36,2016,0,0,0,0,0,0,0,0,0,0,0,0,0,0,0,0,0,0,graph_0002__stability_0.8000,stability,0.8,graph_0002,epoch_0002
trace,aodv,0.524336,0.524202,2371,2692,105,1114,1479,0.636111,0.032033,75.006608,360,229,31,56,0,456,1.272222,1114,53282,4.864629,232.672489,0.500000,4.285714,4.000000,5.000000,5.000000;5.000000;4.000000;4.000000;4.000000;4.000000;4.000000,12,0.869565,1,5.000000;5.000000;5.000000;5.000000;5.000000;5.000000,1.434180;nan;0.100773;0.111973;0.123173;1.297125,5.000000;5.000000;5.000000;5.000000;5.000000;5.000000,0,0,0,0,0,0,0,0,0,0,759,36432,149,7748,95,4560,98,4152,13,390,0,0,0,0,0,0,0,0,graph_0002__stability_0.8000,stability,0.8,graph_0002,epoch_0002
trace,static,0.196748,0.196731,865,669,105,0,0,0.455556,0.022992,72.643292,360,164,0,0,0,97,0.911111,0,0,0.000000,0.000000,0.500000,4.285714,4.000000,5.000000,5.000000;5.000000;4.000000;4.000000;4.000000;4.000000;4.000000,12,0.869565,1,5.000000;5.000000;5.000000;5.000000;5.000000;5.000000,0.154874;0.098279;0.109749;0.120949;0.132149;0.143349,5.000000;5.000000;5.000000;5.000000;5.000000;5.000000,0,0,0,0,0,0,0,0,0,0,0,0,0,0,0,0,0,0,0,0,0,0,0,0,0,0,0,0,graph_0002__stability_0.8000,stability,0.8,graph_0002,epoch_0002
trace,olsr,0.362438,0.362392,1319,1413,105,599,861,0.258333,0.012965,70.241976,360,93,30,0,0,405,0.516667,599,42416,6.440860,456.086022,0.500000,1.666667,2.000000,2.000000,2.000000;2.000000;2.000000;2.000000;2.000000;2.000000;2.000000;2.000000;2.000000;2.000000;2.000000;2.000000;1.000000;1.000000;1.000000;1.000000;1.000000;1.000000,34,0.916667,1,2.000000;2.000000;2.000000;2.000000;2.000000;2.000000;2.000000;2.000000;2.000000;2.000000;2.000000;2.000000;2.000000;1.000000;1.000000;1.000000;1.000000,0.033253;nan;0.061413;nan;nan;0.453054;nan;nan;0.145893;nan;0.010213;0.106213;nan;nan;nan;0.617909;nan,2.000000;2.000000;2.000000;2.000000;2.000000;2.000000;2.000000;2.000000;2.000000;2.000000;2.000000;2.000000;2.000000;1.000000;1.000000;1.000000;1.000000,350,21112,249,21304,0,0,0,0,0,0,0,0,0,0,0,0,0,0,0,0,0,0,0,0,0,0,0,0,graph_0001__stability_0.4000,stability,0.4,graph_0001,epoch_0001
trace,aodv,0.532786,0.532767,2449,2703,105,1140,1448,0.619444,0.031210,73.686177,360,223,27,56,0,509,1.238889,1140,54458,5.112108,244.206278,0.500000,1.666667,2.000000,2.000000,2.000000;2.000000;2.000000;2.000000;2.000000;2.000000;2.000000;2.000000;2.000000;2.000000;2.000000;2.000000;1.000000;1.000000;1.000000;1.000000;1.000000;1.000000,34,0.916667,1,2.000000;2.000000;2.000000;2.000000;2.000000;2.000000;2.000000;2.000000;2.000000;2.000000;2.000000;2.000000;2.000000;1.000000;1.000000;1.000000;1.000000,1.530908;1.459097;0.061413;1.495240;1.590114;0.021733;0.117733;1.574536;1.481804;0.078053;0.010213;nan;nan;nan;0.570052;0.117413;nan,2.000000;2.000000;2.000000;2.000000;2.000000;2.000000;2.000000;2.000000;2.000000;2.000000;2.000000;2.000000;2.000000;1.000000;1.000000;1.000000;1.000000,0,0,0,0,0,0,0,0,0,0,752,36096,157,8164,110,5280,108,4528,13,390,0,0,0,0,0,0,0,0,graph_0001__stability_0.4000,stability,0.4,graph_0001,epoch_0001
trace,static,0.192919,0.192902,841,630,105,0,0,0.413889,0.021246,72.325612,360,149,0,0,0,156,0.827778,0,0,0.000000,0.000000,0.500000,1.666667,2.000000,2.000000,2.000000;2.000000;2.000000;2.000000;2.000000;2.000000;2.000000;2.000000;2.000000;2.000000;2.000000;2.000000;1.000000;1.000000;1.000000;1.000000;1.000000;1.000000,34,0.916667,1,2.000000;2.000000;2.000000;2.000000;2.000000;2.000000;2.000000;2.000000;2.000000;2.000000;2.000000;2.000000;2.000000;1.000000;1.000000;1.000000;1.000000,0.042269;0.188774;0.070119;0.166389;0.098549;0.030709;0.126709;0.067845;0.154869;0.087029;0.018919;0.115189;0.064039;0.030119;0.160039;0.126389;nan,2.000000;2.000000;2.000000;2.000000;2.000000;2.000000;2.000000;2.000000;2.000000;2.000000;2.000000;2.000000;2.000000;1.000000;1.000000;1.000000;1.000000,0,0,0,0,0,0,0,0,0,0,0,0,0,0,0,0,0,0,0,0,0,0,0,0,0,0,0,0,graph_0001__stability_0.4000,stability,0.4,graph_0001,epoch_0001
trace,olsr,0.614312,0.614248,2117,2205,105,626,896,0.300000,0.015949,74.138190,360,108,21,0,0,607,0.600000,626,44584,5.796296,412.814815,0.500000,1.666667,2.000000,2.000000,2.000000;2.000000;2.000000;2.000000;2.000000;2.000000;2.000000;2.000000;2.000000;2.000000;2.000000;2.000000;1.000000;1.000000;1.000000;1.000000;1.000000;1.000000,34,0.916667,1,2.000000;2.000000;2.000000;2.000000;2.000000;2.000000;2.000000;2.000000;2.000000;2.000000;2.000000;2.000000;2.000000;1.000000;1.000000;1.000000;1.000000,0.033253;nan;0.061413;nan;nan;nan;nan;nan;0.329637;0.078053;1.219389;nan;0.055333;0.021413;0.151333;nan;nan,2.000000;2.000000;2.000000;2.000000;2.000000;2.000000;2.000000;2.000000;2.000000;2.000000;2.000000;2.000000;2.000000;1.000000;1.000000;1.000000;1.000000,346,21192,258,22160,0,0,0,0,22,1232,0,0,0,0,0,0,0,0,0,0,0,0,0,0,0,0,0,0,graph_0001__stability_0.4000,stability,0.4,graph_0001,epoch_0003
trace,aodv,0.542277,0.542214,2415,2659,105,1152,1460,0.597222,0.030101,74.323711,360,215,25,56,0,501,1.194444,1152,55108,5.358140,256.316279,0.500000,1.666667,2.000000,2.000000,2.000000;2.000000;2.000000;2.000000;2.000000;2.000000;2.000000;2.000000;2.000000;2.000000;2.000000;2.000000;1.000000;1.000000;1.000000;1.000000;1.000000;1.000000,34,0.916667,1,2.000000;2.000000;2.000000;2.000000;2.000000;2.000000;2.000000;2.000000;2.000000;2.000000;2.000000;2.000000;2.000000;1.000000;1.000000;1.000000;1.000000,1.552888;0.129253;0.061413;1.485720;1.579607;0.021733;0.117733;0.069607;1.488532;0.078053;0.030447;nan;nan;nan;0.575617;0.117413;nan,2.000000;2.000000;2.000000;2.000000;2.000000;2.000000;2.000000;2.000000;2.000000;2.000000;2.000000;2.000000;2.000000;1.000000;1.000000;1.000000;1.000000,0,0,0,0,0,0,0,0,0,0,753,36144,159,8268,123,5904,105,4432,12,360,0,0,0,0,0,0,0,0,graph_0001__stability_0.4000,stability,0.4,graph_0001,epoch_0003
trace,static,0.198863,0.198848,840,629,105,0,0,0.413889,0.021251,72.325627,360,149,0,0,0,154,0.827778,0,0,0.000000,0.000000,0.500000,1.666667,2.000000,2.000000,2.000000;2.000000;2.000000;2.000000;2.000000;2.000000;2.000000;2.000000;2.000000;2.000000;2.000000;2.000000;1.000000;1.000000;1.000000;1.000000;1.000000;1.000000,34,0.916667,1,2.000000;2.000000;2.000000;2.000000;2.000000;2.000000;2.000000;2.000000;2.000000;2.000000;2.000000;2.000000;2.000000;1.000000;1.000000;1.000000;1.000000,0.042269;0.185188;0.070119;0.166389;0.098549;0.030709;0.126709;0.058869;0.154869;0.087029;0.018919;0.115189;0.064039;0.030119;0.160039;0.126389;nan,2.000000;2.000000;2.000000;2.000000;2.000000;2.000000;2.000000;2.000000;2.000000;2.000000;2.000000;2.000000;2.000000;1.000000;1.000000;1.000000;1.000000,0,0,0,0,0,0,0,0,0,0,0,0,0,0,0,0,0,0,0,0,0,0,0,0,0,0,0,0,graph_0001__stability_0.4000,stability,0.4,graph_0001,epoch_0003
trace,olsr,0.421386,0.420991,1506,1613,105,606,879,0.405556,0.020354,76.428634,360,146,36,0,0,499,0.811111,606,43392,4.150685,297.205479,0.500000,1.666667,2.000000,2.000000,2.000000;2.000000;2.000000;2.000000;2.000000;2.000000;2.000000;2.000000;2.000000;2.000000;2.000000;2.000000;1.000000;1.000000;1.000000;1.000000;1.000000;1.000000,34,0.916667,1,2.000000;2.000000;2.000000;2.000000;2.000000;2.000000;2.000000;2.000000;2.000000;2.000000;2.000000;2.000000;2.000000;1.000000;1.000000;1.000000;1.000000,0.033253;nan;0.061413;nan;0.089573;nan;1.264613;0.049893;0.373334;1.224933;1.220709;nan;0.055333;0.021413;0.151333;0.117413;nan,2.000000;2.000000;2.000000;2.000000;2.000000;2.000000;2.000000;2.000000;2.000000;2.000000;2.000000;2.000000;2.000000;1.000000;1.000000;1.000000;1.000000,346,21108,260,22284,0,0,0,0,0,0,0,0,0,0,0,0,0,0,0,0,0,0,0,0,0,0,0,0,graph_0001__stability_0.4000,stability,0.4,graph_0001,epoch_0004
trace,aodv,0.548748,0.548072,2443,2717,105,1144,1465,0.641667,0.032337,72.343947,360,231,26,56,0,503,1.283333,1144,54672,4.952381,236.675325,0.500000,1.666667,2.000000,2.000000,2.000000;2.000000;2.000000;2.000000;2.000000;2.000000;2.000000;2.000000;2.000000;2.000000;2.000000;2.000000;1.000000;1.000000;1.000000;1.000000;1.000000;1.000000,34,0.916667,1,2.000000;2.000000;2.000000;2.000000;2.000000;2.000000;2.000000;2.000000;2.000000;2.000000;2.000000;2.000000;2.000000;1.000000;1.000000;1.000000;1.000000,1.542679;0.129253;0.061413;1.496760;1.582021;0.021733;0.117733;0.069615;1.489904;0.078053;0.010213;nan;nan;nan;0.573020;0.117413;nan,2.000000;2.000000;2.000000;2.000000;2.000000;2.000000;2.000000;2.000000;2.000000;2.000000;2.000000;2.000000;2.000000;1.000000;1.000000;1.000000;1.000000,0,0,0,0,0,0,0,0,0,0,754,36192,157,8164,116,5568,103,4328,14,420,0,0,0,0,0,0,0,0,graph_0001__stability_0.4000,stability,0.4,graph_0001,epoch_0004
trace,static,0.194783,0.194661,841,630,105,0,0,0.413889,0.021246,72.325659,360,149,0,0,0,156,0.827778,0,0,0.000000,0.000000,0.500000,1.666667,2.000000,2.000000,2.000000;2.000000;2.000000;2.000000;2.000000;2.000000;2.000000;2.000000;2.000000;2.000000;2.000000;2.000000;1.000000;1.000000;1.000000;1.000000;1.000000;1.000000,34,0.916667,1,2.000000;2.000000;2.000000;2.000000;2.000000;2.000000;2.000000;2.000000;2.000000;2.000000;2.000000;2.000000;2.000000;1.000000;1.000000;1.000000;1.000000,0.042269;0.194874;0.070119;0.166389;0.098549;0.030709;0.126709;0.067845;0.154869;0.087029;0.018919;0.115189;0.064039;0.030119;0.160039;0.126389;nan,2.000000;2.000000;2.000000;2.000000;2.000000;2.000000;2.000000;2.000000;2.000000;2.000000;2.000000;2.000000;2.000000;1.000000;1.000000;1.000000;1.000000,0,0,0,0,0,0,0,0,0,0,0,0,0,0,0,0,0,0,0,0,0,0,0,0,0,0,0,0,graph_0001__stability_0.4000,stability,0.4,graph_0001,epoch_0004
trace,olsr,0.515904,0.515885,1917,1993,105,625,902,0.313889,0.015755,72.746488,360,113,2,0,0,460,0.627778,625,44624,5.530973,394.902655,0.500000,1.666667,2.000000,2.000000,2.000000;2.000000;2.000000;2.000000;2.000000;2.000000;2.000000;2.000000;2.000000;2.000000;2.000000;2.000000;1.000000;1.000000;1.000000;1.000000;1.000000;1.000000,34,0.916667,1,2.000000;2.000000;2.000000;2.000000;2.000000;2.000000;2.000000;2.000000;2.000000;2.000000;2.000000;2.000000;2.000000;1.000000;1.000000;1.000000;1.000000,0.033253;nan;0.061413;nan;nan;1.561994;nan;nan;0.318789;0.078053;0.010213;0.106213;nan;nan;nan;0.290229;nan,2.000000;2.000000;2.000000;2.000000;2.000000;2.000000;2.000000;2.000000;2.000000;2.000000;2.000000;2.000000;2.000000;1.000000;1.000000;1.000000;1.000000,348,21176,261,22552,0,0,0,0,16,896,0,0,0,0,0,0,0,0,0,0,0,0,0,0,0,0,0,0,graph_0001__stability_0.4000,stability,0.4,graph_0001,epoch_0005
trace,aodv,0.512598,0.512557,2394,2634,105,1139,1442,0.597222,0.030599,74.137408,360,215,26,56,0,516,1.194444,1139,54632,5.297674,254.102326,0.500000,1.666667,2.000000,2.000000,2.000000;2.000000;2.000000;2.000000;2.000000;2.000000;2.000000;2.000000;2.000000;2.000000;2.000000;2.000000;1.000000;1.000000;1.000000;1.000000;1.000000;1.000000,34,0.916667,1,2.000000;2.000000;2.000000;2.000000;2.000000;2.000000;2.000000;2.000000;2.000000;2.000000;2.000000;2.000000;2.000000;1.000000;1.000000;1.000000;1.000000,1.535018;1.464942;0.061413;1.491450;1.576063;0.021733;0.117733;0.071459;1.483168;0.078053;0.035287;nan;nan;nan;0.579232;0.117413;nan,2.000000;2.000000;2.000000;2.000000;2.000000;2.000000;2.000000;2.000000;2.000000;2.000000;2.000000;2.000000;2.000000;1.000000;1.000000;1.000000;1.000000,0,0,0,0,0,0,0,0,0,0,743,35664,173,8996,123,5904,86,3648,14,420,0,0,0,0,0,0,0,0,graph_0001__stability_0.4000,stability,0.4,graph_0001,epoch_0005
trace,static,0.188019,0.188016,840,629,105,0,0,0.413889,0.021248,72.325626,360,149,0,0,0,154,0.827778,0,0,0.000000,0.000000,0.500000,1.666667,2.000000,2.000000,2.000000;2.000000;2.000000;2.000000;2.000000;2.000000;2.000000;2.000000;2.000000;2.000000;2.000000;2.000000;1.000000;1.000000;1.000000;1.000000;1.000000;1.000000,34,0.916667,1,2.000000;2.000000;2.000000;2.000000;2.000000;2.000000;2.000000;2.000000;2.000000;2.000000;2.000000;2.000000;2.000000;1.000000;1.000000;1.000000;1.000000,0.042269;0.193014;0.070119;0.166389;0.098549;0.030709;0.126709;0.058869;0.154869;0.087029;0.018919;0.115189;0.064039;0.030119;0.160039;0.126389;nan,2.000000;2.000000;2.000000;2.000000;2.000000;2.000000;2.000000;2.000000;2.000000;2.000000;2.000000;2.000000;2.000000;1.000000;1.000000;1.000000;1.000000,0,0,0,0,0,0,0,0,0,0,0,0,0,0,0,0,0,0,0,0,0,0,0,0,0,0,0,0,graph_0001__stability_0.4000,stability,0.4,graph_0001,epoch_0005
trace,olsr,0.370424,0.370312,1339,1442,105,598,878,0.275000,0.013803,71.055427,360,99,21,0,0,377,0.550000,598,43584,6.040404,440.242424,0.500000,1.666667,2.000000,2.000000,2.000000;2.000000;2.000000;2.000000;2.000000;2.000000;2.000000;2.000000;2.000000;2.000000;2.000000;2.000000;1.000000;1.000000;1.000000;1.000000;1.000000;1.000000,34,0.916667,1,2.000000;2.000000;2.000000;2.000000;2.000000;2.000000;2.000000;2.000000;2.000000;2.000000;2.000000;2.000000;2.000000;1.000000;1.000000;1.000000;1.000000,0.033253;nan;0.061413;nan;nan;0.652734;nan;nan;0.145893;nan;0.010213;0.106213;nan;nan;nan;0.281253;nan,2.000000;2.000000;2.000000;2.000000;2.000000;2.000000;2.000000;2.000000;2.000000;2.000000;2.000000;2.000000;2.000000;1.000000;1.000000;1.000000;1.000000,347,21184,251,22400,0,0,0,0,0,0,0,0,0,0,0,0,0,0,0,0,0,0,0,0,0,0,0,0,graph_0001__stability_0.4000,stability,0.4,graph_0001,epoch_0002
trace,aodv,0.481327,0.481270,2270,2533,105,1097,1400,0.536111,0.027017,72.184803,360,193,15,112,0,401,1.072222,1097,52628,5.683938,272.683938,0.500000,1.666667,2.000000,2.000000,2.000000;2.000000;2.000000;2.000000;2.000000;2.000000;2.000000;2.000000;2.000000;2.000000;2.000000;2.000000;1.000000;1.000000;1.000000;1.000000;1.000000;1.000000,34,0.916667,1,2.000000;2.000000;2.000000;2.000000;2.000000;2.000000;2.000000;2.000000;2.000000;2.000000;2.000000;2.000000;2.000000;1.000000;1.000000;1.000000;1.000000,1.536217;0.129253;0.061413;1.500536;1.749413;nan;nan;0.049893;1.485572;0.078053;0.037383;nan;nan;nan;0.584516;0.117413;nan,2.000000;2.000000;2.000000;2.000000;2.000000;2.000000;2.000000;2.000000;2.000000;2.000000;2.000000;2.000000;2.000000;1.000000;1.000000;1.000000;1.000000,0,0,0,0,0,0,0,0,0,0,763,36624,145,7540,98,4704,79,3400,12,360,0,0,0,0,0,0,0,0,graph_0001__stability_0.4000,stability,0.4,graph_0001,epoch_0002
trace,static,0.191768,0.191730,843,633,105,0,0,0.416667,0.021391,72.341800,360,150,0,0,0,155,0.833333,0,0,0.000000,0.000000,0.500000,1.666667,2.000000,2.000000,2.000000;2.000000;2.000000;2.000000;2.000000;2.000000;2.000000;2.000000;2.000000;2.000000;2.000000;2.000000;1.000000;1.000000;1.000000;1.000000;1.000000;1.000000,34,0.916667,1,2.000000;2.000000;2.000000;2.000000;2.000000;2.000000;2.000000;2.000000;2.000000;2.000000;2.000000;2.000000;2.000000;1.000000;1.000000;1.000000;1.000000,0.042269;0.187594;0.070119;0.166389;0.098549;0.030709;0.126709;0.059029;0.154869;0.087029;0.018919;0.115189;0.064039;0.030119;0.160039;0.126389;nan,2.000000;2.000000;2.000000;2.000000;2.000000;2.000000;2.000000;2.000000;2.000000;2.000000;2.000000;2.000000;2.000000;1.000000;1.000000;1.000000;1.000000,0,0,0,0,0,0,0,0,0,0,0,0,0,0,0,0,0,0,0,0,0,0,0,0,0,0,0,0,graph_0001__stability_0.4000,stability,0.4,graph_0001,epoch_0002
trace,olsr,0.478011,0.477945,1656,1868,105,634,1019,0.450000,0.022586,76.226731,360,162,0,0,0,535,0.900000,634,47736,3.913580,294.666667,0.500000,1.250000,1.000000,2.000000,2.000000;2.000000;2.000000;2.000000;2.000000;2.000000;1.000000;1.000000;1.000000;1.000000;1.000000;1.000000;1.000000;1.000000;1.000000;1.000000;1.000000;1.000000;1.000000;1.000000;1.000000;1.000000;1.000000;1.000000,46,0.833333,1,2.000000;2.000000;2.000000;2.000000;2.000000;2.000000;2.000000;1.000000;1.000000;1.000000;1.000000;1.000000;1.000000;1.000000;1.000000;1.000000;1.000000;1.000000;1.000000;1.000000;1.000000;1.000000;1.000000,0.033253;0.301999;nan;0.157413;0.089573;nan;0.135576;0.100773;nan;nan;nan;0.128933;0.095013;nan;0.027173;0.212561;0.123173;0.089253;0.228149;0.021413;nan;nan;nan,2.000000;2.000000;2.000000;2.000000;2.000000;2.000000;2.000000;1.000000;1.000000;1.000000;1.000000;1.000000;1.000000;1.000000;1.000000;1.000000;1.000000;1.000000;1.000000;1.000000;1.000000;1.000000;1.000000,334,20728,300,27008,0,0,0,0,0,0,0,0,0,0,0,0,0,0,0,0,0,0,0,0,0,0,0,0,graph_0002__stability_0.2000,stability,0.2,graph_0002,epoch_0001
trace,aodv,0.652526,0.652491,2729,3099,105,1190,1609,0.852778,0.042971,74.949448,360,307,4,0,0,753,1.705556,1190,57272,3.876221,186.553746,0.500000,1.250000,1.000000,2.000000,2.000000;2.000000;2.000000;2.000000;2.000000;2.000000;1.000000;1.000000;1.000000;1.000000;1.000000;1.000000;1.000000;1.000000;1.000000;1.000000;1.000000;1.000000;1.000000;1.000000;1.000000;1.000000;1.000000;1.000000,46,0.833333,1,2.000000;2.000000;2.000000;2.000000;2.000000;2.000000;2.000000;1.000000;1.000000;1.000000;1.000000;1.000000;1.000000;1.000000;1.000000;1.000000;1.000000;1.000000;1.000000;1.000000;1.000000;1.000000;1.000000,1.529180;0.129253;1.401504;1.489342;1.428290;0.021733;nan;0.100773;0.072719;0.032933;0.162853;0.128933;0.095013;0.061093;0.027173;0.157093;0.131751;0.089253;0.055333;0.021413;0.151333;0.117413;nan,2.000000;2.000000;2.000000;2.000000;2.000000;2.000000;2.000000;1.000000;1.000000;1.000000;1.000000;1.000000;1.000000;1.000000;1.000000;1.000000;1.000000;1.000000;1.000000;1.000000;1.000000;1.000000;1.000000,0,0,0,0,0,0,0,0,0,0,735,35280,194,10088,175,8400,66,2904,20,600,0,0,0,0,0,0,0,0,graph_0002__stability_0.2000,stability,0.2,graph_0002,epoch_0001
trace,static,0.190557,0.190544,814,595,105,0,0,0.391667,0.020106,72.512264,360,141,0,0,0,193,0.783333,0,0,0.000000,0.000000,0.500000,1.250000,1.000000,2.000000,2.000000;2.000000;2.000000;2.000000;2.000000;2.000000;1.000000;1.000000;1.000000;1.000000;1.000000;1.000000;1.000000;1.000000;1.000000;1.000000;1.000000;1.000000;1.000000;1.000000;1.000000;1.000000;1.000000;1.000000,46,0.833333,1,2.000000;2.000000;2.000000;2.000000;2.000000;2.000000;2.000000;1.000000;1.000000;1.000000;1.000000;1.000000;1.000000;1.000000;1.000000;1.000000;1.000000;1.000000;1.000000;1.000000;1.000000;1.000000;1.000000,0.042229;0.187488;0.070389;0.166389;0.098549;0.030709;0.143689;0.109749;0.075829;0.041909;0.171829;0.137909;0.103989;0.070149;0.036149;0.166069;0.131879;0.098229;0.064309;0.030389;0.160309;0.126389;nan,2.000000;2.000000;2.000000;2.000000;2.000000;2.000000;2.000000;1.000000;1.000000;1.000000;1.000000;1.000000;1.000000;1.000000;1.000000;1.000000;1.000000;1.000000;1.000000;1.000000;1.000000;1.000000;1.000000,0,0,0,0,0,0,0,0,0,0,0,0,0,0,0,0,0,0,0,0,0,0,0,0,0,0,0,0,graph_0002__stability_0.2000,stability,0.2,graph_0002,epoch_0001
trace,olsr,0.425140,0.425117,1519,1738,105,619,973,0.419444,0.021530,75.935701,360,151,43,0,0,473,0.838889,619,47444,4.099338,314.198675,0.500000,1.250000,1.000000,2.000000,2.000000;2.000000;2.000000;2.000000;2.000000;2.000000;1.000000;1.000000;1.000000;1.000000;1.000000;1.000000;1.000000;1.000000;1.000000;1.000000;1.000000;1.000000;1.000000;1.000000;1.000000;1.000000;1.000000;1.000000,46,0.833333,1,2.000000;2.000000;2.000000;2.000000;2.000000;2.000000;2.000000;1.000000;1.000000;1.000000;1.000000;1.000000;1.000000;1.000000;1.000000;1.000000;1.000000;1.000000;1.000000;1.000000;1.000000;1.000000;1.000000,0.033253;0.301999;0.234229;0.157413;0.089573;nan;0.193041;nan;0.066853;0.032933;0.162853;nan;nan;nan;0.354853;0.484773;0.123173;0.089253;0.251257;0.021413;0.151333;0.117413;nan,2.000000;2.000000;2.000000;2.000000;2.000000;2.000000;2.000000;1.000000;1.000000;1.000000;1.000000;1.000000;1.000000;1.000000;1.000000;1.000000;1.000000;1.000000;1.000000;1.000000;1.000000;1.000000;1.000000,335,20812,284,26632,0,0,0,0,0,0,0,0,0,0,0,0,0,0,0,0,0,0,0,0,0,0,0,0,graph_0002__stability_0.2000,stability,0.2,graph_0002,epoch_0003
trace,aodv,0.600820,0.600634,2567,2959,105,1169,1623,0.755556,0.038073,76.476050,360,272,26,0,0,628,1.511111,1169,56100,4.297794,206.250000,0.500000,1.250000,1.000000,2.000000,2.000000;2.000000;2.000000;2.000000;2.000000;2.000000;1.000000;1.000000;1.000000;1.000000;1.000000;1.000000;1.000000;1.000000;1.000000;1.000000;1.000000;1.000000;1.000000;1.000000;1.000000;1.000000;1.000000;1.000000,46,0.833333,1,2.000000;2.000000;2.000000;2.000000;2.000000;2.000000;2.000000;1.000000;1.000000;1.000000;1.000000;1.000000;1.000000;1.000000;1.000000;1.000000;1.000000;1.000000;1.000000;1.000000;1.000000;1.000000;1.000000,1.519060;nan;0.061413;1.489980;1.422640;nan;0.134693;0.100773;0.066853;0.032933;0.162853;0.128933;0.095013;0.061093;0.027173;0.157093;0.290611;0.089253;0.077524;0.021413;0.151333;0.117413;nan,2.000000;2.000000;2.000000;2.000000;2.000000;2.000000;2.000000;1.000000;1.000000;1.000000;1.000000;1.000000;1.000000;1.000000;1.000000;1.000000;1.000000;1.000000;1.000000;1.000000;1.000000;1.000000;1.000000,0,0,0,0,0,0,0,0,0,0,739,35472,186,9672,143,6864,83,3552,18,540,0,0,0,0,0,0,0,0,graph_0002__stability_0.2000,stability,0.2,graph_0002,epoch_0003
trace,static,0.190902,0.190872,812,592,105,0,0,0.388889,0.019962,72.496251,360,140,0,0,0,193,0.777778,0,0,0.000000,0.000000,0.500000,1.250000,1.000000,2.000000,2.000000;2.000000;2.000000;2.000000;2.000000;2.000000;1.000000;1.000000;1.000000;1.000000;1.000000;1.000000;1.000000;1.000000;1.000000;1.000000;1.000000;1.000000;1.000000;1.000000;1.000000;1.000000;1.000000;1.000000,46,0.833333,1,2.000000;2.000000;2.000000;2.000000;2.000000;2.000000;2.000000;1.000000;1.000000;1.000000;1.000000;1.000000;1.000000;1.000000;1.000000;1.000000;1.000000;1.000000;1.000000;1.000000;1.000000;1.000000;1.000000,0.042229;0.195574;0.070389;0.166389;0.098549;0.030709;0.143689;0.109749;0.075829;0.041909;0.171829;0.137909;0.103989;0.070149;0.036149;0.166069;0.131879;0.098229;0.064309;0.030389;0.160309;0.126389;nan,2.000000;2.000000;2.000000;2.000000;2.000000;2.000000;2.000000;1.000000;1.000000;1.000000;1.000000;1.000000;1.000000;1.000000;1.000000;1.000000;1.000000;1.000000;1.000000;1.000000;1.000000;1.000000;1.000000,0,0,0,0,0,0,0,0,0,0,0,0,0,0,0,0,0,0,0,0,0,0,0,0,0,0,0,0,graph_0002__stability_0.2000,stability,0.2,graph_0002,epoch_0003
trace,olsr,0.530135,0.530026,1879,2108,105,654,1054,0.519444,0.026666,76.459736,360,187,0,0,0,548,1.038889,654,49536,3.497326,264.898396,0.500000,1.250000,1.000000,2.000000,2.000000;2.000000;2.000000;2.000000;2.000000;2.000000;1.000000;1.000000;1.000000;1.000000;1.000000;1.000000;1.000000;1.000000;1.000000;1.000000;1.000000;1.000000;1.000000;1.000000;1.000000;1.000000;1.000000;1.000000,46,0.833333,1,2.000000;2.000000;2.000000;2.000000;2.000000;2.000000;2.000000;1.000000;1.000000;1.000000;1.000000;1.000000;1.000000;1.000000;1.000000;1.000000;1.000000;1.000000;1.000000;1.000000;1.000000;1.000000;1.000000,0.033253;0.301999;0.234229;0.157413;0.089573;nan;0.134693;0.100773;0.066853;0.032933;0.162853;nan;nan;nan;0.027173;0.213993;0.123173;0.089253;0.228149;0.021413;0.151333;0.117413;nan,2.000000;2.000000;2.000000;2.000000;2.000000;2.000000;2.000000;1.000000;1.000000;1.000000;1.000000;1.000000;1.000000;1.000000;1.000000;1.000000;1.000000;1.000000;1.000000;1.000000;1.000000;1.000000;1.000000,334,20656,316,28656,0,0,0,0,4,224,0,0,0,0,0,0,0,0,0,0,0,0,0,0,0,0,0,0,graph_0002__stability_0.2000,stability,0.2,graph_0002,epoch_0004
trace,aodv,0.643257,0.643101,2720,3120,105,1184,1632,0.852778,0.042964,74.925839,360,307,5,0,0,728,1.705556,1184,56924,3.856678,185.420195,0.500000,1.250000,1.000000,2.000000,2.000000;2.000000;2.000000;2.000000;2.000000;2.000000;1.000000;1.000000;1.000000;1.000000;1.000000;1.000000;1.000000;1.000000;1.000000;1.000000;1.000000;1.000000;1.000000;1.000000;1.000000;1.000000;1.000000;1.000000,46,0.833333,1,2.000000;2.000000;2.000000;2.000000;2.000000;2.000000;2.000000;1.000000;1.000000;1.000000;1.000000;1.000000;1.000000;1.000000;1.000000;1.000000;1.000000;1.000000;1.000000;1.000000;1.000000;1.000000;1.000000,1.525100;0.129253;1.394248;1.495597;1.420825;0.021733;nan;0.100773;0.071719;0.032933;0.162853;0.128933;0.095013;0.061093;0.027173;0.157093;0.135085;0.089253;0.055333;0.021413;0.151333;0.117413;nan,2.000000;2.000000;2.000000;2.000000;2.000000;2.000000;2.000000;1.000000;1.000000;1.000000;1.000000;1.000000;1.000000;1.000000;1.000000;1.000000;1.000000;1.000000;1.000000;1.000000;1.000000;1.000000;1.000000,0,0,0,0,0,0,0,0,0,0,736,35328,189,9828,168,8064,71,3104,20,600,0,0,0,0,0,0,0,0,graph_0002__stability_0.2000,stability,0.2,graph_0002,epoch_0004
trace,static,0.188811,0.188788,814,595,105,0,0,0.391667,0.020107,72.512364,360,141,0,0,0,196,0.783333,0,0,0.000000,0.000000,0.500000,1.250000,1.000000,2.000000,2.000000;2.000000;2.000000;2.000000;2.000000;2.000000;1.000000;1.000000;1.000000;1.000000;1.000000;1.000000;1.000000;1.000000;1.000000;1.000000;1.000000;1.000000;1.000000;1.000000;1.000000;1.000000;1.000000;1.000000,46,0.833333,1,2.000000;2.000000;2.000000;2.000000;2.000000;2.000000;2.000000;1.000000;1.000000;1.000000;1.000000;1.000000;1.000000;1.000000;1.000000;1.000000;1.000000;1.000000;1.000000;1.000000;1.000000;1.000000;1.000000,0.042229;0.202054;0.070389;0.166389;0.098549;0.030709;0.143689;0.109749;0.075829;0.041909;0.171829;0.137909;0.103989;0.070149;0.036149;0.166069;0.131879;0.098229;0.064309;0.030389;0.160309;0.126389;nan,2.000000;2.000000;2.000000;2.000000;2.000000;2.000000;2.000000;1.000000;1.000000;1.000000;1.000000;1.000000;1.000000;1.000000;1.000000;1.000000;1.000000;1.000000;1.000000;1.000000;1.000000;1.000000;1.000000,0,0,0,0,0,0,0,0,0,0,0,0,0,0,0,0,0,0,0,0,0,0,0,0,0,0,0,0,graph_0002__stability_0.2000,stability,0.2,graph_0002,epoch_0004
trace,olsr,0.384797,0.384681,1349,1562,105,632,1005,0.291667,0.014641,75.140642,360,105,0,0,0,399,0.583333,632,47712,6.019048,454.400000,0.500000,1.250000,1.000000,2.000000,2.000000;2.000000;2.000000;2.000000;2.000000;2.000000;1.000000;1.000000;1.000000;1.000000;1.000000;1.000000;1.000000;1.000000;1.000000;1.000000;1.000000;1.000000;1.000000;1.000000;1.000000;1.000000;1.000000;1.000000,46,0.833333,1,2.000000;2.000000;2.000000;2.000000;2.000000;2.000000;2.000000;1.000000;1.000000;1.000000;1.000000;1.000000;1.000000;1.000000;1.000000;1.000000;1.000000;1.000000;1.000000;1.000000;1.000000;1.000000;1.000000,0.033253;0.301999;0.234229;nan;nan;nan;nan;nan;nan;nan;nan;0.128933;0.095013;0.061093;nan;0.157093;nan;nan;0.055333;0.021413;nan;nan;nan,2.000000;2.000000;2.000000;2.000000;2.000000;2.000000;2.000000;1.000000;1.000000;1.000000;1.000000;1.000000;1.000000;1.000000;1.000000;1.000000;1.000000;1.000000;1.000000;1.000000;1.000000;1.000000;1.000000,332,20480,300,27232,0,0,0,0,0,0,0,0,0,0,0,0,0,0,0,0,0,0,0,0,0,0,0,0,graph_0002__stability_0.2000,stability,0.2,graph_0002,epoch_0005
trace,aodv,0.635778,0.635709,2727,3120,105,1214,1648,0.813889,0.041022,74.494649,360,293,26,0,0,702,1.627778,1214,58244,4.143345,198.784983,0.500000,1.250000,1.000000,2.000000,2.000000;2.000000;2.000000;2.000000;2.000000;2.000000;1.000000;1.000000;1.000000;1.000000;1.000000;1.000000;1.000000;1.000000;1.000000;1.000000;1.000000;1.000000;1.000000;1.000000;1.000000;1.000000;1.000000;1.000000,46,0.833333,1,2.000000;2.000000;2.000000;2.000000;2.000000;2.000000;2.000000;1.000000;1.000000;1.000000;1.000000;1.000000;1.000000;1.000000;1.000000;1.000000;1.000000;1.000000;1.000000;1.000000;1.000000;1.000000;1.000000,1.530000;1.626305;1.399208;1.495840;1.418124;nan;0.134693;0.123584;0.066853;0.032933;0.162853;0.295920;0.095013;0.061093;0.027173;0.157093;0.297887;0.089253;0.055333;0.021413;0.151333;0.117413;nan,2.000000;2.000000;2.000000;2.000000;2.000000;2.000000;2.000000;1.000000;1.000000;1.000000;1.000000;1.000000;1.000000;1.000000;1.000000;1.000000;1.000000;1.000000;1.000000;1.000000;1.000000;1.000000;1.000000,0,0,0,0,0,0,0,0,0,0,736,35328,198,10296,165,7920,97,4160,18,540,0,0,0,0,0,0,0,0,graph_0002__stability_0.2000,stability,0.2,graph_0002,epoch_0005
trace,static,0.189496,0.189489,814,595,105,0,0,0.391667,0.020109,72.512305,360,141,0,0,0,195,0.783333,0,0,0.000000,0.000000,0.500000,1.250000,1.000000,2.000000,2.000000;2.000000;2.000000;2.000000;2.000000;2.000000;1.000000;1.000000;1.000000;1.000000;1.000000;1.000000;1.000000;1.000000;1.000000;1.000000;1.000000;1.000000;1.000000;1.000000;1.000000;1.000000;1.000000;1.000000,46,0.833333,1,2.000000;2.000000;2.000000;2.000000;2.000000;2.000000;2.000000;1.000000;1.000000;1.000000;1.000000;1.000000;1.000000;1.000000;1.000000;1.000000;1.000000;1.000000;1.000000;1.000000;1.000000;1.000000;1.000000,0.042229;0.187522;0.070389;0.166389;0.098549;0.030709;0.143689;0.109749;0.075829;0.041909;0.171829;0.137909;0.103989;0.070149;0.036149;0.166069;0.131879;0.098229;0.064309;0.030389;0.160309;0.126389;nan,2.000000;2.000000;2.000000;2.000000;2.000000;2.000000;2.000000;1.000000;1.000000;1.000000;1.000000;1.000000;1.000000;1.000000;1.000000;1.000000;1.000000;1.000000;1.000000;1.000000;1.000000;1.000000;1.000000,0,0,0,0,0,0,0,0,0,0,0,0,0,0,0,0,0,0,0,0,0,0,0,0,0,0,0,0,graph_0002__stability_0.2000,stability,0.2,graph_0002,epoch_0005
trace,olsr,0.645042,0.644988,2308,2508,105,648,1010,0.419444,0.021532,76.056628,360,151,11,0,0,516,0.838889,648,48064,4.291391,318.304636,0.500000,1.250000,1.000000,2.000000,2.000000;2.000000;2.000000;2.000000;2.000000;2.000000;1.000000;1.000000;1.000000;1.000000;1.000000;1.000000;1.000000;1.000000;1.000000;1.000000;1.000000;1.000000;1.000000;1.000000;1.000000;1.000000;1.000000;1.000000,46,0.833333,1,2.000000;2.000000;2.000000;2.000000;2.000000;2.000000;2.000000;1.000000;1.000000;1.000000;1.000000;1.000000;1.000000;1.000000;1.000000;1.000000;1.000000;1.000000;1.000000;1.000000;1.000000;1.000000;1.000000,0.033253;0.301999;0.234229;nan;0.089573;nan;0.134693;0.100773;0.066853;0.032933;0.162853;nan;nan;nan;0.027173;0.321133;0.450853;0.089253;0.228149;0.021413;0.151333;0.117413;nan,2.000000;2.000000;2.000000;2.000000;2.000000;2.000000;2.000000;1.000000;1.000000;1.000000;1.000000;1.000000;1.000000;1.000000;1.000000;1.000000;1.000000;1.000000;1.000000;1.000000;1.000000;1.000000;1.000000,339,20952,287,25880,0,0,0,0,22,1232,0,0,0,0,0,0,0,0,0,0,0,0,0,0,0,0,0,0,graph_0002__stability_0.2000,stability,0.2,graph_0002,epoch_0002
trace,aodv,0.627172,0.626993,2707,3061,105,1229,1636,0.780556,0.039331,76.353585,360,281,26,0,0,646,1.561111,1229,58858,4.373665,209.459075,0.500000,1.250000,1.000000,2.000000,2.000000;2.000000;2.000000;2.000000;2.000000;2.000000;1.000000;1.000000;1.000000;1.000000;1.000000;1.000000;1.000000;1.000000;1.000000;1.000000;1.000000;1.000000;1.000000;1.000000;1.000000;1.000000;1.000000;1.000000,46,0.833333,1,2.000000;2.000000;2.000000;2.000000;2.000000;2.000000;2.000000;1.000000;1.000000;1.000000;1.000000;1.000000;1.000000;1.000000;1.000000;1.000000;1.000000;1.000000;1.000000;1.000000;1.000000;1.000000;1.000000,1.557137;1.458420;1.402986;1.494593;1.425540;nan;0.134693;0.112323;0.075819;0.032933;0.162853;0.128933;0.095013;0.061093;0.027173;0.157093;0.132967;0.089253;0.055333;0.021413;0.151333;0.117413;nan,2.000000;2.000000;2.000000;2.000000;2.000000;2.000000;2.000000;1.000000;1.000000;1.000000;1.000000;1.000000;1.000000;1.000000;1.000000;1.000000;1.000000;1.000000;1.000000;1.000000;1.000000;1.000000;1.000000,0,0,0,0,0,0,0,0,0,0,732,35136,204,10608,167,8016,103,4408,23,690,0,0,0,0,0,0,0,0,graph_0002__stability_0.2000,stability,0.2,graph_0002,epoch_0002
trace,static,0.191685,0.191677,814,595,105,0,0,0.391667,0.020106,72.512265,360,141,0,0,0,196,0.783333,0,0,0.000000,0.000000,0.500000,1.250000,1.000000,2.000000,2.000000;2.000000;2.000000;2.000000;2.000000;2.000000;1.000000;1.000000;1.000000;1.000000;1.000000;1.000000;1.000000;1.000000;1.000000;1.000000;1.000000;1.000000;1.000000;1.000000;1.000000;1.000000;1.000000;1.000000,46,0.833333,1,2.000000;2.000000;2.000000;2.000000;2.000000;2.000000;2.000000;1.000000;1.000000;1.000000;1.000000;1.000000;1.000000;1.000000;1.000000;1.000000;1.000000;1.000000;1.000000;1.000000;1.000000;1.000000;1.000000,0.042229;0.189634;0.070389;0.166389;0.098549;0.030709;0.143689;0.109749;0.075829;0.041909;0.171829;0.137909;0.103989;0.070149;0.036149;0.166069;0.131879;0.098229;0.064309;0.030389;0.160309;0.126389;nan,2.000000;2.000000;2.000000;2.000000;2.000000;2.000000;2.000000;1.000000;1.000000;1.000000;1.000000;1.000000;1.000000;1.000000;1.000000;1.000000;1.000000;1.000000;1.000000;1.000000;1.000000;1.000000;1.000000,0,0,0,0,0,0,0,0,0,0,0,0,0,0,0,0,0,0,0,0,0,0,0,0,0,0,0,0,graph_0002__stability_0.2000,stability,0.2,graph_0002,epoch_0002
trace,olsr,0.505343,0.505315,1730,2082,105,706,1263,0.400000,0.021263,68.135401,360,144,0,0,0,543,0.800000,706,60520,4.902778,420.277778,0.500000,1.250000,1.000000,2.000000,2.000000;2.000000;2.000000;2.000000;2.000000;2.000000;1.000000;1.000000;1.000000;1.000000;1.000000;1.000000;1.000000;1.000000;1.000000;1.000000;1.000000;1.000000;1.000000;1.000000;1.000000;1.000000;1.000000;1.000000,46,1.000000,1,2.000000;2.000000;2.000000;2.000000;2.000000;2.000000;2.000000;1.000000;1.000000;1.000000;1.000000;1.000000;1.000000;1.000000;1.000000;1.000000;1.000000;1.000000;1.000000;1.000000;1.000000;1.000000;1.000000,0.033253;0.129253;0.061413;1.238853;nan;0.021733;0.134693;0.100773;nan;nan;0.226423;nan;nan;0.061093;0.527399;0.157093;nan;nan;nan;0.244781;0.151333;nan;nan,2.000000;2.000000;2.000000;2.000000;2.000000;2.000000;2.000000;1.000000;1.000000;1.000000;1.000000;1.000000;1.000000;1.000000;1.000000;1.000000;1.000000;1.000000;1.000000;1.000000;1.000000;1.000000;1.000000,308,20040,398,40480,0,0,0,0,0,0,0,0,0,0,0,0,0,0,0,0,0,0,0,0,0,0,0,0,graph_0005__stability_0.2000,stability,0.2,graph_0005,epoch_0001
trace,aodv,0.657164,0.657000,2683,3276,105,1202,1850,0.838889,0.042272,75.778013,360,302,3,0,0,713,1.677778,1202,57784,3.980132,191.337748,0.500000,1.250000,1.000000,2.000000,2.000000;2.000000;2.000000;2.000000;2.000000;2.000000;1.000000;1.000000;1.000000;1.000000;1.000000;1.000000;1.000000;1.000000;1.000000;1.000000;1.000000;1.000000;1.000000;1.000000;1.000000;1.000000;1.000000;1.000000,46,1.000000,1,2.000000;2.000000;2.000000;2.000000;2.000000;2.000000;2.000000;1.000000;1.000000;1.000000;1.000000;1.000000;1.000000;1.000000;1.000000;1.000000;1.000000;1.000000;1.000000;1.000000;1.000000;1.000000;1.000000,0.033253;1.447300;0.061413;0.157413;1.424655;0.032323;0.134693;0.100773;0.066853;nan;0.519764;0.128933;0.095013;0.089532;0.027173;0.157093;0.123173;0.089253;0.055333;0.021413;0.151333;0.117413;nan,2.000000;2.000000;2.000000;2.000000;2.000000;2.000000;2.000000;1.000000;1.000000;1.000000;1.000000;1.000000;1.000000;1.000000;1.000000;1.000000;1.000000;1.000000;1.000000;1.000000;1.000000;1.000000;1.000000,0,0,0,0,0,0,0,0,0,0,744,35712,188,9776,185,8880,69,2936,16,480,0,0,0,0,0,0,0,0,graph_0005__stability_0.2000,stability,0.2,graph_0005,epoch_0001
trace,static,0.190917,0.190902,816,597,105,0,0,0.391667,0.020107,72.449523,360,141,0,0,0,197,0.783333,0,0,0.000000,0.000000,0.500000,1.250000,1.000000,2.000000,2.000000;2.000000;2.000000;2.000000;2.000000;2.000000;1.000000;1.000000;1.000000;1.000000;1.000000;1.000000;1.000000;1.000000;1.000000;1.000000;1.000000;1.000000;1.000000;1.000000;1.000000;1.000000;1.000000;1.000000,46,1.000000,1,2.000000;2.000000;2.000000;2.000000;2.000000;2.000000;2.000000;1.000000;1.000000;1.000000;1.000000;1.000000;1.000000;1.000000;1.000000;1.000000;1.000000;1.000000;1.000000;1.000000;1.000000;1.000000;1.000000,0.042269;0.137959;0.070389;0.224134;0.098549;0.030709;0.143399;0.109749;0.075829;0.041909;0.171829;0.137909;0.103989;0.070069;0.036149;0.166069;0.132149;0.098229;0.064329;0.030389;0.160309;0.126119;nan,2.000000;2.000000;2.000000;2.000000;2.000000;2.000000;2.000000;1.000000;1.000000;1.000000;1.000000;1.000000;1.000000;1.000000;1.000000;1.000000;1.000000;1.000000;1.000000;1.000000;1.000000;1.000000;1.000000,0,0,0,0,0,0,0,0,0,0,0,0,0,0,0,0,0,0,0,0,0,0,0,0,0,0,0,0,graph_0005__stability_0.2000,stability,0.2,graph_0005,epoch_0001
trace,olsr,0.629346,0.629203,2167,2499,105,725,1270,0.375000,0.018820,77.212193,360,135,0,0,0,567,0.750000,725,60664,5.370370,449.362963,0.500000,1.250000,1.000000,2.000000,2.000000;2.000000;2.000000;2.000000;2.000000;2.000000;1.000000;1.000000;1.000000;1.000000;1.000000;1.000000;1.000000;1.000000;1.000000;1.000000;1.000000;1.000000;1.000000;1.000000;1.000000;1.000000;1.000000;1.000000,46,1.000000,1,2.000000;2.000000;2.000000;2.000000;2.000000;2.000000;2.000000;1.000000;1.000000;1.000000;1.000000;1.000000;1.000000;1.000000;1.000000;1.000000;1.000000;1.000000;1.000000;1.000000;1.000000;1.000000;1.000000,0.231813;1.284839;0.061413;1.236873;nan;0.021733;nan;nan;nan;nan;0.326693;0.128933;0.117269;nan;0.027173;0.157093;nan;nan;0.227879;0.021413;0.496695;0.117413;nan,2.000000;2.000000;2.000000;2.000000;2.000000;2.000000;2.000000;1.000000;1.000000;1.000000;1.000000;1.000000;1.000000;1.000000;1.000000;1.000000;1.000000;1.000000;1.000000;1.000000;1.000000;1.000000;1.000000,309,20032,400,39736,0,0,0,0,16,896,0,0,0,0,0,0,0,0,0,0,0,0,0,0,0,0,0,0,graph_0005__stability_0.2000,stability,0.2,graph_0005,epoch_0003
trace,aodv,0.656716,0.656639,2692,3256,105,1223,1848,0.811111,0.040863,75.552346,360,292,7,0,0,701,1.622222,1223,58604,4.188356,200.698630,0.500000,1.250000,1.000000,2.000000,2.000000;2.000000;2.000000;2.000000;2.000000;2.000000;1.000000;1.000000;1.000000;1.000000;1.000000;1.000000;1.000000;1.000000;1.000000;1.000000;1.000000;1.000000;1.000000;1.000000;1.000000;1.000000;1.000000;1.000000,46,1.000000,1,2.000000;2.000000;2.000000;2.000000;2.000000;2.000000;2.000000;1.000000;1.000000;1.000000;1.000000;1.000000;1.000000;1.000000;1.000000;1.000000;1.000000;1.000000;1.000000;1.000000;1.000000;1.000000;1.000000,0.033253;1.449503;0.061413;0.157413;1.425575;0.021733;nan;0.100773;0.066853;0.032933;0.162853;0.128933;0.095013;0.080492;0.027173;0.157093;0.123173;0.089253;0.055333;0.021413;0.154179;0.117413;nan,2.000000;2.000000;2.000000;2.000000;2.000000;2.000000;2.000000;1.000000;1.000000;1.000000;1.000000;1.000000;1.000000;1.000000;1.000000;1.000000;1.000000;1.000000;1.000000;1.000000;1.000000;1.000000;1.000000,0,0,0,0,0,0,0,0,0,0,748,35904,188,9776,181,8688,88,3696,18,540,0,0,0,0,0,0,0,0,graph_0005__stability_0.2000,stability,0.2,graph_0005,epoch_0003
trace,static,0.192007,0.191989,816,597,105,0,0,0.391667,0.020105,72.449488,360,141,0,0,0,196,0.783333,0,0,0.000000,0.000000,0.500000,1.250000,1.000000,2.000000,2.000000;2.000000;2.000000;2.000000;2.000000;2.000000;1.000000;1.000000;1.000000;1.000000;1.000000;1.000000;1.000000;1.000000;1.000000;1.000000;1.000000;1.000000;1.000000;1.000000;1.000000;1.000000;1.000000;1.000000,46,1.000000,1,2.000000;2.000000;2.000000;2.000000;2.000000;2.000000;2.000000;1.000000;1.000000;1.000000;1.000000;1.000000;1.000000;1.000000;1.000000;1.000000;1.000000;1.000000;1.000000;1.000000;1.000000;1.000000;1.000000,0.042269;0.137959;0.070389;0.217714;0.098549;0.030709;0.143399;0.109749;0.075829;0.041909;0.171829;0.137909;0.103989;0.070069;0.036149;0.166069;0.132149;0.098229;0.064329;0.030389;0.160309;0.126119;nan,2.000000;2.000000;2.000000;2.000000;2.000000;2.000000;2.000000;1.000000;1.000000;1.000000;1.000000;1.000000;1.000000;1.000000;1.000000;1.000000;1.000000;1.000000;1.000000;1.000000;1.000000;1.000000;1.000000,0,0,0,0,0,0,0,0,0,0,0,0,0,0,0,0,0,0,0,0,0,0,0,0,0,0,0,0,graph_0005__stability_0.2000,stability,0.2,graph_0005,epoch_0003
trace,olsr,0.496068,0.496035,1735,2117,105,731,1295,0.383333,0.020434,68.374769,360,138,0,0,0,538,0.766667,731,61752,5.297101,447.478261,0.500000,1.250000,1.000000,2.000000,2.000000;2.000000;2.000000;2.000000;2.000000;2.000000;1.000000;1.000000;1.000000;1.000000;1.000000;1.000000;1.000000;1.000000;1.000000;1.000000;1.000000;1.000000;1.000000;1.000000;1.000000;1.000000;1.000000;1.000000,46,1.000000,1,2.000000;2.000000;2.000000;2.000000;2.000000;2.000000;2.000000;1.000000;1.000000;1.000000;1.000000;1.000000;1.000000;1.000000;1.000000;1.000000;1.000000;1.000000;1.000000;1.000000;1.000000;1.000000;1.000000,0.033253;0.129253;0.061413;1.230193;nan;0.021733;nan;nan;nan;nan;0.490533;nan;0.095013;nan;0.027173;0.157093;nan;nan;nan;0.223111;0.151333;nan;nan,2.000000;2.000000;2.000000;2.000000;2.000000;2.000000;2.000000;1.000000;1.000000;1.000000;1.000000;1.000000;1.000000;1.000000;1.000000;1.000000;1.000000;1.000000;1.000000;1.000000;1.000000;1.000000;1.000000,311,19992,420,41760,0,0,0,0,0,0,0,0,0,0,0,0,0,0,0,0,0,0,0,0,0,0,0,0,graph_0005__stability_0.2000,stability,0.2,graph_0005,epoch_0004
trace,aodv,0.652647,0.652595,2698,3259,105,1211,1820,0.822222,0.041429,74.955145,360,296,16,0,0,686,1.644444,1211,58034,4.091216,196.060811,0.500000,1.250000,1.000000,2.000000,2.000000;2.000000;2.000000;2.000000;2.000000;2.000000;1.000000;1.000000;1.000000;1.000000;1.000000;1.000000;1.000000;1.000000;1.000000;1.000000;1.000000;1.000000;1.000000;1.000000;1.000000;1.000000;1.000000;1.000000,46,1.000000,1,2.000000;2.000000;2.000000;2.000000;2.000000;2.000000;2.000000;1.000000;1.000000;1.000000;1.000000;1.000000;1.000000;1.000000;1.000000;1.000000;1.000000;1.000000;1.000000;1.000000;1.000000;1.000000;1.000000,0.033253;1.458070;0.260429;0.157413;1.420270;0.021733;nan;0.100773;0.066853;0.032933;0.162853;0.128933;0.095013;0.081492;0.027173;0.157093;0.123173;0.089253;0.055333;0.021413;0.156365;0.117413;nan,2.000000;2.000000;2.000000;2.000000;2.000000;2.000000;2.000000;1.000000;1.000000;1.000000;1.000000;1.000000;1.000000;1.000000;1.000000;1.000000;1.000000;1.000000;1.000000;1.000000;1.000000;1.000000;1.000000,0,0,0,0,0,0,0,0,0,0,745,35760,190,9880,169,8112,92,3832,15,450,0,0,0,0,0,0,0,0,graph_0005__stability_0.2000,stability,0.2,graph_0005,epoch_0004
trace,static,0.190915,0.190906,816,597,105,0,0,0.391667,0.020104,72.449443,360,141,0,0,0,199,0.783333,0,0,0.000000,0.000000,0.500000,1.250000,1.000000,2.000000,2.000000;2.000000;2.000000;2.000000;2.000000;2.000000;1.000000;1.000000;1.000000;1.000000;1.000000;1.000000;1.000000;1.000000;1.000000;1.000000;1.000000;1.000000;1.000000;1.000000;1.000000;1.000000;1.000000;1.000000,46,1.000000,1,2.000000;2.000000;2.000000;2.000000;2.000000;2.000000;2.000000;1.000000;1.000000;1.000000;1.000000;1.000000;1.000000;1.000000;1.000000;1.000000;1.000000;1.000000;1.000000;1.000000;1.000000;1.000000;1.000000,0.042269;0.137959;0.070389;0.223934;0.098549;0.030709;0.143399;0.109749;0.075829;0.041909;0.171829;0.137909;0.103989;0.070069;0.036149;0.166069;0.132149;0.098229;0.064329;0.030389;0.160309;0.126119;nan,2.000000;2.000000;2.000000;2.000000;2.000000;2.000000;2.000000;1.000000;1.000000;1.000000;1.000000;1.000000;1.000000;1.000000;1.000000;1.000000;1.000000;1.000000;1.000000;1.000000;1.000000;1.000000;1.000000,0,0,0,0,0,0,0,0,0,0,0,0,0,0,0,0,0,0,0,0,0,0,0,0,0,0,0,0,graph_0005__stability_0.2000,stability,0.2,graph_0005,epoch_0004
trace,olsr,0.512935,0.512883,1805,2190,105,728,1297,0.488889,0.026940,75.861170,360,176,0,0,0,542,0.977778,728,61888,4.136364,351.636364,0.500000,1.250000,1.000000,2.000000,2.000000;2.000000;2.000000;2.000000;2.000000;2.000000;1.000000;1.000000;1.000000;1.000000;1.000000;1.000000;1.000000;1.000000;1.000000;1.000000;1.000000;1.000000;1.000000;1.000000;1.000000;1.000000;1.000000;1.000000,46,1.000000,1,2.000000;2.000000;2.000000;2.000000;2.000000;2.000000;2.000000;1.000000;1.000000;1.000000;1.000000;1.000000;1.000000;1.000000;1.000000;1.000000;1.000000;1.000000;1.000000;1.000000;1.000000;1.000000;1.000000,0.228053;1.284839;0.245589;0.157413;0.089573;nan;0.134693;nan;0.066853;0.032933;0.162853;0.128933;0.267559;0.061093;nan;0.216911;0.123173;0.089253;0.055333;0.021413;nan;nan;nan,2.000000;2.000000;2.000000;2.000000;2.000000;2.000000;2.000000;1.000000;1.000000;1.000000;1.000000;1.000000;1.000000;1.000000;1.000000;1.000000;1.000000;1.000000;1.000000;1.000000;1.000000;1.000000;1.000000,312,20344,416,41544,0,0,0,0,0,0,0,0,0,0,0,0,0,0,0,0,0,0,0,0,0,0,0,0,graph_0005__stability_0.2000,stability,0.2,graph_0005,epoch_0005
trace,aodv,0.653738,0.653687,2692,3280,105,1248,1890,0.805556,0.040591,75.605320,360,290,16,0,0,656,1.611111,1248,59756,4.303448,206.055172,0.500000,1.250000,1.000000,2.000000,2.000000;2.000000;2.000000;2.000000;2.000000;2.000000;1.000000;1.000000;1.000000;1.000000;1.000000;1.000000;1.000000;1.000000;1.000000;1.000000;1.000000;1.000000;1.000000;1.000000;1.000000;1.000000;1.000000;1.000000,46,1.000000,1,2.000000;2.000000;2.000000;2.000000;2.000000;2.000000;2.000000;1.000000;1.000000;1.000000;1.000000;1.000000;1.000000;1.000000;1.000000;1.000000;1.000000;1.000000;1.000000;1.000000;1.000000;1.000000;1.000000,0.033253;1.460988;0.061413;0.157413;1.425090;0.048816;0.134693;0.100773;0.066853;0.032933;0.162853;0.128933;0.095013;0.061093;0.027173;0.157093;0.123173;0.089253;0.055333;0.021413;0.151333;0.117413;nan,2.000000;2.000000;2.000000;2.000000;2.000000;2.000000;2.000000;1.000000;1.000000;1.000000;1.000000;1.000000;1.000000;1.000000;1.000000;1.000000;1.000000;1.000000;1.000000;1.000000;1.000000;1.000000;1.000000,0,0,0,0,0,0,0,0,0,0,744,35712,193,10036,191,9168,104,4360,16,480,0,0,0,0,0,0,0,0,graph_0005__stability_0.2000,stability,0.2,graph_0005,epoch_0005
trace,static,0.187246,0.187229,817,598,105,0,0,0.391667,0.020107,72.449618,360,141,0,0,0,200,0.783333,0,0,0.000000,0.000000,0.500000,1.250000,1.000000,2.000000,2.000000;2.000000;2.000000;2.000000;2.000000;2.000000;1.000000;1.000000;1.000000;1.000000;1.000000;1.000000;1.000000;1.000000;1.000000;1.000000;1.000000;1.000000;1.000000;1.000000;1.000000;1.000000;1.000000;1.000000,46,1.000000,1,2.000000;2.000000;2.000000;2.000000;2.000000;2.000000;2.000000;1.000000;1.000000;1.000000;1.000000;1.000000;1.000000;1.000000;1.000000;1.000000;1.000000;1.000000;1.000000;1.000000;1.000000;1.000000;1.000000,0.042269;0.137959;0.070389;0.231328;0.098549;0.030709;0.143399;0.109749;0.075829;0.041909;0.171829;0.137909;0.112965;0.070069;0.036149;0.166069;0.132149;0.098229;0.064329;0.030389;0.160309;0.126119;nan,2.000000;2.000000;2.000000;2.000000;2.000000;2.000000;2.000000;1.000000;1.000000;1.000000;1.000000;1.000000;1.000000;1.000000;1.000000;1.000000;1.000000;1.000000;1.000000;1.000000;1.000000;1.000000;1.000000,0,0,0,0,0,0,0,0,0,0,0,0,0,0,0,0,0,0,0,0,0,0,0,0,0,0,0,0,graph_0005__stability_0.2000,stability,0.2,graph_0005,epoch_0005
trace,olsr,0.481463,0.481333,1681,2027,105,731,1288,0.363889,0.018264,80.738279,360,131,0,0,0,558,0.727778,731,60984,5.580153,465.526718,0.500000,1.250000,1.000000,2.000000,2.000000;2.000000;2.000000;2.000000;2.000000;2.000000;1.000000;1.000000;1.000000;1.000000;1.000000;1.000000;1.000000;1.000000;1.000000;1.000000;1.000000;1.000000;1.000000;1.000000;1.000000;1.000000;1.000000;1.000000,46,1.000000,1,2.000000;2.000000;2.000000;2.000000;2.000000;2.000000;2.000000;1.000000;1.000000;1.000000;1.000000;1.000000;1.000000;1.000000;1.000000;1.000000;1.000000;1.000000;1.000000;1.000000;1.000000;1.000000;1.000000,0.253937;1.284839;nan;nan;1.042014;0.021733;0.134693;0.100773;nan;nan;0.241845;nan;0.095013;nan;0.027173;0.157093;nan;nan;0.219173;0.021413;0.151333;0.117413;nan,2.000000;2.000000;2.000000;2.000000;2.000000;2.000000;2.000000;1.000000;1.000000;1.000000;1.000000;1.000000;1.000000;1.000000;1.000000;1.000000;1.000000;1.000000;1.000000;1.000000;1.000000;1.000000;1.000000,310,19952,421,41032,0,0,0,0,0,0,0,0,0,0,0,0,0,0,0,0,0,0,0,0,0,0,0,0,graph_0005__stability_0.2000,stability,0.2,graph_0005,epoch_0002
trace,aodv,0.657444,0.657403,2682,3275,105,1228,1877,0.813889,0.041013,75.239766,360,293,11,0,0,663,1.627778,1228,58922,4.191126,201.098976,0.500000,1.250000,1.000000,2.000000,2.000000;2.000000;2.000000;2.000000;2.000000;2.000000;1.000000;1.000000;1.000000;1.000000;1.000000;1.000000;1.000000;1.000000;1.000000;1.000000;1.000000;1.000000;1.000000;1.000000;1.000000;1.000000;1.000000;1.000000,46,1.000000,1,2.000000;2.000000;2.000000;2.000000;2.000000;2.000000;2.000000;1.000000;1.000000;1.000000;1.000000;1.000000;1.000000;1.000000;1.000000;1.000000;1.000000;1.000000;1.000000;1.000000;1.000000;1.000000;1.000000,0.033253;1.459406;0.061413;0.157413;1.418014;0.021733;0.134693;0.100773;0.066853;0.032933;0.162853;0.128933;0.095013;0.077012;0.027173;0.157093;0.123173;0.089253;0.055333;0.021413;0.151333;0.117413;nan,2.000000;2.000000;2.000000;2.000000;2.000000;2.000000;2.000000;1.000000;1.000000;1.000000;1.000000;1.000000;1.000000;1.000000;1.000000;1.000000;1.000000;1.000000;1.000000;1.000000;1.000000;1.000000;1.000000,0,0,0,0,0,0,0,0,0,0,745,35760,197,10244,180,8640,89,3768,17,510,0,0,0,0,0,0,0,0,graph_0005__stability_0.2000,stability,0.2,graph_0005,epoch_0002
trace,static,0.190153,0.190120,817,598,105,0,0,0.391667,0.020106,72.449610,360,141,0,0,0,200,0.783333,0,0,0.000000,0.000000,0.500000,1.250000,1.000000,2.000000,2.000000;2.000000;2.000000;2.000000;2.000000;2.000000;1.000000;1.000000;1.000000;1.000000;1.000000;1.000000;1.000000;1.000000;1.000000;1.000000;1.000000;1.000000;1.000000;1.000000;1.000000;1.000000;1.000000;1.000000,46,1.000000,1,2.000000;2.000000;2.000000;2.000000;2.000000;2.000000;2.000000;1.000000;1.000000;1.000000;1.000000;1.000000;1.000000;1.000000;1.000000;1.000000;1.000000;1.000000;1.000000;1.000000;1.000000;1.000000;1.000000,0.042269;0.137959;0.070389;0.230654;0.098549;0.030709;0.143399;0.109749;0.075829;0.041909;0.171829;0.137909;0.112965;0.070069;0.036149;0.166069;0.132149;0.098229;0.064329;0.030389;0.160309;0.126119;nan,2.000000;2.000000;2.000000;2.000000;2.000000;2.000000;2.000000;1.000000;1.000000;1.000000;1.000000;1.000000;1.000000;1.000000;1.000000;1.000000;1.000000;1.000000;1.000000;1.000000;1.000000;1.000000;1.000000,0,0,0,0,0,0,0,0,0,0,0,0,0,0,0,0,0,0,0,0,0,0,0,0,0,0,0,0,graph_0005__stability_0.2000,stability,0.2,graph_0005,epoch_0002
trace,olsr,0.442326,0.442276,1522,1652,105,588,916,0.377778,0.018963,83.974664,360,136,9,0,0,523,0.755556,588,42424,4.323529,311.941176,0.500000,1.000000,1.000000,1.000000,1.000000;1.000000;1.000000;1.000000;1.000000;1.000000;1.000000;1.000000;1.000000;1.000000;1.000000;1.000000;1.000000;1.000000;1.000000;1.000000;1.000000;1.000000;1.000000;1.000000;1.000000;1.000000;1.000000;1.000000;1.000000;1.000000;1.000000;1.000000;1.000000;1.000000,58,nan,1,2.000000;1.000000;1.000000;1.000000;1.000000;1.000000;1.000000;1.000000;1.000000;1.000000;1.000000;1.000000;1.000000;1.000000;1.000000;1.000000;1.000000;1.000000;1.000000;1.000000;1.000000;1.000000;1.000000;1.000000;1.000000;1.000000;1.000000;1.000000;1.000000,0.386679;nan;nan;nan;nan;nan;nan;0.877597;nan;0.072613;nan;nan;0.298533;nan;0.248375;0.221597;0.162853;0.128933;nan;0.061093;0.027173;0.157093;0.123173;0.089253;nan;0.021413;0.222149;0.117413;nan,2.000000;1.000000;1.000000;1.000000;1.000000;1.000000;1.000000;1.000000;1.000000;1.000000;1.000000;1.000000;1.000000;1.000000;1.000000;1.000000;1.000000;1.000000;1.000000;1.000000;1.000000;1.000000;1.000000;1.000000;1.000000;1.000000;1.000000;1.000000;1.000000,342,21468,246,20956,0,0,0,0,0,0,0,0,0,0,0,0,0,0,0,0,0,0,0,0,0,0,0,0,graph_0004__stability_0.0000,stability,0.0,graph_0004,epoch_0001
trace,aodv,0.634375,0.634333,2687,3079,105,1254,1708,0.808333,0.040735,76.916929,360,291,7,0,0,676,1.616667,1254,60182,4.309278,206.810997,0.500000,1.000000,1.000000,1.000000,1.000000;1.000000;1.000000;1.000000;1.000000;1.000000;1.000000;1.000000;1.000000;1.000000;1.000000;1.000000;1.000000;1.000000;1.000000;1.000000;1.000000;1.000000;1.000000;1.000000;1.000000;1.000000;1.000000;1.000000;1.000000;1.000000;1.000000;1.000000;1.000000;1.000000,58,nan,1,2.000000;1.000000;1.000000;1.000000;1.000000;1.000000;1.000000;1.000000;1.000000;1.000000;1.000000;1.000000;1.000000;1.000000;1.000000;1.000000;1.000000;1.000000;1.000000;1.000000;1.000000;1.000000;1.000000;1.000000;1.000000;1.000000;1.000000;1.000000;1.000000,nan;0.016293;0.146213;0.112293;0.079487;0.047164;0.010533;0.140453;0.106533;0.072613;0.038693;0.004773;0.134693;0.100773;0.066853;0.043902;0.162853;0.128933;0.095013;0.067522;0.027173;0.157093;0.123173;0.089253;0.055333;0.021413;0.151333;0.117413;nan,2.000000;1.000000;1.000000;1.000000;1.000000;1.000000;1.000000;1.000000;1.000000;1.000000;1.000000;1.000000;1.000000;1.000000;1.000000;1.000000;1.000000;1.000000;1.000000;1.000000;1.000000;1.000000;1.000000;1.000000;1.000000;1.000000;1.000000;1.000000;1.000000,0,0,0,0,0,0,0,0,0,0,746,35808,198,10296,213,10224,72,3104,25,750,0,0,0,0,0,0,0,0,graph_0004__stability_0.0000,stability,0.0,graph_0004,epoch_0001
trace,static,0.184053,0.184027,786,558,105,0,0,0.366667,0.018826,74.287395,360,132,0,0,0,258,0.733333,0,0,0.000000,0.000000,0.500000,1.000000,1.000000,1.000000,1.000000;1.000000;1.000000;1.000000;1.000000;1.000000;1.000000;1.000000;1.000000;1.000000;1.000000;1.000000;1.000000;1.000000;1.000000;1.000000;1.000000;1.000000;1.000000;1.000000;1.000000;1.000000;1.000000;1.000000;1.000000;1.000000;1.000000;1.000000;1.000000;1.000000,58,nan,1,2.000000;1.000000;1.000000;1.000000;1.000000;1.000000;1.000000;1.000000;1.000000;1.000000;1.000000;1.000000;1.000000;1.000000;1.000000;1.000000;1.000000;1.000000;1.000000;1.000000;1.000000;1.000000;1.000000;1.000000;1.000000;1.000000;1.000000;1.000000;1.000000,0.108574;0.025269;0.155189;0.121269;0.087349;0.062405;0.019509;0.149429;0.115509;0.081589;0.047669;0.013749;0.143669;0.109749;0.084615;0.041639;0.171829;0.137909;0.103989;0.070069;0.036149;0.166069;0.132149;0.098229;0.064309;0.030409;0.160309;0.126389;nan,2.000000;1.000000;1.000000;1.000000;1.000000;1.000000;1.000000;1.000000;1.000000;1.000000;1.000000;1.000000;1.000000;1.000000;1.000000;1.000000;1.000000;1.000000;1.000000;1.000000;1.000000;1.000000;1.000000;1.000000;1.000000;1.000000;1.000000;1.000000;1.000000,0,0,0,0,0,0,0,0,0,0,0,0,0,0,0,0,0,0,0,0,0,0,0,0,0,0,0,0,graph_0004__stability_0.0000,stability,0.0,graph_0004,epoch_0001
trace,olsr,0.412062,0.412033,1456,1632,105,598,940,0.366667,0.018403,83.685069,360,132,10,0,0,451,0.733333,598,43120,4.530303,326.666667,0.500000,1.000000,1.000000,1.000000,1.000000;1.000000;1.000000;1.000000;1.000000;1.000000;1.000000;1.000000;1.000000;1.000000;1.000000;1.000000;1.000000;1.000000;1.000000;1.000000;1.000000;1.000000;1.000000;1.000000;1.000000;1.000000;1.000000;1.000000;1.000000;1.000000;1.000000;1.000000;1.000000;1.000000,58,nan,1,2.000000;1.000000;1.000000;1.000000;1.000000;1.000000;1.000000;1.000000;1.000000;1.000000;1.000000;1.000000;1.000000;1.000000;1.000000;1.000000;1.000000;1.000000;1.000000;1.000000;1.000000;1.000000;1.000000;1.000000;1.000000;1.000000;1.000000;1.000000;1.000000,0.237085;nan;nan;nan;nan;nan;nan;0.878628;nan;0.072613;nan;nan;0.298533;nan;0.066853;0.032933;0.335869;0.128933;nan;0.061093;0.027173;0.157093;0.123173;0.089253;nan;0.021413;0.216809;0.117413;nan,2.000000;1.000000;1.000000;1.000000;1.000000;1.000000;1.000000;1.000000;1.000000;1.000000;1.000000;1.000000;1.000000;1.000000;1.000000;1.000000;1.000000;1.000000;1.000000;1.000000;1.000000;1.000000;1.000000;1.000000;1.000000;1.000000;1.000000;1.000000;1.000000,347,21416,251,21704,0,0,0,0,0,0,0,0,0,0,0,0,0,0,0,0,0,0,0,0,0,0,0,0,graph_0004__stability_0.0000,stability,0.0,graph_0004,epoch_0003
trace,aodv,0.645524,0.645380,2698,3062,105,1271,1696,0.805556,0.040584,76.877603,360,290,9,0,0,764,1.611111,1271,60972,4.382759,210.248276,0.500000,1.000000,1.000000,1.000000,1.000000;1.000000;1.000000;1.000000;1.000000;1.000000;1.000000;1.000000;1.000000;1.000000;1.000000;1.000000;1.000000;1.000000;1.000000;1.000000;1.000000;1.000000;1.000000;1.000000;1.000000;1.000000;1.000000;1.000000;1.000000;1.000000;1.000000;1.000000;1.000000;1.000000,58,nan,1,2.000000;1.000000;1.000000;1.000000;1.000000;1.000000;1.000000;1.000000;1.000000;1.000000;1.000000;1.000000;1.000000;1.000000;1.000000;1.000000;1.000000;1.000000;1.000000;1.000000;1.000000;1.000000;1.000000;1.000000;1.000000;1.000000;1.000000;1.000000;1.000000,nan;0.016293;0.146213;0.112293;0.078373;0.228115;0.010533;0.140453;0.106533;0.072613;0.038693;0.004773;0.134693;0.100773;0.066853;0.056204;0.162853;0.128933;0.095013;0.065872;0.027173;0.157093;0.123173;0.089253;0.055333;0.041052;0.151333;0.117413;nan,2.000000;1.000000;1.000000;1.000000;1.000000;1.000000;1.000000;1.000000;1.000000;1.000000;1.000000;1.000000;1.000000;1.000000;1.000000;1.000000;1.000000;1.000000;1.000000;1.000000;1.000000;1.000000;1.000000;1.000000;1.000000;1.000000;1.000000;1.000000;1.000000,0,0,0,0,0,0,0,0,0,0,743,35664,201,10452,223,10704,80,3432,24,720,0,0,0,0,0,0,0,0,graph_0004__stability_0.0000,stability,0.0,graph_0004,epoch_0003
trace,static,0.187100,0.187087,784,556,105,0,0,0.366667,0.018823,74.287345,360,132,0,0,0,259,0.733333,0,0,0.000000,0.000000,0.500000,1.000000,1.000000,1.000000,1.000000;1.000000;1.000000;1.000000;1.000000;1.000000;1.000000;1.000000;1.000000;1.000000;1.000000;1.000000;1.000000;1.000000;1.000000;1.000000;1.000000;1.000000;1.000000;1.000000;1.000000;1.000000;1.000000;1.000000;1.000000;1.000000;1.000000;1.000000;1.000000;1.000000,58,nan,1,2.000000;1.000000;1.000000;1.000000;1.000000;1.000000;1.000000;1.000000;1.000000;1.000000;1.000000;1.000000;1.000000;1.000000;1.000000;1.000000;1.000000;1.000000;1.000000;1.000000;1.000000;1.000000;1.000000;1.000000;1.000000;1.000000;1.000000;1.000000;1.000000,0.108988;0.025269;0.155189;0.121269;0.087349;0.062405;0.019509;0.149429;0.115509;0.081589;0.047669;0.013749;0.143669;0.109749;0.084805;0.041639;0.171829;0.137909;0.103989;0.070069;0.036149;0.166069;0.132149;0.098229;0.064309;0.030409;0.160309;0.126389;nan,2.000000;1.000000;1.000000;1.000000;1.000000;1.000000;1.000000;1.000000;1.000000;1.000000;1.000000;1.000000;1.000000;1.000000;1.000000;1.000000;1.000000;1.000000;1.000000;1.000000;1.000000;1.000000;1.000000;1.000000;1.000000;1.000000;1.000000;1.000000;1.000000,0,0,0,0,0,0,0,0,0,0,0,0,0,0,0,0,0,0,0,0,0,0,0,0,0,0,0,0,graph_0004__stability_0.0000,stability,0.0,graph_0004,epoch_0003
trace,olsr,0.558814,0.558625,1974,2133,105,603,942,0.261111,0.013106,83.305960,360,94,47,0,0,582,0.522222,603,44076,6.414894,468.893617,0.500000,1.000000,1.000000,1.000000,1.000000;1.000000;1.000000;1.000000;1.000000;1.000000;1.000000;1.000000;1.000000;1.000000;1.000000;1.000000;1.000000;1.000000;1.000000;1.000000;1.000000;1.000000;1.000000;1.000000;1.000000;1.000000;1.000000;1.000000;1.000000;1.000000;1.000000;1.000000;1.000000;1.000000,58,nan,1,2.000000;1.000000;1.000000;1.000000;1.000000;1.000000;1.000000;1.000000;1.000000;1.000000;1.000000;1.000000;1.000000;1.000000;1.000000;1.000000;1.000000;1.000000;1.000000;1.000000;1.000000;1.000000;1.000000;1.000000;1.000000;1.000000;1.000000;1.000000;1.000000,0.386679;nan;nan;nan;nan;nan;nan;nan;nan;nan;nan;nan;0.134693;nan;0.066853;0.032933;0.349809;0.128933;0.095013;0.250309;nan;nan;0.123173;nan;nan;0.021413;0.213089;0.117413;nan,2.000000;1.000000;1.000000;1.000000;1.000000;1.000000;1.000000;1.000000;1.000000;1.000000;1.000000;1.000000;1.000000;1.000000;1.000000;1.000000;1.000000;1.000000;1.000000;1.000000;1.000000;1.000000;1.000000;1.000000;1.000000;1.000000;1.000000;1.000000;1.000000,341,21056,242,21900,0,0,0,0,20,1120,0,0,0,0,0,0,0,0,0,0,0,0,0,0,0,0,0,0,graph_0004__stability_0.0000,stability,0.0,graph_0004,epoch_0004
trace,aodv,0.627375,0.627316,2622,2976,105,1221,1645,0.780556,0.039333,76.202858,360,281,9,0,0,746,1.561111,1221,58738,4.345196,209.032028,0.500000,1.000000,1.000000,1.000000,1.000000;1.000000;1.000000;1.000000;1.000000;1.000000;1.000000;1.000000;1.000000;1.000000;1.000000;1.000000;1.000000;1.000000;1.000000;1.000000;1.000000;1.000000;1.000000;1.000000;1.000000;1.000000;1.000000;1.000000;1.000000;1.000000;1.000000;1.000000;1.000000;1.000000,58,nan,1,2.000000;1.000000;1.000000;1.000000;1.000000;1.000000;1.000000;1.000000;1.000000;1.000000;1.000000;1.000000;1.000000;1.000000;1.000000;1.000000;1.000000;1.000000;1.000000;1.000000;1.000000;1.000000;1.000000;1.000000;1.000000;1.000000;1.000000;1.000000;1.000000,nan;0.016293;0.146213;0.112293;0.079243;0.044453;0.185307;0.140453;0.106533;0.072613;0.038693;0.004773;0.134693;0.100773;0.066853;0.032933;0.162853;0.128933;0.095013;0.229622;0.027173;0.157093;0.123173;0.089253;0.071423;0.059396;0.151333;0.117413;nan,2.000000;1.000000;1.000000;1.000000;1.000000;1.000000;1.000000;1.000000;1.000000;1.000000;1.000000;1.000000;1.000000;1.000000;1.000000;1.000000;1.000000;1.000000;1.000000;1.000000;1.000000;1.000000;1.000000;1.000000;1.000000;1.000000;1.000000;1.000000;1.000000,0,0,0,0,0,0,0,0,0,0,742,35616,193,10036,199,9552,70,3024,17,510,0,0,0,0,0,0,0,0,graph_0004__stability_0.0000,stability,0.0,graph_0004,epoch_0004
trace,static,0.186652,0.186640,785,557,105,0,0,0.366667,0.018824,74.287295,360,132,0,0,0,255,0.733333,0,0,0.000000,0.000000,0.500000,1.000000,1.000000,1.000000,1.000000;1.000000;1.000000;1.000000;1.000000;1.000000;1.000000;1.000000;1.000000;1.000000;1.000000;1.000000;1.000000;1.000000;1.000000;1.000000;1.000000;1.000000;1.000000;1.000000;1.000000;1.000000;1.000000;1.000000;1.000000;1.000000;1.000000;1.000000;1.000000;1.000000,58,nan,1,2.000000;1.000000;1.000000;1.000000;1.000000;1.000000;1.000000;1.000000;1.000000;1.000000;1.000000;1.000000;1.000000;1.000000;1.000000;1.000000;1.000000;1.000000;1.000000;1.000000;1.000000;1.000000;1.000000;1.000000;1.000000;1.000000;1.000000;1.000000;1.000000,0.107734;0.025269;0.155189;0.121269;0.087349;0.053429;0.019509;0.149429;0.115509;0.081589;0.047669;0.013749;0.143669;0.109749;0.084615;0.041639;0.171829;0.137909;0.103989;0.070069;0.036149;0.166069;0.132149;0.098229;0.064309;0.030409;0.160309;0.126389;nan,2.000000;1.000000;1.000000;1.000000;1.000000;1.000000;1.000000;1.000000;1.000000;1.000000;1.000000;1.000000;1.000000;1.000000;1.000000;1.000000;1.000000;1.000000;1.000000;1.000000;1.000000;1.000000;1.000000;1.000000;1.000000;1.000000;1.000000;1.000000;1.000000,0,0,0,0,0,0,0,0,0,0,0,0,0,0,0,0,0,0,0,0,0,0,0,0,0,0,0,0,graph_0004__stability_0.0000,stability,0.0,graph_0004,epoch_0004
trace,olsr,1.014871,1.014777,3721,3875,105,663,986,0.288889,0.014500,79.476217,360,104,13,0,0,669,0.577778,663,46912,6.375000,451.076923,0.500000,1.000000,1.000000,1.000000,1.000000;1.000000;1.000000;1.000000;1.000000;1.000000;1.000000;1.000000;1.000000;1.000000;1.000000;1.000000;1.000000;1.000000;1.000000;1.000000;1.000000;1.000000;1.000000;1.000000;1.000000;1.000000;1.000000;1.000000;1.000000;1.000000;1.000000;1.000000;1.000000;1.000000,58,nan,1,2.000000;1.000000;1.000000;1.000000;1.000000;1.000000;1.000000;1.000000;1.000000;1.000000;1.000000;1.000000;1.000000;1.000000;1.000000;1.000000;1.000000;1.000000;1.000000;1.000000;1.000000;1.000000;1.000000;1.000000;1.000000;1.000000;1.000000;1.000000;1.000000,0.231815;nan;nan;nan;nan;nan;0.560414;0.219751;nan;0.074079;nan;0.505269;0.462373;nan;0.270223;0.222077;0.162853;0.128933;0.095013;0.251449;nan;nan;0.623669;0.089253;nan;nan;0.479013;0.117413;nan,2.000000;1.000000;1.000000;1.000000;1.000000;1.000000;1.000000;1.000000;1.000000;1.000000;1.000000;1.000000;1.000000;1.000000;1.000000;1.000000;1.000000;1.000000;1.000000;1.000000;1.000000;1.000000;1.000000;1.000000;1.000000;1.000000;1.000000;1.000000;1.000000,346,21588,245,21292,0,0,0,0,72,4032,0,0,0,0,0,0,0,0,0,0,0,0,0,0,0,0,0,0,graph_0004__stability_0.0000,stability,0.0,graph_0004,epoch_0005
trace,aodv,0.641472,0.641411,2687,3029,105,1269,1690,0.769444,0.038769,76.502561,360,277,4,0,0,780,1.538889,1269,60944,4.581227,220.014440,0.500000,1.000000,1.000000,1.000000,1.000000;1.000000;1.000000;1.000000;1.000000;1.000000;1.000000;1.000000;1.000000;1.000000;1.000000;1.000000;1.000000;1.000000;1.000000;1.000000;1.000000;1.000000;1.000000;1.000000;1.000000;1.000000;1.000000;1.000000;1.000000;1.000000;1.000000;1.000000;1.000000;1.000000,58,nan,1,2.000000;1.000000;1.000000;1.000000;1.000000;1.000000;1.000000;1.000000;1.000000;1.000000;1.000000;1.000000;1.000000;1.000000;1.000000;1.000000;1.000000;1.000000;1.000000;1.000000;1.000000;1.000000;1.000000;1.000000;1.000000;1.000000;1.000000;1.000000;1.000000,nan;0.016293;0.146213;0.112293;0.078373;0.051120;0.350019;0.140453;0.106533;0.072613;0.038693;0.004773;0.134693;0.100773;0.066853;0.032933;0.162853;0.128933;0.095013;0.062808;0.027173;0.157093;0.123173;0.089253;0.081343;0.030424;0.151333;0.117413;nan,2.000000;1.000000;1.000000;1.000000;1.000000;1.000000;1.000000;1.000000;1.000000;1.000000;1.000000;1.000000;1.000000;1.000000;1.000000;1.000000;1.000000;1.000000;1.000000;1.000000;1.000000;1.000000;1.000000;1.000000;1.000000;1.000000;1.000000;1.000000;1.000000,0,0,0,0,0,0,0,0,0,0,743,35664,199,10348,227,10896,78,3376,22,660,0,0,0,0,0,0,0,0,graph_0004__stability_0.0000,stability,0.0,graph_0004,epoch_0005
trace,static,0.184352,0.184344,785,557,105,0,0,0.366667,0.018823,74.287272,360,132,0,0,0,254,0.733333,0,0,0.000000,0.000000,0.500000,1.000000,1.000000,1.000000,1.000000;1.000000;1.000000;1.000000;1.000000;1.000000;1.000000;1.000000;1.000000;1.000000;1.000000;1.000000;1.000000;1.000000;1.000000;1.000000;1.000000;1.000000;1.000000;1.000000;1.000000;1.000000;1.000000;1.000000;1.000000;1.000000;1.000000;1.000000;1.000000;1.000000,58,nan,1,2.000000;1.000000;1.000000;1.000000;1.000000;1.000000;1.000000;1.000000;1.000000;1.000000;1.000000;1.000000;1.000000;1.000000;1.000000;1.000000;1.000000;1.000000;1.000000;1.000000;1.000000;1.000000;1.000000;1.000000;1.000000;1.000000;1.000000;1.000000;1.000000,0.107774;0.025269;0.155189;0.121269;0.087349;0.053429;0.019509;0.149429;0.115509;0.081589;0.047669;0.013749;0.143669;0.109749;0.084615;0.041639;0.171829;0.137909;0.103989;0.070069;0.036149;0.166069;0.132149;0.098229;0.064309;0.030409;0.160309;0.126389;nan,2.000000;1.000000;1.000000;1.000000;1.000000;1.000000;1.000000;1.000000;1.000000;1.000000;1.000000;1.000000;1.000000;1.000000;1.000000;1.000000;1.000000;1.000000;1.000000;1.000000;1.000000;1.000000;1.000000;1.000000;1.000000;1.000000;1.000000;1.000000;1.000000,0,0,0,0,0,0,0,0,0,0,0,0,0,0,0,0,0,0,0,0,0,0,0,0,0,0,0,0,graph_0004__stability_0.0000,stability,0.0,graph_0004,epoch_0005
trace,olsr,0.472566,0.472536,1591,1735,105,588,923,0.444444,0.022304,80.788393,360,160,9,0,0,553,0.888889,588,42516,3.675000,265.725000,0.500000,1.000000,1.000000,1.000000,1.000000;1.000000;1.000000;1.000000;1.000000;1.000000;1.000000;1.000000;1.000000;1.000000;1.000000;1.000000;1.000000;1.000000;1.000000;1.000000;1.000000;1.000000;1.000000;1.000000;1.000000;1.000000;1.000000;1.000000;1.000000;1.000000;1.000000;1.000000;1.000000;1.000000,58,nan,1,2.000000;1.000000;1.000000;1.000000;1.000000;1.000000;1.000000;1.000000;1.000000;1.000000;1.000000;1.000000;1.000000;1.000000;1.000000;1.000000;1.000000;1.000000;1.000000;1.000000;1.000000;1.000000;1.000000;1.000000;1.000000;1.000000;1.000000;1.000000;1.000000,0.231815;nan;nan;nan;nan;0.266874;0.010533;0.313269;nan;0.072613;nan;nan;nan;0.100773;0.066853;0.032933;0.335869;0.128933;nan;0.061093;0.027173;0.157093;0.123173;0.089253;nan;0.021413;0.217249;0.117413;nan,2.000000;1.000000;1.000000;1.000000;1.000000;1.000000;1.000000;1.000000;1.000000;1.000000;1.000000;1.000000;1.000000;1.000000;1.000000;1.000000;1.000000;1.000000;1.000000;1.000000;1.000000;1.000000;1.000000;1.000000;1.000000;1.000000;1.000000;1.000000;1.000000,346,21468,242,21048,0,0,0,0,0,0,0,0,0,0,0,0,0,0,0,0,0,0,0,0,0,0,0,0,graph_0004__stability_0.0000,stability,0.0,graph_0004,epoch_0002
trace,aodv,0.627290,0.627154,2649,3022,105,1238,1676,0.788889,0.040425,77.642759,360,284,11,0,0,603,1.577778,1238,59408,4.359155,209.183099,0.500000,1.000000,1.000000,1.000000,1.000000;1.000000;1.000000;1.000000;1.000000;1.000000;1.000000;1.000000;1.000000;1.000000;1.000000;1.000000;1.000000;1.000000;1.000000;1.000000;1.000000;1.000000;1.000000;1.000000;1.000000;1.000000;1.000000;1.000000;1.000000;1.000000;1.000000;1.000000;1.000000;1.000000,58,nan,1,2.000000;1.000000;1.000000;1.000000;1.000000;1.000000;1.000000;1.000000;1.000000;1.000000;1.000000;1.000000;1.000000;1.000000;1.000000;1.000000;1.000000;1.000000;1.000000;1.000000;1.000000;1.000000;1.000000;1.000000;1.000000;1.000000;1.000000;1.000000;1.000000,nan;0.560842;0.146213;0.112293;0.078373;0.044453;0.010533;0.140453;0.106533;0.072613;0.038693;0.004773;0.134693;0.100773;0.066853;0.032933;0.162853;0.128933;0.095013;0.069358;0.027173;0.157093;0.123173;0.089253;0.055333;0.034332;0.151333;0.117413;nan,2.000000;1.000000;1.000000;1.000000;1.000000;1.000000;1.000000;1.000000;1.000000;1.000000;1.000000;1.000000;1.000000;1.000000;1.000000;1.000000;1.000000;1.000000;1.000000;1.000000;1.000000;1.000000;1.000000;1.000000;1.000000;1.000000;1.000000;1.000000;1.000000,0,0,0,0,0,0,0,0,0,0,747,35856,191,9932,200,9600,82,3480,18,540,0,0,0,0,0,0,0,0,graph_0004__stability_0.0000,stability,0.0,graph_0004,epoch_0002
trace,static,0.185388,0.185371,783,555,105,0,0,0.366667,0.018821,74.287222,360,132,0,0,0,257,0.733333,0,0,0.000000,0.000000,0.500000,1.000000,1.000000,1.000000,1.000000;1.000000;1.000000;1.000000;1.000000;1.000000;1.000000;1.000000;1.000000;1.000000;1.000000;1.000000;1.000000;1.000000;1.000000;1.000000;1.000000;1.000000;1.000000;1.000000;1.000000;1.000000;1.000000;1.000000;1.000000;1.000000;1.000000;1.000000;1.000000;1.000000,58,nan,1,2.000000;1.000000;1.000000;1.000000;1.000000;1.000000;1.000000;1.000000;1.000000;1.000000;1.000000;1.000000;1.000000;1.000000;1.000000;1.000000;1.000000;1.000000;1.000000;1.000000;1.000000;1.000000;1.000000;1.000000;1.000000;1.000000;1.000000;1.000000;1.000000,0.109594;0.025269;0.155189;0.121269;0.087349;0.053429;0.019509;0.149429;0.115509;0.081589;0.047669;0.013749;0.143669;0.109749;0.084805;0.041639;0.171829;0.137909;0.103989;0.070069;0.036149;0.166069;0.132149;0.098229;0.064309;0.030409;0.160309;0.126389;nan,2.000000;1.000000;1.000000;1.000000;1.000000;1.000000;1.000000;1.000000;1.000000;1.000000;1.000000;1.000000;1.000000;1.000000;1.000000;1.000000;1.000000;1.000000;1.000000;1.000000;1.000000;1.000000;1.000000;1.000000;1.000000;1.000000;1.000000;1.000000;1.000000,0,0,0,0,0,0,0,0,0,0,0,0,0,0,0,0,0,0,0,0,0,0,0,0,0,0,0,0,graph_0004__stability_0.0000,stability,0.0,graph_0004,epoch_0002
trace,olsr,0.364996,0.364974,1335,1448,105,604,884,0.247222,0.012407,70.318962,360,89,50,0,0,433,0.494444,604,42720,6.786517,480.000000,0.500000,1.250000,1.000000,2.000000,2.000000;2.000000;2.000000;2.000000;2.000000;2.000000;1.000000;1.000000;1.000000;1.000000;1.000000;1.000000;1.000000;1.000000;1.000000;1.000000;1.000000;1.000000;1.000000;1.000000;1.000000;1.000000;1.000000;1.000000,46,1.000000,1,2.000000;2.000000;2.000000;2.000000;2.000000;2.000000;2.000000;1.000000;1.000000;1.000000;1.000000;1.000000;1.000000;1.000000;1.000000;1.000000;1.000000;1.000000;1.000000;1.000000;1.000000;1.000000;1.000000,0.033253;nan;0.061413;nan;nan;0.453054;nan;nan;nan;nan;nan;nan;nan;0.061093;0.027173;0.157093;nan;nan;nan;nan;nan;0.290229;nan,2.000000;2.000000;2.000000;2.000000;2.000000;2.000000;2.000000;1.000000;1.000000;1.000000;1.000000;1.000000;1.000000;1.000000;1.000000;1.000000;1.000000;1.000000;1.000000;1.000000;1.000000;1.000000;1.000000,347,21208,257,21512,0,0,0,0,0,0,0,0,0,0,0,0,0,0,0,0,0,0,0,0,0,0,0,0,graph_0001__stability_0.2000,stability,0.2,graph_0001,epoch_0001
trace,aodv,0.604416,0.604346,2679,2971,105,1206,1553,0.761111,0.038348,77.375879,360,274,31,0,0,616,1.522222,1206,57506,4.401460,209.875912,0.500000,1.250000,1.000000,2.000000,2.000000;2.000000;2.000000;2.000000;2.000000;2.000000;1.000000;1.000000;1.000000;1.000000;1.000000;1.000000;1.000000;1.000000;1.000000;1.000000;1.000000;1.000000;1.000000;1.000000;1.000000;1.000000;1.000000;1.000000,46,1.000000,1,2.000000;2.000000;2.000000;2.000000;2.000000;2.000000;2.000000;1.000000;1.000000;1.000000;1.000000;1.000000;1.000000;1.000000;1.000000;1.000000;1.000000;1.000000;1.000000;1.000000;1.000000;1.000000;1.000000,1.530908;1.459097;0.061413;1.495240;1.590114;0.021733;nan;0.100773;0.066853;0.053663;0.162853;0.128933;0.095013;0.061093;0.027173;0.157093;0.123173;0.089253;0.055333;0.021413;0.151333;0.117413;nan,2.000000;2.000000;2.000000;2.000000;2.000000;2.000000;2.000000;1.000000;1.000000;1.000000;1.000000;1.000000;1.000000;1.000000;1.000000;1.000000;1.000000;1.000000;1.000000;1.000000;1.000000;1.000000;1.000000,0,0,0,0,0,0,0,0,0,0,750,36000,173,8996,145,6960,121,5040,17,510,0,0,0,0,0,0,0,0,graph_0001__stability_0.2000,stability,0.2,graph_0001,epoch_0001
trace,static,0.186227,0.186225,810,591,105,0,0,0.391667,0.020105,72.449484,360,141,0,0,0,190,0.783333,0,0,0.000000,0.000000,0.500000,1.250000,1.000000,2.000000,2.000000;2.000000;2.000000;2.000000;2.000000;2.000000;1.000000;1.000000;1.000000;1.000000;1.000000;1.000000;1.000000;1.000000;1.000000;1.000000;1.000000;1.000000;1.000000;1.000000;1.000000;1.000000;1.000000;1.000000,46,1.000000,1,2.000000;2.000000;2.000000;2.000000;2.000000;2.000000;2.000000;1.000000;1.000000;1.000000;1.000000;1.000000;1.000000;1.000000;1.000000;1.000000;1.000000;1.000000;1.000000;1.000000;1.000000;1.000000;1.000000,0.042269;0.188774;0.070119;0.166389;0.098549;0.030709;0.143669;0.109749;0.075829;0.050615;0.171829;0.137909;0.103989;0.070069;0.036149;0.166069;0.132229;0.098229;0.064039;0.030389;0.160309;0.126389;nan,2.000000;2.000000;2.000000;2.000000;2.000000;2.000000;2.000000;1.000000;1.000000;1.000000;1.000000;1.000000;1.000000;1.000000;1.000000;1.000000;1.000000;1.000000;1.000000;1.000000;1.000000;1.000000;1.000000,0,0,0,0,0,0,0,0,0,0,0,0,0,0,0,0,0,0,0,0,0,0,0,0,0,0,0,0,graph_0001__stability_0.2000,stability,0.2,graph_0001,epoch_0001
trace,olsr,0.394314,0.394224,1440,1578,105,611,898,0.391667,0.019661,78.049952,360,141,1,0,0,416,0.783333,611,43448,4.333333,308.141844,0.500000,1.250000,1.000000,2.000000,2.000000;2.000000;2.000000;2.000000;2.000000;2.000000;1.000000;1.000000;1.000000;1.000000;1.000000;1.000000;1.000000;1.000000;1.000000;1.000000;1.000000;1.000000;1.000000;1.000000;1.000000;1.000000;1.000000;1.000000,46,1.000000,1,2.000000;2.000000;2.000000;2.000000;2.000000;2.000000;2.000000;1.000000;1.000000;1.000000;1.000000;1.000000;1.000000;1.000000;1.000000;1.000000;1.000000;1.000000;1.000000;1.000000;1.000000;1.000000;1.000000,0.033253;nan;0.061413;nan;nan;nan;nan;nan;0.230693;nan;nan;0.128933;0.095013;nan;0.228211;nan;0.123173;0.089253;0.055333;0.021413;0.151333;0.290229;nan,2.000000;2.000000;2.000000;2.000000;2.000000;2.000000;2.000000;1.000000;1.000000;1.000000;1.000000;1.000000;1.000000;1.000000;1.000000;1.000000;1.000000;1.000000;1.000000;1.000000;1.000000;1.000000;1.000000,341,20680,270,22768,0,0,0,0,0,0,0,0,0,0,0,0,0,0,0,0,0,0,0,0,0,0,0,0,graph_0001__stability_0.2000,stability,0.2,graph_0001,epoch_0003
trace,aodv,0.613283,0.613167,2655,2925,105,1206,1545,0.741667,0.037381,78.160930,360,267,24,0,0,644,1.483333,1206,57580,4.516854,215.655431,0.500000,1.250000,1.000000,2.000000,2.000000;2.000000;2.000000;2.000000;2.000000;2.000000;1.000000;1.000000;1.000000;1.000000;1.000000;1.000000;1.000000;1.000000;1.000000;1.000000;1.000000;1.000000;1.000000;1.000000;1.000000;1.000000;1.000000;1.000000,46,1.000000,1,2.000000;2.000000;2.000000;2.000000;2.000000;2.000000;2.000000;1.000000;1.000000;1.000000;1.000000;1.000000;1.000000;1.000000;1.000000;1.000000;1.000000;1.000000;1.000000;1.000000;1.000000;1.000000;1.000000,1.552888;0.129253;0.061413;1.485720;1.579607;0.021733;nan;0.100773;0.066853;0.054177;0.162853;0.128933;0.095013;0.061093;0.027173;0.157093;0.123173;0.089253;0.055333;0.021413;0.151333;0.117413;nan,2.000000;2.000000;2.000000;2.000000;2.000000;2.000000;2.000000;1.000000;1.000000;1.000000;1.000000;1.000000;1.000000;1.000000;1.000000;1.000000;1.000000;1.000000;1.000000;1.000000;1.000000;1.000000;1.000000,0,0,0,0,0,0,0,0,0,0,753,36144,174,9048,148,7104,113,4744,18,540,0,0,0,0,0,0,0,0,graph_0001__stability_0.2000,stability,0.2,graph_0001,epoch_0003
trace,static,0.185498,0.185490,810,592,105,0,0,0.394444,0.020253,72.465764,360,142,0,0,0,191,0.788889,0,0,0.000000,0.000000,0.500000,1.250000,1.000000,2.000000,2.000000;2.000000;2.000000;2.000000;2.000000;2.000000;1.000000;1.000000;1.000000;1.000000;1.000000;1.000000;1.000000;1.000000;1.000000;1.000000;1.000000;1.000000;1.000000;1.000000;1.000000;1.000000;1.000000;1.000000,46,1.000000,1,2.000000;2.000000;2.000000;2.000000;2.000000;2.000000;2.000000;1.000000;1.000000;1.000000;1.000000;1.000000;1.000000;1.000000;1.000000;1.000000;1.000000;1.000000;1.000000;1.000000;1.000000;1.000000;1.000000,0.042269;0.185188;0.070119;0.166389;0.098549;0.030709;0.143669;0.109749;0.075829;0.041989;0.171829;0.137909;0.103989;0.070069;0.036149;0.166069;0.132229;0.098229;0.064039;0.030389;0.160309;0.126389;nan,2.000000;2.000000;2.000000;2.000000;2.000000;2.000000;2.000000;1.000000;1.000000;1.000000;1.000000;1.000000;1.000000;1.000000;1.000000;1.000000;1.000000;1.000000;1.000000;1.000000;1.000000;1.000000;1.000000,0,0,0,0,0,0,0,0,0,0,0,0,0,0,0,0,0,0,0,0,0,0,0,0,0,0,0,0,graph_0001__stability_0.2000,stability,0.2,graph_0001,epoch_0003
trace,olsr,0.429820,0.429284,1536,1649,105,607,901,0.405556,0.020354,76.370355,360,146,33,0,0,479,0.811111,607,43592,4.157534,298.575342,0.500000,1.250000,1.000000,2.000000,2.000000;2.000000;2.000000;2.000000;2.000000;2.000000;1.000000;1.000000;1.000000;1.000000;1.000000;1.000000;1.000000;1.000000;1.000000;1.000000;1.000000;1.000000;1.000000;1.000000;1.000000;1.000000;1.000000;1.000000,46,1.000000,1,2.000000;2.000000;2.000000;2.000000;2.000000;2.000000;2.000000;1.000000;1.000000;1.000000;1.000000;1.000000;1.000000;1.000000;1.000000;1.000000;1.000000;1.000000;1.000000;1.000000;1.000000;1.000000;1.000000,0.033253;nan;0.061413;nan;0.089573;nan;nan;0.264613;nan;0.032933;0.162853;nan;nan;0.225013;0.027173;0.157093;nan;nan;0.055333;0.021413;0.151333;0.290229;nan,2.000000;2.000000;2.000000;2.000000;2.000000;2.000000;2.000000;1.000000;1.000000;1.000000;1.000000;1.000000;1.000000;1.000000;1.000000;1.000000;1.000000;1.000000;1.000000;1.000000;1.000000;1.000000;1.000000,342,20804,265,22788,0,0,0,0,0,0,0,0,0,0,0,0,0,0,0,0,0,0,0,0,0,0,0,0,graph_0001__stability_0.2000,stability,0.2,graph_0001,epoch_0004
trace,aodv,0.634022,0.633102,2702,3001,105,1210,1553,0.797222,0.040176,76.292843,360,287,29,0,0,601,1.594444,1210,57746,4.216028,201.205575,0.500000,1.250000,1.000000,2.000000,2.000000;2.000000;2.000000;2.000000;2.000000;2.000000;1.000000;1.000000;1.000000;1.000000;1.000000;1.000000;1.000000;1.000000;1.000000;1.000000;1.000000;1.000000;1.000000;1.000000;1.000000;1.000000;1.000000;1.000000,46,1.000000,1,2.000000;2.000000;2.000000;2.000000;2.000000;2.000000;2.000000;1.000000;1.000000;1.000000;1.000000;1.000000;1.000000;1.000000;1.000000;1.000000;1.000000;1.000000;1.000000;1.000000;1.000000;1.000000;1.000000,1.542679;0.129253;0.061413;1.496760;1.582021;0.021733;nan;0.100773;0.066853;0.051643;0.162853;0.128933;0.095013;0.061093;0.027173;0.157093;0.123173;0.089253;0.055333;0.021413;0.151333;0.117413;nan,2.000000;2.000000;2.000000;2.000000;2.000000;2.000000;2.000000;1.000000;1.000000;1.000000;1.000000;1.000000;1.000000;1.000000;1.000000;1.000000;1.000000;1.000000;1.000000;1.000000;1.000000;1.000000;1.000000,0,0,0,0,0,0,0,0,0,0,750,36000,182,9464,144,6912,115,4800,19,570,0,0,0,0,0,0,0,0,graph_0001__stability_0.2000,stability,0.2,graph_0001,epoch_0004
trace,static,0.183882,0.183716,810,592,105,0,0,0.394444,0.020248,72.465714,360,142,0,0,0,189,0.788889,0,0,0.000000,0.000000,0.500000,1.250000,1.000000,2.000000,2.000000;2.000000;2.000000;2.000000;2.000000;2.000000;1.000000;1.000000;1.000000;1.000000;1.000000;1.000000;1.000000;1.000000;1.000000;1.000000;1.000000;1.000000;1.000000;1.000000;1.000000;1.000000;1.000000;1.000000,46,1.000000,1,2.000000;2.000000;2.000000;2.000000;2.000000;2.000000;2.000000;1.000000;1.000000;1.000000;1.000000;1.000000;1.000000;1.000000;1.000000;1.000000;1.000000;1.000000;1.000000;1.000000;1.000000;1.000000;1.000000,0.042269;0.194874;0.070119;0.166389;0.098549;0.030709;0.143669;0.109749;0.075829;0.041989;0.171829;0.137909;0.103989;0.070069;0.036149;0.166069;0.132229;0.098229;0.064039;0.030389;0.160309;0.126389;nan,2.000000;2.000000;2.000000;2.000000;2.000000;2.000000;2.000000;1.000000;1.000000;1.000000;1.000000;1.000000;1.000000;1.000000;1.000000;1.000000;1.000000;1.000000;1.000000;1.000000;1.000000;1.000000;1.000000,0,0,0,0,0,0,0,0,0,0,0,0,0,0,0,0,0,0,0,0,0,0,0,0,0,0,0,0,graph_0001__stability_0.2000,stability,0.2,graph_0001,epoch_0004
trace,olsr,0.395238,0.395190,1441,1583,105,604,897,0.391667,0.019659,78.092799,360,141,0,0,0,403,0.783333,604,44196,4.283688,313.446809,0.500000,1.250000,1.000000,2.000000,2.000000;2.000000;2.000000;2.000000;2.000000;2.000000;1.000000;1.000000;1.000000;1.000000;1.000000;1.000000;1.000000;1.000000;1.000000;1.000000;1.000000;1.000000;1.000000;1.000000;1.000000;1.000000;1.000000;1.000000,46,1.000000,1,2.000000;2.000000;2.000000;2.000000;2.000000;2.000000;2.000000;1.000000;1.000000;1.000000;1.000000;1.000000;1.000000;1.000000;1.000000;1.000000;1.000000;1.000000;1.000000;1.000000;1.000000;1.000000;1.000000,0.033253;nan;0.061413;nan;nan;nan;nan;nan;0.067971;nan;nan;0.292773;0.095013;nan;0.227991;nan;0.123173;0.089253;0.055333;0.021413;0.151333;0.290229;nan,2.000000;2.000000;2.000000;2.000000;2.000000;2.000000;2.000000;1.000000;1.000000;1.000000;1.000000;1.000000;1.000000;1.000000;1.000000;1.000000;1.000000;1.000000;1.000000;1.000000;1.000000;1.000000;1.000000,345,21104,259,23092,0,0,0,0,0,0,0,0,0,0,0,0,0,0,0,0,0,0,0,0,0,0,0,0,graph_0001__stability_0.2000,stability,0.2,graph_0001,epoch_0005
trace,aodv,0.595921,0.595873,2641,2901,105,1199,1531,0.730556,0.037430,77.812843,360,263,25,0,0,650,1.461111,1199,57402,4.558935,218.258555,0.500000,1.250000,1.000000,2.000000,2.000000;2.000000;2.000000;2.000000;2.000000;2.000000;1.000000;1.000000;1.000000;1.000000;1.000000;1.000000;1.000000;1.000000;1.000000;1.000000;1.000000;1.000000;1.000000;1.000000;1.000000;1.000000;1.000000;1.000000,46,1.000000,1,2.000000;2.000000;2.000000;2.000000;2.000000;2.000000;2.000000;1.000000;1.000000;1.000000;1.000000;1.000000;1.000000;1.000000;1.000000;1.000000;1.000000;1.000000;1.000000;1.000000;1.000000;1.000000;1.000000,1.535018;1.464942;0.061413;1.491450;1.576063;0.021733;nan;0.100773;0.066853;0.047507;0.162853;0.128933;0.095013;0.073569;0.027173;0.157093;0.123173;0.089253;0.055333;0.021413;0.151333;0.117413;nan,2.000000;2.000000;2.000000;2.000000;2.000000;2.000000;2.000000;1.000000;1.000000;1.000000;1.000000;1.000000;1.000000;1.000000;1.000000;1.000000;1.000000;1.000000;1.000000;1.000000;1.000000;1.000000;1.000000,0,0,0,0,0,0,0,0,0,0,738,35424,192,9984,150,7200,100,4224,19,570,0,0,0,0,0,0,0,0,graph_0001__stability_0.2000,stability,0.2,graph_0001,epoch_0005
trace,static,0.185449,0.185441,810,591,105,0,0,0.391667,0.020107,72.449558,360,141,0,0,0,190,0.783333,0,0,0.000000,0.000000,0.500000,1.250000,1.000000,2.000000,2.000000;2.000000;2.000000;2.000000;2.000000;2.000000;1.000000;1.000000;1.000000;1.000000;1.000000;1.000000;1.000000;1.000000;1.000000;1.000000;1.000000;1.000000;1.000000;1.000000;1.000000;1.000000;1.000000;1.000000,46,1.000000,1,2.000000;2.000000;2.000000;2.000000;2.000000;2.000000;2.000000;1.000000;1.000000;1.000000;1.000000;1.000000;1.000000;1.000000;1.000000;1.000000;1.000000;1.000000;1.000000;1.000000;1.000000;1.000000;1.000000,0.042269;0.193014;0.070119;0.166389;0.098549;0.030709;0.143669;0.109749;0.075829;0.050615;0.171829;0.137909;0.103989;0.070069;0.036149;0.166069;0.132229;0.098229;0.064039;0.030389;0.160309;0.126389;nan,2.000000;2.000000;2.000000;2.000000;2.000000;2.000000;2.000000;1.000000;1.000000;1.000000;1.000000;1.000000;1.000000;1.000000;1.000000;1.000000;1.000000;1.000000;1.000000;1.000000;1.000000;1.000000;1.000000,0,0,0,0,0,0,0,0,0,0,0,0,0,0,0,0,0,0,0,0,0,0,0,0,0,0,0,0,graph_0001__stability_0.2000,stability,0.2,graph_0001,epoch_0005
trace,olsr,0.506320,0.506283,1861,1985,105,615,918,0.411111,0.020635,79.006974,360,148,28,0,0,478,0.822222,615,45096,4.155405,304.702703,0.500000,1.250000,1.000000,2.000000,2.000000;2.000000;2.000000;2.000000;2.000000;2.000000;1.000000;1.000000;1.000000;1.000000;1.000000;1.000000;1.000000;1.000000;1.000000;1.000000;1.000000;1.000000;1.000000;1.000000;1.000000;1.000000;1.000000;1.000000,46,1.000000,1,2.000000;2.000000;2.000000;2.000000;2.000000;2.000000;2.000000;1.000000;1.000000;1.000000;1.000000;1.000000;1.000000;1.000000;1.000000;1.000000;1.000000;1.000000;1.000000;1.000000;1.000000;1.000000;1.000000,0.033253;nan;0.061413;nan;nan;0.652734;nan;nan;0.558373;nan;nan;nan;nan;0.061093;0.027173;0.157093;0.123173;0.089253;0.055333;0.021413;0.151333;0.290229;nan,2.000000;2.000000;2.000000;2.000000;2.000000;2.000000;2.000000;1.000000;1.000000;1.000000;1.000000;1.000000;1.000000;1.000000;1.000000;1.000000;1.000000;1.000000;1.000000;1.000000;1.000000;1.000000;1.000000,343,21068,262,23468,0,0,0,0,10,560,0,0,0,0,0,0,0,0,0,0,0,0,0,0,0,0,0,0,graph_0001__stability_0.2000,stability,0.2,graph_0001,epoch_0002
trace,aodv,0.553773,0.553733,2489,2748,105,1156,1472,0.644444,0.032476,76.673950,360,232,15,56,0,534,1.288889,1156,55430,4.982759,238.922414,0.500000,1.250000,1.000000,2.000000,2.000000;2.000000;2.000000;2.000000;2.000000;2.000000;1.000000;1.000000;1.000000;1.000000;1.000000;1.000000;1.000000;1.000000;1.000000;1.000000;1.000000;1.000000;1.000000;1.000000;1.000000;1.000000;1.000000;1.000000,46,1.000000,1,2.000000;2.000000;2.000000;2.000000;2.000000;2.000000;2.000000;1.000000;1.000000;1.000000;1.000000;1.000000;1.000000;1.000000;1.000000;1.000000;1.000000;1.000000;1.000000;1.000000;1.000000;1.000000;1.000000,1.536217;0.129253;0.061413;1.500536;1.749413;nan;nan;nan;nan;0.032933;0.162853;0.128933;0.095013;0.065899;0.027173;0.157093;0.123173;0.089253;0.055333;0.021413;0.151333;0.117413;nan,2.000000;2.000000;2.000000;2.000000;2.000000;2.000000;2.000000;1.000000;1.000000;1.000000;1.000000;1.000000;1.000000;1.000000;1.000000;1.000000;1.000000;1.000000;1.000000;1.000000;1.000000;1.000000;1.000000,0,0,0,0,0,0,0,0,0,0,752,36096,165,8580,136,6528,88,3776,15,450,0,0,0,0,0,0,0,0,graph_0001__stability_0.2000,stability,0.2,graph_0001,epoch_0002
trace,static,0.184104,0.183996,810,591,105,0,0,0.391667,0.020107,72.449518,360,141,0,0,0,188,0.783333,0,0,0.000000,0.000000,0.500000,1.250000,1.000000,2.000000,2.000000;2.000000;2.000000;2.000000;2.000000;2.000000;1.000000;1.000000;1.000000;1.000000;1.000000;1.000000;1.000000;1.000000;1.000000;1.000000;1.000000;1.000000;1.000000;1.000000;1.000000;1.000000;1.000000;1.000000,46,1.000000,1,2.000000;2.000000;2.000000;2.000000;2.000000;2.000000;2.000000;1.000000;1.000000;1.000000;1.000000;1.000000;1.000000;1.000000;1.000000;1.000000;1.000000;1.000000;1.000000;1.000000;1.000000;1.000000;1.000000,0.042269;0.187594;0.070119;0.166389;0.098549;0.030709;0.143669;0.109749;0.075829;0.050615;0.171829;0.137909;0.103989;0.070069;0.036149;0.166069;0.132229;0.098229;0.064039;0.030389;0.160309;0.126389;nan,2.000000;2.000000;2.000000;2.000000;2.000000;2.000000;2.000000;1.000000;1.000000;1.000000;1.000000;1.000000;1.000000;1.000000;1.000000;1.000000;1.000000;1.000000;1.000000;1.000000;1.000000;1.000000;1.000000,0,0,0,0,0,0,0,0,0,0,0,0,0,0,0,0,0,0,0,0,0,0,0,0,0,0,0,0,graph_0001__stability_0.2000,stability,0.2,graph_0001,epoch_0002
