scenario,protocol,wall_time_s,cpu_time_s,ip_tx_cb_calls,ip_rx_cb_calls,frame_apply_calls,routing_tx,routing_rx,pdr,goodput_mbps,eed_mean_s,app_tx_pkts,app_rx_pkts,ip_drop_no_route,ip_drop_route_err,phy_tx_drop,phy_rx_drop,routing_efficiency,control_packets,control_bytes,control_packets_per_delivered,control_bytes_per_delivered,oracle_uptime_ratio,oracle_mean_up_run_s,oracle_median_up_run_s,oracle_p90_up_run_s,oracle_up_runs_s,oracle_transition_count,oracle_path_identity_retention,oracle_has_alternative_paths,oracle_outage_durations_s,reestablishment_times_s,reestablishment_outage_durations_s,olsr_hello_packets,olsr_hello_bytes,olsr_tc_packets,olsr_tc_bytes,olsr_mid_packets,olsr_mid_bytes,olsr_hna_packets,olsr_hna_bytes,olsr_other_packets,olsr_other_bytes,aodv_hello_packets,aodv_hello_bytes,aodv_rreq_packets,aodv_rreq_bytes,aodv_rrep_packets,aodv_rrep_bytes,aodv_rerr_packets,aodv_rerr_bytes,aodv_rrep_ack_packets,aodv_rrep_ack_bytes,aodv_other_packets,aodv_other_bytes,dsdv_update_packets,dsdv_update_bytes,dsdv_other_packets,dsdv_other_bytes,static_other_packets,static_other_bytes,label,param_name,param_value,realization_id,replay_epoch
trace,olsr,0.404289,0.404266,1456,1563,105,608,877,0.327778,0.016542,81.453736,360,118,17,0,0,441,0.655556,608,42728,5.152542,362.101695,0.500000,4.285714,4.000000,5.000000,5.000000;5.000000;4.000000;4.000000;4.000000;4.000000;4.000000,12,0.826087,1,5.000000;5.000000;5.000000;5.000000;5.000000;5.000000,nan;0.425979;0.100773;0.111973;1.028814;0.134373,5.000000;5.000000;5.000000;5.000000;5.000000;5.000000,346,20996,262,21732,0,0,0,0,0,0,0,0,0,0,0,0,0,0,0,0,0,0,0,0,0,0,0,0,graph_0001__pathPersistency_0.5000,pathPersistency,0.5,graph_0001,epoch_0001
trace,aodv,0.553883,0.553837,2496,2782,105,1154,1477,0.655556,0.033030,71.166490,360,236,31,56,0,515,1.311111,1154,54724,4.889831,231.881356,0.500000,4.285714,4.000000,5.000000,5.000000;5.000000;4.000000;4.000000;4.000000;4.000000;4.000000,12,0.826087,1,5.000000;5.000000;5.000000;5.000000;5.000000;5.000000,0.095333;0.089573;nan;0.111973;0.123173;0.134373,5.000000;5.000000;5.000000;5.000000;5.000000;5.000000,0,0,0,0,0,0,0,0,0,0,760,36480,152,7904,87,4176,137,5624,18,540,0,0,0,0,0,0,0,0,graph_0001__pathPersistency_0.5000,pathPersistency,0.5,graph_0001,epoch_0001
trace,static,0.189832,0.189826,851,652,105,0,0,0.447222,0.022445,73.037634,360,161,0,0,0,116,0.894444,0,0,0.000000,0.000000,0.500000,4.285714,4.000000,5.000000,5.000000;5.000000;4.000000;4.000000;4.000000;4.000000;4.000000,12,0.826087,1,5.000000;5.000000;5.000000;5.000000;5.000000;5.000000,0.104309;0.098549;0.109479;0.120949;0.141125;0.143349,5.000000;5.000000;5.000000;5.000000;5.000000;5.000000,0,0,0,0,0,0,0,0,0,0,0,0,0,0,0,0,0,0,0,0,0,0,0,0,0,0,0,0,graph_0001__pathPersistency_0.5000,pathPersistency,0.5,graph_0001,epoch_0001
trace,olsr,0.443853,0.443362,1557,1645,105,596,854,0.427778,0.021595,79.480390,360,154,22,0,0,454,0.855556,596,42112,3.870130,273.454545,0.500000,4.285714,4.000000,5.000000,5.000000;5.000000;4.000000;4.000000;4.000000;4.000000;4.000000,12,0.826087,1,5.000000;5.000000;5.000000;5.000000;5.000000;5.000000,3.535973;0.089573;0.100773;0.111973;0.123173;0.134373,5.000000;5.000000;5.000000;5.000000;5.000000;5.000000,348,21148,248,20964,0,0,0,0,0,0,0,0,0,0,0,0,0,0,0,0,0,0,0,0,0,0,0,0,graph_0001__pathPersistency_0.5000,pathPersistency,0.5,graph_0001,epoch_0003
trace,aodv,0.601464,0.600819,2600,2859,105,1134,1473,0.752778,0.037934,73.881559,360,271,9,0,0,585,1.505556,1134,54216,4.184502,200.059041,0.500000,4.285714,4.000000,5.000000,5.000000;5.000000;4.000000;4.000000;4.000000;4.000000;4.000000,12,0.826087,1,5.000000;5.000000;5.000000;5.000000;5.000000;5.000000,0.268149;0.089573;0.446920;0.111973;0.123173;0.134373,5.000000;5.000000;5.000000;5.000000;5.000000;5.000000,0,0,0,0,0,0,0,0,0,0,763,36624,150,7800,118,5664,83,3528,20,600,0,0,0,0,0,0,0,0,graph_0001__pathPersistency_0.5000,pathPersistency,0.5,graph_0001,epoch_0003
trace,static,0.188275,0.188260,853,655,105,0,0,0.450000,0.022590,73.110001,360,162,0,0,0,118,0.900000,0,0,0.000000,0.000000,0.500000,4.285714,4.000000,5.000000,5.000000;5.000000;4.000000;4.000000;4.000000;4.000000;4.000000,12,0.826087,1,5.000000;5.000000;5.000000;5.000000;5.000000;5.000000,0.104309;0.098549;0.109479;0.120949;0.132309;0.143349,5.000000;5.000000;5.000000;5.000000;5.000000;5.000000,0,0,0,0,0,0,0,0,0,0,0,0,0,0,0,0,0,0,0,0,0,0,0,0,0,0,0,0,graph_0001__pathPersistency_0.5000,pathPersistency,0.5,graph_0001,epoch_0003
trace,olsr,0.446054,0.446015,1610,1689,105,589,844,0.475000,0.023839,75.486573,360,171,2,0,0,458,0.950000,589,42428,3.444444,248.116959,0.500000,4.285714,4.000000,5.000000,5.000000;5.000000;4.000000;4.000000;4.000000;4.000000;4.000000,12,0.826087,1,5.000000;5.000000;5.000000;5.000000;5.000000;5.000000,0.268149;0.089573;0.100773;0.111973;0.287013;1.222377,5.000000;5.000000;5.000000;5.000000;5.000000;5.000000,346,20952,243,21476,0,0,0,0,0,0,0,0,0,0,0,0,0,0,0,0,0,0,0,0,0,0,0,0,graph_0001__pathPersistency_0.5000,pathPersistency,0.5,graph_0001,epoch_0004
trace,aodv,0.548963,0.548946,2401,2677,105,1190,1520,0.602778,0.030377,75.079238,360,217,33,56,0,505,1.205556,1190,56664,5.483871,261.124424,0.500000,4.285714,4.000000,5.000000,5.000000;5.000000;4.000000;4.000000;4.000000;4.000000;4.000000,12,0.826087,1,5.000000;5.000000;5.000000;5.000000;5.000000;5.000000,0.095333;nan;1.436440;0.111973;1.960188;0.134373,5.000000;5.000000;5.000000;5.000000;5.000000;5.000000,0,0,0,0,0,0,0,0,0,0,760,36480,169,8788,113,5424,130,5432,18,540,0,0,0,0,0,0,0,0,graph_0001__pathPersistency_0.5000,pathPersistency,0.5,graph_0001,epoch_0004
trace,static,0.188173,0.188160,852,654,105,0,0,0.450000,0.022584,73.109880,360,162,0,0,0,116,0.900000,0,0,0.000000,0.000000,0.500000,4.285714,4.000000,5.000000,5.000000;5.000000;4.000000;4.000000;4.000000;4.000000;4.000000,12,0.826087,1,5.000000;5.000000;5.000000;5.000000;5.000000;5.000000,0.104309;0.098549;0.109479;0.120949;0.132309;0.143349,5.000000;5.000000;5.000000;5.000000;5.000000;5.000000,0,0,0,0,0,0,0,0,0,0,0,0,0,0,0,0,0,0,0,0,0,0,0,0,0,0,0,0,graph_0001__pathPersistency_0.5000,pathPersistency,0.5,graph_0001,epoch_0004
trace,olsr,0.493364,0.493321,1746,1830,105,610,888,0.455556,0.022929,74.880255,360,164,0,0,0,502,0.911111,610,44992,3.719512,274.341463,0.500000,4.285714,4.000000,5.000000,5.000000;5.000000;4.000000;4.000000;4.000000;4.000000;4.000000,12,0.826087,1,5.000000;5.000000;5.000000;5.000000;5.000000;5.000000,0.268149;0.089573;0.264613;0.111973;0.295719;0.134373,5.000000;5.000000;5.000000;5.000000;5.000000;5.000000,347,21264,261,23616,0,0,0,0,2,112,0,0,0,0,0,0,0,0,0,0,0,0,0,0,0,0,0,0,graph_0001__pathPersistency_0.5000,pathPersistency,0.5,graph_0001,epoch_0005
trace,aodv,0.553855,0.553799,2450,2743,105,1173,1499,0.658333,0.033771,74.761987,360,237,34,56,0,561,1.316667,1173,55872,4.949367,235.746835,0.500000,4.285714,4.000000,5.000000,5.000000;5.000000;4.000000;4.000000;4.000000;4.000000;4.000000,12,0.826087,1,5.000000;5.000000;5.000000;5.000000;5.000000;5.000000,0.095333;nan;0.454120;0.111973;0.123173;0.134373,5.000000;5.000000;5.000000;5.000000;5.000000;5.000000,0,0,0,0,0,0,0,0,0,0,761,36528,162,8424,109,5232,125,5208,16,480,0,0,0,0,0,0,0,0,graph_0001__pathPersistency_0.5000,pathPersistency,0.5,graph_0001,epoch_0005
trace,static,0.191144,0.191032,853,655,105,0,0,0.450000,0.022587,73.110039,360,162,0,0,0,118,0.900000,0,0,0.000000,0.000000,0.500000,4.285714,4.000000,5.000000,5.000000;5.000000;4.000000;4.000000;4.000000;4.000000;4.000000,12,0.826087,1,5.000000;5.000000;5.000000;5.000000;5.000000;5.000000,0.104309;0.098549;0.109479;0.120949;0.132309;0.143349,5.000000;5.000000;5.000000;5.000000;5.000000;5.000000,0,0,0,0,0,0,0,0,0,0,0,0,0,0,0,0,0,0,0,0,0,0,0,0,0,0,0,0,graph_0001__pathPersistency_0.5000,pathPersistency,0.5,graph_0001,epoch_0005
trace,olsr,0.448205,0.448156,1621,1693,105,590,848,0.416667,0.023104,71.930283,360,150,12,0,0,501,0.833333,590,43072,3.933333,287.146667,0.500000,4.285714,4.000000,5.000000,5.000000;5.000000;4.000000;4.000000;4.000000;4.000000;4.000000,12,0.826087,1,5.000000;5.000000;5.000000;5.000000;5.000000;5.000000,0.268149;0.089573;0.100773;0.111973;0.123173;nan,5.000000;5.000000;5.000000;5.000000;5.000000;5.000000,342,21076,248,21996,0,0,0,0,0,0,0,0,0,0,0,0,0,0,0,0,0,0,0,0,0,0,0,0,graph_0001__pathPersistency_0.5000,pathPersistency,0.5,graph_0001,epoch_0002
trace,aodv,0.546459,0.546419,2463,2740,105,1116,1447,0.672222,0.033872,73.748538,360,242,8,56,0,511,1.344444,1116,53484,4.611570,221.008264,0.500000,4.285714,4.000000,5.000000,5.000000;5.000000;4.000000;4.000000;4.000000;4.000000;4.000000,12,0.826087,1,5.000000;5.000000;5.000000;5.000000;5.000000;5.000000,0.095333;nan;0.451364;0.111973;0.123173;0.134373,5.000000;5.000000;5.000000;5.000000;5.000000;5.000000,0,0,0,0,0,0,0,0,0,0,759,36432,161,8372,99,4752,81,3448,16,480,0,0,0,0,0,0,0,0,graph_0001__pathPersistency_0.5000,pathPersistency,0.5,graph_0001,epoch_0002
trace,static,0.186823,0.186785,852,654,105,0,0,0.450000,0.022587,73.109881,360,162,0,0,0,116,0.900000,0,0,0.000000,0.000000,0.500000,4.285714,4.000000,5.000000,5.000000;5.000000;4.000000;4.000000;4.000000;4.000000;4.000000,12,0.826087,1,5.000000;5.000000;5.000000;5.000000;5.000000;5.000000,0.104309;0.098549;0.109479;0.120949;0.132309;0.143349,5.000000;5.000000;5.000000;5.000000;5.000000;5.000000,0,0,0,0,0,0,0,0,0,0,0,0,0,0,0,0,0,0,0,0,0,0,0,0,0,0,0,0,graph_0001__pathPersistency_0.5000,pathPersistency,0.5,graph_0001,epoch_0002
trace,olsr,0.424200,0.423685,1472,1559,105,606,942,0.161111,0.008631,55.547364,360,58,14,0,0,539,0.322222,606,44220,10.448276,762.413793,0.500000,4.285714,4.000000,5.000000,5.000000;5.000000;4.000000;4.000000;4.000000;4.000000;4.000000,12,1.000000,1,5.000000;5.000000;5.000000;5.000000;5.000000;5.000000,0.268149;nan;1.256359;nan;nan;nan,5.000000;5.000000;5.000000;5.000000;5.000000;5.000000,337,20848,269,23372,0,0,0,0,0,0,0,0,0,0,0,0,0,0,0,0,0,0,0,0,0,0,0,0,graph_0002__pathPersistency_1.0000,pathPersistency,1.0,graph_0002,epoch_0001
trace,aodv,0.563210,0.562724,2466,2803,105,1102,1514,0.580556,0.029254,74.892444,360,209,20,56,0,529,1.161111,1102,52704,5.272727,252.172249,0.500000,4.285714,4.000000,5.000000,5.000000;5.000000;4.000000;4.000000;4.000000;4.000000;4.000000,12,1.000000,1,5.000000;5.000000;5.000000;5.000000;5.000000;5.000000,1.423741;nan;0.115528;0.111973;1.459704;0.134373,5.000000;5.000000;5.000000;5.000000;5.000000;5.000000,0,0,0,0,0,0,0,0,0,0,750,36000,152,7904,93,4464,95,3976,12,360,0,0,0,0,0,0,0,0,graph_0002__pathPersistency_1.0000,pathPersistency,1.0,graph_0002,epoch_0001
trace,static,0.194415,0.194303,871,679,105,0,0,0.466667,0.023422,73.106970,360,168,0,0,0,86,0.933333,0,0,0.000000,0.000000,0.500000,4.285714,4.000000,5.000000,5.000000;5.000000;4.000000;4.000000;4.000000;4.000000;4.000000,12,1.000000,1,5.000000;5.000000;5.000000;5.000000;5.000000;5.000000,0.149348;0.098279;0.109749;0.120949;0.132149;0.143349,5.000000;5.000000;5.000000;5.000000;5.000000;5.000000,0,0,0,0,0,0,0,0,0,0,0,0,0,0,0,0,0,0,0,0,0,0,0,0,0,0,0,0,graph_0002__pathPersistency_1.0000,pathPersistency,1.0,graph_0002,epoch_0001
trace,olsr,0.482517,0.482405,1678,1849,105,612,963,0.427778,0.021468,76.043489,360,154,26,0,0,491,0.855556,612,46172,3.974026,299.818182,0.500000,4.285714,4.000000,5.000000,5.000000;5.000000;4.000000;4.000000;4.000000;4.000000;4.000000,12,1.000000,1,5.000000;5.000000;5.000000;5.000000;5.000000;5.000000,0.268149;1.245159;1.256359;0.284789;0.123173;0.134373,5.000000;5.000000;5.000000;5.000000;5.000000;5.000000,335,21032,277,25140,0,0,0,0,0,0,0,0,0,0,0,0,0,0,0,0,0,0,0,0,0,0,0,0,graph_0002__pathPersistency_1.0000,pathPersistency,1.0,graph_0002,epoch_0003
trace,aodv,0.549365,0.549304,2459,2830,105,1076,1520,0.638889,0.032194,77.483374,360,230,1,56,0,508,1.277778,1076,51742,4.678261,224.965217,0.500000,4.285714,4.000000,5.000000,5.000000;5.000000;4.000000;4.000000;4.000000;4.000000;4.000000,12,1.000000,1,5.000000;5.000000;5.000000;5.000000;5.000000;5.000000,1.431436;nan;0.100773;0.111973;1.468248;0.134373,5.000000;5.000000;5.000000;5.000000;5.000000;5.000000,0,0,0,0,0,0,0,0,0,0,748,35904,155,8060,99,4752,63,2696,11,330,0,0,0,0,0,0,0,0,graph_0002__pathPersistency_1.0000,pathPersistency,1.0,graph_0002,epoch_0003
trace,static,0.189411,0.189384,871,679,105,0,0,0.466667,0.023420,73.106903,360,168,0,0,0,86,0.933333,0,0,0.000000,0.000000,0.500000,4.285714,4.000000,5.000000,5.000000;5.000000;4.000000;4.000000;4.000000;4.000000;4.000000,12,1.000000,1,5.000000;5.000000;5.000000;5.000000;5.000000;5.000000,0.143734;0.098279;0.109749;0.120949;0.132149;0.143349,5.000000;5.000000;5.000000;5.000000;5.000000;5.000000,0,0,0,0,0,0,0,0,0,0,0,0,0,0,0,0,0,0,0,0,0,0,0,0,0,0,0,0,graph_0002__pathPersistency_1.0000,pathPersistency,1.0,graph_0002,epoch_0003
trace,olsr,0.450527,0.450488,1610,1803,105,626,988,0.400000,0.020076,75.690542,360,144,25,0,0,455,0.800000,626,46340,4.347222,321.805556,0.500000,4.285714,4.000000,5.000000,5.000000;5.000000;4.000000;4.000000;4.000000;4.000000;4.000000,12,1.000000,1,5.000000;5.000000;5.000000;5.000000;5.000000;5.000000,0.268149;0.089573;1.256359;1.267849;0.123173;0.134373,5.000000;5.000000;5.000000;5.000000;5.000000;5.000000,334,20716,292,25624,0,0,0,0,0,0,0,0,0,0,0,0,0,0,0,0,0,0,0,0,0,0,0,0,graph_0002__pathPersistency_1.0000,pathPersistency,1.0,graph_0002,epoch_0004
trace,aodv,0.549471,0.549414,2452,2825,105,1069,1512,0.636111,0.032048,77.537448,360,229,5,56,0,496,1.272222,1069,51328,4.668122,224.139738,0.500000,4.285714,4.000000,5.000000,5.000000;5.000000;4.000000;4.000000;4.000000;4.000000;4.000000,12,1.000000,1,5.000000;5.000000;5.000000;5.000000;5.000000;5.000000,1.434341;nan;0.108532;0.111973;1.458832;0.134373,5.000000;5.000000;5.000000;5.000000;5.000000;5.000000,0,0,0,0,0,0,0,0,0,0,749,35952,153,7956,88,4224,69,2896,10,300,0,0,0,0,0,0,0,0,graph_0002__pathPersistency_1.0000,pathPersistency,1.0,graph_0002,epoch_0004
trace,static,0.191222,0.191210,871,679,105,0,0,0.466667,0.023422,73.107003,360,168,0,0,0,86,0.933333,0,0,0.000000,0.000000,0.500000,4.285714,4.000000,5.000000,5.000000;5.000000;4.000000;4.000000;4.000000;4.000000;4.000000,12,1.000000,1,5.000000;5.000000;5.000000;5.000000;5.000000;5.000000,0.153614;0.098279;0.109749;0.120949;0.132149;0.143349,5.000000;5.000000;5.000000;5.000000;5.000000;5.000000,0,0,0,0,0,0,0,0,0,0,0,0,0,0,0,0,0,0,0,0,0,0,0,0,0,0,0,0,graph_0002__pathPersistency_1.0000,pathPersistency,1.0,graph_0002,epoch_0004
trace,olsr,0.497877,0.497855,1769,1959,105,616,987,0.408333,0.020497,76.693854,360,147,31,0,0,470,0.816667,616,46584,4.190476,316.897959,0.500000,4.285714,4.000000,5.000000,5.000000;5.000000;4.000000;4.000000;4.000000;4.000000;4.000000,12,1.000000,1,5.000000;5.000000;5.000000;5.000000;5.000000;5.000000,0.268149;3.366373;1.256359;0.111973;0.123173;0.134373,5.000000;5.000000;5.000000;5.000000;5.000000;5.000000,334,20848,281,25680,0,0,0,0,1,56,0,0,0,0,0,0,0,0,0,0,0,0,0,0,0,0,0,0,graph_0002__pathPersistency_1.0000,pathPersistency,1.0,graph_0002,epoch_0005
trace,aodv,0.557811,0.557782,2491,2828,105,1123,1542,0.588889,0.029681,78.864696,360,212,10,56,0,514,1.177778,1123,53802,5.297170,253.783019,0.500000,4.285714,4.000000,5.000000,5.000000;5.000000;4.000000;4.000000;4.000000;4.000000;4.000000,12,1.000000,1,5.000000;5.000000;5.000000;5.000000;5.000000;5.000000,1.575891;nan;0.103882;0.111973;1.459288;0.134373,5.000000;5.000000;5.000000;5.000000;5.000000;5.000000,0,0,0,0,0,0,0,0,0,0,747,35856,163,8476,117,5616,83,3464,13,390,0,0,0,0,0,0,0,0,graph_0002__pathPersistency_1.0000,pathPersistency,1.0,graph_0002,epoch_0005
trace,static,0.190714,0.190702,871,679,105,0,0,0.466667,0.023425,73.106977,360,168,0,0,0,86,0.933333,0,0,0.000000,0.000000,0.500000,4.285714,4.000000,5.000000,5.000000;5.000000;4.000000;4.000000;4.000000;4.000000;4.000000,12,1.000000,1,5.000000;5.000000;5.000000;5.000000;5.000000;5.000000,0.142462;0.098279;0.109749;0.120949;0.132149;0.143349,5.000000;5.000000;5.000000;5.000000;5.000000;5.000000,0,0,0,0,0,0,0,0,0,0,0,0,0,0,0,0,0,0,0,0,0,0,0,0,0,0,0,0,graph_0002__pathPersistency_1.0000,pathPersistency,1.0,graph_0002,epoch_0005
trace,olsr,0.473076,0.472558,1646,1828,105,621,983,0.394444,0.020966,72.764624,360,142,18,0,0,468,0.788889,621,46460,4.373239,327.183099,0.500000,4.285714,4.000000,5.000000,5.000000;5.000000;4.000000;4.000000;4.000000;4.000000;4.000000,12,1.000000,1,5.000000;5.000000;5.000000;5.000000;5.000000;5.000000,0.268149;1.245159;1.256359;0.111973;0.123173;nan,5.000000;5.000000;5.000000;5.000000;5.000000;5.000000,337,20960,284,25500,0,0,0,0,0,0,0,0,0,0,0,0,0,0,0,0,0,0,0,0,0,0,0,0,graph_0002__pathPersistency_1.0000,pathPersistency,1.0,graph_0002,epoch_0002
trace,aodv,0.559723,0.559151,2474,2785,105,1113,1513,0.566667,0.028554,74.807451,360,204,11,56,0,537,1.133333,1113,53408,5.455882,261.803922,0.500000,4.285714,4.000000,5.000000,5.000000;5.000000;4.000000;4.000000;4.000000;4.000000;4.000000,12,1.000000,1,5.000000;5.000000;5.000000;5.000000;5.000000;5.000000,1.434180;nan;0.105412;0.111973;1.458772;0.001147,5.000000;5.000000;5.000000;5.000000;5.000000;5.000000,0,0,0,0,0,0,0,0,0,0,747,35856,168,8736,107,5136,79,3320,12,360,0,0,0,0,0,0,0,0,graph_0002__pathPersistency_1.0000,pathPersistency,1.0,graph_0002,epoch_0002
trace,static,0.193095,0.192889,871,679,105,0,0,0.466667,0.023421,73.106992,360,168,0,0,0,86,0.933333,0,0,0.000000,0.000000,0.500000,4.285714,4.000000,5.000000,5.000000;5.000000;4.000000;4.000000;4.000000;4.000000;4.000000,12,1.000000,1,5.000000;5.000000;5.000000;5.000000;5.000000;5.000000,0.154874;0.098279;0.109749;0.120949;0.132149;0.143349,5.000000;5.000000;5.000000;5.000000;5.000000;5.000000,0,0,0,0,0,0,0,0,0,0,0,0,0,0,0,0,0,0,0,0,0,0,0,0,0,0,0,0,graph_0002__pathPersistency_1.0000,pathPersistency,1.0,graph_0002,epoch_0002
trace,olsr,0.545987,0.545936,1858,1861,105,594,827,0.336111,0.017555,68.269079,360,121,5,0,0,541,0.672222,594,41748,4.909091,345.024793,0.500000,4.285714,4.000000,5.000000,5.000000;5.000000;4.000000;4.000000;4.000000;4.000000;4.000000,12,nan,0,5.000000;5.000000;5.000000;5.000000;5.000000;5.000000,1.406133;0.089573;nan;0.111973;0.313671;0.307389,5.000000;5.000000;5.000000;5.000000;5.000000;5.000000,346,20800,240,20500,0,0,0,0,8,448,0,0,0,0,0,0,0,0,0,0,0,0,0,0,0,0,0,0,graph_0003__pathPersistency_1.0000,pathPersistency,1.0,graph_0003,epoch_0001
trace,aodv,0.627601,0.627402,2652,2852,105,1140,1395,0.775000,0.039052,73.864359,360,279,26,0,0,604,1.550000,1140,54428,4.086022,195.082437,0.500000,4.285714,4.000000,5.000000,5.000000;5.000000;4.000000;4.000000;4.000000;4.000000;4.000000,12,nan,0,5.000000;5.000000;5.000000;5.000000;5.000000;5.000000,0.607894;0.089573;0.100773;0.296005;0.123173;0.484940,5.000000;5.000000;5.000000;5.000000;5.000000;5.000000,0,0,0,0,0,0,0,0,0,0,764,36672,141,7332,118,5664,105,4400,12,360,0,0,0,0,0,0,0,0,graph_0003__pathPersistency_1.0000,pathPersistency,1.0,graph_0003,epoch_0001
trace,static,0.190929,0.190919,867,675,105,0,0,0.466667,0.023422,73.107012,360,168,0,0,0,69,0.933333,0,0,0.000000,0.000000,0.500000,4.285714,4.000000,5.000000,5.000000;5.000000;4.000000;4.000000;4.000000;4.000000;4.000000,12,nan,0,5.000000;5.000000;5.000000;5.000000;5.000000;5.000000,0.155574;0.098549;0.109749;0.120949;0.132149;0.143349,5.000000;5.000000;5.000000;5.000000;5.000000;5.000000,0,0,0,0,0,0,0,0,0,0,0,0,0,0,0,0,0,0,0,0,0,0,0,0,0,0,0,0,graph_0003__pathPersistency_1.0000,pathPersistency,1.0,graph_0003,epoch_0001
trace,olsr,0.462394,0.462376,1557,1553,105,577,803,0.302778,0.015814,66.626672,360,109,21,0,0,533,0.605556,577,40412,5.293578,370.752294,0.500000,4.285714,4.000000,5.000000,5.000000;5.000000;4.000000;4.000000;4.000000;4.000000;4.000000,12,nan,0,5.000000;5.000000;5.000000;5.000000;5.000000;5.000000,1.251189;0.089573;nan;1.422693;0.313671;0.307389,5.000000;5.000000;5.000000;5.000000;5.000000;5.000000,352,20940,225,19472,0,0,0,0,0,0,0,0,0,0,0,0,0,0,0,0,0,0,0,0,0,0,0,0,graph_0003__pathPersistency_1.0000,pathPersistency,1.0,graph_0003,epoch_0003
trace,aodv,0.547963,0.547930,2454,2666,105,1125,1372,0.680556,0.034296,72.685041,360,245,24,56,0,493,1.361111,1125,53738,4.591837,219.338776,0.500000,4.285714,4.000000,5.000000,5.000000;5.000000;4.000000;4.000000;4.000000;4.000000;4.000000,12,nan,0,5.000000;5.000000;5.000000;5.000000;5.000000;5.000000,0.095333;0.089573;0.100773;0.129905;nan;0.480724,5.000000;5.000000;5.000000;5.000000;5.000000;5.000000,0,0,0,0,0,0,0,0,0,0,759,36432,143,7436,111,5328,99,4152,13,390,0,0,0,0,0,0,0,0,graph_0003__pathPersistency_1.0000,pathPersistency,1.0,graph_0003,epoch_0003
trace,static,0.188629,0.188608,867,675,105,0,0,0.466667,0.023423,73.107014,360,168,0,0,0,69,0.933333,0,0,0.000000,0.000000,0.500000,4.285714,4.000000,5.000000,5.000000;5.000000;4.000000;4.000000;4.000000;4.000000;4.000000,12,nan,0,5.000000;5.000000;5.000000;5.000000;5.000000;5.000000,0.154774;0.098549;0.109749;0.120949;0.132149;0.143349,5.000000;5.000000;5.000000;5.000000;5.000000;5.000000,0,0,0,0,0,0,0,0,0,0,0,0,0,0,0,0,0,0,0,0,0,0,0,0,0,0,0,0,graph_0003__pathPersistency_1.0000,pathPersistency,1.0,graph_0003,epoch_0003
trace,olsr,0.525846,0.525715,1827,1805,105,584,805,0.200000,0.010447,64.960686,360,72,12,0,0,501,0.400000,584,40776,8.111111,566.333333,0.500000,4.285714,4.000000,5.000000,5.000000;5.000000;4.000000;4.000000;4.000000;4.000000;4.000000,12,nan,0,5.000000;5.000000;5.000000;5.000000;5.000000;5.000000,1.251189;nan;nan;3.186454;0.313671;0.307189,5.000000;5.000000;5.000000;5.000000;5.000000;5.000000,348,20944,224,19160,0,0,0,0,12,672,0,0,0,0,0,0,0,0,0,0,0,0,0,0,0,0,0,0,graph_0003__pathPersistency_1.0000,pathPersistency,1.0,graph_0003,epoch_0004
trace,aodv,0.528009,0.527978,2424,2660,105,1091,1352,0.711111,0.035830,73.028339,360,256,23,56,0,460,1.422222,1091,52074,4.261719,203.414062,0.500000,4.285714,4.000000,5.000000,5.000000;5.000000;4.000000;4.000000;4.000000;4.000000;4.000000,12,nan,0,5.000000;5.000000;5.000000;5.000000;5.000000;5.000000,0.601860;0.089573;0.100773;0.126744;nan;0.488230,5.000000;5.000000;5.000000;5.000000;5.000000;5.000000,0,0,0,0,0,0,0,0,0,0,767,36816,125,6500,92,4416,94,3952,13,390,0,0,0,0,0,0,0,0,graph_0003__pathPersistency_1.0000,pathPersistency,1.0,graph_0003,epoch_0004
trace,static,0.195819,0.195795,867,675,105,0,0,0.466667,0.023425,73.107100,360,168,0,0,0,69,0.933333,0,0,0.000000,0.000000,0.500000,4.285714,4.000000,5.000000,5.000000;5.000000;4.000000;4.000000;4.000000;4.000000;4.000000,12,nan,0,5.000000;5.000000;5.000000;5.000000;5.000000;5.000000,0.163854;0.098549;0.109749;0.120949;0.132149;0.143349,5.000000;5.000000;5.000000;5.000000;5.000000;5.000000,0,0,0,0,0,0,0,0,0,0,0,0,0,0,0,0,0,0,0,0,0,0,0,0,0,0,0,0,graph_0003__pathPersistency_1.0000,pathPersistency,1.0,graph_0003,epoch_0004
trace,olsr,0.560069,0.560028,1969,2029,105,603,844,0.325000,0.016312,69.754097,360,117,1,0,0,463,0.650000,603,41860,5.153846,357.777778,0.500000,4.285714,4.000000,5.000000,5.000000;5.000000;4.000000;4.000000;4.000000;4.000000;4.000000,12,nan,0,5.000000;5.000000;5.000000;5.000000;5.000000;5.000000,1.251189;0.089573;nan;2.414709;3.590471;0.134373,5.000000;5.000000;5.000000;5.000000;5.000000;5.000000,349,20972,240,20104,0,0,0,0,14,784,0,0,0,0,0,0,0,0,0,0,0,0,0,0,0,0,0,0,graph_0003__pathPersistency_1.0000,pathPersistency,1.0,graph_0003,epoch_0005
trace,aodv,0.601854,0.601784,2621,2846,105,1081,1350,0.858333,0.043251,74.121252,360,309,7,0,0,503,1.716667,1081,51924,3.498382,168.038835,0.500000,4.285714,4.000000,5.000000,5.000000;5.000000;4.000000;4.000000;4.000000;4.000000;4.000000,12,nan,0,5.000000;5.000000;5.000000;5.000000;5.000000;5.000000,0.604444;0.089573;0.100773;0.111973;0.123173;0.474320,5.000000;5.000000;5.000000;5.000000;5.000000;5.000000,0,0,0,0,0,0,0,0,0,0,762,36576,141,7332,100,4800,66,2856,12,360,0,0,0,0,0,0,0,0,graph_0003__pathPersistency_1.0000,pathPersistency,1.0,graph_0003,epoch_0005
trace,static,0.187358,0.187339,867,675,105,0,0,0.466667,0.023423,73.107011,360,168,0,0,0,69,0.933333,0,0,0.000000,0.000000,0.500000,4.285714,4.000000,5.000000,5.000000;5.000000;4.000000;4.000000;4.000000;4.000000;4.000000,12,nan,0,5.000000;5.000000;5.000000;5.000000;5.000000;5.000000,0.153634;0.098549;0.109749;0.120949;0.132149;0.143349,5.000000;5.000000;5.000000;5.000000;5.000000;5.000000,0,0,0,0,0,0,0,0,0,0,0,0,0,0,0,0,0,0,0,0,0,0,0,0,0,0,0,0,graph_0003__pathPersistency_1.0000,pathPersistency,1.0,graph_0003,epoch_0005
trace,olsr,0.519400,0.519356,1775,1824,105,595,841,0.363889,0.018790,71.706981,360,131,30,0,0,499,0.727778,595,41816,4.541985,319.206107,0.500000,4.285714,4.000000,5.000000,5.000000;5.000000;4.000000;4.000000;4.000000;4.000000;4.000000,12,nan,0,5.000000;5.000000;5.000000;5.000000;5.000000;5.000000,1.251189;0.089573;nan;1.103719;0.287013;0.248513,5.000000;5.000000;5.000000;5.000000;5.000000;5.000000,350,20932,241,20660,0,0,0,0,4,224,0,0,0,0,0,0,0,0,0,0,0,0,0,0,0,0,0,0,graph_0003__pathPersistency_1.0000,pathPersistency,1.0,graph_0003,epoch_0002
trace,aodv,0.544830,0.544702,2443,2665,105,1131,1386,0.680556,0.034300,72.457032,360,245,26,56,0,447,1.361111,1131,53980,4.616327,220.326531,0.500000,4.285714,4.000000,5.000000,5.000000;5.000000;4.000000;4.000000;4.000000;4.000000;4.000000,12,nan,0,5.000000;5.000000;5.000000;5.000000;5.000000;5.000000,0.095333;0.089573;0.100773;0.442910;nan;0.645956,5.000000;5.000000;5.000000;5.000000;5.000000;5.000000,0,0,0,0,0,0,0,0,0,0,764,36672,137,7124,112,5376,106,4448,12,360,0,0,0,0,0,0,0,0,graph_0003__pathPersistency_1.0000,pathPersistency,1.0,graph_0003,epoch_0002
trace,static,0.190012,0.189992,867,675,105,0,0,0.466667,0.023425,73.106979,360,168,0,0,0,69,0.933333,0,0,0.000000,0.000000,0.500000,4.285714,4.000000,5.000000,5.000000;5.000000;4.000000;4.000000;4.000000;4.000000;4.000000,12,nan,0,5.000000;5.000000;5.000000;5.000000;5.000000;5.000000,0.143994;0.098549;0.109749;0.120949;0.132149;0.143349,5.000000;5.000000;5.000000;5.000000;5.000000;5.000000,0,0,0,0,0,0,0,0,0,0,0,0,0,0,0,0,0,0,0,0,0,0,0,0,0,0,0,0,graph_0003__pathPersistency_1.0000,pathPersistency,1.0,graph_0003,epoch_0002
trace,olsr,0.461137,0.461125,1630,1980,105,688,1205,0.400000,0.020712,70.736221,360,144,17,0,0,399,0.800000,688,56452,4.777778,392.027778,0.500000,4.285714,4.000000,5.000000,5.000000;5.000000;4.000000;4.000000;4.000000;4.000000;4.000000,12,0.826087,1,5.000000;5.000000;5.000000;5.000000;5.000000;5.000000,0.095333;1.245429;1.631211;0.284789;0.295989;0.134373,5.000000;5.000000;5.000000;5.000000;5.000000;5.000000,314,20360,374,36092,0,0,0,0,0,0,0,0,0,0,0,0,0,0,0,0,0,0,0,0,0,0,0,0,graph_0005__pathPersistency_0.2500,pathPersistency,0.25,graph_0005,epoch_0001
trace,aodv,0.516718,0.516549,2278,2829,105,1121,1701,0.558333,0.032714,73.680168,360,201,26,56,0,449,1.116667,1121,53444,5.577114,265.890547,0.500000,4.285714,4.000000,5.000000,5.000000;5.000000;4.000000;4.000000;4.000000;4.000000;4.000000,12,0.826087,1,5.000000;5.000000;5.000000;5.000000;5.000000;5.000000,4.472400;0.089573;0.100773;0.111973;0.123173;nan,5.000000;5.000000;5.000000;5.000000;5.000000;5.000000,0,0,0,0,0,0,0,0,0,0,784,37632,119,6188,100,4800,106,4464,12,360,0,0,0,0,0,0,0,0,graph_0005__pathPersistency_0.2500,pathPersistency,0.25,graph_0005,epoch_0001
trace,static,0.191378,0.191363,855,658,105,0,0,0.452778,0.022726,72.917961,360,163,0,0,0,98,0.905556,0,0,0.000000,0.000000,0.500000,4.285714,4.000000,5.000000,5.000000;5.000000;4.000000;4.000000;4.000000;4.000000;4.000000,12,0.826087,1,5.000000;5.000000;5.000000;5.000000;5.000000;5.000000,0.104309;0.098549;0.109749;0.120969;0.132149;0.143409,5.000000;5.000000;5.000000;5.000000;5.000000;5.000000,0,0,0,0,0,0,0,0,0,0,0,0,0,0,0,0,0,0,0,0,0,0,0,0,0,0,0,0,graph_0005__pathPersistency_0.2500,pathPersistency,0.25,graph_0005,epoch_0001
trace,olsr,0.516085,0.516039,1696,2027,105,702,1226,0.405556,0.021620,73.007506,360,146,0,0,0,418,0.811111,702,57492,4.808219,393.780822,0.500000,4.285714,4.000000,5.000000,5.000000;5.000000;4.000000;4.000000;4.000000;4.000000;4.000000,12,0.826087,1,5.000000;5.000000;5.000000;5.000000;5.000000;5.000000,0.095333;0.089573;0.100773;0.284789;0.314765;nan,5.000000;5.000000;5.000000;5.000000;5.000000;5.000000,308,19868,394,37624,0,0,0,0,0,0,0,0,0,0,0,0,0,0,0,0,0,0,0,0,0,0,0,0,graph_0005__pathPersistency_0.2500,pathPersistency,0.25,graph_0005,epoch_0003
trace,aodv,0.493767,0.493727,2212,2737,105,1058,1629,0.547222,0.032054,74.107561,360,197,13,56,0,454,1.094444,1058,50666,5.370558,257.187817,0.500000,4.285714,4.000000,5.000000,5.000000;5.000000;4.000000;4.000000;4.000000;4.000000;4.000000,12,0.826087,1,5.000000;5.000000;5.000000;5.000000;5.000000;5.000000,4.460364;0.119690;0.100773;0.111973;0.123173;nan,5.000000;5.000000;5.000000;5.000000;5.000000;5.000000,0,0,0,0,0,0,0,0,0,0,780,37440,111,5772,85,4080,69,2984,13,390,0,0,0,0,0,0,0,0,graph_0005__pathPersistency_0.2500,pathPersistency,0.25,graph_0005,epoch_0003
trace,static,0.189696,0.189676,855,658,105,0,0,0.452778,0.022724,72.917902,360,163,0,0,0,98,0.905556,0,0,0.000000,0.000000,0.500000,4.285714,4.000000,5.000000,5.000000;5.000000;4.000000;4.000000;4.000000;4.000000;4.000000,12,0.826087,1,5.000000;5.000000;5.000000;5.000000;5.000000;5.000000,0.104309;0.098549;0.109749;0.120969;0.132149;0.143409,5.000000;5.000000;5.000000;5.000000;5.000000;5.000000,0,0,0,0,0,0,0,0,0,0,0,0,0,0,0,0,0,0,0,0,0,0,0,0,0,0,0,0,graph_0005__pathPersistency_0.2500,pathPersistency,0.25,graph_0005,epoch_0003
trace,olsr,0.495554,0.495407,1741,2074,105,688,1187,0.461111,0.024011,71.022490,360,166,3,0,0,425,0.922222,688,56576,4.144578,340.819277,0.500000,4.285714,4.000000,5.000000,5.000000;5.000000;4.000000;4.000000;4.000000;4.000000;4.000000,12,0.826087,1,5.000000;5.000000;5.000000;5.000000;5.000000;5.000000,0.095333;1.248179;0.674674;0.284789;0.450853;0.134373,5.000000;5.000000;5.000000;5.000000;5.000000;5.000000,314,20424,374,36152,0,0,0,0,0,0,0,0,0,0,0,0,0,0,0,0,0,0,0,0,0,0,0,0,graph_0005__pathPersistency_0.2500,pathPersistency,0.25,graph_0005,epoch_0004
trace,aodv,0.497783,0.497736,2242,2756,105,1040,1597,0.580556,0.034013,73.095549,360,209,4,56,0,480,1.161111,1040,49900,4.976077,238.755981,0.500000,4.285714,4.000000,5.000000,5.000000;5.000000;4.000000;4.000000;4.000000;4.000000;4.000000,12,0.826087,1,5.000000;5.000000;5.000000;5.000000;5.000000;5.000000,4.469955;0.089573;0.100773;0.111973;2.425177;nan,5.000000;5.000000;5.000000;5.000000;5.000000;5.000000,0,0,0,0,0,0,0,0,0,0,780,37440,107,5564,86,4128,55,2408,12,360,0,0,0,0,0,0,0,0,graph_0005__pathPersistency_0.2500,pathPersistency,0.25,graph_0005,epoch_0004
trace,static,0.189013,0.189011,855,658,105,0,0,0.452778,0.022722,72.917862,360,163,0,0,0,98,0.905556,0,0,0.000000,0.000000,0.500000,4.285714,4.000000,5.000000,5.000000;5.000000;4.000000;4.000000;4.000000;4.000000;4.000000,12,0.826087,1,5.000000;5.000000;5.000000;5.000000;5.000000;5.000000,0.104309;0.098549;0.109749;0.120969;0.132149;0.143409,5.000000;5.000000;5.000000;5.000000;5.000000;5.000000,0,0,0,0,0,0,0,0,0,0,0,0,0,0,0,0,0,0,0,0,0,0,0,0,0,0,0,0,graph_0005__pathPersistency_0.2500,pathPersistency,0.25,graph_0005,epoch_0004
trace,olsr,0.706395,0.706299,2572,2895,105,719,1226,0.286111,0.014986,73.593102,360,103,9,0,0,454,0.572222,719,57024,6.980583,553.631068,0.500000,4.285714,4.000000,5.000000,5.000000;5.000000;4.000000;4.000000;4.000000;4.000000;4.000000,12,0.826087,1,5.000000;5.000000;5.000000;5.000000;5.000000;5.000000,0.095333;1.253729;2.403509;3.406725;0.123173;0.134373,5.000000;5.000000;5.000000;5.000000;5.000000;5.000000,321,20680,366,34552,0,0,0,0,32,1792,0,0,0,0,0,0,0,0,0,0,0,0,0,0,0,0,0,0,graph_0005__pathPersistency_0.2500,pathPersistency,0.25,graph_0005,epoch_0005
trace,aodv,0.494618,0.494564,2228,2746,105,1062,1616,0.555556,0.032550,73.613119,360,200,20,56,0,482,1.111111,1062,50810,5.310000,254.050000,0.500000,4.285714,4.000000,5.000000,5.000000;5.000000;4.000000;4.000000;4.000000;4.000000;4.000000,12,0.826087,1,5.000000;5.000000;5.000000;5.000000;5.000000;5.000000,4.476404;0.089573;0.100773;0.111973;0.123173;nan,5.000000;5.000000;5.000000;5.000000;5.000000;5.000000,0,0,0,0,0,0,0,0,0,0,786,37728,104,5408,86,4128,75,3216,11,330,0,0,0,0,0,0,0,0,graph_0005__pathPersistency_0.2500,pathPersistency,0.25,graph_0005,epoch_0005
trace,static,0.188493,0.188464,855,658,105,0,0,0.452778,0.022725,72.917909,360,163,0,0,0,98,0.905556,0,0,0.000000,0.000000,0.500000,4.285714,4.000000,5.000000,5.000000;5.000000;4.000000;4.000000;4.000000;4.000000;4.000000,12,0.826087,1,5.000000;5.000000;5.000000;5.000000;5.000000;5.000000,0.104309;0.098549;0.109749;0.120969;0.132149;0.143409,5.000000;5.000000;5.000000;5.000000;5.000000;5.000000,0,0,0,0,0,0,0,0,0,0,0,0,0,0,0,0,0,0,0,0,0,0,0,0,0,0,0,0,graph_0005__pathPersistency_0.2500,pathPersistency,0.25,graph_0005,epoch_0005
trace,olsr,0.593040,0.592907,2037,2336,105,714,1220,0.238889,0.012736,78.947902,360,86,13,0,0,401,0.477778,714,57236,8.302326,665.534884,0.500000,4.285714,4.000000,5.000000,5.000000;5.000000;4.000000;4.000000;4.000000;4.000000;4.000000,12,0.826087,1,5.000000;5.000000;5.000000;5.000000;5.000000;5.000000,nan;1.245999;1.593285;0.284789;0.123173;nan,5.000000;5.000000;5.000000;5.000000;5.000000;5.000000,314,20232,382,35996,0,0,0,0,18,1008,0,0,0,0,0,0,0,0,0,0,0,0,0,0,0,0,0,0,graph_0005__pathPersistency_0.2500,pathPersistency,0.25,graph_0005,epoch_0002
trace,aodv,0.512275,0.512245,2263,2818,105,1110,1695,0.558333,0.032714,73.678800,360,201,25,56,0,458,1.116667,1110,52972,5.522388,263.542289,0.500000,4.285714,4.000000,5.000000,5.000000;5.000000;4.000000;4.000000;4.000000;4.000000;4.000000,12,0.826087,1,5.000000;5.000000;5.000000;5.000000;5.000000;5.000000,4.469224;0.089573;0.100773;0.111973;0.123173;nan,5.000000;5.000000;5.000000;5.000000;5.000000;5.000000,0,0,0,0,0,0,0,0,0,0,784,37632,121,6292,95,4560,98,4128,12,360,0,0,0,0,0,0,0,0,graph_0005__pathPersistency_0.2500,pathPersistency,0.25,graph_0005,epoch_0002
trace,static,0.190231,0.190214,855,658,105,0,0,0.452778,0.022725,72.917918,360,163,0,0,0,99,0.905556,0,0,0.000000,0.000000,0.500000,4.285714,4.000000,5.000000,5.000000;5.000000;4.000000;4.000000;4.000000;4.000000;4.000000,12,0.826087,1,5.000000;5.000000;5.000000;5.000000;5.000000;5.000000,0.104309;0.098549;0.109749;0.120969;0.132149;0.143409,5.000000;5.000000;5.000000;5.000000;5.000000;5.000000,0,0,0,0,0,0,0,0,0,0,0,0,0,0,0,0,0,0,0,0,0,0,0,0,0,0,0,0,graph_0005__pathPersistency_0.2500,pathPersistency,0.25,graph_0005,epoch_0002
trace,olsr,0.473594,0.473548,1650,1709,105,612,872,0.438889,0.022028,78.942692,360,158,0,0,0,509,0.877778,612,43984,3.873418,278.379747,0.500000,4.285714,4.000000,5.000000,5.000000;5.000000;4.000000;4.000000;4.000000;4.000000;4.000000,12,nan,0,5.000000;5.000000;5.000000;5.000000;5.000000;5.000000,0.268149;3.220215;0.100773;0.111973;0.297551;0.134373,5.000000;5.000000;5.000000;5.000000;5.000000;5.000000,346,20780,266,23204,0,0,0,0,0,0,0,0,0,0,0,0,0,0,0,0,0,0,0,0,0,0,0,0,graph_0003__pathPersistency_0.7500,pathPersistency,0.75,graph_0003,epoch_0001
trace,aodv,0.612931,0.612875,2623,2824,105,1102,1339,0.858333,0.043251,75.083482,360,309,15,0,0,643,1.716667,1102,52732,3.566343,170.653722,0.500000,4.285714,4.000000,5.000000,5.000000;5.000000;4.000000;4.000000;4.000000;4.000000;4.000000,12,nan,0,5.000000;5.000000;5.000000;5.000000;5.000000;5.000000,0.095333;0.604520;0.451988;0.111973;0.123173;1.952828,5.000000;5.000000;5.000000;5.000000;5.000000;5.000000,0,0,0,0,0,0,0,0,0,0,761,36528,137,7124,105,5040,87,3680,12,360,0,0,0,0,0,0,0,0,graph_0003__pathPersistency_0.7500,pathPersistency,0.75,graph_0003,epoch_0001
trace,static,0.190768,0.190742,859,664,105,0,0,0.458333,0.023004,73.020565,360,165,0,0,0,93,0.916667,0,0,0.000000,0.000000,0.500000,4.285714,4.000000,5.000000,5.000000;5.000000;4.000000;4.000000;4.000000;4.000000;4.000000,12,nan,0,5.000000;5.000000;5.000000;5.000000;5.000000;5.000000,0.104309;0.098549;0.109749;0.120949;0.132149;0.143349,5.000000;5.000000;5.000000;5.000000;5.000000;5.000000,0,0,0,0,0,0,0,0,0,0,0,0,0,0,0,0,0,0,0,0,0,0,0,0,0,0,0,0,graph_0003__pathPersistency_0.7500,pathPersistency,0.75,graph_0003,epoch_0001
trace,olsr,0.451085,0.451051,1460,1431,105,609,856,0.219444,0.012093,69.503319,360,79,0,0,0,555,0.438889,609,42820,7.708861,542.025316,0.500000,4.285714,4.000000,5.000000,5.000000;5.000000;4.000000;4.000000;4.000000;4.000000;4.000000,12,nan,0,5.000000;5.000000;5.000000;5.000000;5.000000;5.000000,0.268149;3.220215;3.222439;2.260137;0.123173;nan,5.000000;5.000000;5.000000;5.000000;5.000000;5.000000,349,20904,260,21916,0,0,0,0,0,0,0,0,0,0,0,0,0,0,0,0,0,0,0,0,0,0,0,0,graph_0003__pathPersistency_0.7500,pathPersistency,0.75,graph_0003,epoch_0003
trace,aodv,0.614753,0.614679,2656,2849,105,1139,1373,0.841667,0.042415,75.787923,360,303,16,0,0,657,1.683333,1139,54512,3.759076,179.907591,0.500000,4.285714,4.000000,5.000000,5.000000;5.000000;4.000000;4.000000;4.000000;4.000000;4.000000,12,nan,0,5.000000;5.000000;5.000000;5.000000;5.000000;5.000000,0.095333;0.594500;0.770624;0.111973;0.123173;1.465270,5.000000;5.000000;5.000000;5.000000;5.000000;5.000000,0,0,0,0,0,0,0,0,0,0,756,36288,163,8476,108,5184,98,4144,14,420,0,0,0,0,0,0,0,0,graph_0003__pathPersistency_0.7500,pathPersistency,0.75,graph_0003,epoch_0003
trace,static,0.187633,0.187621,859,664,105,0,0,0.458333,0.023004,73.020580,360,165,0,0,0,92,0.916667,0,0,0.000000,0.000000,0.500000,4.285714,4.000000,5.000000,5.000000;5.000000;4.000000;4.000000;4.000000;4.000000;4.000000,12,nan,0,5.000000;5.000000;5.000000;5.000000;5.000000;5.000000,0.104309;0.098549;0.109749;0.120949;0.132149;0.143349,5.000000;5.000000;5.000000;5.000000;5.000000;5.000000,0,0,0,0,0,0,0,0,0,0,0,0,0,0,0,0,0,0,0,0,0,0,0,0,0,0,0,0,graph_0003__pathPersistency_0.7500,pathPersistency,0.75,graph_0003,epoch_0003
trace,olsr,0.387662,0.387602,1273,1310,105,608,855,0.177778,0.009798,71.463702,360,64,15,0,0,407,0.355556,608,42732,9.500000,667.687500,0.500000,4.285714,4.000000,5.000000,5.000000;5.000000;4.000000;4.000000;4.000000;4.000000;4.000000,12,nan,0,5.000000;5.000000;5.000000;5.000000;5.000000;5.000000,nan;1.302814;3.222439;2.259845;0.123173;nan,5.000000;5.000000;5.000000;5.000000;5.000000;5.000000,348,20984,260,21748,0,0,0,0,0,0,0,0,0,0,0,0,0,0,0,0,0,0,0,0,0,0,0,0,graph_0003__pathPersistency_0.7500,pathPersistency,0.75,graph_0003,epoch_0004
trace,aodv,0.610446,0.610389,2648,2844,105,1121,1354,0.863889,0.043528,75.992871,360,311,12,0,0,647,1.727778,1121,53728,3.604502,172.758842,0.500000,4.285714,4.000000,5.000000,5.000000;5.000000;4.000000;4.000000;4.000000;4.000000;4.000000,12,nan,0,5.000000;5.000000;5.000000;5.000000;5.000000;5.000000,0.096155;0.607421;0.781385;0.111973;0.123173;1.469764,5.000000;5.000000;5.000000;5.000000;5.000000;5.000000,0,0,0,0,0,0,0,0,0,0,759,36432,159,8268,107,5136,82,3472,14,420,0,0,0,0,0,0,0,0,graph_0003__pathPersistency_0.7500,pathPersistency,0.75,graph_0003,epoch_0004
trace,static,0.187707,0.187699,859,664,105,0,0,0.458333,0.023006,73.020675,360,165,0,0,0,92,0.916667,0,0,0.000000,0.000000,0.500000,4.285714,4.000000,5.000000,5.000000;5.000000;4.000000;4.000000;4.000000;4.000000;4.000000,12,nan,0,5.000000;5.000000;5.000000;5.000000;5.000000;5.000000,0.104309;0.098549;0.109749;0.120949;0.132149;0.143349,5.000000;5.000000;5.000000;5.000000;5.000000;5.000000,0,0,0,0,0,0,0,0,0,0,0,0,0,0,0,0,0,0,0,0,0,0,0,0,0,0,0,0,graph_0003__pathPersistency_0.7500,pathPersistency,0.75,graph_0003,epoch_0004
trace,olsr,0.433683,0.433659,1575,1666,105,612,880,0.416667,0.020913,80.616961,360,150,9,0,0,435,0.833333,612,44028,4.080000,293.520000,0.500000,4.285714,4.000000,5.000000,5.000000;5.000000;4.000000;4.000000;4.000000;4.000000;4.000000,12,nan,0,5.000000;5.000000;5.000000;5.000000;5.000000;5.000000,nan;3.220215;0.100773;0.111973;0.248817;0.134373,5.000000;5.000000;5.000000;5.000000;5.000000;5.000000,350,21048,262,22980,0,0,0,0,0,0,0,0,0,0,0,0,0,0,0,0,0,0,0,0,0,0,0,0,graph_0003__pathPersistency_0.7500,pathPersistency,0.75,graph_0003,epoch_0005
trace,aodv,0.606563,0.606507,2622,2824,105,1094,1339,0.858333,0.043251,75.847305,360,309,8,0,0,565,1.716667,1094,52458,3.540453,169.766990,0.500000,4.285714,4.000000,5.000000,5.000000;5.000000;4.000000;4.000000;4.000000;4.000000;4.000000,12,nan,0,5.000000;5.000000;5.000000;5.000000;5.000000;5.000000,0.095333;0.608620;0.773770;0.111973;0.123173;1.626199,5.000000;5.000000;5.000000;5.000000;5.000000;5.000000,0,0,0,0,0,0,0,0,0,0,762,36576,141,7332,106,5088,72,3072,13,390,0,0,0,0,0,0,0,0,graph_0003__pathPersistency_0.7500,pathPersistency,0.75,graph_0003,epoch_0005
trace,static,0.185742,0.185630,859,664,105,0,0,0.458333,0.023005,73.020652,360,165,0,0,0,92,0.916667,0,0,0.000000,0.000000,0.500000,4.285714,4.000000,5.000000,5.000000;5.000000;4.000000;4.000000;4.000000;4.000000;4.000000,12,nan,0,5.000000;5.000000;5.000000;5.000000;5.000000;5.000000,0.104309;0.098549;0.109749;0.120949;0.132149;0.143349,5.000000;5.000000;5.000000;5.000000;5.000000;5.000000,0,0,0,0,0,0,0,0,0,0,0,0,0,0,0,0,0,0,0,0,0,0,0,0,0,0,0,0,graph_0003__pathPersistency_0.7500,pathPersistency,0.75,graph_0003,epoch_0005
trace,olsr,0.421542,0.421511,1519,1603,105,609,866,0.391667,0.019660,81.630176,360,141,7,0,0,423,0.783333,609,43444,4.319149,308.113475,0.500000,4.285714,4.000000,5.000000,5.000000;5.000000;4.000000;4.000000;4.000000;4.000000;4.000000,12,nan,0,5.000000;5.000000;5.000000;5.000000;5.000000;5.000000,nan;3.220215;0.100773;0.111973;0.295989;0.134373,5.000000;5.000000;5.000000;5.000000;5.000000;5.000000,349,20832,260,22612,0,0,0,0,0,0,0,0,0,0,0,0,0,0,0,0,0,0,0,0,0,0,0,0,graph_0003__pathPersistency_0.7500,pathPersistency,0.75,graph_0003,epoch_0002
trace,aodv,0.602016,0.601979,2618,2862,105,1099,1370,0.883333,0.044520,75.752938,360,318,15,0,0,485,1.766667,1099,52636,3.455975,165.522013,0.500000,4.285714,4.000000,5.000000,5.000000;5.000000;4.000000;4.000000;4.000000;4.000000;4.000000,12,nan,0,5.000000;5.000000;5.000000;5.000000;5.000000;5.000000,0.095333;0.600689;0.448200;0.111973;0.123173;1.463600,5.000000;5.000000;5.000000;5.000000;5.000000;5.000000,0,0,0,0,0,0,0,0,0,0,756,36288,148,7696,103,4944,78,3288,14,420,0,0,0,0,0,0,0,0,graph_0003__pathPersistency_0.7500,pathPersistency,0.75,graph_0003,epoch_0002
trace,static,0.186695,0.186687,859,664,105,0,0,0.458333,0.023006,73.020599,360,165,0,0,0,92,0.916667,0,0,0.000000,0.000000,0.500000,4.285714,4.000000,5.000000,5.000000;5.000000;4.000000;4.000000;4.000000;4.000000;4.000000,12,nan,0,5.000000;5.000000;5.000000;5.000000;5.000000;5.000000,0.104309;0.098549;0.109749;0.120949;0.132149;0.143349,5.000000;5.000000;5.000000;5.000000;5.000000;5.000000,0,0,0,0,0,0,0,0,0,0,0,0,0,0,0,0,0,0,0,0,0,0,0,0,0,0,0,0,graph_0003__pathPersistency_0.7500,pathPersistency,0.75,graph_0003,epoch_0002
trace,olsr,0.474667,0.474627,1656,1837,105,625,993,0.416667,0.021508,69.851483,360,150,9,0,0,463,0.833333,625,47672,4.166667,317.813333,0.500000,4.285714,4.000000,5.000000,5.000000;5.000000;4.000000;4.000000;4.000000;4.000000;4.000000,12,0.391304,1,5.000000;5.000000;5.000000;5.000000;5.000000;5.000000,0.268149;1.254135;0.100773;0.293495;0.259934;0.134373,5.000000;5.000000;5.000000;5.000000;5.000000;5.000000,330,20400,295,27272,0,0,0,0,0,0,0,0,0,0,0,0,0,0,0,0,0,0,0,0,0,0,0,0,graph_0002__pathPersistency_0.0000,pathPersistency,0.0,graph_0002,epoch_0001
trace,aodv,0.484143,0.484027,2242,2588,105,1070,1446,0.586111,0.030036,73.304762,360,211,7,112,0,572,1.172222,1070,51366,5.071090,243.440758,0.500000,4.285714,4.000000,5.000000,5.000000;5.000000;4.000000;4.000000;4.000000;4.000000;4.000000,12,0.391304,1,5.000000;5.000000;5.000000;5.000000;5.000000;5.000000,0.108584;1.432282;nan;0.111973;nan;0.134373,5.000000;5.000000;5.000000;5.000000;5.000000;5.000000,0,0,0,0,0,0,0,0,0,0,765,36720,127,6604,102,4896,65,2816,11,330,0,0,0,0,0,0,0,0,graph_0002__pathPersistency_0.0000,pathPersistency,0.0,graph_0002,epoch_0001
trace,static,0.189797,0.189782,824,614,105,0,0,0.416667,0.020912,72.562638,360,150,0,0,0,159,0.833333,0,0,0.000000,0.000000,0.500000,4.285714,4.000000,5.000000,5.000000;5.000000;4.000000;4.000000;4.000000;4.000000;4.000000,12,0.391304,1,5.000000;5.000000;5.000000;5.000000;5.000000;5.000000,0.104309;0.089573;0.109749;0.120969;0.132229;0.143349,5.000000;5.000000;5.000000;5.000000;5.000000;5.000000,0,0,0,0,0,0,0,0,0,0,0,0,0,0,0,0,0,0,0,0,0,0,0,0,0,0,0,0,graph_0002__pathPersistency_0.0000,pathPersistency,0.0,graph_0002,epoch_0001
trace,olsr,0.555905,0.555775,2041,2252,105,656,1037,0.363889,0.018262,76.338766,360,131,8,0,0,410,0.727778,656,50196,5.007634,383.175573,0.500000,4.285714,4.000000,5.000000,5.000000;5.000000;4.000000;4.000000;4.000000;4.000000;4.000000,12,0.391304,1,5.000000;5.000000;5.000000;5.000000;5.000000;5.000000,nan;0.961134;0.273589;0.111973;0.295989;1.290229,5.000000;5.000000;5.000000;5.000000;5.000000;5.000000,329,21012,311,28288,0,0,0,0,16,896,0,0,0,0,0,0,0,0,0,0,0,0,0,0,0,0,0,0,graph_0002__pathPersistency_0.0000,pathPersistency,0.0,graph_0002,epoch_0003
trace,aodv,0.479334,0.479273,2233,2561,105,1066,1425,0.588889,0.030170,73.243768,360,212,5,112,0,566,1.177778,1066,51098,5.028302,241.028302,0.500000,4.285714,4.000000,5.000000,5.000000;5.000000;4.000000;4.000000;4.000000;4.000000;4.000000,12,0.391304,1,5.000000;5.000000;5.000000;5.000000;5.000000;5.000000,0.115924;0.089573;nan;0.111973;nan;0.134373,5.000000;5.000000;5.000000;5.000000;5.000000;5.000000,0,0,0,0,0,0,0,0,0,0,774,37152,112,5824,100,4800,69,2992,11,330,0,0,0,0,0,0,0,0,graph_0002__pathPersistency_0.0000,pathPersistency,0.0,graph_0002,epoch_0003
trace,static,0.187561,0.187552,821,611,105,0,0,0.416667,0.020910,72.562497,360,150,0,0,0,157,0.833333,0,0,0.000000,0.000000,0.500000,4.285714,4.000000,5.000000,5.000000;5.000000;4.000000;4.000000;4.000000;4.000000;4.000000,12,0.391304,1,5.000000;5.000000;5.000000;5.000000;5.000000;5.000000,0.104309;0.089573;0.109749;0.120969;0.132229;0.143349,5.000000;5.000000;5.000000;5.000000;5.000000;5.000000,0,0,0,0,0,0,0,0,0,0,0,0,0,0,0,0,0,0,0,0,0,0,0,0,0,0,0,0,graph_0002__pathPersistency_0.0000,pathPersistency,0.0,graph_0002,epoch_0003
trace,olsr,0.480514,0.480385,1696,1893,105,635,1015,0.438889,0.022028,72.011675,360,158,12,0,0,474,0.877778,635,48356,4.018987,306.050633,0.500000,4.285714,4.000000,5.000000,5.000000;5.000000;4.000000;4.000000;4.000000;4.000000;4.000000,12,0.391304,1,5.000000;5.000000;5.000000;5.000000;5.000000;5.000000,0.268149;1.254135;0.100773;0.293495;0.123173;0.134373,5.000000;5.000000;5.000000;5.000000;5.000000;5.000000,333,20840,302,27516,0,0,0,0,0,0,0,0,0,0,0,0,0,0,0,0,0,0,0,0,0,0,0,0,graph_0002__pathPersistency_0.0000,pathPersistency,0.0,graph_0002,epoch_0004
trace,aodv,0.479079,0.479025,2253,2617,105,1079,1472,0.586111,0.030029,73.307821,360,211,8,112,0,528,1.172222,1079,51750,5.113744,245.260664,0.500000,4.285714,4.000000,5.000000,5.000000;5.000000;4.000000;4.000000;4.000000;4.000000;4.000000,12,0.391304,1,5.000000;5.000000;5.000000;5.000000;5.000000;5.000000,0.115244;1.426886;nan;0.111973;nan;0.134373,5.000000;5.000000;5.000000;5.000000;5.000000;5.000000,0,0,0,0,0,0,0,0,0,0,766,36768,127,6604,103,4944,72,3104,11,330,0,0,0,0,0,0,0,0,graph_0002__pathPersistency_0.0000,pathPersistency,0.0,graph_0002,epoch_0004
trace,static,0.189060,0.189037,823,613,105,0,0,0.416667,0.020913,72.562711,360,150,0,0,0,157,0.833333,0,0,0.000000,0.000000,0.500000,4.285714,4.000000,5.000000,5.000000;5.000000;4.000000;4.000000;4.000000;4.000000;4.000000,12,0.391304,1,5.000000;5.000000;5.000000;5.000000;5.000000;5.000000,0.104309;0.089573;0.109749;0.120969;0.132229;0.143349,5.000000;5.000000;5.000000;5.000000;5.000000;5.000000,0,0,0,0,0,0,0,0,0,0,0,0,0,0,0,0,0,0,0,0,0,0,0,0,0,0,0,0,graph_0002__pathPersistency_0.0000,pathPersistency,0.0,graph_0002,epoch_0004
trace,olsr,0.425470,0.425437,1485,1676,105,629,1000,0.316667,0.016542,73.003418,360,114,10,0,0,408,0.633333,629,47148,5.517544,413.578947,0.500000,4.285714,4.000000,5.000000,5.000000;5.000000;4.000000;4.000000;4.000000;4.000000;4.000000,12,0.391304,1,5.000000;5.000000;5.000000;5.000000;5.000000;5.000000,nan;0.089573;0.273589;0.111973;0.459829;0.134373,5.000000;5.000000;5.000000;5.000000;5.000000;5.000000,332,20692,297,26456,0,0,0,0,0,0,0,0,0,0,0,0,0,0,0,0,0,0,0,0,0,0,0,0,graph_0002__pathPersistency_0.0000,pathPersistency,0.0,graph_0002,epoch_0005
trace,aodv,0.486843,0.486804,2237,2629,105,1066,1486,0.588889,0.030177,73.278609,360,212,8,112,0,459,1.177778,1066,51080,5.028302,240.943396,0.500000,4.285714,4.000000,5.000000,5.000000;5.000000;4.000000;4.000000;4.000000;4.000000;4.000000,12,0.391304,1,5.000000;5.000000;5.000000;5.000000;5.000000;5.000000,0.118234;1.419338;nan;0.111973;nan;0.134373,5.000000;5.000000;5.000000;5.000000;5.000000;5.000000,0,0,0,0,0,0,0,0,0,0,770,36960,122,6344,95,4560,67,2856,12,360,0,0,0,0,0,0,0,0,graph_0002__pathPersistency_0.0000,pathPersistency,0.0,graph_0002,epoch_0005
trace,static,0.192650,0.192619,821,611,105,0,0,0.416667,0.020915,72.562567,360,150,0,0,0,155,0.833333,0,0,0.000000,0.000000,0.500000,4.285714,4.000000,5.000000,5.000000;5.000000;4.000000;4.000000;4.000000;4.000000;4.000000,12,0.391304,1,5.000000;5.000000;5.000000;5.000000;5.000000;5.000000,0.104309;0.089573;0.109749;0.120969;0.132229;0.143349,5.000000;5.000000;5.000000;5.000000;5.000000;5.000000,0,0,0,0,0,0,0,0,0,0,0,0,0,0,0,0,0,0,0,0,0,0,0,0,0,0,0,0,graph_0002__pathPersistency_0.0000,pathPersistency,0.0,graph_0002,epoch_0005
trace,olsr,0.519472,0.519451,1909,2107,105,642,1005,0.300000,0.015057,77.129906,360,108,15,0,0,445,0.600000,642,47884,5.944444,443.370370,0.500000,4.285714,4.000000,5.000000,5.000000;5.000000;4.000000;4.000000;4.000000;4.000000;4.000000,12,0.391304,1,5.000000;5.000000;5.000000;5.000000;5.000000;5.000000,nan;0.805794;0.273589;1.422713;0.123173;0.134373,5.000000;5.000000;5.000000;5.000000;5.000000;5.000000,331,20752,295,26236,0,0,0,0,16,896,0,0,0,0,0,0,0,0,0,0,0,0,0,0,0,0,0,0,graph_0002__pathPersistency_0.0000,pathPersistency,0.0,graph_0002,epoch_0002
trace,aodv,0.534092,0.533947,2422,2763,105,1114,1489,0.677778,0.034725,75.884726,360,244,26,56,0,549,1.355556,1114,53296,4.565574,218.426230,0.500000,4.285714,4.000000,5.000000,5.000000;5.000000;4.000000;4.000000;4.000000;4.000000;4.000000,12,0.391304,1,5.000000;5.000000;5.000000;5.000000;5.000000;5.000000,0.095333;1.413977;nan;0.111973;0.123173;0.134373,5.000000;5.000000;5.000000;5.000000;5.000000;5.000000,0,0,0,0,0,0,0,0,0,0,768,36864,135,7020,109,5232,88,3760,14,420,0,0,0,0,0,0,0,0,graph_0002__pathPersistency_0.0000,pathPersistency,0.0,graph_0002,epoch_0002
trace,static,0.187645,0.187630,823,612,105,0,0,0.413889,0.020772,72.675581,360,149,0,0,0,160,0.827778,0,0,0.000000,0.000000,0.500000,4.285714,4.000000,5.000000,5.000000;5.000000;4.000000;4.000000;4.000000;4.000000;4.000000,12,0.391304,1,5.000000;5.000000;5.000000;5.000000;5.000000;5.000000,0.104309;0.089573;0.109749;0.120969;0.132229;0.143349,5.000000;5.000000;5.000000;5.000000;5.000000;5.000000,0,0,0,0,0,0,0,0,0,0,0,0,0,0,0,0,0,0,0,0,0,0,0,0,0,0,0,0,graph_0002__pathPersistency_0.0000,pathPersistency,0.0,graph_0002,epoch_0002
trace,olsr,0.438379,0.438346,1512,1632,105,625,971,0.330556,0.016636,70.514176,360,119,1,0,0,426,0.661111,625,46520,5.252101,390.924370,0.500000,4.285714,4.000000,5.000000,5.000000;5.000000;4.000000;4.000000;4.000000;4.000000;4.000000,12,0.869565,1,5.000000;5.000000;5.000000;5.000000;5.000000;5.000000,0.268149;0.641028;0.100773;0.111973;nan;0.134373,5.000000;5.000000;5.000000;5.000000;5.000000;5.000000,331,20628,294,25892,0,0,0,0,0,0,0,0,0,0,0,0,0,0,0,0,0,0,0,0,0,0,0,0,graph_0002__pathPersistency_0.7500,pathPersistency,0.75,graph_0002,epoch_0001
trace,aodv,0.486649,0.486604,2240,2630,105,1057,1474,0.591667,0.029981,73.385076,360,213,8,112,0,422,1.183333,1057,50564,4.962441,237.389671,0.500000,4.285714,4.000000,5.000000,5.000000;5.000000;4.000000;4.000000;4.000000;4.000000;4.000000,12,0.869565,1,5.000000;5.000000;5.000000;5.000000;5.000000;5.000000,1.423741;nan;0.476055;0.111973;nan;1.290141,5.000000;5.000000;5.000000;5.000000;5.000000;5.000000,0,0,0,0,0,0,0,0,0,0,761,36528,126,6552,78,3744,82,3440,10,300,0,0,0,0,0,0,0,0,graph_0002__pathPersistency_0.7500,pathPersistency,0.75,graph_0002,epoch_0001
trace,static,0.193804,0.193792,865,669,105,0,0,0.455556,0.022928,72.820101,360,164,0,0,0,95,0.911111,0,0,0.000000,0.000000,0.500000,4.285714,4.000000,5.000000,5.000000;5.000000;4.000000;4.000000;4.000000;4.000000;4.000000,12,0.869565,1,5.000000;5.000000;5.000000;5.000000;5.000000;5.000000,0.149348;0.098279;0.109749;0.120949;0.132149;0.143349,5.000000;5.000000;5.000000;5.000000;5.000000;5.000000,0,0,0,0,0,0,0,0,0,0,0,0,0,0,0,0,0,0,0,0,0,0,0,0,0,0,0,0,graph_0002__pathPersistency_0.7500,pathPersistency,0.75,graph_0002,epoch_0001
trace,olsr,0.469093,0.469080,1507,1642,105,634,1000,0.266667,0.013766,66.980119,360,96,9,0,0,397,0.533333,634,47548,6.604167,495.291667,0.500000,4.285714,4.000000,5.000000,5.000000;5.000000;4.000000;4.000000;4.000000;4.000000;4.000000,12,0.869565,1,5.000000;5.000000;5.000000;5.000000;5.000000;5.000000,0.268149;1.125094;1.748149;0.111973;nan;0.134373,5.000000;5.000000;5.000000;5.000000;5.000000;5.000000,333,20636,301,26912,0,0,0,0,0,0,0,0,0,0,0,0,0,0,0,0,0,0,0,0,0,0,0,0,graph_0002__pathPersistency_0.7500,pathPersistency,0.75,graph_0002,epoch_0003
trace,aodv,0.541925,0.541780,2412,2779,105,1076,1486,0.711111,0.035822,76.015215,360,256,5,56,0,484,1.422222,1076,51630,4.203125,201.679688,0.500000,4.285714,4.000000,5.000000,5.000000;5.000000;4.000000;4.000000;4.000000;4.000000;4.000000,12,0.869565,1,5.000000;5.000000;5.000000;5.000000;5.000000;5.000000,1.431436;nan;0.100773;0.111973;0.123173;1.298496,5.000000;5.000000;5.000000;5.000000;5.000000;5.000000,0,0,0,0,0,0,0,0,0,0,761,36528,138,7176,89,4272,79,3384,9,270,0,0,0,0,0,0,0,0,graph_0002__pathPersistency_0.7500,pathPersistency,0.75,graph_0002,epoch_0003
trace,static,0.196554,0.196540,864,667,105,0,0,0.452778,0.022850,72.630238,360,163,0,0,0,95,0.905556,0,0,0.000000,0.000000,0.500000,4.285714,4.000000,5.000000,5.000000;5.000000;4.000000;4.000000;4.000000;4.000000;4.000000,12,0.869565,1,5.000000;5.000000;5.000000;5.000000;5.000000;5.000000,0.143734;0.098279;0.109749;0.120949;0.132149;0.143349,5.000000;5.000000;5.000000;5.000000;5.000000;5.000000,0,0,0,0,0,0,0,0,0,0,0,0,0,0,0,0,0,0,0,0,0,0,0,0,0,0,0,0,graph_0002__pathPersistency_0.7500,pathPersistency,0.75,graph_0002,epoch_0003
trace,olsr,0.435787,0.435769,1492,1633,105,636,1001,0.258333,0.013002,68.128739,360,93,7,0,0,442,0.516667,636,47260,6.838710,508.172043,0.500000,4.285714,4.000000,5.000000,5.000000;5.000000;4.000000;4.000000;4.000000;4.000000;4.000000,12,0.869565,1,5.000000;5.000000;5.000000;5.000000;5.000000;5.000000,0.268149;0.638014;0.446135;2.256379;nan;0.134373,5.000000;5.000000;5.000000;5.000000;5.000000;5.000000,331,20704,305,26556,0,0,0,0,0,0,0,0,0,0,0,0,0,0,0,0,0,0,0,0,0,0,0,0,graph_0002__pathPersistency_0.7500,pathPersistency,0.75,graph_0002,epoch_0004
trace,aodv,0.537413,0.537385,2411,2775,105,1082,1498,0.677778,0.034142,76.042180,360,244,8,56,0,472,1.355556,1082,51896,4.434426,212.688525,0.500000,4.285714,4.000000,5.000000,5.000000;5.000000;4.000000;4.000000;4.000000;4.000000;4.000000,12,0.869565,1,5.000000;5.000000;5.000000;5.000000;5.000000;5.000000,1.434341;nan;0.461021;0.111973;0.123173;1.315244,5.000000;5.000000;5.000000;5.000000;5.000000;5.000000,0,0,0,0,0,0,0,0,0,0,753,36144,143,7436,97,4656,79,3360,10,300,0,0,0,0,0,0,0,0,graph_0002__pathPersistency_0.7500,pathPersistency,0.75,graph_0002,epoch_0004
trace,static,0.197513,0.197480,864,667,105,0,0,0.452778,0.022853,72.630341,360,163,0,0,0,95,0.905556,0,0,0.000000,0.000000,0.500000,4.285714,4.000000,5.000000,5.000000;5.000000;4.000000;4.000000;4.000000;4.000000;4.000000,12,0.869565,1,5.000000;5.000000;5.000000;5.000000;5.000000;5.000000,0.153614;0.098279;0.109749;0.120949;0.132149;0.143349,5.000000;5.000000;5.000000;5.000000;5.000000;5.000000,0,0,0,0,0,0,0,0,0,0,0,0,0,0,0,0,0,0,0,0,0,0,0,0,0,0,0,0,graph_0002__pathPersistency_0.7500,pathPersistency,0.75,graph_0002,epoch_0004
trace,olsr,0.531425,0.531288,1908,2078,105,648,1011,0.236111,0.012192,68.526185,360,85,12,0,0,433,0.472222,648,47892,7.623529,563.435294,0.500000,4.285714,4.000000,5.000000,5.000000;5.000000;4.000000;4.000000;4.000000;4.000000;4.000000,12,0.869565,1,5.000000;5.000000;5.000000;5.000000;5.000000;5.000000,0.268149;3.375349;nan;2.250599;3.613042;0.134373,5.000000;5.000000;5.000000;5.000000;5.000000;5.000000,335,20820,297,26176,0,0,0,0,16,896,0,0,0,0,0,0,0,0,0,0,0,0,0,0,0,0,0,0,graph_0002__pathPersistency_0.7500,pathPersistency,0.75,graph_0002,epoch_0005
trace,aodv,0.541917,0.541874,2427,2732,105,1144,1511,0.611111,0.030887,76.202472,360,220,22,56,0,554,1.222222,1144,54704,5.200000,248.654545,0.500000,4.285714,4.000000,5.000000,5.000000;5.000000;4.000000;4.000000;4.000000;4.000000;4.000000,12,0.869565,1,5.000000;5.000000;5.000000;5.000000;5.000000;5.000000,1.575891;nan;0.100773;0.111973;0.123173;1.476924,5.000000;5.000000;5.000000;5.000000;5.000000;5.000000,0,0,0,0,0,0,0,0,0,0,763,36624,155,8060,105,5040,107,4560,14,420,0,0,0,0,0,0,0,0,graph_0002__pathPersistency_0.7500,pathPersistency,0.75,graph_0002,epoch_0005
trace,static,0.194941,0.194924,865,669,105,0,0,0.455556,0.022996,72.643277,360,164,0,0,0,97,0.911111,0,0,0.000000,0.000000,0.500000,4.285714,4.000000,5.000000,5.000000;5.000000;4.000000;4.000000;4.000000;4.000000;4.000000,12,0.869565,1,5.000000;5.000000;5.000000;5.000000;5.000000;5.000000,0.142462;0.098279;0.109749;0.120949;0.132149;0.143349,5.000000;5.000000;5.000000;5.000000;5.000000;5.000000,0,0,0,0,0,0,0,0,0,0,0,0,0,0,0,0,0,0,0,0,0,0,0,0,0,0,0,0,graph_0002__pathPersistency_0.7500,pathPersistency,0.75,graph_0002,epoch_0005
trace,olsr,0.731426,0.731334,2693,2869,105,673,1036,0.319444,0.016122,72.355686,360,115,2,0,0,441,0.638889,673,49944,5.852174,434.295652,0.500000,4.285714,4.000000,5.000000,5.000000;5.000000;4.000000;4.000000;4.000000;4.000000;4.000000,12,0.869565,1,5.000000;5.000000;5.000000;5.000000;5.000000;5.000000,0.268149;3.375349;0.446135;0.111973;2.089253;0.134373,5.000000;5.000000;5.000000;5.000000;5.000000;5.000000,335,20792,302,27136,0,0,0,0,36,2016,0,0,0,0,0,0,0,0,0,0,0,0,0,0,0,0,0,0,graph_0002__pathPersistency_0.7500,pathPersistency,0.75,graph_0002,epoch_0002
trace,aodv,0.512440,0.512290,2371,2692,105,1114,1479,0.636111,0.032033,75.006608,360,229,31,56,0,456,1.272222,1114,53282,4.864629,232.672489,0.500000,4.285714,4.000000,5.000000,5.000000;5.000000;4.000000;4.000000;4.000000;4.000000;4.000000,12,0.869565,1,5.000000;5.000000;5.000000;5.000000;5.000000;5.000000,1.434180;nan;0.100773;0.111973;0.123173;1.297125,5.000000;5.000000;5.000000;5.000000;5.000000;5.000000,0,0,0,0,0,0,0,0,0,0,759,36432,149,7748,95,4560,98,4152,13,390,0,0,0,0,0,0,0,0,graph_0002__pathPersistency_0.7500,pathPersistency,0.75,graph_0002,epoch_0002
trace,static,0.198811,0.198770,865,669,105,0,0,0.455556,0.022992,72.643292,360,164,0,0,0,97,0.911111,0,0,0.000000,0.000000,0.500000,4.285714,4.000000,5.000000,5.000000;5.000000;4.000000;4.000000;4.000000;4.000000;4.000000,12,0.869565,1,5.000000;5.000000;5.000000;5.000000;5.000000;5.000000,0.154874;0.098279;0.109749;0.120949;0.132149;0.143349,5.000000;5.000000;5.000000;5.000000;5.000000;5.000000,0,0,0,0,0,0,0,0,0,0,0,0,0,0,0,0,0,0,0,0,0,0,0,0,0,0,0,0,graph_0002__pathPersistency_0.7500,pathPersistency,0.75,graph_0002,epoch_0002
trace,olsr,0.402632,0.402590,1429,1467,105,567,793,0.327778,0.017473,67.596957,360,118,31,0,0,395,0.655556,567,39100,4.805085,331.355932,0.500000,4.285714,4.000000,5.000000,5.000000;5.000000;4.000000;4.000000;4.000000;4.000000;4.000000,12,nan,0,5.000000;5.000000;5.000000;5.000000;5.000000;5.000000,0.095333;nan;0.100773;nan;0.304695;nan,5.000000;5.000000;5.000000;5.000000;5.000000;5.000000,350,21176,217,17924,0,0,0,0,0,0,0,0,0,0,0,0,0,0,0,0,0,0,0,0,0,0,0,0,graph_0001__pathPersistency_0.7500,pathPersistency,0.75,graph_0001,epoch_0001
trace,aodv,0.582518,0.582395,2545,2757,105,1095,1374,0.769444,0.038768,75.507776,360,277,16,0,0,463,1.538889,1095,52322,3.953069,188.888087,0.500000,4.285714,4.000000,5.000000,5.000000;5.000000;4.000000;4.000000;4.000000;4.000000;4.000000,12,nan,0,5.000000;5.000000;5.000000;5.000000;5.000000;5.000000,0.095333;0.438347;0.283668;0.111973;0.482978;0.636266,5.000000;5.000000;5.000000;5.000000;5.000000;5.000000,0,0,0,0,0,0,0,0,0,0,764,36672,132,6864,98,4704,86,3632,15,450,0,0,0,0,0,0,0,0,graph_0001__pathPersistency_0.7500,pathPersistency,0.75,graph_0001,epoch_0001
trace,static,0.189453,0.189440,862,666,105,0,0,0.455556,0.022863,72.503418,360,164,0,0,0,88,0.911111,0,0,0.000000,0.000000,0.500000,4.285714,4.000000,5.000000,5.000000;5.000000;4.000000;4.000000;4.000000;4.000000;4.000000,12,nan,0,5.000000;5.000000;5.000000;5.000000;5.000000;5.000000,0.104309;0.149134;0.109749;0.120949;0.132149;0.143079,5.000000;5.000000;5.000000;5.000000;5.000000;5.000000,0,0,0,0,0,0,0,0,0,0,0,0,0,0,0,0,0,0,0,0,0,0,0,0,0,0,0,0,graph_0001__pathPersistency_0.7500,pathPersistency,0.75,graph_0001,epoch_0001
trace,olsr,0.529669,0.529166,1917,1970,105,596,826,0.327778,0.016918,64.752619,360,118,0,0,0,359,0.655556,596,41428,5.050847,351.084746,0.500000,4.285714,4.000000,5.000000,5.000000;5.000000;4.000000;4.000000;4.000000;4.000000;4.000000,12,nan,0,5.000000;5.000000;5.000000;5.000000;5.000000;5.000000,0.095333;1.455086;0.100773;nan;3.408679;1.307911,5.000000;5.000000;5.000000;5.000000;5.000000;5.000000,349,21192,231,19340,0,0,0,0,16,896,0,0,0,0,0,0,0,0,0,0,0,0,0,0,0,0,0,0,graph_0001__pathPersistency_0.7500,pathPersistency,0.75,graph_0001,epoch_0003
trace,aodv,0.518181,0.517510,2354,2589,105,1048,1327,0.694444,0.035001,74.166513,360,250,10,56,0,413,1.388889,1048,50252,4.192000,201.008000,0.500000,4.285714,4.000000,5.000000,5.000000;5.000000;4.000000;4.000000;4.000000;4.000000;4.000000,12,nan,0,5.000000;5.000000;5.000000;5.000000;5.000000;5.000000,0.095333;0.444600;0.109172;nan;0.464864;0.644284,5.000000;5.000000;5.000000;5.000000;5.000000;5.000000,0,0,0,0,0,0,0,0,0,0,773,37104,115,5980,87,4176,61,2632,12,360,0,0,0,0,0,0,0,0,graph_0001__pathPersistency_0.7500,pathPersistency,0.75,graph_0001,epoch_0003
trace,static,0.191301,0.191094,862,666,105,0,0,0.455556,0.022869,72.503486,360,164,0,0,0,89,0.911111,0,0,0.000000,0.000000,0.500000,4.285714,4.000000,5.000000,5.000000;5.000000;4.000000;4.000000;4.000000;4.000000;4.000000,12,nan,0,5.000000;5.000000;5.000000;5.000000;5.000000;5.000000,0.104309;0.145568;0.109749;0.120949;0.132149;0.143079,5.000000;5.000000;5.000000;5.000000;5.000000;5.000000,0,0,0,0,0,0,0,0,0,0,0,0,0,0,0,0,0,0,0,0,0,0,0,0,0,0,0,0,graph_0001__pathPersistency_0.7500,pathPersistency,0.75,graph_0001,epoch_0003
trace,olsr,0.407403,0.406929,1476,1554,105,568,794,0.394444,0.019796,74.930068,360,142,7,0,0,359,0.788889,568,39644,4.000000,279.183099,0.500000,4.285714,4.000000,5.000000,5.000000;5.000000;4.000000;4.000000;4.000000;4.000000;4.000000,12,nan,0,5.000000;5.000000;5.000000;5.000000;5.000000;5.000000,3.225975;0.972674;0.100773;3.233639;0.123173;0.307189,5.000000;5.000000;5.000000;5.000000;5.000000;5.000000,348,21068,218,18464,0,0,0,0,2,112,0,0,0,0,0,0,0,0,0,0,0,0,0,0,0,0,0,0,graph_0001__pathPersistency_0.7500,pathPersistency,0.75,graph_0001,epoch_0004
trace,aodv,0.510687,0.509845,2355,2587,105,1062,1340,0.688889,0.034716,73.815680,360,248,10,56,0,372,1.377778,1062,50924,4.282258,205.338710,0.500000,4.285714,4.000000,5.000000,5.000000;5.000000;4.000000;4.000000;4.000000;4.000000;4.000000,12,nan,0,5.000000;5.000000;5.000000;5.000000;5.000000;5.000000,0.095333;0.438470;0.102588;nan;0.461100;0.134373,5.000000;5.000000;5.000000;5.000000;5.000000;5.000000,0,0,0,0,0,0,0,0,0,0,768,36864,122,6344,90,4320,72,3096,10,300,0,0,0,0,0,0,0,0,graph_0001__pathPersistency_0.7500,pathPersistency,0.75,graph_0001,epoch_0004
trace,static,0.188799,0.188603,862,666,105,0,0,0.455556,0.022863,72.503461,360,164,0,0,0,89,0.911111,0,0,0.000000,0.000000,0.500000,4.285714,4.000000,5.000000,5.000000;5.000000;4.000000;4.000000;4.000000;4.000000;4.000000,12,nan,0,5.000000;5.000000;5.000000;5.000000;5.000000;5.000000,0.104309;0.155274;0.109749;0.120949;0.132149;0.143079,5.000000;5.000000;5.000000;5.000000;5.000000;5.000000,0,0,0,0,0,0,0,0,0,0,0,0,0,0,0,0,0,0,0,0,0,0,0,0,0,0,0,0,graph_0001__pathPersistency_0.7500,pathPersistency,0.75,graph_0001,epoch_0004
trace,olsr,0.363792,0.363663,1295,1322,105,568,782,0.233333,0.011712,68.937377,360,84,35,0,0,353,0.466667,568,39584,6.761905,471.238095,0.500000,4.285714,4.000000,5.000000,5.000000;5.000000;4.000000;4.000000;4.000000;4.000000;4.000000,12,nan,0,5.000000;5.000000;5.000000;5.000000;5.000000;5.000000,0.095333;nan;2.629074;nan;2.434615;0.307389,5.000000;5.000000;5.000000;5.000000;5.000000;5.000000,352,21412,216,18172,0,0,0,0,0,0,0,0,0,0,0,0,0,0,0,0,0,0,0,0,0,0,0,0,graph_0001__pathPersistency_0.7500,pathPersistency,0.75,graph_0001,epoch_0005
trace,aodv,0.508357,0.508334,2331,2500,105,1022,1242,0.691667,0.035437,75.542910,360,249,4,56,0,543,1.383333,1022,49050,4.104418,196.987952,0.500000,4.285714,4.000000,5.000000,5.000000;5.000000;4.000000;4.000000;4.000000;4.000000;4.000000,12,nan,0,5.000000;5.000000;5.000000;5.000000;5.000000;5.000000,0.095333;0.089573;0.100773;nan;0.472160;0.635688,5.000000;5.000000;5.000000;5.000000;5.000000;5.000000,0,0,0,0,0,0,0,0,0,0,779,37392,105,5460,73,3504,56,2424,9,270,0,0,0,0,0,0,0,0,graph_0001__pathPersistency_0.7500,pathPersistency,0.75,graph_0001,epoch_0005
trace,static,0.185597,0.185563,862,666,105,0,0,0.455556,0.022866,72.503485,360,164,0,0,0,89,0.911111,0,0,0.000000,0.000000,0.500000,4.285714,4.000000,5.000000,5.000000;5.000000;4.000000;4.000000;4.000000;4.000000;4.000000,12,nan,0,5.000000;5.000000;5.000000;5.000000;5.000000;5.000000,0.104309;0.153434;0.109749;0.120949;0.132149;0.143079,5.000000;5.000000;5.000000;5.000000;5.000000;5.000000,0,0,0,0,0,0,0,0,0,0,0,0,0,0,0,0,0,0,0,0,0,0,0,0,0,0,0,0,graph_0001__pathPersistency_0.7500,pathPersistency,0.75,graph_0001,epoch_0005
trace,olsr,0.418330,0.418294,1456,1484,105,560,784,0.352778,0.018426,69.831107,360,127,2,0,0,385,0.705556,560,39780,4.409449,313.228346,0.500000,4.285714,4.000000,5.000000,5.000000;5.000000;4.000000;4.000000;4.000000;4.000000;4.000000,12,nan,0,5.000000;5.000000;5.000000;5.000000;5.000000;5.000000,0.095333;nan;0.100773;nan;0.304695;0.134373,5.000000;5.000000;5.000000;5.000000;5.000000;5.000000,349,21160,211,18620,0,0,0,0,0,0,0,0,0,0,0,0,0,0,0,0,0,0,0,0,0,0,0,0,graph_0001__pathPersistency_0.7500,pathPersistency,0.75,graph_0001,epoch_0002
trace,aodv,0.514747,0.514604,2376,2643,105,1088,1377,0.697222,0.035136,74.342541,360,251,31,56,0,382,1.394444,1088,51982,4.334661,207.099602,0.500000,4.285714,4.000000,5.000000,5.000000;5.000000;4.000000;4.000000;4.000000;4.000000;4.000000,12,nan,0,5.000000;5.000000;5.000000;5.000000;5.000000;5.000000,0.095333;0.441045;0.100773;nan;0.477534;0.635973,5.000000;5.000000;5.000000;5.000000;5.000000;5.000000,0,0,0,0,0,0,0,0,0,0,769,36912,125,6500,91,4368,92,3872,11,330,0,0,0,0,0,0,0,0,graph_0001__pathPersistency_0.7500,pathPersistency,0.75,graph_0001,epoch_0002
trace,static,0.188257,0.188226,862,666,105,0,0,0.455556,0.022865,72.503451,360,164,0,0,0,89,0.911111,0,0,0.000000,0.000000,0.500000,4.285714,4.000000,5.000000,5.000000;5.000000;4.000000;4.000000;4.000000;4.000000;4.000000,12,nan,0,5.000000;5.000000;5.000000;5.000000;5.000000;5.000000,0.104309;0.147954;0.109749;0.120949;0.132149;0.143079,5.000000;5.000000;5.000000;5.000000;5.000000;5.000000,0,0,0,0,0,0,0,0,0,0,0,0,0,0,0,0,0,0,0,0,0,0,0,0,0,0,0,0,graph_0001__pathPersistency_0.7500,pathPersistency,0.75,graph_0001,epoch_0002
trace,olsr,0.543892,0.543719,1963,2077,105,601,910,0.233333,0.011713,76.833060,360,84,9,0,0,427,0.466667,601,42860,7.154762,510.238095,0.500000,4.285714,4.000000,5.000000,5.000000;5.000000;4.000000;4.000000;4.000000;4.000000;4.000000,12,0.869565,1,5.000000;5.000000;5.000000;5.000000;5.000000;5.000000,4.209367;nan;0.100773;0.284789;1.296711;1.281253,5.000000;5.000000;5.000000;5.000000;5.000000;5.000000,345,21340,238,20512,0,0,0,0,18,1008,0,0,0,0,0,0,0,0,0,0,0,0,0,0,0,0,0,0,graph_0004__pathPersistency_0.2500,pathPersistency,0.25,graph_0004,epoch_0001
trace,aodv,0.557556,0.557518,2465,2794,105,1178,1562,0.605556,0.030516,74.870967,360,218,31,56,0,527,1.211111,1178,56324,5.403670,258.366972,0.500000,4.285714,4.000000,5.000000,5.000000;5.000000;4.000000;4.000000;4.000000;4.000000;4.000000,12,0.869565,1,5.000000;5.000000;5.000000;5.000000;5.000000;5.000000,2.406682;nan;0.439440;0.111973;0.123173;0.134373,5.000000;5.000000;5.000000;5.000000;5.000000;5.000000,0,0,0,0,0,0,0,0,0,0,747,35856,169,8788,112,5376,136,5832,12,360,2,112,0,0,0,0,0,0,graph_0004__pathPersistency_0.2500,pathPersistency,0.25,graph_0004,epoch_0001
trace,static,0.221862,0.221835,856,660,105,0,0,0.455556,0.022867,73.112918,360,164,0,0,0,82,0.911111,0,0,0.000000,0.000000,0.500000,4.285714,4.000000,5.000000,5.000000;5.000000;4.000000;4.000000;4.000000;4.000000;4.000000,12,0.869565,1,5.000000;5.000000;5.000000;5.000000;5.000000;5.000000,0.104309;0.098549;0.109749;0.120949;0.132149;0.143349,5.000000;5.000000;5.000000;5.000000;5.000000;5.000000,0,0,0,0,0,0,0,0,0,0,0,0,0,0,0,0,0,0,0,0,0,0,0,0,0,0,0,0,graph_0004__pathPersistency_0.2500,pathPersistency,0.25,graph_0004,epoch_0001
trace,olsr,0.448558,0.448529,1630,1754,105,599,905,0.161111,0.009809,73.224331,360,58,10,0,0,334,0.322222,599,43088,10.327586,742.896552,0.500000,4.285714,4.000000,5.000000,5.000000;5.000000;4.000000;4.000000;4.000000;4.000000;4.000000,12,0.869565,1,5.000000;5.000000;5.000000;5.000000;5.000000;5.000000,4.210987;nan;1.628668;0.284789;1.296711;nan,5.000000;5.000000;5.000000;5.000000;5.000000;5.000000,344,21212,243,21204,0,0,0,0,12,672,0,0,0,0,0,0,0,0,0,0,0,0,0,0,0,0,0,0,graph_0004__pathPersistency_0.2500,pathPersistency,0.25,graph_0004,epoch_0003
trace,aodv,0.485651,0.485584,2241,2574,105,1073,1432,0.597222,0.030088,74.930828,360,215,7,112,0,431,1.194444,1073,51484,4.990698,239.460465,0.500000,4.285714,4.000000,5.000000,5.000000;5.000000;4.000000;4.000000;4.000000;4.000000;4.000000,12,0.869565,1,5.000000;5.000000;5.000000;5.000000;5.000000;5.000000,0.095333;nan;0.455464;0.624185;nan;0.282529,5.000000;5.000000;5.000000;5.000000;5.000000;5.000000,0,0,0,0,0,0,0,0,0,0,753,36144,148,7696,80,3840,82,3504,10,300,0,0,0,0,0,0,0,0,graph_0004__pathPersistency_0.2500,pathPersistency,0.25,graph_0004,epoch_0003
trace,static,0.188048,0.188023,856,660,105,0,0,0.455556,0.022864,73.112861,360,164,0,0,0,82,0.911111,0,0,0.000000,0.000000,0.500000,4.285714,4.000000,5.000000,5.000000;5.000000;4.000000;4.000000;4.000000;4.000000;4.000000,12,0.869565,1,5.000000;5.000000;5.000000;5.000000;5.000000;5.000000,0.104309;0.098549;0.109749;0.120949;0.132149;0.143349,5.000000;5.000000;5.000000;5.000000;5.000000;5.000000,0,0,0,0,0,0,0,0,0,0,0,0,0,0,0,0,0,0,0,0,0,0,0,0,0,0,0,0,graph_0004__pathPersistency_0.2500,pathPersistency,0.25,graph_0004,epoch_0003
trace,olsr,0.447657,0.447607,1506,1572,105,588,888,0.197222,0.010564,73.724476,360,71,18,0,0,426,0.394444,588,42764,8.281690,602.309859,0.500000,4.285714,4.000000,5.000000,5.000000;5.000000;4.000000;4.000000;4.000000;4.000000;4.000000,12,0.869565,1,5.000000;5.000000;5.000000;5.000000;5.000000;5.000000,4.209567;1.254135;2.248725;0.111973;1.296711;nan,5.000000;5.000000;5.000000;5.000000;5.000000;5.000000,343,21392,241,21148,0,0,0,0,4,224,0,0,0,0,0,0,0,0,0,0,0,0,0,0,0,0,0,0,graph_0004__pathPersistency_0.2500,pathPersistency,0.25,graph_0004,epoch_0004
trace,aodv,0.548022,0.547987,2440,2748,105,1105,1469,0.619444,0.031214,74.801080,360,223,25,56,0,485,1.238889,1105,52840,4.955157,236.950673,0.500000,4.285714,4.000000,5.000000,5.000000;5.000000;4.000000;4.000000;4.000000;4.000000;4.000000,12,0.869565,1,5.000000;5.000000;5.000000;5.000000;5.000000;5.000000,0.095333;nan;0.445760;0.621229;0.123173;0.134373,5.000000;5.000000;5.000000;5.000000;5.000000;5.000000,0,0,0,0,0,0,0,0,0,0,755,36240,149,7748,86,4128,105,4424,10,300,0,0,0,0,0,0,0,0,graph_0004__pathPersistency_0.2500,pathPersistency,0.25,graph_0004,epoch_0004
trace,static,0.185736,0.185734,856,660,105,0,0,0.455556,0.022866,73.112899,360,164,0,0,0,82,0.911111,0,0,0.000000,0.000000,0.500000,4.285714,4.000000,5.000000,5.000000;5.000000;4.000000;4.000000;4.000000;4.000000;4.000000,12,0.869565,1,5.000000;5.000000;5.000000;5.000000;5.000000;5.000000,0.104309;0.098549;0.109749;0.120949;0.132149;0.143349,5.000000;5.000000;5.000000;5.000000;5.000000;5.000000,0,0,0,0,0,0,0,0,0,0,0,0,0,0,0,0,0,0,0,0,0,0,0,0,0,0,0,0,graph_0004__pathPersistency_0.2500,pathPersistency,0.25,graph_0004,epoch_0004
trace,olsr,0.390192,0.390141,1376,1486,105,590,896,0.208333,0.010726,75.661998,360,75,43,0,0,384,0.416667,590,42752,7.866667,570.026667,0.500000,4.285714,4.000000,5.000000,5.000000;5.000000;4.000000;4.000000;4.000000;4.000000;4.000000,12,0.869565,1,5.000000;5.000000;5.000000;5.000000;5.000000;5.000000,4.209307;3.405226;0.100773;3.070069;1.296711;0.134373,5.000000;5.000000;5.000000;5.000000;5.000000;5.000000,344,21352,246,21400,0,0,0,0,0,0,0,0,0,0,0,0,0,0,0,0,0,0,0,0,0,0,0,0,graph_0004__pathPersistency_0.2500,pathPersistency,0.25,graph_0004,epoch_0005
trace,aodv,0.579415,0.579390,2454,2785,105,1114,1474,0.652778,0.032891,74.579903,360,235,40,56,0,482,1.305556,1114,53010,4.740426,225.574468,0.500000,4.285714,4.000000,5.000000,5.000000;5.000000;4.000000;4.000000;4.000000;4.000000;4.000000,12,0.869565,1,5.000000;5.000000;5.000000;5.000000;5.000000;5.000000,0.612220;nan;0.456760;0.619250;0.123173;0.134373,5.000000;5.000000;5.000000;5.000000;5.000000;5.000000,0,0,0,0,0,0,0,0,0,0,755,36240,141,7332,81,3888,124,5160,13,390,0,0,0,0,0,0,0,0,graph_0004__pathPersistency_0.2500,pathPersistency,0.25,graph_0004,epoch_0005
trace,static,0.233784,0.209212,856,660,105,0,0,0.455556,0.022865,73.112905,360,164,0,0,0,82,0.911111,0,0,0.000000,0.000000,0.500000,4.285714,4.000000,5.000000,5.000000;5.000000;4.000000;4.000000;4.000000;4.000000;4.000000,12,0.869565,1,5.000000;5.000000;5.000000;5.000000;5.000000;5.000000,0.104309;0.098549;0.109749;0.120949;0.132149;0.143349,5.000000;5.000000;5.000000;5.000000;5.000000;5.000000,0,0,0,0,0,0,0,0,0,0,0,0,0,0,0,0,0,0,0,0,0,0,0,0,0,0,0,0,graph_0004__pathPersistency_0.2500,pathPersistency,0.25,graph_0004,epoch_0005
trace,olsr,0.421228,0.421205,1470,1573,105,586,884,0.286111,0.016684,77.270228,360,103,7,0,0,371,0.572222,586,41800,5.689320,405.825243,0.500000,4.285714,4.000000,5.000000,5.000000;5.000000;4.000000;4.000000;4.000000;4.000000;4.000000,12,0.869565,1,5.000000;5.000000;5.000000;5.000000;5.000000;5.000000,4.209787;3.588834;0.100773;0.210497;0.614693;nan,5.000000;5.000000;5.000000;5.000000;5.000000;5.000000,347,21564,239,20236,0,0,0,0,0,0,0,0,0,0,0,0,0,0,0,0,0,0,0,0,0,0,0,0,graph_0004__pathPersistency_0.2500,pathPersistency,0.25,graph_0004,epoch_0002
trace,aodv,0.492529,0.492497,2257,2611,105,1115,1506,0.561111,0.028753,76.178185,360,202,9,112,0,337,1.122222,1115,53546,5.519802,265.079208,0.500000,4.285714,4.000000,5.000000,5.000000;5.000000;4.000000;4.000000;4.000000;4.000000;4.000000,12,0.869565,1,5.000000;5.000000;5.000000;5.000000;5.000000;5.000000,0.095333;nan;0.459760;0.111973;nan;0.457237,5.000000;5.000000;5.000000;5.000000;5.000000;5.000000,0,0,0,0,0,0,0,0,0,0,746,35808,163,8476,85,4080,110,4800,9,270,2,112,0,0,0,0,0,0,graph_0004__pathPersistency_0.2500,pathPersistency,0.25,graph_0004,epoch_0002
trace,static,0.188266,0.188255,856,660,105,0,0,0.455556,0.022862,73.112853,360,164,0,0,0,82,0.911111,0,0,0.000000,0.000000,0.500000,4.285714,4.000000,5.000000,5.000000;5.000000;4.000000;4.000000;4.000000;4.000000;4.000000,12,0.869565,1,5.000000;5.000000;5.000000;5.000000;5.000000;5.000000,0.104309;0.098549;0.109749;0.120949;0.132149;0.143349,5.000000;5.000000;5.000000;5.000000;5.000000;5.000000,0,0,0,0,0,0,0,0,0,0,0,0,0,0,0,0,0,0,0,0,0,0,0,0,0,0,0,0,graph_0004__pathPersistency_0.2500,pathPersistency,0.25,graph_0004,epoch_0002
trace,olsr,0.516916,0.516882,1829,1982,105,640,969,0.472222,0.023699,72.532560,360,170,0,0,0,570,0.944444,640,47556,3.764706,279.741176,0.500000,4.285714,4.000000,5.000000,5.000000;5.000000;4.000000;4.000000;4.000000;4.000000;4.000000,12,0.565217,1,5.000000;5.000000;5.000000;5.000000;5.000000;5.000000,0.095333;0.271095;0.100773;0.111973;0.123173;2.282245,5.000000;5.000000;5.000000;5.000000;5.000000;5.000000,342,20872,294,26460,0,0,0,0,4,224,0,0,0,0,0,0,0,0,0,0,0,0,0,0,0,0,0,0,graph_0001__pathPersistency_0.0000,pathPersistency,0.0,graph_0001,epoch_0001
trace,aodv,0.554876,0.554680,2440,2690,105,1151,1464,0.630556,0.031949,69.815240,360,227,14,56,0,577,1.261111,1151,54926,5.070485,241.964758,0.500000,4.285714,4.000000,5.000000,5.000000;5.000000;4.000000;4.000000;4.000000;4.000000;4.000000,12,0.565217,1,5.000000;5.000000;5.000000;5.000000;5.000000;5.000000,0.268149;0.089573;0.100773;0.111973;nan;0.791586,5.000000;5.000000;5.000000;5.000000;5.000000;5.000000,0,0,0,0,0,0,0,0,0,0,751,36048,151,7852,122,5856,112,4720,15,450,0,0,0,0,0,0,0,0,graph_0001__pathPersistency_0.0000,pathPersistency,0.0,graph_0001,epoch_0001
trace,static,0.186674,0.186645,838,635,105,0,0,0.436111,0.022010,73.410473,360,157,0,0,0,143,0.872222,0,0,0.000000,0.000000,0.500000,4.285714,4.000000,5.000000,5.000000;5.000000;4.000000;4.000000;4.000000;4.000000;4.000000,12,0.565217,1,5.000000;5.000000;5.000000;5.000000;5.000000;5.000000,0.104309;0.098549;0.109749;0.120989;0.132149;0.143349,5.000000;5.000000;5.000000;5.000000;5.000000;5.000000,0,0,0,0,0,0,0,0,0,0,0,0,0,0,0,0,0,0,0,0,0,0,0,0,0,0,0,0,graph_0001__pathPersistency_0.0000,pathPersistency,0.0,graph_0001,epoch_0001
trace,olsr,0.513980,0.513882,1785,1892,105,639,956,0.400000,0.020080,70.975564,360,144,0,0,0,575,0.800000,639,47272,4.437500,328.277778,0.500000,4.285714,4.000000,5.000000,5.000000;5.000000;4.000000;4.000000;4.000000;4.000000;4.000000,12,0.565217,1,5.000000;5.000000;5.000000;5.000000;5.000000;5.000000,0.095333;0.262389;1.265335;0.111973;1.288005;2.282245,5.000000;5.000000;5.000000;5.000000;5.000000;5.000000,345,21040,290,26008,0,0,0,0,4,224,0,0,0,0,0,0,0,0,0,0,0,0,0,0,0,0,0,0,graph_0001__pathPersistency_0.0000,pathPersistency,0.0,graph_0001,epoch_0003
trace,aodv,0.649212,0.649129,2688,2974,105,1205,1553,0.800000,0.040540,73.257269,360,288,10,0,0,771,1.600000,1205,57752,4.184028,200.527778,0.500000,4.285714,4.000000,5.000000,5.000000;5.000000;4.000000;4.000000;4.000000;4.000000;4.000000,12,0.565217,1,5.000000;5.000000;5.000000;5.000000;5.000000;5.000000,0.095333;0.089573;0.100773;0.111973;0.123173;0.306381,5.000000;5.000000;5.000000;5.000000;5.000000;5.000000,0,0,0,0,0,0,0,0,0,0,734,35232,185,9620,182,8736,86,3624,18,540,0,0,0,0,0,0,0,0,graph_0001__pathPersistency_0.0000,pathPersistency,0.0,graph_0001,epoch_0003
trace,static,0.200152,0.200133,841,638,105,0,0,0.436111,0.022015,73.410574,360,157,0,0,0,145,0.872222,0,0,0.000000,0.000000,0.500000,4.285714,4.000000,5.000000,5.000000;5.000000;4.000000;4.000000;4.000000;4.000000;4.000000,12,0.565217,1,5.000000;5.000000;5.000000;5.000000;5.000000;5.000000,0.104309;0.098549;0.109749;0.120989;0.132149;0.143349,5.000000;5.000000;5.000000;5.000000;5.000000;5.000000,0,0,0,0,0,0,0,0,0,0,0,0,0,0,0,0,0,0,0,0,0,0,0,0,0,0,0,0,graph_0001__pathPersistency_0.0000,pathPersistency,0.0,graph_0001,epoch_0003
trace,olsr,0.506163,0.506136,1784,1914,105,622,931,0.455556,0.022863,72.575284,360,164,3,0,0,527,0.911111,622,46812,3.792683,285.439024,0.500000,4.285714,4.000000,5.000000,5.000000;5.000000;4.000000;4.000000;4.000000;4.000000;4.000000,12,0.565217,1,5.000000;5.000000;5.000000;5.000000;5.000000;5.000000,0.095333;0.262389;0.100773;0.111973;1.288005;2.282245,5.000000;5.000000;5.000000;5.000000;5.000000;5.000000,340,20924,278,25664,0,0,0,0,4,224,0,0,0,0,0,0,0,0,0,0,0,0,0,0,0,0,0,0,graph_0001__pathPersistency_0.0000,pathPersistency,0.0,graph_0001,epoch_0004
trace,aodv,0.635514,0.635464,2662,2949,105,1226,1568,0.744444,0.037727,73.715220,360,268,37,0,0,743,1.488889,1226,58260,4.574627,217.388060,0.500000,4.285714,4.000000,5.000000,5.000000;5.000000;4.000000;4.000000;4.000000;4.000000;4.000000,12,0.565217,1,5.000000;5.000000;5.000000;5.000000;5.000000;5.000000,0.095333;0.089573;0.100773;0.111973;0.123173;0.302261,5.000000;5.000000;5.000000;5.000000;5.000000;5.000000,0,0,0,0,0,0,0,0,0,0,747,35856,167,8684,155,7440,137,5680,20,600,0,0,0,0,0,0,0,0,graph_0001__pathPersistency_0.0000,pathPersistency,0.0,graph_0001,epoch_0004
trace,static,0.189906,0.189904,839,636,105,0,0,0.436111,0.022010,73.410467,360,157,0,0,0,143,0.872222,0,0,0.000000,0.000000,0.500000,4.285714,4.000000,5.000000,5.000000;5.000000;4.000000;4.000000;4.000000;4.000000;4.000000,12,0.565217,1,5.000000;5.000000;5.000000;5.000000;5.000000;5.000000,0.104309;0.098549;0.109749;0.120989;0.132149;0.143349,5.000000;5.000000;5.000000;5.000000;5.000000;5.000000,0,0,0,0,0,0,0,0,0,0,0,0,0,0,0,0,0,0,0,0,0,0,0,0,0,0,0,0,graph_0001__pathPersistency_0.0000,pathPersistency,0.0,graph_0001,epoch_0004
trace,olsr,0.516974,0.516929,1847,2005,105,639,957,0.386111,0.019380,72.423098,360,139,1,0,0,505,0.772222,639,47372,4.597122,340.805755,0.500000,4.285714,4.000000,5.000000,5.000000;5.000000;4.000000;4.000000;4.000000;4.000000;4.000000,12,0.565217,1,5.000000;5.000000;5.000000;5.000000;5.000000;5.000000,0.095333;0.262389;0.100773;1.095823;1.288005;2.282245,5.000000;5.000000;5.000000;5.000000;5.000000;5.000000,343,20744,288,26180,0,0,0,0,8,448,0,0,0,0,0,0,0,0,0,0,0,0,0,0,0,0,0,0,graph_0001__pathPersistency_0.0000,pathPersistency,0.0,graph_0001,epoch_0005
trace,aodv,0.644786,0.644665,2724,2989,105,1237,1546,0.797222,0.040827,76.158057,360,287,29,0,0,762,1.594444,1237,59024,4.310105,205.658537,0.500000,4.285714,4.000000,5.000000,5.000000;5.000000;4.000000;4.000000;4.000000;4.000000;4.000000,12,0.565217,1,5.000000;5.000000;5.000000;5.000000;5.000000;5.000000,1.594276;0.089573;0.100773;1.598900;0.123173;0.134373,5.000000;5.000000;5.000000;5.000000;5.000000;5.000000,0,0,0,0,0,0,0,0,0,0,746,35808,174,9048,184,8832,113,4736,20,600,0,0,0,0,0,0,0,0,graph_0001__pathPersistency_0.0000,pathPersistency,0.0,graph_0001,epoch_0005
trace,static,0.192581,0.192560,841,639,105,0,0,0.438889,0.022090,73.602697,360,158,0,0,0,145,0.877778,0,0,0.000000,0.000000,0.500000,4.285714,4.000000,5.000000,5.000000;5.000000;4.000000;4.000000;4.000000;4.000000;4.000000,12,0.565217,1,5.000000;5.000000;5.000000;5.000000;5.000000;5.000000,0.104309;0.098549;0.109749;0.120989;0.132149;0.143349,5.000000;5.000000;5.000000;5.000000;5.000000;5.000000,0,0,0,0,0,0,0,0,0,0,0,0,0,0,0,0,0,0,0,0,0,0,0,0,0,0,0,0,graph_0001__pathPersistency_0.0000,pathPersistency,0.0,graph_0001,epoch_0005
trace,olsr,0.592361,0.592235,2115,2246,105,649,972,0.388889,0.019519,71.089929,360,140,1,0,0,538,0.777778,649,48212,4.635714,344.371429,0.500000,4.285714,4.000000,5.000000,5.000000;5.000000;4.000000;4.000000;4.000000;4.000000;4.000000,12,0.565217,1,5.000000;5.000000;5.000000;5.000000;5.000000;5.000000,2.247265;0.262389;0.100773;1.258853;2.106935;2.282245,5.000000;5.000000;5.000000;5.000000;5.000000;5.000000,343,20744,290,26572,0,0,0,0,16,896,0,0,0,0,0,0,0,0,0,0,0,0,0,0,0,0,0,0,graph_0001__pathPersistency_0.0000,pathPersistency,0.0,graph_0001,epoch_0002
trace,aodv,0.643026,0.642991,2664,2961,105,1234,1584,0.755556,0.038175,73.777493,360,272,35,0,0,753,1.511111,1234,58812,4.536765,216.220588,0.500000,4.285714,4.000000,5.000000,5.000000;5.000000;4.000000;4.000000;4.000000;4.000000;4.000000,12,0.565217,1,5.000000;5.000000;5.000000;5.000000;5.000000;5.000000,1.600785;0.089573;0.100773;0.111973;0.123173;0.306875,5.000000;5.000000;5.000000;5.000000;5.000000;5.000000,0,0,0,0,0,0,0,0,0,0,738,35424,182,9464,166,7968,130,5416,18,540,0,0,0,0,0,0,0,0,graph_0001__pathPersistency_0.0000,pathPersistency,0.0,graph_0001,epoch_0002
trace,static,0.192399,0.192371,838,635,105,0,0,0.436111,0.022012,73.410460,360,157,0,0,0,143,0.872222,0,0,0.000000,0.000000,0.500000,4.285714,4.000000,5.000000,5.000000;5.000000;4.000000;4.000000;4.000000;4.000000;4.000000,12,0.565217,1,5.000000;5.000000;5.000000;5.000000;5.000000;5.000000,0.104309;0.098549;0.109749;0.120989;0.132149;0.143349,5.000000;5.000000;5.000000;5.000000;5.000000;5.000000,0,0,0,0,0,0,0,0,0,0,0,0,0,0,0,0,0,0,0,0,0,0,0,0,0,0,0,0,graph_0001__pathPersistency_0.0000,pathPersistency,0.0,graph_0001,epoch_0002
trace,olsr,0.403919,0.403881,1442,1543,105,562,839,0.391667,0.019661,78.852576,360,141,10,0,0,331,0.783333,562,38720,3.985816,274.609929,0.500000,4.285714,4.000000,5.000000,5.000000;5.000000;4.000000;4.000000;4.000000;4.000000;4.000000,12,nan,0,5.000000;5.000000;5.000000;5.000000;5.000000;5.000000,nan;0.471966;nan;0.111973;0.123173;0.134373,5.000000;5.000000;5.000000;5.000000;5.000000;5.000000,349,21468,213,17252,0,0,0,0,0,0,0,0,0,0,0,0,0,0,0,0,0,0,0,0,0,0,0,0,graph_0004__pathPersistency_0.7500,pathPersistency,0.75,graph_0004,epoch_0001
trace,aodv,0.461716,0.461579,2158,2524,105,1008,1396,0.622222,0.031356,77.134344,360,224,2,112,0,353,1.244444,1008,48502,4.500000,216.526786,0.500000,4.285714,4.000000,5.000000,5.000000;5.000000;4.000000;4.000000;4.000000;4.000000;4.000000,12,nan,0,5.000000;5.000000;5.000000;5.000000;5.000000;5.000000,0.095333;nan;0.100773;nan;0.001129;0.134373,5.000000;5.000000;5.000000;5.000000;5.000000;5.000000,0,0,0,0,0,0,0,0,0,0,783,37584,107,5564,73,3504,34,1520,11,330,0,0,0,0,0,0,0,0,graph_0004__pathPersistency_0.7500,pathPersistency,0.75,graph_0004,epoch_0001
trace,static,0.187193,0.187165,867,675,105,0,0,0.466667,0.023425,73.107047,360,168,0,0,0,88,0.933333,0,0,0.000000,0.000000,0.500000,4.285714,4.000000,5.000000,5.000000;5.000000;4.000000;4.000000;4.000000;4.000000;4.000000,12,nan,0,5.000000;5.000000;5.000000;5.000000;5.000000;5.000000,0.153714;0.098549;0.109749;0.120949;0.132149;0.143349,5.000000;5.000000;5.000000;5.000000;5.000000;5.000000,0,0,0,0,0,0,0,0,0,0,0,0,0,0,0,0,0,0,0,0,0,0,0,0,0,0,0,0,graph_0004__pathPersistency_0.7500,pathPersistency,0.75,graph_0004,epoch_0001
trace,olsr,0.383063,0.383017,1349,1435,105,553,816,0.322222,0.016172,78.068516,360,116,20,0,0,330,0.644444,553,38008,4.767241,327.655172,0.500000,4.285714,4.000000,5.000000,5.000000;5.000000;4.000000;4.000000;4.000000;4.000000;4.000000,12,nan,0,5.000000;5.000000;5.000000;5.000000;5.000000;5.000000,nan;0.962008;nan;1.276535;0.123173;0.134373,5.000000;5.000000;5.000000;5.000000;5.000000;5.000000,355,21948,198,16060,0,0,0,0,0,0,0,0,0,0,0,0,0,0,0,0,0,0,0,0,0,0,0,0,graph_0004__pathPersistency_0.7500,pathPersistency,0.75,graph_0004,epoch_0003
trace,aodv,0.469516,0.469384,2195,2568,105,1046,1438,0.625000,0.031488,77.031558,360,225,4,112,0,365,1.250000,1046,50176,4.648889,223.004444,0.500000,4.285714,4.000000,5.000000,5.000000;5.000000;4.000000;4.000000;4.000000;4.000000;4.000000,12,nan,0,5.000000;5.000000;5.000000;5.000000;5.000000;5.000000,0.095333;nan;0.100773;nan;0.000507;0.134373,5.000000;5.000000;5.000000;5.000000;5.000000;5.000000,0,0,0,0,0,0,0,0,0,0,782,37536,110,5720,70,3360,71,3144,12,360,1,56,0,0,0,0,0,0,graph_0004__pathPersistency_0.7500,pathPersistency,0.75,graph_0004,epoch_0003
trace,static,0.184034,0.184027,867,675,105,0,0,0.466667,0.023422,73.107003,360,168,0,0,0,88,0.933333,0,0,0.000000,0.000000,0.500000,4.285714,4.000000,5.000000,5.000000;5.000000;4.000000;4.000000;4.000000;4.000000;4.000000,12,nan,0,5.000000;5.000000;5.000000;5.000000;5.000000;5.000000,0.154108;0.098549;0.109749;0.120949;0.132149;0.143349,5.000000;5.000000;5.000000;5.000000;5.000000;5.000000,0,0,0,0,0,0,0,0,0,0,0,0,0,0,0,0,0,0,0,0,0,0,0,0,0,0,0,0,graph_0004__pathPersistency_0.7500,pathPersistency,0.75,graph_0004,epoch_0003
trace,olsr,0.753200,0.753055,2787,2891,105,603,876,0.283333,0.015333,73.572852,360,102,18,0,0,331,0.566667,603,41628,5.911765,408.117647,0.500000,4.285714,4.000000,5.000000,5.000000;5.000000;4.000000;4.000000;4.000000;4.000000;4.000000,12,nan,0,5.000000;5.000000;5.000000;5.000000;5.000000;5.000000,nan;1.128394;nan;1.586533;0.123173;nan,5.000000;5.000000;5.000000;5.000000;5.000000;5.000000,352,21720,205,17332,0,0,0,0,46,2576,0,0,0,0,0,0,0,0,0,0,0,0,0,0,0,0,0,0,graph_0004__pathPersistency_0.7500,pathPersistency,0.75,graph_0004,epoch_0004
trace,aodv,0.472832,0.472817,2191,2569,105,1041,1439,0.627778,0.031634,76.931023,360,226,2,112,0,340,1.255556,1041,50042,4.606195,221.424779,0.500000,4.285714,4.000000,5.000000,5.000000;5.000000;4.000000;4.000000;4.000000;4.000000;4.000000,12,nan,0,5.000000;5.000000;5.000000;5.000000;5.000000;5.000000,0.095333;nan;0.100773;nan;0.000006;0.134373,5.000000;5.000000;5.000000;5.000000;5.000000;5.000000,0,0,0,0,0,0,0,0,0,0,781,37488,110,5720,75,3600,63,2848,11,330,1,56,0,0,0,0,0,0,graph_0004__pathPersistency_0.7500,pathPersistency,0.75,graph_0004,epoch_0004
trace,static,0.187692,0.187650,867,675,105,0,0,0.466667,0.023424,73.107016,360,168,0,0,0,88,0.933333,0,0,0.000000,0.000000,0.500000,4.285714,4.000000,5.000000,5.000000;5.000000;4.000000;4.000000;4.000000;4.000000;4.000000,12,nan,0,5.000000;5.000000;5.000000;5.000000;5.000000;5.000000,0.152694;0.098549;0.109749;0.120949;0.132149;0.143349,5.000000;5.000000;5.000000;5.000000;5.000000;5.000000,0,0,0,0,0,0,0,0,0,0,0,0,0,0,0,0,0,0,0,0,0,0,0,0,0,0,0,0,graph_0004__pathPersistency_0.7500,pathPersistency,0.75,graph_0004,epoch_0004
trace,olsr,0.397802,0.397687,1443,1549,105,571,852,0.388889,0.019519,78.848977,360,140,14,0,0,329,0.777778,571,39284,4.078571,280.600000,0.500000,4.285714,4.000000,5.000000,5.000000;5.000000;4.000000;4.000000;4.000000;4.000000;4.000000,12,nan,0,5.000000;5.000000;5.000000;5.000000;5.000000;5.000000,nan;0.639974;nan;0.111973;0.123173;0.134373,5.000000;5.000000;5.000000;5.000000;5.000000;5.000000,352,21696,219,17588,0,0,0,0,0,0,0,0,0,0,0,0,0,0,0,0,0,0,0,0,0,0,0,0,graph_0004__pathPersistency_0.7500,pathPersistency,0.75,graph_0004,epoch_0005
trace,aodv,0.457264,0.457222,2172,2528,105,1003,1375,0.644444,0.032471,76.337348,360,232,0,112,0,306,1.288889,1003,48236,4.323276,207.913793,0.500000,4.285714,4.000000,5.000000,5.000000;5.000000;4.000000;4.000000;4.000000;4.000000;4.000000,12,nan,0,5.000000;5.000000;5.000000;5.000000;5.000000;5.000000,0.095333;nan;0.100773;nan;0.000235;0.134373,5.000000;5.000000;5.000000;5.000000;5.000000;5.000000,0,0,0,0,0,0,0,0,0,0,785,37680,104,5408,67,3216,37,1632,10,300,0,0,0,0,0,0,0,0,graph_0004__pathPersistency_0.7500,pathPersistency,0.75,graph_0004,epoch_0005
trace,static,0.187419,0.187403,867,675,105,0,0,0.466667,0.023423,73.107003,360,168,0,0,0,88,0.933333,0,0,0.000000,0.000000,0.500000,4.285714,4.000000,5.000000,5.000000;5.000000;4.000000;4.000000;4.000000;4.000000;4.000000,12,nan,0,5.000000;5.000000;5.000000;5.000000;5.000000;5.000000,0.152794;0.098549;0.109749;0.120949;0.132149;0.143349,5.000000;5.000000;5.000000;5.000000;5.000000;5.000000,0,0,0,0,0,0,0,0,0,0,0,0,0,0,0,0,0,0,0,0,0,0,0,0,0,0,0,0,graph_0004__pathPersistency_0.7500,pathPersistency,0.75,graph_0004,epoch_0005
trace,olsr,0.373599,0.373285,1353,1506,105,568,853,0.369444,0.018540,80.555891,360,133,0,0,0,282,0.738889,568,40288,4.270677,302.917293,0.500000,4.285714,4.000000,5.000000,5.000000;5.000000;4.000000;4.000000;4.000000;4.000000;4.000000,12,nan,0,5.000000;5.000000;5.000000;5.000000;5.000000;5.000000,nan;nan;1.929671;0.111973;0.123173;0.134373,5.000000;5.000000;5.000000;5.000000;5.000000;5.000000,351,21724,217,18564,0,0,0,0,0,0,0,0,0,0,0,0,0,0,0,0,0,0,0,0,0,0,0,0,graph_0004__pathPersistency_0.7500,pathPersistency,0.75,graph_0004,epoch_0002
trace,aodv,0.473279,0.472695,2177,2554,105,1035,1439,0.608333,0.031173,77.895166,360,219,2,112,0,286,1.216667,1035,49728,4.726027,227.068493,0.500000,4.285714,4.000000,5.000000,5.000000;5.000000;4.000000;4.000000;4.000000;4.000000;4.000000,12,nan,0,5.000000;5.000000;5.000000;5.000000;5.000000;5.000000,0.095333;nan;0.100773;nan;0.000430;0.134373,5.000000;5.000000;5.000000;5.000000;5.000000;5.000000,0,0,0,0,0,0,0,0,0,0,782,37536,110,5720,70,3360,60,2696,12,360,1,56,0,0,0,0,0,0,graph_0004__pathPersistency_0.7500,pathPersistency,0.75,graph_0004,epoch_0002
trace,static,0.191029,0.190826,867,675,105,0,0,0.466667,0.023419,73.106964,360,168,0,0,0,88,0.933333,0,0,0.000000,0.000000,0.500000,4.285714,4.000000,5.000000,5.000000;5.000000;4.000000;4.000000;4.000000;4.000000;4.000000,12,nan,0,5.000000;5.000000;5.000000;5.000000;5.000000;5.000000,0.154794;0.098549;0.109749;0.120949;0.132149;0.143349,5.000000;5.000000;5.000000;5.000000;5.000000;5.000000,0,0,0,0,0,0,0,0,0,0,0,0,0,0,0,0,0,0,0,0,0,0,0,0,0,0,0,0,graph_0004__pathPersistency_0.7500,pathPersistency,0.75,graph_0004,epoch_0002
trace,olsr,0.359104,0.359074,1299,1668,105,693,1198,0.180556,0.009323,71.451814,360,65,44,0,0,276,0.361111,693,56232,10.661538,865.107692,0.500000,4.285714,4.000000,5.000000,5.000000;5.000000;4.000000;4.000000;4.000000;4.000000;4.000000,12,0.782609,1,5.000000;5.000000;5.000000;5.000000;5.000000;5.000000,nan;nan;1.593015;1.422693;0.296189;0.134373,5.000000;5.000000;5.000000;5.000000;5.000000;5.000000,315,20220,378,36012,0,0,0,0,0,0,0,0,0,0,0,0,0,0,0,0,0,0,0,0,0,0,0,0,graph_0005__pathPersistency_0.5000,pathPersistency,0.5,graph_0005,epoch_0001
trace,aodv,0.567454,0.567412,2430,2972,105,1116,1707,0.641667,0.037597,70.606496,360,231,31,0,0,545,1.283333,1116,53310,4.831169,230.779221,0.500000,4.285714,4.000000,5.000000,5.000000;5.000000;4.000000;4.000000;4.000000;4.000000;4.000000,12,0.782609,1,5.000000;5.000000;5.000000;5.000000;5.000000;5.000000,0.095333;0.439015;0.605164;0.111973;0.123173;nan,5.000000;5.000000;5.000000;5.000000;5.000000;5.000000,0,0,0,0,0,0,0,0,0,0,764,36672,128,6656,116,5568,95,4024,13,390,0,0,0,0,0,0,0,0,graph_0005__pathPersistency_0.5000,pathPersistency,0.5,graph_0005,epoch_0001
trace,static,0.193622,0.193619,852,654,105,0,0,0.450000,0.022587,73.010832,360,162,0,0,0,108,0.900000,0,0,0.000000,0.000000,0.500000,4.285714,4.000000,5.000000,5.000000;5.000000;4.000000;4.000000;4.000000;4.000000;4.000000,12,0.782609,1,5.000000;5.000000;5.000000;5.000000;5.000000;5.000000,0.155734;0.098549;0.109749;0.120969;0.132149;0.143409,5.000000;5.000000;5.000000;5.000000;5.000000;5.000000,0,0,0,0,0,0,0,0,0,0,0,0,0,0,0,0,0,0,0,0,0,0,0,0,0,0,0,0,graph_0005__pathPersistency_0.5000,pathPersistency,0.5,graph_0005,epoch_0001
trace,olsr,0.537150,0.537122,1848,2149,105,699,1207,0.347222,0.017971,74.416499,360,125,25,0,0,435,0.694444,699,56360,5.592000,450.880000,0.500000,4.285714,4.000000,5.000000,5.000000;5.000000;4.000000;4.000000;4.000000;4.000000;4.000000,12,0.782609,1,5.000000;5.000000;5.000000;5.000000;5.000000;5.000000,1.096325;0.089573;0.282565;0.284789;0.295989;1.139903,5.000000;5.000000;5.000000;5.000000;5.000000;5.000000,313,20316,380,35708,0,0,0,0,6,336,0,0,0,0,0,0,0,0,0,0,0,0,0,0,0,0,0,0,graph_0005__pathPersistency_0.5000,pathPersistency,0.5,graph_0005,epoch_0003
trace,aodv,0.565414,0.565290,2409,2939,105,1101,1698,0.625000,0.036610,71.553858,360,225,20,0,0,527,1.250000,1101,52670,4.893333,234.088889,0.500000,4.285714,4.000000,5.000000,5.000000;5.000000;4.000000;4.000000;4.000000;4.000000;4.000000,12,0.782609,1,5.000000;5.000000;5.000000;5.000000;5.000000;5.000000,0.095333;0.439580;0.618989;0.111973;0.123173;nan,5.000000;5.000000;5.000000;5.000000;5.000000;5.000000,0,0,0,0,0,0,0,0,0,0,768,36864,126,6552,112,5376,82,3488,13,390,0,0,0,0,0,0,0,0,graph_0005__pathPersistency_0.5000,pathPersistency,0.5,graph_0005,epoch_0003
trace,static,0.190868,0.190865,852,654,105,0,0,0.450000,0.022584,73.010777,360,162,0,0,0,108,0.900000,0,0,0.000000,0.000000,0.500000,4.285714,4.000000,5.000000,5.000000;5.000000;4.000000;4.000000;4.000000;4.000000;4.000000,12,0.782609,1,5.000000;5.000000;5.000000;5.000000;5.000000;5.000000,0.153074;0.098549;0.109749;0.120969;0.132149;0.143409,5.000000;5.000000;5.000000;5.000000;5.000000;5.000000,0,0,0,0,0,0,0,0,0,0,0,0,0,0,0,0,0,0,0,0,0,0,0,0,0,0,0,0,graph_0005__pathPersistency_0.5000,pathPersistency,0.5,graph_0005,epoch_0003
trace,olsr,0.469363,0.469316,1629,1929,105,684,1170,0.355556,0.018950,70.968466,360,128,33,0,0,390,0.711111,684,56444,5.343750,440.968750,0.500000,4.285714,4.000000,5.000000,5.000000;5.000000;4.000000;4.000000;4.000000;4.000000;4.000000,12,0.782609,1,5.000000;5.000000;5.000000;5.000000;5.000000;5.000000,1.268871;0.961314;0.282565;0.284789;0.296189;nan,5.000000;5.000000;5.000000;5.000000;5.000000;5.000000,316,20428,368,36016,0,0,0,0,0,0,0,0,0,0,0,0,0,0,0,0,0,0,0,0,0,0,0,0,graph_0005__pathPersistency_0.5000,pathPersistency,0.5,graph_0005,epoch_0004
trace,aodv,0.526989,0.526864,2352,2864,105,1047,1626,0.633333,0.037105,71.247376,360,228,17,0,0,511,1.266667,1047,50138,4.592105,219.903509,0.500000,4.285714,4.000000,5.000000,5.000000;5.000000;4.000000;4.000000;4.000000;4.000000;4.000000,12,0.782609,1,5.000000;5.000000;5.000000;5.000000;5.000000;5.000000,0.095333;0.436720;0.100773;0.111973;0.123173;nan,5.000000;5.000000;5.000000;5.000000;5.000000;5.000000,0,0,0,0,0,0,0,0,0,0,769,36912,113,5876,80,3840,76,3240,9,270,0,0,0,0,0,0,0,0,graph_0005__pathPersistency_0.5000,pathPersistency,0.5,graph_0005,epoch_0004
trace,static,0.189007,0.188995,852,654,105,0,0,0.450000,0.022583,73.010752,360,162,0,0,0,108,0.900000,0,0,0.000000,0.000000,0.500000,4.285714,4.000000,5.000000,5.000000;5.000000;4.000000;4.000000;4.000000;4.000000;4.000000,12,0.782609,1,5.000000;5.000000;5.000000;5.000000;5.000000;5.000000,0.150934;0.098549;0.109749;0.120969;0.132149;0.143409,5.000000;5.000000;5.000000;5.000000;5.000000;5.000000,0,0,0,0,0,0,0,0,0,0,0,0,0,0,0,0,0,0,0,0,0,0,0,0,0,0,0,0,graph_0005__pathPersistency_0.5000,pathPersistency,0.5,graph_0005,epoch_0004
trace,olsr,0.768790,0.768593,2723,3033,105,735,1258,0.305556,0.015335,80.334225,360,110,10,0,0,387,0.611111,735,59988,6.681818,545.345455,0.500000,4.285714,4.000000,5.000000,5.000000;5.000000;4.000000;4.000000;4.000000;4.000000;4.000000,12,0.782609,1,5.000000;5.000000;5.000000;5.000000;5.000000;5.000000,0.351194;1.254135;0.282565;0.284789;nan;0.134373,5.000000;5.000000;5.000000;5.000000;5.000000;5.000000,315,20340,384,37632,0,0,0,0,36,2016,0,0,0,0,0,0,0,0,0,0,0,0,0,0,0,0,0,0,graph_0005__pathPersistency_0.5000,pathPersistency,0.5,graph_0005,epoch_0005
trace,aodv,0.568693,0.568607,2436,2978,105,1118,1717,0.644444,0.037758,70.838246,360,232,23,0,0,561,1.288889,1118,53500,4.818966,230.603448,0.500000,4.285714,4.000000,5.000000,5.000000;5.000000;4.000000;4.000000;4.000000;4.000000;4.000000,12,0.782609,1,5.000000;5.000000;5.000000;5.000000;5.000000;5.000000,0.095333;0.440081;0.610384;0.111973;0.123173;nan,5.000000;5.000000;5.000000;5.000000;5.000000;5.000000,0,0,0,0,0,0,0,0,0,0,768,36864,131,6812,118,5664,89,3800,12,360,0,0,0,0,0,0,0,0,graph_0005__pathPersistency_0.5000,pathPersistency,0.5,graph_0005,epoch_0005
trace,static,0.190304,0.190301,852,654,105,0,0,0.450000,0.022586,73.010789,360,162,0,0,0,108,0.900000,0,0,0.000000,0.000000,0.500000,4.285714,4.000000,5.000000,5.000000;5.000000;4.000000;4.000000;4.000000;4.000000;4.000000,12,0.782609,1,5.000000;5.000000;5.000000;5.000000;5.000000;5.000000,0.149968;0.098549;0.109749;0.120969;0.132149;0.143409,5.000000;5.000000;5.000000;5.000000;5.000000;5.000000,0,0,0,0,0,0,0,0,0,0,0,0,0,0,0,0,0,0,0,0,0,0,0,0,0,0,0,0,graph_0005__pathPersistency_0.5000,pathPersistency,0.5,graph_0005,epoch_0005
trace,olsr,0.511233,0.510546,1731,2054,105,709,1218,0.336111,0.016870,82.488974,360,121,0,0,0,393,0.672222,709,57312,5.859504,473.652893,0.500000,4.285714,4.000000,5.000000,5.000000;5.000000;4.000000;4.000000;4.000000;4.000000;4.000000,12,0.782609,1,5.000000;5.000000;5.000000;5.000000;5.000000;5.000000,1.266693;nan;0.100773;0.284789;0.123173;0.134373,5.000000;5.000000;5.000000;5.000000;5.000000;5.000000,317,20364,386,36612,0,0,0,0,6,336,0,0,0,0,0,0,0,0,0,0,0,0,0,0,0,0,0,0,graph_0005__pathPersistency_0.5000,pathPersistency,0.5,graph_0005,epoch_0002
trace,aodv,0.564977,0.564810,2407,2952,105,1086,1687,0.647222,0.037922,70.872650,360,233,23,0,0,557,1.294444,1086,51970,4.660944,223.047210,0.500000,4.285714,4.000000,5.000000,5.000000;5.000000;4.000000;4.000000;4.000000;4.000000;4.000000,12,0.782609,1,5.000000;5.000000;5.000000;5.000000;5.000000;5.000000,0.095333;0.446985;0.466924;0.111973;0.123173;nan,5.000000;5.000000;5.000000;5.000000;5.000000;5.000000,0,0,0,0,0,0,0,0,0,0,768,36864,126,6552,96,4608,85,3616,11,330,0,0,0,0,0,0,0,0,graph_0005__pathPersistency_0.5000,pathPersistency,0.5,graph_0005,epoch_0002
trace,static,0.193595,0.193583,852,654,105,0,0,0.450000,0.022585,73.010796,360,162,0,0,0,109,0.900000,0,0,0.000000,0.000000,0.500000,4.285714,4.000000,5.000000,5.000000;5.000000;4.000000;4.000000;4.000000;4.000000;4.000000,12,0.782609,1,5.000000;5.000000;5.000000;5.000000;5.000000;5.000000,0.153894;0.098549;0.109749;0.120969;0.132149;0.143409,5.000000;5.000000;5.000000;5.000000;5.000000;5.000000,0,0,0,0,0,0,0,0,0,0,0,0,0,0,0,0,0,0,0,0,0,0,0,0,0,0,0,0,graph_0005__pathPersistency_0.5000,pathPersistency,0.5,graph_0005,epoch_0002
trace,olsr,0.378406,0.377954,1340,1419,105,584,819,0.263889,0.013245,75.719213,360,95,12,0,0,351,0.527778,584,41624,6.147368,438.147368,0.500000,4.285714,4.000000,5.000000,5.000000;5.000000;4.000000;4.000000;4.000000;4.000000;4.000000,12,nan,0,5.000000;5.000000;5.000000;5.000000;5.000000;5.000000,nan;1.292894;1.265335;0.111973;nan;0.134373,5.000000;5.000000;5.000000;5.000000;5.000000;5.000000,350,21144,234,20480,0,0,0,0,0,0,0,0,0,0,0,0,0,0,0,0,0,0,0,0,0,0,0,0,graph_0003__pathPersistency_0.5000,pathPersistency,0.5,graph_0003,epoch_0001
trace,aodv,0.416977,0.416511,2020,2187,105,995,1179,0.511111,0.036477,65.205374,360,184,2,112,0,438,1.022222,995,47700,5.407609,259.239130,0.500000,4.285714,4.000000,5.000000,5.000000;5.000000;4.000000;4.000000;4.000000;4.000000;4.000000,12,nan,0,5.000000;5.000000;5.000000;5.000000;5.000000;5.000000,0.095333;0.089573;nan;0.111973;nan;nan,5.000000;5.000000;5.000000;5.000000;5.000000;5.000000,0,0,0,0,0,0,0,0,0,0,776,37248,101,5252,47,2256,63,2704,8,240,0,0,0,0,0,0,0,0,graph_0003__pathPersistency_0.5000,pathPersistency,0.5,graph_0003,epoch_0001
trace,static,0.193851,0.193489,863,666,105,0,0,0.452778,0.022725,73.323086,360,163,0,0,0,105,0.905556,0,0,0.000000,0.000000,0.500000,4.285714,4.000000,5.000000,5.000000;5.000000;4.000000;4.000000;4.000000;4.000000;4.000000,12,nan,0,5.000000;5.000000;5.000000;5.000000;5.000000;5.000000,0.104309;0.098549;0.109749;0.120679;0.132149;0.143079,5.000000;5.000000;5.000000;5.000000;5.000000;5.000000,0,0,0,0,0,0,0,0,0,0,0,0,0,0,0,0,0,0,0,0,0,0,0,0,0,0,0,0,graph_0003__pathPersistency_0.5000,pathPersistency,0.5,graph_0003,epoch_0001
trace,olsr,0.515585,0.515546,1834,1872,105,580,784,0.255556,0.012827,74.311784,360,92,11,0,0,371,0.511111,580,39528,6.304348,429.652174,0.500000,4.285714,4.000000,5.000000,5.000000;5.000000;4.000000;4.000000;4.000000;4.000000;4.000000,12,nan,0,5.000000;5.000000;5.000000;5.000000;5.000000;5.000000,nan;0.808634;0.273589;0.111973;nan;0.134373,5.000000;5.000000;5.000000;5.000000;5.000000;5.000000,350,20880,214,17752,0,0,0,0,16,896,0,0,0,0,0,0,0,0,0,0,0,0,0,0,0,0,0,0,graph_0003__pathPersistency_0.5000,pathPersistency,0.5,graph_0003,epoch_0003
trace,aodv,0.403845,0.403827,2156,2110,105,1009,1182,0.230556,0.011619,85.434356,360,83,2,56,0,388,0.461111,1009,48418,12.156627,583.349398,0.500000,4.285714,4.000000,5.000000,5.000000;5.000000;4.000000;4.000000;4.000000;4.000000;4.000000,12,nan,0,5.000000;5.000000;5.000000;5.000000;5.000000;5.000000,nan;nan;nan;0.967244;0.015500;0.134373,5.000000;5.000000;5.000000;5.000000;5.000000;5.000000,0,0,0,0,0,0,0,0,0,0,786,37728,98,5096,59,2832,59,2552,7,210,0,0,0,0,0,0,0,0,graph_0003__pathPersistency_0.5000,pathPersistency,0.5,graph_0003,epoch_0003
trace,static,0.193451,0.193429,863,666,105,0,0,0.452778,0.022726,73.323146,360,163,0,0,0,105,0.905556,0,0,0.000000,0.000000,0.500000,4.285714,4.000000,5.000000,5.000000;5.000000;4.000000;4.000000;4.000000;4.000000;4.000000,12,nan,0,5.000000;5.000000;5.000000;5.000000;5.000000;5.000000,0.104309;0.098549;0.109749;0.120679;0.132149;0.143079,5.000000;5.000000;5.000000;5.000000;5.000000;5.000000,0,0,0,0,0,0,0,0,0,0,0,0,0,0,0,0,0,0,0,0,0,0,0,0,0,0,0,0,graph_0003__pathPersistency_0.5000,pathPersistency,0.5,graph_0003,epoch_0003
trace,olsr,0.451936,0.451809,1626,1713,105,597,840,0.297222,0.014919,76.561335,360,107,13,0,0,348,0.594444,597,41852,5.579439,391.140187,0.500000,4.285714,4.000000,5.000000,5.000000;5.000000;4.000000;4.000000;4.000000;4.000000;4.000000,12,nan,0,5.000000;5.000000;5.000000;5.000000;5.000000;5.000000,nan;0.811434;1.265335;0.111973;0.123173;0.134373,5.000000;5.000000;5.000000;5.000000;5.000000;5.000000,350,20852,239,20552,0,0,0,0,8,448,0,0,0,0,0,0,0,0,0,0,0,0,0,0,0,0,0,0,graph_0003__pathPersistency_0.5000,pathPersistency,0.5,graph_0003,epoch_0004
trace,aodv,0.411919,0.411893,2024,2192,105,998,1182,0.511111,0.036473,65.211539,360,184,3,112,0,429,1.022222,998,47846,5.423913,260.032609,0.500000,4.285714,4.000000,5.000000,5.000000;5.000000;4.000000;4.000000;4.000000;4.000000;4.000000,12,nan,0,5.000000;5.000000;5.000000;5.000000;5.000000;5.000000,0.096155;0.089573;nan;0.111973;nan;nan,5.000000;5.000000;5.000000;5.000000;5.000000;5.000000,0,0,0,0,0,0,0,0,0,0,777,37296,101,5252,48,2304,65,2784,7,210,0,0,0,0,0,0,0,0,graph_0003__pathPersistency_0.5000,pathPersistency,0.5,graph_0003,epoch_0004
trace,static,0.190940,0.190926,863,666,105,0,0,0.452778,0.022728,73.323140,360,163,0,0,0,105,0.905556,0,0,0.000000,0.000000,0.500000,4.285714,4.000000,5.000000,5.000000;5.000000;4.000000;4.000000;4.000000;4.000000;4.000000,12,nan,0,5.000000;5.000000;5.000000;5.000000;5.000000;5.000000,0.104309;0.098549;0.109749;0.120679;0.132149;0.143079,5.000000;5.000000;5.000000;5.000000;5.000000;5.000000,0,0,0,0,0,0,0,0,0,0,0,0,0,0,0,0,0,0,0,0,0,0,0,0,0,0,0,0,graph_0003__pathPersistency_0.5000,pathPersistency,0.5,graph_0003,epoch_0004
trace,olsr,0.384493,0.384393,1281,1275,105,565,768,0.205556,0.011124,67.861582,360,74,16,0,0,366,0.411111,565,40160,7.635135,542.702703,0.500000,4.285714,4.000000,5.000000,5.000000;5.000000;4.000000;4.000000;4.000000;4.000000;4.000000,12,nan,0,5.000000;5.000000;5.000000;5.000000;5.000000;5.000000,nan;1.133234;1.265335;0.111973;2.271045;nan,5.000000;5.000000;5.000000;5.000000;5.000000;5.000000,350,21024,215,19136,0,0,0,0,0,0,0,0,0,0,0,0,0,0,0,0,0,0,0,0,0,0,0,0,graph_0003__pathPersistency_0.5000,pathPersistency,0.5,graph_0003,epoch_0005
trace,aodv,0.412260,0.412236,2007,2180,105,987,1175,0.511111,0.036477,65.207152,360,184,2,112,0,359,1.022222,987,47330,5.364130,257.228261,0.500000,4.285714,4.000000,5.000000,5.000000;5.000000;4.000000;4.000000;4.000000;4.000000;4.000000,12,nan,0,5.000000;5.000000;5.000000;5.000000;5.000000;5.000000,0.095333;0.089573;nan;0.111973;nan;nan,5.000000;5.000000;5.000000;5.000000;5.000000;5.000000,0,0,0,0,0,0,0,0,0,0,784,37632,92,4784,47,2256,57,2448,7,210,0,0,0,0,0,0,0,0,graph_0003__pathPersistency_0.5000,pathPersistency,0.5,graph_0003,epoch_0005
trace,static,0.196276,0.196263,863,666,105,0,0,0.452778,0.022726,73.323140,360,163,0,0,0,105,0.905556,0,0,0.000000,0.000000,0.500000,4.285714,4.000000,5.000000,5.000000;5.000000;4.000000;4.000000;4.000000;4.000000;4.000000,12,nan,0,5.000000;5.000000;5.000000;5.000000;5.000000;5.000000,0.104309;0.098549;0.109749;0.120679;0.132149;0.143079,5.000000;5.000000;5.000000;5.000000;5.000000;5.000000,0,0,0,0,0,0,0,0,0,0,0,0,0,0,0,0,0,0,0,0,0,0,0,0,0,0,0,0,graph_0003__pathPersistency_0.5000,pathPersistency,0.5,graph_0003,epoch_0005
trace,olsr,0.397405,0.397265,1436,1493,105,563,779,0.347222,0.018510,75.681736,360,125,21,0,0,363,0.694444,563,38848,4.504000,310.784000,0.500000,4.285714,4.000000,5.000000,5.000000;5.000000;4.000000;4.000000;4.000000;4.000000;4.000000,12,nan,0,5.000000;5.000000;5.000000;5.000000;5.000000;5.000000,nan;0.629614;1.265335;0.284789;0.123173;nan,5.000000;5.000000;5.000000;5.000000;5.000000;5.000000,353,21016,210,17832,0,0,0,0,0,0,0,0,0,0,0,0,0,0,0,0,0,0,0,0,0,0,0,0,graph_0003__pathPersistency_0.5000,pathPersistency,0.5,graph_0003,epoch_0002
trace,aodv,0.406656,0.406642,2023,2205,105,997,1190,0.516667,0.036884,65.055501,360,186,6,112,0,343,1.033333,997,47748,5.360215,256.709677,0.500000,4.285714,4.000000,5.000000,5.000000;5.000000;4.000000;4.000000;4.000000;4.000000;4.000000,12,nan,0,5.000000;5.000000;5.000000;5.000000;5.000000;5.000000,0.095333;0.089573;nan;0.111973;nan;nan,5.000000;5.000000;5.000000;5.000000;5.000000;5.000000,0,0,0,0,0,0,0,0,0,0,777,37296,99,5148,47,2256,66,2808,8,240,0,0,0,0,0,0,0,0,graph_0003__pathPersistency_0.5000,pathPersistency,0.5,graph_0003,epoch_0002
trace,static,0.188999,0.188977,863,666,105,0,0,0.452778,0.022727,73.323018,360,163,0,0,0,105,0.905556,0,0,0.000000,0.000000,0.500000,4.285714,4.000000,5.000000,5.000000;5.000000;4.000000;4.000000;4.000000;4.000000;4.000000,12,nan,0,5.000000;5.000000;5.000000;5.000000;5.000000;5.000000,0.104309;0.098549;0.109749;0.120679;0.132149;0.143079,5.000000;5.000000;5.000000;5.000000;5.000000;5.000000,0,0,0,0,0,0,0,0,0,0,0,0,0,0,0,0,0,0,0,0,0,0,0,0,0,0,0,0,graph_0003__pathPersistency_0.5000,pathPersistency,0.5,graph_0003,epoch_0002
trace,olsr,0.475987,0.475944,1651,1720,105,601,867,0.450000,0.022712,73.500332,360,162,1,0,0,489,0.900000,601,43612,3.709877,269.209877,0.500000,4.285714,4.000000,5.000000,5.000000;5.000000;4.000000;4.000000;4.000000;4.000000;4.000000,12,nan,0,5.000000;5.000000;5.000000;5.000000;5.000000;5.000000,0.095333;0.271365;0.100773;2.259845;0.296189;0.324871,5.000000;5.000000;5.000000;5.000000;5.000000;5.000000,344,20676,257,22936,0,0,0,0,0,0,0,0,0,0,0,0,0,0,0,0,0,0,0,0,0,0,0,0,graph_0003__pathPersistency_0.0000,pathPersistency,0.0,graph_0003,epoch_0001
trace,aodv,0.609458,0.609335,2621,2819,105,1140,1383,0.819444,0.041280,74.250025,360,295,20,0,0,664,1.638889,1140,54664,3.864407,185.301695,0.500000,4.285714,4.000000,5.000000,5.000000;5.000000;4.000000;4.000000;4.000000;4.000000;4.000000,12,nan,0,5.000000;5.000000;5.000000;5.000000;5.000000;5.000000,0.095333;0.089573;0.612287;0.111973;0.123173;0.134373,5.000000;5.000000;5.000000;5.000000;5.000000;5.000000,0,0,0,0,0,0,0,0,0,0,765,36720,139,7228,142,6816,84,3600,10,300,0,0,0,0,0,0,0,0,graph_0003__pathPersistency_0.0000,pathPersistency,0.0,graph_0003,epoch_0001
trace,static,0.190883,0.190849,838,631,105,0,0,0.425000,0.021391,73.025316,360,153,0,0,0,159,0.850000,0,0,0.000000,0.000000,0.500000,4.285714,4.000000,5.000000,5.000000;5.000000;4.000000;4.000000;4.000000;4.000000;4.000000,12,nan,0,5.000000;5.000000;5.000000;5.000000;5.000000;5.000000,0.104309;0.098549;0.109749;0.120969;0.132149;0.143349,5.000000;5.000000;5.000000;5.000000;5.000000;5.000000,0,0,0,0,0,0,0,0,0,0,0,0,0,0,0,0,0,0,0,0,0,0,0,0,0,0,0,0,graph_0003__pathPersistency_0.0000,pathPersistency,0.0,graph_0003,epoch_0001
trace,olsr,0.555767,0.555611,1960,2022,105,606,860,0.363889,0.018264,68.331948,360,131,0,0,0,496,0.727778,606,43948,4.625954,335.480916,0.500000,4.285714,4.000000,5.000000,5.000000;5.000000;4.000000;4.000000;4.000000;4.000000;4.000000,12,nan,0,5.000000;5.000000;5.000000;5.000000;5.000000;5.000000,0.095333;0.271365;0.282565;0.111973;nan;2.282245,5.000000;5.000000;5.000000;5.000000;5.000000;5.000000,345,20780,247,22384,0,0,0,0,14,784,0,0,0,0,0,0,0,0,0,0,0,0,0,0,0,0,0,0,graph_0003__pathPersistency_0.0000,pathPersistency,0.0,graph_0003,epoch_0003
trace,aodv,0.619025,0.618989,2651,2828,105,1156,1381,0.819444,0.041281,73.176703,360,295,17,0,0,706,1.638889,1156,55340,3.918644,187.593220,0.500000,4.285714,4.000000,5.000000,5.000000;5.000000;4.000000;4.000000;4.000000;4.000000;4.000000,12,nan,0,5.000000;5.000000;5.000000;5.000000;5.000000;5.000000,0.095333;0.089573;0.438308;0.111973;0.478860;0.134373,5.000000;5.000000;5.000000;5.000000;5.000000;5.000000,0,0,0,0,0,0,0,0,0,0,752,36096,153,7956,144,6912,91,3896,16,480,0,0,0,0,0,0,0,0,graph_0003__pathPersistency_0.0000,pathPersistency,0.0,graph_0003,epoch_0003
trace,static,0.190757,0.190740,840,633,105,0,0,0.425000,0.021451,72.646262,360,153,0,0,0,157,0.850000,0,0,0.000000,0.000000,0.500000,4.285714,4.000000,5.000000,5.000000;5.000000;4.000000;4.000000;4.000000;4.000000;4.000000,12,nan,0,5.000000;5.000000;5.000000;5.000000;5.000000;5.000000,0.104309;0.098549;0.109749;0.120969;0.132149;0.143349,5.000000;5.000000;5.000000;5.000000;5.000000;5.000000,0,0,0,0,0,0,0,0,0,0,0,0,0,0,0,0,0,0,0,0,0,0,0,0,0,0,0,0,graph_0003__pathPersistency_0.0000,pathPersistency,0.0,graph_0003,epoch_0003
trace,olsr,0.458654,0.458576,1544,1614,105,593,856,0.416667,0.020915,71.699389,360,150,0,0,0,489,0.833333,593,43444,3.953333,289.626667,0.500000,4.285714,4.000000,5.000000,5.000000;5.000000;4.000000;4.000000;4.000000;4.000000;4.000000,12,nan,0,5.000000;5.000000;5.000000;5.000000;5.000000;5.000000,0.095333;0.089573;0.100773;0.111973;0.123173;0.228971,5.000000;5.000000;5.000000;5.000000;5.000000;5.000000,347,21068,246,22376,0,0,0,0,0,0,0,0,0,0,0,0,0,0,0,0,0,0,0,0,0,0,0,0,graph_0003__pathPersistency_0.0000,pathPersistency,0.0,graph_0003,epoch_0004
trace,aodv,0.628968,0.628905,2683,2914,105,1197,1459,0.819444,0.041403,73.349176,360,295,34,0,0,670,1.638889,1197,57106,4.057627,193.579661,0.500000,4.285714,4.000000,5.000000,5.000000;5.000000;4.000000;4.000000;4.000000;4.000000;4.000000,12,nan,0,5.000000;5.000000;5.000000;5.000000;5.000000;5.000000,0.096154;0.089573;0.430647;0.302286;0.490441;0.134373,5.000000;5.000000;5.000000;5.000000;5.000000;5.000000,0,0,0,0,0,0,0,0,0,0,754,36192,152,7904,148,7104,121,5168,19,570,3,168,0,0,0,0,0,0,graph_0003__pathPersistency_0.0000,pathPersistency,0.0,graph_0003,epoch_0004
trace,static,0.191814,0.191796,838,630,105,0,0,0.422222,0.021313,72.632505,360,152,0,0,0,158,0.844444,0,0,0.000000,0.000000,0.500000,4.285714,4.000000,5.000000,5.000000;5.000000;4.000000;4.000000;4.000000;4.000000;4.000000,12,nan,0,5.000000;5.000000;5.000000;5.000000;5.000000;5.000000,0.104309;0.098549;0.109749;0.120969;0.132149;0.143349,5.000000;5.000000;5.000000;5.000000;5.000000;5.000000,0,0,0,0,0,0,0,0,0,0,0,0,0,0,0,0,0,0,0,0,0,0,0,0,0,0,0,0,graph_0003__pathPersistency_0.0000,pathPersistency,0.0,graph_0003,epoch_0004
trace,olsr,0.372856,0.372804,1340,1441,105,584,827,0.313889,0.021762,66.122829,360,113,20,0,0,434,0.627778,584,41152,5.168142,364.176991,0.500000,4.285714,4.000000,5.000000,5.000000;5.000000;4.000000;4.000000;4.000000;4.000000;4.000000,12,nan,0,5.000000;5.000000;5.000000;5.000000;5.000000;5.000000,0.095333;nan;0.282565;0.111973;nan;nan,5.000000;5.000000;5.000000;5.000000;5.000000;5.000000,354,21288,230,19864,0,0,0,0,0,0,0,0,0,0,0,0,0,0,0,0,0,0,0,0,0,0,0,0,graph_0003__pathPersistency_0.0000,pathPersistency,0.0,graph_0003,epoch_0005
trace,aodv,0.626852,0.626795,2704,2936,105,1182,1451,0.875000,0.044215,75.279260,360,315,8,0,0,688,1.750000,1182,56662,3.752381,179.879365,0.500000,4.285714,4.000000,5.000000,5.000000;5.000000;4.000000;4.000000;4.000000;4.000000;4.000000,12,nan,0,5.000000;5.000000;5.000000;5.000000;5.000000;5.000000,0.095333;0.089573;0.621238;0.111973;0.474030;0.134373,5.000000;5.000000;5.000000;5.000000;5.000000;5.000000,0,0,0,0,0,0,0,0,0,0,753,36144,164,8528,153,7344,88,3848,21,630,3,168,0,0,0,0,0,0,graph_0003__pathPersistency_0.0000,pathPersistency,0.0,graph_0003,epoch_0005
trace,static,0.189012,0.189005,840,634,105,0,0,0.427778,0.021530,72.848248,360,154,0,0,0,159,0.855556,0,0,0.000000,0.000000,0.500000,4.285714,4.000000,5.000000,5.000000;5.000000;4.000000;4.000000;4.000000;4.000000;4.000000,12,nan,0,5.000000;5.000000;5.000000;5.000000;5.000000;5.000000,0.104309;0.098549;0.109749;0.120969;0.132149;0.143349,5.000000;5.000000;5.000000;5.000000;5.000000;5.000000,0,0,0,0,0,0,0,0,0,0,0,0,0,0,0,0,0,0,0,0,0,0,0,0,0,0,0,0,graph_0003__pathPersistency_0.0000,pathPersistency,0.0,graph_0003,epoch_0005
trace,olsr,0.571250,0.571227,1978,2015,105,600,840,0.372222,0.018684,70.028932,360,134,16,0,0,532,0.744444,600,42636,4.477612,318.179104,0.500000,4.285714,4.000000,5.000000,5.000000;5.000000;4.000000;4.000000;4.000000;4.000000;4.000000,12,nan,0,5.000000;5.000000;5.000000;5.000000;5.000000;5.000000,0.095333;1.072613;0.282565;0.111973;0.123173;0.238499,5.000000;5.000000;5.000000;5.000000;5.000000;5.000000,349,20920,237,20932,0,0,0,0,14,784,0,0,0,0,0,0,0,0,0,0,0,0,0,0,0,0,0,0,graph_0003__pathPersistency_0.0000,pathPersistency,0.0,graph_0003,epoch_0002
trace,aodv,0.636687,0.636561,2695,2897,105,1189,1456,0.808333,0.040727,73.048487,360,291,4,0,0,640,1.616667,1189,57118,4.085911,196.281787,0.500000,4.285714,4.000000,5.000000,5.000000;5.000000;4.000000;4.000000;4.000000;4.000000;4.000000,12,nan,0,5.000000;5.000000;5.000000;5.000000;5.000000;5.000000,0.095333;0.089573;0.608531;0.111973;0.642980;0.134373,5.000000;5.000000;5.000000;5.000000;5.000000;5.000000,0,0,0,0,0,0,0,0,0,0,748,35904,176,9152,161,7728,80,3536,21,630,3,168,0,0,0,0,0,0,graph_0003__pathPersistency_0.0000,pathPersistency,0.0,graph_0003,epoch_0002
trace,static,0.193339,0.193318,834,625,105,0,0,0.419444,0.021172,72.810254,360,151,0,0,0,154,0.838889,0,0,0.000000,0.000000,0.500000,4.285714,4.000000,5.000000,5.000000;5.000000;4.000000;4.000000;4.000000;4.000000;4.000000,12,nan,0,5.000000;5.000000;5.000000;5.000000;5.000000;5.000000,0.104309;0.098549;0.109749;0.120969;0.132149;0.143349,5.000000;5.000000;5.000000;5.000000;5.000000;5.000000,0,0,0,0,0,0,0,0,0,0,0,0,0,0,0,0,0,0,0,0,0,0,0,0,0,0,0,0,graph_0003__pathPersistency_0.0000,pathPersistency,0.0,graph_0003,epoch_0002
trace,olsr,0.476070,0.476035,1644,1937,105,707,1218,0.319444,0.016685,66.533921,360,115,22,0,0,445,0.638889,707,58220,6.147826,506.260870,0.500000,4.285714,4.000000,5.000000,5.000000;5.000000;4.000000;4.000000;4.000000;4.000000;4.000000,12,1.000000,1,5.000000;5.000000;5.000000;5.000000;5.000000;5.000000,0.095333;3.269014;3.240471;0.111973;3.254407;0.227053,5.000000;5.000000;5.000000;5.000000;5.000000;5.000000,315,20272,392,37948,0,0,0,0,0,0,0,0,0,0,0,0,0,0,0,0,0,0,0,0,0,0,0,0,graph_0005__pathPersistency_1.0000,pathPersistency,1.0,graph_0005,epoch_0001
trace,aodv,0.478840,0.478699,2179,2778,105,1023,1648,0.605556,0.030515,73.724401,360,218,4,112,0,339,1.211111,1023,49038,4.692661,224.944954,0.500000,4.285714,4.000000,5.000000,5.000000;5.000000;4.000000;4.000000;4.000000;4.000000;4.000000,12,1.000000,1,5.000000;5.000000;5.000000;5.000000;5.000000;5.000000,0.095333;0.438615;nan;0.111973;nan;0.495589,5.000000;5.000000;5.000000;5.000000;5.000000;5.000000,0,0,0,0,0,0,0,0,0,0,775,37200,112,5824,62,2976,65,2768,9,270,0,0,0,0,0,0,0,0,graph_0005__pathPersistency_1.0000,pathPersistency,1.0,graph_0005,epoch_0001
trace,static,0.187818,0.187810,871,679,105,0,0,0.466667,0.023423,73.107030,360,168,0,0,0,79,0.933333,0,0,0.000000,0.000000,0.500000,4.285714,4.000000,5.000000,5.000000;5.000000;4.000000;4.000000;4.000000;4.000000;4.000000,12,1.000000,1,5.000000;5.000000;5.000000;5.000000;5.000000;5.000000,0.104309;0.150014;0.109749;0.120949;0.132149;0.143349,5.000000;5.000000;5.000000;5.000000;5.000000;5.000000,0,0,0,0,0,0,0,0,0,0,0,0,0,0,0,0,0,0,0,0,0,0,0,0,0,0,0,0,graph_0005__pathPersistency_1.0000,pathPersistency,1.0,graph_0005,epoch_0001
trace,olsr,0.640660,0.640464,2133,2377,105,719,1225,0.241667,0.012621,75.209560,360,87,1,0,0,479,0.483333,719,58876,8.264368,676.735632,0.500000,4.285714,4.000000,5.000000,5.000000;5.000000;4.000000;4.000000;4.000000;4.000000;4.000000,12,1.000000,1,5.000000;5.000000;5.000000;5.000000;5.000000;5.000000,1.467694;3.202533;0.273589;1.276805;2.416933;0.227435,5.000000;5.000000;5.000000;5.000000;5.000000;5.000000,311,20012,390,37856,0,0,0,0,18,1008,0,0,0,0,0,0,0,0,0,0,0,0,0,0,0,0,0,0,graph_0005__pathPersistency_1.0000,pathPersistency,1.0,graph_0005,epoch_0003
trace,aodv,0.478174,0.478141,2175,2740,105,1026,1617,0.602778,0.030368,73.514146,360,217,5,112,0,338,1.205556,1026,49152,4.728111,226.506912,0.500000,4.285714,4.000000,5.000000,5.000000;5.000000;4.000000;4.000000;4.000000;4.000000;4.000000,12,1.000000,1,5.000000;5.000000;5.000000;5.000000;5.000000;5.000000,0.095333;0.437564;nan;0.111973;nan;0.487692,5.000000;5.000000;5.000000;5.000000;5.000000;5.000000,0,0,0,0,0,0,0,0,0,0,773,37104,113,5876,62,2976,68,2896,10,300,0,0,0,0,0,0,0,0,graph_0005__pathPersistency_1.0000,pathPersistency,1.0,graph_0005,epoch_0003
trace,static,0.190861,0.190830,871,679,105,0,0,0.466667,0.023421,73.106978,360,168,0,0,0,79,0.933333,0,0,0.000000,0.000000,0.500000,4.285714,4.000000,5.000000,5.000000;5.000000;4.000000;4.000000;4.000000;4.000000;4.000000,12,1.000000,1,5.000000;5.000000;5.000000;5.000000;5.000000;5.000000,0.104309;0.147474;0.109749;0.120949;0.132149;0.143349,5.000000;5.000000;5.000000;5.000000;5.000000;5.000000,0,0,0,0,0,0,0,0,0,0,0,0,0,0,0,0,0,0,0,0,0,0,0,0,0,0,0,0,graph_0005__pathPersistency_1.0000,pathPersistency,1.0,graph_0005,epoch_0003
trace,olsr,0.382577,0.382536,1389,1725,105,674,1163,0.236111,0.013768,60.593963,360,85,66,0,0,331,0.472222,674,55644,7.929412,654.635294,0.500000,4.285714,4.000000,5.000000,5.000000;5.000000;4.000000;4.000000;4.000000;4.000000;4.000000,12,1.000000,1,5.000000;5.000000;5.000000;5.000000;5.000000;5.000000,0.095333;nan;nan;1.506170;2.416933;nan,5.000000;5.000000;5.000000;5.000000;5.000000;5.000000,319,20784,355,34860,0,0,0,0,0,0,0,0,0,0,0,0,0,0,0,0,0,0,0,0,0,0,0,0,graph_0005__pathPersistency_1.0000,pathPersistency,1.0,graph_0005,epoch_0004
trace,aodv,0.481412,0.481384,2171,2728,105,1024,1607,0.602778,0.030369,73.512692,360,217,5,112,0,390,1.205556,1024,49108,4.718894,226.304147,0.500000,4.285714,4.000000,5.000000,5.000000;5.000000;4.000000;4.000000;4.000000;4.000000;4.000000,12,1.000000,1,5.000000;5.000000;5.000000;5.000000;5.000000;5.000000,0.095333;0.445424;nan;0.111973;nan;0.487680,5.000000;5.000000;5.000000;5.000000;5.000000;5.000000,0,0,0,0,0,0,0,0,0,0,773,37104,112,5824,67,3216,62,2664,10,300,0,0,0,0,0,0,0,0,graph_0005__pathPersistency_1.0000,pathPersistency,1.0,graph_0005,epoch_0004
trace,static,0.190856,0.190830,871,679,105,0,0,0.466667,0.023419,73.106942,360,168,0,0,0,79,0.933333,0,0,0.000000,0.000000,0.500000,4.285714,4.000000,5.000000,5.000000;5.000000;4.000000;4.000000;4.000000;4.000000;4.000000,12,1.000000,1,5.000000;5.000000;5.000000;5.000000;5.000000;5.000000,0.104309;0.145394;0.109749;0.120949;0.132149;0.143349,5.000000;5.000000;5.000000;5.000000;5.000000;5.000000,0,0,0,0,0,0,0,0,0,0,0,0,0,0,0,0,0,0,0,0,0,0,0,0,0,0,0,0,graph_0005__pathPersistency_1.0000,pathPersistency,1.0,graph_0005,epoch_0004
trace,olsr,0.554025,0.553897,1893,2164,105,706,1204,0.186111,0.009580,69.484786,360,67,14,0,0,452,0.372222,706,58664,10.537313,875.582090,0.500000,4.285714,4.000000,5.000000,5.000000;5.000000;4.000000;4.000000;4.000000;4.000000;4.000000,12,1.000000,1,5.000000;5.000000;5.000000;5.000000;5.000000;5.000000,0.095333;0.089573;0.273519;3.242885;2.262659;1.453799,5.000000;5.000000;5.000000;5.000000;5.000000;5.000000,315,20484,379,37508,0,0,0,0,12,672,0,0,0,0,0,0,0,0,0,0,0,0,0,0,0,0,0,0,graph_0005__pathPersistency_1.0000,pathPersistency,1.0,graph_0005,epoch_0005
trace,aodv,0.486487,0.486436,2174,2738,105,1024,1613,0.605556,0.030513,73.381385,360,218,5,112,0,366,1.211111,1024,49076,4.697248,225.119266,0.500000,4.285714,4.000000,5.000000,5.000000;5.000000;4.000000;4.000000;4.000000;4.000000;4.000000,12,1.000000,1,5.000000;5.000000;5.000000;5.000000;5.000000;5.000000,0.095333;0.441575;nan;0.111973;nan;0.477626,5.000000;5.000000;5.000000;5.000000;5.000000;5.000000,0,0,0,0,0,0,0,0,0,0,772,37056,112,5824,63,3024,67,2872,10,300,0,0,0,0,0,0,0,0,graph_0005__pathPersistency_1.0000,pathPersistency,1.0,graph_0005,epoch_0005
trace,static,0.192544,0.192526,871,679,105,0,0,0.466667,0.023423,73.106984,360,168,0,0,0,79,0.933333,0,0,0.000000,0.000000,0.500000,4.285714,4.000000,5.000000,5.000000;5.000000;4.000000;4.000000;4.000000;4.000000;4.000000,12,1.000000,1,5.000000;5.000000;5.000000;5.000000;5.000000;5.000000,0.104309;0.144168;0.109749;0.120949;0.132149;0.143349,5.000000;5.000000;5.000000;5.000000;5.000000;5.000000,0,0,0,0,0,0,0,0,0,0,0,0,0,0,0,0,0,0,0,0,0,0,0,0,0,0,0,0,graph_0005__pathPersistency_1.0000,pathPersistency,1.0,graph_0005,epoch_0005
trace,olsr,0.485800,0.485723,1631,1904,105,714,1229,0.266667,0.013928,71.832008,360,96,0,0,0,477,0.533333,714,58404,7.437500,608.375000,0.500000,4.285714,4.000000,5.000000,5.000000;5.000000;4.000000;4.000000;4.000000;4.000000;4.000000,12,1.000000,1,5.000000;5.000000;5.000000;5.000000;5.000000;5.000000,0.268309;0.089573;0.264613;0.111973;nan;0.233755,5.000000;5.000000;5.000000;5.000000;5.000000;5.000000,316,20260,398,38144,0,0,0,0,0,0,0,0,0,0,0,0,0,0,0,0,0,0,0,0,0,0,0,0,graph_0005__pathPersistency_1.0000,pathPersistency,1.0,graph_0005,epoch_0002
trace,aodv,0.483789,0.483749,2191,2778,105,1034,1646,0.605556,0.030515,73.582263,360,218,5,112,0,370,1.211111,1034,49566,4.743119,227.366972,0.500000,4.285714,4.000000,5.000000,5.000000;5.000000;4.000000;4.000000;4.000000;4.000000;4.000000,12,1.000000,1,5.000000;5.000000;5.000000;5.000000;5.000000;5.000000,0.095333;0.443899;nan;0.111973;nan;0.490020,5.000000;5.000000;5.000000;5.000000;5.000000;5.000000,0,0,0,0,0,0,0,0,0,0,773,37104,114,5928,69,3312,69,2952,9,270,0,0,0,0,0,0,0,0,graph_0005__pathPersistency_1.0000,pathPersistency,1.0,graph_0005,epoch_0002
trace,static,0.191813,0.191769,871,679,105,0,0,0.466667,0.023422,73.106996,360,168,0,0,0,79,0.933333,0,0,0.000000,0.000000,0.500000,4.285714,4.000000,5.000000,5.000000;5.000000;4.000000;4.000000;4.000000;4.000000;4.000000,12,1.000000,1,5.000000;5.000000;5.000000;5.000000;5.000000;5.000000,0.104309;0.148234;0.109749;0.120949;0.132149;0.143349,5.000000;5.000000;5.000000;5.000000;5.000000;5.000000,0,0,0,0,0,0,0,0,0,0,0,0,0,0,0,0,0,0,0,0,0,0,0,0,0,0,0,0,graph_0005__pathPersistency_1.0000,pathPersistency,1.0,graph_0005,epoch_0002
trace,olsr,0.402731,0.402698,1463,1845,105,684,1195,0.366667,0.026654,64.306926,360,132,14,0,0,350,0.733333,684,55456,5.181818,420.121212,0.500000,4.285714,4.000000,5.000000,5.000000;5.000000;4.000000;4.000000;4.000000;4.000000;4.000000,12,0.565217,1,5.000000;5.000000;5.000000;5.000000;5.000000;5.000000,0.095333;0.262389;0.100773;0.111973;nan;nan,5.000000;5.000000;5.000000;5.000000;5.000000;5.000000,316,20400,368,35056,0,0,0,0,0,0,0,0,0,0,0,0,0,0,0,0,0,0,0,0,0,0,0,0,graph_0005__pathPersistency_0.0000,pathPersistency,0.0,graph_0005,epoch_0001
trace,aodv,0.425902,0.425867,2017,2519,105,1027,1551,0.469444,0.023656,80.016609,360,169,1,168,0,444,0.938889,1027,49258,6.076923,291.467456,0.500000,4.285714,4.000000,5.000000,5.000000;5.000000;4.000000;4.000000;4.000000;4.000000;4.000000,12,0.565217,1,5.000000;5.000000;5.000000;5.000000;5.000000;5.000000,4.460224;nan;0.092316;0.111973;nan;0.138737,5.000000;5.000000;5.000000;5.000000;5.000000;5.000000,0,0,0,0,0,0,0,0,0,0,778,37344,104,5408,74,3552,60,2624,11,330,0,0,0,0,0,0,0,0,graph_0005__pathPersistency_0.0000,pathPersistency,0.0,graph_0005,epoch_0001
trace,static,0.190456,0.190453,842,639,105,0,0,0.436111,0.021890,72.181094,360,157,0,0,0,119,0.872222,0,0,0.000000,0.000000,0.500000,4.285714,4.000000,5.000000,5.000000;5.000000;4.000000;4.000000;4.000000;4.000000;4.000000,12,0.565217,1,5.000000;5.000000;5.000000;5.000000;5.000000;5.000000,0.104309;0.089573;0.109749;0.120949;0.132149;0.143369,5.000000;5.000000;5.000000;5.000000;5.000000;5.000000,0,0,0,0,0,0,0,0,0,0,0,0,0,0,0,0,0,0,0,0,0,0,0,0,0,0,0,0,graph_0005__pathPersistency_0.0000,pathPersistency,0.0,graph_0005,epoch_0001
trace,olsr,0.542311,0.542264,1876,2207,105,699,1227,0.361111,0.018225,72.089560,360,130,6,0,0,426,0.722222,699,57544,5.376923,442.646154,0.500000,4.285714,4.000000,5.000000,5.000000;5.000000;4.000000;4.000000;4.000000;4.000000;4.000000,12,0.565217,1,5.000000;5.000000;5.000000;5.000000;5.000000;5.000000,0.095333;0.089573;0.264613;0.111973;3.563813;0.307389,5.000000;5.000000;5.000000;5.000000;5.000000;5.000000,307,19664,384,37432,0,0,0,0,8,448,0,0,0,0,0,0,0,0,0,0,0,0,0,0,0,0,0,0,graph_0005__pathPersistency_0.0000,pathPersistency,0.0,graph_0005,epoch_0003
trace,aodv,0.423318,0.423306,1980,2541,105,1057,1639,0.413889,0.020851,79.916956,360,149,22,168,0,316,0.827778,1057,50510,7.093960,338.993289,0.500000,4.285714,4.000000,5.000000,5.000000;5.000000;4.000000;4.000000;4.000000;4.000000;4.000000,12,0.565217,1,5.000000;5.000000;5.000000;5.000000;5.000000;5.000000,4.453120;0.089573;nan;0.111973;nan;0.144088,5.000000;5.000000;5.000000;5.000000;5.000000;5.000000,0,0,0,0,0,0,0,0,0,0,777,37296,107,5564,77,3696,85,3624,11,330,0,0,0,0,0,0,0,0,graph_0005__pathPersistency_0.0000,pathPersistency,0.0,graph_0005,epoch_0003
trace,static,0.195994,0.195881,845,643,105,0,0,0.438889,0.022027,72.197368,360,158,0,0,0,122,0.877778,0,0,0.000000,0.000000,0.500000,4.285714,4.000000,5.000000,5.000000;5.000000;4.000000;4.000000;4.000000;4.000000;4.000000,12,0.565217,1,5.000000;5.000000;5.000000;5.000000;5.000000;5.000000,0.104309;0.089573;0.109749;0.120949;0.132149;0.143369,5.000000;5.000000;5.000000;5.000000;5.000000;5.000000,0,0,0,0,0,0,0,0,0,0,0,0,0,0,0,0,0,0,0,0,0,0,0,0,0,0,0,0,graph_0005__pathPersistency_0.0000,pathPersistency,0.0,graph_0005,epoch_0003
trace,olsr,0.504457,0.504400,1800,2122,105,680,1177,0.405556,0.021554,67.302315,360,146,5,0,0,417,0.811111,680,56124,4.657534,384.410959,0.500000,4.285714,4.000000,5.000000,5.000000;5.000000;4.000000;4.000000;4.000000;4.000000;4.000000,12,0.565217,1,5.000000;5.000000;5.000000;5.000000;5.000000;5.000000,0.095333;0.262389;0.100773;0.111973;1.304807;nan,5.000000;5.000000;5.000000;5.000000;5.000000;5.000000,315,20296,359,35492,0,0,0,0,6,336,0,0,0,0,0,0,0,0,0,0,0,0,0,0,0,0,0,0,graph_0005__pathPersistency_0.0000,pathPersistency,0.0,graph_0005,epoch_0004
trace,aodv,0.420174,0.419999,2015,2510,105,1012,1525,0.480556,0.024214,79.171630,360,173,1,168,0,506,0.961111,1012,48604,5.849711,280.947977,0.500000,4.285714,4.000000,5.000000,5.000000;5.000000;4.000000;4.000000;4.000000;4.000000;4.000000,12,0.565217,1,5.000000;5.000000;5.000000;5.000000;5.000000;5.000000,4.469955;nan;0.100773;0.111973;nan;0.121572,5.000000;5.000000;5.000000;5.000000;5.000000;5.000000,0,0,0,0,0,0,0,0,0,0,777,37296,107,5564,62,2976,58,2528,8,240,0,0,0,0,0,0,0,0,graph_0005__pathPersistency_0.0000,pathPersistency,0.0,graph_0005,epoch_0004
trace,static,0.189708,0.189700,845,643,105,0,0,0.438889,0.022025,72.197297,360,158,0,0,0,122,0.877778,0,0,0.000000,0.000000,0.500000,4.285714,4.000000,5.000000,5.000000;5.000000;4.000000;4.000000;4.000000;4.000000;4.000000,12,0.565217,1,5.000000;5.000000;5.000000;5.000000;5.000000;5.000000,0.104309;0.089573;0.109749;0.120949;0.132149;0.143369,5.000000;5.000000;5.000000;5.000000;5.000000;5.000000,0,0,0,0,0,0,0,0,0,0,0,0,0,0,0,0,0,0,0,0,0,0,0,0,0,0,0,0,graph_0005__pathPersistency_0.0000,pathPersistency,0.0,graph_0005,epoch_0004
trace,olsr,0.625472,0.624796,2210,2535,105,703,1210,0.283333,0.015147,68.902884,360,102,22,0,0,469,0.566667,703,56820,6.892157,557.058824,0.500000,4.285714,4.000000,5.000000,5.000000;5.000000;4.000000;4.000000;4.000000;4.000000;4.000000,12,0.565217,1,5.000000;5.000000;5.000000;5.000000;5.000000;5.000000,0.095333;0.262389;0.100773;0.111973;nan;nan,5.000000;5.000000;5.000000;5.000000;5.000000;5.000000,316,20452,367,35248,0,0,0,0,20,1120,0,0,0,0,0,0,0,0,0,0,0,0,0,0,0,0,0,0,graph_0005__pathPersistency_0.0000,pathPersistency,0.0,graph_0005,epoch_0005
trace,aodv,0.426178,0.425794,1997,2544,105,1010,1574,0.477778,0.024075,79.992591,360,172,3,168,0,349,0.955556,1010,48476,5.872093,281.837209,0.500000,4.285714,4.000000,5.000000,5.000000;5.000000;4.000000;4.000000;4.000000;4.000000;4.000000,12,0.565217,1,5.000000;5.000000;5.000000;5.000000;5.000000;5.000000,4.464484;nan;0.096565;0.111973;nan;0.145204,5.000000;5.000000;5.000000;5.000000;5.000000;5.000000,0,0,0,0,0,0,0,0,0,0,773,37104,106,5512,66,3168,55,2392,10,300,0,0,0,0,0,0,0,0,graph_0005__pathPersistency_0.0000,pathPersistency,0.0,graph_0005,epoch_0005
trace,static,0.191813,0.191620,842,639,105,0,0,0.436111,0.021889,72.181046,360,157,0,0,0,120,0.872222,0,0,0.000000,0.000000,0.500000,4.285714,4.000000,5.000000,5.000000;5.000000;4.000000;4.000000;4.000000;4.000000;4.000000,12,0.565217,1,5.000000;5.000000;5.000000;5.000000;5.000000;5.000000,0.104309;0.089573;0.109749;0.120949;0.132149;0.143369,5.000000;5.000000;5.000000;5.000000;5.000000;5.000000,0,0,0,0,0,0,0,0,0,0,0,0,0,0,0,0,0,0,0,0,0,0,0,0,0,0,0,0,graph_0005__pathPersistency_0.0000,pathPersistency,0.0,graph_0005,epoch_0005
trace,olsr,0.568759,0.568548,2008,2356,105,712,1232,0.208333,0.011140,74.000945,360,75,38,0,0,383,0.416667,712,57268,9.493333,763.573333,0.500000,4.285714,4.000000,5.000000,5.000000;5.000000;4.000000;4.000000;4.000000;4.000000;4.000000,12,0.565217,1,5.000000;5.000000;5.000000;5.000000;5.000000;5.000000,nan;0.207494;0.100773;0.111973;nan;nan,5.000000;5.000000;5.000000;5.000000;5.000000;5.000000,315,20508,381,35864,0,0,0,0,16,896,0,0,0,0,0,0,0,0,0,0,0,0,0,0,0,0,0,0,graph_0005__pathPersistency_0.0000,pathPersistency,0.0,graph_0005,epoch_0002
trace,aodv,0.484756,0.484723,2182,2735,105,1120,1694,0.494444,0.024916,78.451322,360,178,49,112,0,436,0.988889,1120,53288,6.292135,299.370787,0.500000,4.285714,4.000000,5.000000,5.000000;5.000000;4.000000;4.000000;4.000000;4.000000;4.000000,12,0.565217,1,5.000000;5.000000;5.000000;5.000000;5.000000;5.000000,4.467336;0.089573;0.100773;0.111973;nan;0.126841,5.000000;5.000000;5.000000;5.000000;5.000000;5.000000,0,0,0,0,0,0,0,0,0,0,770,36960,122,6344,97,4656,119,4968,12,360,0,0,0,0,0,0,0,0,graph_0005__pathPersistency_0.0000,pathPersistency,0.0,graph_0005,epoch_0002
trace,static,0.190376,0.190353,845,643,105,0,0,0.438889,0.022028,72.197359,360,158,0,0,0,121,0.877778,0,0,0.000000,0.000000,0.500000,4.285714,4.000000,5.000000,5.000000;5.000000;4.000000;4.000000;4.000000;4.000000;4.000000,12,0.565217,1,5.000000;5.000000;5.000000;5.000000;5.000000;5.000000,0.104309;0.089573;0.109749;0.120949;0.132149;0.143369,5.000000;5.000000;5.000000;5.000000;5.000000;5.000000,0,0,0,0,0,0,0,0,0,0,0,0,0,0,0,0,0,0,0,0,0,0,0,0,0,0,0,0,graph_0005__pathPersistency_0.0000,pathPersistency,0.0,graph_0005,epoch_0002
trace,olsr,0.472588,0.472556,1652,1985,105,695,1212,0.411111,0.020635,70.378319,360,148,10,0,0,372,0.822222,695,57524,4.695946,388.675676,0.500000,4.285714,4.000000,5.000000,5.000000;5.000000;4.000000;4.000000;4.000000;4.000000;4.000000,12,0.869565,1,5.000000;5.000000;5.000000;5.000000;5.000000;5.000000,0.095333;1.254405;1.739173;0.111973;nan;0.134373,5.000000;5.000000;5.000000;5.000000;5.000000;5.000000,313,20260,382,37264,0,0,0,0,0,0,0,0,0,0,0,0,0,0,0,0,0,0,0,0,0,0,0,0,graph_0005__pathPersistency_0.7500,pathPersistency,0.75,graph_0005,epoch_0001
trace,aodv,0.568784,0.568734,2427,2994,105,1091,1700,0.697222,0.035134,74.506624,360,251,11,56,0,586,1.394444,1091,52374,4.346614,208.661355,0.500000,4.285714,4.000000,5.000000,5.000000;5.000000;4.000000;4.000000;4.000000;4.000000;4.000000,12,0.869565,1,5.000000;5.000000;5.000000;5.000000;5.000000;5.000000,0.604390;0.089573;0.100773;nan;0.471220;0.134373,5.000000;5.000000;5.000000;5.000000;5.000000;5.000000,0,0,0,0,0,0,0,0,0,0,758,36384,143,7436,104,4992,75,3232,11,330,0,0,0,0,0,0,0,0,graph_0005__pathPersistency_0.7500,pathPersistency,0.75,graph_0005,epoch_0001
trace,static,0.191209,0.191190,860,665,105,0,0,0.458333,0.023005,72.965943,360,165,0,0,0,83,0.916667,0,0,0.000000,0.000000,0.500000,4.285714,4.000000,5.000000,5.000000;5.000000;4.000000;4.000000;4.000000;4.000000;4.000000,12,0.869565,1,5.000000;5.000000;5.000000;5.000000;5.000000;5.000000,0.104309;0.150014;0.109749;0.120949;0.132149;0.143349,5.000000;5.000000;5.000000;5.000000;5.000000;5.000000,0,0,0,0,0,0,0,0,0,0,0,0,0,0,0,0,0,0,0,0,0,0,0,0,0,0,0,0,graph_0005__pathPersistency_0.7500,pathPersistency,0.75,graph_0005,epoch_0001
trace,olsr,0.486102,0.486072,1651,1946,105,691,1198,0.350000,0.018279,81.208532,360,126,17,0,0,470,0.700000,691,56532,5.484127,448.666667,0.500000,4.285714,4.000000,5.000000,5.000000;5.000000;4.000000;4.000000;4.000000;4.000000;4.000000,12,0.869565,1,5.000000;5.000000;5.000000;5.000000;5.000000;5.000000,0.276855;1.254405;0.273589;0.111973;0.123173;0.306919,5.000000;5.000000;5.000000;5.000000;5.000000;5.000000,310,20000,381,36532,0,0,0,0,0,0,0,0,0,0,0,0,0,0,0,0,0,0,0,0,0,0,0,0,graph_0005__pathPersistency_0.7500,pathPersistency,0.75,graph_0005,epoch_0003
trace,aodv,0.562254,0.562204,2400,2905,105,1111,1698,0.583333,0.029388,76.338726,360,210,12,56,0,661,1.166667,1111,53200,5.290476,253.333333,0.500000,4.285714,4.000000,5.000000,5.000000;5.000000;4.000000;4.000000;4.000000;4.000000;4.000000,12,0.869565,1,5.000000;5.000000;5.000000;5.000000;5.000000;5.000000,0.611658;0.089573;0.459084;nan;0.467220;0.134373,5.000000;5.000000;5.000000;5.000000;5.000000;5.000000,0,0,0,0,0,0,0,0,0,0,761,36528,139,7228,113,5424,84,3600,14,420,0,0,0,0,0,0,0,0,graph_0005__pathPersistency_0.7500,pathPersistency,0.75,graph_0005,epoch_0003
trace,static,0.191814,0.191802,860,665,105,0,0,0.458333,0.023003,72.965892,360,165,0,0,0,83,0.916667,0,0,0.000000,0.000000,0.500000,4.285714,4.000000,5.000000,5.000000;5.000000;4.000000;4.000000;4.000000;4.000000;4.000000,12,0.869565,1,5.000000;5.000000;5.000000;5.000000;5.000000;5.000000,0.104309;0.147474;0.109749;0.120949;0.132149;0.143349,5.000000;5.000000;5.000000;5.000000;5.000000;5.000000,0,0,0,0,0,0,0,0,0,0,0,0,0,0,0,0,0,0,0,0,0,0,0,0,0,0,0,0,graph_0005__pathPersistency_0.7500,pathPersistency,0.75,graph_0005,epoch_0003
trace,olsr,0.477863,0.477830,1728,2070,105,692,1200,0.488889,0.024535,74.363526,360,176,11,0,0,423,0.977778,692,56884,3.931818,323.204545,0.500000,4.285714,4.000000,5.000000,5.000000;5.000000;4.000000;4.000000;4.000000;4.000000;4.000000,12,0.869565,1,5.000000;5.000000;5.000000;5.000000;5.000000;5.000000,0.095333;1.254485;2.239869;0.111973;0.123173;0.211101,5.000000;5.000000;5.000000;5.000000;5.000000;5.000000,312,20464,380,36420,0,0,0,0,0,0,0,0,0,0,0,0,0,0,0,0,0,0,0,0,0,0,0,0,graph_0005__pathPersistency_0.7500,pathPersistency,0.75,graph_0005,epoch_0004
trace,aodv,0.552065,0.552044,2418,2940,105,1143,1731,0.580556,0.029252,74.340241,360,209,29,56,0,600,1.161111,1143,54608,5.468900,261.282297,0.500000,4.285714,4.000000,5.000000,5.000000;5.000000;4.000000;4.000000;4.000000;4.000000;4.000000,12,0.869565,1,5.000000;5.000000;5.000000;5.000000;5.000000;5.000000,0.605969;0.089573;0.601269;nan;0.475140;0.134373,5.000000;5.000000;5.000000;5.000000;5.000000;5.000000,0,0,0,0,0,0,0,0,0,0,758,36384,150,7800,116,5568,103,4376,16,480,0,0,0,0,0,0,0,0,graph_0005__pathPersistency_0.7500,pathPersistency,0.75,graph_0005,epoch_0004
trace,static,0.188624,0.188508,860,665,105,0,0,0.458333,0.023001,72.965864,360,165,0,0,0,83,0.916667,0,0,0.000000,0.000000,0.500000,4.285714,4.000000,5.000000,5.000000;5.000000;4.000000;4.000000;4.000000;4.000000;4.000000,12,0.869565,1,5.000000;5.000000;5.000000;5.000000;5.000000;5.000000,0.104309;0.145394;0.109749;0.120949;0.132149;0.143349,5.000000;5.000000;5.000000;5.000000;5.000000;5.000000,0,0,0,0,0,0,0,0,0,0,0,0,0,0,0,0,0,0,0,0,0,0,0,0,0,0,0,0,graph_0005__pathPersistency_0.7500,pathPersistency,0.75,graph_0005,epoch_0004
trace,olsr,0.614639,0.614582,2188,2498,105,710,1228,0.330556,0.017264,77.237524,360,119,4,0,0,412,0.661111,710,58268,5.966387,489.647059,0.500000,4.285714,4.000000,5.000000,5.000000;5.000000;4.000000;4.000000;4.000000;4.000000;4.000000,12,0.869565,1,5.000000;5.000000;5.000000;5.000000;5.000000;5.000000,0.193117;1.254405;2.394533;0.111973;0.123173;0.212567,5.000000;5.000000;5.000000;5.000000;5.000000;5.000000,316,20452,376,36808,0,0,0,0,18,1008,0,0,0,0,0,0,0,0,0,0,0,0,0,0,0,0,0,0,graph_0005__pathPersistency_0.7500,pathPersistency,0.75,graph_0005,epoch_0005
trace,aodv,0.560632,0.560498,2430,2978,105,1125,1738,0.630556,0.031773,75.512516,360,227,12,56,0,568,1.261111,1125,53980,4.955947,237.797357,0.500000,4.285714,4.000000,5.000000,5.000000;5.000000;4.000000;4.000000;4.000000;4.000000;4.000000,12,0.869565,1,5.000000;5.000000;5.000000;5.000000;5.000000;5.000000,0.609860;0.089573;0.100773;nan;0.479744;0.134373,5.000000;5.000000;5.000000;5.000000;5.000000;5.000000,0,0,0,0,0,0,0,0,0,0,758,36384,149,7748,125,6000,81,3488,12,360,0,0,0,0,0,0,0,0,graph_0005__pathPersistency_0.7500,pathPersistency,0.75,graph_0005,epoch_0005
trace,static,0.186185,0.186183,857,661,105,0,0,0.455556,0.022865,72.954979,360,164,0,0,0,81,0.911111,0,0,0.000000,0.000000,0.500000,4.285714,4.000000,5.000000,5.000000;5.000000;4.000000;4.000000;4.000000;4.000000;4.000000,12,0.869565,1,5.000000;5.000000;5.000000;5.000000;5.000000;5.000000,0.104309;0.144168;0.109749;0.120949;0.132149;0.143349,5.000000;5.000000;5.000000;5.000000;5.000000;5.000000,0,0,0,0,0,0,0,0,0,0,0,0,0,0,0,0,0,0,0,0,0,0,0,0,0,0,0,0,graph_0005__pathPersistency_0.7500,pathPersistency,0.75,graph_0005,epoch_0005
trace,olsr,0.481342,0.481297,1683,1978,105,689,1182,0.391667,0.020457,79.002543,360,141,4,0,0,469,0.783333,689,56148,4.886525,398.212766,0.500000,4.285714,4.000000,5.000000,5.000000;5.000000;4.000000;4.000000;4.000000;4.000000;4.000000,12,0.869565,1,5.000000;5.000000;5.000000;5.000000;5.000000;5.000000,0.276855;0.089573;0.428453;0.111973;0.123173;0.210039,5.000000;5.000000;5.000000;5.000000;5.000000;5.000000,312,20172,377,35976,0,0,0,0,0,0,0,0,0,0,0,0,0,0,0,0,0,0,0,0,0,0,0,0,graph_0005__pathPersistency_0.7500,pathPersistency,0.75,graph_0005,epoch_0002
trace,aodv,0.548835,0.548791,2404,2958,105,1111,1709,0.627778,0.031634,76.458892,360,226,34,56,0,601,1.255556,1111,52952,4.915929,234.300885,0.500000,4.285714,4.000000,5.000000,5.000000;5.000000;4.000000;4.000000;4.000000;4.000000;4.000000,12,0.869565,1,5.000000;5.000000;5.000000;5.000000;5.000000;5.000000,0.607448;0.089573;0.268020;nan;0.466565;0.134373,5.000000;5.000000;5.000000;5.000000;5.000000;5.000000,0,0,0,0,0,0,0,0,0,0,770,36960,124,6448,97,4656,108,4528,12,360,0,0,0,0,0,0,0,0,graph_0005__pathPersistency_0.7500,pathPersistency,0.75,graph_0005,epoch_0002
trace,static,0.186937,0.186924,860,665,105,0,0,0.458333,0.023003,72.965913,360,165,0,0,0,83,0.916667,0,0,0.000000,0.000000,0.500000,4.285714,4.000000,5.000000,5.000000;5.000000;4.000000;4.000000;4.000000;4.000000;4.000000,12,0.869565,1,5.000000;5.000000;5.000000;5.000000;5.000000;5.000000,0.104309;0.148234;0.109749;0.120949;0.132149;0.143349,5.000000;5.000000;5.000000;5.000000;5.000000;5.000000,0,0,0,0,0,0,0,0,0,0,0,0,0,0,0,0,0,0,0,0,0,0,0,0,0,0,0,0,graph_0005__pathPersistency_0.7500,pathPersistency,0.75,graph_0005,epoch_0002
trace,olsr,0.373668,0.373640,1313,1440,105,601,908,0.183333,0.010679,60.182113,360,66,29,0,0,445,0.366667,601,42632,9.106061,645.939394,0.500000,4.285714,4.000000,5.000000,5.000000;5.000000;4.000000;4.000000;4.000000;4.000000;4.000000,12,nan,0,5.000000;5.000000;5.000000;5.000000;5.000000;5.000000,1.250919;nan;nan;0.111973;3.787748;nan,5.000000;5.000000;5.000000;5.000000;5.000000;5.000000,341,21024,260,21608,0,0,0,0,0,0,0,0,0,0,0,0,0,0,0,0,0,0,0,0,0,0,0,0,graph_0002__pathPersistency_0.2500,pathPersistency,0.25,graph_0002,epoch_0001
trace,aodv,0.554576,0.554497,2465,2771,105,1157,1539,0.536111,0.027014,74.275956,360,193,35,56,0,548,1.072222,1157,55060,5.994819,285.284974,0.500000,4.285714,4.000000,5.000000,5.000000;5.000000;4.000000;4.000000;4.000000;4.000000;4.000000,12,nan,0,5.000000;5.000000;5.000000;5.000000;5.000000;5.000000,0.935113;0.089573;0.100773;nan;0.123173;0.134373,5.000000;5.000000;5.000000;5.000000;5.000000;5.000000,0,0,0,0,0,0,0,0,0,0,764,36672,135,7020,120,5760,126,5248,12,360,0,0,0,0,0,0,0,0,graph_0002__pathPersistency_0.2500,pathPersistency,0.25,graph_0002,epoch_0001
trace,static,0.187126,0.187119,840,637,105,0,0,0.436111,0.021888,72.728959,360,157,0,0,0,123,0.872222,0,0,0.000000,0.000000,0.500000,4.285714,4.000000,5.000000,5.000000;5.000000;4.000000;4.000000;4.000000;4.000000;4.000000,12,nan,0,5.000000;5.000000;5.000000;5.000000;5.000000;5.000000,0.104309;0.098549;0.109749;0.120949;0.132149;0.143349,5.000000;5.000000;5.000000;5.000000;5.000000;5.000000,0,0,0,0,0,0,0,0,0,0,0,0,0,0,0,0,0,0,0,0,0,0,0,0,0,0,0,0,graph_0002__pathPersistency_0.2500,pathPersistency,0.25,graph_0002,epoch_0001
trace,olsr,0.658193,0.658159,2387,2528,105,639,976,0.247222,0.013215,61.852944,360,89,18,0,0,434,0.494444,639,46788,7.179775,525.707865,0.500000,4.285714,4.000000,5.000000,5.000000;5.000000;4.000000;4.000000;4.000000;4.000000;4.000000,12,nan,0,5.000000;5.000000;5.000000;5.000000;5.000000;5.000000,1.250919;0.961554;1.265605;nan;0.123253;nan,5.000000;5.000000;5.000000;5.000000;5.000000;5.000000,337,21036,272,24072,0,0,0,0,30,1680,0,0,0,0,0,0,0,0,0,0,0,0,0,0,0,0,0,0,graph_0002__pathPersistency_0.2500,pathPersistency,0.25,graph_0002,epoch_0003
trace,aodv,0.606309,0.606274,2644,2943,105,1160,1522,0.680556,0.034294,77.081164,360,245,52,0,0,594,1.361111,1160,55208,4.734694,225.338776,0.500000,4.285714,4.000000,5.000000,5.000000;5.000000;4.000000;4.000000;4.000000;4.000000;4.000000,12,nan,0,5.000000;5.000000;5.000000;5.000000;5.000000;5.000000,0.931417;0.089573;0.100773;0.111973;0.123173;0.134373,5.000000;5.000000;5.000000;5.000000;5.000000;5.000000,0,0,0,0,0,0,0,0,0,0,762,36576,141,7332,111,5328,136,5672,10,300,0,0,0,0,0,0,0,0,graph_0002__pathPersistency_0.2500,pathPersistency,0.25,graph_0002,epoch_0003
trace,static,0.187800,0.187694,840,637,105,0,0,0.436111,0.021886,72.728883,360,157,0,0,0,124,0.872222,0,0,0.000000,0.000000,0.500000,4.285714,4.000000,5.000000,5.000000;5.000000;4.000000;4.000000;4.000000;4.000000;4.000000,12,nan,0,5.000000;5.000000;5.000000;5.000000;5.000000;5.000000,0.104309;0.098549;0.109749;0.120949;0.132149;0.143349,5.000000;5.000000;5.000000;5.000000;5.000000;5.000000,0,0,0,0,0,0,0,0,0,0,0,0,0,0,0,0,0,0,0,0,0,0,0,0,0,0,0,0,graph_0002__pathPersistency_0.2500,pathPersistency,0.25,graph_0002,epoch_0003
trace,olsr,0.655117,0.654482,2261,2417,105,663,1032,0.211111,0.011222,61.813216,360,76,9,0,0,442,0.422222,663,48868,8.723684,643.000000,0.500000,4.285714,4.000000,5.000000,5.000000;5.000000;4.000000;4.000000;4.000000;4.000000;4.000000,12,nan,0,5.000000;5.000000;5.000000;5.000000;5.000000;5.000000,1.250919;nan;1.265605;2.587255;3.736359;nan,5.000000;5.000000;5.000000;5.000000;5.000000;5.000000,334,20900,303,26512,0,0,0,0,26,1456,0,0,0,0,0,0,0,0,0,0,0,0,0,0,0,0,0,0,graph_0002__pathPersistency_0.2500,pathPersistency,0.25,graph_0002,epoch_0004
trace,aodv,0.622654,0.621833,2684,3017,105,1271,1656,0.630556,0.031768,75.950986,360,227,81,0,0,535,1.261111,1271,59950,5.599119,264.096916,0.500000,4.285714,4.000000,5.000000,5.000000;5.000000;4.000000;4.000000;4.000000;4.000000;4.000000,12,nan,0,5.000000;5.000000;5.000000;5.000000;5.000000;5.000000,0.919372;0.000645;0.100773;0.111973;0.123173;0.134373,5.000000;5.000000;5.000000;5.000000;5.000000;5.000000,0,0,0,0,0,0,0,0,0,0,757,36336,158,8216,130,6240,217,8888,9,270,0,0,0,0,0,0,0,0,graph_0002__pathPersistency_0.2500,pathPersistency,0.25,graph_0002,epoch_0004
trace,static,0.190825,0.190711,840,637,105,0,0,0.436111,0.021889,72.729022,360,157,0,0,0,122,0.872222,0,0,0.000000,0.000000,0.500000,4.285714,4.000000,5.000000,5.000000;5.000000;4.000000;4.000000;4.000000;4.000000;4.000000,12,nan,0,5.000000;5.000000;5.000000;5.000000;5.000000;5.000000,0.104309;0.098549;0.109749;0.120949;0.132149;0.143349,5.000000;5.000000;5.000000;5.000000;5.000000;5.000000,0,0,0,0,0,0,0,0,0,0,0,0,0,0,0,0,0,0,0,0,0,0,0,0,0,0,0,0,graph_0002__pathPersistency_0.2500,pathPersistency,0.25,graph_0002,epoch_0004
trace,olsr,0.460394,0.460349,1570,1696,105,616,952,0.227778,0.013286,64.656312,360,82,8,0,0,485,0.455556,616,45136,7.512195,550.439024,0.500000,4.285714,4.000000,5.000000,5.000000;5.000000;4.000000;4.000000;4.000000;4.000000;4.000000,12,nan,0,5.000000;5.000000;5.000000;5.000000;5.000000;5.000000,1.250919;nan;1.290037;0.111973;2.417133;nan,5.000000;5.000000;5.000000;5.000000;5.000000;5.000000,336,21152,276,23760,0,0,0,0,4,224,0,0,0,0,0,0,0,0,0,0,0,0,0,0,0,0,0,0,graph_0002__pathPersistency_0.2500,pathPersistency,0.25,graph_0002,epoch_0005
trace,aodv,0.613713,0.613683,2661,2982,105,1147,1533,0.730556,0.036822,76.852394,360,263,32,0,0,570,1.461111,1147,54664,4.361217,207.847909,0.500000,4.285714,4.000000,5.000000,5.000000;5.000000;4.000000;4.000000;4.000000;4.000000;4.000000,12,nan,0,5.000000;5.000000;5.000000;5.000000;5.000000;5.000000,0.763517;0.108596;2.411757;0.111973;0.123173;0.134373,5.000000;5.000000;5.000000;5.000000;5.000000;5.000000,0,0,0,0,0,0,0,0,0,0,760,36480,144,7488,111,5328,120,5008,12,360,0,0,0,0,0,0,0,0,graph_0002__pathPersistency_0.2500,pathPersistency,0.25,graph_0002,epoch_0005
trace,static,0.187086,0.187069,840,637,105,0,0,0.436111,0.021891,72.728959,360,157,0,0,0,122,0.872222,0,0,0.000000,0.000000,0.500000,4.285714,4.000000,5.000000,5.000000;5.000000;4.000000;4.000000;4.000000;4.000000;4.000000,12,nan,0,5.000000;5.000000;5.000000;5.000000;5.000000;5.000000,0.104309;0.098549;0.109749;0.120949;0.132149;0.143349,5.000000;5.000000;5.000000;5.000000;5.000000;5.000000,0,0,0,0,0,0,0,0,0,0,0,0,0,0,0,0,0,0,0,0,0,0,0,0,0,0,0,0,graph_0002__pathPersistency_0.2500,pathPersistency,0.25,graph_0002,epoch_0005
trace,olsr,0.557087,0.557027,2017,2169,105,649,1006,0.247222,0.012477,67.652751,360,89,29,0,0,475,0.494444,649,47040,7.292135,528.539326,0.500000,4.285714,4.000000,5.000000,5.000000;5.000000;4.000000;4.000000;4.000000;4.000000;4.000000,12,nan,0,5.000000;5.000000;5.000000;5.000000;5.000000;5.000000,1.250919;nan;2.576055;0.111973;0.256883;0.134373,5.000000;5.000000;5.000000;5.000000;5.000000;5.000000,336,20736,297,25408,0,0,0,0,16,896,0,0,0,0,0,0,0,0,0,0,0,0,0,0,0,0,0,0,graph_0002__pathPersistency_0.2500,pathPersistency,0.25,graph_0002,epoch_0002
trace,aodv,0.612903,0.612850,2689,2945,105,1191,1524,0.672222,0.033872,74.934494,360,242,41,0,0,603,1.344444,1191,56556,4.921488,233.702479,0.500000,4.285714,4.000000,5.000000,5.000000;5.000000;4.000000;4.000000;4.000000;4.000000;4.000000,12,nan,0,5.000000;5.000000;5.000000;5.000000;5.000000;5.000000,0.763972;0.288980;0.100773;0.111973;0.123173;0.134373,5.000000;5.000000;5.000000;5.000000;5.000000;5.000000,0,0,0,0,0,0,0,0,0,0,759,36432,145,7540,125,6000,150,6224,12,360,0,0,0,0,0,0,0,0,graph_0002__pathPersistency_0.2500,pathPersistency,0.25,graph_0002,epoch_0002
trace,static,0.186020,0.186007,840,637,105,0,0,0.436111,0.021888,72.729020,360,157,0,0,0,124,0.872222,0,0,0.000000,0.000000,0.500000,4.285714,4.000000,5.000000,5.000000;5.000000;4.000000;4.000000;4.000000;4.000000;4.000000,12,nan,0,5.000000;5.000000;5.000000;5.000000;5.000000;5.000000,0.104309;0.098549;0.109749;0.120949;0.132149;0.143349,5.000000;5.000000;5.000000;5.000000;5.000000;5.000000,0,0,0,0,0,0,0,0,0,0,0,0,0,0,0,0,0,0,0,0,0,0,0,0,0,0,0,0,graph_0002__pathPersistency_0.2500,pathPersistency,0.25,graph_0002,epoch_0002
trace,olsr,0.378367,0.378334,1336,1489,105,585,899,0.250000,0.012909,72.648345,360,90,27,0,0,443,0.500000,585,42012,6.500000,466.800000,0.500000,4.285714,4.000000,5.000000,5.000000;5.000000;4.000000;4.000000;4.000000;4.000000;4.000000,12,nan,0,5.000000;5.000000;5.000000;5.000000;5.000000;5.000000,nan;0.089573;2.234133;0.293495;0.450853;1.281333,5.000000;5.000000;5.000000;5.000000;5.000000;5.000000,346,21448,239,20564,0,0,0,0,0,0,0,0,0,0,0,0,0,0,0,0,0,0,0,0,0,0,0,0,graph_0004__pathPersistency_0.0000,pathPersistency,0.0,graph_0004,epoch_0001
trace,aodv,0.512622,0.512563,2293,2682,105,1153,1582,0.552778,0.028013,70.878573,360,199,9,112,0,493,1.105556,1153,55218,5.793970,277.477387,0.500000,4.285714,4.000000,5.000000,5.000000;5.000000;4.000000;4.000000;4.000000;4.000000;4.000000,12,nan,0,5.000000;5.000000;5.000000;5.000000;5.000000;5.000000,0.095333;0.089573;nan;1.441730;nan;0.134373,5.000000;5.000000;5.000000;5.000000;5.000000;5.000000,0,0,0,0,0,0,0,0,0,0,741,35568,179,9308,121,5808,95,4024,17,510,0,0,0,0,0,0,0,0,graph_0004__pathPersistency_0.0000,pathPersistency,0.0,graph_0004,epoch_0001
trace,static,0.189739,0.189727,837,629,105,0,0,0.422222,0.021313,72.566521,360,152,0,0,0,155,0.844444,0,0,0.000000,0.000000,0.500000,4.285714,4.000000,5.000000,5.000000;5.000000;4.000000;4.000000;4.000000;4.000000;4.000000,12,nan,0,5.000000;5.000000;5.000000;5.000000;5.000000;5.000000,0.104309;0.098549;0.109749;0.120949;0.132149;0.143349,5.000000;5.000000;5.000000;5.000000;5.000000;5.000000,0,0,0,0,0,0,0,0,0,0,0,0,0,0,0,0,0,0,0,0,0,0,0,0,0,0,0,0,graph_0004__pathPersistency_0.0000,pathPersistency,0.0,graph_0004,epoch_0001
trace,olsr,0.433294,0.432894,1477,1598,105,594,913,0.300000,0.015057,72.781420,360,108,9,0,0,473,0.600000,594,42884,5.500000,397.074074,0.500000,4.285714,4.000000,5.000000,5.000000;5.000000;4.000000;4.000000;4.000000;4.000000;4.000000,12,nan,0,5.000000;5.000000;5.000000;5.000000;5.000000;5.000000,0.095333;nan;1.593285;0.293495;0.123173;2.321672,5.000000;5.000000;5.000000;5.000000;5.000000;5.000000,343,21236,251,21648,0,0,0,0,0,0,0,0,0,0,0,0,0,0,0,0,0,0,0,0,0,0,0,0,graph_0004__pathPersistency_0.0000,pathPersistency,0.0,graph_0004,epoch_0003
trace,aodv,0.582242,0.581540,2493,2840,105,1190,1601,0.644444,0.032558,73.701475,360,232,8,56,0,668,1.288889,1190,57202,5.129310,246.560345,0.500000,4.285714,4.000000,5.000000,5.000000;5.000000;4.000000;4.000000;4.000000;4.000000;4.000000,12,nan,0,5.000000;5.000000;5.000000;5.000000;5.000000;5.000000,0.095333;0.089573;nan;1.436009;0.123173;0.134373,5.000000;5.000000;5.000000;5.000000;5.000000;5.000000,0,0,0,0,0,0,0,0,0,0,735,35280,198,10296,150,7200,92,3976,15,450,0,0,0,0,0,0,0,0,graph_0004__pathPersistency_0.0000,pathPersistency,0.0,graph_0004,epoch_0003
trace,static,0.193319,0.192887,838,631,105,0,0,0.425000,0.021390,72.770328,360,153,0,0,0,154,0.850000,0,0,0.000000,0.000000,0.500000,4.285714,4.000000,5.000000,5.000000;5.000000;4.000000;4.000000;4.000000;4.000000;4.000000,12,nan,0,5.000000;5.000000;5.000000;5.000000;5.000000;5.000000,0.104309;0.098549;0.109749;0.120949;0.132149;0.143349,5.000000;5.000000;5.000000;5.000000;5.000000;5.000000,0,0,0,0,0,0,0,0,0,0,0,0,0,0,0,0,0,0,0,0,0,0,0,0,0,0,0,0,graph_0004__pathPersistency_0.0000,pathPersistency,0.0,graph_0004,epoch_0003
trace,olsr,0.797650,0.797632,2860,2996,105,631,947,0.388889,0.019520,73.300941,360,140,0,0,0,519,0.777778,631,44296,4.507143,316.400000,0.500000,4.285714,4.000000,5.000000,5.000000;5.000000;4.000000;4.000000;4.000000;4.000000;4.000000,12,nan,0,5.000000;5.000000;5.000000;5.000000;5.000000;5.000000,0.095333;0.262389;1.593285;0.293495;0.123173;0.134373,5.000000;5.000000;5.000000;5.000000;5.000000;5.000000,346,21380,245,20676,0,0,0,0,40,2240,0,0,0,0,0,0,0,0,0,0,0,0,0,0,0,0,0,0,graph_0004__pathPersistency_0.0000,pathPersistency,0.0,graph_0004,epoch_0004
trace,aodv,0.513027,0.512883,2263,2653,105,1108,1530,0.575000,0.029138,72.385044,360,207,9,112,0,497,1.150000,1108,53042,5.352657,256.241546,0.500000,4.285714,4.000000,5.000000,5.000000;5.000000;4.000000;4.000000;4.000000;4.000000;4.000000,12,nan,0,5.000000;5.000000;5.000000;5.000000;5.000000;5.000000,0.095333;0.089573;nan;1.442929;nan;0.134373,5.000000;5.000000;5.000000;5.000000;5.000000;5.000000,0,0,0,0,0,0,0,0,0,0,750,36000,150,7800,105,5040,88,3752,15,450,0,0,0,0,0,0,0,0,graph_0004__pathPersistency_0.0000,pathPersistency,0.0,graph_0004,epoch_0004
trace,static,0.191823,0.191808,838,631,105,0,0,0.425000,0.021391,72.770370,360,153,0,0,0,157,0.850000,0,0,0.000000,0.000000,0.500000,4.285714,4.000000,5.000000,5.000000;5.000000;4.000000;4.000000;4.000000;4.000000;4.000000,12,nan,0,5.000000;5.000000;5.000000;5.000000;5.000000;5.000000,0.104309;0.098549;0.109749;0.120949;0.132149;0.143349,5.000000;5.000000;5.000000;5.000000;5.000000;5.000000,0,0,0,0,0,0,0,0,0,0,0,0,0,0,0,0,0,0,0,0,0,0,0,0,0,0,0,0,graph_0004__pathPersistency_0.0000,pathPersistency,0.0,graph_0004,epoch_0004
trace,olsr,0.426110,0.425992,1519,1589,105,595,907,0.308333,0.016487,70.494888,360,111,1,0,0,477,0.616667,595,42712,5.360360,384.792793,0.500000,4.285714,4.000000,5.000000,5.000000;5.000000;4.000000;4.000000;4.000000;4.000000;4.000000,12,nan,0,5.000000;5.000000;5.000000;5.000000;5.000000;5.000000,0.095333;0.262389;0.100773;0.293495;0.123173;nan,5.000000;5.000000;5.000000;5.000000;5.000000;5.000000,348,21640,247,21072,0,0,0,0,0,0,0,0,0,0,0,0,0,0,0,0,0,0,0,0,0,0,0,0,graph_0004__pathPersistency_0.0000,pathPersistency,0.0,graph_0004,epoch_0005
trace,aodv,0.547828,0.547782,2388,2752,105,1244,1650,0.547222,0.027727,70.107788,360,197,9,112,0,582,1.094444,1244,59646,6.314721,302.771574,0.500000,4.285714,4.000000,5.000000,5.000000;5.000000;4.000000;4.000000;4.000000;4.000000;4.000000,12,nan,0,5.000000;5.000000;5.000000;5.000000;5.000000;5.000000,0.095333;0.089573;nan;1.445265;nan;0.134373,5.000000;5.000000;5.000000;5.000000;5.000000;5.000000,0,0,0,0,0,0,0,0,0,0,728,34944,209,10868,151,7248,137,6016,19,570,0,0,0,0,0,0,0,0,graph_0004__pathPersistency_0.0000,pathPersistency,0.0,graph_0004,epoch_0005
trace,static,0.193425,0.193402,837,629,105,0,0,0.422222,0.021311,72.566511,360,152,0,0,0,154,0.844444,0,0,0.000000,0.000000,0.500000,4.285714,4.000000,5.000000,5.000000;5.000000;4.000000;4.000000;4.000000;4.000000;4.000000,12,nan,0,5.000000;5.000000;5.000000;5.000000;5.000000;5.000000,0.104309;0.098549;0.109749;0.120949;0.132149;0.143349,5.000000;5.000000;5.000000;5.000000;5.000000;5.000000,0,0,0,0,0,0,0,0,0,0,0,0,0,0,0,0,0,0,0,0,0,0,0,0,0,0,0,0,graph_0004__pathPersistency_0.0000,pathPersistency,0.0,graph_0004,epoch_0005
trace,olsr,0.620033,0.619971,2151,2264,105,603,908,0.333333,0.016822,75.117825,360,120,2,0,0,516,0.666667,603,43636,5.025000,363.633333,0.500000,4.285714,4.000000,5.000000,5.000000;5.000000;4.000000;4.000000;4.000000;4.000000;4.000000,12,nan,0,5.000000;5.000000;5.000000;5.000000;5.000000;5.000000,0.095333;3.539189;1.593285;0.293495;0.123173;0.298213,5.000000;5.000000;5.000000;5.000000;5.000000;5.000000,344,21244,241,21384,0,0,0,0,18,1008,0,0,0,0,0,0,0,0,0,0,0,0,0,0,0,0,0,0,graph_0004__pathPersistency_0.0000,pathPersistency,0.0,graph_0004,epoch_0002
trace,aodv,0.514999,0.514961,2312,2692,105,1184,1621,0.511111,0.026341,70.979935,360,184,7,112,0,522,1.022222,1184,56934,6.434783,309.423913,0.500000,4.285714,4.000000,5.000000,5.000000;5.000000;4.000000;4.000000;4.000000;4.000000;4.000000,12,nan,0,5.000000;5.000000;5.000000;5.000000;5.000000;5.000000,0.095333;0.089573;nan;1.448924;nan;0.134373,5.000000;5.000000;5.000000;5.000000;5.000000;5.000000,0,0,0,0,0,0,0,0,0,0,734,35232,199,10348,150,7200,82,3584,19,570,0,0,0,0,0,0,0,0,graph_0004__pathPersistency_0.0000,pathPersistency,0.0,graph_0004,epoch_0002
trace,static,0.189882,0.189875,838,631,105,0,0,0.425000,0.021388,72.770320,360,153,0,0,0,157,0.850000,0,0,0.000000,0.000000,0.500000,4.285714,4.000000,5.000000,5.000000;5.000000;4.000000;4.000000;4.000000;4.000000;4.000000,12,nan,0,5.000000;5.000000;5.000000;5.000000;5.000000;5.000000,0.104309;0.098549;0.109749;0.120949;0.132149;0.143349,5.000000;5.000000;5.000000;5.000000;5.000000;5.000000,0,0,0,0,0,0,0,0,0,0,0,0,0,0,0,0,0,0,0,0,0,0,0,0,0,0,0,0,graph_0004__pathPersistency_0.0000,pathPersistency,0.0,graph_0004,epoch_0002
trace,olsr,0.448933,0.448787,1539,1713,105,614,969,0.305556,0.015336,75.119909,360,110,36,0,0,424,0.611111,614,45516,5.581818,413.781818,0.500000,4.285714,4.000000,5.000000,5.000000;5.000000;4.000000;4.000000;4.000000;4.000000;4.000000,12,0.782609,1,5.000000;5.000000;5.000000;5.000000;5.000000;5.000000,nan;1.236453;1.265335;0.111973;nan;0.134373,5.000000;5.000000;5.000000;5.000000;5.000000;5.000000,333,20600,281,24916,0,0,0,0,0,0,0,0,0,0,0,0,0,0,0,0,0,0,0,0,0,0,0,0,graph_0002__pathPersistency_0.5000,pathPersistency,0.5,graph_0002,epoch_0001
trace,aodv,0.543695,0.543661,2418,2744,105,1129,1510,0.608333,0.030643,75.276677,360,219,30,56,0,544,1.216667,1129,53948,5.155251,246.337900,0.500000,4.285714,4.000000,5.000000,5.000000;5.000000;4.000000;4.000000;4.000000;4.000000;4.000000,12,0.782609,1,5.000000;5.000000;5.000000;5.000000;5.000000;5.000000,0.095333;0.089573;0.597108;nan;0.123173;1.463933,5.000000;5.000000;5.000000;5.000000;5.000000;5.000000,0,0,0,0,0,0,0,0,0,0,745,35760,163,8476,98,4704,111,4648,12,360,0,0,0,0,0,0,0,0,graph_0002__pathPersistency_0.5000,pathPersistency,0.5,graph_0002,epoch_0001
trace,static,0.189977,0.189946,852,653,105,0,0,0.447222,0.022572,72.620361,360,161,0,0,0,100,0.894444,0,0,0.000000,0.000000,0.500000,4.285714,4.000000,5.000000,5.000000;5.000000;4.000000;4.000000;4.000000;4.000000;4.000000,12,0.782609,1,5.000000;5.000000;5.000000;5.000000;5.000000;5.000000,0.104309;0.098629;0.109749;0.120949;0.132149;0.143349,5.000000;5.000000;5.000000;5.000000;5.000000;5.000000,0,0,0,0,0,0,0,0,0,0,0,0,0,0,0,0,0,0,0,0,0,0,0,0,0,0,0,0,graph_0002__pathPersistency_0.5000,pathPersistency,0.5,graph_0002,epoch_0001
trace,olsr,0.453706,0.453676,1530,1665,105,606,958,0.269444,0.013522,73.428083,360,97,15,0,0,434,0.538889,606,45088,6.247423,464.824742,0.500000,4.285714,4.000000,5.000000,5.000000;5.000000;4.000000;4.000000;4.000000;4.000000;4.000000,12,0.782609,1,5.000000;5.000000;5.000000;5.000000;5.000000;5.000000,0.095333;nan;1.265335;0.111973;nan;0.224915,5.000000;5.000000;5.000000;5.000000;5.000000;5.000000,336,20880,270,24208,0,0,0,0,0,0,0,0,0,0,0,0,0,0,0,0,0,0,0,0,0,0,0,0,graph_0002__pathPersistency_0.5000,pathPersistency,0.5,graph_0002,epoch_0003
trace,aodv,0.550718,0.550645,2425,2763,105,1130,1521,0.619444,0.031199,75.168229,360,223,28,56,0,548,1.238889,1130,53976,5.067265,242.044843,0.500000,4.285714,4.000000,5.000000,5.000000;5.000000;4.000000;4.000000;4.000000;4.000000;4.000000,12,0.782609,1,5.000000;5.000000;5.000000;5.000000;5.000000;5.000000,0.095333;0.089573;0.103432;nan;0.000015;1.475804,5.000000;5.000000;5.000000;5.000000;5.000000;5.000000,0,0,0,0,0,0,0,0,0,0,750,36000,159,8268,99,4752,108,4536,14,420,0,0,0,0,0,0,0,0,graph_0002__pathPersistency_0.5000,pathPersistency,0.5,graph_0002,epoch_0003
trace,static,0.190848,0.190830,853,654,105,0,0,0.447222,0.022570,72.620277,360,161,0,0,0,101,0.894444,0,0,0.000000,0.000000,0.500000,4.285714,4.000000,5.000000,5.000000;5.000000;4.000000;4.000000;4.000000;4.000000;4.000000,12,0.782609,1,5.000000;5.000000;5.000000;5.000000;5.000000;5.000000,0.104309;0.098629;0.109749;0.120949;0.132149;0.143349,5.000000;5.000000;5.000000;5.000000;5.000000;5.000000,0,0,0,0,0,0,0,0,0,0,0,0,0,0,0,0,0,0,0,0,0,0,0,0,0,0,0,0,graph_0002__pathPersistency_0.5000,pathPersistency,0.5,graph_0002,epoch_0003
trace,olsr,0.464916,0.464531,1551,1709,105,622,989,0.275000,0.013803,73.981890,360,99,19,0,0,436,0.550000,622,46556,6.282828,470.262626,0.500000,4.285714,4.000000,5.000000,5.000000;5.000000;4.000000;4.000000;4.000000;4.000000;4.000000,12,0.782609,1,5.000000;5.000000;5.000000;5.000000;5.000000;5.000000,0.095333;nan;1.265335;0.111973;nan;0.134373,5.000000;5.000000;5.000000;5.000000;5.000000;5.000000,337,21004,285,25552,0,0,0,0,0,0,0,0,0,0,0,0,0,0,0,0,0,0,0,0,0,0,0,0,graph_0002__pathPersistency_0.5000,pathPersistency,0.5,graph_0002,epoch_0004
trace,aodv,0.548038,0.547166,2433,2790,105,1117,1525,0.619444,0.031192,75.167404,360,223,30,56,0,453,1.238889,1117,53304,5.008969,239.031390,0.500000,4.285714,4.000000,5.000000,5.000000;5.000000;4.000000;4.000000;4.000000;4.000000;4.000000,12,0.782609,1,5.000000;5.000000;5.000000;5.000000;5.000000;5.000000,0.095333;0.089573;0.109538;nan;0.001000;1.466164,5.000000;5.000000;5.000000;5.000000;5.000000;5.000000,0,0,0,0,0,0,0,0,0,0,746,35808,154,8008,92,4416,113,4712,12,360,0,0,0,0,0,0,0,0,graph_0002__pathPersistency_0.5000,pathPersistency,0.5,graph_0002,epoch_0004
trace,static,0.190510,0.190264,853,654,105,0,0,0.447222,0.022572,72.620412,360,161,0,0,0,101,0.894444,0,0,0.000000,0.000000,0.500000,4.285714,4.000000,5.000000,5.000000;5.000000;4.000000;4.000000;4.000000;4.000000;4.000000,12,0.782609,1,5.000000;5.000000;5.000000;5.000000;5.000000;5.000000,0.104309;0.098629;0.109749;0.120949;0.132149;0.143349,5.000000;5.000000;5.000000;5.000000;5.000000;5.000000,0,0,0,0,0,0,0,0,0,0,0,0,0,0,0,0,0,0,0,0,0,0,0,0,0,0,0,0,graph_0002__pathPersistency_0.5000,pathPersistency,0.5,graph_0002,epoch_0004
trace,olsr,0.402564,0.402550,1406,1596,105,624,991,0.200000,0.010039,76.289941,360,72,36,0,0,347,0.400000,624,46308,8.666667,643.166667,0.500000,4.285714,4.000000,5.000000,5.000000;5.000000;4.000000;4.000000;4.000000;4.000000;4.000000,12,0.782609,1,5.000000;5.000000;5.000000;5.000000;5.000000;5.000000,nan;nan;1.747879;0.111973;nan;2.329968,5.000000;5.000000;5.000000;5.000000;5.000000;5.000000,331,20524,293,25784,0,0,0,0,0,0,0,0,0,0,0,0,0,0,0,0,0,0,0,0,0,0,0,0,graph_0002__pathPersistency_0.5000,pathPersistency,0.5,graph_0002,epoch_0005
trace,aodv,0.542160,0.542116,2409,2747,105,1114,1505,0.602778,0.030552,75.889441,360,217,34,56,0,483,1.205556,1114,53142,5.133641,244.894009,0.500000,4.285714,4.000000,5.000000,5.000000;5.000000;4.000000;4.000000;4.000000;4.000000;4.000000,12,0.782609,1,5.000000;5.000000;5.000000;5.000000;5.000000;5.000000,0.095333;0.089573;0.108038;nan;0.000818;1.312704,5.000000;5.000000;5.000000;5.000000;5.000000;5.000000,0,0,0,0,0,0,0,0,0,0,746,35808,152,7904,89,4272,114,4768,13,390,0,0,0,0,0,0,0,0,graph_0002__pathPersistency_0.5000,pathPersistency,0.5,graph_0002,epoch_0005
trace,static,0.191692,0.191690,852,653,105,0,0,0.447222,0.022575,72.620351,360,161,0,0,0,100,0.894444,0,0,0.000000,0.000000,0.500000,4.285714,4.000000,5.000000,5.000000;5.000000;4.000000;4.000000;4.000000;4.000000;4.000000,12,0.782609,1,5.000000;5.000000;5.000000;5.000000;5.000000;5.000000,0.104309;0.098629;0.109749;0.120949;0.132149;0.143349,5.000000;5.000000;5.000000;5.000000;5.000000;5.000000,0,0,0,0,0,0,0,0,0,0,0,0,0,0,0,0,0,0,0,0,0,0,0,0,0,0,0,0,graph_0002__pathPersistency_0.5000,pathPersistency,0.5,graph_0002,epoch_0005
trace,olsr,0.456346,0.456321,1543,1695,105,620,980,0.266667,0.013384,75.702781,360,96,25,0,0,421,0.533333,620,46224,6.458333,481.500000,0.500000,4.285714,4.000000,5.000000,5.000000;5.000000;4.000000;4.000000;4.000000;4.000000;4.000000,12,0.782609,1,5.000000;5.000000;5.000000;5.000000;5.000000;5.000000,0.095333;nan;1.265335;0.111973;nan;0.134373,5.000000;5.000000;5.000000;5.000000;5.000000;5.000000,331,20664,289,25560,0,0,0,0,0,0,0,0,0,0,0,0,0,0,0,0,0,0,0,0,0,0,0,0,graph_0002__pathPersistency_0.5000,pathPersistency,0.5,graph_0002,epoch_0002
trace,aodv,0.543259,0.543189,2442,2737,105,1112,1480,0.605556,0.030501,75.496005,360,218,13,56,0,533,1.211111,1112,53292,5.100917,244.458716,0.500000,4.285714,4.000000,5.000000,5.000000;5.000000;4.000000;4.000000;4.000000;4.000000;4.000000,12,0.782609,1,5.000000;5.000000;5.000000;5.000000;5.000000;5.000000,0.095333;0.089573;0.596322;nan;0.000503;1.309704,5.000000;5.000000;5.000000;5.000000;5.000000;5.000000,0,0,0,0,0,0,0,0,0,0,748,35904,162,8424,101,4848,87,3696,14,420,0,0,0,0,0,0,0,0,graph_0002__pathPersistency_0.5000,pathPersistency,0.5,graph_0002,epoch_0002
trace,static,0.190427,0.190425,851,652,105,0,0,0.447222,0.022571,72.620410,360,161,0,0,0,98,0.894444,0,0,0.000000,0.000000,0.500000,4.285714,4.000000,5.000000,5.000000;5.000000;4.000000;4.000000;4.000000;4.000000;4.000000,12,0.782609,1,5.000000;5.000000;5.000000;5.000000;5.000000;5.000000,0.104309;0.098629;0.109749;0.120949;0.132149;0.143349,5.000000;5.000000;5.000000;5.000000;5.000000;5.000000,0,0,0,0,0,0,0,0,0,0,0,0,0,0,0,0,0,0,0,0,0,0,0,0,0,0,0,0,graph_0002__pathPersistency_0.5000,pathPersistency,0.5,graph_0002,epoch_0002
trace,olsr,0.403729,0.403563,1400,1530,105,580,886,0.316667,0.016542,75.146940,360,114,21,0,0,368,0.633333,580,40216,5.087719,352.771930,0.500000,4.285714,4.000000,5.000000,5.000000;5.000000;4.000000;4.000000;4.000000;4.000000;4.000000,12,nan,0,5.000000;5.000000;5.000000;5.000000;5.000000;5.000000,nan;0.471966;nan;3.078775;0.123173;0.220933,5.000000;5.000000;5.000000;5.000000;5.000000;5.000000,345,21264,235,18952,0,0,0,0,0,0,0,0,0,0,0,0,0,0,0,0,0,0,0,0,0,0,0,0,graph_0004__pathPersistency_1.0000,pathPersistency,1.0,graph_0004,epoch_0001
trace,aodv,0.558735,0.558673,2444,2837,105,1121,1547,0.719444,0.036255,77.245563,360,259,12,56,0,477,1.438889,1121,53782,4.328185,207.652510,0.500000,4.285714,4.000000,5.000000,5.000000;5.000000;4.000000;4.000000;4.000000;4.000000;4.000000,12,nan,0,5.000000;5.000000;5.000000;5.000000;5.000000;5.000000,0.095333;nan;0.100773;0.111973;0.123173;1.461526,5.000000;5.000000;5.000000;5.000000;5.000000;5.000000,0,0,0,0,0,0,0,0,0,0,749,35952,169,8788,111,5328,77,3264,15,450,0,0,0,0,0,0,0,0,graph_0004__pathPersistency_1.0000,pathPersistency,1.0,graph_0004,epoch_0001
trace,static,0.191741,0.191698,872,680,105,0,0,0.466667,0.023425,73.107045,360,168,0,0,0,87,0.933333,0,0,0.000000,0.000000,0.500000,4.285714,4.000000,5.000000,5.000000;5.000000;4.000000;4.000000;4.000000;4.000000;4.000000,12,nan,0,5.000000;5.000000;5.000000;5.000000;5.000000;5.000000,0.153714;0.098549;0.109749;0.120949;0.131879;0.143349,5.000000;5.000000;5.000000;5.000000;5.000000;5.000000,0,0,0,0,0,0,0,0,0,0,0,0,0,0,0,0,0,0,0,0,0,0,0,0,0,0,0,0,graph_0004__pathPersistency_1.0000,pathPersistency,1.0,graph_0004,epoch_0001
trace,olsr,0.409590,0.409570,1444,1555,105,561,846,0.369444,0.019296,76.824517,360,133,10,0,0,373,0.738889,561,38844,4.218045,292.060150,0.500000,4.285714,4.000000,5.000000,5.000000;5.000000;4.000000;4.000000;4.000000;4.000000;4.000000,12,nan,0,5.000000;5.000000;5.000000;5.000000;5.000000;5.000000,nan;0.962008;nan;0.111973;0.123173;0.315895,5.000000;5.000000;5.000000;5.000000;5.000000;5.000000,352,21800,209,17044,0,0,0,0,0,0,0,0,0,0,0,0,0,0,0,0,0,0,0,0,0,0,0,0,graph_0004__pathPersistency_1.0000,pathPersistency,1.0,graph_0004,epoch_0003
trace,aodv,0.557534,0.557484,2443,2836,105,1121,1550,0.727778,0.036666,77.303153,360,262,6,56,0,467,1.455556,1121,53860,4.278626,205.572519,0.500000,4.285714,4.000000,5.000000,5.000000;5.000000;4.000000;4.000000;4.000000;4.000000;4.000000,12,nan,0,5.000000;5.000000;5.000000;5.000000;5.000000;5.000000,0.095333;nan;0.100773;0.111973;0.123173;1.460524,5.000000;5.000000;5.000000;5.000000;5.000000;5.000000,0,0,0,0,0,0,0,0,0,0,751,36048,166,8632,108,5184,77,3400,18,540,1,56,0,0,0,0,0,0,graph_0004__pathPersistency_1.0000,pathPersistency,1.0,graph_0004,epoch_0003
trace,static,0.189572,0.189555,872,680,105,0,0,0.466667,0.023422,73.107001,360,168,0,0,0,87,0.933333,0,0,0.000000,0.000000,0.500000,4.285714,4.000000,5.000000,5.000000;5.000000;4.000000;4.000000;4.000000;4.000000;4.000000,12,nan,0,5.000000;5.000000;5.000000;5.000000;5.000000;5.000000,0.154108;0.098549;0.109749;0.120949;0.131879;0.143349,5.000000;5.000000;5.000000;5.000000;5.000000;5.000000,0,0,0,0,0,0,0,0,0,0,0,0,0,0,0,0,0,0,0,0,0,0,0,0,0,0,0,0,graph_0004__pathPersistency_1.0000,pathPersistency,1.0,graph_0004,epoch_0003
trace,olsr,0.414102,0.414040,1397,1516,105,567,858,0.341667,0.017846,76.564426,360,123,18,0,0,366,0.683333,567,39884,4.609756,324.260163,0.500000,4.285714,4.000000,5.000000,5.000000;5.000000;4.000000;4.000000;4.000000;4.000000;4.000000,12,nan,0,5.000000;5.000000;5.000000;5.000000;5.000000;5.000000,nan;1.128394;nan;1.422693;0.123173;0.221683,5.000000;5.000000;5.000000;5.000000;5.000000;5.000000,351,21696,216,18188,0,0,0,0,0,0,0,0,0,0,0,0,0,0,0,0,0,0,0,0,0,0,0,0,graph_0004__pathPersistency_1.0000,pathPersistency,1.0,graph_0004,epoch_0004
trace,aodv,0.567734,0.567685,2442,2824,105,1128,1550,0.713889,0.035973,76.979760,360,257,7,56,0,470,1.427778,1128,54130,4.389105,210.622568,0.500000,4.285714,4.000000,5.000000,5.000000;5.000000;4.000000;4.000000;4.000000;4.000000;4.000000,12,nan,0,5.000000;5.000000;5.000000;5.000000;5.000000;5.000000,0.095333;nan;0.100773;0.111973;0.123173;1.466193,5.000000;5.000000;5.000000;5.000000;5.000000;5.000000,0,0,0,0,0,0,0,0,0,0,751,36048,161,8372,110,5280,88,3864,17,510,1,56,0,0,0,0,0,0,graph_0004__pathPersistency_1.0000,pathPersistency,1.0,graph_0004,epoch_0004
trace,static,0.192834,0.192817,872,680,105,0,0,0.466667,0.023424,73.107014,360,168,0,0,0,87,0.933333,0,0,0.000000,0.000000,0.500000,4.285714,4.000000,5.000000,5.000000;5.000000;4.000000;4.000000;4.000000;4.000000;4.000000,12,nan,0,5.000000;5.000000;5.000000;5.000000;5.000000;5.000000,0.152694;0.098549;0.109749;0.120949;0.131879;0.143349,5.000000;5.000000;5.000000;5.000000;5.000000;5.000000,0,0,0,0,0,0,0,0,0,0,0,0,0,0,0,0,0,0,0,0,0,0,0,0,0,0,0,0,graph_0004__pathPersistency_1.0000,pathPersistency,1.0,graph_0004,epoch_0004
trace,olsr,0.410690,0.410659,1442,1545,105,568,848,0.366667,0.019151,76.402387,360,132,17,0,0,384,0.733333,568,39500,4.303030,299.242424,0.500000,4.285714,4.000000,5.000000,5.000000;5.000000;4.000000;4.000000;4.000000;4.000000;4.000000,12,nan,0,5.000000;5.000000;5.000000;5.000000;5.000000;5.000000,nan;0.639974;nan;0.111973;0.614693;0.223463,5.000000;5.000000;5.000000;5.000000;5.000000;5.000000,349,21540,219,17960,0,0,0,0,0,0,0,0,0,0,0,0,0,0,0,0,0,0,0,0,0,0,0,0,graph_0004__pathPersistency_1.0000,pathPersistency,1.0,graph_0004,epoch_0005
trace,aodv,0.556305,0.556255,2438,2813,105,1094,1502,0.738889,0.037229,76.470366,360,266,5,56,0,468,1.477778,1094,52628,4.112782,197.849624,0.500000,4.285714,4.000000,5.000000,5.000000;5.000000;4.000000;4.000000;4.000000;4.000000;4.000000,12,nan,0,5.000000;5.000000;5.000000;5.000000;5.000000;5.000000,0.095333;nan;0.100773;0.111973;0.123173;1.467604,5.000000;5.000000;5.000000;5.000000;5.000000;5.000000,0,0,0,0,0,0,0,0,0,0,750,36000,166,8632,105,5040,59,2536,14,420,0,0,0,0,0,0,0,0,graph_0004__pathPersistency_1.0000,pathPersistency,1.0,graph_0004,epoch_0005
trace,static,0.191767,0.191760,872,680,105,0,0,0.466667,0.023423,73.107001,360,168,0,0,0,87,0.933333,0,0,0.000000,0.000000,0.500000,4.285714,4.000000,5.000000,5.000000;5.000000;4.000000;4.000000;4.000000;4.000000;4.000000,12,nan,0,5.000000;5.000000;5.000000;5.000000;5.000000;5.000000,0.152794;0.098549;0.109749;0.120949;0.131879;0.143349,5.000000;5.000000;5.000000;5.000000;5.000000;5.000000,0,0,0,0,0,0,0,0,0,0,0,0,0,0,0,0,0,0,0,0,0,0,0,0,0,0,0,0,graph_0004__pathPersistency_1.0000,pathPersistency,1.0,graph_0004,epoch_0005
trace,olsr,0.322572,0.322559,1182,1344,105,564,850,0.252778,0.013201,74.191486,360,91,11,0,0,253,0.505556,564,39084,6.197802,429.494505,0.500000,4.285714,4.000000,5.000000,5.000000;5.000000;4.000000;4.000000;4.000000;4.000000;4.000000,12,nan,0,5.000000;5.000000;5.000000;5.000000;5.000000;5.000000,nan;nan;1.929671;0.111973;0.450853;0.223543,5.000000;5.000000;5.000000;5.000000;5.000000;5.000000,351,21644,213,17440,0,0,0,0,0,0,0,0,0,0,0,0,0,0,0,0,0,0,0,0,0,0,0,0,graph_0004__pathPersistency_1.0000,pathPersistency,1.0,graph_0004,epoch_0002
trace,aodv,0.551722,0.551671,2429,2815,105,1111,1546,0.697222,0.035728,77.818316,360,251,4,56,0,444,1.394444,1111,53452,4.426295,212.956175,0.500000,4.285714,4.000000,5.000000,5.000000;5.000000;4.000000;4.000000;4.000000;4.000000;4.000000,12,nan,0,5.000000;5.000000;5.000000;5.000000;5.000000;5.000000,0.095333;nan;0.100773;0.111973;0.123173;1.471804,5.000000;5.000000;5.000000;5.000000;5.000000;5.000000,0,0,0,0,0,0,0,0,0,0,751,36048,166,8632,108,5184,67,2992,18,540,1,56,0,0,0,0,0,0,graph_0004__pathPersistency_1.0000,pathPersistency,1.0,graph_0004,epoch_0002
trace,static,0.189698,0.189680,872,680,105,0,0,0.466667,0.023419,73.106962,360,168,0,0,0,87,0.933333,0,0,0.000000,0.000000,0.500000,4.285714,4.000000,5.000000,5.000000;5.000000;4.000000;4.000000;4.000000;4.000000;4.000000,12,nan,0,5.000000;5.000000;5.000000;5.000000;5.000000;5.000000,0.154794;0.098549;0.109749;0.120949;0.131879;0.143349,5.000000;5.000000;5.000000;5.000000;5.000000;5.000000,0,0,0,0,0,0,0,0,0,0,0,0,0,0,0,0,0,0,0,0,0,0,0,0,0,0,0,0,graph_0004__pathPersistency_1.0000,pathPersistency,1.0,graph_0004,epoch_0002
trace,olsr,0.401544,0.401487,1427,1468,105,579,781,0.386111,0.019433,69.367799,360,139,3,0,0,358,0.772222,579,40580,4.165468,291.942446,0.500000,4.285714,4.000000,5.000000,5.000000;5.000000;4.000000;4.000000;4.000000;4.000000;4.000000,12,nan,0,5.000000;5.000000;5.000000;5.000000;5.000000;5.000000,0.095333;3.424456;0.100773;0.111973;nan;0.134373,5.000000;5.000000;5.000000;5.000000;5.000000;5.000000,352,20976,227,19604,0,0,0,0,0,0,0,0,0,0,0,0,0,0,0,0,0,0,0,0,0,0,0,0,graph_0003__pathPersistency_0.2500,pathPersistency,0.25,graph_0003,epoch_0001
trace,aodv,0.552174,0.552078,2440,2669,105,1079,1333,0.766667,0.038604,75.543072,360,276,3,56,0,476,1.533333,1079,51812,3.909420,187.724638,0.500000,4.285714,4.000000,5.000000,5.000000;5.000000;4.000000;4.000000;4.000000;4.000000;4.000000,12,nan,0,5.000000;5.000000;5.000000;5.000000;5.000000;5.000000,0.095333;0.599480;nan;0.111973;0.123173;0.134373,5.000000;5.000000;5.000000;5.000000;5.000000;5.000000,0,0,0,0,0,0,0,0,0,0,767,36816,139,7228,94,4512,67,2896,12,360,0,0,0,0,0,0,0,0,graph_0003__pathPersistency_0.2500,pathPersistency,0.25,graph_0003,epoch_0001
trace,static,0.189769,0.189756,845,642,105,0,0,0.436111,0.021950,72.919951,360,157,0,0,0,133,0.872222,0,0,0.000000,0.000000,0.500000,4.285714,4.000000,5.000000,5.000000;5.000000;4.000000;4.000000;4.000000;4.000000;4.000000,12,nan,0,5.000000;5.000000;5.000000;5.000000;5.000000;5.000000,0.104309;0.098549;0.109749;0.120949;0.132149;0.143349,5.000000;5.000000;5.000000;5.000000;5.000000;5.000000,0,0,0,0,0,0,0,0,0,0,0,0,0,0,0,0,0,0,0,0,0,0,0,0,0,0,0,0,graph_0003__pathPersistency_0.2500,pathPersistency,0.25,graph_0003,epoch_0001
trace,olsr,0.433555,0.433512,1522,1564,105,586,794,0.294444,0.019225,61.921869,360,106,32,0,0,408,0.588889,586,40840,5.528302,385.283019,0.500000,4.285714,4.000000,5.000000,5.000000;5.000000;4.000000;4.000000;4.000000;4.000000;4.000000,12,nan,0,5.000000;5.000000;5.000000;5.000000;5.000000;5.000000,0.095333;3.211509;1.411493;0.111973;nan;nan,5.000000;5.000000;5.000000;5.000000;5.000000;5.000000,352,21212,230,19404,0,0,0,0,4,224,0,0,0,0,0,0,0,0,0,0,0,0,0,0,0,0,0,0,graph_0003__pathPersistency_0.2500,pathPersistency,0.25,graph_0003,epoch_0003
trace,aodv,0.542529,0.542507,2386,2570,105,1038,1256,0.736111,0.037200,75.078561,360,265,5,56,0,481,1.472222,1038,49832,3.916981,188.045283,0.500000,4.285714,4.000000,5.000000,5.000000;5.000000;4.000000;4.000000;4.000000;4.000000;4.000000,12,nan,0,5.000000;5.000000;5.000000;5.000000;5.000000;5.000000,0.095333;0.089573;nan;0.111973;0.123173;0.134373,5.000000;5.000000;5.000000;5.000000;5.000000;5.000000,0,0,0,0,0,0,0,0,0,0,772,37056,117,6084,80,3840,59,2552,10,300,0,0,0,0,0,0,0,0,graph_0003__pathPersistency_0.2500,pathPersistency,0.25,graph_0003,epoch_0003
trace,static,0.192865,0.192747,847,645,105,0,0,0.438889,0.022090,72.748065,360,158,0,0,0,132,0.877778,0,0,0.000000,0.000000,0.500000,4.285714,4.000000,5.000000,5.000000;5.000000;4.000000;4.000000;4.000000;4.000000;4.000000,12,nan,0,5.000000;5.000000;5.000000;5.000000;5.000000;5.000000,0.104309;0.098549;0.109749;0.120949;0.132149;0.143349,5.000000;5.000000;5.000000;5.000000;5.000000;5.000000,0,0,0,0,0,0,0,0,0,0,0,0,0,0,0,0,0,0,0,0,0,0,0,0,0,0,0,0,graph_0003__pathPersistency_0.2500,pathPersistency,0.25,graph_0003,epoch_0003
trace,olsr,0.429477,0.429449,1499,1500,105,573,772,0.350000,0.020415,64.418543,360,126,35,0,0,468,0.700000,573,39676,4.547619,314.888889,0.500000,4.285714,4.000000,5.000000,5.000000;5.000000;4.000000;4.000000;4.000000;4.000000;4.000000,12,nan,0,5.000000;5.000000;5.000000;5.000000;5.000000;5.000000,0.095333;3.211509;0.100773;0.284789;3.572789;nan,5.000000;5.000000;5.000000;5.000000;5.000000;5.000000,353,21040,220,18636,0,0,0,0,0,0,0,0,0,0,0,0,0,0,0,0,0,0,0,0,0,0,0,0,graph_0003__pathPersistency_0.2500,pathPersistency,0.25,graph_0003,epoch_0004
trace,aodv,0.523924,0.523900,2308,2490,105,1062,1296,0.680556,0.034387,76.518721,360,245,7,56,0,480,1.361111,1062,50940,4.334694,207.918367,0.500000,4.285714,4.000000,5.000000,5.000000;5.000000;4.000000;4.000000;4.000000;4.000000;4.000000,12,nan,0,5.000000;5.000000;5.000000;5.000000;5.000000;5.000000,0.096154;3.395476;nan;0.111973;0.123173;0.134373,5.000000;5.000000;5.000000;5.000000;5.000000;5.000000,0,0,0,0,0,0,0,0,0,0,767,36816,129,6708,87,4176,67,2880,12,360,0,0,0,0,0,0,0,0,graph_0003__pathPersistency_0.2500,pathPersistency,0.25,graph_0003,epoch_0004
trace,static,0.190251,0.190139,847,645,105,0,0,0.438889,0.022092,72.748133,360,158,0,0,0,131,0.877778,0,0,0.000000,0.000000,0.500000,4.285714,4.000000,5.000000,5.000000;5.000000;4.000000;4.000000;4.000000;4.000000;4.000000,12,nan,0,5.000000;5.000000;5.000000;5.000000;5.000000;5.000000,0.104309;0.098549;0.109749;0.120949;0.132149;0.143349,5.000000;5.000000;5.000000;5.000000;5.000000;5.000000,0,0,0,0,0,0,0,0,0,0,0,0,0,0,0,0,0,0,0,0,0,0,0,0,0,0,0,0,graph_0003__pathPersistency_0.2500,pathPersistency,0.25,graph_0003,epoch_0004
trace,olsr,0.811147,0.810913,2962,2993,105,618,813,0.272222,0.025438,59.090906,360,98,7,0,0,382,0.544444,618,41700,6.306122,425.510204,0.500000,4.285714,4.000000,5.000000,5.000000;5.000000;4.000000;4.000000;4.000000;4.000000;4.000000,12,nan,0,5.000000;5.000000;5.000000;5.000000;5.000000;5.000000,0.095333;3.530413;0.100773;nan;nan;nan,5.000000;5.000000;5.000000;5.000000;5.000000;5.000000,356,21168,210,17620,0,0,0,0,52,2912,0,0,0,0,0,0,0,0,0,0,0,0,0,0,0,0,0,0,graph_0003__pathPersistency_0.2500,pathPersistency,0.25,graph_0003,epoch_0005
trace,aodv,0.536441,0.536389,2409,2638,105,1044,1292,0.777778,0.039302,75.334861,360,280,5,56,0,405,1.555556,1044,50100,3.728571,178.928571,0.500000,4.285714,4.000000,5.000000,5.000000;5.000000;4.000000;4.000000;4.000000;4.000000;4.000000,12,nan,0,5.000000;5.000000;5.000000;5.000000;5.000000;5.000000,0.095333;0.599640;nan;0.111973;0.123173;0.134373,5.000000;5.000000;5.000000;5.000000;5.000000;5.000000,0,0,0,0,0,0,0,0,0,0,771,37008,120,6240,81,3888,62,2664,10,300,0,0,0,0,0,0,0,0,graph_0003__pathPersistency_0.2500,pathPersistency,0.25,graph_0003,epoch_0005
trace,static,0.189887,0.189872,847,645,105,0,0,0.438889,0.022089,72.748047,360,158,0,0,0,133,0.877778,0,0,0.000000,0.000000,0.500000,4.285714,4.000000,5.000000,5.000000;5.000000;4.000000;4.000000;4.000000;4.000000;4.000000,12,nan,0,5.000000;5.000000;5.000000;5.000000;5.000000;5.000000,0.104309;0.098549;0.109749;0.120949;0.132149;0.143349,5.000000;5.000000;5.000000;5.000000;5.000000;5.000000,0,0,0,0,0,0,0,0,0,0,0,0,0,0,0,0,0,0,0,0,0,0,0,0,0,0,0,0,graph_0003__pathPersistency_0.2500,pathPersistency,0.25,graph_0003,epoch_0005
trace,olsr,0.437358,0.437268,1574,1588,105,575,766,0.430556,0.021733,71.070666,360,155,27,0,0,465,0.861111,575,40264,3.709677,259.767742,0.500000,4.285714,4.000000,5.000000,5.000000;5.000000;4.000000;4.000000;4.000000;4.000000;4.000000,12,nan,0,5.000000;5.000000;5.000000;5.000000;5.000000;5.000000,0.095333;3.366573;0.100773;0.284789;3.572789;0.134373,5.000000;5.000000;5.000000;5.000000;5.000000;5.000000,349,21016,226,19248,0,0,0,0,0,0,0,0,0,0,0,0,0,0,0,0,0,0,0,0,0,0,0,0,graph_0003__pathPersistency_0.2500,pathPersistency,0.25,graph_0003,epoch_0002
trace,aodv,0.537740,0.537702,2355,2549,105,1059,1299,0.666667,0.033577,73.777384,360,240,18,56,0,461,1.333333,1059,50664,4.412500,211.100000,0.500000,4.285714,4.000000,5.000000,5.000000;5.000000;4.000000;4.000000;4.000000;4.000000;4.000000,12,nan,0,5.000000;5.000000;5.000000;5.000000;5.000000;5.000000,0.095333;0.089573;nan;0.111973;0.123173;0.134373,5.000000;5.000000;5.000000;5.000000;5.000000;5.000000,0,0,0,0,0,0,0,0,0,0,771,37008,123,6396,72,3456,83,3504,10,300,0,0,0,0,0,0,0,0,graph_0003__pathPersistency_0.2500,pathPersistency,0.25,graph_0003,epoch_0002
trace,static,0.187340,0.187317,844,641,105,0,0,0.436111,0.021951,72.919899,360,157,0,0,0,130,0.872222,0,0,0.000000,0.000000,0.500000,4.285714,4.000000,5.000000,5.000000;5.000000;4.000000;4.000000;4.000000;4.000000;4.000000,12,nan,0,5.000000;5.000000;5.000000;5.000000;5.000000;5.000000,0.104309;0.098549;0.109749;0.120949;0.132149;0.143349,5.000000;5.000000;5.000000;5.000000;5.000000;5.000000,0,0,0,0,0,0,0,0,0,0,0,0,0,0,0,0,0,0,0,0,0,0,0,0,0,0,0,0,graph_0003__pathPersistency_0.2500,pathPersistency,0.25,graph_0003,epoch_0002
trace,olsr,0.466608,0.466485,1729,1868,105,618,920,0.502778,0.025233,73.956895,360,181,2,0,0,453,1.005556,618,44928,3.414365,248.220994,0.500000,4.285714,4.000000,5.000000,5.000000;5.000000;4.000000;4.000000;4.000000;4.000000;4.000000,12,1.000000,1,5.000000;5.000000;5.000000;5.000000;5.000000;5.000000,0.095333;0.089573;0.875314;0.111973;0.123173;0.134373,5.000000;5.000000;5.000000;5.000000;5.000000;5.000000,343,20728,273,24088,0,0,0,0,2,112,0,0,0,0,0,0,0,0,0,0,0,0,0,0,0,0,0,0,graph_0001__pathPersistency_1.0000,pathPersistency,1.0,graph_0001,epoch_0001
trace,aodv,0.586672,0.586628,2587,2868,105,1137,1468,0.711111,0.035829,74.106122,360,256,54,0,0,511,1.422222,1137,53944,4.441406,210.718750,0.500000,4.285714,4.000000,5.000000,5.000000;5.000000;4.000000;4.000000;4.000000;4.000000;4.000000,12,1.000000,1,5.000000;5.000000;5.000000;5.000000;5.000000;5.000000,0.095333;1.412126;0.100773;0.111973;0.123173;0.477107,5.000000;5.000000;5.000000;5.000000;5.000000;5.000000,0,0,0,0,0,0,0,0,0,0,779,37392,119,6188,105,5040,120,4904,14,420,0,0,0,0,0,0,0,0,graph_0001__pathPersistency_1.0000,pathPersistency,1.0,graph_0001,epoch_0001
trace,static,0.189863,0.189844,867,675,105,0,0,0.466667,0.023421,73.107049,360,168,0,0,0,93,0.933333,0,0,0.000000,0.000000,0.500000,4.285714,4.000000,5.000000,5.000000;5.000000;4.000000;4.000000;4.000000;4.000000;4.000000,12,1.000000,1,5.000000;5.000000;5.000000;5.000000;5.000000;5.000000,0.104309;0.098549;0.109749;0.182934;0.132149;0.143079,5.000000;5.000000;5.000000;5.000000;5.000000;5.000000,0,0,0,0,0,0,0,0,0,0,0,0,0,0,0,0,0,0,0,0,0,0,0,0,0,0,0,0,graph_0001__pathPersistency_1.0000,pathPersistency,1.0,graph_0001,epoch_0001
trace,olsr,0.499138,0.499089,1832,1952,105,608,896,0.516667,0.025936,73.207754,360,186,0,0,0,460,1.033333,608,44492,3.268817,239.204301,0.500000,4.285714,4.000000,5.000000,5.000000;5.000000;4.000000;4.000000;4.000000;4.000000;4.000000,12,1.000000,1,5.000000;5.000000;5.000000;5.000000;5.000000;5.000000,0.095333;0.089573;0.100773;3.072121;0.123173;0.134373,5.000000;5.000000;5.000000;5.000000;5.000000;5.000000,343,20744,259,23412,0,0,0,0,6,336,0,0,0,0,0,0,0,0,0,0,0,0,0,0,0,0,0,0,graph_0001__pathPersistency_1.0000,pathPersistency,1.0,graph_0001,epoch_0003
trace,aodv,0.590520,0.590469,2594,2868,105,1083,1406,0.777778,0.039201,74.689811,360,280,31,0,0,506,1.555556,1083,51504,3.867857,183.942857,0.500000,4.285714,4.000000,5.000000,5.000000;5.000000;4.000000;4.000000;4.000000;4.000000;4.000000,12,1.000000,1,5.000000;5.000000;5.000000;5.000000;5.000000;5.000000,0.095333;1.414222;0.100773;0.111973;0.123173;0.480067,5.000000;5.000000;5.000000;5.000000;5.000000;5.000000,0,0,0,0,0,0,0,0,0,0,780,37440,103,5356,89,4272,101,4136,10,300,0,0,0,0,0,0,0,0,graph_0001__pathPersistency_1.0000,pathPersistency,1.0,graph_0001,epoch_0003
trace,static,0.188218,0.188205,867,675,105,0,0,0.466667,0.023426,73.107154,360,168,0,0,0,93,0.933333,0,0,0.000000,0.000000,0.500000,4.285714,4.000000,5.000000,5.000000;5.000000;4.000000;4.000000;4.000000;4.000000;4.000000,12,1.000000,1,5.000000;5.000000;5.000000;5.000000;5.000000;5.000000,0.104309;0.098549;0.109749;0.185848;0.132149;0.143079,5.000000;5.000000;5.000000;5.000000;5.000000;5.000000,0,0,0,0,0,0,0,0,0,0,0,0,0,0,0,0,0,0,0,0,0,0,0,0,0,0,0,0,graph_0001__pathPersistency_1.0000,pathPersistency,1.0,graph_0001,epoch_0003
trace,olsr,0.747831,0.747758,2827,2965,105,633,915,0.419444,0.022360,73.085955,360,151,0,0,0,403,0.838889,633,45268,4.192053,299.788079,0.500000,4.285714,4.000000,5.000000,5.000000;5.000000;4.000000;4.000000;4.000000;4.000000;4.000000,12,1.000000,1,5.000000;5.000000;5.000000;5.000000;5.000000;5.000000,3.225975;0.425959;0.100773;nan;0.123173;nan,5.000000;5.000000;5.000000;5.000000;5.000000;5.000000,343,20828,248,22088,0,0,0,0,42,2352,0,0,0,0,0,0,0,0,0,0,0,0,0,0,0,0,0,0,graph_0001__pathPersistency_1.0000,pathPersistency,1.0,graph_0001,epoch_0004
trace,aodv,0.577050,0.577011,2570,2820,105,1044,1358,0.780556,0.039336,74.690681,360,281,15,0,0,500,1.561111,1044,49974,3.715302,177.843416,0.500000,4.285714,4.000000,5.000000,5.000000;5.000000;4.000000;4.000000;4.000000;4.000000;4.000000,12,1.000000,1,5.000000;5.000000;5.000000;5.000000;5.000000;5.000000,0.095333;1.418145;0.100773;0.111973;0.123173;0.482383,5.000000;5.000000;5.000000;5.000000;5.000000;5.000000,0,0,0,0,0,0,0,0,0,0,786,37728,99,5148,89,4272,59,2496,11,330,0,0,0,0,0,0,0,0,graph_0001__pathPersistency_1.0000,pathPersistency,1.0,graph_0001,epoch_0004
trace,static,0.187854,0.187742,867,675,105,0,0,0.466667,0.023421,73.107027,360,168,0,0,0,93,0.933333,0,0,0.000000,0.000000,0.500000,4.285714,4.000000,5.000000,5.000000;5.000000;4.000000;4.000000;4.000000;4.000000;4.000000,12,1.000000,1,5.000000;5.000000;5.000000;5.000000;5.000000;5.000000,0.104309;0.098549;0.109749;0.178294;0.132149;0.143079,5.000000;5.000000;5.000000;5.000000;5.000000;5.000000,0,0,0,0,0,0,0,0,0,0,0,0,0,0,0,0,0,0,0,0,0,0,0,0,0,0,0,0,graph_0001__pathPersistency_1.0000,pathPersistency,1.0,graph_0001,epoch_0004
trace,olsr,0.461253,0.461188,1572,1655,105,603,875,0.416667,0.020914,69.426916,360,150,1,0,0,498,0.833333,603,43920,4.020000,292.800000,0.500000,4.285714,4.000000,5.000000,5.000000;5.000000;4.000000;4.000000;4.000000;4.000000;4.000000,12,1.000000,1,5.000000;5.000000;5.000000;5.000000;5.000000;5.000000,0.095333;0.089573;0.100773;0.111973;2.279751;1.281253,5.000000;5.000000;5.000000;5.000000;5.000000;5.000000,345,20856,258,23064,0,0,0,0,0,0,0,0,0,0,0,0,0,0,0,0,0,0,0,0,0,0,0,0,graph_0001__pathPersistency_1.0000,pathPersistency,1.0,graph_0001,epoch_0005
trace,aodv,0.522935,0.522904,2360,2573,105,1013,1266,0.663889,0.034014,75.741348,360,239,25,56,0,569,1.327778,1013,48390,4.238494,202.468619,0.500000,4.285714,4.000000,5.000000,5.000000;5.000000;4.000000;4.000000;4.000000;4.000000;4.000000,12,1.000000,1,5.000000;5.000000;5.000000;5.000000;5.000000;5.000000,0.095333;1.911220;nan;0.111973;0.123173;0.472123,5.000000;5.000000;5.000000;5.000000;5.000000;5.000000,0,0,0,0,0,0,0,0,0,0,795,38160,83,4316,58,2784,70,2920,7,210,0,0,0,0,0,0,0,0,graph_0001__pathPersistency_1.0000,pathPersistency,1.0,graph_0001,epoch_0005
trace,static,0.192084,0.192054,867,675,105,0,0,0.466667,0.023423,73.107070,360,168,0,0,0,93,0.933333,0,0,0.000000,0.000000,0.500000,4.285714,4.000000,5.000000,5.000000;5.000000;4.000000;4.000000;4.000000;4.000000;4.000000,12,1.000000,1,5.000000;5.000000;5.000000;5.000000;5.000000;5.000000,0.104309;0.098549;0.109749;0.179674;0.132149;0.143079,5.000000;5.000000;5.000000;5.000000;5.000000;5.000000,0,0,0,0,0,0,0,0,0,0,0,0,0,0,0,0,0,0,0,0,0,0,0,0,0,0,0,0,graph_0001__pathPersistency_1.0000,pathPersistency,1.0,graph_0001,epoch_0005
trace,olsr,0.456859,0.456687,1677,1816,105,610,907,0.547222,0.027466,73.688623,360,197,0,0,0,450,1.094444,610,45164,3.096447,229.258883,0.500000,4.285714,4.000000,5.000000,5.000000;5.000000;4.000000;4.000000;4.000000;4.000000;4.000000,12,1.000000,1,5.000000;5.000000;5.000000;5.000000;5.000000;5.000000,0.095333;0.089573;0.100773;nan;0.123173;0.134373,5.000000;5.000000;5.000000;5.000000;5.000000;5.000000,345,21136,265,24028,0,0,0,0,0,0,0,0,0,0,0,0,0,0,0,0,0,0,0,0,0,0,0,0,graph_0001__pathPersistency_1.0000,pathPersistency,1.0,graph_0001,epoch_0002
trace,aodv,0.578403,0.578344,2598,2872,105,1122,1446,0.766667,0.038635,75.440287,360,276,34,0,0,513,1.533333,1122,53286,4.065217,193.065217,0.500000,4.285714,4.000000,5.000000,5.000000;5.000000;4.000000;4.000000;4.000000;4.000000;4.000000,12,1.000000,1,5.000000;5.000000;5.000000;5.000000;5.000000;5.000000,0.095333;1.421065;0.100773;0.123068;0.123173;0.478607,5.000000;5.000000;5.000000;5.000000;5.000000;5.000000,0,0,0,0,0,0,0,0,0,0,775,37200,117,6084,98,4704,121,4968,11,330,0,0,0,0,0,0,0,0,graph_0001__pathPersistency_1.0000,pathPersistency,1.0,graph_0001,epoch_0002
trace,static,0.186973,0.186941,867,675,105,0,0,0.466667,0.023423,73.107101,360,168,0,0,0,93,0.933333,0,0,0.000000,0.000000,0.500000,4.285714,4.000000,5.000000,5.000000;5.000000;4.000000;4.000000;4.000000;4.000000;4.000000,12,1.000000,1,5.000000;5.000000;5.000000;5.000000;5.000000;5.000000,0.104309;0.098549;0.109749;0.184994;0.132149;0.143079,5.000000;5.000000;5.000000;5.000000;5.000000;5.000000,0,0,0,0,0,0,0,0,0,0,0,0,0,0,0,0,0,0,0,0,0,0,0,0,0,0,0,0,graph_0001__pathPersistency_1.0000,pathPersistency,1.0,graph_0001,epoch_0002
trace,olsr,0.367422,0.367419,1307,1365,105,587,837,0.272222,0.013739,67.758073,360,98,16,0,0,395,0.544444,587,41508,5.989796,423.551020,0.500000,4.285714,4.000000,5.000000,5.000000;5.000000;4.000000;4.000000;4.000000;4.000000;4.000000,12,0.608696,1,5.000000;5.000000;5.000000;5.000000;5.000000;5.000000,0.095333;0.089573;0.273829;nan;nan;0.143349,5.000000;5.000000;5.000000;5.000000;5.000000;5.000000,345,20872,242,20636,0,0,0,0,0,0,0,0,0,0,0,0,0,0,0,0,0,0,0,0,0,0,0,0,graph_0001__pathPersistency_0.2500,pathPersistency,0.25,graph_0001,epoch_0001
trace,aodv,0.617408,0.617259,2664,2945,105,1226,1539,0.752778,0.038035,74.959712,360,271,57,0,0,632,1.505556,1226,58120,4.523985,214.464945,0.500000,4.285714,4.000000,5.000000,5.000000;5.000000;4.000000;4.000000;4.000000;4.000000;4.000000,12,0.608696,1,5.000000;5.000000;5.000000;5.000000;5.000000;5.000000,0.095333;0.089573;0.100773;0.467524;0.641458;0.134373,5.000000;5.000000;5.000000;5.000000;5.000000;5.000000,0,0,0,0,0,0,0,0,0,0,757,36336,160,8320,133,6384,156,6480,20,600,0,0,0,0,0,0,0,0,graph_0001__pathPersistency_0.2500,pathPersistency,0.25,graph_0001,epoch_0001
trace,static,0.189363,0.189340,837,632,105,0,0,0.430556,0.021608,73.083442,360,155,0,0,0,124,0.861111,0,0,0.000000,0.000000,0.500000,4.285714,4.000000,5.000000,5.000000;5.000000;4.000000;4.000000;4.000000;4.000000;4.000000,12,0.608696,1,5.000000;5.000000;5.000000;5.000000;5.000000;5.000000,0.104039;0.098549;0.109809;0.129925;0.131879;0.143349,5.000000;5.000000;5.000000;5.000000;5.000000;5.000000,0,0,0,0,0,0,0,0,0,0,0,0,0,0,0,0,0,0,0,0,0,0,0,0,0,0,0,0,graph_0001__pathPersistency_0.2500,pathPersistency,0.25,graph_0001,epoch_0001
trace,olsr,0.459503,0.459392,1631,1726,105,597,855,0.500000,0.025241,76.241709,360,180,6,0,0,479,1.000000,597,42168,3.316667,234.266667,0.500000,4.285714,4.000000,5.000000,5.000000;5.000000;4.000000;4.000000;4.000000;4.000000;4.000000,12,0.608696,1,5.000000;5.000000;5.000000;5.000000;5.000000;5.000000,0.095333;0.089573;0.290745;0.284989;0.123173;0.134373,5.000000;5.000000;5.000000;5.000000;5.000000;5.000000,348,21032,249,21136,0,0,0,0,0,0,0,0,0,0,0,0,0,0,0,0,0,0,0,0,0,0,0,0,graph_0001__pathPersistency_0.2500,pathPersistency,0.25,graph_0001,epoch_0003
trace,aodv,0.546673,0.546579,2436,2657,105,1146,1430,0.636111,0.032235,74.106955,360,229,12,56,0,584,1.272222,1146,54702,5.004367,238.873362,0.500000,4.285714,4.000000,5.000000,5.000000;5.000000;4.000000;4.000000;4.000000;4.000000;4.000000,12,0.608696,1,5.000000;5.000000;5.000000;5.000000;5.000000;5.000000,0.095333;0.089573;0.100773;nan;0.637072;0.134373,5.000000;5.000000;5.000000;5.000000;5.000000;5.000000,0,0,0,0,0,0,0,0,0,0,773,37104,138,7176,121,5808,93,3984,21,630,0,0,0,0,0,0,0,0,graph_0001__pathPersistency_0.2500,pathPersistency,0.25,graph_0001,epoch_0003
trace,static,0.189134,0.189120,838,633,105,0,0,0.430556,0.021614,73.083557,360,155,0,0,0,126,0.861111,0,0,0.000000,0.000000,0.500000,4.285714,4.000000,5.000000,5.000000;5.000000;4.000000;4.000000;4.000000;4.000000;4.000000,12,0.608696,1,5.000000;5.000000;5.000000;5.000000;5.000000;5.000000,0.104039;0.098549;0.109809;0.129925;0.131879;0.143349,5.000000;5.000000;5.000000;5.000000;5.000000;5.000000,0,0,0,0,0,0,0,0,0,0,0,0,0,0,0,0,0,0,0,0,0,0,0,0,0,0,0,0,graph_0001__pathPersistency_0.2500,pathPersistency,0.25,graph_0001,epoch_0003
trace,olsr,0.360771,0.360654,1324,1437,105,572,806,0.369444,0.018645,76.903615,360,133,2,0,0,367,0.738889,572,40000,4.300752,300.751880,0.500000,4.285714,4.000000,5.000000,5.000000;5.000000;4.000000;4.000000;4.000000;4.000000;4.000000,12,0.608696,1,5.000000;5.000000;5.000000;5.000000;5.000000;5.000000,0.095333;0.089573;nan;2.632974;0.123173;0.134373,5.000000;5.000000;5.000000;5.000000;5.000000;5.000000,350,21268,222,18732,0,0,0,0,0,0,0,0,0,0,0,0,0,0,0,0,0,0,0,0,0,0,0,0,graph_0001__pathPersistency_0.2500,pathPersistency,0.25,graph_0001,epoch_0004
trace,aodv,0.499115,0.499089,2267,2567,105,1102,1427,0.605556,0.030689,75.327147,360,218,5,112,0,498,1.211111,1102,52906,5.055046,242.688073,0.500000,4.285714,4.000000,5.000000,5.000000;5.000000;4.000000;4.000000;4.000000;4.000000;4.000000,12,0.608696,1,5.000000;5.000000;5.000000;5.000000;5.000000;5.000000,0.095333;nan;0.100773;nan;0.634548;0.134373,5.000000;5.000000;5.000000;5.000000;5.000000;5.000000,0,0,0,0,0,0,0,0,0,0,763,36624,148,7696,99,4752,77,3384,15,450,0,0,0,0,0,0,0,0,graph_0001__pathPersistency_0.2500,pathPersistency,0.25,graph_0001,epoch_0004
trace,static,0.190902,0.190867,836,631,105,0,0,0.430556,0.021609,73.083390,360,155,0,0,0,122,0.861111,0,0,0.000000,0.000000,0.500000,4.285714,4.000000,5.000000,5.000000;5.000000;4.000000;4.000000;4.000000;4.000000;4.000000,12,0.608696,1,5.000000;5.000000;5.000000;5.000000;5.000000;5.000000,0.104039;0.098549;0.109809;0.120949;0.131879;0.143349,5.000000;5.000000;5.000000;5.000000;5.000000;5.000000,0,0,0,0,0,0,0,0,0,0,0,0,0,0,0,0,0,0,0,0,0,0,0,0,0,0,0,0,graph_0001__pathPersistency_0.2500,pathPersistency,0.25,graph_0001,epoch_0004
trace,olsr,0.433194,0.432702,1506,1572,105,578,817,0.411111,0.020751,76.638334,360,148,13,0,0,494,0.822222,578,40828,3.905405,275.864865,0.500000,4.285714,4.000000,5.000000,5.000000;5.000000;4.000000;4.000000;4.000000;4.000000;4.000000,12,0.608696,1,5.000000;5.000000;5.000000;5.000000;5.000000;5.000000,0.095333;0.089573;nan;1.440645;0.123173;0.134373,5.000000;5.000000;5.000000;5.000000;5.000000;5.000000,348,21212,230,19616,0,0,0,0,0,0,0,0,0,0,0,0,0,0,0,0,0,0,0,0,0,0,0,0,graph_0001__pathPersistency_0.2500,pathPersistency,0.25,graph_0001,epoch_0005
trace,aodv,0.558653,0.558040,2467,2699,105,1175,1445,0.655556,0.033614,76.116322,360,236,30,56,0,592,1.311111,1175,55974,4.978814,237.177966,0.500000,4.285714,4.000000,5.000000,5.000000;5.000000;4.000000;4.000000;4.000000;4.000000;4.000000,12,0.608696,1,5.000000;5.000000;5.000000;5.000000;5.000000;5.000000,0.095333;0.089573;nan;0.461040;0.123173;0.134373,5.000000;5.000000;5.000000;5.000000;5.000000;5.000000,0,0,0,0,0,0,0,0,0,0,761,36528,151,7852,132,6336,112,4688,19,570,0,0,0,0,0,0,0,0,graph_0001__pathPersistency_0.2500,pathPersistency,0.25,graph_0001,epoch_0005
trace,static,0.190451,0.190179,840,636,105,0,0,0.433333,0.021750,73.094270,360,156,0,0,0,125,0.866667,0,0,0.000000,0.000000,0.500000,4.285714,4.000000,5.000000,5.000000;5.000000;4.000000;4.000000;4.000000;4.000000;4.000000,12,0.608696,1,5.000000;5.000000;5.000000;5.000000;5.000000;5.000000,0.104039;0.098549;0.109809;0.121109;0.131879;0.143349,5.000000;5.000000;5.000000;5.000000;5.000000;5.000000,0,0,0,0,0,0,0,0,0,0,0,0,0,0,0,0,0,0,0,0,0,0,0,0,0,0,0,0,graph_0001__pathPersistency_0.2500,pathPersistency,0.25,graph_0001,epoch_0005
trace,olsr,0.384404,0.384128,1361,1452,105,582,830,0.305556,0.016339,65.809995,360,110,67,0,0,438,0.611111,582,40436,5.290909,367.600000,0.500000,4.285714,4.000000,5.000000,5.000000;5.000000;4.000000;4.000000;4.000000;4.000000;4.000000,12,0.608696,1,5.000000;5.000000;5.000000;5.000000;5.000000;5.000000,0.097173;0.089573;0.437429;nan;3.408949;nan,5.000000;5.000000;5.000000;5.000000;5.000000;5.000000,348,21068,234,19368,0,0,0,0,0,0,0,0,0,0,0,0,0,0,0,0,0,0,0,0,0,0,0,0,graph_0001__pathPersistency_0.2500,pathPersistency,0.25,graph_0001,epoch_0002
trace,aodv,0.574422,0.573767,2476,2745,105,1143,1453,0.683333,0.034625,75.124972,360,246,17,56,0,497,1.366667,1143,54502,4.646341,221.552846,0.500000,4.285714,4.000000,5.000000,5.000000;5.000000;4.000000;4.000000;4.000000;4.000000;4.000000,12,0.608696,1,5.000000;5.000000;5.000000;5.000000;5.000000;5.000000,0.095333;0.116903;nan;0.459940;0.646240;0.134373,5.000000;5.000000;5.000000;5.000000;5.000000;5.000000,0,0,0,0,0,0,0,0,0,0,760,36480,148,7696,118,5664,96,4032,21,630,0,0,0,0,0,0,0,0,graph_0001__pathPersistency_0.2500,pathPersistency,0.25,graph_0001,epoch_0002
trace,static,0.190623,0.190464,837,632,105,0,0,0.430556,0.021611,73.083447,360,155,0,0,0,123,0.861111,0,0,0.000000,0.000000,0.500000,4.285714,4.000000,5.000000,5.000000;5.000000;4.000000;4.000000;4.000000;4.000000;4.000000,12,0.608696,1,5.000000;5.000000;5.000000;5.000000;5.000000;5.000000,0.104039;0.098549;0.109809;0.129925;0.131879;0.143349,5.000000;5.000000;5.000000;5.000000;5.000000;5.000000,0,0,0,0,0,0,0,0,0,0,0,0,0,0,0,0,0,0,0,0,0,0,0,0,0,0,0,0,graph_0001__pathPersistency_0.2500,pathPersistency,0.25,graph_0001,epoch_0002
trace,olsr,0.408801,0.408528,1346,1398,105,572,858,0.230556,0.011974,68.773828,360,83,0,0,0,352,0.461111,572,40036,6.891566,482.361446,0.500000,4.285714,4.000000,5.000000,5.000000;5.000000;4.000000;4.000000;4.000000;4.000000;4.000000,12,0.826087,1,5.000000;5.000000;5.000000;5.000000;5.000000;5.000000,nan;0.471966;2.257351;0.302471;1.296711;0.251603,5.000000;5.000000;5.000000;5.000000;5.000000;5.000000,347,21344,225,18692,0,0,0,0,0,0,0,0,0,0,0,0,0,0,0,0,0,0,0,0,0,0,0,0,graph_0004__pathPersistency_0.5000,pathPersistency,0.5,graph_0004,epoch_0001
trace,aodv,0.495001,0.494564,2218,2580,105,1077,1473,0.583333,0.034181,72.811064,360,210,11,56,0,390,1.166667,1077,51534,5.128571,245.400000,0.500000,4.285714,4.000000,5.000000,5.000000;5.000000;4.000000;4.000000;4.000000;4.000000;4.000000,12,0.826087,1,5.000000;5.000000;5.000000;5.000000;5.000000;5.000000,0.095333;nan;1.427390;0.463884;0.123173;nan,5.000000;5.000000;5.000000;5.000000;5.000000;5.000000,0,0,0,0,0,0,0,0,0,0,765,36720,130,6760,89,4272,76,3272,17,510,0,0,0,0,0,0,0,0,graph_0004__pathPersistency_0.5000,pathPersistency,0.5,graph_0004,epoch_0001
trace,static,0.189626,0.189485,853,655,105,0,0,0.450000,0.022589,72.634568,360,162,0,0,0,95,0.900000,0,0,0.000000,0.000000,0.500000,4.285714,4.000000,5.000000,5.000000;5.000000;4.000000;4.000000;4.000000;4.000000;4.000000,12,0.826087,1,5.000000;5.000000;5.000000;5.000000;5.000000;5.000000,0.153714;0.098549;0.109749;0.120949;0.132149;0.143349,5.000000;5.000000;5.000000;5.000000;5.000000;5.000000,0,0,0,0,0,0,0,0,0,0,0,0,0,0,0,0,0,0,0,0,0,0,0,0,0,0,0,0,graph_0004__pathPersistency_0.5000,pathPersistency,0.5,graph_0004,epoch_0001
trace,olsr,0.393019,0.392991,1368,1446,105,569,846,0.327778,0.016451,77.560513,360,118,1,0,0,350,0.655556,569,39312,4.822034,333.152542,0.500000,4.285714,4.000000,5.000000,5.000000;5.000000;4.000000;4.000000;4.000000;4.000000;4.000000,12,0.826087,1,5.000000;5.000000;5.000000;5.000000;5.000000;5.000000,nan;0.962008;1.438151;0.111973;0.287013;0.324871,5.000000;5.000000;5.000000;5.000000;5.000000;5.000000,351,21624,218,17688,0,0,0,0,0,0,0,0,0,0,0,0,0,0,0,0,0,0,0,0,0,0,0,0,graph_0004__pathPersistency_0.5000,pathPersistency,0.5,graph_0004,epoch_0003
trace,aodv,0.488121,0.488098,2218,2591,105,1112,1515,0.547222,0.032055,71.258122,360,197,28,56,0,429,1.094444,1112,53116,5.644670,269.624365,0.500000,4.285714,4.000000,5.000000,5.000000;5.000000;4.000000;4.000000;4.000000;4.000000;4.000000,12,0.826087,1,5.000000;5.000000;5.000000;5.000000;5.000000;5.000000,0.095333;nan;1.416828;0.111973;0.123173;nan,5.000000;5.000000;5.000000;5.000000;5.000000;5.000000,0,0,0,0,0,0,0,0,0,0,769,36912,136,7072,79,3792,113,4864,14,420,1,56,0,0,0,0,0,0,graph_0004__pathPersistency_0.5000,pathPersistency,0.5,graph_0004,epoch_0003
trace,static,0.187465,0.187354,853,655,105,0,0,0.450000,0.022586,72.634523,360,162,0,0,0,94,0.900000,0,0,0.000000,0.000000,0.500000,4.285714,4.000000,5.000000,5.000000;5.000000;4.000000;4.000000;4.000000;4.000000;4.000000,12,0.826087,1,5.000000;5.000000;5.000000;5.000000;5.000000;5.000000,0.154108;0.098549;0.109749;0.120949;0.132149;0.143349,5.000000;5.000000;5.000000;5.000000;5.000000;5.000000,0,0,0,0,0,0,0,0,0,0,0,0,0,0,0,0,0,0,0,0,0,0,0,0,0,0,0,0,graph_0004__pathPersistency_0.5000,pathPersistency,0.5,graph_0004,epoch_0003
trace,olsr,0.409899,0.409866,1396,1478,105,569,855,0.308333,0.015476,77.237775,360,111,0,0,0,332,0.616667,569,39924,5.126126,359.675676,0.500000,4.285714,4.000000,5.000000,5.000000;5.000000;4.000000;4.000000;4.000000;4.000000;4.000000,12,0.826087,1,5.000000;5.000000;5.000000;5.000000;5.000000;5.000000,nan;1.128394;1.931511;0.111973;0.123173;0.248779,5.000000;5.000000;5.000000;5.000000;5.000000;5.000000,350,21536,217,18276,0,0,0,0,2,112,0,0,0,0,0,0,0,0,0,0,0,0,0,0,0,0,0,0,graph_0004__pathPersistency_0.5000,pathPersistency,0.5,graph_0004,epoch_0004
trace,aodv,0.499889,0.499756,2231,2597,105,1083,1487,0.588889,0.034504,72.689891,360,212,5,56,0,435,1.177778,1083,51994,5.108491,245.254717,0.500000,4.285714,4.000000,5.000000,5.000000;5.000000;4.000000;4.000000;4.000000;4.000000;4.000000,12,0.826087,1,5.000000;5.000000;5.000000;5.000000;5.000000;5.000000,0.095333;nan;1.415747;0.786992;0.123173;nan,5.000000;5.000000;5.000000;5.000000;5.000000;5.000000,0,0,0,0,0,0,0,0,0,0,768,36864,129,6708,84,4032,88,3944,13,390,1,56,0,0,0,0,0,0,graph_0004__pathPersistency_0.5000,pathPersistency,0.5,graph_0004,epoch_0004
trace,static,0.190135,0.190122,853,655,105,0,0,0.450000,0.022587,72.634536,360,162,0,0,0,95,0.900000,0,0,0.000000,0.000000,0.500000,4.285714,4.000000,5.000000,5.000000;5.000000;4.000000;4.000000;4.000000;4.000000;4.000000,12,0.826087,1,5.000000;5.000000;5.000000;5.000000;5.000000;5.000000,0.152694;0.098549;0.109749;0.120949;0.132149;0.143349,5.000000;5.000000;5.000000;5.000000;5.000000;5.000000,0,0,0,0,0,0,0,0,0,0,0,0,0,0,0,0,0,0,0,0,0,0,0,0,0,0,0,0,graph_0004__pathPersistency_0.5000,pathPersistency,0.5,graph_0004,epoch_0004
trace,olsr,0.440234,0.440162,1489,1563,105,576,854,0.333333,0.016730,77.400029,360,120,2,0,0,361,0.666667,576,39972,4.800000,333.100000,0.500000,4.285714,4.000000,5.000000,5.000000;5.000000;4.000000;4.000000;4.000000;4.000000;4.000000,12,0.826087,1,5.000000;5.000000;5.000000;5.000000;5.000000;5.000000,nan;0.639974;2.257351;0.111973;0.123173;0.134373,5.000000;5.000000;5.000000;5.000000;5.000000;5.000000,350,21680,224,18180,0,0,0,0,2,112,0,0,0,0,0,0,0,0,0,0,0,0,0,0,0,0,0,0,graph_0004__pathPersistency_0.5000,pathPersistency,0.5,graph_0004,epoch_0005
trace,aodv,0.484201,0.484083,2238,2553,105,1065,1429,0.561111,0.032873,70.470555,360,202,4,56,0,441,1.122222,1065,51004,5.272277,252.495050,0.500000,4.285714,4.000000,5.000000,5.000000;5.000000;4.000000;4.000000;4.000000;4.000000;4.000000,12,0.826087,1,5.000000;5.000000;5.000000;5.000000;5.000000;5.000000,0.095333;nan;1.444658;0.111973;0.123173;nan,5.000000;5.000000;5.000000;5.000000;5.000000;5.000000,0,0,0,0,0,0,0,0,0,0,769,36912,129,6708,77,3696,74,3208,16,480,0,0,0,0,0,0,0,0,graph_0004__pathPersistency_0.5000,pathPersistency,0.5,graph_0004,epoch_0005
trace,static,0.191180,0.191142,853,655,105,0,0,0.450000,0.022586,72.634523,360,162,0,0,0,94,0.900000,0,0,0.000000,0.000000,0.500000,4.285714,4.000000,5.000000,5.000000;5.000000;4.000000;4.000000;4.000000;4.000000;4.000000,12,0.826087,1,5.000000;5.000000;5.000000;5.000000;5.000000;5.000000,0.152794;0.098549;0.109749;0.120949;0.132149;0.143349,5.000000;5.000000;5.000000;5.000000;5.000000;5.000000,0,0,0,0,0,0,0,0,0,0,0,0,0,0,0,0,0,0,0,0,0,0,0,0,0,0,0,0,graph_0004__pathPersistency_0.5000,pathPersistency,0.5,graph_0004,epoch_0005
trace,olsr,0.354364,0.354317,1254,1375,105,569,852,0.277778,0.014506,76.468924,360,100,0,0,0,290,0.555556,569,39816,5.690000,398.160000,0.500000,4.285714,4.000000,5.000000,5.000000;5.000000;4.000000;4.000000;4.000000;4.000000;4.000000,12,0.826087,1,5.000000;5.000000;5.000000;5.000000;5.000000;5.000000,nan;nan;2.421191;0.111973;0.123173;0.134373,5.000000;5.000000;5.000000;5.000000;5.000000;5.000000,349,21568,220,18248,0,0,0,0,0,0,0,0,0,0,0,0,0,0,0,0,0,0,0,0,0,0,0,0,graph_0004__pathPersistency_0.5000,pathPersistency,0.5,graph_0004,epoch_0002
trace,aodv,0.534104,0.534059,2393,2734,105,1108,1518,0.633333,0.032454,76.510884,360,228,7,56,0,460,1.266667,1108,53152,4.859649,233.122807,0.500000,4.285714,4.000000,5.000000,5.000000;5.000000;4.000000;4.000000;4.000000;4.000000;4.000000,12,0.826087,1,5.000000;5.000000;5.000000;5.000000;5.000000;5.000000,0.095333;nan;1.421814;0.798908;0.123173;0.134373,5.000000;5.000000;5.000000;5.000000;5.000000;5.000000,0,0,0,0,0,0,0,0,0,0,767,36816,144,7488,92,4416,88,3896,16,480,1,56,0,0,0,0,0,0,graph_0004__pathPersistency_0.5000,pathPersistency,0.5,graph_0004,epoch_0002
trace,static,0.185619,0.185511,853,655,105,0,0,0.450000,0.022583,72.634482,360,162,0,0,0,95,0.900000,0,0,0.000000,0.000000,0.500000,4.285714,4.000000,5.000000,5.000000;5.000000;4.000000;4.000000;4.000000;4.000000;4.000000,12,0.826087,1,5.000000;5.000000;5.000000;5.000000;5.000000;5.000000,0.154794;0.098549;0.109749;0.120949;0.132149;0.143349,5.000000;5.000000;5.000000;5.000000;5.000000;5.000000,0,0,0,0,0,0,0,0,0,0,0,0,0,0,0,0,0,0,0,0,0,0,0,0,0,0,0,0,graph_0004__pathPersistency_0.5000,pathPersistency,0.5,graph_0004,epoch_0002
