kind,t
tx,0.100000
tx,0.108192
tx,0.116384
tx,0.124576
tx,0.132768
tx,0.140960
tx,0.149152
tx,0.157344
tx,0.165536
tx,0.173728
tx,0.181920
tx,0.190112
tx,0.198304
tx,0.206496
tx,0.214688
tx,0.222880
tx,0.231072
tx,0.239264
tx,0.247456
tx,0.255648
tx,0.263840
tx,0.272032
tx,0.280224
tx,0.288416
tx,0.296608
tx,0.304800
tx,0.312992
tx,0.321184
tx,0.329376
tx,0.337568
tx,0.345760
tx,0.353952
tx,0.362144
tx,0.370336
tx,0.378528
tx,0.386720
tx,0.394912
tx,0.403104
tx,0.411296
tx,0.419488
tx,0.427680
tx,0.435872
tx,0.444064
tx,0.452256
tx,0.460448
tx,0.468640
tx,0.476832
tx,0.485024
tx,0.493216
tx,0.501408
tx,0.509600
tx,0.517792
tx,0.525984
tx,0.534176
tx,0.542368
tx,0.550560
tx,0.558752
tx,0.566944
tx,0.575136
tx,0.583328
tx,0.591520
tx,0.599712
tx,0.607904
tx,0.616096
tx,0.624288
tx,0.632480
tx,0.640672
tx,0.648864
tx,0.657056
tx,0.665248
tx,0.673440
tx,0.681632
tx,0.689824
tx,0.698016
tx,0.706208
tx,0.714400
tx,0.722592
tx,0.730784
tx,0.738976
tx,0.747168
tx,0.755360
tx,0.763552
tx,0.771744
tx,0.779936
tx,0.788128
tx,0.796320
tx,0.804512
tx,0.812704
tx,0.820896
tx,0.829088
tx,0.837280
tx,0.845472
tx,0.853664
tx,0.861856
tx,0.870048
tx,0.878240
tx,0.886432
tx,0.894624
tx,0.902816
tx,0.911008
tx,0.919200
tx,0.927392
tx,0.935584
tx,0.943776
tx,0.951968
tx,0.960160
tx,0.968352
tx,0.976544
tx,0.984736
tx,0.992928
tx,1.001120
tx,1.009312
tx,1.017504
tx,1.025696
tx,1.033888
tx,1.042080
tx,1.050272
tx,1.058464
tx,1.066656
tx,1.074848
tx,1.083040
tx,1.091232
tx,1.099424
tx,1.107616
tx,1.115808
tx,1.124000
tx,1.132192
tx,1.140384
tx,1.148576
tx,1.156768
tx,1.164960
tx,1.173152
tx,1.181344
tx,1.189536
tx,1.197728
tx,1.205920
tx,1.214112
tx,1.222304
tx,1.230496
tx,1.238688
tx,1.246880
tx,1.255072
tx,1.263264
tx,1.271456
tx,1.279648
tx,1.287840
tx,1.296032
tx,1.304224
tx,1.312416
tx,1.320608
tx,1.328800
tx,1.336992
tx,1.345184
tx,1.353376
tx,1.361568
tx,1.369760
tx,1.377952
tx,1.386144
tx,1.394336
tx,1.402528
tx,1.410720
tx,1.418912
tx,1.427104
tx,1.435296
tx,1.443488
tx,1.451680
tx,1.459872
tx,1.468064
tx,1.476256
tx,1.484448
tx,1.492640
tx,1.500832
tx,1.509024
tx,1.517216
tx,1.525408
tx,1.533600
tx,1.541792
tx,1.549984
tx,1.558176
tx,1.566368
tx,1.574560
tx,1.582752
tx,1.590944
tx,1.599136
tx,1.607328
tx,1.615520
tx,1.623712
tx,1.631904
tx,1.640096
tx,1.648288
tx,1.656480
tx,1.664672
tx,1.672864
tx,1.681056
tx,1.689248
tx,1.697440
tx,1.705632
tx,1.713824
tx,1.722016
tx,1.730208
tx,1.738400
tx,1.746592
tx,1.754784
tx,1.762976
tx,1.771168
tx,1.779360
tx,1.787552
tx,1.795744
tx,1.803936
tx,1.812128
tx,1.820320
tx,1.828512
tx,1.836704
tx,1.844896
tx,1.853088
tx,1.861280
tx,1.869472
tx,1.877664
tx,1.885856
tx,1.894048
tx,1.902240
tx,1.910432
tx,1.918624
tx,1.926816
tx,1.935008
tx,1.943200
tx,1.951392
tx,1.959584
tx,1.967776
tx,1.975968
tx,1.984160
tx,1.992352
tx,2.000544
tx,2.008736
tx,2.016928
tx,2.025120
tx,2.033312
tx,2.041504
tx,2.049696
tx,2.057888
tx,2.066080
tx,2.074272
tx,2.082464
tx,2.090656
tx,2.098848
tx,2.107040
tx,2.115232
tx,2.123424
tx,2.131616
tx,2.139808
tx,2.148000
tx,2.156192
tx,2.164384
tx,2.172576
tx,2.180768
tx,2.188960
tx,2.197152
tx,2.205344
tx,2.213536
tx,2.221728
tx,2.229920
tx,2.238112
tx,2.246304
tx,2.254496
tx,2.262688
tx,2.270880
tx,2.279072
tx,2.287264
tx,2.295456
tx,2.303648
tx,2.311840
tx,2.320032
tx,2.328224
tx,2.336416
tx,2.344608
tx,2.352800
tx,2.360992
tx,2.369184
tx,2.377376
tx,2.385568
tx,2.393760
tx,2.401952
tx,2.410144
tx,2.418336
tx,2.426528
tx,2.434720
tx,2.442912
tx,2.451104
tx,2.459296
tx,2.467488
tx,2.475680
tx,2.483872
tx,2.492064
tx,2.500256
tx,2.508448
tx,2.516640
tx,2.524832
tx,2.533024
tx,2.541216
tx,2.549408
tx,2.557600
tx,2.565792
tx,2.573984
tx,2.582176
tx,2.590368
tx,2.598560
tx,2.606752
tx,2.614944
tx,2.623136
tx,2.631328
tx,2.639520
tx,2.647712
tx,2.655904
tx,2.664096
tx,2.672288
tx,2.680480
tx,2.688672
tx,2.696864
tx,2.705056
tx,2.713248
tx,2.721440
tx,2.729632
tx,2.737824
tx,2.746016
tx,2.754208
tx,2.762400
tx,2.770592
tx,2.778784
tx,2.786976
tx,2.795168
tx,2.803360
tx,2.811552
tx,2.819744
tx,2.827936
tx,2.836128
tx,2.844320
tx,2.852512
tx,2.860704
tx,2.868896
tx,2.877088
tx,2.885280
tx,2.893472
tx,2.901664
tx,2.909856
tx,2.918048
tx,2.926240
tx,2.934432
tx,2.942624
tx,2.950816
tx,2.959008
tx,2.967200
tx,2.975392
tx,2.983584
tx,2.991776
tx,2.999968
tx,3.008160
tx,3.016352
tx,3.024544
tx,3.032736
tx,3.040928
tx,3.049120
tx,3.057312
tx,3.065504
tx,3.073696
tx,3.081888
tx,3.090080
tx,3.098272
tx,3.106464
tx,3.114656
tx,3.122848
tx,3.131040
tx,3.139232
tx,3.147424
tx,3.155616
tx,3.163808
tx,3.172000
tx,3.180192
tx,3.188384
tx,3.196576
tx,3.204768
tx,3.212960
tx,3.221152
tx,3.229344
tx,3.237536
tx,3.245728
tx,3.253920
tx,3.262112
tx,3.270304
tx,3.278496
tx,3.286688
tx,3.294880
tx,3.303072
tx,3.311264
tx,3.319456
tx,3.327648
tx,3.335840
tx,3.344032
tx,3.352224
tx,3.360416
tx,3.368608
tx,3.376800
tx,3.384992
tx,3.393184
tx,3.401376
tx,3.409568
tx,3.417760
tx,3.425952
tx,3.434144
tx,3.442336
tx,3.450528
tx,3.458720
tx,3.466912
tx,3.475104
tx,3.483296
tx,3.491488
tx,3.499680
tx,3.507872
tx,3.516064
tx,3.524256
tx,3.532448
tx,3.540640
tx,3.548832
tx,3.557024
tx,3.565216
tx,3.573408
tx,3.581600
tx,3.589792
tx,3.597984
tx,3.606176
tx,3.614368
tx,3.622560
tx,3.630752
tx,3.638944
tx,3.647136
tx,3.655328
tx,3.663520
tx,3.671712
tx,3.679904
tx,3.688096
tx,3.696288
tx,3.704480
tx,3.712672
tx,3.720864
tx,3.729056
tx,3.737248
tx,3.745440
tx,3.753632
tx,3.761824
tx,3.770016
tx,3.778208
tx,3.786400
tx,3.794592
tx,3.802784
tx,3.810976
tx,3.819168
tx,3.827360
tx,3.835552
tx,3.843744
tx,3.851936
tx,3.860128
tx,3.868320
tx,3.876512
tx,3.884704
tx,3.892896
tx,3.901088
tx,3.909280
tx,3.917472
tx,3.925664
tx,3.933856
tx,3.942048
tx,3.950240
tx,3.958432
tx,3.966624
tx,3.974816
tx,3.983008
tx,3.991200
tx,3.999392
tx,4.007584
tx,4.015776
tx,4.023968
tx,4.032160
tx,4.040352
tx,4.048544
tx,4.056736
tx,4.064928
tx,4.073120
tx,4.081312
tx,4.089504
tx,4.097696
tx,4.105888
tx,4.114080
tx,4.122272
tx,4.130464
tx,4.138656
tx,4.146848
tx,4.155040
tx,4.163232
tx,4.171424
tx,4.179616
tx,4.187808
tx,4.196000
tx,4.204192
tx,4.212384
tx,4.220576
tx,4.228768
tx,4.236960
tx,4.245152
tx,4.253344
tx,4.261536
tx,4.269728
tx,4.277920
tx,4.286112
tx,4.294304
tx,4.302496
tx,4.310688
tx,4.318880
tx,4.327072
tx,4.335264
tx,4.343456
tx,4.351648
tx,4.359840
tx,4.368032
tx,4.376224
tx,4.384416
tx,4.392608
tx,4.400800
tx,4.408992
tx,4.417184
tx,4.425376
tx,4.433568
tx,4.441760
tx,4.449952
tx,4.458144
tx,4.466336
tx,4.474528
tx,4.482720
tx,4.490912
tx,4.499104
tx,4.507296
tx,4.515488
tx,4.523680
tx,4.531872
tx,4.540064
tx,4.548256
tx,4.556448
tx,4.564640
tx,4.572832
tx,4.581024
tx,4.589216
tx,4.597408
tx,4.605600
tx,4.613792
tx,4.621984
tx,4.630176
tx,4.638368
tx,4.646560
tx,4.654752
tx,4.662944
tx,4.671136
tx,4.679328
tx,4.687520
tx,4.695712
tx,4.703904
tx,4.712096
tx,4.720288
tx,4.728480
tx,4.736672
tx,4.744864
tx,4.753056
tx,4.761248
tx,4.769440
tx,4.777632
tx,4.785824
tx,4.794016
tx,4.802208
tx,4.810400
tx,4.818592
tx,4.826784
tx,4.834976
tx,4.843168
tx,4.851360
tx,4.859552
tx,4.867744
tx,4.875936
tx,4.884128
tx,4.892320
tx,4.900512
tx,4.908704
tx,4.916896
tx,4.925088
tx,4.933280
tx,4.941472
tx,4.949664
tx,4.957856
tx,4.966048
tx,4.974240
tx,4.982432
tx,4.990624
tx,4.998816
tx,5.007008
tx,5.015200
tx,5.023392
tx,5.031584
tx,5.039776
tx,5.047968
tx,5.056160
tx,5.064352
tx,5.072544
tx,5.080736
tx,5.088928
tx,5.097120
tx,5.105312
tx,5.113504
tx,5.121696
tx,5.129888
tx,5.138080
tx,5.146272
tx,5.154464
tx,5.162656
tx,5.170848
tx,5.179040
tx,5.187232
tx,5.195424
tx,5.203616
tx,5.211808
tx,5.220000
tx,5.228192
tx,5.236384
tx,5.244576
tx,5.252768
tx,5.260960
tx,5.269152
tx,5.277344
tx,5.285536
tx,5.293728
tx,5.301920
tx,5.310112
tx,5.318304
tx,5.326496
tx,5.334688
tx,5.342880
tx,5.351072
tx,5.359264
tx,5.367456
tx,5.375648
tx,5.383840
tx,5.392032
tx,5.400224
tx,5.408416
tx,5.416608
tx,5.424800
tx,5.432992
tx,5.441184
tx,5.449376
tx,5.457568
tx,5.465760
tx,5.473952
tx,5.482144
tx,5.490336
tx,5.498528
tx,5.506720
tx,5.514912
tx,5.523104
tx,5.531296
tx,5.539488
tx,5.547680
tx,5.555872
tx,5.564064
tx,5.572256
tx,5.580448
tx,5.588640
tx,5.596832
tx,5.605024
tx,5.613216
tx,5.621408
tx,5.629600
tx,5.637792
tx,5.645984
tx,5.654176
tx,5.662368
tx,5.670560
tx,5.678752
tx,5.686944
tx,5.695136
tx,5.703328
tx,5.711520
tx,5.719712
tx,5.727904
tx,5.736096
tx,5.744288
tx,5.752480
tx,5.760672
tx,5.768864
tx,5.777056
tx,5.785248
tx,5.793440
tx,5.801632
tx,5.809824
tx,5.818016
tx,5.826208
tx,5.834400
tx,5.842592
tx,5.850784
tx,5.858976
tx,5.867168
tx,5.875360
tx,5.883552
tx,5.891744
tx,5.899936
tx,5.908128
tx,5.916320
tx,5.924512
tx,5.932704
tx,5.940896
tx,5.949088
tx,5.957280
tx,5.965472
tx,5.973664
tx,5.981856
tx,5.990048
tx,5.998240
tx,6.006432
tx,6.014624
tx,6.022816
tx,6.031008
tx,6.039200
tx,6.047392
tx,6.055584
tx,6.063776
tx,6.071968
tx,6.080160
tx,6.088352
tx,6.096544
tx,6.104736
tx,6.112928
tx,6.121120
tx,6.129312
tx,6.137504
tx,6.145696
tx,6.153888
tx,6.162080
tx,6.170272
tx,6.178464
tx,6.186656
tx,6.194848
tx,6.203040
tx,6.211232
tx,6.219424
tx,6.227616
tx,6.235808
tx,6.244000
tx,6.252192
tx,6.260384
tx,6.268576
tx,6.276768
tx,6.284960
tx,6.293152
tx,6.301344
tx,6.309536
tx,6.317728
tx,6.325920
tx,6.334112
tx,6.342304
tx,6.350496
tx,6.358688
tx,6.366880
tx,6.375072
tx,6.383264
tx,6.391456
tx,6.399648
tx,6.407840
tx,6.416032
tx,6.424224
tx,6.432416
tx,6.440608
tx,6.448800
tx,6.456992
tx,6.465184
tx,6.473376
tx,6.481568
tx,6.489760
tx,6.497952
tx,6.506144
tx,6.514336
tx,6.522528
tx,6.530720
tx,6.538912
tx,6.547104
tx,6.555296
tx,6.563488
tx,6.571680
tx,6.579872
tx,6.588064
tx,6.596256
tx,6.604448
tx,6.612640
tx,6.620832
tx,6.629024
tx,6.637216
tx,6.645408
tx,6.653600
tx,6.661792
tx,6.669984
tx,6.678176
tx,6.686368
tx,6.694560
tx,6.702752
tx,6.710944
tx,6.719136
tx,6.727328
tx,6.735520
tx,6.743712
tx,6.751904
tx,6.760096
tx,6.768288
tx,6.776480
tx,6.784672
tx,6.792864
tx,6.801056
tx,6.809248
tx,6.817440
tx,6.825632
tx,6.833824
tx,6.842016
tx,6.850208
tx,6.858400
tx,6.866592
tx,6.874784
tx,6.882976
tx,6.891168
tx,6.899360
tx,6.907552
tx,6.915744
tx,6.923936
tx,6.932128
tx,6.940320
tx,6.948512
tx,6.956704
tx,6.964896
tx,6.973088
tx,6.981280
tx,6.989472
tx,6.997664
tx,7.005856
tx,7.014048
tx,7.022240
tx,7.030432
tx,7.038624
tx,7.046816
tx,7.055008
tx,7.063200
tx,7.071392
tx,7.079584
tx,7.087776
tx,7.095968
tx,7.104160
tx,7.112352
tx,7.120544
tx,7.128736
tx,7.136928
tx,7.145120
tx,7.153312
tx,7.161504
tx,7.169696
tx,7.177888
tx,7.186080
tx,7.194272
tx,7.202464
tx,7.210656
tx,7.218848
tx,7.227040
tx,7.235232
tx,7.243424
tx,7.251616
tx,7.259808
tx,7.268000
tx,7.276192
tx,7.284384
tx,7.292576
tx,7.300768
tx,7.308960
tx,7.317152
tx,7.325344
tx,7.333536
tx,7.341728
tx,7.349920
tx,7.358112
tx,7.366304
tx,7.374496
tx,7.382688
tx,7.390880
tx,7.399072
tx,7.407264
tx,7.415456
tx,7.423648
tx,7.431840
tx,7.440032
tx,7.448224
tx,7.456416
tx,7.464608
tx,7.472800
tx,7.480992
tx,7.489184
tx,7.497376
tx,7.505568
tx,7.513760
tx,7.521952
tx,7.530144
tx,7.538336
tx,7.546528
tx,7.554720
tx,7.562912
tx,7.571104
tx,7.579296
tx,7.587488
tx,7.595680
tx,7.603872
tx,7.612064
tx,7.620256
tx,7.628448
tx,7.636640
tx,7.644832
tx,7.653024
tx,7.661216
tx,7.669408
tx,7.677600
tx,7.685792
tx,7.693984
tx,7.702176
tx,7.710368
tx,7.718560
tx,7.726752
tx,7.734944
tx,7.743136
tx,7.751328
tx,7.759520
tx,7.767712
tx,7.775904
tx,7.784096
tx,7.792288
tx,7.800480
tx,7.808672
tx,7.816864
tx,7.825056
tx,7.833248
tx,7.841440
tx,7.849632
tx,7.857824
tx,7.866016
tx,7.874208
tx,7.882400
tx,7.890592
tx,7.898784
tx,7.906976
tx,7.915168
tx,7.923360
tx,7.931552
tx,7.939744
tx,7.947936
tx,7.956128
tx,7.964320
tx,7.972512
tx,7.980704
tx,7.988896
tx,7.997088
tx,8.005280
tx,8.013472
tx,8.021664
tx,8.029856
tx,8.038048
tx,8.046240
tx,8.054432
tx,8.062624
tx,8.070816
tx,8.079008
tx,8.087200
tx,8.095392
tx,8.103584
tx,8.111776
tx,8.119968
tx,8.128160
tx,8.136352
tx,8.144544
tx,8.152736
tx,8.160928
tx,8.169120
tx,8.177312
tx,8.185504
tx,8.193696
tx,8.201888
tx,8.210080
tx,8.218272
tx,8.226464
tx,8.234656
tx,8.242848
tx,8.251040
tx,8.259232
tx,8.267424
tx,8.275616
tx,8.283808
tx,8.292000
tx,8.300192
tx,8.308384
tx,8.316576
tx,8.324768
tx,8.332960
tx,8.341152
tx,8.349344
tx,8.357536
tx,8.365728
tx,8.373920
tx,8.382112
tx,8.390304
tx,8.398496
tx,8.406688
tx,8.414880
tx,8.423072
tx,8.431264
tx,8.439456
tx,8.447648
tx,8.455840
tx,8.464032
tx,8.472224
tx,8.480416
tx,8.488608
tx,8.496800
tx,8.504992
tx,8.513184
tx,8.521376
tx,8.529568
tx,8.537760
tx,8.545952
tx,8.554144
tx,8.562336
tx,8.570528
tx,8.578720
tx,8.586912
tx,8.595104
tx,8.603296
tx,8.611488
tx,8.619680
tx,8.627872
tx,8.636064
tx,8.644256
tx,8.652448
tx,8.660640
tx,8.668832
tx,8.677024
tx,8.685216
tx,8.693408
tx,8.701600
tx,8.709792
tx,8.717984
tx,8.726176
tx,8.734368
tx,8.742560
tx,8.750752
tx,8.758944
tx,8.767136
tx,8.775328
tx,8.783520
tx,8.791712
tx,8.799904
tx,8.808096
tx,8.816288
tx,8.824480
tx,8.832672
tx,8.840864
tx,8.849056
tx,8.857248
tx,8.865440
tx,8.873632
tx,8.881824
tx,8.890016
tx,8.898208
tx,8.906400
tx,8.914592
tx,8.922784
tx,8.930976
tx,8.939168
tx,8.947360
tx,8.955552
tx,8.963744
tx,8.971936
tx,8.980128
tx,8.988320
tx,8.996512
tx,9.004704
tx,9.012896
tx,9.021088
tx,9.029280
tx,9.037472
tx,9.045664
tx,9.053856
tx,9.062048
tx,9.070240
tx,9.078432
tx,9.086624
tx,9.094816
tx,9.103008
tx,9.111200
tx,9.119392
tx,9.127584
tx,9.135776
tx,9.143968
tx,9.152160
tx,9.160352
tx,9.168544
tx,9.176736
tx,9.184928
tx,9.193120
tx,9.201312
tx,9.209504
tx,9.217696
tx,9.225888
tx,9.234080
tx,9.242272
tx,9.250464
tx,9.258656
tx,9.266848
tx,9.275040
tx,9.283232
tx,9.291424
tx,9.299616
tx,9.307808
tx,9.316000
tx,9.324192
tx,9.332384
tx,9.340576
tx,9.348768
tx,9.356960
tx,9.365152
tx,9.373344
tx,9.381536
tx,9.389728
tx,9.397920
tx,9.406112
tx,9.414304
tx,9.422496
tx,9.430688
tx,9.438880
tx,9.447072
tx,9.455264
tx,9.463456
tx,9.471648
tx,9.479840
tx,9.488032
tx,9.496224
tx,9.504416
tx,9.512608
tx,9.520800
tx,9.528992
tx,9.537184
tx,9.545376
tx,9.553568
tx,9.561760
tx,9.569952
tx,9.578144
tx,9.586336
tx,9.594528
tx,9.602720
tx,9.610912
tx,9.619104
tx,9.627296
tx,9.635488
tx,9.643680
tx,9.651872
tx,9.660064
tx,9.668256
tx,9.676448
tx,9.684640
tx,9.692832
tx,9.701024
tx,9.709216
tx,9.717408
tx,9.725600
tx,9.733792
tx,9.741984
tx,9.750176
tx,9.758368
tx,9.766560
tx,9.774752
tx,9.782944
tx,9.791136
tx,9.799328
tx,9.807520
tx,9.815712
tx,9.823904
tx,9.832096
tx,9.840288
tx,9.848480
tx,9.856672
tx,9.864864
tx,9.873056
tx,9.881248
tx,9.889440
tx,9.897632
tx,9.905824
tx,9.914016
tx,9.922208
tx,9.930400
tx,9.938592
tx,9.946784
tx,9.954976
tx,9.963168
tx,9.971360
tx,9.979552
tx,9.987744
tx,9.995936
tx,10.004128
tx,10.012320
tx,10.020512
tx,10.028704
tx,10.036896
tx,10.045088
tx,10.053280
tx,10.061472
tx,10.069664
tx,10.077856
tx,10.086048
tx,10.094240
tx,10.102432
tx,10.110624
tx,10.118816
tx,10.127008
tx,10.135200
tx,10.143392
tx,10.151584
tx,10.159776
tx,10.167968
tx,10.176160
tx,10.184352
tx,10.192544
tx,10.200736
tx,10.208928
tx,10.217120
tx,10.225312
tx,10.233504
tx,10.241696
tx,10.249888
tx,10.258080
tx,10.266272
tx,10.274464
tx,10.282656
tx,10.290848
tx,10.299040
tx,10.307232
tx,10.315424
tx,10.323616
tx,10.331808
tx,10.340000
tx,10.348192
tx,10.356384
tx,10.364576
tx,10.372768
tx,10.380960
tx,10.389152
tx,10.397344
tx,10.405536
tx,10.413728
tx,10.421920
tx,10.430112
tx,10.438304
tx,10.446496
tx,10.454688
tx,10.462880
tx,10.471072
tx,10.479264
tx,10.487456
tx,10.495648
tx,10.503840
tx,10.512032
tx,10.520224
tx,10.528416
tx,10.536608
tx,10.544800
tx,10.552992
tx,10.561184
tx,10.569376
tx,10.577568
tx,10.585760
tx,10.593952
tx,10.602144
tx,10.610336
tx,10.618528
tx,10.626720
tx,10.634912
tx,10.643104
tx,10.651296
tx,10.659488
tx,10.667680
tx,10.675872
tx,10.684064
tx,10.692256
tx,10.700448
tx,10.708640
tx,10.716832
tx,10.725024
tx,10.733216
tx,10.741408
tx,10.749600
tx,10.757792
tx,10.765984
tx,10.774176
tx,10.782368
tx,10.790560
tx,10.798752
tx,10.806944
tx,10.815136
tx,10.823328
tx,10.831520
tx,10.839712
tx,10.847904
tx,10.856096
tx,10.864288
tx,10.872480
tx,10.880672
tx,10.888864
tx,10.897056
tx,10.905248
tx,10.913440
tx,10.921632
tx,10.929824
tx,10.938016
tx,10.946208
tx,10.954400
tx,10.962592
tx,10.970784
tx,10.978976
tx,10.987168
tx,10.995360
tx,11.003552
tx,11.011744
tx,11.019936
tx,11.028128
tx,11.036320
tx,11.044512
tx,11.052704
tx,11.060896
tx,11.069088
tx,11.077280
tx,11.085472
tx,11.093664
tx,11.101856
tx,11.110048
tx,11.118240
tx,11.126432
tx,11.134624
tx,11.142816
tx,11.151008
tx,11.159200
tx,11.167392
tx,11.175584
tx,11.183776
tx,11.191968
tx,11.200160
tx,11.208352
tx,11.216544
tx,11.224736
tx,11.232928
tx,11.241120
tx,11.249312
tx,11.257504
tx,11.265696
tx,11.273888
tx,11.282080
tx,11.290272
tx,11.298464
tx,11.306656
tx,11.314848
tx,11.323040
tx,11.331232
tx,11.339424
tx,11.347616
tx,11.355808
tx,11.364000
tx,11.372192
tx,11.380384
tx,11.388576
tx,11.396768
tx,11.404960
tx,11.413152
tx,11.421344
tx,11.429536
tx,11.437728
tx,11.445920
tx,11.454112
tx,11.462304
tx,11.470496
tx,11.478688
tx,11.486880
tx,11.495072
tx,11.503264
tx,11.511456
tx,11.519648
tx,11.527840
tx,11.536032
tx,11.544224
tx,11.552416
tx,11.560608
tx,11.568800
tx,11.576992
tx,11.585184
tx,11.593376
tx,11.601568
tx,11.609760
tx,11.617952
tx,11.626144
tx,11.634336
tx,11.642528
tx,11.650720
tx,11.658912
tx,11.667104
tx,11.675296
tx,11.683488
tx,11.691680
tx,11.699872
tx,11.708064
tx,11.716256
tx,11.724448
tx,11.732640
tx,11.740832
tx,11.749024
tx,11.757216
tx,11.765408
tx,11.773600
tx,11.781792
tx,11.789984
tx,11.798176
tx,11.806368
tx,11.814560
tx,11.822752
tx,11.830944
tx,11.839136
tx,11.847328
tx,11.855520
tx,11.863712
tx,11.871904
tx,11.880096
tx,11.888288
tx,11.896480
tx,11.904672
tx,11.912864
tx,11.921056
tx,11.929248
tx,11.937440
tx,11.945632
tx,11.953824
tx,11.962016
tx,11.970208
tx,11.978400
tx,11.986592
tx,11.994784
tx,12.002976
tx,12.011168
tx,12.019360
tx,12.027552
tx,12.035744
tx,12.043936
tx,12.052128
tx,12.060320
tx,12.068512
tx,12.076704
tx,12.084896
tx,12.093088
tx,12.101280
tx,12.109472
tx,12.117664
tx,12.125856
tx,12.134048
tx,12.142240
tx,12.150432
tx,12.158624
tx,12.166816
tx,12.175008
tx,12.183200
tx,12.191392
tx,12.199584
tx,12.207776
tx,12.215968
tx,12.224160
tx,12.232352
tx,12.240544
tx,12.248736
tx,12.256928
tx,12.265120
tx,12.273312
tx,12.281504
tx,12.289696
tx,12.297888
tx,12.306080
tx,12.314272
tx,12.322464
tx,12.330656
tx,12.338848
tx,12.347040
tx,12.355232
tx,12.363424
tx,12.371616
tx,12.379808
tx,12.388000
tx,12.396192
tx,12.404384
tx,12.412576
tx,12.420768
tx,12.428960
tx,12.437152
tx,12.445344
tx,12.453536
tx,12.461728
tx,12.469920
tx,12.478112
tx,12.486304
tx,12.494496
tx,12.502688
tx,12.510880
tx,12.519072
tx,12.527264
tx,12.535456
tx,12.543648
tx,12.551840
tx,12.560032
tx,12.568224
tx,12.576416
tx,12.584608
tx,12.592800
tx,12.600992
tx,12.609184
tx,12.617376
tx,12.625568
tx,12.633760
tx,12.641952
tx,12.650144
tx,12.658336
tx,12.666528
tx,12.674720
tx,12.682912
tx,12.691104
tx,12.699296
tx,12.707488
tx,12.715680
tx,12.723872
tx,12.732064
tx,12.740256
tx,12.748448
tx,12.756640
tx,12.764832
tx,12.773024
tx,12.781216
tx,12.789408
tx,12.797600
tx,12.805792
tx,12.813984
tx,12.822176
tx,12.830368
tx,12.838560
tx,12.846752
tx,12.854944
tx,12.863136
tx,12.871328
tx,12.879520
tx,12.887712
tx,12.895904
tx,12.904096
tx,12.912288
tx,12.920480
tx,12.928672
tx,12.936864
tx,12.945056
tx,12.953248
tx,12.961440
tx,12.969632
tx,12.977824
tx,12.986016
tx,12.994208
tx,13.002400
tx,13.010592
tx,13.018784
tx,13.026976
tx,13.035168
tx,13.043360
tx,13.051552
tx,13.059744
tx,13.067936
tx,13.076128
tx,13.084320
tx,13.092512
tx,13.100704
tx,13.108896
tx,13.117088
tx,13.125280
tx,13.133472
tx,13.141664
tx,13.149856
tx,13.158048
tx,13.166240
tx,13.174432
tx,13.182624
tx,13.190816
tx,13.199008
tx,13.207200
tx,13.215392
tx,13.223584
tx,13.231776
tx,13.239968
tx,13.248160
tx,13.256352
tx,13.264544
tx,13.272736
tx,13.280928
tx,13.289120
tx,13.297312
tx,13.305504
tx,13.313696
tx,13.321888
tx,13.330080
tx,13.338272
tx,13.346464
tx,13.354656
tx,13.362848
tx,13.371040
tx,13.379232
tx,13.387424
tx,13.395616
tx,13.403808
tx,13.412000
tx,13.420192
tx,13.428384
tx,13.436576
tx,13.444768
tx,13.452960
tx,13.461152
tx,13.469344
tx,13.477536
tx,13.485728
tx,13.493920
tx,13.502112
tx,13.510304
tx,13.518496
tx,13.526688
tx,13.534880
tx,13.543072
tx,13.551264
tx,13.559456
tx,13.567648
tx,13.575840
tx,13.584032
tx,13.592224
tx,13.600416
tx,13.608608
tx,13.616800
tx,13.624992
tx,13.633184
tx,13.641376
tx,13.649568
tx,13.657760
tx,13.665952
tx,13.674144
tx,13.682336
tx,13.690528
tx,13.698720
tx,13.706912
tx,13.715104
tx,13.723296
tx,13.731488
tx,13.739680
tx,13.747872
tx,13.756064
tx,13.764256
tx,13.772448
tx,13.780640
tx,13.788832
tx,13.797024
tx,13.805216
tx,13.813408
tx,13.821600
tx,13.829792
tx,13.837984
tx,13.846176
tx,13.854368
tx,13.862560
tx,13.870752
tx,13.878944
tx,13.887136
tx,13.895328
tx,13.903520
tx,13.911712
tx,13.919904
tx,13.928096
tx,13.936288
tx,13.944480
tx,13.952672
tx,13.960864
tx,13.969056
tx,13.977248
tx,13.985440
tx,13.993632
tx,14.001824
tx,14.010016
tx,14.018208
tx,14.026400
tx,14.034592
tx,14.042784
tx,14.050976
tx,14.059168
tx,14.067360
tx,14.075552
tx,14.083744
tx,14.091936
tx,14.100128
tx,14.108320
tx,14.116512
tx,14.124704
tx,14.132896
tx,14.141088
tx,14.149280
tx,14.157472
tx,14.165664
tx,14.173856
tx,14.182048
tx,14.190240
tx,14.198432
tx,14.206624
tx,14.214816
tx,14.223008
tx,14.231200
tx,14.239392
tx,14.247584
tx,14.255776
tx,14.263968
tx,14.272160
tx,14.280352
tx,14.288544
tx,14.296736
tx,14.304928
tx,14.313120
tx,14.321312
tx,14.329504
tx,14.337696
tx,14.345888
tx,14.354080
tx,14.362272
tx,14.370464
tx,14.378656
tx,14.386848
tx,14.395040
tx,14.403232
tx,14.411424
tx,14.419616
tx,14.427808
tx,14.436000
tx,14.444192
tx,14.452384
tx,14.460576
tx,14.468768
tx,14.476960
tx,14.485152
tx,14.493344
tx,14.501536
tx,14.509728
tx,14.517920
tx,14.526112
tx,14.534304
tx,14.542496
tx,14.550688
tx,14.558880
tx,14.567072
tx,14.575264
tx,14.583456
tx,14.591648
tx,14.599840
tx,14.608032
tx,14.616224
tx,14.624416
tx,14.632608
tx,14.640800
tx,14.648992
tx,14.657184
tx,14.665376
tx,14.673568
tx,14.681760
tx,14.689952
tx,14.698144
tx,14.706336
tx,14.714528
tx,14.722720
tx,14.730912
tx,14.739104
tx,14.747296
tx,14.755488
tx,14.763680
tx,14.771872
tx,14.780064
tx,14.788256
tx,14.796448
tx,14.804640
tx,14.812832
tx,14.821024
tx,14.829216
tx,14.837408
tx,14.845600
tx,14.853792
tx,14.861984
tx,14.870176
tx,14.878368
tx,14.886560
tx,14.894752
tx,14.902944
tx,14.911136
tx,14.919328
tx,14.927520
tx,14.935712
tx,14.943904
tx,14.952096
tx,14.960288
tx,14.968480
tx,14.976672
tx,14.984864
tx,14.993056
tx,15.001248
tx,15.009440
tx,15.017632
tx,15.025824
tx,15.034016
tx,15.042208
tx,15.050400
tx,15.058592
tx,15.066784
tx,15.074976
tx,15.083168
tx,15.091360
tx,15.099552
tx,15.107744
tx,15.115936
tx,15.124128
tx,15.132320
tx,15.140512
tx,15.148704
tx,15.156896
tx,15.165088
tx,15.173280
tx,15.181472
tx,15.189664
tx,15.197856
tx,15.206048
tx,15.214240
tx,15.222432
tx,15.230624
tx,15.238816
tx,15.247008
tx,15.255200
tx,15.263392
tx,15.271584
tx,15.279776
tx,15.287968
tx,15.296160
tx,15.304352
tx,15.312544
tx,15.320736
tx,15.328928
tx,15.337120
tx,15.345312
tx,15.353504
tx,15.361696
tx,15.369888
tx,15.378080
tx,15.386272
tx,15.394464
tx,15.402656
tx,15.410848
tx,15.419040
tx,15.427232
tx,15.435424
tx,15.443616
tx,15.451808
tx,15.460000
tx,15.468192
tx,15.476384
tx,15.484576
tx,15.492768
tx,15.500960
tx,15.509152
tx,15.517344
tx,15.525536
tx,15.533728
tx,15.541920
tx,15.550112
tx,15.558304
tx,15.566496
tx,15.574688
tx,15.582880
tx,15.591072
tx,15.599264
tx,15.607456
tx,15.615648
tx,15.623840
tx,15.632032
tx,15.640224
tx,15.648416
tx,15.656608
tx,15.664800
tx,15.672992
tx,15.681184
tx,15.689376
tx,15.697568
tx,15.705760
tx,15.713952
tx,15.722144
tx,15.730336
tx,15.738528
tx,15.746720
tx,15.754912
tx,15.763104
tx,15.771296
tx,15.779488
tx,15.787680
tx,15.795872
tx,15.804064
tx,15.812256
tx,15.820448
tx,15.828640
tx,15.836832
tx,15.845024
tx,15.853216
tx,15.861408
tx,15.869600
tx,15.877792
tx,15.885984
tx,15.894176
tx,15.902368
tx,15.910560
tx,15.918752
tx,15.926944
tx,15.935136
tx,15.943328
tx,15.951520
tx,15.959712
tx,15.967904
tx,15.976096
tx,15.984288
tx,15.992480
tx,16.000672
tx,16.008864
tx,16.017056
tx,16.025248
tx,16.033440
tx,16.041632
tx,16.049824
tx,16.058016
tx,16.066208
tx,16.074400
tx,16.082592
tx,16.090784
tx,16.098976
tx,16.107168
tx,16.115360
tx,16.123552
tx,16.131744
tx,16.139936
tx,16.148128
tx,16.156320
tx,16.164512
tx,16.172704
tx,16.180896
tx,16.189088
tx,16.197280
tx,16.205472
tx,16.213664
tx,16.221856
tx,16.230048
tx,16.238240
tx,16.246432
tx,16.254624
tx,16.262816
tx,16.271008
tx,16.279200
tx,16.287392
tx,16.295584
tx,16.303776
tx,16.311968
tx,16.320160
tx,16.328352
tx,16.336544
tx,16.344736
tx,16.352928
tx,16.361120
tx,16.369312
tx,16.377504
tx,16.385696
tx,16.393888
tx,16.402080
tx,16.410272
tx,16.418464
tx,16.426656
tx,16.434848
tx,16.443040
tx,16.451232
tx,16.459424
tx,16.467616
tx,16.475808
tx,16.484000
tx,16.492192
tx,16.500384
tx,16.508576
tx,16.516768
tx,16.524960
tx,16.533152
tx,16.541344
tx,16.549536
tx,16.557728
tx,16.565920
tx,16.574112
tx,16.582304
tx,16.590496
tx,16.598688
tx,16.606880
tx,16.615072
tx,16.623264
tx,16.631456
tx,16.639648
tx,16.647840
tx,16.656032
tx,16.664224
tx,16.672416
tx,16.680608
tx,16.688800
tx,16.696992
tx,16.705184
tx,16.713376
tx,16.721568
tx,16.729760
tx,16.737952
tx,16.746144
tx,16.754336
tx,16.762528
tx,16.770720
tx,16.778912
tx,16.787104
tx,16.795296
tx,16.803488
tx,16.811680
tx,16.819872
tx,16.828064
tx,16.836256
tx,16.844448
tx,16.852640
tx,16.860832
tx,16.869024
tx,16.877216
tx,16.885408
tx,16.893600
tx,16.901792
tx,16.909984
tx,16.918176
tx,16.926368
tx,16.934560
tx,16.942752
tx,16.950944
tx,16.959136
tx,16.967328
tx,16.975520
tx,16.983712
tx,16.991904
tx,17.000096
tx,17.008288
tx,17.016480
tx,17.024672
tx,17.032864
tx,17.041056
tx,17.049248
tx,17.057440
tx,17.065632
tx,17.073824
tx,17.082016
tx,17.090208
tx,17.098400
tx,17.106592
tx,17.114784
tx,17.122976
tx,17.131168
tx,17.139360
tx,17.147552
tx,17.155744
tx,17.163936
tx,17.172128
tx,17.180320
tx,17.188512
tx,17.196704
tx,17.204896
tx,17.213088
tx,17.221280
tx,17.229472
tx,17.237664
tx,17.245856
tx,17.254048
tx,17.262240
tx,17.270432
tx,17.278624
tx,17.286816
tx,17.295008
tx,17.303200
tx,17.311392
tx,17.319584
tx,17.327776
tx,17.335968
tx,17.344160
tx,17.352352
tx,17.360544
tx,17.368736
tx,17.376928
tx,17.385120
tx,17.393312
tx,17.401504
tx,17.409696
tx,17.417888
tx,17.426080
tx,17.434272
tx,17.442464
tx,17.450656
tx,17.458848
tx,17.467040
tx,17.475232
tx,17.483424
tx,17.491616
tx,17.499808
tx,17.508000
tx,17.516192
tx,17.524384
tx,17.532576
tx,17.540768
tx,17.548960
tx,17.557152
tx,17.565344
tx,17.573536
tx,17.581728
tx,17.589920
tx,17.598112
tx,17.606304
tx,17.614496
tx,17.622688
tx,17.630880
tx,17.639072
tx,17.647264
tx,17.655456
tx,17.663648
tx,17.671840
tx,17.680032
tx,17.688224
tx,17.696416
tx,17.704608
tx,17.712800
tx,17.720992
tx,17.729184
tx,17.737376
tx,17.745568
tx,17.753760
tx,17.761952
tx,17.770144
tx,17.778336
tx,17.786528
tx,17.794720
tx,17.802912
tx,17.811104
tx,17.819296
tx,17.827488
tx,17.835680
tx,17.843872
tx,17.852064
tx,17.860256
tx,17.868448
tx,17.876640
tx,17.884832
tx,17.893024
tx,17.901216
tx,17.909408
tx,17.917600
tx,17.925792
tx,17.933984
tx,17.942176
tx,17.950368
tx,17.958560
tx,17.966752
tx,17.974944
tx,17.983136
tx,17.991328
tx,17.999520
tx,18.007712
tx,18.015904
tx,18.024096
tx,18.032288
tx,18.040480
tx,18.048672
tx,18.056864
tx,18.065056
tx,18.073248
tx,18.081440
tx,18.089632
tx,18.097824
tx,18.106016
tx,18.114208
tx,18.122400
tx,18.130592
tx,18.138784
tx,18.146976
tx,18.155168
tx,18.163360
tx,18.171552
tx,18.179744
tx,18.187936
tx,18.196128
tx,18.204320
tx,18.212512
tx,18.220704
tx,18.228896
tx,18.237088
tx,18.245280
tx,18.253472
tx,18.261664
tx,18.269856
tx,18.278048
tx,18.286240
tx,18.294432
tx,18.302624
tx,18.310816
tx,18.319008
tx,18.327200
tx,18.335392
tx,18.343584
tx,18.351776
tx,18.359968
tx,18.368160
tx,18.376352
tx,18.384544
tx,18.392736
tx,18.400928
tx,18.409120
tx,18.417312
tx,18.425504
tx,18.433696
tx,18.441888
tx,18.450080
tx,18.458272
tx,18.466464
tx,18.474656
tx,18.482848
tx,18.491040
tx,18.499232
tx,18.507424
tx,18.515616
tx,18.523808
tx,18.532000
tx,18.540192
tx,18.548384
tx,18.556576
tx,18.564768
tx,18.572960
tx,18.581152
tx,18.589344
tx,18.597536
tx,18.605728
tx,18.613920
tx,18.622112
tx,18.630304
tx,18.638496
tx,18.646688
tx,18.654880
tx,18.663072
tx,18.671264
tx,18.679456
tx,18.687648
tx,18.695840
tx,18.704032
tx,18.712224
tx,18.720416
tx,18.728608
tx,18.736800
tx,18.744992
tx,18.753184
tx,18.761376
tx,18.769568
tx,18.777760
tx,18.785952
tx,18.794144
tx,18.802336
tx,18.810528
tx,18.818720
tx,18.826912
tx,18.835104
tx,18.843296
tx,18.851488
tx,18.859680
tx,18.867872
tx,18.876064
tx,18.884256
tx,18.892448
tx,18.900640
tx,18.908832
tx,18.917024
tx,18.925216
tx,18.933408
tx,18.941600
tx,18.949792
tx,18.957984
tx,18.966176
tx,18.974368
tx,18.982560
tx,18.990752
tx,18.998944
tx,19.007136
tx,19.015328
tx,19.023520
tx,19.031712
tx,19.039904
tx,19.048096
tx,19.056288
tx,19.064480
tx,19.072672
tx,19.080864
tx,19.089056
tx,19.097248
tx,19.105440
tx,19.113632
tx,19.121824
tx,19.130016
tx,19.138208
tx,19.146400
tx,19.154592
tx,19.162784
tx,19.170976
tx,19.179168
tx,19.187360
tx,19.195552
tx,19.203744
tx,19.211936
tx,19.220128
tx,19.228320
tx,19.236512
tx,19.244704
tx,19.252896
tx,19.261088
tx,19.269280
tx,19.277472
tx,19.285664
tx,19.293856
tx,19.302048
tx,19.310240
tx,19.318432
tx,19.326624
tx,19.334816
tx,19.343008
tx,19.351200
tx,19.359392
tx,19.367584
tx,19.375776
tx,19.383968
tx,19.392160
tx,19.400352
tx,19.408544
tx,19.416736
tx,19.424928
tx,19.433120
tx,19.441312
tx,19.449504
tx,19.457696
tx,19.465888
tx,19.474080
tx,19.482272
tx,19.490464
tx,19.498656
tx,19.506848
tx,19.515040
tx,19.523232
tx,19.531424
tx,19.539616
tx,19.547808
tx,19.556000
tx,19.564192
tx,19.572384
tx,19.580576
tx,19.588768
tx,19.596960
tx,19.605152
tx,19.613344
tx,19.621536
tx,19.629728
tx,19.637920
tx,19.646112
tx,19.654304
tx,19.662496
tx,19.670688
tx,19.678880
tx,19.687072
tx,19.695264
tx,19.703456
tx,19.711648
tx,19.719840
tx,19.728032
tx,19.736224
tx,19.744416
tx,19.752608
tx,19.760800
tx,19.768992
tx,19.777184
tx,19.785376
tx,19.793568
tx,19.801760
tx,19.809952
tx,19.818144
tx,19.826336
tx,19.834528
tx,19.842720
tx,19.850912
tx,19.859104
tx,19.867296
tx,19.875488
tx,19.883680
tx,19.891872
tx,19.900064
tx,19.908256
tx,19.916448
tx,19.924640
tx,19.932832
tx,19.941024
tx,19.949216
tx,19.957408
tx,19.965600
tx,19.973792
tx,19.981984
tx,19.990176
tx,19.998368
tx,20.006560
tx,20.014752
tx,20.022944
tx,20.031136
tx,20.039328
tx,20.047520
tx,20.055712
tx,20.063904
tx,20.072096
tx,20.080288
tx,20.088480
tx,20.096672
tx,20.104864
tx,20.113056
tx,20.121248
tx,20.129440
tx,20.137632
tx,20.145824
tx,20.154016
tx,20.162208
tx,20.170400
tx,20.178592
tx,20.186784
tx,20.194976
tx,20.203168
tx,20.211360
tx,20.219552
tx,20.227744
tx,20.235936
tx,20.244128
tx,20.252320
tx,20.260512
tx,20.268704
tx,20.276896
tx,20.285088
tx,20.293280
tx,20.301472
tx,20.309664
tx,20.317856
tx,20.326048
tx,20.334240
tx,20.342432
tx,20.350624
tx,20.358816
tx,20.367008
tx,20.375200
tx,20.383392
tx,20.391584
tx,20.399776
tx,20.407968
tx,20.416160
tx,20.424352
tx,20.432544
tx,20.440736
tx,20.448928
tx,20.457120
tx,20.465312
tx,20.473504
tx,20.481696
tx,20.489888
tx,20.498080
tx,20.506272
tx,20.514464
tx,20.522656
tx,20.530848
tx,20.539040
tx,20.547232
tx,20.555424
tx,20.563616
tx,20.571808
tx,20.580000
tx,20.588192
tx,20.596384
tx,20.604576
tx,20.612768
tx,20.620960
tx,20.629152
tx,20.637344
tx,20.645536
tx,20.653728
tx,20.661920
tx,20.670112
tx,20.678304
tx,20.686496
tx,20.694688
tx,20.702880
tx,20.711072
tx,20.719264
tx,20.727456
tx,20.735648
tx,20.743840
tx,20.752032
tx,20.760224
tx,20.768416
tx,20.776608
tx,20.784800
tx,20.792992
tx,20.801184
tx,20.809376
tx,20.817568
tx,20.825760
tx,20.833952
tx,20.842144
tx,20.850336
tx,20.858528
tx,20.866720
tx,20.874912
tx,20.883104
tx,20.891296
tx,20.899488
tx,20.907680
tx,20.915872
tx,20.924064
tx,20.932256
tx,20.940448
tx,20.948640
tx,20.956832
tx,20.965024
tx,20.973216
tx,20.981408
tx,20.989600
tx,20.997792
tx,21.005984
tx,21.014176
tx,21.022368
tx,21.030560
tx,21.038752
tx,21.046944
tx,21.055136
tx,21.063328
tx,21.071520
tx,21.079712
tx,21.087904
tx,21.096096
tx,21.104288
tx,21.112480
tx,21.120672
tx,21.128864
tx,21.137056
tx,21.145248
tx,21.153440
tx,21.161632
tx,21.169824
tx,21.178016
tx,21.186208
tx,21.194400
tx,21.202592
tx,21.210784
tx,21.218976
tx,21.227168
tx,21.235360
tx,21.243552
tx,21.251744
tx,21.259936
tx,21.268128
tx,21.276320
tx,21.284512
tx,21.292704
tx,21.300896
tx,21.309088
tx,21.317280
tx,21.325472
tx,21.333664
tx,21.341856
tx,21.350048
tx,21.358240
tx,21.366432
tx,21.374624
tx,21.382816
tx,21.391008
tx,21.399200
tx,21.407392
tx,21.415584
tx,21.423776
tx,21.431968
tx,21.440160
tx,21.448352
tx,21.456544
tx,21.464736
tx,21.472928
tx,21.481120
tx,21.489312
tx,21.497504
tx,21.505696
tx,21.513888
tx,21.522080
tx,21.530272
tx,21.538464
tx,21.546656
tx,21.554848
tx,21.563040
tx,21.571232
tx,21.579424
tx,21.587616
tx,21.595808
tx,21.604000
tx,21.612192
tx,21.620384
tx,21.628576
tx,21.636768
tx,21.644960
tx,21.653152
tx,21.661344
tx,21.669536
tx,21.677728
tx,21.685920
tx,21.694112
tx,21.702304
tx,21.710496
tx,21.718688
tx,21.726880
tx,21.735072
tx,21.743264
tx,21.751456
tx,21.759648
tx,21.767840
tx,21.776032
tx,21.784224
tx,21.792416
tx,21.800608
tx,21.808800
tx,21.816992
tx,21.825184
tx,21.833376
tx,21.841568
tx,21.849760
tx,21.857952
tx,21.866144
tx,21.874336
tx,21.882528
tx,21.890720
tx,21.898912
tx,21.907104
tx,21.915296
tx,21.923488
tx,21.931680
tx,21.939872
tx,21.948064
tx,21.956256
tx,21.964448
tx,21.972640
tx,21.980832
tx,21.989024
tx,21.997216
tx,22.005408
tx,22.013600
tx,22.021792
tx,22.029984
tx,22.038176
tx,22.046368
tx,22.054560
tx,22.062752
tx,22.070944
tx,22.079136
tx,22.087328
tx,22.095520
tx,22.103712
tx,22.111904
tx,22.120096
tx,22.128288
tx,22.136480
tx,22.144672
tx,22.152864
tx,22.161056
tx,22.169248
tx,22.177440
tx,22.185632
tx,22.193824
tx,22.202016
tx,22.210208
tx,22.218400
tx,22.226592
tx,22.234784
tx,22.242976
tx,22.251168
tx,22.259360
tx,22.267552
tx,22.275744
tx,22.283936
tx,22.292128
tx,22.300320
tx,22.308512
tx,22.316704
tx,22.324896
tx,22.333088
tx,22.341280
tx,22.349472
tx,22.357664
tx,22.365856
tx,22.374048
tx,22.382240
tx,22.390432
tx,22.398624
tx,22.406816
tx,22.415008
tx,22.423200
tx,22.431392
tx,22.439584
tx,22.447776
tx,22.455968
tx,22.464160
tx,22.472352
tx,22.480544
tx,22.488736
tx,22.496928
tx,22.505120
tx,22.513312
tx,22.521504
tx,22.529696
tx,22.537888
tx,22.546080
tx,22.554272
tx,22.562464
tx,22.570656
tx,22.578848
tx,22.587040
tx,22.595232
tx,22.603424
tx,22.611616
tx,22.619808
tx,22.628000
tx,22.636192
tx,22.644384
tx,22.652576
tx,22.660768
tx,22.668960
tx,22.677152
tx,22.685344
tx,22.693536
tx,22.701728
tx,22.709920
tx,22.718112
tx,22.726304
tx,22.734496
tx,22.742688
tx,22.750880
tx,22.759072
tx,22.767264
tx,22.775456
tx,22.783648
tx,22.791840
tx,22.800032
tx,22.808224
tx,22.816416
tx,22.824608
tx,22.832800
tx,22.840992
tx,22.849184
tx,22.857376
tx,22.865568
tx,22.873760
tx,22.881952
tx,22.890144
tx,22.898336
tx,22.906528
tx,22.914720
tx,22.922912
tx,22.931104
tx,22.939296
tx,22.947488
tx,22.955680
tx,22.963872
tx,22.972064
tx,22.980256
tx,22.988448
tx,22.996640
tx,23.004832
tx,23.013024
tx,23.021216
tx,23.029408
tx,23.037600
tx,23.045792
tx,23.053984
tx,23.062176
tx,23.070368
tx,23.078560
tx,23.086752
tx,23.094944
tx,23.103136
tx,23.111328
tx,23.119520
tx,23.127712
tx,23.135904
tx,23.144096
tx,23.152288
tx,23.160480
tx,23.168672
tx,23.176864
tx,23.185056
tx,23.193248
tx,23.201440
tx,23.209632
tx,23.217824
tx,23.226016
tx,23.234208
tx,23.242400
tx,23.250592
tx,23.258784
tx,23.266976
tx,23.275168
tx,23.283360
tx,23.291552
tx,23.299744
tx,23.307936
tx,23.316128
tx,23.324320
tx,23.332512
tx,23.340704
tx,23.348896
tx,23.357088
tx,23.365280
tx,23.373472
tx,23.381664
tx,23.389856
tx,23.398048
tx,23.406240
tx,23.414432
tx,23.422624
tx,23.430816
tx,23.439008
tx,23.447200
tx,23.455392
tx,23.463584
tx,23.471776
tx,23.479968
tx,23.488160
tx,23.496352
tx,23.504544
tx,23.512736
tx,23.520928
tx,23.529120
tx,23.537312
tx,23.545504
tx,23.553696
tx,23.561888
tx,23.570080
tx,23.578272
tx,23.586464
tx,23.594656
tx,23.602848
tx,23.611040
tx,23.619232
tx,23.627424
tx,23.635616
tx,23.643808
tx,23.652000
tx,23.660192
tx,23.668384
tx,23.676576
tx,23.684768
tx,23.692960
tx,23.701152
tx,23.709344
tx,23.717536
tx,23.725728
tx,23.733920
tx,23.742112
tx,23.750304
tx,23.758496
tx,23.766688
tx,23.774880
tx,23.783072
tx,23.791264
tx,23.799456
tx,23.807648
tx,23.815840
tx,23.824032
tx,23.832224
tx,23.840416
tx,23.848608
tx,23.856800
tx,23.864992
tx,23.873184
tx,23.881376
tx,23.889568
tx,23.897760
tx,23.905952
tx,23.914144
tx,23.922336
tx,23.930528
tx,23.938720
tx,23.946912
tx,23.955104
tx,23.963296
tx,23.971488
tx,23.979680
tx,23.987872
tx,23.996064
tx,24.004256
tx,24.012448
tx,24.020640
tx,24.028832
tx,24.037024
tx,24.045216
tx,24.053408
tx,24.061600
tx,24.069792
tx,24.077984
tx,24.086176
tx,24.094368
tx,24.102560
tx,24.110752
tx,24.118944
tx,24.127136
tx,24.135328
tx,24.143520
tx,24.151712
tx,24.159904
tx,24.168096
tx,24.176288
tx,24.184480
tx,24.192672
tx,24.200864
tx,24.209056
tx,24.217248
tx,24.225440
tx,24.233632
tx,24.241824
tx,24.250016
tx,24.258208
tx,24.266400
tx,24.274592
tx,24.282784
tx,24.290976
tx,24.299168
tx,24.307360
tx,24.315552
tx,24.323744
tx,24.331936
tx,24.340128
tx,24.348320
tx,24.356512
tx,24.364704
tx,24.372896
tx,24.381088
tx,24.389280
tx,24.397472
tx,24.405664
tx,24.413856
tx,24.422048
tx,24.430240
tx,24.438432
tx,24.446624
tx,24.454816
tx,24.463008
tx,24.471200
tx,24.479392
tx,24.487584
tx,24.495776
tx,24.503968
tx,24.512160
tx,24.520352
tx,24.528544
tx,24.536736
tx,24.544928
tx,24.553120
tx,24.561312
tx,24.569504
tx,24.577696
tx,24.585888
tx,24.594080
tx,24.602272
tx,24.610464
tx,24.618656
tx,24.626848
tx,24.635040
tx,24.643232
tx,24.651424
tx,24.659616
tx,24.667808
tx,24.676000
tx,24.684192
tx,24.692384
tx,24.700576
tx,24.708768
tx,24.716960
tx,24.725152
tx,24.733344
tx,24.741536
tx,24.749728
tx,24.757920
tx,24.766112
tx,24.774304
tx,24.782496
tx,24.790688
tx,24.798880
tx,24.807072
tx,24.815264
tx,24.823456
tx,24.831648
tx,24.839840
tx,24.848032
tx,24.856224
tx,24.864416
tx,24.872608
tx,24.880800
tx,24.888992
tx,24.897184
tx,24.905376
tx,24.913568
tx,24.921760
tx,24.929952
tx,24.938144
tx,24.946336
tx,24.954528
tx,24.962720
tx,24.970912
tx,24.979104
tx,24.987296
tx,24.995488
tx,25.003680
tx,25.011872
tx,25.020064
tx,25.028256
tx,25.036448
tx,25.044640
tx,25.052832
tx,25.061024
tx,25.069216
tx,25.077408
tx,25.085600
tx,25.093792
tx,25.101984
tx,25.110176
tx,25.118368
tx,25.126560
tx,25.134752
tx,25.142944
tx,25.151136
tx,25.159328
tx,25.167520
tx,25.175712
tx,25.183904
tx,25.192096
tx,25.200288
tx,25.208480
tx,25.216672
tx,25.224864
tx,25.233056
tx,25.241248
tx,25.249440
tx,25.257632
tx,25.265824
tx,25.274016
tx,25.282208
tx,25.290400
tx,25.298592
tx,25.306784
tx,25.314976
tx,25.323168
tx,25.331360
tx,25.339552
tx,25.347744
tx,25.355936
tx,25.364128
tx,25.372320
tx,25.380512
tx,25.388704
tx,25.396896
tx,25.405088
tx,25.413280
tx,25.421472
tx,25.429664
tx,25.437856
tx,25.446048
tx,25.454240
tx,25.462432
tx,25.470624
tx,25.478816
tx,25.487008
tx,25.495200
tx,25.503392
tx,25.511584
tx,25.519776
tx,25.527968
tx,25.536160
tx,25.544352
tx,25.552544
tx,25.560736
tx,25.568928
tx,25.577120
tx,25.585312
tx,25.593504
tx,25.601696
tx,25.609888
tx,25.618080
tx,25.626272
tx,25.634464
tx,25.642656
tx,25.650848
tx,25.659040
tx,25.667232
tx,25.675424
tx,25.683616
tx,25.691808
tx,25.700000
tx,25.708192
tx,25.716384
tx,25.724576
tx,25.732768
tx,25.740960
tx,25.749152
tx,25.757344
tx,25.765536
tx,25.773728
tx,25.781920
tx,25.790112
tx,25.798304
tx,25.806496
tx,25.814688
tx,25.822880
tx,25.831072
tx,25.839264
tx,25.847456
tx,25.855648
tx,25.863840
tx,25.872032
tx,25.880224
tx,25.888416
tx,25.896608
tx,25.904800
tx,25.912992
tx,25.921184
tx,25.929376
tx,25.937568
tx,25.945760
tx,25.953952
tx,25.962144
tx,25.970336
tx,25.978528
tx,25.986720
tx,25.994912
tx,26.003104
tx,26.011296
tx,26.019488
tx,26.027680
tx,26.035872
tx,26.044064
tx,26.052256
tx,26.060448
tx,26.068640
tx,26.076832
tx,26.085024
tx,26.093216
tx,26.101408
tx,26.109600
tx,26.117792
tx,26.125984
tx,26.134176
tx,26.142368
tx,26.150560
tx,26.158752
tx,26.166944
tx,26.175136
tx,26.183328
tx,26.191520
tx,26.199712
tx,26.207904
tx,26.216096
tx,26.224288
tx,26.232480
tx,26.240672
tx,26.248864
tx,26.257056
tx,26.265248
tx,26.273440
tx,26.281632
tx,26.289824
tx,26.298016
tx,26.306208
tx,26.314400
tx,26.322592
tx,26.330784
tx,26.338976
tx,26.347168
tx,26.355360
tx,26.363552
tx,26.371744
tx,26.379936
tx,26.388128
tx,26.396320
tx,26.404512
tx,26.412704
tx,26.420896
tx,26.429088
tx,26.437280
tx,26.445472
tx,26.453664
tx,26.461856
tx,26.470048
tx,26.478240
tx,26.486432
tx,26.494624
tx,26.502816
tx,26.511008
tx,26.519200
tx,26.527392
tx,26.535584
tx,26.543776
tx,26.551968
tx,26.560160
tx,26.568352
tx,26.576544
tx,26.584736
tx,26.592928
tx,26.601120
tx,26.609312
tx,26.617504
tx,26.625696
tx,26.633888
tx,26.642080
tx,26.650272
tx,26.658464
tx,26.666656
tx,26.674848
tx,26.683040
tx,26.691232
tx,26.699424
tx,26.707616
tx,26.715808
tx,26.724000
tx,26.732192
tx,26.740384
tx,26.748576
tx,26.756768
tx,26.764960
tx,26.773152
tx,26.781344
tx,26.789536
tx,26.797728
tx,26.805920
tx,26.814112
tx,26.822304
tx,26.830496
tx,26.838688
tx,26.846880
tx,26.855072
tx,26.863264
tx,26.871456
tx,26.879648
tx,26.887840
tx,26.896032
tx,26.904224
tx,26.912416
tx,26.920608
tx,26.928800
tx,26.936992
tx,26.945184
tx,26.953376
tx,26.961568
tx,26.969760
tx,26.977952
tx,26.986144
tx,26.994336
tx,27.002528
tx,27.010720
tx,27.018912
tx,27.027104
tx,27.035296
tx,27.043488
tx,27.051680
tx,27.059872
tx,27.068064
tx,27.076256
tx,27.084448
tx,27.092640
tx,27.100832
tx,27.109024
tx,27.117216
tx,27.125408
tx,27.133600
tx,27.141792
tx,27.149984
tx,27.158176
tx,27.166368
tx,27.174560
tx,27.182752
tx,27.190944
tx,27.199136
tx,27.207328
tx,27.215520
tx,27.223712
tx,27.231904
tx,27.240096
tx,27.248288
tx,27.256480
tx,27.264672
tx,27.272864
tx,27.281056
tx,27.289248
tx,27.297440
tx,27.305632
tx,27.313824
tx,27.322016
tx,27.330208
tx,27.338400
tx,27.346592
tx,27.354784
tx,27.362976
tx,27.371168
tx,27.379360
tx,27.387552
tx,27.395744
tx,27.403936
tx,27.412128
tx,27.420320
tx,27.428512
tx,27.436704
tx,27.444896
tx,27.453088
tx,27.461280
tx,27.469472
tx,27.477664
tx,27.485856
tx,27.494048
tx,27.502240
tx,27.510432
tx,27.518624
tx,27.526816
tx,27.535008
tx,27.543200
tx,27.551392
tx,27.559584
tx,27.567776
tx,27.575968
tx,27.584160
tx,27.592352
tx,27.600544
tx,27.608736
tx,27.616928
tx,27.625120
tx,27.633312
tx,27.641504
tx,27.649696
tx,27.657888
tx,27.666080
tx,27.674272
tx,27.682464
tx,27.690656
tx,27.698848
tx,27.707040
tx,27.715232
tx,27.723424
tx,27.731616
tx,27.739808
tx,27.748000
tx,27.756192
tx,27.764384
tx,27.772576
tx,27.780768
tx,27.788960
tx,27.797152
tx,27.805344
tx,27.813536
tx,27.821728
tx,27.829920
tx,27.838112
tx,27.846304
tx,27.854496
tx,27.862688
tx,27.870880
tx,27.879072
tx,27.887264
tx,27.895456
tx,27.903648
tx,27.911840
tx,27.920032
tx,27.928224
tx,27.936416
tx,27.944608
tx,27.952800
tx,27.960992
tx,27.969184
tx,27.977376
tx,27.985568
tx,27.993760
tx,28.001952
tx,28.010144
tx,28.018336
tx,28.026528
tx,28.034720
tx,28.042912
tx,28.051104
tx,28.059296
tx,28.067488
tx,28.075680
tx,28.083872
tx,28.092064
tx,28.100256
tx,28.108448
tx,28.116640
tx,28.124832
tx,28.133024
tx,28.141216
tx,28.149408
tx,28.157600
tx,28.165792
tx,28.173984
tx,28.182176
tx,28.190368
tx,28.198560
tx,28.206752
tx,28.214944
tx,28.223136
tx,28.231328
tx,28.239520
tx,28.247712
tx,28.255904
tx,28.264096
tx,28.272288
tx,28.280480
tx,28.288672
tx,28.296864
tx,28.305056
tx,28.313248
tx,28.321440
tx,28.329632
tx,28.337824
tx,28.346016
tx,28.354208
tx,28.362400
tx,28.370592
tx,28.378784
tx,28.386976
tx,28.395168
tx,28.403360
tx,28.411552
tx,28.419744
tx,28.427936
tx,28.436128
tx,28.444320
tx,28.452512
tx,28.460704
tx,28.468896
tx,28.477088
tx,28.485280
tx,28.493472
tx,28.501664
tx,28.509856
tx,28.518048
tx,28.526240
tx,28.534432
tx,28.542624
tx,28.550816
tx,28.559008
tx,28.567200
tx,28.575392
tx,28.583584
tx,28.591776
tx,28.599968
tx,28.608160
tx,28.616352
tx,28.624544
tx,28.632736
tx,28.640928
tx,28.649120
tx,28.657312
tx,28.665504
tx,28.673696
tx,28.681888
tx,28.690080
tx,28.698272
tx,28.706464
tx,28.714656
tx,28.722848
tx,28.731040
tx,28.739232
tx,28.747424
tx,28.755616
tx,28.763808
tx,28.772000
tx,28.780192
tx,28.788384
tx,28.796576
tx,28.804768
tx,28.812960
tx,28.821152
tx,28.829344
tx,28.837536
tx,28.845728
tx,28.853920
tx,28.862112
tx,28.870304
tx,28.878496
tx,28.886688
tx,28.894880
tx,28.903072
tx,28.911264
tx,28.919456
tx,28.927648
tx,28.935840
tx,28.944032
tx,28.952224
tx,28.960416
tx,28.968608
tx,28.976800
tx,28.984992
tx,28.993184
tx,29.001376
tx,29.009568
tx,29.017760
tx,29.025952
tx,29.034144
tx,29.042336
tx,29.050528
tx,29.058720
tx,29.066912
tx,29.075104
tx,29.083296
tx,29.091488
tx,29.099680
tx,29.107872
tx,29.116064
tx,29.124256
tx,29.132448
tx,29.140640
tx,29.148832
tx,29.157024
tx,29.165216
tx,29.173408
tx,29.181600
tx,29.189792
tx,29.197984
tx,29.206176
tx,29.214368
tx,29.222560
tx,29.230752
tx,29.238944
tx,29.247136
tx,29.255328
tx,29.263520
tx,29.271712
tx,29.279904
tx,29.288096
tx,29.296288
tx,29.304480
tx,29.312672
tx,29.320864
tx,29.329056
tx,29.337248
tx,29.345440
tx,29.353632
tx,29.361824
tx,29.370016
tx,29.378208
tx,29.386400
tx,29.394592
tx,29.402784
tx,29.410976
tx,29.419168
tx,29.427360
tx,29.435552
tx,29.443744
tx,29.451936
tx,29.460128
tx,29.468320
tx,29.476512
tx,29.484704
tx,29.492896
tx,29.501088
tx,29.509280
tx,29.517472
tx,29.525664
tx,29.533856
tx,29.542048
tx,29.550240
tx,29.558432
tx,29.566624
tx,29.574816
tx,29.583008
tx,29.591200
tx,29.599392
tx,29.607584
tx,29.615776
tx,29.623968
tx,29.632160
tx,29.640352
tx,29.648544
tx,29.656736
tx,29.664928
tx,29.673120
tx,29.681312
tx,29.689504
tx,29.697696
tx,29.705888
tx,29.714080
tx,29.722272
tx,29.730464
tx,29.738656
tx,29.746848
tx,29.755040
tx,29.763232
tx,29.771424
tx,29.779616
tx,29.787808
tx,29.796000
tx,29.804192
tx,29.812384
tx,29.820576
tx,29.828768
tx,29.836960
tx,29.845152
tx,29.853344
tx,29.861536
tx,29.869728
tx,29.877920
tx,29.886112
tx,29.894304
tx,29.902496
tx,29.910688
tx,29.918880
tx,29.927072
tx,29.935264
tx,29.943456
tx,29.951648
tx,29.959840
tx,29.968032
tx,29.976224
tx,29.984416
tx,29.992608
tx,30.000800
tx,30.008992
tx,30.017184
tx,30.025376
tx,30.033568
tx,30.041760
tx,30.049952
tx,30.058144
tx,30.066336
tx,30.074528
tx,30.082720
tx,30.090912
tx,30.099104
tx,30.107296
tx,30.115488
tx,30.123680
tx,30.131872
tx,30.140064
tx,30.148256
tx,30.156448
tx,30.164640
tx,30.172832
tx,30.181024
tx,30.189216
tx,30.197408
tx,30.205600
tx,30.213792
tx,30.221984
tx,30.230176
tx,30.238368
tx,30.246560
tx,30.254752
tx,30.262944
tx,30.271136
tx,30.279328
tx,30.287520
tx,30.295712
tx,30.303904
tx,30.312096
tx,30.320288
tx,30.328480
tx,30.336672
tx,30.344864
tx,30.353056
tx,30.361248
tx,30.369440
tx,30.377632
tx,30.385824
tx,30.394016
tx,30.402208
tx,30.410400
tx,30.418592
tx,30.426784
tx,30.434976
tx,30.443168
tx,30.451360
tx,30.459552
tx,30.467744
tx,30.475936
tx,30.484128
tx,30.492320
tx,30.500512
tx,30.508704
tx,30.516896
tx,30.525088
tx,30.533280
tx,30.541472
tx,30.549664
tx,30.557856
tx,30.566048
tx,30.574240
tx,30.582432
tx,30.590624
tx,30.598816
tx,30.607008
tx,30.615200
tx,30.623392
tx,30.631584
tx,30.639776
tx,30.647968
tx,30.656160
tx,30.664352
tx,30.672544
tx,30.680736
tx,30.688928
tx,30.697120
tx,30.705312
tx,30.713504
tx,30.721696
tx,30.729888
tx,30.738080
tx,30.746272
tx,30.754464
tx,30.762656
tx,30.770848
tx,30.779040
tx,30.787232
tx,30.795424
tx,30.803616
tx,30.811808
tx,30.820000
tx,30.828192
tx,30.836384
tx,30.844576
tx,30.852768
tx,30.860960
tx,30.869152
tx,30.877344
tx,30.885536
tx,30.893728
tx,30.901920
tx,30.910112
tx,30.918304
tx,30.926496
tx,30.934688
tx,30.942880
tx,30.951072
tx,30.959264
tx,30.967456
tx,30.975648
tx,30.983840
tx,30.992032
tx,31.000224
tx,31.008416
tx,31.016608
tx,31.024800
tx,31.032992
tx,31.041184
tx,31.049376
tx,31.057568
tx,31.065760
tx,31.073952
tx,31.082144
tx,31.090336
tx,31.098528
tx,31.106720
tx,31.114912
tx,31.123104
tx,31.131296
tx,31.139488
tx,31.147680
tx,31.155872
tx,31.164064
tx,31.172256
tx,31.180448
tx,31.188640
tx,31.196832
tx,31.205024
tx,31.213216
tx,31.221408
tx,31.229600
tx,31.237792
tx,31.245984
tx,31.254176
tx,31.262368
tx,31.270560
tx,31.278752
tx,31.286944
tx,31.295136
tx,31.303328
tx,31.311520
tx,31.319712
tx,31.327904
tx,31.336096
tx,31.344288
tx,31.352480
tx,31.360672
tx,31.368864
tx,31.377056
tx,31.385248
tx,31.393440
tx,31.401632
tx,31.409824
tx,31.418016
tx,31.426208
tx,31.434400
tx,31.442592
tx,31.450784
tx,31.458976
tx,31.467168
tx,31.475360
tx,31.483552
tx,31.491744
tx,31.499936
tx,31.508128
tx,31.516320
tx,31.524512
tx,31.532704
tx,31.540896
tx,31.549088
tx,31.557280
tx,31.565472
tx,31.573664
tx,31.581856
tx,31.590048
tx,31.598240
tx,31.606432
tx,31.614624
tx,31.622816
tx,31.631008
tx,31.639200
tx,31.647392
tx,31.655584
tx,31.663776
tx,31.671968
tx,31.680160
tx,31.688352
tx,31.696544
tx,31.704736
tx,31.712928
tx,31.721120
tx,31.729312
tx,31.737504
tx,31.745696
tx,31.753888
tx,31.762080
tx,31.770272
tx,31.778464
tx,31.786656
tx,31.794848
tx,31.803040
tx,31.811232
tx,31.819424
tx,31.827616
tx,31.835808
tx,31.844000
tx,31.852192
tx,31.860384
tx,31.868576
tx,31.876768
tx,31.884960
tx,31.893152
tx,31.901344
tx,31.909536
tx,31.917728
tx,31.925920
tx,31.934112
tx,31.942304
tx,31.950496
tx,31.958688
tx,31.966880
tx,31.975072
tx,31.983264
tx,31.991456
tx,31.999648
tx,32.007840
tx,32.016032
tx,32.024224
tx,32.032416
tx,32.040608
tx,32.048800
tx,32.056992
tx,32.065184
tx,32.073376
tx,32.081568
tx,32.089760
tx,32.097952
tx,32.106144
tx,32.114336
tx,32.122528
tx,32.130720
tx,32.138912
tx,32.147104
tx,32.155296
tx,32.163488
tx,32.171680
tx,32.179872
tx,32.188064
tx,32.196256
tx,32.204448
tx,32.212640
tx,32.220832
tx,32.229024
tx,32.237216
tx,32.245408
tx,32.253600
tx,32.261792
tx,32.269984
tx,32.278176
tx,32.286368
tx,32.294560
tx,32.302752
tx,32.310944
tx,32.319136
tx,32.327328
tx,32.335520
tx,32.343712
tx,32.351904
tx,32.360096
tx,32.368288
tx,32.376480
tx,32.384672
tx,32.392864
tx,32.401056
tx,32.409248
tx,32.417440
tx,32.425632
tx,32.433824
tx,32.442016
tx,32.450208
tx,32.458400
tx,32.466592
tx,32.474784
tx,32.482976
tx,32.491168
tx,32.499360
tx,32.507552
tx,32.515744
tx,32.523936
tx,32.532128
tx,32.540320
tx,32.548512
tx,32.556704
tx,32.564896
tx,32.573088
tx,32.581280
tx,32.589472
tx,32.597664
tx,32.605856
tx,32.614048
tx,32.622240
tx,32.630432
tx,32.638624
tx,32.646816
tx,32.655008
tx,32.663200
tx,32.671392
tx,32.679584
tx,32.687776
tx,32.695968
tx,32.704160
tx,32.712352
tx,32.720544
tx,32.728736
tx,32.736928
tx,32.745120
tx,32.753312
tx,32.761504
tx,32.769696
tx,32.777888
tx,32.786080
tx,32.794272
tx,32.802464
tx,32.810656
tx,32.818848
tx,32.827040
tx,32.835232
tx,32.843424
tx,32.851616
tx,32.859808
tx,32.868000
tx,32.876192
tx,32.884384
tx,32.892576
tx,32.900768
tx,32.908960
tx,32.917152
tx,32.925344
tx,32.933536
tx,32.941728
tx,32.949920
tx,32.958112
tx,32.966304
tx,32.974496
tx,32.982688
tx,32.990880
tx,32.999072
tx,33.007264
tx,33.015456
tx,33.023648
tx,33.031840
tx,33.040032
tx,33.048224
tx,33.056416
tx,33.064608
tx,33.072800
tx,33.080992
tx,33.089184
tx,33.097376
tx,33.105568
tx,33.113760
tx,33.121952
tx,33.130144
tx,33.138336
tx,33.146528
tx,33.154720
tx,33.162912
tx,33.171104
tx,33.179296
tx,33.187488
tx,33.195680
tx,33.203872
tx,33.212064
tx,33.220256
tx,33.228448
tx,33.236640
tx,33.244832
tx,33.253024
tx,33.261216
tx,33.269408
tx,33.277600
tx,33.285792
tx,33.293984
tx,33.302176
tx,33.310368
tx,33.318560
tx,33.326752
tx,33.334944
tx,33.343136
tx,33.351328
tx,33.359520
tx,33.367712
tx,33.375904
tx,33.384096
tx,33.392288
tx,33.400480
tx,33.408672
tx,33.416864
tx,33.425056
tx,33.433248
tx,33.441440
tx,33.449632
tx,33.457824
tx,33.466016
tx,33.474208
tx,33.482400
tx,33.490592
tx,33.498784
tx,33.506976
tx,33.515168
tx,33.523360
tx,33.531552
tx,33.539744
tx,33.547936
tx,33.556128
tx,33.564320
tx,33.572512
tx,33.580704
tx,33.588896
tx,33.597088
tx,33.605280
tx,33.613472
tx,33.621664
tx,33.629856
tx,33.638048
tx,33.646240
tx,33.654432
tx,33.662624
tx,33.670816
tx,33.679008
tx,33.687200
tx,33.695392
tx,33.703584
tx,33.711776
tx,33.719968
tx,33.728160
tx,33.736352
tx,33.744544
tx,33.752736
tx,33.760928
tx,33.769120
tx,33.777312
tx,33.785504
tx,33.793696
tx,33.801888
tx,33.810080
tx,33.818272
tx,33.826464
tx,33.834656
tx,33.842848
tx,33.851040
tx,33.859232
tx,33.867424
tx,33.875616
tx,33.883808
tx,33.892000
tx,33.900192
tx,33.908384
tx,33.916576
tx,33.924768
tx,33.932960
tx,33.941152
tx,33.949344
tx,33.957536
tx,33.965728
tx,33.973920
tx,33.982112
tx,33.990304
tx,33.998496
tx,34.006688
tx,34.014880
tx,34.023072
tx,34.031264
tx,34.039456
tx,34.047648
tx,34.055840
tx,34.064032
tx,34.072224
tx,34.080416
tx,34.088608
tx,34.096800
tx,34.104992
tx,34.113184
tx,34.121376
tx,34.129568
tx,34.137760
tx,34.145952
tx,34.154144
tx,34.162336
tx,34.170528
tx,34.178720
tx,34.186912
tx,34.195104
tx,34.203296
tx,34.211488
tx,34.219680
tx,34.227872
tx,34.236064
tx,34.244256
tx,34.252448
tx,34.260640
tx,34.268832
tx,34.277024
tx,34.285216
tx,34.293408
tx,34.301600
tx,34.309792
tx,34.317984
tx,34.326176
tx,34.334368
tx,34.342560
tx,34.350752
tx,34.358944
tx,34.367136
tx,34.375328
tx,34.383520
tx,34.391712
tx,34.399904
tx,34.408096
tx,34.416288
tx,34.424480
tx,34.432672
tx,34.440864
tx,34.449056
tx,34.457248
tx,34.465440
tx,34.473632
tx,34.481824
tx,34.490016
tx,34.498208
tx,34.506400
tx,34.514592
tx,34.522784
tx,34.530976
tx,34.539168
tx,34.547360
tx,34.555552
tx,34.563744
tx,34.571936
tx,34.580128
tx,34.588320
tx,34.596512
tx,34.604704
tx,34.612896
tx,34.621088
tx,34.629280
tx,34.637472
tx,34.645664
tx,34.653856
tx,34.662048
tx,34.670240
tx,34.678432
tx,34.686624
tx,34.694816
tx,34.703008
tx,34.711200
tx,34.719392
tx,34.727584
tx,34.735776
tx,34.743968
tx,34.752160
tx,34.760352
tx,34.768544
tx,34.776736
tx,34.784928
tx,34.793120
tx,34.801312
tx,34.809504
tx,34.817696
tx,34.825888
tx,34.834080
tx,34.842272
tx,34.850464
tx,34.858656
tx,34.866848
tx,34.875040
tx,34.883232
tx,34.891424
tx,34.899616
tx,34.907808
tx,34.916000
tx,34.924192
tx,34.932384
tx,34.940576
tx,34.948768
tx,34.956960
tx,34.965152
tx,34.973344
tx,34.981536
tx,34.989728
tx,34.997920
tx,35.006112
tx,35.014304
tx,35.022496
tx,35.030688
tx,35.038880
tx,35.047072
tx,35.055264
tx,35.063456
tx,35.071648
tx,35.079840
tx,35.088032
tx,35.096224
tx,35.104416
tx,35.112608
tx,35.120800
tx,35.128992
tx,35.137184
tx,35.145376
tx,35.153568
tx,35.161760
tx,35.169952
tx,35.178144
tx,35.186336
tx,35.194528
tx,35.202720
tx,35.210912
tx,35.219104
tx,35.227296
tx,35.235488
tx,35.243680
tx,35.251872
tx,35.260064
tx,35.268256
tx,35.276448
tx,35.284640
tx,35.292832
tx,35.301024
tx,35.309216
tx,35.317408
tx,35.325600
tx,35.333792
tx,35.341984
tx,35.350176
tx,35.358368
tx,35.366560
tx,35.374752
tx,35.382944
tx,35.391136
tx,35.399328
tx,35.407520
tx,35.415712
tx,35.423904
tx,35.432096
tx,35.440288
tx,35.448480
tx,35.456672
tx,35.464864
tx,35.473056
tx,35.481248
tx,35.489440
tx,35.497632
tx,35.505824
tx,35.514016
tx,35.522208
tx,35.530400
tx,35.538592
tx,35.546784
tx,35.554976
tx,35.563168
tx,35.571360
tx,35.579552
tx,35.587744
tx,35.595936
tx,35.604128
tx,35.612320
tx,35.620512
tx,35.628704
tx,35.636896
tx,35.645088
tx,35.653280
tx,35.661472
tx,35.669664
tx,35.677856
tx,35.686048
tx,35.694240
tx,35.702432
tx,35.710624
tx,35.718816
tx,35.727008
tx,35.735200
tx,35.743392
tx,35.751584
tx,35.759776
tx,35.767968
tx,35.776160
tx,35.784352
tx,35.792544
tx,35.800736
tx,35.808928
tx,35.817120
tx,35.825312
tx,35.833504
tx,35.841696
tx,35.849888
tx,35.858080
tx,35.866272
tx,35.874464
tx,35.882656
tx,35.890848
tx,35.899040
tx,35.907232
tx,35.915424
tx,35.923616
tx,35.931808
tx,35.940000
tx,35.948192
tx,35.956384
tx,35.964576
tx,35.972768
tx,35.980960
tx,35.989152
tx,35.997344
tx,36.005536
tx,36.013728
tx,36.021920
tx,36.030112
tx,36.038304
tx,36.046496
tx,36.054688
tx,36.062880
tx,36.071072
tx,36.079264
tx,36.087456
tx,36.095648
tx,36.103840
tx,36.112032
tx,36.120224
tx,36.128416
tx,36.136608
tx,36.144800
tx,36.152992
tx,36.161184
tx,36.169376
tx,36.177568
tx,36.185760
tx,36.193952
tx,36.202144
tx,36.210336
tx,36.218528
tx,36.226720
tx,36.234912
tx,36.243104
tx,36.251296
tx,36.259488
tx,36.267680
tx,36.275872
tx,36.284064
tx,36.292256
tx,36.300448
tx,36.308640
tx,36.316832
tx,36.325024
tx,36.333216
tx,36.341408
tx,36.349600
tx,36.357792
tx,36.365984
tx,36.374176
tx,36.382368
tx,36.390560
tx,36.398752
tx,36.406944
tx,36.415136
tx,36.423328
tx,36.431520
tx,36.439712
tx,36.447904
tx,36.456096
tx,36.464288
tx,36.472480
tx,36.480672
tx,36.488864
tx,36.497056
tx,36.505248
tx,36.513440
tx,36.521632
tx,36.529824
tx,36.538016
tx,36.546208
tx,36.554400
tx,36.562592
tx,36.570784
tx,36.578976
tx,36.587168
tx,36.595360
tx,36.603552
tx,36.611744
tx,36.619936
tx,36.628128
tx,36.636320
tx,36.644512
tx,36.652704
tx,36.660896
tx,36.669088
tx,36.677280
tx,36.685472
tx,36.693664
tx,36.701856
tx,36.710048
tx,36.718240
tx,36.726432
tx,36.734624
tx,36.742816
tx,36.751008
tx,36.759200
tx,36.767392
tx,36.775584
tx,36.783776
tx,36.791968
tx,36.800160
tx,36.808352
tx,36.816544
tx,36.824736
tx,36.832928
tx,36.841120
tx,36.849312
tx,36.857504
tx,36.865696
tx,36.873888
tx,36.882080
tx,36.890272
tx,36.898464
tx,36.906656
tx,36.914848
tx,36.923040
tx,36.931232
tx,36.939424
tx,36.947616
tx,36.955808
tx,36.964000
tx,36.972192
tx,36.980384
tx,36.988576
tx,36.996768
tx,37.004960
tx,37.013152
tx,37.021344
tx,37.029536
tx,37.037728
tx,37.045920
tx,37.054112
tx,37.062304
tx,37.070496
tx,37.078688
tx,37.086880
tx,37.095072
tx,37.103264
tx,37.111456
tx,37.119648
tx,37.127840
tx,37.136032
tx,37.144224
tx,37.152416
tx,37.160608
tx,37.168800
tx,37.176992
tx,37.185184
tx,37.193376
tx,37.201568
tx,37.209760
tx,37.217952
tx,37.226144
tx,37.234336
tx,37.242528
tx,37.250720
tx,37.258912
tx,37.267104
tx,37.275296
tx,37.283488
tx,37.291680
tx,37.299872
tx,37.308064
tx,37.316256
tx,37.324448
tx,37.332640
tx,37.340832
tx,37.349024
tx,37.357216
tx,37.365408
tx,37.373600
tx,37.381792
tx,37.389984
tx,37.398176
tx,37.406368
tx,37.414560
tx,37.422752
tx,37.430944
tx,37.439136
tx,37.447328
tx,37.455520
tx,37.463712
tx,37.471904
tx,37.480096
tx,37.488288
tx,37.496480
tx,37.504672
tx,37.512864
tx,37.521056
tx,37.529248
tx,37.537440
tx,37.545632
tx,37.553824
tx,37.562016
tx,37.570208
tx,37.578400
tx,37.586592
tx,37.594784
tx,37.602976
tx,37.611168
tx,37.619360
tx,37.627552
tx,37.635744
tx,37.643936
tx,37.652128
tx,37.660320
tx,37.668512
tx,37.676704
tx,37.684896
tx,37.693088
tx,37.701280
tx,37.709472
tx,37.717664
tx,37.725856
tx,37.734048
tx,37.742240
tx,37.750432
tx,37.758624
tx,37.766816
tx,37.775008
tx,37.783200
tx,37.791392
tx,37.799584
tx,37.807776
tx,37.815968
tx,37.824160
tx,37.832352
tx,37.840544
tx,37.848736
tx,37.856928
tx,37.865120
tx,37.873312
tx,37.881504
tx,37.889696
tx,37.897888
tx,37.906080
tx,37.914272
tx,37.922464
tx,37.930656
tx,37.938848
tx,37.947040
tx,37.955232
tx,37.963424
tx,37.971616
tx,37.979808
tx,37.988000
tx,37.996192
tx,38.004384
tx,38.012576
tx,38.020768
tx,38.028960
tx,38.037152
tx,38.045344
tx,38.053536
tx,38.061728
tx,38.069920
tx,38.078112
tx,38.086304
tx,38.094496
tx,38.102688
tx,38.110880
tx,38.119072
tx,38.127264
tx,38.135456
tx,38.143648
tx,38.151840
tx,38.160032
tx,38.168224
tx,38.176416
tx,38.184608
tx,38.192800
tx,38.200992
tx,38.209184
tx,38.217376
tx,38.225568
tx,38.233760
tx,38.241952
tx,38.250144
tx,38.258336
tx,38.266528
tx,38.274720
tx,38.282912
tx,38.291104
tx,38.299296
tx,38.307488
tx,38.315680
tx,38.323872
tx,38.332064
tx,38.340256
tx,38.348448
tx,38.356640
tx,38.364832
tx,38.373024
tx,38.381216
tx,38.389408
tx,38.397600
tx,38.405792
tx,38.413984
tx,38.422176
tx,38.430368
tx,38.438560
tx,38.446752
tx,38.454944
tx,38.463136
tx,38.471328
tx,38.479520
tx,38.487712
tx,38.495904
tx,38.504096
tx,38.512288
tx,38.520480
tx,38.528672
tx,38.536864
tx,38.545056
tx,38.553248
tx,38.561440
tx,38.569632
tx,38.577824
tx,38.586016
tx,38.594208
tx,38.602400
tx,38.610592
tx,38.618784
tx,38.626976
tx,38.635168
tx,38.643360
tx,38.651552
tx,38.659744
tx,38.667936
tx,38.676128
tx,38.684320
tx,38.692512
tx,38.700704
tx,38.708896
tx,38.717088
tx,38.725280
tx,38.733472
tx,38.741664
tx,38.749856
tx,38.758048
tx,38.766240
tx,38.774432
tx,38.782624
tx,38.790816
tx,38.799008
tx,38.807200
tx,38.815392
tx,38.823584
tx,38.831776
tx,38.839968
tx,38.848160
tx,38.856352
tx,38.864544
tx,38.872736
tx,38.880928
tx,38.889120
tx,38.897312
tx,38.905504
tx,38.913696
tx,38.921888
tx,38.930080
tx,38.938272
tx,38.946464
tx,38.954656
tx,38.962848
tx,38.971040
tx,38.979232
tx,38.987424
tx,38.995616
tx,39.003808
tx,39.012000
tx,39.020192
tx,39.028384
tx,39.036576
tx,39.044768
tx,39.052960
tx,39.061152
tx,39.069344
tx,39.077536
tx,39.085728
tx,39.093920
tx,39.102112
tx,39.110304
tx,39.118496
tx,39.126688
tx,39.134880
tx,39.143072
tx,39.151264
tx,39.159456
tx,39.167648
tx,39.175840
tx,39.184032
tx,39.192224
tx,39.200416
tx,39.208608
tx,39.216800
tx,39.224992
tx,39.233184
tx,39.241376
tx,39.249568
tx,39.257760
tx,39.265952
tx,39.274144
tx,39.282336
tx,39.290528
tx,39.298720
tx,39.306912
tx,39.315104
tx,39.323296
tx,39.331488
tx,39.339680
tx,39.347872
tx,39.356064
tx,39.364256
tx,39.372448
tx,39.380640
tx,39.388832
tx,39.397024
tx,39.405216
tx,39.413408
tx,39.421600
tx,39.429792
tx,39.437984
tx,39.446176
tx,39.454368
tx,39.462560
tx,39.470752
tx,39.478944
tx,39.487136
tx,39.495328
tx,39.503520
tx,39.511712
tx,39.519904
tx,39.528096
tx,39.536288
tx,39.544480
tx,39.552672
tx,39.560864
tx,39.569056
tx,39.577248
tx,39.585440
tx,39.593632
tx,39.601824
tx,39.610016
tx,39.618208
tx,39.626400
tx,39.634592
tx,39.642784
tx,39.650976
tx,39.659168
tx,39.667360
tx,39.675552
tx,39.683744
tx,39.691936
tx,39.700128
tx,39.708320
tx,39.716512
tx,39.724704
tx,39.732896
tx,39.741088
tx,39.749280
tx,39.757472
tx,39.765664
tx,39.773856
tx,39.782048
tx,39.790240
tx,39.798432
tx,39.806624
tx,39.814816
tx,39.823008
tx,39.831200
tx,39.839392
tx,39.847584
tx,39.855776
tx,39.863968
tx,39.872160
tx,39.880352
tx,39.888544
tx,39.896736
tx,39.904928
tx,39.913120
tx,39.921312
tx,39.929504
tx,39.937696
tx,39.945888
tx,39.954080
tx,39.962272
tx,39.970464
tx,39.978656
tx,39.986848
tx,39.995040
tx,40.003232
tx,40.011424
tx,40.019616
tx,40.027808
tx,40.036000
tx,40.044192
tx,40.052384
tx,40.060576
tx,40.068768
tx,40.076960
tx,40.085152
tx,40.093344
tx,40.101536
tx,40.109728
tx,40.117920
tx,40.126112
tx,40.134304
tx,40.142496
tx,40.150688
tx,40.158880
tx,40.167072
tx,40.175264
tx,40.183456
tx,40.191648
tx,40.199840
tx,40.208032
tx,40.216224
tx,40.224416
tx,40.232608
tx,40.240800
tx,40.248992
tx,40.257184
tx,40.265376
tx,40.273568
tx,40.281760
tx,40.289952
tx,40.298144
tx,40.306336
tx,40.314528
tx,40.322720
tx,40.330912
tx,40.339104
tx,40.347296
tx,40.355488
tx,40.363680
tx,40.371872
tx,40.380064
tx,40.388256
tx,40.396448
tx,40.404640
tx,40.412832
tx,40.421024
tx,40.429216
tx,40.437408
tx,40.445600
tx,40.453792
tx,40.461984
tx,40.470176
tx,40.478368
tx,40.486560
tx,40.494752
tx,40.502944
tx,40.511136
tx,40.519328
tx,40.527520
tx,40.535712
tx,40.543904
tx,40.552096
tx,40.560288
tx,40.568480
tx,40.576672
tx,40.584864
tx,40.593056
tx,40.601248
tx,40.609440
tx,40.617632
tx,40.625824
tx,40.634016
tx,40.642208
tx,40.650400
tx,40.658592
tx,40.666784
tx,40.674976
tx,40.683168
tx,40.691360
tx,40.699552
tx,40.707744
tx,40.715936
tx,40.724128
tx,40.732320
tx,40.740512
tx,40.748704
tx,40.756896
tx,40.765088
tx,40.773280
tx,40.781472
tx,40.789664
tx,40.797856
tx,40.806048
tx,40.814240
tx,40.822432
tx,40.830624
tx,40.838816
tx,40.847008
tx,40.855200
tx,40.863392
tx,40.871584
tx,40.879776
tx,40.887968
tx,40.896160
tx,40.904352
tx,40.912544
tx,40.920736
tx,40.928928
tx,40.937120
tx,40.945312
tx,40.953504
tx,40.961696
tx,40.969888
tx,40.978080
tx,40.986272
tx,40.994464
tx,41.002656
tx,41.010848
tx,41.019040
tx,41.027232
tx,41.035424
tx,41.043616
tx,41.051808
tx,41.060000
tx,41.068192
tx,41.076384
tx,41.084576
tx,41.092768
tx,41.100960
tx,41.109152
tx,41.117344
tx,41.125536
tx,41.133728
tx,41.141920
tx,41.150112
tx,41.158304
tx,41.166496
tx,41.174688
tx,41.182880
tx,41.191072
tx,41.199264
tx,41.207456
tx,41.215648
tx,41.223840
tx,41.232032
tx,41.240224
tx,41.248416
tx,41.256608
tx,41.264800
tx,41.272992
tx,41.281184
tx,41.289376
tx,41.297568
tx,41.305760
tx,41.313952
tx,41.322144
tx,41.330336
tx,41.338528
tx,41.346720
tx,41.354912
tx,41.363104
tx,41.371296
tx,41.379488
tx,41.387680
tx,41.395872
tx,41.404064
tx,41.412256
tx,41.420448
tx,41.428640
tx,41.436832
tx,41.445024
tx,41.453216
tx,41.461408
tx,41.469600
tx,41.477792
tx,41.485984
tx,41.494176
tx,41.502368
tx,41.510560
tx,41.518752
tx,41.526944
tx,41.535136
tx,41.543328
tx,41.551520
tx,41.559712
tx,41.567904
tx,41.576096
tx,41.584288
tx,41.592480
tx,41.600672
tx,41.608864
tx,41.617056
tx,41.625248
tx,41.633440
tx,41.641632
tx,41.649824
tx,41.658016
tx,41.666208
tx,41.674400
tx,41.682592
tx,41.690784
tx,41.698976
tx,41.707168
tx,41.715360
tx,41.723552
tx,41.731744
tx,41.739936
tx,41.748128
tx,41.756320
tx,41.764512
tx,41.772704
tx,41.780896
tx,41.789088
tx,41.797280
tx,41.805472
tx,41.813664
tx,41.821856
tx,41.830048
tx,41.838240
tx,41.846432
tx,41.854624
tx,41.862816
tx,41.871008
tx,41.879200
tx,41.887392
tx,41.895584
tx,41.903776
tx,41.911968
tx,41.920160
tx,41.928352
tx,41.936544
tx,41.944736
tx,41.952928
tx,41.961120
tx,41.969312
tx,41.977504
tx,41.985696
tx,41.993888
tx,42.002080
tx,42.010272
tx,42.018464
tx,42.026656
tx,42.034848
tx,42.043040
tx,42.051232
tx,42.059424
tx,42.067616
tx,42.075808
tx,42.084000
tx,42.092192
tx,42.100384
tx,42.108576
tx,42.116768
tx,42.124960
tx,42.133152
tx,42.141344
tx,42.149536
tx,42.157728
tx,42.165920
tx,42.174112
tx,42.182304
tx,42.190496
tx,42.198688
tx,42.206880
tx,42.215072
tx,42.223264
tx,42.231456
tx,42.239648
tx,42.247840
tx,42.256032
tx,42.264224
tx,42.272416
tx,42.280608
tx,42.288800
tx,42.296992
tx,42.305184
tx,42.313376
tx,42.321568
tx,42.329760
tx,42.337952
tx,42.346144
tx,42.354336
tx,42.362528
tx,42.370720
tx,42.378912
tx,42.387104
tx,42.395296
tx,42.403488
tx,42.411680
tx,42.419872
tx,42.428064
tx,42.436256
tx,42.444448
tx,42.452640
tx,42.460832
tx,42.469024
tx,42.477216
tx,42.485408
tx,42.493600
tx,42.501792
tx,42.509984
tx,42.518176
tx,42.526368
tx,42.534560
tx,42.542752
tx,42.550944
tx,42.559136
tx,42.567328
tx,42.575520
tx,42.583712
tx,42.591904
tx,42.600096
tx,42.608288
tx,42.616480
tx,42.624672
tx,42.632864
tx,42.641056
tx,42.649248
tx,42.657440
tx,42.665632
tx,42.673824
tx,42.682016
tx,42.690208
tx,42.698400
tx,42.706592
tx,42.714784
tx,42.722976
tx,42.731168
tx,42.739360
tx,42.747552
tx,42.755744
tx,42.763936
tx,42.772128
tx,42.780320
tx,42.788512
tx,42.796704
tx,42.804896
tx,42.813088
tx,42.821280
tx,42.829472
tx,42.837664
tx,42.845856
tx,42.854048
tx,42.862240
tx,42.870432
tx,42.878624
tx,42.886816
tx,42.895008
tx,42.903200
tx,42.911392
tx,42.919584
tx,42.927776
tx,42.935968
tx,42.944160
tx,42.952352
tx,42.960544
tx,42.968736
tx,42.976928
tx,42.985120
tx,42.993312
tx,43.001504
tx,43.009696
tx,43.017888
tx,43.026080
tx,43.034272
tx,43.042464
tx,43.050656
tx,43.058848
tx,43.067040
tx,43.075232
tx,43.083424
tx,43.091616
tx,43.099808
tx,43.108000
tx,43.116192
tx,43.124384
tx,43.132576
tx,43.140768
tx,43.148960
tx,43.157152
tx,43.165344
tx,43.173536
tx,43.181728
tx,43.189920
tx,43.198112
tx,43.206304
tx,43.214496
tx,43.222688
tx,43.230880
tx,43.239072
tx,43.247264
tx,43.255456
tx,43.263648
tx,43.271840
tx,43.280032
tx,43.288224
tx,43.296416
tx,43.304608
tx,43.312800
tx,43.320992
tx,43.329184
tx,43.337376
tx,43.345568
tx,43.353760
tx,43.361952
tx,43.370144
tx,43.378336
tx,43.386528
tx,43.394720
tx,43.402912
tx,43.411104
tx,43.419296
tx,43.427488
tx,43.435680
tx,43.443872
tx,43.452064
tx,43.460256
tx,43.468448
tx,43.476640
tx,43.484832
tx,43.493024
tx,43.501216
tx,43.509408
tx,43.517600
tx,43.525792
tx,43.533984
tx,43.542176
tx,43.550368
tx,43.558560
tx,43.566752
tx,43.574944
tx,43.583136
tx,43.591328
tx,43.599520
tx,43.607712
tx,43.615904
tx,43.624096
tx,43.632288
tx,43.640480
tx,43.648672
tx,43.656864
tx,43.665056
tx,43.673248
tx,43.681440
tx,43.689632
tx,43.697824
tx,43.706016
tx,43.714208
tx,43.722400
tx,43.730592
tx,43.738784
tx,43.746976
tx,43.755168
tx,43.763360
tx,43.771552
tx,43.779744
tx,43.787936
tx,43.796128
tx,43.804320
tx,43.812512
tx,43.820704
tx,43.828896
tx,43.837088
tx,43.845280
tx,43.853472
tx,43.861664
tx,43.869856
tx,43.878048
tx,43.886240
tx,43.894432
tx,43.902624
tx,43.910816
tx,43.919008
tx,43.927200
tx,43.935392
tx,43.943584
tx,43.951776
tx,43.959968
tx,43.968160
tx,43.976352
tx,43.984544
tx,43.992736
tx,44.000928
tx,44.009120
tx,44.017312
tx,44.025504
tx,44.033696
tx,44.041888
tx,44.050080
tx,44.058272
tx,44.066464
tx,44.074656
tx,44.082848
tx,44.091040
tx,44.099232
tx,44.107424
tx,44.115616
tx,44.123808
tx,44.132000
tx,44.140192
tx,44.148384
tx,44.156576
tx,44.164768
tx,44.172960
tx,44.181152
tx,44.189344
tx,44.197536
tx,44.205728
tx,44.213920
tx,44.222112
tx,44.230304
tx,44.238496
tx,44.246688
tx,44.254880
tx,44.263072
tx,44.271264
tx,44.279456
tx,44.287648
tx,44.295840
tx,44.304032
tx,44.312224
tx,44.320416
tx,44.328608
tx,44.336800
tx,44.344992
tx,44.353184
tx,44.361376
tx,44.369568
tx,44.377760
tx,44.385952
tx,44.394144
tx,44.402336
tx,44.410528
tx,44.418720
tx,44.426912
tx,44.435104
tx,44.443296
tx,44.451488
tx,44.459680
tx,44.467872
tx,44.476064
tx,44.484256
tx,44.492448
tx,44.500640
tx,44.508832
tx,44.517024
tx,44.525216
tx,44.533408
tx,44.541600
tx,44.549792
tx,44.557984
tx,44.566176
tx,44.574368
tx,44.582560
tx,44.590752
tx,44.598944
tx,44.607136
tx,44.615328
tx,44.623520
tx,44.631712
tx,44.639904
tx,44.648096
tx,44.656288
tx,44.664480
tx,44.672672
tx,44.680864
tx,44.689056
tx,44.697248
tx,44.705440
tx,44.713632
tx,44.721824
tx,44.730016
tx,44.738208
tx,44.746400
tx,44.754592
tx,44.762784
tx,44.770976
tx,44.779168
tx,44.787360
tx,44.795552
tx,44.803744
tx,44.811936
tx,44.820128
tx,44.828320
tx,44.836512
tx,44.844704
tx,44.852896
tx,44.861088
tx,44.869280
tx,44.877472
tx,44.885664
tx,44.893856
tx,44.902048
tx,44.910240
tx,44.918432
tx,44.926624
tx,44.934816
tx,44.943008
tx,44.951200
tx,44.959392
tx,44.967584
tx,44.975776
tx,44.983968
tx,44.992160
tx,45.000352
tx,45.008544
tx,45.016736
tx,45.024928
tx,45.033120
tx,45.041312
tx,45.049504
tx,45.057696
tx,45.065888
tx,45.074080
tx,45.082272
tx,45.090464
tx,45.098656
tx,45.106848
tx,45.115040
tx,45.123232
tx,45.131424
tx,45.139616
tx,45.147808
tx,45.156000
tx,45.164192
tx,45.172384
tx,45.180576
tx,45.188768
tx,45.196960
tx,45.205152
tx,45.213344
tx,45.221536
tx,45.229728
tx,45.237920
tx,45.246112
tx,45.254304
tx,45.262496
tx,45.270688
tx,45.278880
tx,45.287072
tx,45.295264
tx,45.303456
tx,45.311648
tx,45.319840
tx,45.328032
tx,45.336224
tx,45.344416
tx,45.352608
tx,45.360800
tx,45.368992
tx,45.377184
tx,45.385376
tx,45.393568
tx,45.401760
tx,45.409952
tx,45.418144
tx,45.426336
tx,45.434528
tx,45.442720
tx,45.450912
tx,45.459104
tx,45.467296
tx,45.475488
tx,45.483680
tx,45.491872
tx,45.500064
tx,45.508256
tx,45.516448
tx,45.524640
tx,45.532832
tx,45.541024
tx,45.549216
tx,45.557408
tx,45.565600
tx,45.573792
tx,45.581984
tx,45.590176
tx,45.598368
tx,45.606560
tx,45.614752
tx,45.622944
tx,45.631136
tx,45.639328
tx,45.647520
tx,45.655712
tx,45.663904
tx,45.672096
tx,45.680288
tx,45.688480
tx,45.696672
tx,45.704864
tx,45.713056
tx,45.721248
tx,45.729440
tx,45.737632
tx,45.745824
tx,45.754016
tx,45.762208
tx,45.770400
tx,45.778592
tx,45.786784
tx,45.794976
tx,45.803168
tx,45.811360
tx,45.819552
tx,45.827744
tx,45.835936
tx,45.844128
tx,45.852320
tx,45.860512
tx,45.868704
tx,45.876896
tx,45.885088
tx,45.893280
tx,45.901472
tx,45.909664
tx,45.917856
tx,45.926048
tx,45.934240
tx,45.942432
tx,45.950624
tx,45.958816
tx,45.967008
tx,45.975200
tx,45.983392
tx,45.991584
tx,45.999776
tx,46.007968
tx,46.016160
tx,46.024352
tx,46.032544
tx,46.040736
tx,46.048928
tx,46.057120
tx,46.065312
tx,46.073504
tx,46.081696
tx,46.089888
tx,46.098080
tx,46.106272
tx,46.114464
tx,46.122656
tx,46.130848
tx,46.139040
tx,46.147232
tx,46.155424
tx,46.163616
tx,46.171808
tx,46.180000
tx,46.188192
tx,46.196384
tx,46.204576
tx,46.212768
tx,46.220960
tx,46.229152
tx,46.237344
tx,46.245536
tx,46.253728
tx,46.261920
tx,46.270112
tx,46.278304
tx,46.286496
tx,46.294688
tx,46.302880
tx,46.311072
tx,46.319264
tx,46.327456
tx,46.335648
tx,46.343840
tx,46.352032
tx,46.360224
tx,46.368416
tx,46.376608
tx,46.384800
tx,46.392992
tx,46.401184
tx,46.409376
tx,46.417568
tx,46.425760
tx,46.433952
tx,46.442144
tx,46.450336
tx,46.458528
tx,46.466720
tx,46.474912
tx,46.483104
tx,46.491296
tx,46.499488
tx,46.507680
tx,46.515872
tx,46.524064
tx,46.532256
tx,46.540448
tx,46.548640
tx,46.556832
tx,46.565024
tx,46.573216
tx,46.581408
tx,46.589600
tx,46.597792
tx,46.605984
tx,46.614176
tx,46.622368
tx,46.630560
tx,46.638752
tx,46.646944
tx,46.655136
tx,46.663328
tx,46.671520
tx,46.679712
tx,46.687904
tx,46.696096
tx,46.704288
tx,46.712480
tx,46.720672
tx,46.728864
tx,46.737056
tx,46.745248
tx,46.753440
tx,46.761632
tx,46.769824
tx,46.778016
tx,46.786208
tx,46.794400
tx,46.802592
tx,46.810784
tx,46.818976
tx,46.827168
tx,46.835360
tx,46.843552
tx,46.851744
tx,46.859936
tx,46.868128
tx,46.876320
tx,46.884512
tx,46.892704
tx,46.900896
tx,46.909088
tx,46.917280
tx,46.925472
tx,46.933664
tx,46.941856
tx,46.950048
tx,46.958240
tx,46.966432
tx,46.974624
tx,46.982816
tx,46.991008
tx,46.999200
tx,47.007392
tx,47.015584
tx,47.023776
tx,47.031968
tx,47.040160
tx,47.048352
tx,47.056544
tx,47.064736
tx,47.072928
tx,47.081120
tx,47.089312
tx,47.097504
tx,47.105696
tx,47.113888
tx,47.122080
tx,47.130272
tx,47.138464
tx,47.146656
tx,47.154848
tx,47.163040
tx,47.171232
tx,47.179424
tx,47.187616
tx,47.195808
tx,47.204000
tx,47.212192
tx,47.220384
tx,47.228576
tx,47.236768
tx,47.244960
tx,47.253152
tx,47.261344
tx,47.269536
tx,47.277728
tx,47.285920
tx,47.294112
tx,47.302304
tx,47.310496
tx,47.318688
tx,47.326880
tx,47.335072
tx,47.343264
tx,47.351456
tx,47.359648
tx,47.367840
tx,47.376032
tx,47.384224
tx,47.392416
tx,47.400608
tx,47.408800
tx,47.416992
tx,47.425184
tx,47.433376
tx,47.441568
tx,47.449760
tx,47.457952
tx,47.466144
tx,47.474336
tx,47.482528
tx,47.490720
tx,47.498912
tx,47.507104
tx,47.515296
tx,47.523488
tx,47.531680
tx,47.539872
tx,47.548064
tx,47.556256
tx,47.564448
tx,47.572640
tx,47.580832
tx,47.589024
tx,47.597216
tx,47.605408
tx,47.613600
tx,47.621792
tx,47.629984
tx,47.638176
tx,47.646368
tx,47.654560
tx,47.662752
tx,47.670944
tx,47.679136
tx,47.687328
tx,47.695520
tx,47.703712
tx,47.711904
tx,47.720096
tx,47.728288
tx,47.736480
tx,47.744672
tx,47.752864
tx,47.761056
tx,47.769248
tx,47.777440
tx,47.785632
tx,47.793824
tx,47.802016
tx,47.810208
tx,47.818400
tx,47.826592
tx,47.834784
tx,47.842976
tx,47.851168
tx,47.859360
tx,47.867552
tx,47.875744
tx,47.883936
tx,47.892128
tx,47.900320
tx,47.908512
tx,47.916704
tx,47.924896
tx,47.933088
tx,47.941280
tx,47.949472
tx,47.957664
tx,47.965856
tx,47.974048
tx,47.982240
tx,47.990432
tx,47.998624
tx,48.006816
tx,48.015008
tx,48.023200
tx,48.031392
tx,48.039584
tx,48.047776
tx,48.055968
tx,48.064160
tx,48.072352
tx,48.080544
tx,48.088736
tx,48.096928
tx,48.105120
tx,48.113312
tx,48.121504
tx,48.129696
tx,48.137888
tx,48.146080
tx,48.154272
tx,48.162464
tx,48.170656
tx,48.178848
tx,48.187040
tx,48.195232
tx,48.203424
tx,48.211616
tx,48.219808
tx,48.228000
tx,48.236192
tx,48.244384
tx,48.252576
tx,48.260768
tx,48.268960
tx,48.277152
tx,48.285344
tx,48.293536
tx,48.301728
tx,48.309920
tx,48.318112
tx,48.326304
tx,48.334496
tx,48.342688
tx,48.350880
tx,48.359072
tx,48.367264
tx,48.375456
tx,48.383648
tx,48.391840
tx,48.400032
tx,48.408224
tx,48.416416
tx,48.424608
tx,48.432800
tx,48.440992
tx,48.449184
tx,48.457376
tx,48.465568
tx,48.473760
tx,48.481952
tx,48.490144
tx,48.498336
tx,48.506528
tx,48.514720
tx,48.522912
tx,48.531104
tx,48.539296
tx,48.547488
tx,48.555680
tx,48.563872
tx,48.572064
tx,48.580256
tx,48.588448
tx,48.596640
tx,48.604832
tx,48.613024
tx,48.621216
tx,48.629408
tx,48.637600
tx,48.645792
tx,48.653984
tx,48.662176
tx,48.670368
tx,48.678560
tx,48.686752
tx,48.694944
tx,48.703136
tx,48.711328
tx,48.719520
tx,48.727712
tx,48.735904
tx,48.744096
tx,48.752288
tx,48.760480
tx,48.768672
tx,48.776864
tx,48.785056
tx,48.793248
tx,48.801440
tx,48.809632
tx,48.817824
tx,48.826016
tx,48.834208
tx,48.842400
tx,48.850592
tx,48.858784
tx,48.866976
tx,48.875168
tx,48.883360
tx,48.891552
tx,48.899744
tx,48.907936
tx,48.916128
tx,48.924320
tx,48.932512
tx,48.940704
tx,48.948896
tx,48.957088
tx,48.965280
tx,48.973472
tx,48.981664
tx,48.989856
tx,48.998048
tx,49.006240
tx,49.014432
tx,49.022624
tx,49.030816
tx,49.039008
tx,49.047200
tx,49.055392
tx,49.063584
tx,49.071776
tx,49.079968
tx,49.088160
tx,49.096352
tx,49.104544
tx,49.112736
tx,49.120928
tx,49.129120
tx,49.137312
tx,49.145504
tx,49.153696
tx,49.161888
tx,49.170080
tx,49.178272
tx,49.186464
tx,49.194656
tx,49.202848
tx,49.211040
tx,49.219232
tx,49.227424
tx,49.235616
tx,49.243808
tx,49.252000
tx,49.260192
tx,49.268384
tx,49.276576
tx,49.284768
tx,49.292960
tx,49.301152
tx,49.309344
tx,49.317536
tx,49.325728
tx,49.333920
tx,49.342112
tx,49.350304
tx,49.358496
tx,49.366688
tx,49.374880
tx,49.383072
tx,49.391264
tx,49.399456
tx,49.407648
tx,49.415840
tx,49.424032
tx,49.432224
tx,49.440416
tx,49.448608
tx,49.456800
tx,49.464992
tx,49.473184
tx,49.481376
tx,49.489568
tx,49.497760
tx,49.505952
tx,49.514144
tx,49.522336
tx,49.530528
tx,49.538720
tx,49.546912
tx,49.555104
tx,49.563296
tx,49.571488
tx,49.579680
tx,49.587872
tx,49.596064
tx,49.604256
tx,49.612448
tx,49.620640
tx,49.628832
tx,49.637024
tx,49.645216
tx,49.653408
tx,49.661600
tx,49.669792
tx,49.677984
tx,49.686176
tx,49.694368
tx,49.702560
tx,49.710752
tx,49.718944
tx,49.727136
tx,49.735328
tx,49.743520
tx,49.751712
tx,49.759904
tx,49.768096
tx,49.776288
tx,49.784480
tx,49.792672
tx,49.800864
tx,49.809056
tx,49.817248
tx,49.825440
tx,49.833632
tx,49.841824
tx,49.850016
tx,49.858208
tx,49.866400
tx,49.874592
tx,49.882784
tx,49.890976
tx,49.899168
tx,49.907360
tx,49.915552
tx,49.923744
tx,49.931936
tx,49.940128
tx,49.948320
tx,49.956512
tx,49.964704
tx,49.972896
tx,49.981088
tx,49.989280
tx,49.997472
tx,50.005664
tx,50.013856
tx,50.022048
tx,50.030240
tx,50.038432
tx,50.046624
tx,50.054816
tx,50.063008
tx,50.071200
tx,50.079392
tx,50.087584
tx,50.095776
tx,50.103968
tx,50.112160
tx,50.120352
tx,50.128544
tx,50.136736
tx,50.144928
tx,50.153120
tx,50.161312
tx,50.169504
tx,50.177696
tx,50.185888
tx,50.194080
tx,50.202272
tx,50.210464
tx,50.218656
tx,50.226848
tx,50.235040
tx,50.243232
tx,50.251424
tx,50.259616
tx,50.267808
tx,50.276000
tx,50.284192
tx,50.292384
tx,50.300576
tx,50.308768
tx,50.316960
tx,50.325152
tx,50.333344
tx,50.341536
tx,50.349728
tx,50.357920
tx,50.366112
tx,50.374304
tx,50.382496
tx,50.390688
tx,50.398880
tx,50.407072
tx,50.415264
tx,50.423456
tx,50.431648
tx,50.439840
tx,50.448032
tx,50.456224
tx,50.464416
tx,50.472608
tx,50.480800
tx,50.488992
tx,50.497184
tx,50.505376
tx,50.513568
tx,50.521760
tx,50.529952
tx,50.538144
tx,50.546336
tx,50.554528
tx,50.562720
tx,50.570912
tx,50.579104
tx,50.587296
tx,50.595488
tx,50.603680
tx,50.611872
tx,50.620064
tx,50.628256
tx,50.636448
tx,50.644640
tx,50.652832
tx,50.661024
tx,50.669216
tx,50.677408
tx,50.685600
tx,50.693792
tx,50.701984
tx,50.710176
tx,50.718368
tx,50.726560
tx,50.734752
tx,50.742944
tx,50.751136
tx,50.759328
tx,50.767520
tx,50.775712
tx,50.783904
tx,50.792096
tx,50.800288
tx,50.808480
tx,50.816672
tx,50.824864
tx,50.833056
tx,50.841248
tx,50.849440
tx,50.857632
tx,50.865824
tx,50.874016
tx,50.882208
tx,50.890400
tx,50.898592
tx,50.906784
tx,50.914976
tx,50.923168
tx,50.931360
tx,50.939552
tx,50.947744
tx,50.955936
tx,50.964128
tx,50.972320
tx,50.980512
tx,50.988704
tx,50.996896
tx,51.005088
tx,51.013280
tx,51.021472
tx,51.029664
tx,51.037856
tx,51.046048
tx,51.054240
tx,51.062432
tx,51.070624
tx,51.078816
tx,51.087008
tx,51.095200
tx,51.103392
tx,51.111584
tx,51.119776
tx,51.127968
tx,51.136160
tx,51.144352
tx,51.152544
tx,51.160736
tx,51.168928
tx,51.177120
tx,51.185312
tx,51.193504
tx,51.201696
tx,51.209888
tx,51.218080
tx,51.226272
tx,51.234464
tx,51.242656
tx,51.250848
tx,51.259040
tx,51.267232
tx,51.275424
tx,51.283616
tx,51.291808
tx,51.300000
tx,51.308192
tx,51.316384
tx,51.324576
tx,51.332768
tx,51.340960
tx,51.349152
tx,51.357344
tx,51.365536
tx,51.373728
tx,51.381920
tx,51.390112
tx,51.398304
tx,51.406496
tx,51.414688
tx,51.422880
tx,51.431072
tx,51.439264
tx,51.447456
tx,51.455648
tx,51.463840
tx,51.472032
tx,51.480224
tx,51.488416
tx,51.496608
tx,51.504800
tx,51.512992
tx,51.521184
tx,51.529376
tx,51.537568
tx,51.545760
tx,51.553952
tx,51.562144
tx,51.570336
tx,51.578528
tx,51.586720
tx,51.594912
tx,51.603104
tx,51.611296
tx,51.619488
tx,51.627680
tx,51.635872
tx,51.644064
tx,51.652256
tx,51.660448
tx,51.668640
tx,51.676832
tx,51.685024
tx,51.693216
tx,51.701408
tx,51.709600
tx,51.717792
tx,51.725984
tx,51.734176
tx,51.742368
tx,51.750560
tx,51.758752
tx,51.766944
tx,51.775136
tx,51.783328
tx,51.791520
tx,51.799712
tx,51.807904
tx,51.816096
tx,51.824288
tx,51.832480
tx,51.840672
tx,51.848864
tx,51.857056
tx,51.865248
tx,51.873440
tx,51.881632
tx,51.889824
tx,51.898016
tx,51.906208
tx,51.914400
tx,51.922592
tx,51.930784
tx,51.938976
tx,51.947168
tx,51.955360
tx,51.963552
tx,51.971744
tx,51.979936
tx,51.988128
tx,51.996320
tx,52.004512
tx,52.012704
tx,52.020896
tx,52.029088
tx,52.037280
tx,52.045472
tx,52.053664
tx,52.061856
tx,52.070048
tx,52.078240
tx,52.086432
tx,52.094624
tx,52.102816
tx,52.111008
tx,52.119200
tx,52.127392
tx,52.135584
tx,52.143776
tx,52.151968
tx,52.160160
tx,52.168352
tx,52.176544
tx,52.184736
tx,52.192928
tx,52.201120
tx,52.209312
tx,52.217504
tx,52.225696
tx,52.233888
tx,52.242080
tx,52.250272
tx,52.258464
tx,52.266656
tx,52.274848
tx,52.283040
tx,52.291232
tx,52.299424
tx,52.307616
tx,52.315808
tx,52.324000
tx,52.332192
tx,52.340384
tx,52.348576
tx,52.356768
tx,52.364960
tx,52.373152
tx,52.381344
tx,52.389536
tx,52.397728
tx,52.405920
tx,52.414112
tx,52.422304
tx,52.430496
tx,52.438688
tx,52.446880
tx,52.455072
tx,52.463264
tx,52.471456
tx,52.479648
tx,52.487840
tx,52.496032
tx,52.504224
tx,52.512416
tx,52.520608
tx,52.528800
tx,52.536992
tx,52.545184
tx,52.553376
tx,52.561568
tx,52.569760
tx,52.577952
tx,52.586144
tx,52.594336
tx,52.602528
tx,52.610720
tx,52.618912
tx,52.627104
tx,52.635296
tx,52.643488
tx,52.651680
tx,52.659872
tx,52.668064
tx,52.676256
tx,52.684448
tx,52.692640
tx,52.700832
tx,52.709024
tx,52.717216
tx,52.725408
tx,52.733600
tx,52.741792
tx,52.749984
tx,52.758176
tx,52.766368
tx,52.774560
tx,52.782752
tx,52.790944
tx,52.799136
tx,52.807328
tx,52.815520
tx,52.823712
tx,52.831904
tx,52.840096
tx,52.848288
tx,52.856480
tx,52.864672
tx,52.872864
tx,52.881056
tx,52.889248
tx,52.897440
tx,52.905632
tx,52.913824
tx,52.922016
tx,52.930208
tx,52.938400
tx,52.946592
tx,52.954784
tx,52.962976
tx,52.971168
tx,52.979360
tx,52.987552
tx,52.995744
tx,53.003936
tx,53.012128
tx,53.020320
tx,53.028512
tx,53.036704
tx,53.044896
tx,53.053088
tx,53.061280
tx,53.069472
tx,53.077664
tx,53.085856
tx,53.094048
tx,53.102240
tx,53.110432
tx,53.118624
tx,53.126816
tx,53.135008
tx,53.143200
tx,53.151392
tx,53.159584
tx,53.167776
tx,53.175968
tx,53.184160
tx,53.192352
tx,53.200544
tx,53.208736
tx,53.216928
tx,53.225120
tx,53.233312
tx,53.241504
tx,53.249696
tx,53.257888
tx,53.266080
tx,53.274272
tx,53.282464
tx,53.290656
tx,53.298848
tx,53.307040
tx,53.315232
tx,53.323424
tx,53.331616
tx,53.339808
tx,53.348000
tx,53.356192
tx,53.364384
tx,53.372576
tx,53.380768
tx,53.388960
tx,53.397152
tx,53.405344
tx,53.413536
tx,53.421728
tx,53.429920
tx,53.438112
tx,53.446304
tx,53.454496
tx,53.462688
tx,53.470880
tx,53.479072
tx,53.487264
tx,53.495456
tx,53.503648
tx,53.511840
tx,53.520032
tx,53.528224
tx,53.536416
tx,53.544608
tx,53.552800
tx,53.560992
tx,53.569184
tx,53.577376
tx,53.585568
tx,53.593760
tx,53.601952
tx,53.610144
tx,53.618336
tx,53.626528
tx,53.634720
tx,53.642912
tx,53.651104
tx,53.659296
tx,53.667488
tx,53.675680
tx,53.683872
tx,53.692064
tx,53.700256
tx,53.708448
tx,53.716640
tx,53.724832
tx,53.733024
tx,53.741216
tx,53.749408
tx,53.757600
tx,53.765792
tx,53.773984
tx,53.782176
tx,53.790368
tx,53.798560
tx,53.806752
tx,53.814944
tx,53.823136
tx,53.831328
tx,53.839520
tx,53.847712
tx,53.855904
tx,53.864096
tx,53.872288
tx,53.880480
tx,53.888672
tx,53.896864
tx,53.905056
tx,53.913248
tx,53.921440
tx,53.929632
tx,53.937824
tx,53.946016
tx,53.954208
tx,53.962400
tx,53.970592
tx,53.978784
tx,53.986976
tx,53.995168
tx,54.003360
tx,54.011552
tx,54.019744
tx,54.027936
tx,54.036128
tx,54.044320
tx,54.052512
tx,54.060704
tx,54.068896
tx,54.077088
tx,54.085280
tx,54.093472
tx,54.101664
tx,54.109856
tx,54.118048
tx,54.126240
tx,54.134432
tx,54.142624
tx,54.150816
tx,54.159008
tx,54.167200
tx,54.175392
tx,54.183584
tx,54.191776
tx,54.199968
tx,54.208160
tx,54.216352
tx,54.224544
tx,54.232736
tx,54.240928
tx,54.249120
tx,54.257312
tx,54.265504
tx,54.273696
tx,54.281888
tx,54.290080
tx,54.298272
tx,54.306464
tx,54.314656
tx,54.322848
tx,54.331040
tx,54.339232
tx,54.347424
tx,54.355616
tx,54.363808
tx,54.372000
tx,54.380192
tx,54.388384
tx,54.396576
tx,54.404768
tx,54.412960
tx,54.421152
tx,54.429344
tx,54.437536
tx,54.445728
tx,54.453920
tx,54.462112
tx,54.470304
tx,54.478496
tx,54.486688
tx,54.494880
tx,54.503072
tx,54.511264
tx,54.519456
tx,54.527648
tx,54.535840
tx,54.544032
tx,54.552224
tx,54.560416
tx,54.568608
tx,54.576800
tx,54.584992
tx,54.593184
tx,54.601376
tx,54.609568
tx,54.617760
tx,54.625952
tx,54.634144
tx,54.642336
tx,54.650528
tx,54.658720
tx,54.666912
tx,54.675104
tx,54.683296
tx,54.691488
tx,54.699680
tx,54.707872
tx,54.716064
tx,54.724256
tx,54.732448
tx,54.740640
tx,54.748832
tx,54.757024
tx,54.765216
tx,54.773408
tx,54.781600
tx,54.789792
tx,54.797984
tx,54.806176
tx,54.814368
tx,54.822560
tx,54.830752
tx,54.838944
tx,54.847136
tx,54.855328
tx,54.863520
tx,54.871712
tx,54.879904
tx,54.888096
tx,54.896288
tx,54.904480
tx,54.912672
tx,54.920864
tx,54.929056
tx,54.937248
tx,54.945440
tx,54.953632
tx,54.961824
tx,54.970016
tx,54.978208
tx,54.986400
tx,54.994592
tx,55.002784
tx,55.010976
tx,55.019168
tx,55.027360
tx,55.035552
tx,55.043744
tx,55.051936
tx,55.060128
tx,55.068320
tx,55.076512
tx,55.084704
tx,55.092896
tx,55.101088
tx,55.109280
tx,55.117472
tx,55.125664
tx,55.133856
tx,55.142048
tx,55.150240
tx,55.158432
tx,55.166624
tx,55.174816
tx,55.183008
tx,55.191200
tx,55.199392
tx,55.207584
tx,55.215776
tx,55.223968
tx,55.232160
tx,55.240352
tx,55.248544
tx,55.256736
tx,55.264928
tx,55.273120
tx,55.281312
tx,55.289504
tx,55.297696
tx,55.305888
tx,55.314080
tx,55.322272
tx,55.330464
tx,55.338656
tx,55.346848
tx,55.355040
tx,55.363232
tx,55.371424
tx,55.379616
tx,55.387808
tx,55.396000
tx,55.404192
tx,55.412384
tx,55.420576
tx,55.428768
tx,55.436960
tx,55.445152
tx,55.453344
tx,55.461536
tx,55.469728
tx,55.477920
tx,55.486112
tx,55.494304
tx,55.502496
tx,55.510688
tx,55.518880
tx,55.527072
tx,55.535264
tx,55.543456
tx,55.551648
tx,55.559840
tx,55.568032
tx,55.576224
tx,55.584416
tx,55.592608
tx,55.600800
tx,55.608992
tx,55.617184
tx,55.625376
tx,55.633568
tx,55.641760
tx,55.649952
tx,55.658144
tx,55.666336
tx,55.674528
tx,55.682720
tx,55.690912
tx,55.699104
tx,55.707296
tx,55.715488
tx,55.723680
tx,55.731872
tx,55.740064
tx,55.748256
tx,55.756448
tx,55.764640
tx,55.772832
tx,55.781024
tx,55.789216
tx,55.797408
tx,55.805600
tx,55.813792
tx,55.821984
tx,55.830176
tx,55.838368
tx,55.846560
tx,55.854752
tx,55.862944
tx,55.871136
tx,55.879328
tx,55.887520
tx,55.895712
tx,55.903904
tx,55.912096
tx,55.920288
tx,55.928480
tx,55.936672
tx,55.944864
tx,55.953056
tx,55.961248
tx,55.969440
tx,55.977632
tx,55.985824
tx,55.994016
tx,56.002208
tx,56.010400
tx,56.018592
tx,56.026784
tx,56.034976
tx,56.043168
tx,56.051360
tx,56.059552
tx,56.067744
tx,56.075936
tx,56.084128
tx,56.092320
tx,56.100512
tx,56.108704
tx,56.116896
tx,56.125088
tx,56.133280
tx,56.141472
tx,56.149664
tx,56.157856
tx,56.166048
tx,56.174240
tx,56.182432
tx,56.190624
tx,56.198816
tx,56.207008
tx,56.215200
tx,56.223392
tx,56.231584
tx,56.239776
tx,56.247968
tx,56.256160
tx,56.264352
tx,56.272544
tx,56.280736
tx,56.288928
tx,56.297120
tx,56.305312
tx,56.313504
tx,56.321696
tx,56.329888
tx,56.338080
tx,56.346272
tx,56.354464
tx,56.362656
tx,56.370848
tx,56.379040
tx,56.387232
tx,56.395424
tx,56.403616
tx,56.411808
tx,56.420000
tx,56.428192
tx,56.436384
tx,56.444576
tx,56.452768
tx,56.460960
tx,56.469152
tx,56.477344
tx,56.485536
tx,56.493728
tx,56.501920
tx,56.510112
tx,56.518304
tx,56.526496
tx,56.534688
tx,56.542880
tx,56.551072
tx,56.559264
tx,56.567456
tx,56.575648
tx,56.583840
tx,56.592032
tx,56.600224
tx,56.608416
tx,56.616608
tx,56.624800
tx,56.632992
tx,56.641184
tx,56.649376
tx,56.657568
tx,56.665760
tx,56.673952
tx,56.682144
tx,56.690336
tx,56.698528
tx,56.706720
tx,56.714912
tx,56.723104
tx,56.731296
tx,56.739488
tx,56.747680
tx,56.755872
tx,56.764064
tx,56.772256
tx,56.780448
tx,56.788640
tx,56.796832
tx,56.805024
tx,56.813216
tx,56.821408
tx,56.829600
tx,56.837792
tx,56.845984
tx,56.854176
tx,56.862368
tx,56.870560
tx,56.878752
tx,56.886944
tx,56.895136
tx,56.903328
tx,56.911520
tx,56.919712
tx,56.927904
tx,56.936096
tx,56.944288
tx,56.952480
tx,56.960672
tx,56.968864
tx,56.977056
tx,56.985248
tx,56.993440
tx,57.001632
tx,57.009824
tx,57.018016
tx,57.026208
tx,57.034400
tx,57.042592
tx,57.050784
tx,57.058976
tx,57.067168
tx,57.075360
tx,57.083552
tx,57.091744
tx,57.099936
tx,57.108128
tx,57.116320
tx,57.124512
tx,57.132704
tx,57.140896
tx,57.149088
tx,57.157280
tx,57.165472
tx,57.173664
tx,57.181856
tx,57.190048
tx,57.198240
tx,57.206432
tx,57.214624
tx,57.222816
tx,57.231008
tx,57.239200
tx,57.247392
tx,57.255584
tx,57.263776
tx,57.271968
tx,57.280160
tx,57.288352
tx,57.296544
tx,57.304736
tx,57.312928
tx,57.321120
tx,57.329312
tx,57.337504
tx,57.345696
tx,57.353888
tx,57.362080
tx,57.370272
tx,57.378464
tx,57.386656
tx,57.394848
tx,57.403040
tx,57.411232
tx,57.419424
tx,57.427616
tx,57.435808
tx,57.444000
tx,57.452192
tx,57.460384
tx,57.468576
tx,57.476768
tx,57.484960
tx,57.493152
tx,57.501344
tx,57.509536
tx,57.517728
tx,57.525920
tx,57.534112
tx,57.542304
tx,57.550496
tx,57.558688
tx,57.566880
tx,57.575072
tx,57.583264
tx,57.591456
tx,57.599648
tx,57.607840
tx,57.616032
tx,57.624224
tx,57.632416
tx,57.640608
tx,57.648800
tx,57.656992
tx,57.665184
tx,57.673376
tx,57.681568
tx,57.689760
tx,57.697952
tx,57.706144
tx,57.714336
tx,57.722528
tx,57.730720
tx,57.738912
tx,57.747104
tx,57.755296
tx,57.763488
tx,57.771680
tx,57.779872
tx,57.788064
tx,57.796256
tx,57.804448
tx,57.812640
tx,57.820832
tx,57.829024
tx,57.837216
tx,57.845408
tx,57.853600
tx,57.861792
tx,57.869984
tx,57.878176
tx,57.886368
tx,57.894560
tx,57.902752
tx,57.910944
tx,57.919136
tx,57.927328
tx,57.935520
tx,57.943712
tx,57.951904
tx,57.960096
tx,57.968288
tx,57.976480
tx,57.984672
tx,57.992864
tx,58.001056
tx,58.009248
tx,58.017440
tx,58.025632
tx,58.033824
tx,58.042016
tx,58.050208
tx,58.058400
tx,58.066592
tx,58.074784
tx,58.082976
tx,58.091168
tx,58.099360
tx,58.107552
tx,58.115744
tx,58.123936
tx,58.132128
tx,58.140320
tx,58.148512
tx,58.156704
tx,58.164896
tx,58.173088
tx,58.181280
tx,58.189472
tx,58.197664
tx,58.205856
tx,58.214048
tx,58.222240
tx,58.230432
tx,58.238624
tx,58.246816
tx,58.255008
tx,58.263200
tx,58.271392
tx,58.279584
tx,58.287776
tx,58.295968
tx,58.304160
tx,58.312352
tx,58.320544
tx,58.328736
tx,58.336928
tx,58.345120
tx,58.353312
tx,58.361504
tx,58.369696
tx,58.377888
tx,58.386080
tx,58.394272
tx,58.402464
tx,58.410656
tx,58.418848
tx,58.427040
tx,58.435232
tx,58.443424
tx,58.451616
tx,58.459808
tx,58.468000
tx,58.476192
tx,58.484384
tx,58.492576
tx,58.500768
tx,58.508960
tx,58.517152
tx,58.525344
tx,58.533536
tx,58.541728
tx,58.549920
tx,58.558112
tx,58.566304
tx,58.574496
tx,58.582688
tx,58.590880
tx,58.599072
tx,58.607264
tx,58.615456
tx,58.623648
tx,58.631840
tx,58.640032
tx,58.648224
tx,58.656416
tx,58.664608
tx,58.672800
tx,58.680992
tx,58.689184
tx,58.697376
tx,58.705568
tx,58.713760
tx,58.721952
tx,58.730144
tx,58.738336
tx,58.746528
tx,58.754720
tx,58.762912
tx,58.771104
tx,58.779296
tx,58.787488
tx,58.795680
tx,58.803872
tx,58.812064
tx,58.820256
tx,58.828448
tx,58.836640
tx,58.844832
tx,58.853024
tx,58.861216
tx,58.869408
tx,58.877600
tx,58.885792
tx,58.893984
tx,58.902176
tx,58.910368
tx,58.918560
tx,58.926752
tx,58.934944
tx,58.943136
tx,58.951328
tx,58.959520
tx,58.967712
tx,58.975904
tx,58.984096
tx,58.992288
rx,0.114029
rx,0.114624
rx,0.116624
rx,0.124816
rx,0.133008
rx,0.141200
rx,0.149392
rx,0.157584
rx,0.165776
rx,0.173968
rx,0.182160
rx,0.190352
rx,0.198544
rx,0.206736
rx,0.214928
rx,0.223120
rx,0.231312
rx,0.239504
rx,0.247696
rx,0.255888
rx,0.264080
rx,0.272272
rx,0.280464
rx,0.288656
rx,0.296848
rx,0.305040
rx,0.313232
rx,0.321424
rx,0.329616
rx,0.337808
rx,0.346000
rx,0.354192
rx,0.362384
rx,0.370576
rx,0.378768
rx,0.386960
rx,0.395152
rx,0.403344
rx,0.411536
rx,0.419728
rx,0.427920
rx,0.436112
rx,0.444304
rx,0.452496
rx,0.460688
rx,0.468880
rx,0.477072
rx,0.485264
rx,0.493456
rx,0.501648
rx,0.509840
rx,0.518032
rx,0.526224
rx,0.534416
rx,0.542608
rx,0.550800
rx,0.558992
rx,0.567184
rx,0.575376
rx,0.583568
rx,0.591760
rx,0.599952
rx,0.608144
rx,0.616336
rx,0.624528
rx,0.632720
rx,0.640912
rx,0.649104
rx,0.657296
rx,0.665488
rx,0.673680
rx,0.681872
rx,0.690064
rx,0.698256
rx,0.706448
rx,0.714640
rx,0.722832
rx,0.731024
rx,0.739216
rx,0.747408
rx,0.755600
rx,0.763792
rx,0.771984
rx,0.780176
rx,0.788368
rx,0.796560
rx,0.804752
rx,0.812944
rx,0.821136
rx,0.829328
rx,0.837520
rx,0.845712
rx,0.853904
rx,0.862096
rx,0.870288
rx,0.878480
rx,0.886672
rx,0.894864
rx,0.903056
rx,0.911248
rx,0.919440
rx,0.927632
rx,0.935824
rx,0.944016
rx,0.952208
rx,0.960400
rx,0.968592
rx,0.976784
rx,0.984976
rx,0.993168
rx,2.016644
rx,2.017219
rx,2.017584
rx,2.017968
rx,2.018293
rx,2.018718
rx,2.019082
rx,2.019407
rx,2.019812
rx,2.020116
rx,2.020561
rx,2.020966
rx,2.021370
rx,2.021915
rx,2.022380
rx,2.022824
rx,2.023349
rx,2.023874
rx,2.024218
rx,2.024783
rx,2.025348
rx,2.025712
rx,2.026077
rx,2.026542
rx,2.027026
rx,2.027511
rx,2.027916
rx,2.028400
rx,2.028705
rx,2.029150
rx,2.029674
rx,2.030179
rx,2.030524
rx,2.031108
rx,2.031593
rx,2.031978
rx,2.032342
rx,2.032927
rx,2.033272
rx,2.033636
rx,2.034101
rx,2.034686
rx,2.035030
rx,2.035555
rx,2.036080
rx,2.036404
rx,2.036849
rx,2.037354
rx,2.037738
rx,2.038043
rx,2.038608
rx,2.038912
rx,2.039397
rx,2.039782
rx,2.040166
rx,2.040611
rx,2.041016
rx,2.041340
rx,2.041665
rx,2.042090
rx,2.042414
rx,2.042699
rx,2.043184
rx,2.043648
rx,2.044073
rx,2.044398
rx,2.049936
rx,2.058128
rx,2.066320
rx,2.074512
rx,2.082704
rx,2.090896
rx,2.099088
rx,2.107280
rx,2.115472
rx,2.123664
rx,2.131856
rx,2.140048
rx,2.148240
rx,2.156432
rx,2.164624
rx,2.172816
rx,2.181008
rx,2.189200
rx,2.197392
rx,2.205584
rx,2.213776
rx,2.221968
rx,2.230160
rx,2.238352
rx,2.246544
rx,2.254736
rx,2.262928
rx,2.271120
rx,2.279312
rx,2.287504
rx,2.295696
rx,2.303888
rx,2.312080
rx,2.320272
rx,2.328464
rx,2.336656
rx,2.344848
rx,2.353040
rx,2.361232
rx,2.369424
rx,2.377616
rx,2.385808
rx,2.394000
rx,2.402192
rx,2.410384
rx,2.418576
rx,2.426768
rx,2.434960
rx,2.443152
rx,2.451344
rx,2.459536
rx,2.467728
rx,2.475920
rx,2.484112
rx,2.492304
rx,2.500496
rx,2.508688
rx,2.516880
rx,2.525072
rx,2.533264
rx,2.541456
rx,2.549648
rx,2.557840
rx,2.566032
rx,2.574224
rx,2.582416
rx,2.590608
rx,2.598800
rx,2.606992
rx,2.615184
rx,2.623376
rx,2.631568
rx,2.639760
rx,2.647952
rx,2.656144
rx,2.664336
rx,2.672528
rx,2.680720
rx,2.688912
rx,2.697104
rx,2.705296
rx,2.713488
rx,2.721680
rx,2.729872
rx,2.738064
rx,2.746256
rx,2.754448
rx,2.762640
rx,2.770832
rx,2.779024
rx,2.787216
rx,2.795408
rx,2.803600
rx,2.811792
rx,2.819984
rx,2.828176
rx,2.836368
rx,2.844560
rx,2.852752
rx,2.860944
rx,2.869136
rx,2.877328
rx,2.885520
rx,2.893712
rx,2.901904
rx,2.910096
rx,2.918288
rx,2.926480
rx,2.934672
rx,2.942864
rx,2.951056
rx,2.959248
rx,2.967440
rx,2.975632
rx,2.983824
rx,2.992016
rx,4.018644
rx,4.019299
rx,4.019724
rx,4.020068
rx,4.020373
rx,4.020778
rx,4.021322
rx,4.021627
rx,4.022012
rx,4.022516
rx,4.022861
rx,4.023326
rx,4.023910
rx,4.024495
rx,4.024940
rx,4.025404
rx,4.025729
rx,4.026114
rx,4.026418
rx,4.026783
rx,4.027148
rx,4.027652
rx,4.027937
rx,4.028342
rx,4.028686
rx,4.028991
rx,4.029496
rx,4.030060
rx,4.030525
rx,4.031110
rx,4.031694
rx,4.032159
rx,4.032584
rx,4.032908
rx,4.033273
rx,4.033738
rx,4.034182
rx,4.034727
rx,4.035192
rx,4.035536
rx,4.035861
rx,4.036266
rx,4.036590
rx,4.036955
rx,4.037340
rx,4.037664
rx,4.038049
rx,4.038474
rx,4.038998
rx,4.039563
rx,4.040028
rx,4.040492
rx,4.041017
rx,4.041542
rx,4.042126
rx,4.042551
rx,4.043036
rx,4.043320
rx,4.043725
rx,4.044070
rx,4.044394
rx,4.044699
rx,4.045004
rx,4.045508
rx,4.045833
rx,4.048784
rx,4.056976
rx,4.065168
rx,4.073360
rx,4.081552
rx,4.089744
rx,4.097936
rx,4.106128
rx,4.114320
rx,4.122512
rx,4.130704
rx,4.138896
rx,4.147088
rx,4.155280
rx,4.163472
rx,4.171664
rx,4.179856
rx,4.188048
rx,4.196240
rx,4.204432
rx,4.212624
rx,4.220816
rx,4.229008
rx,4.237200
rx,4.245392
rx,4.253584
rx,4.261776
rx,4.269968
rx,4.278160
rx,4.286352
rx,4.294544
rx,4.302736
rx,4.310928
rx,4.319120
rx,4.327312
rx,4.335504
rx,4.343696
rx,4.351888
rx,4.360080
rx,4.368272
rx,4.376464
rx,4.384656
rx,4.392848
rx,4.401040
rx,4.409232
rx,4.417424
rx,4.425616
rx,4.433808
rx,4.442000
rx,4.450192
rx,4.458384
rx,4.466576
rx,4.474768
rx,4.482960
rx,4.491152
rx,4.499344
rx,4.507536
rx,4.515728
rx,4.523920
rx,4.532112
rx,4.540304
rx,4.548496
rx,4.556688
rx,4.564880
rx,4.573072
rx,4.581264
rx,4.589456
rx,4.597648
rx,4.605840
rx,4.614032
rx,4.622224
rx,4.630416
rx,4.638608
rx,4.646800
rx,4.654992
rx,4.663184
rx,4.671376
rx,4.679568
rx,4.687760
rx,4.695952
rx,4.704144
rx,4.712336
rx,4.720528
rx,4.728720
rx,4.736912
rx,4.745104
rx,4.753296
rx,4.761488
rx,4.769680
rx,4.777872
rx,4.786064
rx,4.794256
rx,4.802448
rx,4.810640
rx,4.818832
rx,4.827024
rx,4.835216
rx,4.843408
rx,4.851600
rx,4.859792
rx,4.867984
rx,4.876176
rx,4.884368
rx,4.892560
rx,4.900752
rx,4.908944
rx,4.917136
rx,4.925328
rx,4.933520
rx,4.941712
rx,4.949904
rx,4.958096
rx,4.966288
rx,4.974480
rx,4.982672
rx,4.990864
rx,4.999056
rx,6.023312
rx,6.024067
rx,6.024652
rx,6.025076
rx,6.025461
rx,6.025846
rx,6.026210
rx,6.026515
rx,6.026880
rx,6.027224
rx,6.027789
rx,6.028274
rx,6.028818
rx,6.029143
rx,6.029648
rx,6.030072
rx,6.030597
rx,6.031042
rx,6.031406
rx,6.031991
rx,6.032316
rx,6.032860
rx,6.033165
rx,6.033450
rx,6.034014
rx,6.034359
rx,6.034924
rx,6.035288
rx,6.035753
rx,6.036218
rx,6.036722
rx,6.037287
rx,6.037832
rx,6.038296
rx,6.038661
rx,6.038966
rx,6.039430
rx,6.039815
rx,6.040300
rx,6.040644
rx,6.041189
rx,6.041514
rx,6.042098
rx,6.042563
rx,6.042928
rx,6.043252
rx,6.043757
rx,6.044082
rx,6.044386
rx,6.044971
rx,6.045476
rx,6.046040
rx,6.046605
rx,6.047110
rx,6.047474
rx,6.047799
rx,6.048204
rx,6.048708
rx,6.049293
rx,6.049858
rx,6.050302
rx,6.050687
rx,6.051012
rx,6.051476
rx,6.051901
rx,6.055824
rx,6.064016
rx,6.072208
rx,6.080400
rx,6.088592
rx,6.096784
rx,6.104976
rx,6.113168
rx,6.121360
rx,6.129552
rx,6.137744
rx,6.145936
rx,6.154128
rx,6.162320
rx,6.170512
rx,6.178704
rx,6.186896
rx,6.195088
rx,6.203280
rx,6.211472
rx,6.219664
rx,6.227856
rx,6.236048
rx,6.244240
rx,6.252432
rx,6.260624
rx,6.268816
rx,6.277008
rx,6.285200
rx,6.293392
rx,6.301584
rx,6.309776
rx,6.317968
rx,6.326160
rx,6.334352
rx,6.342544
rx,6.350736
rx,6.358928
rx,6.367120
rx,6.375312
rx,6.383504
rx,6.391696
rx,6.399888
rx,6.408080
rx,6.416272
rx,6.424464
rx,6.432656
rx,6.440848
rx,6.449040
rx,6.457232
rx,6.465424
rx,6.473616
rx,6.481808
rx,6.490000
rx,6.498192
rx,6.506384
rx,6.514576
rx,6.522768
rx,6.530960
rx,6.539152
rx,6.547344
rx,6.555536
rx,6.563728
rx,6.571920
rx,6.580112
rx,6.588304
rx,6.596496
rx,6.604688
rx,6.612880
rx,6.621072
rx,6.629264
rx,6.637456
rx,6.645648
rx,6.653840
rx,6.662032
rx,6.670224
rx,6.678416
rx,6.686608
rx,6.694800
rx,6.702992
rx,6.711184
rx,6.719376
rx,6.727568
rx,6.735760
rx,6.743952
rx,6.752144
rx,6.760336
rx,6.768528
rx,6.776720
rx,6.784912
rx,6.793104
rx,6.801296
rx,6.809488
rx,6.817680
rx,6.825872
rx,6.834064
rx,6.842256
rx,6.850448
rx,6.858640
rx,6.866832
rx,6.875024
rx,6.883216
rx,6.891408
rx,6.899600
rx,6.907792
rx,6.915984
rx,6.924176
rx,6.932368
rx,6.940560
rx,6.948752
rx,6.956944
rx,6.965136
rx,6.973328
rx,6.981520
rx,6.989712
rx,6.997904
rx,8.033604
rx,8.034339
rx,8.034904
rx,8.035188
rx,8.035513
rx,8.036058
rx,8.036642
rx,8.037087
rx,8.037412
rx,8.037776
rx,8.038221
rx,8.038566
rx,8.039150
rx,8.039515
rx,8.039820
rx,8.040184
rx,8.040649
rx,8.041014
rx,8.041378
rx,8.041963
rx,8.042468
rx,8.042972
rx,8.043517
rx,8.043842
rx,8.044146
rx,8.044511
rx,8.044936
rx,8.045240
rx,8.045585
rx,8.046030
rx,8.046454
rx,8.046819
rx,8.047384
rx,8.047748
rx,8.048033
rx,8.048538
rx,8.048962
rx,8.049327
rx,8.049772
rx,8.050196
rx,8.050601
rx,8.051006
rx,8.051510
rx,8.052015
rx,8.052580
rx,8.053044
rx,8.053369
rx,8.053854
rx,8.054158
rx,8.054543
rx,8.055028
rx,8.055332
rx,8.055697
rx,8.056182
rx,8.056706
rx,8.057171
rx,8.057616
rx,8.058200
rx,8.058645
rx,8.059010
rx,8.059494
rx,8.059779
rx,8.060244
rx,8.060788
rx,8.061073
rx,8.062864
rx,8.071056
rx,8.079248
rx,8.087440
rx,8.095632
rx,8.103824
rx,8.112016
rx,8.120208
rx,8.128400
rx,8.136592
rx,8.144784
rx,8.152976
rx,8.161168
rx,8.169360
rx,8.177552
rx,8.185744
rx,8.193936
rx,8.202128
rx,8.210320
rx,8.218512
rx,8.226704
rx,8.234896
rx,8.243088
rx,8.251280
rx,8.259472
rx,8.267664
rx,8.275856
rx,8.284048
rx,8.292240
rx,8.300432
rx,8.308624
rx,8.316816
rx,8.325008
rx,8.333200
rx,8.341392
rx,8.349584
rx,8.357776
rx,8.365968
rx,8.374160
rx,8.382352
rx,8.390544
rx,8.398736
rx,8.406928
rx,8.415120
rx,8.423312
rx,8.431504
rx,8.439696
rx,8.447888
rx,8.456080
rx,8.464272
rx,8.472464
rx,8.480656
rx,8.488848
rx,8.497040
rx,8.505232
rx,8.513424
rx,8.521616
rx,8.529808
rx,8.538000
rx,8.546192
rx,8.554384
rx,8.562576
rx,8.570768
rx,8.578960
rx,8.587152
rx,8.595344
rx,8.603536
rx,8.611728
rx,8.619920
rx,8.628112
rx,8.636304
rx,8.644496
rx,8.652688
rx,8.660880
rx,8.669072
rx,8.677264
rx,8.685456
rx,8.693648
rx,8.701840
rx,8.710032
rx,8.718224
rx,8.726416
rx,8.734608
rx,8.742800
rx,8.750992
rx,8.759184
rx,8.767376
rx,8.775568
rx,8.783760
rx,8.791952
rx,8.800144
rx,8.808336
rx,8.816528
rx,8.824720
rx,8.832912
rx,8.841104
rx,8.849296
rx,8.857488
rx,8.865680
rx,8.873872
rx,8.882064
rx,8.890256
rx,8.898448
rx,8.906640
rx,8.914832
rx,8.923024
rx,8.931216
rx,8.939408
rx,8.947600
rx,8.955792
rx,8.963984
rx,8.972176
rx,8.980368
rx,8.988560
rx,8.996752
rx,10.011596
rx,10.012291
rx,10.012596
rx,10.013100
rx,10.013685
rx,10.014230
rx,10.014554
rx,10.015119
rx,10.015644
rx,10.016128
rx,10.016413
rx,10.016778
rx,10.017322
rx,10.017707
rx,10.018152
rx,10.018456
rx,10.018961
rx,10.019446
rx,10.019970
rx,10.020495
rx,10.021020
rx,10.021444
rx,10.021829
rx,10.022334
rx,10.022758
rx,10.023063
rx,10.023568
rx,10.024032
rx,10.024597
rx,10.024882
rx,10.025426
rx,10.025731
rx,10.026096
rx,10.026660
rx,10.027045
rx,10.027430
rx,10.028014
rx,10.028299
rx,10.028624
rx,10.029088
rx,10.029493
rx,10.029838
rx,10.030122
rx,10.030447
rx,10.030872
rx,10.031156
rx,10.031521
rx,10.031846
rx,10.032430
rx,10.032935
rx,10.033220
rx,10.033524
rx,10.033989
rx,10.034474
rx,10.034918
rx,10.035483
rx,10.035768
rx,10.036152
rx,10.036537
rx,10.036942
rx,10.037306
rx,10.037671
rx,10.038176
rx,10.038640
rx,10.039065
rx,10.039410
rx,10.045328
rx,10.053520
rx,10.061712
rx,10.069904
rx,10.078096
rx,10.086288
rx,10.094480
rx,10.102672
rx,10.110864
rx,10.119056
rx,10.127248
rx,10.135440
rx,10.143632
rx,10.151824
rx,10.160016
rx,10.168208
rx,10.176400
rx,10.184592
rx,10.192784
rx,10.200976
rx,10.209168
rx,10.217360
rx,10.225552
rx,10.233744
rx,10.241936
rx,10.250128
rx,10.258320
rx,10.266512
rx,10.274704
rx,10.282896
rx,10.291088
rx,10.299280
rx,10.307472
rx,10.315664
rx,10.323856
rx,10.332048
rx,10.340240
rx,10.348432
rx,10.356624
rx,10.364816
rx,10.373008
rx,10.381200
rx,10.389392
rx,10.397584
rx,10.405776
rx,10.413968
rx,10.422160
rx,10.430352
rx,10.438544
rx,10.446736
rx,10.454928
rx,10.463120
rx,10.471312
rx,10.479504
rx,10.487696
rx,10.495888
rx,10.504080
rx,10.512272
rx,10.520464
rx,10.528656
rx,10.536848
rx,10.545040
rx,10.553232
rx,10.561424
rx,10.569616
rx,10.577808
rx,10.586000
rx,10.594192
rx,10.602384
rx,10.610576
rx,10.618768
rx,10.626960
rx,10.635152
rx,10.643344
rx,10.651536
rx,10.659728
rx,10.667920
rx,10.676112
rx,10.684304
rx,10.692496
rx,10.700688
rx,10.708880
rx,10.717072
rx,10.725264
rx,10.733456
rx,10.741648
rx,10.749840
rx,10.758032
rx,10.766224
rx,10.774416
rx,10.782608
rx,10.790800
rx,10.798992
rx,10.807184
rx,10.815376
rx,10.823568
rx,10.831760
rx,10.839952
rx,10.848144
rx,10.856336
rx,10.864528
rx,10.872720
rx,10.880912
rx,10.889104
rx,10.897296
rx,10.905488
rx,10.913680
rx,10.921872
rx,10.930064
rx,10.938256
rx,10.946448
rx,10.954640
rx,10.962832
rx,10.971024
rx,10.979216
rx,10.987408
rx,10.995600
rx,12.027564
rx,12.028399
rx,12.028824
rx,12.029228
rx,12.029733
rx,12.030238
rx,12.030782
rx,12.031067
rx,12.031432
rx,12.031976
rx,12.032381
rx,12.032806
rx,12.033130
rx,12.033535
rx,12.033940
rx,12.034284
rx,12.034849
rx,12.035154
rx,12.035598
rx,12.036163
rx,12.036588
rx,12.036992
rx,12.037517
rx,12.038002
rx,12.038346
rx,12.038831
rx,12.039116
rx,12.039460
rx,12.040025
rx,12.040370
rx,12.040834
rx,12.041339
rx,12.041844
rx,12.042248
rx,12.042733
rx,12.043318
rx,12.043862
rx,12.044327
rx,12.044692
rx,12.044996
rx,12.045461
rx,12.046026
rx,12.046530
rx,12.047035
rx,12.047340
rx,12.047704
rx,12.048249
rx,12.048654
rx,12.049018
rx,12.049343
rx,12.049768
rx,12.050232
rx,12.050537
rx,12.051042
rx,12.051606
rx,12.051931
rx,12.052316
rx,12.052840
rx,12.053225
rx,12.053630
rx,12.054154
rx,12.054659
rx,12.055244
rx,12.055528
rx,12.056113
rx,12.060560
rx,12.068752
rx,12.076944
rx,12.085136
rx,12.093328
rx,12.101520
rx,12.109712
rx,12.117904
rx,12.126096
rx,12.134288
rx,12.142480
rx,12.150672
rx,12.158864
rx,12.167056
rx,12.175248
rx,12.183440
rx,12.191632
rx,12.199824
rx,12.208016
rx,12.216208
rx,12.224400
rx,12.232592
rx,12.240784
rx,12.248976
rx,12.257168
rx,12.265360
rx,12.273552
rx,12.281744
rx,12.289936
rx,12.298128
rx,12.306320
rx,12.314512
rx,12.322704
rx,12.330896
rx,12.339088
rx,12.347280
rx,12.355472
rx,12.363664
rx,12.371856
rx,12.380048
rx,12.388240
rx,12.396432
rx,12.404624
rx,12.412816
rx,12.421008
rx,12.429200
rx,12.437392
rx,12.445584
rx,12.453776
rx,12.461968
rx,12.470160
rx,12.478352
rx,12.486544
rx,12.494736
rx,12.502928
rx,12.511120
rx,12.519312
rx,12.527504
rx,12.535696
rx,12.543888
rx,12.552080
rx,12.560272
rx,12.568464
rx,12.576656
rx,12.584848
rx,12.593040
rx,12.601232
rx,12.609424
rx,12.617616
rx,12.625808
rx,12.634000
rx,12.642192
rx,12.650384
rx,12.658576
rx,12.666768
rx,12.674960
rx,12.683152
rx,12.691344
rx,12.699536
rx,12.707728
rx,12.715920
rx,12.724112
rx,12.732304
rx,12.740496
rx,12.748688
rx,12.756880
rx,12.765072
rx,12.773264
rx,12.781456
rx,12.789648
rx,12.797840
rx,12.806032
rx,12.814224
rx,12.822416
rx,12.830608
rx,12.838800
rx,12.846992
rx,12.855184
rx,12.863376
rx,12.871568
rx,12.879760
rx,12.887952
rx,12.896144
rx,12.904336
rx,12.912528
rx,12.920720
rx,12.928912
rx,12.937104
rx,12.945296
rx,12.953488
rx,12.961680
rx,12.969872
rx,12.978064
rx,12.986256
rx,12.994448
rx,14.011752
rx,14.012407
rx,14.012932
rx,14.013356
rx,14.013741
rx,14.014246
rx,14.014690
rx,14.015155
rx,14.015520
rx,14.015944
rx,14.016249
rx,14.016614
rx,14.017098
rx,14.017603
rx,14.017888
rx,14.018352
rx,14.018757
rx,14.019262
rx,14.019546
rx,14.020071
rx,14.020436
rx,14.020920
rx,14.021505
rx,14.021930
rx,14.022354
rx,14.022679
rx,14.023224
rx,14.023528
rx,14.023933
rx,14.024418
rx,14.024742
rx,14.025127
rx,14.025472
rx,14.026056
rx,14.026401
rx,14.026746
rx,14.027190
rx,14.027615
rx,14.028120
rx,14.028404
rx,14.028769
rx,14.029134
rx,14.029718
rx,14.030043
rx,14.030508
rx,14.030872
rx,14.031217
rx,14.031802
rx,14.032386
rx,14.032771
rx,14.033096
rx,14.033540
rx,14.034125
rx,14.034690
rx,14.034974
rx,14.035339
rx,14.035764
rx,14.036188
rx,14.036573
rx,14.036878
rx,14.037162
rx,14.037467
rx,14.037812
rx,14.038256
rx,14.038541
rx,14.043024
rx,14.051216
rx,14.059408
rx,14.067600
rx,14.075792
rx,14.083984
rx,14.092176
rx,14.100368
rx,14.108560
rx,14.116752
rx,14.124944
rx,14.133136
rx,14.141328
rx,14.149520
rx,14.157712
rx,14.165904
rx,14.174096
rx,14.182288
rx,14.190480
rx,14.198672
rx,14.206864
rx,14.215056
rx,14.223248
rx,14.231440
rx,14.239632
rx,14.247824
rx,14.256016
rx,14.264208
rx,14.272400
rx,14.280592
rx,14.288784
rx,14.296976
rx,14.305168
rx,14.313360
rx,14.321552
rx,14.329744
rx,14.337936
rx,14.346128
rx,14.354320
rx,14.362512
rx,14.370704
rx,14.378896
rx,14.387088
rx,14.395280
rx,14.403472
rx,14.411664
rx,14.419856
rx,14.428048
rx,14.436240
rx,14.444432
rx,14.452624
rx,14.460816
rx,14.469008
rx,14.477200
rx,14.485392
rx,14.493584
rx,14.501776
rx,14.509968
rx,14.518160
rx,14.526352
rx,14.534544
rx,14.542736
rx,14.550928
rx,14.559120
rx,14.567312
rx,14.575504
rx,14.583696
rx,14.591888
rx,14.600080
rx,14.608272
rx,14.616464
rx,14.624656
rx,14.632848
rx,14.641040
rx,14.649232
rx,14.657424
rx,14.665616
rx,14.673808
rx,14.682000
rx,14.690192
rx,14.698384
rx,14.706576
rx,14.714768
rx,14.722960
rx,14.731152
rx,14.739344
rx,14.747536
rx,14.755728
rx,14.763920
rx,14.772112
rx,14.780304
rx,14.788496
rx,14.796688
rx,14.804880
rx,14.813072
rx,14.821264
rx,14.829456
rx,14.837648
rx,14.845840
rx,14.854032
rx,14.862224
rx,14.870416
rx,14.878608
rx,14.886800
rx,14.894992
rx,14.903184
rx,14.911376
rx,14.919568
rx,14.927760
rx,14.935952
rx,14.944144
rx,14.952336
rx,14.960528
rx,14.968720
rx,14.976912
rx,14.985104
rx,14.993296
rx,16.017568
rx,16.018163
rx,16.018448
rx,16.018872
rx,16.019237
rx,16.019542
rx,16.020006
rx,16.020291
rx,16.020876
rx,16.021320
rx,16.021845
rx,16.022130
rx,16.022554
rx,16.023059
rx,16.023404
rx,16.023788
rx,16.024373
rx,16.024758
rx,16.025262
rx,16.025627
rx,16.025932
rx,16.026456
rx,16.026781
rx,16.027226
rx,16.027510
rx,16.027975
rx,16.028520
rx,16.028964
rx,16.029269
rx,16.029594
rx,16.030018
rx,16.030323
rx,16.030708
rx,16.031192
rx,16.031517
rx,16.031982
rx,16.032426
rx,16.032871
rx,16.033376
rx,16.033680
rx,16.034085
rx,16.034650
rx,16.035114
rx,16.035679
rx,16.035984
rx,16.036508
rx,16.036993
rx,16.037578
rx,16.038042
rx,16.038607
rx,16.038932
rx,16.039216
rx,16.039581
rx,16.039866
rx,16.040190
rx,16.040675
rx,16.040980
rx,16.041364
rx,16.041949
rx,16.042374
rx,16.042698
rx,16.043263
rx,16.043828
rx,16.044232
rx,16.044717
rx,16.050064
rx,16.058256
rx,16.066448
rx,16.074640
rx,16.082832
rx,16.091024
rx,16.099216
rx,16.107408
rx,16.115600
rx,16.123792
rx,16.131984
rx,16.140176
rx,16.148368
rx,16.156560
rx,16.164752
rx,16.172944
rx,16.181136
rx,16.189328
rx,16.197520
rx,16.205712
rx,16.213904
rx,16.222096
rx,16.230288
rx,16.238480
rx,16.246672
rx,16.254864
rx,16.263056
rx,16.271248
rx,16.279440
rx,16.287632
rx,16.295824
rx,16.304016
rx,16.312208
rx,16.320400
rx,16.328592
rx,16.336784
rx,16.344976
rx,16.353168
rx,16.361360
rx,16.369552
rx,16.377744
rx,16.385936
rx,16.394128
rx,16.402320
rx,16.410512
rx,16.418704
rx,16.426896
rx,16.435088
rx,16.443280
rx,16.451472
rx,16.459664
rx,16.467856
rx,16.476048
rx,16.484240
rx,16.492432
rx,16.500624
rx,16.508816
rx,16.517008
rx,16.525200
rx,16.533392
rx,16.541584
rx,16.549776
rx,16.557968
rx,16.566160
rx,16.574352
rx,16.582544
rx,16.590736
rx,16.598928
rx,16.607120
rx,16.615312
rx,16.623504
rx,16.631696
rx,16.639888
rx,16.648080
rx,16.656272
rx,16.664464
rx,16.672656
rx,16.680848
rx,16.689040
rx,16.697232
rx,16.705424
rx,16.713616
rx,16.721808
rx,16.730000
rx,16.738192
rx,16.746384
rx,16.754576
rx,16.762768
rx,16.770960
rx,16.779152
rx,16.787344
rx,16.795536
rx,16.803728
rx,16.811920
rx,16.820112
rx,16.828304
rx,16.836496
rx,16.844688
rx,16.852880
rx,16.861072
rx,16.869264
rx,16.877456
rx,16.885648
rx,16.893840
rx,16.902032
rx,16.910224
rx,16.918416
rx,16.926608
rx,16.934800
rx,16.942992
rx,16.951184
rx,16.959376
rx,16.967568
rx,16.975760
rx,16.983952
rx,16.992144
rx,18.009116
rx,18.009951
rx,18.010536
rx,18.011120
rx,18.011545
rx,18.012070
rx,18.012534
rx,18.013059
rx,18.013624
rx,18.014008
rx,18.014413
rx,18.014878
rx,18.015362
rx,18.015907
rx,18.016292
rx,18.016776
rx,18.017321
rx,18.017626
rx,18.018070
rx,18.018555
rx,18.019140
rx,18.019704
rx,18.019989
rx,18.020294
rx,18.020598
rx,18.021063
rx,18.021628
rx,18.022092
rx,18.022397
rx,18.022782
rx,18.023226
rx,18.023531
rx,18.023916
rx,18.024480
rx,18.024965
rx,18.025390
rx,18.025714
rx,18.026139
rx,18.026644
rx,18.027228
rx,18.027713
rx,18.028078
rx,18.028382
rx,18.028767
rx,18.029252
rx,18.029756
rx,18.030201
rx,18.030486
rx,18.030790
rx,18.031275
rx,18.031620
rx,18.031924
rx,18.032209
rx,18.032654
rx,18.032998
rx,18.033563
rx,18.033968
rx,18.034352
rx,18.034677
rx,18.035082
rx,18.035446
rx,18.036011
rx,18.036296
rx,18.036760
rx,18.037205
rx,18.040720
rx,18.048912
rx,18.057104
rx,18.065296
rx,18.073488
rx,18.081680
rx,18.089872
rx,18.098064
rx,18.106256
rx,18.114448
rx,18.122640
rx,18.130832
rx,18.139024
rx,18.147216
rx,18.155408
rx,18.163600
rx,18.171792
rx,18.179984
rx,18.188176
rx,18.196368
rx,18.204560
rx,18.212752
rx,18.220944
rx,18.229136
rx,18.237328
rx,18.245520
rx,18.253712
rx,18.261904
rx,18.270096
rx,18.278288
rx,18.286480
rx,18.294672
rx,18.302864
rx,18.311056
rx,18.319248
rx,18.327440
rx,18.335632
rx,18.343824
rx,18.352016
rx,18.360208
rx,18.368400
rx,18.376592
rx,18.384784
rx,18.392976
rx,18.401168
rx,18.409360
rx,18.417552
rx,18.425744
rx,18.433936
rx,18.442128
rx,18.450320
rx,18.458512
rx,18.466704
rx,18.474896
rx,18.483088
rx,18.491280
rx,18.499472
rx,18.507664
rx,18.515856
rx,18.524048
rx,18.532240
rx,18.540432
rx,18.548624
rx,18.556816
rx,18.565008
rx,18.573200
rx,18.581392
rx,18.589584
rx,18.597776
rx,18.605968
rx,18.614160
rx,18.622352
rx,18.630544
rx,18.638736
rx,18.646928
rx,18.655120
rx,18.663312
rx,18.671504
rx,18.679696
rx,18.687888
rx,18.696080
rx,18.704272
rx,18.712464
rx,18.720656
rx,18.728848
rx,18.737040
rx,18.745232
rx,18.753424
rx,18.761616
rx,18.769808
rx,18.778000
rx,18.786192
rx,18.794384
rx,18.802576
rx,18.810768
rx,18.818960
rx,18.827152
rx,18.835344
rx,18.843536
rx,18.851728
rx,18.859920
rx,18.868112
rx,18.876304
rx,18.884496
rx,18.892688
rx,18.900880
rx,18.909072
rx,18.917264
rx,18.925456
rx,18.933648
rx,18.941840
rx,18.950032
rx,18.958224
rx,18.966416
rx,18.974608
rx,18.982800
rx,18.990992
rx,18.999184
rx,20.018468
rx,20.019203
rx,20.019508
rx,20.020072
rx,20.020517
rx,20.020842
rx,20.021226
rx,20.021731
rx,20.022016
rx,20.022400
rx,20.022885
rx,20.023450
rx,20.024034
rx,20.024319
rx,20.024724
rx,20.025068
rx,20.025353
rx,20.025638
rx,20.026002
rx,20.026327
rx,20.026892
rx,20.027296
rx,20.027621
rx,20.028166
rx,20.028690
rx,20.028975
rx,20.029300
rx,20.029664
rx,20.030109
rx,20.030514
rx,20.030898
rx,20.031283
rx,20.031688
rx,20.032212
rx,20.032797
rx,20.033382
rx,20.033706
rx,20.034051
rx,20.034596
rx,20.035080
rx,20.035585
rx,20.035890
rx,20.036394
rx,20.036839
rx,20.037344
rx,20.037648
rx,20.037953
rx,20.038338
rx,20.038642
rx,20.039187
rx,20.039752
rx,20.040296
rx,20.040641
rx,20.041046
rx,20.041610
rx,20.042155
rx,20.042500
rx,20.042864
rx,20.043289
rx,20.043654
rx,20.044198
rx,20.044643
rx,20.045168
rx,20.045492
rx,20.046057
rx,20.047760
rx,20.055952
rx,20.064144
rx,20.072336
rx,20.080528
rx,20.088720
rx,20.096912
rx,20.105104
rx,20.113296
rx,20.121488
rx,20.129680
rx,20.137872
rx,20.146064
rx,20.154256
rx,20.162448
rx,20.170640
rx,20.178832
rx,20.187024
rx,20.195216
rx,20.203408
rx,20.211600
rx,20.219792
rx,20.227984
rx,20.236176
rx,20.244368
rx,20.252560
rx,20.260752
rx,20.268944
rx,20.277136
rx,20.285328
rx,20.293520
rx,20.301712
rx,20.309904
rx,20.318096
rx,20.326288
rx,20.334480
rx,20.342672
rx,20.350864
rx,20.359056
rx,20.367248
rx,20.375440
rx,20.383632
rx,20.391824
rx,20.400016
rx,20.408208
rx,20.416400
rx,20.424592
rx,20.432784
rx,20.440976
rx,20.449168
rx,20.457360
rx,20.465552
rx,20.473744
rx,20.481936
rx,20.490128
rx,20.498320
rx,20.506512
rx,20.514704
rx,20.522896
rx,20.531088
rx,20.539280
rx,20.547472
rx,20.555664
rx,20.563856
rx,20.572048
rx,20.580240
rx,20.588432
rx,20.596624
rx,20.604816
rx,20.613008
rx,20.621200
rx,20.629392
rx,20.637584
rx,20.645776
rx,20.653968
rx,20.662160
rx,20.670352
rx,20.678544
rx,20.686736
rx,20.694928
rx,20.703120
rx,20.711312
rx,20.719504
rx,20.727696
rx,20.735888
rx,20.744080
rx,20.752272
rx,20.760464
rx,20.768656
rx,20.776848
rx,20.785040
rx,20.793232
rx,20.801424
rx,20.809616
rx,20.817808
rx,20.826000
rx,20.834192
rx,20.842384
rx,20.850576
rx,20.858768
rx,20.866960
rx,20.875152
rx,20.883344
rx,20.891536
rx,20.899728
rx,20.907920
rx,20.916112
rx,20.924304
rx,20.932496
rx,20.940688
rx,20.948880
rx,20.957072
rx,20.965264
rx,20.973456
rx,20.981648
rx,20.989840
rx,20.998032
rx,22.011744
rx,22.012299
rx,22.012704
rx,22.013048
rx,22.013613
rx,22.013898
rx,22.014242
rx,22.014627
rx,22.015052
rx,22.015536
rx,22.015841
rx,22.016406
rx,22.016950
rx,22.017355
rx,22.017860
rx,22.018144
rx,22.018549
rx,22.018934
rx,22.019358
rx,22.019743
rx,22.020268
rx,22.020792
rx,22.021297
rx,22.021582
rx,22.021926
rx,22.022211
rx,22.022616
rx,22.023200
rx,22.023705
rx,22.024010
rx,22.024474
rx,22.024819
rx,22.025164
rx,22.025568
rx,22.025973
rx,22.026378
rx,22.026962
rx,22.027367
rx,22.027792
rx,22.028336
rx,22.028841
rx,22.029306
rx,22.029590
rx,22.030095
rx,22.030480
rx,22.030884
rx,22.031449
rx,22.031934
rx,22.032438
rx,22.033023
rx,22.033388
rx,22.033672
rx,22.034197
rx,22.034782
rx,22.035326
rx,22.035811
rx,22.036196
rx,22.036620
rx,22.036905
rx,22.037490
rx,22.037894
rx,22.038199
rx,22.038704
rx,22.039288
rx,22.039833
rx,22.040338
rx,22.046608
rx,22.054800
rx,22.062992
rx,22.071184
rx,22.079376
rx,22.087568
rx,22.095760
rx,22.103952
rx,22.112144
rx,22.120336
rx,22.128528
rx,22.136720
rx,22.144912
rx,22.153104
rx,22.161296
rx,22.169488
rx,22.177680
rx,22.185872
rx,22.194064
rx,22.202256
rx,22.210448
rx,22.218640
rx,22.226832
rx,22.235024
rx,22.243216
rx,22.251408
rx,22.259600
rx,22.267792
rx,22.275984
rx,22.284176
rx,22.292368
rx,22.300560
rx,22.308752
rx,22.316944
rx,22.325136
rx,22.333328
rx,22.341520
rx,22.349712
rx,22.357904
rx,22.366096
rx,22.374288
rx,22.382480
rx,22.390672
rx,22.398864
rx,22.407056
rx,22.415248
rx,22.423440
rx,22.431632
rx,22.439824
rx,22.448016
rx,22.456208
rx,22.464400
rx,22.472592
rx,22.480784
rx,22.488976
rx,22.497168
rx,22.505360
rx,22.513552
rx,22.521744
rx,22.529936
rx,22.538128
rx,22.546320
rx,22.554512
rx,22.562704
rx,22.570896
rx,22.579088
rx,22.587280
rx,22.595472
rx,22.603664
rx,22.611856
rx,22.620048
rx,22.628240
rx,22.636432
rx,22.644624
rx,22.652816
rx,22.661008
rx,22.669200
rx,22.677392
rx,22.685584
rx,22.693776
rx,22.701968
rx,22.710160
rx,22.718352
rx,22.726544
rx,22.734736
rx,22.742928
rx,22.751120
rx,22.759312
rx,22.767504
rx,22.775696
rx,22.783888
rx,22.792080
rx,22.800272
rx,22.808464
rx,22.816656
rx,22.824848
rx,22.833040
rx,22.841232
rx,22.849424
rx,22.857616
rx,22.865808
rx,22.874000
rx,22.882192
rx,22.890384
rx,22.898576
rx,22.906768
rx,22.914960
rx,22.923152
rx,22.931344
rx,22.939536
rx,22.947728
rx,22.955920
rx,22.964112
rx,22.972304
rx,22.980496
rx,22.988688
rx,22.996880
rx,24.015224
rx,24.015899
rx,24.016364
rx,24.016728
rx,24.017253
rx,24.017778
rx,24.018342
rx,24.018647
rx,24.019212
rx,24.019496
rx,24.020021
rx,24.020406
rx,24.020750
rx,24.021315
rx,24.021760
rx,24.022144
rx,24.022729
rx,24.023094
rx,24.023518
rx,24.023923
rx,24.024348
rx,24.024772
rx,24.025177
rx,24.025702
rx,24.026026
rx,24.026511
rx,24.026956
rx,24.027340
rx,24.027625
rx,24.027990
rx,24.028334
rx,24.028859
rx,24.029284
rx,24.029668
rx,24.029953
rx,24.030338
rx,24.030662
rx,24.031027
rx,24.031512
rx,24.031936
rx,24.032461
rx,24.032866
rx,24.033150
rx,24.033715
rx,24.034020
rx,24.034584
rx,24.034869
rx,24.035374
rx,24.035718
rx,24.036163
rx,24.036448
rx,24.036832
rx,24.037377
rx,24.037922
rx,24.038286
rx,24.038611
rx,24.039156
rx,24.039500
rx,24.039985
rx,24.040290
rx,24.040774
rx,24.041079
rx,24.041384
rx,24.041708
rx,24.042253
rx,24.045456
rx,24.053648
rx,24.061840
rx,24.070032
rx,24.078224
rx,24.086416
rx,24.094608
rx,24.102800
rx,24.110992
rx,24.119184
rx,24.127376
rx,24.135568
rx,24.143760
rx,24.151952
rx,24.160144
rx,24.168336
rx,24.176528
rx,24.184720
rx,24.192912
rx,24.201104
rx,24.209296
rx,24.217488
rx,24.225680
rx,24.233872
rx,24.242064
rx,24.250256
rx,24.258448
rx,24.266640
rx,24.274832
rx,24.283024
rx,24.291216
rx,24.299408
rx,24.307600
rx,24.315792
rx,24.323984
rx,24.332176
rx,24.340368
rx,24.348560
rx,24.356752
rx,24.364944
rx,24.373136
rx,24.381328
rx,24.389520
rx,24.397712
rx,24.405904
rx,24.414096
rx,24.422288
rx,24.430480
rx,24.438672
rx,24.446864
rx,24.455056
rx,24.463248
rx,24.471440
rx,24.479632
rx,24.487824
rx,24.496016
rx,24.504208
rx,24.512400
rx,24.520592
rx,24.528784
rx,24.536976
rx,24.545168
rx,24.553360
rx,24.561552
rx,24.569744
rx,24.577936
rx,24.586128
rx,24.594320
rx,24.602512
rx,24.610704
rx,24.618896
rx,24.627088
rx,24.635280
rx,24.643472
rx,24.651664
rx,24.659856
rx,24.668048
rx,24.676240
rx,24.684432
rx,24.692624
rx,24.700816
rx,24.709008
rx,24.717200
rx,24.725392
rx,24.733584
rx,24.741776
rx,24.749968
rx,24.758160
rx,24.766352
rx,24.774544
rx,24.782736
rx,24.790928
rx,24.799120
rx,24.807312
rx,24.815504
rx,24.823696
rx,24.831888
rx,24.840080
rx,24.848272
rx,24.856464
rx,24.864656
rx,24.872848
rx,24.881040
rx,24.889232
rx,24.897424
rx,24.905616
rx,24.913808
rx,24.922000
rx,24.930192
rx,24.938384
rx,24.946576
rx,24.954768
rx,24.962960
rx,24.971152
rx,24.979344
rx,24.987536
rx,24.995728
rx,26.012132
rx,26.012847
rx,26.013272
rx,26.013736
rx,26.014081
rx,26.014606
rx,26.015090
rx,26.015515
rx,26.015800
rx,26.016164
rx,26.016509
rx,26.016834
rx,26.017138
rx,26.017543
rx,26.018048
rx,26.018432
rx,26.018817
rx,26.019342
rx,26.019866
rx,26.020451
rx,26.020876
rx,26.021200
rx,26.021625
rx,26.022170
rx,26.022554
rx,26.023039
rx,26.023484
rx,26.023988
rx,26.024293
rx,26.024678
rx,26.025202
rx,26.025627
rx,26.026192
rx,26.026756
rx,26.027301
rx,26.027826
rx,26.028310
rx,26.028715
rx,26.029160
rx,26.029504
rx,26.030029
rx,26.030434
rx,26.030738
rx,26.031163
rx,26.031628
rx,26.032032
rx,26.032357
rx,26.032722
rx,26.033106
rx,26.033491
rx,26.034036
rx,26.034360
rx,26.034765
rx,26.035250
rx,26.035594
rx,26.036119
rx,26.036424
rx,26.036708
rx,26.036993
rx,26.037518
rx,26.037962
rx,26.038467
rx,26.038812
rx,26.039176
rx,26.039741
rx,26.044304
rx,26.052496
rx,26.060688
rx,26.068880
rx,26.077072
rx,26.085264
rx,26.093456
rx,26.101648
rx,26.109840
rx,26.118032
rx,26.126224
rx,26.134416
rx,26.142608
rx,26.150800
rx,26.158992
rx,26.167184
rx,26.175376
rx,26.183568
rx,26.191760
rx,26.199952
rx,26.208144
rx,26.216336
rx,26.224528
rx,26.232720
rx,26.240912
rx,26.249104
rx,26.257296
rx,26.265488
rx,26.273680
rx,26.281872
rx,26.290064
rx,26.298256
rx,26.306448
rx,26.314640
rx,26.322832
rx,26.331024
rx,26.339216
rx,26.347408
rx,26.355600
rx,26.363792
rx,26.371984
rx,26.380176
rx,26.388368
rx,26.396560
rx,26.404752
rx,26.412944
rx,26.421136
rx,26.429328
rx,26.437520
rx,26.445712
rx,26.453904
rx,26.462096
rx,26.470288
rx,26.478480
rx,26.486672
rx,26.494864
rx,26.503056
rx,26.511248
rx,26.519440
rx,26.527632
rx,26.535824
rx,26.544016
rx,26.552208
rx,26.560400
rx,26.568592
rx,26.576784
rx,26.584976
rx,26.593168
rx,26.601360
rx,26.609552
rx,26.617744
rx,26.625936
rx,26.634128
rx,26.642320
rx,26.650512
rx,26.658704
rx,26.666896
rx,26.675088
rx,26.683280
rx,26.691472
rx,26.699664
rx,26.707856
rx,26.716048
rx,26.724240
rx,26.732432
rx,26.740624
rx,26.748816
rx,26.757008
rx,26.765200
rx,26.773392
rx,26.781584
rx,26.789776
rx,26.797968
rx,26.806160
rx,26.814352
rx,26.822544
rx,26.830736
rx,26.838928
rx,26.847120
rx,26.855312
rx,26.863504
rx,26.871696
rx,26.879888
rx,26.888080
rx,26.896272
rx,26.904464
rx,26.912656
rx,26.920848
rx,26.929040
rx,26.937232
rx,26.945424
rx,26.953616
rx,26.961808
rx,26.970000
rx,26.978192
rx,26.986384
rx,26.994576
rx,28.011524
rx,28.012199
rx,28.012564
rx,28.013008
rx,28.013393
rx,28.013678
rx,28.014262
rx,28.014567
rx,28.015072
rx,28.015576
rx,28.016081
rx,28.016506
rx,28.016970
rx,28.017475
rx,28.017840
rx,28.018184
rx,28.018489
rx,28.019074
rx,28.019378
rx,28.019703
rx,28.020108
rx,28.020412
rx,28.020697
rx,28.021162
rx,28.021566
rx,28.022071
rx,28.022356
rx,28.022720
rx,28.023265
rx,28.023690
rx,28.024274
rx,28.024839
rx,28.025364
rx,28.025868
rx,28.026433
rx,28.026818
rx,28.027142
rx,28.027547
rx,28.027852
rx,28.028396
rx,28.028841
rx,28.029426
rx,28.029950
rx,28.030315
rx,28.030900
rx,28.031444
rx,28.031729
rx,28.032014
rx,28.032478
rx,28.032923
rx,28.033468
rx,28.033912
rx,28.034257
rx,28.034722
rx,28.035146
rx,28.035471
rx,28.035936
rx,28.036340
rx,28.036665
rx,28.037230
rx,28.037554
rx,28.037999
rx,28.038404
rx,28.038688
rx,28.039093
rx,28.043152
rx,28.051344
rx,28.059536
rx,28.067728
rx,28.075920
rx,28.084112
rx,28.092304
rx,28.100496
rx,28.108688
rx,28.116880
rx,28.125072
rx,28.133264
rx,28.141456
rx,28.149648
rx,28.157840
rx,28.166032
rx,28.174224
rx,28.182416
rx,28.190608
rx,28.198800
rx,28.206992
rx,28.215184
rx,28.223376
rx,28.231568
rx,28.239760
rx,28.247952
rx,28.256144
rx,28.264336
rx,28.272528
rx,28.280720
rx,28.288912
rx,28.297104
rx,28.305296
rx,28.313488
rx,28.321680
rx,28.329872
rx,28.338064
rx,28.346256
rx,28.354448
rx,28.362640
rx,28.370832
rx,28.379024
rx,28.387216
rx,28.395408
rx,28.403600
rx,28.411792
rx,28.419984
rx,28.428176
rx,28.436368
rx,28.444560
rx,28.452752
rx,28.460944
rx,28.469136
rx,28.477328
rx,28.485520
rx,28.493712
rx,28.501904
rx,28.510096
rx,28.518288
rx,28.526480
rx,28.534672
rx,28.542864
rx,28.551056
rx,28.559248
rx,28.567440
rx,28.575632
rx,28.583824
rx,28.592016
rx,28.600208
rx,28.608400
rx,28.616592
rx,28.624784
rx,28.632976
rx,28.641168
rx,28.649360
rx,28.657552
rx,28.665744
rx,28.673936
rx,28.682128
rx,28.690320
rx,28.698512
rx,28.706704
rx,28.714896
rx,28.723088
rx,28.731280
rx,28.739472
rx,28.747664
rx,28.755856
rx,28.764048
rx,28.772240
rx,28.780432
rx,28.788624
rx,28.796816
rx,28.805008
rx,28.813200
rx,28.821392
rx,28.829584
rx,28.837776
rx,28.845968
rx,28.854160
rx,28.862352
rx,28.870544
rx,28.878736
rx,28.886928
rx,28.895120
rx,28.903312
rx,28.911504
rx,28.919696
rx,28.927888
rx,28.936080
rx,28.944272
rx,28.952464
rx,28.960656
rx,28.968848
rx,28.977040
rx,28.985232
rx,28.993424
rx,30.012688
rx,30.013443
rx,30.013768
rx,30.014172
rx,30.014717
rx,30.015082
rx,30.015386
rx,30.015691
rx,30.015996
rx,30.016540
rx,30.016905
rx,30.017250
rx,30.017554
rx,30.018079
rx,30.018624
rx,30.018988
rx,30.019413
rx,30.019798
rx,30.020222
rx,30.020627
rx,30.021212
rx,30.021636
rx,30.022021
rx,30.022446
rx,30.022730
rx,30.023135
rx,30.023440
rx,30.023724
rx,30.024309
rx,30.024834
rx,30.025218
rx,30.025663
rx,30.026248
rx,30.026572
rx,30.026937
rx,30.027242
rx,30.027686
rx,30.028051
rx,30.028396
rx,30.028700
rx,30.029245
rx,30.029810
rx,30.030234
rx,30.030639
rx,30.031084
rx,30.031488
rx,30.031913
rx,30.032278
rx,30.032562
rx,30.032927
rx,30.033212
rx,30.033696
rx,30.034181
rx,30.034746
rx,30.035250
rx,30.035615
rx,30.036160
rx,30.036504
rx,30.036929
rx,30.037474
rx,30.038058
rx,30.038403
rx,30.038908
rx,30.039232
rx,30.039757
rx,30.042000
rx,30.050192
rx,30.058384
rx,30.066576
rx,30.074768
rx,30.082960
rx,30.091152
rx,30.099344
rx,30.107536
rx,30.115728
rx,30.123920
rx,30.132112
rx,30.140304
rx,30.148496
rx,30.156688
rx,30.164880
rx,30.173072
rx,30.181264
rx,30.189456
rx,30.197648
rx,30.205840
rx,30.214032
rx,30.222224
rx,30.230416
rx,30.238608
rx,30.246800
rx,30.254992
rx,30.263184
rx,30.271376
rx,30.279568
rx,30.287760
rx,30.295952
rx,30.304144
rx,30.312336
rx,30.320528
rx,30.328720
rx,30.336912
rx,30.345104
rx,30.353296
rx,30.361488
rx,30.369680
rx,30.377872
rx,30.386064
rx,30.394256
rx,30.402448
rx,30.410640
rx,30.418832
rx,30.427024
rx,30.435216
rx,30.443408
rx,30.451600
rx,30.459792
rx,30.467984
rx,30.476176
rx,30.484368
rx,30.492560
rx,30.500752
rx,30.508944
rx,30.517136
rx,30.525328
rx,30.533520
rx,30.541712
rx,30.549904
rx,30.558096
rx,30.566288
rx,30.574480
rx,30.582672
rx,30.590864
rx,30.599056
rx,30.607248
rx,30.615440
rx,30.623632
rx,30.631824
rx,30.640016
rx,30.648208
rx,30.656400
rx,30.664592
rx,30.672784
rx,30.680976
rx,30.689168
rx,30.697360
rx,30.705552
rx,30.713744
rx,30.721936
rx,30.730128
rx,30.738320
rx,30.746512
rx,30.754704
rx,30.762896
rx,30.771088
rx,30.779280
rx,30.787472
rx,30.795664
rx,30.803856
rx,30.812048
rx,30.820240
rx,30.828432
rx,30.836624
rx,30.844816
rx,30.853008
rx,30.861200
rx,30.869392
rx,30.877584
rx,30.885776
rx,30.893968
rx,30.902160
rx,30.910352
rx,30.918544
rx,30.926736
rx,30.934928
rx,30.943120
rx,30.951312
rx,30.959504
rx,30.967696
rx,30.975888
rx,30.984080
rx,30.992272
rx,32.019084
rx,32.019779
rx,32.020364
rx,32.020928
rx,32.021393
rx,32.021838
rx,32.022302
rx,32.022887
rx,32.023332
rx,32.023696
rx,32.024221
rx,32.024706
rx,32.025250
rx,32.025575
rx,32.025860
rx,32.026224
rx,32.026669
rx,32.027254
rx,32.027618
rx,32.027903
rx,32.028448
rx,32.028772
rx,32.029177
rx,32.029582
rx,32.030106
rx,32.030511
rx,32.030936
rx,32.031340
rx,32.031745
rx,32.032070
rx,32.032394
rx,32.032699
rx,32.033204
rx,32.033788
rx,32.034113
rx,32.034398
rx,32.034982
rx,32.035307
rx,32.035732
rx,32.036216
rx,32.036661
rx,32.037226
rx,32.037670
rx,32.038095
rx,32.038420
rx,32.038724
rx,32.039029
rx,32.039554
rx,32.040138
rx,32.040623
rx,32.040988
rx,32.041472
rx,32.041757
rx,32.042262
rx,32.042846
rx,32.043351
rx,32.043776
rx,32.044280
rx,32.044705
rx,32.045050
rx,32.045474
rx,32.045939
rx,32.046504
rx,32.046788
rx,32.047073
rx,32.049040
rx,32.057232
rx,32.065424
rx,32.073616
rx,32.081808
rx,32.090000
rx,32.098192
rx,32.106384
rx,32.114576
rx,32.122768
rx,32.130960
rx,32.139152
rx,32.147344
rx,32.155536
rx,32.163728
rx,32.171920
rx,32.180112
rx,32.188304
rx,32.196496
rx,32.204688
rx,32.212880
rx,32.221072
rx,32.229264
rx,32.237456
rx,32.245648
rx,32.253840
rx,32.262032
rx,32.270224
rx,32.278416
rx,32.286608
rx,32.294800
rx,32.302992
rx,32.311184
rx,32.319376
rx,32.327568
rx,32.335760
rx,32.343952
rx,32.352144
rx,32.360336
rx,32.368528
rx,32.376720
rx,32.384912
rx,32.393104
rx,32.401296
rx,32.409488
rx,32.417680
rx,32.425872
rx,32.434064
rx,32.442256
rx,32.450448
rx,32.458640
rx,32.466832
rx,32.475024
rx,32.483216
rx,32.491408
rx,32.499600
rx,32.507792
rx,32.515984
rx,32.524176
rx,32.532368
rx,32.540560
rx,32.548752
rx,32.556944
rx,32.565136
rx,32.573328
rx,32.581520
rx,32.589712
rx,32.597904
rx,32.606096
rx,32.614288
rx,32.622480
rx,32.630672
rx,32.638864
rx,32.647056
rx,32.655248
rx,32.663440
rx,32.671632
rx,32.679824
rx,32.688016
rx,32.696208
rx,32.704400
rx,32.712592
rx,32.720784
rx,32.728976
rx,32.737168
rx,32.745360
rx,32.753552
rx,32.761744
rx,32.769936
rx,32.778128
rx,32.786320
rx,32.794512
rx,32.802704
rx,32.810896
rx,32.819088
rx,32.827280
rx,32.835472
rx,32.843664
rx,32.851856
rx,32.860048
rx,32.868240
rx,32.876432
rx,32.884624
rx,32.892816
rx,32.901008
rx,32.909200
rx,32.917392
rx,32.925584
rx,32.933776
rx,32.941968
rx,32.950160
rx,32.958352
rx,32.966544
rx,32.974736
rx,32.982928
rx,32.991120
rx,32.999312
rx,34.013156
rx,34.013971
rx,34.014396
rx,34.014840
rx,34.015245
rx,34.015750
rx,34.016034
rx,34.016599
rx,34.016944
rx,34.017528
rx,34.017933
rx,34.018338
rx,34.018902
rx,34.019407
rx,34.019952
rx,34.020436
rx,34.020861
rx,34.021366
rx,34.021650
rx,34.022055
rx,34.022620
rx,34.022924
rx,34.023489
rx,34.024054
rx,34.024478
rx,34.024783
rx,34.025128
rx,34.025632
rx,34.026117
rx,34.026602
rx,34.027066
rx,34.027351
rx,34.027636
rx,34.028020
rx,34.028565
rx,34.028850
rx,34.029274
rx,34.029579
rx,34.029944
rx,34.030528
rx,34.031033
rx,34.031338
rx,34.031922
rx,34.032227
rx,34.032812
rx,34.033216
rx,34.033561
rx,34.034066
rx,34.034510
rx,34.034895
rx,34.035300
rx,34.035764
rx,34.036109
rx,34.036674
rx,34.037038
rx,34.037443
rx,34.037848
rx,34.038252
rx,34.038717
rx,34.039282
rx,34.039726
rx,34.040271
rx,34.040556
rx,34.040840
rx,34.041305
rx,34.041590
rx,34.047888
rx,34.056080
rx,34.064272
rx,34.072464
rx,34.080656
rx,34.088848
rx,34.097040
rx,34.105232
rx,34.113424
rx,34.121616
rx,34.129808
rx,34.138000
rx,34.146192
rx,34.154384
rx,34.162576
rx,34.170768
rx,34.178960
rx,34.187152
rx,34.195344
rx,34.203536
rx,34.211728
rx,34.219920
rx,34.228112
rx,34.236304
rx,34.244496
rx,34.252688
rx,34.260880
rx,34.269072
rx,34.277264
rx,34.285456
rx,34.293648
rx,34.301840
rx,34.310032
rx,34.318224
rx,34.326416
rx,34.334608
rx,34.342800
rx,34.350992
rx,34.359184
rx,34.367376
rx,34.375568
rx,34.383760
rx,34.391952
rx,34.400144
rx,34.408336
rx,34.416528
rx,34.424720
rx,34.432912
rx,34.441104
rx,34.449296
rx,34.457488
rx,34.465680
rx,34.473872
rx,34.482064
rx,34.490256
rx,34.498448
rx,34.506640
rx,34.514832
rx,34.523024
rx,34.531216
rx,34.539408
rx,34.547600
rx,34.555792
rx,34.563984
rx,34.572176
rx,34.580368
rx,34.588560
rx,34.596752
rx,34.604944
rx,34.613136
rx,34.621328
rx,34.629520
rx,34.637712
rx,34.645904
rx,34.654096
rx,34.662288
rx,34.670480
rx,34.678672
rx,34.686864
rx,34.695056
rx,34.703248
rx,34.711440
rx,34.719632
rx,34.727824
rx,34.736016
rx,34.744208
rx,34.752400
rx,34.760592
rx,34.768784
rx,34.776976
rx,34.785168
rx,34.793360
rx,34.801552
rx,34.809744
rx,34.817936
rx,34.826128
rx,34.834320
rx,34.842512
rx,34.850704
rx,34.858896
rx,34.867088
rx,34.875280
rx,34.883472
rx,34.891664
rx,34.899856
rx,34.908048
rx,34.916240
rx,34.924432
rx,34.932624
rx,34.940816
rx,34.949008
rx,34.957200
rx,34.965392
rx,34.973584
rx,34.981776
rx,34.989968
rx,34.998160
rx,36.015520
rx,36.016315
rx,36.016800
rx,36.017304
rx,36.017849
rx,36.018314
rx,36.018898
rx,36.019203
rx,36.019508
rx,36.019872
rx,36.020437
rx,36.020742
rx,36.021086
rx,36.021451
rx,36.021936
rx,36.022300
rx,36.022765
rx,36.023050
rx,36.023614
rx,36.023999
rx,36.024384
rx,36.024888
rx,36.025173
rx,36.025538
rx,36.026062
rx,36.026447
rx,36.027032
rx,36.027416
rx,36.027761
rx,36.028126
rx,36.028470
rx,36.028815
rx,36.029240
rx,36.029724
rx,36.030209
rx,36.030794
rx,36.031218
rx,36.031523
rx,36.032088
rx,36.032672
rx,36.032977
rx,36.033542
rx,36.034086
rx,36.034451
rx,36.034876
rx,36.035380
rx,36.035665
rx,36.036210
rx,36.036554
rx,36.036939
rx,36.037424
rx,36.037808
rx,36.038153
rx,36.038558
rx,36.038842
rx,36.039207
rx,36.039772
rx,36.040336
rx,36.040761
rx,36.041066
rx,36.041590
rx,36.042055
rx,36.042400
rx,36.042884
rx,36.043429
rx,36.046736
rx,36.054928
rx,36.063120
rx,36.071312
rx,36.079504
rx,36.087696
rx,36.095888
rx,36.104080
rx,36.112272
rx,36.120464
rx,36.128656
rx,36.136848
rx,36.145040
rx,36.153232
rx,36.161424
rx,36.169616
rx,36.177808
rx,36.186000
rx,36.194192
rx,36.202384
rx,36.210576
rx,36.218768
rx,36.226960
rx,36.235152
rx,36.243344
rx,36.251536
rx,36.259728
rx,36.267920
rx,36.276112
rx,36.284304
rx,36.292496
rx,36.300688
rx,36.308880
rx,36.317072
rx,36.325264
rx,36.333456
rx,36.341648
rx,36.349840
rx,36.358032
rx,36.366224
rx,36.374416
rx,36.382608
rx,36.390800
rx,36.398992
rx,36.407184
rx,36.415376
rx,36.423568
rx,36.431760
rx,36.439952
rx,36.448144
rx,36.456336
rx,36.464528
rx,36.472720
rx,36.480912
rx,36.489104
rx,36.497296
rx,36.505488
rx,36.513680
rx,36.521872
rx,36.530064
rx,36.538256
rx,36.546448
rx,36.554640
rx,36.562832
rx,36.571024
rx,36.579216
rx,36.587408
rx,36.595600
rx,36.603792
rx,36.611984
rx,36.620176
rx,36.628368
rx,36.636560
rx,36.644752
rx,36.652944
rx,36.661136
rx,36.669328
rx,36.677520
rx,36.685712
rx,36.693904
rx,36.702096
rx,36.710288
rx,36.718480
rx,36.726672
rx,36.734864
rx,36.743056
rx,36.751248
rx,36.759440
rx,36.767632
rx,36.775824
rx,36.784016
rx,36.792208
rx,36.800400
rx,36.808592
rx,36.816784
rx,36.824976
rx,36.833168
rx,36.841360
rx,36.849552
rx,36.857744
rx,36.865936
rx,36.874128
rx,36.882320
rx,36.890512
rx,36.898704
rx,36.906896
rx,36.915088
rx,36.923280
rx,36.931472
rx,36.939664
rx,36.947856
rx,36.956048
rx,36.964240
rx,36.972432
rx,36.980624
rx,36.988816
rx,36.997008
rx,38.015368
rx,38.016063
rx,38.016468
rx,38.016872
rx,38.017157
rx,38.017522
rx,38.017926
rx,38.018311
rx,38.018656
rx,38.019060
rx,38.019485
rx,38.019770
rx,38.020274
rx,38.020759
rx,38.021164
rx,38.021548
rx,38.022073
rx,38.022638
rx,38.022982
rx,38.023507
rx,38.023952
rx,38.024276
rx,38.024601
rx,38.025106
rx,38.025470
rx,38.025895
rx,38.026400
rx,38.026684
rx,38.027109
rx,38.027574
rx,38.028018
rx,38.028303
rx,38.028788
rx,38.029092
rx,38.029577
rx,38.030002
rx,38.030466
rx,38.030831
rx,38.031136
rx,38.031600
rx,38.031925
rx,38.032310
rx,38.032894
rx,38.033439
rx,38.033884
rx,38.034388
rx,38.034853
rx,38.035358
rx,38.035922
rx,38.036447
rx,38.036852
rx,38.037376
rx,38.037661
rx,38.038166
rx,38.038510
rx,38.038855
rx,38.039140
rx,38.039664
rx,38.040109
rx,38.040514
rx,38.040958
rx,38.041283
rx,38.041628
rx,38.042192
rx,38.042497
rx,38.045584
rx,38.053776
rx,38.061968
rx,38.070160
rx,38.078352
rx,38.086544
rx,38.094736
rx,38.102928
rx,38.111120
rx,38.119312
rx,38.127504
rx,38.135696
rx,38.143888
rx,38.152080
rx,38.160272
rx,38.168464
rx,38.176656
rx,38.184848
rx,38.193040
rx,38.201232
rx,38.209424
rx,38.217616
rx,38.225808
rx,38.234000
rx,38.242192
rx,38.250384
rx,38.258576
rx,38.266768
rx,38.274960
rx,38.283152
rx,38.291344
rx,38.299536
rx,38.307728
rx,38.315920
rx,38.324112
rx,38.332304
rx,38.340496
rx,38.348688
rx,38.356880
rx,38.365072
rx,38.373264
rx,38.381456
rx,38.389648
rx,38.397840
rx,38.406032
rx,38.414224
rx,38.422416
rx,38.430608
rx,38.438800
rx,38.446992
rx,38.455184
rx,38.463376
rx,38.471568
rx,38.479760
rx,38.487952
rx,38.496144
rx,38.504336
rx,38.512528
rx,38.520720
rx,38.528912
rx,38.537104
rx,38.545296
rx,38.553488
rx,38.561680
rx,38.569872
rx,38.578064
rx,38.586256
rx,38.594448
rx,38.602640
rx,38.610832
rx,38.619024
rx,38.627216
rx,38.635408
rx,38.643600
rx,38.651792
rx,38.659984
rx,38.668176
rx,38.676368
rx,38.684560
rx,38.692752
rx,38.700944
rx,38.709136
rx,38.717328
rx,38.725520
rx,38.733712
rx,38.741904
rx,38.750096
rx,38.758288
rx,38.766480
rx,38.774672
rx,38.782864
rx,38.791056
rx,38.799248
rx,38.807440
rx,38.815632
rx,38.823824
rx,38.832016
rx,38.840208
rx,38.848400
rx,38.856592
rx,38.864784
rx,38.872976
rx,38.881168
rx,38.889360
rx,38.897552
rx,38.905744
rx,38.913936
rx,38.922128
rx,38.930320
rx,38.938512
rx,38.946704
rx,38.954896
rx,38.963088
rx,38.971280
rx,38.979472
rx,38.987664
rx,38.995856
rx,40.014152
rx,40.014827
rx,40.015232
rx,40.015756
rx,40.016121
rx,40.016606
rx,40.017090
rx,40.017515
rx,40.017920
rx,40.018304
rx,40.018829
rx,40.019294
rx,40.019798
rx,40.020123
rx,40.020628
rx,40.021032
rx,40.021437
rx,40.021782
rx,40.022286
rx,40.022851
rx,40.023176
rx,40.023580
rx,40.023965
rx,40.024350
rx,40.024774
rx,40.025219
rx,40.025524
rx,40.025808
rx,40.026273
rx,40.026798
rx,40.027282
rx,40.027607
rx,40.028132
rx,40.028556
rx,40.028961
rx,40.029246
rx,40.029810
rx,40.030095
rx,40.030500
rx,40.030804
rx,40.031089
rx,40.031414
rx,40.031758
rx,40.032043
rx,40.032348
rx,40.032832
rx,40.033217
rx,40.033502
rx,40.034006
rx,40.034311
rx,40.034816
rx,40.035100
rx,40.035625
rx,40.036170
rx,40.036494
rx,40.036999
rx,40.037584
rx,40.037888
rx,40.038193
rx,40.038678
rx,40.039002
rx,40.039387
rx,40.039732
rx,40.040316
rx,40.040741
rx,40.044432
rx,40.052624
rx,40.060816
rx,40.069008
rx,40.077200
rx,40.085392
rx,40.093584
rx,40.101776
rx,40.109968
rx,40.118160
rx,40.126352
rx,40.134544
rx,40.142736
rx,40.150928
rx,40.159120
rx,40.167312
rx,40.175504
rx,40.183696
rx,40.191888
rx,40.200080
rx,40.208272
rx,40.216464
rx,40.224656
rx,40.232848
rx,40.241040
rx,40.249232
rx,40.257424
rx,40.265616
rx,40.273808
rx,40.282000
rx,40.290192
rx,40.298384
rx,40.306576
rx,40.314768
rx,40.322960
rx,40.331152
rx,40.339344
rx,40.347536
rx,40.355728
rx,40.363920
rx,40.372112
rx,40.380304
rx,40.388496
rx,40.396688
rx,40.404880
rx,40.413072
rx,40.421264
rx,40.429456
rx,40.437648
rx,40.445840
rx,40.454032
rx,40.462224
rx,40.470416
rx,40.478608
rx,40.486800
rx,40.494992
rx,40.503184
rx,40.511376
rx,40.519568
rx,40.527760
rx,40.535952
rx,40.544144
rx,40.552336
rx,40.560528
rx,40.568720
rx,40.576912
rx,40.585104
rx,40.593296
rx,40.601488
rx,40.609680
rx,40.617872
rx,40.626064
rx,40.634256
rx,40.642448
rx,40.650640
rx,40.658832
rx,40.667024
rx,40.675216
rx,40.683408
rx,40.691600
rx,40.699792
rx,40.707984
rx,40.716176
rx,40.724368
rx,40.732560
rx,40.740752
rx,40.748944
rx,40.757136
rx,40.765328
rx,40.773520
rx,40.781712
rx,40.789904
rx,40.798096
rx,40.806288
rx,40.814480
rx,40.822672
rx,40.830864
rx,40.839056
rx,40.847248
rx,40.855440
rx,40.863632
rx,40.871824
rx,40.880016
rx,40.888208
rx,40.896400
rx,40.904592
rx,40.912784
rx,40.920976
rx,40.929168
rx,40.937360
rx,40.945552
rx,40.953744
rx,40.961936
rx,40.970128
rx,40.978320
rx,40.986512
rx,40.994704
rx,42.013368
rx,42.014023
rx,42.014468
rx,42.015052
rx,42.015497
rx,42.015942
rx,42.016406
rx,42.016771
rx,42.017056
rx,42.017560
rx,42.017845
rx,42.018130
rx,42.018494
rx,42.018859
rx,42.019144
rx,42.019708
rx,42.020133
rx,42.020618
rx,42.021122
rx,42.021447
rx,42.021832
rx,42.022276
rx,42.022801
rx,42.023226
rx,42.023770
rx,42.024135
rx,42.024500
rx,42.024964
rx,42.025549
rx,42.026074
rx,42.026518
rx,42.027083
rx,42.027608
rx,42.028032
rx,42.028437
rx,42.028962
rx,42.029546
rx,42.029931
rx,42.030276
rx,42.030820
rx,42.031205
rx,42.031670
rx,42.032054
rx,42.032459
rx,42.032824
rx,42.033308
rx,42.033653
rx,42.033958
rx,42.034282
rx,42.034587
rx,42.034872
rx,42.035256
rx,42.035581
rx,42.035986
rx,42.036470
rx,42.036915
rx,42.037460
rx,42.037944
rx,42.038269
rx,42.038714
rx,42.039118
rx,42.039583
rx,42.040048
rx,42.040572
rx,42.040977
rx,42.043280
rx,42.051472
rx,42.059664
rx,42.067856
rx,42.076048
rx,42.084240
rx,42.092432
rx,42.100624
rx,42.108816
rx,42.117008
rx,42.125200
rx,42.133392
rx,42.141584
rx,42.149776
rx,42.157968
rx,42.166160
rx,42.174352
rx,42.182544
rx,42.190736
rx,42.198928
rx,42.207120
rx,42.215312
rx,42.223504
rx,42.231696
rx,42.239888
rx,42.248080
rx,42.256272
rx,42.264464
rx,42.272656
rx,42.280848
rx,42.289040
rx,42.297232
rx,42.305424
rx,42.313616
rx,42.321808
rx,42.330000
rx,42.338192
rx,42.346384
rx,42.354576
rx,42.362768
rx,42.370960
rx,42.379152
rx,42.387344
rx,42.395536
rx,42.403728
rx,42.411920
rx,42.420112
rx,42.428304
rx,42.436496
rx,42.444688
rx,42.452880
rx,42.461072
rx,42.469264
rx,42.477456
rx,42.485648
rx,42.493840
rx,42.502032
rx,42.510224
rx,42.518416
rx,42.526608
rx,42.534800
rx,42.542992
rx,42.551184
rx,42.559376
rx,42.567568
rx,42.575760
rx,42.583952
rx,42.592144
rx,42.600336
rx,42.608528
rx,42.616720
rx,42.624912
rx,42.633104
rx,42.641296
rx,42.649488
rx,42.657680
rx,42.665872
rx,42.674064
rx,42.682256
rx,42.690448
rx,42.698640
rx,42.706832
rx,42.715024
rx,42.723216
rx,42.731408
rx,42.739600
rx,42.747792
rx,42.755984
rx,42.764176
rx,42.772368
rx,42.780560
rx,42.788752
rx,42.796944
rx,42.805136
rx,42.813328
rx,42.821520
rx,42.829712
rx,42.837904
rx,42.846096
rx,42.854288
rx,42.862480
rx,42.870672
rx,42.878864
rx,42.887056
rx,42.895248
rx,42.903440
rx,42.911632
rx,42.919824
rx,42.928016
rx,42.936208
rx,42.944400
rx,42.952592
rx,42.960784
rx,42.968976
rx,42.977168
rx,42.985360
rx,42.993552
rx,44.015716
rx,44.016451
rx,44.016976
rx,44.017500
rx,44.017925
rx,44.018210
rx,44.018534
rx,44.019079
rx,44.019504
rx,44.019808
rx,44.020253
rx,44.020798
rx,44.021102
rx,44.021607
rx,44.022172
rx,44.022656
rx,44.023001
rx,44.023486
rx,44.023790
rx,44.024095
rx,44.024440
rx,44.024804
rx,44.025349
rx,44.025914
rx,44.026318
rx,44.026803
rx,44.027288
rx,44.027732
rx,44.028297
rx,44.028742
rx,44.029206
rx,44.029771
rx,44.030296
rx,44.030680
rx,44.031125
rx,44.031430
rx,44.031914
rx,44.032379
rx,44.032824
rx,44.033148
rx,44.033533
rx,44.033938
rx,44.034262
rx,44.034667
rx,44.035192
rx,44.035476
rx,44.035981
rx,44.036446
rx,44.036890
rx,44.037395
rx,44.037860
rx,44.038164
rx,44.038469
rx,44.038814
rx,44.039378
rx,44.039723
rx,44.040188
rx,44.040772
rx,44.041257
rx,44.041762
rx,44.042066
rx,44.042631
rx,44.043076
rx,44.043480
rx,44.044025
rx,44.044350
rx,44.050320
rx,44.058512
rx,44.066704
rx,44.074896
rx,44.083088
rx,44.091280
rx,44.099472
rx,44.107664
rx,44.115856
rx,44.124048
rx,44.132240
rx,44.140432
rx,44.148624
rx,44.156816
rx,44.165008
rx,44.173200
rx,44.181392
rx,44.189584
rx,44.197776
rx,44.205968
rx,44.214160
rx,44.222352
rx,44.230544
rx,44.238736
rx,44.246928
rx,44.255120
rx,44.263312
rx,44.271504
rx,44.279696
rx,44.287888
rx,44.296080
rx,44.304272
rx,44.312464
rx,44.320656
rx,44.328848
rx,44.337040
rx,44.345232
rx,44.353424
rx,44.361616
rx,44.369808
rx,44.378000
rx,44.386192
rx,44.394384
rx,44.402576
rx,44.410768
rx,44.418960
rx,44.427152
rx,44.435344
rx,44.443536
rx,44.451728
rx,44.459920
rx,44.468112
rx,44.476304
rx,44.484496
rx,44.492688
rx,44.500880
rx,44.509072
rx,44.517264
rx,44.525456
rx,44.533648
rx,44.541840
rx,44.550032
rx,44.558224
rx,44.566416
rx,44.574608
rx,44.582800
rx,44.590992
rx,44.599184
rx,44.607376
rx,44.615568
rx,44.623760
rx,44.631952
rx,44.640144
rx,44.648336
rx,44.656528
rx,44.664720
rx,44.672912
rx,44.681104
rx,44.689296
rx,44.697488
rx,44.705680
rx,44.713872
rx,44.722064
rx,44.730256
rx,44.738448
rx,44.746640
rx,44.754832
rx,44.763024
rx,44.771216
rx,44.779408
rx,44.787600
rx,44.795792
rx,44.803984
rx,44.812176
rx,44.820368
rx,44.828560
rx,44.836752
rx,44.844944
rx,44.853136
rx,44.861328
rx,44.869520
rx,44.877712
rx,44.885904
rx,44.894096
rx,44.902288
rx,44.910480
rx,44.918672
rx,44.926864
rx,44.935056
rx,44.943248
rx,44.951440
rx,44.959632
rx,44.967824
rx,44.976016
rx,44.984208
rx,44.992400
rx,46.014264
rx,46.015059
rx,46.015404
rx,46.015888
rx,46.016453
rx,46.016738
rx,46.017322
rx,46.017707
rx,46.018112
rx,46.018576
rx,46.018941
rx,46.019466
rx,46.019750
rx,46.020295
rx,46.020700
rx,46.021284
rx,46.021609
rx,46.022174
rx,46.022638
rx,46.023223
rx,46.023688
rx,46.024232
rx,46.024737
rx,46.025262
rx,46.025746
rx,46.026051
rx,46.026476
rx,46.026880
rx,46.027265
rx,46.027770
rx,46.028134
rx,46.028679
rx,46.029004
rx,46.029288
rx,46.029813
rx,46.030118
rx,46.030522
rx,46.030867
rx,46.031232
rx,46.031656
rx,46.032001
rx,46.032486
rx,46.032810
rx,46.033115
rx,46.033480
rx,46.033944
rx,46.034449
rx,46.034914
rx,46.035318
rx,46.035843
rx,46.036128
rx,46.036672
rx,46.037237
rx,46.037762
rx,46.038146
rx,46.038631
rx,46.038976
rx,46.039260
rx,46.039685
rx,46.040150
rx,46.040634
rx,46.040979
rx,46.041344
rx,46.041788
rx,46.042313
rx,46.042778
rx,46.049168
rx,46.057360
rx,46.065552
rx,46.073744
rx,46.081936
rx,46.090128
rx,46.098320
rx,46.106512
rx,46.114704
rx,46.122896
rx,46.131088
rx,46.139280
rx,46.147472
rx,46.155664
rx,46.163856
rx,46.172048
rx,46.180240
rx,46.188432
rx,46.196624
rx,46.204816
rx,46.213008
rx,46.221200
rx,46.229392
rx,46.237584
rx,46.245776
rx,46.253968
rx,46.262160
rx,46.270352
rx,46.278544
rx,46.286736
rx,46.294928
rx,46.303120
rx,46.311312
rx,46.319504
rx,46.327696
rx,46.335888
rx,46.344080
rx,46.352272
rx,46.360464
rx,46.368656
rx,46.376848
rx,46.385040
rx,46.393232
rx,46.401424
rx,46.409616
rx,46.417808
rx,46.426000
rx,46.434192
rx,46.442384
rx,46.450576
rx,46.458768
rx,46.466960
rx,46.475152
rx,46.483344
rx,46.491536
rx,46.499728
rx,46.507920
rx,46.516112
rx,46.524304
rx,46.532496
rx,46.540688
rx,46.548880
rx,46.557072
rx,46.565264
rx,46.573456
rx,46.581648
rx,46.589840
rx,46.598032
rx,46.606224
rx,46.614416
rx,46.622608
rx,46.630800
rx,46.638992
rx,46.647184
rx,46.655376
rx,46.663568
rx,46.671760
rx,46.679952
rx,46.688144
rx,46.696336
rx,46.704528
rx,46.712720
rx,46.720912
rx,46.729104
rx,46.737296
rx,46.745488
rx,46.753680
rx,46.761872
rx,46.770064
rx,46.778256
rx,46.786448
rx,46.794640
rx,46.802832
rx,46.811024
rx,46.819216
rx,46.827408
rx,46.835600
rx,46.843792
rx,46.851984
rx,46.860176
rx,46.868368
rx,46.876560
rx,46.884752
rx,46.892944
rx,46.901136
rx,46.909328
rx,46.917520
rx,46.925712
rx,46.933904
rx,46.942096
rx,46.950288
rx,46.958480
rx,46.966672
rx,46.974864
rx,46.983056
rx,46.991248
rx,46.999440
rx,48.009952
rx,48.010807
rx,48.011152
rx,48.011636
rx,48.012181
rx,48.012466
rx,48.012930
rx,48.013395
rx,48.013900
rx,48.014324
rx,48.014889
rx,48.015334
rx,48.015838
rx,48.016343
rx,48.016908
rx,48.017432
rx,48.017797
rx,48.018162
rx,48.018706
rx,48.019151
rx,48.019516
rx,48.019820
rx,48.020245
rx,48.020630
rx,48.021034
rx,48.021479
rx,48.021924
rx,48.022428
rx,48.022873
rx,48.023298
rx,48.023802
rx,48.024127
rx,48.024692
rx,48.025016
rx,48.025441
rx,48.025806
rx,48.026190
rx,48.026495
rx,48.027040
rx,48.027404
rx,48.027929
rx,48.028294
rx,48.028578
rx,48.028983
rx,48.029388
rx,48.029752
rx,48.030237
rx,48.030762
rx,48.031306
rx,48.031731
rx,48.032096
rx,48.032380
rx,48.032925
rx,48.033350
rx,48.033714
rx,48.034039
rx,48.034544
rx,48.035028
rx,48.035453
rx,48.035978
rx,48.036322
rx,48.036727
rx,48.037012
rx,48.037296
rx,48.037621
rx,48.039824
rx,48.048016
rx,48.056208
rx,48.064400
rx,48.072592
rx,48.080784
rx,48.088976
rx,48.097168
rx,48.105360
rx,48.113552
rx,48.121744
rx,48.129936
rx,48.138128
rx,48.146320
rx,48.154512
rx,48.162704
rx,48.170896
rx,48.179088
rx,48.187280
rx,48.195472
rx,48.203664
rx,48.211856
rx,48.220048
rx,48.228240
rx,48.236432
rx,48.244624
rx,48.252816
rx,48.261008
rx,48.269200
rx,48.277392
rx,48.285584
rx,48.293776
rx,48.301968
rx,48.310160
rx,48.318352
rx,48.326544
rx,48.334736
rx,48.342928
rx,48.351120
rx,48.359312
rx,48.367504
rx,48.375696
rx,48.383888
rx,48.392080
rx,48.400272
rx,48.408464
rx,48.416656
rx,48.424848
rx,48.433040
rx,48.441232
rx,48.449424
rx,48.457616
rx,48.465808
rx,48.474000
rx,48.482192
rx,48.490384
rx,48.498576
rx,48.506768
rx,48.514960
rx,48.523152
rx,48.531344
rx,48.539536
rx,48.547728
rx,48.555920
rx,48.564112
rx,48.572304
rx,48.580496
rx,48.588688
rx,48.596880
rx,48.605072
rx,48.613264
rx,48.621456
rx,48.629648
rx,48.637840
rx,48.646032
rx,48.654224
rx,48.662416
rx,48.670608
rx,48.678800
rx,48.686992
rx,48.695184
rx,48.703376
rx,48.711568
rx,48.719760
rx,48.727952
rx,48.736144
rx,48.744336
rx,48.752528
rx,48.760720
rx,48.768912
rx,48.777104
rx,48.785296
rx,48.793488
rx,48.801680
rx,48.809872
rx,48.818064
rx,48.826256
rx,48.834448
rx,48.842640
rx,48.850832
rx,48.859024
rx,48.867216
rx,48.875408
rx,48.883600
rx,48.891792
rx,48.899984
rx,48.908176
rx,48.916368
rx,48.924560
rx,48.932752
rx,48.940944
rx,48.949136
rx,48.957328
rx,48.965520
rx,48.973712
rx,48.981904
rx,48.990096
rx,48.998288
rx,50.016260
rx,50.017015
rx,50.017460
rx,50.017844
rx,50.018409
rx,50.018914
rx,50.019398
rx,50.019803
rx,50.020128
rx,50.020512
rx,50.021057
rx,50.021402
rx,50.021806
rx,50.022211
rx,50.022636
rx,50.023180
rx,50.023545
rx,50.023870
rx,50.024234
rx,50.024539
rx,50.024984
rx,50.025388
rx,50.025813
rx,50.026358
rx,50.026782
rx,50.027167
rx,50.027752
rx,50.028096
rx,50.028621
rx,50.029126
rx,50.029610
rx,50.030095
rx,50.030460
rx,50.030804
rx,50.031309
rx,50.031614
rx,50.032178
rx,50.032663
rx,50.033008
rx,50.033532
rx,50.033997
rx,50.034482
rx,50.034986
rx,50.035411
rx,50.035936
rx,50.036340
rx,50.036785
rx,50.037150
rx,50.037594
rx,50.038019
rx,50.038604
rx,50.039068
rx,50.039453
rx,50.039858
rx,50.040182
rx,50.040607
rx,50.040892
rx,50.041336
rx,50.041781
rx,50.042306
rx,50.042810
rx,50.043355
rx,50.043860
rx,50.044444
rx,50.044769
rx,50.046864
rx,50.055056
rx,50.063248
rx,50.071440
rx,50.079632
rx,50.087824
rx,50.096016
rx,50.104208
rx,50.112400
rx,50.120592
rx,50.128784
rx,50.136976
rx,50.145168
rx,50.153360
rx,50.161552
rx,50.169744
rx,50.177936
rx,50.186128
rx,50.194320
rx,50.202512
rx,50.210704
rx,50.218896
rx,50.227088
rx,50.235280
rx,50.243472
rx,50.251664
rx,50.259856
rx,50.268048
rx,50.276240
rx,50.284432
rx,50.292624
rx,50.300816
rx,50.309008
rx,50.317200
rx,50.325392
rx,50.333584
rx,50.341776
rx,50.349968
rx,50.358160
rx,50.366352
rx,50.374544
rx,50.382736
rx,50.390928
rx,50.399120
rx,50.407312
rx,50.415504
rx,50.423696
rx,50.431888
rx,50.440080
rx,50.448272
rx,50.456464
rx,50.464656
rx,50.472848
rx,50.481040
rx,50.489232
rx,50.497424
rx,50.505616
rx,50.513808
rx,50.522000
rx,50.530192
rx,50.538384
rx,50.546576
rx,50.554768
rx,50.562960
rx,50.571152
rx,50.579344
rx,50.587536
rx,50.595728
rx,50.603920
rx,50.612112
rx,50.620304
rx,50.628496
rx,50.636688
rx,50.644880
rx,50.653072
rx,50.661264
rx,50.669456
rx,50.677648
rx,50.685840
rx,50.694032
rx,50.702224
rx,50.710416
rx,50.718608
rx,50.726800
rx,50.734992
rx,50.743184
rx,50.751376
rx,50.759568
rx,50.767760
rx,50.775952
rx,50.784144
rx,50.792336
rx,50.800528
rx,50.808720
rx,50.816912
rx,50.825104
rx,50.833296
rx,50.841488
rx,50.849680
rx,50.857872
rx,50.866064
rx,50.874256
rx,50.882448
rx,50.890640
rx,50.898832
rx,50.907024
rx,50.915216
rx,50.923408
rx,50.931600
rx,50.939792
rx,50.947984
rx,50.956176
rx,50.964368
rx,50.972560
rx,50.980752
rx,50.988944
rx,50.997136
rx,52.011896
rx,52.012491
rx,52.012856
rx,52.013300
rx,52.013685
rx,52.014170
rx,52.014574
rx,52.014979
rx,52.015304
rx,52.015828
rx,52.016313
rx,52.016798
rx,52.017322
rx,52.017847
rx,52.018152
rx,52.018636
rx,52.019221
rx,52.019526
rx,52.019990
rx,52.020515
rx,52.020980
rx,52.021344
rx,52.021849
rx,52.022314
rx,52.022798
rx,52.023303
rx,52.023828
rx,52.024412
rx,52.024757
rx,52.025242
rx,52.025726
rx,52.026231
rx,52.026816
rx,52.027240
rx,52.027525
rx,52.027810
rx,52.028374
rx,52.028919
rx,52.029204
rx,52.029648
rx,52.030173
rx,52.030518
rx,52.031082
rx,52.031527
rx,52.031992
rx,52.032336
rx,52.032821
rx,52.033366
rx,52.033930
rx,52.034455
rx,52.034980
rx,52.035424
rx,52.035909
rx,52.036394
rx,52.036678
rx,52.037063
rx,52.037408
rx,52.037912
rx,52.038417
rx,52.038702
rx,52.039186
rx,52.039671
rx,52.040116
rx,52.040520
rx,52.041005
rx,52.041550
rx,52.045712
rx,52.053904
rx,52.062096
rx,52.070288
rx,52.078480
rx,52.086672
rx,52.094864
rx,52.103056
rx,52.111248
rx,52.119440
rx,52.127632
rx,52.135824
rx,52.144016
rx,52.152208
rx,52.160400
rx,52.168592
rx,52.176784
rx,52.184976
rx,52.193168
rx,52.201360
rx,52.209552
rx,52.217744
rx,52.225936
rx,52.234128
rx,52.242320
rx,52.250512
rx,52.258704
rx,52.266896
rx,52.275088
rx,52.283280
rx,52.291472
rx,52.299664
rx,52.307856
rx,52.316048
rx,52.324240
rx,52.332432
rx,52.340624
rx,52.348816
rx,52.357008
rx,52.365200
rx,52.373392
rx,52.381584
rx,52.389776
rx,52.397968
rx,52.406160
rx,52.414352
rx,52.422544
rx,52.430736
rx,52.438928
rx,52.447120
rx,52.455312
rx,52.463504
rx,52.471696
rx,52.479888
rx,52.488080
rx,52.496272
rx,52.504464
rx,52.512656
rx,52.520848
rx,52.529040
rx,52.537232
rx,52.545424
rx,52.553616
rx,52.561808
rx,52.570000
rx,52.578192
rx,52.586384
rx,52.594576
rx,52.602768
rx,52.610960
rx,52.619152
rx,52.627344
rx,52.635536
rx,52.643728
rx,52.651920
rx,52.660112
rx,52.668304
rx,52.676496
rx,52.684688
rx,52.692880
rx,52.701072
rx,52.709264
rx,52.717456
rx,52.725648
rx,52.733840
rx,52.742032
rx,52.750224
rx,52.758416
rx,52.766608
rx,52.774800
rx,52.782992
rx,52.791184
rx,52.799376
rx,52.807568
rx,52.815760
rx,52.823952
rx,52.832144
rx,52.840336
rx,52.848528
rx,52.856720
rx,52.864912
rx,52.873104
rx,52.881296
rx,52.889488
rx,52.897680
rx,52.905872
rx,52.914064
rx,52.922256
rx,52.930448
rx,52.938640
rx,52.946832
rx,52.955024
rx,52.963216
rx,52.971408
rx,52.979600
rx,52.987792
rx,52.995984
rx,54.010236
rx,54.010851
rx,54.011376
rx,54.011660
rx,54.012205
rx,54.012650
rx,54.013154
rx,54.013499
rx,54.013864
rx,54.014268
rx,54.014613
rx,54.015038
rx,54.015402
rx,54.015787
rx,54.016332
rx,54.016716
rx,54.017061
rx,54.017466
rx,54.017910
rx,54.018415
rx,54.018780
rx,54.019184
rx,54.019529
rx,54.019974
rx,54.020518
rx,54.020843
rx,54.021428
rx,54.021792
rx,54.022117
rx,54.022542
rx,54.023126
rx,54.023631
rx,54.024096
rx,54.024380
rx,54.024925
rx,54.025350
rx,54.025854
rx,54.026219
rx,54.026564
rx,54.026888
rx,54.027253
rx,54.027598
rx,54.028122
rx,54.028647
rx,54.028972
rx,54.029296
rx,54.029781
rx,54.030126
rx,54.030510
rx,54.030955
rx,54.031340
rx,54.031784
rx,54.032229
rx,54.032694
rx,54.033038
rx,54.033623
rx,54.034148
rx,54.034452
rx,54.034817
rx,54.035262
rx,54.035766
rx,54.036131
rx,54.036576
rx,54.037100
rx,54.037425
rx,54.037970
rx,54.044560
rx,54.052752
rx,54.060944
rx,54.069136
rx,54.077328
rx,54.085520
rx,54.093712
rx,54.101904
rx,54.110096
rx,54.118288
rx,54.126480
rx,54.134672
rx,54.142864
rx,54.151056
rx,54.159248
rx,54.167440
rx,54.175632
rx,54.183824
rx,54.192016
rx,54.200208
rx,54.208400
rx,54.216592
rx,54.224784
rx,54.232976
rx,54.241168
rx,54.249360
rx,54.257552
rx,54.265744
rx,54.273936
rx,54.282128
rx,54.290320
rx,54.298512
rx,54.306704
rx,54.314896
rx,54.323088
rx,54.331280
rx,54.339472
rx,54.347664
rx,54.355856
rx,54.364048
rx,54.372240
rx,54.380432
rx,54.388624
rx,54.396816
rx,54.405008
rx,54.413200
rx,54.421392
rx,54.429584
rx,54.437776
rx,54.445968
rx,54.454160
rx,54.462352
rx,54.470544
rx,54.478736
rx,54.486928
rx,54.495120
rx,54.503312
rx,54.511504
rx,54.519696
rx,54.527888
rx,54.536080
rx,54.544272
rx,54.552464
rx,54.560656
rx,54.568848
rx,54.577040
rx,54.585232
rx,54.593424
rx,54.601616
rx,54.609808
rx,54.618000
rx,54.626192
rx,54.634384
rx,54.642576
rx,54.650768
rx,54.658960
rx,54.667152
rx,54.675344
rx,54.683536
rx,54.691728
rx,54.699920
rx,54.708112
rx,54.716304
rx,54.724496
rx,54.732688
rx,54.740880
rx,54.749072
rx,54.757264
rx,54.765456
rx,54.773648
rx,54.781840
rx,54.790032
rx,54.798224
rx,54.806416
rx,54.814608
rx,54.822800
rx,54.830992
rx,54.839184
rx,54.847376
rx,54.855568
rx,54.863760
rx,54.871952
rx,54.880144
rx,54.888336
rx,54.896528
rx,54.904720
rx,54.912912
rx,54.921104
rx,54.929296
rx,54.937488
rx,54.945680
rx,54.953872
rx,54.962064
rx,54.970256
rx,54.978448
rx,54.986640
rx,54.994832
rx,56.010568
rx,56.011323
rx,56.011688
rx,56.011972
rx,56.012317
rx,56.012902
rx,56.013406
rx,56.013951
rx,56.014316
rx,56.014880
rx,56.015285
rx,56.015690
rx,56.016094
rx,56.016579
rx,56.017104
rx,56.017568
rx,56.017873
rx,56.018198
rx,56.018622
rx,56.019007
rx,56.019412
rx,56.019716
rx,56.020001
rx,56.020386
rx,56.020750
rx,56.021315
rx,56.021660
rx,56.022124
rx,56.022589
rx,56.023034
rx,56.023498
rx,56.024003
rx,56.024388
rx,56.024892
rx,56.025197
rx,56.025742
rx,56.026106
rx,56.026491
rx,56.027056
rx,56.027380
rx,56.027965
rx,56.028390
rx,56.028954
rx,56.029259
rx,56.029544
rx,56.030088
rx,56.030553
rx,56.030978
rx,56.031322
rx,56.031867
rx,56.032452
rx,56.032956
rx,56.033401
rx,56.033826
rx,56.034230
rx,56.034515
rx,56.035080
rx,56.035484
rx,56.035789
rx,56.036214
rx,56.036778
rx,56.037163
rx,56.037688
rx,56.037972
rx,56.038537
rx,56.043408
rx,56.051600
rx,56.059792
rx,56.067984
rx,56.076176
rx,56.084368
rx,56.092560
rx,56.100752
rx,56.108944
rx,56.117136
rx,56.125328
rx,56.133520
rx,56.141712
rx,56.149904
rx,56.158096
rx,56.166288
rx,56.174480
rx,56.182672
rx,56.190864
rx,56.199056
rx,56.207248
rx,56.215440
rx,56.223632
rx,56.231824
rx,56.240016
rx,56.248208
rx,56.256400
rx,56.264592
rx,56.272784
rx,56.280976
rx,56.289168
rx,56.297360
rx,56.305552
rx,56.313744
rx,56.321936
rx,56.330128
rx,56.338320
rx,56.346512
rx,56.354704
rx,56.362896
rx,56.371088
rx,56.379280
rx,56.387472
rx,56.395664
rx,56.403856
rx,56.412048
rx,56.420240
rx,56.428432
rx,56.436624
rx,56.444816
rx,56.453008
rx,56.461200
rx,56.469392
rx,56.477584
rx,56.485776
rx,56.493968
rx,56.502160
rx,56.510352
rx,56.518544
rx,56.526736
rx,56.534928
rx,56.543120
rx,56.551312
rx,56.559504
rx,56.567696
rx,56.575888
rx,56.584080
rx,56.592272
rx,56.600464
rx,56.608656
rx,56.616848
rx,56.625040
rx,56.633232
rx,56.641424
rx,56.649616
rx,56.657808
rx,56.666000
rx,56.674192
rx,56.682384
rx,56.690576
rx,56.698768
rx,56.706960
rx,56.715152
rx,56.723344
rx,56.731536
rx,56.739728
rx,56.747920
rx,56.756112
rx,56.764304
rx,56.772496
rx,56.780688
rx,56.788880
rx,56.797072
rx,56.805264
rx,56.813456
rx,56.821648
rx,56.829840
rx,56.838032
rx,56.846224
rx,56.854416
rx,56.862608
rx,56.870800
rx,56.878992
rx,56.887184
rx,56.895376
rx,56.903568
rx,56.911760
rx,56.919952
rx,56.928144
rx,56.936336
rx,56.944528
rx,56.952720
rx,56.960912
rx,56.969104
rx,56.977296
rx,56.985488
rx,56.993680
rx,58.024660
rx,58.025295
rx,58.025600
rx,58.025984
rx,58.026549
rx,58.026934
rx,58.027438
rx,58.027923
rx,58.028368
rx,58.028692
rx,58.029017
rx,58.029362
rx,58.029866
rx,58.030151
rx,58.030516
rx,58.031100
rx,58.031505
rx,58.031850
rx,58.032314
rx,58.032639
rx,58.033144
rx,58.033528
rx,58.033853
rx,58.034158
rx,58.034502
rx,58.035087
rx,58.035472
rx,58.035996
rx,58.036341
rx,58.036926
rx,58.037230
rx,58.037695
rx,58.038240
rx,58.038544
rx,58.038929
rx,58.039474
rx,58.039858
rx,58.040283
rx,58.040608
rx,58.041012
rx,58.041477
rx,58.041782
rx,58.042266
rx,58.042551
rx,58.043116
rx,58.043580
rx,58.044065
rx,58.044530
rx,58.045034
rx,58.045479
rx,58.045884
rx,58.046168
rx,58.046573
rx,58.046958
rx,58.047342
rx,58.047807
rx,58.048212
rx,58.048496
rx,58.049061
rx,58.049446
rx,58.049950
rx,58.050515
rx,58.050820
rx,58.051304
rx,58.051669
rx,58.052254
rx,58.058640
rx,58.066832
rx,58.075024
rx,58.083216
rx,58.091408
rx,58.099600
rx,58.107792
rx,58.115984
rx,58.124176
rx,58.132368
rx,58.140560
rx,58.148752
rx,58.156944
rx,58.165136
rx,58.173328
rx,58.181520
rx,58.189712
rx,58.197904
rx,58.206096
rx,58.214288
rx,58.222480
rx,58.230672
rx,58.238864
rx,58.247056
rx,58.255248
rx,58.263440
rx,58.271632
rx,58.279824
rx,58.288016
rx,58.296208
rx,58.304400
rx,58.312592
rx,58.320784
rx,58.328976
rx,58.337168
rx,58.345360
rx,58.353552
rx,58.361744
rx,58.369936
rx,58.378128
rx,58.386320
rx,58.394512
rx,58.402704
rx,58.410896
rx,58.419088
rx,58.427280
rx,58.435472
rx,58.443664
rx,58.451856
rx,58.460048
rx,58.468240
rx,58.476432
rx,58.484624
rx,58.492816
rx,58.501008
rx,58.509200
rx,58.517392
rx,58.525584
rx,58.533776
rx,58.541968
rx,58.550160
rx,58.558352
rx,58.566544
rx,58.574736
rx,58.582928
rx,58.591120
rx,58.599312
rx,58.607504
rx,58.615696
rx,58.623888
rx,58.632080
rx,58.640272
rx,58.648464
rx,58.656656
rx,58.664848
rx,58.673040
rx,58.681232
rx,58.689424
rx,58.697616
rx,58.705808
rx,58.714000
rx,58.722192
rx,58.730384
rx,58.738576
rx,58.746768
rx,58.754960
rx,58.763152
rx,58.771344
rx,58.779536
rx,58.787728
rx,58.795920
rx,58.804112
rx,58.812304
rx,58.820496
rx,58.828688
rx,58.836880
rx,58.845072
rx,58.853264
rx,58.861456
rx,58.869648
rx,58.877840
rx,58.886032
rx,58.894224
rx,58.902416
rx,58.910608
rx,58.918800
rx,58.926992
rx,58.935184
rx,58.943376
rx,58.951568
rx,58.959760
rx,58.967952
rx,58.976144
rx,58.984336
rx,58.992528
