scenario,protocol,wall_time_s,cpu_time_s,ip_tx_cb_calls,ip_rx_cb_calls,frame_apply_calls,routing_tx,routing_rx,pdr,goodput_mbps,eed_mean_s,app_tx_pkts,app_rx_pkts,ip_drop_no_route,ip_drop_route_err,phy_tx_drop,phy_rx_drop,routing_efficiency,control_packets,control_bytes,control_packets_per_delivered,control_bytes_per_delivered,oracle_uptime_ratio,oracle_mean_up_run_s,oracle_median_up_run_s,oracle_p90_up_run_s,oracle_up_runs_s,oracle_transition_count,oracle_path_identity_retention,oracle_has_alternative_paths,oracle_outage_durations_s,reestablishment_times_s,reestablishment_outage_durations_s,olsr_hello_packets,olsr_hello_bytes,olsr_tc_packets,olsr_tc_bytes,olsr_mid_packets,olsr_mid_bytes,olsr_hna_packets,olsr_hna_bytes,olsr_other_packets,olsr_other_bytes,aodv_hello_packets,aodv_hello_bytes,aodv_rreq_packets,aodv_rreq_bytes,aodv_rrep_packets,aodv_rrep_bytes,aodv_rerr_packets,aodv_rerr_bytes,aodv_rrep_ack_packets,aodv_rrep_ack_bytes,aodv_other_packets,aodv_other_bytes,dsdv_update_packets,dsdv_update_bytes,dsdv_other_packets,dsdv_other_bytes,static_other_packets,static_other_bytes,label,param_name,param_value,realization_id,replay_epoch
trace,olsr,0.527033,0.526992,2028,2571,105,747,1357,0.813889,0.043264,71.187491,360,293,0,0,0,241,0.904321,747,63528,2.549488,216.819113,0.900000,7.714286,8.000000,8.000000,8.000000;8.000000;8.000000;8.000000;8.000000;7.000000;7.000000,12,0.914894,1,1.000000;1.000000;1.000000;1.000000;1.000000;1.000000,0.112293;0.305285;0.134693;0.145893;0.252029;2.224181,1.000000;1.000000;1.000000;1.000000;1.000000;1.000000,313,20096,434,43432,0,0,0,0,0,0,0,0,0,0,0,0,0,0,0,0,0,0,0,0,0,0,0,0,graph_0005__path_life_0.9000,path_life,0.9,graph_0005,epoch_0001
trace,aodv,0.581990,0.581873,2390,3032,105,969,1632,0.941667,0.047452,75.422203,360,339,0,0,0,312,1.046296,969,46474,2.858407,137.091445,0.900000,7.714286,8.000000,8.000000,8.000000;8.000000;8.000000;8.000000;8.000000;7.000000;7.000000,12,0.914894,1,1.000000;1.000000;1.000000;1.000000;1.000000;1.000000,0.112293;0.123493;0.134693;0.145893;0.157093;0.021413,1.000000;1.000000;1.000000;1.000000;1.000000;1.000000,0,0,0,0,0,0,0,0,0,0,813,39024,54,2808,62,2976,33,1456,7,210,0,0,0,0,0,0,0,0,graph_0005__path_life_0.9000,path_life,0.9,graph_0005,epoch_0001
trace,static,0.346266,0.346224,1295,1244,105,0,0,0.858333,0.043082,74.342660,360,309,0,0,0,120,0.953704,0,0,0.000000,0.000000,0.900000,7.714286,8.000000,8.000000,8.000000;8.000000;8.000000;8.000000;8.000000;7.000000;7.000000,12,0.914894,1,1.000000;1.000000;1.000000;1.000000;1.000000;1.000000,0.121269;0.184134;0.143669;0.154869;0.166069;0.030389,1.000000;1.000000;1.000000;1.000000;1.000000;1.000000,0,0,0,0,0,0,0,0,0,0,0,0,0,0,0,0,0,0,0,0,0,0,0,0,0,0,0,0,graph_0005__path_life_0.9000,path_life,0.9,graph_0005,epoch_0001
trace,olsr,0.600753,0.600104,2165,2678,105,762,1388,0.655556,0.034844,76.045236,360,236,0,0,0,271,0.728395,762,64236,3.228814,272.186441,0.900000,7.714286,8.000000,8.000000,8.000000;8.000000;8.000000;8.000000;8.000000;7.000000;7.000000,12,0.914894,1,1.000000;1.000000;1.000000;1.000000;1.000000;1.000000,1.485094;0.305285;0.134693;0.145893;0.330109;2.220281,1.000000;1.000000;1.000000;1.000000;1.000000;1.000000,308,19936,446,43852,0,0,0,0,8,448,0,0,0,0,0,0,0,0,0,0,0,0,0,0,0,0,0,0,graph_0005__path_life_0.9000,path_life,0.9,graph_0005,epoch_0003
trace,aodv,0.591029,0.590448,2361,3007,105,968,1640,0.916667,0.046181,76.073434,360,330,4,0,0,276,1.018519,968,46396,2.933333,140.593939,0.900000,7.714286,8.000000,8.000000,8.000000;8.000000;8.000000;8.000000;8.000000;7.000000;7.000000,12,0.914894,1,1.000000;1.000000;1.000000;1.000000;1.000000;1.000000,0.112293;0.123493;0.134693;0.145893;0.157093;0.021413,1.000000;1.000000;1.000000;1.000000;1.000000;1.000000,0,0,0,0,0,0,0,0,0,0,810,38880,52,2704,64,3072,36,1560,6,180,0,0,0,0,0,0,0,0,graph_0005__path_life_0.9000,path_life,0.9,graph_0005,epoch_0003
trace,static,0.346638,0.346430,1295,1244,105,0,0,0.858333,0.043078,74.342628,360,309,0,0,0,121,0.953704,0,0,0.000000,0.000000,0.900000,7.714286,8.000000,8.000000,8.000000;8.000000;8.000000;8.000000;8.000000;7.000000;7.000000,12,0.914894,1,1.000000;1.000000;1.000000;1.000000;1.000000;1.000000,0.121269;0.181374;0.143669;0.154869;0.166069;0.030389,1.000000;1.000000;1.000000;1.000000;1.000000;1.000000,0,0,0,0,0,0,0,0,0,0,0,0,0,0,0,0,0,0,0,0,0,0,0,0,0,0,0,0,graph_0005__path_life_0.9000,path_life,0.9,graph_0005,epoch_0003
trace,olsr,0.528099,0.528054,2023,2574,105,741,1360,0.811111,0.043109,71.122171,360,292,0,0,0,240,0.901235,741,63548,2.537671,217.630137,0.900000,7.714286,8.000000,8.000000,8.000000;8.000000;8.000000;8.000000;8.000000;7.000000;7.000000,12,0.914894,1,1.000000;1.000000;1.000000;1.000000;1.000000;1.000000,0.112293;0.305285;0.134693;0.145893;0.329989;2.213801,1.000000;1.000000;1.000000;1.000000;1.000000;1.000000,308,19980,433,43568,0,0,0,0,0,0,0,0,0,0,0,0,0,0,0,0,0,0,0,0,0,0,0,0,graph_0005__path_life_0.9000,path_life,0.9,graph_0005,epoch_0004
trace,aodv,0.577709,0.577672,2387,2991,105,953,1572,0.944444,0.047588,74.510924,360,340,5,0,0,317,1.049383,953,45624,2.802941,134.188235,0.900000,7.714286,8.000000,8.000000,8.000000;8.000000;8.000000;8.000000;8.000000;7.000000;7.000000,12,0.914894,1,1.000000;1.000000;1.000000;1.000000;1.000000;1.000000,0.112293;0.000139;0.134693;0.145893;0.157093;0.021413,1.000000;1.000000;1.000000;1.000000;1.000000;1.000000,0,0,0,0,0,0,0,0,0,0,814,39072,43,2236,54,2592,36,1544,6,180,0,0,0,0,0,0,0,0,graph_0005__path_life_0.9000,path_life,0.9,graph_0005,epoch_0004
trace,static,0.352719,0.352710,1295,1244,105,0,0,0.858333,0.043075,74.342609,360,309,0,0,0,121,0.953704,0,0,0.000000,0.000000,0.900000,7.714286,8.000000,8.000000,8.000000;8.000000;8.000000;8.000000;8.000000;7.000000;7.000000,12,0.914894,1,1.000000;1.000000;1.000000;1.000000;1.000000;1.000000,0.121269;0.179334;0.143669;0.154869;0.166069;0.030389,1.000000;1.000000;1.000000;1.000000;1.000000;1.000000,0,0,0,0,0,0,0,0,0,0,0,0,0,0,0,0,0,0,0,0,0,0,0,0,0,0,0,0,graph_0005__path_life_0.9000,path_life,0.9,graph_0005,epoch_0004
trace,olsr,0.584160,0.584111,2165,2679,105,754,1380,0.661111,0.035140,76.017487,360,238,0,0,0,259,0.734568,754,65084,3.168067,273.462185,0.900000,7.714286,8.000000,8.000000,8.000000;8.000000;8.000000;8.000000;8.000000;7.000000;7.000000,12,0.914894,1,1.000000;1.000000;1.000000;1.000000;1.000000;1.000000,1.318954;0.305285;0.134693;0.145893;0.241199;2.223221,1.000000;1.000000;1.000000;1.000000;1.000000;1.000000,314,20344,432,44292,0,0,0,0,8,448,0,0,0,0,0,0,0,0,0,0,0,0,0,0,0,0,0,0,graph_0005__path_life_0.9000,path_life,0.9,graph_0005,epoch_0005
trace,aodv,0.580774,0.580624,2391,3040,105,968,1637,0.941667,0.047450,75.422757,360,339,1,0,0,302,1.046296,968,46406,2.855457,136.890855,0.900000,7.714286,8.000000,8.000000,8.000000;8.000000;8.000000;8.000000;8.000000;7.000000;7.000000,12,0.914894,1,1.000000;1.000000;1.000000;1.000000;1.000000;1.000000,0.112293;0.123493;0.134693;0.145893;0.157093;0.021413,1.000000;1.000000;1.000000;1.000000;1.000000;1.000000,0,0,0,0,0,0,0,0,0,0,813,39024,53,2756,61,2928,34,1488,7,210,0,0,0,0,0,0,0,0,graph_0005__path_life_0.9000,path_life,0.9,graph_0005,epoch_0005
trace,static,0.343506,0.343484,1295,1244,105,0,0,0.858333,0.043081,74.342632,360,309,0,0,0,120,0.953704,0,0,0.000000,0.000000,0.900000,7.714286,8.000000,8.000000,8.000000;8.000000;8.000000;8.000000;8.000000;7.000000;7.000000,12,0.914894,1,1.000000;1.000000;1.000000;1.000000;1.000000;1.000000,0.121269;0.178148;0.143669;0.154869;0.166069;0.030389,1.000000;1.000000;1.000000;1.000000;1.000000;1.000000,0,0,0,0,0,0,0,0,0,0,0,0,0,0,0,0,0,0,0,0,0,0,0,0,0,0,0,0,graph_0005__path_life_0.9000,path_life,0.9,graph_0005,epoch_0005
trace,olsr,0.528003,0.527819,1982,2477,105,750,1361,0.605556,0.032189,77.661920,360,218,10,0,0,279,0.672840,750,63588,3.440367,291.688073,0.900000,7.714286,8.000000,8.000000,8.000000;8.000000;8.000000;8.000000;8.000000;7.000000;7.000000,12,0.914894,1,1.000000;1.000000;1.000000;1.000000;1.000000;1.000000,2.463884;0.305285;0.134693;0.145893;0.249351;2.223281,1.000000;1.000000;1.000000;1.000000;1.000000;1.000000,310,19964,436,43400,0,0,0,0,4,224,0,0,0,0,0,0,0,0,0,0,0,0,0,0,0,0,0,0,graph_0005__path_life_0.9000,path_life,0.9,graph_0005,epoch_0002
trace,aodv,0.580049,0.579993,2389,3039,105,968,1638,0.941667,0.047452,75.423171,360,339,1,0,0,322,1.046296,968,46422,2.855457,136.938053,0.900000,7.714286,8.000000,8.000000,8.000000;8.000000;8.000000;8.000000;8.000000;7.000000;7.000000,12,0.914894,1,1.000000;1.000000;1.000000;1.000000;1.000000;1.000000,0.112293;0.123493;0.134693;0.145893;0.157093;0.021413,1.000000;1.000000;1.000000;1.000000;1.000000;1.000000,0,0,0,0,0,0,0,0,0,0,812,38976,57,2964,59,2832,33,1440,7,210,0,0,0,0,0,0,0,0,graph_0005__path_life_0.9000,path_life,0.9,graph_0005,epoch_0002
trace,static,0.343752,0.343683,1295,1244,105,0,0,0.858333,0.043079,74.342638,360,309,0,0,0,120,0.953704,0,0,0.000000,0.000000,0.900000,7.714286,8.000000,8.000000,8.000000;8.000000;8.000000;8.000000;8.000000;7.000000;7.000000,12,0.914894,1,1.000000;1.000000;1.000000;1.000000;1.000000;1.000000,0.121269;0.182074;0.143669;0.154869;0.166069;0.030389,1.000000;1.000000;1.000000;1.000000;1.000000;1.000000,0,0,0,0,0,0,0,0,0,0,0,0,0,0,0,0,0,0,0,0,0,0,0,0,0,0,0,0,graph_0005__path_life_0.9000,path_life,0.9,graph_0005,epoch_0002
trace,olsr,0.272358,0.272335,1006,1162,105,570,817,0.105556,0.005298,64.749533,360,38,46,0,0,289,1.055556,570,39856,15.000000,1048.842105,0.100000,3.000000,3.000000,3.000000,3.000000;3.000000,2,1.000000,1,54.000000,0.608933,54.000000,346,21232,224,18624,0,0,0,0,0,0,0,0,0,0,0,0,0,0,0,0,0,0,0,0,0,0,0,0,graph_0002__path_life_0.1000,path_life,0.1,graph_0002,epoch_0001
trace,aodv,0.406453,0.406427,2032,2278,105,1060,1396,0.258333,0.015437,62.378538,360,93,10,112,0,440,2.583333,1060,50948,11.397849,547.827957,0.100000,3.000000,3.000000,3.000000,3.000000;3.000000,2,1.000000,1,54.000000,nan,54.000000,0,0,0,0,0,0,0,0,0,0,749,35952,149,7748,75,3600,79,3408,8,240,0,0,0,0,0,0,0,0,graph_0002__path_life_0.1000,path_life,0.1,graph_0002,epoch_0001
trace,static,0.039931,0.039929,447,116,105,0,0,0.080556,0.004043,69.837638,360,29,0,0,0,15,0.805556,0,0,0.000000,0.000000,0.100000,3.000000,3.000000,3.000000,3.000000;3.000000,2,1.000000,1,54.000000,0.126389,54.000000,0,0,0,0,0,0,0,0,0,0,0,0,0,0,0,0,0,0,0,0,0,0,0,0,0,0,0,0,graph_0002__path_life_0.1000,path_life,0.1,graph_0002,epoch_0001
trace,olsr,0.317681,0.317213,1108,1194,105,585,842,0.108333,0.007023,55.485085,360,39,39,0,0,328,1.083333,585,41144,15.000000,1054.974359,0.100000,3.000000,3.000000,3.000000,3.000000;3.000000,2,1.000000,1,54.000000,nan,54.000000,342,21120,243,20024,0,0,0,0,0,0,0,0,0,0,0,0,0,0,0,0,0,0,0,0,0,0,0,0,graph_0002__path_life_0.1000,path_life,0.1,graph_0002,epoch_0003
trace,aodv,0.475237,0.474733,2279,2538,105,1154,1490,0.363889,0.018337,70.392563,360,131,40,112,0,506,3.638889,1154,55156,8.809160,421.038168,0.100000,3.000000,3.000000,3.000000,3.000000;3.000000,2,1.000000,1,54.000000,0.958632,54.000000,0,0,0,0,0,0,0,0,0,0,733,35184,189,9828,95,4560,125,5224,12,360,0,0,0,0,0,0,0,0,graph_0002__path_life_0.1000,path_life,0.1,graph_0002,epoch_0003
trace,static,0.039915,0.039881,447,116,105,0,0,0.080556,0.004043,69.837443,360,29,0,0,0,15,0.805556,0,0,0.000000,0.000000,0.100000,3.000000,3.000000,3.000000,3.000000;3.000000,2,1.000000,1,54.000000,0.126389,54.000000,0,0,0,0,0,0,0,0,0,0,0,0,0,0,0,0,0,0,0,0,0,0,0,0,0,0,0,0,graph_0002__path_life_0.1000,path_life,0.1,graph_0002,epoch_0003
trace,olsr,0.366714,0.366698,1314,1403,105,598,873,0.205556,0.010317,71.611257,360,74,11,0,0,416,2.055556,598,42560,8.081081,575.135135,0.100000,3.000000,3.000000,3.000000,3.000000;3.000000,2,1.000000,1,54.000000,0.117413,54.000000,343,21088,255,21472,0,0,0,0,0,0,0,0,0,0,0,0,0,0,0,0,0,0,0,0,0,0,0,0,graph_0002__path_life_0.1000,path_life,0.1,graph_0002,epoch_0004
trace,aodv,0.474011,0.473792,2267,2501,105,1140,1476,0.355556,0.017913,68.517453,360,128,18,112,0,563,3.555556,1140,54740,8.906250,427.656250,0.100000,3.000000,3.000000,3.000000,3.000000;3.000000,2,1.000000,1,54.000000,0.117413,54.000000,0,0,0,0,0,0,0,0,0,0,734,35232,190,9880,109,5232,93,3976,14,420,0,0,0,0,0,0,0,0,graph_0002__path_life_0.1000,path_life,0.1,graph_0002,epoch_0004
trace,static,0.040570,0.040561,447,116,105,0,0,0.080556,0.004043,69.837680,360,29,0,0,0,15,0.805556,0,0,0.000000,0.000000,0.100000,3.000000,3.000000,3.000000,3.000000;3.000000,2,1.000000,1,54.000000,0.126389,54.000000,0,0,0,0,0,0,0,0,0,0,0,0,0,0,0,0,0,0,0,0,0,0,0,0,0,0,0,0,graph_0002__path_life_0.1000,path_life,0.1,graph_0002,epoch_0004
trace,olsr,0.379363,0.379012,1269,1314,105,579,831,0.150000,0.008982,58.056289,360,54,12,0,0,411,1.500000,579,40976,10.722222,758.814815,0.100000,3.000000,3.000000,3.000000,3.000000;3.000000,2,1.000000,1,54.000000,nan,54.000000,341,21056,238,19920,0,0,0,0,0,0,0,0,0,0,0,0,0,0,0,0,0,0,0,0,0,0,0,0,graph_0002__path_life_0.1000,path_life,0.1,graph_0002,epoch_0005
trace,aodv,0.478734,0.478038,2282,2498,105,1112,1442,0.319444,0.016101,73.376862,360,115,19,112,0,598,3.194444,1112,53304,9.669565,463.513043,0.100000,3.000000,3.000000,3.000000,3.000000;3.000000,2,1.000000,1,54.000000,0.459722,54.000000,0,0,0,0,0,0,0,0,0,0,739,35472,167,8684,95,4560,101,4288,10,300,0,0,0,0,0,0,0,0,graph_0002__path_life_0.1000,path_life,0.1,graph_0002,epoch_0005
trace,static,0.039271,0.039222,447,116,105,0,0,0.080556,0.004044,69.837917,360,29,0,0,0,15,0.805556,0,0,0.000000,0.000000,0.100000,3.000000,3.000000,3.000000,3.000000;3.000000,2,1.000000,1,54.000000,0.126389,54.000000,0,0,0,0,0,0,0,0,0,0,0,0,0,0,0,0,0,0,0,0,0,0,0,0,0,0,0,0,graph_0002__path_life_0.1000,path_life,0.1,graph_0002,epoch_0005
trace,olsr,0.280525,0.280353,1024,1185,105,608,890,0.138889,0.007130,60.391213,360,50,1,0,0,259,1.388889,608,43640,12.160000,872.800000,0.100000,3.000000,3.000000,3.000000,3.000000;3.000000,2,1.000000,1,54.000000,0.291451,54.000000,341,21124,267,22516,0,0,0,0,0,0,0,0,0,0,0,0,0,0,0,0,0,0,0,0,0,0,0,0,graph_0002__path_life_0.1000,path_life,0.1,graph_0002,epoch_0002
trace,aodv,0.494908,0.494875,2268,2489,105,1109,1412,0.391667,0.019736,69.606663,360,141,25,112,0,500,3.916667,1109,53166,7.865248,377.063830,0.100000,3.000000,3.000000,3.000000,3.000000;3.000000,2,1.000000,1,54.000000,0.465025,54.000000,0,0,0,0,0,0,0,0,0,0,740,35520,167,8684,95,4560,96,4072,11,330,0,0,0,0,0,0,0,0,graph_0002__path_life_0.1000,path_life,0.1,graph_0002,epoch_0002
trace,static,0.041103,0.041101,447,116,105,0,0,0.080556,0.004043,69.837574,360,29,0,0,0,15,0.805556,0,0,0.000000,0.000000,0.100000,3.000000,3.000000,3.000000,3.000000;3.000000,2,1.000000,1,54.000000,0.126389,54.000000,0,0,0,0,0,0,0,0,0,0,0,0,0,0,0,0,0,0,0,0,0,0,0,0,0,0,0,0,graph_0002__path_life_0.1000,path_life,0.1,graph_0002,epoch_0002
trace,olsr,0.195852,0.195671,782,864,105,544,702,0.075000,0.015227,50.731026,360,27,3,0,0,213,0.750000,544,36564,20.148148,1354.222222,0.100000,3.000000,3.000000,3.000000,3.000000;3.000000,2,nan,0,54.000000,nan,54.000000,357,21600,187,14964,0,0,0,0,0,0,0,0,0,0,0,0,0,0,0,0,0,0,0,0,0,0,0,0,graph_0001__path_life_0.1000,path_life,0.1,graph_0001,epoch_0001
trace,aodv,0.288623,0.288237,1633,1807,105,1012,1216,0.108333,0.007919,58.840381,360,39,9,231,0,260,1.083333,1012,48516,25.948718,1244.000000,0.100000,3.000000,3.000000,3.000000,3.000000;3.000000,2,nan,0,54.000000,nan,54.000000,0,0,0,0,0,0,0,0,0,0,775,37200,114,5928,48,2304,65,2784,10,300,0,0,0,0,0,0,0,0,graph_0001__path_life_0.1000,path_life,0.1,graph_0001,epoch_0001
trace,static,0.042120,0.042070,447,116,105,0,0,0.080556,0.004043,69.839338,360,29,0,0,0,20,0.805556,0,0,0.000000,0.000000,0.100000,3.000000,3.000000,3.000000,3.000000;3.000000,2,nan,0,54.000000,0.179314,54.000000,0,0,0,0,0,0,0,0,0,0,0,0,0,0,0,0,0,0,0,0,0,0,0,0,0,0,0,0,graph_0001__path_life_0.1000,path_life,0.1,graph_0001,epoch_0001
trace,olsr,0.237486,0.237428,906,962,105,560,727,0.100000,0.011210,54.628186,360,36,0,0,0,250,1.000000,560,37340,15.555556,1037.222222,0.100000,3.000000,3.000000,3.000000,3.000000;3.000000,2,nan,0,54.000000,nan,54.000000,355,21416,205,15924,0,0,0,0,0,0,0,0,0,0,0,0,0,0,0,0,0,0,0,0,0,0,0,0,graph_0001__path_life_0.1000,path_life,0.1,graph_0001,epoch_0003
trace,aodv,0.357046,0.357026,1856,2009,105,1062,1253,0.205556,0.010360,80.202878,360,74,17,231,0,463,2.055556,1062,50728,14.351351,685.513514,0.100000,3.000000,3.000000,3.000000,3.000000;3.000000,2,nan,0,54.000000,0.117413,54.000000,0,0,0,0,0,0,0,0,0,0,769,36912,128,6656,61,2928,92,3872,12,360,0,0,0,0,0,0,0,0,graph_0001__path_life_0.1000,path_life,0.1,graph_0001,epoch_0003
trace,static,0.041277,0.041275,447,116,105,0,0,0.080556,0.004044,69.840200,360,29,0,0,0,20,0.805556,0,0,0.000000,0.000000,0.100000,3.000000,3.000000,3.000000,3.000000;3.000000,2,nan,0,54.000000,0.189568,54.000000,0,0,0,0,0,0,0,0,0,0,0,0,0,0,0,0,0,0,0,0,0,0,0,0,0,0,0,0,graph_0001__path_life_0.1000,path_life,0.1,graph_0001,epoch_0003
trace,olsr,0.178540,0.178446,745,845,105,554,712,0.063889,0.012972,49.742821,360,23,1,0,0,141,0.638889,554,37440,24.086957,1627.826087,0.100000,3.000000,3.000000,3.000000,3.000000;3.000000,2,nan,0,54.000000,nan,54.000000,356,21568,198,15872,0,0,0,0,0,0,0,0,0,0,0,0,0,0,0,0,0,0,0,0,0,0,0,0,graph_0001__path_life_0.1000,path_life,0.1,graph_0001,epoch_0004
trace,aodv,0.289902,0.289873,1653,1851,105,1052,1268,0.136111,0.009936,57.947697,360,49,11,231,0,240,1.361111,1052,50404,21.469388,1028.653061,0.100000,3.000000,3.000000,3.000000,3.000000;3.000000,2,nan,0,54.000000,nan,54.000000,0,0,0,0,0,0,0,0,0,0,768,36864,136,7072,52,2496,86,3672,10,300,0,0,0,0,0,0,0,0,graph_0001__path_life_0.1000,path_life,0.1,graph_0001,epoch_0004
trace,static,0.040425,0.040419,447,116,105,0,0,0.080556,0.004043,69.839943,360,29,0,0,0,20,0.805556,0,0,0.000000,0.000000,0.100000,3.000000,3.000000,3.000000,3.000000;3.000000,2,nan,0,54.000000,0.195954,54.000000,0,0,0,0,0,0,0,0,0,0,0,0,0,0,0,0,0,0,0,0,0,0,0,0,0,0,0,0,graph_0001__path_life_0.1000,path_life,0.1,graph_0001,epoch_0004
trace,olsr,0.275539,0.275424,1008,1004,105,557,712,0.116667,0.006314,59.959318,360,42,0,0,0,315,1.166667,557,37364,13.261905,889.619048,0.100000,3.000000,3.000000,3.000000,3.000000;3.000000,2,nan,0,54.000000,nan,54.000000,354,21312,203,16052,0,0,0,0,0,0,0,0,0,0,0,0,0,0,0,0,0,0,0,0,0,0,0,0,graph_0001__path_life_0.1000,path_life,0.1,graph_0001,epoch_0005
trace,aodv,0.281254,0.281234,1638,1794,105,1016,1215,0.091667,0.006866,61.266835,360,33,2,231,0,295,0.916667,1016,48744,30.787879,1477.090909,0.100000,3.000000,3.000000,3.000000,3.000000;3.000000,2,nan,0,54.000000,nan,54.000000,0,0,0,0,0,0,0,0,0,0,774,37152,117,6084,51,2448,64,2760,10,300,0,0,0,0,0,0,0,0,graph_0001__path_life_0.1000,path_life,0.1,graph_0001,epoch_0005
trace,static,0.040670,0.040662,447,116,105,0,0,0.080556,0.004043,69.839967,360,29,0,0,0,20,0.805556,0,0,0.000000,0.000000,0.100000,3.000000,3.000000,3.000000,3.000000;3.000000,2,nan,0,54.000000,0.190774,54.000000,0,0,0,0,0,0,0,0,0,0,0,0,0,0,0,0,0,0,0,0,0,0,0,0,0,0,0,0,graph_0001__path_life_0.1000,path_life,0.1,graph_0001,epoch_0005
trace,olsr,0.275694,0.275685,1004,1020,105,562,736,0.108333,0.005863,59.673171,360,39,0,0,0,291,1.083333,562,38344,14.410256,983.179487,0.100000,3.000000,3.000000,3.000000,3.000000;3.000000,2,nan,0,54.000000,nan,54.000000,354,21368,208,16976,0,0,0,0,0,0,0,0,0,0,0,0,0,0,0,0,0,0,0,0,0,0,0,0,graph_0001__path_life_0.1000,path_life,0.1,graph_0001,epoch_0002
trace,aodv,0.277106,0.277088,1635,1811,105,1018,1221,0.108333,0.007921,58.841574,360,39,12,231,0,230,1.083333,1018,48792,26.102564,1251.076923,0.100000,3.000000,3.000000,3.000000,3.000000;3.000000,2,nan,0,54.000000,nan,54.000000,0,0,0,0,0,0,0,0,0,0,775,37200,117,6084,48,2304,68,2904,10,300,0,0,0,0,0,0,0,0,graph_0001__path_life_0.1000,path_life,0.1,graph_0001,epoch_0002
trace,static,0.040095,0.040093,447,116,105,0,0,0.080556,0.004043,69.840115,360,29,0,0,0,20,0.805556,0,0,0.000000,0.000000,0.100000,3.000000,3.000000,3.000000,3.000000;3.000000,2,nan,0,54.000000,0.195294,54.000000,0,0,0,0,0,0,0,0,0,0,0,0,0,0,0,0,0,0,0,0,0,0,0,0,0,0,0,0,graph_0001__path_life_0.1000,path_life,0.1,graph_0001,epoch_0002
trace,olsr,0.331834,0.331494,1221,1268,105,579,776,0.213889,0.010735,76.898922,360,77,16,0,0,303,0.712963,579,39272,7.519481,510.025974,0.300000,4.500000,4.500000,5.000000,5.000000;5.000000;4.000000;4.000000,6,nan,0,14.000000;14.000000;14.000000,0.106533;0.035834;0.152135,14.000000;14.000000;14.000000,356,21248,223,18024,0,0,0,0,0,0,0,0,0,0,0,0,0,0,0,0,0,0,0,0,0,0,0,0,graph_0003__path_life_0.3000,path_life,0.3,graph_0003,epoch_0001
trace,aodv,0.405766,0.405166,2034,2162,105,1034,1202,0.397222,0.025886,71.284611,360,143,8,168,0,430,1.324074,1034,49562,7.230769,346.587413,0.300000,4.500000,4.500000,5.000000,5.000000;5.000000;4.000000;4.000000,6,nan,0,14.000000;14.000000;14.000000,1.606240;1.444758;nan,14.000000;14.000000;14.000000,0,0,0,0,0,0,0,0,0,0,755,36240,131,6812,62,2976,77,3264,9,270,0,0,0,0,0,0,0,0,graph_0003__path_life_0.3000,path_life,0.3,graph_0003,epoch_0001
trace,static,0.116484,0.116261,655,392,105,0,0,0.269444,0.013524,71.803601,360,97,0,0,0,54,0.898148,0,0,0.000000,0.000000,0.300000,4.500000,4.500000,5.000000,5.000000;5.000000;4.000000;4.000000,6,nan,0,14.000000;14.000000;14.000000,0.115509;0.120949;0.143349,14.000000;14.000000;14.000000,0,0,0,0,0,0,0,0,0,0,0,0,0,0,0,0,0,0,0,0,0,0,0,0,0,0,0,0,graph_0003__path_life_0.3000,path_life,0.3,graph_0003,epoch_0001
trace,olsr,0.357020,0.356998,1218,1200,105,563,736,0.169444,0.011229,63.519060,360,61,17,0,0,370,0.564815,563,38136,9.229508,625.180328,0.300000,4.500000,4.500000,5.000000,5.000000;5.000000;4.000000;4.000000,6,nan,0,14.000000;14.000000;14.000000,0.106533;3.956974;nan,14.000000;14.000000;14.000000,352,21016,211,17120,0,0,0,0,0,0,0,0,0,0,0,0,0,0,0,0,0,0,0,0,0,0,0,0,graph_0003__path_life_0.3000,path_life,0.3,graph_0003,epoch_0003
trace,aodv,0.466769,0.466748,2243,2360,105,1071,1255,0.458333,0.029871,72.081048,360,165,17,56,0,460,1.527778,1071,51232,6.490909,310.496970,0.300000,4.500000,4.500000,5.000000,5.000000;5.000000;4.000000;4.000000,6,nan,0,14.000000;14.000000;14.000000,1.599810;0.111973;nan,14.000000;14.000000;14.000000,0,0,0,0,0,0,0,0,0,0,755,36240,140,7280,74,3552,90,3800,12,360,0,0,0,0,0,0,0,0,graph_0003__path_life_0.3000,path_life,0.3,graph_0003,epoch_0003
trace,static,0.117648,0.117638,655,392,105,0,0,0.269444,0.013524,71.803626,360,97,0,0,0,54,0.898148,0,0,0.000000,0.000000,0.300000,4.500000,4.500000,5.000000,5.000000;5.000000;4.000000;4.000000,6,nan,0,14.000000;14.000000;14.000000,0.115509;0.120949;0.143349,14.000000;14.000000;14.000000,0,0,0,0,0,0,0,0,0,0,0,0,0,0,0,0,0,0,0,0,0,0,0,0,0,0,0,0,graph_0003__path_life_0.3000,path_life,0.3,graph_0003,epoch_0003
trace,olsr,0.281069,0.281044,1075,1139,105,574,756,0.152778,0.007669,76.161280,360,55,15,0,0,291,0.509259,574,39044,10.436364,709.890909,0.300000,4.500000,4.500000,5.000000,5.000000;5.000000;4.000000;4.000000,6,nan,0,14.000000;14.000000;14.000000,nan;0.111973;1.626615,14.000000;14.000000;14.000000,358,21288,216,17756,0,0,0,0,0,0,0,0,0,0,0,0,0,0,0,0,0,0,0,0,0,0,0,0,graph_0003__path_life_0.3000,path_life,0.3,graph_0003,epoch_0004
trace,aodv,0.404725,0.404711,2022,2161,105,1033,1208,0.394444,0.025702,71.536237,360,142,12,168,0,395,1.314815,1033,49482,7.274648,348.464789,0.300000,4.500000,4.500000,5.000000,5.000000;5.000000;4.000000;4.000000,6,nan,0,14.000000;14.000000;14.000000,1.600190;1.443764;nan,14.000000;14.000000;14.000000,0,0,0,0,0,0,0,0,0,0,766,36768,125,6500,54,2592,79,3352,9,270,0,0,0,0,0,0,0,0,graph_0003__path_life_0.3000,path_life,0.3,graph_0003,epoch_0004
trace,static,0.115623,0.115615,655,392,105,0,0,0.269444,0.013525,71.803787,360,97,0,0,0,54,0.898148,0,0,0.000000,0.000000,0.300000,4.500000,4.500000,5.000000,5.000000;5.000000;4.000000;4.000000,6,nan,0,14.000000;14.000000;14.000000,0.115509;0.120949;0.143349,14.000000;14.000000;14.000000,0,0,0,0,0,0,0,0,0,0,0,0,0,0,0,0,0,0,0,0,0,0,0,0,0,0,0,0,graph_0003__path_life_0.3000,path_life,0.3,graph_0003,epoch_0004
trace,olsr,0.395904,0.395626,1355,1346,105,575,763,0.219444,0.011014,74.132945,360,79,12,0,0,425,0.731481,575,39080,7.278481,494.683544,0.300000,4.500000,4.500000,5.000000,5.000000;5.000000;4.000000;4.000000,6,nan,0,14.000000;14.000000;14.000000,0.106533;1.095013;0.230991,14.000000;14.000000;14.000000,351,20916,224,18164,0,0,0,0,0,0,0,0,0,0,0,0,0,0,0,0,0,0,0,0,0,0,0,0,graph_0003__path_life_0.3000,path_life,0.3,graph_0003,epoch_0005
trace,aodv,0.464561,0.464076,2232,2358,105,1060,1255,0.469444,0.030592,71.451428,360,169,10,112,0,444,1.564815,1060,50872,6.272189,301.017751,0.300000,4.500000,4.500000,5.000000,5.000000;5.000000;4.000000;4.000000,6,nan,0,14.000000;14.000000;14.000000,1.437035;0.111973;nan,14.000000;14.000000;14.000000,0,0,0,0,0,0,0,0,0,0,758,36384,142,7384,76,3648,72,3096,12,360,0,0,0,0,0,0,0,0,graph_0003__path_life_0.3000,path_life,0.3,graph_0003,epoch_0005
trace,static,0.116171,0.115995,655,392,105,0,0,0.269444,0.013524,71.803749,360,97,0,0,0,54,0.898148,0,0,0.000000,0.000000,0.300000,4.500000,4.500000,5.000000,5.000000;5.000000;4.000000;4.000000,6,nan,0,14.000000;14.000000;14.000000,0.115509;0.120949;0.143349,14.000000;14.000000;14.000000,0,0,0,0,0,0,0,0,0,0,0,0,0,0,0,0,0,0,0,0,0,0,0,0,0,0,0,0,graph_0003__path_life_0.3000,path_life,0.3,graph_0003,epoch_0005
trace,olsr,0.393555,0.393483,1452,1466,105,570,742,0.183333,0.012150,72.632172,360,66,23,0,0,407,0.611111,570,38696,8.636364,586.303030,0.300000,4.500000,4.500000,5.000000,5.000000;5.000000;4.000000;4.000000,6,nan,0,14.000000;14.000000;14.000000,nan;0.111973;nan,14.000000;14.000000;14.000000,357,21288,213,17408,0,0,0,0,0,0,0,0,0,0,0,0,0,0,0,0,0,0,0,0,0,0,0,0,graph_0003__path_life_0.3000,path_life,0.3,graph_0003,epoch_0002
trace,aodv,0.464588,0.464567,2236,2356,105,1067,1256,0.469444,0.030600,71.376499,360,169,11,56,0,441,1.564815,1067,51114,6.313609,302.449704,0.300000,4.500000,4.500000,5.000000,5.000000;5.000000;4.000000;4.000000,6,nan,0,14.000000;14.000000;14.000000,1.605136;0.111973;nan,14.000000;14.000000;14.000000,0,0,0,0,0,0,0,0,0,0,756,36288,141,7332,77,3696,80,3408,13,390,0,0,0,0,0,0,0,0,graph_0003__path_life_0.3000,path_life,0.3,graph_0003,epoch_0002
trace,static,0.114911,0.114909,655,392,105,0,0,0.269444,0.013525,71.803659,360,97,0,0,0,54,0.898148,0,0,0.000000,0.000000,0.300000,4.500000,4.500000,5.000000,5.000000;5.000000;4.000000;4.000000,6,nan,0,14.000000;14.000000;14.000000,0.115509;0.120949;0.143349,14.000000;14.000000;14.000000,0,0,0,0,0,0,0,0,0,0,0,0,0,0,0,0,0,0,0,0,0,0,0,0,0,0,0,0,graph_0003__path_life_0.3000,path_life,0.3,graph_0003,epoch_0002
trace,olsr,0.483950,0.483651,1728,1943,105,639,1028,0.430556,0.021610,72.788783,360,155,16,0,0,395,0.615079,639,47160,4.122581,304.258065,0.700000,4.666667,5.000000,5.000000,5.000000;5.000000;5.000000;5.000000;5.000000;5.000000;4.000000;4.000000;4.000000,16,0.878788,1,3.000000;3.000000;2.000000;2.000000;2.000000;2.000000;2.000000;2.000000,0.129253;0.157413;nan;3.205479;0.035948;nan;0.072293;0.134373,3.000000;3.000000;2.000000;2.000000;2.000000;2.000000;2.000000;2.000000,334,20588,305,26572,0,0,0,0,0,0,0,0,0,0,0,0,0,0,0,0,0,0,0,0,0,0,0,0,graph_0002__path_life_0.7000,path_life,0.7,graph_0002,epoch_0001
trace,aodv,0.615412,0.614886,2570,2978,105,1094,1544,0.866667,0.043671,74.633896,360,312,6,0,0,493,1.238095,1094,52512,3.506410,168.307692,0.700000,4.666667,5.000000,5.000000,5.000000;5.000000;5.000000;5.000000;5.000000;5.000000;4.000000;4.000000;4.000000,16,0.878788,1,3.000000;3.000000;2.000000;2.000000;2.000000;2.000000;2.000000;2.000000,0.129253;0.515052;0.038693;0.101692;0.128933;1.500637;0.072293;0.134373,3.000000;3.000000;2.000000;2.000000;2.000000;2.000000;2.000000;2.000000,0,0,0,0,0,0,0,0,0,0,757,36336,150,7800,106,5088,69,2928,12,360,0,0,0,0,0,0,0,0,graph_0002__path_life_0.7000,path_life,0.7,graph_0002,epoch_0001
trace,static,0.269321,0.269110,1080,953,105,0,0,0.647222,0.032484,74.453974,360,233,0,0,0,127,0.924603,0,0,0.000000,0.000000,0.700000,4.666667,5.000000,5.000000,5.000000;5.000000;5.000000;5.000000;5.000000;5.000000;4.000000;4.000000;4.000000,16,0.878788,1,3.000000;3.000000;2.000000;2.000000;2.000000;2.000000;2.000000;2.000000,0.137959;0.166119;0.047669;0.092789;0.137909;0.019189;0.081269;0.143349,3.000000;3.000000;2.000000;2.000000;2.000000;2.000000;2.000000;2.000000,0,0,0,0,0,0,0,0,0,0,0,0,0,0,0,0,0,0,0,0,0,0,0,0,0,0,0,0,graph_0002__path_life_0.7000,path_life,0.7,graph_0002,epoch_0001
trace,olsr,0.415242,0.415048,1488,1720,105,607,973,0.297222,0.014916,69.358695,360,107,42,0,0,324,0.424603,607,45108,5.672897,421.570093,0.700000,4.666667,5.000000,5.000000,5.000000;5.000000;5.000000;5.000000;5.000000;5.000000;4.000000;4.000000;4.000000,16,0.878788,1,3.000000;3.000000;2.000000;2.000000;2.000000;2.000000;2.000000;2.000000,0.129253;1.140453;nan;nan;0.128933;nan;nan;0.134373,3.000000;3.000000;2.000000;2.000000;2.000000;2.000000;2.000000;2.000000,341,21100,266,24008,0,0,0,0,0,0,0,0,0,0,0,0,0,0,0,0,0,0,0,0,0,0,0,0,graph_0002__path_life_0.7000,path_life,0.7,graph_0002,epoch_0003
trace,aodv,0.608200,0.608060,2548,2963,105,1075,1531,0.869444,0.043812,74.483888,360,313,6,0,0,489,1.242063,1075,51680,3.434505,165.111821,0.700000,4.666667,5.000000,5.000000,5.000000;5.000000;5.000000;5.000000;5.000000;5.000000;4.000000;4.000000;4.000000,16,0.878788,1,3.000000;3.000000;2.000000;2.000000;2.000000;2.000000;2.000000;2.000000,0.129253;0.527352;0.038693;0.083813;0.000596;1.507304;0.072293;0.134373,3.000000;3.000000;2.000000;2.000000;2.000000;2.000000;2.000000;2.000000,0,0,0,0,0,0,0,0,0,0,755,36240,148,7696,98,4704,62,2680,12,360,0,0,0,0,0,0,0,0,graph_0002__path_life_0.7000,path_life,0.7,graph_0002,epoch_0003
trace,static,0.269488,0.269196,1080,953,105,0,0,0.647222,0.032481,74.453928,360,233,0,0,0,126,0.924603,0,0,0.000000,0.000000,0.700000,4.666667,5.000000,5.000000,5.000000;5.000000;5.000000;5.000000;5.000000;5.000000;4.000000;4.000000;4.000000,16,0.878788,1,3.000000;3.000000;2.000000;2.000000;2.000000;2.000000;2.000000;2.000000,0.137959;0.166119;0.047669;0.092789;0.137909;0.019189;0.081269;0.143349,3.000000;3.000000;2.000000;2.000000;2.000000;2.000000;2.000000;2.000000,0,0,0,0,0,0,0,0,0,0,0,0,0,0,0,0,0,0,0,0,0,0,0,0,0,0,0,0,graph_0002__path_life_0.7000,path_life,0.7,graph_0002,epoch_0003
trace,olsr,0.491541,0.491509,1747,1971,105,637,1029,0.416667,0.020913,74.096677,360,150,39,0,0,400,0.595238,637,47712,4.246667,318.080000,0.700000,4.666667,5.000000,5.000000,5.000000;5.000000;5.000000;5.000000;5.000000;5.000000;4.000000;4.000000;4.000000,16,0.878788,1,3.000000;3.000000;2.000000;2.000000;2.000000;2.000000;2.000000;2.000000,0.129253;0.157413;nan;1.394533;0.036614;nan;0.245846;0.134373,3.000000;3.000000;2.000000;2.000000;2.000000;2.000000;2.000000;2.000000,337,20896,300,26816,0,0,0,0,0,0,0,0,0,0,0,0,0,0,0,0,0,0,0,0,0,0,0,0,graph_0002__path_life_0.7000,path_life,0.7,graph_0002,epoch_0004
trace,aodv,0.611706,0.611650,2549,2956,105,1074,1523,0.866667,0.043664,74.715632,360,312,6,0,0,469,1.238095,1074,51526,3.442308,165.147436,0.700000,4.666667,5.000000,5.000000,5.000000;5.000000;5.000000;5.000000;5.000000;5.000000;4.000000;4.000000;4.000000,16,0.878788,1,3.000000;3.000000;2.000000;2.000000;2.000000;2.000000;2.000000;2.000000,0.129253;0.519541;0.038693;0.093032;0.128933;1.507394;0.072293;0.134373,3.000000;3.000000;2.000000;2.000000;2.000000;2.000000;2.000000;2.000000,0,0,0,0,0,0,0,0,0,0,758,36384,137,7124,99,4752,69,2936,11,330,0,0,0,0,0,0,0,0,graph_0002__path_life_0.7000,path_life,0.7,graph_0002,epoch_0004
trace,static,0.269093,0.269086,1080,953,105,0,0,0.647222,0.032485,74.454002,360,233,0,0,0,127,0.924603,0,0,0.000000,0.000000,0.700000,4.666667,5.000000,5.000000,5.000000;5.000000;5.000000;5.000000;5.000000;5.000000;4.000000;4.000000;4.000000,16,0.878788,1,3.000000;3.000000;2.000000;2.000000;2.000000;2.000000;2.000000;2.000000,0.137959;0.166119;0.047669;0.092789;0.137909;0.019189;0.081269;0.143349,3.000000;3.000000;2.000000;2.000000;2.000000;2.000000;2.000000;2.000000,0,0,0,0,0,0,0,0,0,0,0,0,0,0,0,0,0,0,0,0,0,0,0,0,0,0,0,0,graph_0002__path_life_0.7000,path_life,0.7,graph_0002,epoch_0004
trace,olsr,0.499424,0.499382,1756,1974,105,647,1049,0.413889,0.020776,73.894574,360,149,26,0,0,396,0.591270,647,48028,4.342282,322.335570,0.700000,4.666667,5.000000,5.000000,5.000000;5.000000;5.000000;5.000000;5.000000;5.000000;4.000000;4.000000;4.000000,16,0.878788,1,3.000000;3.000000;2.000000;2.000000;2.000000;2.000000;2.000000;2.000000,0.129253;3.434413;2.545542;0.083813;0.128933;nan;0.245109;0.134373,3.000000;3.000000;2.000000;2.000000;2.000000;2.000000;2.000000;2.000000,335,20772,312,27256,0,0,0,0,0,0,0,0,0,0,0,0,0,0,0,0,0,0,0,0,0,0,0,0,graph_0002__path_life_0.7000,path_life,0.7,graph_0002,epoch_0005
trace,aodv,0.608350,0.608325,2549,2953,105,1084,1536,0.847222,0.042702,74.948218,360,305,7,0,0,505,1.210317,1084,51984,3.554098,170.439344,0.700000,4.666667,5.000000,5.000000,5.000000;5.000000;5.000000;5.000000;5.000000;5.000000;4.000000;4.000000;4.000000,16,0.878788,1,3.000000;3.000000;2.000000;2.000000;2.000000;2.000000;2.000000;2.000000,0.129253;0.510824;0.039503;0.086352;0.128933;1.499850;0.072293;0.134373,3.000000;3.000000;2.000000;2.000000;2.000000;2.000000;2.000000;2.000000,0,0,0,0,0,0,0,0,0,0,760,36480,144,7488,99,4752,65,2784,16,480,0,0,0,0,0,0,0,0,graph_0002__path_life_0.7000,path_life,0.7,graph_0002,epoch_0005
trace,static,0.268246,0.268134,1080,953,105,0,0,0.647222,0.032488,74.453977,360,233,0,0,0,127,0.924603,0,0,0.000000,0.000000,0.700000,4.666667,5.000000,5.000000,5.000000;5.000000;5.000000;5.000000;5.000000;5.000000;4.000000;4.000000;4.000000,16,0.878788,1,3.000000;3.000000;2.000000;2.000000;2.000000;2.000000;2.000000;2.000000,0.137959;0.166119;0.047669;0.092789;0.137909;0.019189;0.081269;0.143349,3.000000;3.000000;2.000000;2.000000;2.000000;2.000000;2.000000;2.000000,0,0,0,0,0,0,0,0,0,0,0,0,0,0,0,0,0,0,0,0,0,0,0,0,0,0,0,0,graph_0002__path_life_0.7000,path_life,0.7,graph_0002,epoch_0005
trace,olsr,0.839108,0.838755,2998,3266,105,684,1087,0.569444,0.028580,75.932132,360,205,2,0,0,430,0.813492,684,51860,3.336585,252.975610,0.700000,4.666667,5.000000,5.000000,5.000000;5.000000;5.000000;5.000000;5.000000;5.000000;4.000000;4.000000;4.000000,16,0.878788,1,3.000000;3.000000;2.000000;2.000000;2.000000;2.000000;2.000000;2.000000,0.129253;0.157413;nan;1.239399;0.301749;0.010213;0.072293;0.134373,3.000000;3.000000;2.000000;2.000000;2.000000;2.000000;2.000000;2.000000,333,20684,315,29160,0,0,0,0,36,2016,0,0,0,0,0,0,0,0,0,0,0,0,0,0,0,0,0,0,graph_0002__path_life_0.7000,path_life,0.7,graph_0002,epoch_0002
trace,aodv,0.606847,0.606774,2543,2919,105,1077,1496,0.863889,0.043530,74.547220,360,311,6,0,0,492,1.234127,1077,51718,3.463023,166.295820,0.700000,4.666667,5.000000,5.000000,5.000000;5.000000;5.000000;5.000000;5.000000;5.000000;4.000000;4.000000;4.000000,16,0.878788,1,3.000000;3.000000;2.000000;2.000000;2.000000;2.000000;2.000000;2.000000,0.129253;0.511976;0.038693;0.083813;0.128933;1.504181;0.072293;0.134373,3.000000;3.000000;2.000000;2.000000;2.000000;2.000000;2.000000;2.000000,0,0,0,0,0,0,0,0,0,0,759,36432,139,7228,105,5040,63,2688,11,330,0,0,0,0,0,0,0,0,graph_0002__path_life_0.7000,path_life,0.7,graph_0002,epoch_0002
trace,static,0.270157,0.270133,1080,953,105,0,0,0.647222,0.032483,74.453988,360,233,0,0,0,126,0.924603,0,0,0.000000,0.000000,0.700000,4.666667,5.000000,5.000000,5.000000;5.000000;5.000000;5.000000;5.000000;5.000000;4.000000;4.000000;4.000000,16,0.878788,1,3.000000;3.000000;2.000000;2.000000;2.000000;2.000000;2.000000;2.000000,0.137959;0.166119;0.047669;0.092789;0.137909;0.019189;0.081269;0.143349,3.000000;3.000000;2.000000;2.000000;2.000000;2.000000;2.000000;2.000000,0,0,0,0,0,0,0,0,0,0,0,0,0,0,0,0,0,0,0,0,0,0,0,0,0,0,0,0,graph_0002__path_life_0.7000,path_life,0.7,graph_0002,epoch_0002
trace,olsr,0.342125,0.342045,1266,1588,105,664,1100,0.211111,0.014983,64.537193,360,76,20,0,0,266,0.703704,664,52584,8.736842,691.894737,0.300000,4.500000,4.500000,5.000000,5.000000;5.000000;4.000000;4.000000,6,0.857143,1,14.000000;14.000000;14.000000,0.106533;0.111973;nan,14.000000;14.000000;14.000000,325,20724,339,31860,0,0,0,0,0,0,0,0,0,0,0,0,0,0,0,0,0,0,0,0,0,0,0,0,graph_0005__path_life_0.3000,path_life,0.3,graph_0005,epoch_0001
trace,aodv,0.440272,0.440199,2029,2533,105,1063,1600,0.433333,0.021836,79.362901,360,156,3,168,0,409,1.444444,1063,51050,6.814103,327.243590,0.300000,4.500000,4.500000,5.000000,5.000000;5.000000;4.000000;4.000000,6,0.857143,1,14.000000;14.000000;14.000000,0.106533;1.444786;0.486789,14.000000;14.000000;14.000000,0,0,0,0,0,0,0,0,0,0,763,36624,137,7124,83,3984,67,2928,13,390,0,0,0,0,0,0,0,0,graph_0005__path_life_0.3000,path_life,0.3,graph_0005,epoch_0001
trace,static,0.115694,0.115673,649,385,105,0,0,0.266667,0.013385,71.095358,360,96,0,0,0,55,0.888889,0,0,0.000000,0.000000,0.300000,4.500000,4.500000,5.000000,5.000000;5.000000;4.000000;4.000000,6,0.857143,1,14.000000;14.000000;14.000000,0.115509;0.120949;0.143349,14.000000;14.000000;14.000000,0,0,0,0,0,0,0,0,0,0,0,0,0,0,0,0,0,0,0,0,0,0,0,0,0,0,0,0,graph_0005__path_life_0.3000,path_life,0.3,graph_0005,epoch_0001
trace,olsr,0.345988,0.345693,1164,1400,105,652,1068,0.119444,0.008476,72.006453,360,43,20,0,0,366,0.398148,652,51144,15.162791,1189.395349,0.300000,4.500000,4.500000,5.000000,5.000000;5.000000;4.000000;4.000000,6,0.857143,1,14.000000;14.000000;14.000000,1.643514;2.405733;nan,14.000000;14.000000;14.000000,323,20600,329,30544,0,0,0,0,0,0,0,0,0,0,0,0,0,0,0,0,0,0,0,0,0,0,0,0,graph_0005__path_life_0.3000,path_life,0.3,graph_0005,epoch_0003
trace,aodv,0.514093,0.513471,2281,2771,105,1151,1700,0.486111,0.024490,83.289466,360,175,14,112,0,549,1.620370,1151,55286,6.577143,315.920000,0.300000,4.500000,4.500000,5.000000,5.000000;5.000000;4.000000;4.000000,6,0.857143,1,14.000000;14.000000;14.000000,0.106533;1.446245;0.482124,14.000000;14.000000;14.000000,0,0,0,0,0,0,0,0,0,0,745,35760,183,9516,107,5136,101,4424,15,450,0,0,0,0,0,0,0,0,graph_0005__path_life_0.3000,path_life,0.3,graph_0005,epoch_0003
trace,static,0.116671,0.116577,649,385,105,0,0,0.266667,0.013383,71.095343,360,96,0,0,0,55,0.888889,0,0,0.000000,0.000000,0.300000,4.500000,4.500000,5.000000,5.000000;5.000000;4.000000;4.000000,6,0.857143,1,14.000000;14.000000;14.000000,0.115509;0.120949;0.143349,14.000000;14.000000;14.000000,0,0,0,0,0,0,0,0,0,0,0,0,0,0,0,0,0,0,0,0,0,0,0,0,0,0,0,0,graph_0005__path_life_0.3000,path_life,0.3,graph_0005,epoch_0003
trace,olsr,0.392890,0.392852,1393,1645,105,651,1070,0.261111,0.018528,66.525241,360,94,24,0,0,342,0.870370,651,52068,6.925532,553.914894,0.300000,4.500000,4.500000,5.000000,5.000000;5.000000;4.000000;4.000000,6,0.857143,1,14.000000;14.000000;14.000000,2.400293;0.111973;nan,14.000000;14.000000;14.000000,324,20764,327,31304,0,0,0,0,0,0,0,0,0,0,0,0,0,0,0,0,0,0,0,0,0,0,0,0,graph_0005__path_life_0.3000,path_life,0.3,graph_0005,epoch_0004
trace,aodv,0.510641,0.510613,2254,2722,105,1137,1661,0.469444,0.023654,79.520091,360,169,23,112,0,556,1.564815,1137,54382,6.727811,321.786982,0.300000,4.500000,4.500000,5.000000,5.000000;5.000000;4.000000;4.000000,6,0.857143,1,14.000000;14.000000;14.000000,0.106533;1.607615;0.498805,14.000000;14.000000;14.000000,0,0,0,0,0,0,0,0,0,0,756,36288,154,8008,108,5184,106,4512,13,390,0,0,0,0,0,0,0,0,graph_0005__path_life_0.3000,path_life,0.3,graph_0005,epoch_0004
trace,static,0.115446,0.115443,649,385,105,0,0,0.266667,0.013382,71.095319,360,96,0,0,0,56,0.888889,0,0,0.000000,0.000000,0.300000,4.500000,4.500000,5.000000,5.000000;5.000000;4.000000;4.000000,6,0.857143,1,14.000000;14.000000;14.000000,0.115509;0.120949;0.143349,14.000000;14.000000;14.000000,0,0,0,0,0,0,0,0,0,0,0,0,0,0,0,0,0,0,0,0,0,0,0,0,0,0,0,0,graph_0005__path_life_0.3000,path_life,0.3,graph_0005,epoch_0004
trace,olsr,0.294121,0.293790,1065,1332,105,647,1059,0.077778,0.005519,67.645595,360,28,13,0,0,242,0.259259,647,51504,23.107143,1839.428571,0.300000,4.500000,4.500000,5.000000,5.000000;5.000000;4.000000;4.000000,6,0.857143,1,14.000000;14.000000;14.000000,0.106533;2.241893;nan,14.000000;14.000000;14.000000,325,20944,322,30560,0,0,0,0,0,0,0,0,0,0,0,0,0,0,0,0,0,0,0,0,0,0,0,0,graph_0005__path_life_0.3000,path_life,0.3,graph_0005,epoch_0005
trace,aodv,0.505890,0.505383,2261,2750,105,1113,1647,0.533333,0.026874,82.361753,360,192,11,112,0,536,1.777778,1113,53488,5.796875,278.583333,0.300000,4.500000,4.500000,5.000000,5.000000;5.000000;4.000000;4.000000,6,0.857143,1,14.000000;14.000000;14.000000,0.106533;1.601740;0.472725,14.000000;14.000000;14.000000,0,0,0,0,0,0,0,0,0,0,752,36096,164,8528,103,4944,82,3560,12,360,0,0,0,0,0,0,0,0,graph_0005__path_life_0.3000,path_life,0.3,graph_0005,epoch_0005
trace,static,0.116270,0.116077,649,385,105,0,0,0.266667,0.013384,71.095220,360,96,0,0,0,55,0.888889,0,0,0.000000,0.000000,0.300000,4.500000,4.500000,5.000000,5.000000;5.000000;4.000000;4.000000,6,0.857143,1,14.000000;14.000000;14.000000,0.115509;0.120949;0.143349,14.000000;14.000000;14.000000,0,0,0,0,0,0,0,0,0,0,0,0,0,0,0,0,0,0,0,0,0,0,0,0,0,0,0,0,graph_0005__path_life_0.3000,path_life,0.3,graph_0005,epoch_0005
trace,olsr,0.244216,0.243996,909,1216,105,659,1070,0.033333,0.002366,72.554395,360,12,14,0,0,230,0.111111,659,51408,54.916667,4284.000000,0.300000,4.500000,4.500000,5.000000,5.000000;5.000000;4.000000;4.000000,6,0.857143,1,14.000000;14.000000;14.000000,nan;2.626688;nan,14.000000;14.000000;14.000000,325,20676,334,30732,0,0,0,0,0,0,0,0,0,0,0,0,0,0,0,0,0,0,0,0,0,0,0,0,graph_0005__path_life_0.3000,path_life,0.3,graph_0005,epoch_0002
trace,aodv,0.502947,0.502357,2245,2747,105,1138,1686,0.477778,0.024076,81.264133,360,172,30,112,0,536,1.592593,1138,54460,6.616279,316.627907,0.300000,4.500000,4.500000,5.000000,5.000000;5.000000;4.000000;4.000000,6,0.857143,1,14.000000;14.000000;14.000000,0.106533;1.612808;0.487010,14.000000;14.000000;14.000000,0,0,0,0,0,0,0,0,0,0,754,36192,161,8372,100,4800,111,4736,12,360,0,0,0,0,0,0,0,0,graph_0005__path_life_0.3000,path_life,0.3,graph_0005,epoch_0002
trace,static,0.115512,0.115439,649,385,105,0,0,0.266667,0.013384,71.095336,360,96,0,0,0,56,0.888889,0,0,0.000000,0.000000,0.300000,4.500000,4.500000,5.000000,5.000000;5.000000;4.000000;4.000000,6,0.857143,1,14.000000;14.000000;14.000000,0.115509;0.120949;0.143349,14.000000;14.000000;14.000000,0,0,0,0,0,0,0,0,0,0,0,0,0,0,0,0,0,0,0,0,0,0,0,0,0,0,0,0,graph_0005__path_life_0.3000,path_life,0.3,graph_0005,epoch_0002
trace,olsr,0.485054,0.484990,1786,1948,105,598,882,0.625000,0.031369,80.832539,360,225,1,0,0,344,0.694444,598,43628,2.657778,193.902222,0.900000,7.714286,8.000000,8.000000,8.000000;8.000000;8.000000;8.000000;8.000000;7.000000;7.000000,12,nan,0,1.000000;1.000000;1.000000;1.000000;1.000000;1.000000,1.268149;0.296309;1.211157;0.241489;0.157093;0.021413,1.000000;1.000000;1.000000;1.000000;1.000000;1.000000,346,20712,252,22916,0,0,0,0,0,0,0,0,0,0,0,0,0,0,0,0,0,0,0,0,0,0,0,0,graph_0003__path_life_0.9000,path_life,0.9,graph_0003,epoch_0001
trace,aodv,0.561876,0.561863,2413,2692,105,965,1256,0.966667,0.048710,74.612872,360,348,0,0,0,299,1.074074,965,46368,2.772989,133.241379,0.900000,7.714286,8.000000,8.000000,8.000000;8.000000;8.000000;8.000000;8.000000;7.000000;7.000000,12,nan,0,1.000000;1.000000;1.000000;1.000000;1.000000;1.000000,0.112293;0.123493;0.134693;0.145893;0.157093;0.021413,1.000000;1.000000;1.000000;1.000000;1.000000;1.000000,0,0,0,0,0,0,0,0,0,0,803,38544,65,3380,60,2880,31,1384,6,180,0,0,0,0,0,0,0,0,graph_0003__path_life_0.9000,path_life,0.9,graph_0003,epoch_0001
trace,static,0.339545,0.339411,1290,1236,105,0,0,0.850000,0.042662,74.511073,360,306,0,0,0,126,0.944444,0,0,0.000000,0.000000,0.900000,7.714286,8.000000,8.000000,8.000000;8.000000;8.000000;8.000000;8.000000;7.000000;7.000000,12,nan,0,1.000000;1.000000;1.000000;1.000000;1.000000;1.000000,0.121269;0.132469;0.143669;0.154869;0.166069;0.030119,1.000000;1.000000;1.000000;1.000000;1.000000;1.000000,0,0,0,0,0,0,0,0,0,0,0,0,0,0,0,0,0,0,0,0,0,0,0,0,0,0,0,0,graph_0003__path_life_0.9000,path_life,0.9,graph_0003,epoch_0001
trace,olsr,0.501004,0.500873,1887,2083,105,616,899,0.758333,0.038062,78.524682,360,273,0,0,0,347,0.842593,616,45092,2.256410,165.172161,0.900000,7.714286,8.000000,8.000000,8.000000;8.000000;8.000000;8.000000;8.000000;7.000000;7.000000,12,nan,0,1.000000;1.000000;1.000000;1.000000;1.000000;1.000000,1.268149;0.123493;1.290549;0.318639;0.157093;0.021413,1.000000;1.000000;1.000000;1.000000;1.000000;1.000000,348,20836,268,24256,0,0,0,0,0,0,0,0,0,0,0,0,0,0,0,0,0,0,0,0,0,0,0,0,graph_0003__path_life_0.9000,path_life,0.9,graph_0003,epoch_0003
trace,aodv,0.588440,0.588390,2478,2753,105,1036,1329,0.941667,0.047454,75.128661,360,339,3,0,0,365,1.046296,1036,49638,3.056047,146.424779,0.900000,7.714286,8.000000,8.000000,8.000000;8.000000;8.000000;8.000000;8.000000;7.000000;7.000000,12,nan,0,1.000000;1.000000;1.000000;1.000000;1.000000;1.000000,0.112293;0.123493;0.134693;0.145893;0.157093;0.021413,1.000000;1.000000;1.000000;1.000000;1.000000;1.000000,0,0,0,0,0,0,0,0,0,0,798,38304,85,4420,93,4464,49,2120,11,330,0,0,0,0,0,0,0,0,graph_0003__path_life_0.9000,path_life,0.9,graph_0003,epoch_0003
trace,static,0.345363,0.345338,1290,1236,105,0,0,0.850000,0.042663,74.511080,360,306,0,0,0,127,0.944444,0,0,0.000000,0.000000,0.900000,7.714286,8.000000,8.000000,8.000000;8.000000;8.000000;8.000000;8.000000;7.000000;7.000000,12,nan,0,1.000000;1.000000;1.000000;1.000000;1.000000;1.000000,0.121269;0.132469;0.143669;0.154869;0.166069;0.030119,1.000000;1.000000;1.000000;1.000000;1.000000;1.000000,0,0,0,0,0,0,0,0,0,0,0,0,0,0,0,0,0,0,0,0,0,0,0,0,0,0,0,0,graph_0003__path_life_0.9000,path_life,0.9,graph_0003,epoch_0003
trace,olsr,0.473665,0.473633,1668,1778,105,611,906,0.483333,0.025847,74.746117,360,174,1,0,0,347,0.537037,611,44552,3.511494,256.045977,0.900000,7.714286,8.000000,8.000000,8.000000;8.000000;8.000000;8.000000;8.000000;7.000000;7.000000,12,nan,0,1.000000;1.000000;1.000000;1.000000;1.000000;1.000000,1.268149;0.210117;0.134693;0.145893;2.304965;0.021413,1.000000;1.000000;1.000000;1.000000;1.000000;1.000000,349,20968,262,23584,0,0,0,0,0,0,0,0,0,0,0,0,0,0,0,0,0,0,0,0,0,0,0,0,graph_0003__path_life_0.9000,path_life,0.9,graph_0003,epoch_0004
trace,aodv,0.577553,0.577506,2424,2716,105,976,1280,0.966667,0.048707,74.612988,360,348,0,0,0,290,1.074074,976,46922,2.804598,134.833333,0.900000,7.714286,8.000000,8.000000,8.000000;8.000000;8.000000;8.000000;8.000000;7.000000;7.000000,12,nan,0,1.000000;1.000000;1.000000;1.000000;1.000000;1.000000,0.112293;0.123493;0.134693;0.145893;0.157093;0.021413,1.000000;1.000000;1.000000;1.000000;1.000000;1.000000,0,0,0,0,0,0,0,0,0,0,803,38544,69,3588,65,3120,34,1520,5,150,0,0,0,0,0,0,0,0,graph_0003__path_life_0.9000,path_life,0.9,graph_0003,epoch_0004
trace,static,0.343411,0.343363,1290,1236,105,0,0,0.850000,0.042667,74.511132,360,306,0,0,0,127,0.944444,0,0,0.000000,0.000000,0.900000,7.714286,8.000000,8.000000,8.000000;8.000000;8.000000;8.000000;8.000000;7.000000;7.000000,12,nan,0,1.000000;1.000000;1.000000;1.000000;1.000000;1.000000,0.121269;0.132469;0.143669;0.154869;0.166069;0.030119,1.000000;1.000000;1.000000;1.000000;1.000000;1.000000,0,0,0,0,0,0,0,0,0,0,0,0,0,0,0,0,0,0,0,0,0,0,0,0,0,0,0,0,graph_0003__path_life_0.9000,path_life,0.9,graph_0003,epoch_0004
trace,olsr,0.507057,0.506998,1886,2100,105,616,920,0.750000,0.037644,78.601999,360,270,0,0,0,342,0.833333,616,45468,2.281481,168.400000,0.900000,7.714286,8.000000,8.000000,8.000000;8.000000;8.000000;8.000000;8.000000;7.000000;7.000000,12,nan,0,1.000000;1.000000;1.000000;1.000000;1.000000;1.000000,1.268149;0.123493;1.290549;0.318519;0.157093;0.021413,1.000000;1.000000;1.000000;1.000000;1.000000;1.000000,351,21208,265,24260,0,0,0,0,0,0,0,0,0,0,0,0,0,0,0,0,0,0,0,0,0,0,0,0,graph_0003__path_life_0.9000,path_life,0.9,graph_0003,epoch_0005
trace,aodv,0.578253,0.578203,2459,2760,105,1000,1314,0.961111,0.048430,74.733291,360,346,1,0,0,320,1.067901,1000,48082,2.890173,138.965318,0.900000,7.714286,8.000000,8.000000,8.000000;8.000000;8.000000;8.000000;8.000000;7.000000;7.000000,12,nan,0,1.000000;1.000000;1.000000;1.000000;1.000000;1.000000,0.112293;0.123493;0.134693;0.145893;2.480689;0.021413,1.000000;1.000000;1.000000;1.000000;1.000000;1.000000,0,0,0,0,0,0,0,0,0,0,791,37968,82,4264,83,3984,37,1656,7,210,0,0,0,0,0,0,0,0,graph_0003__path_life_0.9000,path_life,0.9,graph_0003,epoch_0005
trace,static,0.338615,0.338601,1290,1236,105,0,0,0.850000,0.042663,74.511120,360,306,0,0,0,127,0.944444,0,0,0.000000,0.000000,0.900000,7.714286,8.000000,8.000000,8.000000;8.000000;8.000000;8.000000;8.000000;7.000000;7.000000,12,nan,0,1.000000;1.000000;1.000000;1.000000;1.000000;1.000000,0.121269;0.132469;0.143669;0.154869;0.166069;0.030119,1.000000;1.000000;1.000000;1.000000;1.000000;1.000000,0,0,0,0,0,0,0,0,0,0,0,0,0,0,0,0,0,0,0,0,0,0,0,0,0,0,0,0,graph_0003__path_life_0.9000,path_life,0.9,graph_0003,epoch_0005
trace,olsr,0.494773,0.494654,1856,2047,105,627,924,0.672222,0.033743,79.012585,360,242,0,0,0,370,0.746914,627,45368,2.590909,187.471074,0.900000,7.714286,8.000000,8.000000,8.000000;8.000000;8.000000;8.000000;8.000000;7.000000;7.000000,12,nan,0,1.000000;1.000000;1.000000;1.000000;1.000000;1.000000,1.268149;0.123493;5.148694;0.318639;0.157093;0.021413,1.000000;1.000000;1.000000;1.000000;1.000000;1.000000,347,20984,280,24384,0,0,0,0,0,0,0,0,0,0,0,0,0,0,0,0,0,0,0,0,0,0,0,0,graph_0003__path_life_0.9000,path_life,0.9,graph_0003,epoch_0002
trace,aodv,0.574290,0.574150,2459,2731,105,1016,1303,0.952778,0.048020,74.695824,360,343,2,0,0,334,1.058642,1016,48682,2.962099,141.930029,0.900000,7.714286,8.000000,8.000000,8.000000;8.000000;8.000000;8.000000;8.000000;7.000000;7.000000,12,nan,0,1.000000;1.000000;1.000000;1.000000;1.000000;1.000000,0.112293;0.123493;0.134693;0.145893;0.157093;0.021413,1.000000;1.000000;1.000000;1.000000;1.000000;1.000000,0,0,0,0,0,0,0,0,0,0,802,38496,73,3796,84,4032,48,2088,9,270,0,0,0,0,0,0,0,0,graph_0003__path_life_0.9000,path_life,0.9,graph_0003,epoch_0002
trace,static,0.337426,0.337298,1290,1236,105,0,0,0.850000,0.042666,74.511091,360,306,0,0,0,127,0.944444,0,0,0.000000,0.000000,0.900000,7.714286,8.000000,8.000000,8.000000;8.000000;8.000000;8.000000;8.000000;7.000000;7.000000,12,nan,0,1.000000;1.000000;1.000000;1.000000;1.000000;1.000000,0.121269;0.132469;0.143669;0.154869;0.166069;0.030119,1.000000;1.000000;1.000000;1.000000;1.000000;1.000000,0,0,0,0,0,0,0,0,0,0,0,0,0,0,0,0,0,0,0,0,0,0,0,0,0,0,0,0,graph_0003__path_life_0.9000,path_life,0.9,graph_0003,epoch_0002
trace,olsr,0.480194,0.480148,1805,2015,105,631,966,0.641667,0.033000,70.805402,360,231,4,0,0,370,0.916667,631,46960,2.731602,203.290043,0.700000,4.666667,5.000000,5.000000,5.000000;5.000000;5.000000;5.000000;5.000000;5.000000;4.000000;4.000000;4.000000,16,0.909091,1,3.000000;3.000000;2.000000;2.000000;2.000000;2.000000;2.000000;2.000000,0.129253;0.157413;0.038693;0.083813;0.128933;0.347069;0.072293;1.500614,3.000000;3.000000;2.000000;2.000000;2.000000;2.000000;2.000000;2.000000,338,20768,293,26192,0,0,0,0,0,0,0,0,0,0,0,0,0,0,0,0,0,0,0,0,0,0,0,0,graph_0001__path_life_0.7000,path_life,0.7,graph_0001,epoch_0001
trace,aodv,0.591758,0.591713,2565,2857,105,1054,1384,0.872222,0.043946,75.812461,360,314,8,0,0,547,1.246032,1054,50480,3.356688,160.764331,0.700000,4.666667,5.000000,5.000000,5.000000;5.000000;5.000000;5.000000;5.000000;5.000000;4.000000;4.000000;4.000000,16,0.909091,1,3.000000;3.000000;2.000000;2.000000;2.000000;2.000000;2.000000;2.000000,1.948900;0.157413;0.038693;1.425784;1.473081;0.010213;1.572731;0.134373,3.000000;3.000000;2.000000;2.000000;2.000000;2.000000;2.000000;2.000000,0,0,0,0,0,0,0,0,0,0,780,37440,111,5772,90,4320,63,2648,10,300,0,0,0,0,0,0,0,0,graph_0001__path_life_0.7000,path_life,0.7,graph_0001,epoch_0001
trace,static,0.263785,0.263770,1072,946,105,0,0,0.650000,0.032621,74.194770,360,234,0,0,0,137,0.928571,0,0,0.000000,0.000000,0.700000,4.666667,5.000000,5.000000,5.000000;5.000000;5.000000;5.000000;5.000000;5.000000;4.000000;4.000000;4.000000,16,0.909091,1,3.000000;3.000000;2.000000;2.000000;2.000000;2.000000;2.000000;2.000000,0.138229;0.166389;0.047669;0.092789;0.137909;0.019189;0.081269;0.143349,3.000000;3.000000;2.000000;2.000000;2.000000;2.000000;2.000000;2.000000,0,0,0,0,0,0,0,0,0,0,0,0,0,0,0,0,0,0,0,0,0,0,0,0,0,0,0,0,graph_0001__path_life_0.7000,path_life,0.7,graph_0001,epoch_0001
trace,olsr,0.849569,0.849460,3158,3323,105,655,970,0.513889,0.026386,71.183509,360,185,2,0,0,577,0.734127,655,47624,3.540541,257.427027,0.700000,4.666667,5.000000,5.000000,5.000000;5.000000;5.000000;5.000000;5.000000;5.000000;4.000000;4.000000;4.000000,16,0.909091,1,3.000000;3.000000;2.000000;2.000000;2.000000;2.000000;2.000000;2.000000,0.129253;0.157413;nan;1.230693;0.128933;0.347069;0.073351;1.135365,3.000000;3.000000;2.000000;2.000000;2.000000;2.000000;2.000000;2.000000,340,20620,269,24428,0,0,0,0,46,2576,0,0,0,0,0,0,0,0,0,0,0,0,0,0,0,0,0,0,graph_0001__path_life_0.7000,path_life,0.7,graph_0001,epoch_0003
trace,aodv,0.608331,0.608295,2585,2924,105,1123,1487,0.833333,0.042001,74.910946,360,300,35,0,0,472,1.190476,1123,53376,3.743333,177.920000,0.700000,4.666667,5.000000,5.000000,5.000000;5.000000;5.000000;5.000000;5.000000;5.000000;4.000000;4.000000;4.000000,16,0.909091,1,3.000000;3.000000;2.000000;2.000000;2.000000;2.000000;2.000000;2.000000,1.627077;0.157413;0.038693;1.429704;1.615243;0.010213;1.561154;0.134373,3.000000;3.000000;2.000000;2.000000;2.000000;2.000000;2.000000;2.000000,0,0,0,0,0,0,0,0,0,0,774,37152,119,6188,100,4800,120,4936,10,300,0,0,0,0,0,0,0,0,graph_0001__path_life_0.7000,path_life,0.7,graph_0001,epoch_0003
trace,static,0.270447,0.270435,1072,946,105,0,0,0.650000,0.032630,74.194818,360,234,0,0,0,136,0.928571,0,0,0.000000,0.000000,0.700000,4.666667,5.000000,5.000000,5.000000;5.000000;5.000000;5.000000;5.000000;5.000000;4.000000;4.000000;4.000000,16,0.909091,1,3.000000;3.000000;2.000000;2.000000;2.000000;2.000000;2.000000;2.000000,0.138229;0.166389;0.047669;0.092789;0.137909;0.019189;0.081269;0.143349,3.000000;3.000000;2.000000;2.000000;2.000000;2.000000;2.000000;2.000000,0,0,0,0,0,0,0,0,0,0,0,0,0,0,0,0,0,0,0,0,0,0,0,0,0,0,0,0,graph_0001__path_life_0.7000,path_life,0.7,graph_0001,epoch_0003
trace,olsr,0.476984,0.476298,1790,1981,105,618,933,0.641667,0.036707,70.596743,360,231,4,0,0,366,0.916667,618,45076,2.675325,195.134199,0.700000,4.666667,5.000000,5.000000,5.000000;5.000000;5.000000;5.000000;5.000000;5.000000;4.000000;4.000000;4.000000,16,0.909091,1,3.000000;3.000000;2.000000;2.000000;2.000000;2.000000;2.000000;2.000000,0.129253;0.157413;0.038693;0.083813;0.128933;0.347069;0.072293;nan,3.000000;3.000000;2.000000;2.000000;2.000000;2.000000;2.000000;2.000000,342,21164,276,23912,0,0,0,0,0,0,0,0,0,0,0,0,0,0,0,0,0,0,0,0,0,0,0,0,graph_0001__path_life_0.7000,path_life,0.7,graph_0001,epoch_0004
trace,aodv,0.606240,0.605591,2584,2875,105,1064,1389,0.888889,0.044795,75.468476,360,320,6,0,0,537,1.269841,1064,50954,3.325000,159.231250,0.700000,4.666667,5.000000,5.000000,5.000000;5.000000;5.000000;5.000000;5.000000;5.000000;4.000000;4.000000;4.000000,16,0.909091,1,3.000000;3.000000;2.000000;2.000000;2.000000;2.000000;2.000000;2.000000,1.619084;0.157413;0.038693;1.416404;1.478324;0.010213;1.556134;0.134373,3.000000;3.000000;2.000000;2.000000;2.000000;2.000000;2.000000;2.000000,0,0,0,0,0,0,0,0,0,0,776,37248,114,5928,95,4560,68,2888,11,330,0,0,0,0,0,0,0,0,graph_0001__path_life_0.7000,path_life,0.7,graph_0001,epoch_0004
trace,static,0.265812,0.265618,1072,946,105,0,0,0.650000,0.032622,74.194800,360,234,0,0,0,137,0.928571,0,0,0.000000,0.000000,0.700000,4.666667,5.000000,5.000000,5.000000;5.000000;5.000000;5.000000;5.000000;5.000000;4.000000;4.000000;4.000000,16,0.909091,1,3.000000;3.000000;2.000000;2.000000;2.000000;2.000000;2.000000;2.000000,0.138229;0.166389;0.047669;0.092789;0.137909;0.019189;0.081269;0.143349,3.000000;3.000000;2.000000;2.000000;2.000000;2.000000;2.000000;2.000000,0,0,0,0,0,0,0,0,0,0,0,0,0,0,0,0,0,0,0,0,0,0,0,0,0,0,0,0,graph_0001__path_life_0.7000,path_life,0.7,graph_0001,epoch_0004
trace,olsr,0.488313,0.488300,1803,2009,105,627,957,0.650000,0.033370,71.069955,360,234,2,0,0,370,0.928571,627,45796,2.679487,195.709402,0.700000,4.666667,5.000000,5.000000,5.000000;5.000000;5.000000;5.000000;5.000000;5.000000;4.000000;4.000000;4.000000,16,0.909091,1,3.000000;3.000000;2.000000;2.000000;2.000000;2.000000;2.000000;2.000000,0.129253;0.157413;0.038693;0.083813;0.128933;0.347069;0.072293;1.226335,3.000000;3.000000;2.000000;2.000000;2.000000;2.000000;2.000000;2.000000,340,20668,287,25128,0,0,0,0,0,0,0,0,0,0,0,0,0,0,0,0,0,0,0,0,0,0,0,0,graph_0001__path_life_0.7000,path_life,0.7,graph_0001,epoch_0005
trace,aodv,0.622115,0.622067,2612,2937,105,1123,1487,0.813889,0.041699,75.659071,360,293,28,0,0,502,1.162698,1123,53432,3.832765,182.361775,0.700000,4.666667,5.000000,5.000000,5.000000;5.000000;5.000000;5.000000;5.000000;5.000000;4.000000;4.000000;4.000000,16,0.909091,1,3.000000;3.000000;2.000000;2.000000;2.000000;2.000000;2.000000;2.000000,1.638775;0.157413;0.038693;1.425928;1.610249;0.010213;1.561126;0.134373,3.000000;3.000000;2.000000;2.000000;2.000000;2.000000;2.000000;2.000000,0,0,0,0,0,0,0,0,0,0,775,37200,117,6084,112,5376,105,4352,14,420,0,0,0,0,0,0,0,0,graph_0001__path_life_0.7000,path_life,0.7,graph_0001,epoch_0005
trace,static,0.265358,0.265350,1072,946,105,0,0,0.650000,0.032625,74.194820,360,234,0,0,0,137,0.928571,0,0,0.000000,0.000000,0.700000,4.666667,5.000000,5.000000,5.000000;5.000000;5.000000;5.000000;5.000000;5.000000;4.000000;4.000000;4.000000,16,0.909091,1,3.000000;3.000000;2.000000;2.000000;2.000000;2.000000;2.000000;2.000000,0.138229;0.166389;0.047669;0.092789;0.137909;0.019189;0.081269;0.143349,3.000000;3.000000;2.000000;2.000000;2.000000;2.000000;2.000000;2.000000,0,0,0,0,0,0,0,0,0,0,0,0,0,0,0,0,0,0,0,0,0,0,0,0,0,0,0,0,graph_0001__path_life_0.7000,path_life,0.7,graph_0001,epoch_0005
trace,olsr,0.474756,0.474720,1782,1970,105,604,916,0.652778,0.033512,71.017911,360,235,0,0,0,360,0.932540,604,44480,2.570213,189.276596,0.700000,4.666667,5.000000,5.000000,5.000000;5.000000;5.000000;5.000000;5.000000;5.000000;4.000000;4.000000;4.000000,16,0.909091,1,3.000000;3.000000;2.000000;2.000000;2.000000;2.000000;2.000000;2.000000,0.129253;0.157413;0.038693;0.083813;0.128933;0.347069;0.073003;1.220763,3.000000;3.000000;2.000000;2.000000;2.000000;2.000000;2.000000;2.000000,339,20664,265,23816,0,0,0,0,0,0,0,0,0,0,0,0,0,0,0,0,0,0,0,0,0,0,0,0,graph_0001__path_life_0.7000,path_life,0.7,graph_0001,epoch_0002
trace,aodv,0.605310,0.605269,2608,2926,105,1096,1439,0.891667,0.044935,75.448733,360,321,14,0,0,541,1.273810,1096,52388,3.414330,163.202492,0.700000,4.666667,5.000000,5.000000,5.000000;5.000000;5.000000;5.000000;5.000000;5.000000;4.000000;4.000000;4.000000,16,0.909091,1,3.000000;3.000000;2.000000;2.000000;2.000000;2.000000;2.000000;2.000000,1.952880;0.157413;0.038693;1.423641;1.468443;0.010213;1.551475;0.134373,3.000000;3.000000;2.000000;2.000000;2.000000;2.000000;2.000000;2.000000,0,0,0,0,0,0,0,0,0,0,777,37296,124,6448,100,4800,85,3544,10,300,0,0,0,0,0,0,0,0,graph_0001__path_life_0.7000,path_life,0.7,graph_0001,epoch_0002
trace,static,0.264638,0.264625,1072,946,105,0,0,0.650000,0.032625,74.194794,360,234,0,0,0,136,0.928571,0,0,0.000000,0.000000,0.700000,4.666667,5.000000,5.000000,5.000000;5.000000;5.000000;5.000000;5.000000;5.000000;4.000000;4.000000;4.000000,16,0.909091,1,3.000000;3.000000;2.000000;2.000000;2.000000;2.000000;2.000000;2.000000,0.138229;0.166389;0.047669;0.092789;0.137909;0.019189;0.081269;0.143349,3.000000;3.000000;2.000000;2.000000;2.000000;2.000000;2.000000;2.000000,0,0,0,0,0,0,0,0,0,0,0,0,0,0,0,0,0,0,0,0,0,0,0,0,0,0,0,0,graph_0001__path_life_0.7000,path_life,0.7,graph_0001,epoch_0002
trace,olsr,0.482064,0.481595,1652,1985,105,695,1212,0.411111,0.020635,70.378319,360,148,10,0,0,372,0.822222,695,57524,4.695946,388.675676,0.500000,4.285714,4.000000,5.000000,5.000000;5.000000;4.000000;4.000000;4.000000;4.000000;4.000000,12,0.869565,1,5.000000;5.000000;5.000000;5.000000;5.000000;5.000000,0.095333;1.254405;1.739173;0.111973;nan;0.134373,5.000000;5.000000;5.000000;5.000000;5.000000;5.000000,313,20260,382,37264,0,0,0,0,0,0,0,0,0,0,0,0,0,0,0,0,0,0,0,0,0,0,0,0,graph_0005__path_life_0.5000,path_life,0.5,graph_0005,epoch_0001
trace,aodv,0.585868,0.585217,2427,2994,105,1091,1700,0.697222,0.035134,74.506624,360,251,11,56,0,586,1.394444,1091,52374,4.346614,208.661355,0.500000,4.285714,4.000000,5.000000,5.000000;5.000000;4.000000;4.000000;4.000000;4.000000;4.000000,12,0.869565,1,5.000000;5.000000;5.000000;5.000000;5.000000;5.000000,0.604390;0.089573;0.100773;nan;0.471220;0.134373,5.000000;5.000000;5.000000;5.000000;5.000000;5.000000,0,0,0,0,0,0,0,0,0,0,758,36384,143,7436,104,4992,75,3232,11,330,0,0,0,0,0,0,0,0,graph_0005__path_life_0.5000,path_life,0.5,graph_0005,epoch_0001
trace,static,0.192961,0.192829,860,665,105,0,0,0.458333,0.023005,72.965943,360,165,0,0,0,83,0.916667,0,0,0.000000,0.000000,0.500000,4.285714,4.000000,5.000000,5.000000;5.000000;4.000000;4.000000;4.000000;4.000000;4.000000,12,0.869565,1,5.000000;5.000000;5.000000;5.000000;5.000000;5.000000,0.104309;0.150014;0.109749;0.120949;0.132149;0.143349,5.000000;5.000000;5.000000;5.000000;5.000000;5.000000,0,0,0,0,0,0,0,0,0,0,0,0,0,0,0,0,0,0,0,0,0,0,0,0,0,0,0,0,graph_0005__path_life_0.5000,path_life,0.5,graph_0005,epoch_0001
trace,olsr,0.475161,0.475109,1651,1946,105,691,1198,0.350000,0.018279,81.208532,360,126,17,0,0,470,0.700000,691,56532,5.484127,448.666667,0.500000,4.285714,4.000000,5.000000,5.000000;5.000000;4.000000;4.000000;4.000000;4.000000;4.000000,12,0.869565,1,5.000000;5.000000;5.000000;5.000000;5.000000;5.000000,0.276855;1.254405;0.273589;0.111973;0.123173;0.306919,5.000000;5.000000;5.000000;5.000000;5.000000;5.000000,310,20000,381,36532,0,0,0,0,0,0,0,0,0,0,0,0,0,0,0,0,0,0,0,0,0,0,0,0,graph_0005__path_life_0.5000,path_life,0.5,graph_0005,epoch_0003
trace,aodv,0.552938,0.552910,2400,2905,105,1111,1698,0.583333,0.029388,76.338726,360,210,12,56,0,661,1.166667,1111,53200,5.290476,253.333333,0.500000,4.285714,4.000000,5.000000,5.000000;5.000000;4.000000;4.000000;4.000000;4.000000;4.000000,12,0.869565,1,5.000000;5.000000;5.000000;5.000000;5.000000;5.000000,0.611658;0.089573;0.459084;nan;0.467220;0.134373,5.000000;5.000000;5.000000;5.000000;5.000000;5.000000,0,0,0,0,0,0,0,0,0,0,761,36528,139,7228,113,5424,84,3600,14,420,0,0,0,0,0,0,0,0,graph_0005__path_life_0.5000,path_life,0.5,graph_0005,epoch_0003
trace,static,0.188310,0.188287,860,665,105,0,0,0.458333,0.023003,72.965892,360,165,0,0,0,83,0.916667,0,0,0.000000,0.000000,0.500000,4.285714,4.000000,5.000000,5.000000;5.000000;4.000000;4.000000;4.000000;4.000000;4.000000,12,0.869565,1,5.000000;5.000000;5.000000;5.000000;5.000000;5.000000,0.104309;0.147474;0.109749;0.120949;0.132149;0.143349,5.000000;5.000000;5.000000;5.000000;5.000000;5.000000,0,0,0,0,0,0,0,0,0,0,0,0,0,0,0,0,0,0,0,0,0,0,0,0,0,0,0,0,graph_0005__path_life_0.5000,path_life,0.5,graph_0005,epoch_0003
trace,olsr,0.485691,0.485645,1728,2070,105,692,1200,0.488889,0.024535,74.363526,360,176,11,0,0,423,0.977778,692,56884,3.931818,323.204545,0.500000,4.285714,4.000000,5.000000,5.000000;5.000000;4.000000;4.000000;4.000000;4.000000;4.000000,12,0.869565,1,5.000000;5.000000;5.000000;5.000000;5.000000;5.000000,0.095333;1.254485;2.239869;0.111973;0.123173;0.211101,5.000000;5.000000;5.000000;5.000000;5.000000;5.000000,312,20464,380,36420,0,0,0,0,0,0,0,0,0,0,0,0,0,0,0,0,0,0,0,0,0,0,0,0,graph_0005__path_life_0.5000,path_life,0.5,graph_0005,epoch_0004
trace,aodv,0.557076,0.557042,2418,2940,105,1143,1731,0.580556,0.029252,74.340241,360,209,29,56,0,600,1.161111,1143,54608,5.468900,261.282297,0.500000,4.285714,4.000000,5.000000,5.000000;5.000000;4.000000;4.000000;4.000000;4.000000;4.000000,12,0.869565,1,5.000000;5.000000;5.000000;5.000000;5.000000;5.000000,0.605969;0.089573;0.601269;nan;0.475140;0.134373,5.000000;5.000000;5.000000;5.000000;5.000000;5.000000,0,0,0,0,0,0,0,0,0,0,758,36384,150,7800,116,5568,103,4376,16,480,0,0,0,0,0,0,0,0,graph_0005__path_life_0.5000,path_life,0.5,graph_0005,epoch_0004
trace,static,0.190413,0.190397,860,665,105,0,0,0.458333,0.023001,72.965864,360,165,0,0,0,83,0.916667,0,0,0.000000,0.000000,0.500000,4.285714,4.000000,5.000000,5.000000;5.000000;4.000000;4.000000;4.000000;4.000000;4.000000,12,0.869565,1,5.000000;5.000000;5.000000;5.000000;5.000000;5.000000,0.104309;0.145394;0.109749;0.120949;0.132149;0.143349,5.000000;5.000000;5.000000;5.000000;5.000000;5.000000,0,0,0,0,0,0,0,0,0,0,0,0,0,0,0,0,0,0,0,0,0,0,0,0,0,0,0,0,graph_0005__path_life_0.5000,path_life,0.5,graph_0005,epoch_0004
trace,olsr,0.612305,0.612268,2188,2498,105,710,1228,0.330556,0.017264,77.237524,360,119,4,0,0,412,0.661111,710,58268,5.966387,489.647059,0.500000,4.285714,4.000000,5.000000,5.000000;5.000000;4.000000;4.000000;4.000000;4.000000;4.000000,12,0.869565,1,5.000000;5.000000;5.000000;5.000000;5.000000;5.000000,0.193117;1.254405;2.394533;0.111973;0.123173;0.212567,5.000000;5.000000;5.000000;5.000000;5.000000;5.000000,316,20452,376,36808,0,0,0,0,18,1008,0,0,0,0,0,0,0,0,0,0,0,0,0,0,0,0,0,0,graph_0005__path_life_0.5000,path_life,0.5,graph_0005,epoch_0005
trace,aodv,0.557500,0.557401,2430,2978,105,1125,1738,0.630556,0.031773,75.512516,360,227,12,56,0,568,1.261111,1125,53980,4.955947,237.797357,0.500000,4.285714,4.000000,5.000000,5.000000;5.000000;4.000000;4.000000;4.000000;4.000000;4.000000,12,0.869565,1,5.000000;5.000000;5.000000;5.000000;5.000000;5.000000,0.609860;0.089573;0.100773;nan;0.479744;0.134373,5.000000;5.000000;5.000000;5.000000;5.000000;5.000000,0,0,0,0,0,0,0,0,0,0,758,36384,149,7748,125,6000,81,3488,12,360,0,0,0,0,0,0,0,0,graph_0005__path_life_0.5000,path_life,0.5,graph_0005,epoch_0005
trace,static,0.188390,0.188378,857,661,105,0,0,0.455556,0.022865,72.954979,360,164,0,0,0,81,0.911111,0,0,0.000000,0.000000,0.500000,4.285714,4.000000,5.000000,5.000000;5.000000;4.000000;4.000000;4.000000;4.000000;4.000000,12,0.869565,1,5.000000;5.000000;5.000000;5.000000;5.000000;5.000000,0.104309;0.144168;0.109749;0.120949;0.132149;0.143349,5.000000;5.000000;5.000000;5.000000;5.000000;5.000000,0,0,0,0,0,0,0,0,0,0,0,0,0,0,0,0,0,0,0,0,0,0,0,0,0,0,0,0,graph_0005__path_life_0.5000,path_life,0.5,graph_0005,epoch_0005
trace,olsr,0.484838,0.484784,1683,1978,105,689,1182,0.391667,0.020457,79.002543,360,141,4,0,0,469,0.783333,689,56148,4.886525,398.212766,0.500000,4.285714,4.000000,5.000000,5.000000;5.000000;4.000000;4.000000;4.000000;4.000000;4.000000,12,0.869565,1,5.000000;5.000000;5.000000;5.000000;5.000000;5.000000,0.276855;0.089573;0.428453;0.111973;0.123173;0.210039,5.000000;5.000000;5.000000;5.000000;5.000000;5.000000,312,20172,377,35976,0,0,0,0,0,0,0,0,0,0,0,0,0,0,0,0,0,0,0,0,0,0,0,0,graph_0005__path_life_0.5000,path_life,0.5,graph_0005,epoch_0002
trace,aodv,0.558725,0.558688,2404,2958,105,1111,1709,0.627778,0.031634,76.458892,360,226,34,56,0,601,1.255556,1111,52952,4.915929,234.300885,0.500000,4.285714,4.000000,5.000000,5.000000;5.000000;4.000000;4.000000;4.000000;4.000000;4.000000,12,0.869565,1,5.000000;5.000000;5.000000;5.000000;5.000000;5.000000,0.607448;0.089573;0.268020;nan;0.466565;0.134373,5.000000;5.000000;5.000000;5.000000;5.000000;5.000000,0,0,0,0,0,0,0,0,0,0,770,36960,124,6448,97,4656,108,4528,12,360,0,0,0,0,0,0,0,0,graph_0005__path_life_0.5000,path_life,0.5,graph_0005,epoch_0002
trace,static,0.191925,0.191893,860,665,105,0,0,0.458333,0.023003,72.965913,360,165,0,0,0,83,0.916667,0,0,0.000000,0.000000,0.500000,4.285714,4.000000,5.000000,5.000000;5.000000;4.000000;4.000000;4.000000;4.000000;4.000000,12,0.869565,1,5.000000;5.000000;5.000000;5.000000;5.000000;5.000000,0.104309;0.148234;0.109749;0.120949;0.132149;0.143349,5.000000;5.000000;5.000000;5.000000;5.000000;5.000000,0,0,0,0,0,0,0,0,0,0,0,0,0,0,0,0,0,0,0,0,0,0,0,0,0,0,0,0,graph_0005__path_life_0.5000,path_life,0.5,graph_0005,epoch_0002
trace,olsr,0.886729,0.886663,3221,3502,105,686,1084,0.488889,0.024605,74.541311,360,176,17,0,0,435,0.543210,686,51392,3.897727,292.000000,0.900000,7.714286,8.000000,8.000000,8.000000;8.000000;8.000000;8.000000;8.000000;7.000000;7.000000,12,0.872340,1,1.000000;1.000000;1.000000;1.000000;1.000000;1.000000,0.293815;1.106533;0.134693;0.145893;4.262269;0.021413,1.000000;1.000000;1.000000;1.000000;1.000000;1.000000,335,21000,303,27704,0,0,0,0,48,2688,0,0,0,0,0,0,0,0,0,0,0,0,0,0,0,0,0,0,graph_0002__path_life_0.9000,path_life,0.9,graph_0002,epoch_0001
trace,aodv,0.581491,0.581443,2428,2839,105,1000,1423,0.938889,0.047310,74.585815,360,338,10,0,0,304,1.043210,1000,47790,2.958580,141.390533,0.900000,7.714286,8.000000,8.000000,8.000000;8.000000;8.000000;8.000000;8.000000;7.000000;7.000000,12,0.872340,1,1.000000;1.000000;1.000000;1.000000;1.000000;1.000000,0.112293;0.123493;0.134693;0.145893;0.157093;0.021413,1.000000;1.000000;1.000000;1.000000;1.000000;1.000000,0,0,0,0,0,0,0,0,0,0,802,38496,69,3588,64,3072,54,2304,11,330,0,0,0,0,0,0,0,0,graph_0002__path_life_0.9000,path_life,0.9,graph_0002,epoch_0001
trace,static,0.344000,0.343979,1281,1224,105,0,0,0.841667,0.042243,74.338330,360,303,0,0,0,148,0.935185,0,0,0.000000,0.000000,0.900000,7.714286,8.000000,8.000000,8.000000;8.000000;8.000000;8.000000;8.000000;7.000000;7.000000,12,0.872340,1,1.000000;1.000000;1.000000;1.000000;1.000000;1.000000,0.121269;0.132469;0.143669;0.154869;0.166069;0.030389,1.000000;1.000000;1.000000;1.000000;1.000000;1.000000,0,0,0,0,0,0,0,0,0,0,0,0,0,0,0,0,0,0,0,0,0,0,0,0,0,0,0,0,graph_0002__path_life_0.9000,path_life,0.9,graph_0002,epoch_0001
trace,olsr,0.467609,0.467539,1744,2008,105,633,1026,0.591667,0.029693,76.712195,360,213,16,0,0,325,0.657407,633,48800,2.971831,229.107981,0.900000,7.714286,8.000000,8.000000,8.000000;8.000000;8.000000;8.000000;8.000000;7.000000;7.000000,12,0.872340,1,1.000000;1.000000;1.000000;1.000000;1.000000;1.000000,0.293815;3.201117;0.134693;3.276805;0.157093;1.240885,1.000000;1.000000;1.000000;1.000000;1.000000;1.000000,337,21040,296,27760,0,0,0,0,0,0,0,0,0,0,0,0,0,0,0,0,0,0,0,0,0,0,0,0,graph_0002__path_life_0.9000,path_life,0.9,graph_0002,epoch_0003
trace,aodv,0.571729,0.571669,2447,2873,105,1010,1448,0.952778,0.048012,74.411805,360,343,5,0,0,326,1.058642,1010,48362,2.944606,140.997085,0.900000,7.714286,8.000000,8.000000,8.000000;8.000000;8.000000;8.000000;8.000000;7.000000;7.000000,12,0.872340,1,1.000000;1.000000;1.000000;1.000000;1.000000;1.000000,0.112293;0.123493;0.134693;0.145893;0.157093;0.021413,1.000000;1.000000;1.000000;1.000000;1.000000;1.000000,0,0,0,0,0,0,0,0,0,0,803,38544,79,4108,69,3312,46,2008,13,390,0,0,0,0,0,0,0,0,graph_0002__path_life_0.9000,path_life,0.9,graph_0002,epoch_0003
trace,static,0.334440,0.334433,1281,1224,105,0,0,0.841667,0.042239,74.338285,360,303,0,0,0,151,0.935185,0,0,0.000000,0.000000,0.900000,7.714286,8.000000,8.000000,8.000000;8.000000;8.000000;8.000000;8.000000;7.000000;7.000000,12,0.872340,1,1.000000;1.000000;1.000000;1.000000;1.000000;1.000000,0.121269;0.132469;0.143669;0.154869;0.166069;0.030389,1.000000;1.000000;1.000000;1.000000;1.000000;1.000000,0,0,0,0,0,0,0,0,0,0,0,0,0,0,0,0,0,0,0,0,0,0,0,0,0,0,0,0,graph_0002__path_life_0.9000,path_life,0.9,graph_0002,epoch_0003
trace,olsr,0.726796,0.726758,2700,2981,105,687,1105,0.475000,0.023907,71.138140,360,171,10,0,0,378,0.527778,687,51884,4.017544,303.415205,0.900000,7.714286,8.000000,8.000000,8.000000;8.000000;8.000000;8.000000;8.000000;7.000000;7.000000,12,0.872340,1,1.000000;1.000000;1.000000;1.000000;1.000000;1.000000,0.227103;3.254405;0.134693;3.276805;0.484773;0.021413,1.000000;1.000000;1.000000;1.000000;1.000000;1.000000,332,20552,323,29540,0,0,0,0,32,1792,0,0,0,0,0,0,0,0,0,0,0,0,0,0,0,0,0,0,graph_0002__path_life_0.9000,path_life,0.9,graph_0002,epoch_0004
trace,aodv,0.574536,0.574383,2437,2864,105,998,1442,0.947222,0.047722,74.373651,360,341,2,0,0,274,1.052469,998,47856,2.926686,140.340176,0.900000,7.714286,8.000000,8.000000,8.000000;8.000000;8.000000;8.000000;8.000000;7.000000;7.000000,12,0.872340,1,1.000000;1.000000;1.000000;1.000000;1.000000;1.000000,0.112293;0.123493;0.134693;0.160171;0.157093;0.021413,1.000000;1.000000;1.000000;1.000000;1.000000;1.000000,0,0,0,0,0,0,0,0,0,0,799,38352,80,4160,68,3264,39,1720,12,360,0,0,0,0,0,0,0,0,graph_0002__path_life_0.9000,path_life,0.9,graph_0002,epoch_0004
trace,static,0.336131,0.336106,1281,1224,105,0,0,0.841667,0.042244,74.338321,360,303,0,0,0,151,0.935185,0,0,0.000000,0.000000,0.900000,7.714286,8.000000,8.000000,8.000000;8.000000;8.000000;8.000000;8.000000;7.000000;7.000000,12,0.872340,1,1.000000;1.000000;1.000000;1.000000;1.000000;1.000000,0.121269;0.132469;0.143669;0.154869;0.166069;0.030389,1.000000;1.000000;1.000000;1.000000;1.000000;1.000000,0,0,0,0,0,0,0,0,0,0,0,0,0,0,0,0,0,0,0,0,0,0,0,0,0,0,0,0,graph_0002__path_life_0.9000,path_life,0.9,graph_0002,epoch_0004
trace,olsr,0.727033,0.726910,2692,2976,105,679,1089,0.575000,0.029025,73.817354,360,207,3,0,0,425,0.638889,679,50808,3.280193,245.449275,0.900000,7.714286,8.000000,8.000000,8.000000;8.000000;8.000000;8.000000;8.000000;7.000000;7.000000,12,0.872340,1,1.000000;1.000000;1.000000;1.000000;1.000000;1.000000,0.293815;0.123493;0.462373;0.145893;2.632375;0.021413,1.000000;1.000000;1.000000;1.000000;1.000000;1.000000,327,20304,324,28936,0,0,0,0,28,1568,0,0,0,0,0,0,0,0,0,0,0,0,0,0,0,0,0,0,graph_0002__path_life_0.9000,path_life,0.9,graph_0002,epoch_0005
trace,aodv,0.583989,0.583929,2445,2843,105,1013,1429,0.936111,0.047182,74.711705,360,337,5,0,0,337,1.040123,1013,48534,3.005935,144.017804,0.900000,7.714286,8.000000,8.000000,8.000000;8.000000;8.000000;8.000000;8.000000;7.000000;7.000000,12,0.872340,1,1.000000;1.000000;1.000000;1.000000;1.000000;1.000000,0.112293;0.123493;0.134693;0.145893;0.157093;0.021413,1.000000;1.000000;1.000000;1.000000;1.000000;1.000000,0,0,0,0,0,0,0,0,0,0,798,38304,83,4316,70,3360,51,2224,11,330,0,0,0,0,0,0,0,0,graph_0002__path_life_0.9000,path_life,0.9,graph_0002,epoch_0005
trace,static,0.341257,0.341236,1281,1224,105,0,0,0.841667,0.042249,74.338320,360,303,0,0,0,152,0.935185,0,0,0.000000,0.000000,0.900000,7.714286,8.000000,8.000000,8.000000;8.000000;8.000000;8.000000;8.000000;7.000000;7.000000,12,0.872340,1,1.000000;1.000000;1.000000;1.000000;1.000000;1.000000,0.121269;0.132469;0.143669;0.154869;0.166069;0.030389,1.000000;1.000000;1.000000;1.000000;1.000000;1.000000,0,0,0,0,0,0,0,0,0,0,0,0,0,0,0,0,0,0,0,0,0,0,0,0,0,0,0,0,graph_0002__path_life_0.9000,path_life,0.9,graph_0002,epoch_0005
trace,olsr,0.444879,0.444834,1609,1877,105,650,1065,0.394444,0.021344,71.364845,360,142,35,0,0,373,0.438272,650,49512,4.577465,348.676056,0.900000,7.714286,8.000000,8.000000,8.000000;8.000000;8.000000;8.000000;8.000000;7.000000;7.000000,12,0.872340,1,1.000000;1.000000;1.000000;1.000000;1.000000;1.000000,0.293815;2.874354;0.298533;0.145893;2.304695;0.185253,1.000000;1.000000;1.000000;1.000000;1.000000;1.000000,329,20552,321,28960,0,0,0,0,0,0,0,0,0,0,0,0,0,0,0,0,0,0,0,0,0,0,0,0,graph_0002__path_life_0.9000,path_life,0.9,graph_0002,epoch_0002
trace,aodv,0.582410,0.582339,2442,2821,105,1019,1415,0.925000,0.046609,74.935675,360,333,10,0,0,343,1.027778,1019,48748,3.060060,146.390390,0.900000,7.714286,8.000000,8.000000,8.000000;8.000000;8.000000;8.000000;8.000000;7.000000;7.000000,12,0.872340,1,1.000000;1.000000;1.000000;1.000000;1.000000;1.000000,0.112293;0.123493;0.134693;0.145893;0.157093;0.021413,1.000000;1.000000;1.000000;1.000000;1.000000;1.000000,0,0,0,0,0,0,0,0,0,0,794,38112,85,4420,72,3456,56,2400,12,360,0,0,0,0,0,0,0,0,graph_0002__path_life_0.9000,path_life,0.9,graph_0002,epoch_0002
trace,static,0.344182,0.344151,1281,1224,105,0,0,0.841667,0.042242,74.338325,360,303,0,0,0,152,0.935185,0,0,0.000000,0.000000,0.900000,7.714286,8.000000,8.000000,8.000000;8.000000;8.000000;8.000000;8.000000;7.000000;7.000000,12,0.872340,1,1.000000;1.000000;1.000000;1.000000;1.000000;1.000000,0.121269;0.132469;0.143669;0.154869;0.166069;0.030389,1.000000;1.000000;1.000000;1.000000;1.000000;1.000000,0,0,0,0,0,0,0,0,0,0,0,0,0,0,0,0,0,0,0,0,0,0,0,0,0,0,0,0,graph_0002__path_life_0.9000,path_life,0.9,graph_0002,epoch_0002
trace,olsr,0.479998,0.479946,1718,2091,105,725,1284,0.483333,0.026637,69.160566,360,174,0,0,0,347,0.690476,725,60672,4.166667,348.689655,0.700000,4.666667,5.000000,5.000000,5.000000;5.000000;5.000000;5.000000;5.000000;5.000000;4.000000;4.000000;4.000000,16,0.878788,1,3.000000;3.000000;2.000000;2.000000;2.000000;2.000000;2.000000;2.000000,0.129253;3.288325;2.228067;0.083813;0.128933;0.226479;0.246019;nan,3.000000;3.000000;2.000000;2.000000;2.000000;2.000000;2.000000;2.000000,312,20128,413,40544,0,0,0,0,0,0,0,0,0,0,0,0,0,0,0,0,0,0,0,0,0,0,0,0,graph_0005__path_life_0.7000,path_life,0.7,graph_0005,epoch_0001
trace,aodv,0.606621,0.606496,2553,3129,105,1040,1659,0.880556,0.044372,76.487945,360,317,0,0,0,542,1.257937,1040,50022,3.280757,157.798107,0.700000,4.666667,5.000000,5.000000,5.000000;5.000000;5.000000;5.000000;5.000000;5.000000;4.000000;4.000000;4.000000,16,0.878788,1,3.000000;3.000000;2.000000;2.000000;2.000000;2.000000;2.000000;2.000000,0.129253;0.507799;1.530404;1.409073;0.128933;0.010213;0.072293;1.633454,3.000000;3.000000;2.000000;2.000000;2.000000;2.000000;2.000000;2.000000,0,0,0,0,0,0,0,0,0,0,776,37248,111,5772,95,4560,51,2232,7,210,0,0,0,0,0,0,0,0,graph_0005__path_life_0.7000,path_life,0.7,graph_0005,epoch_0001
trace,static,0.262381,0.262339,1076,952,105,0,0,0.655556,0.032904,74.327958,360,236,0,0,0,102,0.936508,0,0,0.000000,0.000000,0.700000,4.666667,5.000000,5.000000,5.000000;5.000000;5.000000;5.000000;5.000000;5.000000;4.000000;4.000000;4.000000,16,0.878788,1,3.000000;3.000000;2.000000;2.000000;2.000000;2.000000;2.000000;2.000000,0.138229;0.217854;0.038693;0.092789;0.137909;0.019189;0.081269;0.143349,3.000000;3.000000;2.000000;2.000000;2.000000;2.000000;2.000000;2.000000,0,0,0,0,0,0,0,0,0,0,0,0,0,0,0,0,0,0,0,0,0,0,0,0,0,0,0,0,graph_0005__path_life_0.7000,path_life,0.7,graph_0005,epoch_0001
trace,olsr,0.491122,0.490984,1673,2012,105,725,1286,0.383333,0.021123,76.733712,360,138,0,0,0,375,0.547619,725,60284,5.253623,436.840580,0.700000,4.666667,5.000000,5.000000,5.000000;5.000000;5.000000;5.000000;5.000000;5.000000;4.000000;4.000000;4.000000,16,0.878788,1,3.000000;3.000000;2.000000;2.000000;2.000000;2.000000;2.000000;2.000000,0.302269;3.289727;2.229027;0.083813;0.301479;0.229699;0.247357;nan,3.000000;3.000000;2.000000;2.000000;2.000000;2.000000;2.000000;2.000000,308,19776,417,40508,0,0,0,0,0,0,0,0,0,0,0,0,0,0,0,0,0,0,0,0,0,0,0,0,graph_0005__path_life_0.7000,path_life,0.7,graph_0005,epoch_0003
trace,aodv,0.616437,0.616111,2543,3107,105,1052,1661,0.858333,0.043242,77.122639,360,309,6,0,0,552,1.226190,1052,50542,3.404531,163.566343,0.700000,4.666667,5.000000,5.000000,5.000000;5.000000;5.000000;5.000000;5.000000;5.000000;4.000000;4.000000;4.000000,16,0.878788,1,3.000000;3.000000;2.000000;2.000000;2.000000;2.000000;2.000000;2.000000,0.129253;0.518268;1.538635;1.411703;0.128933;0.010213;0.072293;1.635207,3.000000;3.000000;2.000000;2.000000;2.000000;2.000000;2.000000;2.000000,0,0,0,0,0,0,0,0,0,0,775,37200,117,6084,96,4608,57,2440,7,210,0,0,0,0,0,0,0,0,graph_0005__path_life_0.7000,path_life,0.7,graph_0005,epoch_0003
trace,static,0.268927,0.268917,1076,952,105,0,0,0.655556,0.032901,74.327921,360,236,0,0,0,101,0.936508,0,0,0.000000,0.000000,0.700000,4.666667,5.000000,5.000000,5.000000;5.000000;5.000000;5.000000;5.000000;5.000000;4.000000;4.000000;4.000000,16,0.878788,1,3.000000;3.000000;2.000000;2.000000;2.000000;2.000000;2.000000;2.000000,0.138229;0.215314;0.038693;0.092789;0.137909;0.019189;0.081269;0.143349,3.000000;3.000000;2.000000;2.000000;2.000000;2.000000;2.000000;2.000000,0,0,0,0,0,0,0,0,0,0,0,0,0,0,0,0,0,0,0,0,0,0,0,0,0,0,0,0,graph_0005__path_life_0.7000,path_life,0.7,graph_0005,epoch_0003
trace,olsr,0.477790,0.477748,1691,2059,105,717,1260,0.491667,0.027091,70.538263,360,177,0,0,0,348,0.702381,717,59860,4.050847,338.192090,0.700000,4.666667,5.000000,5.000000,5.000000;5.000000;5.000000;5.000000;5.000000;5.000000;4.000000;4.000000;4.000000,16,0.878788,1,3.000000;3.000000;2.000000;2.000000;2.000000;2.000000;2.000000;2.000000,0.129253;4.633514;0.038693;0.083813;2.422693;0.213645;0.245619;nan,3.000000;3.000000;2.000000;2.000000;2.000000;2.000000;2.000000;2.000000,315,20456,402,39404,0,0,0,0,0,0,0,0,0,0,0,0,0,0,0,0,0,0,0,0,0,0,0,0,graph_0005__path_life_0.7000,path_life,0.7,graph_0005,epoch_0004
trace,aodv,0.617021,0.617000,2561,3145,105,1033,1647,0.911111,0.045908,75.396133,360,328,2,0,0,497,1.301587,1033,49600,3.149390,151.219512,0.700000,4.666667,5.000000,5.000000,5.000000;5.000000;5.000000;5.000000;5.000000;5.000000;4.000000;4.000000;4.000000,16,0.878788,1,3.000000;3.000000;2.000000;2.000000;2.000000;2.000000;2.000000;2.000000,0.129253;0.510488;1.527310;1.412056;0.128933;0.010213;0.072293;1.630923,3.000000;3.000000;2.000000;2.000000;2.000000;2.000000;2.000000;2.000000,0,0,0,0,0,0,0,0,0,0,776,37248,108,5616,89,4272,52,2224,8,240,0,0,0,0,0,0,0,0,graph_0005__path_life_0.7000,path_life,0.7,graph_0005,epoch_0004
trace,static,0.268452,0.268444,1076,952,105,0,0,0.655556,0.032899,74.327896,360,236,0,0,0,102,0.936508,0,0,0.000000,0.000000,0.700000,4.666667,5.000000,5.000000,5.000000;5.000000;5.000000;5.000000;5.000000;5.000000;4.000000;4.000000;4.000000,16,0.878788,1,3.000000;3.000000;2.000000;2.000000;2.000000;2.000000;2.000000;2.000000,0.138229;0.213234;0.038693;0.092789;0.137909;0.019189;0.081269;0.143349,3.000000;3.000000;2.000000;2.000000;2.000000;2.000000;2.000000;2.000000,0,0,0,0,0,0,0,0,0,0,0,0,0,0,0,0,0,0,0,0,0,0,0,0,0,0,0,0,graph_0005__path_life_0.7000,path_life,0.7,graph_0005,epoch_0004
trace,olsr,0.486030,0.485975,1677,2020,105,717,1262,0.408333,0.022501,76.806774,360,147,10,0,0,349,0.583333,717,60184,4.877551,409.414966,0.700000,4.666667,5.000000,5.000000,5.000000;5.000000;5.000000;5.000000;5.000000;5.000000;4.000000;4.000000;4.000000,16,0.878788,1,3.000000;3.000000;2.000000;2.000000;2.000000;2.000000;2.000000;2.000000,0.197017;3.279079;0.047709;0.083813;0.128933;0.224919;0.248079;nan,3.000000;3.000000;2.000000;2.000000;2.000000;2.000000;2.000000;2.000000,314,20328,403,39856,0,0,0,0,0,0,0,0,0,0,0,0,0,0,0,0,0,0,0,0,0,0,0,0,graph_0005__path_life_0.7000,path_life,0.7,graph_0005,epoch_0005
trace,aodv,0.614631,0.614589,2560,3135,105,1048,1664,0.877778,0.044230,76.473916,360,316,3,0,0,550,1.253968,1048,50362,3.316456,159.373418,0.700000,4.666667,5.000000,5.000000,5.000000;5.000000;5.000000;5.000000;5.000000;5.000000;4.000000;4.000000;4.000000,16,0.878788,1,3.000000;3.000000;2.000000;2.000000;2.000000;2.000000;2.000000;2.000000,0.129253;0.502042;1.532648;1.414189;0.128933;0.010213;0.072293;1.635869,3.000000;3.000000;2.000000;2.000000;2.000000;2.000000;2.000000;2.000000,0,0,0,0,0,0,0,0,0,0,775,37200,114,5928,96,4608,56,2416,7,210,0,0,0,0,0,0,0,0,graph_0005__path_life_0.7000,path_life,0.7,graph_0005,epoch_0005
trace,static,0.266525,0.266440,1076,952,105,0,0,0.655556,0.032903,74.327925,360,236,0,0,0,101,0.936508,0,0,0.000000,0.000000,0.700000,4.666667,5.000000,5.000000,5.000000;5.000000;5.000000;5.000000;5.000000;5.000000;4.000000;4.000000;4.000000,16,0.878788,1,3.000000;3.000000;2.000000;2.000000;2.000000;2.000000;2.000000;2.000000,0.138229;0.212008;0.038693;0.092789;0.137909;0.019189;0.081269;0.143349,3.000000;3.000000;2.000000;2.000000;2.000000;2.000000;2.000000;2.000000,0,0,0,0,0,0,0,0,0,0,0,0,0,0,0,0,0,0,0,0,0,0,0,0,0,0,0,0,graph_0005__path_life_0.7000,path_life,0.7,graph_0005,epoch_0005
trace,olsr,0.473839,0.473636,1592,1912,105,715,1255,0.330556,0.018216,77.086189,360,119,0,0,0,382,0.472222,715,59012,6.008403,495.899160,0.700000,4.666667,5.000000,5.000000,5.000000;5.000000;5.000000;5.000000;5.000000;5.000000;4.000000;4.000000;4.000000,16,0.878788,1,3.000000;3.000000;2.000000;2.000000;2.000000;2.000000;2.000000;2.000000,0.302069;3.223746;0.038693;0.083813;0.620453;0.224399;0.245519;nan,3.000000;3.000000;2.000000;2.000000;2.000000;2.000000;2.000000;2.000000,315,20148,400,38864,0,0,0,0,0,0,0,0,0,0,0,0,0,0,0,0,0,0,0,0,0,0,0,0,graph_0005__path_life_0.7000,path_life,0.7,graph_0005,epoch_0002
trace,aodv,0.614699,0.614605,2566,3160,105,1055,1691,0.877778,0.044232,76.475682,360,316,2,0,0,556,1.253968,1055,50680,3.338608,160.379747,0.700000,4.666667,5.000000,5.000000,5.000000;5.000000;5.000000;5.000000;5.000000;5.000000;4.000000;4.000000;4.000000,16,0.878788,1,3.000000;3.000000;2.000000;2.000000;2.000000;2.000000;2.000000;2.000000,0.129253;0.523510;1.545656;1.408923;0.128933;0.010213;0.072293;1.631913,3.000000;3.000000;2.000000;2.000000;2.000000;2.000000;2.000000;2.000000,0,0,0,0,0,0,0,0,0,0,775,37200,118,6136,97,4656,57,2448,8,240,0,0,0,0,0,0,0,0,graph_0005__path_life_0.7000,path_life,0.7,graph_0005,epoch_0002
trace,static,0.266664,0.266628,1076,952,105,0,0,0.655556,0.032902,74.327934,360,236,0,0,0,101,0.936508,0,0,0.000000,0.000000,0.700000,4.666667,5.000000,5.000000,5.000000;5.000000;5.000000;5.000000;5.000000;5.000000;4.000000;4.000000;4.000000,16,0.878788,1,3.000000;3.000000;2.000000;2.000000;2.000000;2.000000;2.000000;2.000000,0.138229;0.216074;0.038693;0.092789;0.137909;0.019189;0.081269;0.143349,3.000000;3.000000;2.000000;2.000000;2.000000;2.000000;2.000000;2.000000,0,0,0,0,0,0,0,0,0,0,0,0,0,0,0,0,0,0,0,0,0,0,0,0,0,0,0,0,graph_0005__path_life_0.7000,path_life,0.7,graph_0005,epoch_0002
trace,olsr,0.441739,0.441568,1512,1632,105,625,971,0.330556,0.016636,70.514176,360,119,1,0,0,426,0.661111,625,46520,5.252101,390.924370,0.500000,4.285714,4.000000,5.000000,5.000000;5.000000;4.000000;4.000000;4.000000;4.000000;4.000000,12,0.869565,1,5.000000;5.000000;5.000000;5.000000;5.000000;5.000000,0.268149;0.641028;0.100773;0.111973;nan;0.134373,5.000000;5.000000;5.000000;5.000000;5.000000;5.000000,331,20628,294,25892,0,0,0,0,0,0,0,0,0,0,0,0,0,0,0,0,0,0,0,0,0,0,0,0,graph_0002__path_life_0.5000,path_life,0.5,graph_0002,epoch_0001
trace,aodv,0.488607,0.488555,2240,2630,105,1057,1474,0.591667,0.029981,73.385076,360,213,8,112,0,422,1.183333,1057,50564,4.962441,237.389671,0.500000,4.285714,4.000000,5.000000,5.000000;5.000000;4.000000;4.000000;4.000000;4.000000;4.000000,12,0.869565,1,5.000000;5.000000;5.000000;5.000000;5.000000;5.000000,1.423741;nan;0.476055;0.111973;nan;1.290141,5.000000;5.000000;5.000000;5.000000;5.000000;5.000000,0,0,0,0,0,0,0,0,0,0,761,36528,126,6552,78,3744,82,3440,10,300,0,0,0,0,0,0,0,0,graph_0002__path_life_0.5000,path_life,0.5,graph_0002,epoch_0001
trace,static,0.191778,0.191764,865,669,105,0,0,0.455556,0.022928,72.820101,360,164,0,0,0,95,0.911111,0,0,0.000000,0.000000,0.500000,4.285714,4.000000,5.000000,5.000000;5.000000;4.000000;4.000000;4.000000;4.000000;4.000000,12,0.869565,1,5.000000;5.000000;5.000000;5.000000;5.000000;5.000000,0.149348;0.098279;0.109749;0.120949;0.132149;0.143349,5.000000;5.000000;5.000000;5.000000;5.000000;5.000000,0,0,0,0,0,0,0,0,0,0,0,0,0,0,0,0,0,0,0,0,0,0,0,0,0,0,0,0,graph_0002__path_life_0.5000,path_life,0.5,graph_0002,epoch_0001
trace,olsr,0.437738,0.437683,1507,1642,105,634,1000,0.266667,0.013766,66.980119,360,96,9,0,0,397,0.533333,634,47548,6.604167,495.291667,0.500000,4.285714,4.000000,5.000000,5.000000;5.000000;4.000000;4.000000;4.000000;4.000000;4.000000,12,0.869565,1,5.000000;5.000000;5.000000;5.000000;5.000000;5.000000,0.268149;1.125094;1.748149;0.111973;nan;0.134373,5.000000;5.000000;5.000000;5.000000;5.000000;5.000000,333,20636,301,26912,0,0,0,0,0,0,0,0,0,0,0,0,0,0,0,0,0,0,0,0,0,0,0,0,graph_0002__path_life_0.5000,path_life,0.5,graph_0002,epoch_0003
trace,aodv,0.530308,0.530277,2412,2779,105,1076,1486,0.711111,0.035822,76.015215,360,256,5,56,0,484,1.422222,1076,51630,4.203125,201.679688,0.500000,4.285714,4.000000,5.000000,5.000000;5.000000;4.000000;4.000000;4.000000;4.000000;4.000000,12,0.869565,1,5.000000;5.000000;5.000000;5.000000;5.000000;5.000000,1.431436;nan;0.100773;0.111973;0.123173;1.298496,5.000000;5.000000;5.000000;5.000000;5.000000;5.000000,0,0,0,0,0,0,0,0,0,0,761,36528,138,7176,89,4272,79,3384,9,270,0,0,0,0,0,0,0,0,graph_0002__path_life_0.5000,path_life,0.5,graph_0002,epoch_0003
trace,static,0.189413,0.189406,864,667,105,0,0,0.452778,0.022850,72.630238,360,163,0,0,0,95,0.905556,0,0,0.000000,0.000000,0.500000,4.285714,4.000000,5.000000,5.000000;5.000000;4.000000;4.000000;4.000000;4.000000;4.000000,12,0.869565,1,5.000000;5.000000;5.000000;5.000000;5.000000;5.000000,0.143734;0.098279;0.109749;0.120949;0.132149;0.143349,5.000000;5.000000;5.000000;5.000000;5.000000;5.000000,0,0,0,0,0,0,0,0,0,0,0,0,0,0,0,0,0,0,0,0,0,0,0,0,0,0,0,0,graph_0002__path_life_0.5000,path_life,0.5,graph_0002,epoch_0003
trace,olsr,0.447275,0.447202,1492,1633,105,636,1001,0.258333,0.013002,68.128739,360,93,7,0,0,442,0.516667,636,47260,6.838710,508.172043,0.500000,4.285714,4.000000,5.000000,5.000000;5.000000;4.000000;4.000000;4.000000;4.000000;4.000000,12,0.869565,1,5.000000;5.000000;5.000000;5.000000;5.000000;5.000000,0.268149;0.638014;0.446135;2.256379;nan;0.134373,5.000000;5.000000;5.000000;5.000000;5.000000;5.000000,331,20704,305,26556,0,0,0,0,0,0,0,0,0,0,0,0,0,0,0,0,0,0,0,0,0,0,0,0,graph_0002__path_life_0.5000,path_life,0.5,graph_0002,epoch_0004
trace,aodv,0.536924,0.536894,2411,2775,105,1082,1498,0.677778,0.034142,76.042180,360,244,8,56,0,472,1.355556,1082,51896,4.434426,212.688525,0.500000,4.285714,4.000000,5.000000,5.000000;5.000000;4.000000;4.000000;4.000000;4.000000;4.000000,12,0.869565,1,5.000000;5.000000;5.000000;5.000000;5.000000;5.000000,1.434341;nan;0.461021;0.111973;0.123173;1.315244,5.000000;5.000000;5.000000;5.000000;5.000000;5.000000,0,0,0,0,0,0,0,0,0,0,753,36144,143,7436,97,4656,79,3360,10,300,0,0,0,0,0,0,0,0,graph_0002__path_life_0.5000,path_life,0.5,graph_0002,epoch_0004
trace,static,0.191186,0.191158,864,667,105,0,0,0.452778,0.022853,72.630341,360,163,0,0,0,95,0.905556,0,0,0.000000,0.000000,0.500000,4.285714,4.000000,5.000000,5.000000;5.000000;4.000000;4.000000;4.000000;4.000000;4.000000,12,0.869565,1,5.000000;5.000000;5.000000;5.000000;5.000000;5.000000,0.153614;0.098279;0.109749;0.120949;0.132149;0.143349,5.000000;5.000000;5.000000;5.000000;5.000000;5.000000,0,0,0,0,0,0,0,0,0,0,0,0,0,0,0,0,0,0,0,0,0,0,0,0,0,0,0,0,graph_0002__path_life_0.5000,path_life,0.5,graph_0002,epoch_0004
trace,olsr,0.539789,0.539764,1908,2078,105,648,1011,0.236111,0.012192,68.526185,360,85,12,0,0,433,0.472222,648,47892,7.623529,563.435294,0.500000,4.285714,4.000000,5.000000,5.000000;5.000000;4.000000;4.000000;4.000000;4.000000;4.000000,12,0.869565,1,5.000000;5.000000;5.000000;5.000000;5.000000;5.000000,0.268149;3.375349;nan;2.250599;3.613042;0.134373,5.000000;5.000000;5.000000;5.000000;5.000000;5.000000,335,20820,297,26176,0,0,0,0,16,896,0,0,0,0,0,0,0,0,0,0,0,0,0,0,0,0,0,0,graph_0002__path_life_0.5000,path_life,0.5,graph_0002,epoch_0005
trace,aodv,0.541111,0.541088,2427,2732,105,1144,1511,0.611111,0.030887,76.202472,360,220,22,56,0,554,1.222222,1144,54704,5.200000,248.654545,0.500000,4.285714,4.000000,5.000000,5.000000;5.000000;4.000000;4.000000;4.000000;4.000000;4.000000,12,0.869565,1,5.000000;5.000000;5.000000;5.000000;5.000000;5.000000,1.575891;nan;0.100773;0.111973;0.123173;1.476924,5.000000;5.000000;5.000000;5.000000;5.000000;5.000000,0,0,0,0,0,0,0,0,0,0,763,36624,155,8060,105,5040,107,4560,14,420,0,0,0,0,0,0,0,0,graph_0002__path_life_0.5000,path_life,0.5,graph_0002,epoch_0005
trace,static,0.193548,0.193517,865,669,105,0,0,0.455556,0.022996,72.643277,360,164,0,0,0,97,0.911111,0,0,0.000000,0.000000,0.500000,4.285714,4.000000,5.000000,5.000000;5.000000;4.000000;4.000000;4.000000;4.000000;4.000000,12,0.869565,1,5.000000;5.000000;5.000000;5.000000;5.000000;5.000000,0.142462;0.098279;0.109749;0.120949;0.132149;0.143349,5.000000;5.000000;5.000000;5.000000;5.000000;5.000000,0,0,0,0,0,0,0,0,0,0,0,0,0,0,0,0,0,0,0,0,0,0,0,0,0,0,0,0,graph_0002__path_life_0.5000,path_life,0.5,graph_0002,epoch_0005
trace,olsr,0.737056,0.736945,2693,2869,105,673,1036,0.319444,0.016122,72.355686,360,115,2,0,0,441,0.638889,673,49944,5.852174,434.295652,0.500000,4.285714,4.000000,5.000000,5.000000;5.000000;4.000000;4.000000;4.000000;4.000000;4.000000,12,0.869565,1,5.000000;5.000000;5.000000;5.000000;5.000000;5.000000,0.268149;3.375349;0.446135;0.111973;2.089253;0.134373,5.000000;5.000000;5.000000;5.000000;5.000000;5.000000,335,20792,302,27136,0,0,0,0,36,2016,0,0,0,0,0,0,0,0,0,0,0,0,0,0,0,0,0,0,graph_0002__path_life_0.5000,path_life,0.5,graph_0002,epoch_0002
trace,aodv,0.514656,0.514624,2371,2692,105,1114,1479,0.636111,0.032033,75.006608,360,229,31,56,0,456,1.272222,1114,53282,4.864629,232.672489,0.500000,4.285714,4.000000,5.000000,5.000000;5.000000;4.000000;4.000000;4.000000;4.000000;4.000000,12,0.869565,1,5.000000;5.000000;5.000000;5.000000;5.000000;5.000000,1.434180;nan;0.100773;0.111973;0.123173;1.297125,5.000000;5.000000;5.000000;5.000000;5.000000;5.000000,0,0,0,0,0,0,0,0,0,0,759,36432,149,7748,95,4560,98,4152,13,390,0,0,0,0,0,0,0,0,graph_0002__path_life_0.5000,path_life,0.5,graph_0002,epoch_0002
trace,static,0.189931,0.189929,865,669,105,0,0,0.455556,0.022992,72.643292,360,164,0,0,0,97,0.911111,0,0,0.000000,0.000000,0.500000,4.285714,4.000000,5.000000,5.000000;5.000000;4.000000;4.000000;4.000000;4.000000;4.000000,12,0.869565,1,5.000000;5.000000;5.000000;5.000000;5.000000;5.000000,0.154874;0.098279;0.109749;0.120949;0.132149;0.143349,5.000000;5.000000;5.000000;5.000000;5.000000;5.000000,0,0,0,0,0,0,0,0,0,0,0,0,0,0,0,0,0,0,0,0,0,0,0,0,0,0,0,0,graph_0002__path_life_0.5000,path_life,0.5,graph_0002,epoch_0002
trace,olsr,0.649610,0.649351,2327,2542,105,622,992,0.458333,0.025474,70.801226,360,165,12,0,0,331,0.509259,622,45020,3.769697,272.848485,0.900000,7.714286,8.000000,8.000000,8.000000;8.000000;8.000000;8.000000;8.000000;7.000000;7.000000,12,0.829787,1,1.000000;1.000000;1.000000;1.000000;1.000000;1.000000,7.900214;0.123493;3.265605;0.219717;0.330109;0.229299,1.000000;1.000000;1.000000;1.000000;1.000000;1.000000,343,21376,267,22972,0,0,0,0,12,672,0,0,0,0,0,0,0,0,0,0,0,0,0,0,0,0,0,0,graph_0004__path_life_0.9000,path_life,0.9,graph_0004,epoch_0001
trace,aodv,0.586198,0.586123,2439,2865,105,1013,1466,0.916667,0.046194,75.017787,360,330,3,0,0,348,1.018519,1013,48556,3.069697,147.139394,0.900000,7.714286,8.000000,8.000000,8.000000;8.000000;8.000000;8.000000;8.000000;7.000000;7.000000,12,0.829787,1,1.000000;1.000000;1.000000;1.000000;1.000000;1.000000,0.112293;0.289541;0.134693;0.145893;0.016204;0.021413,1.000000;1.000000;1.000000;1.000000;1.000000;1.000000,0,0,0,0,0,0,0,0,0,0,792,38016,78,4056,90,4320,43,1864,10,300,0,0,0,0,0,0,0,0,graph_0004__path_life_0.9000,path_life,0.9,graph_0004,epoch_0001
trace,static,0.337891,0.337870,1292,1235,105,0,0,0.841667,0.042249,74.292448,360,303,0,0,0,181,0.935185,0,0,0.000000,0.000000,0.900000,7.714286,8.000000,8.000000,8.000000;8.000000;8.000000;8.000000;8.000000;7.000000;7.000000,12,0.829787,1,1.000000;1.000000;1.000000;1.000000;1.000000;1.000000,0.170834;0.132199;0.143669;0.154599;0.166069;0.030389,1.000000;1.000000;1.000000;1.000000;1.000000;1.000000,0,0,0,0,0,0,0,0,0,0,0,0,0,0,0,0,0,0,0,0,0,0,0,0,0,0,0,0,graph_0004__path_life_0.9000,path_life,0.9,graph_0004,epoch_0001
trace,olsr,0.450501,0.450478,1643,1855,105,596,952,0.561111,0.030921,74.512116,360,202,1,0,0,310,0.623457,596,43356,2.950495,214.633663,0.900000,7.714286,8.000000,8.000000,8.000000;8.000000;8.000000;8.000000;8.000000;7.000000;7.000000,12,0.829787,1,1.000000;1.000000;1.000000;1.000000;1.000000;1.000000,6.561748;0.123493;3.265605;0.145893;0.157093;0.021413,1.000000;1.000000;1.000000;1.000000;1.000000;1.000000,347,21560,249,21796,0,0,0,0,0,0,0,0,0,0,0,0,0,0,0,0,0,0,0,0,0,0,0,0,graph_0004__path_life_0.9000,path_life,0.9,graph_0004,epoch_0003
trace,aodv,0.585030,0.585010,2441,2867,105,1013,1466,0.919444,0.046322,74.981826,360,331,2,0,0,348,1.021605,1013,48678,3.060423,147.063444,0.900000,7.714286,8.000000,8.000000,8.000000;8.000000;8.000000;8.000000;8.000000;7.000000;7.000000,12,0.829787,1,1.000000;1.000000;1.000000;1.000000;1.000000;1.000000,0.112293;0.134307;0.134693;0.145893;0.004571;0.021413,1.000000;1.000000;1.000000;1.000000;1.000000;1.000000,0,0,0,0,0,0,0,0,0,0,788,37824,86,4472,94,4512,36,1600,9,270,0,0,0,0,0,0,0,0,graph_0004__path_life_0.9000,path_life,0.9,graph_0004,epoch_0003
trace,static,0.342237,0.342120,1292,1235,105,0,0,0.841667,0.042243,74.292434,360,303,0,0,0,184,0.935185,0,0,0.000000,0.000000,0.900000,7.714286,8.000000,8.000000,8.000000;8.000000;8.000000;8.000000;8.000000;7.000000;7.000000,12,0.829787,1,1.000000;1.000000;1.000000;1.000000;1.000000;1.000000,0.171068;0.132199;0.143669;0.154599;0.166069;0.030389,1.000000;1.000000;1.000000;1.000000;1.000000;1.000000,0,0,0,0,0,0,0,0,0,0,0,0,0,0,0,0,0,0,0,0,0,0,0,0,0,0,0,0,graph_0004__path_life_0.9000,path_life,0.9,graph_0004,epoch_0003
trace,olsr,0.474583,0.474551,1725,1965,105,610,977,0.627778,0.034597,73.883497,360,226,7,0,0,311,0.697531,610,44700,2.699115,197.787611,0.900000,7.714286,8.000000,8.000000,8.000000;8.000000;8.000000;8.000000;8.000000;7.000000;7.000000,12,0.829787,1,1.000000;1.000000;1.000000;1.000000;1.000000;1.000000,6.393754;0.123493;3.256669;0.145893;0.157093;0.021413,1.000000;1.000000;1.000000;1.000000;1.000000;1.000000,344,21292,266,23408,0,0,0,0,0,0,0,0,0,0,0,0,0,0,0,0,0,0,0,0,0,0,0,0,graph_0004__path_life_0.9000,path_life,0.9,graph_0004,epoch_0004
trace,aodv,0.585732,0.585542,2442,2847,105,1015,1445,0.919444,0.046331,74.982168,360,331,4,0,0,364,1.021605,1015,48664,3.066465,147.021148,0.900000,7.714286,8.000000,8.000000,8.000000;8.000000;8.000000;8.000000;8.000000;7.000000;7.000000,12,0.829787,1,1.000000;1.000000;1.000000;1.000000;1.000000;1.000000,0.112293;0.129621;0.134693;0.013344;0.010611;0.021413,1.000000;1.000000;1.000000;1.000000;1.000000;1.000000,0,0,0,0,0,0,0,0,0,0,790,37920,83,4316,89,4272,43,1856,10,300,0,0,0,0,0,0,0,0,graph_0004__path_life_0.9000,path_life,0.9,graph_0004,epoch_0004
trace,static,0.344282,0.344271,1292,1235,105,0,0,0.841667,0.042246,74.292435,360,303,0,0,0,182,0.935185,0,0,0.000000,0.000000,0.900000,7.714286,8.000000,8.000000,8.000000;8.000000;8.000000;8.000000;8.000000;7.000000;7.000000,12,0.829787,1,1.000000;1.000000;1.000000;1.000000;1.000000;1.000000,0.169714;0.132199;0.143669;0.154599;0.166069;0.030389,1.000000;1.000000;1.000000;1.000000;1.000000;1.000000,0,0,0,0,0,0,0,0,0,0,0,0,0,0,0,0,0,0,0,0,0,0,0,0,0,0,0,0,graph_0004__path_life_0.9000,path_life,0.9,graph_0004,epoch_0004
trace,olsr,0.478156,0.477623,1789,2052,105,602,969,0.688889,0.037964,74.003089,360,248,8,0,0,302,0.765432,602,44436,2.427419,179.177419,0.900000,7.714286,8.000000,8.000000,8.000000;8.000000;8.000000;8.000000;8.000000;7.000000;7.000000,12,0.829787,1,1.000000;1.000000;1.000000;1.000000;1.000000;1.000000,7.559734;0.123493;0.134693;0.145893;0.157093;0.021413,1.000000;1.000000;1.000000;1.000000;1.000000;1.000000,342,21048,260,23388,0,0,0,0,0,0,0,0,0,0,0,0,0,0,0,0,0,0,0,0,0,0,0,0,graph_0004__path_life_0.9000,path_life,0.9,graph_0004,epoch_0005
trace,aodv,0.591332,0.590782,2439,2854,105,1011,1453,0.919444,0.046327,74.982198,360,331,2,0,0,316,1.021605,1011,48482,3.054381,146.471299,0.900000,7.714286,8.000000,8.000000,8.000000;8.000000;8.000000;8.000000;8.000000;7.000000;7.000000,12,0.829787,1,1.000000;1.000000;1.000000;1.000000;1.000000;1.000000,0.112293;0.133931;0.134693;0.145893;0.002060;0.021413,1.000000;1.000000;1.000000;1.000000;1.000000;1.000000,0,0,0,0,0,0,0,0,0,0,792,38016,77,4004,91,4368,42,1824,9,270,0,0,0,0,0,0,0,0,graph_0004__path_life_0.9000,path_life,0.9,graph_0004,epoch_0005
trace,static,0.345385,0.345295,1292,1235,105,0,0,0.841667,0.042244,74.292424,360,303,0,0,0,181,0.935185,0,0,0.000000,0.000000,0.900000,7.714286,8.000000,8.000000,8.000000;8.000000;8.000000;8.000000;8.000000;7.000000;7.000000,12,0.829787,1,1.000000;1.000000;1.000000;1.000000;1.000000;1.000000,0.169674;0.132199;0.143669;0.154599;0.166069;0.030389,1.000000;1.000000;1.000000;1.000000;1.000000;1.000000,0,0,0,0,0,0,0,0,0,0,0,0,0,0,0,0,0,0,0,0,0,0,0,0,0,0,0,0,graph_0004__path_life_0.9000,path_life,0.9,graph_0004,epoch_0005
trace,olsr,0.576583,0.576528,2062,2272,105,638,1005,0.330556,0.017568,69.295747,360,119,7,0,0,321,0.367284,638,46272,5.361345,388.840336,0.900000,7.714286,8.000000,8.000000,8.000000;8.000000;8.000000;8.000000;8.000000;7.000000;7.000000,12,0.829787,1,1.000000;1.000000;1.000000;1.000000;1.000000;1.000000,nan;2.803634;3.265415;0.220209;0.242773;2.642853,1.000000;1.000000;1.000000;1.000000;1.000000;1.000000,346,21352,272,23800,0,0,0,0,20,1120,0,0,0,0,0,0,0,0,0,0,0,0,0,0,0,0,0,0,graph_0004__path_life_0.9000,path_life,0.9,graph_0004,epoch_0002
trace,aodv,0.586822,0.586802,2435,2817,105,1016,1435,0.891667,0.045691,75.791988,360,321,2,0,0,327,0.990741,1016,48740,3.165109,151.838006,0.900000,7.714286,8.000000,8.000000,8.000000;8.000000;8.000000;8.000000;8.000000;7.000000;7.000000,12,0.829787,1,1.000000;1.000000;1.000000;1.000000;1.000000;1.000000,0.631590;0.135821;0.134693;0.022656;0.012752;0.021413,1.000000;1.000000;1.000000;1.000000;1.000000;1.000000,0,0,0,0,0,0,0,0,0,0,792,38016,84,4368,89,4272,41,1784,10,300,0,0,0,0,0,0,0,0,graph_0004__path_life_0.9000,path_life,0.9,graph_0004,epoch_0002
trace,static,0.348878,0.348829,1292,1235,105,0,0,0.841667,0.042238,74.292402,360,303,0,0,0,182,0.935185,0,0,0.000000,0.000000,0.900000,7.714286,8.000000,8.000000,8.000000;8.000000;8.000000;8.000000;8.000000;7.000000;7.000000,12,0.829787,1,1.000000;1.000000;1.000000;1.000000;1.000000;1.000000,0.171774;0.132199;0.143669;0.154599;0.166069;0.030389,1.000000;1.000000;1.000000;1.000000;1.000000;1.000000,0,0,0,0,0,0,0,0,0,0,0,0,0,0,0,0,0,0,0,0,0,0,0,0,0,0,0,0,graph_0004__path_life_0.9000,path_life,0.9,graph_0004,epoch_0002
trace,olsr,0.487339,0.486778,1808,2082,105,640,1005,0.677778,0.034016,73.765686,360,244,12,0,0,278,0.753086,640,47612,2.622951,195.131148,0.900000,7.714286,8.000000,8.000000,8.000000;8.000000;8.000000;8.000000;8.000000;7.000000;7.000000,12,0.893617,1,1.000000;1.000000;1.000000;1.000000;1.000000;1.000000,0.112293;7.552174;0.134693;0.145893;0.230755;0.021413,1.000000;1.000000;1.000000;1.000000;1.000000;1.000000,340,20796,300,26816,0,0,0,0,0,0,0,0,0,0,0,0,0,0,0,0,0,0,0,0,0,0,0,0,graph_0001__path_life_0.9000,path_life,0.9,graph_0001,epoch_0001
trace,aodv,0.578313,0.577780,2405,2725,105,970,1305,0.958333,0.048285,74.415632,360,345,0,0,0,312,1.064815,970,46528,2.811594,134.863768,0.900000,7.714286,8.000000,8.000000,8.000000;8.000000;8.000000;8.000000;8.000000;7.000000;7.000000,12,0.893617,1,1.000000;1.000000;1.000000;1.000000;1.000000;1.000000,0.112293;0.123493;0.134693;0.145893;0.157093;0.021413,1.000000;1.000000;1.000000;1.000000;1.000000;1.000000,0,0,0,0,0,0,0,0,0,0,810,38880,55,2860,65,3120,34,1488,6,180,0,0,0,0,0,0,0,0,graph_0001__path_life_0.9000,path_life,0.9,graph_0001,epoch_0001
trace,static,0.344566,0.344021,1280,1225,105,0,0,0.847222,0.042519,74.133167,360,305,0,0,0,156,0.941358,0,0,0.000000,0.000000,0.900000,7.714286,8.000000,8.000000,8.000000;8.000000;8.000000;8.000000;8.000000;7.000000;7.000000,12,0.893617,1,1.000000;1.000000;1.000000;1.000000;1.000000;1.000000,0.121269;0.191874;0.143669;0.154869;0.166069;0.030389,1.000000;1.000000;1.000000;1.000000;1.000000;1.000000,0,0,0,0,0,0,0,0,0,0,0,0,0,0,0,0,0,0,0,0,0,0,0,0,0,0,0,0,graph_0001__path_life_0.9000,path_life,0.9,graph_0001,epoch_0001
trace,olsr,0.496297,0.496268,1877,2146,105,634,999,0.733333,0.036813,73.636882,360,264,0,0,0,300,0.814815,634,47264,2.401515,179.030303,0.900000,7.714286,8.000000,8.000000,8.000000;8.000000;8.000000;8.000000;8.000000;7.000000;7.000000,12,0.893617,1,1.000000;1.000000;1.000000;1.000000;1.000000;1.000000,0.112293;5.253448;0.134693;0.145893;0.235275;0.021413,1.000000;1.000000;1.000000;1.000000;1.000000;1.000000,344,21128,290,26136,0,0,0,0,0,0,0,0,0,0,0,0,0,0,0,0,0,0,0,0,0,0,0,0,graph_0001__path_life_0.9000,path_life,0.9,graph_0001,epoch_0003
trace,aodv,0.564517,0.564379,2401,2723,105,967,1304,0.958333,0.048302,74.416113,360,345,0,0,0,290,1.064815,967,46438,2.802899,134.602899,0.900000,7.714286,8.000000,8.000000,8.000000;8.000000;8.000000;8.000000;8.000000;7.000000;7.000000,12,0.893617,1,1.000000;1.000000;1.000000;1.000000;1.000000;1.000000,0.112293;0.123493;0.134693;0.145893;0.157093;0.021413,1.000000;1.000000;1.000000;1.000000;1.000000;1.000000,0,0,0,0,0,0,0,0,0,0,809,38832,56,2912,65,3120,32,1424,5,150,0,0,0,0,0,0,0,0,graph_0001__path_life_0.9000,path_life,0.9,graph_0001,epoch_0003
trace,static,0.340550,0.340501,1280,1225,105,0,0,0.847222,0.042530,74.133225,360,305,0,0,0,156,0.941358,0,0,0.000000,0.000000,0.900000,7.714286,8.000000,8.000000,8.000000;8.000000;8.000000;8.000000;8.000000;7.000000;7.000000,12,0.893617,1,1.000000;1.000000;1.000000;1.000000;1.000000;1.000000,0.121269;0.194648;0.143669;0.154869;0.166069;0.030389,1.000000;1.000000;1.000000;1.000000;1.000000;1.000000,0,0,0,0,0,0,0,0,0,0,0,0,0,0,0,0,0,0,0,0,0,0,0,0,0,0,0,0,graph_0001__path_life_0.9000,path_life,0.9,graph_0001,epoch_0003
trace,olsr,0.499200,0.498862,1832,2077,105,619,971,0.675000,0.033877,73.295109,360,243,0,0,0,295,0.750000,619,45552,2.547325,187.456790,0.900000,7.714286,8.000000,8.000000,8.000000;8.000000;8.000000;8.000000;8.000000;7.000000;7.000000,12,0.893617,1,1.000000;1.000000;1.000000;1.000000;1.000000;1.000000,0.112293;7.395914;0.134693;0.145893;0.228455;0.021413,1.000000;1.000000;1.000000;1.000000;1.000000;1.000000,341,20972,278,24580,0,0,0,0,0,0,0,0,0,0,0,0,0,0,0,0,0,0,0,0,0,0,0,0,graph_0001__path_life_0.9000,path_life,0.9,graph_0001,epoch_0004
trace,aodv,0.564890,0.564855,2392,2712,105,957,1291,0.961111,0.048435,74.481136,360,346,0,0,0,294,1.067901,957,45936,2.765896,132.763006,0.900000,7.714286,8.000000,8.000000,8.000000;8.000000;8.000000;8.000000;8.000000;7.000000;7.000000,12,0.893617,1,1.000000;1.000000;1.000000;1.000000;1.000000;1.000000,0.112293;0.123493;0.134693;0.145893;0.157093;0.021413,1.000000;1.000000;1.000000;1.000000;1.000000;1.000000,0,0,0,0,0,0,0,0,0,0,810,38880,51,2652,60,2880,30,1344,6,180,0,0,0,0,0,0,0,0,graph_0001__path_life_0.9000,path_life,0.9,graph_0001,epoch_0004
trace,static,0.338475,0.338426,1280,1225,105,0,0,0.847222,0.042520,74.133188,360,305,0,0,0,154,0.941358,0,0,0.000000,0.000000,0.900000,7.714286,8.000000,8.000000,8.000000;8.000000;8.000000;8.000000;8.000000;7.000000;7.000000,12,0.893617,1,1.000000;1.000000;1.000000;1.000000;1.000000;1.000000,0.121269;0.197274;0.143669;0.154869;0.166069;0.030389,1.000000;1.000000;1.000000;1.000000;1.000000;1.000000,0,0,0,0,0,0,0,0,0,0,0,0,0,0,0,0,0,0,0,0,0,0,0,0,0,0,0,0,graph_0001__path_life_0.9000,path_life,0.9,graph_0001,epoch_0004
trace,olsr,0.435043,0.434917,1680,1937,105,613,952,0.622222,0.031231,73.909662,360,224,9,0,0,262,0.691358,613,45312,2.736607,202.285714,0.900000,7.714286,8.000000,8.000000,8.000000;8.000000;8.000000;8.000000;8.000000;7.000000;7.000000,12,0.893617,1,1.000000;1.000000;1.000000;1.000000;1.000000;1.000000,0.112293;nan;3.477154;0.145893;0.234255;0.021413,1.000000;1.000000;1.000000;1.000000;1.000000;1.000000,350,21320,263,23992,0,0,0,0,0,0,0,0,0,0,0,0,0,0,0,0,0,0,0,0,0,0,0,0,graph_0001__path_life_0.9000,path_life,0.9,graph_0001,epoch_0005
trace,aodv,0.559723,0.559675,2400,2696,105,971,1288,0.941667,0.048246,74.927137,360,339,0,0,0,342,1.046296,971,46584,2.864307,137.415929,0.900000,7.714286,8.000000,8.000000,8.000000;8.000000;8.000000;8.000000;8.000000;7.000000;7.000000,12,0.893617,1,1.000000;1.000000;1.000000;1.000000;1.000000;1.000000,0.112293;0.123493;0.134693;0.145893;0.157093;0.021413,1.000000;1.000000;1.000000;1.000000;1.000000;1.000000,0,0,0,0,0,0,0,0,0,0,808,38784,57,2964,66,3168,34,1488,6,180,0,0,0,0,0,0,0,0,graph_0001__path_life_0.9000,path_life,0.9,graph_0001,epoch_0005
trace,static,0.337239,0.337211,1280,1225,105,0,0,0.847222,0.042524,74.133178,360,305,0,0,0,156,0.941358,0,0,0.000000,0.000000,0.900000,7.714286,8.000000,8.000000,8.000000;8.000000;8.000000;8.000000;8.000000;7.000000;7.000000,12,0.893617,1,1.000000;1.000000;1.000000;1.000000;1.000000;1.000000,0.121269;0.188354;0.143669;0.154869;0.166069;0.030389,1.000000;1.000000;1.000000;1.000000;1.000000;1.000000,0,0,0,0,0,0,0,0,0,0,0,0,0,0,0,0,0,0,0,0,0,0,0,0,0,0,0,0,graph_0001__path_life_0.9000,path_life,0.9,graph_0001,epoch_0005
trace,olsr,0.476880,0.476848,1827,2087,105,619,963,0.700000,0.035135,73.684137,360,252,11,0,0,286,0.777778,619,46324,2.456349,183.825397,0.900000,7.714286,8.000000,8.000000,8.000000;8.000000;8.000000;8.000000;8.000000;7.000000;7.000000,12,0.893617,1,1.000000;1.000000;1.000000;1.000000;1.000000;1.000000,0.113082;3.313754;0.134693;0.145893;0.235335;0.021413,1.000000;1.000000;1.000000;1.000000;1.000000;1.000000,340,20692,279,25632,0,0,0,0,0,0,0,0,0,0,0,0,0,0,0,0,0,0,0,0,0,0,0,0,graph_0001__path_life_0.9000,path_life,0.9,graph_0001,epoch_0002
trace,aodv,0.569301,0.569285,2401,2719,105,977,1313,0.944444,0.047594,74.587414,360,340,2,0,0,287,1.049383,977,46836,2.873529,137.752941,0.900000,7.714286,8.000000,8.000000,8.000000;8.000000;8.000000;8.000000;8.000000;7.000000;7.000000,12,0.893617,1,1.000000;1.000000;1.000000;1.000000;1.000000;1.000000,0.112293;0.145580;0.134693;0.145893;0.157093;0.021413,1.000000;1.000000;1.000000;1.000000;1.000000;1.000000,0,0,0,0,0,0,0,0,0,0,809,38832,54,2808,69,3312,39,1704,6,180,0,0,0,0,0,0,0,0,graph_0001__path_life_0.9000,path_life,0.9,graph_0001,epoch_0002
trace,static,0.340097,0.339958,1280,1225,105,0,0,0.847222,0.042524,74.133162,360,305,0,0,0,154,0.941358,0,0,0.000000,0.000000,0.900000,7.714286,8.000000,8.000000,8.000000;8.000000;8.000000;8.000000;8.000000;7.000000;7.000000,12,0.893617,1,1.000000;1.000000;1.000000;1.000000;1.000000;1.000000,0.121269;0.183634;0.143669;0.154869;0.166069;0.030389,1.000000;1.000000;1.000000;1.000000;1.000000;1.000000,0,0,0,0,0,0,0,0,0,0,0,0,0,0,0,0,0,0,0,0,0,0,0,0,0,0,0,0,graph_0001__path_life_0.9000,path_life,0.9,graph_0001,epoch_0002
trace,olsr,0.403826,0.403508,1429,1467,105,567,793,0.327778,0.017473,67.596957,360,118,31,0,0,395,0.655556,567,39100,4.805085,331.355932,0.500000,4.285714,4.000000,5.000000,5.000000;5.000000;4.000000;4.000000;4.000000;4.000000;4.000000,12,nan,0,5.000000;5.000000;5.000000;5.000000;5.000000;5.000000,0.095333;nan;0.100773;nan;0.304695;nan,5.000000;5.000000;5.000000;5.000000;5.000000;5.000000,350,21176,217,17924,0,0,0,0,0,0,0,0,0,0,0,0,0,0,0,0,0,0,0,0,0,0,0,0,graph_0001__path_life_0.5000,path_life,0.5,graph_0001,epoch_0001
trace,aodv,0.577011,0.576360,2545,2757,105,1095,1374,0.769444,0.038768,75.507776,360,277,16,0,0,463,1.538889,1095,52322,3.953069,188.888087,0.500000,4.285714,4.000000,5.000000,5.000000;5.000000;4.000000;4.000000;4.000000;4.000000;4.000000,12,nan,0,5.000000;5.000000;5.000000;5.000000;5.000000;5.000000,0.095333;0.438347;0.283668;0.111973;0.482978;0.636266,5.000000;5.000000;5.000000;5.000000;5.000000;5.000000,0,0,0,0,0,0,0,0,0,0,764,36672,132,6864,98,4704,86,3632,15,450,0,0,0,0,0,0,0,0,graph_0001__path_life_0.5000,path_life,0.5,graph_0001,epoch_0001
trace,static,0.191414,0.191275,862,666,105,0,0,0.455556,0.022863,72.503418,360,164,0,0,0,88,0.911111,0,0,0.000000,0.000000,0.500000,4.285714,4.000000,5.000000,5.000000;5.000000;4.000000;4.000000;4.000000;4.000000;4.000000,12,nan,0,5.000000;5.000000;5.000000;5.000000;5.000000;5.000000,0.104309;0.149134;0.109749;0.120949;0.132149;0.143079,5.000000;5.000000;5.000000;5.000000;5.000000;5.000000,0,0,0,0,0,0,0,0,0,0,0,0,0,0,0,0,0,0,0,0,0,0,0,0,0,0,0,0,graph_0001__path_life_0.5000,path_life,0.5,graph_0001,epoch_0001
trace,olsr,0.533256,0.532568,1917,1970,105,596,826,0.327778,0.016918,64.752619,360,118,0,0,0,359,0.655556,596,41428,5.050847,351.084746,0.500000,4.285714,4.000000,5.000000,5.000000;5.000000;4.000000;4.000000;4.000000;4.000000;4.000000,12,nan,0,5.000000;5.000000;5.000000;5.000000;5.000000;5.000000,0.095333;1.455086;0.100773;nan;3.408679;1.307911,5.000000;5.000000;5.000000;5.000000;5.000000;5.000000,349,21192,231,19340,0,0,0,0,16,896,0,0,0,0,0,0,0,0,0,0,0,0,0,0,0,0,0,0,graph_0001__path_life_0.5000,path_life,0.5,graph_0001,epoch_0003
trace,aodv,0.531702,0.531141,2354,2589,105,1048,1327,0.694444,0.035001,74.166513,360,250,10,56,0,413,1.388889,1048,50252,4.192000,201.008000,0.500000,4.285714,4.000000,5.000000,5.000000;5.000000;4.000000;4.000000;4.000000;4.000000;4.000000,12,nan,0,5.000000;5.000000;5.000000;5.000000;5.000000;5.000000,0.095333;0.444600;0.109172;nan;0.464864;0.644284,5.000000;5.000000;5.000000;5.000000;5.000000;5.000000,0,0,0,0,0,0,0,0,0,0,773,37104,115,5980,87,4176,61,2632,12,360,0,0,0,0,0,0,0,0,graph_0001__path_life_0.5000,path_life,0.5,graph_0001,epoch_0003
trace,static,0.190320,0.190183,862,666,105,0,0,0.455556,0.022869,72.503486,360,164,0,0,0,89,0.911111,0,0,0.000000,0.000000,0.500000,4.285714,4.000000,5.000000,5.000000;5.000000;4.000000;4.000000;4.000000;4.000000;4.000000,12,nan,0,5.000000;5.000000;5.000000;5.000000;5.000000;5.000000,0.104309;0.145568;0.109749;0.120949;0.132149;0.143079,5.000000;5.000000;5.000000;5.000000;5.000000;5.000000,0,0,0,0,0,0,0,0,0,0,0,0,0,0,0,0,0,0,0,0,0,0,0,0,0,0,0,0,graph_0001__path_life_0.5000,path_life,0.5,graph_0001,epoch_0003
trace,olsr,0.402914,0.402788,1476,1554,105,568,794,0.394444,0.019796,74.930068,360,142,7,0,0,359,0.788889,568,39644,4.000000,279.183099,0.500000,4.285714,4.000000,5.000000,5.000000;5.000000;4.000000;4.000000;4.000000;4.000000;4.000000,12,nan,0,5.000000;5.000000;5.000000;5.000000;5.000000;5.000000,3.225975;0.972674;0.100773;3.233639;0.123173;0.307189,5.000000;5.000000;5.000000;5.000000;5.000000;5.000000,348,21068,218,18464,0,0,0,0,2,112,0,0,0,0,0,0,0,0,0,0,0,0,0,0,0,0,0,0,graph_0001__path_life_0.5000,path_life,0.5,graph_0001,epoch_0004
trace,aodv,0.512284,0.512230,2355,2587,105,1062,1340,0.688889,0.034716,73.815680,360,248,10,56,0,372,1.377778,1062,50924,4.282258,205.338710,0.500000,4.285714,4.000000,5.000000,5.000000;5.000000;4.000000;4.000000;4.000000;4.000000;4.000000,12,nan,0,5.000000;5.000000;5.000000;5.000000;5.000000;5.000000,0.095333;0.438470;0.102588;nan;0.461100;0.134373,5.000000;5.000000;5.000000;5.000000;5.000000;5.000000,0,0,0,0,0,0,0,0,0,0,768,36864,122,6344,90,4320,72,3096,10,300,0,0,0,0,0,0,0,0,graph_0001__path_life_0.5000,path_life,0.5,graph_0001,epoch_0004
trace,static,0.188103,0.188086,862,666,105,0,0,0.455556,0.022863,72.503461,360,164,0,0,0,89,0.911111,0,0,0.000000,0.000000,0.500000,4.285714,4.000000,5.000000,5.000000;5.000000;4.000000;4.000000;4.000000;4.000000;4.000000,12,nan,0,5.000000;5.000000;5.000000;5.000000;5.000000;5.000000,0.104309;0.155274;0.109749;0.120949;0.132149;0.143079,5.000000;5.000000;5.000000;5.000000;5.000000;5.000000,0,0,0,0,0,0,0,0,0,0,0,0,0,0,0,0,0,0,0,0,0,0,0,0,0,0,0,0,graph_0001__path_life_0.5000,path_life,0.5,graph_0001,epoch_0004
trace,olsr,0.401127,0.401074,1295,1322,105,568,782,0.233333,0.011712,68.937377,360,84,35,0,0,353,0.466667,568,39584,6.761905,471.238095,0.500000,4.285714,4.000000,5.000000,5.000000;5.000000;4.000000;4.000000;4.000000;4.000000;4.000000,12,nan,0,5.000000;5.000000;5.000000;5.000000;5.000000;5.000000,0.095333;nan;2.629074;nan;2.434615;0.307389,5.000000;5.000000;5.000000;5.000000;5.000000;5.000000,352,21412,216,18172,0,0,0,0,0,0,0,0,0,0,0,0,0,0,0,0,0,0,0,0,0,0,0,0,graph_0001__path_life_0.5000,path_life,0.5,graph_0001,epoch_0005
trace,aodv,0.511663,0.511632,2331,2500,105,1022,1242,0.691667,0.035437,75.542910,360,249,4,56,0,543,1.383333,1022,49050,4.104418,196.987952,0.500000,4.285714,4.000000,5.000000,5.000000;5.000000;4.000000;4.000000;4.000000;4.000000;4.000000,12,nan,0,5.000000;5.000000;5.000000;5.000000;5.000000;5.000000,0.095333;0.089573;0.100773;nan;0.472160;0.635688,5.000000;5.000000;5.000000;5.000000;5.000000;5.000000,0,0,0,0,0,0,0,0,0,0,779,37392,105,5460,73,3504,56,2424,9,270,0,0,0,0,0,0,0,0,graph_0001__path_life_0.5000,path_life,0.5,graph_0001,epoch_0005
trace,static,0.189743,0.189724,862,666,105,0,0,0.455556,0.022866,72.503485,360,164,0,0,0,89,0.911111,0,0,0.000000,0.000000,0.500000,4.285714,4.000000,5.000000,5.000000;5.000000;4.000000;4.000000;4.000000;4.000000;4.000000,12,nan,0,5.000000;5.000000;5.000000;5.000000;5.000000;5.000000,0.104309;0.153434;0.109749;0.120949;0.132149;0.143079,5.000000;5.000000;5.000000;5.000000;5.000000;5.000000,0,0,0,0,0,0,0,0,0,0,0,0,0,0,0,0,0,0,0,0,0,0,0,0,0,0,0,0,graph_0001__path_life_0.5000,path_life,0.5,graph_0001,epoch_0005
trace,olsr,0.413099,0.413068,1456,1484,105,560,784,0.352778,0.018426,69.831107,360,127,2,0,0,385,0.705556,560,39780,4.409449,313.228346,0.500000,4.285714,4.000000,5.000000,5.000000;5.000000;4.000000;4.000000;4.000000;4.000000;4.000000,12,nan,0,5.000000;5.000000;5.000000;5.000000;5.000000;5.000000,0.095333;nan;0.100773;nan;0.304695;0.134373,5.000000;5.000000;5.000000;5.000000;5.000000;5.000000,349,21160,211,18620,0,0,0,0,0,0,0,0,0,0,0,0,0,0,0,0,0,0,0,0,0,0,0,0,graph_0001__path_life_0.5000,path_life,0.5,graph_0001,epoch_0002
trace,aodv,0.521434,0.521262,2376,2643,105,1088,1377,0.697222,0.035136,74.342541,360,251,31,56,0,382,1.394444,1088,51982,4.334661,207.099602,0.500000,4.285714,4.000000,5.000000,5.000000;5.000000;4.000000;4.000000;4.000000;4.000000;4.000000,12,nan,0,5.000000;5.000000;5.000000;5.000000;5.000000;5.000000,0.095333;0.441045;0.100773;nan;0.477534;0.635973,5.000000;5.000000;5.000000;5.000000;5.000000;5.000000,0,0,0,0,0,0,0,0,0,0,769,36912,125,6500,91,4368,92,3872,11,330,0,0,0,0,0,0,0,0,graph_0001__path_life_0.5000,path_life,0.5,graph_0001,epoch_0002
trace,static,0.190400,0.190361,862,666,105,0,0,0.455556,0.022865,72.503451,360,164,0,0,0,89,0.911111,0,0,0.000000,0.000000,0.500000,4.285714,4.000000,5.000000,5.000000;5.000000;4.000000;4.000000;4.000000;4.000000;4.000000,12,nan,0,5.000000;5.000000;5.000000;5.000000;5.000000;5.000000,0.104309;0.147954;0.109749;0.120949;0.132149;0.143079,5.000000;5.000000;5.000000;5.000000;5.000000;5.000000,0,0,0,0,0,0,0,0,0,0,0,0,0,0,0,0,0,0,0,0,0,0,0,0,0,0,0,0,graph_0001__path_life_0.5000,path_life,0.5,graph_0001,epoch_0002
trace,olsr,0.410452,0.410424,1442,1543,105,562,839,0.391667,0.019661,78.852576,360,141,10,0,0,331,0.783333,562,38720,3.985816,274.609929,0.500000,4.285714,4.000000,5.000000,5.000000;5.000000;4.000000;4.000000;4.000000;4.000000;4.000000,12,nan,0,5.000000;5.000000;5.000000;5.000000;5.000000;5.000000,nan;0.471966;nan;0.111973;0.123173;0.134373,5.000000;5.000000;5.000000;5.000000;5.000000;5.000000,349,21468,213,17252,0,0,0,0,0,0,0,0,0,0,0,0,0,0,0,0,0,0,0,0,0,0,0,0,graph_0004__path_life_0.5000,path_life,0.5,graph_0004,epoch_0001
trace,aodv,0.463303,0.463290,2158,2524,105,1008,1396,0.622222,0.031356,77.134344,360,224,2,112,0,353,1.244444,1008,48502,4.500000,216.526786,0.500000,4.285714,4.000000,5.000000,5.000000;5.000000;4.000000;4.000000;4.000000;4.000000;4.000000,12,nan,0,5.000000;5.000000;5.000000;5.000000;5.000000;5.000000,0.095333;nan;0.100773;nan;0.001129;0.134373,5.000000;5.000000;5.000000;5.000000;5.000000;5.000000,0,0,0,0,0,0,0,0,0,0,783,37584,107,5564,73,3504,34,1520,11,330,0,0,0,0,0,0,0,0,graph_0004__path_life_0.5000,path_life,0.5,graph_0004,epoch_0001
trace,static,0.189734,0.189727,867,675,105,0,0,0.466667,0.023425,73.107047,360,168,0,0,0,88,0.933333,0,0,0.000000,0.000000,0.500000,4.285714,4.000000,5.000000,5.000000;5.000000;4.000000;4.000000;4.000000;4.000000;4.000000,12,nan,0,5.000000;5.000000;5.000000;5.000000;5.000000;5.000000,0.153714;0.098549;0.109749;0.120949;0.132149;0.143349,5.000000;5.000000;5.000000;5.000000;5.000000;5.000000,0,0,0,0,0,0,0,0,0,0,0,0,0,0,0,0,0,0,0,0,0,0,0,0,0,0,0,0,graph_0004__path_life_0.5000,path_life,0.5,graph_0004,epoch_0001
trace,olsr,0.383839,0.383808,1349,1435,105,553,816,0.322222,0.016172,78.068516,360,116,20,0,0,330,0.644444,553,38008,4.767241,327.655172,0.500000,4.285714,4.000000,5.000000,5.000000;5.000000;4.000000;4.000000;4.000000;4.000000;4.000000,12,nan,0,5.000000;5.000000;5.000000;5.000000;5.000000;5.000000,nan;0.962008;nan;1.276535;0.123173;0.134373,5.000000;5.000000;5.000000;5.000000;5.000000;5.000000,355,21948,198,16060,0,0,0,0,0,0,0,0,0,0,0,0,0,0,0,0,0,0,0,0,0,0,0,0,graph_0004__path_life_0.5000,path_life,0.5,graph_0004,epoch_0003
trace,aodv,0.474380,0.474367,2195,2568,105,1046,1438,0.625000,0.031488,77.031558,360,225,4,112,0,365,1.250000,1046,50176,4.648889,223.004444,0.500000,4.285714,4.000000,5.000000,5.000000;5.000000;4.000000;4.000000;4.000000;4.000000;4.000000,12,nan,0,5.000000;5.000000;5.000000;5.000000;5.000000;5.000000,0.095333;nan;0.100773;nan;0.000507;0.134373,5.000000;5.000000;5.000000;5.000000;5.000000;5.000000,0,0,0,0,0,0,0,0,0,0,782,37536,110,5720,70,3360,71,3144,12,360,1,56,0,0,0,0,0,0,graph_0004__path_life_0.5000,path_life,0.5,graph_0004,epoch_0003
trace,static,0.186505,0.186484,867,675,105,0,0,0.466667,0.023422,73.107003,360,168,0,0,0,88,0.933333,0,0,0.000000,0.000000,0.500000,4.285714,4.000000,5.000000,5.000000;5.000000;4.000000;4.000000;4.000000;4.000000;4.000000,12,nan,0,5.000000;5.000000;5.000000;5.000000;5.000000;5.000000,0.154108;0.098549;0.109749;0.120949;0.132149;0.143349,5.000000;5.000000;5.000000;5.000000;5.000000;5.000000,0,0,0,0,0,0,0,0,0,0,0,0,0,0,0,0,0,0,0,0,0,0,0,0,0,0,0,0,graph_0004__path_life_0.5000,path_life,0.5,graph_0004,epoch_0003
trace,olsr,0.763500,0.763424,2787,2891,105,603,876,0.283333,0.015333,73.572852,360,102,18,0,0,331,0.566667,603,41628,5.911765,408.117647,0.500000,4.285714,4.000000,5.000000,5.000000;5.000000;4.000000;4.000000;4.000000;4.000000;4.000000,12,nan,0,5.000000;5.000000;5.000000;5.000000;5.000000;5.000000,nan;1.128394;nan;1.586533;0.123173;nan,5.000000;5.000000;5.000000;5.000000;5.000000;5.000000,352,21720,205,17332,0,0,0,0,46,2576,0,0,0,0,0,0,0,0,0,0,0,0,0,0,0,0,0,0,graph_0004__path_life_0.5000,path_life,0.5,graph_0004,epoch_0004
trace,aodv,0.486406,0.486379,2191,2569,105,1041,1439,0.627778,0.031634,76.931023,360,226,2,112,0,340,1.255556,1041,50042,4.606195,221.424779,0.500000,4.285714,4.000000,5.000000,5.000000;5.000000;4.000000;4.000000;4.000000;4.000000;4.000000,12,nan,0,5.000000;5.000000;5.000000;5.000000;5.000000;5.000000,0.095333;nan;0.100773;nan;0.000006;0.134373,5.000000;5.000000;5.000000;5.000000;5.000000;5.000000,0,0,0,0,0,0,0,0,0,0,781,37488,110,5720,75,3600,63,2848,11,330,1,56,0,0,0,0,0,0,graph_0004__path_life_0.5000,path_life,0.5,graph_0004,epoch_0004
trace,static,0.191424,0.191411,867,675,105,0,0,0.466667,0.023424,73.107016,360,168,0,0,0,88,0.933333,0,0,0.000000,0.000000,0.500000,4.285714,4.000000,5.000000,5.000000;5.000000;4.000000;4.000000;4.000000;4.000000;4.000000,12,nan,0,5.000000;5.000000;5.000000;5.000000;5.000000;5.000000,0.152694;0.098549;0.109749;0.120949;0.132149;0.143349,5.000000;5.000000;5.000000;5.000000;5.000000;5.000000,0,0,0,0,0,0,0,0,0,0,0,0,0,0,0,0,0,0,0,0,0,0,0,0,0,0,0,0,graph_0004__path_life_0.5000,path_life,0.5,graph_0004,epoch_0004
trace,olsr,0.406344,0.405909,1443,1549,105,571,852,0.388889,0.019519,78.848977,360,140,14,0,0,329,0.777778,571,39284,4.078571,280.600000,0.500000,4.285714,4.000000,5.000000,5.000000;5.000000;4.000000;4.000000;4.000000;4.000000;4.000000,12,nan,0,5.000000;5.000000;5.000000;5.000000;5.000000;5.000000,nan;0.639974;nan;0.111973;0.123173;0.134373,5.000000;5.000000;5.000000;5.000000;5.000000;5.000000,352,21696,219,17588,0,0,0,0,0,0,0,0,0,0,0,0,0,0,0,0,0,0,0,0,0,0,0,0,graph_0004__path_life_0.5000,path_life,0.5,graph_0004,epoch_0005
trace,aodv,0.466061,0.465590,2172,2528,105,1003,1375,0.644444,0.032471,76.337348,360,232,0,112,0,306,1.288889,1003,48236,4.323276,207.913793,0.500000,4.285714,4.000000,5.000000,5.000000;5.000000;4.000000;4.000000;4.000000;4.000000;4.000000,12,nan,0,5.000000;5.000000;5.000000;5.000000;5.000000;5.000000,0.095333;nan;0.100773;nan;0.000235;0.134373,5.000000;5.000000;5.000000;5.000000;5.000000;5.000000,0,0,0,0,0,0,0,0,0,0,785,37680,104,5408,67,3216,37,1632,10,300,0,0,0,0,0,0,0,0,graph_0004__path_life_0.5000,path_life,0.5,graph_0004,epoch_0005
trace,static,0.189998,0.189868,867,675,105,0,0,0.466667,0.023423,73.107003,360,168,0,0,0,88,0.933333,0,0,0.000000,0.000000,0.500000,4.285714,4.000000,5.000000,5.000000;5.000000;4.000000;4.000000;4.000000;4.000000;4.000000,12,nan,0,5.000000;5.000000;5.000000;5.000000;5.000000;5.000000,0.152794;0.098549;0.109749;0.120949;0.132149;0.143349,5.000000;5.000000;5.000000;5.000000;5.000000;5.000000,0,0,0,0,0,0,0,0,0,0,0,0,0,0,0,0,0,0,0,0,0,0,0,0,0,0,0,0,graph_0004__path_life_0.5000,path_life,0.5,graph_0004,epoch_0005
trace,olsr,0.372915,0.372547,1353,1506,105,568,853,0.369444,0.018540,80.555891,360,133,0,0,0,282,0.738889,568,40288,4.270677,302.917293,0.500000,4.285714,4.000000,5.000000,5.000000;5.000000;4.000000;4.000000;4.000000;4.000000;4.000000,12,nan,0,5.000000;5.000000;5.000000;5.000000;5.000000;5.000000,nan;nan;1.929671;0.111973;0.123173;0.134373,5.000000;5.000000;5.000000;5.000000;5.000000;5.000000,351,21724,217,18564,0,0,0,0,0,0,0,0,0,0,0,0,0,0,0,0,0,0,0,0,0,0,0,0,graph_0004__path_life_0.5000,path_life,0.5,graph_0004,epoch_0002
trace,aodv,0.475625,0.475251,2177,2554,105,1035,1439,0.608333,0.031173,77.895166,360,219,2,112,0,286,1.216667,1035,49728,4.726027,227.068493,0.500000,4.285714,4.000000,5.000000,5.000000;5.000000;4.000000;4.000000;4.000000;4.000000;4.000000,12,nan,0,5.000000;5.000000;5.000000;5.000000;5.000000;5.000000,0.095333;nan;0.100773;nan;0.000430;0.134373,5.000000;5.000000;5.000000;5.000000;5.000000;5.000000,0,0,0,0,0,0,0,0,0,0,782,37536,110,5720,70,3360,60,2696,12,360,1,56,0,0,0,0,0,0,graph_0004__path_life_0.5000,path_life,0.5,graph_0004,epoch_0002
trace,static,0.190507,0.190218,867,675,105,0,0,0.466667,0.023419,73.106964,360,168,0,0,0,88,0.933333,0,0,0.000000,0.000000,0.500000,4.285714,4.000000,5.000000,5.000000;5.000000;4.000000;4.000000;4.000000;4.000000;4.000000,12,nan,0,5.000000;5.000000;5.000000;5.000000;5.000000;5.000000,0.154794;0.098549;0.109749;0.120949;0.132149;0.143349,5.000000;5.000000;5.000000;5.000000;5.000000;5.000000,0,0,0,0,0,0,0,0,0,0,0,0,0,0,0,0,0,0,0,0,0,0,0,0,0,0,0,0,graph_0004__path_life_0.5000,path_life,0.5,graph_0004,epoch_0002
trace,olsr,0.269180,0.269163,992,1083,105,536,754,0.100000,0.011764,50.443029,360,36,20,0,0,299,1.000000,536,36196,14.888889,1005.444444,0.100000,3.000000,3.000000,3.000000,3.000000;3.000000,2,nan,0,54.000000,nan,54.000000,353,21712,183,14484,0,0,0,0,0,0,0,0,0,0,0,0,0,0,0,0,0,0,0,0,0,0,0,0,graph_0004__path_life_0.1000,path_life,0.1,graph_0004,epoch_0001
trace,aodv,0.343144,0.343133,1830,2119,105,1066,1381,0.261111,0.013158,60.902632,360,94,2,238,0,390,2.611111,1066,51514,11.340426,548.021277,0.100000,3.000000,3.000000,3.000000,3.000000;3.000000,2,nan,0,54.000000,1.688808,54.000000,0,0,0,0,0,0,0,0,0,0,752,36096,176,9152,76,3648,51,2288,11,330,0,0,0,0,0,0,0,0,graph_0004__path_life_0.1000,path_life,0.1,graph_0004,epoch_0001
trace,static,0.039374,0.039362,447,116,105,0,0,0.080556,0.004044,69.837923,360,29,0,0,0,21,0.805556,0,0,0.000000,0.000000,0.100000,3.000000,3.000000,3.000000,3.000000;3.000000,2,nan,0,54.000000,0.126389,54.000000,0,0,0,0,0,0,0,0,0,0,0,0,0,0,0,0,0,0,0,0,0,0,0,0,0,0,0,0,graph_0004__path_life_0.1000,path_life,0.1,graph_0004,epoch_0001
trace,olsr,0.236096,0.236076,906,1014,105,530,723,0.086111,0.006807,49.894197,360,31,33,0,0,253,0.861111,530,35324,17.096774,1139.483871,0.100000,3.000000,3.000000,3.000000,3.000000;3.000000,2,nan,0,54.000000,nan,54.000000,359,22088,171,13236,0,0,0,0,0,0,0,0,0,0,0,0,0,0,0,0,0,0,0,0,0,0,0,0,graph_0004__path_life_0.1000,path_life,0.1,graph_0004,epoch_0003
trace,aodv,0.335284,0.335236,1821,2037,105,1047,1301,0.216667,0.010916,65.806677,360,78,6,238,0,417,2.166667,1047,50342,13.423077,645.410256,0.100000,3.000000,3.000000,3.000000,3.000000;3.000000,2,nan,0,54.000000,1.692156,54.000000,0,0,0,0,0,0,0,0,0,0,755,36240,153,7956,59,2832,69,2984,11,330,0,0,0,0,0,0,0,0,graph_0004__path_life_0.1000,path_life,0.1,graph_0004,epoch_0003
trace,static,0.039491,0.039484,447,116,105,0,0,0.080556,0.004043,69.837654,360,29,0,0,0,21,0.805556,0,0,0.000000,0.000000,0.100000,3.000000,3.000000,3.000000,3.000000;3.000000,2,nan,0,54.000000,0.126389,54.000000,0,0,0,0,0,0,0,0,0,0,0,0,0,0,0,0,0,0,0,0,0,0,0,0,0,0,0,0,graph_0004__path_life_0.1000,path_life,0.1,graph_0004,epoch_0003
trace,olsr,0.268388,0.268366,987,1073,105,536,746,0.100000,0.019025,49.831910,360,36,18,0,0,293,1.000000,536,36040,14.888889,1001.111111,0.100000,3.000000,3.000000,3.000000,3.000000;3.000000,2,nan,0,54.000000,nan,54.000000,358,22008,178,14032,0,0,0,0,0,0,0,0,0,0,0,0,0,0,0,0,0,0,0,0,0,0,0,0,graph_0004__path_life_0.1000,path_life,0.1,graph_0004,epoch_0004
trace,aodv,0.333854,0.333804,1802,2020,105,1041,1305,0.197222,0.009938,65.655786,360,71,5,238,0,462,1.972222,1041,50060,14.661972,705.070423,0.100000,3.000000,3.000000,3.000000,3.000000;3.000000,2,nan,0,54.000000,1.695471,54.000000,0,0,0,0,0,0,0,0,0,0,757,36336,149,7748,60,2880,63,2736,12,360,0,0,0,0,0,0,0,0,graph_0004__path_life_0.1000,path_life,0.1,graph_0004,epoch_0004
trace,static,0.039591,0.039589,447,116,105,0,0,0.080556,0.004043,69.837778,360,29,0,0,0,21,0.805556,0,0,0.000000,0.000000,0.100000,3.000000,3.000000,3.000000,3.000000;3.000000,2,nan,0,54.000000,0.126389,54.000000,0,0,0,0,0,0,0,0,0,0,0,0,0,0,0,0,0,0,0,0,0,0,0,0,0,0,0,0,graph_0004__path_life_0.1000,path_life,0.1,graph_0004,epoch_0004
trace,olsr,0.236817,0.236795,907,1002,105,521,719,0.088889,0.024754,48.880283,360,32,22,0,0,275,0.888889,521,34752,16.281250,1086.000000,0.100000,3.000000,3.000000,3.000000,3.000000;3.000000,2,nan,0,54.000000,nan,54.000000,362,22304,159,12448,0,0,0,0,0,0,0,0,0,0,0,0,0,0,0,0,0,0,0,0,0,0,0,0,graph_0004__path_life_0.1000,path_life,0.1,graph_0004,epoch_0005
trace,aodv,0.338238,0.338116,1815,2029,105,1054,1311,0.194444,0.009797,65.457284,360,70,9,238,0,352,1.944444,1054,50668,15.057143,723.828571,0.100000,3.000000,3.000000,3.000000,3.000000;3.000000,2,nan,0,54.000000,1.700116,54.000000,0,0,0,0,0,0,0,0,0,0,756,36288,153,7956,64,3072,69,2992,12,360,0,0,0,0,0,0,0,0,graph_0004__path_life_0.1000,path_life,0.1,graph_0004,epoch_0005
trace,static,0.039035,0.039033,447,116,105,0,0,0.080556,0.004043,69.837701,360,29,0,0,0,21,0.805556,0,0,0.000000,0.000000,0.100000,3.000000,3.000000,3.000000,3.000000;3.000000,2,nan,0,54.000000,0.126389,54.000000,0,0,0,0,0,0,0,0,0,0,0,0,0,0,0,0,0,0,0,0,0,0,0,0,0,0,0,0,graph_0004__path_life_0.1000,path_life,0.1,graph_0004,epoch_0005
trace,olsr,0.252248,0.252225,944,1038,105,531,736,0.097222,0.018484,49.530821,360,35,10,0,0,276,0.972222,531,35416,15.171429,1011.885714,0.100000,3.000000,3.000000,3.000000,3.000000;3.000000,2,nan,0,54.000000,nan,54.000000,356,21912,175,13504,0,0,0,0,0,0,0,0,0,0,0,0,0,0,0,0,0,0,0,0,0,0,0,0,graph_0004__path_life_0.1000,path_life,0.1,graph_0004,epoch_0002
trace,aodv,0.330141,0.330115,1801,2007,105,1039,1296,0.180556,0.009252,67.110775,360,65,6,238,0,347,1.805556,1039,49984,15.984615,768.984615,0.100000,3.000000,3.000000,3.000000,3.000000;3.000000,2,nan,0,54.000000,1.699389,54.000000,0,0,0,0,0,0,0,0,0,0,759,36432,147,7644,59,2832,64,2776,10,300,0,0,0,0,0,0,0,0,graph_0004__path_life_0.1000,path_life,0.1,graph_0004,epoch_0002
trace,static,0.039208,0.039206,447,116,105,0,0,0.080556,0.004043,69.837404,360,29,0,0,0,21,0.805556,0,0,0.000000,0.000000,0.100000,3.000000,3.000000,3.000000,3.000000;3.000000,2,nan,0,54.000000,0.126389,54.000000,0,0,0,0,0,0,0,0,0,0,0,0,0,0,0,0,0,0,0,0,0,0,0,0,0,0,0,0,graph_0004__path_life_0.1000,path_life,0.1,graph_0004,epoch_0002
trace,olsr,0.851786,0.851747,3046,3186,105,643,946,0.133333,0.007141,56.526409,360,48,35,0,0,423,0.444444,643,44736,13.395833,932.000000,0.300000,4.500000,4.500000,5.000000,5.000000;5.000000;4.000000;4.000000,6,nan,0,14.000000;14.000000;14.000000,2.408999;nan;nan,14.000000;14.000000;14.000000,343,21228,244,20372,0,0,0,0,56,3136,0,0,0,0,0,0,0,0,0,0,0,0,0,0,0,0,0,0,graph_0004__path_life_0.3000,path_life,0.3,graph_0004,epoch_0001
trace,aodv,0.419217,0.419180,2011,2350,105,1049,1432,0.405556,0.024237,71.937050,360,146,3,112,0,448,1.351852,1049,50488,7.184932,345.808219,0.300000,4.500000,4.500000,5.000000,5.000000;5.000000;4.000000;4.000000,6,nan,0,14.000000;14.000000;14.000000,0.277160;3.526760;nan,14.000000;14.000000;14.000000,0,0,0,0,0,0,0,0,0,0,746,35808,158,8216,67,3216,66,2888,12,360,0,0,0,0,0,0,0,0,graph_0004__path_life_0.3000,path_life,0.3,graph_0004,epoch_0001
trace,static,0.119003,0.118992,662,401,105,0,0,0.275000,0.013804,71.704205,360,99,0,0,0,45,0.916667,0,0,0.000000,0.000000,0.300000,4.500000,4.500000,5.000000,5.000000;5.000000;4.000000;4.000000,6,nan,0,14.000000;14.000000;14.000000,0.164914;0.120949;0.143349,14.000000;14.000000;14.000000,0,0,0,0,0,0,0,0,0,0,0,0,0,0,0,0,0,0,0,0,0,0,0,0,0,0,0,0,graph_0004__path_life_0.3000,path_life,0.3,graph_0004,epoch_0001
trace,olsr,0.407355,0.407237,1428,1519,105,578,856,0.238889,0.012405,71.278407,360,86,21,0,0,439,0.796296,578,40352,6.720930,469.209302,0.300000,4.500000,4.500000,5.000000,5.000000;5.000000;4.000000;4.000000,6,nan,0,14.000000;14.000000;14.000000,2.245159;0.111973;0.134373,14.000000;14.000000;14.000000,351,21716,227,18636,0,0,0,0,0,0,0,0,0,0,0,0,0,0,0,0,0,0,0,0,0,0,0,0,graph_0004__path_life_0.3000,path_life,0.3,graph_0004,epoch_0003
trace,aodv,0.479657,0.479605,2258,2574,105,1096,1475,0.477778,0.028544,69.923048,360,172,14,56,0,509,1.592593,1096,52568,6.372093,305.627907,0.300000,4.500000,4.500000,5.000000,5.000000;5.000000;4.000000;4.000000,6,nan,0,14.000000;14.000000;14.000000,0.106533;3.513432;nan,14.000000;14.000000;14.000000,0,0,0,0,0,0,0,0,0,0,740,35520,168,8736,86,4128,86,3704,16,480,0,0,0,0,0,0,0,0,graph_0004__path_life_0.3000,path_life,0.3,graph_0004,epoch_0003
trace,static,0.116137,0.116125,662,401,105,0,0,0.275000,0.013802,71.704130,360,99,0,0,0,45,0.916667,0,0,0.000000,0.000000,0.300000,4.500000,4.500000,5.000000,5.000000;5.000000;4.000000;4.000000,6,nan,0,14.000000;14.000000;14.000000,0.165308;0.120949;0.143349,14.000000;14.000000;14.000000,0,0,0,0,0,0,0,0,0,0,0,0,0,0,0,0,0,0,0,0,0,0,0,0,0,0,0,0,graph_0004__path_life_0.3000,path_life,0.3,graph_0004,epoch_0003
trace,olsr,1.070514,1.070324,3854,3900,105,659,944,0.222222,0.014104,66.796749,360,80,3,0,0,704,0.740741,659,45644,8.237500,570.550000,0.300000,4.500000,4.500000,5.000000,5.000000;5.000000;4.000000;4.000000,6,nan,0,14.000000;14.000000;14.000000,2.408999;0.111973;nan,14.000000;14.000000;14.000000,349,21564,238,20048,0,0,0,0,72,4032,0,0,0,0,0,0,0,0,0,0,0,0,0,0,0,0,0,0,graph_0004__path_life_0.3000,path_life,0.3,graph_0004,epoch_0004
trace,aodv,0.504154,0.504096,2278,2654,105,1175,1611,0.438889,0.026227,70.590873,360,158,31,56,0,505,1.462963,1175,56114,7.436709,355.151899,0.300000,4.500000,4.500000,5.000000,5.000000;5.000000;4.000000;4.000000,6,nan,0,14.000000;14.000000;14.000000,0.623808;3.502920;nan,14.000000;14.000000;14.000000,0,0,0,0,0,0,0,0,0,0,727,34896,194,10088,102,4896,133,5664,19,570,0,0,0,0,0,0,0,0,graph_0004__path_life_0.3000,path_life,0.3,graph_0004,epoch_0004
trace,static,0.117827,0.117819,662,401,105,0,0,0.275000,0.013803,71.704152,360,99,0,0,0,45,0.916667,0,0,0.000000,0.000000,0.300000,4.500000,4.500000,5.000000,5.000000;5.000000;4.000000;4.000000,6,nan,0,14.000000;14.000000;14.000000,0.163894;0.120949;0.143349,14.000000;14.000000;14.000000,0,0,0,0,0,0,0,0,0,0,0,0,0,0,0,0,0,0,0,0,0,0,0,0,0,0,0,0,graph_0004__path_life_0.3000,path_life,0.3,graph_0004,epoch_0004
trace,olsr,0.559715,0.559250,2005,2079,105,592,867,0.250000,0.012945,70.878977,360,90,29,0,0,489,0.833333,592,42292,6.577778,469.911111,0.300000,4.500000,4.500000,5.000000,5.000000;5.000000;4.000000;4.000000,6,nan,0,14.000000;14.000000;14.000000,2.245159;0.111973;0.134373,14.000000;14.000000;14.000000,346,21512,231,19940,0,0,0,0,15,840,0,0,0,0,0,0,0,0,0,0,0,0,0,0,0,0,0,0,graph_0004__path_life_0.3000,path_life,0.3,graph_0004,epoch_0005
trace,aodv,0.498076,0.497611,2283,2636,105,1124,1529,0.519444,0.031038,67.615871,360,187,10,56,0,481,1.731481,1124,53838,6.010695,287.903743,0.300000,4.500000,4.500000,5.000000,5.000000;5.000000;4.000000;4.000000,6,nan,0,14.000000;14.000000;14.000000,0.446540;3.499920;nan,14.000000;14.000000;14.000000,0,0,0,0,0,0,0,0,0,0,734,35232,177,9204,100,4800,98,4152,15,450,0,0,0,0,0,0,0,0,graph_0004__path_life_0.3000,path_life,0.3,graph_0004,epoch_0005
trace,static,0.117051,0.116951,662,401,105,0,0,0.275000,0.013803,71.704130,360,99,0,0,0,45,0.916667,0,0,0.000000,0.000000,0.300000,4.500000,4.500000,5.000000,5.000000;5.000000;4.000000;4.000000,6,nan,0,14.000000;14.000000;14.000000,0.163994;0.120949;0.143349,14.000000;14.000000;14.000000,0,0,0,0,0,0,0,0,0,0,0,0,0,0,0,0,0,0,0,0,0,0,0,0,0,0,0,0,graph_0004__path_life_0.3000,path_life,0.3,graph_0004,epoch_0005
trace,olsr,0.567045,0.566854,1975,2030,105,590,879,0.225000,0.014277,67.359828,360,81,27,0,0,504,0.750000,590,41588,7.283951,513.432099,0.300000,4.500000,4.500000,5.000000,5.000000;5.000000;4.000000;4.000000,6,nan,0,14.000000;14.000000;14.000000,nan;0.111973;nan,14.000000;14.000000;14.000000,348,21456,230,19460,0,0,0,0,12,672,0,0,0,0,0,0,0,0,0,0,0,0,0,0,0,0,0,0,graph_0004__path_life_0.3000,path_life,0.3,graph_0004,epoch_0002
trace,aodv,0.465192,0.465155,2200,2530,105,1095,1464,0.511111,0.031158,71.453389,360,184,26,56,0,470,1.703704,1095,52402,5.951087,284.793478,0.300000,4.500000,4.500000,5.000000,5.000000;5.000000;4.000000;4.000000,6,nan,0,14.000000;14.000000;14.000000,0.474756;0.111973;nan,14.000000;14.000000;14.000000,0,0,0,0,0,0,0,0,0,0,745,35760,164,8528,76,3648,95,4016,15,450,0,0,0,0,0,0,0,0,graph_0004__path_life_0.3000,path_life,0.3,graph_0004,epoch_0002
trace,static,0.114889,0.114869,662,401,105,0,0,0.275000,0.013801,71.704063,360,99,0,0,0,45,0.916667,0,0,0.000000,0.000000,0.300000,4.500000,4.500000,5.000000,5.000000;5.000000;4.000000;4.000000,6,nan,0,14.000000;14.000000;14.000000,0.165994;0.120949;0.143349,14.000000;14.000000;14.000000,0,0,0,0,0,0,0,0,0,0,0,0,0,0,0,0,0,0,0,0,0,0,0,0,0,0,0,0,graph_0004__path_life_0.3000,path_life,0.3,graph_0004,epoch_0002
trace,olsr,0.467778,0.467725,1650,1709,105,612,872,0.438889,0.022028,78.942692,360,158,0,0,0,509,0.877778,612,43984,3.873418,278.379747,0.500000,4.285714,4.000000,5.000000,5.000000;5.000000;4.000000;4.000000;4.000000;4.000000;4.000000,12,nan,0,5.000000;5.000000;5.000000;5.000000;5.000000;5.000000,0.268149;3.220215;0.100773;0.111973;0.297551;0.134373,5.000000;5.000000;5.000000;5.000000;5.000000;5.000000,346,20780,266,23204,0,0,0,0,0,0,0,0,0,0,0,0,0,0,0,0,0,0,0,0,0,0,0,0,graph_0003__path_life_0.5000,path_life,0.5,graph_0003,epoch_0001
trace,aodv,0.608293,0.608255,2623,2824,105,1102,1339,0.858333,0.043251,75.083482,360,309,15,0,0,643,1.716667,1102,52732,3.566343,170.653722,0.500000,4.285714,4.000000,5.000000,5.000000;5.000000;4.000000;4.000000;4.000000;4.000000;4.000000,12,nan,0,5.000000;5.000000;5.000000;5.000000;5.000000;5.000000,0.095333;0.604520;0.451988;0.111973;0.123173;1.952828,5.000000;5.000000;5.000000;5.000000;5.000000;5.000000,0,0,0,0,0,0,0,0,0,0,761,36528,137,7124,105,5040,87,3680,12,360,0,0,0,0,0,0,0,0,graph_0003__path_life_0.5000,path_life,0.5,graph_0003,epoch_0001
trace,static,0.187856,0.187829,859,664,105,0,0,0.458333,0.023004,73.020565,360,165,0,0,0,93,0.916667,0,0,0.000000,0.000000,0.500000,4.285714,4.000000,5.000000,5.000000;5.000000;4.000000;4.000000;4.000000;4.000000;4.000000,12,nan,0,5.000000;5.000000;5.000000;5.000000;5.000000;5.000000,0.104309;0.098549;0.109749;0.120949;0.132149;0.143349,5.000000;5.000000;5.000000;5.000000;5.000000;5.000000,0,0,0,0,0,0,0,0,0,0,0,0,0,0,0,0,0,0,0,0,0,0,0,0,0,0,0,0,graph_0003__path_life_0.5000,path_life,0.5,graph_0003,epoch_0001
trace,olsr,0.457181,0.457129,1460,1431,105,609,856,0.219444,0.012093,69.503319,360,79,0,0,0,555,0.438889,609,42820,7.708861,542.025316,0.500000,4.285714,4.000000,5.000000,5.000000;5.000000;4.000000;4.000000;4.000000;4.000000;4.000000,12,nan,0,5.000000;5.000000;5.000000;5.000000;5.000000;5.000000,0.268149;3.220215;3.222439;2.260137;0.123173;nan,5.000000;5.000000;5.000000;5.000000;5.000000;5.000000,349,20904,260,21916,0,0,0,0,0,0,0,0,0,0,0,0,0,0,0,0,0,0,0,0,0,0,0,0,graph_0003__path_life_0.5000,path_life,0.5,graph_0003,epoch_0003
trace,aodv,0.614467,0.614308,2656,2849,105,1139,1373,0.841667,0.042415,75.787923,360,303,16,0,0,657,1.683333,1139,54512,3.759076,179.907591,0.500000,4.285714,4.000000,5.000000,5.000000;5.000000;4.000000;4.000000;4.000000;4.000000;4.000000,12,nan,0,5.000000;5.000000;5.000000;5.000000;5.000000;5.000000,0.095333;0.594500;0.770624;0.111973;0.123173;1.465270,5.000000;5.000000;5.000000;5.000000;5.000000;5.000000,0,0,0,0,0,0,0,0,0,0,756,36288,163,8476,108,5184,98,4144,14,420,0,0,0,0,0,0,0,0,graph_0003__path_life_0.5000,path_life,0.5,graph_0003,epoch_0003
trace,static,0.188132,0.188097,859,664,105,0,0,0.458333,0.023004,73.020580,360,165,0,0,0,92,0.916667,0,0,0.000000,0.000000,0.500000,4.285714,4.000000,5.000000,5.000000;5.000000;4.000000;4.000000;4.000000;4.000000;4.000000,12,nan,0,5.000000;5.000000;5.000000;5.000000;5.000000;5.000000,0.104309;0.098549;0.109749;0.120949;0.132149;0.143349,5.000000;5.000000;5.000000;5.000000;5.000000;5.000000,0,0,0,0,0,0,0,0,0,0,0,0,0,0,0,0,0,0,0,0,0,0,0,0,0,0,0,0,graph_0003__path_life_0.5000,path_life,0.5,graph_0003,epoch_0003
trace,olsr,0.374173,0.374160,1273,1310,105,608,855,0.177778,0.009798,71.463702,360,64,15,0,0,407,0.355556,608,42732,9.500000,667.687500,0.500000,4.285714,4.000000,5.000000,5.000000;5.000000;4.000000;4.000000;4.000000;4.000000;4.000000,12,nan,0,5.000000;5.000000;5.000000;5.000000;5.000000;5.000000,nan;1.302814;3.222439;2.259845;0.123173;nan,5.000000;5.000000;5.000000;5.000000;5.000000;5.000000,348,20984,260,21748,0,0,0,0,0,0,0,0,0,0,0,0,0,0,0,0,0,0,0,0,0,0,0,0,graph_0003__path_life_0.5000,path_life,0.5,graph_0003,epoch_0004
trace,aodv,0.616967,0.616834,2648,2844,105,1121,1354,0.863889,0.043528,75.992871,360,311,12,0,0,647,1.727778,1121,53728,3.604502,172.758842,0.500000,4.285714,4.000000,5.000000,5.000000;5.000000;4.000000;4.000000;4.000000;4.000000;4.000000,12,nan,0,5.000000;5.000000;5.000000;5.000000;5.000000;5.000000,0.096155;0.607421;0.781385;0.111973;0.123173;1.469764,5.000000;5.000000;5.000000;5.000000;5.000000;5.000000,0,0,0,0,0,0,0,0,0,0,759,36432,159,8268,107,5136,82,3472,14,420,0,0,0,0,0,0,0,0,graph_0003__path_life_0.5000,path_life,0.5,graph_0003,epoch_0004
trace,static,0.190491,0.190468,859,664,105,0,0,0.458333,0.023006,73.020675,360,165,0,0,0,92,0.916667,0,0,0.000000,0.000000,0.500000,4.285714,4.000000,5.000000,5.000000;5.000000;4.000000;4.000000;4.000000;4.000000;4.000000,12,nan,0,5.000000;5.000000;5.000000;5.000000;5.000000;5.000000,0.104309;0.098549;0.109749;0.120949;0.132149;0.143349,5.000000;5.000000;5.000000;5.000000;5.000000;5.000000,0,0,0,0,0,0,0,0,0,0,0,0,0,0,0,0,0,0,0,0,0,0,0,0,0,0,0,0,graph_0003__path_life_0.5000,path_life,0.5,graph_0003,epoch_0004
trace,olsr,0.433865,0.433844,1575,1666,105,612,880,0.416667,0.020913,80.616961,360,150,9,0,0,435,0.833333,612,44028,4.080000,293.520000,0.500000,4.285714,4.000000,5.000000,5.000000;5.000000;4.000000;4.000000;4.000000;4.000000;4.000000,12,nan,0,5.000000;5.000000;5.000000;5.000000;5.000000;5.000000,nan;3.220215;0.100773;0.111973;0.248817;0.134373,5.000000;5.000000;5.000000;5.000000;5.000000;5.000000,350,21048,262,22980,0,0,0,0,0,0,0,0,0,0,0,0,0,0,0,0,0,0,0,0,0,0,0,0,graph_0003__path_life_0.5000,path_life,0.5,graph_0003,epoch_0005
trace,aodv,0.597397,0.597180,2622,2824,105,1094,1339,0.858333,0.043251,75.847305,360,309,8,0,0,565,1.716667,1094,52458,3.540453,169.766990,0.500000,4.285714,4.000000,5.000000,5.000000;5.000000;4.000000;4.000000;4.000000;4.000000;4.000000,12,nan,0,5.000000;5.000000;5.000000;5.000000;5.000000;5.000000,0.095333;0.608620;0.773770;0.111973;0.123173;1.626199,5.000000;5.000000;5.000000;5.000000;5.000000;5.000000,0,0,0,0,0,0,0,0,0,0,762,36576,141,7332,106,5088,72,3072,13,390,0,0,0,0,0,0,0,0,graph_0003__path_life_0.5000,path_life,0.5,graph_0003,epoch_0005
trace,static,0.184926,0.184887,859,664,105,0,0,0.458333,0.023005,73.020652,360,165,0,0,0,92,0.916667,0,0,0.000000,0.000000,0.500000,4.285714,4.000000,5.000000,5.000000;5.000000;4.000000;4.000000;4.000000;4.000000;4.000000,12,nan,0,5.000000;5.000000;5.000000;5.000000;5.000000;5.000000,0.104309;0.098549;0.109749;0.120949;0.132149;0.143349,5.000000;5.000000;5.000000;5.000000;5.000000;5.000000,0,0,0,0,0,0,0,0,0,0,0,0,0,0,0,0,0,0,0,0,0,0,0,0,0,0,0,0,graph_0003__path_life_0.5000,path_life,0.5,graph_0003,epoch_0005
trace,olsr,0.416110,0.416084,1519,1603,105,609,866,0.391667,0.019660,81.630176,360,141,7,0,0,423,0.783333,609,43444,4.319149,308.113475,0.500000,4.285714,4.000000,5.000000,5.000000;5.000000;4.000000;4.000000;4.000000;4.000000;4.000000,12,nan,0,5.000000;5.000000;5.000000;5.000000;5.000000;5.000000,nan;3.220215;0.100773;0.111973;0.295989;0.134373,5.000000;5.000000;5.000000;5.000000;5.000000;5.000000,349,20832,260,22612,0,0,0,0,0,0,0,0,0,0,0,0,0,0,0,0,0,0,0,0,0,0,0,0,graph_0003__path_life_0.5000,path_life,0.5,graph_0003,epoch_0002
trace,aodv,0.590373,0.590333,2618,2862,105,1099,1370,0.883333,0.044520,75.752938,360,318,15,0,0,485,1.766667,1099,52636,3.455975,165.522013,0.500000,4.285714,4.000000,5.000000,5.000000;5.000000;4.000000;4.000000;4.000000;4.000000;4.000000,12,nan,0,5.000000;5.000000;5.000000;5.000000;5.000000;5.000000,0.095333;0.600689;0.448200;0.111973;0.123173;1.463600,5.000000;5.000000;5.000000;5.000000;5.000000;5.000000,0,0,0,0,0,0,0,0,0,0,756,36288,148,7696,103,4944,78,3288,14,420,0,0,0,0,0,0,0,0,graph_0003__path_life_0.5000,path_life,0.5,graph_0003,epoch_0002
trace,static,0.185345,0.185232,859,664,105,0,0,0.458333,0.023006,73.020599,360,165,0,0,0,92,0.916667,0,0,0.000000,0.000000,0.500000,4.285714,4.000000,5.000000,5.000000;5.000000;4.000000;4.000000;4.000000;4.000000;4.000000,12,nan,0,5.000000;5.000000;5.000000;5.000000;5.000000;5.000000,0.104309;0.098549;0.109749;0.120949;0.132149;0.143349,5.000000;5.000000;5.000000;5.000000;5.000000;5.000000,0,0,0,0,0,0,0,0,0,0,0,0,0,0,0,0,0,0,0,0,0,0,0,0,0,0,0,0,graph_0003__path_life_0.5000,path_life,0.5,graph_0003,epoch_0002
trace,olsr,0.412917,0.412763,1435,1497,105,594,841,0.305556,0.015422,78.352905,360,110,32,0,0,346,0.436508,594,41760,5.400000,379.636364,0.700000,4.666667,5.000000,5.000000,5.000000;5.000000;5.000000;5.000000;5.000000;5.000000;4.000000;4.000000;4.000000,16,nan,0,3.000000;3.000000;2.000000;2.000000;2.000000;2.000000;2.000000;2.000000,2.285831;nan;2.553567;1.255219;0.128933;0.252029;1.383093;1.290229,3.000000;3.000000;2.000000;2.000000;2.000000;2.000000;2.000000;2.000000,351,21032,243,20728,0,0,0,0,0,0,0,0,0,0,0,0,0,0,0,0,0,0,0,0,0,0,0,0,graph_0003__path_life_0.7000,path_life,0.7,graph_0003,epoch_0001
trace,aodv,0.572163,0.572126,2554,2772,105,1020,1257,0.927778,0.046750,75.054948,360,334,7,0,0,437,1.325397,1020,48876,3.053892,146.335329,0.700000,4.666667,5.000000,5.000000,5.000000;5.000000;5.000000;5.000000;5.000000;5.000000;4.000000;4.000000;4.000000,16,nan,0,3.000000;3.000000;2.000000;2.000000;2.000000;2.000000;2.000000;2.000000,1.464920;0.525048;0.038693;1.414087;0.128933;1.506730;1.408240;0.134373,3.000000;3.000000;2.000000;2.000000;2.000000;2.000000;2.000000;2.000000,0,0,0,0,0,0,0,0,0,0,780,37440,103,5356,73,3504,52,2216,12,360,0,0,0,0,0,0,0,0,graph_0003__path_life_0.7000,path_life,0.7,graph_0003,epoch_0001
trace,static,0.260141,0.260120,1078,955,105,0,0,0.658333,0.033042,74.549568,360,237,0,0,0,112,0.940476,0,0,0.000000,0.000000,0.700000,4.666667,5.000000,5.000000,5.000000;5.000000;5.000000;5.000000;5.000000;5.000000;4.000000;4.000000;4.000000,16,nan,0,3.000000;3.000000;2.000000;2.000000;2.000000;2.000000;2.000000;2.000000,0.138229;0.166389;0.047669;0.092809;0.137909;0.019189;0.080999;0.143349,3.000000;3.000000;2.000000;2.000000;2.000000;2.000000;2.000000;2.000000,0,0,0,0,0,0,0,0,0,0,0,0,0,0,0,0,0,0,0,0,0,0,0,0,0,0,0,0,graph_0003__path_life_0.7000,path_life,0.7,graph_0003,epoch_0001
trace,olsr,0.385274,0.385237,1379,1436,105,598,820,0.277778,0.014020,79.253595,360,100,32,0,0,342,0.396825,598,42296,5.980000,422.960000,0.700000,4.666667,5.000000,5.000000,5.000000;5.000000;5.000000;5.000000;5.000000;5.000000;4.000000;4.000000;4.000000,16,nan,0,3.000000;3.000000;2.000000;2.000000;2.000000;2.000000;2.000000;2.000000,2.285831;nan;nan;0.903093;0.128933;0.248289;1.219173;1.290229,3.000000;3.000000;2.000000;2.000000;2.000000;2.000000;2.000000;2.000000,350,21136,248,21160,0,0,0,0,0,0,0,0,0,0,0,0,0,0,0,0,0,0,0,0,0,0,0,0,graph_0003__path_life_0.7000,path_life,0.7,graph_0003,epoch_0003
trace,aodv,0.583565,0.583495,2548,2747,105,1026,1254,0.897222,0.045215,75.616218,360,323,8,0,0,483,1.281746,1026,49102,3.176471,152.018576,0.700000,4.666667,5.000000,5.000000,5.000000;5.000000;5.000000;5.000000;5.000000;5.000000;4.000000;4.000000;4.000000,16,nan,0,3.000000;3.000000;2.000000;2.000000;2.000000;2.000000;2.000000;2.000000,1.454240;0.521698;0.038693;1.425281;0.128933;1.506120;1.407180;0.134373,3.000000;3.000000;2.000000;2.000000;2.000000;2.000000;2.000000;2.000000,0,0,0,0,0,0,0,0,0,0,782,37536,100,5200,73,3504,58,2472,13,390,0,0,0,0,0,0,0,0,graph_0003__path_life_0.7000,path_life,0.7,graph_0003,epoch_0003
trace,static,0.266692,0.266689,1078,955,105,0,0,0.658333,0.033043,74.549578,360,237,0,0,0,111,0.940476,0,0,0.000000,0.000000,0.700000,4.666667,5.000000,5.000000,5.000000;5.000000;5.000000;5.000000;5.000000;5.000000;4.000000;4.000000;4.000000,16,nan,0,3.000000;3.000000;2.000000;2.000000;2.000000;2.000000;2.000000;2.000000,0.138229;0.166389;0.047669;0.092809;0.137909;0.019189;0.080999;0.143349,3.000000;3.000000;2.000000;2.000000;2.000000;2.000000;2.000000;2.000000,0,0,0,0,0,0,0,0,0,0,0,0,0,0,0,0,0,0,0,0,0,0,0,0,0,0,0,0,graph_0003__path_life_0.7000,path_life,0.7,graph_0003,epoch_0003
trace,olsr,0.331404,0.331351,1207,1312,105,586,836,0.247222,0.012444,81.023141,360,89,2,0,0,267,0.353175,586,42236,6.584270,474.561798,0.700000,4.666667,5.000000,5.000000,5.000000;5.000000;5.000000;5.000000;5.000000;5.000000;4.000000;4.000000;4.000000,16,nan,0,3.000000;3.000000;2.000000;2.000000;2.000000;2.000000;2.000000;2.000000,nan;nan;nan;4.956414;0.128933;0.254329;1.227879;1.308677,3.000000;3.000000;2.000000;2.000000;2.000000;2.000000;2.000000;2.000000,351,20996,235,21240,0,0,0,0,0,0,0,0,0,0,0,0,0,0,0,0,0,0,0,0,0,0,0,0,graph_0003__path_life_0.7000,path_life,0.7,graph_0003,epoch_0004
trace,aodv,0.578605,0.578537,2553,2762,105,1017,1250,0.922222,0.046467,75.199870,360,332,4,0,0,424,1.317460,1017,48746,3.063253,146.825301,0.700000,4.666667,5.000000,5.000000,5.000000;5.000000;5.000000;5.000000;5.000000;5.000000;4.000000;4.000000;4.000000,16,nan,0,3.000000;3.000000;2.000000;2.000000;2.000000;2.000000;2.000000;2.000000,1.784304;0.530960;0.038693;1.407067;0.128933;1.512858;1.403650;0.134373,3.000000;3.000000;2.000000;2.000000;2.000000;2.000000;2.000000;2.000000,0,0,0,0,0,0,0,0,0,0,783,37584,101,5252,73,3504,47,2016,13,390,0,0,0,0,0,0,0,0,graph_0003__path_life_0.7000,path_life,0.7,graph_0003,epoch_0004
trace,static,0.262077,0.262070,1078,955,105,0,0,0.658333,0.033046,74.549644,360,237,0,0,0,110,0.940476,0,0,0.000000,0.000000,0.700000,4.666667,5.000000,5.000000,5.000000;5.000000;5.000000;5.000000;5.000000;5.000000;4.000000;4.000000;4.000000,16,nan,0,3.000000;3.000000;2.000000;2.000000;2.000000;2.000000;2.000000;2.000000,0.138229;0.166389;0.047669;0.092809;0.137909;0.019189;0.080999;0.143349,3.000000;3.000000;2.000000;2.000000;2.000000;2.000000;2.000000;2.000000,0,0,0,0,0,0,0,0,0,0,0,0,0,0,0,0,0,0,0,0,0,0,0,0,0,0,0,0,graph_0003__path_life_0.7000,path_life,0.7,graph_0003,epoch_0004
trace,olsr,0.400730,0.400704,1443,1513,105,597,842,0.388889,0.019519,77.516084,360,140,6,0,0,339,0.555556,597,42528,4.264286,303.771429,0.700000,4.666667,5.000000,5.000000,5.000000;5.000000;5.000000;5.000000;5.000000;5.000000;4.000000;4.000000;4.000000,16,nan,0,3.000000;3.000000;2.000000;2.000000;2.000000;2.000000;2.000000;2.000000,nan;1.323237;0.375569;1.394533;0.128933;0.347069;1.391989;1.290229,3.000000;3.000000;2.000000;2.000000;2.000000;2.000000;2.000000;2.000000,349,21008,248,21520,0,0,0,0,0,0,0,0,0,0,0,0,0,0,0,0,0,0,0,0,0,0,0,0,graph_0003__path_life_0.7000,path_life,0.7,graph_0003,epoch_0005
trace,aodv,0.592813,0.592782,2549,2762,105,1013,1250,0.922222,0.046471,75.197303,360,332,4,0,0,405,1.317460,1013,48528,3.051205,146.168675,0.700000,4.666667,5.000000,5.000000,5.000000;5.000000;5.000000;5.000000;5.000000;5.000000;4.000000;4.000000;4.000000,16,nan,0,3.000000;3.000000;2.000000;2.000000;2.000000;2.000000;2.000000;2.000000,1.782252;0.514325;0.038693;1.412587;0.128933;1.503485;1.402030;0.134373,3.000000;3.000000;2.000000;2.000000;2.000000;2.000000;2.000000;2.000000,0,0,0,0,0,0,0,0,0,0,783,37584,100,5200,68,3264,50,2120,12,360,0,0,0,0,0,0,0,0,graph_0003__path_life_0.7000,path_life,0.7,graph_0003,epoch_0005
trace,static,0.266102,0.266094,1078,955,105,0,0,0.658333,0.033043,74.549631,360,237,0,0,0,110,0.940476,0,0,0.000000,0.000000,0.700000,4.666667,5.000000,5.000000,5.000000;5.000000;5.000000;5.000000;5.000000;5.000000;4.000000;4.000000;4.000000,16,nan,0,3.000000;3.000000;2.000000;2.000000;2.000000;2.000000;2.000000;2.000000,0.138229;0.166389;0.047669;0.092809;0.137909;0.019189;0.080999;0.143349,3.000000;3.000000;2.000000;2.000000;2.000000;2.000000;2.000000;2.000000,0,0,0,0,0,0,0,0,0,0,0,0,0,0,0,0,0,0,0,0,0,0,0,0,0,0,0,0,graph_0003__path_life_0.7000,path_life,0.7,graph_0003,epoch_0005
trace,olsr,0.406866,0.406832,1399,1428,105,578,798,0.272222,0.015096,73.444257,360,98,34,0,0,353,0.388889,578,41056,5.897959,418.938776,0.700000,4.666667,5.000000,5.000000,5.000000;5.000000;5.000000;5.000000;5.000000;5.000000;4.000000;4.000000;4.000000,16,nan,0,3.000000;3.000000;2.000000;2.000000;2.000000;2.000000;2.000000;2.000000,2.285831;nan;0.375549;1.251159;0.128933;0.253869;3.185253;nan,3.000000;3.000000;2.000000;2.000000;2.000000;2.000000;2.000000;2.000000,353,21112,225,19944,0,0,0,0,0,0,0,0,0,0,0,0,0,0,0,0,0,0,0,0,0,0,0,0,graph_0003__path_life_0.7000,path_life,0.7,graph_0003,epoch_0002
trace,aodv,0.572493,0.572429,2548,2777,105,1017,1260,0.933333,0.047040,75.202688,360,336,10,0,0,396,1.333333,1017,48724,3.026786,145.011905,0.700000,4.666667,5.000000,5.000000,5.000000;5.000000;5.000000;5.000000;5.000000;5.000000;4.000000;4.000000;4.000000,16,nan,0,3.000000;3.000000;2.000000;2.000000;2.000000;2.000000;2.000000;2.000000,1.466180;0.527901;0.038693;1.410747;0.128933;1.502685;1.399725;0.134373,3.000000;3.000000;2.000000;2.000000;2.000000;2.000000;2.000000;2.000000,0,0,0,0,0,0,0,0,0,0,780,37440,103,5356,72,3456,50,2112,12,360,0,0,0,0,0,0,0,0,graph_0003__path_life_0.7000,path_life,0.7,graph_0003,epoch_0002
trace,static,0.263527,0.263484,1078,955,105,0,0,0.658333,0.033045,74.549592,360,237,0,0,0,112,0.940476,0,0,0.000000,0.000000,0.700000,4.666667,5.000000,5.000000,5.000000;5.000000;5.000000;5.000000;5.000000;5.000000;4.000000;4.000000;4.000000,16,nan,0,3.000000;3.000000;2.000000;2.000000;2.000000;2.000000;2.000000;2.000000,0.138229;0.166389;0.047669;0.092809;0.137909;0.019189;0.080999;0.143349,3.000000;3.000000;2.000000;2.000000;2.000000;2.000000;2.000000;2.000000,0,0,0,0,0,0,0,0,0,0,0,0,0,0,0,0,0,0,0,0,0,0,0,0,0,0,0,0,graph_0003__path_life_0.7000,path_life,0.7,graph_0003,epoch_0002
trace,olsr,0.337619,0.337588,1202,1244,105,570,783,0.227778,0.012107,66.145829,360,82,4,0,0,342,0.759259,570,39480,6.951220,481.463415,0.300000,4.500000,4.500000,5.000000,5.000000;5.000000;4.000000;4.000000,6,1.000000,1,14.000000;14.000000;14.000000,2.236453;2.579914;nan,14.000000;14.000000;14.000000,351,21192,219,18288,0,0,0,0,0,0,0,0,0,0,0,0,0,0,0,0,0,0,0,0,0,0,0,0,graph_0001__path_life_0.3000,path_life,0.3,graph_0001,epoch_0001
trace,aodv,0.519675,0.519556,2423,2593,105,1042,1270,0.633333,0.031910,77.490711,360,228,18,56,0,482,2.111111,1042,49880,4.570175,218.771930,0.300000,4.500000,4.500000,5.000000,5.000000;5.000000;4.000000;4.000000,6,1.000000,1,14.000000;14.000000;14.000000,0.106533;0.931704;0.134373,14.000000;14.000000;14.000000,0,0,0,0,0,0,0,0,0,0,777,37296,115,5980,71,3408,69,2896,10,300,0,0,0,0,0,0,0,0,graph_0001__path_life_0.3000,path_life,0.3,graph_0001,epoch_0001
trace,static,0.116094,0.116080,658,397,105,0,0,0.275000,0.013801,71.704096,360,99,0,0,0,49,0.916667,0,0,0.000000,0.000000,0.300000,4.500000,4.500000,5.000000,5.000000;5.000000;4.000000;4.000000,6,1.000000,1,14.000000;14.000000;14.000000,0.115509;0.120949;0.193914,14.000000;14.000000;14.000000,0,0,0,0,0,0,0,0,0,0,0,0,0,0,0,0,0,0,0,0,0,0,0,0,0,0,0,0,graph_0001__path_life_0.3000,path_life,0.3,graph_0001,epoch_0001
trace,olsr,0.366666,0.366647,1303,1316,105,570,773,0.283333,0.014223,69.188587,360,102,9,0,0,414,0.944444,570,39064,5.588235,382.980392,0.300000,4.500000,4.500000,5.000000,5.000000;5.000000;4.000000;4.000000,6,1.000000,1,14.000000;14.000000;14.000000,0.106533;nan;1.290229,14.000000;14.000000;14.000000,349,21184,221,17880,0,0,0,0,0,0,0,0,0,0,0,0,0,0,0,0,0,0,0,0,0,0,0,0,graph_0001__path_life_0.3000,path_life,0.3,graph_0001,epoch_0003
trace,aodv,0.516749,0.516606,2414,2608,105,1025,1258,0.700000,0.035281,75.320011,360,252,13,56,0,472,2.333333,1025,49160,4.067460,195.079365,0.300000,4.500000,4.500000,5.000000,5.000000;5.000000;4.000000;4.000000,6,1.000000,1,14.000000;14.000000;14.000000,0.106533;0.938724;0.134373,14.000000;14.000000;14.000000,0,0,0,0,0,0,0,0,0,0,777,37296,115,5980,67,3216,56,2368,10,300,0,0,0,0,0,0,0,0,graph_0001__path_life_0.3000,path_life,0.3,graph_0001,epoch_0003
trace,static,0.115086,0.115071,658,397,105,0,0,0.275000,0.013805,71.704328,360,99,0,0,0,48,0.916667,0,0,0.000000,0.000000,0.300000,4.500000,4.500000,5.000000,5.000000;5.000000;4.000000;4.000000,6,1.000000,1,14.000000;14.000000;14.000000,0.115509;0.120949;0.202128,14.000000;14.000000;14.000000,0,0,0,0,0,0,0,0,0,0,0,0,0,0,0,0,0,0,0,0,0,0,0,0,0,0,0,0,graph_0001__path_life_0.3000,path_life,0.3,graph_0001,epoch_0003
trace,olsr,0.357576,0.357177,1282,1300,105,575,783,0.283333,0.014220,72.846347,360,102,0,0,0,351,0.944444,575,39960,5.637255,391.764706,0.300000,4.500000,4.500000,5.000000,5.000000;5.000000;4.000000;4.000000,6,1.000000,1,14.000000;14.000000;14.000000,1.590069;3.078775;0.134373,14.000000;14.000000;14.000000,346,20976,229,18984,0,0,0,0,0,0,0,0,0,0,0,0,0,0,0,0,0,0,0,0,0,0,0,0,graph_0001__path_life_0.3000,path_life,0.3,graph_0001,epoch_0004
trace,aodv,0.526944,0.526333,2421,2639,105,1024,1270,0.761111,0.038356,76.589377,360,274,2,56,0,415,2.537037,1024,49148,3.737226,179.372263,0.300000,4.500000,4.500000,5.000000,5.000000;5.000000;4.000000;4.000000,6,1.000000,1,14.000000;14.000000;14.000000,0.106533;0.929244;0.134373,14.000000;14.000000;14.000000,0,0,0,0,0,0,0,0,0,0,778,37344,113,5876,70,3360,55,2328,8,240,0,0,0,0,0,0,0,0,graph_0001__path_life_0.3000,path_life,0.3,graph_0001,epoch_0004
trace,static,0.115653,0.115578,658,397,105,0,0,0.275000,0.013802,71.704242,360,99,0,0,0,48,0.916667,0,0,0.000000,0.000000,0.300000,4.500000,4.500000,5.000000,5.000000;5.000000;4.000000;4.000000,6,1.000000,1,14.000000;14.000000;14.000000,0.115509;0.120949;0.207454,14.000000;14.000000;14.000000,0,0,0,0,0,0,0,0,0,0,0,0,0,0,0,0,0,0,0,0,0,0,0,0,0,0,0,0,graph_0001__path_life_0.3000,path_life,0.3,graph_0001,epoch_0004
trace,olsr,0.382727,0.382706,1377,1389,105,565,765,0.322222,0.016173,70.006640,360,116,16,0,0,394,1.074074,565,39156,4.870690,337.551724,0.300000,4.500000,4.500000,5.000000,5.000000;5.000000;4.000000;4.000000,6,1.000000,1,14.000000;14.000000;14.000000,0.106533;2.897533;0.134373,14.000000;14.000000;14.000000,353,21424,212,17732,0,0,0,0,0,0,0,0,0,0,0,0,0,0,0,0,0,0,0,0,0,0,0,0,graph_0001__path_life_0.3000,path_life,0.3,graph_0001,epoch_0005
trace,aodv,0.514254,0.514123,2420,2594,105,1027,1256,0.683333,0.035010,76.046308,360,246,3,56,0,488,2.277778,1027,49304,4.174797,200.422764,0.300000,4.500000,4.500000,5.000000,5.000000;5.000000;4.000000;4.000000,6,1.000000,1,14.000000;14.000000;14.000000,0.106533;0.927928;0.134373,14.000000;14.000000;14.000000,0,0,0,0,0,0,0,0,0,0,777,37296,117,6084,70,3360,53,2264,10,300,0,0,0,0,0,0,0,0,graph_0001__path_life_0.3000,path_life,0.3,graph_0001,epoch_0005
trace,static,0.115113,0.115104,658,397,105,0,0,0.275000,0.013803,71.704239,360,99,0,0,0,48,0.916667,0,0,0.000000,0.000000,0.300000,4.500000,4.500000,5.000000,5.000000;5.000000;4.000000;4.000000,6,1.000000,1,14.000000;14.000000;14.000000,0.115509;0.120949;0.201254,14.000000;14.000000;14.000000,0,0,0,0,0,0,0,0,0,0,0,0,0,0,0,0,0,0,0,0,0,0,0,0,0,0,0,0,graph_0001__path_life_0.3000,path_life,0.3,graph_0001,epoch_0005
trace,olsr,0.402142,0.402139,1390,1430,105,578,807,0.347222,0.017428,71.947308,360,125,1,0,0,360,1.157407,578,41164,4.624000,329.312000,0.300000,4.500000,4.500000,5.000000,5.000000;5.000000;4.000000;4.000000,6,1.000000,1,14.000000;14.000000;14.000000,0.106533;2.259575;0.134373,14.000000;14.000000;14.000000,346,20996,232,20168,0,0,0,0,0,0,0,0,0,0,0,0,0,0,0,0,0,0,0,0,0,0,0,0,graph_0001__path_life_0.3000,path_life,0.3,graph_0001,epoch_0002
trace,aodv,0.527167,0.526969,2427,2606,105,1055,1283,0.633333,0.031916,77.491139,360,228,27,56,0,449,2.111111,1055,50376,4.627193,220.947368,0.300000,4.500000,4.500000,5.000000,5.000000;5.000000;4.000000;4.000000,6,1.000000,1,14.000000;14.000000;14.000000,0.106533;0.932589;0.134373,14.000000;14.000000;14.000000,0,0,0,0,0,0,0,0,0,0,777,37296,113,5876,71,3408,84,3496,10,300,0,0,0,0,0,0,0,0,graph_0001__path_life_0.3000,path_life,0.3,graph_0001,epoch_0002
trace,static,0.115397,0.115386,658,397,105,0,0,0.275000,0.013803,71.704313,360,99,0,0,0,48,0.916667,0,0,0.000000,0.000000,0.300000,4.500000,4.500000,5.000000,5.000000;5.000000;4.000000;4.000000,6,1.000000,1,14.000000;14.000000;14.000000,0.115509;0.120949;0.208874,14.000000;14.000000;14.000000,0,0,0,0,0,0,0,0,0,0,0,0,0,0,0,0,0,0,0,0,0,0,0,0,0,0,0,0,graph_0001__path_life_0.3000,path_life,0.3,graph_0001,epoch_0002
trace,olsr,0.482676,0.482650,1683,1762,105,599,896,0.375000,0.018874,70.941233,360,135,5,0,0,554,1.250000,599,43084,4.437037,319.140741,0.300000,4.500000,4.500000,5.000000,5.000000;5.000000;4.000000;4.000000,6,0.857143,1,14.000000;14.000000;14.000000,1.280341;0.111973;0.134373,14.000000;14.000000;14.000000,339,20836,260,22248,0,0,0,0,0,0,0,0,0,0,0,0,0,0,0,0,0,0,0,0,0,0,0,0,graph_0002__path_life_0.3000,path_life,0.3,graph_0002,epoch_0001
trace,aodv,0.560251,0.560114,2515,2848,105,1150,1553,0.594444,0.029954,74.175020,360,214,20,56,0,623,1.981481,1150,55162,5.373832,257.766355,0.300000,4.500000,4.500000,5.000000,5.000000;5.000000;4.000000;4.000000,6,0.857143,1,14.000000;14.000000;14.000000,1.441171;1.903572;0.134373,14.000000;14.000000;14.000000,0,0,0,0,0,0,0,0,0,0,722,34656,211,10972,97,4656,107,4488,13,390,0,0,0,0,0,0,0,0,graph_0002__path_life_0.3000,path_life,0.3,graph_0002,epoch_0001
trace,static,0.122540,0.122532,655,391,105,0,0,0.266667,0.013384,71.136138,360,96,0,0,0,51,0.888889,0,0,0.000000,0.000000,0.300000,4.500000,4.500000,5.000000,5.000000;5.000000;4.000000;4.000000,6,0.857143,1,14.000000;14.000000;14.000000,0.160548;0.120949;0.143349,14.000000;14.000000;14.000000,0,0,0,0,0,0,0,0,0,0,0,0,0,0,0,0,0,0,0,0,0,0,0,0,0,0,0,0,graph_0002__path_life_0.3000,path_life,0.3,graph_0002,epoch_0001
trace,olsr,0.401963,0.401910,1409,1506,105,585,867,0.222222,0.011183,64.962131,360,80,38,0,0,409,0.740741,585,41716,7.312500,521.450000,0.300000,4.500000,4.500000,5.000000,5.000000;5.000000;4.000000;4.000000,6,0.857143,1,14.000000;14.000000;14.000000,1.271365;2.603957;0.220795,14.000000;14.000000;14.000000,344,21256,241,20460,0,0,0,0,0,0,0,0,0,0,0,0,0,0,0,0,0,0,0,0,0,0,0,0,graph_0002__path_life_0.3000,path_life,0.3,graph_0002,epoch_0003
trace,aodv,0.553153,0.553112,2497,2836,105,1122,1539,0.597222,0.030095,74.264897,360,215,11,56,0,592,1.990741,1122,53978,5.218605,251.060465,0.300000,4.500000,4.500000,5.000000,5.000000;5.000000;4.000000;4.000000,6,0.857143,1,14.000000;14.000000;14.000000,1.433121;1.900132;0.134373,14.000000;14.000000;14.000000,0,0,0,0,0,0,0,0,0,0,721,34608,208,10816,100,4800,78,3304,15,450,0,0,0,0,0,0,0,0,graph_0002__path_life_0.3000,path_life,0.3,graph_0002,epoch_0003
trace,static,0.117348,0.117334,655,391,105,0,0,0.266667,0.013383,71.136021,360,96,0,0,0,51,0.888889,0,0,0.000000,0.000000,0.300000,4.500000,4.500000,5.000000,5.000000;5.000000;4.000000;4.000000,6,0.857143,1,14.000000;14.000000;14.000000,0.154934;0.120949;0.143349,14.000000;14.000000;14.000000,0,0,0,0,0,0,0,0,0,0,0,0,0,0,0,0,0,0,0,0,0,0,0,0,0,0,0,0,graph_0002__path_life_0.3000,path_life,0.3,graph_0002,epoch_0003
trace,olsr,0.438141,0.437619,1532,1633,105,607,909,0.313889,0.015843,67.175491,360,113,17,0,0,484,1.046296,607,43448,5.371681,384.495575,0.300000,4.500000,4.500000,5.000000,5.000000;5.000000;4.000000;4.000000,6,0.857143,1,14.000000;14.000000;14.000000,1.280341;2.414709;0.134373,14.000000;14.000000;14.000000,335,20688,272,22760,0,0,0,0,0,0,0,0,0,0,0,0,0,0,0,0,0,0,0,0,0,0,0,0,graph_0002__path_life_0.3000,path_life,0.3,graph_0002,epoch_0004
trace,aodv,0.557407,0.557065,2495,2832,105,1122,1538,0.594444,0.029949,74.176052,360,214,11,56,0,574,1.981481,1122,53916,5.242991,251.943925,0.300000,4.500000,4.500000,5.000000,5.000000;5.000000;4.000000;4.000000,6,0.857143,1,14.000000;14.000000;14.000000,1.444245;1.897992;0.134373,14.000000;14.000000;14.000000,0,0,0,0,0,0,0,0,0,0,726,34848,202,10504,95,4560,85,3584,14,420,0,0,0,0,0,0,0,0,graph_0002__path_life_0.3000,path_life,0.3,graph_0002,epoch_0004
trace,static,0.116708,0.116700,655,391,105,0,0,0.266667,0.013384,71.136195,360,96,0,0,0,51,0.888889,0,0,0.000000,0.000000,0.300000,4.500000,4.500000,5.000000,5.000000;5.000000;4.000000;4.000000,6,0.857143,1,14.000000;14.000000;14.000000,0.164814;0.120949;0.143349,14.000000;14.000000;14.000000,0,0,0,0,0,0,0,0,0,0,0,0,0,0,0,0,0,0,0,0,0,0,0,0,0,0,0,0,graph_0002__path_life_0.3000,path_life,0.3,graph_0002,epoch_0004
trace,olsr,0.419484,0.419052,1458,1559,105,596,895,0.225000,0.011326,69.339932,360,81,35,0,0,498,0.750000,596,42856,7.358025,529.086420,0.300000,4.500000,4.500000,5.000000,5.000000;5.000000;4.000000;4.000000,6,0.857143,1,14.000000;14.000000;14.000000,nan;3.397749;0.134373,14.000000;14.000000;14.000000,339,20912,257,21944,0,0,0,0,0,0,0,0,0,0,0,0,0,0,0,0,0,0,0,0,0,0,0,0,graph_0002__path_life_0.3000,path_life,0.3,graph_0002,epoch_0005
trace,aodv,0.558111,0.557643,2504,2829,105,1139,1557,0.561111,0.028281,75.361710,360,202,9,56,0,592,1.870370,1139,54782,5.638614,271.198020,0.300000,4.500000,4.500000,5.000000,5.000000;5.000000;4.000000;4.000000,6,0.857143,1,14.000000;14.000000;14.000000,1.439142;1.898384;0.134373,14.000000;14.000000;14.000000,0,0,0,0,0,0,0,0,0,0,725,34800,214,11128,103,4944,80,3400,17,510,0,0,0,0,0,0,0,0,graph_0002__path_life_0.3000,path_life,0.3,graph_0002,epoch_0005
trace,static,0.117382,0.117306,655,391,105,0,0,0.266667,0.013386,71.136151,360,96,0,0,0,50,0.888889,0,0,0.000000,0.000000,0.300000,4.500000,4.500000,5.000000,5.000000;5.000000;4.000000;4.000000,6,0.857143,1,14.000000;14.000000;14.000000,0.153662;0.120949;0.143349,14.000000;14.000000;14.000000,0,0,0,0,0,0,0,0,0,0,0,0,0,0,0,0,0,0,0,0,0,0,0,0,0,0,0,0,graph_0002__path_life_0.3000,path_life,0.3,graph_0002,epoch_0005
trace,olsr,0.336167,0.335808,1186,1353,105,604,905,0.186111,0.012902,59.097526,360,67,17,0,0,344,0.620370,604,42412,9.014925,633.014925,0.300000,4.500000,4.500000,5.000000,5.000000;5.000000;4.000000;4.000000,6,0.857143,1,14.000000;14.000000;14.000000,nan;2.742119;nan,14.000000;14.000000;14.000000,341,21148,263,21264,0,0,0,0,0,0,0,0,0,0,0,0,0,0,0,0,0,0,0,0,0,0,0,0,graph_0002__path_life_0.3000,path_life,0.3,graph_0002,epoch_0002
trace,aodv,0.564341,0.563852,2491,2798,105,1110,1498,0.600000,0.030233,74.229405,360,216,7,56,0,575,2.000000,1110,53380,5.138889,247.129630,0.300000,4.500000,4.500000,5.000000,5.000000;5.000000;4.000000;4.000000,6,0.857143,1,14.000000;14.000000;14.000000,1.445856;1.899469;0.134373,14.000000;14.000000;14.000000,0,0,0,0,0,0,0,0,0,0,727,34896,200,10400,89,4272,80,3392,14,420,0,0,0,0,0,0,0,0,graph_0002__path_life_0.3000,path_life,0.3,graph_0002,epoch_0002
trace,static,0.119155,0.118979,655,391,105,0,0,0.266667,0.013384,71.136185,360,96,0,0,0,50,0.888889,0,0,0.000000,0.000000,0.300000,4.500000,4.500000,5.000000,5.000000;5.000000;4.000000;4.000000,6,0.857143,1,14.000000;14.000000;14.000000,0.166074;0.120949;0.143349,14.000000;14.000000;14.000000,0,0,0,0,0,0,0,0,0,0,0,0,0,0,0,0,0,0,0,0,0,0,0,0,0,0,0,0,graph_0002__path_life_0.3000,path_life,0.3,graph_0002,epoch_0002
trace,olsr,0.306553,0.306536,1121,1376,105,650,1048,0.077778,0.015798,50.291615,360,28,27,0,0,242,0.777778,650,50908,23.214286,1818.142857,0.100000,3.000000,3.000000,3.000000,3.000000;3.000000,2,1.000000,1,54.000000,nan,54.000000,325,20680,325,30228,0,0,0,0,0,0,0,0,0,0,0,0,0,0,0,0,0,0,0,0,0,0,0,0,graph_0005__path_life_0.1000,path_life,0.1,graph_0005,epoch_0001
trace,aodv,0.319022,0.318979,1674,2066,105,989,1444,0.183333,0.009615,74.770595,360,66,0,231,0,302,1.833333,989,47610,14.984848,721.363636,0.100000,3.000000,3.000000,3.000000,3.000000;3.000000,2,1.000000,1,54.000000,nan,54.000000,0,0,0,0,0,0,0,0,0,0,775,37200,116,6032,36,1728,55,2440,7,210,0,0,0,0,0,0,0,0,graph_0005__path_life_0.1000,path_life,0.1,graph_0005,epoch_0001
trace,static,0.041946,0.041921,449,118,105,0,0,0.080556,0.004043,69.839536,360,29,0,0,0,11,0.805556,0,0,0.000000,0.000000,0.100000,3.000000,3.000000,3.000000,3.000000;3.000000,2,1.000000,1,54.000000,0.177994,54.000000,0,0,0,0,0,0,0,0,0,0,0,0,0,0,0,0,0,0,0,0,0,0,0,0,0,0,0,0,graph_0005__path_life_0.1000,path_life,0.1,graph_0005,epoch_0001
trace,olsr,0.286911,0.286904,1004,1243,105,655,1051,0.025000,0.005076,52.291727,360,9,24,0,0,219,0.250000,655,51320,72.777778,5702.222222,0.100000,3.000000,3.000000,3.000000,3.000000;3.000000,2,1.000000,1,54.000000,nan,54.000000,317,20256,338,31064,0,0,0,0,0,0,0,0,0,0,0,0,0,0,0,0,0,0,0,0,0,0,0,0,graph_0005__path_life_0.1000,path_life,0.1,graph_0005,epoch_0003
trace,aodv,0.331746,0.331727,1725,2145,105,998,1466,0.222222,0.011195,79.684122,360,80,1,231,0,270,2.222222,998,47990,12.475000,599.875000,0.100000,3.000000,3.000000,3.000000,3.000000;3.000000,2,1.000000,1,54.000000,0.117413,54.000000,0,0,0,0,0,0,0,0,0,0,772,37056,118,6136,39,1872,60,2656,9,270,0,0,0,0,0,0,0,0,graph_0005__path_life_0.1000,path_life,0.1,graph_0005,epoch_0003
trace,static,0.041826,0.041825,449,118,105,0,0,0.080556,0.004043,69.839220,360,29,0,0,0,11,0.805556,0,0,0.000000,0.000000,0.100000,3.000000,3.000000,3.000000,3.000000;3.000000,2,1.000000,1,54.000000,0.175114,54.000000,0,0,0,0,0,0,0,0,0,0,0,0,0,0,0,0,0,0,0,0,0,0,0,0,0,0,0,0,graph_0005__path_life_0.1000,path_life,0.1,graph_0005,epoch_0003
trace,olsr,0.302852,0.302823,1150,1393,105,648,1039,0.080556,0.011259,50.841846,360,29,49,0,0,261,0.805556,648,51308,22.344828,1769.241379,0.100000,3.000000,3.000000,3.000000,3.000000;3.000000,2,1.000000,1,54.000000,nan,54.000000,320,20600,328,30708,0,0,0,0,0,0,0,0,0,0,0,0,0,0,0,0,0,0,0,0,0,0,0,0,graph_0005__path_life_0.1000,path_life,0.1,graph_0005,epoch_0004
trace,aodv,0.331024,0.331017,1772,2191,105,1077,1550,0.161111,0.008449,71.023872,360,58,17,231,0,329,1.611111,1077,51596,18.568966,889.586207,0.100000,3.000000,3.000000,3.000000,3.000000;3.000000,2,1.000000,1,54.000000,nan,54.000000,0,0,0,0,0,0,0,0,0,0,757,36336,150,7800,64,3072,96,4088,10,300,0,0,0,0,0,0,0,0,graph_0005__path_life_0.1000,path_life,0.1,graph_0005,epoch_0004
trace,static,0.041335,0.041328,449,118,105,0,0,0.080556,0.004043,69.839021,360,29,0,0,0,11,0.805556,0,0,0.000000,0.000000,0.100000,3.000000,3.000000,3.000000,3.000000;3.000000,2,1.000000,1,54.000000,0.173194,54.000000,0,0,0,0,0,0,0,0,0,0,0,0,0,0,0,0,0,0,0,0,0,0,0,0,0,0,0,0,graph_0005__path_life_0.1000,path_life,0.1,graph_0005,epoch_0004
trace,olsr,0.248350,0.248343,913,1181,105,644,1032,0.033333,0.006768,52.131490,360,12,9,0,0,164,0.333333,644,50364,53.666667,4197.000000,0.100000,3.000000,3.000000,3.000000,3.000000;3.000000,2,1.000000,1,54.000000,nan,54.000000,324,20728,320,29636,0,0,0,0,0,0,0,0,0,0,0,0,0,0,0,0,0,0,0,0,0,0,0,0,graph_0005__path_life_0.1000,path_life,0.1,graph_0005,epoch_0005
trace,aodv,0.319002,0.318979,1708,2111,105,1022,1477,0.202778,0.010218,81.705691,360,73,4,231,0,270,2.027778,1022,49034,14.000000,671.698630,0.100000,3.000000,3.000000,3.000000,3.000000;3.000000,2,1.000000,1,54.000000,0.117413,54.000000,0,0,0,0,0,0,0,0,0,0,771,37008,121,6292,48,2304,73,3160,9,270,0,0,0,0,0,0,0,0,graph_0005__path_life_0.1000,path_life,0.1,graph_0005,epoch_0005
trace,static,0.042510,0.042507,449,118,105,0,0,0.080556,0.004043,69.839266,360,29,0,0,0,11,0.805556,0,0,0.000000,0.000000,0.100000,3.000000,3.000000,3.000000,3.000000;3.000000,2,1.000000,1,54.000000,0.172128,54.000000,0,0,0,0,0,0,0,0,0,0,0,0,0,0,0,0,0,0,0,0,0,0,0,0,0,0,0,0,graph_0005__path_life_0.1000,path_life,0.1,graph_0005,epoch_0005
trace,olsr,0.283500,0.283446,1003,1258,105,658,1055,0.025000,0.005631,49.559854,360,9,42,0,0,219,0.250000,658,51028,73.111111,5669.777778,0.100000,3.000000,3.000000,3.000000,3.000000;3.000000,2,1.000000,1,54.000000,nan,54.000000,323,20624,335,30404,0,0,0,0,0,0,0,0,0,0,0,0,0,0,0,0,0,0,0,0,0,0,0,0,graph_0005__path_life_0.1000,path_life,0.1,graph_0005,epoch_0002
trace,aodv,0.324102,0.323942,1718,2156,105,997,1474,0.222222,0.011198,79.681078,360,80,10,231,0,233,2.222222,997,47914,12.462500,598.925000,0.100000,3.000000,3.000000,3.000000,3.000000;3.000000,2,1.000000,1,54.000000,0.117413,54.000000,0,0,0,0,0,0,0,0,0,0,773,37104,120,6240,34,1632,63,2728,7,210,0,0,0,0,0,0,0,0,graph_0005__path_life_0.1000,path_life,0.1,graph_0005,epoch_0002
trace,static,0.040683,0.040682,449,118,105,0,0,0.080556,0.004043,69.839332,360,29,0,0,0,11,0.805556,0,0,0.000000,0.000000,0.100000,3.000000,3.000000,3.000000,3.000000;3.000000,2,1.000000,1,54.000000,0.176034,54.000000,0,0,0,0,0,0,0,0,0,0,0,0,0,0,0,0,0,0,0,0,0,0,0,0,0,0,0,0,graph_0005__path_life_0.1000,path_life,0.1,graph_0005,epoch_0002
trace,olsr,0.399121,0.398975,1444,1486,105,560,711,0.155556,0.007807,69.377828,360,56,14,0,0,267,1.555556,560,36876,10.000000,658.500000,0.100000,3.000000,3.000000,3.000000,3.000000;3.000000,2,nan,0,54.000000,0.117413,54.000000,356,21148,192,15056,0,0,0,0,12,672,0,0,0,0,0,0,0,0,0,0,0,0,0,0,0,0,0,0,graph_0003__path_life_0.1000,path_life,0.1,graph_0003,epoch_0001
trace,aodv,0.412745,0.412701,2093,2237,105,1070,1264,0.391667,0.019736,76.054207,360,141,1,168,0,434,3.916667,1070,51500,7.588652,365.248227,0.100000,3.000000,3.000000,3.000000,3.000000;3.000000,2,nan,0,54.000000,1.452893,54.000000,0,0,0,0,0,0,0,0,0,0,749,35952,162,8424,89,4272,56,2432,14,420,0,0,0,0,0,0,0,0,graph_0003__path_life_0.1000,path_life,0.1,graph_0003,epoch_0001
trace,static,0.041094,0.041088,447,116,105,0,0,0.080556,0.004043,69.839768,360,29,0,0,0,12,0.805556,0,0,0.000000,0.000000,0.100000,3.000000,3.000000,3.000000,3.000000;3.000000,2,nan,0,54.000000,0.187574,54.000000,0,0,0,0,0,0,0,0,0,0,0,0,0,0,0,0,0,0,0,0,0,0,0,0,0,0,0,0,graph_0003__path_life_0.1000,path_life,0.1,graph_0003,epoch_0001
trace,olsr,0.235635,0.235620,942,1025,105,557,720,0.113889,0.005847,58.424517,360,41,27,0,0,223,1.138889,557,36444,13.585366,888.878049,0.100000,3.000000,3.000000,3.000000,3.000000;3.000000,2,nan,0,54.000000,0.290229,54.000000,358,21240,199,15204,0,0,0,0,0,0,0,0,0,0,0,0,0,0,0,0,0,0,0,0,0,0,0,0,graph_0003__path_life_0.1000,path_life,0.1,graph_0003,epoch_0003
trace,aodv,0.402267,0.402243,2070,2173,105,1099,1260,0.327778,0.016518,76.823843,360,118,9,175,0,464,3.277778,1099,52796,9.313559,447.423729,0.100000,3.000000,3.000000,3.000000,3.000000;3.000000,2,nan,0,54.000000,1.447380,54.000000,0,0,0,0,0,0,0,0,0,0,748,35904,173,8996,87,4176,79,3360,12,360,0,0,0,0,0,0,0,0,graph_0003__path_life_0.1000,path_life,0.1,graph_0003,epoch_0003
trace,static,0.040622,0.040614,447,116,105,0,0,0.080556,0.004043,69.839550,360,29,0,0,0,12,0.805556,0,0,0.000000,0.000000,0.100000,3.000000,3.000000,3.000000,3.000000;3.000000,2,nan,0,54.000000,0.180074,54.000000,0,0,0,0,0,0,0,0,0,0,0,0,0,0,0,0,0,0,0,0,0,0,0,0,0,0,0,0,graph_0003__path_life_0.1000,path_life,0.1,graph_0003,epoch_0003
trace,olsr,0.451920,0.451842,1629,1657,105,580,743,0.152778,0.007669,69.632681,360,55,12,0,0,289,1.527778,580,38428,10.545455,698.690909,0.100000,3.000000,3.000000,3.000000,3.000000;3.000000,2,nan,0,54.000000,0.030134,54.000000,359,21472,205,16060,0,0,0,0,16,896,0,0,0,0,0,0,0,0,0,0,0,0,0,0,0,0,0,0,graph_0003__path_life_0.1000,path_life,0.1,graph_0003,epoch_0004
trace,aodv,0.460472,0.460309,2241,2328,105,1099,1274,0.433333,0.021834,77.865790,360,156,4,112,0,549,4.333333,1099,52830,7.044872,338.653846,0.100000,3.000000,3.000000,3.000000,3.000000;3.000000,2,nan,0,54.000000,1.616308,54.000000,0,0,0,0,0,0,0,0,0,0,753,36144,154,8008,114,5472,65,2816,13,390,0,0,0,0,0,0,0,0,graph_0003__path_life_0.1000,path_life,0.1,graph_0003,epoch_0004
trace,static,0.039904,0.039902,447,116,105,0,0,0.080556,0.004044,69.840636,360,29,0,0,0,11,0.805556,0,0,0.000000,0.000000,0.100000,3.000000,3.000000,3.000000,3.000000;3.000000,2,nan,0,54.000000,0.206274,54.000000,0,0,0,0,0,0,0,0,0,0,0,0,0,0,0,0,0,0,0,0,0,0,0,0,0,0,0,0,graph_0003__path_life_0.1000,path_life,0.1,graph_0003,epoch_0004
trace,olsr,0.301283,0.301270,1084,1106,105,560,728,0.136111,0.006988,64.983974,360,49,17,0,0,302,1.361111,560,37712,11.428571,769.632653,0.100000,3.000000,3.000000,3.000000,3.000000;3.000000,2,nan,0,54.000000,0.290229,54.000000,355,21160,205,16552,0,0,0,0,0,0,0,0,0,0,0,0,0,0,0,0,0,0,0,0,0,0,0,0,graph_0003__path_life_0.1000,path_life,0.1,graph_0003,epoch_0005
trace,aodv,0.419601,0.419477,2115,2255,105,1106,1303,0.347222,0.017496,76.141666,360,125,10,168,0,383,3.472222,1106,52990,8.848000,423.920000,0.100000,3.000000,3.000000,3.000000,3.000000;3.000000,2,nan,0,54.000000,1.445104,54.000000,0,0,0,0,0,0,0,0,0,0,742,35616,168,8736,93,4464,90,3784,13,390,0,0,0,0,0,0,0,0,graph_0003__path_life_0.1000,path_life,0.1,graph_0003,epoch_0005
trace,static,0.040602,0.040600,447,116,105,0,0,0.080556,0.004043,69.840005,360,29,0,0,0,12,0.805556,0,0,0.000000,0.000000,0.100000,3.000000,3.000000,3.000000,3.000000;3.000000,2,nan,0,54.000000,0.192694,54.000000,0,0,0,0,0,0,0,0,0,0,0,0,0,0,0,0,0,0,0,0,0,0,0,0,0,0,0,0,graph_0003__path_life_0.1000,path_life,0.1,graph_0003,epoch_0005
trace,olsr,0.372726,0.372595,1425,1458,105,574,741,0.180556,0.009063,73.636111,360,65,10,0,0,320,1.805556,574,38068,8.830769,585.661538,0.100000,3.000000,3.000000,3.000000,3.000000;3.000000,2,nan,0,54.000000,0.117413,54.000000,359,21336,205,16172,0,0,0,0,10,560,0,0,0,0,0,0,0,0,0,0,0,0,0,0,0,0,0,0,graph_0003__path_life_0.1000,path_life,0.1,graph_0003,epoch_0002
trace,aodv,0.442211,0.442120,2184,2230,105,1108,1256,0.363889,0.018340,78.299847,360,131,8,119,0,517,3.638889,1108,53230,8.458015,406.335878,0.100000,3.000000,3.000000,3.000000,3.000000;3.000000,2,nan,0,54.000000,1.624348,54.000000,0,0,0,0,0,0,0,0,0,0,746,35808,162,8424,115,5520,72,3088,13,390,0,0,0,0,0,0,0,0,graph_0003__path_life_0.1000,path_life,0.1,graph_0003,epoch_0002
trace,static,0.040341,0.040339,447,116,105,0,0,0.080556,0.004044,69.839458,360,29,0,0,0,12,0.805556,0,0,0.000000,0.000000,0.100000,3.000000,3.000000,3.000000,3.000000;3.000000,2,nan,0,54.000000,0.172634,54.000000,0,0,0,0,0,0,0,0,0,0,0,0,0,0,0,0,0,0,0,0,0,0,0,0,0,0,0,0,graph_0003__path_life_0.1000,path_life,0.1,graph_0003,epoch_0002
trace,olsr,0.523035,0.522830,1891,2107,105,587,924,0.658333,0.033046,74.759198,360,237,1,0,0,410,0.940476,587,42832,2.476793,180.725738,0.700000,4.666667,5.000000,5.000000,5.000000;5.000000;5.000000;5.000000;5.000000;5.000000;4.000000;4.000000;4.000000,16,nan,0,3.000000;3.000000;2.000000;2.000000;2.000000;2.000000;2.000000;2.000000,0.129253;3.279079;0.038693;0.083813;1.284789;0.010213;0.253815;0.134373,3.000000;3.000000;2.000000;2.000000;2.000000;2.000000;2.000000;2.000000,341,21296,244,21424,0,0,0,0,2,112,0,0,0,0,0,0,0,0,0,0,0,0,0,0,0,0,0,0,graph_0004__path_life_0.7000,path_life,0.7,graph_0004,epoch_0001
trace,aodv,0.621877,0.621826,2567,2991,105,1115,1584,0.852778,0.042974,74.231856,360,307,8,0,0,473,1.218254,1115,53366,3.631922,173.830619,0.700000,4.666667,5.000000,5.000000,5.000000;5.000000;5.000000;5.000000;5.000000;5.000000;4.000000;4.000000;4.000000,16,nan,0,3.000000;3.000000;2.000000;2.000000;2.000000;2.000000;2.000000;2.000000,0.129253;0.157413;0.038693;0.083813;1.449288;0.010213;0.087952;0.134373,3.000000;3.000000;2.000000;2.000000;2.000000;2.000000;2.000000;2.000000,0,0,0,0,0,0,0,0,0,0,766,36768,134,6968,124,5952,74,3168,17,510,0,0,0,0,0,0,0,0,graph_0004__path_life_0.7000,path_life,0.7,graph_0004,epoch_0001
trace,static,0.265870,0.265858,1067,938,105,0,0,0.641667,0.032210,73.982642,360,231,0,0,0,132,0.916667,0,0,0.000000,0.000000,0.700000,4.666667,5.000000,5.000000,5.000000;5.000000;5.000000;5.000000;5.000000;5.000000;4.000000;4.000000;4.000000,16,nan,0,3.000000;3.000000;2.000000;2.000000;2.000000;2.000000;2.000000;2.000000,0.138229;0.228154;0.047669;0.092789;0.137949;0.018919;0.081269;0.143349,3.000000;3.000000;2.000000;2.000000;2.000000;2.000000;2.000000;2.000000,0,0,0,0,0,0,0,0,0,0,0,0,0,0,0,0,0,0,0,0,0,0,0,0,0,0,0,0,graph_0004__path_life_0.7000,path_life,0.7,graph_0004,epoch_0001
trace,olsr,0.472160,0.472118,1733,1944,105,597,944,0.533333,0.026768,75.049601,360,192,24,0,0,407,0.761905,597,43824,3.109375,228.250000,0.700000,4.666667,5.000000,5.000000,5.000000;5.000000;5.000000;5.000000;5.000000;5.000000;4.000000;4.000000;4.000000,16,nan,0,3.000000;3.000000;2.000000;2.000000;2.000000;2.000000;2.000000;2.000000,0.129253;3.279079;0.038693;0.083813;1.284789;0.010213;0.253815;0.134373,3.000000;3.000000;2.000000;2.000000;2.000000;2.000000;2.000000;2.000000,344,21484,253,22340,0,0,0,0,0,0,0,0,0,0,0,0,0,0,0,0,0,0,0,0,0,0,0,0,graph_0004__path_life_0.7000,path_life,0.7,graph_0004,epoch_0003
trace,aodv,0.606618,0.606560,2555,2990,105,1114,1584,0.863889,0.043523,74.400926,360,311,14,0,0,431,1.234127,1114,53230,3.581994,171.157556,0.700000,4.666667,5.000000,5.000000,5.000000;5.000000;5.000000;5.000000;5.000000;5.000000;4.000000;4.000000;4.000000,16,nan,0,3.000000;3.000000;2.000000;2.000000;2.000000;2.000000;2.000000;2.000000,0.129253;0.010211;0.038693;0.083813;1.470036;0.010213;0.072293;0.134373,3.000000;3.000000;2.000000;2.000000;2.000000;2.000000;2.000000;2.000000,0,0,0,0,0,0,0,0,0,0,770,36960,127,6604,123,5904,79,3312,15,450,0,0,0,0,0,0,0,0,graph_0004__path_life_0.7000,path_life,0.7,graph_0004,epoch_0003
trace,static,0.262192,0.262182,1067,938,105,0,0,0.641667,0.032205,73.982595,360,231,0,0,0,134,0.916667,0,0,0.000000,0.000000,0.700000,4.666667,5.000000,5.000000,5.000000;5.000000;5.000000;5.000000;5.000000;5.000000;4.000000;4.000000;4.000000,16,nan,0,3.000000;3.000000;2.000000;2.000000;2.000000;2.000000;2.000000;2.000000,0.138229;0.225168;0.047669;0.092789;0.137949;0.018919;0.081269;0.143349,3.000000;3.000000;2.000000;2.000000;2.000000;2.000000;2.000000;2.000000,0,0,0,0,0,0,0,0,0,0,0,0,0,0,0,0,0,0,0,0,0,0,0,0,0,0,0,0,graph_0004__path_life_0.7000,path_life,0.7,graph_0004,epoch_0003
trace,olsr,0.506540,0.506034,1852,2082,105,606,956,0.663889,0.033323,74.792910,360,239,1,0,0,426,0.948413,606,44436,2.535565,185.924686,0.700000,4.666667,5.000000,5.000000,5.000000;5.000000;5.000000;5.000000;5.000000;5.000000;4.000000;4.000000;4.000000,16,nan,0,3.000000;3.000000;2.000000;2.000000;2.000000;2.000000;2.000000;2.000000,0.129253;3.279079;0.038693;0.083813;1.284789;0.010213;0.268503;0.134373,3.000000;3.000000;2.000000;2.000000;2.000000;2.000000;2.000000;2.000000,343,21372,263,23064,0,0,0,0,0,0,0,0,0,0,0,0,0,0,0,0,0,0,0,0,0,0,0,0,graph_0004__path_life_0.7000,path_life,0.7,graph_0004,epoch_0004
trace,aodv,0.623108,0.622295,2558,2993,105,1105,1588,0.852778,0.042972,74.582857,360,307,5,0,0,497,1.218254,1105,52906,3.599349,172.332248,0.700000,4.666667,5.000000,5.000000,5.000000;5.000000;5.000000;5.000000;5.000000;5.000000;4.000000;4.000000;4.000000,16,nan,0,3.000000;3.000000;2.000000;2.000000;2.000000;2.000000;2.000000;2.000000,0.129253;0.157413;0.225611;0.083813;1.462149;0.010213;0.072293;0.134373,3.000000;3.000000;2.000000;2.000000;2.000000;2.000000;2.000000;2.000000,0,0,0,0,0,0,0,0,0,0,768,36864,138,7176,115,5520,65,2776,19,570,0,0,0,0,0,0,0,0,graph_0004__path_life_0.7000,path_life,0.7,graph_0004,epoch_0004
trace,static,0.268664,0.268309,1067,938,105,0,0,0.641667,0.032207,73.982601,360,231,0,0,0,134,0.916667,0,0,0.000000,0.000000,0.700000,4.666667,5.000000,5.000000,5.000000;5.000000;5.000000;5.000000;5.000000;5.000000;4.000000;4.000000;4.000000,16,nan,0,3.000000;3.000000;2.000000;2.000000;2.000000;2.000000;2.000000;2.000000,0.138229;0.222394;0.047669;0.092789;0.137949;0.018919;0.081269;0.143349,3.000000;3.000000;2.000000;2.000000;2.000000;2.000000;2.000000;2.000000,0,0,0,0,0,0,0,0,0,0,0,0,0,0,0,0,0,0,0,0,0,0,0,0,0,0,0,0,graph_0004__path_life_0.7000,path_life,0.7,graph_0004,epoch_0004
trace,olsr,0.479028,0.479013,1774,2023,105,604,968,0.611111,0.030672,73.913960,360,220,13,0,0,383,0.873016,604,43932,2.745455,199.690909,0.700000,4.666667,5.000000,5.000000,5.000000;5.000000;5.000000;5.000000;5.000000;5.000000;4.000000;4.000000;4.000000,16,nan,0,3.000000;3.000000;2.000000;2.000000;2.000000;2.000000;2.000000;2.000000,0.129253;3.279079;0.038693;0.083813;1.284789;1.321013;0.253815;0.134373,3.000000;3.000000;2.000000;2.000000;2.000000;2.000000;2.000000;2.000000,342,21264,262,22668,0,0,0,0,0,0,0,0,0,0,0,0,0,0,0,0,0,0,0,0,0,0,0,0,graph_0004__path_life_0.7000,path_life,0.7,graph_0004,epoch_0005
trace,aodv,0.616761,0.616597,2561,2997,105,1118,1596,0.841667,0.042408,74.693423,360,303,15,0,0,440,1.202381,1118,53344,3.689769,176.052805,0.700000,4.666667,5.000000,5.000000,5.000000;5.000000;5.000000;5.000000;5.000000;5.000000;4.000000;4.000000;4.000000,16,nan,0,3.000000;3.000000;2.000000;2.000000;2.000000;2.000000;2.000000;2.000000,0.129253;0.011788;0.038693;0.083813;1.457929;0.010213;0.072293;0.134373,3.000000;3.000000;2.000000;2.000000;2.000000;2.000000;2.000000;2.000000,0,0,0,0,0,0,0,0,0,0,772,37056,127,6604,117,5616,84,3528,18,540,0,0,0,0,0,0,0,0,graph_0004__path_life_0.7000,path_life,0.7,graph_0004,epoch_0005
trace,static,0.266486,0.266461,1067,938,105,0,0,0.641667,0.032206,73.982584,360,231,0,0,0,132,0.916667,0,0,0.000000,0.000000,0.700000,4.666667,5.000000,5.000000,5.000000;5.000000;5.000000;5.000000;5.000000;5.000000;4.000000;4.000000;4.000000,16,nan,0,3.000000;3.000000;2.000000;2.000000;2.000000;2.000000;2.000000;2.000000,0.138229;0.220914;0.047669;0.092789;0.137949;0.018919;0.081269;0.143349,3.000000;3.000000;2.000000;2.000000;2.000000;2.000000;2.000000;2.000000,0,0,0,0,0,0,0,0,0,0,0,0,0,0,0,0,0,0,0,0,0,0,0,0,0,0,0,0,graph_0004__path_life_0.7000,path_life,0.7,graph_0004,epoch_0005
trace,olsr,0.831606,0.831425,3185,3387,105,649,1008,0.472222,0.023698,75.452106,360,170,9,0,0,452,0.674603,649,46888,3.817647,275.811765,0.700000,4.666667,5.000000,5.000000,5.000000;5.000000;5.000000;5.000000;5.000000;5.000000;4.000000;4.000000;4.000000,16,nan,0,3.000000;3.000000;2.000000;2.000000;2.000000;2.000000;2.000000;2.000000,0.129253;3.279079;2.504999;nan;1.284789;0.010213;0.253815;0.134373,3.000000;3.000000;2.000000;2.000000;2.000000;2.000000;2.000000;2.000000,343,21324,258,22876,0,0,0,0,48,2688,0,0,0,0,0,0,0,0,0,0,0,0,0,0,0,0,0,0,graph_0004__path_life_0.7000,path_life,0.7,graph_0004,epoch_0002
trace,aodv,0.599363,0.599321,2522,2960,105,1125,1612,0.783333,0.040140,75.785718,360,282,29,0,0,413,1.119048,1125,53676,3.989362,190.340426,0.700000,4.666667,5.000000,5.000000,5.000000;5.000000;5.000000;5.000000;5.000000;5.000000;4.000000;4.000000;4.000000,16,nan,0,3.000000;3.000000;2.000000;2.000000;2.000000;2.000000;2.000000;2.000000,0.129253;0.655789;0.214831;0.083813;1.463827;0.010213;0.072293;0.134373,3.000000;3.000000;2.000000;2.000000;2.000000;2.000000;2.000000;2.000000,0,0,0,0,0,0,0,0,0,0,765,36720,137,7124,115,5520,88,3712,20,600,0,0,0,0,0,0,0,0,graph_0004__path_life_0.7000,path_life,0.7,graph_0004,epoch_0002
trace,static,0.262280,0.262273,1067,938,105,0,0,0.641667,0.032201,73.982574,360,231,0,0,0,132,0.916667,0,0,0.000000,0.000000,0.700000,4.666667,5.000000,5.000000,5.000000;5.000000;5.000000;5.000000;5.000000;5.000000;4.000000;4.000000;4.000000,16,nan,0,3.000000;3.000000;2.000000;2.000000;2.000000;2.000000;2.000000;2.000000,0.138229;0.227654;0.047669;0.092789;0.137949;0.018919;0.081269;0.143349,3.000000;3.000000;2.000000;2.000000;2.000000;2.000000;2.000000;2.000000,0,0,0,0,0,0,0,0,0,0,0,0,0,0,0,0,0,0,0,0,0,0,0,0,0,0,0,0,graph_0004__path_life_0.7000,path_life,0.7,graph_0004,epoch_0002
